ccaa,codigo_ine_ccaa,anio,fecha,pob_total,pob_extranj,pob_espanola,pob_apatridas,pob_oceania,pob_asia,pob_sudamerica,pob_centroamerica_caribe,pob_norteamerica,pob_africa,pob_europa_no_ue28,pob_europa_no_ue27,pob_ue28_sin_espana,pob_ue27_sin_espana,pob_europa_sin_espana,ipv,p_tasado,ocupados,compraventas,trans_total,trans_extranjeros,visados,terminadas,ipc_alquiler,serpavi_vc_mediana,notariado_cgn_extranj,registradores_extranj_pct,ipv_metodo,ipv_interp,p_tasado_metodo,p_tasado_interp,ocupados_metodo,ocupados_interp,compraventas_metodo,compraventas_interp,trans_total_metodo,trans_total_interp,trans_extranjeros_metodo,trans_extranjeros_interp,visados_metodo,visados_interp,terminadas_metodo,terminadas_interp,ipc_alquiler_metodo,ipc_alquiler_interp,notariado_cgn_extranj_metodo,notariado_cgn_extranj_interp,ln_pob_total,ln_pob_extranj,ln_pob_espanola,ln_pob_apatridas,ln_pob_oceania,ln_pob_asia,ln_pob_sudamerica,ln_pob_centroamerica_caribe,ln_pob_norteamerica,ln_pob_africa,ln_pob_europa_no_ue28,ln_pob_europa_no_ue27,ln_pob_ue28_sin_espana,ln_pob_ue27_sin_espana,ln_pob_europa_sin_espana,ln_ipv,ln_p_tasado,ln_ocupados,ln_compraventas,ln_trans_total,ln_trans_extranjeros,ln_visados,ln_terminadas,ln_ipc_alquiler,ln_serpavi_vc_mediana,ln_notariado_cgn_extranj,d_ln_pob_total,d_ln_pob_extranj,d_ln_pob_espanola,d_ln_pob_apatridas,d_ln_pob_oceania,d_ln_pob_asia,d_ln_pob_sudamerica,d_ln_pob_centroamerica_caribe,d_ln_pob_norteamerica,d_ln_pob_africa,d_ln_pob_europa_no_ue28,d_ln_pob_europa_no_ue27,d_ln_pob_ue28_sin_espana,d_ln_pob_ue27_sin_espana,d_ln_pob_europa_sin_espana,d_ln_ipv,d_ln_p_tasado,d_ln_ocupados,d_ln_compraventas,d_ln_trans_total,d_ln_trans_extranjeros,d_ln_visados,d_ln_terminadas,d_ln_ipc_alquiler,d_ln_serpavi_vc_mediana,d_ln_notariado_cgn_extranj,d_registradores_extranj_pct
Andalucía,01,2002,2002-01-01,7391401.0,204000.0,7187401.0,27.0,296.0,7571.0,37787.0,3172.0,4538.0,50943.0,9244.0,,90422.0,,99666.0,,895.575,2548.3,,,,,,65.18091666666666,,,,,False,agregado_media,False,agregado_media,False,,False,,False,,False,,False,,False,agregado_media,False,,False,15.815827855470479,12.225875272826354,15.787840190079839,3.295836866004329,5.69035945432406,8.932080438103307,10.53972040711132,8.06211758275474,8.420241665339788,10.838462639614411,9.131729971394272,,11.412242879604197,,11.509579874719131,,6.797465970087558,7.843181749164768,,,,,,4.1771667369292205,,,,,,,,,,,,,,,,,,,,,,,,,,,,,
Andalucía,01,2003,2003-01-01,7490858.0,259973.0,7230884.0,42.0,324.0,9355.0,58782.0,3896.0,5100.0,60772.0,12828.0,,108876.0,,121704.0,,1058.35,2658.75,,,,,,67.83075,,,,,False,agregado_media,False,agregado_media,False,,False,,False,,False,,False,,False,agregado_media,False,,False,15.82919390166972,12.468333058451433,15.793871854987202,3.7376696182833684,5.780743515792329,9.14366623870819,10.981590964572698,8.267705664762426,8.536995818712418,11.014884435563657,9.459385560813045,,11.59796489895763,,11.709347146142965,,6.964466370566179,7.885611366514447,,,,,,4.21701563195126,,,0.01336604619924131,0.24245778562507958,0.006031664907363066,0.4418327522790393,0.09038406146826894,0.2115858006048832,0.44187055746137816,0.20558808200768652,0.1167541533726304,0.17642179594924556,0.3276555894187734,,0.1857220193534328,,0.1997672714238341,,0.16700040047862164,0.042429617349679205,,,,,,0.0398488950220397,,,
Andalucía,01,2004,2004-01-01,7596513.0,313903.0,7282610.0,48.0,336.0,10956.0,74931.0,4583.0,5527.0,70104.0,15662.0,,131757.0,,147419.0,,1276.775,2790.0,,147565.0,,,,70.32083333333334,,,,,False,agregado_media,False,agregado_media,False,,False,agregado_suma,False,,False,,False,,False,agregado_media,False,,False,15.843199884178915,12.656839299968192,15.800999872404708,3.871201010907891,5.817111159963204,9.301642530382969,11.224322969058706,8.430109084509125,8.617400451833262,11.157735132735686,9.658992675310882,,11.788714595922002,,11.901034151380156,,7.152092646303348,7.933796874815411,,11.902024035658094,,,,4.253068103894493,,,0.014005982509194936,0.18850624151675888,0.007128017417505461,0.13353139262452274,0.036367644170875124,0.15797629167477822,0.24273200448600818,0.16240341974669903,0.08040463312084434,0.14285069717202958,0.1996071144978373,,0.19074969696437272,,0.19168700523719018,,0.18762627573716895,0.04818550830096413,,,,,,0.03605247194323269,,,
Andalucía,01,2005,2005-01-01,7730705.0,386924.0,7343781.0,56.0,347.0,13459.0,89202.0,5297.0,5889.0,87712.0,19979.0,,164983.0,,184962.0,,1468.775,2999.15,,152475.0,,,,74.11533333333333,,,,,False,agregado_media,False,agregado_media,False,,False,agregado_suma,False,,False,,False,,False,agregado_media,False,,False,15.860710619509641,12.865983570297423,15.809364390576393,4.02535169073515,5.849324779946859,9.507403306233716,11.398658739841405,8.574895901544526,8.68084148294457,11.381813999102512,9.90243700089995,,12.0135977172717,,12.127905677556477,,7.292183999024204,8.006084194170441,,11.934755927164657,,,,4.305622438470832,,,0.01751073533072578,0.20914427032923122,0.008364518171685376,0.1541506798272585,0.03221361998365513,0.20576077585074692,0.17433577078269913,0.14478681703540097,0.06344103111130828,0.22407886636682584,0.24344432558906703,,0.22488312134969846,,0.22687152617632123,,0.14009135272085604,0.07228731935502974,,0.03273189150656286,,,,0.052554334576338846,,,
Andalucía,01,2006,2006-01-01,7865775.0,463353.0,7402421.0,60.0,341.0,15722.0,103164.0,6089.0,6283.0,105353.0,23924.0,,202417.0,,226341.0,,1633.625,3138.5,,168057.0,,,,77.64241666666666,,,,,False,agregado_media,False,agregado_media,False,,False,agregado_suma,False,,False,,False,,False,agregado_media,False,,False,15.878031627445793,13.046244461581123,15.81731766683069,4.0943445622221,5.831882477283517,9.662816284353703,11.544075233962444,8.714239143608575,8.745602852402946,11.56507189533377,10.082637418164447,,12.21808520496317,,12.329797990642186,,7.3985567509172,8.051500257757587,,12.0320584865553,,,,4.352113884383449,,,0.0173210079361521,0.18026089128369982,0.007953276254296426,0.06899287148695077,-0.017442302663342346,0.1554129781199869,0.1454164941210383,0.13934324206404902,0.06476136945837574,0.18325789623125743,0.18020041726449776,,0.20448748769146974,,0.20189231308570932,,0.10637275189299533,0.04541606358714567,,0.09730255939064314,,,,0.04649144591261756,,,
Andalucía,01,2007,2007-01-01,7986597.0,520530.0,7466066.0,65.0,350.0,17521.0,116316.0,6988.0,6452.0,112705.0,25993.0,,234140.0,,260133.0,73.63550000000001,1739.7,3238.625,167803.0,171397.0,5137.0,,,80.55733333333333,,11898.0,,agregado_media,False,agregado_media,False,agregado_media,False,agregado_suma,False,agregado_suma,False,agregado_suma,False,,False,,False,agregado_media,False,agregado_suma,False,15.893275319633917,13.162602802263827,15.8258787784926,4.174387269895637,5.857933154483459,9.771155440487087,11.664065904280609,8.851949671253948,8.772145439245099,11.63252906461606,10.16558254998528,,12.363674506033663,,12.468948317668005,4.299127246404274,7.461467963550505,8.082904135994495,12.030545951282123,12.051737782075486,8.544224530467268,,,4.3889691462404565,,9.38412559774785,0.015243692188123603,0.11635834068270334,0.008561111661910203,0.08004270767353638,0.02605067719994203,0.1083391561333844,0.11999067031816502,0.13771052764537295,0.026542586842152716,0.06745716928229051,0.08294513182083207,,0.14558930107049228,,0.13915032702581875,,0.06291121263330535,0.031403878236908156,,0.019679295520186102,,,,0.03685526185700727,,,
Andalucía,01,2008,2008-01-01,8118575.0,595664.0,7522911.0,72.0,352.0,19990.0,128375.0,8533.0,6607.0,122868.0,28075.0,,280791.0,,308866.0,75.0905,1781.775,3160.675,120198.0,115483.0,2670.0,38693.0,109837.0,83.80166666666668,,7252.0,,agregado_media,False,agregado_media,False,agregado_media,False,agregado_suma,False,agregado_suma,False,agregado_suma,False,agregado_suma,False,agregado_suma,False,agregado_media,False,agregado_suma,False,15.909665204126393,13.297432028686714,15.833463722085565,4.276666119016055,5.863631175598097,9.902987427494446,11.76271094723086,9.051696278536586,8.795884972029885,11.718865887362817,10.242634779606645,,12.545365899338089,,12.640662804865581,4.318694052765879,7.485365337432696,8.058540891365041,11.696895662009707,11.656878611963855,7.8898337513942955,10.563413984104404,11.606752727614381,4.428452895913969,,8.889032571874742,0.016389884492475915,0.13482922642288742,0.007584943592965132,0.10227884912041851,0.005698021114637797,0.13183198700735943,0.09864504295025078,0.1997466072826377,0.02373953278478602,0.08633682274675714,0.0770522296213656,,0.18169139330442619,,0.1717144871975762,0.01956680636160435,0.02389737388219082,-0.024363244629453717,-0.33365028927241625,-0.39485917011163174,-0.6543907790729726,,,0.039483749673512314,,-0.49509302587310877,
Andalucía,01,2009,2009-01-01,8212986.0,634056.0,7578930.0,74.0,339.0,22775.0,131766.0,9768.0,6645.0,136021.0,29271.0,,297397.0,,326668.0,72.6505,1653.625,2932.175,86640.0,89432.0,2836.0,12555.0,60178.0,86.60316666666668,,6216.0,,agregado_media,False,agregado_media,False,agregado_media,False,agregado_suma,False,agregado_suma,False,agregado_suma,False,agregado_suma,False,agregado_suma,False,agregado_media,False,agregado_suma,False,15.921227118106241,13.359892557594378,15.840882586704542,4.30406509320417,5.82600010738045,10.03341872212816,11.788782901155349,9.18686701579054,8.801619971147346,11.820564564562625,10.284352543776059,,12.602823225532969,,12.696699643602969,4.285660272305066,7.410725126782544,7.9834997474464,11.369516881674873,11.401233838950162,7.950149887652018,9.437874271591685,11.005062115999351,4.461336381489533,,8.734881892047483,0.011561913979848626,0.06246052890766407,0.007418864618976784,0.027398974188114877,-0.037631068217646835,0.13043129463371272,0.026071953924489577,0.13517073725395434,0.005734999117461115,0.10169867719980807,0.041717764169414195,,0.05745732619488031,,0.05603683873738774,-0.033033780460812956,-0.07464021065015203,-0.07504114391864114,-0.3273787803348345,-0.2556447730136924,0.0603161362577227,-1.125539712512719,-0.6016906116150302,0.03288348557556375,,-0.15415067982725894,
Andalucía,01,2010,2010-01-01,8276017.0,648553.0,7627464.0,74.0,343.0,24773.0,126796.0,10648.0,6631.0,145011.0,29617.0,,304659.0,,334276.0,71.50375,1580.725,2873.95,83195.0,89053.0,3327.0,10175.0,36619.0,87.66308333333333,,6965.0,,agregado_media,False,agregado_media,False,agregado_media,False,agregado_suma,False,agregado_suma,False,agregado_suma,False,agregado_suma,False,agregado_suma,False,agregado_media,False,agregado_suma,False,15.928872371977892,13.382499006461613,15.847265975797812,4.30406509320417,5.8377304471659395,10.117509629400777,11.75033477474636,9.273127360074948,8.799510901368867,11.884564880594295,10.29610379977538,,12.62694839733777,,12.719722278027266,4.2697498958770845,7.365638881536102,7.963442669132032,11.328942528849607,11.396986977089147,8.109826276018477,9.227689010310796,10.508322510373395,4.473500868149554,,8.848652886213905,0.007645253871650937,0.02260644886723462,0.006383389093270964,0.0,0.01173033978548954,0.0840909072726177,-0.03844812640898887,0.08626034428440832,-0.0021090697784789114,0.06400031603167022,0.011751255999321586,,0.024125171804801226,,0.023022634424297195,-0.0159103764279811,-0.045086245246442225,-0.02005707831436787,-0.040574352825265336,-0.00424686186101475,0.15967638836645914,-0.21018526128088943,-0.4967396056259563,0.012164486660021012,,0.11377099416642267,
Andalucía,01,2011,2011-01-01,8332087.0,654903.0,7677184.0,71.0,324.0,26864.0,116463.0,11203.0,6569.0,151241.0,30124.0,,312044.0,,342168.0,67.24375,1489.65,2797.95,72753.0,67266.0,3111.0,8392.0,17584.0,88.66408333333334,5.467047930283225,7417.0,,agregado_media,False,agregado_media,False,agregado_media,False,agregado_suma,False,agregado_suma,False,agregado_suma,False,agregado_suma,False,agregado_suma,False,agregado_media,False,agregado_suma,False,15.935624522979154,13.392242412047692,15.853763371218529,4.2626798770413155,5.780743515792329,10.198542379317322,11.665328904976898,9.323936878558722,8.790116892892472,11.926629869990416,10.313077475221242,,12.650899482489464,,12.743057123501906,4.208324077360082,7.306296472017477,7.9366422851586815,11.194825421296915,11.116410187381648,8.042699496897637,9.035034150076132,9.774744676643403,4.484854884350801,1.6987387870745814,8.911529941736559,0.006752151001261808,0.00974340558607878,0.0064973954207161455,-0.04138521616285473,-0.05698693137361044,0.0810327499165453,-0.08500586976946245,0.05080951848377424,-0.009394008476395044,0.04206498939612047,0.016973675445861147,,0.023951085151693974,,0.02333484547463982,-0.06142581851700246,-0.05934240951862435,-0.026800383973350606,-0.1341171075526919,-0.28057678970749933,-0.06712677912084075,-0.19265486023466316,-0.7335778337299921,0.011354016201247319,,0.06287705552265344,
Andalucía,01,2012,2012-01-01,8377809.0,661104.0,7716705.0,68.0,312.0,29068.0,108085.0,12358.0,6789.0,153387.0,31079.0,,319957.0,,351036.0,59.313,1333.675,2655.4750000000004,62943.0,71103.0,3574.0,5011.0,13381.0,89.18925,5.34607843137255,9336.0,,agregado_media,False,agregado_media,False,agregado_media,False,agregado_suma,False,agregado_suma,False,agregado_suma,False,agregado_suma,False,agregado_suma,False,agregado_media,False,agregado_suma,False,15.94109698242547,13.401666443825222,15.85889801741866,4.219507705176107,5.7430031878094825,10.277393191736527,11.590673233592153,9.422058905620926,8.823058934301647,11.940719418561455,10.34428762893178,,12.67594189074678,,12.768644061291228,4.082828506260853,7.195693568607495,7.884378825395242,11.04998483392481,11.171884808994013,8.181440695719374,8.519390774959724,9.50159106930499,4.4907605166282965,1.6763632886477449,9.141633173966392,0.005472459446316691,0.009424031777530928,0.0051346462001315984,-0.0431721718652085,-0.037740327982846544,0.07885081241920489,-0.07465567138474505,0.09812202706220319,0.032942041409175005,0.0140895485710395,0.031210153710539146,,0.025042408257315074,,0.025586937789322306,-0.12549557109922915,-0.11060290340998247,-0.05226345976343971,-0.14484058737210503,0.05547462161236538,0.1387411988217373,-0.515643375116408,-0.2731536073384131,0.0059056322774955206,-0.022375498426836504,0.2301032322298333,
Andalucía,01,2013,2013-01-01,8387986.0,661816.0,7726170.0,88.0,305.0,30442.0,102148.0,13228.0,6985.0,155996.0,32058.0,,320566.0,,352624.0,54.09775,1247.575,2571.5,64131.0,58772.0,3737.0,4160.0,6632.0,88.8595,5.114193638783802,10950.0,,agregado_media,False,agregado_media,False,agregado_media,False,agregado_suma,False,agregado_suma,False,agregado_suma,False,agregado_suma,False,agregado_suma,False,agregado_media,False,agregado_suma,False,15.942311001951529,13.402742850665767,15.860123825590414,4.477336814478207,5.720311776607412,10.323578512839612,11.53417802100368,9.490091074101683,8.851520271691061,11.957585644877296,10.375302041185826,,12.677843462379682,,12.773157612426473,3.990792595338764,7.128956946059006,7.852244665214971,11.068683145347391,10.981420829995837,8.226038429485484,8.333270353255308,8.79966169681513,4.487056470663212,1.6320197405995154,9.301094735244646,0.0012140195260581521,0.0010764068405446636,0.0012258081717533287,0.2578291093020999,-0.022691411202070633,0.04618532110308493,-0.05649521258847301,0.068032168480757,0.028461337389414254,0.016866226315841004,0.031014412254045,,0.001901571632902943,,0.0045135511352452085,-0.09203591092208896,-0.06673662254848889,-0.03213416018027093,0.018698311422580716,-0.19046397899817613,0.04459773376611054,-0.18612042170441612,-0.7019293724898592,-0.003704045965084113,-0.044343548048229486,0.1594615612782544,
Andalucía,01,2014,2014-01-01,8381239.0,632261.0,7748978.0,130.0,318.0,30988.0,84053.0,12501.0,7102.0,151383.0,32289.0,,313497.0,,345786.0,54.183499999999995,1208.075,2634.05,63969.0,70019.0,4389.0,4313.0,5309.0,88.10958333333333,5.056179775280898,13902.0,,agregado_media,False,agregado_media,False,agregado_media,False,agregado_suma,False,agregado_suma,False,agregado_suma,False,agregado_suma,False,agregado_suma,False,agregado_media,False,agregado_suma,False,15.941506313557872,13.357057562561964,15.863071521666047,4.867534450455582,5.762051382780177,10.341355311751792,11.339202831239637,9.433563920090563,8.868131713503033,11.92756832834416,10.382481893932408,,12.655545069631335,,12.753575365581794,3.9923764340536962,7.0967834626602135,7.876277864659127,11.066153869994343,11.156521912772854,8.386856689688234,8.369388996647842,8.57715877258367,4.4785813049301435,1.6206112130322254,9.53978799366043,-0.0008046883936572158,-0.04568528810380279,0.002947696075633388,0.39019763597737533,0.041739606172765065,0.017776798912180425,-0.19497518976404216,-0.05652715401111941,0.01661144181197116,-0.03001731653313655,0.007179852746581616,,-0.022298392748346885,,-0.019582246844679574,0.0015838387149322841,-0.032173483398792335,0.024033199444156494,-0.0025292753530479217,0.17510108277701697,0.16081826020274903,0.03611864339253401,-0.2225029242314598,-0.008475165733068835,-0.011408527567289939,0.23869325841578437,
Andalucía,01,2015,2015-01-01,8388994.0,621433.0,7767561.0,192.0,327.0,31757.0,73760.0,12357.0,7244.0,152031.0,33300.0,,310465.0,,343765.0,55.81525,1215.975,2767.425,70707.0,76743.0,5180.0,6447.0,5791.0,87.49483333333333,5.031471301936315,15845.0,,agregado_media,False,agregado_media,False,agregado_media,False,agregado_suma,False,agregado_suma,False,agregado_suma,False,agregado_suma,False,agregado_suma,False,agregado_media,False,agregado_suma,False,15.94243116660586,13.339783380420942,15.865466773453134,5.2574953720277815,5.7899601708972535,10.365868452461307,11.208571858230476,9.42197798310419,8.887928819003305,11.931839726402398,10.413312675968536,,12.645826452585064,,12.747713563374516,4.022047129539349,7.103301503104243,7.925672563944571,11.166299856884498,11.248217456078269,8.55256033525353,8.77137018531062,8.66406026722579,4.471579744001142,1.615712446695429,9.670609272125022,0.0009248530479890604,-0.01727418214102272,0.002395251787087105,0.3899609215721993,0.027908788117076533,0.024513140709514047,-0.13063097300916127,-0.011585936986373113,0.01979710550027214,0.004271398058238063,0.030830782036128213,,-0.009718617046271305,,-0.005861802207277833,0.029670695485652487,0.0065180404440292605,0.049394699285443266,0.10014598689015486,0.09169554330541452,0.16570364556529604,0.4019811886627771,0.0869014946421185,-0.007001560929001727,-0.004898766336796534,0.13082127846459102,
Andalucía,01,2016,2016-01-01,8392046.0,621267.0,7770779.0,214.0,340.0,32949.0,69349.0,12896.0,7696.0,156334.0,35445.0,,306044.0,,341489.0,57.400999999999996,1215.625,2833.375,79352.0,83508.0,5837.0,,5489.0,87.64125,5.164021164021163,16359.0,15.01,agregado_media,False,agregado_media,False,agregado_media,False,agregado_suma,False,agregado_suma,False,agregado_suma,False,,False,agregado_suma,False,agregado_media,False,agregado_suma,False,15.942794910454115,13.339516220203693,15.86588097471865,5.365976015021851,5.8289456176102075,10.402716190456456,11.146907006028343,9.464672464746409,8.948455992345542,11.959750023143538,10.475737478289117,,12.631484161447277,,12.741070746639648,4.050061724776554,7.103013626806811,7.949223859584521,11.28164893042583,11.33269771463285,8.671972245203792,,8.610501368549889,4.4732517775192076,1.64171557135345,9.702533483594172,0.0003637438482542166,-0.00026716021724837447,0.0004142012655155014,0.10848064299406968,0.03898544671295401,0.03684773799514929,-0.06166485220213325,0.04269448164221856,0.060527173342237006,0.027910296741140428,0.06242480232058156,,-0.014342291137786845,,-0.0066428167348675515,0.028014595237205064,-0.0002878762974320992,0.023551295639950176,0.11534907354133139,0.08448025855458141,0.11941190995026219,,-0.05355889867590058,0.0016720335180657742,0.026003124658021015,0.03192421146914981,
Andalucía,01,2017,2017-01-01,8394017.0,615188.0,7778829.0,255.0,351.0,34103.0,66594.0,13366.0,7970.0,157483.0,36602.0,,298464.0,,335066.0,59.22025,1232.25,2948.55,89607.0,96440.0,7046.0,,7432.0,87.79175000000001,5.283163626548969,17808.0,13.8,agregado_media,False,agregado_media,False,agregado_media,False,agregado_suma,False,agregado_suma,False,agregado_suma,False,,False,agregado_suma,False,agregado_media,False,agregado_suma,False,15.943029748129758,13.329683191131574,15.866916370687367,5.541263545158426,5.860786223465865,10.437140635941489,11.106369762380034,9.500469448071016,8.98343977178426,11.967072794914325,10.507858162705228,,12.60640460152659,,12.722082806327684,4.08126354421131,7.116597045585487,7.989068803071917,11.403188720911423,11.476676332295108,8.860215358901183,,8.913550280493675,4.474967532672689,1.6645250899813606,9.787403073515327,0.00023483767564336233,-0.00983302907211936,0.0010353959687172676,0.1752875301365746,0.031840605855657955,0.03442444548503332,-0.04053724364830913,0.03579698332460701,0.03498377943871844,0.007322771770786218,0.03212068441611038,,-0.025079559920687444,,-0.01898794031196438,0.031201819434755862,0.013583418778676304,0.0398449434873962,0.12153979048559371,0.14397861766225795,0.188243113697391,,0.3030489119437867,0.0017157551534818793,0.022809518627910697,0.0848695899211549,-1.209999999999999
Andalucía,01,2018,2018-01-01,8396464.0,624833.0,7771631.0,298.0,420.0,36102.0,71082.0,15571.0,8594.0,164385.0,37797.0,,290584.0,,328381.0,62.16175,1268.275,3030.775,101412.0,110425.0,7842.0,18309.0,9570.0,88.60691666666668,5.46875,18918.0,13.07,agregado_media,False,agregado_media,False,agregado_media,False,agregado_suma,False,agregado_suma,False,agregado_suma,False,agregado_suma,False,agregado_suma,False,agregado_media,False,agregado_suma,False,15.943321222807263,13.345239693014259,15.865990610225737,5.697093486505405,6.040254711277414,10.494103544448407,11.171589419182814,9.653165488841426,9.058819564334941,12.009966516565603,10.53998501337874,,12.579647970102888,,12.701929798613833,4.129739858816253,7.145412988454369,8.016573641375976,11.526946706332483,11.612091836464728,8.967249182852276,9.815148021212604,9.166388484447,4.484209920779226,1.6990500711237875,9.847869128773116,0.00029147467750512135,0.01555650188268487,-0.0009257604616301762,0.1558299413469788,0.17946848781154845,0.0569629085069181,0.06521965680278008,0.15269604077040988,0.07537979255068095,0.04289372165127858,0.03212685067351195,,-0.02675663142370155,,-0.020153007713851423,0.04847631460494295,0.028815942868882338,0.027504838304058588,0.12375798542105976,0.1354155041696199,0.10703382395109351,,0.2528382039533241,0.009242388106536659,0.03452498114242686,0.060466055257789364,-0.7300000000000004
Andalucía,01,2019,2019-01-01,8412222.0,642498.0,7769724.0,358.0,449.0,37842.0,77909.0,18715.0,9094.0,174883.0,38854.0,,284394.0,,323248.0,65.5035,1308.15,3119.75,100104.0,109275.0,7925.0,19227.0,11476.0,89.91008333333333,5.921052631578948,18435.0,12.4,agregado_media,False,agregado_media,False,agregado_media,False,agregado_suma,False,agregado_suma,False,agregado_suma,False,agregado_suma,False,agregado_suma,False,agregado_media,False,agregado_suma,False,15.94519620632668,13.3731189829062,15.865745200477415,5.8805329864007,6.1070228877422545,10.541174875891706,11.263296757919722,9.83708062033853,9.115370134384955,12.071872457883538,10.567566310598727,,12.558115879642264,,12.686175109453323,4.182103576328105,7.176369204341104,8.045508149387963,11.51396492454489,11.601622919731515,8.977777598745481,9.864070820172337,9.348013177101256,4.498810096849031,1.7785142424780345,9.822006310668245,0.0018749835194160624,0.027879289891941994,-0.0002454097483219897,0.18343949989529573,0.06676817646484068,0.04707133144329845,0.09170733873690828,0.1839151314971037,0.05655057005001396,0.06190594131793503,0.027581297219986922,,-0.02153209046062443,,-0.015754689160509372,0.052363717511852315,0.030956215886734917,0.028934508011987603,-0.012981781787592794,-0.010468916733213263,0.010528415893205079,0.04892279895973317,0.18162469265425685,0.014600176069804682,0.07946417135424699,-0.02586281810487101,-0.6699999999999999
Andalucía,01,2020,2020-01-01,8461039.0,687501.0,7773538.0,396.0,502.0,40128.0,90922.0,24814.0,10005.0,189713.0,40806.0,,290215.0,,331021.0,67.03225,1301.275,3021.125,83481.0,93539.0,6518.0,12474.0,17226.0,90.85966666666667,6.060606060606061,14754.0,11.58,agregado_media,False,agregado_media,False,agregado_media,False,agregado_suma,False,agregado_suma,False,agregado_suma,False,agregado_suma,False,agregado_suma,False,agregado_media,False,agregado_suma,False,15.950982537280249,13.44081856306726,15.866235959762891,5.981414211254481,6.218600119691729,10.599829623992592,11.417757275084858,10.119163289002817,9.210840247017833,12.153267682831805,10.616584408403694,,12.578377306587116,,12.70993709645547,4.205173846866031,7.171099832040494,8.01338455755814,11.332374340036496,11.44613374060909,8.782322859397507,9.431401757086068,9.75417514934912,4.509316191676791,1.8018098050815565,9.599269511444248,0.005786330953569063,0.06769958016105981,0.000490759285476372,0.10088122485378026,0.11157723194947433,0.05865474810088678,0.15446051716513587,0.28208266866428744,0.09547011263287786,0.08139522494826679,0.04901809780496791,,0.020261426944852445,,0.023761987002146157,0.023070270537925985,-0.005269372300610087,-0.03212359182982283,-0.1815905845083936,-0.15548917912242466,-0.19545473934797464,-0.4326690630862693,0.40616197224786355,0.010506094827760215,0.023295562603522058,-0.22273679922399658,-0.8200000000000003
Andalucía,01,2021,2021-01-01,8484804.0,713400.0,7771404.0,445.0,559.0,40629.0,97891.0,28703.0,10452.0,198191.0,,130621.0,,205909.0,336530.0,70.10275,1337.5,3152.5,117987.0,134257.0,9220.0,20592.0,15644.0,91.44791666666667,6.302521008403361,22622.0,11.48,agregado_media,False,agregado_media,False,agregado_media,False,agregado_suma,False,agregado_suma,False,agregado_suma,False,agregado_suma,False,agregado_suma,False,agregado_media,False,agregado_suma,False,15.953787356796157,13.477797551906928,15.865961401001153,6.09807428216624,6.326149473155099,10.612237376323481,11.491609893751361,10.264756925901597,9.254548626640503,12.196986491168916,,11.780055279222779,,12.2351896025997,12.726442577139085,4.249962022942978,7.198557478770161,8.055951067839075,11.678329727887172,11.80751115253879,9.12913031655064,9.932657929835909,9.657842735875406,4.515769593458373,1.8409497134188266,10.026678163091326,0.0028048195159087186,0.03697898883966744,-0.0002745587617383194,0.11666007091175956,0.10754935346337025,0.012407752330888755,0.07385261866650339,0.1455936368987807,0.043708379622669824,0.04371880833711117,,,,,0.016505480683616014,0.044788176076947295,0.027457646729667218,0.04256651028093472,0.34595538785067603,0.3613774119297002,0.3468074571531332,0.5012561727498408,-0.09633241347371424,0.0064534017815818245,0.0391399083372701,0.4274086516470774,-0.09999999999999964
Andalucía,01,2022,2022-01-01,8511167.0,740717.0,7770450.0,530.0,552.0,41005.0,102606.0,30167.0,11234.0,208051.0,,133821.0,,212751.0,346572.0,76.34725,1410.625,3275.75,134647.0,142132.0,10903.0,20681.0,15030.0,92.64099999999999,6.602420159680638,28380.0,15.03,agregado_media,False,agregado_media,False,agregado_media,False,agregado_suma,False,agregado_suma,False,agregado_suma,False,agregado_suma,False,agregado_suma,False,agregado_media,False,agregado_suma,False,15.956889623932675,13.515373915000323,15.865838635724733,6.272877006546167,6.313548046277095,10.621449289470512,11.538651689541108,10.314503890682618,9.326700173092378,12.245538520936426,,11.804258365033443,,12.267877746777101,12.755845868234077,4.335292012679358,7.2517881475718005,8.094302129484694,11.810411818006395,11.864511482258623,9.296793259706382,9.936970683352676,9.61780348274702,4.528731808239654,1.8874362726784197,10.253439950714034,0.0031022671365175114,0.03757636309339496,-0.00012276527641930102,0.17480272437992728,-0.01260142687800414,0.009211913147030515,0.0470417957897471,0.04974696478102025,0.0721515464518756,0.04855202976751016,,0.02420308581066344,,0.03268814417740096,0.029403291094991957,0.08532998973637973,0.05323066880163907,0.038351061645618856,0.13208209011922278,0.057000329719832266,0.16766294315574193,0.004312753516767742,-0.040039253128385965,0.012962214781281567,0.04648655925959311,0.22676178762270816,3.549999999999999
Andalucía,01,2023,2023-01-01,8584147.0,813724.0,7770423.0,554.0,642.0,42797.0,133454.0,36030.0,12842.0,220341.0,,145002.0,,222062.0,367064.0,80.13275,1493.075,3383.85,117969.0,125084.0,10425.0,21803.0,16936.0,94.8365,6.951219512195123,24423.0,14.95,agregado_media,False,agregado_media,False,agregado_media,False,agregado_suma,False,agregado_suma,False,agregado_suma,False,agregado_suma,False,agregado_suma,False,agregado_media,False,agregado_suma,False,15.965427688029546,13.609376521149622,15.86583516101646,6.317164686747284,6.464588303689961,10.664223285655282,11.801512128156414,10.492107203742139,9.460476328353995,12.30293162532435,,11.884502814411036,,12.310711901142497,12.813291498754056,4.3836846344323375,7.308593030704811,8.126769393502542,11.678177157068587,11.736740790593542,9.251962046667002,9.989802853988047,9.737196812814702,4.55215435625642,1.9389171135643428,10.103280590242088,0.008538064096871523,0.09400260614929934,-3.474708273998317e-06,0.04428768020111651,0.1510402574128662,0.042773996184770624,0.2628604386153057,0.17760331305952093,0.13377615526161613,0.057393104387923444,,0.08024444937759334,,0.04283415436539606,0.05744563051997886,0.04839262175297954,0.0568048831330108,0.03246726401784805,-0.132234660937808,-0.1277706916650807,-0.0448312130393802,0.052832170635371156,0.11939333006768216,0.023422548016765354,0.051480840885923085,-0.150159360471946,-0.08000000000000007
Andalucía,01,2024,2024-01-01,8631862.0,852791.0,7779071.0,558.0,705.0,43990.0,160348.0,39647.0,13870.0,223183.0,,144381.0,,226109.0,370490.0,88.451,1597.075,3462.125,125363.0,138235.0,10626.0,25050.0,18985.0,97.27341666666666,7.352941176470588,25584.0,13.97,agregado_media,False,agregado_media,False,agregado_media,False,agregado_suma,False,agregado_suma,False,agregado_suma,False,agregado_suma,False,agregado_suma,False,agregado_media,False,agregado_suma,False,15.97097079876729,13.65626977886711,15.866947480284423,6.324358962381311,6.558197802812269,10.691717614342766,11.985101732327582,10.587770562157601,9.537483513308878,12.315747341714049,,11.880210917836225,,12.32877246286969,12.822581732800721,4.482448726364383,7.375929110168012,8.149637841381276,11.738968807822053,11.836710414402289,9.271059107010888,10.12862910651301,9.851404472665903,4.577525741859882,1.995100393246085,10.149722435073736,0.005543110737743717,0.0468932577174872,0.001112319267964068,0.007194275634026859,0.09360949912230776,0.02749432868748336,0.18358960417116776,0.0956633584154627,0.07700718495488346,0.012815716389699361,,-0.004291896574811105,,0.018060561727192948,0.009290234046664736,0.09876409193204516,0.06733607946320053,0.02286844787873399,0.060791650753465376,0.09996962380874663,0.019097060343886696,0.1388262525249626,0.11420765985120163,0.02537138560346186,0.05618327968174208,0.04644184483164793,-0.9799999999999986
Andalucía,01,2025,2025-01-01,8676713.0,900913.0,7775800.0,561.0,748.0,46008.0,185664.0,42705.0,15196.0,238862.0,,140433.0,,230736.0,371169.0,100.0,1774.75,3565.45,142848.0,147922.0,11568.0,27454.0,17633.0,100.0,,25947.0,13.34,agregado_media,False,agregado_media,False,agregado_media,False,agregado_suma,False,agregado_suma,False,agregado_suma,False,agregado_suma,False,agregado_suma,False,agregado_media,False,agregado_suma,False,15.976153328280697,13.71116397254985,15.866526904627033,6.329720905522696,6.617402977974478,10.73657057339359,12.131693867481076,10.662071288380247,9.628787514307517,12.383641258292949,,11.852485785690675,,12.349029478801851,12.824412763475749,4.605170185988092,7.481414846919495,8.179045552091388,11.869536406860874,11.904440386791666,9.355997944398545,10.220267155811605,9.777527425407923,4.605170185988092,,10.163811274974622,0.005182529513406919,0.05489419368274007,-0.00042057565739028746,0.0053619431413851615,0.05920517516220869,0.04485295905082509,0.14659213515349379,0.07430072622264561,0.09130400099863856,0.06789391657889965,,-0.027725132145549836,,0.020257015932161337,0.0018310306750279892,0.12272145962370917,0.10548573675148365,0.029407710710112056,0.1305675990388213,0.06772997238937783,0.08493883738765717,0.09163804929859509,-0.07387704725798017,0.02764444412821021,,0.01408883990088583,-0.6300000000000008
Aragón,02,2002,2002-01-01,1209917.0,43728.0,1166189.0,12.0,44.0,1288.0,14207.0,1850.0,659.0,13358.0,1537.0,,10773.0,,12310.0,,1069.95,502.425,,,,,,63.635416666666664,,,,,False,agregado_media,False,agregado_media,False,,False,,False,,False,,False,,False,agregado_media,False,,False,14.006062320178854,10.685743908167849,13.96925172538134,2.4849066497880004,3.784189633918261,7.160845906664299,9.561490079872078,7.52294091807237,6.490723534502507,9.499870735285581,7.337587743538596,,9.284798282894192,,9.4181672191785,,6.975367197392157,6.219446375062441,,,,,,4.153170181181931,,,,,,,,,,,,,,,,,,,,,,,,,,,,,
Aragón,02,2003,2003-01-01,1225563.0,60290.0,1165273.0,21.0,51.0,1743.0,18731.0,2066.0,744.0,16505.0,2141.0,,18287.0,,20428.0,,1189.825,522.825,,,,,,66.1425,,,,,False,agregado_media,False,agregado_media,False,,False,,False,,False,,False,,False,agregado_media,False,,False,14.018910888217718,11.006921531483451,13.968465952293784,3.044522437723423,3.9318256327243257,7.463363045520021,9.837935184295892,7.633369649679584,6.612041034833092,9.711418644287294,7.669028288589683,,9.813945703874634,,9.924661787767535,,7.081561516467836,6.2592468000405725,,,,,,4.1918115054483085,,,0.012848568038863917,0.3211776233156023,-0.0007857730875571178,0.5596157879354227,0.1476359988060647,0.3025171388557215,0.2764451044238143,0.11042873160721367,0.12131750033058442,0.2115479090017125,0.33144054505108667,,0.5291474209804417,,0.5064945685890354,,0.10619431907567911,0.03980042497813141,,,,,,0.03864132426637745,,,
Aragón,02,2004,2004-01-01,1237793.0,73894.0,1163899.0,27.0,54.0,2239.0,21683.0,2300.0,791.0,19020.0,2526.0,,25254.0,,27780.0,,1385.5,546.975,,22866.0,,,,68.65,,,,,False,agregado_media,False,agregado_media,False,,False,agregado_suma,False,,False,,False,,False,agregado_media,False,,False,14.028840513076707,11.210386912841766,13.967286133749356,3.295836866004329,3.9889840465642745,7.713784616598755,9.984283822364217,7.7406644019172415,6.673297967767654,9.853246336099382,7.8343923029104365,,10.136739837998626,,10.232071616308335,,7.233816364303033,6.304403097538406,,10.037406370101916,,,,4.229021132213981,,,0.009929624858989072,0.20346538135831516,-0.0011798185444273912,0.2513144282809061,0.057158413839948796,0.25042157107873386,0.146348638068325,0.1072947522376575,0.06125693293456269,0.14182769181208776,0.16536401432075376,,0.32279413412399194,,0.30740982854080023,,0.15225484783519683,0.0451562974978339,,,,,,0.03720962676567208,,,
Aragón,02,2005,2005-01-01,1255078.0,89915.0,1165162.0,31.0,63.0,3013.0,23498.0,2695.0,822.0,22293.0,2816.0,,34684.0,,37500.0,,1593.275,578.65,,25685.0,,,,71.63991666666666,,,,,False,agregado_media,False,agregado_media,False,,False,agregado_suma,False,,False,,False,,False,agregado_media,False,,False,14.042708280011126,11.406620058599298,13.968370691108568,3.4339872044851463,4.143134726391533,8.0106915391303,10.064670590127518,7.899153483343097,6.71174039505618,10.01202800682558,7.943072717277933,,10.454033764497051,,10.532096211958502,,7.373546925268537,6.3606978042940865,,10.153662442901368,,,,4.27165241396831,,,0.013867766934419379,0.1962331457575317,0.0010845573592117574,0.13815033848081715,0.15415067982725805,0.29690692253154616,0.08038676776330078,0.15848908142585572,0.038442427288525316,0.15878167072619753,0.10868041436749643,,0.3172939264984258,,0.30002459565016615,,0.13973056096550351,0.056294706755680046,,0.11625607279945172,,,,0.04263128175432929,,,
Aragón,02,2006,2006-01-01,1273568.0,107833.0,1165735.0,31.0,64.0,4015.0,25733.0,3322.0,895.0,25973.0,3166.0,,44636.0,,47802.0,,1823.8,587.725,,24158.0,,,,75.71666666666667,,,,,False,agregado_media,False,agregado_media,False,,False,agregado_suma,False,,False,,False,,False,agregado_media,False,,False,14.057332968128462,11.588339013060097,13.968862347334943,3.4339872044851463,4.1588830833596715,8.297792626380861,10.155529493892987,8.10832229017324,6.796823718274855,10.16481281589039,8.060224240440958,,10.706295987305591,,10.77482275860842,,7.508677515499565,6.376259151424086,,10.092370867165224,,,,4.3269983035373025,,,0.014624688117335083,0.18171895446079844,0.0004916562263748148,0.0,0.01574835696813892,0.2871010872505604,0.09085890376546857,0.20916880683014227,0.08508332321867584,0.1527848090648103,0.11715152316302468,,0.2522622228085396,,0.24272654664991933,,0.1351305902310287,0.015561347129999348,,-0.061291575736143855,,,,0.05534588956899267,,,
Aragón,02,2007,2007-01-01,1294246.0,126052.0,1168194.0,35.0,67.0,4558.0,27324.0,4463.0,918.0,29208.0,3381.0,,56098.0,,59479.0,102.65025,1914.925,623.325,20755.0,23358.0,832.0,,,79.4715,,750.0,,agregado_media,False,agregado_media,False,agregado_media,False,agregado_suma,False,agregado_suma,False,agregado_suma,False,,False,,False,agregado_media,False,agregado_suma,False,14.073438844166365,11.744449799209747,13.970969524468325,3.5553480614894135,4.204692619390966,8.42463920980563,10.21552071585174,8.40357646462927,6.822197390620491,10.282197923335472,8.125926802707886,,10.934855440251404,,10.993378588058855,4.631327578922279,7.557433736356936,6.4350680521072,9.940542460487139,10.05869481683851,6.723832440821209,,,4.375398466821144,,6.620073206530356,0.016105876037903144,0.15611078614965024,0.0021071771333822653,0.12136085700426724,0.04580953603129423,0.1268465834247685,0.05999122195875373,0.29525417445602997,0.025373672345635256,0.11738510744508268,0.06570256226692806,,0.22855945294581304,,0.21855582945043395,,0.048756220857370636,0.05880890068311384,,-0.03367605032671328,,,,0.04840016328384156,,,
Aragón,02,2008,2008-01-01,1325426.0,154678.0,1170749.0,33.0,63.0,5467.0,29962.0,6492.0,957.0,33666.0,3777.0,,74261.0,,78038.0,99.633,1907.95,625.65,14892.0,16383.0,585.0,8754.0,14189.0,84.057,,523.0,,agregado_media,False,agregado_media,False,agregado_media,False,agregado_suma,False,agregado_suma,False,agregado_suma,False,agregado_suma,False,agregado_suma,False,agregado_media,False,agregado_suma,False,14.09724447516334,11.949100815717808,13.973154272892103,3.4965075614664802,4.143134726391533,8.606485298894999,10.307685191077328,8.778325928634482,6.863803391452954,10.424243704979027,8.236685322712457,,11.21534119384024,,11.264951166525512,4.601493435015651,7.55378464621413,6.4387911093110635,9.608579434992608,9.703999490820264,6.371611847231857,9.07726601775084,9.560222295507314,4.431495140146391,,6.259581464064923,0.02380563099697497,0.20465101650806083,0.0021847484237778048,-0.058840500022933284,-0.06155789299943315,0.18184608908936895,0.09216447522558724,0.3747494640052125,0.041606000832463685,0.14204578164355475,0.11075852000457154,,0.2804857535888363,,0.2715725784666567,-0.029834143906628086,-0.003649090142806344,0.003723057203863789,-0.33196302549453094,-0.3546953260182466,-0.35222059358935187,,,0.05609667332524726,,-0.3604917424654328,
Aragón,02,2009,2009-01-01,1342778.0,169710.0,1173068.0,34.0,61.0,6707.0,32077.0,7621.0,999.0,38558.0,3953.0,,79700.0,,83653.0,90.873,1730.7,584.1,12265.0,14658.0,1311.0,2319.0,10726.0,87.52491666666666,,1293.0,,agregado_media,False,agregado_media,False,agregado_media,False,agregado_suma,False,agregado_suma,False,agregado_suma,False,agregado_suma,False,agregado_suma,False,agregado_media,False,agregado_suma,False,14.110251160277901,12.041846377005312,13.97513309696985,3.5263605246161616,4.110873864173311,8.810907036099737,10.375894541398061,8.938662873666118,6.906754778648554,10.559918880159413,8.282230063296685,,11.286024864778307,,11.334432569489755,4.5094629273584035,7.456281229930953,6.370072201046264,9.41450495669259,9.592741540485795,7.1785454837637,7.7488913372555315,9.280425979542871,4.471923514731355,,7.164720378771857,0.013006685114561378,0.09274556128750433,0.001978824077747632,0.029852963149681333,-0.03226086221822122,0.2044217372047381,0.06820935032073372,0.1603369450316361,0.042951387195599544,0.13567517518038663,0.045544740584228194,,0.07068367093806671,,0.06948140296424299,-0.09203050765724718,-0.09750341628317649,-0.06871890826479987,-0.19407447830001878,-0.11125795033446906,0.8069336365318431,-1.3283746804953092,-0.2797963159644432,0.0404283745849634,,0.9051389147069342,
Aragón,02,2010,2010-01-01,1344184.0,169514.0,1174669.0,29.0,52.0,7071.0,30614.0,8191.0,946.0,39716.0,3954.0,,78942.0,,82896.0,85.935,1661.375,562.85,12954.0,15073.0,607.0,2309.0,8139.0,88.62333333333333,,586.0,,agregado_media,False,agregado_media,False,agregado_media,False,agregado_suma,False,agregado_suma,False,agregado_suma,False,agregado_suma,False,agregado_suma,False,agregado_media,False,agregado_suma,False,14.111297695456535,12.040690798261997,13.97649696374724,3.367295829986474,3.9512437185814275,8.863757191604241,10.329212699651652,9.010791269515602,6.852242569051878,10.589509408153484,8.282483003730562,,11.276468684593894,,11.325342089054569,4.4535911965286505,7.415400851741497,6.333013162800813,9.469159899742863,9.62066034281053,6.408528791059498,7.744569809354496,9.004422601327041,4.484395178845652,,6.373319789577012,0.0010465351786344002,-0.0011555787433152886,0.0013638667773889779,-0.15906469462968742,-0.15963014559188382,0.05285015550450467,-0.04668184174640899,0.07212839584948405,-0.05451220959667591,0.02959052799407047,0.00025294043387624754,,-0.009556180184413066,,-0.009090480435185455,-0.05587173082975294,-0.040880378189456223,-0.03705903824545054,0.05465494305027363,0.027918802324734315,-0.7700166927042016,-0.004321527901035793,-0.27600337821582954,0.012471664114297454,,-0.7914005891948452,
Aragón,02,2011,2011-01-01,1344396.0,166794.0,1177602.0,25.0,46.0,7346.0,26931.0,8639.0,891.0,38925.0,3909.0,,80083.0,,83992.0,78.885,1541.4,550.375,9004.0,9260.0,511.0,1677.0,2956.0,89.53958333333333,5.836336877422959,516.0,,agregado_media,False,agregado_media,False,agregado_media,False,agregado_suma,False,agregado_suma,False,agregado_suma,False,agregado_suma,False,agregado_suma,False,agregado_media,False,agregado_suma,False,14.111455399523694,12.024514797036781,13.978990725324872,3.2188758248682006,3.828641396489095,8.901911226379612,10.201033318424798,9.064042114358884,6.792344427470809,10.5693919967022,8.271036865792954,,11.290818875824861,,11.338476835194777,4.367991095709417,7.340446373343893,6.310599864075918,9.105424202026622,9.133459327640225,6.236369590203704,7.424761761823209,7.991592282068092,4.494680799388248,1.7641033530218093,6.246106765481563,0.00015770406715809315,-0.01617600122521523,0.0024937615776323696,-0.14842000511827358,-0.12260232209233246,0.038154034775370604,-0.1281793812268539,0.0532508448432818,-0.0598981415810691,-0.02011741145128454,-0.011446137937607404,,0.014350191230967368,,0.013134746140208264,-0.0856001008192333,-0.07495447839760416,-0.022413298724894837,-0.3637356977162405,-0.4872010151703048,-0.17215920085579395,-0.31980804753128655,-1.0128303192589492,0.01028562054259563,,-0.12721302409544943,
Aragón,02,2012,2012-01-01,1343790.0,164346.0,1179444.0,26.0,39.0,7602.0,24014.0,9208.0,887.0,37775.0,3874.0,,80921.0,,84795.0,67.52275,1383.925,546.325,8290.0,11048.0,595.0,1476.0,3307.0,89.65891666666667,5.633802816901408,619.0,,agregado_media,False,agregado_media,False,agregado_media,False,agregado_suma,False,agregado_suma,False,agregado_suma,False,agregado_suma,False,agregado_suma,False,agregado_media,False,agregado_suma,False,14.111004537856928,12.009729240493781,13.980553698957955,3.258096538021482,3.6635616461296463,8.936166649549195,10.086392272590663,9.127827950401718,6.787844982309579,10.53940278714094,8.262042843966942,,11.301228649089653,,11.347991857777501,4.212464578131297,7.232678943957798,6.303214036756216,9.022805248129341,9.310004695089129,6.38856140554563,7.297091005160418,8.103796712981794,4.49601265597157,1.7287846700666665,6.428105272684596,-0.00045086166676533423,-0.014785556542999956,0.001562973633083331,0.03922071315328157,-0.16507975035944877,0.034255423169582855,-0.11464104583413537,0.06378583604283428,-0.004499445161229687,-0.0299892095612595,-0.0089940218260125,,0.010409773264791866,,0.009515022582723631,-0.15552651757811997,-0.10776742938609463,-0.007385827319701832,-0.08261895389728124,0.17654536744890414,0.15219181534192572,-0.12767075666279126,0.11220443091370136,0.001331856583322022,-0.035318682955142844,0.18199850720303345,
Aragón,02,2013,2013-01-01,1337675.0,160691.0,1176984.0,31.0,35.0,7952.0,22202.0,9695.0,843.0,38000.0,3807.0,,78126.0,,81933.0,58.945,1223.45,515.25,8217.0,7601.0,463.0,1492.0,1195.0,89.21683333333333,5.353198983297022,479.0,,agregado_media,False,agregado_media,False,agregado_media,False,agregado_suma,False,agregado_suma,False,agregado_suma,False,agregado_suma,False,agregado_suma,False,agregado_media,False,agregado_suma,False,14.106443590314841,11.987238545179046,13.978465792267263,3.4339872044851463,3.5553480614894135,8.98117874833641,10.007937653892592,9.179365567676752,6.736966958001855,10.545341438708522,8.244596756382498,,11.266078186956783,,11.313657119089436,4.076604805744091,7.109430015680694,6.244652219770568,9.013960457931187,8.936035096566041,6.137727054086234,7.307872780763706,7.085901464365611,4.491069736280875,1.6776943230157242,6.171700597410915,-0.004560947542087135,-0.02249069531473502,-0.00208790669069181,0.17589066646366414,-0.10821358464023279,0.04501209878721468,-0.07845461869807124,0.051537617275034364,-0.05087802430772381,0.0059386515675825535,-0.017446087584444214,,-0.03515046213287043,,-0.0343347386880648,-0.1358597723872066,-0.12324892827710432,-0.05856181698564811,-0.008844790198153873,-0.37396959852308775,-0.25083435145939603,0.010781775603287969,-1.017895248616183,-0.004942919690694936,-0.051090347050942286,-0.25640467527368127,
Aragón,02,2014,2014-01-01,1330713.0,151680.0,1179033.0,33.0,38.0,8087.0,18186.0,9361.0,843.0,36743.0,3659.0,,74730.0,,78389.0,57.5885,1167.025,519.375,8055.0,9920.0,687.0,1150.0,1960.0,88.79866666666668,5.223880597014925,703.0,,agregado_media,False,agregado_media,False,agregado_media,False,agregado_suma,False,agregado_suma,False,agregado_suma,False,agregado_suma,False,agregado_suma,False,agregado_media,False,agregado_suma,False,14.101225446778471,11.929528317488849,13.980205168949682,3.4965075614664802,3.6375861597263857,8.998013113095823,9.808407346285858,9.144307401371744,6.736966958001855,10.511703010307613,8.204945165019208,,11.221636896924336,,11.269438890372225,4.0533228949907985,7.062213054507827,6.252626165609713,8.994048295611075,9.20230820027892,6.532334292222349,7.047517221357296,7.580699752224563,4.486371634870383,1.6532405350924932,6.555356891810665,-0.005218143536369624,-0.05771022769019751,0.0017393766824191914,0.06252035698133396,0.08223809823697215,0.016834364759413134,-0.19953030760673407,-0.03505816630500824,0.0,-0.03363842840090925,-0.039651591363289995,,-0.0444412900324469,,-0.04421822871721126,-0.023281910753292223,-0.047216961172866334,0.00797394583914457,-0.019912162320112614,0.26627310371287827,0.394607238136115,-0.26035555940640975,0.4947982878589521,-0.004698101410491873,-0.02445378792323094,0.38365629439975013,
Aragón,02,2015,2015-01-01,1325600.0,145938.0,1179662.0,47.0,36.0,8039.0,15906.0,9063.0,840.0,36037.0,3625.0,,72345.0,,75970.0,58.0785,1197.35,541.175,9330.0,11317.0,965.0,1520.0,1818.0,88.47308333333334,5.194805194805194,984.0,,agregado_media,False,agregado_media,False,agregado_media,False,agregado_suma,False,agregado_suma,False,agregado_suma,False,agregado_suma,False,agregado_suma,False,agregado_media,False,agregado_suma,False,14.09737574509449,11.890937152963682,13.980738514731915,3.8501476017100584,3.58351893845611,8.99205997632796,9.67445167551708,9.111955470054781,6.733401891837359,10.492301467414055,8.195609567288775,,11.189201621171183,,11.238093804497268,4.061795543736751,7.087866060478927,6.293742701585919,9.140990293841389,9.334061298965942,6.872128101338986,7.326465613840322,7.505492274737424,4.482698362626806,1.647659125254298,6.891625897052253,-0.0038497016839809106,-0.03859116452516709,0.0005333457822320753,0.3536400402435782,-0.054067221270275745,-0.005953136767862688,-0.13395567076877768,-0.032351931316963345,-0.0035650661644961446,-0.019401542893557888,-0.009335597730432355,,-0.03243527575315319,,-0.03134508587495688,0.008472648745952327,0.02565300597109932,0.04111653597620624,0.1469419982303144,0.13175309868702278,0.33979380911663704,0.2789483924830263,-0.07520747748713852,-0.0036732722435770526,-0.005581409838195217,0.3362690052415882,
Aragón,02,2016,2016-01-01,1318042.0,141140.0,1176902.0,48.0,32.0,8049.0,14776.0,9225.0,850.0,34758.0,3661.0,,69741.0,,73402.0,59.179500000000004,1184.075,553.925,10469.0,11688.0,1216.0,,1508.0,88.401,5.25,1227.0,5.97,agregado_media,False,agregado_media,False,agregado_media,False,agregado_suma,False,agregado_suma,False,agregado_suma,False,,False,agregado_suma,False,agregado_media,False,agregado_suma,False,14.091657860001204,11.85750758455482,13.978396120244035,3.871201010907891,3.4657359027997265,8.993303139093733,9.600759521879075,9.129672468908728,6.745236349484363,10.456165040324679,8.205491613120236,,11.15254365910017,,11.20370646218779,4.080575198136102,7.076717158032362,6.31702929852134,9.256173788319355,9.366317953430535,7.103322062526113,,7.318539548567902,4.48188328179681,1.6582280766035324,7.112327444710911,-0.005717885093286412,-0.03342956840886124,-0.002342394487879318,0.021053409197832718,-0.11778303565638337,0.001243162765772965,-0.07369215363800485,0.017716998853947175,0.011834457647003305,-0.036136427089376255,0.009882045831460573,,-0.03665796207101302,,-0.034387342309477376,0.01877965439935103,-0.011148902446564968,0.02328659693542079,0.11518349447796616,0.032256654464593026,0.23119396118712654,,-0.18695272616952252,-0.000815080829996262,0.010568951349234412,0.22070154765865801,
Aragón,02,2017,2017-01-01,1315411.0,139022.0,1176389.0,51.0,26.0,8247.0,14499.0,9318.0,879.0,33717.0,3671.0,,68614.0,,72285.0,60.859,1168.65,565.825,12155.0,13988.0,1360.0,,1672.0,88.7055,5.333333333333333,1355.0,6.34,agregado_media,False,agregado_media,False,agregado_media,False,agregado_suma,False,agregado_suma,False,agregado_suma,False,,False,agregado_suma,False,agregado_media,False,agregado_suma,False,14.089659722289715,11.842387472970213,13.977960135057227,3.9318256327243257,3.258096538021482,9.017604776833355,9.581834960513193,9.139703292376742,6.778784897685177,10.425757440186377,8.208219383496834,,11.136251874524806,,11.188371917742543,4.108559713180365,7.063604515444977,6.338284843115789,9.405495886750224,9.545955098183267,7.215239978730097,,7.421775793644647,4.485321894157568,1.6739764335716716,7.2115567333138015,-0.0019981377114888232,-0.015120111584607798,-0.0004359851868080966,0.060624621816434576,-0.2076393647782444,0.02430163773962235,-0.018924561365881942,0.010030823468014205,0.03354854820081421,-0.030407600138302016,0.0027277703765982153,,-0.01629178457536362,,-0.015334544445247289,0.027984515044263247,-0.013112642587384649,0.02125554459444956,0.14932209843086852,0.17963714475273207,0.11191791620398472,,0.10323624507674545,0.0034386123607585972,0.015748356968139143,0.09922928860289026,0.3700000000000001
Aragón,02,2018,2018-01-01,1313493.0,141166.0,1172327.0,60.0,32.0,8358.0,14810.0,10228.0,875.0,34398.0,3746.0,,68659.0,,72405.0,63.79175,1188.8000000000002,573.825,13493.0,15499.0,1516.0,2633.0,3017.0,89.52233333333334,5.487804878048781,1607.0,6.22,agregado_media,False,agregado_media,False,agregado_media,False,agregado_suma,False,agregado_suma,False,agregado_suma,False,agregado_suma,False,agregado_suma,False,agregado_media,False,agregado_suma,False,14.088200558820596,11.857691781844808,13.974501220441885,4.0943445622221,3.4657359027997265,9.03097444300786,9.603057907261844,9.232884336411077,6.774223886357614,10.445753702136438,8.228443883004033,,11.136907502384792,,11.190030636762703,4.155623871644613,7.080699673963495,6.352324471786026,9.509926311430787,9.648530784697051,7.323830566202317,7.87587915949631,8.012018239159062,4.494488128602919,1.7025283355001124,7.382124365737512,-0.001459163469119673,0.015304308874595662,-0.003458914615341868,0.1625189294977747,0.2076393647782444,0.013369666174504857,0.021222946748650884,0.0931810440343348,-0.004561011327562703,0.019996261950060656,0.020224499507198956,,0.0006556278599862964,,0.0016587190201597934,0.04706415846424772,0.017095158518517728,0.014039628670236226,0.1044304246805634,0.10257568651378435,0.10859058747221972,,0.5902424455144146,0.009166234445350696,0.028551901928440815,0.17056763242371087,-0.1200000000000001
Aragón,02,2019,2019-01-01,1320694.0,150172.0,1170522.0,75.0,37.0,9222.0,17366.0,13323.0,967.0,36993.0,3949.0,,68240.0,,72189.0,67.669,1221.35,587.5500000000001,13374.0,15365.0,1420.0,2254.0,1995.0,90.52841666666667,5.86864406779661,1614.0,6.01,agregado_media,False,agregado_media,False,agregado_media,False,agregado_suma,False,agregado_suma,False,agregado_suma,False,agregado_suma,False,agregado_suma,False,agregado_media,False,agregado_suma,False,14.09366791397622,11.919536582824968,13.972960361123059,4.31748811353631,3.6109179126442243,9.129347212766652,9.76226955062059,9.497247143960212,6.874198495453294,10.51848398453864,8.28121766128665,,11.130786182165561,,11.187042958703143,4.214628172537782,7.107712083321011,6.37596134877995,9.501067802613925,9.639847474564585,7.258412150595307,7.720461694599722,7.598399329323964,4.505663797736113,1.7696236135958288,7.3864708488298945,0.005467355155625242,0.06184480098015932,-0.0015408593188261932,0.2231435513142097,0.1451820098444978,0.09837276975879128,0.1592116433587467,0.2643628075491353,0.09997460909568012,0.07273028240220292,0.0527737782826172,,-0.006121320219230952,,-0.002987678059559684,0.05900430089316888,0.02701240935751592,0.02363687699392436,-0.008858508816862454,-0.008683310132466815,-0.06541841560701034,-0.1554174648965878,-0.4136189098350975,0.0111756691331939,0.06709527809571636,0.0043464830923820585,-0.20999999999999996
Aragón,02,2020,2020-01-01,1330592.0,162392.0,1168200.0,86.0,43.0,10174.0,21158.0,17089.0,1108.0,40845.0,4272.0,,67617.0,,71889.0,69.3965,1197.65,569.875,11608.0,13571.0,1227.0,2742.0,1719.0,91.49966666666667,6.020821428571428,1443.0,5.68,agregado_media,False,agregado_media,False,agregado_media,False,agregado_suma,False,agregado_suma,False,agregado_suma,False,agregado_suma,False,agregado_suma,False,agregado_media,False,agregado_suma,False,14.101134513946583,11.997768444412603,13.970974660588347,4.454347296253507,3.7612001156935624,9.22759072538271,9.95977336354672,9.746190260646909,7.010311867307229,10.617539693775969,8.35983738064003,,11.12161470970538,,11.182878541740678,4.239836433964352,7.088116582400906,6.345417038533605,9.359449794564023,9.51569044208137,7.112327444710911,7.91644286012226,7.449498005382849,4.516335329287591,1.7952236999410935,7.274479558773871,0.007466599970362253,0.07823186158763562,-0.0019857005347123646,0.13685918271719721,0.15028220304933804,0.09824351261605813,0.19750381292612929,0.24894311668669644,0.13611337185393513,0.09905570923732832,0.07861971935338019,,-0.009171472460181462,,-0.004164416962465722,0.02520826142657029,-0.019595500920105202,-0.030544310246344963,-0.14161800804990143,-0.12415703248321464,-0.14608470588439548,0.19598116552253764,-0.14890132394111522,0.01067153155147782,0.025600086345264783,-0.11199129005602337,-0.33000000000000007
Aragón,02,2021,2021-01-01,1331938.0,167391.0,1164547.0,95.0,50.0,10479.0,22850.0,18051.0,1172.0,43194.0,,5524.0,,65976.0,71500.0,72.02825,1206.3999999999999,588.625,14935.0,17485.0,1677.0,2484.0,2545.0,92.07249999999999,6.221036992521367,1967.0,5.74,agregado_media,False,agregado_media,False,agregado_media,False,agregado_suma,False,agregado_suma,False,agregado_suma,False,agregado_suma,False,agregado_suma,False,agregado_media,False,agregado_suma,False,14.1021455824526,12.028087672151345,13.967842728161878,4.553876891600541,3.912023005428146,9.257128533474942,10.036706396322352,9.800956363888462,7.066466970136958,10.673456875697358,,8.616857514529183,,11.097046318513192,11.177452728682098,4.277058403173674,7.095395997253691,6.3777893085637185,9.61146273065021,9.769098649497476,7.424761761823209,7.81762544305337,7.841885928984623,4.522576310184071,1.827936611909893,7.584264818389059,0.0010110685060169544,0.03031922773874207,-0.0031319324264682535,0.09952959534703343,0.15082288973458358,0.02953780809223261,0.07693303277563146,0.054766103241552955,0.05615510282972824,0.05591718192138906,,,,,-0.005425813058579365,0.0372219692093223,0.007279414852785493,0.03237227003011345,0.2520129360861869,0.2534082074161059,0.31243431711229785,-0.09881741706889002,0.392387923601774,0.006240980896480508,0.03271291196879944,0.30978525961518777,0.0600000000000005
Aragón,02,2022,2022-01-01,1328215.0,165853.0,1162362.0,107.0,36.0,10309.0,23052.0,17313.0,1020.0,43662.0,,5217.0,,65137.0,70354.0,76.64025000000001,1272.8500000000001,599.85,16745.0,18695.0,1872.0,2700.0,2407.0,93.47316666666667,6.472222222222222,2189.0,6.42,agregado_media,False,agregado_media,False,agregado_media,False,agregado_suma,False,agregado_suma,False,agregado_suma,False,agregado_suma,False,agregado_suma,False,agregado_media,False,agregado_suma,False,14.099346493504877,12.018857132845909,13.965964699719677,4.672828834461906,3.58351893845611,9.240772579096385,10.045507812556558,9.759212943379076,6.927557906278317,10.684233437575141,,8.559677803022392,,11.084248023118157,11.16129491949047,4.339122395661461,7.149013759721518,6.396679623960937,9.725854985228304,9.836011387411213,7.534762657037537,7.90100705199242,7.786136437783072,4.53767440758356,1.8675195151095907,7.691200097522863,-0.002799088947723405,-0.00923053930543638,-0.0018780284422010851,0.11895194286136501,-0.32850406697203605,-0.016355954378557414,0.008801416234206272,-0.04174342050938584,-0.138909063858641,0.010776561877783308,,-0.05717971150679091,,-0.012798295395034742,-0.016157809191629013,0.06206399248778638,0.05361776246782668,0.018890315397218416,0.11439225457809421,0.06691273791373753,0.11000089521432788,0.08338160893905044,-0.05574949120155104,0.01509809739948853,0.039582903199697705,0.10693527913380407,0.6799999999999997
Aragón,02,2023,2023-01-01,1341289.0,181044.0,1160245.0,121.0,48.0,11031.0,30236.0,19932.0,1173.0,45431.0,,8057.0,,65015.0,73072.0,79.63325,1303.35,611.3,15152.0,17051.0,1761.0,3006.0,2039.0,95.59825000000001,6.770607616317187,2061.0,7.32,agregado_media,False,agregado_media,False,agregado_media,False,agregado_suma,False,agregado_suma,False,agregado_suma,False,agregado_suma,False,agregado_suma,False,agregado_media,False,agregado_suma,False,14.109141649857522,12.106495374628075,13.964141747678063,4.795790545596741,3.871201010907891,9.308464769969381,10.316788546412067,9.900081759401296,7.067319848653476,10.72394997039761,,8.994296557777195,,11.08237329148542,11.19920053542478,4.3774317192001515,7.172693151953324,6.415587837034679,9.625887815425859,9.743964132018151,7.473637108496206,8.00836557031292,7.620214770574455,4.5601545144504785,1.9125908341991673,7.630946580890459,0.009795156352645051,0.08763824178216595,-0.0018229520416142009,0.12296171113483556,0.28768207245178123,0.0676921908729966,0.27128073385550877,0.1408688160222198,0.13976194237515926,0.03971653282246912,,0.43461875475480305,,-0.0018747316327374364,0.03790561593431008,0.038309323538690876,0.023679392231806595,0.018908213073742353,-0.09996716980244535,-0.09204725539306224,-0.06112554854133112,0.10735851832049992,-0.16592166720861723,0.022480106866918703,0.04507131908957662,-0.06025351663240386,0.9000000000000004
Aragón,02,2024,2024-01-01,1351591.0,191435.0,1160156.0,140.0,50.0,11182.0,36904.0,21202.0,1329.0,48429.0,,8186.0,,64013.0,72199.0,87.72,1398.175,620.15,16458.0,18760.0,1909.0,2870.0,2684.0,97.59808333333334,7.097008827388763,2213.0,7.72,agregado_media,False,agregado_media,False,agregado_media,False,agregado_suma,False,agregado_suma,False,agregado_suma,False,agregado_suma,False,agregado_suma,False,agregado_media,False,agregado_suma,False,14.116792975025318,12.162303604397467,13.964065036799173,4.941642422609304,3.912023005428146,9.32206062158659,10.516075225237657,9.961850795833042,7.192182058713246,10.78785408682564,,9.010180657052349,,11.066841466714719,11.187181474369487,4.474149923549687,7.242923093786436,6.429961384261339,9.708566960165658,9.839482222560216,7.554334823725748,7.962067308753666,7.895063498091573,4.580857855248077,1.959673403361822,7.70210434005105,0.007651325167795875,0.055808229769391815,-7.671087888994066e-05,0.14585187701256253,0.04082199452025481,0.01359585161720922,0.19928667882559026,0.06176903643174647,0.12486221005976983,0.06390411642802896,,0.01588409927515322,,-0.015531824770700808,-0.012019061055292823,0.0967182043495356,0.07022994183311138,0.014373547226659511,0.08267914473979943,0.09551809054206473,0.08069771522954206,-0.04629826155925354,0.2748487275171181,0.02070334079759828,0.04708256916265463,0.07115775916059075,0.39999999999999947
Aragón,02,2025,2025-01-01,1364621.0,202430.0,1162191.0,111.0,49.0,11797.0,43371.0,21182.0,1435.0,53560.0,,7366.0,,63559.0,70925.0,100.0,1567.0749999999998,626.325,18973.0,20488.0,2086.0,4031.0,2076.0,100.0,,2450.0,7.41,agregado_media,False,agregado_media,False,agregado_media,False,agregado_suma,False,agregado_suma,False,agregado_suma,False,agregado_suma,False,agregado_suma,False,agregado_media,False,agregado_suma,False,14.126387292370067,12.218149426755623,13.965817574659239,4.709530201312334,3.8918202981106265,9.375600540841843,10.677546293976553,9.960907043403614,7.268920128193722,10.888557799805108,,8.904630097005011,,11.059723887361372,11.169378259677051,4.605170185988092,7.356966103367652,6.439869405707403,9.850772194864133,9.927594627879362,7.643003635560718,8.301769763117166,7.638198244285779,4.605170185988092,,7.803843303538772,0.00959431734474947,0.05584582235815638,0.0017525378600655728,-0.23211222129696996,-0.020202707317519497,0.053539919255252144,0.16147106873889605,-0.0009437524294284572,0.07673806948047623,0.10070371297946856,,-0.10555056004733743,,-0.00711757935334667,-0.017803214692435176,0.1310202624384047,0.11404300958121638,0.009908021446063842,0.14220523469847457,0.08811240531914599,0.08866881183497011,0.33970245436349966,-0.2568652538057936,0.024312330740015042,,0.1017389634877226,-0.3099999999999996
Asturias,03,2002,2002-01-01,1062796.0,14230.0,1048566.0,6.0,16.0,354.0,6124.0,1404.0,526.0,1035.0,684.0,,4081.0,,4765.0,,1046.375,374.05,,,,,,69.00483333333334,,,,,False,agregado_media,False,agregado_media,False,,False,,False,,False,,False,,False,agregado_media,False,,False,13.876413729217507,9.563107691083898,13.862934074410267,1.791759469228055,2.772588722239781,5.869296913133774,8.719970756777574,7.247080584585756,6.26530121273771,6.942156705699469,6.52795791762255,,8.314097335405807,,8.469052816088302,,6.9530870889802205,5.924389478318414,,,,,,4.23417655045317,,,,,,,,,,,,,,,,,,,,,,,,,,,,,
Asturias,03,2003,2003-01-01,1062320.0,18460.0,1043860.0,6.0,19.0,457.0,8511.0,1526.0,611.0,1380.0,883.0,,5066.0,,5949.0,,1161.375,385.7,,,,,,71.00958333333334,,,,,False,agregado_media,False,agregado_media,False,,False,,False,,False,,False,,False,agregado_media,False,,False,13.87596575366421,9.823361508056843,13.858435938815706,1.791759469228055,2.9444389791664403,6.124683390894205,9.049114723476961,7.330405211844402,6.415096959171596,7.22983877815125,6.78332520060396,,8.53030683056162,,8.690978417187905,,7.057359926961476,5.955059865214182,,,,,,4.262814844458625,,,-0.00044797555329800787,0.2602538169729449,-0.004498135594561248,0.0,0.17185025692665912,0.2553864777604309,0.3291439666993874,0.08332462725864609,0.1497957464338855,0.2876820724517808,0.25536728298140954,,0.21620949515581422,,0.2219256010996027,,0.10427283798125586,0.03067038689576851,,,,,,0.028638294005455478,,,
Asturias,03,2004,2004-01-01,1062408.0,21835.0,1040573.0,5.0,19.0,558.0,10201.0,1712.0,680.0,1631.0,1024.0,,6005.0,,7029.0,,1313.0,391.5,,18378.0,,,,73.16875,,,,,False,agregado_media,False,agregado_media,False,,False,agregado_suma,False,,False,,False,,False,agregado_media,False,,False,13.876048587796436,9.991269465919661,13.855282080932435,1.6094379124341003,2.9444389791664403,6.324358962381311,9.23024103368252,7.445417556701687,6.522092798170152,7.396948602621014,6.931471805599453,,8.700347734514084,,8.857799727175905,,7.180069874302796,5.969985515430857,,9.81890957606083,,,,4.292768417245846,,,8.283413222720526e-05,0.16790795786281798,-0.0031538578832712716,-0.18232155679395468,0.0,0.19967557148710569,0.18112631020555803,0.11501234485728506,0.10699583899855636,0.16710982446976352,0.14814660499549337,,0.1700409039524633,,0.16682130998800027,,0.12270994734131957,0.014925650216675024,,,,,,0.029953572787220217,,,
Asturias,03,2005,2005-01-01,1062755.0,24763.0,1037992.0,5.0,22.0,714.0,11028.0,1903.0,687.0,2047.0,1135.0,,7222.0,,8357.0,,1461.35,408.675,,19339.0,,,,76.35983333333334,,,,,False,agregado_media,False,agregado_media,False,,False,agregado_suma,False,,False,,False,,False,agregado_media,False,,False,13.876375150985316,10.117105882625266,13.852798635549176,1.6094379124341003,3.091042453358316,6.570882962339584,9.308192772143688,7.551186867296149,6.532334292222349,7.624130585661289,7.034387929915503,,8.884887201837403,,9.030854790001436,,7.287115945004193,6.012920219137272,,9.8698790613623,,,,4.335456816211547,,,0.0003265631888798026,0.12583641670560475,-0.002483445383258953,0.0,0.1466034741918758,0.24652399995827334,0.07795173846116832,0.10576931059446171,0.010241494052197098,0.2271819830402757,0.10291612431605035,,0.18453946732331872,,0.17305506282553118,,0.10704607070139716,0.04293470370641472,,0.05096948530146861,,,,0.042688398965701424,,,
Asturias,03,2006,2006-01-01,1063488.0,27969.0,1035519.0,6.0,28.0,1008.0,11767.0,2059.0,689.0,2575.0,1207.0,,8630.0,,9837.0,,1604.625,427.35,,21181.0,,,,78.89233333333334,,,,,False,agregado_media,False,agregado_media,False,,False,agregado_suma,False,,False,,False,,False,agregado_media,False,,False,13.877064630060886,10.238852032964804,13.850413308273295,1.791759469228055,3.332204510175204,6.915723448631314,9.37305428246393,7.629975707027789,6.535241271013659,7.853604813097837,7.095893221097532,,9.062999784077473,,9.193906065512758,,7.38064536340509,6.057603349612027,,9.960859832393998,,,,4.3680840537178165,,,0.000689479075569821,0.12174615033953806,-0.002385327275881366,0.18232155679395468,0.24116205681688774,0.34484048629173003,0.06486151032024168,0.07878883973164008,0.0029069787913096334,0.22947422743654755,0.06150529118202819,,0.17811258224006998,,0.1630512755113216,,0.09352941840089724,0.044683130474754584,,0.09098077103169899,,,,0.0326272375062695,,,
Asturias,03,2007,2007-01-01,1065291.0,31707.0,1033584.0,7.0,30.0,1226.0,12896.0,2287.0,716.0,2865.0,1233.0,,10447.0,,11680.0,89.87975,1722.925,436.675,17677.0,19689.0,274.0,,,81.69691666666667,,264.0,,agregado_media,False,agregado_media,False,agregado_media,False,agregado_suma,False,agregado_suma,False,agregado_suma,False,,False,,False,agregado_media,False,agregado_suma,False,13.878758559239186,10.364292755677457,13.8485429320145,1.9459101490553132,3.4011973816621555,7.111512116496157,9.464672464746409,7.734996194022781,6.573680166960646,7.9603236291488395,7.117205503164344,,9.254070134837509,,9.365633256382218,4.498472665826834,7.451778706851566,6.079189211314457,9.780019638535883,9.887815383141833,5.6131281063880705,,,4.403016261455715,,5.575949103146316,0.0016939291783000243,0.1254407227126535,-0.0018703762587950479,0.15415067982725827,0.06899287148695166,0.19578866786484284,0.09161818228247931,0.10502048699499156,0.03843889594698702,0.10671881605100264,0.02131228206681257,,0.19107035076003598,,0.17172719086945953,,0.07113334344647537,0.021585861702430265,,-0.07304444925216558,,,,0.0349322077378984,,,
Asturias,03,2008,2008-01-01,1071081.0,38700.0,1032382.0,6.0,29.0,1412.0,14666.0,2687.0,742.0,3697.0,1346.0,,14115.0,,15461.0,90.939,1769.8,456.25,13417.0,14809.0,209.0,6155.0,10129.0,84.74866666666668,,203.0,,agregado_media,False,agregado_media,False,agregado_media,False,agregado_suma,False,agregado_suma,False,agregado_suma,False,agregado_suma,False,agregado_suma,False,agregado_media,False,agregado_suma,False,13.884178976822163,10.563594879017874,13.84737931157193,1.791759469228055,3.367295829986474,7.252762418053187,9.593287168653745,7.8961806086154915,6.60934924316738,8.215276958936633,7.204892510204673,,9.55499334068759,,9.646076003102594,4.510188952075134,7.47862182483325,6.123040904896701,9.504277838590472,9.602990383037504,5.342334251964811,8.725020038618554,9.223157875686796,4.439690013590096,,5.313205979041787,0.005420417582977066,0.19930212334041641,-0.0011636204425702346,-0.15415067982725827,-0.03390155167568132,0.14125030155703033,0.12861470390733665,0.16118441459271082,0.03566907620673465,0.25495332978779306,0.08768700704032906,,0.30092320585008103,,0.28044274672037695,0.011716286248299568,0.026843117981684372,0.04385169358224417,-0.27574179994541126,-0.28482500010432865,-0.27079385442325954,,,0.036673752134380955,,-0.2627431241045288,
Asturias,03,2009,2009-01-01,1076280.0,44247.0,1032033.0,5.0,35.0,1608.0,16081.0,3134.0,791.0,4537.0,1489.0,,16567.0,,18056.0,90.09625,1615.95,426.15,8816.0,11175.0,611.0,2849.0,6464.0,87.52608333333333,,628.0,,agregado_media,False,agregado_media,False,agregado_media,False,agregado_suma,False,agregado_suma,False,agregado_suma,False,agregado_suma,False,agregado_suma,False,agregado_media,False,agregado_suma,False,13.889021208900049,10.697542851527611,13.847041201256586,1.6094379124341003,3.5553480614894135,7.382746449738912,9.685393729854024,8.050065422915965,6.673297967767654,8.420021279663963,7.305860032684009,,9.715168043938537,,9.801233318497372,4.500878543326385,7.3876782980083116,6.054791396968307,9.084323531392696,9.32143441948177,6.415096959171596,7.954723334497908,8.774003600200931,4.471936844180106,,6.4425401664681985,0.004842232077885811,0.13394797250973767,-0.0003381103153436982,-0.18232155679395468,0.18805223150293937,0.1299840316857246,0.09210656120027849,0.15388481430047385,0.0639487246002739,0.20474432072733073,0.10096752247933605,,0.16017470325094685,,0.15515731539477784,-0.009310408748748777,-0.09094352682493856,-0.06824950792839424,-0.4199543071977754,-0.28155596355573387,1.0727627072067847,-0.7702967041206463,-0.4491542754858653,0.03224683059000988,,1.1293341874264113,
Asturias,03,2010,2010-01-01,1077103.0,46300.0,1030803.0,4.0,30.0,1780.0,16254.0,3326.0,810.0,5034.0,1538.0,,17524.0,,19062.0,88.7835,1634.875,412.0,9807.0,11826.0,251.0,2218.0,6814.0,88.82091666666666,,257.0,,agregado_media,False,agregado_media,False,agregado_media,False,agregado_suma,False,agregado_suma,False,agregado_suma,False,agregado_suma,False,agregado_suma,False,agregado_media,False,agregado_suma,False,13.88978558759169,10.742897240074326,13.845848668116997,1.3862943611198906,3.4011973816621555,7.484368643286131,9.69609431131315,8.109525659752872,6.697034247666484,8.523970175695261,7.338238150065589,,9.771326648933789,,9.855452103497571,4.486200821922346,7.399321627809316,6.021023349349527,9.19085169539232,9.378055776380775,5.5254529391317835,7.704361167910313,8.826734598220911,4.4866221703090865,,5.54907608489522,0.0007643786916418094,0.045354388546714475,-0.0011925331395890026,-0.2231435513142097,-0.15415067982725805,0.10162219354721902,0.010700581459126113,0.05946023683690704,0.02373627989882987,0.10394889603129798,0.032378117381579585,,0.05615860499525205,,0.05421878500019872,-0.014677721404038557,0.011643329801004576,-0.03376804761878027,0.10652816399962362,0.05662135689900438,-0.8896440200398121,-0.25036216658759525,0.052730998019979936,0.014685326128980769,,-0.8934640815729784,
Asturias,03,2011,2011-01-01,1075877.0,46973.0,1028904.0,3.0,28.0,1988.0,15494.0,3440.0,790.0,5382.0,1572.0,,18276.0,,19848.0,83.68325,1588.75,401.525,7927.0,7708.0,192.0,1705.0,4313.0,89.58566666666667,5.421686746987952,191.0,,agregado_media,False,agregado_media,False,agregado_media,False,agregado_suma,False,agregado_suma,False,agregado_suma,False,agregado_suma,False,agregado_suma,False,agregado_media,False,agregado_suma,False,13.888646700902063,10.757328247537078,13.844004716003347,1.0986122886681098,3.332204510175204,7.59488438721652,9.648208131191847,8.143226750367445,6.672032945461067,8.590815331286851,7.360103972989152,,9.813344002683163,,9.895858525371636,4.427038837994543,7.370702822503664,5.995269797948961,8.978029932837156,8.950014029534257,5.2574953720277815,7.4413203897176174,8.369388996647842,4.495195336946186,1.6904069749677675,5.25227342804663,-0.0011388866896275829,0.014431007462752277,-0.0018439521136492942,-0.2876820724517808,-0.06899287148695166,0.11051574393038877,-0.04788618012130286,0.03370109061457249,-0.025001302205416742,0.0668451555915901,0.021865822923563094,,0.04201735374937421,,0.0404064218740654,-0.059161983927803696,-0.028618805305652195,-0.02575355140056601,-0.21282176255516383,-0.4280417468465174,-0.267957567104002,-0.26304077819269533,-0.4573456015730688,0.008573166637099838,,-0.2968026568485902,
Asturias,03,2012,2012-01-01,1074304.0,47772.0,1026532.0,2.0,29.0,2215.0,14849.0,3639.0,822.0,5504.0,1585.0,,19127.0,,20712.0,71.51400000000001,1503.15,382.9,6611.0,7313.0,165.0,682.0,2897.0,90.50975,5.421686746987952,184.0,,agregado_media,False,agregado_media,False,agregado_media,False,agregado_suma,False,agregado_suma,False,agregado_suma,False,agregado_suma,False,agregado_suma,False,agregado_media,False,agregado_suma,False,13.887183568002445,10.774194972788317,13.841696688847096,0.6931471805599453,3.367295829986474,7.703007682479236,9.605687801896062,8.19946419761216,6.71174039505618,8.61323037961318,7.368339686311381,,9.858856228390534,,9.938468521431373,4.2698932347286265,7.315318185172448,5.947773858483249,8.796490207333578,8.89740886527095,5.10594547390058,6.525029657843462,7.9714309977693505,4.505457579709533,1.6904069749677675,5.214935757608986,-0.0014631328996177473,0.01686672525123889,-0.0023080271562516685,-0.4054651081081645,0.03509131981127034,0.10812329526271647,-0.042520329295784975,0.056237447244715355,0.03970744959511219,0.022415048326328346,0.008235713322228833,,0.045512225707371456,,0.04260999605973659,-0.1571456032659162,-0.055384637331216346,-0.047495939465711956,-0.181539725503578,-0.05260516426330675,-0.1515498981272012,-0.9162907318741551,-0.3979579988784918,0.010262242763346308,0.0,-0.03733767043764402,
Asturias,03,2013,2013-01-01,1067425.0,46993.0,1020432.0,13.0,25.0,2322.0,13978.0,3779.0,769.0,5531.0,1600.0,,18976.0,,20576.0,62.914249999999996,1372.95,369.45,4930.0,4560.0,134.0,315.0,1475.0,90.92966666666666,5.253623188405797,173.0,,agregado_media,False,agregado_media,False,agregado_media,False,agregado_suma,False,agregado_suma,False,agregado_suma,False,agregado_suma,False,agregado_suma,False,agregado_media,False,agregado_suma,False,13.880759764005495,10.75775393342989,13.835736625008954,2.5649493574615367,3.2188758248682006,7.7501841622578365,9.545239944037075,8.237214703349489,6.645090969505644,8.618123909994678,7.3777589082278725,,9.850930301797453,,9.931880627037346,4.141772688127292,7.224716988498898,5.9120154132346565,8.503094267036737,8.425077902508432,4.897839799950911,5.752572638825633,7.29641326877392,4.510086313907575,1.65891796969747,5.153291594497779,-0.006423803996950639,-0.016441039358426224,-0.005960063838141849,1.8718021769015913,-0.14842000511827358,0.04717647977860029,-0.06044785785898732,0.03775050573732841,-0.06664942555053521,0.004893530381497868,0.009419221916491693,,-0.007925926593081556,,-0.006587894394026961,-0.12812054660133487,-0.09060119667354982,-0.035758445248592174,-0.2933959402968416,-0.47233096276251807,-0.20810567394966917,-0.7724570190178293,-0.6750177289954307,0.004628734198042217,-0.03148900527029741,-0.061644163111206574,
Asturias,03,2014,2014-01-01,1058560.0,41869.0,1016691.0,34.0,31.0,2311.0,10890.0,3178.0,755.0,5206.0,1528.0,,17936.0,,19464.0,61.50775,1309.925,376.3,4897.0,5915.0,198.0,232.0,421.0,91.09116666666668,5.212990561351217,243.0,,agregado_media,False,agregado_media,False,agregado_media,False,agregado_suma,False,agregado_suma,False,agregado_suma,False,agregado_suma,False,agregado_suma,False,agregado_media,False,agregado_suma,False,13.872420051937354,10.642300975279205,13.83206379405529,3.5263605246161616,3.4339872044851463,7.745435610274381,9.295600215927006,8.064007347096661,6.626717749249025,8.55756708555451,7.331714969726466,,9.79456514531194,,9.876321884463358,4.119163183133253,7.177725162647847,5.930386697599392,8.496378051702317,8.685246776412487,5.288267030694535,5.44673737166631,6.042632833682381,4.51186083652042,1.6511536951860595,5.493061443340548,-0.00833971206814077,-0.11545295815068535,-0.0036728309536631087,0.9614111671546248,0.2151113796169457,-0.0047485519834555845,-0.2496397281100684,-0.1732073562528278,-0.018373220256619582,-0.060556824440167745,-0.04604393850140642,,-0.0563651564855121,,-0.05555874257398763,-0.022609504994038687,-0.046991825851050884,0.018371284364735452,-0.006716215334419573,0.2601688739040551,0.39042723074362407,-0.3058352671593232,-1.2537804350915387,0.00177452261284472,-0.007764274511410596,0.33976984884276895,
Asturias,03,2015,2015-01-01,1049328.0,39142.0,1010186.0,61.0,29.0,2339.0,9914.0,2960.0,751.0,5156.0,1524.0,,16408.0,,17932.0,62.43775,1270.55,376.15,5509.0,6516.0,235.0,894.0,352.0,90.68908333333333,5.161290322580645,286.0,,agregado_media,False,agregado_media,False,agregado_media,False,agregado_suma,False,agregado_suma,False,agregado_suma,False,agregado_suma,False,agregado_suma,False,agregado_media,False,agregado_suma,False,13.863660517246283,10.574951338264915,13.825645030278205,4.110873864173311,3.367295829986474,7.757478766584179,9.20170317858052,7.992944547318106,6.621405651764134,8.547916364059079,7.329093736246592,,9.705524299752216,,9.79434210527533,4.13417006040476,7.1472051565706565,5.92998800000623,8.614138397472717,8.782015969721936,5.459585514144159,6.795705775173514,5.863631175598097,4.50743698971552,1.6411866107486806,5.655991810819852,-0.00875953469107138,-0.06734963701429031,-0.006418763777086056,0.5845133395571498,-0.06669137449867213,0.012043156309798242,-0.09389703734648691,-0.0710627997785549,-0.005312097484890366,-0.009650721495431114,-0.0026212334798740855,,-0.08904084555972425,,-0.08197977918802835,0.015006877271507513,-0.03052000607719041,-0.0003986975931615788,0.11776034577039951,0.09676919330944855,0.17131848344962375,1.3489684035072038,-0.17900165808428437,-0.004423846804899156,-0.009967084437378926,0.16293036747930412,
Asturias,03,2016,2016-01-01,1040407.0,38576.0,1001831.0,69.0,29.0,2378.0,9539.0,2905.0,752.0,5156.0,1553.0,,16195.0,,17748.0,63.323,1275.35,386.075,6414.0,7602.0,303.0,,292.0,90.67349999999999,5.263157894736842,348.0,1.94,agregado_media,False,agregado_media,False,agregado_media,False,agregado_suma,False,agregado_suma,False,agregado_suma,False,,False,agregado_suma,False,agregado_media,False,agregado_suma,False,13.855122540715469,10.560385600420952,13.817339883727149,4.23410650459726,3.367295829986474,7.774015077250727,9.163143937145207,7.974188669286011,6.62273632394984,8.547916364059079,7.347943823148687,,9.692457831605429,,9.7840281124988,4.1482486122859425,7.150975929725526,5.956031651109065,8.7662383802531,8.936166649549195,5.713732805509369,,5.676753802268282,4.507265142434948,1.6607312068216509,5.8522024797744745,-0.008537976530814007,-0.014565737843962978,-0.008305146551055742,0.12323264042394833,0.0,0.016536310666547926,-0.038559241435311975,-0.018755878032094664,0.0013306721857055948,0.0,0.018850086902094887,,-0.013066468146787358,,-0.010313992776529446,0.014078551881182122,0.003770773154869289,0.026043651102834353,0.15209998278038306,0.15415067982725894,0.25414729136520986,,-0.18687737332981502,-0.00017184728057273446,0.01954459607297032,0.19621066895462214,
Asturias,03,2017,2017-01-01,1033550.0,37856.0,995694.0,89.0,28.0,2373.0,9281.0,2800.0,794.0,5031.0,1544.0,,15916.0,,17460.0,64.021,1275.375,395.45,7840.0,9216.0,370.0,,1041.0,91.21924999999999,5.333333333333333,437.0,2.45,agregado_media,False,agregado_media,False,agregado_media,False,agregado_suma,False,agregado_suma,False,agregado_suma,False,,False,agregado_suma,False,agregado_media,False,agregado_suma,False,13.848510036227381,10.541544766778113,13.8111952604466,4.48863636973214,3.332204510175204,7.771910256435763,9.135724578595394,7.937374696163295,6.677083461247136,8.523374050491318,7.342131730584722,,9.675080171546819,,9.767667829393593,4.159211154538437,7.150995531995469,5.980024356965426,8.966994113344454,9.128696382935672,5.91350300563827,,6.947937068614969,4.513265949368588,1.6739764335716716,6.07993319509559,-0.006612504488087367,-0.018840833642839172,-0.0061446232805479895,0.25452986513487996,-0.03509131981127034,-0.0021048208149636594,-0.02741935854981392,-0.03681397312271617,0.05434713729729612,-0.024542313567760488,-0.005812092563965088,,-0.01737766005861019,,-0.01636028310520743,0.0109625422524946,1.960226994324188e-05,0.023992705856361596,0.20075573309135386,0.19252973338647728,0.199770200128901,,1.2711832663466875,0.006000806933640135,0.013245226750020711,0.22773071532111544,0.5100000000000002
Asturias,03,2018,2018-01-01,1027091.0,38614.0,988477.0,107.0,37.0,2405.0,9703.0,3089.0,818.0,5230.0,1617.0,,15608.0,,17225.0,66.261,1271.975,391.9,8925.0,10186.0,396.0,1313.0,612.0,91.82658333333333,5.434603125984748,516.0,2.72,agregado_media,False,agregado_media,False,agregado_media,False,agregado_suma,False,agregado_suma,False,agregado_suma,False,agregado_suma,False,agregado_suma,False,agregado_media,False,agregado_suma,False,13.842241092580212,10.561370183995763,13.803920653744978,4.672828834461906,3.6109179126442243,7.785305182539862,9.1801903950253,8.035602692918582,6.706862336602747,8.56216655705897,7.388327859577107,,9.655538882302947,,9.75411709588186,4.193601488819441,7.148326089618873,5.9710067052055855,9.09661160664784,9.22876950744455,5.981414211254481,7.180069874302796,6.416732282512326,4.519901834501079,1.6927864960090138,6.246106765481563,-0.006268943647169678,0.019825417217649743,-0.007274606701622943,0.18419246472976614,0.27871340246902054,0.013394926104098204,0.04446581642990566,0.09822799675528682,0.029778875355610523,0.038792506567650875,0.0461961289923849,,-0.019541289243871773,,-0.013550733511733526,0.03439033428100391,-0.002669442376595832,-0.009017651759840817,0.12961749330338712,0.10007312450887795,0.06791120561621078,,-0.5312047861026432,0.006635885132491026,0.01881006243734218,0.1661735703859728,0.27
Asturias,03,2019,2019-01-01,1021469.0,39647.0,981822.0,143.0,44.0,2499.0,10662.0,3354.0,854.0,5402.0,1654.0,,15035.0,,16689.0,69.03125,1279.225,387.025,8337.0,10120.0,445.0,1412.0,1327.0,92.79825,5.714285714285714,607.0,3.33,agregado_media,False,agregado_media,False,agregado_media,False,agregado_suma,False,agregado_suma,False,agregado_suma,False,agregado_suma,False,agregado_suma,False,agregado_media,False,agregado_suma,False,13.836752345251174,10.587770562157601,13.797165308177405,4.962844630259907,3.784189633918261,7.823645930834952,9.274441297382706,8.117908942383155,6.74993119378857,8.59452453435256,7.4109518755836366,,9.61813609542263,,9.722505098743403,4.234559300620391,7.154009704793439,5.958489290426529,9.028458718410613,9.222268942841456,6.09807428216624,7.252762418053187,7.190676034332207,4.530427781855725,1.742969305058623,6.408528791059498,-0.00548874732903748,0.02640037816183849,-0.006755345567572846,0.2900157957980012,0.17327172127403667,0.0383407482950906,0.09425090235740718,0.08230624946457255,0.04306885718582354,0.032357977293591134,0.022624016006529857,,-0.03740278688031751,,-0.03161199713845697,0.040957811800949706,0.005683615174565837,-0.012517414779056324,-0.06815288823722732,-0.006500564603094006,0.11666007091175956,0.07269254375039136,0.7739437518198811,0.010525947354645737,0.050182809049609256,0.1624220255779356,0.6099999999999999
Asturias,03,2020,2020-01-01,1018053.0,43337.0,974716.0,172.0,49.0,2638.0,12982.0,3976.0,947.0,5800.0,1763.0,,15010.0,,16773.0,71.224,1264.0500000000002,381.1,7627.0,10202.0,399.0,1614.0,1518.0,93.46516666666668,5.813953488372093,576.0,2.26,agregado_media,False,agregado_media,False,agregado_media,False,agregado_suma,False,agregado_suma,False,agregado_suma,False,agregado_suma,False,agregado_suma,False,agregado_media,False,agregado_suma,False,13.83340253760575,10.676762052574546,13.789901425497845,5.147494476813453,3.8918202981106265,7.87777633327726,9.471319061593414,8.288031567776464,6.853299093186078,8.66561319653451,7.47477218239787,,9.616471924627508,,9.727525729694754,4.26582984027137,7.142076130886473,5.943061807879815,8.939449862164238,9.230339058482873,5.988961416889864,7.3864708488298945,7.325148957955575,4.537588817861407,1.7602608021686839,6.3561076606958915,-0.003349807645424363,0.08899149041694443,-0.007263882679559686,0.18464984655354577,0.10763066419236544,0.05413040244230771,0.1968777642107078,0.1701226253933097,0.10336789939750801,0.07108866218194976,0.06382030681423334,,-0.0016641707951219331,,0.0050206309513516345,0.031270539650979146,-0.011933573906966366,-0.015427482546714444,-0.08900885624637489,0.008070115641416464,-0.10911286527637643,0.13370843077670713,0.1344729236233677,0.007161036005682853,0.01729149711006084,-0.05242113036360685,-1.0700000000000003
Asturias,03,2021,2021-01-01,1012117.0,45309.0,966808.0,183.0,48.0,2565.0,14134.0,4258.0,1004.0,6064.0,,3003.0,,14050.0,17053.0,74.1805,1285.825,391.475,9406.0,13001.0,589.0,2353.0,1349.0,93.86541666666666,5.9523809523809526,852.0,2.81,agregado_media,False,agregado_media,False,agregado_media,False,agregado_suma,False,agregado_suma,False,agregado_suma,False,agregado_suma,False,agregado_suma,False,agregado_media,False,agregado_suma,False,13.827554734795141,10.721260967234452,13.781755202497958,5.209486152841421,3.871201010907891,7.84971375760487,9.5563385212508,8.356554845453426,6.911747300251674,8.710124927322207,,8.00736706798333,,9.550377674761892,9.744081420312915,4.3065013124000115,7.159155814666805,5.969921656431507,9.149103062504993,9.472781556562168,6.3784261836515865,7.763446388727362,7.207118856207756,4.5418620187657455,1.783791299578878,6.747586526829315,-0.005847802810608371,0.044498914659905964,-0.008146222999886987,0.06199167602796862,-0.020619287202735315,-0.02806257567239001,0.085019459657385,0.06852327767696131,0.05844820706559606,0.04451173078769699,,,,,0.016555690618160313,0.04067147212864164,0.017079683780332644,0.02685984855169199,0.20965320034075496,0.24244249807929563,0.3894647667617228,0.3769755398974679,-0.11803010174781914,0.004273200904338026,0.023530497410194195,0.39147886613342386,0.5500000000000003
Asturias,03,2022,2022-01-01,1004960.0,45679.0,959281.0,203.0,47.0,2568.0,14856.0,4394.0,1066.0,5997.0,,2940.0,,13608.0,16548.0,78.78475,1305.5249999999999,383.82500000000005,11331.0,13863.0,803.0,1859.0,1805.0,95.0215,6.13405357850912,1150.0,3.56,agregado_media,False,agregado_media,False,agregado_media,False,agregado_suma,False,agregado_suma,False,agregado_suma,False,agregado_suma,False,agregado_suma,False,agregado_media,False,agregado_suma,False,13.820458297688207,10.729393952671707,13.773939324501274,5.313205979041787,3.8501476017100584,7.850882664809852,9.606159103032542,8.387995252944556,6.97166860472579,8.69901462316851,,7.986164860332727,,9.518413134075697,9.714020527581303,4.366719450216108,7.174360537706883,5.950186719544963,9.335297611380566,9.536978699538377,6.688354713946762,7.527793987721444,7.498315870766981,4.554103181784459,1.8138558003309784,7.047517221357296,-0.007096437106934417,0.008132985437255158,-0.00781587799668415,0.1037198262003658,-0.021053409197832718,0.0011689072049820837,0.0498205817817432,0.03144040749113053,0.05992130447411537,-0.011110304153696404,,-0.02120220765060221,,-0.03196454068619481,-0.030060892731611943,0.060218137816096196,0.015204723040077361,-0.01973493688654404,0.18619454887557296,0.06419714297620871,0.3099285302951751,-0.23565240100591822,0.2911970145592253,0.012241163018713586,0.03006450075210032,0.2999306945279807,0.75
Asturias,03,2023,2023-01-01,1006060.0,53572.0,952488.0,233.0,50.0,2653.0,19986.0,5089.0,1263.0,6352.0,,4174.0,,13772.0,17946.0,81.7315,1352.0,392.5,12070.0,14056.0,970.0,2099.0,1927.0,96.21975,6.363636363636363,1366.0,5.12,agregado_media,False,agregado_media,False,agregado_media,False,agregado_suma,False,agregado_suma,False,agregado_suma,False,agregado_suma,False,agregado_suma,False,agregado_media,False,agregado_suma,False,13.821552270010416,10.888781822507013,13.766832787478435,5.4510384535657,3.912023005428146,7.88344635413774,9.902787307421734,8.534836626588833,7.141245122350491,8.756525002926972,,8.336630087637147,,9.530392824458414,9.795122527858004,4.403439484473534,7.20934025660291,5.972536537222463,9.398478314091577,9.550804629866933,6.877296071497429,7.649216319820633,7.563719668414366,4.566634638055502,1.8505999692509885,7.2196420401307355,0.0010939723222094244,0.15938786983530662,-0.007106537022838921,0.137832474523913,0.06187540371808753,0.03256368932788778,0.2966282043891919,0.14684137364427663,0.1695765176247015,0.05751037975846174,,0.35046522730441954,,0.011979690382716512,0.08110200027670089,0.03672003425742609,0.03497971889602702,0.022349817677500106,0.06318070271101028,0.013825930328556169,0.1889413575506671,0.12142233209918896,0.06540379764738535,0.01253145627104324,0.03674416892001009,0.17212481877343944,1.56
Asturias,03,2024,2024-01-01,1009599.0,60330.0,949269.0,251.0,57.0,2740.0,24254.0,5507.0,1424.0,6853.0,,5024.0,,14220.0,19244.0,88.09725,1418.025,413.575,14416.0,16909.0,1269.0,2303.0,1820.0,97.98441666666666,6.625,1671.0,5.84,agregado_media,False,agregado_media,False,agregado_media,False,agregado_suma,False,agregado_suma,False,agregado_suma,False,agregado_suma,False,agregado_suma,False,agregado_media,False,agregado_suma,False,13.825063780277311,11.007584771434807,13.763447493695685,5.5254529391317835,4.04305126783455,7.9157131993821155,10.096336831216737,8.613775289262481,7.261225091971921,8.832441791585824,,8.521981708148035,,9.562404703357231,9.864954602819344,4.478441317926006,7.2570203374021025,6.02483887649308,9.57609397984812,9.735601303538429,7.1459844677143876,7.741967899820685,7.506591780070841,4.584808452421126,1.890850371872286,7.421177528595393,0.0035115102668950016,0.11880294892779375,-0.0033852937827507645,0.07441448556608332,0.1310282624064043,0.03226684524437573,0.1935495237950029,0.07893866267364835,0.1199799696214301,0.07591678865885143,,0.18535162051088783,,0.032011878898817514,0.06983207496134014,0.0750018334524718,0.04768008079919284,0.052302339270617004,0.17761566575654264,0.18479667367149588,0.26868839621695884,0.09275158000005224,-0.057127888343525335,0.01817381436562382,0.04025040262129753,0.20153548846465785,0.7199999999999998
Asturias,03,2025,2025-01-01,1015128.0,68989.0,946139.0,292.0,67.0,2968.0,28943.0,6115.0,1702.0,7759.0,,6112.0,,15031.0,21143.0,100.0,1600.75,433.15,15638.0,17731.0,1525.0,3096.0,1627.0,100.00008333333334,,1977.0,6.74,agregado_media,False,agregado_media,False,agregado_media,False,agregado_suma,False,agregado_suma,False,agregado_suma,False,agregado_suma,False,agregado_suma,False,agregado_media,False,agregado_suma,False,13.830525270881417,11.141702350580776,13.760144771701093,5.676753802268282,4.204692619390966,7.995643604287271,10.273083657563381,8.718500048121273,7.43955930913332,8.95660873889395,,8.718009330846357,,9.617870014133226,9.95906416042487,4.605170185988092,7.378227548398912,6.071084088336149,9.65745912868446,9.783069799056989,7.329749689041512,8.037866234709618,7.394493107219038,4.6051710193210775,,7.589335823170617,0.005461490604105279,0.13411757914596834,-0.0033027219945918063,0.15130086313649826,0.16164135155641546,0.07993040490515568,0.17674682634664407,0.10472475885879184,0.17833421716139863,0.12416694730812594,,0.1960276226983222,,0.055465310775995036,0.09410955760552575,0.12672886806208616,0.12120721099680942,0.04624521184306918,0.0813651488363405,0.047468495518559806,0.1837652213271248,0.2958983348889328,-0.1120986728518032,0.020362566899951418,,0.1681582945752238,0.9000000000000004
Illes Balears,04,2002,2002-01-01,845130.0,73356.0,771775.0,1.0,79.0,2240.0,20552.0,1920.0,774.0,10797.0,1860.0,,35132.0,,36992.0,,1456.9,405.275,,,,,,62.74575,,,,,False,agregado_media,False,agregado_media,False,,False,,False,,False,,False,,False,agregado_media,False,,False,13.64724574066005,11.203079579816725,13.55644833574968,0.0,4.3694478524670215,7.7142311448490855,9.93071353878972,7.560080465021827,6.651571873589727,9.28702359674714,7.528331766707247,,10.466867675037008,,10.51845695203205,,7.28406616965995,6.004565849027637,,,,,,4.1390908466345095,,,,,,,,,,,,,,,,,,,,,,,,,,,,,
Illes Balears,04,2003,2003-01-01,883410.0,99094.0,784317.0,2.0,95.0,3010.0,32575.0,2280.0,901.0,14034.0,2424.0,,43771.0,,46195.0,,1586.825,422.325,,,,,,66.0895,,,,,False,agregado_media,False,agregado_media,False,,False,,False,,False,,False,,False,agregado_media,False,,False,13.691544697980879,11.503824173581025,13.57256855434517,0.6931471805599453,4.553876891600541,8.009695357742922,10.391300401993046,7.731930721948486,6.803505257608338,9.549238235812235,7.793174347189205,,10.686726776622612,,10.740626846104846,,7.36949044349464,6.045775159808792,,,,,,4.191009884012678,,,0.044298957320828336,0.30074459376429985,0.016120218595489177,0.6931471805599453,0.18442903913351927,0.29546421289383673,0.46058686320332676,0.17185025692665867,0.15193338401861034,0.26221463906509435,0.2648425804819583,,0.2198591015856035,,0.22216989407279542,,0.08542427383468976,0.04120931078115486,,,,,,0.05191903737816883,,,
Illes Balears,04,2004,2004-01-01,912964.0,120761.0,792203.0,3.0,115.0,3841.0,40367.0,2657.0,1011.0,16859.0,2976.0,,52932.0,,55908.0,,1746.525,440.95,,18286.0,,,,69.27233333333334,,,,,False,agregado_media,False,agregado_media,False,,False,agregado_suma,False,,False,,False,,False,agregado_media,False,,False,13.724451728350635,11.7015686646742,13.582572951085277,1.0986122886681098,4.74493212836325,8.253488028345904,10.605767898477295,7.884952945759814,6.918695219020472,9.732639917815801,7.998335395952982,,10.87676334989294,,10.931462761604797,,7.4653833784874095,6.08893149033419,,9.813891018724371,,,,4.238045596082954,,,0.032907030369756285,0.19774449109317516,0.01000439674010778,0.4054651081081645,0.1910552367627094,0.24379267060298204,0.21446749648424834,0.15302222381132768,0.11518996141213389,0.18340168200356644,0.2051610487637774,,0.1900365732703282,,0.19083591549995127,,0.09589293499276952,0.04315633052539791,,,,,,0.04703571207027579,,,
Illes Balears,04,2005,2005-01-01,940124.0,140049.0,800074.0,4.0,145.0,4767.0,45201.0,2950.0,1128.0,19928.0,3484.0,,62444.0,,65928.0,,1972.25,464.55,,20611.0,,,,71.598,,,,,False,agregado_media,False,agregado_media,False,,False,agregado_suma,False,,False,,False,,False,agregado_media,False,,False,13.753767060439799,11.84974764035573,13.592459502372202,1.3862943611198906,4.976733742420574,8.469472455204826,10.718874489469398,7.989560449333865,7.028201432058005,9.899881056942016,8.155936337972394,,11.042025434076557,,11.096318516443219,,7.586930301975199,6.141069195087321,,9.933580192843298,,,,4.271067140615574,,,0.029315332089163704,0.14817897568152993,0.009886551286925283,0.2876820724517808,0.23180161405732402,0.21598442685892216,0.1131065909921034,0.10460750357405146,0.10950621303753305,0.1672411391262152,0.15760094201941133,,0.16526208418361676,,0.16485575483842219,,0.12154692348778973,0.05213770475313151,,0.11968917411892654,,,,0.03302154453261963,,,
Illes Balears,04,2006,2006-01-01,970288.0,160350.0,809939.0,4.0,170.0,5531.0,49485.0,3379.0,1233.0,23011.0,3986.0,,73551.0,,77537.0,,2199.725,494.775,,26014.0,,,,74.09741666666666,,,,,False,agregado_media,False,agregado_media,False,,False,agregado_suma,False,,False,,False,,False,agregado_media,False,,False,13.785348213627836,11.9851142051213,13.604714215170809,1.3862943611198906,5.135798437050262,8.618123909994678,10.80942487233079,8.12533508671429,7.117205503164344,10.043727641450573,8.29054350077274,,11.205734322130223,,11.258510520767917,,7.696087631533256,6.204103113777045,,10.166390133623686,,,,4.305380668896299,,,0.03158115318803745,0.13536656476557063,0.012254712798606349,0.0,0.15906469462968786,0.1486514547898512,0.09055038286139272,0.1357746373804254,0.08900407110633957,0.14384658450855703,0.13460716280034646,,0.1637088880536659,,0.16219200432469805,,0.10915732955805701,0.0630339186897233,,0.2328099407803883,,,,0.03431352828072498,,,
Illes Balears,04,2007,2007-01-01,1005184.0,183339.0,821845.0,4.0,177.0,6277.0,55524.0,3811.0,1299.0,26312.0,4421.0,,85515.0,,89936.0,71.22725,2367.45,509.725,20498.0,21767.0,1319.0,,,76.87466666666667,,2776.0,,agregado_media,False,agregado_media,False,agregado_media,False,agregado_suma,False,agregado_suma,False,agregado_suma,False,,False,,False,agregado_media,False,agregado_suma,False,13.820681167294492,12.119092177153776,13.619307091780914,1.3862943611198906,5.176149732573829,8.744647438317532,10.924570638695,8.24564690087386,7.1693500166706,10.177780387868893,8.394121193826242,,11.356447078133792,,11.406853585241857,4.265875469916607,7.769568705513035,6.233871364603038,9.928082599391509,9.988150340414837,7.1846291527173145,,,4.342176390073921,,7.9287663216266955,0.03533295366665534,0.13397797203247563,0.014592876610105776,0.0,0.040351295523566755,0.12652352832285452,0.11514576636420948,0.12031181415956915,0.052144513506255485,0.13405274641831966,0.10357769305350217,,0.15071275600356948,,0.14834306447393963,,0.07348107397977888,0.029768250825993547,,-0.1782397932088493,,,,0.0367957211776222,,,
Illes Balears,04,2008,2008-01-01,1042855.0,208767.0,834089.0,5.0,189.0,7152.0,60403.0,4316.0,1358.0,30752.0,4869.0,,99724.0,,104593.0,70.48275,2409.525,513.5,12366.0,12362.0,669.0,5886.0,11827.0,79.9835,,1642.0,,agregado_media,False,agregado_media,False,agregado_media,False,agregado_suma,False,agregado_suma,False,agregado_suma,False,agregado_suma,False,agregado_suma,False,agregado_media,False,agregado_suma,False,13.857472702266675,12.248974076523028,13.634095390275581,1.6094379124341003,5.241747015059643,8.87514731685335,11.008794051563621,8.370084326378025,7.213768308118642,10.33371031177002,8.4906438561827,,11.510161649147497,,11.55783190676749,4.255367999027916,7.787184911623158,6.241250029368613,9.422706050118514,9.422382530219219,6.505784060128229,8.680331928793418,9.378140332251117,4.381820363401426,,7.403670290012373,0.036791534972183015,0.1298818993692521,0.014788298494666563,0.2231435513142097,0.06559728248581376,0.13049987853581868,0.08422341286862078,0.12443742550416559,0.04441829144804199,0.1559299239011267,0.0965226623564579,,0.15371457101370467,,0.15097832152563306,-0.010507470888691195,0.017616206110123045,0.007378664765575138,-0.5053765492729951,-0.5657678101956183,-0.6788450925890857,,,0.03964397332750469,,-0.5250960316143223,
Illes Balears,04,2009,2009-01-01,1070164.0,223364.0,846800.0,6.0,204.0,8299.0,62706.0,4769.0,1390.0,35177.0,5140.0,,105672.0,,110812.0,64.71799999999999,2192.85,484.3,8186.0,9484.0,1138.0,2187.0,9071.0,82.31033333333333,,2275.0,,agregado_media,False,agregado_media,False,agregado_media,False,agregado_suma,False,agregado_suma,False,agregado_suma,False,agregado_suma,False,agregado_suma,False,agregado_media,False,agregado_suma,False,13.883322465721323,12.316558006705248,13.649219818242846,1.791759469228055,5.318119993844216,9.023890304598448,11.04621241582256,8.469891918298224,7.237059026124737,10.468147738930524,8.544808358449211,,11.5680952361037,,11.615590350680044,4.1700393699241705,7.692957346625734,6.182704549409183,9.010180657052349,9.157361447185297,7.037027614686276,7.690286020676768,9.112837790614945,4.410496656707045,,7.729735331385051,0.025849763454647956,0.06758393018222009,0.01512442796726532,0.18232155679395468,0.0763729787845735,0.14874298774509676,0.0374183642589383,0.09980759192019839,0.023290718006095723,0.13443742716050444,0.05416450226651115,,0.05793358695620299,,0.05775844391255447,-0.08532862910374561,-0.09422756499742402,-0.05854547995943005,-0.412525393066165,-0.2650210830339219,0.5312435545580474,-0.9900459081166497,-0.2653025416361725,0.028676293305619716,,0.32606504137267756,
Illes Balears,04,2010,2010-01-01,1083683.0,226968.0,856715.0,4.0,196.0,8973.0,60304.0,4952.0,1431.0,37301.0,5273.0,,108534.0,,113807.0,63.41175,2093.35,478.425,9784.0,10942.0,1401.0,1894.0,5171.0,83.61066666666667,,2716.0,,agregado_media,False,agregado_media,False,agregado_media,False,agregado_suma,False,agregado_suma,False,agregado_suma,False,agregado_suma,False,agregado_suma,False,agregado_media,False,agregado_suma,False,13.895875982789798,12.332564317363458,13.660860586845194,1.3862943611198906,5.278114659230517,9.101975347298058,11.007153715506917,8.507546814364431,7.266128779556451,10.526775414924009,8.57035473953047,,11.59481876692969,,11.642259310206168,4.149649175501753,7.646520932545879,6.170499458796129,9.188503677367008,9.300363874623772,7.244941546337007,7.546446273746024,8.550821372396221,4.426171103658065,,7.906915488678587,0.012553517068475628,0.016006310658209344,0.011640768602347862,-0.4054651081081644,-0.04000533461369926,0.0780850426996107,-0.039058700315642625,0.037654896066207755,0.029069753431713252,0.05862767599348473,0.025546381081259284,,0.026723530825989883,,0.02666895952612336,-0.02039019442241763,-0.04643641407985477,-0.012205090613054637,0.17832302031465908,0.1430024274384749,0.20791393165073035,-0.14383974693074464,-0.5620164182187235,0.015674446951019938,,0.1771801572935363,
Illes Balears,04,2011,2011-01-01,1091656.0,223858.0,867798.0,4.0,203.0,9336.0,54984.0,4879.0,1418.0,37257.0,5368.0,,110409.0,,115777.0,59.95225,1990.85,465.075,8228.0,8835.0,1317.0,1580.0,3364.0,84.4365,6.064024985360141,3037.0,,agregado_media,False,agregado_media,False,agregado_media,False,agregado_suma,False,agregado_suma,False,agregado_suma,False,agregado_suma,False,agregado_suma,False,agregado_media,False,agregado_suma,False,13.903206367343277,12.318767201248074,13.673714247665234,1.3862943611198906,5.313205979041787,9.141633173966392,10.91479751280144,8.492695559815838,7.257002707092073,10.525595125616142,8.588210678651517,,11.611946931241546,,11.659421206086376,4.093548412045306,7.596316962200454,6.142198682904051,9.015298250772847,9.086476384753796,7.183111701743281,7.365180126021013,8.120886021092838,4.435999772571087,1.8023737686086503,8.01862546504575,0.007330384553478453,-0.013797116115384256,0.012853660820040247,0.0,0.03509131981127034,0.03965782666833384,-0.09235620270547606,-0.014851254548593928,-0.009126072464377799,-0.001180289307866289,0.01785593912104666,,0.017128164311856153,,0.01716189588020889,-0.05610076345644721,-0.05020397034542512,-0.028300775892077468,-0.17320542659416027,-0.2138874898699754,-0.06182984459372598,-0.18126614772501082,-0.42993535130338323,0.009828668913021588,,0.11170997636716251,
Illes Balears,04,2012,2012-01-01,1100715.0,222063.0,878652.0,4.0,197.0,9888.0,50466.0,5023.0,1420.0,36214.0,5505.0,,113347.0,,118852.0,51.65475,1839.575,471.84999999999997,7930.0,9459.0,1389.0,934.0,2559.0,84.83625,6.0,3566.0,,agregado_media,False,agregado_media,False,agregado_media,False,agregado_suma,False,agregado_suma,False,agregado_suma,False,agregado_suma,False,agregado_suma,False,agregado_media,False,agregado_suma,False,13.911470526610096,12.310716404379198,13.686144193839601,1.3862943611198906,5.2832037287379885,9.199077179697472,10.829055121190493,8.521782643750045,7.258412150595307,10.497201063380588,8.61341204915678,,11.638209188889352,,11.685634300581123,3.9445821564871606,7.5172898456625745,6.156661138467342,8.978408314628894,9.15472194821317,7.236339342754344,6.839476438228843,7.847371836159788,4.440722927870939,1.791759469228055,8.179199798423086,0.008264159266818893,-0.008050796868875665,0.012429946174366435,0.0,-0.03000225030379866,0.057444005731079884,-0.08574239161094788,0.02908708393420767,0.0014094435032339092,-0.028394062235554074,0.025201370505262943,,0.02626225764780621,,0.026213094494746514,-0.14896625555814502,-0.07902711653787975,0.014462455563291066,-0.03688993614395386,0.06824556345937438,0.053227641011063476,-0.5257036877921699,-0.2735141849330498,0.004723155299852344,-0.010614299380595327,0.16057433337733684,
Illes Balears,04,2013,2013-01-01,1105131.0,217192.0,887939.0,19.0,198.0,10286.0,46668.0,5175.0,1449.0,35700.0,5531.0,,112166.0,,117697.0,47.96025,1857.625,475.84999999999997,7831.0,8247.0,1364.0,989.0,1226.0,84.87383333333332,5.903614457831325,3682.0,,agregado_media,False,agregado_media,False,agregado_media,False,agregado_suma,False,agregado_suma,False,agregado_suma,False,agregado_suma,False,agregado_suma,False,agregado_media,False,agregado_suma,False,13.915474437943452,12.288537033951064,13.696658325921094,2.9444389791664403,5.288267030694535,9.23853902633486,10.750813983943747,8.55159461813357,7.278628942320682,10.48290596776773,8.618123909994678,,11.627735195844743,,11.67586880439337,3.8703725428229587,7.5270540690787335,6.165102678518353,8.965845494750937,9.017604776833355,7.218176838403408,6.8966943316227125,7.111512116496157,4.44116584007992,1.7755647833080743,8.211211361793023,0.004003911333356314,-0.022179370428133893,0.010514132081492988,1.5581446180465497,0.005063301956546695,0.03946184663738883,-0.07824113724674575,0.029811974383525452,0.020216791725375494,-0.014295095612858688,0.004711860837897319,,-0.010473993044609387,,-0.009765496187753797,-0.07420961366420187,0.009764223416159012,0.008441540051010499,-0.0125628198779566,-0.13711717137981516,-0.01816250435093636,0.05721789339386962,-0.7358597196636314,0.00044291220898085015,-0.016194685919980634,0.03201156336993627,
Illes Balears,04,2014,2014-01-01,1106617.0,204677.0,901940.0,34.0,204.0,10295.0,39303.0,4890.0,1457.0,33704.0,5387.0,,109403.0,,114790.0,48.16875,1895.85,482.875,9251.0,10972.0,1710.0,896.0,1171.0,84.60241666666667,5.936495707682148,4598.0,,agregado_media,False,agregado_media,False,agregado_media,False,agregado_suma,False,agregado_suma,False,agregado_suma,False,agregado_suma,False,agregado_suma,False,agregado_media,False,agregado_suma,False,13.916818171699374,12.229188405786012,13.712303277985278,3.5263605246161616,5.318119993844216,9.23941361946189,10.57905613082178,8.494947582468917,7.284134806195205,10.425371803658852,8.591743922680534,,11.602793590897507,,11.650859651059543,3.8747104705441666,7.547422565761245,6.179757820986445,9.132486932771318,9.303101852057495,7.444248649496705,6.79794041297493,7.065613363597717,4.437962832004025,1.7811190110849828,8.433376705323127,0.0013437337559221163,-0.059348628165052375,0.015644952064183926,0.5819215454497213,0.02985296314968089,0.0008745931270297547,-0.17175785312196723,-0.056647035664653345,0.005505863874522454,-0.057534164108878016,-0.026379987314143705,,-0.02494160494723552,,-0.02500915333382636,0.00433792772120789,0.020368496682511505,0.014655142468092741,0.16664143802038112,0.28549707522413925,0.22607181109329755,-0.09875391864778216,-0.04589875289843981,-0.0032030080758946866,0.005554227776908505,0.2221653435301043,
Illes Balears,04,2015,2015-01-01,1111002.0,197914.0,913088.0,65.0,211.0,10463.0,35328.0,4652.0,1530.0,32473.0,5526.0,,107666.0,,113192.0,51.2505,1943.775,509.625,10603.0,12952.0,2203.0,1636.0,1426.0,84.74374999999999,6.054920508216557,5714.0,,agregado_media,False,agregado_media,False,agregado_media,False,agregado_suma,False,agregado_suma,False,agregado_suma,False,agregado_suma,False,agregado_suma,False,agregado_media,False,agregado_suma,False,13.920772868800166,12.195587871887897,13.724587540474486,4.174387269895637,5.351858133476067,9.255600503381046,10.472431129636767,8.445052513638554,7.333023014386481,10.388164253807057,8.617219505483362,,11.58678912156705,,11.636840770875787,3.936725374068488,7.572387237581167,6.233675161139417,9.268892258925797,9.469005495357472,7.697575346802343,7.400009517162692,7.262628600974241,4.439631997228482,1.8008712486309444,8.65067458279072,0.003954697100791549,-0.033600533898114904,0.01228426248920833,0.6480267452794752,0.03373813963185057,0.016186883919155903,-0.10662500118501228,-0.04989506883036299,0.04888820819127648,-0.03720754985179475,0.025475582802828356,,-0.016004469330457738,,-0.0140188801837553,0.062014903524321596,0.024964671819922124,0.05391734015297178,0.1364053261544793,0.16590364329997698,0.2533266973056376,0.6020691041877617,0.19701523737652415,0.0016691652244569255,0.01975223754596156,0.21729787746759222,
Illes Balears,04,2016,2016-01-01,1117353.0,196534.0,920819.0,82.0,220.0,10947.0,34254.0,4702.0,1577.0,32488.0,5885.0,,106379.0,,112264.0,54.41525,2051.7,530.575,13820.0,15882.0,2594.0,,1009.0,85.03158333333333,6.25,6705.0,32.82,agregado_media,False,agregado_media,False,agregado_media,False,agregado_suma,False,agregado_suma,False,agregado_suma,False,,False,agregado_suma,False,agregado_media,False,agregado_suma,False,13.926473053193078,12.18859072331366,13.73301877040803,4.406719247264253,5.393627546352362,9.300820725104558,10.441558625192314,8.455743229100015,7.3632795869630385,10.388626069366135,8.680162019694377,,11.574763467988918,,11.628608519430971,3.9966444454588896,7.62642399677216,6.273961324121705,9.53387209732166,9.672941671455156,7.860956364876389,,6.9167150203536085,4.4430227561032405,1.8325814637483102,8.81060879571578,0.005700184392912533,-0.0069971485742374995,0.00843122993354406,0.23233197736861655,0.04176941287629532,0.045220221723511145,-0.030872504444452886,0.010690715461461053,0.03025657257655734,0.0004618155590776496,0.06294251421101471,,-0.012025653578131568,,-0.00823225144481654,0.059919071390401424,0.05403675919099271,0.040286162982288154,0.26497983839586325,0.20393617609768455,0.16338101807404648,,-0.3459135806206328,0.0033907588747581485,0.031710215117365825,0.1599342129250605,
Illes Balears,04,2017,2017-01-01,1128492.0,196235.0,932257.0,103.0,230.0,11389.0,33440.0,4643.0,1599.0,32841.0,6116.0,,105874.0,,111990.0,58.747,2132.3,537.525,15893.0,18390.0,2980.0,,1743.0,85.91475,6.539460718444864,7181.0,31.2,agregado_media,False,agregado_media,False,agregado_media,False,agregado_suma,False,agregado_suma,False,agregado_suma,False,,False,agregado_suma,False,agregado_media,False,agregado_suma,False,13.936392786158331,12.187068199602477,13.745363806728351,4.634728988229636,5.438079308923196,9.340403256274351,10.417508067198638,8.443115988019922,7.377133712833954,10.399433013772667,8.718663567048953,,11.570004986809396,,11.62616486057674,4.073240087890679,7.664956488332188,6.286975270548092,9.67363403969682,9.819562317598367,7.9996785794994505,,7.463363045520021,4.453355525541713,1.8778547031157962,8.879193928110318,0.009919732965252948,-0.0015225237111824441,0.012345036320320801,0.2280097409653825,0.04445176257083361,0.03958253116979371,-0.024050557993676946,-0.012627241080092944,0.013854125870915723,0.010806944406532182,0.038501547354576005,,-0.004758481179521823,,-0.0024436588542311455,0.07659564243178929,0.03853249156002825,0.01301394642638698,0.13976194237515926,0.14662064614321046,0.1387222146230611,,0.5466480251664123,0.010332769438472944,0.04527323936748595,0.06858513239453856,-1.620000000000001
Illes Balears,04,2018,2018-01-01,1141233.0,202905.0,938328.0,115.0,277.0,12330.0,36282.0,5097.0,1700.0,34420.0,6425.0,,106259.0,,112684.0,63.13275,2239.55,560.1750000000001,15665.0,17466.0,2594.0,3073.0,1699.0,88.09633333333333,7.03125,6297.0,30.46,agregado_media,False,agregado_media,False,agregado_media,False,agregado_suma,False,agregado_suma,False,agregado_suma,False,agregado_suma,False,agregado_suma,False,agregado_media,False,agregado_suma,False,13.947619814832944,12.220493168191403,13.751854847035075,4.74493212836325,5.6240175061873385,9.41979059615839,10.499077029501269,8.536407410340042,7.438383530044307,10.44639306976553,8.76795190976342,,11.573634789081675,,11.632342720117787,4.145239652336852,7.71403023181027,6.32824923491124,9.659184203386292,9.768011412973678,7.860956364876389,8.030409562130485,7.4377951216719325,4.4784309127040975,1.9503644994046936,8.747828608488742,0.011227028674612782,0.03342496858892652,0.006491040306723761,0.11020314013361432,0.18593819726414296,0.0793873398840379,0.08156896230263122,0.09329142232011911,0.06124981721035283,0.046960055992864014,0.04928834271446725,,0.003629802272278937,,0.006177859541047326,0.07199956444617328,0.04907374347808169,0.0412739643631479,-0.01444983631052743,-0.0515509046246887,-0.1387222146230611,,-0.02556792384808837,0.02507538716238411,0.07250979628889742,-0.13136531962157605,-0.7399999999999984
Illes Balears,04,2019,2019-01-01,1157928.0,211949.0,945979.0,150.0,300.0,13285.0,40426.0,5751.0,1762.0,36621.0,6654.0,,107000.0,,113654.0,66.9315,2360.8,571.1500000000001,13925.0,15692.0,2297.0,3112.0,2144.0,89.61466666666666,7.717135009587962,5856.0,29.34,agregado_media,False,agregado_media,False,agregado_media,False,agregado_suma,False,agregado_suma,False,agregado_suma,False,agregado_suma,False,agregado_suma,False,agregado_media,False,agregado_suma,False,13.962142759016256,12.264100958675764,13.759975649056118,5.0106352940962555,5.703782474656201,9.494390858193913,10.607228421306944,8.657129031713755,7.474204806496124,10.50837712533791,8.802973456578423,,11.580584113444043,,11.640914024437839,4.2036697083360925,7.7667558236287295,6.347651872179957,9.541441064795485,9.660906307329443,7.739359202689098,8.043020885298283,7.670428522190693,4.495518997061251,2.043443182409634,8.675222055641148,0.014522944183312347,0.043607790484360365,0.00812080202104326,0.26570316573300534,0.07976496846886239,0.07460026203552417,0.10815139180567535,0.120721621373713,0.03582127645181732,0.061984055572379404,0.03502154681500258,,0.006949324362368614,,0.00857130432005171,0.05843005599924034,0.052725591818459705,0.019402637268716383,-0.1177431385908072,-0.10710510564423537,-0.12159716218729155,0.012611323167798005,0.23263340051876025,0.017088084357153477,0.09307868300494038,-0.07260655284759387,-1.120000000000001
Illes Balears,04,2020,2020-01-01,1176816.0,224688.0,952128.0,194.0,334.0,14381.0,46649.0,6663.0,1975.0,39099.0,7021.0,,108372.0,,115393.0,69.6485,2372.9,528.225,10684.0,11558.0,1605.0,2976.0,3143.0,89.96025,7.843137254901961,4107.0,29.64,agregado_media,False,agregado_media,False,agregado_media,False,agregado_suma,False,agregado_suma,False,agregado_suma,False,agregado_suma,False,agregado_suma,False,agregado_media,False,agregado_suma,False,13.978323044370004,12.322468052207961,13.766454758516915,5.267858159063328,5.811140992976701,9.57366316988638,10.750406769818508,8.804325112562537,7.5883236773352225,10.57385217019883,8.85666093701725,,11.593325032038798,,11.656098972637475,4.243461163741214,7.771868114797712,6.269522329299583,9.276502574229852,9.355133116877724,7.380879035564116,7.998335395952982,8.052933036797567,4.499367906100148,2.0596389143836564,8.320448113956559,0.016180285353748047,0.0583670935321976,0.0064791094607965505,0.2572228649670727,0.10735851832049992,0.07927231169246696,0.1431783485115634,0.14719608084878288,0.11411887083909811,0.0654750448609196,0.05368748043882654,,0.012740918594754902,,0.015184948199635784,0.039791455405121745,0.005112291168982708,-0.07812954288037322,-0.26493849056563334,-0.3057731904517187,-0.35848016712498154,-0.04468548934530059,0.3825045146068744,0.0038489090388971192,0.016195731974022465,-0.35477394168458964,0.3000000000000007
Illes Balears,04,2021,2021-01-01,1183415.0,228749.0,954666.0,212.0,365.0,14730.0,48798.0,6851.0,2144.0,40338.0,,26244.0,,89067.0,115311.0,73.69924999999999,2462.275,538.0,14168.0,17668.0,2292.0,3411.0,2864.0,90.74783333333333,8.125,7262.0,32.67,agregado_media,False,agregado_media,False,agregado_media,False,agregado_suma,False,agregado_suma,False,agregado_suma,False,agregado_suma,False,agregado_suma,False,agregado_media,False,agregado_suma,False,13.983914884486634,12.340380611543512,13.769116820070298,5.356586274672012,5.8998973535824915,9.597641509456675,10.79544460739483,8.832149906002899,7.670428522190693,10.605049231697091,,10.175192670464767,,11.397144174484485,11.655388105002295,4.299992622752738,7.8088409983133245,6.2878585601617845,9.55874117946267,9.779510372716418,7.73718007783463,8.134760782418645,7.9599745280805365,4.508084597745161,2.094945728215801,8.89041055197428,0.005591840116629498,0.017912559335551137,0.0026620615533836656,0.0887281156086841,0.08875636060579062,0.02397833957029505,0.04503783757632185,0.027824793440361262,0.0821048448554702,0.03119706149826129,,,,,-0.0007108676351794685,0.056531459011523566,0.03697288351561223,0.01833623086220104,0.2822386052328181,0.424377255838694,0.3563010422705135,0.13642538646566305,-0.0929585087170306,0.008716691645012986,0.03530681383214462,0.569962438017722,3.030000000000001
Illes Balears,04,2022,2022-01-01,1187043.0,230814.0,956229.0,200.0,386.0,14550.0,49071.0,6682.0,2379.0,40216.0,,27184.0,,90146.0,117330.0,80.48025000000001,2653.925,575.9749999999999,17813.0,19006.0,2561.0,3082.0,3184.0,92.14516666666667,8.602150537634408,8220.0,34.38,agregado_media,False,agregado_media,False,agregado_media,False,agregado_suma,False,agregado_suma,False,agregado_suma,False,agregado_suma,False,agregado_suma,False,agregado_media,False,agregado_suma,False,13.986975898714944,12.349367470355281,13.770752703097427,5.298317366548036,5.955837369464831,9.585346272599638,10.801023507926635,8.807172622916703,7.774435510302958,10.602020205372412,,10.210383843911714,,11.409185857153442,11.672745756417669,4.3880118127084335,7.8837949552615045,6.356064256976185,9.787683806792485,9.85250999777126,7.848153086199526,8.033334015880062,8.065893546964274,4.523365232025831,2.1520122345146713,9.014325488050225,0.003061014228309844,0.008986858811768528,0.0016358830271290259,-0.058268908123976004,0.055940015882339544,-0.01229523685703704,0.005578900531805431,-0.024977283086196067,0.10400698811226494,-0.0030290263246790516,,0.03519117344694678,,0.012041682668957776,0.01735765141537371,0.08801918995569569,0.07495395694818008,0.0682056968144007,0.22894262732981474,0.07299962505484281,0.11097300836489588,-0.10142676653858373,0.10591901888373734,0.015280634280669503,0.05706650629887022,0.12391493607594484,1.7100000000000009
Illes Balears,04,2023,2023-01-01,1209906.0,247669.0,962237.0,271.0,442.0,14734.0,58867.0,7321.0,2559.0,40696.0,,28984.0,,93795.0,122779.0,83.76525000000001,2887.575,589.575,14181.0,15195.0,2020.0,2782.0,2512.0,94.45766666666665,9.090909090909092,6066.0,31.5,agregado_media,False,agregado_media,False,agregado_media,False,agregado_suma,False,agregado_suma,False,agregado_suma,False,agregado_suma,False,agregado_suma,False,agregado_media,False,agregado_suma,False,14.0060532286048,12.419848456252549,13.777016061052134,5.602118820879701,6.091309882077698,9.59791302724276,10.983035940982012,8.898502209646642,7.847371836159788,10.6138850865026,,10.274499232574913,,11.448866828669509,11.718141270299354,4.428018243681125,7.968172328518704,6.37940193834793,9.559658319461347,9.628721705350893,7.61085279039525,7.930925372483388,7.828834527588089,4.5481517623490575,2.207274913189721,8.710454688248527,0.019077329889856998,0.0704809858972677,0.00626335795470645,0.3038014543316647,0.13547251261286686,0.012566754643120959,0.18201243305537673,0.0913295867299393,0.07293632585683074,0.011864881130188465,,0.06411538866319866,,0.03968097151606642,0.045395513881684835,0.0400064309726913,0.0843773732571993,0.023337681371744523,-0.2280254873311378,-0.2237882924203678,-0.23730029580427558,-0.10240864339667333,-0.23705901937618457,0.024786530323226863,0.05526267867504986,-0.3038707998016985,-2.8800000000000026
Illes Balears,04,2024,2024-01-01,1231768.0,260727.0,971041.0,324.0,440.0,15226.0,69157.0,7883.0,2718.0,41177.0,,28312.0,,95490.0,123802.0,89.3005,3167.025,607.25,13824.0,15464.0,1897.0,3352.0,2787.0,96.89416666666666,9.615384615384617,6112.0,32.62,agregado_media,False,agregado_media,False,agregado_media,False,agregado_suma,False,agregado_suma,False,agregado_suma,False,agregado_suma,False,agregado_suma,False,agregado_media,False,agregado_suma,False,14.023961093654417,12.471229161877625,13.786123970892845,5.780743515792329,6.0867747269123065,9.630759771866158,11.144134561181431,8.972463821059907,7.907651594711089,10.62563512702953,,10.2510410220253,,11.466776808944248,11.726438794190994,4.492007086970922,8.060547940413388,6.408940567882282,9.534161491043838,9.646270020888167,7.5480289699350145,8.117312461601975,7.932721027481948,4.573619317566253,2.2633643798407643,8.718009330846357,0.017907865049616944,0.05138070562507657,0.009107909840711415,0.178624694912628,-0.00453515516539138,0.03284674462339865,0.16109862019941978,0.07396161141326552,0.06027975855130041,0.011750040526930405,,-0.023458210549613057,,0.017909980274739112,0.008297523891640068,0.06398884328979726,0.0923756118946839,0.029538629534352268,-0.02549682841750922,0.017548315537274206,-0.0628238204602356,0.18638708911858615,0.1038864998938589,0.02546755521719568,0.056089466651043196,0.007554642597829897,1.1199999999999974
Illes Balears,04,2025,2025-01-01,1249844.0,270891.0,978953.0,397.0,445.0,16028.0,75691.0,7863.0,2910.0,42377.0,,27230.0,,97950.0,125180.0,99.99975,3609.125,621.975,14667.0,15474.0,1791.0,4215.0,2482.0,99.99991666666665,,5601.0,29.86,agregado_media,False,agregado_media,False,agregado_media,False,agregado_suma,False,agregado_suma,False,agregado_suma,False,agregado_suma,False,agregado_suma,False,agregado_media,False,agregado_suma,False,14.038529301490316,12.509471804929943,13.794238912188614,5.983936280687191,6.09807428216624,9.682092471756036,11.23441454200085,8.969923491991516,7.975908360165538,10.654361041209096,,10.212074585667805,,11.492212423372687,11.737507980478693,4.605167685984966,8.191220639676128,6.432899899005377,9.593355351246755,9.6469164751094,7.490529402060711,8.346404870435956,7.8168199657645525,4.605169352654411,,8.630700432209832,0.014568207835898406,0.038242643052317504,0.008114941295769285,0.2031927648948617,0.011299555253933669,0.051332699889877986,0.09027998081941924,-0.0025403290683918556,0.06825676545444903,0.028725914179565493,,-0.038966436357494416,,0.02543561442843867,0.01106918628769904,0.1131605990140443,0.13067269926274072,0.023959331123094785,0.05919386020291739,0.0006464542212327729,-0.057499567874303104,0.2290924088339814,-0.11590106171739567,0.03155003508815746,,-0.08730889863652536,-2.759999999999998
Canarias,05,2002,2002-01-01,1703846.0,107563.0,1596283.0,113.0,54.0,6532.0,29450.0,6937.0,911.0,11710.0,2559.0,,49296.0,,51855.0,,1174.275,723.125,,,,,,70.99825,,,,,False,agregado_media,False,agregado_media,False,,False,,False,,False,,False,,False,agregado_media,False,,False,14.348398606700425,11.585832001403288,14.2831883595686,4.727387818712341,3.9889840465642745,8.784468454090355,10.290449189079732,8.844624683385302,6.814542897259958,9.368198456591763,7.847371836159788,,10.80559822083645,,10.856206641023835,,7.068406214865696,6.583582097947941,,,,,,4.262655228850227,,,,,,,,,,,,,,,,,,,,,,,,,,,,,
Canarias,05,2003,2003-01-01,1755693.0,136072.0,1619622.0,132.0,60.0,7850.0,41220.0,7999.0,1024.0,15281.0,3293.0,,59211.0,,62504.0,,1287.6,762.1,,,,,,73.87899999999999,,,,,False,agregado_media,False,agregado_media,False,,False,,False,,False,,False,,False,agregado_media,False,,False,14.378374208735625,11.820939436393928,14.297703346648776,4.882801922586371,4.0943445622221,8.968268810776454,10.62667885444445,8.987071812848821,6.931471805599453,9.634365505605258,8.099554282376364,,10.988862614422217,,11.04298583367658,,7.160535299424653,6.636077780672072,,,,,,4.302428619776521,,,0.029975602035200666,0.23510743499064013,0.014514987080175956,0.15541410387402976,0.10536051565782589,0.18380035668609906,0.33622966536471743,0.14244712946351967,0.11692890833949487,0.26616704901349486,0.25218244621657515,,0.18326439358576785,,0.1867791926527449,,0.09212908455895708,0.052495682724130965,,,,,,0.039773390926293395,,,
Canarias,05,2004,2004-01-01,1804255.0,161266.0,1642988.0,135.0,60.0,8919.0,49577.0,8856.0,1126.0,18192.0,4062.0,,70340.0,,74402.0,,1410.5,783.075,,41072.0,,,,75.94491666666667,,,,,False,agregado_media,False,agregado_media,False,,False,agregado_suma,False,,False,,False,,False,agregado_media,False,,False,14.405658322165264,11.990810454541766,14.312027093280012,4.90527477843843,4.0943445622221,9.095939111666207,10.811282295489018,9.088850474388472,7.026426808699636,9.808737215990318,8.30943074214033,,11.161095906027974,,11.217238102180307,,7.251699530442051,6.663228476844284,,10.623081903110922,,,,4.330008296804064,,,0.02728411342963888,0.16987101814783756,0.014323746631236034,0.022472855852059048,0.0,0.1276703008897524,0.18460344104456894,0.10177866153965098,0.0949550031001829,0.17437171038505994,0.20987645976396685,,0.17223329160575673,,0.17425226850372688,,0.09116423101739723,0.027150696172212108,,,,,,0.027579677027543603,,,
Canarias,05,2005,2005-01-01,1853155.0,187429.0,1665726.0,142.0,71.0,10497.0,56759.0,9619.0,1218.0,21493.0,4810.0,,82821.0,,87631.0,,1566.025,815.7,,41467.0,,,,78.08975,,,,,False,agregado_media,False,agregado_media,False,,False,agregado_suma,False,,False,,False,,False,agregado_media,False,,False,14.432400149907341,12.14115538601361,14.32577162239663,4.955827057601261,4.2626798770413155,9.258844781035798,10.946569513077906,9.171495588152615,7.1049654482698426,9.975482579707275,8.478452363099807,,11.324436931404833,,11.38089009560181,,7.356295840663424,6.704046640306535,,10.632653209172005,,,,4.357858806235217,,,0.026741827742077007,0.15034493147184413,0.013744529116618054,0.050552279162831226,0.16833531481921504,0.16290566936959117,0.1352872175888873,0.08264511376414241,0.07853863957020657,0.16674536371695758,0.1690216209594766,,0.1633410253768588,,0.16365199342150305,,0.10459631022137295,0.040818163462250645,,0.009571306061083362,,,,0.027850509431152304,,,
Canarias,05,2006,2006-01-01,1899609.0,210873.0,1688736.0,134.0,79.0,11739.0,61445.0,10411.0,1339.0,24150.0,5443.0,,96133.0,,101576.0,,1695.15,859.9,,44423.0,,,,79.88308333333333,,,,,False,agregado_media,False,agregado_media,False,,False,agregado_suma,False,,False,,False,,False,agregado_media,False,,False,14.457158633485426,12.259011335511651,14.339490878066742,4.897839799950911,4.3694478524670215,9.370671910878523,11.025897744718698,9.250618218474752,7.199678345691172,10.092039659080719,8.6020856584342,,11.47348792831243,,11.528562565749628,,7.4355265114742695,6.756816103416851,,10.701512632313317,,,,4.380564107368686,,,0.024758483578084522,0.11785594949804157,0.013719255670112673,-0.05798725765034973,0.10676797542570604,0.11182712984272491,0.07932823164079217,0.07912263032213751,0.0947128974213296,0.11655707937344317,0.12363329533439327,,0.14905099690759727,,0.1476724701478176,,0.0792306708108459,0.05276946311031594,,0.06885942314131199,,,,0.02270530113346947,,,
Canarias,05,2007,2007-01-01,1946071.0,234013.0,1712058.0,132.0,86.0,12777.0,66149.0,11645.0,1423.0,25751.0,6235.0,,109815.0,,116050.0,78.67025,1795.875,891.1500000000001,32103.0,39874.0,3164.0,,,82.70791666666668,,5193.0,,agregado_media,False,agregado_media,False,agregado_media,False,agregado_suma,False,agregado_suma,False,agregado_suma,False,,False,,False,agregado_media,False,agregado_suma,False,14.481323026160158,12.363131948352242,14.353206713614634,4.882801922586371,4.454347296253507,9.455401958591324,11.099665052270861,9.36263218231844,7.260522598089852,10.156228740289281,8.737933858114136,,11.606552410748852,,11.661776411702583,4.36526506616755,7.493247647330883,6.79251276346986,10.37670476269511,10.593479761402772,8.059592328887545,,,4.41531532497728,,8.555066843844319,0.024164392674732582,0.10412061284059071,0.013715835547891686,-0.015037877364540542,0.08489944378648584,0.08473004771280124,0.07376730755216343,0.11201396384368856,0.060844252398680077,0.06418908120856237,0.1358481996799359,,0.13306448243642244,,0.13321384595295527,,0.05772113585661387,0.03569666005300931,,-0.10803287091054514,,,,0.03475121760859423,,,
Canarias,05,2008,2008-01-01,1991945.0,259358.0,1732587.0,122.0,83.0,14078.0,70667.0,13252.0,1534.0,28168.0,6941.0,,124512.0,,131453.0,80.09525000000001,1793.5,839.925,25326.0,25514.0,1937.0,13751.0,29618.0,85.58158333333333,,3043.0,,agregado_media,False,agregado_media,False,agregado_media,False,agregado_suma,False,agregado_suma,False,agregado_suma,False,agregado_suma,False,agregado_suma,False,agregado_media,False,agregado_suma,False,14.504622106303739,12.465964625650443,14.365126225235608,4.804021044733257,4.418840607796598,9.552368574168076,11.165733981956047,9.491903763419787,7.335633981927201,10.245941860834888,8.845201135339584,,11.732157375784281,,11.786404652263519,4.38321655144204,7.491924296972337,6.733312602136867,10.139586815010555,10.146982600098235,7.5688956634069955,9.528866827722945,10.29613756359745,4.449470112024973,,8.02059914989697,0.023299080143580397,0.10283267729820089,0.011919511620973822,-0.07878087785311383,-0.035506688456909075,0.09696661557675235,0.0660689296851853,0.12927158110134584,0.07511138383734917,0.08971312054560698,0.10726727722544815,,0.1256049650354285,,0.12462824056093602,0.017951485274489976,-0.001323350358545916,-0.059200161332992884,-0.23711794768455619,-0.44649716130453676,-0.4906966654805496,,,0.034154787047692814,,-0.5344676939473487,
Canarias,05,2009,2009-01-01,2025486.0,273429.0,1752057.0,105.0,82.0,15316.0,70263.0,14474.0,1559.0,30149.0,7501.0,,133980.0,,141481.0,77.03450000000001,1664.5,774.95,18352.0,18181.0,1552.0,4569.0,18472.0,87.36908333333332,,2748.0,,agregado_media,False,agregado_media,False,agregado_media,False,agregado_suma,False,agregado_suma,False,agregado_suma,False,agregado_suma,False,agregado_suma,False,agregado_media,False,agregado_suma,False,14.521320229727383,12.518797269336615,14.376301084195822,4.653960350157523,4.406719247264253,9.636653312597184,11.16000062345651,9.580109215426074,7.351799869057777,10.313907034109423,8.922791623969637,,11.805445814062258,,11.859920711431277,4.344253373456434,7.41728005701508,6.65279851114306,9.817493839369153,9.808132371719273,7.347299700743164,8.427049641563272,9.824011351034331,4.470141482476703,,7.91862865334224,0.016698123423644518,0.052832643686171465,0.01117485896021364,-0.15006069457573368,-0.012121360532344916,0.08428473842910833,-0.0057333584995369336,0.08820545200628693,0.016165887130575207,0.06796517327453522,0.07759048863005269,,0.07328843827797726,,0.07351605916775839,-0.03896317798560567,-0.07464423995725777,-0.08051409099380713,-0.32209297564140194,-0.3388502283789627,-0.22159596266383108,-1.101817186159673,-0.4721262125631185,0.020671370451729842,,-0.10197049655473034,
Canarias,05,2010,2010-01-01,2045168.0,275897.0,1769271.0,92.0,83.0,16010.0,65091.0,14387.0,1540.0,30921.0,8135.0,,139638.0,,147773.0,75.125,1567.425,756.825,17114.0,19553.0,1784.0,1905.0,12405.0,87.98833333333333,,3260.0,,agregado_media,False,agregado_media,False,agregado_media,False,agregado_suma,False,agregado_suma,False,agregado_suma,False,agregado_suma,False,agregado_suma,False,agregado_media,False,agregado_suma,False,14.530990495674024,12.527782886641367,14.386078155303792,4.5217885770490405,4.418840607796598,9.68096880599076,11.083541569791482,9.574080300037034,7.3395376954076745,10.339190843704902,9.003931019653137,,11.84680863857272,,11.903432591511997,4.319153392855371,7.357189424472424,6.629132051018702,9.747652120978,9.880884006326275,7.486613313139955,7.552237287560802,9.425854896125902,4.477204229931688,,8.089482474360754,0.009670265946640555,0.008985617304752225,0.00977707110797077,-0.1321717731084826,0.012121360532344916,0.04431549339357588,-0.07645905366502781,-0.006028915389039824,-0.01226217365010207,0.0252838095954786,0.08113939568350048,,0.04136282451046114,,0.043511880080719934,-0.025099980601062555,-0.06009063254265534,-0.02366646012435769,-0.06984171839115305,0.07275163460700185,0.13931361239679063,-0.8748123540024704,-0.3981564549084293,0.007062747454985363,,0.17085382101851376,
Canarias,05,2011,2011-01-01,2064876.0,275787.0,1789089.0,75.0,75.0,16360.0,59128.0,14368.0,1516.0,31023.0,8944.0,,144300.0,,153244.0,70.82900000000001,1489.4499999999998,768.675,15520.0,14282.0,2201.0,821.0,6955.0,89.02125000000001,5.555555555555556,4113.0,,agregado_media,False,agregado_media,False,agregado_media,False,agregado_suma,False,agregado_suma,False,agregado_suma,False,agregado_suma,False,agregado_suma,False,agregado_media,False,agregado_suma,False,14.540580734148142,12.52738410762491,14.397217109716271,4.31748811353631,4.31748811353631,9.702594610156739,10.987459864464723,9.57275879054198,7.323830566202317,10.342484143853085,9.09873819539488,,11.879649744761963,,11.939786701319122,4.260268521354417,7.306162203278395,6.644668253385737,9.64988479373721,9.566755282109055,7.696667081526462,6.710523109452428,8.847216104357543,4.488875105277486,1.7147984280919268,8.321907968230423,0.009590238474117996,-0.00039877901645724023,0.011138954412478697,-0.20430046351273035,-0.10135249426028814,0.02162580416597848,-0.09608170532675864,-0.0013215094950531636,-0.01570712920535744,0.003293300148182965,0.09480717574174236,,0.03284110618924352,,0.0363541098071245,-0.058884871500954006,-0.05102722119402969,0.015536202367034235,-0.09776732724079018,-0.3141287242172197,0.2100537683865067,-0.8417141781083739,-0.5786387917683591,0.01167087534579725,,0.2324254938696697,
Canarias,05,2012,2012-01-01,2085928.0,277942.0,1807986.0,70.0,73.0,16593.0,54288.0,15076.0,1509.0,30710.0,9731.0,,149892.0,,159623.0,61.4105,1355.1,743.5,14300.0,15287.0,2497.0,476.0,1314.0,89.39691666666667,5.454545454545454,5065.0,,agregado_media,False,agregado_media,False,agregado_media,False,agregado_suma,False,agregado_suma,False,agregado_suma,False,agregado_suma,False,agregado_suma,False,agregado_media,False,agregado_suma,False,14.55072439812742,12.535167737812337,14.407724076541447,4.248495242049359,4.290459441148391,9.716736198662788,10.90205848702401,9.620859354387026,7.319202458767849,10.332343613434867,9.18307194482199,,11.91767031375391,,11.980570063890646,4.117580830304579,7.211630531328668,6.61136876590021,9.568014816247999,9.634758073001034,7.822845290279774,6.16541785423142,7.1808311990445555,4.493086192397529,1.69644928942373,8.530109416682784,0.010143663979278017,0.007783630187427448,0.010506966825175823,-0.06899287148695077,-0.027028672387919173,0.01414158850604963,-0.08540137744071252,0.04810056384504513,-0.004628107434467843,-0.010140530418217608,0.0843337494271097,,0.03802056899194639,,0.04078336257152415,-0.14268769104983825,-0.09453167194972689,-0.033299487485527024,-0.08186997748921065,0.06800279089197936,0.12617820875331187,-0.5451052552210074,-1.666384905312987,0.004211087120043366,-0.018349138668196874,0.20820144845236044,
Canarias,05,2013,2013-01-01,2096336.0,277387.0,1818949.0,67.0,79.0,16957.0,51163.0,15446.0,1516.0,30517.0,10145.0,,151497.0,,161642.0,56.127250000000004,1278.55,729.675,15518.0,15480.0,2681.0,676.0,695.0,89.06091666666666,5.319148936170213,6002.0,,agregado_media,False,agregado_media,False,agregado_media,False,agregado_suma,False,agregado_suma,False,agregado_suma,False,agregado_suma,False,agregado_suma,False,agregado_media,False,agregado_suma,False,14.555701616919052,12.53316892203005,14.413769419724026,4.204692619390966,4.3694478524670215,9.738436006907127,10.842771893535705,9.64510534912921,7.323830566202317,10.326039184367792,9.224736252259914,,11.928321101755301,,11.99313929229082,4.027621434345732,7.153481902296605,6.592599229529601,9.649755919453895,9.647304147143718,7.893945138235959,6.516193076042964,6.543911845564792,4.489320592527165,1.6713133161521878,8.699848026000312,0.004977218791632154,-0.001998815782286556,0.006045343182579543,-0.04380262265839363,0.07898841131863055,0.021699808244338925,-0.05928659348830578,0.02424599474218425,0.004628107434467843,-0.00630442906707529,0.04166430743792482,,0.010650788001392186,,0.012569228400174381,-0.08995939595884739,-0.05814862903206297,-0.018769536370608186,0.08174110320589634,0.012546074142683494,0.07109984795618551,0.35077522181154386,-0.6369193534797635,-0.003765599870363623,-0.025135973271542156,0.1697386093175286,
Canarias,05,2014,2014-01-01,2098155.0,261574.0,1836581.0,70.0,85.0,16915.0,41359.0,13472.0,1465.0,29011.0,10109.0,,149088.0,,159197.0,55.41525,1272.85,738.825,17142.0,17915.0,3169.0,444.0,564.0,88.37625,5.303030303030303,7059.0,,agregado_media,False,agregado_media,False,agregado_media,False,agregado_suma,False,agregado_suma,False,agregado_suma,False,agregado_suma,False,agregado_suma,False,agregado_media,False,agregado_suma,False,14.556568945095,12.474472505246624,14.423416248904955,4.248495242049359,4.442651256490317,9.735956081214809,10.630045330940309,9.508368736482108,7.289610521451167,10.275430347393456,9.221181395154058,,11.912292014616524,,11.97789770799376,4.014854826631317,7.149013759721518,6.605061086409853,9.749286871458828,9.793393629739054,8.06117135969092,6.095824562432225,6.335054251498059,4.481603268388278,1.6682784124570338,8.862058677395472,0.0008673281759481455,-0.05869641678342674,0.009646829180928407,0.04380262265839363,0.07320340402329517,-0.0024799256923184743,-0.21272656259539602,-0.1367366126471019,-0.034220044751149814,-0.0506088369743356,-0.003554857105855902,,-0.016029087138777598,,-0.015241584297060129,-0.012766607714414846,-0.004468142575086986,0.012461856880251254,0.09953095200493323,0.14608948259533605,0.16722622145496135,-0.42036851361073957,-0.20885759406673277,-0.0077173241388877045,-0.003034903695154023,0.16221065139516,
Canarias,05,2015,2015-01-01,2101319.0,254015.0,1847304.0,69.0,87.0,17124.0,37069.0,12644.0,1468.0,28216.0,10179.0,,147159.0,,157338.0,57.3,1314.25,788.125,18454.0,19846.0,3402.0,1185.0,831.0,88.20925,5.319148936170213,7867.0,,agregado_media,False,agregado_media,False,agregado_media,False,agregado_suma,False,agregado_suma,False,agregado_suma,False,agregado_suma,False,agregado_suma,False,agregado_media,False,agregado_suma,False,14.55807580076249,12.445148599375099,14.429237836866747,4.23410650459726,4.465908118654584,9.748236267264836,10.520536319789551,9.444938073335509,7.291656209174461,10.247644471915889,9.22808205345234,,11.899268913870806,,11.966151636476653,4.048300623720694,7.181021439699557,6.669656706719184,9.8230364281385,9.895757754474186,8.132118772955806,7.077498053569231,6.7226297948554485,4.479711832797165,1.6713133161521878,8.970432074329242,0.0015068556674897593,-0.029323905871525113,0.005821587961792218,-0.014388737452099676,0.023256862164267034,0.012280186050027453,-0.10950901115075773,-0.06343066314659929,0.002045687723293277,-0.0277858754775675,0.00690065829828157,,-0.013023100745717997,,-0.011746071517107382,0.033445797089377116,0.03200767997803933,0.06459562030933164,0.07374955667967242,0.10236412473513212,0.07094741326488574,0.9816734911370064,0.3875755433573893,-0.0018914355911130443,0.003034903695154023,0.10837339693376968,
Canarias,05,2016,2016-01-01,2103436.0,249385.0,1854051.0,66.0,87.0,17379.0,34374.0,12342.0,1468.0,27375.0,10487.0,,145807.0,,156294.0,59.21625,1352.55,813.375,20702.0,22283.0,3915.0,,490.0,88.24633333333334,5.424606933965408,9438.0,30.26,agregado_media,False,agregado_media,False,agregado_media,False,agregado_suma,False,agregado_suma,False,agregado_suma,False,,False,agregado_suma,False,agregado_media,False,agregado_suma,False,14.559082756068507,12.426753166072897,14.432883532820211,4.189654742026425,4.465908118654584,9.763017859764734,10.445055743636633,9.420763358881013,7.291656209174461,10.217385467118802,9.257891673834406,,11.890039108378142,,11.959494127956809,4.081195997466826,7.209746978614025,6.701192257815148,9.937985592943695,10.011579334886969,8.272570608424903,,6.194405391104672,4.4801321463194546,1.6909454422329757,9.152499372286332,0.0010069553060176872,-0.01839543330220117,0.003645695953464312,-0.0444517625708345,0.0,0.0147815924998973,-0.07548057615291803,-0.024174714454495927,0.0,-0.03025900479708632,0.029809620382065916,,-0.009229805492664056,,-0.006657508519843702,0.03289537374613172,0.028725538914468274,0.0315355510959634,0.11494916480519457,0.11582158041278312,0.14045183546909712,,-0.5282244037507766,0.0004203135222899945,0.019632126080787904,0.1820672979570901,
Canarias,05,2017,2017-01-01,2115233.0,250586.0,1864647.0,71.0,82.0,17627.0,33824.0,12077.0,1509.0,26990.0,10217.0,,148189.0,,158406.0,61.82025,1409.375,841.325,23074.0,25868.0,4386.0,,1820.0,88.90483333333333,5.569474478434131,10588.0,30.67,agregado_media,False,agregado_media,False,agregado_media,False,agregado_suma,False,agregado_suma,False,agregado_suma,False,,False,agregado_suma,False,agregado_media,False,agregado_suma,False,14.564675529879377,12.431557453961759,14.438582317005654,4.2626798770413155,4.406719247264253,9.777187096419954,10.428925888669964,9.399058096275375,7.319202458767849,10.20322170601205,9.231808278591423,,11.906243765067792,,11.972916636432958,4.1242309806945,7.250901622691043,6.734978030031104,10.046461721487235,10.160761962566484,8.386172928977834,,7.506591780070841,4.487566509245936,1.7173007009125258,9.267476563346992,0.0055927738108696445,0.004804287888861225,0.0056987841854425625,0.07302513501489027,-0.059188871390330355,0.01416923665522063,-0.0161298549666693,-0.021705262605637543,0.027546249593388694,-0.01416376110675266,-0.026083395242983087,,0.01620465668965032,,0.013422508476148565,0.04303498322767396,0.04115464407701808,0.03378577221595602,0.10847612854353983,0.14918262767951518,0.11360232055293018,,1.3121863889661691,0.007434362926481697,0.02635525867955013,0.11497719106066029,0.41000000000000014
Canarias,05,2018,2018-01-01,2131581.0,260046.0,1871535.0,80.0,99.0,18126.0,37729.0,13783.0,1640.0,27489.0,10355.0,,150745.0,,161100.0,64.9075,1467.475,897.2,24224.0,25269.0,3929.0,3049.0,2192.0,89.77033333333333,5.797101449275362,9248.0,27.64,agregado_media,False,agregado_media,False,agregado_media,False,agregado_suma,False,agregado_suma,False,agregado_suma,False,agregado_suma,False,agregado_suma,False,agregado_media,False,agregado_suma,False,14.572374515872827,12.468613817425545,14.442269507728025,4.382026634673881,4.59511985013459,9.805102650614726,10.538184308498979,9.531191227694439,7.402451520818244,10.221541203633324,9.245224773829685,,11.923344946543525,,11.989780569165065,4.172963179436922,7.291298515782013,6.799278802646053,10.095099156237175,10.137333626983473,8.27614021955846,8.022568946988255,7.692569648067906,4.497254556954678,1.7573580425107227,9.13216259091216,0.0076989859934499805,0.03705636346378682,0.003687190722370559,0.11934675763256575,0.18840060287033644,0.027915554194771985,0.10925841982901474,0.1321331314190637,0.0832490620503945,0.01831949762127394,0.013416495238262272,,0.017101181475732474,,0.0168639327321074,0.04873219874242274,0.0403968930909695,0.06430077261494915,0.04863743474994031,-0.02342833558301116,-0.11003270941937338,,0.18597786799706473,0.009688047708741543,0.04005734159819685,-0.13531397243483312,-3.030000000000001
Canarias,05,2019,2019-01-01,2153316.0,273032.0,1880284.0,85.0,99.0,18494.0,43410.0,15767.0,1715.0,27957.0,10669.0,,154836.0,,165505.0,67.37725,1519.25,905.925,21316.0,24630.0,3422.0,3542.0,3103.0,90.74533333333333,6.29853321829163,7804.0,25.31,agregado_media,False,agregado_media,False,agregado_media,False,agregado_suma,False,agregado_suma,False,agregado_suma,False,agregado_suma,False,agregado_suma,False,agregado_media,False,agregado_suma,False,14.582519537522673,12.51734428341504,14.446933387226927,4.442651256490317,4.59511985013459,9.825201634137583,10.678445108293639,9.665674427237482,7.44716835960004,10.238422894453764,9.275097619191461,,11.950121771239846,,12.01675668482326,4.210307423847807,7.325972071015465,6.808956521159452,9.967213243416673,10.111720491114584,8.137980454452139,8.17244681834278,8.04012466444838,4.508057048498585,1.8403167837967307,8.962391701743002,0.010145021649845987,0.04873046598949493,0.004663879498902901,0.060624621816435464,0.0,0.020098983522856884,0.14026079979466033,0.1344831995430429,0.04471683878179622,0.016881690820440554,0.029872845361776257,,0.02677682469632181,,0.026976115658195354,0.037344244410884464,0.034673555233451836,0.009677718513398936,-0.12788591282050277,-0.02561313586888936,-0.13815976510632133,0.14987787135452457,0.3475550163804737,0.01080249154390689,0.082958741286008,-0.1697708891691576,-2.330000000000002
Canarias,05,2020,2020-01-01,2176240.0,288545.0,1887695.0,87.0,120.0,19108.0,50540.0,18071.0,1830.0,29150.0,10392.0,,159247.0,,169639.0,68.16425,1505.55,849.775,16939.0,17076.0,2216.0,2336.0,1341.0,91.47291666666666,6.451612903225807,5278.0,22.8,agregado_media,False,agregado_media,False,agregado_media,False,agregado_suma,False,agregado_suma,False,agregado_suma,False,agregado_suma,False,agregado_suma,False,agregado_media,False,agregado_suma,False,14.593109174993668,12.572606331969574,14.450867066027355,4.465908118654584,4.787491742782046,9.857862374509853,10.830520380942184,9.802063722398165,7.512071245835466,10.280210191778638,9.248791558350435,,11.978211734952414,,12.041427928735029,4.2219202338635595,7.316913558927919,6.744971608561223,9.737373934586381,9.745429247877853,7.703459047867175,7.756195343948118,7.201170883281678,4.516042935752961,1.8643301620628905,8.57130251706327,0.010589637470994617,0.05526204855453365,0.003933678800427387,0.023256862164267034,0.19237189264745602,0.03266074037227007,0.15207527264854548,0.13638929516068288,0.0649028862354264,0.04178729732487341,-0.02630606084102638,,0.028089963712567112,,0.02467124391176867,0.01161281001575265,-0.009058512087546156,-0.06398491259822858,-0.22983930883029124,-0.3662912432367307,-0.4345214065849641,-0.41625147439466126,-0.8389537811667012,0.007985887254376323,0.02401337826615979,-0.39108918467973197,-2.509999999999998
Canarias,05,2021,2021-01-01,2178924.0,288983.0,1889941.0,83.0,130.0,19075.0,53140.0,17885.0,1927.0,29345.0,,39642.0,,127756.0,167398.0,72.07875,1533.3,830.425,20801.0,24520.0,3114.0,2854.0,3011.0,92.07425,6.666666666666667,7845.0,23.73,agregado_media,False,agregado_media,False,agregado_media,False,agregado_suma,False,agregado_suma,False,agregado_suma,False,agregado_suma,False,agregado_suma,False,agregado_media,False,agregado_suma,False,14.594341734933911,12.574123141834987,14.45205616961735,4.418840607796598,4.867534450455582,9.856133856152658,10.880685219313804,9.791717651693117,7.563719668414366,10.286877452992435,,10.587644441257941,,11.757877473694947,12.02812948953484,4.277759271307314,7.335177554442343,6.721937617931474,9.942756341456828,10.107244390050148,8.043663352393944,7.956476798036782,8.010027528481734,4.522595316764422,1.8971199848858813,8.967631665167133,0.001232559940243405,0.0015168098654125828,0.001189103589995355,-0.04706751085798544,0.08004270767353638,-0.001728518357195341,0.05016483837161978,-0.010346070705047339,0.05164842257890001,0.00666726121379746,,,,,-0.013298439200189804,0.05583903744375451,0.018263995514424813,-0.023033990629749646,0.20538240687044684,0.36181514217229527,0.3402043045267691,0.20028145408866393,0.8088566452000556,0.006552381011460717,0.03278982282299081,0.3963291481038631,0.9299999999999997
Canarias,05,2022,2022-01-01,2185607.0,292401.0,1893206.0,79.0,117.0,18725.0,52926.0,17837.0,1982.0,29678.0,,40801.0,,130256.0,171057.0,78.6385,1604.6750000000002,925.2,27976.0,31125.0,4499.0,2890.0,2574.0,93.40683333333334,6.966145833333333,11872.0,28.6,agregado_media,False,agregado_media,False,agregado_media,False,agregado_suma,False,agregado_suma,False,agregado_suma,False,agregado_suma,False,agregado_suma,False,agregado_media,False,agregado_suma,False,14.597404151135324,12.585881426824553,14.453782246246478,4.3694478524670215,4.762173934797756,9.83761480838542,10.876649990486822,9.789030230558303,7.591861714889934,10.298161309566071,,10.616461869895815,,11.777257023813759,12.049752113274918,4.364861401394533,7.3806765228479625,6.830009930357284,10.239102278743212,10.345766633767008,8.411610428841172,7.969011781106478,7.853216388156072,4.53696450458571,1.9410621067423801,9.381937965407161,0.0030624162014127876,0.011758284989566548,0.0017260766291276042,-0.049392755329576765,-0.10536051565782589,-0.01851904776723856,-0.004035228826982262,-0.0026874211348140165,0.028142046475567284,0.011283856573635731,,0.028817428637873732,,0.01937955011881165,0.02162262374007895,0.08710213008721901,0.04549896840561907,0.1080723124258105,0.29634593728638414,0.2385222437168597,0.3679470764472281,0.01253498306969636,-0.15681114032566157,0.014369187821288598,0.04394212185649882,0.41430630024002824,4.870000000000001
Canarias,05,2023,2023-01-01,2213016.0,314523.0,1898493.0,80.0,130.0,18659.0,62983.0,19288.0,2130.0,30850.0,,42566.0,,137837.0,180403.0,82.80449999999999,1710.95,968.425,23760.0,26212.0,4186.0,3702.0,2107.0,95.744,7.341269841269842,9921.0,28.54,agregado_media,False,agregado_media,False,agregado_media,False,agregado_suma,False,agregado_suma,False,agregado_suma,False,agregado_suma,False,agregado_suma,False,agregado_media,False,agregado_suma,False,14.609866849011569,12.658812484404105,14.456570971525785,4.382026634673881,4.867534450455582,9.834083882397248,11.050620127690122,9.867238419861007,7.6638772587034705,10.336892029333534,,10.658811091522749,,11.833827106600484,12.10294851618414,4.416482407740511,7.444804050788406,6.875671040509285,10.075758773476581,10.173972600159388,8.339500903005945,8.216628493133443,7.653020413804189,4.561677962911958,1.9935118305609474,9.202409001649903,0.012462697876244988,0.07293105757955232,0.0027887252793075135,0.012578782206859707,0.10536051565782589,-0.003530925988171063,0.1739701372033,0.07820818930270335,0.07201554381353681,0.038730719767462674,,0.04234922162693344,,0.056570082786725706,0.05319640290922223,0.05162100634597788,0.06412752794044341,0.04566111015200125,-0.16334350526663144,-0.17179403360762002,-0.07210952583522712,0.24761671202696522,-0.20019597435188352,0.024713458326247384,0.05244972381856727,-0.17952896375725835,-0.060000000000002274
Canarias,05,2024,2024-01-01,2238754.0,329352.0,1909402.0,85.0,127.0,18970.0,73239.0,19668.0,2229.0,31506.0,,42147.0,,141381.0,183528.0,89.44225,1832.3249999999998,1005.625,24776.0,26685.0,3783.0,4088.0,2889.0,97.76208333333334,7.748254112747488,9128.0,27.23,agregado_media,False,agregado_media,False,agregado_media,False,agregado_suma,False,agregado_suma,False,agregado_suma,False,agregado_suma,False,agregado_suma,False,agregado_media,False,agregado_suma,False,14.621430019066796,12.704882366617579,14.462300661994982,4.442651256490317,4.844187086458591,9.85061406292906,11.20148334495411,9.88674822853183,7.709308333385869,10.357933282865915,,10.648918786519761,,11.859213652836159,12.12012252339217,4.4935931656198855,7.513340931246971,6.913364517746648,10.117630721653038,10.191856888768045,8.23827262463303,8.31581113188354,7.968665700466235,4.5825368058890685,2.047467542212339,9.119101891541911,0.011563170055227445,0.04606988221347308,0.005729690469197024,0.060624621816435464,-0.023347363996991,0.01653018053181121,0.15086321726398744,0.01950980867082386,0.04543107468239871,0.021041253532381177,,-0.0098923050029871,,0.0253865462356746,0.017174007208030417,0.0771107578793746,0.06853688045856554,0.037693477237362494,0.0418719481764569,0.017884288608657428,-0.10122827837291482,0.09918263875009714,0.31564528666204605,0.020858842977110825,0.05395571165139179,-0.08330711010799163,-1.3099999999999987
Canarias,05,2025,2025-01-01,2258866.0,342612.0,1916254.0,82.0,134.0,19789.0,81388.0,21509.0,2302.0,34425.0,,40582.0,,142401.0,182983.0,100.0,2044.05,1024.4,25368.0,26242.0,3452.0,4666.0,3152.0,99.99991666666666,,8302.0,25.65,agregado_media,False,agregado_media,False,agregado_media,False,agregado_suma,False,agregado_suma,False,agregado_suma,False,agregado_suma,False,agregado_suma,False,agregado_media,False,agregado_suma,False,14.630373475408316,12.744353890528453,14.465882796576288,4.406719247264253,4.897839799950911,9.892881506748903,11.306983120975794,9.976226731176434,7.741533589281828,10.446538323596856,,10.611079897527569,,11.866402300407264,12.117148531333578,4.605170185988092,7.62268841286394,6.931862354325371,10.141243816218184,10.175116459665661,8.146709052203319,8.448057452581375,8.05579245097777,4.605169352654411,,9.024251728612985,0.008943456341519607,0.039471523910874495,0.0035821345813058514,-0.03593200922606332,0.053652713492319926,0.04226744381984382,0.10549977602168426,0.089478502644603,0.03222525589595904,0.08860504073094155,,-0.037838888992192565,,0.007188647571105378,-0.0029739920585925006,0.11157702036820627,0.10934748161696817,0.018497836578722726,0.023613094565146042,-0.01674042910238427,-0.09156357242971147,0.13224632069783482,0.08712675051153429,0.0226325467653421,,-0.09485016292892645,-1.5800000000000018
Cantabria,06,2002,2002-01-01,536289.0,9521.0,526768.0,0.0,32.0,380.0,4452.0,711.0,429.0,890.0,713.0,,1914.0,,2627.0,,1226.3999999999999,211.85,,,,,,65.88166666666666,,,,,False,agregado_media,False,agregado_media,False,,False,,False,,False,,False,,False,agregado_media,False,,False,13.19242847385259,9.161255164285691,13.17451550289085,,3.4657359027997265,5.940171252720432,8.401108712395436,6.566672429803241,6.061456918928017,6.7912214627261855,6.569481420414296,,7.5569505720129,,7.87359778968554,,7.111838327557605,5.355878477072568,,,,,,4.187860203512003,,,,,,,,,,,,,,,,,,,,,,,,,,,,,
Cantabria,06,2003,2003-01-01,541645.0,12734.0,528912.0,2.0,44.0,501.0,6122.0,785.0,446.0,1169.0,1102.0,,2563.0,,3665.0,,1363.975,221.45,,,,,,69.50308333333334,,,,,False,agregado_media,False,agregado_media,False,,False,,False,,False,,False,,False,agregado_media,False,,False,13.202366084277845,9.45203086057697,13.178577345395668,0.6931471805599453,3.784189633918261,6.2166061010848646,8.719644119505357,6.665683717782408,6.100318952020064,7.063903961472068,7.004881989712859,,7.848933726364071,,8.206583614320753,,7.218158509789691,5.400196830369207,,,,,,4.241371116095064,,,0.009937610425254206,0.29077569629127886,0.004061842504818003,,0.3184537311185345,0.276434848364433,0.31853540710992156,0.09901128797916758,0.03886203309204728,0.27268249874588246,0.4354005692985634,,0.29198315435117106,,0.3329858246352124,,0.1063201822320865,0.04431835329663958,,,,,,0.05351091258306084,,,
Cantabria,06,2004,2004-01-01,548009.0,16096.0,531913.0,2.0,46.0,577.0,7621.0,894.0,485.0,1523.0,1495.0,,3453.0,,4948.0,,1512.525,226.825,,13329.0,,,,71.96458333333334,,,,,False,agregado_media,False,agregado_media,False,,False,agregado_suma,False,,False,,False,,False,agregado_media,False,,False,13.214046989152955,9.686326072899465,13.18423522111608,0.6931471805599453,3.828641396489095,6.3578422665081,8.938662873666118,6.795705775173514,6.184148890937483,7.328437352895162,7.3098814858247865,,8.146998697389993,,8.506738733512378,,7.321535718694015,5.424178795055693,,9.497697391604019,,,,4.276174099846324,,,0.011680904875110087,0.23429521232249506,0.0056578757204110985,0.0,0.04445176257083405,0.14123616542323525,0.21901875416076066,0.1300220573911055,0.08382993891741908,0.26453339142309407,0.3049994961119271,,0.298064971025922,,0.30015511919162563,,0.10337720890432411,0.02398196468648539,,,,,,0.03480298375126001,,,
Cantabria,06,2005,2005-01-01,554690.0,19210.0,535480.0,3.0,46.0,646.0,8806.0,1005.0,518.0,1725.0,1902.0,,4559.0,,6461.0,,1686.7,241.125,,15494.0,,,,73.84383333333334,,,,,False,agregado_media,False,agregado_media,False,,False,agregado_suma,False,,False,,False,,False,agregado_media,False,,False,13.226164678118069,9.863186255762603,13.190918819899833,1.0986122886681098,3.828641396489095,6.470799503782602,9.0831885863157,6.912742820493176,6.249975242259483,7.45298232946546,7.550661243105336,,8.424858580213442,,8.773539383558166,,7.430529236263969,5.485315471225893,,9.648208131191847,,,,4.301952502895502,,,0.012117688965114226,0.17686018286313754,0.006683598783753908,0.4054651081081645,0.0,0.11295723727450202,0.1445257126495818,0.11703704531966252,0.06582635132199943,0.12454497657029773,0.24077975728054923,,0.2778598828234493,,0.2668006500457878,,0.1089935175699539,0.06113667617020013,,0.150510739587828,,,,0.02577840304917789,,,
Cantabria,06,2006,2006-01-01,561042.0,22239.0,538803.0,3.0,44.0,705.0,9856.0,1112.0,527.0,1849.0,2182.0,,5961.0,,8143.0,,1906.575,251.8,,14656.0,,,,76.13625,,,,,False,agregado_media,False,agregado_media,False,,False,agregado_suma,False,,False,,False,,False,agregado_media,False,,False,13.237551048012651,10.00960278332483,13.197105291431576,1.0986122886681098,3.784189633918261,6.558197802812269,9.1958356857733,7.013915474810528,6.267200548541362,7.522400231387125,7.687997166393016,,8.692993531219926,,9.004913941467132,,7.553063717626925,5.528635121610247,,9.592605086913911,,,,4.332524498362424,,,0.011386369894582415,0.14641652756222712,0.00618647153174301,0.0,-0.04445176257083405,0.08739829902966711,0.11264709945760032,0.10117265431735145,0.017225306281879682,0.06941790192166497,0.1373359232876803,,0.2681349510064841,,0.23137455790896588,,0.12253448136295564,0.043319650384353814,,-0.05560304427793561,,,,0.030571995466921464,,,
Cantabria,06,2007,2007-01-01,568190.0,26324.0,541866.0,4.0,45.0,788.0,11312.0,1330.0,576.0,2145.0,2616.0,,7509.0,,10125.0,87.02275,2039.25,261.575,11781.0,13461.0,246.0,,,78.97916666666666,,237.0,,agregado_media,False,agregado_media,False,agregado_media,False,agregado_suma,False,agregado_suma,False,agregado_suma,False,,False,,False,agregado_media,False,agregado_suma,False,13.250211148810534,10.178236349576009,13.202774017382472,1.3862943611198906,3.8066624897703196,6.669498089857879,9.333619388136354,7.1929342212158,6.3561076606958915,7.6708948313621175,7.86940171257709,,8.923857580099885,,9.22276289197474,4.466169578723794,7.62033737218069,5.566721049267111,9.37424334324612,9.507551894644093,5.5053315359323625,,,4.369184104608443,,5.4680601411351315,0.012660100797882379,0.1686335662511791,0.005668725950895848,0.2876820724517808,0.022472855852058604,0.11130028704561035,0.1377837023630537,0.17901874640527193,0.08890711215452907,0.1484945999749927,0.18140454618407365,,0.23086404887995826,,0.21784895050760866,,0.0672736545537651,0.038085927656863916,,-0.08505319226981811,,,,0.03665960624601983,,,
Cantabria,06,2008,2008-01-01,577266.0,32357.0,544909.0,4.0,44.0,894.0,12891.0,1646.0,612.0,2502.0,3079.0,,10685.0,,13764.0,88.0775,2024.25,264.27500000000003,9066.0,9879.0,142.0,4083.0,7244.0,83.64858333333333,,152.0,,agregado_media,False,agregado_media,False,agregado_media,False,agregado_suma,False,agregado_suma,False,agregado_suma,False,agregado_suma,False,agregado_suma,False,agregado_media,False,agregado_suma,False,13.266058444459293,10.38458565982913,13.208374087226861,1.3862943611198906,3.784189633918261,6.795705775173514,9.464284672443105,7.406103381237015,6.416732282512326,7.824845691026856,8.0323601479245,,9.276596167753247,,9.529811766917371,4.478217108723691,7.612954540566224,5.5769902276547265,9.112286431500795,9.198166571044474,4.955827057601261,8.314587291319576,8.887928819003305,4.426624491644873,,5.0238805208462765,0.01584729564875964,0.20634931025312042,0.0056000698443892105,0.0,-0.022472855852058604,0.12620768531563442,0.13066528430675106,0.21316916002121555,0.060624621816434576,0.15395085966473854,0.16295843534741028,,0.35273858765336286,,0.30704887494263033,0.012047529999897222,-0.007382831614465957,0.010269178387615874,-0.2619569117453242,-0.3093853235996189,-0.5495044783311016,,,0.057440387036429286,,-0.44417962028885505,
Cantabria,06,2009,2009-01-01,584655.0,36275.0,548380.0,5.0,39.0,1140.0,14038.0,1951.0,598.0,3152.0,3639.0,,11712.0,,15351.0,82.08675,1832.15,251.25,7955.0,8852.0,273.0,985.0,6882.0,87.814,,278.0,,agregado_media,False,agregado_media,False,agregado_media,False,agregado_suma,False,agregado_suma,False,agregado_suma,False,agregado_suma,False,agregado_suma,False,agregado_media,False,agregado_suma,False,13.278777208657099,10.498884077752388,13.214723756275136,1.6094379124341003,3.6635616461296463,7.038783541388542,9.549523217290366,7.576097340623111,6.393590753950631,8.05579245097777,8.19946419761216,,9.368369236201092,,9.638935897473202,4.407776614883301,7.513245419611535,5.526448459373285,8.981555940771887,9.08839870117094,5.60947179518496,6.892641641172089,8.836664586357426,4.475220941232705,,5.627621113690637,0.012718764197805044,0.11429841792325846,0.00634966904827472,0.2231435513142097,-0.12062798778861472,0.24307776621502786,0.08523854484726101,0.16999395938609574,-0.023141528561694713,0.23094675995091318,0.16710404968766035,,0.09177306844784461,,0.10912413055583059,-0.07044049384039042,-0.09970912095468876,-0.05054176828144108,-0.13073049072890797,-0.1097678698735347,0.6536447375836989,-1.421945650147487,-0.051264232645879204,0.0485964495878326,,0.6037405928443604,
Cantabria,06,2010,2010-01-01,588518.0,37586.0,550932.0,5.0,36.0,1292.0,14169.0,2144.0,600.0,3502.0,3861.0,,11978.0,,15839.0,77.1555,1855.5,243.175,8124.0,8395.0,191.0,957.0,2703.0,89.10633333333334,,206.0,,agregado_media,False,agregado_media,False,agregado_media,False,agregado_suma,False,agregado_suma,False,agregado_suma,False,agregado_suma,False,agregado_suma,False,agregado_media,False,agregado_suma,False,13.285362791450913,10.534386919616546,13.219366668540946,1.6094379124341003,3.58351893845611,7.163946684342547,9.558811758564227,7.670428522190693,6.396929655216146,8.161089512845797,8.258681496264236,,9.390826912824407,,9.670230532062421,4.345822865963579,7.525909480500652,5.493781348755504,9.002577922700276,9.035391569511642,5.25227342804663,6.863803391452954,7.902117546276448,4.489830413132808,,5.327876168789581,0.006585582793814382,0.035502841864158086,0.00464291226581004,0.0,-0.08004270767353638,0.12516314295400566,0.009288541273861028,0.0943311815675818,0.0033389012655149486,0.10529706186802734,0.05921729865207581,,0.02245767662331488,,0.03129463458921933,-0.06195374891972172,0.012664060889116868,-0.0326671106177816,0.021021981928388556,-0.05300713165929771,-0.35719836713832986,-0.028838249719134623,-0.9345470400809779,0.014609471900103088,,-0.29974494490105563,
Cantabria,06,2011,2011-01-01,590874.0,37337.0,553537.0,5.0,31.0,1424.0,13357.0,2188.0,564.0,3618.0,3941.0,,12208.0,,16149.0,70.01175,1782.575,240.2,6442.0,5594.0,146.0,1028.0,1805.0,90.06099999999999,5.902641025641025,149.0,,agregado_media,False,agregado_media,False,agregado_media,False,agregado_suma,False,agregado_suma,False,agregado_suma,False,agregado_suma,False,agregado_suma,False,agregado_media,False,agregado_suma,False,13.289358075688774,10.52774007107213,13.224083876231784,1.6094379124341003,3.4339872044851463,7.261225091971921,9.499795870977106,7.690743163541872,6.335054251498059,8.193676665955241,8.279189777195004,,9.409846753524238,,9.689613407229068,4.2486630851057825,7.485814227139618,5.481471909645883,8.770594329891145,8.629449873761905,4.983606621708336,6.93537044601511,7.498315870766981,4.500487218520418,1.775399882219178,5.003946305945459,0.003995284237861441,-0.0066468485444168834,0.0047172076908381655,0.0,-0.14953173397096364,0.09727840762937401,-0.05901588758712073,0.02031464135117922,-0.061875403718087085,0.0325871531094446,0.020508280930767953,,0.019019840699831647,,0.01938287516664694,-0.09715978085779664,-0.040095253361034366,-0.01230943910962079,-0.23198359280913117,-0.40594169574973726,-0.26866680633829354,0.07156705456215562,-0.40380167550946666,0.010656805387609936,,-0.32392986284412206,
Cantabria,06,2012,2012-01-01,592387.0,37455.0,554932.0,5.0,29.0,1561.0,12667.0,2325.0,594.0,3675.0,4037.0,,12563.0,,16600.0,60.122,1716.55,234.25,4550.0,4717.0,110.0,638.0,1466.0,90.50258333333333,5.797101449275362,161.0,,agregado_media,False,agregado_media,False,agregado_media,False,agregado_suma,False,agregado_suma,False,agregado_suma,False,agregado_suma,False,agregado_suma,False,agregado_media,False,agregado_suma,False,13.291915416502988,10.530895491381983,13.226600862699552,1.6094379124341003,3.367295829986474,7.353081920515432,9.446755465483632,7.751475318021456,6.386879319362645,8.209308411646937,8.30325712085294,,9.438511265004419,,9.717157974344635,4.09637583113118,7.448071741515159,5.456388921118531,8.422882511944996,8.458928283284262,4.700480365792417,6.45833828334479,7.290292882446597,4.505378395418181,1.7573580425107227,5.081404364984463,0.00255734081421366,0.003155420309854051,0.002516986467767879,0.0,-0.06669137449867213,0.09185682854351107,-0.05304040549347455,0.060732154479584466,0.05182506786458596,0.015631745691695897,0.02406734365793639,,0.02866451148018001,,0.02754456711556763,-0.15228725397460252,-0.03774248562445859,-0.0250829885273518,-0.34771181794614847,-0.1705215904776427,-0.2831262559159198,-0.4770321626703202,-0.20802298832038435,0.004891176897762861,-0.01804183970845541,0.07745805903900393,
Cantabria,06,2013,2013-01-01,589789.0,36024.0,553765.0,12.0,32.0,1615.0,11758.0,2357.0,623.0,3690.0,3983.0,,11954.0,,15937.0,54.661500000000004,1538.725,222.475,3867.0,3133.0,94.0,474.0,962.0,90.91308333333333,5.556250125023617,119.0,,agregado_media,False,agregado_media,False,agregado_media,False,agregado_suma,False,agregado_suma,False,agregado_suma,False,agregado_suma,False,agregado_suma,False,agregado_media,False,agregado_suma,False,13.28752012479943,10.491940661981408,13.224495688010725,2.4849066497880004,3.4657359027997265,7.387090235656757,9.3722891389622,7.7651449029361315,6.434546518787453,8.213381737034572,8.289790583181643,,9.388821229384199,,9.676398728859633,4.0011596224944075,7.338709430412984,5.404814735742926,8.260234291607297,8.049746290952191,4.543294782270004,6.161207321695077,6.8690144506657065,4.509903921886124,1.7149234427815157,4.77912349311153,-0.004395291703557902,-0.038954829400575264,-0.002105174688827205,0.8754687373539001,0.0984400728132524,0.03400831514132463,-0.07446632652143137,0.01366958491467507,0.047667199424807905,0.004073325387635052,-0.013466537671297019,,-0.049690035620219675,,-0.04075924548500254,-0.09521620863677249,-0.10936231110217509,-0.0515741853756051,-0.1626482203376991,-0.409181992332071,-0.15718558352241274,-0.29713096164971287,-0.4212784317808902,0.004525526467943131,-0.042434599729207045,-0.3022808718729335,
Cantabria,06,2014,2014-01-01,587491.0,32741.0,554750.0,20.0,34.0,1597.0,9548.0,2099.0,573.0,3608.0,3795.0,,11467.0,,15262.0,55.60525,1496.725,225.625,3994.0,4000.0,118.0,304.0,530.0,90.56041666666667,5.456178160919539,157.0,,agregado_media,False,agregado_media,False,agregado_media,False,agregado_suma,False,agregado_suma,False,agregado_suma,False,agregado_suma,False,agregado_suma,False,agregado_media,False,agregado_suma,False,13.283616205734175,10.396383394136135,13.22627284079484,2.995732273553991,3.5263605246161616,7.3758821482150125,9.16408698745872,7.649216319820633,6.35088571671474,8.190908881182514,8.24143968982973,,9.347228624038305,,9.633121357849578,4.0182776212592595,7.311034666809778,5.418874329087146,8.29254851397576,8.294049640102028,4.770684624465665,5.717027701406222,6.272877006546167,4.506017215445466,1.6967485741355082,5.056245805348308,-0.0039039190652552236,-0.09555726784527252,0.0017771527841148327,0.5108256237659905,0.06062462181643502,-0.011208087441744397,-0.20820215150347998,-0.11592858311549836,-0.0836608020727132,-0.02247285585205816,-0.04835089335191256,,-0.04159260534589393,,-0.043277371010054466,0.017117998764851983,-0.027674763603205754,0.014059593344219579,0.03231422236846271,0.24430334914983654,0.22738984219566127,-0.44417962028885505,-0.5961374441195391,-0.0038867064406584717,-0.01817486864600748,0.2771223122367781,
Cantabria,06,2015,2015-01-01,585184.0,30767.0,554417.0,38.0,36.0,1663.0,8199.0,1868.0,555.0,3533.0,3711.0,,11164.0,,14875.0,57.200500000000005,1477.9,228.0,4304.0,4660.0,156.0,620.0,625.0,90.173,5.379291643086209,197.0,,agregado_media,False,agregado_media,False,agregado_media,False,agregado_suma,False,agregado_suma,False,agregado_suma,False,agregado_suma,False,agregado_suma,False,agregado_media,False,agregado_suma,False,13.279681606674359,10.33419796600033,13.22567239016837,3.6375861597263857,3.58351893845611,7.416378479192928,9.011767474596178,7.532623618788788,6.318968113746434,8.169902647359145,8.219056661060598,,9.320449594656212,,9.607437230413831,4.046562639606289,7.298377440220527,5.429345628954441,8.36730010184162,8.446770727119691,5.049856007249537,6.429719478039138,6.437751649736401,4.501730047447441,1.682556700651251,5.2832037287379885,-0.00393459905981608,-0.06218542813580541,-0.0006004506264698506,0.6418538861723948,0.05715841383994835,0.040496330977915385,-0.15231951286254208,-0.11659270103184483,-0.03191760296830548,-0.021006233823369413,-0.02238302876913245,,-0.026779029382092645,,-0.025684127435747328,0.028285018347029123,-0.01265722658925128,0.010471299867295336,0.07475158786586,0.15272108701766385,0.279171382783872,0.7126917766329157,0.1648746431902337,-0.004287167998024977,-0.014191873484257211,0.2269579233896808,
Cantabria,06,2016,2016-01-01,582494.0,29869.0,552625.0,41.0,34.0,1682.0,7723.0,1836.0,569.0,3403.0,3747.0,,10834.0,,14581.0,58.65775,1465.525,234.925,4741.0,5250.0,205.0,,492.0,89.95583333333335,5.480769230769231,246.0,2.9,agregado_media,False,agregado_media,False,agregado_media,False,agregado_suma,False,agregado_suma,False,agregado_suma,False,,False,agregado_suma,False,agregado_media,False,agregado_suma,False,13.275074163939758,10.304576432243314,13.222434931128545,3.713572066704308,3.5263605246161616,7.427738840532894,8.951958168569265,7.515344571180436,6.343880434126331,8.132412674500905,8.228710798793687,,9.290444616217844,,9.587474590316285,4.071719706182235,7.289968819029667,5.4592663142691285,8.464003362902119,8.565983355585669,5.3230099791384085,,6.198478716492308,4.499318809136878,1.7012454616872232,5.5053315359323625,-0.004607442734601008,-0.02962153375701604,-0.0032374590398251968,0.07598590697792229,-0.05715841383994835,0.011360361339965763,-0.05980930602691359,-0.017279047608352194,0.024912320379896435,-0.037489972858239184,0.00965413773308832,,-0.030004978438368468,,-0.019962640097546114,0.02515706657594663,-0.008408621190859833,0.02992068531468739,0.0967032610604992,0.11921262846597713,0.27315397188887136,,-0.23927293324409327,-0.00241123831056278,0.01868876103597228,0.22212780719437397,
Cantabria,06,2017,2017-01-01,581421.0,29301.0,552120.0,50.0,31.0,1691.0,7568.0,1834.0,578.0,3276.0,3725.0,,10548.0,,14273.0,61.0235,1478.625,237.05,5540.0,6638.0,269.0,,476.0,89.90908333333334,5.555555555555556,329.0,3.25,agregado_media,False,agregado_media,False,agregado_media,False,agregado_suma,False,agregado_suma,False,agregado_suma,False,,False,agregado_suma,False,agregado_media,False,agregado_suma,False,13.273230386165654,10.285376924115587,13.221520692937515,3.912023005428146,3.4339872044851463,7.43307534889858,8.931684110731714,7.51425465281641,6.359573868672378,8.09437844497296,8.22282213081366,,9.263691547473178,,9.566124919629768,4.1112590358868015,7.298867880865901,5.468271089348128,8.61974977974133,8.80056599227992,5.594711379601839,,6.16541785423142,4.498798974564143,1.7147984280919268,5.796057750765372,-0.0018437777741038275,-0.019199508127726972,-0.0009142381910294262,0.198450938723838,-0.09237332013101529,0.005336508365686221,-0.02027405783755043,-0.0010899183640260546,0.01569343454604688,-0.038034229527944774,-0.005888667980027407,,-0.02675306874466621,,-0.02134967068651683,0.039539329704566306,0.008899061836233457,0.009004775078999216,0.15574641683921087,0.23458263669425072,0.2717014004634306,,-0.03306086226088745,-0.0005198345727350784,0.013552966404703604,0.2907262148330094,0.3500000000000001
Cantabria,06,2018,2018-01-01,581533.0,30475.0,551058.0,62.0,30.0,1761.0,8243.0,2027.0,615.0,3409.0,3824.0,,10504.0,,14328.0,64.60125000000001,1448.725,240.975,6475.0,7072.0,254.0,936.0,378.0,90.56833333333333,5.670103092783505,322.0,2.72,agregado_media,False,agregado_media,False,agregado_media,False,agregado_suma,False,agregado_suma,False,agregado_suma,False,agregado_suma,False,agregado_suma,False,agregado_media,False,agregado_suma,False,13.273422999115686,10.324661954349473,13.219595345753168,4.127134385045092,3.4011973816621555,7.473637108496206,9.017119634313227,7.614312146452,6.421622267806518,8.134174272137903,8.249052274171293,,9.259511415982631,,9.569970943740548,4.168233760446552,7.278439138249678,5.484693193670032,8.775703886567738,8.863898604317479,5.537334267018537,6.841615476477592,5.934894195619588,4.506104630244847,1.7352072997231338,5.7745515455444085,0.00019261295003225598,0.039285030233886076,-0.0019253471843470038,0.2151113796169457,-0.03278982282299081,0.04056175959762598,0.08543552358151274,0.1000574936355898,0.06204839913413984,0.039795827164942565,0.026230143357633295,,-0.004180131490546302,,0.0038460241107802773,0.05697472455975028,-0.020428742616222628,0.016422104321904385,0.15595410682640853,0.06333261203755924,-0.05737711258330247,,-0.23052365861183244,0.007305655680704071,0.02040887163120697,-0.02150620522096336,-0.5299999999999998
Cantabria,06,2019,2019-01-01,581989.0,32133.0,549856.0,91.0,31.0,1838.0,9194.0,2253.0,653.0,3658.0,3933.0,,10482.0,,14415.0,66.59475,1465.925,243.825,6337.0,7250.0,341.0,850.0,588.0,91.90875,6.0,451.0,3.85,agregado_media,False,agregado_media,False,agregado_media,False,agregado_suma,False,agregado_suma,False,agregado_suma,False,agregado_suma,False,agregado_suma,False,agregado_media,False,agregado_suma,False,13.27420682619132,10.37763881843274,13.217411704746471,4.51085950651685,3.4339872044851463,7.516433302915632,9.126306376366173,7.720017940432244,6.481577129276431,8.204671828950811,8.27715777243181,,9.257414779362112,,9.576024610072503,4.198625745610359,7.290241721519891,5.4964507548580785,8.754160749323518,8.88875674784872,5.831882477283517,6.745236349484363,6.376726947898627,4.520796237016409,1.791759469228055,6.111467339502679,0.0007838270756330701,0.052976864083266406,-0.0021836410066971013,0.3837251214717581,0.03278982282299081,0.04279619441942639,0.10918674205294643,0.1057057939802446,0.05995486146991347,0.07049755681290826,0.028105498260517336,,-0.0020966366205197318,,0.006053666331954588,0.030391985163807256,0.011802583270212885,0.011757561188046495,-0.021543137244220745,0.02485814353124205,0.29454821026498035,-0.09637912699322904,0.44183275227903884,0.014691606771561894,0.056552169504921146,0.3369157939582701,1.13
Cantabria,06,2020,2020-01-01,583011.0,34506.0,548505.0,99.0,31.0,1964.0,10769.0,2508.0,713.0,4041.0,4037.0,,10344.0,,14381.0,67.399,1437.4,234.4,5593.0,6897.0,238.0,758.0,803.0,92.271,6.132075471698113,335.0,3.03,agregado_media,False,agregado_media,False,agregado_media,False,agregado_suma,False,agregado_suma,False,agregado_suma,False,agregado_suma,False,agregado_suma,False,agregado_media,False,agregado_suma,False,13.275961333079161,10.448888500941809,13.214951674426157,4.59511985013459,3.4339872044851463,7.582738488914411,9.284426915328881,7.827240901752812,6.569481420414296,8.304247465078474,8.30325712085294,,9.244161920451694,,9.57366316988638,4.2106301810129425,7.270591205034342,5.457029057702858,8.629271094821588,8.83884181343129,5.472270673671475,6.630683385642372,6.688354713946762,4.524729899290488,1.8135332687776156,5.814130531825066,0.0017545068878419556,0.0712496825090696,-0.002460030320314388,0.08426034361774004,0.0,0.06630518599877888,0.1581205389627076,0.1072229613205673,0.08790429113786491,0.09957563612766229,0.026099348421130486,,-0.013252858910417942,,-0.0023614401861227208,0.012004435402583447,-0.01965051648554894,-0.03942169715522059,-0.12488965450192957,-0.04991493441742989,-0.3596118036120419,-0.11455296384199087,0.3116277660481348,0.003933662274079097,0.021773799549560602,-0.2973368076776124,-0.8200000000000003
Cantabria,06,2021,2021-01-01,584708.0,35812.0,548896.0,100.0,36.0,1971.0,11503.0,2540.0,733.0,4179.0,,4750.0,,10000.0,14750.0,71.1015,1464.4,244.97500000000002,7695.0,9680.0,366.0,1275.0,750.0,92.4575,6.32422619047619,513.0,2.92,agregado_media,False,agregado_media,False,agregado_media,False,agregado_suma,False,agregado_suma,False,agregado_suma,False,agregado_suma,False,agregado_suma,False,agregado_media,False,agregado_suma,False,13.278867856300364,10.486038311754047,13.21566426720955,4.605170185988092,3.58351893845611,7.58629630715272,9.35036314989601,7.8399193600125825,6.597145701886651,8.337827262447915,,8.465899897028686,,9.210340371976184,9.598998361767967,4.264108433633069,7.289200881246082,5.501156164521882,8.94832604627298,9.177817180270623,5.902633333401366,7.150701457592526,6.620073206530356,4.52674907947508,1.8443876857025718,6.240275845170769,0.0029065232212026615,0.037149810812238115,0.0007125927833939727,0.010050335853502013,0.14953173397096364,0.0035578182383089185,0.06593623456712905,0.012678458259770764,0.027664281472355334,0.03357979736944117,,,,,0.025335191881586283,0.05347825262012673,0.01860967621173959,0.04412710681902432,0.31905495145139184,0.3389753668393318,0.43036265972989085,0.5200180719501546,-0.0682815074164056,0.0020191801845923507,0.030854416924956274,0.42614531334570316,-0.10999999999999988
Cantabria,06,2022,2022-01-01,585450.0,36924.0,548526.0,103.0,32.0,2077.0,12041.0,2629.0,807.0,4257.0,,4663.0,,10315.0,14978.0,77.98875,1511.1499999999999,249.15,8768.0,9409.0,404.0,908.0,1092.0,93.73991666666667,6.544065587555182,548.0,3.22,agregado_media,False,agregado_media,False,agregado_media,False,agregado_suma,False,agregado_suma,False,agregado_suma,False,agregado_suma,False,agregado_suma,False,agregado_media,False,agregado_suma,False,13.28013606127687,10.516617025110042,13.214989959579452,4.634728988229636,3.4657359027997265,7.638679823876112,9.39607277189222,7.874358824729881,6.693323668269949,8.356319965828153,,8.44741429680832,,9.241354425505353,9.614337736809313,4.356564585518103,7.320626229350895,5.518055124727414,9.078864009187797,9.149421957006766,6.0014148779611505,6.811244378601294,6.9957661563048505,4.540524103510451,1.878558621798384,6.306275286948016,0.0012682049765064818,0.030578713355994935,-0.0006743076300992357,0.029558802241544058,-0.11778303565638337,0.05238351672339192,0.04570962199620965,0.03443946471729831,0.09617796638329779,0.018492703380237785,,-0.01848560022036594,,0.031014053529169416,0.015339375041346415,0.09245615188503375,0.03142534810481301,0.016898960205531388,0.13053796291481667,-0.028395223263856906,0.0987815445597846,-0.33945707899123256,0.3756929497744945,0.013775024035370897,0.03417093609581223,0.06599944177724648,0.30000000000000027
Cantabria,06,2023,2023-01-01,588387.0,41711.0,546676.0,81.0,38.0,2140.0,15344.0,2711.0,914.0,4377.0,,5447.0,,10659.0,16106.0,82.00150000000001,1547.1000000000001,254.85000000000002,7867.0,8596.0,361.0,1569.0,883.0,95.47566666666667,6.85483870967742,537.0,3.86,agregado_media,False,agregado_media,False,agregado_media,False,agregado_suma,False,agregado_suma,False,agregado_suma,False,agregado_suma,False,agregado_suma,False,agregado_media,False,agregado_suma,False,13.285140173651616,10.638520161969526,13.211611584157259,4.394449154672439,3.6375861597263857,7.668561108015897,9.63847979712322,7.905072849498666,6.81783057145415,8.384118837190895,,8.602820277383675,,9.274159884689137,9.68694715235549,4.406737539779871,7.344137489725023,5.540675136786051,8.970432074329242,9.059052257762401,5.8888779583328805,7.358193752733032,6.78332520060396,4.558871415717908,1.9249547838793253,6.285998094508865,0.005004112374745517,0.1219031368594834,-0.0033783754221925477,-0.24027983355719673,0.17185025692665912,0.02988128413978508,0.24240702523099955,0.03071402476878493,0.12450690318420055,0.027798871362742616,,0.15540598057535426,,0.03280545918378408,0.07260941554617695,0.050172954261768155,0.02351126037412854,0.022620012058637506,-0.10843193485855451,-0.09036969924436455,-0.11253691962826995,0.5469493741317386,-0.21244095570089083,0.018347312207456667,0.04639616208094122,-0.020277192439150937,0.6399999999999997
Cantabria,06,2024,2024-01-01,590851.0,44760.0,546091.0,79.0,58.0,2230.0,17933.0,2603.0,988.0,4338.0,,5607.0,,10924.0,16531.0,89.41175,1654.675,263.45,9141.0,10118.0,448.0,1330.0,808.0,97.32625,7.220009082947942,651.0,3.59,agregado_media,False,agregado_media,False,agregado_media,False,agregado_suma,False,agregado_suma,False,agregado_suma,False,agregado_suma,False,agregado_suma,False,agregado_media,False,agregado_suma,False,13.289319149542669,10.709070162425862,13.210540907506363,4.3694478524670215,4.060443010546419,7.709756864454165,9.794397869948424,7.864419904994565,6.895682697747868,8.37516869138682,,8.631771096123673,,9.298717482593595,9.712992685053011,4.493252105310408,7.411359893904786,5.573863596655295,9.12052506765382,9.222071294851881,6.104793232414985,7.1929342212158,6.694562058521095,4.578068736979415,1.9768562109299743,6.478509642208569,0.004178975891052872,0.07055000045633619,-0.0010706766508956633,-0.02500130220541763,0.42285685082003344,0.04119575643826767,0.1559180728252052,-0.0406529445041004,0.07785212629371863,-0.00895014580407505,,0.028950818739998496,,0.024557597904458106,0.026045532697521523,0.08651456553053727,0.06722240417976266,0.033188459869244014,0.15009299332457715,0.16301903708948018,0.21591527408210442,-0.16525953151723272,-0.08876314208286473,0.019197321261507305,0.05190142705064904,0.1925115476997039,-0.27
Cantabria,06,2025,2025-01-01,593623.0,48359.0,545264.0,83.0,57.0,2310.0,20878.0,2783.0,1143.0,4614.0,,5496.0,,10995.0,16491.0,100.00025,1885.575,265.65,10415.0,10183.0,482.0,1505.0,1273.0,99.99991666666666,,655.0,3.27,agregado_media,False,agregado_media,False,agregado_media,False,agregado_suma,False,agregado_suma,False,agregado_suma,False,agregado_suma,False,agregado_suma,False,agregado_media,False,agregado_suma,False,13.293999716715405,10.786407626268446,13.209025360029523,4.418840607796598,4.04305126783455,7.745002803515839,9.946451251968243,7.931284761525891,7.04141166379481,8.4368504387337,,8.611775833902186,,9.305195902988862,9.71057005652877,4.605172685984966,7.541988093154733,5.5821796528969525,9.251002353695073,9.228474942171665,6.1779441140506,7.316548177182976,7.149131598557407,4.605169352654411,,6.484635235635252,0.0046805671727359055,0.07733746384258389,-0.00151554747684024,0.049392755329576765,-0.01739174271186883,0.03524593906167439,0.15205338201981888,0.06686485653132568,0.14572896604694208,0.06168174734687959,,-0.019995262221486954,,0.006478420395266582,-0.002422628524241688,0.11192058067455779,0.13062819924994695,0.008316056241657321,0.13047728604125375,0.006403647319784156,0.07315088163561523,0.12361395596717628,0.4545695400363119,0.027100615674995332,,0.0061255934266828405,-0.31999999999999984
Castilla y León,07,2002,2002-01-01,2454840.0,42295.0,2412544.0,6.0,21.0,1335.0,14740.0,2479.0,855.0,5510.0,1041.0,,16308.0,,17349.0,,937.2750000000001,924.8,,,,,,71.43483333333333,,,,,False,agregado_media,False,agregado_media,False,,False,,False,,False,,False,,False,agregado_media,False,,False,14.713572143970808,10.652424154738116,14.69619235037093,1.791759469228055,3.044522437723423,7.19668657083435,9.598320165743328,7.8156105320351905,6.75110146893676,8.61431990214696,6.947937068614969,,9.699411063939143,,9.761290146826328,,6.8429767290399575,6.829577497918113,,,,,,4.2687856121910475,,,,,,,,,,,,,,,,,,,,,,,,,,,,,
Castilla y León,07,2003,2003-01-01,2463623.0,58116.0,2405506.0,10.0,29.0,1735.0,20298.0,3072.0,1017.0,7344.0,1504.0,,23107.0,,24611.0,,1016.55,940.05,,,,,,73.87825,,,,,False,agregado_media,False,agregado_media,False,,False,,False,,False,,False,,False,agregado_media,False,,False,14.717143588682603,10.970196292191229,14.693270834402467,2.302585092994046,3.367295829986474,7.45876269238096,9.918277638008764,8.030084094267563,6.92461239604856,8.901638932300326,7.315883504509785,,10.047890880908506,,10.11094877644823,,6.924169820250231,6.845933065338794,,,,,,4.302418467990399,,,0.0035714447117953796,0.3177721374531135,-0.0029215159684632397,0.5108256237659909,0.32277339226305113,0.26207612154660964,0.31995747226543614,0.21447356223237257,0.17351092711180005,0.28731903015336613,0.3679464358948161,,0.3484798169693626,,0.34965862962190286,,0.08119309121027385,0.016355567420681005,,,,,,0.03363285579935127,,,
Castilla y León,07,2004,2004-01-01,2471114.0,71387.0,2399727.0,18.0,33.0,2125.0,24264.0,3485.0,1096.0,9403.0,1815.0,,29147.0,,30962.0,,1152.3,960.825,,40828.0,,,,76.06708333333333,,,,,False,agregado_media,False,agregado_media,False,,False,agregado_suma,False,,False,,False,,False,agregado_media,False,,False,14.720179619074502,11.175871058921274,14.690865538848152,2.8903717578961645,3.4965075614664802,7.661527081358517,10.096749049368418,8.156223323194624,6.999422467507961,9.148784066277077,7.503840746698951,,10.280107270530456,,10.34051592510041,,7.049515224019968,6.867792290410607,,10.61712339952339,,,,4.331615626396046,,,0.003036030391898592,0.20567476673004492,-0.0024052955543147903,0.5877866649021186,0.1292117314800061,0.202764388977557,0.17847141135965394,0.12613922892706064,0.07481007145940133,0.2471451339767512,0.18795724218916554,,0.23221638962195001,,0.22956714865217975,,0.12534540376973702,0.021859225071812816,,,,,,0.029197158405647627,,,
Castilla y León,07,2005,2005-01-01,2482805.0,86896.0,2395909.0,20.0,35.0,2790.0,27504.0,4082.0,1205.0,11528.0,2155.0,,37576.0,,39731.0,,1284.725,1026.85,,44312.0,,,,78.21666666666667,,,,,False,agregado_media,False,agregado_media,False,,False,agregado_suma,False,,False,,False,,False,agregado_media,False,,False,14.724899527374932,11.372467280274627,14.689273257529608,2.995732273553991,3.5553480614894135,7.933796874815411,10.22208672762263,8.31434234336979,7.094234845924755,9.352534137679358,7.675546002537848,,10.53412082770683,,10.589887018388692,,7.158299966644286,6.934251142786102,,10.69901079971294,,,,4.359482753572317,,,0.00471990830043012,0.19659622135335297,-0.0015922813185440532,0.10536051565782634,0.058840500022933284,0.2722697934568945,0.12533767825421194,0.15811902017516566,0.09481237841679402,0.20375007140228085,0.17170525583889695,,0.25401355717637486,,0.249371093288282,,0.10878474262431759,0.06645885237549454,,0.08188740018955087,,,,0.027867127176270934,,,
Castilla y León,07,2006,2006-01-01,2494676.0,101707.0,2392970.0,23.0,39.0,3444.0,30160.0,4969.0,1188.0,14179.0,2367.0,,45338.0,,47705.0,,1416.5,1050.55,,51652.0,,,,80.78033333333333,,,,,False,agregado_media,False,agregado_media,False,,False,agregado_suma,False,,False,,False,,False,agregado_media,False,,False,14.729669419015814,11.529851409559821,14.688045830246946,3.1354942159291497,3.6635616461296463,8.144388865547622,10.314271822121892,8.51097389160232,7.080026499922591,9.559517275737559,7.769378609513984,,10.72190081192847,,10.772791493185947,,7.255944319270571,6.957069115535058,,10.852284195966542,,,,4.391733536560689,,,0.004769891640881596,0.15738412928519452,-0.0012274272826626742,0.13976194237515882,0.10821358464023279,0.2105919907322109,0.09218509449926238,0.19663154823253137,-0.014208346002164696,0.20698313805820057,0.09383260697613593,,0.1877799842216401,,0.18290447479725458,,0.09764435262628535,0.022817972748955917,,0.15327339625360104,,,,0.03225078298837136,,,
Castilla y León,07,2007,2007-01-01,2514202.0,121840.0,2392362.0,27.0,46.0,4115.0,34359.0,6207.0,1265.0,17588.0,2653.0,,55580.0,,58233.0,94.09525,1501.6,1082.15,40464.0,48635.0,637.0,,,83.08733333333333,,599.0,,agregado_media,False,agregado_media,False,agregado_media,False,agregado_suma,False,agregado_suma,False,agregado_suma,False,,False,,False,agregado_media,False,agregado_suma,False,14.737466014944216,11.710463987569044,14.687791720394893,3.295836866004329,3.828641396489095,8.32239411311117,10.444619272065825,8.733432966413652,7.142827401161621,9.7749721303007,7.88344635413774,,10.925578703296495,,10.9722074833392,4.5443075671026,7.314286485272299,6.9867050819605385,10.608167968909747,10.79209871530354,6.456769655572163,,,4.419892263448232,,6.395261598115449,0.007796595928402539,0.1806125780092227,-0.00025410985205276404,0.16034265007517945,0.16507975035944877,0.1780052475635472,0.1303474499439332,0.2224590748113311,0.06280090123903026,0.2154548545631414,0.1140677446237559,,0.20367789136802372,,0.19941599015325373,,0.05834216600172759,0.02963596642548083,,-0.060185480663001556,,,,0.028158726887543395,,,
Castilla y León,07,2008,2008-01-01,2541717.0,153393.0,2388324.0,29.0,48.0,4694.0,39308.0,7831.0,1390.0,22076.0,2993.0,,75025.0,,78018.0,96.09575000000001,1495.15,1075.15,30469.0,33180.0,773.0,17250.0,34638.0,85.73133333333334,,785.0,,agregado_media,False,agregado_media,False,agregado_media,False,agregado_suma,False,agregado_suma,False,agregado_suma,False,agregado_suma,False,agregado_suma,False,agregado_media,False,agregado_suma,False,14.748350394872245,11.940758534540338,14.68610242268311,3.367295829986474,3.871201010907891,8.454040376410969,10.579183339482318,8.965845494750937,7.237059026124737,10.002246324559392,8.0040315078527,,11.225576670308568,,11.264694848279374,4.565345090232435,7.309981815239784,6.980215465711398,10.324465052274801,10.409702563744435,6.650279048587422,9.755567422459507,10.45270662428899,4.451218375273949,,6.665683717782408,0.010884379928029375,0.2302945469712938,-0.0016892977117830554,0.07145896398214502,0.04255961441879608,0.13164626329979967,0.13456406741649296,0.2324125283372851,0.09423162496311654,0.22727419425869222,0.12058515371496004,,0.2999979670120734,,0.2924873649401736,0.021037523129834312,-0.004304670032515112,-0.006489616249140795,-0.2837029166349456,-0.3823961515591048,0.19350939301525916,,,0.03132611182571665,,0.27042211966695895,
Castilla y León,07,2009,2009-01-01,2549174.0,164188.0,2384985.0,32.0,57.0,5229.0,40952.0,8877.0,1508.0,25402.0,3161.0,,78969.0,,82130.0,93.5185,1397.025,1020.55,22740.0,26977.0,1609.0,7755.0,22603.0,87.95741666666666,,1635.0,,agregado_media,False,agregado_media,False,agregado_media,False,agregado_suma,False,agregado_suma,False,agregado_suma,False,agregado_suma,False,agregado_suma,False,agregado_media,False,agregado_suma,False,14.751279943092058,12.00876739172208,14.684703392976624,3.4657359027997265,4.04305126783455,8.56197533418813,10.62015592813742,9.09121894106832,7.318539548567902,10.142583190064265,8.058643712215618,,11.276810649374854,,11.316058636734239,4.53815927768531,7.242100254587176,6.9280969766400515,10.031880767304527,10.202739930102645,7.3833681469923835,8.956093075610639,10.025837919813588,4.476852795844933,,7.399398083331354,0.0029295482198126166,0.06800885718174143,-0.0013990297064854218,0.0984400728132524,0.17185025692665912,0.10793495777716089,0.04097258865510156,0.1253734463173828,0.08148052244316428,0.14033686550487268,0.05461220436291825,,0.051233979066285684,,0.051363788454864334,-0.027185812547124932,-0.06788156065260775,-0.0521184890713462,-0.29258428497027467,-0.20696263364179046,0.7330890984049612,-0.7994743468488679,-0.4268687044754014,0.025634420570984418,,0.7337143655489458,
Castilla y León,07,2010,2010-01-01,2547408.0,165218.0,2382190.0,32.0,57.0,5459.0,39824.0,9211.0,1463.0,26769.0,3142.0,,79260.0,,82402.0,90.94025,1384.3,1008.125,24990.0,30407.0,788.0,5589.0,16228.0,88.79191666666667,,789.0,,agregado_media,False,agregado_media,False,agregado_media,False,agregado_suma,False,agregado_suma,False,agregado_suma,False,agregado_suma,False,agregado_suma,False,agregado_media,False,agregado_suma,False,14.750586929589801,12.015021092971205,14.683530790619773,3.4657359027997265,4.04305126783455,8.605020901781758,10.592225024607373,9.128153700988236,7.288244401020124,10.194999780568262,8.052614818815567,,11.280488866744426,,11.319364987447667,4.5102026974584035,7.23294987569369,6.9158474488794734,10.126231023828998,10.322428124045716,6.669498089857879,8.628555659269699,9.694493424326337,4.486295617326248,,6.670766320845874,-0.0006930135022571449,0.006253701249125498,-0.0011726023568510158,0.0,0.0,0.04304556759362832,-0.02793090353004679,0.036934759919915905,-0.03029514754777729,0.05241659050399683,-0.006028893400051416,,0.0036782173695719678,,0.00330635071342833,-0.02795658022690617,-0.009150378893486355,-0.012249527760578083,0.09435025652447138,0.1196881939430714,-0.7138700571345042,-0.3275374163409399,-0.33134449548725087,0.009442821481314922,,-0.7286317624854801,
Castilla y León,07,2011,2011-01-01,2545286.0,164515.0,2380771.0,35.0,55.0,5604.0,37498.0,9382.0,1538.0,27279.0,3144.0,,79979.0,,83123.0,85.2935,1305.275,994.8,19557.0,19385.0,464.0,5069.0,10732.0,89.73141666666666,4.6875,476.0,,agregado_media,False,agregado_media,False,agregado_media,False,agregado_suma,False,agregado_suma,False,agregado_suma,False,agregado_suma,False,agregado_suma,False,agregado_media,False,agregado_suma,False,14.74975357886313,12.010757030440761,14.682934942767153,3.5553480614894135,4.007333185232471,8.631235907456897,10.532042877202896,9.146548238888403,7.338238150065589,10.213872454394023,8.053251153549096,,11.289519379196863,,11.328076717518329,4.4460982499528745,7.174169025526123,6.902541711929249,9.88108855759265,9.87225485010503,6.139884552226255,8.53089883847235,9.280985211545515,4.496820949290392,1.5448993912965292,6.16541785423142,-0.0008333507266709006,-0.004264062530443979,-0.000595847852620679,0.08961215868968697,-0.03571808260207909,0.026215005675139125,-0.06018214740447725,0.018394537900167762,0.0499937490454645,0.01887267382576141,0.0006363347335298641,,0.009030512452437023,,0.008711730070661616,-0.06410444750552902,-0.05878085016756707,-0.0133057369502243,-0.2451424662363486,-0.4501732739406865,-0.529613537631624,-0.09765682079734894,-0.4135082127808225,0.010525331964143625,,-0.5053484666144534,
Castilla y León,07,2012,2012-01-01,2537654.0,162914.0,2374740.0,29.0,53.0,5784.0,34849.0,9778.0,1557.0,27143.0,3158.0,,80564.0,,83722.0,74.02250000000001,1218.025,955.425,16017.0,19671.0,458.0,3197.0,8501.0,90.56025,4.661016949152542,558.0,,agregado_media,False,agregado_media,False,agregado_media,False,agregado_suma,False,agregado_suma,False,agregado_suma,False,agregado_suma,False,agregado_suma,False,agregado_media,False,agregado_suma,False,14.74675059014581,12.000977733193196,14.680398515773987,3.367295829986474,3.970291913552122,8.6628507638386,10.458779721372386,9.187890243138591,7.350516171833998,10.208874465231354,8.057694194815587,,11.296807178592772,,11.33525706542892,4.304369101043157,7.104985973510758,6.86215626766396,9.681405937168297,9.88690074893173,6.126869184114185,8.069968149059841,9.04793908261736,4.506015375051769,1.5392336537608517,6.324358962381311,-0.0030029887173199654,-0.00977929724756521,-0.002536426993165364,-0.18805223150293937,-0.03704127168034921,0.031614856381702694,-0.07326315583051013,0.04134200425018797,0.01227802176840953,-0.0049979891626694695,0.004443041266490866,,0.007287799395909289,,0.007180347910590967,-0.14172914890971722,-0.06918305201536423,-0.04038544426528912,-0.19968262042435292,0.014645898826699977,-0.013015368112069936,-0.4609306894125087,-0.23304612892815513,0.00919442576137719,-0.005665737535677451,0.15894110814989038,
Castilla y León,07,2013,2013-01-01,2516927.0,156556.0,2360371.0,29.0,56.0,5747.0,32445.0,9886.0,1457.0,27226.0,3056.0,,76654.0,,79710.0,63.5715,1119.1,916.375,14713.0,13729.0,314.0,2252.0,4223.0,91.2185,4.501747572815534,339.0,,agregado_media,False,agregado_media,False,agregado_media,False,agregado_suma,False,agregado_suma,False,agregado_suma,False,agregado_suma,False,agregado_suma,False,agregado_media,False,agregado_suma,False,14.738549270915776,11.9611690524334,14.674329368036465,3.367295829986474,4.02535169073515,8.656433258507741,10.387301627055269,9.198874893866904,7.284134806195205,10.211927678072419,8.024862150286411,,11.247057068196021,,11.28615032742197,4.152165256705802,7.020280069823982,6.82042566954375,9.596486735697948,9.527265662897605,5.749392985908253,7.719573989259581,8.348301054933943,4.513257727386021,1.5044656709026818,5.82600010738045,-0.008201319230034088,-0.039808680759795934,-0.006069147737521874,0.0,0.05505977718302768,-0.00641750533085883,-0.07147809431711671,0.010984650728312673,-0.06638136563879371,0.0030532128410651893,-0.032832044529175874,,-0.04975011039675081,,-0.04910673800694987,-0.15220384433735568,-0.08470590368677655,-0.04173059812020963,-0.08491920147034904,-0.35963508603412464,-0.37747619820593226,-0.3503941598002598,-0.6996380276834167,0.007242352334252189,-0.034767982858169955,-0.49835885500086086,
Castilla y León,07,2014,2014-01-01,2493604.0,142021.0,2351583.0,33.0,56.0,5479.0,25371.0,8485.0,1374.0,25694.0,2903.0,,72626.0,,75529.0,62.03825,1062.1,919.95,14322.0,17405.0,489.0,2211.0,3301.0,90.86833333333334,4.476330635271033,524.0,,agregado_media,False,agregado_media,False,agregado_media,False,agregado_suma,False,agregado_suma,False,agregado_suma,False,agregado_suma,False,agregado_suma,False,agregado_media,False,agregado_suma,False,14.72923961154049,11.863730212973088,14.670599276363507,3.4965075614664802,4.02535169073515,8.608677881538416,10.141362068450333,9.046055177668327,7.2254814727822945,10.154012780591556,7.97349996402463,,11.193078263422583,,11.232271967447572,4.127751130302501,6.9680033593274935,6.824319320740102,9.569552095566886,9.764512800245539,6.192362489474872,7.701200180857446,8.101980731853192,4.509411572318996,1.4988036561913842,6.261491684321042,-0.009309659375285051,-0.0974388394603114,-0.0037300916729581246,0.1292117314800061,0.0,-0.047755376969325525,-0.24593955860493644,-0.15281971619857693,-0.058653333412910236,-0.0579148974808632,-0.05136218626178124,,-0.05397880477343797,,-0.05387835997439794,-0.02441412640330043,-0.0522767104964883,0.003893651196351655,-0.026934640131061727,0.2372471373479339,0.44296950356661924,-0.018373808402134983,-0.24632032308075047,-0.0038461550670252365,-0.005662014711297569,0.43549157694059204,
Castilla y León,07,2015,2015-01-01,2475697.0,135448.0,2340249.0,34.0,54.0,5535.0,22400.0,7789.0,1355.0,25008.0,2899.0,,70374.0,,73273.0,62.808,1057.55,938.925,15226.0,18306.0,664.0,2083.0,3374.0,90.33266666666667,4.457372646733112,704.0,,agregado_media,False,agregado_media,False,agregado_media,False,agregado_suma,False,agregado_suma,False,agregado_suma,False,agregado_suma,False,agregado_suma,False,agregado_media,False,agregado_suma,False,14.722032530500156,11.816343081808068,14.665767891929125,3.5263605246161616,3.9889840465642745,8.618846845142738,10.01681623784313,8.960467760919949,7.2115567333138015,10.126951052661259,7.972121128921655,,11.16157915574956,,11.201947470767836,4.140082453895954,6.963710191126584,6.844735603813835,9.630759771866158,9.814984153944724,6.498282149476434,7.641564441260972,8.123854263105914,4.503499152110558,1.4945594997879796,6.556778356158042,-0.007207081040334629,-0.04738713116502069,-0.0048313844343823575,0.029852963149681333,-0.036367644170875124,0.010168963604321846,-0.12454583060720203,-0.08558741674837833,-0.01392473946849293,-0.027061727930297153,-0.0013788351029750956,,-0.031499107673022664,,-0.030324496679735802,0.012331323593453014,-0.004293168200909747,0.020416283073733332,0.06120767629927215,0.05047135369918543,0.30591966000156123,-0.059635739596474835,0.02187353125272118,-0.005912420208438185,-0.0042441564034045864,0.2952866718370002,
Castilla y León,07,2016,2016-01-01,2452721.0,130703.0,2322018.0,34.0,56.0,5618.0,20823.0,7573.0,1398.0,24383.0,2927.0,,67891.0,,70818.0,63.4715,1057.925,964.8,16712.0,20509.0,850.0,,2334.0,90.09875,4.554263565891473,879.0,1.59,agregado_media,False,agregado_media,False,agregado_media,False,agregado_suma,False,agregado_suma,False,agregado_suma,False,,False,agregado_suma,False,agregado_media,False,agregado_suma,False,14.71270857849228,11.780682852677122,14.657947193147912,3.5263605246161616,4.02535169073515,8.633731007664188,9.943813424007693,8.932344569113823,7.242797922793756,10.101641447146731,7.9817332866918855,,11.125658756897037,,11.167868484657124,4.15059098625166,6.9640647214367295,6.8719208259729205,9.723882303236401,9.928619093173733,6.745236349484363,,7.755338812846501,4.500906291044137,1.5160638416566419,6.778784897685177,-0.009323952007875391,-0.03566022913094535,-0.007820698781213054,0.0,0.036367644170875124,0.014884162521450861,-0.07300281383543705,-0.028123191806125547,0.031241189479954024,-0.025309605514527433,0.00961215777023039,,-0.035920398852523405,,-0.03407898611071225,0.010508532355705924,0.000354530310145762,0.027185222159085143,0.09312253137024307,0.11363493922900858,0.246954200007929,,-0.36851545025941235,-0.0025928610664207596,0.021504341868662236,0.22200654152713462,
Castilla y León,07,2017,2017-01-01,2433535.0,126030.0,2307505.0,39.0,45.0,5717.0,19712.0,7425.0,1352.0,23408.0,2896.0,,65436.0,,68332.0,64.51025,1046.6,971.675,18580.0,22890.0,1094.0,,2405.0,90.296,4.62962962962963,1115.0,1.98,agregado_media,False,agregado_media,False,agregado_media,False,agregado_suma,False,agregado_suma,False,agregado_suma,False,,False,agregado_suma,False,agregado_media,False,agregado_suma,False,14.704855490728754,11.744275252831537,14.651677412204034,3.6635616461296463,3.8066624897703196,8.651199471263972,9.888982866333246,8.9126079636709,7.20934025660291,10.060833123259906,7.971085753505607,,11.088827844714062,,11.132133457066947,4.166824125904801,6.953302093938107,6.879021386409038,9.82984101236783,10.038455412946613,6.9975959829819265,,7.785305182539862,4.503093162653325,1.5324768712979722,7.016609683894219,-0.007853087763527,-0.03640759984558528,-0.006269780943878089,0.13720112151348474,-0.21868920096483002,0.01746846359978349,-0.05483055767444789,-0.01973660544292244,-0.03345766619084589,-0.04080832388682509,-0.010647533186278757,,-0.03683091218297463,,-0.035735027590176216,0.016233139653141215,-0.010762627498622557,0.007100560436117398,0.10595870913142846,0.10983631977287978,0.25235963349756396,,0.029966369693360306,0.002186871609188401,0.01641302964133029,0.23782478620904257,0.3899999999999999
Castilla y León,07,2018,2018-01-01,2417013.0,127101.0,2289912.0,44.0,45.0,6104.0,21150.0,8242.0,1442.0,24248.0,3077.0,,62749.0,,65826.0,67.155,1041.1,982.775,20520.0,25957.0,1164.0,3711.0,2623.0,90.96266666666668,4.736842105263158,1289.0,2.04,agregado_media,False,agregado_media,False,agregado_media,False,agregado_suma,False,agregado_suma,False,agregado_suma,False,agregado_suma,False,agregado_suma,False,agregado_media,False,agregado_suma,False,14.698043038239629,11.752737324967208,14.644023946844452,3.784189633918261,3.8066624897703196,8.716699572964293,9.959395184474424,9.016998311898762,7.273786317844895,10.09608941873764,8.031710375322042,,11.046897920612066,,11.094770176045547,4.207003380361039,6.948033125480707,6.890380202798047,9.929155299284705,10.16419660173648,7.059617628291383,8.219056661060598,7.872073979866873,4.510449165928409,1.5553706911638248,7.161622002939187,-0.00681245248912532,0.008462072135671406,-0.007653465359581446,0.12062798778861472,0.0,0.06550010170032117,0.07041231814117843,0.1043903482278612,0.06444606124198504,0.035256295477733346,0.060624621816435464,,-0.04192992410199636,,-0.03736328102140085,0.0401792544562376,-0.005268968457399659,0.011358816389009263,0.09931428691687572,0.12574118878986695,0.0620216453094562,,0.0867687973270117,0.0073560032750839,0.022893819865852594,0.1450123190449677,0.06000000000000005
Castilla y León,07,2019,2019-01-01,2405568.0,130820.0,2274748.0,55.0,48.0,6481.0,23536.0,9201.0,1472.0,25161.0,3201.0,,61665.0,,64866.0,70.39750000000001,1040.075,990.775,20715.0,25852.0,1334.0,4754.0,2873.0,91.74475000000001,5.008732534930139,1601.0,2.32,agregado_media,False,agregado_media,False,agregado_media,False,agregado_suma,False,agregado_suma,False,agregado_suma,False,agregado_suma,False,agregado_suma,False,agregado_media,False,agregado_suma,False,14.693296608273334,11.781577611515203,14.637379835001054,4.007333185232471,3.871201010907891,8.776630098427717,10.06628644284122,9.127067452782361,7.294377299288821,10.133050455652521,8.071218539969863,,11.02947178800009,,11.080078882520827,4.254157751169817,6.947048104919844,6.898487465161221,9.938613354511503,10.160143246382786,7.195937226475569,8.46674164792014,7.96311205897929,4.519010264589066,1.6111828960502614,7.3783837129967145,-0.004746429966294485,0.028840286547994864,-0.006644111843398193,0.22314355131421015,0.06453852113757153,0.05993052546342348,0.10689125836679558,0.1100691408835992,0.02059098144392646,0.03696103691488162,0.039508164647820365,,-0.017426132611976897,,-0.014691293524720095,0.04715437080877827,-0.0009850205608632479,0.008107262363173717,0.009458055226797768,-0.004053355353693888,0.13631959818418604,0.2476849868595412,0.09103807911241635,0.008561098660656796,0.05581220488643668,0.21676171005752742,0.2799999999999998
Castilla y León,07,2020,2020-01-01,2398976.0,139686.0,2259290.0,58.0,59.0,7002.0,28523.0,10684.0,1593.0,27240.0,3411.0,,61116.0,,64527.0,72.053,1027.3,964.7,18437.0,24064.0,1213.0,3892.0,3275.0,92.38908333333333,5.131578947368421,1472.0,2.75,agregado_media,False,agregado_media,False,agregado_media,False,agregado_suma,False,agregado_suma,False,agregado_suma,False,agregado_suma,False,agregado_suma,False,agregado_media,False,agregado_suma,False,14.690552537603386,11.847152325477335,14.630561162598065,4.060443010546419,4.07753744390572,8.85395110151461,10.258466058337035,9.276502574229852,7.373374309910049,10.212441760263449,8.134760782418645,,11.020528976672605,,11.074839019844543,4.277401959330265,6.9346892802222175,6.871817172176508,9.82211479407039,10.088472226749566,7.10085190894405,8.266678443305896,8.094073148069352,4.526008825924735,1.6354133988373611,7.294377299288821,-0.0027440706699479733,0.06557471396213188,-0.006818672402989279,0.05310982531394792,0.20633643299782856,0.07732100308689382,0.19217961549581553,0.14943512144749072,0.07899701062122766,0.0793913046109278,0.06354224244878282,,-0.008942811327484534,,-0.005239862676283735,0.023244208160448032,-0.012358824697626503,-0.02667029298471313,-0.11649856044111218,-0.07167101963321976,-0.0950853175315185,-0.20006320461424387,0.13096108909006254,0.006998561335668896,0.024230502787099706,-0.0840064137078933,0.43000000000000016
Castilla y León,07,2021,2021-01-01,2385223.0,144128.0,2241095.0,63.0,66.0,7138.0,31119.0,11361.0,1671.0,28746.0,,4704.0,,59260.0,63964.0,74.61574999999999,1022.85,975.975,25039.0,32854.0,1560.0,5460.0,4285.0,92.95883333333333,5.271272443403591,1919.0,2.44,agregado_media,False,agregado_media,False,agregado_media,False,agregado_suma,False,agregado_suma,False,agregado_suma,False,agregado_suma,False,agregado_suma,False,agregado_media,False,agregado_suma,False,14.684803178981847,11.878457072619252,14.622475143673936,4.143134726391533,4.189654742026425,8.873187904050106,10.345573844099938,9.337941716569905,7.421177528595393,10.266253906111178,,8.456168489578463,,10.989689821127556,11.066075704079333,4.312351610931119,6.930348127634772,6.883436971330931,10.128189888314331,10.399828782101146,7.352441100243583,8.605204068738951,8.36287583103188,4.532156742824044,1.6622717837700365,7.5595594960077,-0.005749358621539358,0.03130474714191678,-0.008086018924128524,0.08269171584511348,0.11211729812070548,0.0192368025354952,0.08710778576290323,0.061439142340052655,0.04780321868534454,0.0538121458477292,,,,,-0.008763315765209612,0.03494965160085339,-0.00434115258744594,0.011619799154423127,0.3060750942439405,0.3113565553515798,0.2515891912995327,0.3385256254330553,0.2688026829625283,0.006147916899308825,0.02685838493267534,0.26518219671887877,-0.31000000000000005
Castilla y León,07,2022,2022-01-01,2375583.0,146999.0,2228584.0,72.0,54.0,7264.0,32977.0,11729.0,1769.0,30108.0,,4627.0,,58399.0,63026.0,79.13024999999999,1048.65,1010.05,27988.0,34496.0,1961.0,5248.0,3814.0,94.31366666666666,5.467047930283225,2348.0,2.41,agregado_media,False,agregado_media,False,agregado_media,False,agregado_suma,False,agregado_suma,False,agregado_suma,False,agregado_suma,False,agregado_suma,False,agregado_media,False,agregado_suma,False,14.680753439011355,11.898181063016647,14.616876964174182,4.276666119016055,3.9889840465642745,8.890685920281129,10.403565627755354,9.369819686521504,7.478169694159785,10.312546196154422,,8.439663988907,,10.975054045382041,11.051302618649801,4.37109522897413,6.955258901626104,6.917755113560471,10.239531125865787,10.448598654268668,7.581209826196346,8.565602330623925,8.246433786160365,4.546626106674663,1.6987387870745814,7.761319180947987,-0.004049739970492183,0.01972399039739514,-0.0055981794997546075,0.13353139262452274,-0.20067069546215066,0.017498016231023428,0.057991783655415574,0.03187796995159964,0.056992165564391684,0.04629229004324387,,-0.016504500671462807,,-0.014635775745514223,-0.014773085429531818,0.0587436180430112,0.02491077399133257,0.034318142229539994,0.11134123755145531,0.048769872167522266,0.22876872595276332,-0.03960173811502621,-0.11644204487151555,0.014469363850619033,0.03646700330454489,0.20175968494028673,-0.029999999999999805
Castilla y León,07,2023,2023-01-01,2383703.0,167934.0,2215769.0,79.0,71.0,7679.0,45530.0,13534.0,2027.0,31700.0,,8490.0,,58824.0,67314.0,81.36,1059.975,1011.375,26948.0,31970.0,1842.0,4445.0,4627.0,96.07108333333333,5.689655172413794,2242.0,3.0,agregado_media,False,agregado_media,False,agregado_media,False,agregado_suma,False,agregado_suma,False,agregado_suma,False,agregado_suma,False,agregado_suma,False,agregado_media,False,agregado_suma,False,14.684165718869664,12.031326324053955,14.611110079538493,4.3694478524670215,4.2626798770413155,8.946244609330543,10.726126728328827,9.51296031679217,7.614312146452,10.364071959865372,,9.046644279305394,,10.982305213876058,11.11712351777302,4.398883751740304,6.966000601922324,6.919066070128004,10.20166436208055,10.372553242053888,7.518607216815252,8.399535147948004,8.439663988907,4.565088368857842,1.7386496439141066,7.715123603632105,0.00341227985830983,0.13314526103730806,-0.0057668846356886405,0.09278173345096619,0.27369583047704094,0.05555868904941441,0.3225611005734734,0.1431406302706666,0.13614245229221478,0.0515257637109503,,0.6069802903983934,,0.0072511684940170795,0.06582089912321898,0.027788522766174495,0.01074170029621957,0.0013109565675328838,-0.03786676378523701,-0.07604541221478023,-0.06260260938109408,-0.16606718267592058,0.19323020274663527,0.01846226218317959,0.03991085683952522,-0.04619557731588131,0.5899999999999999
Castilla y León,07,2024,2024-01-01,2391682.0,184135.0,2207547.0,94.0,68.0,8025.0,58193.0,15028.0,2235.0,34082.0,,8265.0,,58145.0,66410.0,87.74675,1092.825,1025.05,30670.0,36562.0,2302.0,6537.0,4370.0,97.65366666666667,5.970149253731343,2792.0,3.54,agregado_media,False,agregado_media,False,agregado_media,False,agregado_suma,False,agregado_suma,False,agregado_suma,False,agregado_suma,False,agregado_suma,False,agregado_media,False,agregado_suma,False,14.687507442071123,12.123424463220221,14.607392502286828,4.543294782270004,4.219507705176107,8.990316947998217,10.971520351571833,9.61767040669386,7.711996507047669,10.436524664667338,,9.019785010255125,,10.970695169727144,11.103602926534759,4.47445482462305,6.996521365568028,6.932496670870584,10.331040257108297,10.506764728667031,7.741533589281828,8.78523362361273,8.382518288089635,4.581427205687547,1.7867719277170158,7.934513463882263,0.003341723201458535,0.09209813916626608,-0.003717577251665105,0.17384692980298233,-0.0431721718652085,0.04407233866767335,0.24539362324300562,0.10471008990168862,0.09768436059566898,0.0724527048019663,,-0.026859269050268253,,-0.011610044148914866,-0.013520591238261659,0.07557107288274612,0.030520763645704108,0.013430600742580623,0.1293758950277475,0.1342114866131432,0.22292637246657598,0.38569847566472504,-0.05714570081736525,0.016338836829704384,0.04812228380290917,0.21938986025015783,0.54
Castilla y León,07,2025,2025-01-01,2401221.0,203169.0,2198052.0,113.0,76.0,8464.0,72231.0,16372.0,2488.0,38480.0,,7201.0,,57744.0,64945.0,99.99975,1187.65,1047.925,36432.0,41391.0,2700.0,6567.0,3846.0,100.0,,3285.0,3.84,agregado_media,False,agregado_media,False,agregado_media,False,agregado_suma,False,agregado_suma,False,agregado_suma,False,agregado_suma,False,agregado_suma,False,agregado_media,False,agregado_suma,False,14.691487915948768,12.221793423993029,14.603082071536653,4.727387818712341,4.330733340286331,9.043577154098081,11.187624595611938,9.703327837612294,7.81923445385907,10.557893904779643,,8.881975184248867,,10.96377472688257,11.081296036841385,4.605167685984966,7.0797318437211025,6.954567297434602,10.50320278830352,10.630818744876143,7.90100705199242,8.789812386190972,8.254788926148725,4.605170185988092,,8.09712193091871,0.003980473877644997,0.09836896077280777,-0.0043104307501753425,0.184093036442337,0.1112256351102241,0.05326020609986415,0.2161042440401051,0.08565743091843459,0.10723794681140131,0.12136924011230477,,-0.1378098260062579,,-0.0069204428445743815,-0.022306889693373577,0.13071286136191596,0.0832104781530747,0.022070626564017815,0.17216253119522307,0.1240540162091115,0.15947346271059182,0.0045787625782427455,-0.12772936194090967,0.023742980300545113,,0.16260846703644738,0.2999999999999998
Castilla-La Mancha,08,2002,2002-01-01,1763493.0,45348.0,1718144.0,34.0,68.0,1158.0,18010.0,1519.0,456.0,10172.0,2787.0,,11144.0,,13931.0,,767.175,666.35,,,,,,70.39591666666666,,,,,False,agregado_media,False,agregado_media,False,,False,,False,,False,,False,,False,agregado_media,False,,False,14.38280705927129,10.722121353137489,14.356755196407253,3.5263605246161616,4.219507705176107,7.05444965813294,9.798682438170001,7.325807502595773,6.1224928095143865,9.227394126542011,7.932721027481948,,9.318656515459642,,9.541871851706224,,6.64271493701118,6.501815058025736,,,,,,4.2541352595878825,,,,,,,,,,,,,,,,,,,,,,,,,,,,,
Castilla-La Mancha,08,2003,2003-01-01,1797142.0,66853.0,1730289.0,41.0,75.0,1492.0,25158.0,1831.0,540.0,13485.0,3931.0,,20300.0,,24231.0,,874.0250000000001,693.45,,,,,,72.83966666666666,,,,,False,agregado_media,False,agregado_media,False,,False,,False,,False,,False,,False,agregado_media,False,,False,14.401708183233605,11.110251458112545,14.363799004545447,3.713572066704308,4.31748811353631,7.307872780763706,10.132931216398818,7.5126175446745105,6.29156913955832,9.50933323557383,8.27664912542186,,9.918376165029878,,10.095388084110406,,6.773108979365439,6.541679139102344,,,,,,4.288260678608775,,,0.01890112396231558,0.3881301049750565,0.007043808138194052,0.1872115420881464,0.09798040836020316,0.2534231226307657,0.33424877822881705,0.1868100420787373,0.16907633004393396,0.2819391090318195,0.3439280979399122,,0.5997196495702362,,0.5535162324041814,,0.13039404235425867,0.039864081076608215,,,,,,0.03412541902089217,,,
Castilla-La Mancha,08,2004,2004-01-01,1833549.0,86098.0,1747451.0,42.0,75.0,1824.0,30433.0,2114.0,653.0,16451.0,4525.0,,29981.0,,34506.0,,1030.175,723.425,,33459.0,,,,74.80341666666666,,,,,False,agregado_media,False,agregado_media,False,,False,agregado_suma,False,,False,,False,,False,agregado_media,False,,False,14.421763990979612,11.363241461342312,14.373668712639748,3.7376696182833684,4.31748811353631,7.508787170634276,10.323282824952447,7.656337166430183,6.481577129276431,9.708141544619421,8.417372856134026,,10.308319126670684,,10.448888500941809,,6.937483969704438,6.583996877947666,,10.418076087662646,,,,4.314863561299107,,,0.020055807746006238,0.25299000322976717,0.009869708094301544,0.02409755157906046,0.0,0.20091438987057053,0.19035160855362854,0.14371962175567266,0.19000798971811061,0.19880830904559055,0.14072373071216582,,0.38994296164080566,,0.35350041683140354,,0.16437499033899883,0.04231773884532153,,,,,,0.026602882690331953,,,
Castilla-La Mancha,08,2005,2005-01-01,1874004.0,107749.0,1766255.0,41.0,70.0,2400.0,33914.0,2437.0,741.0,19644.0,4782.0,,43719.0,,48501.0,,1233.3,773.75,,39539.0,,,,77.55233333333334,,,,,False,agregado_media,False,agregado_media,False,,False,agregado_suma,False,,False,,False,,False,agregado_media,False,,False,14.443587876249945,11.58755972718047,14.384372043833201,3.713572066704308,4.248495242049359,7.783224016336037,10.431583187467073,7.798523053625206,6.608000625296087,9.885527227159136,8.47261414801827,,10.685538069201806,,10.789339695269716,,7.117448782571943,6.651248823998806,,10.585042805560075,,,,4.350952977285104,,,0.021823885270332966,0.22431826583815706,0.01070333119345257,-0.02409755157906046,-0.06899287148695077,0.27443684570176075,0.10830036251462616,0.1421858871950228,0.12642349601965552,0.17738568253971465,0.05524129188424354,,0.37721894253112254,,0.3404511943279065,,0.17996481286750488,0.06725194605114027,,0.166966717897429,,,,0.03608941598599724,,,
Castilla-La Mancha,08,2006,2006-01-01,1917447.0,129956.0,1787491.0,43.0,64.0,3086.0,37220.0,2713.0,846.0,22991.0,5075.0,,57918.0,,62993.0,,1360.475,810.175,,44940.0,,,,80.63433333333333,,,,,False,agregado_media,False,agregado_media,False,,False,agregado_suma,False,,False,,False,,False,agregado_media,False,,False,14.466505171685098,11.774951210608224,14.39632351857259,3.7612001156935624,4.1588830833596715,8.034631032923107,10.524601530196241,7.905810312658931,6.740519359606223,10.042858113983936,8.532081803909987,,10.96678349607667,,11.050778888089262,,7.21558918245726,6.697250273713894,,10.71308354573932,,,,4.389924530689903,,,0.022917295435153306,0.18739148342775458,0.011951474739388956,0.047628048989254435,-0.08961215868968786,0.2514070165870699,0.09301834272916842,0.10728725903372549,0.1325187343101364,0.15733088682480023,0.05946765589171754,,0.28124542687486453,,0.2614391928195463,,0.09814039988531764,0.046001449715087794,,0.1280407401792445,,,,0.03897155340479941,,,
Castilla-La Mancha,08,2007,2007-01-01,1971222.0,160583.0,1810639.0,41.0,60.0,3757.0,43361.0,3470.0,930.0,28386.0,5468.0,,75109.0,,80577.0,102.40775000000001,1424.125,865.025,38639.0,45220.0,1494.0,,,83.68508333333334,,1415.0,,agregado_media,False,agregado_media,False,agregado_media,False,agregado_suma,False,agregado_suma,False,agregado_suma,False,,False,,False,agregado_media,False,agregado_suma,False,14.494164212973343,11.98656622184091,14.409190379612552,3.713572066704308,4.0943445622221,8.231376045573969,10.677315698578214,8.151909872940905,6.835184586147301,10.253651344859204,8.60666819784384,,11.226695670785011,,11.296968527970375,4.628962393335299,7.26131286901828,6.762758408248336,10.562017408074379,10.719294745831961,7.309212365692763,,,4.427060745762839,,7.254884810077338,0.02765904128824559,0.211615011232686,0.012866861039961819,-0.047628048989254435,-0.06453852113757108,0.19674501265086164,0.15271416838197283,0.24609956028197377,0.09466522654107834,0.21079323087526802,0.07458639393385269,,0.25991217470834016,,0.24618963988111275,,0.04572368656101933,0.0655081345344426,,0.006211200092641533,,,,0.03713621507293574,,,
Castilla-La Mancha,08,2008,2008-01-01,2031828.0,201461.0,1830367.0,42.0,60.0,4498.0,49013.0,4628.0,1000.0,34942.0,5979.0,,101298.0,,107277.0,104.496,1402.075,861.05,34113.0,35010.0,827.0,24123.0,47229.0,87.3975,,727.0,,agregado_media,False,agregado_media,False,agregado_media,False,agregado_suma,False,agregado_suma,False,agregado_suma,False,agregado_suma,False,agregado_suma,False,agregado_media,False,agregado_suma,False,14.524446438428571,12.213351093248871,14.420027051158941,3.7376696182833684,4.0943445622221,8.411388132519262,10.799840848027767,8.439880088313567,6.907755278982137,10.46144482303439,8.696008608880904,,11.525821946705248,,11.583169553358738,4.649148793160301,7.245708561170861,6.758152574750908,10.437433822292833,10.463389013948712,6.717804695023691,10.090921021216259,10.762763389682739,4.470466678133391,,6.588926477533519,0.03028222545522752,0.22678487140796122,0.010836671546389454,0.02409755157906046,0.0,0.18001208694529325,0.12252514944955273,0.28797021537266154,0.07257069283483553,0.20779347817518534,0.08934041103706392,,0.2991262759202371,,0.28620102538836356,0.020186399825002255,-0.015604307847418397,-0.004605833497428158,-0.12458358578154538,-0.2559057318832494,-0.5914076706690716,,,0.043405932370552236,,-0.665958332543819,
Castilla-La Mancha,08,2009,2009-01-01,2066417.0,216230.0,1850188.0,40.0,56.0,5206.0,51616.0,5343.0,1054.0,40484.0,6141.0,,106291.0,,112432.0,101.37825,1246.55,805.9,21053.0,23810.0,1460.0,5981.0,34148.0,89.555,,1419.0,,agregado_media,False,agregado_media,False,agregado_media,False,agregado_suma,False,agregado_suma,False,agregado_suma,False,agregado_suma,False,agregado_suma,False,agregado_media,False,agregado_suma,False,14.54132674759791,12.28409793496794,14.430797813513003,3.6888794541139363,4.02535169073515,8.55756708555451,10.851586980924935,8.583542571957771,6.960347729101308,10.608662113308792,8.722742874329398,,11.573935894706157,,11.63010387343198,4.618858571107882,7.1281350144736155,6.691959665330466,9.954798346770556,10.077860939480908,7.286191714702382,8.696343057044556,10.438459298130198,4.494852961677222,,7.257707677160043,0.01688030916933947,0.07074684171906931,0.010770762354061603,-0.04879016416943216,-0.06899287148695077,0.14617895303524797,0.05174613289716845,0.14366248364420464,0.05259245011917102,0.1472172902744031,0.026734265448494554,,0.048113948000908735,,0.046934320073241054,-0.030290222052419047,-0.11757354669724585,-0.06619290942044209,-0.4826354755222777,-0.38552807446780335,0.5683870196786911,-1.3945779641717024,-0.32430409155254125,0.024386283543830878,,0.6687811996265234,
Castilla-La Mancha,08,2010,2010-01-01,2084470.0,217911.0,1866559.0,35.0,54.0,5554.0,50519.0,5693.0,1082.0,42884.0,6161.0,,105929.0,,112090.0,100.23475,1243.1,789.45,20481.0,24380.0,803.0,5461.0,21468.0,90.73083333333334,,751.0,,agregado_media,False,agregado_media,False,agregado_media,False,agregado_suma,False,agregado_suma,False,agregado_suma,False,agregado_suma,False,agregado_suma,False,agregado_media,False,agregado_suma,False,14.55002518425891,12.291842001530963,14.439607186802366,3.5553480614894135,3.9889840465642745,8.622273667866745,10.830104782127586,8.646992628951082,6.9865664594064265,10.66625407497613,8.725994381014571,,11.570524337349626,,11.627057399015142,4.607514934914556,7.12536353879767,6.6713365004678975,9.92725290608639,10.101518403035262,6.688354713946762,8.605387202152153,9.97431873329672,4.5078972479000035,,6.621405651764134,0.008698436660999675,0.0077440665630224,0.008809373289363265,-0.13353139262452274,-0.036367644170875124,0.06470658231223503,-0.021482198797349028,0.06345005699331097,0.026218730305118676,0.057591961667338154,0.0032515066851726004,,-0.003411557356530537,,-0.0030464744168376967,-0.011343636193326567,-0.0027714756759458226,-0.020623164862568544,-0.027545440684166422,0.023657463554354052,-0.5978370007556206,-0.09095585489240321,-0.4641405648334782,0.01304428622278131,,-0.6363020253959082,
Castilla-La Mancha,08,2011,2011-01-01,2099057.0,216115.0,1882942.0,29.0,52.0,5930.0,46793.0,5862.0,1048.0,43673.0,6150.0,,106578.0,,112728.0,93.7985,1173.3,785.6,16421.0,17029.0,588.0,3890.0,8810.0,91.62908333333334,4.861502525252526,559.0,,agregado_media,False,agregado_media,False,agregado_media,False,agregado_suma,False,agregado_suma,False,agregado_suma,False,agregado_suma,False,agregado_suma,False,agregado_media,False,agregado_suma,False,14.55699875422253,12.28356595239517,14.448346005253057,3.367295829986474,3.9512437185814275,8.68777949199177,10.753488898069062,8.676246121270838,6.954638864880987,10.6844853411661,8.724207360800564,,11.57663239042794,,11.63273311637494,4.541148864413099,7.067575570429578,6.666447757040256,9.706316282491837,9.742673052026605,6.376726947898627,8.266164436612492,9.083642718930225,4.517748724925481,1.5813475517064042,6.326149473155099,0.006973569963619752,-0.008276049135792718,0.008738818450691355,-0.18805223150293937,-0.03774032798284699,0.06550582412502592,-0.07661588405852449,0.02925349231975538,-0.03192759452543914,0.01823126618996973,-0.0017870202140066738,,0.006108053078314413,,0.005675717359798327,-0.0663660705014566,-0.05778796836809175,-0.004888743427641451,-0.22093662359455202,-0.35884535100865733,-0.3116277660481348,-0.33922276553966135,-0.8906760143664947,0.009851477025477173,,-0.2952561786090353,
Castilla-La Mancha,08,2012,2012-01-01,2105936.0,215231.0,1890705.0,17.0,41.0,6622.0,43891.0,6161.0,1046.0,43996.0,6084.0,,107374.0,,113458.0,82.9425,1064.25,727.9,16390.0,18082.0,614.0,2614.0,6890.0,91.96258333333333,4.651162790697675,689.0,,agregado_media,False,agregado_media,False,agregado_media,False,agregado_suma,False,agregado_suma,False,agregado_suma,False,agregado_suma,False,agregado_suma,False,agregado_media,False,agregado_suma,False,14.560270581850569,12.279467148939876,14.452460333355717,2.833213344056216,3.713572066704308,8.798152718107191,10.689464566656033,8.725994381014571,6.952728644624869,10.691853999677008,8.713417653379183,,11.584073346088358,,11.639188003367535,4.418147596635488,6.970025604708262,6.590163676124212,9.704426671737876,9.802672247297311,6.419994928147142,7.868636894184167,8.837826364007704,4.521381791424435,1.5371172508544744,6.535241271013659,0.0032718276280387926,-0.004098803455294231,0.004114328102659215,-0.534082485930258,-0.23767165187711958,0.11037322611542066,-0.06402433141302843,0.049748259743733314,-0.0019102202561187553,0.007368658510907622,-0.010789707421380967,,0.007440955660417359,,0.006454886992594666,-0.12300126777761111,-0.09754996572131613,-0.07628408091604388,-0.0018896107539614349,0.05999919527070574,0.043267980248515414,-0.39752754242832467,-0.24581635492252119,0.0036330664989545625,-0.044230300851929805,0.20909179785855958,
Castilla-La Mancha,08,2013,2013-01-01,2093474.0,206628.0,1886846.0,21.0,34.0,7123.0,40298.0,6312.0,1007.0,43530.0,5872.0,,102431.0,,108303.0,70.39150000000001,943.1500000000001,712.3,14173.0,12452.0,451.0,2367.0,3152.0,91.53991666666667,4.360765535880743,478.0,,agregado_media,False,agregado_media,False,agregado_media,False,agregado_suma,False,agregado_suma,False,agregado_suma,False,agregado_suma,False,agregado_suma,False,agregado_media,False,agregado_suma,False,14.554335444970853,12.238675354074186,14.45041720999754,3.044522437723423,3.5263605246161616,8.871084263978354,10.604057118911712,8.750207862525711,6.914730892718563,10.681205634546343,8.677950570294351,,11.536944680147739,,11.592688133436447,4.2540725172381375,6.849225336791734,6.568499170984308,9.559094025166905,9.4296365315615,6.111467339502679,7.769378609513984,8.05579245097777,4.5167751248762364,1.4726476235723174,6.169610732491456,-0.005935136879715586,-0.04079179486569018,-0.0020431233581774677,0.21130909366720685,-0.1872115420881464,0.07293154587116213,-0.08540744774432163,0.02421348151113989,-0.03799775190630594,-0.010648365130665027,-0.03546708308483204,,-0.04712866594061893,,-0.0464998699310879,-0.16407507939735044,-0.12080026791652809,-0.021664505139904477,-0.14533264657097078,-0.37303571573581173,-0.3085275886444636,-0.09925828467018327,-0.7820339130299345,-0.004606666548198746,-0.064469627282157,-0.3656305385222023,
Castilla-La Mancha,08,2014,2014-01-01,2074760.0,186787.0,1887973.0,37.0,33.0,6846.0,32270.0,5684.0,952.0,40626.0,5601.0,,94738.0,,100339.0,68.5185,890.475,712.125,12046.0,14413.0,664.0,2209.0,2979.0,90.68299999999999,4.224537037037037,665.0,,agregado_media,False,agregado_media,False,agregado_media,False,agregado_suma,False,agregado_suma,False,agregado_suma,False,agregado_suma,False,agregado_suma,False,agregado_media,False,agregado_suma,False,14.545356042306894,12.137724209207413,14.451014324737868,3.6109179126442243,3.4965075614664802,8.831419819090131,10.381893285046008,8.64541048921699,6.858565034791365,10.6121635347137,8.630700432209832,,11.458870465847484,,11.516309731873374,4.227103781797735,6.791755028219965,6.56825345780056,9.396487933603666,9.575885856083103,6.498282149476434,7.700295203420117,7.999342952713282,4.507369908462178,1.4409096777724817,6.499787040655854,-0.008979402663959135,-0.10095114486677303,0.0005971147403283084,0.5663954749208013,-0.029852963149681333,-0.039664444888222405,-0.2221638338657037,-0.10479737330872041,-0.05616585792719775,-0.06904209983264309,-0.04725013808451983,,-0.07807421430025485,,-0.07637840156307263,-0.026968735440402902,-0.05747030857176849,-0.0002457131837481086,-0.16260609156323902,0.14624932452160344,0.38681480997375495,-0.06908340609386698,-0.0564494982644872,-0.009405216414058337,-0.03173794579983569,0.3301763081643978,
Castilla-La Mancha,08,2015,2015-01-01,2062615.0,176774.0,1885841.0,56.0,31.0,6814.0,28363.0,5413.0,940.0,38749.0,5513.0,,90895.0,,96408.0,70.02725,885.6,728.825,11941.0,14288.0,1057.0,2610.0,3292.0,89.95316666666668,4.128440366972478,1046.0,,agregado_media,False,agregado_media,False,agregado_media,False,agregado_suma,False,agregado_suma,False,agregado_suma,False,agregado_suma,False,agregado_suma,False,agregado_media,False,agregado_suma,False,14.539485153212334,12.082627359547942,14.449884433213368,4.02535169073515,3.4339872044851463,8.826734598220911,10.252840757844124,8.596558746796978,6.84587987526405,10.564860227996888,8.614864218589684,,11.417460273152162,,11.476344464707228,4.24888445201162,6.786265381394427,6.591433648321192,9.387733135533384,9.567175303116281,6.963189985870238,7.867105500316739,8.09925056179696,4.4992891645202455,1.4178997005352219,6.952728644624869,-0.005870889094559573,-0.05509684965947059,-0.0011298915244992713,0.4144337780909253,-0.06252035698133396,-0.004685220869220075,-0.12905252720188365,-0.048851742420012556,-0.012685159527315193,-0.04730330671681138,-0.015836213620147532,,-0.04141019269532187,,-0.03996526716614568,0.021780670213884967,-0.005489646825537875,0.023180190520632138,-0.008754798070281566,-0.008710552966821439,0.4649078363938042,0.16681029689662186,0.09990760908367857,-0.008080743941932589,-0.023009977237259838,0.4529416039690144,
Castilla-La Mancha,08,2016,2016-01-01,2049336.0,171363.0,1877973.0,66.0,29.0,7110.0,26334.0,5411.0,944.0,37746.0,5570.0,,88153.0,,93723.0,70.61375,878.2,751.975,13390.0,16265.0,1370.0,,2454.0,89.34366666666666,4.207920792079208,1349.0,3.24,agregado_media,False,agregado_media,False,agregado_media,False,agregado_suma,False,agregado_suma,False,agregado_suma,False,,False,agregado_suma,False,agregado_media,False,agregado_suma,False,14.533026396207841,12.051539392531131,14.44570356165019,4.189654742026425,3.367295829986474,8.869257522797287,10.17861615891629,8.596189197642735,6.8501261661455,10.538634788798085,8.62515033292133,,11.386829220145378,,11.448098902352694,4.257224884742883,6.777874358127617,6.6227030787163725,9.502263438685219,9.696770838907451,7.222566018822171,,7.805474625270857,4.49249035679509,1.4369686520831575,7.207118856207756,-0.006458757004493165,-0.031087967016810936,-0.004180871563178812,0.16430305129127554,-0.06669137449867213,0.0425229245763763,-0.0742245989278345,-0.0003695491542430318,0.004246290881450676,-0.026225439198803713,0.01028611433164528,,-0.03063105300678437,,-0.02824556235453457,0.008340432731263725,-0.008391023266810294,0.03126943039518082,0.11453030315183454,0.12959553579116978,0.25937603295193323,,-0.2937759365261039,-0.006798807725155953,0.019068951547935642,0.2543902115828871,
Castilla-La Mancha,08,2017,2017-01-01,2041422.0,166677.0,1874745.0,73.0,24.0,7352.0,25238.0,5364.0,978.0,36642.0,5592.0,,85414.0,,91006.0,71.13525,875.3,782.25,16473.0,20642.0,1786.0,,2636.0,89.45783333333333,4.25531914893617,1769.0,3.37,agregado_media,False,agregado_media,False,agregado_media,False,agregado_suma,False,agregado_suma,False,agregado_suma,False,,False,agregado_suma,False,agregado_media,False,agregado_suma,False,14.529157181811266,12.023813086814299,14.44398320813781,4.290459441148391,3.1780538303479458,8.902727664035522,10.136106074212856,8.587465244401569,6.885509670034818,10.50895040245119,8.629092283913646,,11.355265300767112,,11.418680717391366,4.264582994541321,6.774566684738392,6.662174382548992,9.709477955946982,9.935083114125879,7.487733761436444,,7.877017895622398,4.4937673783209915,1.448169764837978,7.478169694159785,-0.0038692143965750603,-0.027726305716832655,-0.0017203535123790914,0.10080469912196577,-0.1892419996385284,0.033470141238234774,-0.04251008470343365,-0.008723953241165816,0.035383503889317325,-0.02968438634689541,0.003941950992317089,,-0.03156391937826619,,-0.029418184961327754,0.007358109798437873,-0.0033076733892247745,0.03947130383261932,0.20721451726176277,0.23831227521842813,0.2651677426142731,,0.07154327035154129,0.0012770215259019224,0.011201112754820608,0.27105083795202933,0.1299999999999999
Castilla-La Mancha,08,2018,2018-01-01,2034409.0,166517.0,1867892.0,79.0,28.0,7925.0,26461.0,5932.0,1044.0,37817.0,5718.0,,81513.0,,87231.0,72.81075,874.9,804.975,18987.0,23626.0,1971.0,3581.0,2575.0,90.23458333333333,4.375,2144.0,3.53,agregado_media,False,agregado_media,False,agregado_media,False,agregado_suma,False,agregado_suma,False,agregado_suma,False,agregado_suma,False,agregado_suma,False,agregado_media,False,agregado_suma,False,14.52571591698903,12.022852685292673,14.4403210802537,4.3694478524670215,3.332204510175204,8.977777598745481,10.183427229849748,8.688116703257823,6.950814768442584,10.540514015956738,8.651374372882257,,11.308517795711168,,11.376315051307444,4.287863609136426,6.774109594112219,6.690811221035698,9.851509813443416,10.070103079508465,7.58629630715272,8.183397369998433,7.853604813097837,4.502412760829966,1.4759065198095778,7.670428522190693,-0.0034412648222357234,-0.0009604015216257977,-0.0036621278841106886,0.07898841131863055,0.15415067982725805,0.07504993470995913,0.04732115563689199,0.10065145885625348,0.06530509840776588,0.031563613505548815,0.022282088968610836,,-0.046747505055943606,,-0.04236566608392245,0.02328061459510522,-0.0004570906261731622,0.028636838486706395,0.1420318574964341,0.1350199653825861,0.09856254571627598,,-0.02341308252456109,0.008645382508974286,0.027736754971599664,0.19225882803090766,0.1599999999999997
Castilla-La Mancha,08,2019,2019-01-01,2036777.0,172095.0,1864682.0,95.0,26.0,8318.0,29767.0,6991.0,1112.0,40257.0,5845.0,,79684.0,,85529.0,75.37950000000001,883.95,825.075,20190.0,24082.0,2193.0,3715.0,3012.0,91.10158333333334,4.705882352941177,2510.0,4.16,agregado_media,False,agregado_media,False,agregado_media,False,agregado_suma,False,agregado_suma,False,agregado_suma,False,agregado_suma,False,agregado_suma,False,agregado_media,False,agregado_suma,False,14.526879214498427,12.055801928901353,14.438601087138297,4.553876891600541,3.258096538021482,9.026177120302856,10.301155676342068,8.852378886511985,7.013915474810528,10.603039180769068,8.67334187390617,,11.285824091801674,,11.356610778702432,4.322535354757823,6.784400499952032,6.715474291293609,9.912942711306883,10.089219952452165,7.693025748417888,8.220133957151859,8.010359588919783,4.511975184283193,1.5488132906176655,7.828038032125829,0.001163297509396699,0.032949243608680234,-0.0017199931154028292,0.18442903913351927,-0.07410797215372167,0.048399521557374925,0.11772844649232006,0.16426218325416286,0.06310070636794407,0.06252516481232995,0.021967501023912206,,-0.022693703909494545,,-0.019704272605011397,0.034671745621396965,0.010290905839813291,0.024663070257910924,0.06143289786346706,0.019116872943699903,0.10672944126516803,0.03673658715342576,0.15675477582194652,0.009562423453226998,0.07290677080808772,0.15760950993513667,0.6300000000000003
Castilla-La Mancha,08,2020,2020-01-01,2047969.0,184620.0,1863349.0,108.0,26.0,8854.0,35810.0,8675.0,1208.0,44395.0,6033.0,,79511.0,,85544.0,76.35,872.525,798.375,17665.0,21397.0,1821.0,3850.0,3074.0,91.67075,4.852726178190575,2110.0,4.08,agregado_media,False,agregado_media,False,agregado_media,False,agregado_suma,False,agregado_suma,False,agregado_suma,False,agregado_suma,False,agregado_suma,False,agregado_media,False,agregado_suma,False,14.532359128308224,12.126054937544142,14.437885964299024,4.68213122712422,3.258096538021482,9.088624613292087,10.485982462992478,9.06820060481506,7.0967213784947605,10.700882129466427,8.704999678440762,,11.283650655850774,,11.356786142436492,4.335328031664641,6.771391306961213,6.682578411881753,9.779340559793246,9.97100600426695,7.507141079727608,8.25582842728183,8.03073492409854,4.518203353460888,1.5795406456271452,7.6544432264701125,0.005479913809796955,0.07025300864278883,-0.0007151228392725528,0.12825433552367915,0.0,0.06244749298923047,0.18482678665040986,0.21582171830307395,0.0828059036842328,0.09784294869735888,0.03165780453459277,,-0.0021734359508993606,,0.00017536373406024097,0.012792676906817846,-0.013009192990819152,-0.03289587941185612,-0.13360215151363697,-0.11821394818521469,-0.18588466869027975,0.035694470129971734,0.020375335178757226,0.0062281691776950865,0.030727355009479762,-0.17359480565571683,-0.08000000000000007
Castilla-La Mancha,08,2021,2021-01-01,2052505.0,190379.0,1862126.0,117.0,26.0,8932.0,38863.0,9463.0,1237.0,46887.0,,7269.0,,77585.0,84854.0,78.199,884.25,847.875,23422.0,29603.0,2532.0,6220.0,3826.0,92.22666666666666,5.007533125798212,3011.0,3.93,agregado_media,False,agregado_media,False,agregado_media,False,agregado_suma,False,agregado_suma,False,agregado_suma,False,agregado_suma,False,agregado_suma,False,agregado_media,False,agregado_suma,False,14.534571556359346,12.15677210113891,14.437229403702627,4.762173934797756,3.258096538021482,9.097395612960048,10.567797920157515,9.155144736508232,7.1204443723924875,10.755495730510303,,8.891374009484636,,11.259129388517584,11.348687411566544,4.359256859745717,6.78473982808559,6.742733219266244,10.061431030602083,10.295630986527803,7.836764783264067,8.735525185733225,8.249575150000199,4.524249315064274,1.610943403772743,8.010027528481734,0.002212428051121762,0.030717163594768948,-0.0006565605963970711,0.08004270767353638,0.0,0.008770999667961021,0.08181545716503713,0.08694413169317272,0.02372299389772703,0.054613601043875803,,,,,-0.008098730869948056,0.023928828081075437,0.013348521124377122,0.06015480738449064,0.2820904708088374,0.32462498226085224,0.3296237035364582,0.4796967584513947,0.21884022590165841,0.0060459616033865515,0.03140275814559779,0.3555843020116214,-0.1499999999999999
Castilla-La Mancha,08,2022,2022-01-01,2058278.0,195399.0,1862879.0,132.0,23.0,9084.0,41375.0,9927.0,1301.0,49595.0,,7157.0,,76805.0,83962.0,82.831,914.65,871.55,26864.0,30499.0,2853.0,4509.0,4331.0,93.29758333333334,5.251254173304255,3424.0,4.27,agregado_media,False,agregado_media,False,agregado_media,False,agregado_suma,False,agregado_suma,False,agregado_suma,False,agregado_suma,False,agregado_suma,False,agregado_media,False,agregado_suma,False,14.537380268857769,12.182798900870457,14.437633698467469,4.882801922586371,3.1354942159291497,9.114269903225448,10.630432112679363,9.203013596589722,7.170888478512505,10.811645301180095,,8.875846177738598,,11.249025021183247,11.338119594517936,4.416802387457735,6.818541478437307,6.770273235660874,10.198542379317322,10.325449175172755,7.9561263512135,8.413830678421084,8.373553741214627,4.535794205409937,1.6584669382270147,8.138564737261632,0.0028087124984228495,0.026026799731546646,0.0004042947648414952,0.12062798778861428,-0.12260232209233246,0.01687429026540066,0.06263419252184832,0.04786886008148983,0.050444106120017373,0.05614957066979187,,-0.01552783174603789,,-0.010104367334337283,-0.010567817048608319,0.05754552771201826,0.033801650351716894,0.027540016394630662,0.1371113487152389,0.02981818864495267,0.11936156794943376,-0.32169450731214155,0.12397859121442778,0.01154489034566275,0.04752353445427171,0.12853720877989794,0.3399999999999994
Castilla-La Mancha,08,2023,2023-01-01,2084086.0,220173.0,1863913.0,156.0,31.0,9933.0,55140.0,11678.0,1517.0,54765.0,,9927.0,,77026.0,86953.0,84.2205,939.875,895.075,25371.0,29407.0,2713.0,4526.0,4621.0,95.49549999999999,5.555555555555556,3222.0,5.33,agregado_media,False,agregado_media,False,agregado_media,False,agregado_suma,False,agregado_suma,False,agregado_suma,False,agregado_suma,False,agregado_suma,False,agregado_media,False,agregado_suma,False,14.54984094779857,12.30216887994897,14.438188599318675,5.049856007249537,3.4339872044851463,9.203617826215355,10.917630684577787,9.365462008843483,7.324489979348532,10.910806582757846,,9.203013596589722,,11.251898306178386,11.373123021774923,4.433438359548266,6.845746887698191,6.796907513646607,10.141362068450333,10.288988020224695,7.905810312658931,8.417593826193484,8.438366410870266,4.559079125957634,1.7147984280919268,8.07775756373692,0.012460678940801273,0.11936997907851321,0.0005549008512062414,0.1670540846631665,0.2984929885559966,0.08934792298990679,0.2871985718984238,0.16244841225376128,0.15360150083602697,0.09916128157775184,,0.32716741885112377,,0.0028732849951396133,0.0350034272569868,0.016635972090530693,0.02720540926088333,0.0266342779857327,-0.057180310866989714,-0.03646115494806068,-0.0503160385545689,0.003763147772399833,0.06481266965563925,0.02328492054769704,0.0563314898649121,-0.060807173524711544,1.0600000000000005
Castilla-La Mancha,08,2024,2024-01-01,2104433.0,237904.0,1866529.0,199.0,39.0,10274.0,67136.0,12978.0,1684.0,59482.0,,10052.0,,76060.0,86112.0,89.65675,975.375,899.15,30032.0,34413.0,3281.0,4951.0,3844.0,97.646,5.855855855855856,3826.0,5.25,agregado_media,False,agregado_media,False,agregado_media,False,agregado_suma,False,agregado_suma,False,agregado_suma,False,agregado_suma,False,agregado_suma,False,agregado_media,False,agregado_suma,False,14.559556630145224,12.379622509937004,14.439591114317603,5.293304824724492,3.6635616461296463,9.237371711027214,11.114475691755969,9.471010895181113,7.428927194802272,10.993429024756606,,9.215526898663482,,11.23927778148225,11.363404053526633,4.495988490022135,6.882822012436925,6.801449872611206,10.31001875882629,10.446189678949377,8.0959035329611,8.507344855361422,8.254268770090183,4.581348693862089,1.7674421615773488,8.249575150000199,0.009715682346653765,0.07745362998803351,0.0014025149989276287,0.24344881747495517,0.22957444164450003,0.03375388481185837,0.19684500717818132,0.10554888633762971,0.10443721545374007,0.08262244199876001,,0.012513302073760002,,-0.012620524696135504,-0.009718968248289883,0.06255013047386981,0.037075124738734644,0.004542358964599202,0.16865669037595765,0.1572016587246825,0.19009322030216946,0.08975102916793887,-0.18409764078008273,0.022269567904454668,0.05264373348542195,0.1718175862632787,-0.08000000000000007
Castilla-La Mancha,08,2025,2025-01-01,2126378.0,256586.0,1869792.0,217.0,48.0,10526.0,79133.0,13998.0,1803.0,66409.0,,8975.0,,75477.0,84452.0,100.00025,1073.875,928.6,34495.0,37805.0,3876.0,6473.0,3650.0,100.00008333333334,,4521.0,5.9,agregado_media,False,agregado_media,False,agregado_media,False,agregado_suma,False,agregado_suma,False,agregado_suma,False,agregado_suma,False,agregado_suma,False,agregado_media,False,agregado_suma,False,14.56993062076269,12.455219170049366,14.441337752697736,5.37989735354046,3.871201010907891,9.261603665913725,11.278885260180807,9.546669741249485,7.497207223203318,11.10358786844819,,9.10219821335648,,11.231583253064628,11.343938604607974,4.605172685984966,6.979028880958221,6.833678075585821,10.448569664980209,10.54019664799237,8.262558973010657,8.77539495854551,8.202482446576537,4.6051710193210775,,8.416488487294606,0.010373990617466688,0.0755966601123621,0.0017466383801334473,0.08659252881596746,0.20763936477824485,0.02423195488651153,0.16440956842483878,0.07565884606837159,0.06828002840104563,0.11015884369158435,,-0.11332868530700146,,-0.007694528417623303,-0.01946544891865898,0.1091841959628308,0.09620686852129534,0.03222820297461482,0.13855090615391852,0.09400696904299366,0.16665544004955635,0.2680501031840876,-0.05178632351364598,0.023822325458988658,,0.16691333729440672,0.6500000000000004
Cataluña,09,2002,2002-01-01,6380503.0,342524.0,6037978.0,21.0,244.0,25997.0,106192.0,15076.0,5423.0,111602.0,12533.0,,65436.0,,77969.0,,1355.2,2904.525,,,,,,62.498999999999995,,,,,False,agregado_media,False,agregado_media,False,,False,,False,,False,,False,,False,agregado_media,False,,False,15.668757492338646,12.74409700722212,15.613579745651691,3.044522437723423,5.497168225293202,10.165736425730918,11.573004055385706,9.620859354387026,8.59840444684106,11.62269424991572,9.436120444611522,,11.088827844714062,,11.264066590775714,,7.21170432389779,7.9740251447289925,,,,,,4.135150556614354,,,,,,,,,,,,,,,,,,,,,,,,,,,,,
Cataluña,09,2003,2003-01-01,6556909.0,495313.0,6061596.0,32.0,337.0,40875.0,167105.0,18979.0,7584.0,143901.0,19970.0,,96530.0,,116500.0,,1542.8,3059.575,,,,,,65.37716666666667,,,,,False,agregado_media,False,agregado_media,False,,False,,False,,False,,False,,False,agregado_media,False,,False,15.69602986085145,13.11294516495105,15.617483689707305,3.4657359027997265,5.820082930352362,10.618273908199555,12.026377636338099,9.85108838373692,8.933796043934858,11.87688084212164,9.901986426409861,,11.477609119842661,,11.665646551987892,,7.341354226334072,8.026031296411583,,,,,,4.180173063964643,,,0.027272368512804235,0.3688481577289302,0.003903944055613451,0.42121346507630353,0.3229147050591594,0.452537482468637,0.4533735809523929,0.23022902934989453,0.33539159709379796,0.25418659220592055,0.4658659817983395,,0.38878127512859884,,0.4015799612121782,,0.12964990243628272,0.052006151682590485,,,,,,0.04502250735028923,,,
Cataluña,09,2004,2004-01-01,6712745.0,626031.0,6086715.0,39.0,390.0,53387.0,213746.0,22499.0,9769.0,172611.0,26231.0,,127359.0,,153590.0,,1804.675,3171.025,,136370.0,,,,68.20375,,,,,False,agregado_media,False,agregado_media,False,,False,agregado_suma,False,,False,,False,,False,agregado_media,False,,False,15.719518516202085,13.347155169622896,15.621619085285785,3.6635616461296463,5.966146739123692,10.885322549617689,12.272543673173615,10.021226142760383,9.186969385652942,12.058795786771055,10.174697196419377,,11.754765149288591,,11.942041993409674,,7.498135799153399,8.06181015845555,,11.82312705885188,,,,4.222499548675022,,,0.023488655350634602,0.23421000467184605,0.004135395578479972,0.19782574332991976,0.14606380877133063,0.26704864141813367,0.24616603683551652,0.17013775902346318,0.2531733417180835,0.1819149446494155,0.2727107700095157,,0.2771560294459299,,0.27639544142178174,,0.1567815728193267,0.03577886204396741,,,,,,0.04232648471037859,,,
Cataluña,09,2005,2005-01-01,6870818.0,751702.0,6119117.0,45.0,472.0,69482.0,245571.0,26028.0,11335.0,203167.0,32351.0,,163252.0,,195603.0,,2012.7749999999999,3371.5249999999996,,162845.0,,,,71.1465,,,,,False,agregado_media,False,agregado_media,False,,False,agregado_suma,False,,False,,False,,False,agregado_media,False,,False,15.742793725523843,13.530095247797913,15.626928363033246,3.8066624897703196,6.156978985585555,11.148823005202699,12.411341390107452,10.166928160614875,9.335650562941629,12.221783579923096,10.384400211352366,,12.003050298212179,,12.18384237388855,,7.607269645920242,8.123120443244282,,12.000554107132016,,,,4.264741131477694,,,0.023275209321758084,0.182940078175017,0.005309277747461039,0.14310084364067333,0.1908322464618628,0.26350045558501023,0.13879771693383702,0.14570201785449122,0.14868117728868668,0.16298779315204115,0.20970301493298926,,0.24828514892358733,,0.24180038047887642,,0.10913384676684323,0.061310284788731906,,0.177427048280137,,,,0.04224158280267254,,,
Cataluña,09,2006,2006-01-01,7010868.0,862984.0,6147884.0,48.0,506.0,83647.0,270448.0,29556.0,12056.0,229836.0,37311.0,,199576.0,,236887.0,,2256.55,3486.95,,160286.0,,,,74.41458333333334,,,,,False,agregado_media,False,agregado_media,False,,False,agregado_suma,False,,False,,False,,False,agregado_media,False,,False,15.762972074455167,13.668151429916872,15.631618515538094,3.871201010907891,6.226536669287466,11.334360842053979,12.50783512218996,10.294042047908539,9.397317740306331,12.345121290090662,10.527043468321851,,12.203950395149073,,12.375338513166279,,7.721592377231183,8.156782707599518,,11.98471499853907,,,,4.3096519351759,,,0.020178348931324308,0.13805618211895876,0.004690152504847944,0.06453852113757153,0.06955768370191073,0.1855378368512799,0.09649373208250722,0.1271138872936639,0.0616671773647024,0.123337710167565,0.14264325696948532,,0.2009000969368948,,0.1914961392777279,,0.11432273131094117,0.033662264355236005,,-0.015839108592945905,,,,0.04491080369820555,,,
Cataluña,09,2007,2007-01-01,7151693.0,972830.0,6178863.0,47.0,498.0,90815.0,302796.0,34995.0,12219.0,252031.0,42422.0,,237007.0,,279429.0,92.164,2397.5750000000003,3576.575,111482.0,111442.0,5638.0,,,78.51541666666667,,6492.0,,agregado_media,False,agregado_media,False,agregado_media,False,agregado_suma,False,agregado_suma,False,agregado_suma,False,,False,,False,agregado_media,False,agregado_suma,False,15.782859669858253,13.787964628534322,15.636644831924846,3.8501476017100584,6.210600077024653,11.416579749183544,12.620814590418547,10.46296047312364,9.410747396316522,12.437307374800744,10.655422374579162,,12.375844955546071,,12.540503514262742,4.523569598783485,7.782213088854331,8.182160917550851,11.621618421872704,11.621259555169887,8.637284671674058,,,4.363294996164416,,8.778325928634482,0.01988759540308571,0.11981319861745021,0.0050263163867523275,-0.021053409197832718,-0.015936592262812965,0.08221890712956537,0.11297946822858762,0.16891842521510192,0.013429656010190527,0.09218608471008238,0.12837890625731063,,0.17189456039699813,,0.16516500109646337,,0.060620711623147194,0.025378209951332664,,-0.36345544336918323,,,,0.05364306098851568,,,
Cataluña,09,2008,2008-01-01,7311146.0,1098955.0,6212192.0,47.0,524.0,104148.0,332304.0,42412.0,13139.0,279507.0,48432.0,,278441.0,,326873.0,86.4105,2463.35,3581.35,62136.0,60921.0,2403.0,28302.0,87518.0,81.785,,3452.0,,agregado_media,False,agregado_media,False,agregado_media,False,agregado_suma,False,agregado_suma,False,agregado_suma,False,agregado_suma,False,agregado_suma,False,agregado_media,False,agregado_suma,False,15.804910590984415,13.909870286232604,15.64202437069323,3.8501476017100584,6.261491684321042,11.553568243432245,12.713805491585916,10.655186620045688,9.483340185641822,12.540782615986396,10.7879160312615,,12.536961466714166,,12.69732699523576,4.459109196203886,7.809277491151114,8.183495103284374,11.037080810099484,11.017333221844828,7.784473235736469,10.250687752512317,11.379599765475138,4.4040938527104885,,8.146709052203319,0.022050921126162137,0.12190565769828154,0.005379538768384151,0.0,0.050891607296389196,0.1369884942487012,0.09299090116736863,0.19222614692204765,0.07259278932530044,0.10347524118565232,0.13249365668233715,,0.16111651116809433,,0.1568234809730189,-0.0644604025795994,0.02706440229678364,0.0013341857335227303,-0.5845376117732197,-0.6039263333250595,-0.8528114359375891,,,0.04079885654607285,,-0.6316168764311634,
Cataluña,09,2009,2009-01-01,7427089.0,1171454.0,6255636.0,40.0,560.0,119549.0,342163.0,47558.0,13780.0,305005.0,51647.0,,291152.0,,342799.0,76.56375,2303.15,3290.3,45686.0,55592.0,3629.0,12682.0,42219.0,84.48766666666666,,4890.0,,agregado_media,False,agregado_media,False,agregado_media,False,agregado_suma,False,agregado_suma,False,agregado_suma,False,agregado_suma,False,agregado_suma,False,agregado_media,False,agregado_suma,False,15.820644549883795,13.97375627026064,15.6489933753713,3.6888794541139363,6.327936783729195,11.691481608150525,12.74304251069027,10.769705297775843,9.53097354456765,12.6280834488978,10.852187389608225,,12.581600746553024,,12.744899548548648,4.338123727136382,7.742033030135613,8.098734025012615,10.729547184215814,10.925794584994163,8.19671240721307,9.447938944259977,10.650625635664678,4.436605567102931,,8.494947582468917,0.01573395889938034,0.0638859840280368,0.006969004678069268,-0.16126814759612218,0.06644509940815269,0.13791336471827975,0.029237019104353834,0.114518677730155,0.047633358925827096,0.08730083291140467,0.06427135834672626,,0.04463927983885796,,0.04757255331288768,-0.12098546906750407,-0.06724446101550097,-0.08476107827175916,-0.3075336258836696,-0.09153863685066455,0.4122391714766014,-0.8027488082523391,-0.7289741298104602,0.03251171439244249,,0.3482385302655988,
Cataluña,09,2010,2010-01-01,7463471.0,1167711.0,6295760.0,36.0,584.0,124495.0,325965.0,49152.0,13802.0,314524.0,52161.0,,286993.0,,339154.0,74.52674999999999,2233.1,3249.1,55857.0,64331.0,4475.0,10496.0,25441.0,85.613,,6071.0,,agregado_media,False,agregado_media,False,agregado_media,False,agregado_suma,False,agregado_suma,False,agregado_suma,False,agregado_suma,False,agregado_suma,False,agregado_media,False,agregado_suma,False,15.82553114547141,13.970555980247234,15.655386948911897,3.58351893845611,6.369900982828227,11.732020833437868,12.694545292621946,10.802672816507345,9.532568788180548,12.658815663816773,10.862090368195899,,12.567213104200409,,12.734209560496035,4.311158121341438,7.7111460336408415,8.086133313896585,10.930550132364163,11.071796909131109,8.406261630708956,9.25874951118387,10.144117324857612,4.449837140775622,,8.711278615130434,0.004886595587615616,-0.0032002900134067147,0.00639357354059733,-0.10536051565782634,0.041964199099032484,0.04053922528734333,-0.04849721806832363,0.0329675187315015,0.0015952436128987557,0.030732214918971934,0.009902978587673417,,-0.014387642352614805,,-0.01068998805261323,-0.02696560579494367,-0.03088699649477178,-0.012600711116029117,0.20100294814834818,0.14600232413694592,0.20954922349588578,-0.18918943307610725,-0.5065083108070656,0.0132315736726909,,0.21633103266151643,
Cataluña,09,2011,2011-01-01,7493252.0,1144877.0,6348374.0,32.0,614.0,131580.0,298008.0,49999.0,13786.0,316220.0,52859.0,,281780.0,,334639.0,67.40375,2098.5,3206.8,47076.0,44905.0,4080.0,5178.0,24562.0,86.80133333333333,7.508193599645153,6216.0,,agregado_media,False,agregado_media,False,agregado_media,False,agregado_suma,False,agregado_suma,False,agregado_suma,False,agregado_suma,False,agregado_suma,False,agregado_media,False,agregado_suma,False,15.829513440170222,13.950807765619365,15.663709275087022,3.4657359027997265,6.419994928147142,11.78737031063999,12.604875610764788,10.81975828421028,9.531408863445597,12.664193452864136,10.875383270083004,,12.548881903607267,,12.720807617825695,4.210700654352722,7.648978082773645,8.073028834168797,10.759518595997553,10.71230442610505,8.313852267398207,8.552174160311482,10.10895581217033,4.4636219825314285,2.015994904173002,8.734881892047483,0.003982294698811728,-0.01974821462786913,0.008322326175125738,-0.11778303565638337,0.05009394531891509,0.05534947720212102,-0.08966968185715807,0.01708546770293573,-0.0011599247349511899,0.005377789047363635,0.013292901887105302,,-0.018331200593141972,,-0.013401942670340006,-0.10045746698871572,-0.062167950867196176,-0.013104479727788387,-0.17103153636660906,-0.3594924830260595,-0.09240936331074856,-0.706575350872388,-0.03516151268728329,0.013784841755806632,,0.023603276917048888,
Cataluña,09,2012,2012-01-01,7514992.0,1118885.0,6396108.0,35.0,631.0,130503.0,271569.0,52823.0,14086.0,310850.0,54366.0,,284020.0,,338386.0,56.7445,1877.95,3031.65,43015.0,49322.0,5119.0,3971.0,8388.0,87.92475,7.272727272727272,8062.0,,agregado_media,False,agregado_media,False,agregado_media,False,agregado_suma,False,agregado_suma,False,agregado_suma,False,agregado_suma,False,agregado_suma,False,agregado_media,False,agregado_suma,False,15.832410516631054,13.927843211682177,15.671200238346893,3.5553480614894135,6.447305862541213,11.7791514939864,12.51197152971351,10.874701980906183,9.552936675305356,12.647065759697483,10.903494237450115,,12.556799937199004,,12.731942534700003,4.038558735365265,7.5379360353456235,8.016862304742888,10.66930417105545,10.806125507956496,8.540714386457584,8.286773231131251,9.03455739202181,4.476481335023618,1.984131361875511,8.994916943677111,0.0028970764608313715,-0.02296455393718766,0.007490963259870753,0.08961215868968697,0.027310934394070507,-0.00821881665358859,-0.09290408105127845,0.05494369669590249,0.021527811859758827,-0.0171276931666533,0.028110967367110717,,0.007918033591737483,,0.011134916874308232,-0.17214191898745757,-0.11104204742802182,-0.05616652942590861,-0.09021442494210419,0.09382108185144666,0.22686211905937625,-0.26540092918023106,-1.074398420148519,0.012859352492189835,-0.03186354229749089,0.2600350516296288,
Cataluña,09,2013,2013-01-01,7488664.0,1079179.0,6409485.0,45.0,623.0,127461.0,244635.0,54694.0,14052.0,303848.0,55039.0,,278782.0,,333821.0,50.2575,1697.9,2969.575,45408.0,44540.0,4728.0,2777.0,4251.0,88.59516666666667,6.944444444444444,8560.0,,agregado_media,False,agregado_media,False,agregado_media,False,agregado_suma,False,agregado_suma,False,agregado_suma,False,agregado_suma,False,agregado_suma,False,agregado_media,False,agregado_suma,False,15.828900968421825,13.891711124827944,15.673289482455436,3.8066624897703196,6.434546518787453,11.755565714436127,12.407522582759128,10.909509293179877,9.550520013385718,12.624282855346676,10.915797303837524,,12.538185393373933,,12.718360200154308,3.9171597895332986,7.437147472321966,7.996174123914203,10.723443579959769,10.704142940811359,8.461257559085935,7.9291264873067995,8.35490952835879,4.484077303828046,1.9379419794061363,9.054855469135788,-0.0035095482092284414,-0.036132086854232526,0.0020892441085429425,0.2513144282809061,-0.012759343753759644,-0.023585779550273855,-0.10444894695438123,0.034807312273693825,-0.0024166619196375194,-0.022782904350806987,0.012303066387408634,,-0.01861454382507155,,-0.013582334545695574,-0.1213989458319662,-0.10078856302365757,-0.020688180828685176,0.05413940890431945,-0.10198256714513754,-0.07945682737164894,-0.3576467438244517,-0.6796478636630194,0.007595968804428033,-0.04618938246937465,0.059938525458676395,
Cataluña,09,2014,2014-01-01,7432833.0,985922.0,6446911.0,55.0,616.0,120006.0,196246.0,50386.0,12280.0,284889.0,54027.0,,267417.0,,321444.0,50.82175,1662.6,3030.9,47865.0,54948.0,6420.0,3302.0,4224.0,88.70575,6.847301266000684,11224.0,,agregado_media,False,agregado_media,False,agregado_media,False,agregado_suma,False,agregado_suma,False,agregado_suma,False,agregado_suma,False,agregado_suma,False,agregado_media,False,agregado_suma,False,15.821417636079817,13.801332522950538,15.679111659326987,4.007333185232471,6.423246963533519,11.695297020514225,12.18712425327133,10.82746863769429,9.415727201701133,12.559854909702002,10.897239200588063,,12.496564516797452,,12.680578623973327,3.928324412560846,7.416137921096988,8.016614884101797,10.776139827380453,10.914142562445095,8.767173396684006,8.102283624480073,8.348537825386098,4.485324712468132,1.9238545988789681,9.325809621782296,-0.007483332342008708,-0.09037860187740598,0.005822176871550511,0.20067069546215155,-0.011299555253933669,-0.06026869392190193,-0.22039832948779825,-0.08204065548558681,-0.13479281168458535,-0.06442794564467391,-0.018558103249461055,,-0.041620876576480725,,-0.03778157618098099,0.011164623027547282,-0.02100955122497794,0.020440760187593554,0.05269624742068402,0.2099996216337363,0.3059158375980715,0.1731571371732734,-0.006371702972693072,0.0012474086400855455,-0.01408738052716818,0.27095415264650846,
Cataluña,09,2015,2015-01-01,7420890.0,925539.0,6495351.0,76.0,602.0,119038.0,161759.0,47569.0,11891.0,271293.0,55664.0,,257647.0,,313311.0,53.274499999999996,1684.6499999999999,3077.75,55373.0,61108.0,7322.0,6074.0,4121.0,88.91708333333334,6.880733944954128,11791.0,,agregado_media,False,agregado_media,False,agregado_media,False,agregado_suma,False,agregado_suma,False,agregado_suma,False,agregado_suma,False,agregado_suma,False,agregado_media,False,agregado_suma,False,15.81980955404225,13.738131549491968,15.686597248197083,4.330733340286331,6.400257445308821,11.68719804885051,11.993862852237168,10.769936567553067,9.38353709043758,12.510954696618613,10.927088897391723,,12.459345709985884,,12.654951586442035,3.9754577926755053,7.429313106077155,8.031954089527725,10.9218473893137,11.020398069485614,8.898638793680181,8.711772645605693,8.323851131338817,4.487704287538388,1.9287253243012124,9.375091807576673,-0.0016080820375670157,-0.06320097345857079,0.007485588870096649,0.3234001550538599,-0.022989518224698635,-0.008098971663715204,-0.193261401034162,-0.057532070141222746,-0.03219011126355298,-0.04890021308338888,0.029849696803660564,,-0.03721880681156797,,-0.02562703753129192,0.047133380114659396,0.013175184980166676,0.015339205425927815,0.1457075619332464,0.10625550704051889,0.131465396996175,0.6094890211256203,-0.024686694047280966,0.0023795750702557683,0.004870725422244204,0.04928218579437704,
Cataluña,09,2016,2016-01-01,7440692.0,929340.0,6511352.0,78.0,645.0,123525.0,156445.0,49639.0,12554.0,268601.0,58997.0,,258856.0,,317853.0,57.0145,1762.95,3183.85,67214.0,75152.0,9085.0,,4343.0,89.118,7.03667695473251,13866.0,12.26,agregado_media,False,agregado_media,False,agregado_media,False,agregado_suma,False,agregado_suma,False,agregado_suma,False,,False,agregado_suma,False,agregado_media,False,agregado_suma,False,15.822474413236732,13.74222993576986,15.689057673113696,4.356708826689592,6.4692503167957724,11.724198843713951,11.960459789493964,10.81253209407131,9.437794618877478,12.500982286072535,10.985241874137454,,12.464027201508964,,12.66934429073436,4.043305621448839,7.474743821246973,8.065846435301772,11.1156368381462,11.227268008266776,9.114379980830272,,8.376320632534823,4.489961334275451,1.9511360352563056,9.537195079502435,0.0026648591944820055,0.004098386277892274,0.0024604249166131353,0.02597548640326064,0.06899287148695166,0.037000794863441655,-0.03340306274320426,0.04259552651824272,0.05425752843989784,-0.009972410546078336,0.058152976745731166,,0.004681491523079728,,0.014392704292324865,0.06784782877333395,0.045430715169818114,0.03389234577404743,0.1937894488325007,0.20686993878116233,0.2157411871500905,,0.05246950119600591,0.002257046737063284,0.022410710955093283,0.16210327192576202,
Cataluña,09,2017,2017-01-01,7480778.0,948675.0,6532103.0,85.0,688.0,129941.0,159050.0,53516.0,13315.0,265502.0,62079.0,,264499.0,,326578.0,62.46925,1856.775,3275.3,77910.0,85567.0,10208.0,,7085.0,89.62316666666666,7.246376811594203,15377.0,12.47,agregado_media,False,agregado_media,False,agregado_media,False,agregado_suma,False,agregado_suma,False,agregado_suma,False,,False,agregado_suma,False,agregado_media,False,agregado_suma,False,15.82784735523711,13.762821553183851,15.69223950147236,4.442651256490317,6.5337888379333435,11.774835780264537,11.97697389717729,10.88773595359351,9.496646498248033,12.489377652592443,11.036163046479938,,12.485592749555007,,12.696424096563815,4.134674435670643,7.526596390845459,8.094164746927484,11.263309593324903,11.357054973781509,9.23092700558457,,8.865735152124781,4.49561384310852,1.9805015938249324,9.640628165515693,0.005372942000377634,0.020591617413991514,0.003181828358663097,0.08594242980072497,0.06453852113757108,0.05063693655058543,0.016514107683326174,0.07520385952219932,0.05885187937055569,-0.011604633480091664,0.050921172342484056,,0.021565548046043048,,0.02707980582945524,0.09136881422180387,0.05185256959848594,0.02831831162571241,0.1476727551787036,0.12978696551473234,0.11654702475429879,,0.48941451958995863,0.005652508833069447,0.02936555856862677,0.10343308601325774,0.21000000000000085
Cataluña,09,2018,2018-01-01,7539364.0,1004114.0,6535250.0,99.0,764.0,140868.0,174058.0,62387.0,14406.0,273283.0,65677.0,,272572.0,,338249.0,67.9505,1954.5,3362.175,81685.0,89685.0,10293.0,11426.0,7994.0,90.61691666666667,7.575757575757575,15185.0,11.44,agregado_media,False,agregado_media,False,agregado_media,False,agregado_suma,False,agregado_suma,False,agregado_suma,False,agregado_suma,False,agregado_suma,False,agregado_media,False,agregado_suma,False,15.83564838629384,13.819616118604706,15.69272115985579,4.59511985013459,6.638567789166521,11.855578560666522,12.067143855986787,11.041112199319782,9.575400065449308,12.518263167273844,11.092504067078258,,12.515658078368917,,12.731537589635463,4.218779498921809,7.57788968523301,8.120343364963675,11.31062566546061,11.404058809983114,9.23921933152656,9.343646739284408,8.986446539271268,4.506640913794394,2.0249533563957662,9.62806337747985,0.007801031056731134,0.05679456542085504,0.0004816583834301724,0.15246859364427312,0.10477895123317715,0.08074278040198557,0.09016995880949707,0.15337624572627284,0.07875356720127513,0.028885514681400437,0.05634102059831925,,0.030065328813909886,,0.03511349307164835,0.08410506325116618,0.051293294387551036,0.026178618036190926,0.04731607213570577,0.047003836201605864,0.00829232594198892,,0.12071138714648733,0.011027070685873497,0.04445176257083383,-0.012564788035843932,-1.0300000000000011
Cataluña,09,2019,2019-01-01,7624625.0,1094215.0,6530410.0,130.0,829.0,157550.0,197764.0,73446.0,15837.0,289919.0,70196.0,,288544.0,,358740.0,71.4645,2029.2,3440.675,81006.0,89237.0,10288.0,12031.0,9872.0,92.07008333333334,8.21917808219178,16131.0,12.24,agregado_media,False,agregado_media,False,agregado_media,False,agregado_suma,False,agregado_suma,False,agregado_suma,False,agregado_suma,False,agregado_suma,False,agregado_media,False,agregado_suma,False,15.84689369892049,13.905547769163485,15.691980286417879,4.867534450455582,6.720220155135295,11.96749814718542,12.194829679584126,11.204305721303568,9.670104253491726,12.57735685260343,11.159046608333497,,12.572602866299633,,12.790353171103005,4.269200822904784,7.615396905692535,8.143422952048867,11.302278504985301,11.399051030769385,9.2387334464774,9.395241931033524,9.197457746145169,4.522550062407777,2.106470214067755,9.688498165477787,0.01124531262664874,0.08593165055877883,-0.0007408734379108495,0.2724146003209924,0.08165236596877445,0.11191958651889777,0.12768582359733927,0.16319352198378567,0.09470418804241731,0.05909368532958581,0.06654254125523984,,0.05694478793071589,,0.05881558146754173,0.05042132398297472,0.03750722045952504,0.023079587085192088,-0.008347160475308257,-0.00500777921372908,-0.00048588504915869635,0.051595191749116864,0.2110112068739003,0.015909148613382662,0.08151685767198869,0.06043478799793789,0.8000000000000007
Cataluña,09,2020,2020-01-01,7720323.0,1189094.0,6531229.0,144.0,901.0,172501.0,226664.0,85495.0,16624.0,311507.0,74064.0,,301194.0,,375258.0,72.92875,2001.9,3335.8,65886.0,74637.0,8096.0,10057.0,10907.0,93.35141666666667,8.450704225352114,12407.0,11.98,agregado_media,False,agregado_media,False,agregado_media,False,agregado_suma,False,agregado_suma,False,agregado_suma,False,agregado_suma,False,agregado_suma,False,agregado_media,False,agregado_suma,False,15.859366760503955,13.988702230579957,15.692105691813184,4.969813299576001,6.803505257608338,12.058158312538197,12.331224023709092,11.356213173682693,9.718602713339008,12.649177088867267,11.212684863271052,,12.615509854390739,,12.835369068389046,4.289482937126233,7.60185200857767,8.112467809643073,11.095681254825768,11.220391641787423,8.999125391527247,9.21602418844448,9.297160063928743,4.5363710457340325,2.1342497781748313,9.426016108442871,0.012473061583465395,0.08315446141647165,0.0001254053953054779,0.10227884912041851,0.08328510247304255,0.09066016535277654,0.13639434412496598,0.15190745237912573,0.048498459847282405,0.0718202362638376,0.05363825493755492,,0.04290698809110616,,0.045015897286040385,0.0202821142214491,-0.013544897114864618,-0.030955142405794334,-0.20659725015953256,-0.17865938898196276,-0.23960805495015336,-0.179217742589044,0.0997023177835743,0.01382098332625592,0.027779564107076382,-0.2624820570349158,-0.2599999999999998
Cataluña,09,2021,2021-01-01,7749896.0,1230304.0,6519592.0,168.0,959.0,178651.0,236634.0,90366.0,16677.0,320034.0,,100431.0,,286384.0,386815.0,75.449,2046.45,3490.075,89175.0,104150.0,11316.0,10987.0,10984.0,94.07266666666666,8.693392857142857,17494.0,11.05,agregado_media,False,agregado_media,False,agregado_media,False,agregado_suma,False,agregado_suma,False,agregado_suma,False,agregado_suma,False,agregado_suma,False,agregado_media,False,agregado_suma,False,15.86318998188465,14.02277185128251,15.690322355257717,5.123963979403259,6.8658910748834385,12.093189460972974,12.37426992265361,11.411623369439903,9.721785803621579,12.676182519131778,,11.51722620352192,,12.565088846586281,12.865701821540489,4.323456931315555,7.623861863676993,8.157678504936912,11.398356010227092,11.553587446689118,9.333972932421458,9.30446803470088,9.304194947447806,4.54406753326642,2.1625632954308807,9.7696132439798,0.003823221380695685,0.03406962070255304,-0.001783336555467585,0.15415067982725805,0.06238581727510084,0.03503114843477739,0.04304589894451816,0.055410195757209735,0.0031830902825706886,0.027005430264511077,,,,,0.030332753151443015,0.033973994189321566,0.02200985509932263,0.045210695293839365,0.3026747554013234,0.3331958049016954,0.3348475408942111,0.0884438462563999,0.007034883519063229,0.007696487532387941,0.02831351725604936,0.3435971355369283,-0.9299999999999997
Cataluña,09,2022,2022-01-01,7761823.0,1235672.0,6526151.0,190.0,956.0,177805.0,241815.0,92152.0,17179.0,315456.0,,101729.0,,288390.0,390119.0,80.818,2143.675,3593.525,102637.0,110290.0,13831.0,13554.0,9774.0,95.23508333333334,9.042553191489365,21786.0,13.56,agregado_media,False,agregado_media,False,agregado_media,False,agregado_suma,False,agregado_suma,False,agregado_suma,False,agregado_suma,False,agregado_suma,False,agregado_media,False,agregado_suma,False,15.864727787249802,14.027125509614065,15.691327894084084,5.247024072160486,6.862757913051401,12.088442723151354,12.395928249978208,11.431194666606343,9.751442986626445,12.66177449006505,,11.530067693797477,,12.572069009727972,12.874207099768814,4.392199712994218,7.670276924879506,8.186888893890002,11.538953770491355,11.610868539300192,9.534667728624708,9.514436985696058,9.1874810778301,4.556348396318579,2.2019415672143587,9.989022840642392,0.0015378053651513568,0.004353658331554655,0.001005538826367669,0.1230600927572274,-0.003133161832037601,-0.004746737821619718,0.021658327324598048,0.019571297166439905,0.02965718300486664,-0.014408029066729,,0.012841490275556922,,0.006980163141690809,0.008505278228325253,0.06874278167866343,0.04641506120251293,0.02921038895308925,0.14059776026426363,0.05728109261107406,0.20069479620324948,0.20996895099517765,-0.11671386961770658,0.012280863052158253,0.03937827178347808,0.21940959666259197,2.51
Cataluña,09,2023,2023-01-01,7901963.0,1361981.0,6539982.0,240.0,1101.0,186618.0,296097.0,103860.0,20103.0,325054.0,,126870.0,,302038.0,428908.0,83.64574999999999,2197.375,3734.525,91878.0,96350.0,13045.0,12742.0,9069.0,96.93666666666667,9.440052083333333,20143.0,15.79,agregado_media,False,agregado_media,False,agregado_media,False,agregado_suma,False,agregado_suma,False,agregado_suma,False,agregado_suma,False,agregado_suma,False,agregado_media,False,agregado_suma,False,15.882621767583615,14.12445081552087,15.693444971136016,5.480638923341991,7.00397413672268,12.13681902576563,12.598442382326096,11.55079911739831,9.90862433664128,12.691746601356007,,11.750918219134643,,12.618308116255921,12.968997722697537,4.426590619208465,7.695018745120055,8.225375914111305,11.428216889043263,11.475742673842513,9.47616019757083,9.452658902676433,9.112617283447568,4.574057844295465,2.2449614974444487,9.910612112478423,0.017893980333813175,0.09732530590680533,0.0021170770519312043,0.23361485118150505,0.14121622367127884,0.04837630261427606,0.20251413234788807,0.11960445079196624,0.15718135001483446,0.02997211129095767,,0.2208505253371662,,0.04623910652794905,0.09479062292872342,0.0343909062142469,0.02474182024054894,0.03848702022130368,-0.11073688144809246,-0.13512586545767924,-0.058507531053878736,-0.061778083019625285,-0.07486379438253188,0.017709447976886672,0.04301993023008999,-0.0784107281639681,2.2299999999999986
Cataluña,09,2024,2024-01-01,8012231.0,1444192.0,6568039.0,239.0,1306.0,195330.0,334820.0,109429.0,21939.0,334386.0,,135314.0,,311429.0,446743.0,89.81675,2306.425,3827.1,98840.0,108303.0,14404.0,15244.0,11752.0,98.57691666666666,9.836065573770492,21585.0,16.26,agregado_media,False,agregado_media,False,agregado_media,False,agregado_suma,False,agregado_suma,False,agregado_suma,False,agregado_suma,False,agregado_suma,False,agregado_media,False,agregado_suma,False,15.89647980710459,14.1830605535849,15.697725867977406,5.476463551931511,7.174724309836376,12.182445714899018,12.721348352969775,11.603031216108832,9.996021153939061,12.720051293287568,,11.81535328256785,,12.6489266618558,13.009738764180396,4.497771483526887,7.743453985668846,8.249862615212354,11.501257660102546,11.592688133436447,9.575261224768767,9.63194126199375,9.371778717853713,4.590837123314625,2.286055791042835,9.979753907989577,0.013858039520975751,0.058609738064030026,0.004280896841390103,-0.004175371410480189,0.17075017311369667,0.04562668913338719,0.12290597064367859,0.05223209871052248,0.08739681729778148,0.028304691931561266,,0.06443506343320671,,0.030618545599878644,0.04074104148285862,0.07118086431842219,0.048435240548791114,0.02448670110104878,0.07304077105928286,0.11694545959393388,0.09910102719793734,0.17928235931731784,0.2591614344061455,0.016779279019159432,0.04109429359838623,0.06914179551115396,0.4700000000000024
Cataluña,09,2025,2025-01-01,8124126.0,1522819.0,6601307.0,258.0,1479.0,213505.0,363913.0,111018.0,24215.0,353807.0,,133803.0,,320821.0,454624.0,99.99975,2535.725,3914.6499999999996,112690.0,117016.0,15576.0,13882.0,11222.0,100.00008333333334,,22465.0,15.57,agregado_media,False,agregado_media,False,agregado_media,False,agregado_suma,False,agregado_suma,False,agregado_suma,False,agregado_suma,False,agregado_suma,False,agregado_media,False,agregado_suma,False,15.910348711163321,14.236073780428665,15.702778217694272,5.552959584921617,7.2991214627108,12.271415530580338,12.804670107062188,11.61744762930977,10.094727554837329,12.776506845701471,,11.80412384794957,,12.67863861417863,13.027225982671803,4.605167685984966,7.8382348711914345,8.272481204683936,11.632395964946395,11.670065956566924,9.653486547052035,9.53834831589953,9.325631416310918,4.6051710193210775,,10.01971382150426,0.013868904058730536,0.05301322684376508,0.005052349716866189,0.07649603299010632,0.12439715287442343,0.08896981568132034,0.08332175409241316,0.014416413200939004,0.09870640089826743,0.056455552413902765,,-0.0112294346182793,,0.029711952322829305,0.01748721849140722,0.10739620245807924,0.09478088552258868,0.02261858947158224,0.1311383048438497,0.07737782313047781,0.07822532228326828,-0.09359294609422086,-0.04614730154279556,0.01433389600645274,,0.0399599135146822,-0.6900000000000013
Comunitat Valenciana,10,2002,2002-01-01,4192287.0,243338.0,3948949.0,34.0,186.0,7648.0,65888.0,3964.0,2105.0,33348.0,19623.0,,110541.0,,130164.0,,921.925,1793.85,,,,,,65.64491666666666,,,,,False,agregado_media,False,agregado_media,False,,False,,False,,False,,False,,False,agregado_media,False,,False,15.248756966379938,12.402206702354759,15.188960025523452,3.5263605246161616,5.225746673713202,8.942199454731238,11.095711609827516,8.285008895449879,7.652070746116482,10.414753079530504,9.884457626629322,,11.61314177184534,,11.776550472828218,,6.826463875345532,7.492119427082926,,,,,,4.184260166930879,,,,,,,,,,,,,,,,,,,,,,,,,,,,,
Comunitat Valenciana,10,2003,2003-01-01,4322063.0,342771.0,3979291.0,50.0,214.0,10064.0,99754.0,4731.0,2518.0,43955.0,26523.0,,154963.0,,181486.0,,1065.65,1871.125,,,,,,68.08,,,,,False,agregado_media,False,agregado_media,False,,False,,False,,False,,False,,False,agregado_media,False,,False,15.279243392527645,12.744817864694292,15.196614220688163,3.912023005428146,5.365976015021851,9.216719978940223,11.510462434198743,8.461891875631148,7.831220214604293,10.690921662285279,10.185767560073915,,11.950941657728274,,12.108933794725761,,6.971340220607248,7.5342951332354,,,,,,4.220683484265119,,,0.030486426147707135,0.3426111623395336,0.0076541951647115525,0.3856624808119844,0.1402293413086495,0.27452052420898454,0.414750824371227,0.17688298018126858,0.179149468487811,0.2761685827547744,0.30130993344459256,,0.33779988588293364,,0.3323833218975434,,0.1448763452617161,0.04217570615247368,,,,,,0.03642331733423987,,,
Comunitat Valenciana,10,2004,2004-01-01,4441947.0,432083.0,4009864.0,57.0,238.0,12539.0,124112.0,5527.0,2826.0,54105.0,32293.0,,200385.0,,232678.0,,1215.5,1968.325,,149776.0,,,,70.8775,,,,,False,agregado_media,False,agregado_media,False,,False,agregado_suma,False,,False,,False,,False,agregado_media,False,,False,15.306603351802968,12.976372978401344,15.204267883495648,4.04305126783455,5.472270673671475,9.436599066190539,11.728939662730653,8.617400451833262,7.946617563244473,10.898681882005748,10.382605767457697,,12.207995795092023,,12.357410802491795,,7.102910793756178,7.584938206254137,,11.916896123611526,,,,4.260953034794432,,,0.027359959275322865,0.23155511370705106,0.007653662807484807,0.1310282624064043,0.10629465864962384,0.21987908725031602,0.21847722853190987,0.15550857620211467,0.11539734864018047,0.20776021972046976,0.19683820738378266,,0.25705413736374894,,0.24847700776603432,,0.13157057314893006,0.05064307301873683,,,,,,0.040269550529313136,,,
Comunitat Valenciana,10,2005,2005-01-01,4567166.0,522288.0,4044879.0,61.0,273.0,16638.0,139722.0,6311.0,3104.0,66169.0,36977.0,,253033.0,,290010.0,,1431.2,2071.525,,146466.0,,,,73.50191666666667,,,,,False,agregado_media,False,agregado_media,False,,False,agregado_suma,False,,False,,False,,False,agregado_media,False,,False,15.33440343921842,13.165974438858903,15.212962194553889,4.110873864173311,5.60947179518496,9.719444514843833,11.84741001316129,8.75004942158424,8.04044688130311,11.099967354303123,10.518051376717915,,12.441275193986389,,12.57767068412676,,7.266268532194509,7.6360403299939925,,11.894548598592822,,,,4.297311482976295,,,0.027800087415451813,0.18960146045755977,0.0086943110582407,0.06782259633876109,0.13720112151348474,0.2828454486532941,0.1184703504306377,0.13264896975097784,0.0938293180586367,0.20128547229737492,0.1354456092602181,,0.233279398894366,,0.22025988163496457,,0.16335773843833135,0.0511021237398559,,-0.022347525018703962,,,,0.03635844818186307,,,
Comunitat Valenciana,10,2006,2006-01-01,4681039.0,604798.0,4076241.0,68.0,361.0,21568.0,152428.0,6975.0,3417.0,78672.0,41001.0,,300309.0,,341310.0,,1570.1750000000002,2164.625,,149719.0,,,,76.78066666666666,,,,,False,agregado_media,False,agregado_media,False,,False,agregado_suma,False,,False,,False,,False,agregado_media,False,,False,15.359030651800587,13.312649796963687,15.220685798171544,4.219507705176107,5.8888779583328805,9.978966013712034,11.93444763239306,8.850087606689566,8.136518252115291,11.273042589651721,10.62135173563291,,12.612567223552299,,12.740546434201871,,7.358942357098749,7.680002415272315,,11.916515482861676,,,,4.340952872351662,,,0.0246272125821676,0.14667535810478327,0.007723603617655783,0.1086338410027956,0.27940616314792077,0.2595214988682013,0.08703761923176856,0.10003818510532625,0.0960713708121812,0.17307523534859826,0.10330035891499456,,0.17129202956590994,,0.16287575007511101,,0.09267382490423959,0.04396208527832268,,0.021966884268854514,,,,0.04364138937536666,,,
Comunitat Valenciana,10,2007,2007-01-01,4801628.0,691349.0,4110280.0,73.0,511.0,23489.0,169294.0,8309.0,3658.0,90760.0,44922.0,,350333.0,,395255.0,84.98925,1645.425,2230.05,110717.0,125773.0,8793.0,,,79.70008333333332,,16701.0,,agregado_media,False,agregado_media,False,agregado_media,False,agregado_suma,False,agregado_suma,False,agregado_suma,False,,False,,False,agregado_media,False,agregado_suma,False,15.384465585040774,13.446400040370357,15.229001710672593,4.290459441148391,6.236369590203704,10.064287505439836,12.03939212744596,9.02509454366498,8.204671828950811,11.415973938893778,10.71268293145874,,12.76663940971574,,12.887286405213084,4.442524777904002,7.405753988493235,7.709779285727469,11.614732675108687,11.74223397382184,9.081711229379001,,,4.378270631383243,,9.723223876851618,0.025434933240186197,0.13375024340666997,0.008315912501048572,0.07095173597228399,0.3474916318708239,0.08532149172780201,0.10494449505290149,0.17500693697541436,0.06815357683552037,0.14293134924205653,0.09133119582583049,,0.15407218616344132,,0.14673997101121294,,0.046811631394485964,0.029776870455154203,,-0.17428150903983664,,,,0.03731775903158141,,,
Comunitat Valenciana,10,2008,2008-01-01,4928093.0,783109.0,4144983.0,73.0,479.0,26335.0,184279.0,10191.0,3846.0,105005.0,48421.0,,404481.0,,452902.0,86.74725000000001,1670.45,2217.025,73153.0,78514.0,3231.0,28847.0,80945.0,82.69358333333334,,8622.0,,agregado_media,False,agregado_media,False,agregado_media,False,agregado_suma,False,agregado_suma,False,agregado_suma,False,agregado_suma,False,agregado_suma,False,agregado_media,False,agregado_suma,False,15.41046265577067,13.571027173458072,15.237409245216222,4.290459441148391,6.171700597410915,10.17865413191749,12.124206192510275,9.229260256828693,8.254788926148725,11.561763247053529,10.78768888290167,,12.910360042807646,,13.023431045520423,4.462998718036319,7.4208483301905295,7.703921486052507,11.200308417227276,11.271032231818152,8.080546965824498,10.26976128039413,11.301525190675607,4.41514200933783,,9.06207235530708,0.025997070729896876,0.12462713308771534,0.00840753454362897,0.0,-0.06466899279278948,0.11436662647765417,0.08481406506431455,0.20416571316371268,0.05011709719791391,0.14578930815975077,0.07500595144292888,,0.14372063309190608,,0.13614464030733942,0.020473940132316848,0.015094341697294844,-0.005857799674962472,-0.4144242578814108,-0.4712017420036876,-1.0011642635545037,,,0.03687137795458728,,-0.6611515215445376,
Comunitat Valenciana,10,2009,2009-01-01,4981276.0,804182.0,4177094.0,80.0,416.0,28872.0,181377.0,11110.0,3889.0,115095.0,49439.0,,413904.0,,463343.0,82.02275,1541.6,2003.925,53187.0,60533.0,4371.0,5937.0,51402.0,85.43058333333333,,8729.0,,agregado_media,False,agregado_media,False,agregado_media,False,agregado_suma,False,agregado_suma,False,agregado_suma,False,agregado_suma,False,agregado_suma,False,agregado_media,False,agregado_suma,False,15.42119664108044,13.597580890702902,15.245126347415706,4.382026634673881,6.030685260261263,10.270627546322624,12.108333017003709,9.315600882633676,8.265907334155747,11.653513153279876,10.808494865389797,,12.933389341860215,,13.04622287953048,4.406996647809554,7.340576117100157,7.602863036354717,10.88156928456649,11.01094394985813,8.382747094863314,8.688959234270676,10.8474323611921,4.447704155342642,,9.07440609473535,0.010733985309769878,0.026553717244830466,0.007717102199483961,0.09156719352549025,-0.14101533714965164,0.09197341440513362,-0.01587317550656664,0.0863406258049828,0.011118408007021685,0.09174990622634738,0.020805982488127484,,0.023029299052568675,,0.022791834010057244,-0.05600207022676518,-0.0802722130903728,-0.10105844969779021,-0.31873913266078624,-0.260088281960023,0.3022001290388161,-1.5808020461234538,-0.45409282948350693,0.03256214600481133,,0.012333739428269652,
Comunitat Valenciana,10,2010,2010-01-01,4989631.0,788189.0,4201442.0,76.0,355.0,30532.0,167594.0,11173.0,3859.0,118197.0,49259.0,,407142.0,,456401.0,79.46675,1453.05,1927.8249999999998,57220.0,64805.0,4517.0,3996.0,21959.0,86.126,,10108.0,,agregado_media,False,agregado_media,False,agregado_media,False,agregado_suma,False,agregado_suma,False,agregado_suma,False,agregado_suma,False,agregado_suma,False,agregado_media,False,agregado_suma,False,15.422872517097629,13.577493187796888,15.250938357661528,4.330733340286331,5.872117789475416,10.326530592918362,12.029299666866628,9.321255432547337,8.258163361537619,11.68010800292138,10.804847371021863,,12.916917297924146,,13.03112708802813,4.375338695180253,7.281420074540503,7.564147703416005,10.954658766604101,11.079138039857476,8.415603335654604,8.293049139768444,9.996932357245992,4.455811340296894,,9.221082468508085,0.0016758760171882159,-0.02008770290601447,0.005812010245822563,-0.05129329438755015,-0.15856747078584732,0.05590304659573775,-0.07903335013708102,0.0056545499136611,-0.00774397261812787,0.02659484964150316,-0.003647494367934101,,-0.01647204393606927,,-0.015095791502350409,-0.03165795262930082,-0.05915604255965334,-0.03871533293871199,0.07308948203761112,0.06819408999934673,0.03285624079128979,-0.39591009450223247,-0.8505000039461077,0.008107184954252666,,0.1466763737727348,
Comunitat Valenciana,10,2011,2011-01-01,4999211.0,766786.0,4232425.0,74.0,315.0,33782.0,148981.0,11270.0,3746.0,117715.0,49623.0,,401281.0,,450904.0,73.57275000000001,1357.225,1890.15,46958.0,47678.0,4420.0,3682.0,7550.0,86.90008333333334,4.444444444444445,11260.0,,agregado_media,False,agregado_media,False,agregado_media,False,agregado_suma,False,agregado_suma,False,agregado_suma,False,agregado_suma,False,agregado_suma,False,agregado_media,False,agregado_suma,False,15.424790657946645,13.549963032292638,15.2582856728088,4.30406509320417,5.752572638825633,10.42768339524029,11.911574060018117,9.329899607033822,8.228443883004033,11.67602172777905,10.812209714910331,,12.902417209009052,,13.019009735516423,4.298274712612172,7.2131974530174645,7.544411469983812,10.757008864157203,10.772225354550736,8.393894975071744,8.211211361793023,8.92930284224307,4.464758991227542,1.491654876777717,9.329011901693681,0.0019181408490158702,-0.027530155504249976,0.007347315147271161,-0.026668247082160867,-0.11954515064978288,0.1011528023219288,-0.11772560684851108,0.008644174486484246,-0.02971947853358614,-0.004086275142329399,0.007362343888468459,,-0.014500088915093912,,-0.01211735251170687,-0.077063982568081,-0.06822262152303882,-0.019736233432192662,-0.19764990244689784,-0.3069126853067399,-0.021708360582859854,-0.08183777797542113,-1.0676295150029222,0.0089476509306472,,0.10792943318559622,
Comunitat Valenciana,10,2012,2012-01-01,5009647.0,754979.0,4254668.0,76.0,339.0,36385.0,135539.0,11877.0,3824.0,116365.0,51356.0,,399218.0,,450574.0,63.59025,1212.625,1803.575,46252.0,53380.0,5570.0,2660.0,5738.0,86.82225000000001,4.296875,15139.0,,agregado_media,False,agregado_media,False,agregado_media,False,agregado_suma,False,agregado_suma,False,agregado_suma,False,agregado_suma,False,agregado_suma,False,agregado_media,False,agregado_suma,False,15.426876011496853,13.534445213274793,15.263527291093498,4.330733340286331,5.82600010738045,10.501911880781186,11.817014700767063,9.38235903577424,8.249052274171293,11.664487081778764,10.846537053710975,,12.897262912583274,,13.018277604472203,4.152460156707349,7.100542710281448,7.497526085284306,10.741859985248853,10.885191422958515,8.62515033292133,7.886081401775745,8.65486599654131,4.463862925223272,1.4578880143068995,9.625029474611878,0.0020853535502087794,-0.015517819017844658,0.005241618284697935,0.026668247082160867,0.07342746855481685,0.07422848554089612,-0.09455935925105408,0.05245942874041809,0.020608391167259654,-0.01153464600028542,0.03432733880064376,,-0.0051542964257773605,,-0.0007321310442200968,-0.14581455590482317,-0.11265474273601672,-0.04688538469950565,-0.015148878908350483,0.11296606840777912,0.2312553578495855,-0.3251299600172777,-0.27443684570175897,-0.0008960660042696134,-0.033766862470817394,0.2960175729181973,
Comunitat Valenciana,10,2013,2013-01-01,4988365.0,728403.0,4259962.0,83.0,335.0,37810.0,122109.0,12129.0,3730.0,115166.0,52553.0,,384488.0,,437041.0,57.85325,1142.625,1771.2,45546.0,47994.0,6135.0,3817.0,2907.0,86.32283333333334,4.098360655737705,17359.0,,agregado_media,False,agregado_media,False,agregado_media,False,agregado_suma,False,agregado_suma,False,agregado_suma,False,agregado_suma,False,agregado_suma,False,agregado_media,False,agregado_suma,False,15.422618758726351,13.498609745443254,15.264770798017974,4.418840607796598,5.814130531825066,10.54032889688498,11.712669367456051,9.40335455830888,8.224163512637862,11.654129844792985,10.869577463162766,,12.859667858078005,,12.987782291187061,4.057909631836942,7.041083525973983,7.479412561954373,10.726478083244823,10.778831282076878,8.721765357145012,8.247220052745229,7.9748769005588755,4.458094144013297,1.410587053688935,9.761866382868549,-0.004257252770502262,-0.03583546783153935,0.0012435069244762786,0.0881072675102672,-0.011869575555383705,0.03841701610379289,-0.10434533331101115,0.020995522534640543,-0.02488876153343078,-0.010357236985779394,0.023040409451791533,,-0.03759505450526923,,-0.03049531328514199,-0.0945505248704066,-0.059459184307464774,-0.018113523329933656,-0.015381902004030223,-0.10636014088163748,0.09661502422368251,0.36113865096948405,-0.6799890959824353,-0.005768781209974705,-0.047300960617964405,0.1368369082566705,
Comunitat Valenciana,10,2014,2014-01-01,4960213.0,685391.0,4274822.0,101.0,321.0,38066.0,100588.0,11388.0,3527.0,111472.0,52841.0,,367087.0,,419928.0,58.34225,1122.25,1800.925,46511.0,53989.0,7173.0,5613.0,3215.0,85.43816666666666,4.02336860670194,19845.0,,agregado_media,False,agregado_media,False,agregado_media,False,agregado_suma,False,agregado_suma,False,agregado_suma,False,agregado_suma,False,agregado_suma,False,agregado_media,False,agregado_suma,False,15.416959241327449,13.437744757318049,15.268253022059236,4.61512051684126,5.771441123130016,10.54707677424773,11.518788245238603,9.340315448397929,8.168202930236053,11.6215287172699,10.87504268351396,,12.813354156163793,,12.947838546992566,4.066326530716799,7.0230908776620415,7.496055700777469,10.74744412273953,10.89653560109229,8.878079256126435,8.6328406149422,8.07558263667172,4.447792917428609,1.3921195136030495,9.895707365217167,-0.005659517398902025,-0.060864988125205244,0.003482224041261972,0.19627990904466142,-0.042689408695050446,0.0067478773627502875,-0.1938811222174479,-0.0630391099109513,-0.055960582401809233,-0.03260112752308508,0.005465220351194233,,-0.04631370191421169,,-0.03994374419449542,0.008416898879856305,-0.017992648311941473,0.016643138823096315,0.020966039494707545,0.117704319015413,0.15631389898142345,0.38562056219697105,0.10070573611284495,-0.010301226584688017,-0.01846754008588558,0.13384098234861774,
Comunitat Valenciana,10,2015,2015-01-01,4945092.0,655619.0,4289473.0,134.0,311.0,39529.0,87087.0,10912.0,3588.0,109720.0,54510.0,,349828.0,,404338.0,59.7405,1138.2,1872.975,51454.0,59605.0,8061.0,5099.0,5723.0,84.563,4.021739130434782,21324.0,,agregado_media,False,agregado_media,False,agregado_media,False,agregado_suma,False,agregado_suma,False,agregado_suma,False,agregado_suma,False,agregado_suma,False,agregado_media,False,agregado_suma,False,15.413906127517048,13.393335106517895,15.271674439535435,4.897839799950911,5.739792912179234,10.58478985872815,11.374662897969804,9.297618380083243,8.185350223178686,11.60568694505154,10.906139450058326,,12.765196884103572,,12.91000644082379,4.090010182354546,7.037203346169024,7.535283354784267,10.848443483624047,10.995494742152102,8.9947928972836,8.536799721055155,8.652248422409102,4.437496818699927,1.3917144285892298,9.967588477942652,-0.0030531138104006317,-0.044409650800153244,0.0034214174761988403,0.28271928310965144,-0.03164821095078185,0.03771308448042099,-0.14412534726879933,-0.04269706831468589,0.017147292942633285,-0.01584177221836036,0.03109676654436555,,-0.048157272060221246,,-0.03783210616877675,0.023683651637747438,0.014112468506982445,0.03922765400679751,0.10099936088451678,0.09895914105981163,0.11671364115716543,-0.09604089388704473,0.5766657857373811,-0.010296098728682423,-0.00040508501381975037,0.07188111272548525,
Comunitat Valenciana,10,2016,2016-01-01,4939888.0,646810.0,4293078.0,149.0,312.0,40728.0,82311.0,11269.0,3816.0,110399.0,56807.0,,341019.0,,397826.0,61.30075,1153.1750000000002,1931.85,58008.0,67820.0,9061.0,,6541.0,84.64241666666666,4.11764705882353,23787.0,26.4,agregado_media,False,agregado_media,False,agregado_media,False,agregado_suma,False,agregado_suma,False,agregado_suma,False,,False,agregado_suma,False,agregado_media,False,agregado_suma,False,15.412853216842313,13.37980786729532,15.27251451615415,5.003946305945459,5.7430031878094825,10.614671095582173,11.318260035084968,9.329810871952349,8.246958032568177,11.611856354813094,10.947414836552507,,12.739693473188511,,12.893770002743295,4.115792077777598,7.05027428672246,7.566233372006789,10.968336211051428,11.12461241567963,9.11173476822206,,8.785845337961213,4.438435520002317,1.415281897993143,10.076894491940509,-0.0010529106747352301,-0.013527239222575815,0.0008400766187151021,0.10610650599454807,0.0032102756302485602,0.02988123685402222,-0.05640286288483587,0.032192491869105666,0.06160780938949095,0.006169409761554334,0.041275386494181276,,-0.025503410915060698,,-0.016236438080493798,0.025781895423051537,0.013070940553435939,0.030950017222522774,0.11989272742738066,0.1291176735275279,0.11694187093845976,,0.13359691555211128,0.0009387013023900437,0.023567469403913188,0.10930601399785722,
Comunitat Valenciana,10,2017,2017-01-01,4943821.0,639473.0,4304348.0,178.0,312.0,42820.0,79361.0,12011.0,4096.0,109741.0,57299.0,,333655.0,,390954.0,62.9575,1152.45,1990.25,68685.0,79132.0,11457.0,,4950.0,85.05083333333334,4.222796610169492,27582.0,25.86,agregado_media,False,agregado_media,False,agregado_media,False,agregado_suma,False,agregado_suma,False,agregado_suma,False,,False,agregado_suma,False,agregado_media,False,agregado_suma,False,15.413649071962611,13.368399678624971,15.275136232573754,5.181783550292085,5.7430031878094825,10.664760562143673,11.281762342685816,9.39357817555449,8.317766166719343,11.605878323019052,10.956038450543563,,12.717862803982992,,12.876345184987722,4.1424598955698215,7.0496453899817535,7.596015537968688,11.137286113759306,11.278872623147983,9.346356175893625,,8.507142855562735,4.443249116951815,1.4404976123883357,10.224918665034282,0.0007958551202982278,-0.011408188670348096,0.00262171641960407,0.17783724434662584,0.0,0.05008946656150037,-0.036497692399152015,0.06376730360214111,0.07080813415116616,-0.0059780317940418826,0.008623613991055379,,-0.021830669205519015,,-0.017424817755573585,0.026667817792223936,-0.0006288967407064305,0.02978216596189842,0.1689499027078778,0.15426020746835256,0.2346214076715647,,-0.2787024823984776,0.004813596949498233,0.025215714395192768,0.14802417309377347,-0.5399999999999991
Comunitat Valenciana,10,2018,2018-01-01,4958584.0,654078.0,4304506.0,195.0,343.0,46234.0,86189.0,14533.0,4649.0,113794.0,58146.0,,329995.0,,388141.0,65.521,1181.45,2042.875,78775.0,88792.0,12870.0,9761.0,7319.0,86.011,4.385964912280701,30211.0,25.82,agregado_media,False,agregado_media,False,agregado_media,False,agregado_suma,False,agregado_suma,False,agregado_suma,False,agregado_suma,False,agregado_suma,False,agregado_media,False,agregado_suma,False,15.416630774071864,13.39098188938275,15.27517293896929,5.272999558563747,5.8377304471659395,10.741470737141523,11.364297838300093,9.58417720462617,8.444407421690585,11.642145075207075,10.970712367962605,,12.706832781812727,,12.86912395465273,4.182370701943605,7.074497776645577,7.622113408413222,11.274350966625475,11.394051834831815,9.462654300590172,9.186150133174966,8.898228985601227,4.454475195050852,1.4784096500276962,10.315961375454851,0.0029817021092526375,0.02258221075777911,3.670639553554622e-05,0.09121600827166176,0.09472725935645698,0.07671017499784938,0.08253549561427675,0.1905990290716808,0.12664125497124168,0.03626675218802333,0.014673917419042226,,-0.011030022170265497,,-0.007221230334991446,0.039910806373783636,0.024852386663823722,0.026097870444534266,0.13706485286616932,0.1151792116838326,0.11629812469654688,,0.3910861300384916,0.011226078099037196,0.03791203763936046,0.09104271042056844,-0.03999999999999915
Comunitat Valenciana,10,2019,2019-01-01,4989308.0,681852.0,4307456.0,227.0,347.0,49780.0,97552.0,17533.0,5169.0,119592.0,60617.0,,331035.0,,391652.0,68.28725,1225.3999999999999,2087.25,75431.0,84737.0,12572.0,11216.0,6228.0,87.51658333333333,4.787234042553192,29126.0,26.02,agregado_media,False,agregado_media,False,agregado_media,False,agregado_suma,False,agregado_suma,False,agregado_suma,False,agregado_suma,False,agregado_suma,False,agregado_media,False,agregado_suma,False,15.422807780756399,13.432567904478129,15.275858032590321,5.424950017481403,5.849324779946859,10.815368575921584,11.488140848147598,9.771840098470129,8.550434525196039,11.69184122862935,11.012330660769575,,12.70997938895037,,12.878128969382626,4.223723072723006,7.111022600291554,7.64360268907411,11.23097361008447,11.347307621146507,9.439227397917458,9.325096609274372,8.73681053295389,4.4718282992157246,1.5659528004943617,10.279386525042526,0.006177006684534803,0.04158601509537796,0.0006850936210316405,0.15195045891765613,0.011594332780919814,0.07389783878006106,0.12384300984750496,0.1876628938439584,0.10602710350545408,0.04969615342227485,0.04161829280696949,,0.0031466071376424765,,0.009005014729895677,0.04135237077940079,0.0365248236459772,0.021489280660888177,-0.043377356541004275,-0.04674421368530801,-0.02342690267271408,0.1389464760994059,-0.16141845264733767,0.017353104164872235,0.0875431504666655,-0.03657485041232533,0.1999999999999993
Comunitat Valenciana,10,2020,2020-01-01,5046482.0,734642.0,4311840.0,241.0,408.0,54438.0,117437.0,22115.0,6204.0,129290.0,64329.0,,340180.0,,404509.0,69.78525,1206.0,2020.3500000000001,59364.0,69707.0,9368.0,8821.0,9842.0,88.88258333333333,4.958677685950414,20660.0,23.34,agregado_media,False,agregado_media,False,agregado_media,False,agregado_suma,False,agregado_suma,False,agregado_suma,False,agregado_suma,False,agregado_suma,False,agregado_media,False,agregado_suma,False,15.434201924826196,13.507138584705565,15.276875285131144,5.484796933490655,6.0112671744041615,10.904817718397684,11.673657298562937,10.004011390302427,8.73294952429643,11.7698132222486,11.07176581943734,,12.737230168268082,,12.91042926492414,4.245422669385945,7.095064377287131,7.6110260427129335,10.991443261015709,11.152056022121888,9.145054905277552,9.084890521258767,9.194414221425923,4.487316210315525,1.6011391096194054,9.93595474267363,0.011394144069797107,0.07457068022743663,0.001017252540822966,0.05984691600925185,0.16194239445730219,0.08944914247610036,0.1855164504153386,0.232171291832298,0.18251499910039115,0.07797199361924889,0.05943515866776572,,0.027250779317713025,,0.032300295541514146,0.021699596662939413,-0.01595822300442329,-0.03257664636117674,-0.2395303490687617,-0.19525159902461908,-0.2941724926399054,-0.24020608801560428,0.4576036884720338,0.0154879110998003,0.035186309125043724,-0.3434317823688957,-2.6799999999999997
Comunitat Valenciana,10,2021,2021-01-01,5067911.0,754601.0,4313310.0,263.0,439.0,55366.0,125839.0,23968.0,6488.0,131921.0,,151484.0,,258833.0,410317.0,72.8035,1253.775,2076.75,80269.0,99014.0,13226.0,8504.0,10167.0,89.70866666666667,5.194805194805195,29020.0,20.81,agregado_media,False,agregado_media,False,agregado_media,False,agregado_suma,False,agregado_suma,False,agregado_suma,False,agregado_suma,False,agregado_suma,False,agregado_media,False,agregado_suma,False,15.438439259100853,13.533944411716876,15.277216148771597,5.572154032177765,6.0844994130751715,10.92172096592159,11.74275859110173,10.084474886316945,8.77770959579525,11.789958537556478,,11.928235287793317,,12.463938345071933,12.924685310669684,4.287764030970059,7.133914279256804,7.638559450719181,11.293138773093618,11.503016533260103,9.489939868234607,9.048291920021784,9.226902460275161,4.496567382754986,1.647659125254298,10.27574052643818,0.004237334274657556,0.026805827011310512,0.0003408636404529375,0.08735709868710995,0.07323223867101003,0.016903247523906373,0.06910129253879305,0.0804634960145183,0.04476007149881944,0.020145315307878775,,,,,0.014256045745543844,0.04234136158411328,0.038849901969673084,0.027533408006247484,0.30169551207790946,0.350960511138215,0.34488496295705495,-0.03659860123698344,0.032488238849238016,0.00925117243946083,0.04652001563489261,0.33978578376454927,-2.530000000000001
Comunitat Valenciana,10,2022,2022-01-01,5108116.0,789092.0,4319024.0,362.0,422.0,56320.0,137119.0,26203.0,7574.0,134695.0,,156239.0,,270158.0,426397.0,78.04225,1316.8000000000002,2216.1,100457.0,113207.0,17029.0,10716.0,7539.0,91.27558333333334,5.49903668388318,41381.0,26.82,agregado_media,False,agregado_media,False,agregado_media,False,agregado_suma,False,agregado_suma,False,agregado_suma,False,agregado_suma,False,agregado_suma,False,agregado_media,False,agregado_suma,False,15.446341205352043,13.578638196325686,15.27854000876926,5.8916442118257715,6.045005314036012,10.938804990831924,11.828604440922867,10.17362918701092,8.93247660846174,11.810768242184638,,11.959142165120452,,12.506762252011615,12.963126116161742,4.357250346707824,7.1829598299228055,7.703504173202802,11.517485054226245,11.636973280295193,9.742673052026605,9.2794932306645,8.927844826211702,4.5138833184644,1.7045729285132791,10.63057711727143,0.007901946251189784,0.04469378460881046,0.0013238599976634902,0.31949017964800674,-0.03949409903915946,0.017084024910333895,0.08584584982113697,0.08915430069397523,0.1547670126664915,0.02080970462816012,,0.030906877327135263,,0.04282390693968274,0.038440805492058416,0.0694863157377652,0.04904555066600125,0.06494472248362104,0.2243462811326271,0.1339567470350893,0.2527331837919977,0.23120131064271554,-0.299057634063459,0.01731593570941392,0.0569138032589811,0.35483659083325136,6.010000000000002
Comunitat Valenciana,10,2023,2023-01-01,5216195.0,888156.0,4328039.0,473.0,514.0,58552.0,181252.0,31054.0,9252.0,141530.0,,183956.0,,281573.0,465529.0,81.19975,1391.825,2304.1,96162.0,104239.0,17168.0,11663.0,7245.0,93.67116666666666,5.869565217391305,39888.0,29.26,agregado_media,False,agregado_media,False,agregado_media,False,agregado_suma,False,agregado_suma,False,agregado_suma,False,agregado_suma,False,agregado_suma,False,agregado_media,False,agregado_suma,False,15.46727876685915,13.696902682220818,15.280625110558429,6.159095388491933,6.2422232654551655,10.977670527281063,12.107643607138801,10.343482903541116,9.13259502335133,11.860266987727885,,12.1224518775601,,12.54814701798736,13.050929672362434,4.396912168345159,7.238371114600341,7.742445423651686,11.47378954822163,11.554441618506356,9.75080246487048,9.36417671669105,8.888066854754783,4.539790422216249,1.7697805625092797,10.59383080576334,0.02093756150710746,0.11826448589513205,0.00208510178916832,0.26745117666616114,0.19721795141915344,0.038865536449138816,0.2790391662159344,0.169853716530195,0.20011841488958915,0.049498745543246514,,0.16330971243964676,,0.04138476597574403,0.0878035562006918,0.03966182163733478,0.0554112846775352,0.03894125044888419,-0.04369550600461558,-0.08253166178883653,0.008129412843874917,0.08468348602655063,-0.0397779714569193,0.025907103751849014,0.0652076339960006,-0.03674631150809127,2.4400000000000013
Comunitat Valenciana,10,2024,2024-01-01,5319285.0,969602.0,4349683.0,595.0,625.0,62495.0,222898.0,35153.0,11009.0,149323.0,,195839.0,,291665.0,487504.0,88.55525,1501.55,2345.175,104177.0,113360.0,17351.0,12681.0,10500.0,96.16416666666667,6.32183908045977,41504.0,28.92,agregado_media,False,agregado_media,False,agregado_media,False,agregado_suma,False,agregado_suma,False,agregado_suma,False,agregado_suma,False,agregado_suma,False,agregado_media,False,agregado_suma,False,15.486849453789299,13.784640957001331,15.285613526846241,6.38856140554563,6.437751649736401,11.042841832524322,12.314469546700238,10.467465242103236,9.306468399070404,11.913867023906258,,12.185048172083912,,12.5833611623696,13.097053774514583,4.483626651008896,7.314253186902251,7.760115304961605,11.553846654570489,11.638323874364563,9.761405420601672,9.447860089234899,9.259130536145614,4.566056800408333,1.844010159571933,10.63354508711617,0.019570686930148185,0.08773827478051288,0.004988416287812214,0.2294660170536975,0.19552838428123565,0.06517130524325943,0.2068259395614369,0.12398233856212038,0.17387337571907402,0.0536000361783735,,0.06259629452381255,,0.03521414438224113,0.046124102152148794,0.08671448266373716,0.07588207230191024,0.017669881309918978,0.08005710634885865,0.08388225585820663,0.01060295573119241,0.08368337254384883,0.37106368139083123,0.02626637819208444,0.0742295970626532,0.03971428135283084,-0.33999999999999986
Comunitat Valenciana,10,2025,2025-01-01,5425182.0,1055925.0,4369257.0,743.0,704.0,68696.0,260938.0,37831.0,13296.0,163816.0,,203125.0,,306776.0,509901.0,100.00025,1707.825,2421.6,109301.0,115023.0,17158.0,14256.0,8459.0,100.00008333333334,,39338.0,27.65,agregado_media,False,agregado_media,False,agregado_media,False,agregado_suma,False,agregado_suma,False,agregado_suma,False,agregado_suma,False,agregado_suma,False,agregado_media,False,agregado_suma,False,15.506562005215159,13.869927717998838,15.29010352973295,6.610696044717759,6.556778356158042,11.137446252352321,12.472038110193141,10.540884151324754,9.49521851709523,12.006499125728396,,12.22157683206614,,12.63387311855747,13.141971868210181,4.605172685984966,7.442975910082838,7.792183757707509,11.60186082325361,11.652887387348054,9.75021981613291,9.56493314971059,9.042986242304014,4.6051710193210775,,10.579946251809838,0.019712551425859814,0.08528676099750676,0.004490002886708311,0.22213463917212906,0.11902670642164104,0.0946044198279985,0.15756856349290338,0.07341890922151784,0.1887501180248261,0.09263210182213832,,0.03652865998222765,,0.05051195618787041,0.04491809369559796,0.12154603497607042,0.1287227231805872,0.03206845274590364,0.04801416868312103,0.014563512983491123,-0.011185604468762378,0.11707306047569155,-0.21614429384159983,0.03911421891274447,,-0.053598835306331694,-1.2700000000000031
Extremadura,11,2002,2002-01-01,1057795.0,12309.0,1045487.0,0.0,7.0,304.0,2514.0,320.0,156.0,6031.0,224.0,,2751.0,,2975.0,,594.5999999999999,348.3,,,,,,73.72083333333333,,,,,False,agregado_media,False,agregado_media,False,,False,,False,,False,,False,,False,agregado_media,False,,False,13.871697110811391,9.418085981110297,13.85999336353153,,1.9459101490553132,5.717027701406222,7.829630389150193,5.768320995793772,5.049856007249537,8.704668113450987,5.4116460518550396,,7.919719760924575,,7.99799931797973,,6.387888910563997,5.853064177371955,,,,,,4.300285436771011,,,,,,,,,,,,,,,,,,,,,,,,,,,,,
Extremadura,11,2003,2003-01-01,1060356.0,15244.0,1045111.0,3.0,11.0,374.0,3475.0,373.0,202.0,6974.0,340.0,,3492.0,,3832.0,,662.35,361.9,,,,,,75.16058333333334,,,,,False,agregado_media,False,agregado_media,False,,False,,False,,False,,False,,False,agregado_media,False,,False,13.874115258760183,9.63194126199375,13.859633657835788,1.0986122886681098,2.3978952727983707,5.924255797414532,8.153349757998892,5.921578419643816,5.308267697401205,8.849944227235596,5.8289456176102075,,8.158229916959494,,8.251142139090751,,6.495794117130271,5.891367930569697,,,,,,4.319626935735654,,,0.0024181479487914714,0.21385528088345396,-0.0003597056957413969,,0.45198512374305744,0.20722809600831038,0.3237193688486997,0.15325742385004393,0.258411690151668,0.14527611378460925,0.4172995657551679,,0.23851015603491899,,0.2531428211110214,,0.107905206566274,0.038303753197741486,,,,,,0.019341498964642767,,,
Extremadura,11,2004,2004-01-01,1064374.0,18397.0,1045977.0,4.0,11.0,471.0,4310.0,446.0,232.0,7957.0,455.0,,4510.0,,4965.0,,758.525,368.875,,15176.0,,,,77.78375,,,,,False,agregado_media,False,agregado_media,False,,False,agregado_suma,False,,False,,False,,False,agregado_media,False,,False,13.877897390880152,9.819942886825784,13.860461934837529,1.3862943611198906,2.3978952727983707,6.154858094016418,8.368693183097793,6.100318952020064,5.44673737166631,8.981807323377534,6.12029741895095,,8.414052432496725,,8.510168576479273,,6.6313757580344825,5.910457833263104,,9.62747051161485,,,,4.353932540473599,,,0.0037821321199693614,0.1880016248320331,0.0008282770017409291,0.2876820724517808,0.0,0.23060229660188547,0.2153434250989008,0.17874053237624832,0.13846967426510481,0.13186309614193803,0.2913518013407428,,0.2558225155372309,,0.25902643738852227,,0.13558164090421165,0.019089902693407268,,,,,,0.03430560473794486,,,
Extremadura,11,2005,2005-01-01,1070094.0,21862.0,1048232.0,8.0,12.0,611.0,4866.0,518.0,256.0,8874.0,534.0,,6182.0,,6716.0,,865.375,385.35,,15036.0,,,,81.63691666666668,,,,,False,agregado_media,False,agregado_media,False,,False,agregado_suma,False,,False,,False,,False,agregado_media,False,,False,13.883257053046753,9.992505248853782,13.862615493409308,2.0794415416798357,2.4849066497880004,6.415096959171596,8.490027523343468,6.249975242259483,5.545177444479562,9.090880931938855,6.280395838960195,,8.729397122692061,,8.812248018197431,,6.76316293899819,5.954152012224002,,9.618202604684068,,,,4.402281569794172,,,0.005359662166600998,0.1725623620279979,0.002153558571778902,0.6931471805599452,0.08701137698962969,0.2602388651551779,0.12133434024567435,0.1496562902394185,0.0984400728132524,0.10907360856132087,0.1600984200092448,,0.31534469019533695,,0.30207944171815804,,0.13178718096370723,0.043694178960898,,-0.009267906930782388,,,,0.0483490293205735,,,
Extremadura,11,2006,2006-01-01,1074930.0,25117.0,1049812.0,8.0,12.0,757.0,5609.0,627.0,276.0,9120.0,607.0,,8102.0,,8709.0,,943.1,399.425,,16004.0,,,,84.88683333333333,,,,,False,agregado_media,False,agregado_media,False,,False,agregado_suma,False,,False,,False,,False,agregado_media,False,,False,13.887766101144674,10.131300186698601,13.86412165848372,2.0794415416798357,2.4849066497880004,6.6293632534374485,8.632127729508337,6.440946540632921,5.62040086571715,9.118225083068378,6.408528791059498,,8.999866223762636,,9.07211225269274,,6.8491723215498395,5.990026012913635,,9.680593969977126,,,,4.441318996877436,,,0.004509048097920854,0.13879493784481944,0.0015061650744119248,0.0,0.0,0.21426629426585286,0.1421002061648693,0.19097129837343818,0.0752234212375873,0.027344151129522487,0.1281329520993033,,0.2704691010705744,,0.2598642344953088,,0.0860093825516497,0.03587400068963298,,0.06239136529305789,,,,0.03903742708326341,,,
Extremadura,11,2007,2007-01-01,1081875.0,28453.0,1053423.0,8.0,10.0,930.0,6598.0,759.0,293.0,9373.0,612.0,,9870.0,,10482.0,95.25825,1011.475,414.95,13396.0,17147.0,180.0,,,86.73741666666666,,144.0,,agregado_media,False,agregado_media,False,agregado_media,False,agregado_suma,False,agregado_suma,False,agregado_suma,False,,False,,False,agregado_media,False,agregado_suma,False,13.89420620491261,10.25600888214987,13.867555419854202,2.0794415416798357,2.302585092994046,6.835184586147301,8.794521851788527,6.63200177739563,5.680172609017068,9.145588494746486,6.416732282512326,,9.197255132427527,,9.257414779362112,4.556591624429248,6.9191649405337,6.028158031044457,9.502711433914095,9.749578510178852,5.19295685089021,,,4.462885355471975,,4.969813299576001,0.006440103767936023,0.12470869545126817,0.0034337613704824577,0.0,-0.18232155679395445,0.2058213327098528,0.16239412228019035,0.1910552367627094,0.05977174329991808,0.027363411678107852,0.008203491452827727,,0.197388908664891,,0.1853025266693713,,0.06999261898386067,0.03813201813082223,,0.06898454020172551,,,,0.021566358594539814,,,
Extremadura,11,2008,2008-01-01,1089650.0,34210.0,1055440.0,8.0,11.0,1204.0,7459.0,950.0,316.0,9223.0,632.0,,14406.0,,15038.0,98.2615,1025.5,410.4,13952.0,15652.0,458.0,5748.0,9524.0,90.00725,,404.0,,agregado_media,False,agregado_media,False,agregado_media,False,agregado_suma,False,agregado_suma,False,agregado_suma,False,agregado_suma,False,agregado_suma,False,agregado_media,False,agregado_suma,False,13.901367101723958,10.44027327797165,13.869468299557658,2.0794415416798357,2.3978952727983707,7.093404625868766,8.917176635955164,6.856461984594587,5.755742213586912,9.129455643235719,6.448889394146858,,9.575400065449308,,9.618335609937972,4.587632292245804,6.932935577512436,6.01713229385656,9.543378146148761,9.658353983330302,6.126869184114185,8.656607247198915,9.161570207606754,4.499890222641396,,6.0014148779611505,0.007160896811347683,0.18426439582178133,0.001912879703455772,0.0,0.09531017980432477,0.2582200397214649,0.12265478416663633,0.22446020719895632,0.07556960456984463,-0.0161328515107666,0.03215711163453161,,0.3781449330217814,,0.36092083057586066,0.03104066781655579,0.013770636978735595,-0.011025737187897455,0.04066671223466578,-0.0912245268485492,0.9339123332239749,,,0.03700486716942031,,1.0316015783851498,
Extremadura,11,2009,2009-01-01,1094691.0,35972.0,1058719.0,7.0,9.0,1218.0,7734.0,1069.0,331.0,8901.0,606.0,,16097.0,,16703.0,97.887,1013.4749999999999,389.15,11168.0,12615.0,561.0,2906.0,7722.0,92.35433333333333,,535.0,,agregado_media,False,agregado_media,False,agregado_media,False,agregado_suma,False,agregado_suma,False,agregado_suma,False,agregado_suma,False,agregado_suma,False,agregado_media,False,agregado_suma,False,13.905982689628324,10.490496137034405,13.87257024470864,1.9459101490553132,2.1972245773362196,7.1049654482698426,8.953381472167242,6.974478911025045,5.802118375377063,9.093918908958932,6.406879986069314,,9.68638819820623,,9.723343622989947,4.583813752159529,6.92114029859226,5.963964873405397,9.320807825002154,9.442641861075158,6.329720905522696,7.974532844130228,8.951828676824181,4.5256326284825,,6.282266746896006,0.004615587904366336,0.05022285906275492,0.003101945150982388,-0.13353139262452252,-0.2006706954621511,0.011560822401076365,0.03620483621207882,0.11801692643045847,0.04637616179015058,-0.035536734276787385,-0.0420094080775435,,0.11098813275692088,,0.10500801305197527,-0.003818540086275135,-0.011795278920176067,-0.05316742045116296,-0.22257032114660724,-0.21571212225514458,0.2028517214085106,-0.6820744030686869,-0.20974153078257274,0.025742405841103988,,0.2808518689348558,
Extremadura,11,2010,2010-01-01,1099605.0,37612.0,1061993.0,7.0,8.0,1411.0,7926.0,1205.0,339.0,9103.0,589.0,,17024.0,,17613.0,99.305,999.45,384.575,10125.0,11734.0,205.0,1832.0,6453.0,92.88766666666666,,189.0,,agregado_media,False,agregado_media,False,agregado_media,False,agregado_suma,False,agregado_suma,False,agregado_suma,False,agregado_suma,False,agregado_suma,False,agregado_media,False,agregado_suma,False,13.910461582370928,10.535078427396968,13.875657889425199,1.9459101490553132,2.0794415416798357,7.252053951852814,8.97790377375038,7.094234845924755,5.82600010738045,9.116359308505288,6.3784261836515865,,9.742379392141371,,9.776392544732296,4.598195922250755,6.907205127676656,5.952138828441814,9.22276289197474,9.370245889485805,5.3230099791384085,7.513163545234075,8.77230041793584,4.53139087776718,,5.241747015059643,0.004478892742604046,0.04458229036256256,0.003087644716558202,0.0,-0.11778303565638382,0.14708850358297187,0.024522301583138173,0.11975593489971015,0.023881732003387057,0.02244039954635646,-0.02845380241772766,,0.05599119393514229,,0.053048921742348654,0.014382170091226776,-0.013935170915603479,-0.011826044963582305,-0.09804493302741335,-0.07239597158935318,-1.0067109263842875,-0.46136929889615264,-0.17952825888834134,0.005758249284680161,,-1.0405197318363637,
Extremadura,11,2011,2011-01-01,1102300.0,38033.0,1064267.0,6.0,6.0,1637.0,7481.0,1288.0,350.0,9278.0,550.0,,17437.0,,17987.0,93.25399999999999,983.9,373.75,8091.0,7932.0,156.0,1736.0,3798.0,93.23266666666666,3.962264150943396,153.0,,agregado_media,False,agregado_media,False,agregado_media,False,agregado_suma,False,agregado_suma,False,agregado_suma,False,agregado_suma,False,agregado_suma,False,agregado_media,False,agregado_suma,False,13.912909463951406,10.546209482901759,13.877796857253212,1.791759469228055,1.791759469228055,7.400620577371135,8.920121751872404,7.160845906664299,5.857933154483459,9.135401285311689,6.309918278226516,,9.766349664317493,,9.79740455372797,4.535326953046301,6.89152426587172,5.923587124704897,8.99850761180784,8.978660489639687,5.049856007249537,7.459338895220296,8.242229891372231,4.535098160995827,1.3768156171653467,5.030437921392435,0.0024478815804780396,0.011131055504790766,0.0021389678280137048,-0.15415067982725827,-0.2876820724517808,0.14856662551832045,-0.05778202187797632,0.06661106073954404,0.03193304710300904,0.01904197680640074,-0.06850790542507035,,0.02397027217612191,,0.021012008995674236,-0.0628689692044544,-0.01568086180493644,-0.028551703736917844,-0.22425528016690066,-0.39158539984611807,-0.27315397188887136,-0.05382465001377934,-0.530070526563609,0.003707283228647107,,-0.2113090936672073,
Extremadura,11,2012,2012-01-01,1104343.0,38784.0,1065559.0,3.0,7.0,1861.0,7280.0,1438.0,381.0,9326.0,550.0,,17937.0,,18487.0,85.62525,900.875,339.4,6600.0,8097.0,120.0,1349.0,2781.0,93.59774999999999,3.939393939393939,116.0,,agregado_media,False,agregado_media,False,agregado_media,False,agregado_suma,False,agregado_suma,False,agregado_suma,False,agregado_suma,False,agregado_suma,False,agregado_media,False,agregado_suma,False,13.914761145971326,10.565763069428986,13.879010102052066,1.0986122886681098,1.9459101490553132,7.528869256642251,8.892886141190731,7.271008538280992,5.942799375126701,9.140561477368266,6.309918278226516,,9.794620897549015,,9.824823061352445,4.449980216286156,6.8033665132446055,5.827179352800126,8.794824928014517,8.999248901686114,4.787491742782046,7.207118856207756,7.930565854233965,4.539006344733079,1.3710268889891022,4.7535901911063645,0.0018516820199199202,0.01955358652722694,0.001213244798853097,-0.6931471805599452,0.15415067982725827,0.12824867927111594,-0.02723561068167335,0.11016263161669304,0.08486622064324223,0.005160192056576918,0.0,,0.028271233231521364,,0.02741850762447484,-0.08534673676014481,-0.08815775262711423,-0.09640777190477046,-0.203682683793323,0.02058841204642725,-0.2623642644674913,-0.2522200390125402,-0.3116640371382662,0.003908183737252102,-0.00578872817624454,-0.2768477302860708,
Extremadura,11,2013,2013-01-01,1101024.0,38382.0,1062642.0,2.0,10.0,1946.0,7043.0,1487.0,385.0,9238.0,527.0,,17744.0,,18271.0,72.99575,884.25,339.7,5487.0,5154.0,81.0,1059.0,1338.0,93.04866666666666,3.842105263157894,100.0,,agregado_media,False,agregado_media,False,agregado_media,False,agregado_suma,False,agregado_suma,False,agregado_suma,False,agregado_suma,False,agregado_suma,False,agregado_media,False,agregado_suma,False,13.911751213832359,10.555343878678192,13.87626881790956,0.6931471805599453,2.302585092994046,7.57353126274595,8.85978949474541,7.304515946460155,5.953243334287785,9.13108069099055,6.267200548541362,,9.783802709590148,,9.813070382411665,4.290401220275506,6.78473982808559,5.828062875166538,8.610136937058975,8.54752839121231,4.394449154672439,6.9650803456014065,7.198931240688173,4.533122653771911,1.3460204619819505,4.605170185988092,-0.003009932138967386,-0.010419190750793561,-0.002741284142505407,-0.4054651081081645,0.35667494393873267,0.044662006103699525,-0.03309664644532084,0.033507408179162645,0.010443959161083427,-0.009480786377714878,-0.04271772968515375,,-0.010818187958866687,,-0.01175267894078047,-0.15957899601064973,-0.01862668515901511,0.0008835223664123149,-0.1846879909555419,-0.45172051047380357,-0.3930425881096067,-0.24203851060634918,-0.7316346135457916,-0.005883690961168142,-0.02500642700715172,-0.1484200051182727,
Extremadura,11,2014,2014-01-01,1096708.0,35611.0,1061097.0,5.0,10.0,1900.0,5697.0,1392.0,369.0,8810.0,487.0,,16941.0,,17428.0,69.97874999999999,847.45,353.9,5363.0,6282.0,130.0,864.0,1617.0,92.0685,3.7662337662337664,133.0,,agregado_media,False,agregado_media,False,agregado_media,False,agregado_suma,False,agregado_suma,False,agregado_suma,False,agregado_suma,False,agregado_suma,False,agregado_media,False,agregado_suma,False,13.907823523332802,10.48040985787697,13.87481383660295,1.6094379124341003,2.302585092994046,7.549609165154532,8.647694999480395,7.238496840894365,5.910796644040527,9.083642718930225,6.18826412308259,,9.737491998340946,,9.765833387237333,4.2481916245336535,6.742231840464063,5.869014387351418,8.587278798982926,8.745443680098592,4.867534450455582,6.761572768804055,7.388327859577107,4.522532865215263,1.326075501126836,4.890349128221754,-0.003927690499557102,-0.0749340208012228,-0.001454981306610037,0.916290731874155,0.0,-0.02392209759141828,-0.21209449526501523,-0.06601910556578972,-0.04244669024725756,-0.04743797206032596,-0.07893642545877277,,-0.04631071124920183,,-0.04723699517433211,-0.0422095957418529,-0.0425079876215273,0.040951512184879135,-0.022858138076049528,0.19791528888628207,0.47308529578314307,-0.20350757679735132,0.18939661888893333,-0.010589788556647939,-0.019944960855114546,0.2851789422336619,
Extremadura,11,2015,2015-01-01,1092217.0,34028.0,1058189.0,8.0,10.0,1983.0,5162.0,1404.0,353.0,8336.0,488.0,,16284.0,,16772.0,71.31524999999999,862.15,356.825,5311.0,6323.0,145.0,970.0,1282.0,91.68633333333334,3.71900826446281,146.0,,agregado_media,False,agregado_media,False,agregado_media,False,agregado_suma,False,agregado_suma,False,agregado_suma,False,agregado_suma,False,agregado_suma,False,agregado_media,False,agregado_suma,False,13.90372013349391,10.434938994095775,13.872069514387745,2.0794415416798357,2.302585092994046,7.592366128519796,8.54907938027856,7.247080584585756,5.8664680569332965,9.028338763993148,6.1903154058531475,,9.69793830962287,,9.727466108290653,4.267110189543104,6.759429269446141,5.877245465515832,8.577535420422398,8.751949058058614,4.976733742420574,6.877296071497429,7.156176637480615,4.518373331441422,1.3134570371676244,4.983606621708336,-0.004103389838892468,-0.045470863781194026,-0.002744322215205486,0.47000362924573547,0.0,0.0427569633652638,-0.09861561920183526,0.008583743691390922,-0.04432858710723053,-0.05530395493707729,0.002051282770557883,,-0.039553688718076074,,-0.03836727894668002,0.018918565009450106,0.017197428982077767,0.008231078164414818,-0.009743378560527205,0.0065053779600212636,0.109199291964992,0.1157233026933735,-0.23215122209649142,-0.004159533773840707,-0.012618463959211512,0.09325749348658263,
Extremadura,11,2016,2016-01-01,1086153.0,32958.0,1053195.0,8.0,8.0,2001.0,4848.0,1466.0,378.0,8144.0,487.0,,15618.0,,16105.0,72.33475,871.9749999999999,363.425,6194.0,7197.0,187.0,,938.0,91.47591666666666,3.804347826086957,187.0,0.48,agregado_media,False,agregado_media,False,agregado_media,False,agregado_suma,False,agregado_suma,False,agregado_suma,False,,False,agregado_suma,False,agregado_media,False,agregado_suma,False,13.898152653530703,10.402989302570676,13.867338959156639,2.0794415416798357,2.0794415416798357,7.601402334583733,8.48632152774915,7.290292882446597,5.934894195619588,9.005036738790304,6.18826412308259,,9.65617937422262,,9.686885061765299,4.281304649934017,6.770760753773224,5.895572948312388,8.731336360533149,8.881419551507804,5.231108616854587,,6.843749949006225,4.5160757318079625,1.3361445774344192,5.231108616854587,-0.005567479963206168,-0.03194969152509941,-0.004730555231105882,0.0,-0.22314355131421015,0.009036206063937513,-0.06275785252941013,0.043212297860840465,0.06842613868629144,-0.023302025202843524,-0.002051282770557883,,-0.04175893540024944,,-0.04058104652535377,0.014194460390913655,0.01133148432708353,0.018327482796555827,0.15380094011075052,0.12947049344919037,0.25437487443401263,,-0.3124266884743907,-0.002297599633459768,0.02268754026679476,0.2475019951462505,
Extremadura,11,2017,2017-01-01,1079108.0,30954.0,1048154.0,7.0,11.0,2037.0,4572.0,1512.0,399.0,7619.0,488.0,,14309.0,,14797.0,72.63425,862.0,365.325,6724.0,8090.0,242.0,,957.0,91.9385,3.853211009174312,254.0,0.55,agregado_media,False,agregado_media,False,agregado_media,False,agregado_suma,False,agregado_suma,False,agregado_suma,False,,False,agregado_suma,False,agregado_media,False,agregado_suma,False,13.89164533190974,10.340257510472705,13.862541079632422,1.9459101490553132,2.3978952727983707,7.619233416226805,8.427706024914702,7.321188556739478,5.988961416889864,8.93840040647301,6.1903154058531475,,9.568643988906736,,9.602179736502535,4.285436573670932,6.759255270663693,5.900787368360716,8.813438494528507,8.998384010052538,5.488937726156687,,6.863803391452954,4.5211198752569555,1.3489068290482702,5.537334267018537,-0.00650732162096368,-0.06273179209797064,-0.0047978795242169525,-0.13353139262452252,0.3184537311185349,0.01783108164307201,-0.0586155028344475,0.030895674292881203,0.054067221270275745,-0.06663633231729449,0.002051282770557883,,-0.0875353853158849,,-0.08470532526276386,0.004131923736914622,-0.011505483109531589,0.005214420048328172,0.08210213399535782,0.11696445854473403,0.2578291093020999,,0.020053442446729797,0.005044143448992955,0.012762251613851028,0.30622565016394976,0.07000000000000006
Extremadura,11,2018,2018-01-01,1072721.0,31150.0,1041571.0,8.0,12.0,2128.0,4711.0,1814.0,457.0,7762.0,513.0,,13745.0,,14258.0,73.9805,861.2,378.9,7311.0,9280.0,275.0,1242.0,1315.0,92.0925,3.9122335997336006,293.0,0.7,agregado_media,False,agregado_media,False,agregado_media,False,agregado_suma,False,agregado_suma,False,agregado_suma,False,agregado_suma,False,agregado_suma,False,agregado_media,False,agregado_suma,False,13.885708969162799,10.3465695242156,13.856240708266979,2.0794415416798357,2.4849066497880004,7.662937850461535,8.45765547870004,7.503289630675082,6.124683390894205,8.956995311928852,6.240275845170769,,9.528430400599346,,9.565073431677574,4.30380154496487,6.758326765490208,5.937272318024555,8.897135342293316,9.135616825780247,5.616771097666572,7.124478262493424,7.181591944611865,4.522793506720641,1.3641084640231165,5.680172609017068,-0.005936362746940205,0.006312013742894251,-0.006300371365442814,0.13353139262452252,0.08701137698962969,0.043704434234729916,0.02994945378533842,0.1821010739356037,0.13572197400434138,0.01859490545584208,0.04996043931762184,,-0.04021358830738997,,-0.037106304824961356,0.01836497129393777,-0.0009285051734844174,0.03648494966383886,0.08369684776480923,0.1372328157277085,0.12783337150988494,,0.31778855315891086,0.0016736314636851546,0.015201634974846279,0.14283834199853107,0.1499999999999999
Extremadura,11,2019,2019-01-01,1067925.0,31901.0,1036024.0,9.0,14.0,2190.0,5012.0,2202.0,467.0,7845.0,526.0,,13636.0,,14162.0,75.4265,858.55,390.675,7679.0,9686.0,271.0,1571.0,1325.0,92.15166666666667,4.141414141414141,333.0,0.63,agregado_media,False,agregado_media,False,agregado_media,False,agregado_suma,False,agregado_suma,False,agregado_suma,False,agregado_suma,False,agregado_suma,False,agregado_media,False,agregado_suma,False,13.881228071317304,10.370392636243981,13.850900867556403,2.1972245773362196,2.6390573296152584,7.691656822810547,8.51959031601596,7.697121317282625,6.1463292576688975,8.967631665167133,6.26530121273771,,9.520468633257794,,9.55831760021172,4.323158672152645,6.755244919759812,5.967876012299365,8.946244609330543,9.178436822963175,5.602118820879701,7.359467638255621,7.1891677384203225,4.523435770405521,1.4210373095637634,5.808142489980444,-0.00448089784549488,0.023823112028381388,-0.005339840710576027,0.11778303565638382,0.15415067982725805,0.02871897234901155,0.061934837315918756,0.19383168660754357,0.02164586677469238,0.01063635323828116,0.025025367566940737,,-0.007961767341551962,,-0.006755831465854456,0.01935712718777527,-0.003081845730396715,0.030603694274809357,0.04910926703722751,0.04281999718292795,-0.014652276786870644,0.23498937576219703,0.0075757938084572984,0.0006422636848801844,0.05692884554064692,0.12796988096337625,-0.06999999999999995
Extremadura,11,2020,2020-01-01,1064970.0,34033.0,1030937.0,13.0,13.0,2262.0,5766.0,2925.0,497.0,8095.0,581.0,,13881.0,,14462.0,75.814,853.65,380.29999999999995,7347.0,9165.0,265.0,1286.0,1204.0,92.41183333333333,4.237288135593221,319.0,0.98,agregado_media,False,agregado_media,False,agregado_media,False,agregado_suma,False,agregado_suma,False,agregado_suma,False,agregado_suma,False,agregado_suma,False,agregado_media,False,agregado_suma,False,13.878457187714824,10.435085921117388,13.845978655409468,2.5649493574615367,2.5649493574615367,7.724004656676065,8.659733878198347,7.981049759665957,6.208590026096629,8.999001866111735,6.364750756851911,,9.53827627757511,,9.579279798734897,4.328282972163935,6.749521273717242,5.940960414934214,8.902047345620277,9.123147160273806,5.579729825986222,7.1592919047975645,7.093404625868766,4.526255036825907,1.443923473956527,5.765191102784844,-0.002770883602480012,0.06469328487340675,-0.004922212146935223,0.3677247801253172,-0.07410797215372167,0.03234783386551854,0.14014356218238788,0.28392844238333215,0.06226076842773143,0.03137020094460219,0.0994495441142007,,0.017807644317315408,,0.020962198523177378,0.0051243000112899395,-0.005723646042569364,-0.026915597365150923,-0.044197263710266554,-0.05528966268936841,-0.02238899489347901,-0.20017573345805673,-0.09576311255155634,0.0028192664203858797,0.022886164392763586,-0.042951387195599544,0.35
Extremadura,11,2021,2021-01-01,1061636.0,35457.0,1026179.0,13.0,19.0,2368.0,6276.0,3307.0,522.0,8184.0,,1139.0,,13629.0,14768.0,77.5705,849.35,394.925,9364.0,12186.0,331.0,1972.0,1279.0,93.39616666666666,4.350519258512677,396.0,0.9,agregado_media,False,agregado_media,False,agregado_media,False,agregado_suma,False,agregado_suma,False,agregado_suma,False,agregado_suma,False,agregado_suma,False,agregado_media,False,agregado_suma,False,13.875321672502785,10.47607597368035,13.84135275343341,2.5649493574615367,2.9444389791664403,7.769800996003896,8.744488113852924,8.103796712981794,6.257667587882639,9.009936307631463,,7.037905963447182,,9.519955154427514,9.600217956742634,4.351187200272904,6.74447135106532,5.978695873455161,9.144627828610801,9.40804303080844,5.802118375377063,7.586803535162581,7.153833801578843,4.5368503022797695,1.4702952077496176,5.981414211254481,-0.0031355152120386975,0.04099005256296273,-0.004625901976057278,0.0,0.3794896217049035,0.04579633932783089,0.08475423565457696,0.1227469533158363,0.04907756178601019,0.01093444151972811,,,,,0.020938158007737684,0.022904228108969527,-0.0050499226519225004,0.03773545852094706,0.24258048299052426,0.2848958705346334,0.22238854939084085,0.42751163036501616,0.06042917571007678,0.010595265453862801,0.026371733793090657,0.21622310846963622,-0.07999999999999996
Extremadura,11,2022,2022-01-01,1056808.0,35640.0,1021168.0,23.0,21.0,2392.0,6450.0,3521.0,513.0,8287.0,,1123.0,,13310.0,14433.0,81.736,868.2750000000001,409.525,10385.0,12718.0,446.0,1636.0,1153.0,94.13666666666666,4.516539092400219,518.0,1.23,agregado_media,False,agregado_media,False,agregado_media,False,agregado_suma,False,agregado_suma,False,agregado_suma,False,agregado_suma,False,agregado_suma,False,agregado_media,False,agregado_suma,False,13.87076360218431,10.481223881584746,13.836457628174983,3.1354942159291497,3.044522437723423,7.779885115070522,8.771835409789817,8.166500319155052,6.240275845170769,9.022443300849043,,7.023758954738443,,9.496270911389157,9.577272530367564,4.403494541289122,6.7665084847599015,6.014997951490695,9.248117736310213,9.450773591827353,6.100318952020064,7.400009517162692,7.050122520269059,4.544747627088904,1.5077460130336526,6.249975242259483,-0.004558070318475771,0.005147907904396121,-0.004895125258427058,0.5705448584676129,0.10008345855698275,0.010084119066625874,0.027347295936893445,0.06270360617325821,-0.017391742711869718,0.01250699321757942,,-0.014147008708738973,,-0.02368424303835681,-0.022945426375070355,0.05230734101621781,0.022037133694581712,0.036302078035534535,0.10348990769941224,0.042730561018913704,0.29820057664300137,-0.1867940179998886,-0.10371128130978402,0.007897324809134076,0.037450805284034994,0.26856103100500217,0.32999999999999996
Extremadura,11,2023,2023-01-01,1054306.0,39442.0,1014864.0,28.0,18.0,2446.0,8365.0,4345.0,580.0,8555.0,,1898.0,,13207.0,15105.0,82.98525000000001,877.35,415.25,9795.0,11574.0,400.0,1481.0,1680.0,95.61983333333333,4.719101123595506,485.0,1.82,agregado_media,False,agregado_media,False,agregado_media,False,agregado_suma,False,agregado_suma,False,agregado_suma,False,agregado_suma,False,agregado_suma,False,agregado_media,False,agregado_suma,False,13.868393288528644,10.582586517370014,13.83026517133276,3.332204510175204,2.8903717578961645,7.802209316247118,9.031811613420924,8.376781037699493,6.363028103540465,9.054271186326293,,7.5485559791698735,,9.488502271043805,9.622781093820773,4.418662881160782,6.776906000557145,6.028880748493404,9.189627330378642,9.356516482133785,5.991464547107982,7.300472814267799,7.426549072397305,4.5603802601859105,1.5516183415452742,6.184148890937483,-0.0023703136556658677,0.10136263578526794,-0.006192456842223137,0.19671029424605413,-0.1541506798272585,0.022324201176595615,0.25997620363110663,0.21028071854444086,0.12275225836969561,0.03182788547725046,,0.5247970244314306,,-0.007768640345352296,0.045508563453209305,0.015168339871659775,0.01039751579724335,0.013882797002708891,-0.05849040593157184,-0.09425710969356871,-0.10885440491208254,-0.09953670289489303,0.3764265521282457,0.01563263309700691,0.043872328511621594,-0.06582635132199943,0.5900000000000001
Extremadura,11,2024,2024-01-01,1054681.0,43228.0,1011453.0,26.0,22.0,2528.0,10686.0,4834.0,613.0,9118.0,,1921.0,,13480.0,15401.0,89.042,898.425,418.15,11033.0,13472.0,499.0,1937.0,1463.0,98.17558333333334,4.9910679117437216,613.0,1.54,agregado_media,False,agregado_media,False,agregado_media,False,agregado_suma,False,agregado_suma,False,agregado_suma,False,agregado_suma,False,agregado_suma,False,agregado_media,False,agregado_suma,False,13.868748909501132,10.674243712423056,13.826898468865295,3.258096538021482,3.091042453358316,7.8351837552667485,9.276689752517717,8.483429561263428,6.418364935936212,9.118005760773388,,7.560601162768557,,9.508962384466297,9.642187721358466,4.489108168529941,6.800643230285504,6.035840219827535,9.308646060760307,9.508368736482108,6.212606095751519,7.5688956634069955,7.288244401020124,4.586757542217069,1.607649897235958,6.418364935936212,0.00035562097248842406,0.09165719505304182,-0.003366702467465288,-0.07410797215372167,0.20067069546215155,0.03297443901963071,0.24487813909679268,0.10664852356393517,0.055336832395746605,0.06373457444709452,,0.012045183598683451,,0.020460113422492654,0.019406627537692955,0.070445287369159,0.023737229728359566,0.0069594713341309955,0.119018730381665,0.1518522543483236,0.22114154864353708,0.26842284913919645,-0.13830467137718028,0.026377282031158522,0.056031555690683854,0.23421604499872828,-0.28
Extremadura,11,2025,2025-01-01,1053345.0,46556.0,1006789.0,37.0,28.0,2687.0,12751.0,5226.0,630.0,9979.0,,1609.0,,13609.0,15218.0,99.99975,925.55,428.4,12968.0,14868.0,579.0,2362.0,1337.0,100.00008333333334,,689.0,1.85,agregado_media,False,agregado_media,False,agregado_media,False,agregado_suma,False,agregado_suma,False,agregado_suma,False,agregado_suma,False,agregado_suma,False,agregado_media,False,agregado_suma,False,13.867481372783015,10.748411168061867,13.822276616478407,3.6109179126442243,3.332204510175204,7.8961806086154915,9.453364978883542,8.561401446080557,6.4457198193855785,9.208238163884312,,7.3833681469923835,,9.518486617560317,9.630234216736469,4.605167685984966,6.830388155405694,6.060057338573594,9.470240063415512,9.606966531417143,6.361302477572996,7.767263996757308,7.198183577101943,4.6051710193210775,,6.535241271013659,-0.0012675367181174124,0.07416745563881122,-0.004621852386888392,0.3528213746227422,0.24116205681688774,0.06099685334874305,0.1766752263658251,0.07797188481712958,0.027354883449366874,0.09023240311092451,,-0.17723301577617345,,0.009524233094019507,-0.011953504621997624,0.11605951745502541,0.029744925120189336,0.024217118746058475,0.16159400265520496,0.09859779493503495,0.14869638182147682,0.19836833335031212,-0.09006082391818104,0.018413477104008535,,0.1168763350774471,0.31000000000000005
Galicia,12,2002,2002-01-01,2696818.0,37575.0,2659243.0,5.0,58.0,667.0,15896.0,2597.0,1213.0,3029.0,1175.0,,12934.0,,14109.0,,846.475,1036.65,,,,,,67.29091666666666,,,,,False,agregado_media,False,agregado_media,False,,False,,False,,False,,False,,False,agregado_media,False,,False,14.80758311745699,10.534094214621176,14.793552053789304,1.6094379124341003,4.060443010546419,6.502790045915623,9.673822784231653,7.862112211662748,7.10085190894405,8.015987811027237,7.069023426578259,,9.467614782006539,,9.554568170613157,,6.74108066776436,6.943749639205513,,,,,,4.2090252597358635,,,,,,,,,,,,,,,,,,,,,,,,,,,,,
Galicia,12,2003,2003-01-01,2705158.0,48013.0,2657145.0,8.0,86.0,885.0,22237.0,2904.0,1376.0,3877.0,1416.0,,15224.0,,16640.0,,937.15,1071.35,,,,,,69.71091666666666,,,,,False,agregado_media,False,agregado_media,False,,False,,False,,False,,False,,False,agregado_media,False,,False,14.810670878908102,10.779227086554634,14.792762796079405,2.0794415416798357,4.454347296253507,6.785587645007929,10.009512847179431,7.973844375944687,7.226936018493289,8.262816937670928,7.255591274253665,,9.630628408975985,,9.719564714375199,,6.842843354804994,6.976674814446735,,,,,,4.244356929127338,,,0.0030877614511126694,0.24513287193345867,-0.0007892577098989051,0.47000362924573547,0.39390428570708824,0.28279759909230595,0.33569006294777815,0.11173216428193822,0.12608410954923865,0.24682912664369105,0.18656784767540557,,0.16301362696944643,,0.16499654376204198,,0.10176268704063318,0.03292517524122207,,,,,,0.03533166939147492,,,
Galicia,12,2004,2004-01-01,2711578.0,56311.0,2655266.0,11.0,95.0,1141.0,26591.0,3141.0,1494.0,4767.0,1650.0,,17421.0,,19071.0,,1060.125,1086.0,,31211.0,,,,71.98466666666667,,,,,False,agregado_media,False,agregado_media,False,,False,agregado_suma,False,,False,,False,,False,agregado_media,False,,False,14.813041311214988,10.938645176925998,14.792055395963578,2.3978952727983707,4.553876891600541,7.039660349862076,10.188328091653252,8.052296499538647,7.309212365692763,8.469472455204826,7.408530566894626,,9.76543165404016,,9.855924135604518,,6.966142104681864,6.990256500493881,,10.348525875764018,,,,4.276453133373261,,,0.002370432306886272,0.15941809037136423,-0.0007074001158269283,0.3184537311185349,0.09952959534703343,0.25407270485414646,0.1788152444738209,0.07845212359396037,0.08227634719947385,0.206655517533898,0.15293929264096118,,0.13480324506417496,,0.13635942122931866,,0.12329874987687006,0.013581686047145602,,,,,,0.03209620424592252,,,
Galicia,12,2005,2005-01-01,2720679.0,64010.0,2656669.0,15.0,95.0,1404.0,29733.0,3427.0,1626.0,5603.0,1881.0,,20227.0,,22108.0,,1210.2,1132.8,,36139.0,,,,74.58516666666667,,,,,False,agregado_media,False,agregado_media,False,,False,agregado_suma,False,,False,,False,,False,agregado_media,False,,False,14.81639203947215,11.066794600136049,14.792583640391504,2.70805020110221,4.553876891600541,7.247080584585756,10.300012819074817,8.139440521874608,7.3938782901077555,8.631057447565285,7.53955882930103,,9.914773624553096,,10.003694812953153,,7.098540914188221,7.032447722939455,,10.495127893591839,,,,4.3119416491903335,,,0.0033507282571623165,0.12814942321005063,0.0005282444279259835,0.3101549283038394,0.0,0.20742023472368043,0.1116847274215651,0.08714402233596097,0.08466592441499277,0.1615849923604582,0.13102826240640386,,0.14934197051293552,,0.14777067734863536,,0.1323988095063573,0.042191222445574716,,0.14660201782782067,,,,0.035488515817072575,,,
Galicia,12,2006,2006-01-01,2730097.0,71264.0,2658833.0,17.0,100.0,1806.0,32444.0,3669.0,1600.0,6262.0,1998.0,,23369.0,,25367.0,,1393.975,1164.875,,38581.0,,,,76.88974999999999,,,,,False,agregado_media,False,agregado_media,False,,False,agregado_suma,False,,False,,False,,False,agregado_media,False,,False,14.819847697665457,11.174146570057093,14.793397862686803,2.833213344056216,4.605170185988092,7.498869733976931,10.387270805190235,8.207674424355282,7.3777589082278725,8.742254901886351,7.599901959208498,,10.059165636715807,,10.141204395699798,,7.239914657156784,7.06036906410582,,10.560515206289688,,,,4.3423725776407025,,,0.003455658193306732,0.10735196992104434,0.0008142222952987055,0.1251631429540061,0.051293294387551036,0.2517891493911746,0.08725798611541791,0.0682339024806744,-0.016119381879883043,0.11119745432106676,0.060343129907468374,,0.14439201216271158,,0.13750958274664526,,0.14137374296856287,0.027921341166364577,,0.06538731269784925,,,,0.030430928450368988,,,
Galicia,12,2007,2007-01-01,2741087.0,80187.0,2660900.0,18.0,99.0,2159.0,35811.0,4268.0,1613.0,7203.0,2093.0,,26923.0,,29016.0,84.61675,1511.95,1193.3,28830.0,38721.0,396.0,,,79.46758333333332,,466.0,,agregado_media,False,agregado_media,False,agregado_media,False,agregado_suma,False,agregado_suma,False,agregado_suma,False,,False,,False,agregado_media,False,agregado_suma,False,14.823865115022,11.292116685952738,14.794174969396488,2.8903717578961645,4.59511985013459,7.677400430514807,10.486010387763148,8.358900612421644,7.385851078125209,8.882252884889363,7.646353722445999,,10.200736218857122,,10.275602680962738,4.438132237558372,7.321155487409626,7.08447785737561,10.269171790632448,10.564137367503298,5.981414211254481,,,4.375349181691454,,6.144185634125646,0.0040174173565432625,0.11797011589564477,0.000777106709685782,0.05715841383994835,-0.010050335853502013,0.17853069653787657,0.09873958257291271,0.1512261880663619,0.008092169897336632,0.13999798300301158,0.046451763237501,,0.14157058214131446,,0.1343982852629395,,0.08124083025284179,0.02410879326979032,,0.003622161213609587,,,,0.03297660405075131,,,
Galicia,12,2008,2008-01-01,2754768.0,92505.0,2662263.0,20.0,103.0,2768.0,39402.0,5181.0,1657.0,8509.0,2206.0,,32660.0,,34866.0,87.51475,1552.325,1201.2,26590.0,29575.0,648.0,16735.0,34229.0,82.14533333333334,,718.0,,agregado_media,False,agregado_media,False,agregado_media,False,agregado_suma,False,agregado_suma,False,agregado_suma,False,agregado_suma,False,agregado_suma,False,agregado_media,False,agregado_suma,False,14.82884378649693,11.435017976093702,14.794687070953321,2.995732273553991,4.634728988229636,7.92588031673756,10.581571855419028,8.552753366814787,7.4127640174265625,9.048879705849558,7.698936199813447,,10.393906366524456,,10.45926742130316,4.471807350585573,7.347509086037028,7.091076336109175,10.188290484237065,10.294684688846587,6.473890696352274,9.725257613645427,10.440828516957847,4.408490036215224,,6.576469569048224,0.004978671474930252,0.14290129014096387,0.0005121015568327891,0.10536051565782634,0.03960913809504607,0.24847988622275263,0.09556146765588025,0.1938527543931432,0.02691293930135341,0.16662682096019488,0.05258247736744792,,0.19317014766733465,,0.18366474034042213,0.0336751130272015,0.026353598627402164,0.006598478733565116,-0.08088130639538349,-0.26945267865671063,0.49247648509779385,,,0.03314085452377036,,0.43228393492257844,
Galicia,12,2009,2009-01-01,2767474.0,101258.0,2666217.0,23.0,124.0,3393.0,41712.0,6180.0,1685.0,10059.0,2290.0,,35792.0,,38082.0,86.44325,1451.7,1155.4,21292.0,23883.0,1024.0,6251.0,22150.0,84.46441666666666,,1142.0,,agregado_media,False,agregado_media,False,agregado_media,False,agregado_suma,False,agregado_suma,False,agregado_suma,False,agregado_suma,False,agregado_suma,False,agregado_media,False,agregado_suma,False,14.833445548760183,11.525426994193154,14.796171171757207,3.1354942159291497,4.820281565605037,8.129469764784231,10.638544136173284,8.729073550451737,7.429520842786462,9.216223035134337,7.736307096548285,,10.485479683729912,,10.547497008534526,4.45948812926599,7.280490562467382,7.052201883347165,9.966086694292647,10.080922187756688,6.931471805599453,8.740496729931813,10.005592775473282,4.436330341137224,,7.040536390215956,0.004601762263252596,0.0904090180994519,0.001484100803885724,0.13976194237515882,0.1855525773754012,0.2035894480466709,0.05697228075425542,0.17632018363694968,0.01675682535989953,0.16734332928477968,0.03737089673483762,,0.09157331720545514,,0.08822958723136587,-0.012319221319582851,-0.06701852356964544,-0.03887445276200996,-0.2222037899444178,-0.21376250108989936,0.45758110924717865,-0.9847608837136139,-0.4352357414845649,0.02784030492199996,,0.4640668211677319,
Galicia,12,2010,2010-01-01,2772457.0,103516.0,2668941.0,23.0,128.0,3635.0,40498.0,6618.0,1605.0,11222.0,2263.0,,37525.0,,39788.0,84.75525,1454.85,1104.5,22570.0,25980.0,660.0,4072.0,17245.0,85.711,,752.0,,agregado_media,False,agregado_media,False,agregado_media,False,agregado_suma,False,agregado_suma,False,agregado_suma,False,agregado_suma,False,agregado_suma,False,agregado_media,False,agregado_suma,False,14.835244488618397,11.547481469111835,14.797192322484777,3.1354942159291497,4.852030263919617,8.19836438996762,10.609007869159214,8.797548488481558,7.380879035564116,9.325631416310918,7.724446645633537,,10.532762656501662,,10.591320638272304,4.439767691244584,7.282658081507662,7.0071480228601715,10.024376869811581,10.165082290224591,6.492239835020471,8.311889558230359,9.755277525370941,4.450981172092758,,6.62273632394984,0.0017989398582134442,0.022054474918681066,0.0010211507275705856,0.0,0.031748698314579826,0.06889462518338973,-0.02953626701406975,0.06847493802982108,-0.04864180722234579,0.10940838117658025,-0.011860450914747744,,0.04728297277175031,,0.04382362973777809,-0.019720438021406217,0.002167519040279231,-0.04505386048699389,0.058290175518934007,0.08416010246790329,-0.439231970578982,-0.42860717170145435,-0.2503152501023411,0.014650830955534211,,-0.4178000662661159,
Galicia,12,2011,2011-01-01,2773415.0,103141.0,2670274.0,19.0,122.0,3912.0,38061.0,6821.0,1588.0,11678.0,2180.0,,38760.0,,40940.0,80.4505,1394.3,1089.325,16437.0,16109.0,415.0,3453.0,8202.0,86.81641666666667,4.464285714285714,514.0,,agregado_media,False,agregado_media,False,agregado_media,False,agregado_suma,False,agregado_suma,False,agregado_suma,False,agregado_suma,False,agregado_suma,False,agregado_media,False,agregado_suma,False,14.835589970811109,11.543852263117381,14.79769164683403,2.9444389791664403,4.804021044733257,8.271804031154709,10.546945414808707,8.82776136765472,7.370230641807081,9.365462008843483,7.687080155783135,,10.565144066004702,,10.61986285921528,4.387642088459477,7.240147776200975,6.993313517343722,9.707290170206525,9.687133400997965,6.028278520230698,8.146998697389993,9.012133305952004,4.463795735887538,1.4961092271270973,6.2422232654551655,0.00034548219271179903,-0.0036292059944535993,0.0004993243492528165,-0.1910552367627094,-0.04800921918636014,0.0734396411870879,-0.06206245435050661,0.03021287917316151,-0.010648393757035635,0.03983059253256549,-0.03736648985040247,,0.03238140950304036,,0.02854222094297576,-0.05212560278510736,-0.04251030530668665,-0.01383450551644927,-0.3170866996050563,-0.47794888922662615,-0.4639613147897732,-0.16489086084036586,-0.7431442194189373,0.01281456379477941,,-0.38051305849467454,
Galicia,12,2012,2012-01-01,2771916.0,103785.0,2668131.0,19.0,139.0,4207.0,36073.0,7390.0,1684.0,12076.0,2142.0,,40054.0,,42196.0,70.0325,1264.175,1047.15,14534.0,16370.0,397.0,2615.0,5443.0,87.59208333333333,4.473684210526316,516.0,,agregado_media,False,agregado_media,False,agregado_media,False,agregado_suma,False,agregado_suma,False,agregado_suma,False,agregado_suma,False,agregado_suma,False,agregado_media,False,agregado_suma,False,14.835049335802482,11.55007673060102,14.79688878526204,2.9444389791664403,4.9344739331306915,8.344505083590521,10.493299942049775,8.907883013942248,7.428927194802272,9.39897529082673,7.669495251007694,,10.59798382266537,,10.650080708801699,4.248959420016382,7.142175014490662,6.95382746708452,9.584246011176582,9.70320567036518,5.983936280687191,7.869019376499023,8.6020856584342,4.472690620951314,1.498212277323876,6.246106765481563,-0.0005406350086261114,0.006224467483638918,-0.0008028615719908316,0.0,0.13045288839743474,0.07270105243581249,-0.053645472758931945,0.08012164628752849,0.058696552995191276,0.03351328198324666,-0.017584904775440613,,0.03283975666066752,,0.030217849586419376,-0.13868266844309485,-0.097972761710313,-0.039486050259202266,-0.12304415902994315,0.016072269367215952,-0.044342239543507134,-0.27797932089097,-0.4100476475178034,0.00889488506377667,0.0021030501967786996,0.0038835000263972574,
Galicia,12,2013,2013-01-01,2760720.0,101690.0,2659030.0,16.0,112.0,4426.0,33780.0,7770.0,1694.0,12332.0,2073.0,,39487.0,,41560.0,62.21175,1210.1,1006.35,12568.0,11877.0,261.0,1724.0,3188.0,88.52116666666666,4.365079365079365,339.0,,agregado_media,False,agregado_media,False,agregado_media,False,agregado_suma,False,agregado_suma,False,agregado_suma,False,agregado_suma,False,agregado_suma,False,agregado_media,False,agregado_suma,False,14.831002073238002,11.529684248785182,14.793471952598518,2.772588722239781,4.718498871295094,8.395251520610994,10.427624190361792,8.958025443361693,7.434847875211999,9.419952789006041,7.636752112435779,,10.583726782795289,,10.634893445213164,4.130543888656912,7.098458279804007,6.914085202677007,9.438909179935457,9.38235903577424,5.564520407322694,7.452402451223638,8.067149039910106,4.483241694791735,1.4736363712750384,5.82600010738045,-0.004047262564480292,-0.02039248181583808,-0.003416832663521774,-0.17185025692665912,-0.21597506183559734,0.05074643702047332,-0.06567575168798356,0.05014242941944502,0.005920680409727375,0.020977498179311382,-0.0327431385719148,,-0.0142570398700812,,-0.01518726358853506,-0.11841553135946992,-0.04371673468665538,-0.03974226440751316,-0.1453368312411243,-0.3208466345909411,-0.41941587336449704,-0.41661692527538463,-0.5349366185240942,0.010551073840420422,-0.024575906048837526,-0.4201066581011128,
Galicia,12,2014,2014-01-01,2745817.0,92025.0,2653792.0,23.0,107.0,4353.0,26950.0,6720.0,1632.0,11995.0,1990.0,,38255.0,,40245.0,61.47675,1178.75,998.0,11966.0,14037.0,341.0,1380.0,2586.0,88.57516666666666,4.340226549573629,458.0,,agregado_media,False,agregado_media,False,agregado_media,False,agregado_suma,False,agregado_suma,False,agregado_suma,False,agregado_suma,False,agregado_suma,False,agregado_media,False,agregado_suma,False,14.82558922070042,11.429815558247222,14.79150011853475,3.1354942159291497,4.672828834461906,8.378620541552298,10.201738576337144,8.812843433517195,7.397561535524052,9.392245175273795,7.595889917718538,,10.552029549665953,,10.602741051527834,4.118659054553529,7.072209833947667,6.905753276311464,9.389824573949976,9.549451979534325,5.831882477283517,7.22983877815125,7.857867559331803,4.483851532394323,1.4679265471125091,6.126869184114185,-0.005412852537581614,-0.09986869053795999,-0.0019718340637684406,0.36290549368936853,-0.04567003683318838,-0.016630979058696482,-0.2258856140246479,-0.1451820098444987,-0.037286339687947034,-0.027707613732246728,-0.040862194717241174,,-0.0316972331293357,,-0.03215239368532963,-0.011884834103383035,-0.02624844585633923,-0.008331926365542586,-0.049084605985481033,0.16709294376008543,0.26736206996082323,-0.2225636730723881,-0.2092814805783032,0.000609837602588037,-0.005709824162529298,0.3008690767337354,
Galicia,12,2015,2015-01-01,2732801.0,87247.0,2645554.0,25.0,90.0,4433.0,23607.0,6182.0,1635.0,11782.0,1963.0,,37530.0,,39493.0,62.315,1178.35,1017.225,12537.0,14633.0,426.0,1672.0,1133.0,88.47833333333332,4.320987654320988,564.0,,agregado_media,False,agregado_media,False,agregado_media,False,agregado_suma,False,agregado_suma,False,agregado_suma,False,agregado_suma,False,agregado_suma,False,agregado_media,False,agregado_suma,False,14.82083764850138,11.376498455519377,14.788391053138414,3.2188758248682006,4.499809670330265,8.396831834745054,10.069298557203092,8.729397122692061,7.399398083331354,9.374328222081633,7.5822291942764615,,10.532895892129066,,10.583878719994873,4.13220216727834,7.071870433834104,6.924833610516888,9.436439551116026,9.591034531092426,6.054439346269371,7.421775793644647,7.0326242610280065,4.482757700948029,1.4634839998110207,6.335054251498059,-0.0047515721990407656,-0.05331710272784562,-0.0031090653963357084,0.08338160893905089,-0.17301916413164076,0.018211293192756273,-0.13244001913405157,-0.0834463108251331,0.0018365478073016916,-0.017916953192161245,-0.013660723442076694,,-0.019133657536887227,,-0.018862331532961463,0.013543112724811124,-0.00033940011356303756,0.019080334205423988,0.04661497716604934,0.04158255155810053,0.22255686898585392,0.19193701549339703,-0.8252432983037963,-0.0010938314462940468,-0.004442547301488409,0.20818506738387388,
Galicia,12,2016,2016-01-01,2719095.0,86438.0,2632657.0,23.0,92.0,4534.0,22949.0,6152.0,1711.0,11882.0,1991.0,,37104.0,,39095.0,63.5345,1192.35,1040.65,13431.0,15604.0,498.0,,842.0,88.6845,4.379102203469292,627.0,0.69,agregado_media,False,agregado_media,False,agregado_media,False,agregado_suma,False,agregado_suma,False,agregado_suma,False,,False,agregado_suma,False,agregado_media,False,agregado_suma,False,14.815809662320168,11.367182672916776,14.783504160338232,3.1354942159291497,4.5217885770490405,8.419359831067474,10.041029641554612,8.72453251118548,7.444833273892193,9.382779928915687,7.596392304064196,,10.521480059495312,,10.573749860558614,4.151583065447402,7.083681428687231,6.94760079690426,9.505320746909074,9.655282570626547,6.210600077024653,,6.7357800142423265,4.48508512770965,1.476843727000952,6.440946540632921,-0.0050279861812114746,-0.009315782602600464,-0.004886892800181286,-0.08338160893905089,0.02197890671877545,0.022527996322420307,-0.02826891564848033,-0.004864611506581795,0.045435190560839445,0.008451706834053496,0.014163109787734385,,-0.011415832633753453,,-0.010128859436258963,0.019380898169061744,0.011810994853126644,0.022767186387372185,0.06888119579304863,0.06424803953412095,0.15616073075528192,,-0.29684424678568,0.002327426761620899,0.01335972718993128,0.1058922891348617,
Galicia,12,2017,2017-01-01,2708955.0,86077.0,2622878.0,24.0,84.0,4628.0,23310.0,5945.0,1818.0,11644.0,2031.0,,36593.0,,38624.0,64.631,1187.55,1052.7,14672.0,17555.0,566.0,,1815.0,89.01416666666667,4.444444444444445,716.0,0.8,agregado_media,False,agregado_media,False,agregado_media,False,agregado_suma,False,agregado_suma,False,agregado_suma,False,,False,agregado_suma,False,agregado_media,False,agregado_suma,False,14.812073509633581,11.362997523487175,14.779782746139404,3.1780538303479458,4.430816798843313,8.439880088313567,10.056637732029802,8.690305809124883,7.505492274737424,9.362546304865514,7.616283561580385,,10.507612244266937,,10.561629123897259,4.168694171845805,7.079647640285552,6.959113571257279,9.593696194496246,9.773094088602532,6.338594078203183,,7.503840746698951,4.488795533094942,1.491654876777717,6.573680166960646,-0.003736152686586891,-0.0041851494296007985,-0.003721414198828654,0.04255961441879608,-0.0909717782057271,0.0205202572460923,0.015608090475190295,-0.03422670206059664,0.06065900084523079,-0.020233624050172594,0.019891257516189143,,-0.01386781522837488,,-0.01212073666135538,0.017111106398402853,-0.004033788401678784,0.011512774353018784,0.08837544758717186,0.11781151797598532,0.12799400117853033,,0.7680607324566244,0.0037104053852923258,0.014811149776764898,0.13273362632772479,0.1100000000000001
Galicia,12,2018,2018-01-01,2703048.0,90078.0,2612970.0,23.0,96.0,4929.0,26749.0,6591.0,2005.0,12244.0,2115.0,,35326.0,,37441.0,67.09625,1189.4250000000002,1077.625,16516.0,19786.0,583.0,3533.0,2124.0,89.83358333333332,4.520833333333333,828.0,0.61,agregado_media,False,agregado_media,False,agregado_media,False,agregado_suma,False,agregado_suma,False,agregado_suma,False,agregado_suma,False,agregado_suma,False,agregado_media,False,agregado_suma,False,14.809890583147528,11.40843124064036,14.775998063380584,3.1354942159291497,4.564348191467836,8.502891406705377,10.194252368447813,8.79346036105272,7.60339933974067,9.412791300065303,7.656810091480378,,10.472374515715389,,10.530521639636548,4.2061281556797,7.081225276052774,6.982514824530089,9.71208488700598,9.892729895883168,6.368187186350492,8.169902647359145,7.66105638236183,4.497958884608424,1.5086963426325686,6.71901315438526,-0.00218292648605356,0.045433717153184006,-0.003784682758819713,-0.04255961441879608,0.13353139262452274,0.06301131839181018,0.13761463641801086,0.10315455192783674,0.09790706500324564,0.050244995199788534,0.04052652989999306,,-0.035237728551548386,,-0.031107484260710194,0.03743398383389529,0.0015776357672221408,0.02340125327280962,0.11838869250973438,0.11963580728063583,0.02959310814730909,,0.15721563566287866,0.009163351513482354,0.017041465854851667,0.14533298742461387,-0.19000000000000006
Galicia,12,2019,2019-01-01,2700210.0,96794.0,2603416.0,22.0,85.0,5165.0,31984.0,7294.0,2074.0,13056.0,2201.0,,34913.0,,37114.0,69.7915,1199.1,1095.175,17108.0,20462.0,618.0,2744.0,2776.0,91.07758333333334,4.784511784511785,959.0,0.91,agregado_media,False,agregado_media,False,agregado_media,False,agregado_suma,False,agregado_suma,False,agregado_suma,False,agregado_suma,False,agregado_suma,False,agregado_media,False,agregado_suma,False,14.808840105727802,11.48034028787254,14.772334986804937,3.091042453358316,4.442651256490317,8.549660381553739,10.372991056740181,8.894807371368625,7.637234388789473,9.477003077203888,7.696667081526462,,10.460614531668961,,10.521749535904284,4.245512225848668,7.089326554385387,6.998669446832767,9.7473014693468,9.926324786438885,6.42648845745769,7.917171988845776,7.9287663216266955,4.511711707393074,1.565383989294401,6.8658910748834385,-0.0010504774197261924,0.07190904723218061,-0.0036630765756466843,-0.04445176257083361,-0.12169693497751943,0.04676897484836218,0.17873868829236805,0.1013470103159051,0.03383504904880308,0.06421177713858484,0.03985699004608367,,-0.011759984046427974,,-0.008772103732264114,0.0393840701689685,0.008101278332612871,0.016154622302678057,0.03521658234081926,0.03359489055571707,0.05830127110719818,-0.25273065851336884,0.26770993926486586,0.01375282278464951,0.05668764666183246,0.14687792049817894,0.30000000000000004
Galicia,12,2020,2020-01-01,2702605.0,108608.0,2593997.0,23.0,97.0,5576.0,39676.0,8342.0,2244.0,14283.0,2418.0,,35949.0,,38367.0,71.36025000000001,1197.825,1074.225,15215.0,19456.0,585.0,2437.0,2413.0,91.9095,4.895828993055556,914.0,0.82,agregado_media,False,agregado_media,False,agregado_media,False,agregado_suma,False,agregado_suma,False,agregado_suma,False,agregado_suma,False,agregado_suma,False,agregado_media,False,agregado_suma,False,14.809726680654714,11.595500348593898,14.768710487342823,3.1354942159291497,4.574710978503383,8.62622695244036,10.588501749865884,9.02905827475689,7.716015266642587,9.566825297862628,7.790696031174738,,10.489856546350627,,10.554952994101429,4.267740991628846,7.088262691210483,6.979354750334038,9.630037062331072,9.875910784765894,6.371611847231857,7.798523053625206,7.7886260656250315,4.520804397250771,1.5883836167110523,6.81783057145415,0.0008865749269126866,0.11516006072135809,-0.0036244994621146276,0.04445176257083361,0.13205972201306615,0.07656657088662122,0.2155106931257027,0.13425090338826529,0.07878087785311383,0.0898222206587409,0.09402894964827624,,0.02924201468166565,,0.03320345819714454,0.022228765780177184,-0.001063863174904256,-0.019314696498728523,-0.11726440701572827,-0.050414001672990594,-0.054876610225833566,-0.11864893522056974,-0.14014025600166402,0.009092689857697067,0.02299962741665129,-0.048060503429288914,-0.09000000000000008
Galicia,12,2021,2021-01-01,2698177.0,114026.0,2584151.0,27.0,105.0,5727.0,43060.0,8668.0,2281.0,15063.0,,5025.0,,34070.0,39095.0,74.64099999999999,1213.4,1087.0749999999998,19815.0,25208.0,796.0,3355.0,2290.0,92.2645,5.056179775280898,1218.0,0.83,agregado_media,False,agregado_media,False,agregado_media,False,agregado_suma,False,agregado_suma,False,agregado_suma,False,agregado_suma,False,agregado_suma,False,agregado_media,False,agregado_suma,False,14.808086917749202,11.644181771548022,14.76490757870979,3.295836866004329,4.653960350157523,8.652947112393857,10.670349770918355,9.067393362656249,7.732369222284388,9.619996684702816,,8.522180732927277,,10.436172510655013,10.573749860558614,4.312689954091356,7.101181615508198,6.991245881981119,9.894194505624535,10.13491668343711,6.679599185844383,8.118207049405783,7.736307096548285,4.524659452140724,1.6206112130322254,7.1049654482698426,-0.0016397629055120433,0.04868142295412348,-0.0038029086330322315,0.16034265007517945,0.07924937165414025,0.026720159953496747,0.0818480210524708,0.03833508789935891,0.016353955641800866,0.053171386840187296,,,,,0.018796866457185146,0.044948962462510345,0.012918924297714796,0.01189113164708111,0.26415744329346325,0.2590058986712158,0.30798733861252625,0.3196839957805766,-0.05231896907674649,0.003855054889952747,0.03222759632117311,0.28713487681569294,0.010000000000000009
Galicia,12,2022,2022-01-01,2692825.0,119174.0,2573651.0,31.0,104.0,6131.0,46218.0,9074.0,2518.0,15978.0,,5167.0,,33953.0,39120.0,79.56675,1256.725,1103.55,21864.0,26019.0,1030.0,3386.0,2607.0,93.9985,5.244097222222222,1589.0,1.18,agregado_media,False,agregado_media,False,agregado_media,False,agregado_suma,False,agregado_suma,False,agregado_suma,False,agregado_suma,False,agregado_suma,False,agregado_media,False,agregado_suma,False,14.80610138639222,11.688339889016214,14.760836071309923,3.4339872044851463,4.6443908991413725,8.721113147762688,10.741124611581021,9.113168460223909,7.831220214604293,9.678968055041988,,8.550047528287184,,10.432732494325869,10.574389124148754,4.376596292015884,7.136264409794757,7.006287535046383,9.992596727607904,10.166582319352566,6.937314081223682,8.12740456269308,7.865955413933502,4.543278824695874,1.6571031054363499,7.370860166536716,-0.0019855313569827615,0.04415811746819287,-0.004071507399867613,0.13815033848081715,-0.009569451016150587,0.06816603536883115,0.0707748406626667,0.04577509756765963,0.09885099231990502,0.058971370339172324,,0.027866795359907215,,-0.0034400163291437025,0.0006392635901395494,0.06390633792452771,0.03508279428655925,0.015041653065263283,0.09840222198336868,0.03166563591545568,0.2577148953792987,0.009197513287297454,0.1296483173852172,0.01861937255515045,0.036491892404124426,0.26589471826687383,0.35
Galicia,12,2023,2023-01-01,2699424.0,139306.0,2560118.0,26.0,113.0,6528.0,60155.0,10488.0,2905.0,17028.0,,7636.0,,34427.0,42063.0,82.4465,1298.775,1128.55,19329.0,24082.0,1104.0,3121.0,2705.0,95.95158333333333,5.473536783134307,1673.0,1.81,agregado_media,False,agregado_media,False,agregado_media,False,agregado_suma,False,agregado_suma,False,agregado_suma,False,agregado_suma,False,agregado_suma,False,agregado_media,False,agregado_suma,False,14.808548974882433,11.844428231345688,14.755563909143461,3.258096538021482,4.727387818712341,8.783855896643942,11.004679843467624,9.257987025443535,7.974188669286011,9.742614326948043,,8.940629184845639,,10.44659641922227,10.646923773389242,4.412149598134904,7.169176791506325,7.028688901877765,9.869361837806752,10.089219952452165,7.00669522683704,8.045908742270779,7.902857191280582,4.563843723967723,1.6999249857617464,7.422373700986824,0.002447588490213093,0.15608834232947366,-0.005272162166461314,-0.17589066646366414,0.08299691957096833,0.06274274888125397,0.26355523188660257,0.14481856521962655,0.1429684546817187,0.06364627190605532,,0.3905816565584548,,0.013863924896401869,0.07253464924048814,0.03555330611902008,0.03291238171156774,0.022401366831382497,-0.12323488980115194,-0.07736236690040066,0.06938114561335862,-0.08149582042230108,0.036901777347079445,0.020564899271849235,0.04282188032539658,0.0515135344501072,0.6300000000000001
Galicia,12,2024,2024-01-01,2705833.0,155281.0,2550552.0,38.0,136.0,6947.0,72504.0,11425.0,3047.0,18128.0,,7881.0,,35175.0,43056.0,88.58375,1365.4,1144.0,23666.0,28359.0,1249.0,3673.0,3144.0,97.67099999999999,5.767379842263279,1978.0,2.19,agregado_media,False,agregado_media,False,agregado_media,False,agregado_suma,False,agregado_suma,False,agregado_suma,False,agregado_suma,False,agregado_suma,False,agregado_media,False,agregado_suma,False,14.810920371100384,11.952991657801547,14.751820364296467,3.6375861597263857,4.912654885736052,8.846065190692881,11.191397011734617,9.343559215762406,8.021912778985708,9.805212983267788,,8.97221007835365,,10.46809088198259,10.670256872966688,4.483948432211747,7.21920270498418,7.042286171939743,10.071794697944505,10.252699719093494,7.130098510125578,8.208764045819667,8.053251153549096,4.581604687965383,1.7522178772576404,7.589841512182657,0.002371396217951016,0.10856342645585926,-0.00374354484699424,0.3794896217049035,0.18526706702371154,0.06220929404893916,0.18671716826699303,0.08557219031887087,0.04772410969969698,0.0625986563197447,,0.03158089350801063,,0.02149446276031952,0.023333099577445893,0.0717988340768434,0.0500259134778549,0.013597270061977973,0.20243286013775297,0.1634797666413288,0.12340328328853722,0.16285530354888778,0.15039396226851487,0.017760963997659474,0.052292891495894,0.16746781119583343,0.3799999999999999
Galicia,12,2025,2025-01-01,2714741.0,174494.0,2540247.0,46.0,153.0,7378.0,85609.0,12874.0,3462.0,21295.0,,7393.0,,36284.0,43677.0,100.0,1499.825,1170.5,27080.0,30678.0,1563.0,4894.0,2289.0,99.99983333333333,,2202.0,2.52,agregado_media,False,agregado_media,False,agregado_media,False,agregado_suma,False,agregado_suma,False,agregado_suma,False,agregado_suma,False,agregado_suma,False,agregado_media,False,agregado_suma,False,14.814207110851255,12.069645636079322,14.747771878361307,3.828641396489095,5.030437921392435,8.906257878156621,11.357545696789908,9.462965052612562,8.149601735736155,9.966227582357314,,8.9082888855571,,10.499132151734834,10.684576926741435,4.605170185988092,7.31310371361755,7.065186286930966,10.206550727026212,10.331301064308054,7.354362330421477,8.495765244002618,7.735870319952567,4.605168519320036,,7.697121317282625,0.003286739750871348,0.11665397827777468,-0.004048485935159718,0.1910552367627094,0.11778303565638293,0.06019268746373996,0.16614868505529046,0.11940583685015582,0.1276889567504469,0.1610145990895262,,-0.06392119279654906,,0.03104126975224375,0.014320053774747876,0.1212217537763447,0.09390100863337025,0.022900114991222686,0.13475602908170714,0.07860134521455997,0.2242638202958993,0.287001198182951,-0.3173808335965296,0.023563831354652898,,0.10727980509996815,0.33000000000000007
Comunidad de Madrid,13,2002,2002-01-01,5478405.0,401774.0,5076631.0,118.0,283.0,20850.0,198614.0,22526.0,8720.0,56911.0,10560.0,,83191.0,,93751.0,,1722.9,2546.55,,,,,,64.586,,,,,False,agregado_media,False,agregado_media,False,,False,,False,,False,,False,,False,agregado_media,False,,False,15.516324558164323,12.903645020458912,15.4401584105712,4.770684624465665,5.645446897643238,9.945109227226947,12.199118521562841,10.022425476607642,9.073374516903025,10.949243923047078,9.264828557260252,,11.328894447881247,,11.448397610442436,,7.4517641965383605,7.842494780924753,,,,,,4.167997669035506,,,,,,,,,,,,,,,,,,,,,,,,,,,,,
Comunidad de Madrid,13,2003,2003-01-01,5638827.0,535828.0,5102999.0,142.0,311.0,26046.0,268202.0,25496.0,10396.0,69248.0,15189.0,,120799.0,,135988.0,,2065.775,2637.35,,,,,,67.59941666666667,,,,,False,agregado_media,False,agregado_media,False,,False,,False,,False,,False,,False,agregado_media,False,,False,15.545186623120264,13.191568493032566,15.44533896408293,4.955827057601261,5.739792912179234,10.167619484527648,12.499495706923462,10.146276856097172,9.249176395761381,11.145449542766098,9.62832676063802,,11.701883286302893,,11.82032192553111,,7.633260737650143,7.877529904129132,,,,,,4.213599353820365,,,0.028862064955941236,0.28792347257365414,0.005180553511729968,0.18514243313559575,0.09434601453599623,0.2225102573007014,0.3003771853606203,0.12385137948952973,0.17580187885835663,0.19620561971902006,0.36349820337776784,,0.3729888384216462,,0.3719243150886733,,0.18149654111178215,0.03503512320437885,,,,,,0.045601684784859486,,,
Comunidad de Madrid,13,2004,2004-01-01,5766566.0,642340.0,5124227.0,139.0,333.0,32055.0,318953.0,28175.0,11403.0,78472.0,18858.0,,153952.0,,172810.0,,2406.7,2764.3,,110902.0,,,,71.13275,,,,,False,agregado_media,False,agregado_media,False,,False,agregado_suma,False,,False,,False,,False,agregado_media,False,,False,15.56758731400013,13.372873037501726,15.449490242344575,4.9344739331306915,5.808142489980444,10.375208456421358,12.672799035488854,10.246190338907978,9.341631757657359,11.270497152244152,9.844692506025623,,11.94439614449918,,12.059948004048037,,7.786011793538359,7.924542717347917,,11.616402207440947,,,,4.264547849603594,,,0.022400690879866403,0.18130454446916033,0.004151278261645075,-0.021353124470569362,0.06834957780120998,0.20758897189370984,0.17330332856539243,0.09991348281080548,0.09245536189597736,0.12504760947805416,0.21636574538760378,,0.24251285819628698,,0.23962607851692752,,0.15275105588821614,0.047012813218785254,,,,,,0.05094849578322869,,,
Comunidad de Madrid,13,2005,2005-01-01,5866186.0,717926.0,5148261.0,146.0,353.0,39484.0,335159.0,30515.0,11868.0,86127.0,22121.0,,192152.0,,214273.0,,2705.725,2919.3,,107029.0,,,,74.68341666666666,,,,,False,agregado_media,False,agregado_media,False,,False,agregado_suma,False,,False,,False,,False,agregado_media,False,,False,15.584715236165493,13.484121778652042,15.454169545713688,4.983606621708336,5.8664680569332965,10.58365080553778,12.722360325073172,10.325973644978596,9.381600981410713,11.36357823010729,10.004282662571022,,12.16604200447382,,12.2750061819235,,7.9031251775502,7.979099140496053,,11.580855104759962,,,,4.313258068385781,,,0.017127922165363074,0.11124874115031602,0.004679303369112375,0.049132688577644856,0.058325566952852625,0.2084423491164209,0.04956128958431805,0.07978330607061856,0.039969223753354655,0.0930810778631379,0.15959015654539854,,0.2216458599746396,,0.21505817787546277,,0.1171133840118408,0.05455642314813591,,-0.03554710268098482,,,,0.04871021878218684,,,
Comunidad de Madrid,13,2006,2006-01-01,5953604.0,782968.0,5170636.0,139.0,416.0,44819.0,348376.0,33460.0,12083.0,93044.0,24047.0,,226585.0,,250632.0,,2911.85,3023.925,,108469.0,,,,78.28341666666667,,,,,False,agregado_media,False,agregado_media,False,,False,agregado_suma,False,,False,,False,,False,agregado_media,False,,False,15.599507308436673,13.570847105683141,15.458506256326714,4.9344739331306915,6.030685260261263,10.71038743563792,12.761037635250169,10.418105974540815,9.399554785027307,11.440827778529798,10.08776552762847,,12.330875429445014,,12.431741006827494,,7.976543897000829,8.014310935404557,,11.594219696852834,,,,4.360335788313589,,,0.01479207227117918,0.08672532703109859,0.00433671061302654,-0.049132688577644856,0.16421720332796674,0.12673663010014025,0.038677310176996826,0.09213232956221873,0.017953803616594044,0.07724954842250753,0.08348286505744795,,0.16483342497119402,,0.15673482490399415,,0.07341871945062906,0.03521179490850468,,0.013364592092871774,,,,0.04707771992780785,,,
Comunidad de Madrid,13,2007,2007-01-01,6074984.0,862953.0,5212031.0,128.0,417.0,48930.0,363060.0,37510.0,12306.0,99915.0,26101.0,,274586.0,,300687.0,79.423,3000.875,3126.8,84930.0,80115.0,3325.0,,,82.26108333333333,,3751.0,,agregado_media,False,agregado_media,False,agregado_media,False,agregado_suma,False,agregado_suma,False,agregado_suma,False,,False,,False,agregado_media,False,agregado_suma,False,15.619689913442562,13.668115507400577,15.466480165021924,4.852030263919617,6.0330862217988015,10.798145984283169,12.802323388844423,10.532362843075934,9.417842227300435,11.51207510351539,10.169728906753061,,12.523019787767957,,12.613825135584472,4.37478799885018,8.00665919179046,8.047765396346175,11.349582666774054,11.29121838144198,8.109224953089955,,,4.409898132340326,,8.229777750081887,0.020182605005889087,0.09726840171743589,0.00797390869520953,-0.0824436692110746,0.0024009615375382154,0.08775854864524923,0.041285753594253904,0.11425686853511863,0.018287442273127397,0.07124732498559183,0.08196337912459128,,0.19214435832294363,,0.1820841287569781,,0.030115294789631264,0.03345446094161808,,-0.30300131541085307,,,,0.04956234402673765,,,
Comunidad de Madrid,13,2008,2008-01-01,6226195.0,966765.0,5259430.0,122.0,447.0,56677.0,387946.0,45706.0,13004.0,110643.0,28363.0,,323858.0,,352221.0,74.9315,2914.15,3131.675,59294.0,55816.0,1771.0,13226.0,32554.0,86.45208333333333,,1809.0,,agregado_media,False,agregado_media,False,agregado_media,False,agregado_suma,False,agregado_suma,False,agregado_suma,False,agregado_suma,False,agregado_suma,False,agregado_media,False,agregado_suma,False,15.644275949763058,13.781710725252974,15.475533213822969,4.804021044733257,6.102558594613569,10.945123763681188,12.868621433661904,10.729984859292829,9.473012281423795,11.614064080938498,10.252840757844124,,12.688060427100458,,12.772014098479678,4.316574362859954,7.977333461065191,8.049323284165803,10.990263399428283,10.929815845619073,7.479299637782834,9.489939868234607,10.390655527951443,4.45959031054724,,7.500529485395295,0.024586036320496163,0.11359521785239757,0.009053048801044739,-0.04800921918636014,0.0694723728147677,0.1469777793980196,0.06629804481748103,0.19762201621689535,0.0551700541233604,0.1019889774231082,0.08311185109106312,,0.16504063933250102,,0.15818896289520623,-0.05821363599022611,-0.029325730725268784,0.0015578878196276236,-0.35931926734577146,-0.3614025358229078,-0.6299253153071209,,,0.04969217820691352,,-0.7292482646865919,
Comunidad de Madrid,13,2009,2009-01-01,6327594.0,1013735.0,5313859.0,123.0,464.0,64875.0,398254.0,51613.0,13945.0,119315.0,29467.0,,335679.0,,365146.0,67.17175,2665.475,2988.675,51724.0,57513.0,4301.0,4680.0,25075.0,88.98316666666668,,4374.0,,agregado_media,False,agregado_media,False,agregado_media,False,agregado_suma,False,agregado_suma,False,agregado_suma,False,agregado_suma,False,agregado_suma,False,agregado_media,False,agregado_suma,False,15.660430627079297,13.829152087754817,15.485828871265264,4.812184355372417,6.139884552226255,11.08021762046819,12.894845271664103,10.851528857723105,9.54287630006159,11.689522333627316,10.291026272110837,,12.723910625157986,,12.808052552585956,4.207252772236995,7.888137557115474,8.002585424354786,10.853677169415743,10.95976628818816,8.366602832783736,8.451053388911692,10.129626612830137,4.488447213266404,,8.383433201236713,0.016154677316238875,0.04744136250184283,0.010295657442295436,0.008163310639160315,0.03732595761268609,0.1350938567870017,0.026223838002199074,0.12154399843027619,0.06986401863779435,0.07545825268881856,0.03818551426671313,,0.03585019805752765,,0.036038454106277484,-0.10932159062295899,-0.08919590394971699,-0.0467378598110173,-0.13658623001254,0.029950442569086633,0.8873031950009018,-1.0388864793229153,-0.2610289151213063,0.028856902719164523,,0.8829037158414179,
Comunidad de Madrid,13,2010,2010-01-01,6373532.0,1012623.0,5360909.0,114.0,435.0,70286.0,387676.0,53863.0,14157.0,122219.0,29826.0,,334047.0,,363873.0,67.436,2529.075,2940.475,60678.0,62799.0,3434.0,4713.0,13335.0,89.85016666666667,,3446.0,,agregado_media,False,agregado_media,False,agregado_media,False,agregado_suma,False,agregado_suma,False,agregado_suma,False,agregado_suma,False,agregado_suma,False,agregado_media,False,agregado_suma,False,15.667664347981715,13.828054552066035,15.494644108220541,4.736198448394496,6.075346031088684,11.16032791145152,12.867925218209258,10.894199064777272,9.557964480394498,11.713569796448489,10.303135775322728,,12.719036980621784,,12.804560184639827,4.211178999953555,7.835608902220745,7.986326411908419,11.013336473130225,11.047694428762629,8.141481041457421,8.45807992692373,9.498147436616115,4.498143468171272,,8.144969417087875,0.007233720902418028,-0.0010975356887819032,0.008815236955276973,-0.0759859069779214,-0.06453852113757108,0.08011029098332934,-0.026920053454844606,0.04267020705416691,0.015088180332908152,0.02404746282117287,0.012109503211890527,,-0.004873644536202093,,-0.003492367946128283,0.003926227716560149,-0.05252865489472924,-0.016259012446366405,0.15965930371448245,0.08792814057446918,-0.22512179132631438,0.00702653801203823,-0.6314791762140217,0.009696254904867807,,-0.23846378414883773,
Comunidad de Madrid,13,2011,2011-01-01,6394239.0,972005.0,5422234.0,107.0,407.0,72828.0,352446.0,54344.0,14160.0,120109.0,29966.0,,327638.0,,357604.0,61.579750000000004,2317.05,2890.8,49204.0,45311.0,2603.0,5252.0,7320.0,90.461,9.552405756452636,2648.0,,agregado_media,False,agregado_media,False,agregado_media,False,agregado_suma,False,agregado_suma,False,agregado_suma,False,agregado_suma,False,agregado_suma,False,agregado_media,False,agregado_suma,False,15.670907986695973,13.787116227462267,15.506018465615945,4.672828834461906,6.008813185442595,11.195855775623855,12.772652698010084,10.903089490871137,9.558176367247711,11.696154942812436,10.30781868460309,,12.699664619350134,,12.787181507901263,4.120333082728451,7.74805010382837,7.969288559408826,10.803730199988676,10.721305107600823,7.864419904994565,8.566364235422688,8.898365606955357,4.504918818598368,2.2567930344386546,7.881559917056899,0.0032436387142578127,-0.04093832460376845,0.011374357395403933,-0.06336961393258989,-0.06653284564608963,0.035527864172335555,-0.09527252019917398,0.008890426093865145,0.00021188685321327227,-0.017414853636052996,0.004682909280361969,,-0.019372361271649652,,-0.017378676738564636,-0.09084591722510371,-0.0875587983923749,-0.017037852499593775,-0.20960627314154934,-0.3263893211618054,-0.2770611364628559,0.10828430849895732,-0.599781829660758,0.006775350427095539,,-0.26340950003097596,
Comunidad de Madrid,13,2012,2012-01-01,6425573.0,939076.0,5486498.0,112.0,427.0,73498.0,317051.0,55781.0,14834.0,115769.0,30255.0,,331348.0,,361603.0,52.133,2078.6,2819.0,41028.0,45259.0,3362.0,3547.0,7004.0,90.44425,9.257712133227598,3595.0,,agregado_media,False,agregado_media,False,agregado_media,False,agregado_suma,False,agregado_suma,False,agregado_suma,False,agregado_suma,False,agregado_suma,False,agregado_media,False,agregado_suma,False,15.675796367648378,13.752651692082363,15.517800722881802,4.718498871295094,6.056784013228625,11.205013473946352,12.666817923199847,10.929188588593389,9.604677122296504,11.659352105346107,10.317416739056421,,12.71092446158447,,12.79830220392592,3.953798145560768,7.639449869154321,7.9441374911141125,10.622010039427302,10.720156824378703,8.120291313968561,8.173857454773621,8.854236693405742,4.50473363878686,2.2254569482854736,8.187299270155147,0.004888380952404958,-0.03446453537990379,0.0117822572658568,0.04567003683318838,0.047970827786030235,0.009157698322496799,-0.10583477481023706,0.02609909772225194,0.04650075504879325,-0.03680283746632895,0.009598054453331173,,0.011259842234336404,,0.011120696024656596,-0.16653493716768342,-0.10860023467404911,-0.02515106829471314,-0.1817201605613743,-0.0011482832221201278,0.25587140897399596,-0.3925067806490663,-0.044128913549615234,-0.00018517981150800722,-0.031336086153181064,0.3057393530982484,
Comunidad de Madrid,13,2013,2013-01-01,6411525.0,878968.0,5532557.0,108.0,419.0,73835.0,272777.0,55114.0,15732.0,112512.0,30068.0,,318403.0,,348471.0,46.22625,2022.6,2718.075,41378.0,40180.0,2918.0,3340.0,5323.0,89.16208333333333,8.724489795918368,3105.0,,agregado_media,False,agregado_media,False,agregado_media,False,agregado_suma,False,agregado_suma,False,agregado_suma,False,agregado_suma,False,agregado_suma,False,agregado_media,False,agregado_suma,False,15.673607710117253,13.686503770998948,15.526160653610708,4.68213122712422,6.037870919922137,11.209588152907875,12.516409890546644,10.917159046351838,9.6634521335517,11.630815161604794,10.31121676229736,,12.67107315501853,,12.761310291946943,3.833547818551702,7.61213909146807,7.907679188149371,10.63050461760369,10.601124638368926,7.978653729082731,8.113726085970747,8.579792333172758,4.4904558744776715,2.1661339902661885,8.040768994367578,-0.00218865753112496,-0.06614792108341483,0.008359930728905951,-0.036367644170874236,-0.018913093306487383,0.004574678961523304,-0.15040803265320335,-0.012029542241551283,0.058775011255196574,-0.028536943741313436,-0.006199976759061698,,-0.03985130656594116,,-0.03699191197897633,-0.12025032700906602,-0.027310777686250454,-0.03645830296474184,0.008494578176387435,-0.11903218600977716,-0.14163758488583067,-0.06013136880287462,-0.2744443602329838,-0.014277764309188257,-0.05932295801928511,-0.14653027578756905,
Comunidad de Madrid,13,2014,2014-01-01,6372553.0,783048.0,5589505.0,103.0,438.0,72816.0,211703.0,49391.0,14644.0,106450.0,28521.0,,298982.0,,327503.0,47.414249999999996,2014.575,2714.95,44488.0,52697.0,4718.0,5374.0,2643.0,87.667,8.492789176330655,5088.0,,agregado_media,False,agregado_media,False,agregado_media,False,agregado_suma,False,agregado_suma,False,agregado_suma,False,agregado_suma,False,agregado_suma,False,agregado_media,False,agregado_suma,False,15.667510732184875,13.570949275776,15.536401290226513,4.634728988229636,6.082218910376446,11.195690990256423,12.262939628019243,10.807523500343269,9.591785974240127,11.575430670321625,10.25839593702714,,12.608138649891794,,12.699252494320833,3.8589228164314044,7.608163534020286,7.906528815992194,10.7029747688674,10.872313806912903,8.45914025996762,8.589327789175437,7.879669914604289,4.473545545783795,2.139217471262484,8.534640105019959,-0.006096977932378067,-0.11555449522294836,0.010240636615804988,-0.04740223889458406,0.04434799045430893,-0.013897162651451467,-0.2534702625274008,-0.10963554600856895,-0.07166615931157416,-0.05538449128316891,-0.05282082527021892,,-0.06293450512673537,,-0.0620577976261103,0.025374997879702654,-0.003975557447784439,-0.0011503721571770598,0.07247015126371004,0.2711891685439767,0.4804865308848898,0.4756017032046902,-0.7001224185684691,-0.016910328693876764,-0.026916519003704398,0.4938711106523801,
Comunidad de Madrid,13,2015,2015-01-01,6375737.0,722378.0,5653359.0,113.0,417.0,73644.0,171957.0,45491.0,13975.0,101093.0,28859.0,,286829.0,,315688.0,50.13525,2074.925,2811.75,51885.0,57431.0,5916.0,9121.0,6200.0,86.67758333333333,8.51063829787234,6233.0,,agregado_media,False,agregado_media,False,agregado_media,False,agregado_suma,False,agregado_suma,False,agregado_suma,False,agregado_suma,False,agregado_suma,False,agregado_media,False,agregado_suma,False,15.668010250169829,13.490303826579098,15.547760439743955,4.727387818712341,6.0330862217988015,11.206997952177097,12.05499972454038,10.725269783175804,9.5450252980233,11.523796164233632,10.270177181692885,,12.56664149835586,,12.662509663053937,3.9147243534998077,7.6376802874332546,7.941562344284131,10.85678501003938,10.958339506208922,8.68541582383069,9.118334726180159,8.732304571033183,4.462195295953391,2.1413169453979233,8.73761303680885,0.0004995179849540676,-0.08064544919690242,0.011359149517442546,0.09265883048270496,-0.049132688577644856,0.011306961920674041,-0.20793990347886293,-0.08225371716746466,-0.046760676216827335,-0.051634506087992804,0.011781244665744595,,-0.041497151535933696,,-0.03674283126689559,0.055801537068403295,0.029516753412968555,0.03503352829193762,0.15381024117198017,0.08602569929601955,0.22627556386306935,0.5290069370047217,0.8526346564288936,-0.01135024983040367,0.0020994741354392055,0.2029729317888922,
Comunidad de Madrid,13,2016,2016-01-01,6411466.0,715879.0,5695587.0,117.0,403.0,77319.0,162936.0,46336.0,14443.0,100857.0,30761.0,,282707.0,,313468.0,54.43025,2169.125,2835.45,59059.0,67366.0,7045.0,,6802.0,86.11966666666666,8.691260897798465,7374.0,5.19,agregado_media,False,agregado_media,False,agregado_media,False,agregado_suma,False,agregado_suma,False,agregado_suma,False,,False,agregado_suma,False,agregado_media,False,agregado_suma,False,15.673598507896024,13.48126643724821,15.555202222422716,4.762173934797756,5.998936561946683,11.255694999974276,12.001112764649593,10.743674475745388,9.577965147101168,11.521458950988468,10.334002932844076,,12.552166304606114,,12.655452560480041,3.996920065490861,7.682079139410668,7.949955933724284,10.98629222322094,11.117895718583592,8.86007342433278,,8.82497196556714,4.455737801920472,2.1623180263119055,8.90571557879409,0.0055882577261954225,-0.009037389330886825,0.007441782678760944,0.034786116085415486,-0.03414965985211893,0.04869704779717843,-0.05388695989078762,0.018404692569584213,0.03293984907786829,-0.002337213245164449,0.0638257511511906,,-0.01447519374974604,,-0.0070571025738956905,0.08219571199105324,0.04439885197741322,0.00839358944015256,0.12950721318155978,0.15955621237466922,0.17465760050209056,,0.092667394533958,-0.006457494032918731,0.02100108091398223,0.16810254198524,
Comunidad de Madrid,13,2017,2017-01-01,6459297.0,719594.0,5739703.0,118.0,409.0,81655.0,162822.0,48580.0,14327.0,99663.0,31984.0,,280036.0,,312020.0,60.6655,2289.55,2907.05,70412.0,80613.0,8890.0,,9651.0,86.43608333333333,8.904109589041097,9302.0,5.57,agregado_media,False,agregado_media,False,agregado_media,False,agregado_suma,False,agregado_suma,False,agregado_suma,False,,False,agregado_suma,False,agregado_media,False,agregado_suma,False,15.681031046307663,13.486442443058218,15.562918024796799,4.770684624465665,6.013715156042802,11.310258333510843,12.000412858555782,10.790967202556164,9.569901147893372,11.509549773730312,10.372991056740181,,12.54267344531536,,12.65082256730124,4.105375167454541,7.736110570688125,7.974894100273361,11.162118982165863,11.297415205811415,9.09268232850795,,9.174816815907135,4.459405219799224,2.1865129217412917,9.137984709784043,0.00743253841163849,0.0051760058100072115,0.00771580237408287,0.0085106896679088,0.01477859409611959,0.05456333353656717,-0.0006999060938106538,0.047292726810775676,-0.008063999207795547,-0.011909177258155879,0.03898812389610562,,-0.009492859290753941,,-0.004629993178800973,0.10845510196368036,0.054031431277457465,0.024938166549077323,0.1758267589449236,0.1795194872278234,0.23260890417516933,,0.3498448503399949,0.0036674178787521328,0.024194895429386243,0.23226913098995183,0.3799999999999999
Comunidad de Madrid,13,2018,2018-01-01,6529923.0,757117.0,5772806.0,136.0,467.0,87422.0,180392.0,57499.0,14893.0,100957.0,33503.0,,281848.0,,315351.0,66.84275,2484.35,2990.9,76603.0,85294.0,8153.0,17983.0,11011.0,88.19475,9.285714285714286,9358.0,5.66,agregado_media,False,agregado_media,False,agregado_media,False,agregado_suma,False,agregado_suma,False,agregado_suma,False,agregado_suma,False,agregado_suma,False,agregado_media,False,agregado_suma,False,15.691905709452616,13.537273077940483,15.568668828766832,4.912654885736052,6.1463292576688975,11.378502246215547,12.102887539729348,10.959522835329864,9.608646582885868,11.522449962595038,10.419390266042402,,12.54912319751151,,12.661441583166521,4.2023428459089684,7.817766334898984,8.003329624436796,11.246391519452636,11.353859391029244,9.006141236662911,9.797182146165197,9.306650052113591,4.479547437431609,2.228477120840324,9.143986871426161,0.010874663144953445,0.05083063488226536,0.005750803970032692,0.14197026127038725,0.13261410162609533,0.06824391270470365,0.1024746811735664,0.16855563277369967,0.03874543499249583,0.012900188864726658,0.04639920930222097,,0.00644975219614885,,0.010619015865280801,0.09696767845442711,0.08165576421085863,0.02843552416343531,0.08427253728677364,0.05644418521782946,-0.08654109184503866,,0.1318332362064556,0.020142217632384884,0.04196419909903204,0.006002161642118864,0.08999999999999986
Comunidad de Madrid,13,2019,2019-01-01,6618078.0,817809.0,5800269.0,138.0,485.0,93338.0,211357.0,68769.0,16061.0,104236.0,34916.0,,288509.0,,323425.0,70.762,2626.45,3098.95,71795.0,78634.0,6996.0,19419.0,18174.0,90.056,10.158556127182251,8926.0,5.69,agregado_media,False,agregado_media,False,agregado_media,False,agregado_suma,False,agregado_suma,False,agregado_suma,False,agregado_suma,False,agregado_suma,False,agregado_media,False,agregado_suma,False,15.705315553432317,13.614384091987853,15.573414853751506,4.927253685157205,6.184148890937483,11.443982592233318,12.261303925862839,11.138508340983787,9.684149252062896,11.554412838077047,10.46070045585524,,12.572481560284265,,12.686722526786102,4.259322133448396,7.873388403471905,8.03881862342074,11.181570114728478,11.272559454860433,8.853093836138493,9.874007247213619,9.807747280255292,4.500431699052503,2.3183163185849467,9.096723645189215,0.013409843979701463,0.07711101404736986,0.0047460249846746905,0.01459879942115272,0.03781963326858584,0.06548034601777175,0.1584163861334904,0.17898550565392313,0.07550266917702864,0.03196287548200871,0.041310189812838516,,0.023358362772755825,,0.02528094361958111,0.056979287539427936,0.05562206857292118,0.03548899898394353,-0.06482140472415843,-0.08129993616881137,-0.153047400524418,0.07682510104842244,0.5010972281417008,0.02088426162089352,0.0898391977446229,-0.047263226236946565,0.03000000000000025
Comunidad de Madrid,13,2020,2020-01-01,6720310.0,893337.0,5826973.0,129.0,538.0,99540.0,255272.0,83452.0,18113.0,108192.0,36194.0,,291907.0,,328101.0,71.974,2602.525,3045.6,58538.0,67138.0,5069.0,14443.0,13499.0,91.25775,10.416666666666666,6681.0,4.94,agregado_media,False,agregado_media,False,agregado_media,False,agregado_suma,False,agregado_suma,False,agregado_suma,False,agregado_suma,False,agregado_suma,False,agregado_media,False,agregado_suma,False,15.720644842387713,13.702719168288118,15.578008212512279,4.859812404361672,6.2878585601617845,11.508314852412544,12.45008492232256,11.332026895249765,9.804385191492917,11.591662705507613,10.496648638220146,,12.584190537370018,,12.701076766795813,4.276304942688626,7.86423740659092,8.021453205068287,10.977431394988523,11.1145054815887,8.53089883847235,9.577965147101168,9.510370887608827,4.513687920362974,2.3434070875143007,8.807022955925477,0.015329288955395981,0.0883350763002646,0.004593358760772048,-0.06744128079553313,0.10370966922430114,0.064332260179226,0.18878099645972135,0.19351855426597808,0.12023593943002098,0.037249867430565686,0.035948182364904824,,0.011708977085753247,,0.01435424000971075,0.01698280924022999,-0.009150996880984863,-0.017365418352452977,-0.20413871973995512,-0.15805397327173232,-0.3221949976661431,-0.2960421001124516,-0.29737639264646454,0.013256221310471439,0.025090768929354024,-0.2897006892637375,-0.75
Comunidad de Madrid,13,2021,2021-01-01,6726640.0,923113.0,5803527.0,127.0,533.0,99900.0,273381.0,88851.0,18521.0,108899.0,,48764.0,,284137.0,332901.0,73.80225,2676.25,3146.475,80936.0,91077.0,6810.0,20605.0,16637.0,91.41058333333334,10.66004672897196,8975.0,4.53,agregado_media,False,agregado_media,False,agregado_media,False,agregado_suma,False,agregado_suma,False,agregado_suma,False,agregado_suma,False,agregado_suma,False,agregado_media,False,agregado_suma,False,15.72158631989266,13.735506932860337,15.573976394144944,4.844187086458591,6.278521424165844,11.511924964636645,12.518621705612018,11.39471608844349,9.826660502422802,11.598176126142436,,10.794747614685036,,12.557211795194783,12.71560042746368,4.301389218946561,7.8921718399038925,8.054038057599335,11.301413997885726,11.41946058155879,8.826147399143558,9.933289043772918,9.719384409659742,4.515361263149942,2.36650280230895,9.10219821335648,0.000941477504946775,0.03278776457221966,-0.004031818367334239,-0.01562531790308075,-0.009337135995940216,0.003610112224100348,0.06853678328945811,0.06268919319372479,0.022275310929884995,0.006513420634822964,,,,,0.014523660667867588,0.025084276257934413,0.027934433312972295,0.03258485253104837,0.32398260289720326,0.30495509997008874,0.2952485606712081,0.35532389667175046,0.20901352205091506,0.0016733427869679574,0.023095714794649336,0.29517525743100315,-0.41000000000000014
Comunidad de Madrid,13,2022,2022-01-01,6743254.0,938683.0,5804571.0,120.0,480.0,100335.0,287335.0,91527.0,19653.0,107345.0,,48517.0,,283371.0,331888.0,78.829,2876.975,3218.5,83514.0,90406.0,7590.0,16106.0,15833.0,92.54358333333333,11.089317002442002,10039.0,5.03,agregado_media,False,agregado_media,False,agregado_media,False,agregado_suma,False,agregado_suma,False,agregado_suma,False,agregado_suma,False,agregado_suma,False,agregado_media,False,agregado_suma,False,15.724053155700732,13.752233108008754,15.57415626857447,4.787491742782046,6.173786103901937,11.516269866220618,12.568404061424935,11.424389289702704,9.885985277399985,11.583803225603665,,10.789669530973297,,12.554512272138965,12.712552841585927,4.36728094946554,7.964494673906564,8.076670691492671,11.332769561455455,11.41206591585918,8.934586870389676,9.68694715235549,9.669851648501433,4.527679704723269,2.4059822126706005,9.214232786691527,0.002466835808071721,0.0167261751484169,0.00017987442952538402,-0.056695343676545384,-0.10473532026390764,0.004344901583973382,0.049782355812917345,0.029673201259214466,0.059324774977183026,-0.014372900538770494,,-0.005078083711739012,,-0.0026995230558188865,-0.003047585877753889,0.06589173051897923,0.07232283400267114,0.022632633893335807,0.03135556356972913,-0.007394665699608893,0.1084394712461183,-0.24634189141742802,-0.04953276115830896,0.012318441573326844,0.03947941036165048,0.11203457333504652,0.5
Comunidad de Madrid,13,2023,2023-01-01,6871903.0,1041889.0,5830014.0,129.0,594.0,103846.0,369273.0,102744.0,22960.0,105947.0,,56646.0,,279750.0,336396.0,81.9285,3011.25,3328.225,69955.0,75763.0,6789.0,14950.0,15564.0,94.46600000000001,11.54375,9190.0,6.34,agregado_media,False,agregado_media,False,agregado_media,False,agregado_suma,False,agregado_suma,False,agregado_suma,False,agregado_suma,False,agregado_suma,False,agregado_media,False,agregado_suma,False,15.742951627296316,13.856545969709453,15.578529959696004,4.859812404361672,6.386879319362645,11.550664311470497,12.819291486876262,11.539995736492891,10.041508850433503,11.570694248052522,,10.94457665496057,,12.541651626174172,12.726044316403815,4.40584691567415,8.010110553929081,8.110194407828846,11.155607457167386,11.235365325808791,8.823058934301647,9.612466578818832,9.652715834104445,4.548239981400548,2.4461441649654128,9.125871215349733,0.018898471595584,0.10431286170069853,0.0043736911215344065,0.07232066157962613,0.21309321546070858,0.03439444524987856,0.25088742545132625,0.11560644679018672,0.15552357303351805,-0.013108977551143042,,0.15490712398727347,,-0.012860645964792639,0.01349147481788826,0.03856596620861019,0.04561588002251771,0.03352371633617501,-0.1771621042880689,-0.1767005900503893,-0.11152793608802902,-0.0744805735366576,-0.017135814396988636,0.020560276677279,0.04016195229481223,-0.08836157134179423,1.3099999999999996
Comunidad de Madrid,13,2024,2024-01-01,7009268.0,1123731.0,5885537.0,135.0,712.0,109858.0,431039.0,107218.0,25080.0,107031.0,,57658.0,,285000.0,342658.0,88.214,3239.95,3439.55,77942.0,88146.0,7722.0,18412.0,13516.0,97.06241666666666,12.121212121212125,10666.0,7.0,agregado_media,False,agregado_media,False,agregado_media,False,agregado_suma,False,agregado_suma,False,agregado_suma,False,agregado_suma,False,agregado_suma,False,agregado_media,False,agregado_suma,False,15.762743831304467,13.932164956949837,15.588008543451561,4.90527477843843,6.568077911411976,11.606943901742731,12.97395385223114,11.582619423971218,10.129825994746858,11.580873791109585,,10.962284284499939,,12.560244459250788,12.744488144180501,4.479765680575177,8.083313176568533,8.143095927857065,11.263720239328158,11.386749809598482,8.951828676824181,9.820757904937132,9.511629447834181,4.5753542423552,2.494956985641502,9.274816391160547,0.019792204008151515,0.07561898724038407,0.009478583755557324,0.04546237407675768,0.18119859204933064,0.056279590272234614,0.15466236535487887,0.042623687478327454,0.08831714431335413,0.010179543057063256,,0.017707629539367886,,0.018592833076615634,0.01844382777668585,0.07391876490102689,0.07320262263945132,0.032901520028218556,0.10811278216077191,0.15138448378969116,0.12876974252253426,0.20829132611829948,-0.14108638627026338,0.027114260954651748,0.048812820676089164,0.14894517581081423,0.6600000000000001
Comunidad de Madrid,13,2025,2025-01-01,7113886.0,1181319.0,5932567.0,147.0,778.0,118402.0,476930.0,108448.0,28272.0,108897.0,,54862.0,,284583.0,339445.0,100.0,3685.575,3549.425,81822.0,84031.0,7144.0,17718.0,13496.0,100.00008333333334,,9667.0,6.89,agregado_media,False,agregado_media,False,agregado_media,False,agregado_suma,False,agregado_suma,False,agregado_suma,False,agregado_suma,False,agregado_suma,False,agregado_media,False,agregado_suma,False,15.777559206622191,13.982142168782547,15.59596756094931,4.990432586778736,6.656726524178391,11.681840893181269,13.075125008577457,11.594026074406777,10.249627194559478,11.598157760332226,,10.912576220261636,,12.558780229895266,12.735067209911485,4.605170185988092,8.212181830442635,8.174540897519622,11.312301435085889,11.338941057363176,8.874028122556336,9.782336350971978,9.510148624225804,4.6051710193210775,,9.176473302464606,0.014815375317724033,0.049977211832709756,0.007959017497748633,0.0851578083403064,0.08864861276641545,0.07489699143853734,0.10117115634631624,0.011406650435558774,0.1198011998126205,0.01728396922264075,,-0.04970806423830254,,-0.0014642293555215957,-0.009420934269016357,0.1254045054129147,0.12886865387410218,0.03144496966255694,0.048581195757730455,-0.047808752235306784,-0.07780055426784571,-0.03842155396515423,-0.00148082360837698,0.0298167769658777,,-0.0983430886959411,-0.11000000000000032
Región de Murcia,14,2002,2002-01-01,1206619.0,76194.0,1130424.0,3.0,13.0,1041.0,38179.0,773.0,260.0,24054.0,3528.0,,8343.0,,11871.0,,776.45,493.7,,,,,,73.155,,,,,False,agregado_media,False,agregado_media,False,,False,,False,,False,,False,,False,agregado_media,False,,False,14.00333279159116,11.241037998417088,13.938103341549576,1.0986122886681098,2.5649493574615367,6.947937068614969,10.550040905213313,6.650279048587422,5.560681631015528,10.088056581870562,8.168486417126681,,9.029178142902074,,9.381853730053534,,6.654732249015198,6.201928045264817,,,,,,4.292580477830126,,,,,,,,,,,,,,,,,,,,,,,,,,,,,
Región de Murcia,14,2003,2003-01-01,1242632.0,102941.0,1139692.0,4.0,18.0,1334.0,51419.0,932.0,326.0,31428.0,4882.0,,12598.0,,17480.0,,914.575,522.75,,,,,,76.2995,,,,,False,agregado_media,False,agregado_media,False,,False,,False,,False,,False,,False,agregado_media,False,,False,14.032742268734673,11.541911287556298,13.946268608428122,1.3862943611198906,2.8903717578961645,7.195937226475569,10.847763032945046,6.837332814685591,5.786897381366708,10.355454494295712,8.493310250952906,,9.441293350181875,,9.768812649209526,,6.818459476496549,6.259103338308743,,,,,,4.334666385188992,,,0.029409477143513385,0.30087328913920963,0.008165266878545907,0.2876820724517808,0.3254224004346278,0.24800015786059948,0.297722127731733,0.1870537660981686,0.22621575035118013,0.26739791242514954,0.3248238338262244,,0.41211520727980044,,0.3869589191559921,,0.16372722748135082,0.05717529304392599,,,,,,0.042085907358866415,,,
Región de Murcia,14,2004,2004-01-01,1276812.0,127051.0,1149761.0,7.0,23.0,1583.0,61695.0,1062.0,407.0,38129.0,5836.0,,18310.0,,24146.0,,1153.925,549.2,,33651.0,,,,79.98116666666667,,,,,False,agregado_media,False,agregado_media,False,,False,agregado_suma,False,,False,,False,,False,agregado_media,False,,False,14.059876904129757,11.752343859634296,13.955064652653643,1.9459101490553132,3.1354942159291497,7.367077059881012,11.029958169332634,6.967909201801884,6.008813185442595,10.548730426438988,8.671800909642677,,9.815202637668557,,10.091874013892333,,7.050924453621528,6.308462673893816,,10.423798052313334,,,,4.381791190292362,,,0.027134635395084317,0.21043257207799826,0.008796044225521271,0.5596157879354227,0.24512245803298516,0.17113983340544348,0.18219513638758755,0.13057638711629327,0.22191580407588685,0.1932759321432762,0.1784906586897712,,0.37390928748668273,,0.32306136468280755,,0.23246497712497938,0.04935933558507255,,,,,,0.047124805103369916,,,
Región de Murcia,14,2005,2005-01-01,1313496.0,152731.0,1160766.0,9.0,26.0,2241.0,67321.0,1220.0,503.0,48500.0,6646.0,,26264.0,,32910.0,,1326.225,579.775,,36190.0,,,,84.35666666666667,,,,,False,agregado_media,False,agregado_media,False,,False,agregado_suma,False,,False,,False,,False,agregado_media,False,,False,14.088202842804275,11.936433483045185,13.964590689978422,2.1972245773362196,3.258096538021482,7.714677473800927,11.117227502621036,7.106606137727303,6.220590170099739,10.789319076925574,8.801770448914539,,10.175954459181428,,10.401531841937386,,7.190091839609151,6.362640097241273,,10.496538116557788,,,,4.435053841632499,,,0.02832593867451827,0.1840896234108893,0.009526037324778969,0.25131442828090633,0.12260232209233246,0.34760041391991514,0.08726933328840225,0.13869693592541843,0.21177698465714467,0.24058865048658618,0.12996953927186183,,0.36075182151287066,,0.3096578280450526,,0.1391673859876228,0.05417742334745679,,0.07274006424445467,,,,0.053262651340136635,,,
Región de Murcia,14,2006,2006-01-01,1351109.0,179092.0,1172017.0,12.0,29.0,2954.0,71977.0,1445.0,545.0,59671.0,7353.0,,35105.0,,42458.0,,1449.175,606.5,,39897.0,,,,88.735,,,,,False,agregado_media,False,agregado_media,False,,False,agregado_suma,False,,False,,False,,False,agregado_media,False,,False,14.116436294664855,12.095654919267806,13.97423675413335,2.4849066497880004,3.367295829986474,7.9909154630913255,11.184101902520503,7.275864600546533,6.300785794663244,10.996601419215988,8.902863672196222,,10.466098849451349,,10.656270630991948,,7.278749707975077,6.407704728384105,,10.594056412081272,,,,4.485654399986529,,,0.02823345186057935,0.1592214362226212,0.009646064154928524,0.2876820724517808,0.109199291964992,0.2762379892903981,0.06687439989946675,0.16925846281923018,0.08019562456350471,0.20728234229041398,0.10109322328168346,,0.290144390269921,,0.2547387890545618,,0.08865786836592626,0.04506463114283221,,0.0975182955234839,,,,0.05060055835402988,,,
Región de Murcia,14,2007,2007-01-01,1385715.0,201842.0,1183873.0,13.0,31.0,3381.0,78509.0,1746.0,577.0,65131.0,8177.0,,44278.0,,52455.0,82.4785,1585.475,637.725,31344.0,35096.0,2604.0,,,90.66683333333334,,5991.0,,agregado_media,False,agregado_media,False,agregado_media,False,agregado_suma,False,agregado_suma,False,agregado_suma,False,,False,,False,agregado_media,False,agregado_suma,False,14.141726809882083,12.215240492104531,13.984301825159433,2.5649493574615367,3.4339872044851463,8.125926802707886,11.270968546880257,7.465082736399547,6.3578422665081,11.084155905330146,9.009080614161977,,10.698243218684171,,10.867710938165587,4.4125376533163685,7.368639325957525,6.457907155939966,10.352778140184322,10.46584244284605,7.86480400332846,,,4.507191615861492,,8.698013622083925,0.025290515217228915,0.11958557283672455,0.010065071026081895,0.08004270767353638,0.06669137449867213,0.1350113396165602,0.08686664435975366,0.1892181358530145,0.05705647184485585,0.08755448611415773,0.10621694196575504,,0.232144369232822,,0.21144030717363904,,0.08988961798244777,0.05020242755586146,,-0.12821396923522244,,,,0.0215372158749636,,,
Región de Murcia,14,2008,2008-01-01,1419567.0,223831.0,1195737.0,15.0,31.0,3937.0,83902.0,2295.0,638.0,69926.0,8913.0,,54173.0,,63086.0,85.36825,1582.475,625.925,24913.0,26401.0,956.0,14198.0,32528.0,94.32358333333335,,4541.0,,agregado_media,False,agregado_media,False,agregado_media,False,agregado_suma,False,agregado_suma,False,agregado_suma,False,agregado_suma,False,agregado_suma,False,agregado_media,False,agregado_suma,False,14.165862453499502,12.318646581800051,13.994273289645685,2.70805020110221,3.4339872044851463,8.278174290943738,11.337404730073445,7.738488122494646,6.45833828334479,11.155192819004727,9.095266164130717,,10.899937908325773,,11.052254153864961,4.446974251807774,7.366745356105235,6.439230555615801,10.123145034565505,10.181157167204903,6.862757913051401,9.560856388599332,10.389856535868129,4.5467312467429775,,8.420902531097951,0.024135643617418268,0.10340608969552001,0.009971464486252302,0.14310084364067333,0.0,0.15224748823585266,0.06643618319318811,0.27340538609509846,0.10049601683668996,0.07103691367458076,0.0861855499687394,,0.2016946896416023,,0.18454321569937449,0.034436598491405235,-0.0018939698522899562,-0.018676600324165626,-0.22963310561881656,-0.2846852756411469,-1.0020460902770587,,,0.039539630881485266,,-0.277111090985974,
Región de Murcia,14,2009,2009-01-01,1441783.0,233711.0,1208072.0,15.0,35.0,4599.0,83510.0,2643.0,673.0,75862.0,9259.0,,57116.0,,66375.0,84.50325,1395.95,572.025,18136.0,20503.0,562.0,2412.0,22198.0,96.16566666666667,,2365.0,,agregado_media,False,agregado_media,False,agregado_media,False,agregado_suma,False,agregado_suma,False,agregado_suma,False,agregado_suma,False,agregado_suma,False,agregado_media,False,agregado_suma,False,14.181391100066069,12.361840588310985,14.004536258349736,2.70805020110221,3.5553480614894135,8.433594167539924,11.332721664147275,7.879669914604289,6.511745329644728,11.236671179250749,9.133351330448047,,10.952839566550185,,11.10307575854424,4.436789995161964,7.241330466061976,6.349182696718412,9.805654192187365,9.928326495883047,6.331501849893691,7.788211557847076,10.007757473711925,4.5660723986124605,,7.768533300926033,0.015528646566567161,0.04319400651093375,0.01026296870405119,0.0,0.12136085700426724,0.15541987659618606,-0.004683065926169405,0.1411817921096432,0.05340704629993809,0.08147836024602206,0.03808516631733028,,0.052901658224412174,,0.05082160467927821,-0.01018425664581013,-0.1254148900432588,-0.09004785889738898,-0.31749084237813996,-0.2528306713218562,-0.5312560631577101,-1.772644830752256,-0.38209906215620393,0.019341151869483042,,-0.6523692301719182,
Región de Murcia,14,2010,2010-01-01,1453545.0,235701.0,1217843.0,17.0,30.0,4881.0,79539.0,2774.0,719.0,80430.0,9340.0,,57971.0,,67311.0,83.6285,1354.175,562.275,16338.0,17080.0,647.0,2201.0,12877.0,97.08091666666667,,1913.0,,agregado_media,False,agregado_media,False,agregado_media,False,agregado_suma,False,agregado_suma,False,agregado_suma,False,agregado_suma,False,agregado_suma,False,agregado_media,False,agregado_suma,False,14.189515958254146,12.370319331596598,14.012591819107886,2.833213344056216,3.4011973816621555,8.493105395887147,11.284002746391979,7.928045600874777,6.577861357721047,11.295142519898114,9.142061531222888,,10.967698164486874,,11.117078949527887,4.426384371085264,7.210947691797102,6.3319910540572355,9.701248961901815,9.745663467342562,6.472346294500901,7.696667081526462,9.463198053273784,4.5755448231981095,,7.556427969440253,0.00812485818807751,0.008478743285612822,0.008055560758149838,0.1251631429540061,-0.15415067982725805,0.059511228347222556,-0.04871891775529669,0.048375686270487606,0.06611602807631911,0.058471340647365366,0.00871020077484097,,0.014858597936688867,,0.014003190983647329,-0.010405624076699205,-0.030382774264873902,-0.017191642661176232,-0.10440523028555049,-0.18266302854048533,0.14084444460721013,-0.09154447632061391,-0.5445594204381408,0.009472424585649009,,-0.21210533148578037,
Región de Murcia,14,2011,2011-01-01,1459076.0,231009.0,1228067.0,17.0,30.0,5179.0,73426.0,3015.0,688.0,81737.0,9485.0,,57432.0,,66917.0,79.4015,1247.425,544.225,12208.0,10938.0,561.0,1208.0,3244.0,97.21983333333333,4.193896826385306,1612.0,,agregado_media,False,agregado_media,False,agregado_media,False,agregado_suma,False,agregado_suma,False,agregado_suma,False,agregado_suma,False,agregado_suma,False,agregado_media,False,agregado_suma,False,14.193313916621188,12.35021194978393,14.020951946461453,2.833213344056216,3.4011973816621555,8.552367266423891,11.204033375313541,8.011355109161286,6.5337888379333435,11.311262054707527,9.157466882369114,,10.95835691825632,,11.111208324448542,4.374517259762301,7.128836705577899,6.299362764287,9.409846753524238,9.299998243906717,6.329720905522696,7.0967213784947605,8.084562415235304,4.576974737290941,1.4336303318875094,7.385230923066573,0.003797958367041332,-0.020107381812668024,0.008360127353567393,0.0,0.0,0.059261870536744254,-0.07996937107843749,0.08330950828650963,-0.044072519787703435,0.016119534809412528,0.01540535114622621,,-0.0093412462305551,,-0.005870625079344549,-0.051867111322962955,-0.08211098621920332,-0.03262828977023524,-0.29140220837757624,-0.445665223435844,-0.14262538897820498,-0.5999457030317012,-1.3786356380384799,0.0014299140928315524,,-0.17119704637367938,
Región de Murcia,14,2012,2012-01-01,1461928.0,224882.0,1237046.0,20.0,28.0,5361.0,67409.0,3108.0,670.0,81329.0,9437.0,,57520.0,,66957.0,70.5355,1136.55,527.525,10041.0,11316.0,630.0,936.0,2984.0,95.85491666666667,4.076208016425408,2004.0,,agregado_media,False,agregado_media,False,agregado_media,False,agregado_suma,False,agregado_suma,False,agregado_suma,False,agregado_suma,False,agregado_suma,False,agregado_media,False,agregado_suma,False,14.195266670473139,12.323331099173025,14.028236837425332,2.995732273553991,3.332204510175204,8.586905803827538,11.118533819143178,8.041734711487537,6.507277712385012,11.306257935499344,9.152393412021333,,10.959887992394929,,11.111805901292295,4.25611612918072,7.035752637045492,6.268196257592121,9.214431989879436,9.333972932421458,6.4457198193855785,6.841615476477592,8.001019961323651,4.56283576360297,1.4051671485100334,7.602900462204755,0.001952753851950817,-0.026880850610904616,0.007284890963878965,0.1625189294977747,-0.06899287148695166,0.03453853740364643,-0.08549955617036353,0.030379602326251032,-0.026511125548331904,-0.005004119208182445,-0.005073470347781495,,0.001531074138609867,,0.0005975768437522788,-0.11840113058158153,-0.09308406853240658,-0.031166506694879637,-0.19541476364480204,0.03397468851474095,0.11599891386288252,-0.2551059020171689,-0.08354245391165271,-0.014138973687971124,-0.028463183377475998,0.217669539138182,
Región de Murcia,14,2013,2013-01-01,1462271.0,219770.0,1242501.0,19.0,27.0,5621.0,62506.0,3372.0,682.0,81638.0,9385.0,,56520.0,,65905.0,59.7385,1043.35,514.875,10533.0,9862.0,768.0,588.0,881.0,94.33041666666666,3.896103896103897,2257.0,,agregado_media,False,agregado_media,False,agregado_media,False,agregado_suma,False,agregado_suma,False,agregado_suma,False,agregado_suma,False,agregado_suma,False,agregado_media,False,agregado_suma,False,14.195501264631453,12.300336823920256,14.03263684178157,2.9444389791664403,3.295836866004329,8.634264863002075,11.043017831116789,8.123261319121745,6.525029657843462,11.310050118828507,9.14686794902061,,10.942349836798464,,11.095969590146566,4.0899767036679116,6.950191969179394,6.243924152756245,9.262268464836541,9.196444266784072,6.643789733147672,6.376726947898627,6.78105762593618,4.546803689769219,1.3599770528025175,7.721791776817535,0.000234594158314394,-0.02299427525276876,0.0044000043562384406,-0.05129329438755059,-0.03636764417087468,0.04735905917453742,-0.07551598802638892,0.08152660763420805,0.017751945458450713,0.003792183329162313,-0.005525463000722652,,-0.017538155596465543,,-0.015836311145728033,-0.16613942551280836,-0.0855606678660985,-0.02427210483587583,0.04783647495710497,-0.13752866563738664,0.19806991376209382,-0.4648885285789648,-1.2199623353874713,-0.016032073833750715,-0.045190095707515976,0.11889131461277991,
Región de Murcia,14,2014,2014-01-01,1462734.0,210626.0,1252108.0,20.0,28.0,5697.0,55088.0,3476.0,652.0,81119.0,9082.0,,55464.0,,64546.0,59.85075,996.6,530.075,9837.0,11009.0,797.0,563.0,1131.0,92.82275,3.8095238095238098,2484.0,,agregado_media,False,agregado_media,False,agregado_media,False,agregado_suma,False,agregado_suma,False,agregado_suma,False,agregado_suma,False,agregado_suma,False,agregado_media,False,agregado_suma,False,14.195817845289513,12.257839327851974,14.04033908890266,2.995732273553991,3.332204510175204,8.647694999480395,10.916687185578304,8.153637486385282,6.480044561926653,11.303672491332854,9.114049711657897,,10.923489440622326,,11.075133426887646,4.0918539632537865,6.9043494858473045,6.273018505968614,9.193906065512758,9.306468399070404,6.680854678790215,6.333279628139691,7.030857476116121,4.5306917606096615,1.3375041969504586,7.81762544305337,0.00031658065806006164,-0.04249749606828246,0.007702247121089911,0.05129329438755059,0.03636764417087468,0.01343013647831981,-0.12633064553848428,0.030376167263536757,-0.044985095916809215,-0.006377627495652405,-0.032818237362713276,,-0.01886039617613733,,-0.020836163258920237,0.0018772595858749241,-0.0458424833320894,0.029094353212369306,-0.06836239932378341,0.11002413228633223,0.037064945642542924,-0.04344731975893623,0.249799850179941,-0.016111929159557725,-0.022472855852058826,0.09583366623583434,
Región de Murcia,14,2015,2015-01-01,1465195.0,205658.0,1259537.0,31.0,19.0,5818.0,50484.0,3672.0,611.0,82009.0,9215.0,,53799.0,,63014.0,60.8455,988.325,529.825,11023.0,12788.0,1103.0,645.0,775.0,91.69966666666667,3.79746835443038,3122.0,,agregado_media,False,agregado_media,False,agregado_media,False,agregado_suma,False,agregado_suma,False,agregado_suma,False,agregado_suma,False,agregado_suma,False,agregado_media,False,agregado_suma,False,14.197498897377562,12.23396987394741,14.046254751080115,3.4339872044851463,2.9444389791664403,8.668711839055147,10.829411733378521,8.20849175174038,6.415096959171596,11.314584276321192,9.128587870103924,,10.893010158616534,,11.051112202908191,4.108337864357103,6.8960115910249655,6.272546763342638,9.307739277963316,9.456262510179732,7.005789019253503,6.4692503167957724,6.652863029353347,4.51851874421401,1.3343346221891796,8.046229101075378,0.0016810520880490287,-0.023869453904563187,0.005915662177454095,0.4382549309311554,-0.38776553100876354,0.02101683957475231,-0.08727545219978339,0.05485426535509852,-0.06494760275505751,0.010911784988337558,0.014538158446027794,,-0.03047928200579264,,-0.02402122397945483,0.016483901103316434,-0.008337894822338932,-0.00047174262597593497,0.11383321245055811,0.14979411110932794,0.3249343404632876,0.13597068865608186,-0.3779944467627736,-0.012173016395651715,-0.0031695747612789926,0.2286036580220081,
Región de Murcia,14,2016,2016-01-01,1468367.0,203148.0,1265219.0,31.0,20.0,5985.0,47763.0,3808.0,631.0,83599.0,9476.0,,51835.0,,61311.0,61.6955,981.95,562.225,11731.0,13638.0,1482.0,,696.0,91.838,3.8461538461538463,3651.0,18.56,agregado_media,False,agregado_media,False,agregado_media,False,agregado_suma,False,agregado_suma,False,agregado_suma,False,,False,agregado_suma,False,agregado_media,False,agregado_suma,False,14.199661456911805,12.22169005642525,14.050755787689425,3.4339872044851463,2.995732273553991,8.697011617992073,10.774006560164114,8.244859395911256,6.447305862541213,11.333786837278764,9.156517565278676,,10.855820875757212,,11.023714551176646,4.122210994702129,6.8895403905612325,6.331902125644549,9.369990189505721,9.520615293080597,7.301147805856032,,6.54534966033442,4.520026155330649,1.3470736479666094,8.202756381655638,0.002162559534243158,-0.012279817522159675,0.00450103660931056,0.0,0.05129329438755059,0.028299778936926145,-0.055405173214406744,0.036367644170875124,0.032208903369617126,0.01920256095757189,0.027929695174751856,,-0.03718928285932144,,-0.027397651731545736,0.013873130345025686,-0.006471200463733062,0.059355362301911185,0.06225091154240481,0.06435278290086544,0.2953587866025291,,-0.10751336901892738,0.0015074111166395454,0.012739025777429802,0.15652728058026,
Región de Murcia,14,2017,2017-01-01,1475275.0,201463.0,1273812.0,33.0,20.0,6336.0,44531.0,4046.0,660.0,85033.0,9661.0,,51143.0,,60804.0,62.43475,975.775,581.375,13185.0,15447.0,1826.0,,631.0,91.85816666666668,3.9215686274509807,4169.0,18.76,agregado_media,False,agregado_media,False,agregado_media,False,agregado_suma,False,agregado_suma,False,agregado_suma,False,,False,agregado_suma,False,agregado_media,False,agregado_suma,False,14.20435497105612,12.213361020679354,14.057524537506211,3.4965075614664802,2.995732273553991,8.754002933494261,10.703940854834315,8.305484017727691,6.492239835020471,11.35079469542275,9.17585244151751,,10.842380909619711,,11.01541085526391,4.134122011394761,6.88323202704944,6.365395987544261,9.486835098787386,9.64517008871425,7.509883061154913,,6.447305862541213,4.520245720791526,1.366491733823711,8.335431477880796,0.0046935141443142925,-0.008329035745896718,0.0067687498167856575,0.06252035698133396,0.0,0.056991315502187945,-0.0700657053297995,0.060624621816435464,0.044933972479258344,0.017007858143985644,0.019334876238833232,,-0.013439966137500647,,-0.008303695912735165,0.011911016692632614,-0.006308363511792869,0.0334938618997116,0.11684490928166547,0.12455479563365301,0.20873525529888148,,-0.09804379779320715,0.00021956546087675832,0.019418085857101586,0.13267509622515838,0.20000000000000284
Región de Murcia,14,2018,2018-01-01,1478718.0,200952.0,1277766.0,33.0,24.0,6857.0,43330.0,4656.0,806.0,88305.0,9823.0,,47118.0,,56941.0,64.5815,979.075,592.275,16437.0,18213.0,2171.0,2083.0,925.0,92.919,4.047046703296704,5084.0,19.53,agregado_media,False,agregado_media,False,agregado_media,False,agregado_suma,False,agregado_suma,False,agregado_suma,False,agregado_suma,False,agregado_suma,False,agregado_media,False,agregado_suma,False,14.206686054142025,12.210821352552378,14.060623798563475,3.4965075614664802,3.1780538303479458,8.833025307284364,10.676600514733956,8.445911989411274,6.692083742506628,11.388552010130471,9.19248185367487,,10.76041037260293,,10.949770923024142,4.167927992065652,6.886608248380681,6.383971054051754,9.707290170206525,9.809890903798543,7.682943169878292,7.641564441260972,6.829793737512425,4.531728145898539,1.3979874060536552,8.533853632309345,0.002331083085906016,-0.00253966812697648,0.003099261057263547,0.0,0.1823215567939549,0.07902237379010302,-0.02734034010035913,0.14042797168358234,0.19984390748615688,0.037757314707722145,0.01662941215736069,,-0.08197053701678136,,-0.06563993223976894,0.033805980670890357,0.0033762213312416023,0.018575066507493077,0.22045507141913845,0.16472081508429248,0.1730601087233783,,0.38248787497121217,0.011482425107012695,0.031495672229944205,0.19842215442854894,0.7699999999999996
Región de Murcia,14,2019,2019-01-01,1491312.0,206965.0,1284347.0,45.0,21.0,7278.0,42619.0,6215.0,884.0,93099.0,10155.0,,46649.0,,56804.0,67.522,990.95,613.75,16673.0,19296.0,2506.0,2030.0,876.0,93.587,4.338412084625934,5342.0,19.94,agregado_media,False,agregado_media,False,agregado_media,False,agregado_suma,False,agregado_suma,False,agregado_suma,False,agregado_suma,False,agregado_suma,False,agregado_media,False,agregado_suma,False,14.21516682738919,12.240304975825909,14.065760975942485,3.8066624897703196,3.044522437723423,8.892611378172106,10.66005544221451,8.734721003944811,6.784457062637643,11.441418722068912,9.225721474014485,,10.750406769818508,,10.947362024764903,4.212453470702093,6.898664078970357,6.41958767910873,9.721545923560459,9.867653099526912,7.826443135456014,7.615791072035833,6.775366090936392,4.538891484948703,1.4675084020437694,8.583355393669907,0.008480773247164564,0.02948362327353138,0.005137177379010538,0.3101549283038394,-0.13353139262452274,0.05958607088774137,-0.01654507251944537,0.2888090145335376,0.09237332013101529,0.0528667119384405,0.03323962033961436,,-0.010003602784422583,,-0.002408898259238512,0.04452547863644174,0.01205583058967541,0.03561662505697605,0.014255753353934253,0.05776219572836894,0.14349996557772204,-0.02577336922513851,-0.05442764657603316,0.007163339050164197,0.06952099599011419,0.0495017613605615,0.41000000000000014
Región de Murcia,14,2020,2020-01-01,1509077.0,218409.0,1290668.0,45.0,25.0,7832.0,43867.0,8503.0,952.0,99641.0,10377.0,,47167.0,,57544.0,69.59375,966.55,606.9,15021.0,16918.0,2237.0,1895.0,1736.0,94.50066666666666,4.444444444444445,4243.0,18.48,agregado_media,False,agregado_media,False,agregado_media,False,agregado_suma,False,agregado_suma,False,agregado_suma,False,agregado_suma,False,agregado_suma,False,agregado_media,False,agregado_suma,False,14.227008763618455,12.294124730795037,14.070670471767812,3.8066624897703196,3.2188758248682006,8.965973184210347,10.688917607960567,9.048174321385792,6.858565034791365,11.509329005455823,9.247347097605278,,10.761449774510156,,10.960305151547193,4.242674764457641,6.873733030367701,6.408364032841809,9.617204500998055,9.73613342286396,7.71289096149013,7.546974117516527,7.459338895220296,4.548606889148534,1.491654876777717,8.353025845202325,0.011841936229265215,0.05381975496912794,0.00490949582532707,0.0,0.17435338714477755,0.07336180603824083,0.028862165746057045,0.31345331744098104,0.07410797215372167,0.06791028338691163,0.021625623590793452,,0.011043004691648761,,0.012943126782289482,0.03022129375554794,-0.024931048602655714,-0.011223646266921072,-0.10434142256240442,-0.13151967666295228,-0.1135521739658838,-0.06881695451930625,0.6839728042839042,0.009715404199830857,0.024146474733947487,-0.2303295484675818,-1.4600000000000009
Región de Murcia,14,2021,2021-01-01,1518279.0,221052.0,1297227.0,47.0,31.0,7967.0,43220.0,9918.0,878.0,101933.0,,27439.0,,29619.0,57058.0,73.214,998.5,638.75,19785.0,23669.0,3038.0,3647.0,1714.0,95.29641666666666,4.615384615384616,5820.0,16.92,agregado_media,False,agregado_media,False,agregado_media,False,agregado_suma,False,agregado_suma,False,agregado_suma,False,agregado_suma,False,agregado_suma,False,agregado_media,False,agregado_suma,False,14.233088014515982,12.306153246940218,14.075739467259744,3.8501476017100584,3.4339872044851463,8.983063289380366,10.674058630060877,9.202106567049078,6.777646593635117,11.532071013692459,,10.219720638027066,,10.296171326279559,10.951823573329502,4.293386659510611,6.90625415285587,6.459513141517914,9.892679353819524,10.07192145404481,8.018954683155718,8.20166019080868,7.446585099157725,4.556992209393601,1.5293952047605641,8.669055540725484,0.006079250897526478,0.012028516145180745,0.005068995491932071,0.04348511193973881,0.2151113796169457,0.017090105170019854,-0.014858977899690373,0.15393224566328634,-0.08091844115624802,0.022742008236635414,,,,,-0.008481578217690355,0.050711895052970135,0.03252112248816896,0.051149108676105115,0.27547485282146944,0.33578803118085077,0.3060637216655877,0.6546860732921527,-0.012753796062570544,0.00838532024506744,0.03774032798284721,0.3160296955231594,-1.5599999999999987
Región de Murcia,14,2022,2022-01-01,1529658.0,223587.0,1306071.0,54.0,32.0,8112.0,42914.0,10058.0,979.0,104404.0,,27737.0,,29297.0,57034.0,78.80375000000001,1029.35,650.675,22694.0,25467.0,3178.0,2343.0,2452.0,95.78166666666667,4.838709677419355,7005.0,19.09,agregado_media,False,agregado_media,False,agregado_media,False,agregado_suma,False,agregado_suma,False,agregado_suma,False,agregado_suma,False,agregado_suma,False,agregado_media,False,agregado_suma,False,14.240554738970431,12.317555879038029,14.082533951812488,3.9889840465642745,3.4657359027997265,9.001099725830965,10.666953392005027,9.21612361673191,6.88653164253051,11.556023267872952,,10.230522540940477,,10.285240400684541,10.951402860214577,4.3669605845640085,6.936682814055318,6.4780102855999635,10.029855851350934,10.145138775406078,8.064007347096661,7.759187438507795,7.804659297056102,4.562071295751444,1.5766480896111095,8.854379458771108,0.007466724454449292,0.011402632097810894,0.006794484552743896,0.1388364448542161,0.03174869831458027,0.018036436450598714,-0.0071052380558498385,0.014017049682831129,0.10888504889539341,0.02395225418049307,,0.010801902913410544,,-0.010930925595017627,-0.0004207131149254195,0.0735739250533971,0.03042866119944776,0.018497144082049388,0.13717649753141004,0.0732173213612679,0.045052663940943205,-0.44247275230088423,0.358074197898377,0.005079086357842932,0.04725288485054535,0.18532391804562387,2.169999999999998
Región de Murcia,14,2023,2023-01-01,1551692.0,236766.0,1314926.0,67.0,43.0,8294.0,48137.0,11725.0,1101.0,107657.0,,29901.0,,29841.0,59742.0,80.62325,1057.4,668.625,21524.0,24016.0,3095.0,3740.0,2416.0,96.63083333333333,5.084745762711864,7258.0,23.84,agregado_media,False,agregado_media,False,agregado_media,False,agregado_suma,False,agregado_suma,False,agregado_suma,False,agregado_suma,False,agregado_suma,False,agregado_media,False,agregado_suma,False,14.25485650642253,12.374827590602157,14.089290948246315,4.204692619390966,3.7612001156935624,9.023287640806327,10.78180639115673,9.36947859331448,7.00397413672268,11.58670552622419,,10.305647203635566,,10.303638565820524,10.99779056961614,4.389787069454014,6.96356834380135,6.505223364851414,9.97692387060931,10.086475553873242,8.037543185118697,8.226840890408578,7.789868559054706,4.570897875934843,1.6262450307504817,8.889859587773016,0.014301767452099767,0.05727171156412858,0.0067569964338272115,0.2157085728266912,0.29546421289383584,0.022187914975361878,0.11485299915170266,0.1533549765825697,0.11744249419216946,0.030682258351237834,,0.07512466269508877,,0.01839816513598258,0.04638770940156256,0.022826484890005716,0.026885529746031978,0.027213079251450445,-0.052931980741623974,-0.05866322153283576,-0.026464161977964196,0.4676534519007829,-0.01479073800139652,0.008826580183399102,0.049596941139372186,0.03548012900190756,4.75
Región de Murcia,14,2024,2024-01-01,1568492.0,241494.0,1326998.0,64.0,51.0,8562.0,51089.0,12886.0,1175.0,108254.0,,29126.0,,30287.0,59413.0,87.47575,1106.875,680.075,23548.0,26809.0,3208.0,3138.0,2388.0,98.375,5.376344086021505,7755.0,23.63,agregado_media,False,agregado_media,False,agregado_media,False,agregado_suma,False,agregado_suma,False,agregado_suma,False,agregado_suma,False,agregado_suma,False,agregado_media,False,agregado_suma,False,14.265625206185454,12.394599907045633,14.098429806154204,4.1588830833596715,3.9318256327243257,9.055089086704891,10.841324488831267,9.463896729698588,7.069023426578259,11.592235596683201,,10.279386525042526,,10.318473856527929,10.992268336624281,4.471361612095247,7.009296008537098,6.522203086205851,10.066796170148152,10.196492931019254,8.073402968986406,8.051340933292979,7.778211474512493,4.588786706737567,1.6820086052689358,8.956093075610639,0.010768699762923717,0.019772316443475546,0.00913885790788882,-0.04580953603129423,0.17062551703076334,0.03180144589856404,0.05951809767453753,0.09441813638410856,0.06504928985557967,0.005530070459011327,,-0.026260678593040154,,0.014835290707404525,-0.005522232991857834,0.0815745426412331,0.04572766473574852,0.016979721354436705,0.08987229953884146,0.11001737714601134,0.03585978386770883,-0.17549995711559951,-0.011657084542212814,0.017888830802723632,0.05576357451845415,0.06623348783762317,-0.21000000000000085
Región de Murcia,14,2025,2025-01-01,1586989.0,252671.0,1334318.0,61.0,69.0,9181.0,55239.0,13473.0,1312.0,113524.0,,28669.0,,31143.0,59812.0,99.99974999999999,1209.65,696.175,27814.0,28697.0,3342.0,4308.0,2969.0,100.00008333333332,,7663.0,21.42,agregado_media,False,agregado_media,False,agregado_media,False,agregado_suma,False,agregado_suma,False,agregado_suma,False,agregado_suma,False,agregado_suma,False,agregado_media,False,agregado_suma,False,14.277349068167574,12.439843526205111,14.10393085785911,4.110873864173311,4.23410650459726,9.1248914101437,10.91942450453533,9.508442961755847,7.179307969504034,11.639769547294895,,10.26357167860395,,10.346344779861354,10.998961588703734,4.605167685984966,7.098086340549797,6.545601065511099,10.233294770038556,10.264547866667387,8.114324709155339,8.36822903827628,7.99598047476376,4.6051710193210775,,8.944158830970403,0.011723861982119388,0.0452436191594785,0.0055010517049058905,-0.04800921918636014,0.30228087187293395,0.06980232343880921,0.078100015704063,0.04454623205725916,0.11028454292577461,0.047533950611693854,,-0.015814846438575003,,0.02787092333342578,0.006693252079452705,0.1338060738897191,0.08879033201269859,0.023397979305248562,0.16649859989040472,0.06805493564813325,0.04092174016893324,0.3168881049833008,0.2177690002512671,0.016384312583510585,,-0.011934244640235292,-2.2099999999999973
Comunidad Foral de Navarra,15,2002,2002-01-01,557454.0,26120.0,531334.0,2.0,21.0,463.0,12627.0,1033.0,370.0,5790.0,768.0,,5047.0,,5815.0,,1215.925,249.9,,,,,,75.16541666666666,,,,,False,agregado_media,False,agregado_media,False,,False,,False,,False,,False,,False,agregado_media,False,,False,13.231135267701411,10.170456583390367,13.183146104368545,0.6931471805599453,3.044522437723423,6.137727054086234,9.44359265743868,6.940222469119639,5.91350300563827,8.663887570567042,6.643789733147672,,8.526549286340263,,8.668196064952765,,7.10326038299239,5.521060837840906,,,,,,4.319691240424596,,,,,,,,,,,,,,,,,,,,,,,,,,,,,
Comunidad Foral de Navarra,15,2003,2003-01-01,567888.0,34124.0,533764.0,2.0,25.0,601.0,16872.0,1147.0,493.0,7039.0,1138.0,,6808.0,,7946.0,,1313.55,255.35,,,,,,78.25633333333334,,,,,False,agregado_media,False,agregado_media,False,,False,,False,,False,,False,,False,agregado_media,False,,False,13.249679495161553,10.437756228028585,13.18770907268918,0.6931471805599453,3.2188758248682006,6.398594934535208,9.733410722158611,7.044905117129371,6.20050917404269,8.85922139360813,7.037027614686276,,8.82585367025321,,8.980423936374544,,7.180488674636343,5.542635153093653,,,,,,4.359989763312226,,,0.018544227460141727,0.26729964463821787,0.004562968320636074,0.0,0.17435338714477755,0.26086788044897347,0.2898180647199311,0.10468264800973248,0.28700616840442006,0.19533382304108926,0.39323788153860395,,0.299304383912947,,0.3122278714217792,,0.0772282916439524,0.02157431525274678,,,,,,0.04029852288763003,,,
Comunidad Foral de Navarra,15,2004,2004-01-01,576346.0,39992.0,536354.0,3.0,24.0,698.0,19719.0,1256.0,551.0,7961.0,1404.0,,8377.0,,9781.0,,1410.8,262.825,,,,,,81.56491666666666,,,,,False,agregado_media,False,agregado_media,False,,False,,False,,False,,False,,False,agregado_media,False,,False,13.264463453777783,10.596434713093407,13.19254966981449,1.0986122886681098,3.1780538303479458,6.548219102762372,9.889337916931686,7.135687347028144,6.311734809152915,8.982309899088579,7.247080584585756,,9.033245134153809,,9.188197007290492,,7.251912198361897,5.571488411461894,,,,,,4.401399226707693,,,0.014783958616229498,0.15867848506482218,0.004840597125308932,0.4054651081081645,-0.04082199452025481,0.14962416822716484,0.15592719477307426,0.09078222989877283,0.11122563511022499,0.12308850548044781,0.21005296989947997,,0.20739146390059915,,0.2077730709159482,,0.07142352372555383,0.028853258368241264,,,,,,0.041409463395466695,,,
Comunidad Foral de Navarra,15,2005,2005-01-01,584367.0,44284.0,540083.0,3.0,24.0,791.0,20478.0,1413.0,615.0,9120.0,1725.0,,10115.0,,11840.0,,1556.05,277.45,,,,,,83.65516666666667,,,,,False,agregado_media,False,agregado_media,False,,False,,False,,False,,False,,False,agregado_media,False,,False,13.27828448909181,10.698378716979358,13.199478110432956,1.0986122886681098,3.1780538303479458,6.673297967767654,9.927106418134763,7.253470382684528,6.421622267806518,9.118225083068378,7.45298232946546,,9.221774749601845,,9.379238908437996,,7.349905837898154,5.62564073677191,,,,,,4.426703190817327,,,0.013821035314027341,0.10194400388595071,0.006928440618466425,0.0,0.0,0.12507886500528187,0.037768501203077065,0.11778303565638382,0.10988745865360272,0.13591518397979918,0.20590174487970359,,0.18852961544803648,,0.19104190114750352,,0.0979936395362575,0.05415232531001557,,,,,,0.02530396410963398,,,
Comunidad Foral de Navarra,15,2006,2006-01-01,592146.0,48184.0,543962.0,4.0,31.0,923.0,20619.0,1544.0,623.0,10123.0,1913.0,,12405.0,,14318.0,,1663.5,286.4,,,,,,86.52175,,,,,False,agregado_media,False,agregado_media,False,,False,,False,,False,,False,,False,agregado_media,False,,False,13.291508505081651,10.782782294723557,13.206634670457072,1.3862943611198906,3.4339872044851463,6.827629234502852,9.933968259789715,7.342131730584722,6.434546518787453,9.222565341598752,7.556427969440253,,9.425854896125902,,9.56927276595613,,7.416679095458531,5.657389435086491,,,,,,4.460395827417521,,,0.013224015989841575,0.08440357774419915,0.007156560024116132,0.2876820724517808,0.2559333741372005,0.15433126673519748,0.006861841654952627,0.08866134790019409,0.012924250980935525,0.10434025853037454,0.10344563997479295,,0.20408014652405626,,0.1900338575181344,,0.066773257560377,0.031748698314580714,,,,,,0.03369263660019417,,,
Comunidad Foral de Navarra,15,2007,2007-01-01,602831.0,54015.0,548816.0,4.0,32.0,956.0,21731.0,1741.0,655.0,11435.0,2132.0,,15330.0,,17462.0,112.47575,1705.225,295.45,9592.0,,235.0,,,89.96466666666666,,226.0,,agregado_media,False,agregado_media,False,agregado_media,False,agregado_suma,False,,False,agregado_suma,False,,False,,False,agregado_media,False,agregado_suma,False,13.309392171087685,10.897017064751084,13.215518509487778,1.3862943611198906,3.4657359027997265,6.862757913051401,9.986495091519735,7.462214939768189,6.484635235635252,9.344434106456882,7.664815785285735,,9.63756697186586,,9.767782370370753,4.722737642853481,7.441452345820411,5.688499617791684,9.16868469670735,,5.459585514144159,,,4.4994170006530245,,5.420534999272286,0.01788366600603375,0.11423477002752769,0.008883839030705332,0.0,0.03174869831458027,0.035128678548549175,0.05252683173002026,0.12008320918346715,0.05008871684779859,0.12186876485812981,0.1083878158454823,,0.21171207573995865,,0.19850960441462284,,0.024773250361880272,0.031110182705193168,,,,,,0.03902117323550325,,,
Comunidad Foral de Navarra,15,2008,2008-01-01,616711.0,62694.0,554017.0,3.0,29.0,1098.0,23017.0,1987.0,697.0,13358.0,2454.0,,20050.0,,22504.0,109.81475,1748.475,295.375,6399.0,,207.0,3172.0,5811.0,92.39383333333333,,170.0,,agregado_media,False,agregado_media,False,agregado_media,False,agregado_suma,False,,False,agregado_suma,False,agregado_suma,False,agregado_suma,False,agregado_media,False,agregado_suma,False,13.332155797694192,11.046021028262166,13.224950651179196,1.0986122886681098,3.367295829986474,7.001245622069476,10.043988352323694,7.594381242551817,6.546785410760524,9.499870735285581,7.805474625270857,,9.905984432734716,,10.021448350169694,4.6987948552080985,7.466499258431525,5.6882457355070715,8.76389700713946,,5.332718793265369,8.06211758275474,8.667507952075105,4.526060237603765,,5.135798437050262,0.02276362660650655,0.14900396351108114,0.009432141691418039,-0.2876820724517808,-0.0984400728132524,0.13848770901807494,0.05749326080395889,0.13216630278362818,0.06215017512527243,0.15543662882869924,0.14065883998512163,,0.26841746086885543,,0.25366597979894046,-0.0239427876453826,0.02504691261111347,-0.00025388228461231677,-0.4047876895678897,,-0.12686672087879014,,,0.02664323695074078,,-0.28473656222202415,
Comunidad Foral de Navarra,15,2009,2009-01-01,627276.0,67836.0,559439.0,3.0,33.0,1394.0,23365.0,2230.0,714.0,15496.0,2641.0,,21960.0,,24601.0,98.8375,1635.725,283.15,5033.0,6722.0,288.0,1063.0,3894.0,93.4375,,263.0,,agregado_media,False,agregado_media,False,agregado_media,False,agregado_suma,False,agregado_suma,False,agregado_suma,False,agregado_suma,False,agregado_suma,False,agregado_media,False,agregado_suma,False,13.349141914146811,11.12484830646329,13.234689774874363,1.0986122886681098,3.4965075614664802,7.2399325913204695,10.058994455134526,7.709756864454165,6.570882962339584,9.648337205086833,7.878912912297133,,9.996977895623466,,10.110542371500753,4.593477087397045,7.39984141012396,5.645976792559814,8.52377150677636,8.81314100828505,5.662960480135946,6.968850378341948,8.267192185932146,4.537292763585006,,5.572154032177765,0.01698611645261927,0.07882727820112478,0.009739123695167606,0.0,0.1292117314800061,0.23868696925099364,0.015006102810831479,0.11537562190234762,0.024097551579060017,0.14846646980125122,0.07343828702627597,,0.09099346288875054,,0.08909402133105893,-0.10531776781105329,-0.06665784830756483,-0.04226894294725714,-0.2401255003631011,,0.3302416868705773,-1.0932672044127916,-0.4003157661429597,0.011232525981240471,,0.43635559512750266,
Comunidad Foral de Navarra,15,2010,2010-01-01,633017.0,67799.0,565218.0,2.0,27.0,1545.0,21398.0,2324.0,725.0,16883.0,2738.0,,22158.0,,24896.0,92.61625000000001,1547.275,280.17499999999995,5861.0,5887.0,211.0,1252.0,1738.0,92.94183333333334,,187.0,,agregado_media,False,agregado_media,False,agregado_media,False,agregado_suma,False,agregado_suma,False,agregado_suma,False,agregado_suma,False,agregado_suma,False,agregado_media,False,agregado_suma,False,13.358252557005818,11.124302724557179,13.244966776419158,0.6931471805599453,3.295836866004329,7.3427791893318455,9.971052738698551,7.751045117971802,6.586171654854675,9.734062477477194,7.914983005848394,,10.005953884080618,,10.122462426978117,4.528464612217396,7.34425059818808,5.635414407938091,8.676075516476429,8.68050180902826,5.351858133476067,7.132497551660044,7.460490305825338,4.53197384945037,,5.231108616854587,0.009110642859006646,-0.0005455819061115363,0.010277001544794828,-0.4054651081081645,-0.2006706954621511,0.10284659801137597,-0.08794171643597437,0.041288253517636875,0.015288692515090574,0.08572527239036098,0.03607009355126145,,0.008975988457152084,,0.011920055477364855,-0.06501247517964881,-0.05559081193587989,-0.010562384621723098,0.1523040097000692,-0.1326391992567899,-0.31110234665987946,0.16364717331809597,-0.8067018801068082,-0.005318914134635477,,-0.3410454153231779,
Comunidad Foral de Navarra,15,2011,2011-01-01,637099.0,66601.0,570498.0,0.0,19.0,1839.0,19381.0,2420.0,729.0,17395.0,2825.0,,21992.0,,24817.0,85.5075,1446.35,279.025,4496.0,5338.0,193.0,1515.0,1191.0,92.62441666666668,,169.0,,agregado_media,False,agregado_media,False,agregado_media,False,agregado_suma,False,agregado_suma,False,agregado_suma,False,agregado_suma,False,agregado_suma,False,agregado_media,False,agregado_suma,False,13.364680338491041,11.106474871430772,13.254264942581365,,2.9444389791664403,7.516977224604321,9.872048483700748,7.791522819150732,6.591673732008658,9.763938087586043,7.946263643580541,,9.998434029845082,,10.119284181187284,4.448604091393848,7.276798420456334,5.6313013835417784,8.410943391573527,8.58260632996447,5.262690188904886,7.323170717943469,7.0825485693553,4.528552785800648,,5.1298987149230735,0.006427781485223605,-0.017827853126407334,0.009298166162206911,,-0.35139788683788886,0.17419803527247524,-0.09900425499780319,0.040477701178930126,0.005502077153983542,0.029875610108849315,0.03128063773214684,,-0.007519854235535917,,-0.003178245790833145,-0.07986052082354878,-0.06745217773174605,-0.004113024396312781,-0.2651321249029017,-0.0978954790637907,-0.08916794457118105,0.19067316628342557,-0.3779417364700377,-0.003421063649722278,,-0.10120990193151336,
Comunidad Foral de Navarra,15,2012,2012-01-01,640023.0,64891.0,575133.0,0.0,22.0,2040.0,17601.0,2595.0,731.0,16965.0,2861.0,,22075.0,,24936.0,73.51474999999999,1379.125,267.525,3993.0,4451.0,200.0,888.0,1467.0,92.2925,,199.0,,agregado_media,False,agregado_media,False,agregado_media,False,agregado_suma,False,agregado_suma,False,agregado_suma,False,agregado_suma,False,agregado_suma,False,agregado_media,False,agregado_suma,False,13.369259392190118,11.080464218191493,13.262356597380588,,3.091042453358316,7.620705086838262,9.77571099759397,7.861341795599989,6.594413459749778,9.73890767721833,7.95892649305011,,10.00220102547216,,10.124067821447174,4.297486066357307,7.22920451908047,5.589213019913065,8.292298107063221,8.400884069015854,5.298317366548036,6.78897174299217,7.2909747781429814,4.524962881435899,,5.293304824724492,0.0045790536990768516,-0.02601065323927898,0.008091654799223136,,0.1466034741918758,0.10372786223394126,-0.09633748610677806,0.06981897644925716,0.0027397277411198573,-0.025030410367712363,0.012662849469569082,,0.0037669956270782734,,0.00478364025988931,-0.15111802503654026,-0.04759390137586372,-0.04208836362871349,-0.11864528451030587,-0.1817222609486162,0.03562717764315071,-0.5341989749512992,0.2084262087876816,-0.0035899043647491524,,0.1634061098014188,
Comunidad Foral de Navarra,15,2013,2013-01-01,639089.0,62145.0,576944.0,7.0,18.0,2188.0,15908.0,2652.0,685.0,16687.0,2827.0,,21173.0,,24000.0,65.16575,1396.0,258.125,3865.0,3383.0,142.0,479.0,886.0,90.40433333333334,,145.0,,agregado_media,False,agregado_media,False,agregado_media,False,agregado_suma,False,agregado_suma,False,agregado_suma,False,agregado_suma,False,agregado_suma,False,agregado_media,False,agregado_suma,False,13.367799003786292,11.037225643179612,13.26550048705405,1.9459101490553132,2.8903717578961645,7.690743163541872,9.67457740632758,7.883069351305753,6.529418838262226,9.722385252146903,7.946971357693591,,9.960482064055936,,10.085809109330082,4.176934024162213,7.241366283322318,5.5534439637152975,8.259716961021523,8.12651816878071,4.955827057601261,6.171700597410915,6.786716950605081,4.504292201352525,,4.976733742420574,-0.0014603884038262294,-0.04323857501188044,0.003143889673461686,,-0.20067069546215155,0.07003807670360995,-0.10113359126638954,0.021727555705764345,-0.06499462148755253,-0.016522425071427094,-0.011955135356519264,,-0.04171896141622433,,-0.03825871211709142,-0.12055204219509452,0.01216176424184745,-0.03576905619776749,-0.03258114604169826,-0.2743659002351446,-0.34249030894677546,-0.6172711455812552,-0.5042578275379004,-0.020670680083373583,,-0.31657108230391806,
Comunidad Foral de Navarra,15,2014,2014-01-01,637099.0,55180.0,581919.0,16.0,16.0,2134.0,11406.0,2398.0,637.0,15558.0,2666.0,,20349.0,,23015.0,60.941,1320.675,262.475,4386.0,4427.0,211.0,630.0,594.0,88.50733333333332,,224.0,,agregado_media,False,agregado_media,False,agregado_media,False,agregado_suma,False,agregado_suma,False,agregado_suma,False,agregado_suma,False,agregado_suma,False,agregado_media,False,agregado_suma,False,13.364680338491041,10.918355847771277,13.274086541770068,2.772588722239781,2.772588722239781,7.665753431861699,9.341894811716484,7.7823903355874595,6.456769655572163,9.652330254766719,7.888334500738654,,9.920787049614189,,10.043901456251342,4.109906183006124,7.185898248514952,5.570155839401005,8.386172928977834,8.395477432732141,5.351858133476067,6.4457198193855785,6.386879319362645,4.483085411104515,,5.4116460518550396,-0.003118665295250622,-0.11886979540833487,0.0085860547160177,0.8266785731844679,-0.11778303565638337,-0.024989731680173044,-0.3326825946110965,-0.10067901571829374,-0.07264918269006237,-0.0700549973801845,-0.058636856954937144,,-0.03969501444174739,,-0.04190765307873967,-0.06702784115608917,-0.05546803480736617,0.016711875685707867,0.12645596795631064,0.268959263951432,0.3960310758748058,0.27401922197466355,-0.3998376312424359,-0.02120679024801042,,0.43491230943446535,
Comunidad Foral de Navarra,15,2015,2015-01-01,637317.0,52468.0,584849.0,34.0,13.0,2164.0,9786.0,2330.0,615.0,15012.0,2663.0,,19851.0,,22514.0,61.312,,264.275,4286.0,4533.0,307.0,1071.0,570.0,87.83641666666666,,317.0,,agregado_media,False,,False,agregado_media,False,agregado_suma,False,agregado_suma,False,agregado_suma,False,agregado_suma,False,agregado_suma,False,agregado_media,False,agregado_suma,False,13.365022455981919,10.867958738935036,13.27910897323726,3.5263605246161616,2.5649493574615367,7.679713639966372,9.188708071849069,7.753623546559746,6.421622267806518,9.616605160254911,7.887208585813932,,9.89600966268017,,10.02189261691475,4.115975582348395,,5.5769902276547265,8.363109176033522,8.41913925094085,5.726847747587197,6.976348070447749,6.345636360828596,4.47547618306149,,5.75890177387728,0.0003421174908773139,-0.0503971088362416,0.005022431467192945,0.7537718023763804,-0.2076393647782444,0.013960208104673022,-0.15318673986741516,-0.028766789027713457,-0.03514738776564563,-0.0357250945118075,-0.0011259149247218048,,-0.02477738693401932,,-0.0220088393365927,0.006069399342271353,,0.00683438825372118,-0.023063752944311844,0.023661818208708496,0.3749896141111302,0.5306282510621703,-0.04124295853404902,-0.007609228043024885,,0.34725572202224075,
Comunidad Foral de Navarra,15,2016,2016-01-01,638922.0,52690.0,586232.0,44.0,14.0,2251.0,9356.0,2460.0,640.0,15397.0,2771.0,,19757.0,,22528.0,62.33975,,267.475,4631.0,4946.0,392.0,,527.0,87.91416666666666,,402.0,3.24,agregado_media,False,,False,agregado_media,False,agregado_suma,False,agregado_suma,False,agregado_suma,False,,False,agregado_suma,False,agregado_media,False,agregado_suma,False,13.367537660181345,10.87218096320333,13.281470894646526,3.784189633918261,2.6390573296152584,7.719129840906732,9.143773127704069,7.807916628926408,6.461468176353717,9.641927964229918,7.9269635448629785,,9.891263137913406,,10.022514258957768,4.1325992640648685,,5.58902610402467,8.440528106480752,8.506334448081361,5.971261839790462,,6.267200548541362,4.476360959698898,,5.996452088619021,0.00251520419942608,0.004222224268294994,0.0023619214092658325,0.25782910930209946,0.07410797215372167,0.03941620094036047,-0.04493494414499999,0.054293082366662304,0.039845908547199826,0.025322803975006636,0.03975495904904669,,-0.004746524766764182,,0.000621642043018511,0.01662368171647355,,0.012035876369943743,0.07741893044723014,0.08719519714051138,0.24441409220326538,,-0.07843581228723373,0.0008847766374078248,,0.23755031474174082,
Comunidad Foral de Navarra,15,2017,2017-01-01,642075.0,52889.0,589186.0,53.0,13.0,2361.0,9010.0,2593.0,643.0,15628.0,2782.0,,19806.0,,22588.0,63.72475,,278.725,5145.0,6040.0,564.0,,1078.0,88.24033333333334,,559.0,4.77,agregado_media,False,,False,agregado_media,False,agregado_suma,False,agregado_suma,False,agregado_suma,False,,False,agregado_suma,False,agregado_media,False,agregado_suma,False,13.372460398278797,10.875950656715467,13.286497202256406,3.970291913552122,2.5649493574615367,7.766840537085513,9.106090350602384,7.860570785538664,6.466144724237619,9.656819456174961,7.930925372483388,,9.893740201081249,,10.025174070792728,4.154573027147383,,5.6302256326536355,8.545780648268149,8.706159290928861,6.335054251498059,,6.982862751468942,4.480064152514419,,6.326149473155099,0.0049227380974521395,0.0037696935121367403,0.0050263076098797654,0.18610227963386095,-0.07410797215372167,0.047710696178780765,-0.03768277710168455,0.05265415661225603,0.004676547883901705,0.014891491945043356,0.0039618276204098635,,0.002477063167843241,,0.002659811834959669,0.02197376308251453,,0.041199528628965254,0.10525254178739729,0.1998248428474998,0.363792411707597,,0.7156622029275796,0.003703192815521561,,0.329697384536078,1.5299999999999994
Comunidad Foral de Navarra,15,2018,2018-01-01,646340.0,57122.0,589218.0,61.0,15.0,2563.0,10334.0,3181.0,734.0,17118.0,2978.0,,20138.0,,23116.0,65.9455,,282.175,6102.0,7156.0,612.0,3114.0,1003.0,89.26633333333334,,642.0,4.87,agregado_media,False,,False,agregado_media,False,agregado_suma,False,agregado_suma,False,agregado_suma,False,agregado_suma,False,agregado_suma,False,agregado_media,False,agregado_suma,False,13.379080960098637,10.952944610406092,13.286551513002141,4.110873864173311,2.70805020110221,7.848933726364071,9.24319470884713,8.064950891749143,6.598509028614515,9.747885820441555,7.999007213243955,,9.910363856475561,,10.04828029743767,4.188828643325077,,5.64252744584169,8.716371865276615,8.87570644462861,6.416732282512326,8.043663352393944,6.910750787961936,4.491624410452043,,6.464588303689961,0.006620561819840276,0.076993953690625,5.431074573536421e-05,0.1405819506211894,0.14310084364067333,0.08209318927855769,0.13710435824474487,0.20438010621047908,0.13236430437689606,0.09106636426659342,0.06808184076056634,,0.01662365539431221,,0.02310622664494133,0.03425561617769368,,0.012301813188054567,0.17059121700846624,0.1695471536997495,0.08167803101426685,,-0.07211196350700622,0.011560257937623497,,0.13843883053486206,0.10000000000000053
Comunidad Foral de Navarra,15,2019,2019-01-01,652797.0,62506.0,590291.0,84.0,19.0,2826.0,12201.0,3900.0,821.0,18818.0,3115.0,,20722.0,,23837.0,68.43275,1434.2,288.875,5711.0,6521.0,580.0,2690.0,1466.0,90.89483333333334,,695.0,5.7,agregado_media,False,agregado_media,False,agregado_media,False,agregado_suma,False,agregado_suma,False,agregado_suma,False,agregado_suma,False,agregado_suma,False,agregado_media,False,agregado_suma,False,13.38902148703324,11.043017831116789,13.288370914627714,4.430816798843313,2.9444389791664403,7.946617563244473,9.409273194575334,8.268731832117737,6.710523109452428,9.842569137566711,8.043984431221553,,9.938951216811697,,10.078994274334729,4.225851511209391,7.268362481448475,5.665994068594545,8.650149418664864,8.782783017393202,6.363028103540465,7.897296472595885,7.290292882446597,4.5097031605508,,6.543911845564792,0.0099405269346029,0.09007322071069623,0.001819401625573036,0.319942934670002,0.2363887780642302,0.09768383688040227,0.16607848572820494,0.20378094036859373,0.11201408083791264,0.09468331712515621,0.044977217977598016,,0.02858736033613596,,0.03071397689705968,0.03702286788431408,,0.023466622752854605,-0.0662224466117518,-0.0929234272354087,-0.05370417897186108,-0.14636687979805885,0.3795420944846608,0.018078750098757368,,0.07932354187483082,0.8300000000000001
Comunidad Foral de Navarra,15,2020,2020-01-01,659907.0,68911.0,590996.0,105.0,28.0,3093.0,14856.0,4818.0,847.0,20778.0,3240.0,,21146.0,,24386.0,69.58375000000001,1408.7,278.4,4921.0,6364.0,506.0,1961.0,1498.0,92.54341666666666,,613.0,5.63,agregado_media,False,agregado_media,False,agregado_media,False,agregado_suma,False,agregado_suma,False,agregado_suma,False,agregado_suma,False,agregado_suma,False,agregado_media,False,agregado_suma,False,13.39985419498308,11.140571095927864,13.289564528175822,4.653960350157523,3.332204510175204,8.03689677268507,9.606159103032542,8.480114183174816,6.741700694652055,9.941650013630477,8.083328608786376,,9.959206041292472,,10.10176447612021,4.2425310630688795,7.250422572266261,5.629058928460265,8.501267040865978,8.758412389457677,6.226536669287466,7.581209826196346,7.311886164077165,4.527677903768403,,6.418364935936212,0.010832707949839815,0.09755326481107573,0.0011936135481072085,0.2231435513142097,0.38776553100876354,0.09027920944059709,0.1968859084572081,0.21138235105707892,0.03117758519962699,0.09908087606376625,0.03934417756482311,,0.020254824480774758,,0.022770201785480282,0.01667955185948866,-0.01793990918221322,-0.0369351401342799,-0.1488823777988859,-0.024370627935525135,-0.13649143425299926,-0.31608664639953865,0.02159328163056795,0.01797474321760273,,-0.1255469096285804,-0.07000000000000028
Comunidad Foral de Navarra,15,2021,2021-01-01,662032.0,71363.0,590669.0,110.0,23.0,3191.0,15737.0,5198.0,819.0,21875.0,,3692.0,,20718.0,24410.0,71.54425,1428.675,285.85,6549.0,8025.0,710.0,2494.0,2185.0,93.34341666666667,5.85,816.0,5.59,agregado_media,False,agregado_media,False,agregado_media,False,agregado_suma,False,agregado_suma,False,agregado_suma,False,agregado_suma,False,agregado_suma,False,agregado_media,False,agregado_suma,False,13.403069172119464,11.175534806728963,13.28901107180985,4.700480365792417,3.1354942159291497,8.068089626278244,9.663769906600864,8.556029215201436,6.70808408385307,9.993099711225815,,8.213923595622743,,9.938758166618047,10.102748163387005,4.2703161393909,7.264502720292872,5.655467197709981,8.787067645218054,8.990316947998217,6.565264970035361,7.821643126239982,7.68937110752969,4.536285344379988,1.766441661243765,6.704414354964107,0.0032149771363840784,0.03496371080109917,-0.0005534563659708169,0.0465200156348935,-0.19671029424605413,0.031192853593173808,0.0576108035683216,0.07591503202661976,-0.033616610798985036,0.051449697595337796,,,,,0.000983687266796096,0.02778507632202043,0.014080148026610395,0.026408269249715843,0.285800604352076,0.23190455854054015,0.3387283007478956,0.2404333000436356,0.3774849434525258,0.008607440611585027,,0.28604941902789527,-0.040000000000000036
Comunidad Foral de Navarra,15,2022,2022-01-01,664514.0,73416.0,591098.0,146.0,17.0,3431.0,16725.0,5401.0,872.0,22739.0,,3657.0,,20428.0,24085.0,76.73375,1519.8,295.55,6799.0,8035.0,780.0,2405.0,1814.0,94.56541666666666,6.18,910.0,6.55,agregado_media,False,agregado_media,False,agregado_media,False,agregado_suma,False,agregado_suma,False,agregado_suma,False,agregado_suma,False,agregado_suma,False,agregado_media,False,agregado_suma,False,13.406811225386036,11.203897174498849,13.28973710328449,4.983606621708336,2.833213344056216,8.14060704285845,9.724659884996429,8.594339400592892,6.77078942390898,10.03183679096379,,8.204398418149381,,9.924661787767535,10.089344519064321,4.340341637665746,7.326334026235685,5.6888380272703785,8.82453082152646,8.991562278171614,6.659293919683638,7.785305182539862,7.503289630675082,4.5492918348711076,1.8213182714695995,6.813444599510896,0.0037420532665723982,0.02836236776988521,0.0007260314746400098,0.2831262559159198,-0.3022808718729335,0.07251741658020627,0.06088997839556498,0.03831018539145603,0.06270534005590989,0.03873707973797558,,-0.009525177473362234,,-0.014096378850512181,-0.013403644322684372,0.0700254982748465,0.06183130594281305,0.03337082956039783,0.03746317630840679,0.001245330173397008,0.09402894964827624,-0.036337943700120334,-0.18608147685460885,0.013006490491119571,0.054876610225834455,0.10903024454678878,0.96
Comunidad Foral de Navarra,15,2023,2023-01-01,672155.0,80941.0,591214.0,146.0,22.0,3681.0,20848.0,6063.0,1053.0,23846.0,,4806.0,,20476.0,25282.0,81.279,1579.0,298.725,6322.0,7557.0,662.0,1626.0,2438.0,96.5495,6.59,796.0,5.91,agregado_media,False,agregado_media,False,agregado_media,False,agregado_suma,False,agregado_suma,False,agregado_suma,False,agregado_suma,False,agregado_suma,False,agregado_media,False,agregado_suma,False,13.418244247670472,11.301475773184276,13.289933328985274,4.983606621708336,3.091042453358316,8.210939733379021,9.945013299364627,8.70996000607173,6.959398512133975,10.079371767366077,,8.477620416296414,,9.927008747577474,10.137847959055502,4.397887680604881,7.364547014255642,5.699523417735818,8.751790892775563,8.93022956502072,6.495265555937008,7.3938782901077555,7.798933310041217,4.57005583019721,1.8855533485144158,6.679599185844383,0.011433022284435879,0.09757859868542695,0.00019622570078325907,0.0,0.2578291093020999,0.070332690520571,0.22035341436819778,0.11562060547883846,0.18860908822499578,0.04753497640228588,,0.27322199814703296,,0.002346959809939264,0.04850343999118145,0.057546042939134345,0.038212988019957095,0.010685390465439148,-0.07273992875089696,-0.06133271315089317,-0.16402836374662932,-0.39142689243210604,0.295643679366135,0.02076399532610207,0.06423507704481635,-0.1338454136665126,-0.6399999999999997
Comunidad Foral de Navarra,15,2024,2024-01-01,678333.0,85891.0,592442.0,166.0,25.0,3912.0,24105.0,6374.0,1049.0,25146.0,,4731.0,,20383.0,25114.0,89.73575,1654.625,312.525,7337.0,7438.0,690.0,2234.0,1620.0,98.04041666666666,6.86,864.0,5.22,agregado_media,False,agregado_media,False,agregado_media,False,agregado_suma,False,agregado_suma,False,agregado_suma,False,agregado_suma,False,agregado_suma,False,agregado_media,False,agregado_suma,False,13.427393596790111,11.360834329491423,13.292008256904497,5.111987788356544,3.2188758248682006,8.271804031154709,10.090174566839723,8.759982494977281,6.955592608396297,10.132454117153127,,8.461891875631148,,9.922456499083731,10.13118073854891,4.496869240389144,7.411329676033935,5.7446844659766265,8.900685318713995,8.914357274485015,6.536691597591305,7.711548979629146,7.3901814282264295,4.585379808616881,1.925707441737794,6.761572768804055,0.009149349119638828,0.05935855630714748,0.002074927919222702,0.1283811666482073,0.1278333715098845,0.06086429777568725,0.14516126747509617,0.050022488905550944,-0.0038059037376783067,0.05308234978705073,,-0.01572854066526652,,-0.0045522484937432495,-0.0066672205065927415,0.0989815597842636,0.04678266177829293,0.04516104824080891,0.1488944259384315,-0.015872290535705602,0.04142604165429642,0.31767068952139077,-0.40875188181478705,0.015323978419671036,0.04015409322337815,0.08197358295967216,-0.6900000000000004
Comunidad Foral de Navarra,15,2025,2025-01-01,683854.0,90049.0,593805.0,184.0,26.0,4142.0,26537.0,6464.0,1076.0,27089.0,,4409.0,,20122.0,24531.0,99.99975,1789.875,315.675,7480.0,8086.0,722.0,1765.0,1746.0,100.0,,838.0,5.89,agregado_media,False,agregado_media,False,agregado_media,False,agregado_suma,False,agregado_suma,False,agregado_suma,False,agregado_suma,False,agregado_suma,False,agregado_media,False,agregado_suma,False,13.435499723528533,11.408109245600743,13.294306261619896,5.214935757608986,3.258096538021482,8.328934041955529,10.186295264571648,8.774003600200931,6.98100574072173,10.2068830204074,,8.391403185357937,,9.909569022851995,10.107692902830086,4.605167685984966,7.4899010639941705,5.754713203324744,8.919988070968524,8.997889450200717,6.582025138892826,7.475905969367397,7.465082736399547,4.605170185988092,,6.731018100482083,0.008106126738422148,0.047274916109319776,0.0022980047153993155,0.1029479692524422,0.03922071315328157,0.057130010800820585,0.09612069773192466,0.014021105223649855,0.02541313232543274,0.07442890325427243,,-0.07048869027321025,,-0.012887476231735917,-0.02348783571882329,0.10829844559582202,0.07857138796023566,0.010028737348117822,0.0193027522545286,0.08353217571570148,0.04533354130152123,-0.23564301026174928,0.0749013081731178,0.019790377371211143,,-0.0305546683219724,0.6699999999999999
País Vasco,16,2002,2002-01-01,2082911.0,33829.0,2049082.0,1.0,80.0,1575.0,13061.0,1801.0,993.0,6191.0,862.0,,9263.0,,10125.0,,1853.0,897.65,,,,,,66.147,,,,,False,agregado_media,False,agregado_media,False,,False,,False,,False,,False,,False,agregado_media,False,,False,14.549276992493997,10.429073701775343,14.532902445941994,0.0,4.382026634673881,7.362010551259734,9.47738596957752,7.496097345175956,6.900730664045173,8.730851903519232,6.759255270663693,,9.133783249254028,,9.22276289197474,,7.52456122628536,6.7997802373168375,,,,,,4.1918795380586324,,,,,,,,,,,,,,,,,,,,,,,,,,,,,
País Vasco,16,2003,2003-01-01,2092640.0,47165.0,2045475.0,6.0,87.0,2251.0,19226.0,2109.0,1129.0,8987.0,1325.0,,12044.0,,13369.0,,2079.75,919.925,,,,,,69.41533333333334,,,,,False,agregado_media,False,agregado_media,False,,False,,False,,False,,False,,False,agregado_media,False,,False,14.553936984722979,10.761407371083953,14.531140594326278,1.791759469228055,4.465908118654584,7.719129840906732,9.864018808625762,7.653969180478774,7.029087564149662,9.103534367658373,7.1891677384203225,,9.396321889601625,,9.500693872983122,,7.640002973163997,6.824292144980878,,,,,,4.2401077845112995,,,0.004659992228981835,0.3323336693086105,-0.0017618516157167363,1.791759469228055,0.0838814839807025,0.3571192896469988,0.3866328390482412,0.15787183530281812,0.12835690010448886,0.37268246413914063,0.4299124677566297,,0.26253864034759644,,0.27793098100838165,,0.11544174687863773,0.024511907664040322,,,,,,0.0482282464526671,,,
País Vasco,16,2004,2004-01-01,2103103.0,60747.0,2042356.0,9.0,96.0,3029.0,25133.0,2421.0,1270.0,11921.0,1784.0,,15084.0,,16868.0,,2261.25,932.0,,17890.0,,,,72.2245,,,,,False,agregado_media,False,agregado_media,False,,False,agregado_suma,False,,False,,False,,False,agregado_media,False,,False,14.558924431136445,11.01447297726738,14.529614601394938,2.1972245773362196,4.564348191467836,8.015987811027237,10.13193700264052,7.791935956938058,7.146772179452637,9.386056829718001,7.486613313139955,,9.621389858378247,,9.73317361486645,,7.723673036709505,6.837332814685591,,9.791997176502765,,,,4.279779323517675,,,0.004987446413466046,0.25306560618342644,-0.0015259929313398146,0.4054651081081646,0.0984400728132524,0.29685797012050497,0.2679181940147579,0.137966776459284,0.11768461530297536,0.28252246205962805,0.2974455747196325,,0.2250679687766226,,0.23247974188332776,,0.08367006354550721,0.013040669704713181,,,,,,0.03967153900637577,,,
País Vasco,16,2005,2005-01-01,2115262.0,75266.0,2039996.0,11.0,106.0,4120.0,30998.0,2790.0,1385.0,14764.0,2203.0,,18888.0,,21091.0,,2513.5,968.85,,21977.0,,,,75.337,,,,,False,agregado_media,False,agregado_media,False,,False,agregado_suma,False,,False,,False,,False,agregado_media,False,,False,14.564689239858943,11.228783784594436,14.528458405034163,2.3978952727983707,4.663439094112067,8.323608442343572,10.341677965256997,7.933796874815411,7.233455418621439,9.59994706414989,7.697575346802343,,9.846282078765348,,9.956601688185614,,7.82943148313263,6.876109801146591,,9.997751730926211,,,,4.321971381986077,,,0.0057648087224979605,0.2143108073270561,-0.0011561963607746861,0.2006706954621511,0.09909090264423082,0.3076206313163343,0.20974096261647723,0.1418609178773531,0.08668323916880194,0.21389023443188826,0.21096203366238786,,0.2248922203871011,,0.22342807331916426,,0.10575844642312582,0.03877698646100036,,0.20575455442344648,,,,0.04219205846840168,,,
País Vasco,16,2006,2006-01-01,2127670.0,90086.0,2037584.0,13.0,99.0,5121.0,37012.0,3206.0,1456.0,17371.0,2579.0,,23230.0,,25809.0,,2777.225,993.5,,24827.0,,,,79.71291666666667,,,,,False,agregado_media,False,agregado_media,False,,False,agregado_suma,False,,False,,False,,False,agregado_media,False,,False,14.570538042230302,11.408520048615374,14.527275350241212,2.5649493574615367,4.59511985013459,8.54110501146255,10.51899746336892,8.072779333169498,7.283448228756631,9.762557428101923,7.8551570058813445,,10.053199825764455,,10.158478547289457,,7.929207506710991,6.901234061991872,,10.119687049615907,,,,4.378431638746019,,,0.005848802371358985,0.17973626402093856,-0.0011830547929516655,0.16705408466316607,-0.06831924397747713,0.2174965691189783,0.17731949811192393,0.13898245835408662,0.0499928101351923,0.16261036395203377,0.15758165907900157,,0.2069177469991068,,0.20187685910384268,,0.0997760235783609,0.02512426084528041,,0.12193531868969565,,,,0.05646025675994171,,,
País Vasco,16,2007,2007-01-01,2142601.0,106254.0,2036347.0,18.0,107.0,5973.0,43685.0,4054.0,1487.0,20225.0,2936.0,,27768.0,,30704.0,98.156,2933.225,1001.125,26140.0,26573.0,384.0,,,82.53200000000001,,361.0,,agregado_media,False,agregado_media,False,agregado_media,False,agregado_suma,False,agregado_suma,False,agregado_suma,False,,False,,False,agregado_media,False,agregado_suma,False,14.57753106953316,11.573587733136854,14.526668074350669,2.8903717578961645,4.672828834461906,8.695004592732307,10.684760072732194,8.307459327011946,7.304515946460155,9.914674741926692,7.984803389734406,,10.231639557541623,,10.33214821824748,4.58655804977611,7.98385777929801,6.908879646643847,10.171221987178212,10.187650941676283,5.950642552587727,,,4.413186096922984,,5.8888779583328805,0.0069930273028582235,0.16506768452148002,-0.0006072758905428799,0.3254224004346278,0.07770898432731599,0.15389958126975678,0.16576260936327358,0.2346799938424482,0.02106771770352367,0.15211731382476934,0.1296463838530615,,0.17843973177716776,,0.17366967095802366,,0.05465027258701838,0.007645584651974957,,0.06796389206037645,,,,0.03475445817696521,,,
País Vasco,16,2008,2008-01-01,2159427.0,125126.0,2034300.0,18.0,111.0,7071.0,50288.0,5322.0,1610.0,24034.0,3482.0,,33189.0,,36671.0,94.65825,2995.9,1010.2,19167.0,21122.0,294.0,6202.0,9083.0,85.88816666666666,,255.0,,agregado_media,False,agregado_media,False,agregado_media,False,agregado_suma,False,agregado_suma,False,agregado_suma,False,agregado_suma,False,agregado_suma,False,agregado_media,False,agregado_suma,False,14.585353466690197,11.737076508593578,14.525662337340043,2.8903717578961645,4.709530201312334,8.863757191604241,10.825521759037349,8.579604451537634,7.383989457978509,10.087224773471245,8.155362120328135,,10.40997377470302,,10.509741530941705,4.550273037089801,8.004999966242941,6.917903610033952,9.860945329270454,9.95807043030642,5.683579767338681,8.732627099660395,9.114159813502214,4.453046062418953,,5.541263545158426,0.007822397157037031,0.1634887754567238,-0.0010057370106260066,0.0,0.03670136685042813,0.16875259887193472,0.1407616863051544,0.2721451245256876,0.07947351151835402,0.17255003154455295,0.17055873059372928,,0.17833421716139775,,0.17759331269422418,-0.03628501268630835,0.02114218694493175,0.009023963390105472,-0.3102766579077585,-0.22958051136986413,-0.2670627852490455,,,0.03985996549596926,,-0.34761441317445474,
País Vasco,16,2009,2009-01-01,2174080.0,139112.0,2034968.0,22.0,112.0,8114.0,54381.0,6536.0,1707.0,28759.0,3854.0,,35627.0,,39481.0,84.9275,2782.25,951.9,15316.0,17724.0,695.0,3855.0,8782.0,88.57191666666667,,704.0,,agregado_media,False,agregado_media,False,agregado_media,False,agregado_suma,False,agregado_suma,False,agregado_suma,False,agregado_suma,False,agregado_suma,False,agregado_media,False,agregado_suma,False,14.592116144514302,11.843034643061905,14.525990651919471,3.091042453358316,4.718498871295094,9.001346243766392,10.90377010713103,8.785080636539838,7.442492722794441,10.26670604071587,8.256866848974312,,10.480859056346018,,10.583574822507286,4.441797951352547,7.931015231853534,6.85845998725726,9.636653312597184,9.782674932319381,6.543911845564792,8.25712628599743,9.080459451121662,4.483814839721328,,6.556778356158042,0.006762677824104557,0.10595813446832736,0.00032831457942883446,0.20067069546215155,0.008968669982760247,0.13758905216215034,0.07824834809368042,0.20547618500220466,0.05850326481593182,0.17948126724462554,0.10150472864617655,,0.07088528164299746,,0.07383329156558105,-0.10847508573725406,-0.07398473438940734,-0.05944362277669235,-0.22429201667326915,-0.17539549798703824,0.8603320782261106,-0.4755008136629648,-0.03370036238055185,0.030768777302374595,,1.0155148109996164,
País Vasco,16,2010,2010-01-01,2179532.0,142992.0,2036540.0,17.0,110.0,8805.0,53860.0,7367.0,1695.0,31803.0,3994.0,,35340.0,,39334.0,83.5435,2660.325,962.1,19216.0,23324.0,695.0,2572.0,6409.0,89.20725,,713.0,,agregado_media,False,agregado_media,False,agregado_media,False,agregado_suma,False,agregado_suma,False,agregado_suma,False,agregado_suma,False,agregado_suma,False,agregado_media,False,agregado_suma,False,14.594620732819376,11.870543963621174,14.526762847419572,2.833213344056216,4.700480365792417,9.083075020930307,10.89414336636559,8.904765846682814,7.43543801981455,10.367315903941208,8.29254851397576,,10.472770745873687,,10.5798445637886,4.42536745428909,7.886203574763449,6.869118395367219,9.863498544319764,10.057238152342046,6.543911845564792,7.85243908535751,8.765458531504226,4.490962314309989,,6.569481420414296,0.0025045883050740514,0.027509320559268247,0.0007721955001009917,-0.2578291093020999,-0.018018505502677584,0.08172877716391547,-0.009626740765439123,0.1196852101429755,-0.007054702979890415,0.10060986322533694,0.03568166500144798,,-0.008088310472331273,,-0.0037302587186864855,-0.016430497063456784,-0.04481165709008472,0.010658408109959439,0.22684523172257975,0.27456322002266553,0.0,-0.4046872006399198,-0.3150009196174359,0.007147474588661495,,0.012703064256253782,
País Vasco,16,2011,2011-01-01,2183134.0,143935.0,2039199.0,17.0,110.0,9917.0,51610.0,8390.0,1657.0,33495.0,4119.0,,34621.0,,38740.0,77.1225,2586.8,956.275,15451.0,18109.0,463.0,4804.0,5851.0,90.56225,,443.0,,agregado_media,False,agregado_media,False,agregado_media,False,agregado_suma,False,agregado_suma,False,agregado_suma,False,agregado_suma,False,agregado_suma,False,agregado_media,False,agregado_suma,False,14.596272017065512,11.877117087762617,14.528067641655534,2.833213344056216,4.700480365792417,9.202005735186125,10.851470731142772,9.034795799461252,7.4127640174265625,10.419151452942367,8.323365694436081,,10.452215713350586,,10.564627936960987,4.345395066789318,7.858176869572437,6.863045528589852,9.645429005150419,9.804164331241342,6.137727054086234,8.477204183199873,8.674367865788236,4.506037459552592,,6.093569770045136,0.0016512842461366972,0.006573124141443287,0.0013047942359616371,0.0,0.0,0.1189307142558178,-0.042672635222817945,0.13002995277843787,-0.02267400238798789,0.05183554900115972,0.030817180460321225,,-0.020555032523100536,,-0.0152166268276126,-0.07997238749977242,-0.028026705191011914,-0.006072866777366848,-0.21806953916934546,-0.2530738211007044,-0.4061847914785579,0.6247650978423636,-0.09109066571599023,0.015075145242602339,,-0.4759116503691603,
País Vasco,16,2012,2012-01-01,2184696.0,141099.0,2043597.0,14.0,111.0,10468.0,47222.0,9559.0,1675.0,33617.0,4112.0,,34321.0,,38433.0,65.46000000000001,2523.475,902.825,12329.0,14995.0,311.0,2743.0,4757.0,91.50225,,318.0,,agregado_media,False,agregado_media,False,agregado_media,False,agregado_suma,False,agregado_suma,False,agregado_suma,False,agregado_suma,False,agregado_suma,False,agregado_media,False,agregado_suma,False,14.596987246397509,11.857217050643573,14.53022204844005,2.6390573296152584,4.709530201312334,9.256078263650036,10.762615164676909,9.165238398063762,7.423568444259167,10.422787170381499,8.321664807135,,10.443512690706546,,10.556671744524543,4.181439269073034,7.833392198855872,6.805528736186027,9.419709489868552,9.61547209118311,5.739792912179234,7.916807490937603,8.467372496432281,4.516363562143077,,5.762051382780177,0.0007152293319965253,-0.019900037119043645,0.002154406784516283,-0.19415601444095776,0.009049835519917337,0.05407252846391053,-0.08885556646586323,0.13044259860251017,0.010804426832604186,0.0036357174391312697,-0.0017008873010802006,,-0.008703022644040104,,-0.007956192436443743,-0.16395579771628377,-0.024784670716565316,-0.05751679240382579,-0.22571951528186673,-0.18869224005823249,-0.39793414190700016,-0.5603966922622705,-0.20699536935595475,0.010326102590485498,,-0.33151838726495875,
País Vasco,16,2013,2013-01-01,2179274.0,133639.0,2045635.0,78.0,104.0,10702.0,41232.0,10341.0,1567.0,33000.0,4040.0,,32575.0,,36615.0,59.988,2504.675,873.575,10802.0,10736.0,246.0,2029.0,3994.0,91.95991666666667,,274.0,,agregado_media,False,agregado_media,False,agregado_media,False,agregado_suma,False,agregado_suma,False,agregado_suma,False,agregado_suma,False,agregado_suma,False,agregado_media,False,agregado_suma,False,14.594502351776356,11.802897413653113,14.531218812707149,4.356708826689592,4.6443908991413725,9.27818591887125,10.626969932892147,9.243871855184976,7.356918242356021,10.404262840448617,8.303999970955196,,10.391300401993046,,10.50821327149517,4.094144542219434,7.825914264582974,6.772593987365043,9.287486581152837,9.281357859211463,5.5053315359323625,7.615298339825815,8.29254851397576,4.521352793703473,,5.6131281063880705,-0.0024848946211530887,-0.05431963699045994,0.0009967642670982713,1.7176514970743333,-0.06513930217096142,0.022107655221214273,-0.1356452317847623,0.07863345712121372,-0.06665020190314586,-0.01852432993288211,-0.01766483617980441,,-0.05221228871350014,,-0.04845847302937223,-0.0872947268536004,-0.00747793427289789,-0.032934748820983906,-0.13222290871571474,-0.3341142319716468,-0.23446137624687147,-0.3015091511117882,-0.17482398245652142,0.004989231560395879,,-0.14892327639210645,
País Vasco,16,2014,2014-01-01,2172247.0,121794.0,2050453.0,208.0,98.0,10595.0,32276.0,10153.0,1441.0,32230.0,3912.0,,30881.0,,34793.0,59.689499999999995,2434.775,865.3,11752.0,14012.0,463.0,2181.0,2528.0,91.60341666666667,,505.0,,agregado_media,False,agregado_media,False,agregado_media,False,agregado_suma,False,agregado_suma,False,agregado_suma,False,agregado_suma,False,agregado_suma,False,agregado_media,False,agregado_suma,False,14.59127267364399,11.710086371960823,14.533571302312833,5.337538079701318,4.584967478670572,9.2681374707024,10.382079198968396,9.225524507301223,7.273092595999522,10.380652974809484,8.271804031154709,,10.33789638703407,,10.457171496104019,4.089156125532977,7.7976096287832535,6.763076267612693,9.371778717853713,9.547669384317377,6.137727054086234,7.687538766201629,7.8351837552667485,4.517468570838902,,6.22455842927536,-0.003229678132365521,-0.09281104169228982,0.002352489605684127,0.9808292530117262,-0.05942342047080018,-0.010048448168850754,-0.24489073392375005,-0.018347347883752363,-0.08382564635649903,-0.023609865639132366,-0.03219593980048785,,-0.05340401495897673,,-0.051041775391151845,-0.004988416686456887,-0.028304635799720756,-0.00951771975234994,0.08429213670087599,0.26631152510591427,0.6323955181538716,0.07224042637581451,-0.4573647587090113,-0.0038842228645705745,,0.6114303228872897,
País Vasco,16,2015,2015-01-01,2172707.0,118825.0,2053882.0,362.0,101.0,10887.0,27681.0,10535.0,1412.0,33310.0,4076.0,,30461.0,,34537.0,60.268,2408.95,876.375,14227.0,16568.0,621.0,2331.0,3611.0,91.18641666666666,,661.0,,agregado_media,False,agregado_media,False,agregado_media,False,agregado_suma,False,agregado_suma,False,agregado_suma,False,agregado_suma,False,agregado_suma,False,agregado_media,False,agregado_suma,False,14.591484413515905,11.68540710148221,14.535242218940157,5.8916442118257715,4.61512051684126,9.29532469588118,10.228501536246666,9.26245832623829,7.252762418053187,10.413612931187725,8.312871394342615,,10.324202455851168,,10.449786492109144,4.098801282939042,7.786946246899265,6.775794081527132,9.562896846651167,9.71522840307542,6.431331081933479,7.754052639035757,8.191740021277457,4.512905945929134,,6.493753839851686,0.00021173987191502874,-0.024679270478612736,0.0016709166273241038,0.5541061321244536,0.030153038170687374,0.02718722517878014,-0.15357766272173023,0.03693381893706693,-0.020330177946334516,0.03295995637824056,0.04106736318790638,,-0.013693931182901409,,-0.00738500399487485,0.009645157406064975,-0.01066338188398852,0.012717813914439269,0.19111812879745393,0.1675590187580429,0.2936040278472447,0.06651387283412813,0.3565562660107089,-0.004562624909768331,,0.2691954105763257,
País Vasco,16,2016,2016-01-01,2174426.0,122212.0,2052214.0,448.0,93.0,11349.0,26918.0,11472.0,1489.0,35701.0,4357.0,,30385.0,,34742.0,61.8195,2369.4,901.8,15962.0,18730.0,768.0,,2253.0,90.73666666666666,,831.0,2.03,agregado_media,False,agregado_media,False,agregado_media,False,agregado_suma,False,agregado_suma,False,agregado_suma,False,,False,agregado_suma,False,agregado_media,False,agregado_suma,False,14.592275279629089,11.713512520571028,14.534429768334155,6.104793232414985,4.532599493153256,9.33688491330114,10.200550486793661,9.347664562839402,7.305860032684009,10.482933978579906,8.379539026117442,,10.321704344569456,,10.455704608661868,4.12421884867385,7.770392037520659,6.804392765986984,9.677966176435953,9.837881795438134,6.643789733147672,,7.720017940432244,4.507961538567316,,6.7226297948554485,0.0007908661131832417,0.02810541908881703,-0.000812450606002102,0.21314902058921348,-0.0825210236880034,0.041560217419959855,-0.027951049453005083,0.08520623660111148,0.053097614630821965,0.06932104739218126,0.06666763177482693,,-0.0024981112817119566,,0.0059181165527242285,0.025417565734808356,-0.01655420937860619,0.02859868445985203,0.11506932978478623,0.12265339236271444,0.2124586512141935,,-0.47172208084521294,-0.004944407361818115,,0.22887595500376268,
País Vasco,16,2017,2017-01-01,2179944.0,126213.0,2053731.0,558.0,84.0,11827.0,27077.0,12627.0,1574.0,37068.0,4615.0,,30783.0,,35398.0,65.02324999999999,2386.875,904.7,17787.0,20909.0,1010.0,,3203.0,90.72316666666667,,1057.0,2.49,agregado_media,False,agregado_media,False,agregado_media,False,agregado_suma,False,agregado_suma,False,agregado_suma,False,,False,agregado_suma,False,agregado_media,False,agregado_suma,False,14.594809746361934,11.745726234877473,14.535168696921374,6.324358962381311,4.430816798843313,9.378140332251117,10.206439938023752,9.44359265743868,7.3613754289773485,10.520509342706582,8.437067146936952,,10.33471786853032,,10.4744106003507,4.174744898246686,7.77774025797978,6.807603397031696,9.786223132375477,9.947934967271424,6.917705609835305,,8.071843149609158,4.507812745307928,,6.963189985870238,0.0025344667328450754,0.032213714306445596,0.0007389285872196893,0.21956572996632584,-0.10178269430994291,0.041255418949978306,0.005889451230091325,0.09592809459927842,0.055515396293339236,0.037575364126675836,0.05752812081951042,,0.013013523960863083,,0.018705991688831247,0.05052604957283613,0.007348220459121535,0.0032106310447117536,0.10825695593952389,0.11005317183328955,0.2739158766876324,,0.35182520917691384,-0.00014879325938821353,,0.2405601910147892,0.4600000000000004
País Vasco,16,2018,2018-01-01,2187254.0,137974.0,2049280.0,668.0,96.0,12513.0,30589.0,15448.0,1719.0,40039.0,4980.0,,31922.0,,36902.0,68.5535,2364.125,923.525,20250.0,23166.0,946.0,4616.0,3562.0,91.61358333333334,,1136.0,2.26,agregado_media,False,agregado_media,False,agregado_media,False,agregado_suma,False,agregado_suma,False,agregado_suma,False,agregado_suma,False,agregado_suma,False,agregado_media,False,agregado_suma,False,14.598157433747271,11.834820540591638,14.532999069910378,6.504288173536645,4.564348191467836,9.434523382865056,10.3283957461889,9.64523482410835,7.449498005382849,10.597609258092302,8.513185170018698,,10.371050706242503,,10.516021029101827,4.227614462327101,7.768163253608618,6.82819787019871,9.915910072534686,10.05044096549229,6.852242569051878,8.437283808187935,8.178077463849608,4.51757955035147,,7.035268599281097,0.00334768738533775,0.08909430571416443,-0.0021696270109963223,0.17992921115533456,0.13353139262452274,0.056383050613938224,0.12195580816514706,0.20164216666966972,0.08812257640550047,0.0770999153857197,0.07611802308174553,,0.036332837712183874,,0.041610428751127415,0.052869564080414655,-0.009577004371162268,0.020594473167014016,0.12968694015920867,0.1025059982208667,-0.06546304078342668,,0.10623431424044938,0.009766805043541993,,0.0720786134108593,-0.23000000000000043
País Vasco,16,2019,2019-01-01,2197306.0,151985.0,2045321.0,824.0,102.0,13445.0,34716.0,19192.0,1858.0,42986.0,5398.0,,33464.0,,38862.0,71.53075,2402.775,936.1,20705.0,23644.0,1005.0,4486.0,3409.0,92.44125,,1265.0,2.56,agregado_media,False,agregado_media,False,agregado_media,False,agregado_suma,False,agregado_suma,False,agregado_suma,False,agregado_suma,False,agregado_suma,False,agregado_media,False,agregado_suma,False,14.602742622505577,11.93153711074828,14.531065303355977,6.714170529909472,4.624972813284271,9.506362568702965,10.454955954764136,9.862248804519531,7.527255919373784,10.66862976026722,8.59378379357795,,10.418225513122035,,10.567772188410972,4.270127427176466,7.784379598393828,6.841722308377699,9.938130495979667,10.07086466194426,6.912742820493176,8.408716715080153,8.134174272137903,4.52657330759948,,7.142827401161621,0.004585188758305492,0.09671657015664259,-0.0019337665544014726,0.2098823563728267,0.060624621816434576,0.07183918583790927,0.12656020857523664,0.21701398041118125,0.07775791399093457,0.07102050217491929,0.0805986235592524,,0.04717480687953213,,0.05175115930914487,0.042512964849365176,0.01621634478521017,0.013524438178989406,0.022220423444981208,0.020423696451969064,0.060500251441298225,-0.028567093107781716,-0.04390319171170454,0.008993757248010326,,0.1075588018805238,0.30000000000000027
País Vasco,16,2020,2020-01-01,2211917.0,171743.0,2040174.0,966.0,121.0,14609.0,42092.0,24001.0,2081.0,46796.0,5849.0,,35228.0,,41077.0,73.143,2382.1,917.55,17882.0,20689.0,826.0,3169.0,3390.0,93.02308333333333,,1096.0,2.36,agregado_media,False,agregado_media,False,agregado_media,False,agregado_suma,False,agregado_suma,False,agregado_suma,False,agregado_suma,False,agregado_suma,False,agregado_media,False,agregado_suma,False,14.609370118316393,12.053754452339891,14.52854565630071,6.873163834212518,4.795790545596741,9.589393056132515,10.647612977860703,10.085850775128717,7.640603826393634,10.753553008167492,8.674025985443025,,10.46959649992535,,10.623203633138218,4.292416429107287,7.775737730562173,6.821707074356683,9.791549899295264,9.937357437043744,6.716594773520978,8.06117135969092,8.128585200374497,4.53284767024008,,6.999422467507961,0.006627495810816342,0.12221734159161102,-0.0025196470552675265,0.1589933043030456,0.17081773231247066,0.08303048742954999,0.19265702309656696,0.2236019706091863,0.11334790701985042,0.08492324790027084,0.08024219186507509,,0.05137098680331498,,0.055431444727245704,0.022289001930820618,-0.008641867831655325,-0.020015234021015793,-0.14658059668440337,-0.1335072249005158,-0.19614804697219856,-0.3475453553892329,-0.005589071763406395,0.006274362640599662,,-0.14340493365365958,-0.20000000000000018
País Vasco,16,2021,2021-01-01,2212628.0,180237.0,2032391.0,1051.0,135.0,15153.0,45222.0,25668.0,2163.0,48349.0,,7765.0,,34731.0,42496.0,74.66125,2433.95,946.825,21684.0,25365.0,1030.0,3065.0,3343.0,93.85341666666667,,1362.0,2.61,agregado_media,False,agregado_media,False,agregado_media,False,agregado_suma,False,agregado_suma,False,agregado_suma,False,agregado_suma,False,agregado_suma,False,agregado_media,False,agregado_suma,False,14.60969150729814,12.10202793049357,14.524723490429755,6.957497370876951,4.90527477843843,9.625953811136162,10.719338973071524,10.153000358870406,7.679251425953058,10.786200818144286,,8.957381735582787,,10.455387938873837,10.657165232836105,4.312961215912583,7.797270731019303,6.8531142820229585,9.98432994038023,10.14112555000079,6.937314081223682,8.027802848370312,8.114623886420098,4.541734167981642,,7.216709486709457,0.00032138898174594033,0.04827347815367844,-0.003822165870953853,0.08433353666443377,0.10948423284168829,0.03656075500364686,0.07172599521082113,0.06714958374168845,0.03864759955942443,0.03264780997679395,,,,,0.03396159969788748,0.02054478680529659,0.021533000457130136,0.03140720766627503,0.1927800410849656,0.20376811295704655,0.2207193077027041,-0.03336851132060836,-0.013961313954398591,0.008886497741562138,,0.21728701920149618,0.25
País Vasco,16,2022,2022-01-01,2205826.0,181440.0,2024386.0,1212.0,132.0,15356.0,46782.0,25181.0,2258.0,48434.0,,7801.0,,34284.0,42085.0,79.4125,2510.825,967.275,23651.0,25958.0,1169.0,3479.0,3562.0,95.26058333333333,,1562.0,3.23,agregado_media,False,agregado_media,False,agregado_media,False,agregado_suma,False,agregado_suma,False,agregado_suma,False,agregado_suma,False,agregado_suma,False,agregado_media,False,agregado_suma,False,14.606612599891434,12.108680299521524,14.520777002668824,7.10002716662926,4.882801922586371,9.639261556120688,10.753253792537654,10.133845020868533,7.722234744709607,10.787957325420447,,8.962007209588313,,10.442434052018774,10.647446661645677,4.374655786592651,7.828366663379628,6.874482839718564,10.071160676324263,10.164235126247704,7.063903961472068,8.154500175151941,8.178077463849608,4.556616118945539,,7.3537223303996315,-0.0030789074067048006,0.006652369027953853,-0.0039464877609312055,0.14252979575230817,-0.022472855852059048,0.013307744984526693,0.03391481946612984,-0.01915533800187319,0.042983318756548705,0.0017565072761609457,,0.004625474005525376,,-0.012953886855063601,-0.009718571190427738,0.061694570680067784,0.031095932360324596,0.021368557695605972,0.08683073594403368,0.02310957624691312,0.12658988024838624,0.12669732678162937,0.06345357742950952,0.014881950963896884,,0.13701284369017408,0.6200000000000001
País Vasco,16,2023,2023-01-01,2216302.0,200214.0,2016088.0,1313.0,143.0,15940.0,57601.0,28087.0,2547.0,49439.0,,10555.0,,34589.0,45144.0,82.15549999999999,2545.975,995.725,20368.0,22006.0,1042.0,3743.0,2667.0,96.88024999999999,,1423.0,3.72,agregado_media,False,agregado_media,False,agregado_media,False,agregado_suma,False,agregado_suma,False,agregado_suma,False,agregado_suma,False,agregado_suma,False,agregado_media,False,agregado_suma,False,14.611350599152267,12.207142073488194,14.516669558014378,7.180069874302796,4.962844630259907,9.676586952344206,10.961295207644392,10.243062114822008,7.842671474979457,10.808494865389797,,9.264354960282422,,10.451290991423688,10.717612659648976,4.408613792942118,7.842268959744711,6.903471115043085,9.921720320797188,9.999070422429858,6.948897222313312,8.22764270790443,7.888709524182015,4.57347567975348,,7.260522598089852,0.004737999260832737,0.09846177396667066,-0.004107444654446013,0.08004270767353638,0.08004270767353638,0.03732539622351716,0.20804141510673801,0.10921709395347534,0.12043673026984969,0.02053753996935015,,0.3023477506941088,,0.008856939404914499,0.07016599800329892,0.033958006349466885,0.013902296365083444,0.02898827532452053,-0.1494403555270747,-0.16516470381784565,-0.1150067391587557,0.07314253275248817,-0.289367939667593,0.016859560807941598,,-0.09319973230977929,0.4900000000000002
País Vasco,16,2024,2024-01-01,2227684.0,214585.0,2013099.0,1369.0,154.0,16655.0,67091.0,29529.0,2676.0,51689.0,,10528.0,,34894.0,45422.0,89.1345,2602.475,987.75,23221.0,25816.0,1262.0,3423.0,2701.0,98.82533333333333,10.09,1698.0,3.66,agregado_media,False,agregado_media,False,agregado_media,False,agregado_suma,False,agregado_suma,False,agregado_suma,False,agregado_suma,False,agregado_suma,False,agregado_media,False,agregado_suma,False,14.616473038731531,12.276461209252101,14.515185883740484,7.221835825288449,5.0369526024136295,9.72046575062778,11.11380518579687,10.29312811029732,7.892078421248119,10.853000271901186,,9.261793653565098,,10.460070173639847,10.723751848155539,4.490146464919309,7.8642181942950495,6.8954296292915,10.05281232064669,10.158749733731797,7.140453043101158,8.138272638530186,7.901377353792616,4.593353982142741,2.3115448343655176,7.437206366871292,0.005122439579263727,0.06931913576390691,-0.0014836742738939535,0.04176595098565272,0.07410797215372256,0.04387879828357377,0.15250997815247835,0.050065995475312874,0.04940694626866193,0.04450540651138901,,-0.002561306717323575,,0.008779182216159143,0.006139188506562476,0.0815326719771905,0.02194923455033848,-0.008041485751585142,0.13109199984950237,0.15967931130193946,0.19155582078784583,-0.08937006937424385,0.012667829610601089,0.019878302389260583,,0.17668376878144,-0.06000000000000005
País Vasco,16,2025,2025-01-01,2242343.0,228365.0,2013978.0,1436.0,174.0,17769.0,75159.0,29471.0,3000.0,55492.0,,10647.0,,35217.0,45864.0,99.99975,2835.375,999.325,26678.0,29030.0,1354.0,3073.0,3053.0,100.0,,1814.0,3.8,agregado_media,False,agregado_media,False,agregado_media,False,agregado_suma,False,agregado_suma,False,agregado_suma,False,agregado_suma,False,agregado_suma,False,agregado_media,False,agregado_suma,False,14.62303185931592,12.338700505091607,14.51562242866573,7.269616749608169,5.159055299214529,9.785210644945074,11.227361148489448,10.291162007969065,8.006367567650246,10.923994145200616,,9.273033441314606,,10.469284199546632,10.73343577458822,4.605167685984966,7.949929482546544,6.907080051067069,10.19159453470099,10.276085057018676,7.21081845347222,8.030409562130485,8.023879992734878,4.605170185988092,,7.503289630675082,0.006558820584389835,0.062239295839505715,0.0004365449252450304,0.0477809243197207,0.12210269680089958,0.06474489431729502,0.11355596269257795,-0.001966102328255559,0.11428914640212717,0.07099387329943063,,0.011239787749508068,,0.009214025906784329,0.009683926432680678,0.11502122106565782,0.08571128825149454,0.01165042177556952,0.1387822140542987,0.11733532328687879,0.07036541037106225,-0.10786307639970083,0.12250263894226254,0.01181620384535087,,0.06608326380378937,0.13999999999999968
La Rioja,17,2002,2002-01-01,277993.0,14243.0,263750.0,0.0,3.0,1270.0,4949.0,301.0,106.0,3935.0,754.0,,2925.0,,3679.0,,1044.375,117.4,,,,,,75.97741666666667,,,,,False,agregado_media,False,agregado_media,False,,False,,False,,False,,False,,False,agregado_media,False,,False,12.535351212499641,9.564020836934587,12.482756963772413,,1.0986122886681098,7.146772179452637,8.506940814951886,5.707110264748875,4.663439094112067,8.277666160851503,6.625392368007956,,7.981049759665957,,8.210396255104774,,6.951173899349659,4.765586907393996,,,,,,4.330436147005976,,,,,,,,,,,,,,,,,,,,,,,,,,,,,
La Rioja,17,2003,2003-01-01,284609.0,19928.0,264681.0,0.0,4.0,1692.0,6759.0,355.0,138.0,4912.0,1029.0,,5038.0,,6067.0,,1160.075,123.05,,,,,,79.98491666666666,,,,,False,agregado_media,False,agregado_media,False,,False,,False,,False,,False,,False,agregado_media,False,,False,12.558871587468873,9.899881056942016,12.486280606266055,,1.3862943611198906,7.433666540166168,8.818630229100354,5.872117789475416,4.927253685157205,8.499436469826978,6.9363427358340495,,8.524764456912555,,8.710619527942297,,7.056239937182768,4.812590776837065,,,,,,4.381838075231,,,0.023520374969232094,0.33586022000742943,0.0035236424936417876,,0.2876820724517808,0.28689436071353125,0.31168941414846785,0.16500752472654057,0.26381459104513816,0.22177030897547567,0.3109503678260932,,0.5437146972465978,,0.5002232728375233,,0.10506603783310986,0.04700386944306878,,,,,,0.05140192822502421,,,
La Rioja,17,2004,2004-01-01,291082.0,24852.0,266230.0,0.0,6.0,2013.0,8131.0,422.0,155.0,6026.0,1242.0,,6857.0,,8099.0,,1256.2,129.625,,8867.0,,,,81.90225000000001,,,,,False,agregado_media,False,agregado_media,False,,False,agregado_suma,False,,False,,False,,False,agregado_media,False,,False,12.581360293400726,10.120693511183584,12.492115875813429,,1.791759469228055,7.607381425639791,9.003439196207838,6.045005314036012,5.043425116919247,8.703838719690246,7.124478262493424,,8.833025307284364,,8.99949587624899,,7.135846570020281,4.864645666549691,,9.090091799380007,,,,4.405526463009133,,,0.022488705931852593,0.22081245424156748,0.005835269547374011,,0.4054651081081644,0.1737148854736228,0.18480896710748418,0.17288752456059608,0.1161714317620417,0.20440224986326783,0.18813552665937472,,0.30826085037180917,,0.28887634830669207,,0.07960663283751224,0.052054889712626284,,,,,,0.02368838777813309,,,
La Rioja,17,2005,2005-01-01,298050.0,30003.0,268047.0,0.0,8.0,2507.0,9062.0,453.0,160.0,7148.0,1406.0,,9259.0,,10665.0,,1418.9,143.05,,8534.0,,,,85.66691666666668,,,,,False,agregado_media,False,agregado_media,False,,False,agregado_suma,False,,False,,False,,False,agregado_media,False,,False,12.605016536648073,10.309052655644626,12.498917617251251,,2.0794415416798357,7.826842098158293,9.111845125227083,6.115892125483034,5.075173815233827,8.87458787627932,7.2485040723706105,,9.133351330448047,,9.274722630905451,,7.257637202513267,4.96319421949612,,9.051813463747946,,,,4.45046671451079,,,0.02365624324734661,0.1883591444610424,0.006801741437822528,,0.2876820724517808,0.219460672518502,0.10840592901924495,0.07088681144702225,0.031748698314579826,0.17074915658907308,0.12402580987718625,,0.3003260231636826,,0.27522675465646174,,0.12179063249298672,0.09854855294642828,,-0.038278335632060845,,,,0.04494025150165637,,,
La Rioja,17,2006,2006-01-01,302697.0,33543.0,269154.0,0.0,8.0,2886.0,9572.0,491.0,149.0,7809.0,1485.0,,11143.0,,12628.0,,1595.025,144.4,,10181.0,,,,87.75808333333333,,,,,False,agregado_media,False,agregado_media,False,,False,agregado_suma,False,,False,,False,,False,agregado_media,False,,False,12.620487584157923,10.420583476815478,12.503038985480009,,2.0794415416798357,7.9676267393338165,9.166597449028265,6.19644412779452,5.003946305945459,8.963032193662675,7.3031700512368,,9.318566777047053,,9.443671849677882,,7.374644689077301,4.972587226458726,,9.228278517107196,,,,4.4745839758621795,,,0.015471047509850067,0.11153082117085233,0.004121368228757305,,0.0,0.14078464117552336,0.054752323801182,0.08055200231148607,-0.07122750928836741,0.08844431738335601,0.054665978866189846,,0.18521544659900613,,0.16894921877243085,,0.11700748656403359,0.009393006962606698,,0.17646505335924978,,,,0.024117261351389807,,,
La Rioja,17,2007,2007-01-01,308118.0,37496.0,270622.0,1.0,11.0,3021.0,10184.0,542.0,134.0,8655.0,1622.0,,13326.0,,14948.0,101.867,1600.6,147.375,7516.0,7897.0,432.0,,,89.89358333333334,,378.0,,agregado_media,False,agregado_media,False,agregado_media,False,agregado_suma,False,agregado_suma,False,agregado_suma,False,,False,,False,agregado_media,False,agregado_suma,False,12.638238105468295,10.531989539602542,12.508478292227101,0.0,2.3978952727983707,8.013343181386672,9.228573140237243,6.295266001439646,4.897839799950911,9.06589246761031,7.3914152346753585,,9.497472293122483,,9.612332790605375,4.623668040870211,7.378133837932945,4.992980358857535,8.924789360533357,8.97423821949758,6.068425588244111,,,4.498626563327694,,5.934894195619588,0.017750521310372136,0.11140606278706322,0.005439306747092587,,0.3184537311185349,0.0457164420528553,0.06197569120897839,0.09882187364512607,-0.10610650599454807,0.10286027394763408,0.08824518343855825,,0.17890551607542982,,0.16866094092749329,,0.0034891488556443306,0.02039313239880869,,-0.254040297609615,,,,0.02404258746551413,,,
La Rioja,17,2008,2008-01-01,316192.0,43872.0,272320.0,0.0,11.0,3301.0,10962.0,612.0,141.0,9859.0,1807.0,,17179.0,,18986.0,102.49,1586.85,148.85,5627.0,5742.0,400.0,2449.0,6376.0,92.60883333333334,,377.0,,agregado_media,False,agregado_media,False,agregado_media,False,agregado_suma,False,agregado_suma,False,agregado_suma,False,agregado_suma,False,agregado_suma,False,agregado_media,False,agregado_suma,False,12.664104902994689,10.689031582362041,12.514733124367146,,2.3978952727983707,8.101980731853192,9.302190025606063,6.416732282512326,4.948759890378168,9.196140022575042,7.499423290592229,,9.751442986626445,,9.851457144441744,4.6297652328434715,7.369506198100893,5.002939087461785,8.635331719433278,8.655562860681009,5.991464547107982,7.803435056952168,8.760296220470051,4.5283845294711815,,5.932245187448011,0.02586679752639398,0.15704204275949962,0.006254832140044186,,0.0,0.08863755046652066,0.0736168853688195,0.12146628107267965,0.050920090427257314,0.13024755496473261,0.10800805591687013,,0.2539706935039625,,0.23912435383636854,0.006097191973260863,-0.008627639832051948,0.009958728604249956,-0.28945764110007843,-0.31867535881657183,-0.076961041136129,,,0.029757966143487913,,-0.002649008171577094,
La Rioja,17,2009,2009-01-01,319786.0,45863.0,273922.0,0.0,11.0,3661.0,11056.0,689.0,155.0,10820.0,1919.0,,17553.0,,19472.0,96.902,1540.5,141.55,4931.0,4905.0,563.0,794.0,4240.0,95.39441666666667,,548.0,,agregado_media,False,agregado_media,False,agregado_media,False,agregado_suma,False,agregado_suma,False,agregado_suma,False,agregado_suma,False,agregado_suma,False,agregado_media,False,agregado_suma,False,12.675407301062883,10.733413970757285,12.520598673310728,,2.3978952727983707,8.205491613120236,9.310728546007452,6.535241271013659,5.043425116919247,9.289151552400472,7.5595594960077,,9.772980154456345,,9.876732815227308,4.573700158518603,7.339862318036722,4.952653011557909,8.503297086224126,8.498010371999463,6.333279628139691,6.677083461247136,8.352318548226004,4.558020051234918,,6.306275286948016,0.011302398068194108,0.044382388395243666,0.005865548943582155,,0.0,0.10351088126704333,0.008538520401389249,0.11850898850133262,0.09466522654107834,0.09301152982543037,0.06013620541547127,,0.021537167829899673,,0.025275670785564586,-0.05606507432486829,-0.029643880064170958,-0.050286075903875904,-0.13203463320915176,-0.1575524886815458,0.3418150810317089,-1.1263515957050316,-0.4079776722440478,0.029635521763736072,,0.374030099500005,
La Rioja,17,2010,2010-01-01,319939.0,45081.0,274858.0,0.0,13.0,3605.0,10600.0,743.0,158.0,11115.0,1886.0,,16959.0,,18845.0,93.23225,1495.275,137.475,3914.0,4378.0,268.0,1119.0,2893.0,95.84791666666666,,257.0,,agregado_media,False,agregado_media,False,agregado_media,False,agregado_suma,False,agregado_suma,False,agregado_suma,False,agregado_suma,False,agregado_suma,False,agregado_media,False,agregado_suma,False,12.675885631604654,10.716216150693835,12.524009879650732,,2.5649493574615367,8.190077049719049,9.268609280100158,6.610696044717759,5.062595033026967,9.316050826398296,7.542213463193403,,9.738553945343401,,9.844002905701236,4.535093691879876,7.310065415397,4.923442082393878,8.272315147956022,8.384347278082808,5.5909869805108565,7.020190708311925,7.970049304976135,4.562762733905063,,5.54907608489522,0.0004783305417710437,-0.017197820063449498,0.003411206340004469,,0.16705408466316607,-0.015414563401186854,-0.04211926590729398,0.07545477370410048,0.01916991610772012,0.02689927399782377,-0.01734603281429692,,-0.034426209112943695,,-0.03272990952607202,-0.038606466638727355,-0.029796902639722234,-0.029210929164031008,-0.23098193826810487,-0.11366309391665474,-0.7422926476288341,0.3431072470647889,-0.3822692432498682,0.004742682670145548,,-0.7571992020527958,
La Rioja,17,2011,2011-01-01,320850.0,44693.0,276157.0,0.0,11.0,4059.0,9600.0,745.0,159.0,11167.0,1887.0,,17065.0,,18952.0,82.94024999999999,1408.15,134.10000000000002,3227.0,2623.0,140.0,573.0,2147.0,96.25183333333334,4.901960784313725,143.0,,agregado_media,False,agregado_media,False,agregado_media,False,agregado_suma,False,agregado_suma,False,agregado_suma,False,agregado_suma,False,agregado_suma,False,agregado_media,False,agregado_suma,False,12.678729003178661,10.707572168786097,12.528724823550524,,2.3978952727983707,8.308691916838898,9.169518377455928,6.61338421837956,5.0689042022202315,9.320718279445792,7.54274354536855,,9.744784861340808,,9.849664745838622,4.418120469040844,7.250032065134544,4.898585790287633,8.079308192051961,7.872073979866873,4.941642422609304,6.35088571671474,7.671826797878781,4.566968020605538,1.5896352851379205,4.962844630259907,0.0028433715740074916,-0.008643981907738407,0.00471494389979199,,-0.16705408466316607,0.11861486711984881,-0.09909090264422993,0.002688173661800519,0.00630916919326463,0.00466745304749594,0.0005300821751470508,,0.006230915997406328,,0.005661840137385354,-0.11697322283903144,-0.06003335026245615,-0.024856292106244737,-0.19300695590406036,-0.512273298215935,-0.6493445579015527,-0.6693049915971852,-0.2982225070973543,0.0042052867004747085,,-0.5862314546353131,
La Rioja,17,2012,2012-01-01,320951.0,43895.0,277055.0,0.0,7.0,4155.0,8757.0,761.0,151.0,10949.0,1890.0,,17226.0,,19116.0,70.86575,1327.45,126.4,2998.0,2993.0,138.0,598.0,785.0,95.82641666666666,4.724409448818897,136.0,,agregado_media,False,agregado_media,False,agregado_media,False,agregado_suma,False,agregado_suma,False,agregado_suma,False,agregado_suma,False,agregado_suma,False,agregado_media,False,agregado_suma,False,12.679043742485186,10.689555697360309,12.53197132141653,,1.9459101490553132,8.332067707289548,9.077608659522225,6.634633357861686,5.017279836814924,9.301003406873425,7.5443321080536885,,9.75417514934912,,9.85828095969805,4.2607872420667094,7.191015087623331,4.839451481712757,8.005700678662542,8.0040315078527,4.927253685157205,6.393590753950631,6.665683717782408,4.56253839505159,1.5527425687575551,4.912654885736052,0.00031473930652481386,-0.01801647142578844,0.0032464978660051713,,-0.45198512374305744,0.023375790450650413,-0.09190971793370295,0.021249139482126367,-0.05162436540530724,-0.019714872572366815,0.001588562685138406,,0.009390288008312098,,0.008616213859427901,-0.157333226974135,-0.05901697751121304,-0.059134308574876115,-0.07360751338941895,0.1319575279858265,-0.014388737452098788,0.042705037235891474,-1.0061430800963729,-0.004429625553948213,-0.0368927163803654,-0.05018974452385461,
La Rioja,17,2013,2013-01-01,318819.0,41384.0,277435.0,2.0,6.0,3906.0,7921.0,754.0,144.0,10531.0,1870.0,,16250.0,,18120.0,61.1775,1160.875,124.525,3023.0,2253.0,138.0,490.0,495.0,94.65125,4.43298969072165,139.0,,agregado_media,False,agregado_media,False,agregado_media,False,agregado_suma,False,agregado_suma,False,agregado_suma,False,agregado_suma,False,agregado_suma,False,agregado_media,False,agregado_suma,False,12.672378822616631,10.630649611683351,12.533341950497269,0.6931471805599453,1.791759469228055,8.270269111436624,8.97727273946428,6.625392368007956,4.969813299576001,9.262078567380597,7.533693709848633,,9.695848187757884,,9.80477157959697,4.113779474860708,7.056929310096172,4.824506498959347,8.014004994779459,7.720017940432244,4.927253685157205,6.194405391104672,6.20455776256869,4.550199084118575,1.4890742301842252,4.9344739331306915,-0.00666491986855533,-0.05890608567695743,0.0013706290807391497,,-0.15415067982725827,-0.06179859585292391,-0.10033592005794567,-0.009240989853729786,-0.04746653723892358,-0.03892483949282877,-0.010638398205055744,,-0.05832696159123607,,-0.05350938010107953,-0.14700776720600128,-0.1340857775271589,-0.014944982753410052,0.00830431611691651,-0.28401356742045536,0.0,-0.19918536284595945,-0.4611259552137179,-0.012339310933014325,-0.06366833857332987,0.021819047394639135,
La Rioja,17,2014,2014-01-01,315736.0,36603.0,279133.0,2.0,4.0,3436.0,6301.0,717.0,134.0,9412.0,1824.0,,14773.0,,16597.0,59.83025,1093.225,128.225,2249.0,2753.0,181.0,272.0,354.0,93.14625000000001,4.315476190476191,181.0,,agregado_media,False,agregado_media,False,agregado_media,False,agregado_suma,False,agregado_suma,False,agregado_suma,False,agregado_suma,False,agregado_suma,False,agregado_media,False,agregado_suma,False,12.662661700354048,10.507885483243443,12.53944364972592,0.6931471805599453,1.3862943611198906,8.142063283104147,8.748463629942055,6.57507584059962,4.897839799950911,9.149740749847252,7.508787170634276,,9.600556469321608,,9.71697723512072,4.0915113858989764,6.996887322434947,4.853786533275332,7.718240951959316,7.920446505142607,5.198497031265826,5.605802066295998,5.869296913133774,4.534170838588284,1.462207675451416,5.198497031265826,-0.009717122262582478,-0.1227641284399077,0.006101699228651114,0.0,-0.4054651081081644,-0.12820582833247762,-0.22880910952222422,-0.05031652740833614,-0.07197349962508959,-0.11233781753334426,-0.02490653921435637,,-0.09529171843627537,,-0.08779434447625079,-0.022268088961731713,-0.060041987661224816,0.029280034315984693,-0.2957640428201431,0.20042856471036252,0.271243346108621,-0.5886033248086742,-0.3352608494349161,-0.016028245530291585,-0.0268665547328093,0.2640230981351346,
La Rioja,17,2015,2015-01-01,314457.0,34387.0,280070.0,5.0,5.0,3067.0,5484.0,730.0,141.0,8844.0,1844.0,,14267.0,,16111.0,60.14125,1104.875,130.45,2561.0,3124.0,295.0,370.0,359.0,91.39566666666667,4.313725490196078,289.0,,agregado_media,False,agregado_media,False,agregado_media,False,agregado_suma,False,agregado_suma,False,agregado_suma,False,agregado_suma,False,agregado_suma,False,agregado_media,False,agregado_suma,False,12.65860262081467,10.44543386495991,12.542794850906594,1.6094379124341003,1.6094379124341003,8.028455164114252,8.609590040682205,6.593044534142437,4.948759890378168,9.087494541977337,7.519692404116539,,9.565704457114814,,9.687257547490987,4.096695962179766,7.007487485381112,4.870990011582737,7.848153086199526,8.046869510959576,5.68697535633982,5.91350300563827,5.883322388488279,4.515198066687023,1.4618019136280358,5.666426688112432,-0.00405907953937934,-0.06245161828353396,0.0033512011806742237,0.916290731874155,0.2231435513142097,-0.11360811898989454,-0.13887358925985005,0.017968693542816716,0.050920090427257314,-0.06224620786991508,0.010905233482263021,,-0.03485201220679457,,-0.02971968762973276,0.005184576280789166,0.01060016294616517,0.01720347830740554,0.1299121342402101,0.12642300581696908,0.48847832507399414,0.30770093934227205,0.01402547535450438,-0.0189727719012609,-0.0004057618233801463,0.46792965684660626,
La Rioja,17,2016,2016-01-01,314025.0,33793.0,280232.0,4.0,5.0,2885.0,5158.0,730.0,145.0,8655.0,1946.0,,14265.0,,16211.0,61.31975,1085.25,132.625,2701.0,3255.0,292.0,,430.0,90.41716666666666,4.385964912280701,284.0,3.82,agregado_media,False,agregado_media,False,agregado_media,False,agregado_suma,False,agregado_suma,False,agregado_suma,False,,False,agregado_suma,False,agregado_media,False,agregado_suma,False,12.657227879555453,10.428008959431105,12.543373110504147,1.3862943611198906,1.6094379124341003,7.9672801789422,8.54830418644129,6.593044534142437,4.976733742420574,9.06589246761031,7.57353126274595,,9.5655642636476,,9.693445303141573,4.116101977022048,6.989565654179703,4.887525596934148,7.901377353792616,8.08794755464267,5.676753802268282,,6.063785208687608,4.5044341461251864,1.4784096500276962,5.648974238161206,-0.0013747412592159947,-0.017424905528804047,0.000578259597553199,-0.2231435513142097,0.0,-0.06117498517205178,-0.06128585424091426,0.0,0.027973852042405767,-0.021602074367027768,0.05383885862941096,,-0.00014019346721383386,,0.0061877556505862685,0.019406014842282104,-0.017921831201409333,0.016535585351410198,0.05322426759309007,0.04107804368309331,-0.010221554071538463,,0.18046282019932924,-0.010763920561836393,0.0166077363996604,-0.01745244995122608,
La Rioja,17,2017,2017-01-01,314136.0,33676.0,280460.0,5.0,5.0,2851.0,4960.0,762.0,162.0,8510.0,2049.0,,14372.0,,16421.0,62.56875,1081.8,134.425,3027.0,3748.0,417.0,,468.0,90.36008333333334,4.455445544554455,416.0,3.95,agregado_media,False,agregado_media,False,agregado_media,False,agregado_suma,False,agregado_suma,False,agregado_suma,False,,False,agregado_suma,False,agregado_media,False,agregado_suma,False,12.657581292139666,10.424540696457555,12.544186391280642,1.6094379124341003,1.6094379124341003,7.955425088912672,8.509161019718974,6.635946555686647,5.087596335232384,9.04899722156742,7.6251071482389,,9.573037148233409,,9.706316282491837,4.136265952185656,6.986381599437326,4.901006422695742,8.01532730902172,8.228977643358313,6.0330862217988015,,6.148468295917647,4.503802613836355,1.4941270659231058,6.030685260261263,0.0003534125842126201,-0.0034682629735502957,0.0008132807764944516,0.2231435513142097,0.0,-0.011855090029528448,-0.03914316672231699,0.042902021544209745,0.11086259281180944,-0.016895246042889056,0.05157588549294978,,0.00747288458580897,,0.012870979350264378,0.020163975163608683,-0.0031840547423769294,0.013480825761594595,0.11394995522910367,0.1410300887156435,0.35633241953051975,,0.08468308723003926,-0.0006315322888310604,0.015717415895409648,0.38171102210005703,0.13000000000000034
La Rioja,17,2018,2018-01-01,314890.0,34717.0,280173.0,5.0,6.0,2931.0,5206.0,830.0,194.0,8718.0,2191.0,,14636.0,,16827.0,65.648,1113.825,138.025,3599.0,4659.0,490.0,842.0,693.0,90.66816666666666,4.545454545454546,497.0,3.94,agregado_media,False,agregado_media,False,agregado_media,False,agregado_suma,False,agregado_suma,False,agregado_suma,False,agregado_suma,False,agregado_suma,False,agregado_media,False,agregado_suma,False,12.659978650471828,10.45498475951116,12.543162548499105,1.6094379124341003,1.791759469228055,7.983098940710892,8.55756708555451,6.721425700790643,5.267858159063328,9.073145132798338,7.692113339595466,,9.591239526139097,,9.730740018176446,4.1843071356998305,7.015555316585119,4.927434828170108,8.188411308079031,8.446556111816797,6.194405391104672,6.7357800142423265,6.541029999189903,4.507206321608682,1.5141277326297755,6.208590026096629,0.0023973583321623693,0.030444063053604253,-0.0010238427815369988,0.0,0.18232155679395468,0.02767385179822046,0.04840606583553608,0.08547914510399668,0.18026182383094458,0.02414791123091753,0.06700619135656627,,0.018202377905687683,,0.02442373568460887,0.04804118351417408,0.02917371714779282,0.0264284054743662,0.17308399905731164,0.21757846845848405,0.16131916930587042,,0.39256170327225615,0.0034037077723265696,0.020000666706669668,0.17790476583536563,-0.010000000000000231
La Rioja,17,2019,2019-01-01,315967.0,36139.0,279828.0,5.0,8.0,2960.0,5742.0,956.0,227.0,9207.0,2339.0,,14695.0,,17034.0,69.1695,1099.675,140.625,3716.0,4292.0,476.0,849.0,637.0,91.493,4.861111111111112,516.0,4.84,agregado_media,False,agregado_media,False,agregado_media,False,agregado_suma,False,agregado_suma,False,agregado_suma,False,agregado_suma,False,agregado_suma,False,agregado_media,False,agregado_suma,False,12.663393056736071,10.495127893591839,12.54193040768633,1.6094379124341003,2.0794415416798357,7.992944547318106,8.655562860681009,6.862757913051401,5.424950017481403,9.127719343287845,7.757478766584179,,9.595262578853017,,9.742966625701026,4.236560014019069,7.002769960585714,4.946096772958684,8.22040309993373,8.36450810375059,6.16541785423142,6.744059186311348,6.456769655572163,4.516262466622752,1.581267035467404,6.246106765481563,0.003414406264242942,0.04014313408067949,-0.0012321408127746736,0.0,0.2876820724517808,0.009845606607213675,0.09799577512649904,0.14133221226075765,0.15709185841807471,0.05457421048950728,0.06536542698871273,,0.00402305271392045,,0.012226607524580047,0.05225287831923886,-0.012785355999405112,0.01866194478857608,0.0319917918546988,-0.0820480080662076,-0.028987536873251507,0.008279172069021179,-0.08426034361774004,0.00905614501407026,0.06713930283762859,0.03751673938493383,0.8999999999999999
La Rioja,17,2020,2020-01-01,318703.0,38991.0,279712.0,7.0,9.0,3133.0,6650.0,1201.0,266.0,10069.0,2522.0,,15134.0,,17656.0,70.4735,1095.25,137.85,3214.0,3804.0,413.0,1022.0,565.0,92.47975000000001,5.0,435.0,5.34,agregado_media,False,agregado_media,False,agregado_media,False,agregado_suma,False,agregado_suma,False,agregado_suma,False,agregado_suma,False,agregado_suma,False,agregado_media,False,agregado_suma,False,12.672014913602416,10.571086129249698,12.541515781380214,1.9459101490553132,2.1972245773362196,8.049746290952191,8.8023721336499,7.0909098220799835,5.583496308781699,9.217216675915616,7.8328075165248645,,9.624699147254466,,9.778830947936573,4.255236752630353,6.998737926694008,4.926166137469806,8.075271546297458,8.24380842366528,6.023447592961033,6.92951677076365,6.336825731146441,4.526989701633216,1.6094379124341003,6.075346031088684,0.008621856866344757,0.07595823565785942,-0.00041462630611555085,0.33647223662121295,0.11778303565638382,0.05680174363408508,0.14680927296889124,0.22815190902858262,0.15854629130029618,0.08949733262777038,0.07532874994068539,,0.029436568401449037,,0.03586432223554681,0.018676738611283383,-0.004032033891705922,-0.019930635488878856,-0.14513155363627206,-0.12069968008530907,-0.14197026127038725,0.1854575844523021,-0.11994392442572188,0.010727235010463687,0.02817087696669618,-0.17076073439287853,0.5
La Rioja,17,2021,2021-01-01,319444.0,40379.0,279065.0,7.0,14.0,3219.0,7222.0,1298.0,281.0,10505.0,,2791.0,,15042.0,17833.0,72.96975,1094.65,142.5,4433.0,5129.0,553.0,1019.0,897.0,93.1515,5.157072368421052,604.0,6.14,agregado_media,False,agregado_media,False,agregado_media,False,agregado_suma,False,agregado_suma,False,agregado_suma,False,agregado_suma,False,agregado_suma,False,agregado_media,False,agregado_suma,False,12.674337263572053,10.60606512682516,12.539200008579456,1.9459101490553132,2.6390573296152584,8.076826031298808,8.884887201837403,7.168579897264035,5.638354669333745,9.2596066132791,,7.934155233536322,,9.618601567386348,9.788805952452513,4.290044971706154,6.998189956453345,4.959341999708705,8.396831834745054,8.542665987389269,6.315358001522335,6.926577033222725,6.799055862058796,4.534227199977526,1.6403690480169084,6.403574197934815,0.002322349969636761,0.03497899757546108,-0.002315772800757898,0.0,0.44183275227903884,0.027079740346616532,0.08251506818750265,0.07767007518405133,0.05485836055204629,0.04238993736348462,,,,,0.009975004515940356,0.034808219075801006,-0.0005479702406629983,0.03317586223889979,0.3215602884475963,0.2988575637239883,0.2919104085613018,-0.0029397375409248028,0.46223013091235465,0.007237498344309756,0.030931135582808134,0.3282281668461309,0.7999999999999998
La Rioja,17,2022,2022-01-01,319617.0,41341.0,278276.0,7.0,12.0,3366.0,7536.0,1325.0,290.0,11069.0,,2780.0,,14956.0,17736.0,78.18725,1139.6750000000002,145.775,4966.0,5143.0,579.0,1204.0,736.0,94.77433333333333,5.384615384615384,654.0,6.91,agregado_media,False,agregado_media,False,agregado_media,False,agregado_suma,False,agregado_suma,False,agregado_suma,False,agregado_suma,False,agregado_suma,False,agregado_media,False,agregado_suma,False,12.674878682949002,10.629610022590025,12.536368705922484,1.9459101490553132,2.4849066497880004,8.121480374750751,8.927446816256198,7.1891677384203225,5.66988092298052,9.311903687385623,,7.930206206684683,,9.612867836097005,9.783351751296147,4.359106590779972,7.038498413024014,4.98206433710822,8.510369966068112,8.545391845774915,6.361302477572996,7.093404625868766,6.601230118728877,4.551498627173842,1.6835458845878222,6.483107351457199,0.0005414193769492925,0.02354489576486607,-0.002831302656971957,0.0,-0.15415067982725805,0.044654343451943745,0.04255961441879563,0.020587841156287645,0.031526253646774194,0.052297074106522956,,-0.003949026851639559,,-0.005733731289343069,-0.005454201156366523,0.06906161907381847,0.04030845657066884,0.02272233739951446,0.11353813132305746,0.002725858385646873,0.045944476050660654,0.1668275926460412,-0.1978257433299193,0.01727142719631658,0.04317683657091376,0.07953315352238377,0.7700000000000005
La Rioja,17,2023,2023-01-01,322282.0,44336.0,277946.0,5.0,18.0,3380.0,9318.0,1500.0,348.0,11513.0,,3314.0,,14940.0,18254.0,80.38475,1190.25,146.625,4048.0,4408.0,556.0,843.0,867.0,96.62591666666665,5.633802816901408,628.0,7.79,agregado_media,False,agregado_media,False,agregado_media,False,agregado_suma,False,agregado_suma,False,agregado_suma,False,agregado_suma,False,agregado_suma,False,agregado_media,False,agregado_suma,False,12.683182217655666,10.69955226710276,12.535182129200532,1.6094379124341003,2.8903717578961645,8.125630988477065,9.139703292376742,7.313220387090301,5.8522024797744745,9.351232110673664,,8.105911197986508,,9.611797458686809,9.812139513076822,4.386824481577121,7.081918648074629,4.98787830697364,8.305978210967302,8.391176350832751,6.320768294250582,6.736966958001855,6.7650389767805414,4.570846993710365,1.7287846700666665,6.4425401664681985,0.00830353470666445,0.06994224451273467,-0.001186576721952548,-0.33647223662121295,0.40546510810816416,0.0041506137263134235,0.21225647612054388,0.1240526486699789,0.1823215567939549,0.039328423288040426,,0.17570499130182515,,-0.0010703774101958885,0.028787761780675325,0.027717890797148925,0.043420235050614764,0.005813969865419821,-0.20439175510080965,-0.15421549494216436,-0.04053418332241332,-0.3564376678669108,0.16380885805166479,0.019348366536522832,0.0452387854788443,-0.04056718498900036,0.8799999999999999
La Rioja,17,2024,2024-01-01,324184.0,46734.0,277450.0,6.0,18.0,3424.0,11110.0,1772.0,343.0,12038.0,,3298.0,,14725.0,18023.0,87.79525000000001,1232.125,146.2,4821.0,5493.0,615.0,874.0,1085.0,98.25399999999999,5.913978494623656,708.0,7.3,agregado_media,False,agregado_media,False,agregado_media,False,agregado_suma,False,agregado_suma,False,agregado_suma,False,agregado_suma,False,agregado_suma,False,agregado_media,False,agregado_suma,False,12.689066534814154,10.752227230148003,12.533396015754047,1.791759469228055,2.8903717578961645,8.138564737261632,9.315600882633676,7.4798641311650265,5.8377304471659395,9.395823592107716,,8.101071503119543,,9.597302008519787,9.799403998992805,4.475007398949811,7.116495599985603,4.9849755473156785,8.480736654405622,8.61122983334262,6.421622267806518,6.773080375655535,6.98933526597456,4.587555962388834,1.7773187850732606,6.56244409369372,0.005884317158487917,0.05267496304524322,-0.0017861134464851602,0.18232155679395468,0.0,0.0129337487845671,0.17589759025693397,0.16664374407472504,-0.014472032608535024,0.04459148143405223,,-0.00483969486696445,,-0.014495450167022028,-0.012735514084017296,0.08818291737268957,0.03457695191097443,-0.0029027596579611625,0.1747584434383196,0.22005348250986856,0.10085397355593528,0.036113417653679925,0.22429628919401878,0.016708968678468494,0.0485341150065941,0.11990392722552112,-0.4900000000000002
La Rioja,17,2025,2025-01-01,326803.0,48436.0,278367.0,10.0,13.0,3433.0,12380.0,1948.0,393.0,12569.0,,3125.0,,14565.0,17690.0,100.0,1334.95,152.775,5527.0,5775.0,653.0,1405.0,466.0,99.99991666666666,,744.0,7.17,agregado_media,False,agregado_media,False,agregado_media,False,agregado_suma,False,agregado_suma,False,agregado_suma,False,agregado_suma,False,agregado_suma,False,agregado_media,False,agregado_suma,False,12.69711282185241,10.787998617874257,12.536695665933877,2.302585092994046,2.5649493574615367,8.141189793457691,9.423837546238587,7.5745584842024805,5.973809611869261,9.438988743924838,,8.047189562170502,,9.586376669393536,9.780754787153832,4.605170185988092,7.196649116949441,5.02896625078098,8.617400451833262,8.661293535389994,6.481577129276431,7.247792581767846,6.144185634125646,4.605169352654411,,6.612041034833092,0.008046287038256494,0.03577138772625332,0.003299650179830138,0.5108256237659909,-0.3254224004346278,0.002625056196059461,0.10823666360491124,0.094694353037454,0.1360791647033217,0.04316515181712255,,-0.05388194094904186,,-0.010925339126250933,-0.018649211838972946,0.1301627870382811,0.0801535169638381,0.043990703465301095,0.1366637974276408,0.05006370204737465,0.05995486146991347,0.4747122061123106,-0.8451496318489147,0.017613390265577067,,0.049596941139371964,-0.1299999999999999
