id,term,coef,se,p
real_busq_0001,ect_l1,-0.2039417062062013,0.04708100622410039,1.4794944477563555e-05
real_busq_0002,ect_l1,-0.17465554449743145,0.04407147492801442,7.401174545997467e-05
real_busq_0002,d_ln_credito_nuevo,0.043644578340778666,0.013936110767920215,0.0017376083197025512
real_busq_0003,ect_l1,-0.1688471605056739,0.03696062237465905,4.916991498688249e-06
real_busq_0003,d_ln_ipv_real_l1,0.24545405254740246,0.08404877014033475,0.003496087428843145
real_busq_0004,ect_l1,-0.12263456953747827,0.035894873109998636,0.0006343338013611084
real_busq_0004,d_ln_ipv_real_l1,0.3310094063033135,0.10736095963946508,0.002048253248299604
real_busq_0004,d_ln_credito_nuevo,0.05063978866791451,0.017604395437349454,0.004020582655235494
real_busq_0005,ect_l1,-0.16193171023943081,0.03994134624193309,5.0298060219952565e-05
real_busq_0005,d_ln_ipv_real_l4,0.39767503066041004,0.13269751500808474,0.0027278164476879753
real_busq_0006,ect_l1,-0.14093911307376694,0.0376156360935765,0.00017908868859832362
real_busq_0006,d_ln_ipv_real_l4,0.3528375203069992,0.10516658370689261,0.0007935507700141568
real_busq_0006,d_ln_credito_nuevo,0.03834369085879843,0.012236141601283954,0.0017265118391694043
real_busq_0007,ect_l1,-0.19530159256781415,0.04264349688723382,4.652691763737276e-06
real_busq_0007,d_ln_pob_extranj,0.15578367722846564,0.18736191252015422,0.40571459529028053
real_busq_0008,ect_l1,-0.16240451111099835,0.04094515124510743,7.296888555013567e-05
real_busq_0008,d_ln_pob_extranj,0.20743523900072344,0.17855267381062193,0.24533322859678697
real_busq_0008,d_ln_credito_nuevo,0.04475663681373289,0.014331599969359522,0.001790580659200272
real_busq_0009,ect_l1,-0.16721635120481065,0.03518619146855482,2.010870124538344e-06
real_busq_0009,d_ln_pob_extranj,0.05097913758975801,0.14150309549159756,0.7186461966918675
real_busq_0009,d_ln_ipv_real_l1,0.23708487723567986,0.09101080957740075,0.00918691974468704
real_busq_0010,ect_l1,-0.12015928961120753,0.035221019963389236,0.000645877990739059
real_busq_0010,d_ln_pob_extranj,0.0732767091999407,0.10621545150245212,0.49026495556351457
real_busq_0010,d_ln_ipv_real_l1,0.31922252300445214,0.10888574693339358,0.0033709050573885652
real_busq_0010,d_ln_credito_nuevo,0.05078353265796819,0.0173992001665266,0.0035146275110229577
real_busq_0011,ect_l1,-0.16748957728175143,0.03908416394493892,1.8244635639839788e-05
real_busq_0011,d_ln_pob_extranj,-0.23595584654529383,0.1439973377260174,0.10129397437887826
real_busq_0011,d_ln_ipv_real_l4,0.4689439283457836,0.14592183105236353,0.0013105232884852566
real_busq_0012,ect_l1,-0.14473060452545944,0.036658918801094315,7.879609441185142e-05
real_busq_0012,d_ln_pob_extranj,-0.13042164556179928,0.12798199826213383,0.3081733311376422
real_busq_0012,d_ln_ipv_real_l4,0.39376716612267204,0.11106939919403362,0.0003922625970066373
real_busq_0012,d_ln_credito_nuevo,0.03702959121445244,0.012281787747095634,0.0025697917586676006
real_busq_0013,ect_l1,-0.2020490575694608,0.04404252783516967,4.483922762950031e-06
real_busq_0013,d_ln_pob_extranj4,0.039180426260716654,0.20625995085344584,0.8493431877528386
real_busq_0014,ect_l1,-0.1693682341149985,0.0420605971218749,5.654896385134697e-05
real_busq_0014,d_ln_pob_extranj4,0.10037181156046272,0.19310765378124764,0.6032230019594671
real_busq_0014,d_ln_credito_nuevo,0.04429844208141296,0.01455667172267596,0.002340992206781166
real_busq_0015,ect_l1,-0.16938918486226964,0.03498294022655637,1.2850569239387682e-06
real_busq_0015,d_ln_pob_extranj4,-0.014850464706186855,0.1503173721726393,0.9213017784068154
real_busq_0015,d_ln_ipv_real_l1,0.24668040708230105,0.0855970418797794,0.003953101922749373
real_busq_0016,ect_l1,-0.1210967941488796,0.035758530038267275,0.0007078643699572166
real_busq_0016,d_ln_pob_extranj4,0.03749550444775466,0.11366784197697627,0.7414989009516165
real_busq_0016,d_ln_ipv_real_l1,0.32822632960386156,0.10533477407629072,0.0018330354338836358
real_busq_0016,d_ln_credito_nuevo,0.050825235320488174,0.017752308841551236,0.004196225785617144
real_busq_0017,ect_l1,-0.16805844305604153,0.04020202492384308,2.910636803452412e-05
real_busq_0017,d_ln_pob_extranj4,-0.28180903898437226,0.14574837986642836,0.05317079412065852
real_busq_0017,d_ln_ipv_real_l4,0.46854210224871884,0.14036293351612275,0.0008436075268505929
real_busq_0018,ect_l1,-0.14604538807564543,0.03766906076449754,0.00010572422419541807
real_busq_0018,d_ln_pob_extranj4,-0.18584193976864238,0.12802315800326186,0.14660520155173282
real_busq_0018,d_ln_ipv_real_l4,0.401848261708278,0.10851168257540819,0.0002128365771839011
real_busq_0018,d_ln_credito_nuevo,0.036396721686108705,0.012262698371908378,0.002996621989759238
real_busq_0019,ect_l1,-0.20153136376757785,0.04466448807951346,6.418398249784324e-06
real_busq_0019,d_ln_pob_total,0.9838427805094087,2.1388081120960547,0.6455192244632555
real_busq_0020,ect_l1,-0.16939800321205156,0.04176900935411573,5.000777600105026e-05
real_busq_0020,d_ln_pob_total,1.7039187386077366,2.0247626621537074,0.4000454950467581
real_busq_0020,d_ln_credito_nuevo,0.045258649420670274,0.014694407965688529,0.002070066072566282
real_busq_0021,ect_l1,-0.16879959806159586,0.036857740125172136,4.655101376293949e-06
real_busq_0021,d_ln_pob_total,0.19713226261134326,1.6441521515427426,0.9045631259099329
real_busq_0021,d_ln_ipv_real_l1,0.24240885050820543,0.09099464599679098,0.007721979885028138
real_busq_0022,ect_l1,-0.12200602053987487,0.036035340972707844,0.000709885783414083
real_busq_0022,d_ln_pob_total,0.7583920674637246,1.239539560298773,0.5406477949045738
real_busq_0022,d_ln_ipv_real_l1,0.32011904306249805,0.10481981168594359,0.0022581683343817047
real_busq_0022,d_ln_credito_nuevo,0.05112804504169199,0.017593574925138734,0.0036600722277352906
real_busq_0023,ect_l1,-0.16121243848324038,0.040793557003483506,7.753011816863576e-05
real_busq_0023,d_ln_pob_total,-1.6284049285860163,1.4019840580975171,0.24543849414390473
real_busq_0023,d_ln_ipv_real_l4,0.4422489442792819,0.13581005593807444,0.0011284321997102225
real_busq_0024,ect_l1,-0.14113073608231316,0.03788881052003415,0.00019541912137207803
real_busq_0024,d_ln_pob_total,-0.6076344204676033,1.3654940739106225,0.6563252806441293
real_busq_0024,d_ln_ipv_real_l4,0.37045268051195024,0.1025446930060721,0.0003031453056404201
real_busq_0024,d_ln_credito_nuevo,0.0375034540031254,0.01275043800625467,0.0032678894335173687
real_busq_0025,ect_l1,-0.20122797032745368,0.04619900962279934,1.3265618342570015e-05
real_busq_0025,d_ln_renta_hog_real,0.15324318215160826,0.07104491707775284,0.031006436529184635
real_busq_0026,ect_l1,-0.17386007634543316,0.043562744063327795,6.578786196564709e-05
real_busq_0026,d_ln_renta_hog_real,0.10693228871763634,0.0885401952383406,0.22715270461718662
real_busq_0026,d_ln_credito_nuevo,0.04200800881752107,0.015786415857959625,0.007790373606332359
real_busq_0027,ect_l1,-0.16967832856201145,0.03732883579541415,5.480426211002729e-06
real_busq_0027,d_ln_renta_hog_real,0.11815930595952105,0.08733962748638911,0.17609663770978556
real_busq_0027,d_ln_ipv_real_l1,0.22500605964276452,0.078551628151475,0.004177534350136956
real_busq_0028,ect_l1,-0.12384382186519154,0.0361720783349471,0.0006176549379532472
real_busq_0028,d_ln_renta_hog_real,0.04841049791777887,0.0840750673977265,0.5647497776648216
real_busq_0028,d_ln_ipv_real_l1,0.32102345897656215,0.10786837592127729,0.002919715514031479
real_busq_0028,d_ln_credito_nuevo,0.0496878465173797,0.01909220305748822,0.00925413294741855
real_busq_0029,ect_l1,-0.1615892003025379,0.03917268054080604,3.706569202037937e-05
real_busq_0029,d_ln_renta_hog_real,0.10475153733579606,0.07739024294880008,0.17588009522168602
real_busq_0029,d_ln_ipv_real_l4,0.38335737946721715,0.13727599515269953,0.005228579083554734
real_busq_0030,ect_l1,-0.14122058722024852,0.037473471159651196,0.00016419969491519816
real_busq_0030,d_ln_renta_hog_real,0.06840415345681342,0.08067883339986559,0.3965173395353281
real_busq_0030,d_ln_ipv_real_l4,0.3445668125123397,0.10569120712916687,0.0011136213443126
real_busq_0030,d_ln_credito_nuevo,0.03742103969282895,0.01357974418637982,0.005857540689795551
real_busq_0031,ect_l1,-0.19373292094857772,0.04181519976838019,3.602754307088558e-06
real_busq_0031,d_ln_renta_hog_real,0.14740220739103543,0.07683630756868183,0.05506124282412468
real_busq_0031,d_ln_pob_extranj,0.1370028270728827,0.18528146558867895,0.45964542986577606
real_busq_0032,ect_l1,-0.16251966713166668,0.04083119109388461,6.883347727258476e-05
real_busq_0032,d_ln_renta_hog_real,0.09739171455734451,0.09090651640650735,0.28401694006638956
real_busq_0032,d_ln_pob_extranj,0.1932182014585929,0.1793346629056184,0.28129404520724055
real_busq_0032,d_ln_credito_nuevo,0.043189865764791745,0.01621816074711212,0.007743459042101696
real_busq_0033,ect_l1,-0.168248167907877,0.035388358686706825,1.9909911901114387e-06
real_busq_0033,d_ln_renta_hog_real,0.1173795553440605,0.08855244644639948,0.18499306424433648
real_busq_0033,d_ln_pob_extranj,0.04453539488033438,0.1458207340307782,0.7600524207427523
real_busq_0033,d_ln_ipv_real_l1,0.21782968406940093,0.08413687912755465,0.009625740675213731
real_busq_0034,ect_l1,-0.12143279021862101,0.035514880024774,0.0006280351455978374
real_busq_0034,d_ln_renta_hog_real,0.04694580300762922,0.08467384476023881,0.5792839268037466
real_busq_0034,d_ln_pob_extranj,0.07029164737824457,0.1104855562044196,0.5246417287833626
real_busq_0034,d_ln_ipv_real_l1,0.31001886821291263,0.10751736473088021,0.003933692133114262
real_busq_0034,d_ln_credito_nuevo,0.049854536534849,0.018898816704059605,0.008340363413145032
real_busq_0035,ect_l1,-0.1671876792143054,0.03823362601945415,1.22667801338949e-05
real_busq_0035,d_ln_renta_hog_real,0.10582314670789773,0.0750236883244558,0.15838330899754327
real_busq_0035,d_ln_pob_extranj,-0.237828753727426,0.145140194065553,0.101293675114672
real_busq_0035,d_ln_ipv_real_l4,0.45504550661042636,0.15175754031704067,0.002713090939417435
real_busq_0036,ect_l1,-0.1451383050092523,0.03658191126837683,7.263407621913923e-05
real_busq_0036,d_ln_renta_hog_real,0.07035183895726713,0.08025858413702554,0.3807231384323373
real_busq_0036,d_ln_pob_extranj,-0.13448795727769505,0.12934021096774942,0.29843280788182913
real_busq_0036,d_ln_ipv_real_l4,0.3865370773145632,0.11155906320710494,0.0005304979960903505
real_busq_0036,d_ln_credito_nuevo,0.0360396979553112,0.013684633077858391,0.008448771142728568
real_busq_0037,ect_l1,-0.19981383426052302,0.0431245868641798,3.596934994599851e-06
real_busq_0037,d_ln_renta_hog_real,0.15260783167168146,0.07303402287203577,0.03665874778679891
real_busq_0037,d_ln_pob_extranj4,0.02950747464020441,0.201610739870981,0.8836382724603493
real_busq_0038,ect_l1,-0.16906108367908476,0.041828379234541295,5.3047113913327964e-05
real_busq_0038,d_ln_renta_hog_real,0.10426052048219793,0.0892837993715194,0.24291049712645296
real_busq_0038,d_ln_pob_extranj4,0.09147912038151604,0.19259465060072553,0.6347993292049773
real_busq_0038,d_ln_credito_nuevo,0.04264483255234665,0.016473494035383042,0.009634070715504085
real_busq_0039,ect_l1,-0.1703335361008248,0.03523253747148128,1.3344578941553766e-06
real_busq_0039,d_ln_renta_hog_real,0.11831872240351435,0.08804613486758345,0.17900452324840432
real_busq_0039,d_ln_pob_extranj4,-0.01792075070268049,0.15261779102935077,0.9065253165864205
real_busq_0039,d_ln_ipv_real_l1,0.22645837132450639,0.07980116826358943,0.004542810426579618
real_busq_0040,ect_l1,-0.12238280013454934,0.03614519830257636,0.0007095400620280763
real_busq_0040,d_ln_renta_hog_real,0.04783595709598419,0.08454297252226464,0.5715173362678906
real_busq_0040,d_ln_pob_extranj4,0.0352740909090552,0.11733213515407881,0.7636932002774922
real_busq_0040,d_ln_ipv_real_l1,0.31852377935137033,0.1051719027394888,0.002456885529342902
real_busq_0040,d_ln_credito_nuevo,0.049873604169121934,0.01928198323662443,0.00969451618443258
real_busq_0041,ect_l1,-0.1676445134347086,0.0393176157801045,2.009321310183535e-05
real_busq_0041,d_ln_renta_hog_real,0.10184326405732626,0.07637792130500962,0.1823965195171121
real_busq_0041,d_ln_pob_extranj4,-0.2780865793105762,0.14754727423764996,0.059466478285016916
real_busq_0041,d_ln_ipv_real_l4,0.4536858654743278,0.1465342054787969,0.001960783001741029
real_busq_0042,ect_l1,-0.14632473827907966,0.03752430909409501,9.640538303828385e-05
real_busq_0042,d_ln_renta_hog_real,0.0683510208524955,0.08096788674067024,0.39857193249281886
real_busq_0042,d_ln_pob_extranj4,-0.1857725963859661,0.12940062766333782,0.1511050720401852
real_busq_0042,d_ln_ipv_real_l4,0.39356569072165154,0.10945457203212808,0.0003235217558886558
real_busq_0042,d_ln_credito_nuevo,0.03547551365958088,0.01361527115782066,0.009172208812415822
real_busq_0043,ect_l1,-0.1992343902516779,0.043949866286602114,5.809139664477919e-06
real_busq_0043,d_ln_renta_hog_real,0.14976116172830867,0.07624624592206518,0.04950950957898849
real_busq_0043,d_ln_pob_total,0.8388995119953757,2.1002967581180023,0.6895841171525461
real_busq_0044,ect_l1,-0.1690388014166261,0.041495245392522355,4.627389829431806e-05
real_busq_0044,d_ln_renta_hog_real,0.09856909878263287,0.09203873846664792,0.28419087728989434
real_busq_0044,d_ln_pob_total,1.5826918514692483,2.0349444235102405,0.43671240328863825
real_busq_0044,d_ln_credito_nuevo,0.04363524164740785,0.016585061165189194,0.008513485582090715
real_busq_0045,ect_l1,-0.1696410826554983,0.03720622399650003,5.128012205871706e-06
real_busq_0045,d_ln_renta_hog_real,0.11789663169156706,0.08888108516362188,0.18468950845616583
real_busq_0045,d_ln_pob_total,0.14671497270115044,1.6643853197103209,0.9297577400467045
real_busq_0045,d_ln_ipv_real_l1,0.22278513599989933,0.08402516698307362,0.008015656287591629
real_busq_0046,ect_l1,-0.12318978642803266,0.03625518655782095,0.0006791695822370977
real_busq_0046,d_ln_renta_hog_real,0.046392611302160526,0.08543775471301723,0.5871305237429265
real_busq_0046,d_ln_pob_total,0.7283258599053505,1.2838763056752052,0.5705194607177161
real_busq_0046,d_ln_ipv_real_l1,0.3109810832118743,0.10302262635070389,0.0025397011987131723
real_busq_0046,d_ln_credito_nuevo,0.05019642576959069,0.019128021687108088,0.008684381912534065
real_busq_0047,ect_l1,-0.16085719773449808,0.03985481420799318,5.435181051338041e-05
real_busq_0047,d_ln_renta_hog_real,0.10590623216469588,0.07630759300772579,0.16517179297133244
real_busq_0047,d_ln_pob_total,-1.6486793182457633,1.369534999727889,0.22865755021017498
real_busq_0047,d_ln_ipv_real_l4,0.42832843277776167,0.1410363993050469,0.0023894046426017135
real_busq_0048,ect_l1,-0.14143049847151604,0.03774157760620236,0.00017872023494246037
real_busq_0048,d_ln_renta_hog_real,0.0697461602262566,0.08133264865710048,0.39114542690873166
real_busq_0048,d_ln_pob_total,-0.6481154553096548,1.3623483385893755,0.6342638790834976
real_busq_0048,d_ln_ipv_real_l4,0.3631932458633599,0.10214166834072047,0.00037686012145832335
real_busq_0048,d_ln_credito_nuevo,0.03650672436346119,0.014170324166107808,0.009986970349455782
real_busq_0049,ect_l1,-0.20419611300536422,0.047484071267581,1.7056119024077867e-05
real_busq_0049,d_ln_costes,0.011815516638452386,0.09325489666196918,0.8991768168806781
real_busq_0050,ect_l1,-0.17539576004413196,0.044081061526581165,6.922412348098223e-05
real_busq_0050,d_ln_costes,0.04695451761032035,0.08800704183557599,0.5936658016478911
real_busq_0050,d_ln_credito_nuevo,0.044048130690953945,0.014373620500998295,0.0021802551978307204
real_busq_0051,ect_l1,-0.16592272136638236,0.03744747896094001,9.387911643859356e-06
real_busq_0051,d_ln_costes,-0.05479657391255477,0.0989471467526996,0.5797181905964246
real_busq_0051,d_ln_ipv_real_l1,0.2576557986480212,0.08600125308241743,0.0027358769656672093
real_busq_0052,ect_l1,-0.12087279855390796,0.03563978559261036,0.0006950784852895144
real_busq_0052,d_ln_costes,-0.03545609172474207,0.07403774213622576,0.6320153729642484
real_busq_0052,d_ln_ipv_real_l1,0.33866296537036444,0.10332019885694953,0.0010461943016720125
real_busq_0052,d_ln_credito_nuevo,0.050496802366084566,0.01759036941999168,0.004095545252166897
real_busq_0053,ect_l1,-0.1618037836148445,0.040159576776217565,5.600958318512343e-05
real_busq_0053,d_ln_costes,-0.005058644990008654,0.07913169266040755,0.9490284210399687
real_busq_0053,d_ln_ipv_real_l4,0.39785494507808805,0.13236962009389483,0.0026502572184696547
real_busq_0054,ect_l1,-0.14149866987480325,0.03765453747330241,0.0001714056331526701
real_busq_0054,d_ln_costes,0.027698878056608294,0.07503278031362609,0.7120106851468342
real_busq_0054,d_ln_ipv_real_l4,0.351551418925492,0.1038447118951027,0.0007108574549140956
real_busq_0054,d_ln_credito_nuevo,0.03860107176212956,0.012458350459674732,0.0019456236530803624
real_busq_0055,ect_l1,-0.19500944481250088,0.042929424464063115,5.557542678780593e-06
real_busq_0055,d_ln_costes,-0.007792303897440288,0.09108174263495777,0.9318218704638568
real_busq_0055,d_ln_pob_extranj,0.15802605104373604,0.18444908286392167,0.39158516386588504
real_busq_0056,ect_l1,-0.16313708909441635,0.04084427725521747,6.493400331519859e-05
real_busq_0056,d_ln_costes,0.022697066001701346,0.08040791297867274,0.7777333938337406
real_busq_0056,d_ln_pob_extranj,0.2010896178332008,0.17053723715442903,0.23833697017781774
real_busq_0056,d_ln_credito_nuevo,0.044917688774026986,0.014546372908697298,0.0020157890654190335
real_busq_0057,ect_l1,-0.1636056843239821,0.035473990145827985,3.988323751924479e-06
real_busq_0057,d_ln_costes,-0.06027855123586914,0.09998876076899528,0.5466063063663944
real_busq_0057,d_ln_pob_extranj,0.06328495903915346,0.138823881434108,0.6484870057583574
real_busq_0057,d_ln_ipv_real_l1,0.2484870846528348,0.09266673319535962,0.00732899842062697
real_busq_0058,ect_l1,-0.11775679861579705,0.03473935375340834,0.0006996318959499064
real_busq_0058,d_ln_costes,-0.04249862333660292,0.07615801858364084,0.5768224262290984
real_busq_0058,d_ln_pob_extranj,0.0818849347692832,0.10629453836082625,0.4410870759223373
real_busq_0058,d_ln_ipv_real_l1,0.32701161313871435,0.10548909877463532,0.0019354909244077942
real_busq_0058,d_ln_credito_nuevo,0.05062903185007273,0.01732197544895059,0.003468759791130141
real_busq_0059,ect_l1,-0.16822762536922134,0.03933844480779312,1.8992464309272478e-05
real_busq_0059,d_ln_costes,0.02208505503687491,0.0747330909967202,0.7675973715449042
real_busq_0059,d_ln_pob_extranj,-0.2435783390334511,0.1448047880349873,0.09254649805382248
real_busq_0059,d_ln_ipv_real_l4,0.4704607804467971,0.14674471268367348,0.0013460281288584835
real_busq_0060,ect_l1,-0.14599975525527367,0.036705905427042475,6.962754015799924e-05
real_busq_0060,d_ln_costes,0.04267618703194266,0.07292191932742097,0.5583922255790982
real_busq_0060,d_ln_pob_extranj,-0.1444229025233892,0.12616844711231012,0.2523404107422651
real_busq_0060,d_ln_ipv_real_l4,0.39617959761106464,0.11194752236501766,0.00040168233394408776
real_busq_0060,d_ln_credito_nuevo,0.03728506928893127,0.012499643503081173,0.0028554002532112724
real_busq_0061,ect_l1,-0.2023153879828529,0.04438696950625401,5.1645358209374454e-06
real_busq_0061,d_ln_costes,0.008554931921742701,0.08988501223477882,0.9241747145666801
real_busq_0061,d_ln_pob_extranj4,0.03748023962494204,0.203108823004994,0.8535954990086217
real_busq_0062,ect_l1,-0.17037809189710723,0.04203178432427055,5.044542870234193e-05
real_busq_0062,d_ln_costes,0.03929794627842123,0.08172746999755887,0.6306292656281687
real_busq_0062,d_ln_pob_extranj4,0.0929616967123766,0.18596961050263622,0.6171625752749923
real_busq_0062,d_ln_credito_nuevo,0.04458791717301664,0.01488471776442993,0.002739503315896435
real_busq_0063,ect_l1,-0.16618618663015686,0.03526524986119941,2.4474047833493623e-06
real_busq_0063,d_ln_costes,-0.054340248266472393,0.09866065369186344,0.5817849585791925
real_busq_0063,d_ln_pob_extranj4,-0.0065512158977504694,0.14797540735976367,0.9646873284117173
real_busq_0063,d_ln_ipv_real_l1,0.25809518781189755,0.08737519775526212,0.0031381369812025343
real_busq_0064,ect_l1,-0.11895412927148508,0.03529765214380409,0.0007516013486465352
real_busq_0064,d_ln_costes,-0.03838981791380603,0.07457167558514499,0.6066897927735347
real_busq_0064,d_ln_pob_extranj4,0.04322843725040974,0.11217445450329225,0.6999648399177419
real_busq_0064,d_ln_ipv_real_l1,0.3360876406031624,0.10185200594178058,0.0009676596882858641
real_busq_0064,d_ln_credito_nuevo,0.05069877212355731,0.0176825034415668,0.004141583501050981
real_busq_0065,ect_l1,-0.16855886067680917,0.04059158292043121,3.287808648118028e-05
real_busq_0065,d_ln_costes,0.016753896323827573,0.07267277827121536,0.8176731041394558
real_busq_0065,d_ln_pob_extranj4,-0.2853385042721811,0.1452907554961258,0.049540101554505195
real_busq_0065,d_ln_ipv_real_l4,0.4688337991995944,0.14036764054574383,0.0008376575429321409
real_busq_0066,ect_l1,-0.14708642298782823,0.037843423743766674,0.00010161191974426053
real_busq_0066,d_ln_costes,0.040886012275710884,0.070965979641879,0.5645236730238262
real_busq_0066,d_ln_pob_extranj4,-0.1936697081195326,0.12594248894622034,0.12410655689849832
real_busq_0066,d_ln_ipv_real_l4,0.4020142218061834,0.10803035882534279,0.00019819364890367888
real_busq_0066,d_ln_credito_nuevo,0.036694631384330795,0.012507919498575883,0.003349350175308947
real_busq_0067,ect_l1,-0.20152532017858277,0.044974480970700365,7.433537447225312e-06
real_busq_0067,d_ln_costes,-0.0002242190432888183,0.09230083559475663,0.9980617647091363
real_busq_0067,d_ln_pob_total,0.9843390393450844,2.131540210392669,0.6442268469988395
real_busq_0068,ect_l1,-0.17002037471688233,0.041782813492849236,4.718574275438379e-05
real_busq_0068,d_ln_costes,0.027946834474404495,0.08119761227373666,0.7307086968842571
real_busq_0068,d_ln_pob_total,1.6449981270451333,1.9658301420005917,0.4027074385016275
real_busq_0068,d_ln_credito_nuevo,0.04544302580339475,0.014939868147530696,0.002352237943068228
real_busq_0069,ect_l1,-0.1657195505766669,0.037062127155015445,7.77096342666593e-06
real_busq_0069,d_ln_costes,-0.057305725861670716,0.09983139416383723,0.5659508173220336
real_busq_0069,d_ln_pob_total,0.28706148198958314,1.6265274226484208,0.8599111016501728
real_busq_0069,d_ln_ipv_real_l1,0.25378013604957733,0.09248671320727778,0.006070234530934857
real_busq_0070,ect_l1,-0.11984204032449963,0.035587312282402056,0.0007583937463741052
real_busq_0070,d_ln_costes,-0.042462849807770445,0.07501940616691752,0.571376872551455
real_busq_0070,d_ln_pob_total,0.8236096239694367,1.215291620451378,0.4979585383150331
real_busq_0070,d_ln_ipv_real_l1,0.3283485708505871,0.10187742008921212,0.0012686578749197517
real_busq_0070,d_ln_credito_nuevo,0.0509987894574819,0.0175009659557944,0.003567662543318171
real_busq_0071,ect_l1,-0.16153593375507705,0.040994702349117146,8.134247553521604e-05
real_busq_0071,d_ln_costes,0.013349236575695965,0.07326876399920863,0.8554293313138113
real_busq_0071,d_ln_pob_total,-1.660303605300415,1.4064380464543864,0.23780042368698928
real_busq_0071,d_ln_ipv_real_l4,0.4426473232521122,0.13604473999759803,0.0011391677352207456
real_busq_0072,ect_l1,-0.1418526098650556,0.037943714046869824,0.00018512081573645713
real_busq_0072,d_ln_costes,0.034536796620860184,0.0700433847493459,0.6219580342866355
real_busq_0072,d_ln_pob_total,-0.6843130029973947,1.3338188488346412,0.6079177917206604
real_busq_0072,d_ln_ipv_real_l4,0.37107197579558354,0.10263980975555048,0.0003000195102872322
real_busq_0072,d_ln_credito_nuevo,0.03771834242740746,0.01295560827340975,0.0035986778238205706
real_busq_0073,ect_l1,-0.201297364559968,0.04672915690123255,1.6492620979185063e-05
real_busq_0073,d_ln_costes,0.0031100381722434524,0.08245439330181595,0.9699122983421075
real_busq_0073,d_ln_renta_hog_real,0.15310595111947733,0.07190091635306523,0.033221019696540906
real_busq_0074,ect_l1,-0.17450151649418716,0.04365593482930684,6.409605904329525e-05
real_busq_0074,d_ln_costes,0.039668296199913876,0.084007942556207,0.6367861999969188
real_busq_0074,d_ln_renta_hog_real,0.10476957516202913,0.09158430798331167,0.2526366476743892
real_busq_0074,d_ln_credito_nuevo,0.0423820392077428,0.016251169825257747,0.009108951888616412
real_busq_0075,ect_l1,-0.16667625285332763,0.03804769735425241,1.1828859160133892e-05
real_busq_0075,d_ln_costes,-0.05632304216659682,0.08695719177756672,0.5171725390415884
real_busq_0075,d_ln_renta_hog_real,0.11870371500161817,0.09019071100766382,0.18812663853396794
real_busq_0075,d_ln_ipv_real_l1,0.2374534974018974,0.07947782849017479,0.0028111321199914283
real_busq_0076,ect_l1,-0.12204669606993167,0.035890367546564814,0.0006725244585453799
real_busq_0076,d_ln_costes,-0.0364564856017146,0.07138300365687215,0.6095495086104239
real_busq_0076,d_ln_renta_hog_real,0.04898512027358595,0.08304620489869678,0.555288664111115
real_busq_0076,d_ln_ipv_real_l1,0.32877443218691904,0.1025930378705317,0.0013522839511602054
real_busq_0076,d_ln_credito_nuevo,0.04952952650435654,0.01910739523852915,0.009537393966811712
real_busq_0077,ect_l1,-0.16132388382251645,0.03947792669649267,4.380567987875597e-05
real_busq_0077,d_ln_costes,-0.010437081970606181,0.07059906370113618,0.882472211131017
real_busq_0077,d_ln_renta_hog_real,0.10517239777060047,0.07762614260175649,0.17546281369896277
real_busq_0077,d_ln_ipv_real_l4,0.38367105788691963,0.13706514607373063,0.005123136253831793
real_busq_0078,ect_l1,-0.14168964016018792,0.03752985975500561,0.0001597612201795903
real_busq_0078,d_ln_costes,0.023457732581455844,0.07226960230571129,0.7454940950095544
real_busq_0078,d_ln_renta_hog_real,0.06723116845898372,0.08279842694765052,0.41679963048489266
real_busq_0078,d_ln_ipv_real_l4,0.3436194589762107,0.10456421604759944,0.001015470450054647
real_busq_0078,d_ln_credito_nuevo,0.037654832919073955,0.013830933874435021,0.006478839675193472
real_busq_0079,ect_l1,-0.19319999394618206,0.04228156953553422,4.89200297819568e-06
real_busq_0079,d_ln_costes,-0.014086410135561396,0.07977538273970353,0.859841524330911
real_busq_0079,d_ln_renta_hog_real,0.14785340218162143,0.07705154845285264,0.054998328131751
real_busq_0079,d_ln_pob_extranj,0.1409989539698701,0.18306581631401084,0.44117587858298635
real_busq_0080,ect_l1,-0.1630836857561517,0.04075238911227029,6.285737189503888e-05
real_busq_0080,d_ln_costes,0.017500975889067898,0.07622147539915446,0.8183972527534356
real_busq_0080,d_ln_renta_hog_real,0.09667398675069286,0.09241803581805226,0.2955374467498011
real_busq_0080,d_ln_pob_extranj,0.18843006994040995,0.17190515747120116,0.2730227284232032
real_busq_0080,d_ln_credito_nuevo,0.04332559405167066,0.01644860608319053,0.008438600727690834
real_busq_0081,ect_l1,-0.16458259342519055,0.03596623830955945,4.738821202793056e-06
real_busq_0081,d_ln_costes,-0.061250016785226846,0.08768344278520232,0.48484222769095486
real_busq_0081,d_ln_renta_hog_real,0.11775301707479865,0.09140314259394203,0.19764784047877615
real_busq_0081,d_ln_pob_extranj,0.057019038507210386,0.1435236046970372,0.6911610925773799
real_busq_0081,d_ln_ipv_real_l1,0.22935438910621606,0.08514373147856961,0.007065696502834963
real_busq_0082,ect_l1,-0.11900302966425537,0.03500416612875988,0.0006746429178055253
real_busq_0082,d_ln_costes,-0.04322068644213376,0.07302593890919933,0.5539484289875685
real_busq_0082,d_ln_renta_hog_real,0.04744528299561452,0.08304497392860133,0.5677825143730986
real_busq_0082,d_ln_pob_extranj,0.07901436945568135,0.10998341022443134,0.4724978661443474
real_busq_0082,d_ln_ipv_real_l1,0.3178423747872818,0.10313198623232478,0.0020568454966895366
real_busq_0082,d_ln_credito_nuevo,0.049687526659873214,0.018845801431002077,0.00837587173387151
real_busq_0083,ect_l1,-0.16774785078249763,0.038597602279335494,1.3859885478797147e-05
real_busq_0083,d_ln_costes,0.01670705181461988,0.06622098313856778,0.8008150498676105
real_busq_0083,d_ln_renta_hog_real,0.10517538890616347,0.0754523808012694,0.1633385368847995
real_busq_0083,d_ln_pob_extranj,-0.2435836040840589,0.14581197343766486,0.09481410420697221
real_busq_0083,d_ln_ipv_real_l4,0.45627805926785814,0.15256879371055032,0.002783951432744454
real_busq_0084,ect_l1,-0.14627674475007849,0.03662722319291094,6.506062596875942e-05
real_busq_0084,d_ln_costes,0.038621790918289545,0.06995873206799336,0.5809035903431782
real_busq_0084,d_ln_renta_hog_real,0.06860262881866962,0.08311407484545966,0.4091426813858994
real_busq_0084,d_ln_pob_extranj,-0.14705793914274115,0.1274490672765103,0.2485589914767964
real_busq_0084,d_ln_ipv_real_l4,0.38890008594025377,0.11257673115834865,0.0005512457851148156
real_busq_0084,d_ln_credito_nuevo,0.036295517117721394,0.013906041620365623,0.009052797765840346
real_busq_0085,ect_l1,-0.19983231313475017,0.04362395152585666,4.632150697478209e-06
real_busq_0085,d_ln_costes,0.0005826317808890621,0.07925804357956105,0.9941347439979576
real_busq_0085,d_ln_renta_hog_real,0.1525845843957671,0.07353375854626264,0.03798396946874266
real_busq_0085,d_ln_pob_extranj4,0.02939315731254987,0.1993088373980141,0.8827567684636939
real_busq_0086,ect_l1,-0.16990816599322353,0.04182746531073699,4.862915344363883e-05
real_busq_0086,d_ln_costes,0.032779005531384804,0.07788925314986776,0.6738710559359695
real_busq_0086,d_ln_renta_hog_real,0.10264991952691262,0.09188008383281474,0.26390188901866773
real_busq_0086,d_ln_pob_extranj4,0.08543560557584796,0.18617009170278734,0.6462976833561154
real_busq_0086,d_ln_credito_nuevo,0.042911832774675654,0.01681394100176145,0.010705798017349822
real_busq_0087,ect_l1,-0.1670560185996493,0.03578418759614393,3.0350834759055873e-06
real_busq_0087,d_ln_costes,-0.05566713238891437,0.08639312175348154,0.5193505678276942
real_busq_0087,d_ln_renta_hog_real,0.11878126850701101,0.09072501290460609,0.19045137730626893
real_busq_0087,d_ln_pob_extranj4,-0.00943085297473199,0.15031520716225522,0.9499731374569338
real_busq_0087,d_ln_ipv_real_l1,0.2380728245280461,0.0807268260363763,0.003186836931249844
real_busq_0088,ect_l1,-0.12020711215813276,0.035646477162445164,0.0007456980627276688
real_busq_0088,d_ln_costes,-0.039233575543671975,0.07150864250727784,0.583242221197969
real_busq_0088,d_ln_renta_hog_real,0.04835931769752966,0.08319955573540774,0.5610754084210142
real_busq_0088,d_ln_pob_extranj4,0.041108722123000006,0.11546485992118888,0.7218196029334936
real_busq_0088,d_ln_ipv_real_l1,0.3264517185657145,0.10053032579142474,0.0011650717752738687
real_busq_0088,d_ln_credito_nuevo,0.04973394993203547,0.01923702276694584,0.009728733299948033
real_busq_0089,ect_l1,-0.1679809003921649,0.03979674700885445,2.432526292878426e-05
real_busq_0089,d_ln_costes,0.011197355980836649,0.0645388528182893,0.8622600717294734
real_busq_0089,d_ln_renta_hog_real,0.10136689486989932,0.07683129906826154,0.18705421498297303
real_busq_0089,d_ln_pob_extranj4,-0.2804628858375284,0.14729076422000972,0.056891378796931076
real_busq_0089,d_ln_ipv_real_l4,0.4539503088618911,0.14663522172254084,0.001962962947859535
real_busq_0090,ect_l1,-0.14724990828570106,0.03770174342401185,9.397147462399759e-05
real_busq_0090,d_ln_costes,0.036629815624230316,0.06815564041965401,0.590961204259997
real_busq_0090,d_ln_renta_hog_real,0.06651737018129414,0.08387164437873439,0.42772811330517513
real_busq_0090,d_ln_pob_extranj4,-0.1927873614513858,0.12736800069893958,0.1301210337321799
real_busq_0090,d_ln_ipv_real_l4,0.3939365707939552,0.10918341112205031,0.0003085357435882847
real_busq_0090,d_ln_credito_nuevo,0.03576712444800856,0.013866303639397977,0.009896423964599945
real_busq_0091,ect_l1,-0.1990373851678856,0.04438033808607629,7.297892597834061e-06
real_busq_0091,d_ln_costes,-0.007165909887941416,0.08221853063072192,0.9305468206097014
real_busq_0091,d_ln_renta_hog_real,0.15001253800088676,0.07642653035268031,0.04966554828139326
real_busq_0091,d_ln_pob_total,0.8545163656602635,2.1024891858954002,0.6844260915151599
real_busq_0092,ect_l1,-0.1695414767658437,0.041542117596186826,4.480477169977089e-05
real_busq_0092,d_ln_costes,0.022411894108880545,0.07798686446258189,0.7738210886201744
real_busq_0092,d_ln_renta_hog_real,0.09759052675470364,0.09382798297973356,0.2982932374292607
real_busq_0092,d_ln_pob_total,1.5366441276793674,1.9860762900185105,0.439103186218856
real_busq_0092,d_ln_credito_nuevo,0.04379921865733913,0.01684232700565194,0.009307598210734291
real_busq_0093,ect_l1,-0.16650509189137988,0.037650274345826115,9.760430597712703e-06
real_busq_0093,d_ln_costes,-0.058399789335488506,0.0880266352680725,0.5070531703784573
real_busq_0093,d_ln_renta_hog_real,0.1182973404394454,0.09158178133277416,0.1964566939846808
real_busq_0093,d_ln_pob_total,0.2381897343588592,1.6511515603732883,0.8852977407462723
real_busq_0093,d_ln_ipv_real_l1,0.23430682130346123,0.08477663067641866,0.0057130130905547844
real_busq_0094,ect_l1,-0.1210024061459137,0.03579331217189828,0.0007233117007073032
real_busq_0094,d_ln_costes,-0.043171188562782,0.0722831552935009,0.5503397973507557
real_busq_0094,d_ln_renta_hog_real,0.04689025872050342,0.0837023902470451,0.5753415627770684
real_busq_0094,d_ln_pob_total,0.7943088187394172,1.2589701817565742,0.5280931707759511
real_busq_0094,d_ln_ipv_real_l1,0.31924986915636994,0.09899213902600681,0.0012597168735692542
real_busq_0094,d_ln_credito_nuevo,0.05005502066743395,0.019055204101416718,0.008618120436594042
real_busq_0095,ect_l1,-0.1610528906908586,0.04014401496441129,6.023762823517535e-05
real_busq_0095,d_ln_costes,0.008032415624810477,0.06484558965787517,0.9014182988902655
real_busq_0095,d_ln_renta_hog_real,0.10559573775254834,0.07659470539734789,0.1680089463718808
real_busq_0095,d_ln_pob_total,-1.6678137419170775,1.380719660673625,0.22707389856738291
real_busq_0095,d_ln_ipv_real_l4,0.4286089547379216,0.1413107905320598,0.0024205993774552683
real_busq_0096,ect_l1,-0.14206270351069397,0.03781184451920767,0.00017189704305426877
real_busq_0096,d_ln_costes,0.030532168639194068,0.06733893089541756,0.65025328059766
real_busq_0096,d_ln_renta_hog_real,0.06835811839887984,0.08363265363490306,0.41372182160164195
real_busq_0096,d_ln_pob_total,-0.7150973376302748,1.3368187284936157,0.5927019378446816
real_busq_0096,d_ln_ipv_real_l4,0.36388520476348607,0.10235107480726345,0.0003775981624487965
real_busq_0096,d_ln_credito_nuevo,0.0367165321895709,0.014381817179589243,0.010680476406325795
real_busq_0097,ect_l1,-0.1926853050261349,0.04684441125484267,3.9003617895038425e-05
real_busq_0097,d_ln_permisos_l4,0.013062885459302717,0.01493493425187175,0.3817627255543763
real_busq_0098,ect_l1,-0.16363192262533763,0.04470518561030742,0.00025197441415808806
real_busq_0098,d_ln_permisos_l4,0.012819886196103024,0.013298581569646648,0.33504390655546723
real_busq_0098,d_ln_credito_nuevo,0.04360972852530915,0.01372701085225954,0.0014884385652668287
real_busq_0099,ect_l1,-0.1630634618630618,0.03664853488968331,8.611630151986626e-06
real_busq_0099,d_ln_permisos_l4,0.007822955248430304,0.012374716117243128,0.5272741635751979
real_busq_0099,d_ln_ipv_real_l1,0.23875785457302062,0.08368250454409534,0.004328962114910035
real_busq_0100,ect_l1,-0.11858515480162608,0.03501982577495408,0.0007086018718454475
real_busq_0100,d_ln_permisos_l4,0.00562705931392318,0.010562137086770403,0.5942013545471624
real_busq_0100,d_ln_ipv_real_l1,0.32598768594666666,0.11047477543791376,0.003169639793299235
real_busq_0100,d_ln_credito_nuevo,0.05051836812342677,0.01750071573262131,0.0038937225614685904
real_busq_0101,ect_l1,-0.16768269918059453,0.03986433727392423,2.5954708753380844e-05
real_busq_0101,d_ln_permisos_l4,-0.008845771970731067,0.015380114139818941,0.5651942815699564
real_busq_0101,d_ln_ipv_real_l4,0.4153909214329402,0.1389495531820272,0.002794263363463781
real_busq_0102,ect_l1,-0.14523209715300223,0.03780886036832404,0.00012242503449598176
real_busq_0102,d_ln_permisos_l4,-0.006451806666419155,0.013656722708697971,0.6366219249602028
real_busq_0102,d_ln_ipv_real_l4,0.3659690770578491,0.1132957433841557,0.001236991946194358
real_busq_0102,d_ln_credito_nuevo,0.03816394639838507,0.01229221818429801,0.0019045657014045375
real_busq_0103,ect_l1,-0.18961858754000452,0.043788917840206734,1.4891503726998857e-05
real_busq_0103,d_ln_permisos_l4,0.008679089151098718,0.01768353270029944,0.6235674579680613
real_busq_0103,d_ln_pob_extranj,0.12340415881225467,0.21767284471031528,0.5707651964683504
real_busq_0104,ect_l1,-0.15839530782106612,0.04168689885641458,0.00014490503861003422
real_busq_0104,d_ln_permisos_l4,0.006284116871429536,0.016202991782534207,0.6981367927424136
real_busq_0104,d_ln_pob_extranj,0.1838249770333844,0.21050304016539761,0.3825185503386528
real_busq_0104,d_ln_credito_nuevo,0.04461297954973777,0.014335960657683494,0.0018584777228986362
real_busq_0105,ect_l1,-0.16285924202248672,0.036159795341059654,6.672508302423597e-06
real_busq_0105,d_ln_permisos_l4,0.006986005809936319,0.014170630757775176,0.6220183291932988
real_busq_0105,d_ln_pob_extranj,0.025726895051833905,0.16029064134684792,0.8724860072917437
real_busq_0105,d_ln_ipv_real_l1,0.2352507071789937,0.08883829568152934,0.008095092396106842
real_busq_0106,ect_l1,-0.11796836971289248,0.035024843951272026,0.0007567878876806181
real_busq_0106,d_ln_permisos_l4,0.0036692491166415418,0.01144710227573847,0.7485593471289204
real_busq_0106,d_ln_pob_extranj,0.05996728564845921,0.11855937746048321,0.612997339639705
real_busq_0106,d_ln_ipv_real_l1,0.3180888783522426,0.10959664307222922,0.0037036303356667516
real_busq_0106,d_ln_credito_nuevo,0.05067824912879631,0.01744061839802277,0.0036636248176506172
real_busq_0107,ect_l1,-0.1697795922367268,0.03975369134433893,1.9478340882620727e-05
real_busq_0107,d_ln_permisos_l4,-0.003912453278251303,0.01609567670795982,0.8079474582274662
real_busq_0107,d_ln_pob_extranj,-0.22518827298679953,0.15964286150086496,0.15836988681995978
real_busq_0107,d_ln_ipv_real_l4,0.4735273292769941,0.14769546776685424,0.0013454440389596152
real_busq_0108,ect_l1,-0.14701420323536704,0.03746866330700422,8.721468861647418e-05
real_busq_0108,d_ln_permisos_l4,-0.00390094416216296,0.014629827637665972,0.7897438850926178
real_busq_0108,d_ln_pob_extranj,-0.11968723137250445,0.1444750302892696,0.4074278766876437
real_busq_0108,d_ln_ipv_real_l4,0.3983381419295802,0.11389090037243395,0.0004695677818676902
real_busq_0108,d_ln_credito_nuevo,0.037029070229717916,0.01234084480085578,0.0026951054937506816
real_busq_0109,ect_l1,-0.19216306406675293,0.04426745390763877,1.4186421340988284e-05
real_busq_0109,d_ln_permisos_l4,0.012783581010411917,0.015848554886725236,0.41989200501143076
real_busq_0109,d_ln_pob_extranj4,0.015793492139314812,0.21040896209407983,0.9401662343282676
real_busq_0110,ect_l1,-0.16066469848078366,0.04251029353910747,0.00015718748020612992
real_busq_0110,d_ln_permisos_l4,0.011415379893523083,0.014116439709754687,0.41871156730327763
real_busq_0110,d_ln_pob_extranj4,0.07925504631471539,0.1972282462422473,0.6877986181295771
real_busq_0110,d_ln_credito_nuevo,0.044129846907290195,0.014397355361852533,0.0021757130609180594
real_busq_0111,ect_l1,-0.1637679525426371,0.035078785170543504,3.032955086778949e-06
real_busq_0111,d_ln_permisos_l4,0.008287355780487752,0.013020354874951316,0.5244555901666739
real_busq_0111,d_ln_pob_extranj4,-0.028708689784808356,0.15320117831743277,0.8513532199796431
real_busq_0111,d_ln_ipv_real_l1,0.24073111237079023,0.08422167958030405,0.0042591295428481
real_busq_0112,ect_l1,-0.1177465386387128,0.034954219951646485,0.0007555291925319455
real_busq_0112,d_ln_permisos_l4,0.005155952453114839,0.010758037313198531,0.6317500055889118
real_busq_0112,d_ln_pob_extranj4,0.02871433956726381,0.1151764405638283,0.8031230034157238
real_busq_0112,d_ln_ipv_real_l1,0.32427681172576023,0.10801903068838284,0.0026818214802106356
real_busq_0112,d_ln_credito_nuevo,0.05067055009799074,0.01772945040770539,0.00426337000153934
real_busq_0113,ect_l1,-0.17282714635773877,0.03989703559879163,1.4787559655997487e-05
real_busq_0113,d_ln_permisos_l4,-0.0074729826780809494,0.01410324575182923,0.5961973549882909
real_busq_0113,d_ln_pob_extranj4,-0.2776794341786318,0.1520525133085797,0.06781901801659758
real_busq_0113,d_ln_ipv_real_l4,0.48247015619527495,0.14373083353111735,0.000788610516952866
real_busq_0114,ect_l1,-0.14973863698787696,0.037780894572159676,7.39075325983878e-05
real_busq_0114,d_ln_permisos_l4,-0.00566576714182837,0.012865398005961105,0.6596561008679809
real_busq_0114,d_ln_pob_extranj4,-0.18305008160892478,0.13245181718023633,0.16696782916050001
real_busq_0114,d_ln_ipv_real_l4,0.4126436920798734,0.11349618869780487,0.0002771737597337697
real_busq_0114,d_ln_credito_nuevo,0.036268124780069654,0.01229737175498433,0.0031853770243919347
real_busq_0115,ect_l1,-0.1926825703007819,0.0461786401242999,3.0121275208462463e-05
real_busq_0115,d_ln_permisos_l4,0.010996094540166168,0.017117426225461446,0.5206188113298814
real_busq_0115,d_ln_pob_total,0.7280652499170372,2.2738818043009594,0.7488272918829499
real_busq_0116,ect_l1,-0.16267088599633742,0.04294780724584336,0.00015208423243994582
real_busq_0116,d_ln_permisos_l4,0.008549119827918552,0.01637808452387011,0.601680545895056
real_busq_0116,d_ln_pob_total,1.501641365990673,2.1954627583681043,0.49399103130818367
real_busq_0116,d_ln_credito_nuevo,0.045043798051440445,0.014666520231708,0.0021320120984538262
real_busq_0117,ect_l1,-0.16311287965033808,0.03788901570685211,1.6697245669435403e-05
real_busq_0117,d_ln_permisos_l4,0.007746293098204772,0.013330144154970452,0.56116566071305
real_busq_0117,d_ln_pob_total,0.03009213186683794,1.708821335574488,0.9859500779713678
real_busq_0117,d_ln_ipv_real_l1,0.238358626484233,0.08829775079089344,0.0069446478158345995
real_busq_0118,ect_l1,-0.11927586065377553,0.035564419418889825,0.000797106766438759
real_busq_0118,d_ln_permisos_l4,0.0038922459136346284,0.011732016123752477,0.7400684150455223
real_busq_0118,d_ln_pob_total,0.672934214243943,1.3232455294227288,0.6110689020731324
real_busq_0118,d_ln_ipv_real_l1,0.3178726692972884,0.10623365655246242,0.0027697199172855634
real_busq_0118,d_ln_credito_nuevo,0.05098904009002791,0.01765553252825731,0.0038770949633969813
real_busq_0119,ect_l1,-0.1654399705070772,0.041308533037272804,6.202195446968296e-05
real_busq_0119,d_ln_permisos_l4,-0.006442809730629292,0.01550549294888985,0.6777628207084845
real_busq_0119,d_ln_pob_total,-1.5405527018009952,1.546821615929704,0.31927578618738395
real_busq_0119,d_ln_ipv_real_l4,0.45274754009011503,0.13823200639100916,0.0010555995968068053
real_busq_0120,ect_l1,-0.14487763803733805,0.03840272613403911,0.0001615633889897384
real_busq_0120,d_ln_permisos_l4,-0.0056670547134847855,0.014546073361066628,0.6968372060553187
real_busq_0120,d_ln_pob_total,-0.5318033223831081,1.5049812507783171,0.7238170016404506
real_busq_0120,d_ln_ipv_real_l4,0.3797886845773437,0.10580998323483734,0.00033150806580607597
real_busq_0120,d_ln_credito_nuevo,0.03745043162244825,0.012786698341143769,0.003402091298336135
real_busq_0121,ect_l1,-0.19130044431971857,0.0454842895379892,2.600939832989428e-05
real_busq_0121,d_ln_permisos_l4,0.011602720616610272,0.015031179948603143,0.44016763553415195
real_busq_0121,d_ln_renta_hog_real,0.14925426347696696,0.0732566418348053,0.041608359121881204
real_busq_0122,ect_l1,-0.16372448523555921,0.044264345975979086,0.00021663041459474012
real_busq_0122,d_ln_permisos_l4,0.011822608030788637,0.013121448824163849,0.3675809190074534
real_busq_0122,d_ln_renta_hog_real,0.10283405840955191,0.08837042107508816,0.24455753977790562
real_busq_0122,d_ln_credito_nuevo,0.04203859231890431,0.015531713702631364,0.006797009558148842
real_busq_0123,ect_l1,-0.1644097413691575,0.03673194240594553,7.607806852357285e-06
real_busq_0123,d_ln_permisos_l4,0.007111596244314908,0.01274630437869015,0.576889471773544
real_busq_0123,d_ln_renta_hog_real,0.11662207540310172,0.0881881723765161,0.18602730428844994
real_busq_0123,d_ln_ipv_real_l1,0.2191847866646435,0.07740465337577139,0.004630495301983462
real_busq_0124,ect_l1,-0.11994773790024352,0.03534320580210808,0.0006893025510637144
real_busq_0124,d_ln_permisos_l4,0.005378307092631798,0.010485012182342851,0.6079849560292967
real_busq_0124,d_ln_renta_hog_real,0.047382463456708254,0.08361279513593257,0.570925396522147
real_busq_0124,d_ln_ipv_real_l1,0.31643579029971564,0.11058989897808252,0.004218484942880573
real_busq_0124,d_ln_credito_nuevo,0.04959200877178092,0.018952211619936286,0.008878767457532516
real_busq_0125,ect_l1,-0.16753502386817698,0.03884081590977659,1.6078069483189155e-05
real_busq_0125,d_ln_permisos_l4,-0.009149688916890173,0.015231162095949873,0.5480253925907572
real_busq_0125,d_ln_renta_hog_real,0.10559377521361471,0.07733863734689454,0.17214523714746421
real_busq_0125,d_ln_ipv_real_l4,0.40156682185351894,0.1423962820307705,0.0048013869293575375
real_busq_0126,ect_l1,-0.14568872318390758,0.037540854605740276,0.00010411144122741491
real_busq_0126,d_ln_permisos_l4,-0.006710029363518729,0.013513488711649195,0.6195112978114554
real_busq_0126,d_ln_renta_hog_real,0.06921400324061025,0.08038845630428498,0.38924117846605644
real_busq_0126,d_ln_ipv_real_l4,0.3581260192261057,0.11339397111358235,0.001587217330150427
real_busq_0126,d_ln_credito_nuevo,0.037223177820424454,0.013667938497776231,0.0064615002524372285
real_busq_0127,ect_l1,-0.18864448000942788,0.04265769222817039,9.766243436393627e-06
real_busq_0127,d_ln_permisos_l4,0.007794601051339972,0.017152762499008736,0.6495247679219152
real_busq_0127,d_ln_renta_hog_real,0.14595440763022344,0.07691484859380807,0.057747438786673516
real_busq_0127,d_ln_pob_extranj,0.10810758076102808,0.21005200517054642,0.6067832570575107
real_busq_0128,ect_l1,-0.15882951452024632,0.04154813087384336,0.00013195356139554496
real_busq_0128,d_ln_permisos_l4,0.005782290302903831,0.015597559794044666,0.7108478623929932
real_busq_0128,d_ln_renta_hog_real,0.09645326832846292,0.09020891720194722,0.28497009988565025
real_busq_0128,d_ln_pob_extranj,0.17163036098542198,0.20778068166719446,0.40879448753460834
real_busq_0128,d_ln_credito_nuevo,0.04307277752273105,0.01617350273103959,0.007740843480348763
real_busq_0129,ect_l1,-0.1642373258428342,0.03619146729793814,5.678693340542824e-06
real_busq_0129,d_ln_permisos_l4,0.006416976436924439,0.014187403153270477,0.6510521656287916
real_busq_0129,d_ln_renta_hog_real,0.11639764650982944,0.08885273809583752,0.19019370498959198
real_busq_0129,d_ln_pob_extranj,0.021393920390154416,0.16126119934089267,0.8944573266300135
real_busq_0129,d_ln_ipv_real_l1,0.21630598662879308,0.08212398761119402,0.008441150783816928
real_busq_0130,ect_l1,-0.11933092951226794,0.035288287935223955,0.0007206458839854801
real_busq_0130,d_ln_permisos_l4,0.003501688460337269,0.011258939002795579,0.755789924245549
real_busq_0130,d_ln_renta_hog_real,0.0465406061896282,0.08422095278597184,0.5805364663148584
real_busq_0130,d_ln_pob_extranj,0.057615779147934185,0.12168351050480805,0.635864490946516
real_busq_0130,d_ln_ipv_real_l1,0.3090164310346922,0.10832265036740363,0.004334397622655318
real_busq_0130,d_ln_credito_nuevo,0.04976207921993505,0.01891177338991195,0.00850651370982996
real_busq_0131,ect_l1,-0.16964141406296362,0.038710921500620124,1.1745325047459025e-05
real_busq_0131,d_ln_permisos_l4,-0.004193794299468643,0.0158473743072951,0.791289468773162
real_busq_0131,d_ln_renta_hog_real,0.10615721090319423,0.07516806464855769,0.15787201020707708
real_busq_0131,d_ln_pob_extranj,-0.2262928059935636,0.15885456990556654,0.15429364334421927
real_busq_0131,d_ln_ipv_real_l4,0.4599146210502503,0.15294565707236088,0.0026379987086845155
real_busq_0132,ect_l1,-0.14753366126065948,0.03728521304615425,7.593038648814623e-05
real_busq_0132,d_ln_permisos_l4,-0.0040885785404049,0.014369010878266322,0.7759955082850474
real_busq_0132,d_ln_renta_hog_real,0.0706826406074555,0.08014717877478385,0.37782519430175443
real_busq_0132,d_ln_pob_extranj,-0.12325634083641324,0.14400568425000254,0.392045889806927
real_busq_0132,d_ln_ipv_real_l4,0.3912939192157382,0.11428981188895519,0.0006177499438453223
real_busq_0132,d_ln_credito_nuevo,0.03603449733048143,0.013755193060926886,0.00880068111587935
real_busq_0133,ect_l1,-0.19101125498035637,0.04298627747179173,8.849058450925697e-06
real_busq_0133,d_ln_permisos_l4,0.01144871314189509,0.015759106992702204,0.46754312141818977
real_busq_0133,d_ln_renta_hog_real,0.14911807826092696,0.07437358712481071,0.04496443261941274
real_busq_0133,d_ln_pob_extranj4,0.008783811606864714,0.20493603267480726,0.9658121497387538
real_busq_0134,ect_l1,-0.16101949897188714,0.042359970296548116,0.0001439863098454459
real_busq_0134,d_ln_permisos_l4,0.010559146956947237,0.013772072471031642,0.44325562900386195
real_busq_0134,d_ln_renta_hog_real,0.10116302754239635,0.08876473222459297,0.2544213443433643
real_busq_0134,d_ln_pob_extranj4,0.07221045391377795,0.1957442469449053,0.7122007355083574
real_busq_0134,d_ln_credito_nuevo,0.04253801054690466,0.016249925136955837,0.008851531225440938
real_busq_0135,ect_l1,-0.165162532164039,0.035121172615958936,2.56808224187209e-06
real_busq_0135,d_ln_permisos_l4,0.007605568374238443,0.013274538414943615,0.5666825483673864
real_busq_0135,d_ln_renta_hog_real,0.116787498054393,0.08858179557992836,0.18736502641769814
real_busq_0135,d_ln_pob_extranj4,-0.03059914776072939,0.1549717501685285,0.843475528082436
real_busq_0135,d_ln_ipv_real_l1,0.22126021942319452,0.07794950977224939,0.004532514290858427
real_busq_0136,ect_l1,-0.11915191963535404,0.03535915134930523,0.0007523317065679777
real_busq_0136,d_ln_permisos_l4,0.004938822997694861,0.010631053130428034,0.6422424759015433
real_busq_0136,d_ln_renta_hog_real,0.04702832030271123,0.08405872707072272,0.5758411275612058
real_busq_0136,d_ln_pob_extranj4,0.02690022698762589,0.11839617999078085,0.8202641894458096
real_busq_0136,d_ln_ipv_real_l1,0.31490439777625323,0.10774388796746656,0.003469968595398972
real_busq_0136,d_ln_credito_nuevo,0.04974149994323421,0.019218290083298388,0.009646842950104957
real_busq_0137,ect_l1,-0.17261094777727934,0.038848378220903326,8.863247164263938e-06
real_busq_0137,d_ln_permisos_l4,-0.007787699230818032,0.014026485352917678,0.5787483822400297
real_busq_0137,d_ln_renta_hog_real,0.10260542765968592,0.07646998969960708,0.17966935399235895
real_busq_0137,d_ln_pob_extranj4,-0.27375520294056677,0.15369924591035106,0.07489454717551232
real_busq_0137,d_ln_ipv_real_l4,0.4680893047947438,0.14895111428014932,0.0016747165776590453
real_busq_0138,ect_l1,-0.150189431090338,0.037561502036825165,6.374686436044754e-05
real_busq_0138,d_ln_permisos_l4,-0.005924288837954142,0.012744569662192324,0.6420402481642498
real_busq_0138,d_ln_renta_hog_real,0.06906687283704106,0.08079755580049358,0.3926541883262684
real_busq_0138,d_ln_pob_extranj4,-0.18285262306997904,0.13363782555667333,0.17122758814269523
real_busq_0138,d_ln_ipv_real_l4,0.4047669579618639,0.11405104757031062,0.0003866997826904479
real_busq_0138,d_ln_credito_nuevo,0.03533140107153645,0.01367894940632598,0.009797283076903836
real_busq_0139,ect_l1,-0.19131621634244403,0.04500169827798927,2.1252278212519174e-05
real_busq_0139,d_ln_permisos_l4,0.009886421257103829,0.016772222614177764,0.5555580588611915
real_busq_0139,d_ln_renta_hog_real,0.14730695212546444,0.07671229232882387,0.054826044343761746
real_busq_0139,d_ln_pob_total,0.6113090832116057,2.2148193012445345,0.7825414925600692
real_busq_0140,ect_l1,-0.16282447397701974,0.04269565397002535,0.00013695281245032178
real_busq_0140,d_ln_permisos_l4,0.007905610730530128,0.01580856805822464,0.6170159859812916
real_busq_0140,d_ln_renta_hog_real,0.09680561915719103,0.09094711958699206,0.2871400402468328
real_busq_0140,d_ln_pob_total,1.3978091408133622,2.186805167638885,0.5226918571937922
real_busq_0140,d_ln_credito_nuevo,0.04346560662123787,0.016497808720869676,0.008422927085517642
real_busq_0141,ect_l1,-0.1643992410074521,0.03796900308573187,1.4922605906600272e-05
real_busq_0141,d_ln_permisos_l4,0.007127980077032144,0.013509068092434589,0.5977463783628573
real_busq_0141,d_ln_renta_hog_real,0.11663008233989697,0.08922085582843707,0.19114258984433696
real_busq_0141,d_ln_pob_total,-0.006450303688208767,1.7208893582667137,0.9970093454006178
real_busq_0141,d_ln_ipv_real_l1,0.21926901810746946,0.0812701664523319,0.006975200296504519
real_busq_0142,ect_l1,-0.12056940768367974,0.035736407678644645,0.0007412377825420547
real_busq_0142,d_ln_permisos_l4,0.003718079597661054,0.011557182288061456,0.7476711896583302
real_busq_0142,d_ln_renta_hog_real,0.04590722219057201,0.08488436693367359,0.5886311781200224
real_busq_0142,d_ln_pob_total,0.6470065608363701,1.3610317069937585,0.6345165094748195
real_busq_0142,d_ln_ipv_real_l1,0.3089308350953214,0.10462615894632789,0.003149964723508632
real_busq_0142,d_ln_credito_nuevo,0.05007338806754507,0.019155138334350227,0.008946365489638215
real_busq_0143,ect_l1,-0.16526698236379833,0.040117663089007875,3.7960223008285025e-05
real_busq_0143,d_ln_permisos_l4,-0.006723400826370435,0.015345489080735677,0.6612881893500475
real_busq_0143,d_ln_renta_hog_real,0.10646099297895681,0.07633049371251159,0.16309504771654226
real_busq_0143,d_ln_pob_total,-1.5571072370309147,1.509914247505589,0.30242106237049315
real_busq_0143,d_ln_ipv_real_l4,0.4392113346160077,0.14284572856396233,0.002106967195779134
real_busq_0144,ect_l1,-0.14531602733827365,0.03811214249224227,0.00013737137890492784
real_busq_0144,d_ln_permisos_l4,-0.005873168668843554,0.014319437337256762,0.6816932811452319
real_busq_0144,d_ln_renta_hog_real,0.0702929354519293,0.08114872230966219,0.38636757349923134
real_busq_0144,d_ln_pob_total,-0.5698436888875001,1.4949488086097544,0.703070134237771
real_busq_0144,d_ln_ipv_real_l4,0.3728118952688588,0.10540578711822024,0.00040482141504580586
real_busq_0144,d_ln_credito_nuevo,0.03644395966418345,0.014221300417671574,0.010388208791136964
real_busq_0145,ect_l1,-0.192933634043001,0.047134252517308864,4.253159095520714e-05
real_busq_0145,d_ln_permisos_l4,0.013172692959826078,0.014594868317149007,0.36676133338538563
real_busq_0145,d_ln_costes,0.01592781443330272,0.09806141738374974,0.8709696697072528
real_busq_0146,ect_l1,-0.16413632190324842,0.04442988086017673,0.0002205126351124296
real_busq_0146,d_ln_permisos_l4,0.013169494816707383,0.012409251333967765,0.2885698274830837
real_busq_0146,d_ln_costes,0.0510654430996971,0.0909689404789693,0.5745587498338514
real_busq_0146,d_ln_credito_nuevo,0.0440476619951597,0.014143849063282851,0.0018440520554725206
real_busq_0147,ect_l1,-0.16080712754309393,0.037629517179933555,1.924882754228427e-05
real_busq_0147,d_ln_permisos_l4,0.007214067494921581,0.012751843410206971,0.5715790911531017
real_busq_0147,d_ln_costes,-0.05071294061785569,0.10105060859459417,0.6157682164857716
real_busq_0147,d_ln_ipv_real_l1,0.2505714719906983,0.08537310651112041,0.0033353000568848517
real_busq_0148,ect_l1,-0.11724609993444692,0.03529668232331206,0.000894607501003634
real_busq_0148,d_ln_permisos_l4,0.005241854769907709,0.010621364867063917,0.6216452928404141
real_busq_0148,d_ln_costes,-0.03252765751760399,0.07412798344381384,0.6608035434292396
real_busq_0148,d_ln_ipv_real_l1,0.33335287823276155,0.10621019314236697,0.0016974846067035775
real_busq_0148,d_ln_credito_nuevo,0.05039550346039136,0.017492148145690122,0.003963707291545474
real_busq_0149,ect_l1,-0.16751984462230923,0.04006706972560993,2.9024814956287372e-05
real_busq_0149,d_ln_permisos_l4,-0.008930202784954207,0.01543352974365172,0.5628432538338042
real_busq_0149,d_ln_costes,-0.008610418030199962,0.07436910107482757,0.9078272904894796
real_busq_0149,d_ln_ipv_real_l4,0.415866251275905,0.13847215974240007,0.0026711457156797587
real_busq_0150,ect_l1,-0.1455649414730056,0.037738770047629176,0.00011470627101663558
real_busq_0150,d_ln_permisos_l4,-0.006190915396518554,0.013235504691692084,0.6399629439895722
real_busq_0150,d_ln_costes,0.02506949053873095,0.07156070267888254,0.7260949377102554
real_busq_0150,d_ln_ipv_real_l4,0.36427406229830667,0.11156982203588144,0.0010946894901529944
real_busq_0150,d_ln_credito_nuevo,0.03840416306950299,0.012510193072234374,0.0021418081291441357
real_busq_0151,ect_l1,-0.18959821142708805,0.04405665762458041,1.6811420798731752e-05
real_busq_0151,d_ln_permisos_l4,0.008662726496649611,0.01753629556481665,0.6213143754959969
real_busq_0151,d_ln_costes,-0.0008292542336897899,0.09304159612095925,0.9928887678429662
real_busq_0151,d_ln_pob_extranj,0.12370383642862014,0.21490496593282762,0.564871304785999
real_busq_0152,ect_l1,-0.1589550531054787,0.041629598757011034,0.00013436456703229817
real_busq_0152,d_ln_permisos_l4,0.006828659987598834,0.015439604412258508,0.6582851139164201
real_busq_0152,d_ln_costes,0.02810599348158277,0.07920247442031,0.7226925520231192
real_busq_0152,d_ln_pob_extranj,0.1739212129372405,0.20098904641949764,0.38685943279231017
real_busq_0152,d_ln_credito_nuevo,0.044799963269996024,0.014528156087455559,0.0020446784179833214
real_busq_0153,ect_l1,-0.1602865297155116,0.03681979827310178,1.3412169012614359e-05
real_busq_0153,d_ln_permisos_l4,0.005822259360953228,0.014481122386544053,0.6876409220886657
real_busq_0153,d_ln_costes,-0.05506756736472791,0.10024514796979289,0.5827796858745855
real_busq_0153,d_ln_pob_extranj,0.04117548020027344,0.15726576614575372,0.7934594478073217
real_busq_0153,d_ln_ipv_real_l1,0.24597275276044192,0.09046944297102331,0.006550951022485139
real_busq_0154,ect_l1,-0.11620760491785428,0.03505957544383483,0.0009178243588167746
real_busq_0154,d_ln_permisos_l4,0.002832097273319707,0.01136747806672044,0.8032522314731156
real_busq_0154,d_ln_costes,-0.03998920036679045,0.07350491856260073,0.5864178374823998
real_busq_0154,d_ln_pob_extranj,0.07110381084898626,0.1166765952457342,0.5422531261494521
real_busq_0154,d_ln_ipv_real_l1,0.32567668978081016,0.1062624891510003,0.0021779221188722737
real_busq_0154,d_ln_credito_nuevo,0.05055689195503601,0.01736174531547459,0.0035915643619171805
real_busq_0155,ect_l1,-0.1702199215495185,0.0398618321634887,1.95255454378869e-05
real_busq_0155,d_ln_permisos_l4,-0.0035523924217737116,0.015767652826367325,0.8217488479001204
real_busq_0155,d_ln_costes,0.01948259971807814,0.07172857104065679,0.7859175940070522
real_busq_0155,d_ln_pob_extranj,-0.2329034810658477,0.1603437404529682,0.1463553547202183
real_busq_0155,d_ln_ipv_real_l4,0.47444363100492654,0.14830120067217634,0.001378145918139202
real_busq_0156,ect_l1,-0.14777772405367545,0.03735332728829765,7.614722906398191e-05
real_busq_0156,d_ln_permisos_l4,-0.00315502638520072,0.013844226492660188,0.8197280726764713
real_busq_0156,d_ln_costes,0.04035693868679933,0.06915380255816231,0.5595013370345217
real_busq_0156,d_ln_pob_extranj,-0.13498016396768972,0.14110475255036192,0.3387714873361234
real_busq_0156,d_ln_ipv_real_l4,0.3997454315478112,0.11454173993495353,0.00048310325285133983
real_busq_0156,d_ln_credito_nuevo,0.0372707639025502,0.012539873720191028,0.0029569311520037046
real_busq_0157,ect_l1,-0.19249984384429145,0.04459502517311014,1.584354987327303e-05
real_busq_0157,d_ln_permisos_l4,0.012942376713880141,0.01544003563335929,0.40189879018288954
real_busq_0157,d_ln_costes,0.014762465281515808,0.09333395081589425,0.8743242417532704
real_busq_0157,d_ln_pob_extranj4,0.012569126276716266,0.20596968071853555,0.951339969846733
real_busq_0158,ect_l1,-0.16145805806469268,0.042424147402421154,0.0001413433671218908
real_busq_0158,d_ln_permisos_l4,0.011888396720887392,0.0131859244934546,0.36727071298973746
real_busq_0158,d_ln_costes,0.04490738874893182,0.08294388369030713,0.5882188624142413
real_busq_0158,d_ln_pob_extranj4,0.06991219035908863,0.18830278891530153,0.710432430124725
real_busq_0158,d_ln_credito_nuevo,0.04445365602371886,0.014711984572672948,0.0025144689399284183
real_busq_0159,ect_l1,-0.16136805287420303,0.03590337062803254,6.973037645320064e-06
real_busq_0159,d_ln_permisos_l4,0.007556361066936333,0.013330156680277934,0.5708078520800647
real_busq_0159,d_ln_costes,-0.049127246026822995,0.10009172384663251,0.6235521651386142
real_busq_0159,d_ln_pob_extranj4,-0.01998323068424906,0.15092452081362934,0.8946635958230139
real_busq_0159,d_ln_ipv_real_l1,0.2515756069491346,0.08591370626713599,0.0034089119698955867
real_busq_0160,ect_l1,-0.11611678863567157,0.035099715452559896,0.000938985864208392
real_busq_0160,d_ln_permisos_l4,0.004637945100016156,0.010729394802419643,0.6655486015631183
real_busq_0160,d_ln_costes,-0.03523068250406561,0.07347049932670184,0.6315676916224449
real_busq_0160,d_ln_pob_extranj4,0.034857728338304125,0.11287703641988321,0.7574649112290343
real_busq_0160,d_ln_ipv_real_l1,0.33188800729574314,0.10441953890391284,0.0014808567006298079
real_busq_0160,d_ln_credito_nuevo,0.05057003456898125,0.017664628761555293,0.004199353828961928
real_busq_0161,ect_l1,-0.17313616321840605,0.04018042787718219,1.640183671135955e-05
real_busq_0161,d_ln_permisos_l4,-0.007326387094977701,0.013847416049463069,0.5967501446246128
real_busq_0161,d_ln_costes,0.013477750050525832,0.06790388703454646,0.8426673818966078
real_busq_0161,d_ln_pob_extranj4,-0.2805997383910284,0.15226721797673445,0.06535657742516607
real_busq_0161,d_ln_ipv_real_l4,0.482431590108751,0.14358394665217264,0.000779630482450641
real_busq_0162,ect_l1,-0.15043572485078646,0.03778375468421754,6.848396668951747e-05
real_busq_0162,d_ln_permisos_l4,-0.00523303266574546,0.012166552296190168,0.6671110310664654
real_busq_0162,d_ln_costes,0.03845619758701576,0.06723017799578547,0.5673165757084146
real_busq_0162,d_ln_pob_extranj4,-0.19062588737921926,0.13047403952770398,0.14400846764528735
real_busq_0162,d_ln_ipv_real_l4,0.41197526640893944,0.11266887404329448,0.0002556688866649322
real_busq_0162,d_ln_credito_nuevo,0.036558151853775804,0.01253024906732368,0.0035274580501922625
real_busq_0163,ect_l1,-0.19278516726690056,0.046390128146402414,3.242407810315786e-05
real_busq_0163,d_ln_permisos_l4,0.011088880360992598,0.016851898682462185,0.5105255089237007
real_busq_0163,d_ln_costes,0.006576539085341934,0.09558912592965582,0.9451487579548659
real_busq_0163,d_ln_pob_total,0.7113512788507128,2.27100281557412,0.7541042327193359
real_busq_0164,ect_l1,-0.16305229214785882,0.04285585699024414,0.00014199472106114476
real_busq_0164,d_ln_permisos_l4,0.009008362893622406,0.015572820008530348,0.5629488525501685
real_busq_0164,d_ln_costes,0.033353387598817306,0.08121042670058229,0.6812901307300898
real_busq_0164,d_ln_pob_total,1.4204560902189827,2.1294493228641658,0.5047381207669146
real_busq_0164,d_ln_credito_nuevo,0.045252302193340636,0.014898082918705981,0.0023858259418266833
real_busq_0165,ect_l1,-0.1609622500676101,0.038541030768600805,2.9617609772482996e-05
real_busq_0165,d_ln_permisos_l4,0.006864772889081153,0.013643212396494417,0.6148489954142713
real_busq_0165,d_ln_costes,-0.05205386394801381,0.10111381326319953,0.6066895169874993
real_busq_0165,d_ln_pob_total,0.1307886600277885,1.6948394220257548,0.9384892918149279
real_busq_0165,d_ln_ipv_real_l1,0.2491486862916801,0.08971693037842199,0.00548542040937739
real_busq_0166,ect_l1,-0.11770619818520278,0.03571558991004913,0.0009819314833545922
real_busq_0166,d_ln_permisos_l4,0.0032217574514294823,0.011715076299769674,0.783308928150473
real_busq_0166,d_ln_costes,-0.04002939106291136,0.07264269431343545,0.5816028498713011
real_busq_0166,d_ln_pob_total,0.7491354798116865,1.291043426077099,0.5617421064718231
real_busq_0166,d_ln_ipv_real_l1,0.3260175459640682,0.10314731165240158,0.001573913596676887
real_busq_0166,d_ln_credito_nuevo,0.05089113723455801,0.017562176361056118,0.003758268106832902
real_busq_0167,ect_l1,-0.16558843488688704,0.04136741737980408,6.257843029110541e-05
real_busq_0167,d_ln_permisos_l4,-0.006307404254016219,0.015470321910557751,0.6834866277966323
real_busq_0167,d_ln_costes,0.009792846610181852,0.07052399205766748,0.889562067812489
real_busq_0167,d_ln_pob_total,-1.565799553207326,1.5610927975520335,0.31585360514594274
real_busq_0167,d_ln_ipv_real_l4,0.45281914231922327,0.1382853017968708,0.001058385154005415
real_busq_0168,ect_l1,-0.14524592938366293,0.0382827954705728,0.00014822401782275564
real_busq_0168,d_ln_permisos_l4,-0.005226635543122496,0.01403622817279499,0.7096192296357389
real_busq_0168,d_ln_costes,0.031551889105926004,0.06686684760821511,0.6370256704223861
real_busq_0168,d_ln_pob_total,-0.6077480818899528,1.4771703438015509,0.6807593009509898
real_busq_0168,d_ln_ipv_real_l4,0.37962890193540205,0.1057028149060035,0.0003288130982148762
real_busq_0168,d_ln_credito_nuevo,0.037650868582922284,0.012976631204917904,0.0037145631495160533
real_busq_0169,ect_l1,-0.19141238285198553,0.04586811546885303,3.0047865536874146e-05
real_busq_0169,d_ln_permisos_l4,0.011654069418572515,0.014912079305398613,0.43449745958781627
real_busq_0169,d_ln_costes,0.006985781032421965,0.08642007738102457,0.9355730436148019
real_busq_0169,d_ln_renta_hog_real,0.14892836125589587,0.07408196825345754,0.04439747587946555
real_busq_0170,ect_l1,-0.16415455748901692,0.04404418603109598,0.00019373972486217092
real_busq_0170,d_ln_permisos_l4,0.012146488414295043,0.012385006334119306,0.3267202839626968
real_busq_0170,d_ln_costes,0.04376825054640337,0.08631785084516091,0.6121133613738211
real_busq_0170,d_ln_renta_hog_real,0.10033554451290613,0.09166723106976299,0.273708204180516
real_busq_0170,d_ln_credito_nuevo,0.042452118809682325,0.015969472004848145,0.007852907009298082
real_busq_0171,ect_l1,-0.1620751750585448,0.037859069395257045,1.8604433778121763e-05
real_busq_0171,d_ln_permisos_l4,0.00647564175146219,0.013289003704353443,0.6260505333236861
real_busq_0171,d_ln_costes,-0.05263894790339967,0.08910048308813653,0.55466660005164
real_busq_0171,d_ln_renta_hog_real,0.11726834145259352,0.09103452673047689,0.19768528186635415
real_busq_0171,d_ln_ipv_real_l1,0.23133860395436298,0.07811918772843787,0.003062892271824984
real_busq_0172,ect_l1,-0.11857969894715367,0.035571818575454515,0.0008575164390236322
real_busq_0172,d_ln_permisos_l4,0.00497655292305884,0.010637872714809815,0.6399171282137235
real_busq_0172,d_ln_costes,-0.03365593780075216,0.07163138618659605,0.6384628771841508
real_busq_0172,d_ln_renta_hog_real,0.04798973709227061,0.08282530354242641,0.5623131448836967
real_busq_0172,d_ln_ipv_real_l1,0.3239340363990925,0.10516284056288909,0.0020678598919153107
real_busq_0172,d_ln_credito_nuevo,0.049453009714857665,0.018973880820495472,0.009150676495107552
real_busq_0173,ect_l1,-0.16726594212404516,0.039094929438226705,1.8819403566014334e-05
real_busq_0173,d_ln_permisos_l4,-0.009290451815176026,0.015420632288337151,0.5468620396977104
real_busq_0173,d_ln_costes,-0.014183595172058392,0.06683352859630536,0.8319332597079003
real_busq_0173,d_ln_renta_hog_real,0.10617866580974367,0.07761900679924262,0.17132875397025715
real_busq_0173,d_ln_ipv_real_l4,0.40227324101696976,0.1420720458088144,0.004633406446041177
real_busq_0174,ect_l1,-0.14595580668062524,0.037477537208583496,9.84064956822546e-05
real_busq_0174,d_ln_permisos_l4,-0.006491259292208613,0.013188935813883973,0.622595914351612
real_busq_0174,d_ln_costes,0.020642481270974795,0.06938449717862398,0.76607828004485
real_busq_0174,d_ln_renta_hog_real,0.06815538872126768,0.08225390890864333,0.40733216573105857
real_busq_0174,d_ln_ipv_real_l4,0.3568502843287185,0.11195394494516492,0.0014352138011825787
real_busq_0174,d_ln_credito_nuevo,0.03743536361493882,0.013924065496883133,0.007176590760221589
real_busq_0175,ect_l1,-0.1884490103272903,0.04301037650022964,1.178770495274467e-05
real_busq_0175,d_ln_permisos_l4,0.007637435556460766,0.017333413812405916,0.6594886743155639
real_busq_0175,d_ln_costes,-0.007878628909291054,0.08240084076242947,0.9238275802650963
real_busq_0175,d_ln_renta_hog_real,0.1462359566059377,0.07719367887101858,0.058171504571548203
real_busq_0175,d_ln_pob_extranj,0.11092526862555524,0.2089705350551049,0.5955450806612306
real_busq_0176,ect_l1,-0.15927305269888517,0.04148387436795729,0.00012333698036749737
real_busq_0176,d_ln_permisos_l4,0.006223308513575677,0.015049628801638628,0.6792263531981797
real_busq_0176,d_ln_costes,0.022495706244621754,0.07548801651117715,0.7657003596997627
real_busq_0176,d_ln_renta_hog_real,0.09545912721171271,0.09194732073728432,0.2991798947620218
real_busq_0176,d_ln_pob_extranj,0.1638291943798812,0.19953927964106702,0.41162501376339844
real_busq_0176,d_ln_credito_nuevo,0.04323831190961901,0.01637889298271488,0.008293538899236537
real_busq_0177,ect_l1,-0.1616005695901568,0.0370284019067359,1.275696147928688e-05
real_busq_0177,d_ln_permisos_l4,0.005218848484858809,0.0147303787315433,0.7231204113247567
real_busq_0177,d_ln_costes,-0.05657226848100834,0.08834717174570572,0.5219512829470978
real_busq_0177,d_ln_renta_hog_real,0.11692592083659122,0.09165868846427971,0.20207342578252085
real_busq_0177,d_ln_pob_extranj,0.037244967131749275,0.159020727992473,0.8148184253181727
real_busq_0177,d_ln_ipv_real_l1,0.22723502697861497,0.08301366604095439,0.006194187444878817
real_busq_0178,ect_l1,-0.11754798998212981,0.035289313173963076,0.0008654087638278977
real_busq_0178,d_ln_permisos_l4,0.002643979362593756,0.01129587101861487,0.8149337397055064
real_busq_0178,d_ln_costes,-0.04087287912193313,0.07072801956512832,0.5633396864134184
real_busq_0178,d_ln_renta_hog_real,0.04711220328359262,0.0828052054968373,0.5693885836886357
real_busq_0178,d_ln_pob_extranj,0.06896951809620532,0.11949220447067166,0.5638121709543003
real_busq_0178,d_ln_ipv_real_l1,0.3166604924821057,0.10403281431029969,0.0023356999663861483
real_busq_0178,d_ln_credito_nuevo,0.04962678819242415,0.01885752952766625,0.008496643395667336
real_busq_0179,ect_l1,-0.16995405214793194,0.0388782815151538,1.2343010236855234e-05
real_busq_0179,d_ln_permisos_l4,-0.003937266624365919,0.01573592860135433,0.8024259386182185
real_busq_0179,d_ln_costes,0.013800841919071933,0.06438810419820637,0.8302831908232524
real_busq_0179,d_ln_renta_hog_real,0.10560169710661206,0.07560179633265798,0.16246931398132358
real_busq_0179,d_ln_pob_extranj,-0.23175222928240855,0.16030472479316057,0.14826190936265882
real_busq_0179,d_ln_ipv_real_l4,0.4606349339022149,0.15353166617454214,0.002697491411591122
real_busq_0180,ect_l1,-0.14820398312990316,0.03715672868088757,6.645944553683012e-05
real_busq_0180,d_ln_permisos_l4,-0.003417103526161034,0.013731343350766872,0.803473504208922
real_busq_0180,d_ln_costes,0.03608676569341014,0.06692630287066308,0.5897477966363429
real_busq_0180,d_ln_renta_hog_real,0.06899391549682357,0.08274067976955382,0.4043614311110785
real_busq_0180,d_ln_pob_extranj,-0.1368458542969341,0.1411537180398418,0.33230523230751985
real_busq_0180,d_ln_ipv_real_l4,0.3927206014578148,0.11504820177509181,0.0006412686624443903
real_busq_0180,d_ln_credito_nuevo,0.036274379354409025,0.013961659058653758,0.00937295960957423
real_busq_0181,ect_l1,-0.19115715086118049,0.043386937642957785,1.0536076888827647e-05
real_busq_0181,d_ln_permisos_l4,0.01151895380337179,0.015621962076744678,0.4609056389764903
real_busq_0181,d_ln_costes,0.006302828661363599,0.08216749056203371,0.9388565683427494
real_busq_0181,d_ln_renta_hog_real,0.1488451820070992,0.0748978437683539,0.04688813091194023
real_busq_0181,d_ln_pob_extranj4,0.007419998081898396,0.2018441036846478,0.9706755429086927
real_busq_0182,ect_l1,-0.1616870044048784,0.04226193174450553,0.00013033173496812084
real_busq_0182,d_ln_permisos_l4,0.010978225690123489,0.013016907850347028,0.39901483926177406
real_busq_0182,d_ln_costes,0.03818036392794727,0.0786947572306386,0.627555503261148
real_busq_0182,d_ln_renta_hog_real,0.09916409465393974,0.09169473016275309,0.2794929722946389
real_busq_0182,d_ln_pob_extranj4,0.06440633432266366,0.18783179949986914,0.7316784570186654
real_busq_0182,d_ln_credito_nuevo,0.042844767716024794,0.016571126115320325,0.009723581075902038
real_busq_0183,ect_l1,-0.16268147572562924,0.036106478436045766,6.618456868698125e-06
real_busq_0183,d_ln_permisos_l4,0.006844392126457284,0.01377351009991939,0.6192424214057206
real_busq_0183,d_ln_costes,-0.05092947226972308,0.0879185152973789,0.5623999917822284
real_busq_0183,d_ln_renta_hog_real,0.11736392540798794,0.09120323055206378,0.19815021387229403
real_busq_0183,d_ln_pob_extranj4,-0.02156292711892202,0.15287361483155767,0.887829906737381
real_busq_0183,d_ln_ipv_real_l1,0.23240644041951478,0.07875976729830525,0.003169244703892882
real_busq_0184,ect_l1,-0.11749342256413148,0.03544832423113193,0.0009180762546238628
real_busq_0184,d_ln_permisos_l4,0.00440362301968152,0.010702225124906529,0.6807294111180591
real_busq_0184,d_ln_costes,-0.036220783002420015,0.0706110942817833,0.6079781513938209
real_busq_0184,d_ln_renta_hog_real,0.04759901171090126,0.08295768068872458,0.5661203254805448
real_busq_0184,d_ln_pob_extranj4,0.03319425125340998,0.11579060495900738,0.774361316658606
real_busq_0184,d_ln_ipv_real_l1,0.32261575871386267,0.1030397373383895,0.0017422171122810483
real_busq_0184,d_ln_credito_nuevo,0.04962688551250157,0.019178280563238323,0.009663007267537436
real_busq_0185,ect_l1,-0.17278827836972943,0.03917948821469267,1.0328858868521327e-05
real_busq_0185,d_ln_permisos_l4,-0.007702879966074363,0.01393382130952273,0.5803874156193127
real_busq_0185,d_ln_costes,0.007703381172884191,0.06073479571531714,0.899069907119363
real_busq_0185,d_ln_renta_hog_real,0.10226940160524373,0.07693192825652864,0.18373277079491523
real_busq_0185,d_ln_pob_extranj4,-0.27543719192684274,0.154360970570144,0.07436345010241739
real_busq_0185,d_ln_ipv_real_l4,0.46811435819890473,0.1489374281002572,0.0016721041421397028
real_busq_0186,ect_l1,-0.15079447913997263,0.03754691742496281,5.9153760265133584e-05
real_busq_0186,d_ln_permisos_l4,-0.005535053582197101,0.012158183896249593,0.6489270048581657
real_busq_0186,d_ln_costes,0.03400857453842591,0.06497997323690982,0.6007167331900597
real_busq_0186,d_ln_renta_hog_real,0.06731740616175774,0.0834603527507959,0.41990881208043374
real_busq_0186,d_ln_pob_extranj4,-0.1895572562678372,0.1318153491341689,0.15041945152129332
real_busq_0186,d_ln_ipv_real_l4,0.40437535655979523,0.11347500509955048,0.00036585450577118045
real_busq_0186,d_ln_credito_nuevo,0.035611612528174096,0.013923481407039756,0.010537730359754948
real_busq_0187,ect_l1,-0.19130045034087173,0.04527295403321326,2.3842057566392625e-05
real_busq_0187,d_ln_permisos_l4,0.00987219559524751,0.016807976067182182,0.5569674344529445
real_busq_0187,d_ln_costes,-0.0009879073774970012,0.08540152041342826,0.9907704399048827
real_busq_0187,d_ln_renta_hog_real,0.14734513877062247,0.07693845224768496,0.05547923996243349
real_busq_0187,d_ln_pob_total,0.61378953738261,2.2258850333785802,0.7827394891553425
real_busq_0188,ect_l1,-0.16313697760412943,0.04261855959360333,0.00012927335315303384
real_busq_0188,d_ln_permisos_l4,0.00829290713893592,0.015193842431189477,0.5851985393843997
real_busq_0188,d_ln_costes,0.02750658559512546,0.07801842790671668,0.7244144022218874
real_busq_0188,d_ln_renta_hog_real,0.0955182042879203,0.0929825635389565,0.30429331300156603
real_busq_0188,d_ln_pob_total,1.3322363913463355,2.1342296779361183,0.5324807935696935
real_busq_0188,d_ln_credito_nuevo,0.04365854859783781,0.016737678812708507,0.009096678992008148
real_busq_0189,ect_l1,-0.16218921076535148,0.03875507415606403,2.851911928834319e-05
real_busq_0189,d_ln_permisos_l4,0.006216907438657322,0.014048020861073597,0.6580935330436061
real_busq_0189,d_ln_costes,-0.05363305493019039,0.08957304583139059,0.5493307208864588
real_busq_0189,d_ln_renta_hog_real,0.11715997001270287,0.09187716254212132,0.20224534644883063
real_busq_0189,d_ln_pob_total,0.09713509477103423,1.7135497403184137,0.9547949479588588
real_busq_0189,d_ln_ipv_real_l1,0.2302996926003679,0.08192294094992288,0.004936098825099463
real_busq_0190,ect_l1,-0.11898238128271664,0.03586571787327936,0.0009084629693110563
real_busq_0190,d_ln_permisos_l4,0.00303129597051899,0.011652845679368,0.7947607688665038
real_busq_0190,d_ln_costes,-0.04087521139761114,0.07026268608905217,0.5607361058817404
real_busq_0190,d_ln_renta_hog_real,0.046468061642964215,0.08335889551401618,0.5772229179974442
real_busq_0190,d_ln_pob_total,0.7245012048031296,1.3299705378050677,0.5859255983576019
real_busq_0190,d_ln_ipv_real_l1,0.31713857224433173,0.10052153655578826,0.001605357366213842
real_busq_0190,d_ln_credito_nuevo,0.049962230186817794,0.019080747947654145,0.008832690134532029
real_busq_0191,ect_l1,-0.16533153258658306,0.04022567084789717,3.954876885675292e-05
real_busq_0191,d_ln_permisos_l4,-0.006664333740275011,0.015479665732422689,0.6668161035475146
real_busq_0191,d_ln_costes,0.004239704206624901,0.0635048312097208,0.9467712423669349
real_busq_0191,d_ln_renta_hog_real,0.10629223274160442,0.0766253755147171,0.16539068457200035
real_busq_0191,d_ln_pob_total,-1.5680113390426216,1.5349668696628993,0.3070044419559316
real_busq_0191,d_ln_ipv_real_l4,0.43926379137919985,0.14292856616172267,0.0021169844895732835
real_busq_0192,ect_l1,-0.1456274062623034,0.03799915038421919,0.00012690648889836413
real_busq_0192,d_ln_permisos_l4,-0.005487511233258885,0.013930205256916364,0.6936334904921937
real_busq_0192,d_ln_costes,0.02735989914839946,0.06500764412312936,0.673848530396175
real_busq_0192,d_ln_renta_hog_real,0.06901320652691768,0.08314465340708972,0.40651740323703767
real_busq_0192,d_ln_pob_total,-0.6350058634894054,1.47526650089187,0.6668794730572668
real_busq_0192,d_ln_ipv_real_l4,0.37280035839744835,0.10540437394018604,0.000404916506604672
real_busq_0192,d_ln_credito_nuevo,0.036636090013300586,0.014422922768302697,0.01108114652386973
real_busq_0193,ect_l1,-0.2038481532873814,0.04782916324044483,2.0260052213696182e-05
real_busq_0193,d_tipo_hip,-0.00018901672019288368,0.005491278012547387,0.9725412287460237
real_busq_0194,ect_l1,-0.17585907806818982,0.04471693302138879,8.39908229180913e-05
real_busq_0194,d_tipo_hip,0.006793794202391874,0.0060616266401233255,0.2623784080282755
real_busq_0194,d_ln_credito_nuevo,0.04686212585597103,0.014937072546655609,0.0017050968556370655
real_busq_0195,ect_l1,-0.16601252551967574,0.03647731091582199,5.336175353742394e-06
real_busq_0195,d_tipo_hip,-0.003109005563119587,0.004255411170490874,0.4650232016273933
real_busq_0195,d_ln_ipv_real_l1,0.25451731403688577,0.08294384071477741,0.0021510040272864715
real_busq_0196,ect_l1,-0.12467298111359672,0.03633350522461079,0.0006005846867853353
real_busq_0196,d_tipo_hip,0.0039061048910986732,0.00428476492882508,0.3619654122226761
real_busq_0196,d_ln_ipv_real_l1,0.3224420249461197,0.1022100409573781,0.0016066316997477151
real_busq_0196,d_ln_credito_nuevo,0.05230866955435896,0.01823191441497685,0.004116784738061838
real_busq_0197,ect_l1,-0.1576627631325744,0.041091772998277536,0.00012462508234153567
real_busq_0197,d_tipo_hip,-0.005242416923154518,0.007315880981795816,0.47363304160942643
real_busq_0197,d_ln_ipv_real_l4,0.413523702708684,0.14387820165609821,0.004051506614804721
real_busq_0198,ect_l1,-0.14166534408638598,0.03847024637346145,0.00023098939385204873
real_busq_0198,d_tipo_hip,0.0013831071294505034,0.007057905764386351,0.84463704771446
real_busq_0198,d_ln_ipv_real_l4,0.3478017181137821,0.106998849724851,0.0011519485818562404
real_busq_0198,d_ln_credito_nuevo,0.039074387580252994,0.013013013859577493,0.0026758183085926197
real_busq_0199,ect_l1,-0.19412621444741984,0.04372329126284816,9.0008592805806e-06
real_busq_0199,d_tipo_hip,-0.0014801151619179523,0.0068751779097056456,0.8295459758031087
real_busq_0199,d_ln_pob_extranj,0.16376752574384754,0.19637786303525967,0.40431430563003723
real_busq_0200,ect_l1,-0.1649231727601235,0.0415010689344799,7.06904099317568e-05
real_busq_0200,d_tipo_hip,0.0054138446255205626,0.006884205432507953,0.4316242104846565
real_busq_0200,d_ln_pob_extranj,0.1810281874961411,0.1799734586468788,0.31448269453287336
real_busq_0200,d_ln_credito_nuevo,0.0471790709041488,0.01489138278350056,0.0015337916010422705
real_busq_0201,ect_l1,-0.1635061401398882,0.03471431282217826,2.476563418852283e-06
real_busq_0201,d_tipo_hip,-0.0035222717699323744,0.005134193712064842,0.4926867161837585
real_busq_0201,d_ln_pob_extranj,0.06657103496548505,0.15021522228756037,0.6576420306154551
real_busq_0201,d_ln_ipv_real_l1,0.24479317707375814,0.08992721391830928,0.00648634719734746
real_busq_0202,ect_l1,-0.12251312465599211,0.035223357373435286,0.0005048336077944519
real_busq_0202,d_tipo_hip,0.00353868929210455,0.004722782623024353,0.4536881116033117
real_busq_0202,d_ln_pob_extranj,0.05826303818296219,0.11289260262590013,0.6057897275897057
real_busq_0202,d_ln_ipv_real_l1,0.3138760212043386,0.10459043902423366,0.0026909360439760542
real_busq_0202,d_ln_credito_nuevo,0.05226598374012293,0.01801034385601644,0.003707907832898278
real_busq_0203,ect_l1,-0.1636114020393718,0.04015802441468161,4.617486972553768e-05
real_busq_0203,d_tipo_hip,-0.004286787677714305,0.006386012010188337,0.5020436157836154
real_busq_0203,d_ln_pob_extranj,-0.21950877875500865,0.14862728047189974,0.1397003737721173
real_busq_0203,d_ln_ipv_real_l4,0.4769358513400459,0.1504221694315062,0.0015209897902204326
real_busq_0204,ect_l1,-0.14578608467979928,0.037634366349004335,0.00010717384677512799
real_busq_0204,d_tipo_hip,0.0017743899935876314,0.006354259864768878,0.7800574519054098
real_busq_0204,d_ln_pob_extranj,-0.13468009175262927,0.13009686864002207,0.3005618330533081
real_busq_0204,d_ln_ipv_real_l4,0.3886431379830259,0.1104499514393701,0.00043362397708461407
real_busq_0204,d_ln_credito_nuevo,0.0379240958579549,0.01291226542410707,0.003313401914963961
real_busq_0205,ect_l1,-0.20177798634658553,0.045079581212088424,7.6040420800615705e-06
real_busq_0205,d_tipo_hip,-0.00040554333662698715,0.00598864609073636,0.946009561890906
real_busq_0205,d_ln_pob_extranj4,0.040636757410384,0.2118635142534526,0.8478939335545751
real_busq_0206,ect_l1,-0.17150520944309627,0.04266572080091395,5.8261795345039764e-05
real_busq_0206,d_tipo_hip,0.006412295190893143,0.006339194281423552,0.31176207548596924
real_busq_0206,d_ln_pob_extranj4,0.08136882351365322,0.19350546348212064,0.6741210744096487
real_busq_0206,d_ln_credito_nuevo,0.047211517924800286,0.015268033424740765,0.0019869187512483216
real_busq_0207,ect_l1,-0.16623916323824844,0.03460847395400124,1.5597535946819836e-06
real_busq_0207,d_tipo_hip,-0.003083723608768586,0.004578793853922515,0.500642312298522
real_busq_0207,d_ln_pob_extranj4,-0.0055779045502051625,0.1548830665021504,0.9712714748773976
real_busq_0207,d_ln_ipv_real_l1,0.25490423753495817,0.08432283320480889,0.0025031841084550777
real_busq_0208,ect_l1,-0.12347713523500678,0.03609868039226901,0.0006249595760146071
real_busq_0208,d_tipo_hip,0.003792367529213731,0.004447897717049201,0.3938699459351479
real_busq_0208,d_ln_pob_extranj4,0.027711023855049213,0.11693655559725849,0.8126762938708405
real_busq_0208,d_ln_ipv_real_l1,0.32063465793577817,0.10038927601980205,0.0014035819570863228
real_busq_0208,d_ln_credito_nuevo,0.05239712954380359,0.01829620450278458,0.004185590632402983
real_busq_0209,ect_l1,-0.16412703744066134,0.04087148609521078,5.927323497927015e-05
real_busq_0209,d_tipo_hip,-0.004602271294830192,0.006022755860429781,0.4447795997145164
real_busq_0209,d_ln_pob_extranj4,-0.27335785653154576,0.14578038453089487,0.06077419586831396
real_busq_0209,d_ln_ipv_real_l4,0.48033027537436385,0.14606386770416213,0.0010072463053933292
real_busq_0210,ect_l1,-0.14685121765162149,0.038586249603539347,0.00014135147055932177
real_busq_0210,d_tipo_hip,0.0014989402526229244,0.005968976964824198,0.8017199401757598
real_busq_0210,d_ln_pob_extranj4,-0.18652535500684922,0.12922021302175182,0.14888843536206461
real_busq_0210,d_ln_ipv_real_l4,0.396570950847279,0.10779649658325423,0.00023425554947328412
real_busq_0210,d_ln_credito_nuevo,0.03718145336375691,0.012849951164164805,0.0038096299314799745
real_busq_0211,ect_l1,-0.20108294404419536,0.045427765962536,9.580429993968322e-06
real_busq_0211,d_tipo_hip,-0.0007838382282310466,0.006488878212697024,0.903851679050118
real_busq_0211,d_ln_pob_total,1.0085221961778006,2.204047812294877,0.6472561717394953
real_busq_0212,ect_l1,-0.17092174564173956,0.04224606913654731,5.21310441514577e-05
real_busq_0212,d_tipo_hip,0.006042219250000212,0.006880594909090885,0.37986036374962484
real_busq_0212,d_ln_pob_total,1.5569917680943632,1.9988041091895044,0.43600229964620496
real_busq_0212,d_ln_credito_nuevo,0.04798107080106105,0.01534700036342533,0.0017695248609930444
real_busq_0213,ect_l1,-0.16584109890124848,0.036157802370430814,4.505392119458524e-06
real_busq_0213,d_tipo_hip,-0.0032250702971782148,0.004788475579193064,0.5006249994354095
real_busq_0213,d_ln_pob_total,0.2719117799370147,1.695287336430251,0.8725717087079509
real_busq_0213,d_ln_ipv_real_l1,0.2506553026171668,0.08928334850649353,0.004994104737949865
real_busq_0214,ect_l1,-0.12397077689573098,0.036317482468347165,0.0006412735086187412
real_busq_0214,d_tipo_hip,0.003656776740144099,0.004729306391694198,0.439394387280751
real_busq_0214,d_ln_pob_total,0.6902719770332603,1.2421918091951014,0.5784236687582878
real_busq_0214,d_ln_ipv_real_l1,0.31307671220259503,0.09930112019247526,0.0016171177680170442
real_busq_0214,d_ln_credito_nuevo,0.05264654459658737,0.018143652985624648,0.0037120210904336057
real_busq_0215,ect_l1,-0.1573127385847599,0.0415261229968721,0.0001516915214181308
real_busq_0215,d_tipo_hip,-0.004831573782552922,0.00657950080002675,0.46274310398411744
real_busq_0215,d_ln_pob_total,-1.549859084037997,1.4473796579066718,0.28425782998700777
real_busq_0215,d_ln_ipv_real_l4,0.4547055558277605,0.14225024616056317,0.0013909686449569644
real_busq_0216,ect_l1,-0.1418686075561128,0.03872475146885563,0.00024878015772423795
real_busq_0216,d_tipo_hip,0.0014036317416411194,0.006662898270506085,0.8331495920947596
real_busq_0216,d_ln_pob_total,-0.6103727572054627,1.363945974775214,0.6545104183498673
real_busq_0216,d_ln_ipv_real_l4,0.36542153320770987,0.10195647998071693,0.0003382512141159578
real_busq_0216,d_ln_credito_nuevo,0.03824120732343169,0.013335901452251114,0.004136788145495136
real_busq_0217,ect_l1,-0.2003055170343765,0.04690443601466946,1.950329270327687e-05
real_busq_0217,d_tipo_hip,-0.0017255143651954247,0.005079684040903989,0.7340905131927229
real_busq_0217,d_ln_renta_hog_real,0.1571067225779402,0.07010897260249876,0.025032991415939204
real_busq_0218,ect_l1,-0.17497124568803385,0.044218862485912315,7.591699516106817e-05
real_busq_0218,d_tipo_hip,0.005610697206929332,0.006028563680213271,0.3520162377306574
real_busq_0218,d_ln_renta_hog_real,0.0911742803244849,0.08662988674845701,0.2925896663509675
real_busq_0218,d_ln_credito_nuevo,0.04490641247159859,0.01684488417184433,0.007678746713567718
real_busq_0219,ect_l1,-0.16597250867055757,0.037085072134197886,7.624936251851055e-06
real_busq_0219,d_tipo_hip,-0.004122851428861117,0.004011645073261694,0.3040811402636595
real_busq_0219,d_ln_renta_hog_real,0.12572065346126177,0.08567342506621643,0.14225626480645226
real_busq_0219,d_ln_ipv_real_l1,0.2357163234488275,0.07823968200176691,0.0025889513302478143
real_busq_0220,ect_l1,-0.1254306878374565,0.036513664155782555,0.0005921795721530322
real_busq_0220,d_tipo_hip,0.0034547110999373757,0.004574782446106962,0.450150574523836
real_busq_0220,d_ln_renta_hog_real,0.03976390069790783,0.0864593263167437,0.6455775681645137
real_busq_0220,d_ln_ipv_real_l1,0.31522972334015,0.10388930091369818,0.0024110672649092922
real_busq_0220,d_ln_credito_nuevo,0.05133389603901674,0.019965699841514657,0.010137480073741918
real_busq_0221,ect_l1,-0.15648288777468444,0.04038491224941774,0.0001067184934140657
real_busq_0221,d_tipo_hip,-0.006223517562652266,0.006951566205479389,0.3706436275932832
real_busq_0221,d_ln_renta_hog_real,0.11650978508720827,0.07471839763977678,0.11892099824785209
real_busq_0221,d_ln_ipv_real_l4,0.4005649360215853,0.14742807766743043,0.0065872761419615055
real_busq_0222,ect_l1,-0.1415273695552864,0.03827414013041573,0.0002175375806077771
real_busq_0222,d_tipo_hip,0.000595630179621835,0.007032624738149813,0.9325036419106294
real_busq_0222,d_ln_renta_hog_real,0.06695417427773555,0.08185444860170944,0.4133764736219313
real_busq_0222,d_ln_ipv_real_l4,0.3425734783276467,0.10758628130280629,0.001451675428189096
real_busq_0222,d_ln_credito_nuevo,0.03775526930138942,0.014612110497466272,0.009770878253730077
real_busq_0223,ect_l1,-0.1913802964518061,0.042908301993086304,8.187707904926999e-06
real_busq_0223,d_tipo_hip,-0.0028844953926435374,0.006334344777172418,0.6488402567353256
real_busq_0223,d_ln_renta_hog_real,0.15322908534432605,0.07421391785966887,0.038951893228481985
real_busq_0223,d_ln_pob_extranj,0.15181958863355027,0.19078403028530802,0.4261676184115115
real_busq_0224,ect_l1,-0.16453126742759608,0.0413313434079976,6.868752739691535e-05
real_busq_0224,d_tipo_hip,0.004352530893491593,0.006730941989166976,0.5178616391848989
real_busq_0224,d_ln_renta_hog_real,0.08613449884698661,0.08841987645444722,0.32998051574005294
real_busq_0224,d_ln_pob_extranj,0.17363121315116956,0.17823930110874212,0.3299837433188718
real_busq_0224,d_ln_credito_nuevo,0.04531851155896821,0.016846209448954118,0.0071423958961323
real_busq_0225,ect_l1,-0.16355939677171602,0.035281879318841726,3.555761661188397e-06
real_busq_0225,d_tipo_hip,-0.004517546534296659,0.004804831718383971,0.34711031185919106
real_busq_0225,d_ln_renta_hog_real,0.1253222816768419,0.08570201703227068,0.1436583084680896
real_busq_0225,d_ln_pob_extranj,0.06409700567384839,0.15108658784830692,0.6713906390790904
real_busq_0225,d_ln_ipv_real_l1,0.22641314669044452,0.08434149674529837,0.007264250911597275
real_busq_0226,ect_l1,-0.12328830108133225,0.03547042355397399,0.0005093211079096936
real_busq_0226,d_tipo_hip,0.003094642733931585,0.004913560018422084,0.5288144411486435
real_busq_0226,d_ln_renta_hog_real,0.03946407608851556,0.08638572981913596,0.6477892206936505
real_busq_0226,d_ln_pob_extranj,0.05763766964203117,0.11406668199632823,0.6133495266305139
real_busq_0226,d_ln_ipv_real_l1,0.3068100447503939,0.10489267780014586,0.0034446717510623857
real_busq_0226,d_ln_credito_nuevo,0.05129901830452256,0.019730740333944688,0.009323624309046891
real_busq_0227,ect_l1,-0.16239328286799826,0.03930272272319416,3.5984216501640156e-05
real_busq_0227,d_tipo_hip,-0.005268439758286023,0.006027698613687896,0.3820973685104674
real_busq_0227,d_ln_renta_hog_real,0.11568665118342936,0.07337268405715852,0.11486475792721551
real_busq_0227,d_ln_pob_extranj,-0.21778996184384997,0.148805457341057,0.14330640603700978
real_busq_0227,d_ln_ipv_real_l4,0.4635721021065872,0.15566791836395175,0.002901783037650612
real_busq_0228,ect_l1,-0.14570791855420284,0.03743758825456549,9.941221205229474e-05
real_busq_0228,d_tipo_hip,0.000980531282967183,0.006325054587185236,0.8768028927520223
real_busq_0228,d_ln_renta_hog_real,0.06799698012515856,0.08144944900015892,0.4038097220317365
real_busq_0228,d_ln_pob_extranj,-0.13670507271872387,0.13042174185519168,0.2945570560516684
real_busq_0228,d_ln_ipv_real_l4,0.3839475394825776,0.11138783495835705,0.0005669677840110515
real_busq_0228,d_ln_credito_nuevo,0.0365671372207,0.014564810874166327,0.012050923397191299
real_busq_0229,ect_l1,-0.1984734485444342,0.04410396623430428,6.791288056087507e-06
real_busq_0229,d_tipo_hip,-0.0019145059854863086,0.005519766750037377,0.7287074295710543
real_busq_0229,d_ln_renta_hog_real,0.15675215909239704,0.07108449725615096,0.027443392852712745
real_busq_0229,d_ln_pob_extranj4,0.03611989819434063,0.20508432264217025,0.8601979553750124
real_busq_0230,ect_l1,-0.17085833104119222,0.04237449550909257,5.527994470888934e-05
real_busq_0230,d_tipo_hip,0.005265868840227312,0.006246831719629743,0.3992472720037904
real_busq_0230,d_ln_renta_hog_real,0.0898909690654791,0.08694338783739387,0.30118183746935
real_busq_0230,d_ln_pob_extranj4,0.07709921582276899,0.19184985989322398,0.687777735672579
real_busq_0230,d_ln_credito_nuevo,0.04526499852135613,0.017235445239658854,0.008632534366330926
real_busq_0231,ect_l1,-0.1662079521761657,0.03510279828749982,2.1917197951046493e-06
real_busq_0231,d_tipo_hip,-0.004096614697347699,0.004281438551858148,0.33865237793681124
real_busq_0231,d_ln_renta_hog_real,0.12572408218944156,0.08573745014176128,0.14254352140394583
real_busq_0231,d_ln_pob_extranj4,-0.005794655439671975,0.15484945875148162,0.9701491545545603
real_busq_0231,d_ln_ipv_real_l1,0.23611776959268227,0.07961505615353259,0.0030195301775092728
real_busq_0232,ect_l1,-0.12426127240060515,0.03636352912625526,0.000632699277417169
real_busq_0232,d_tipo_hip,0.0033456900855754566,0.004676965183872591,0.47438975655842575
real_busq_0232,d_ln_renta_hog_real,0.039596587864605855,0.08649212634182345,0.6470920451493026
real_busq_0232,d_ln_pob_extranj4,0.02702467951952334,0.1186467975399962,0.8198217840930331
real_busq_0232,d_ln_ipv_real_l1,0.31349746793307504,0.10162046460113294,0.0020356336919203533
real_busq_0232,d_ln_credito_nuevo,0.05142426657086654,0.020048964284582475,0.01031954855164689
real_busq_0233,ect_l1,-0.1628491971424218,0.039915442724304195,4.506390554393951e-05
real_busq_0233,d_tipo_hip,-0.005563066391311352,0.005720793930622696,0.3308371297321445
real_busq_0233,d_ln_renta_hog_real,0.11246460018844964,0.07495958495457268,0.13352726314253985
real_busq_0233,d_ln_pob_extranj4,-0.2674828631575691,0.146761147380161,0.06836813092382057
real_busq_0233,d_ln_ipv_real_l4,0.4663856296748457,0.1514137918805681,0.0020685765323647
real_busq_0234,ect_l1,-0.14670213998034184,0.03829835942963455,0.00012787941240668992
real_busq_0234,d_tipo_hip,0.000715250379724145,0.00598575479469942,0.9048855025554227
real_busq_0234,d_ln_renta_hog_real,0.06660974908898037,0.08277319454707475,0.4209777613427116
real_busq_0234,d_ln_pob_extranj4,-0.18610046867079624,0.13001297992733413,0.15231585250947585
real_busq_0234,d_ln_ipv_real_l4,0.39125851463984535,0.10889713301441324,0.000326994991495366
real_busq_0234,d_ln_credito_nuevo,0.03587343280097923,0.014485043815792667,0.01326462780000405
real_busq_0235,ect_l1,-0.19788414628905288,0.04466785147203523,9.417867052110263e-06
real_busq_0235,d_tipo_hip,-0.0022334700352411216,0.005955793610641216,0.7076545438415791
real_busq_0235,d_ln_renta_hog_real,0.15448915779185526,0.07385913852090124,0.036467787142973135
real_busq_0235,d_ln_pob_total,0.9046451886830859,2.148575224703867,0.6737227888244985
real_busq_0236,ect_l1,-0.17034240892624022,0.04196820530903574,4.931619061838555e-05
real_busq_0236,d_tipo_hip,0.004975352766001575,0.006740405024518176,0.46043026219048766
real_busq_0236,d_ln_renta_hog_real,0.0851475724053443,0.08895129979018272,0.33844709511649773
real_busq_0236,d_ln_pob_total,1.4782142706030257,2.003517918612994,0.46063030545345107
real_busq_0236,d_ln_credito_nuevo,0.046098017862044254,0.017313366209468415,0.0077546859245839215
real_busq_0237,ect_l1,-0.16582038782708033,0.036776013879145426,6.5156105477472645e-06
real_busq_0237,d_tipo_hip,-0.004223907418724067,0.004466681581950405,0.3443282772481472
real_busq_0237,d_ln_renta_hog_real,0.12547377006788524,0.0864164518990136,0.1465109946978183
real_busq_0237,d_ln_pob_total,0.24141418243975227,1.6981360826828336,0.8869502972735127
real_busq_0237,d_ln_ipv_real_l1,0.2323243952004747,0.08378458573121106,0.005556302720379806
real_busq_0238,ect_l1,-0.12472103636976091,0.036479804895845167,0.0006287336316997625
real_busq_0238,d_tipo_hip,0.0032261759898468663,0.00492030824960507,0.5120263414006894
real_busq_0238,d_ln_renta_hog_real,0.03847028467630954,0.08699844429825405,0.6583480407087987
real_busq_0238,d_ln_pob_total,0.6733615107246825,1.2724735577374338,0.596683885386446
real_busq_0238,d_ln_ipv_real_l1,0.3063284781604565,0.09921036773095392,0.00201735073496908
real_busq_0238,d_ln_credito_nuevo,0.05169520547262021,0.019903770424980316,0.009397160658455452
real_busq_0239,ect_l1,-0.15612822226093154,0.040572813078409826,0.00011903770120005117
real_busq_0239,d_tipo_hip,-0.005813635296003819,0.006221959685997309,0.350111175624539
real_busq_0239,d_ln_renta_hog_real,0.11682534988147794,0.07439430695618166,0.11633292665862605
real_busq_0239,d_ln_pob_total,-1.5562586382084618,1.405624982265885,0.2682226414900788
real_busq_0239,d_ln_ipv_real_l4,0.44188173535306163,0.1468916293323968,0.002627863730676787
real_busq_0240,ect_l1,-0.14174057402491164,0.0384971894033055,0.00023155478134714172
real_busq_0240,d_tipo_hip,0.0006018202577744689,0.0066229772009249455,0.927597049498583
real_busq_0240,d_ln_renta_hog_real,0.06828178336519555,0.08276363445582792,0.40935934666928964
real_busq_0240,d_ln_pob_total,-0.6484396108764181,1.3611558735642082,0.6337973089106587
real_busq_0240,d_ln_ipv_real_l4,0.36118851201007507,0.10231550800134767,0.00041533300320088665
real_busq_0240,d_ln_credito_nuevo,0.036843970152776184,0.015061322843018022,0.014434530822227006
real_busq_0241,ect_l1,-0.2040697954734825,0.04810006736815985,2.2093583029179765e-05
real_busq_0241,d_tipo_hip,-0.00028243168581903826,0.005338904770105779,0.957811043635973
real_busq_0241,d_ln_costes,0.012441140627053811,0.09051908829195231,0.8906812943002611
real_busq_0242,ect_l1,-0.17636662999541536,0.04473338780111362,8.059719867920483e-05
real_busq_0242,d_tipo_hip,0.00656048946194101,0.005850810567527146,0.26216196212415244
real_busq_0242,d_ln_costes,0.034817566336609845,0.0848733252775586,0.6816373905629609
real_busq_0242,d_ln_credito_nuevo,0.04705087337537499,0.015211163020226355,0.0019802362891863357
real_busq_0243,ect_l1,-0.1635594305369432,0.03707512581729609,1.0262481706889305e-05
real_busq_0243,d_tipo_hip,-0.002850814492907587,0.004133262425328901,0.49036713103173246
real_busq_0243,d_ln_costes,-0.0503756843641257,0.0977159409770403,0.6061813865817407
real_busq_0243,d_ln_ipv_real_l1,0.2649819757459753,0.08533199909801352,0.0019008221384057304
real_busq_0244,ect_l1,-0.12273221171874085,0.036184186882015856,0.0006941629095349552
real_busq_0244,d_tipo_hip,0.004106274803837131,0.004187576858828156,0.3267974638121327
real_busq_0244,d_ln_costes,-0.0411607490512766,0.07284806271799363,0.5720588848245338
real_busq_0244,d_ln_ipv_real_l1,0.3308879535913003,0.09905571062288236,0.0008365093573798642
real_busq_0244,d_ln_credito_nuevo,0.05222820014613801,0.018167489479301413,0.004042622562621621
real_busq_0245,ect_l1,-0.15777842039764334,0.04112684434979188,0.00012485847766410636
real_busq_0245,d_tipo_hip,-0.005286417540936952,0.00733533445904976,0.4711073681201686
real_busq_0245,d_ln_costes,0.005990315078350004,0.07676474528176841,0.9378004379963177
real_busq_0245,d_ln_ipv_real_l4,0.41344367372687846,0.14376603373217717,0.004029933073658837
real_busq_0246,ect_l1,-0.14209865435057295,0.03844932276393847,0.00021924828375242622
real_busq_0246,d_tipo_hip,0.0012203660737596545,0.007075168459633755,0.8630556260287483
real_busq_0246,d_ln_costes,0.02567942923760452,0.0753044052072165,0.7330973130101438
real_busq_0246,d_ln_ipv_real_l4,0.34720191232982894,0.10653992856182924,0.0011184900938958804
real_busq_0246,d_ln_credito_nuevo,0.039227027307798916,0.013152494196069876,0.0028592500379676067
real_busq_0247,ect_l1,-0.1939449878540158,0.04400168171067634,1.0448753637349323e-05
real_busq_0247,d_tipo_hip,-0.0014501935887074897,0.006780159059331078,0.8306345216308574
real_busq_0247,d_ln_costes,-0.005467529232076404,0.08874799088960514,0.9508755173685722
real_busq_0247,d_ln_pob_extranj,0.16517950523219743,0.19435228604855953,0.3953821236915688
real_busq_0248,ect_l1,-0.1653960261720184,0.041428561504719526,6.543031866563366e-05
real_busq_0248,d_tipo_hip,0.0053392083280970615,0.006792621092719104,0.43184953486128874
real_busq_0248,d_ln_costes,0.01572595673821949,0.07874504697138351,0.8417095437512703
real_busq_0248,d_ln_pob_extranj,0.1769955941802326,0.1734476095251006,0.3075124097138112
real_busq_0248,d_ln_credito_nuevo,0.047257261705275874,0.015042412353778265,0.0016802669124869564
real_busq_0249,ect_l1,-0.1603657754924976,0.03527734877585479,5.471222914473427e-06
real_busq_0249,d_tipo_hip,-0.0032986975684229443,0.005060653238129789,0.5145093203873792
real_busq_0249,d_ln_costes,-0.05635868672229991,0.09914429963923685,0.5697286971987481
real_busq_0249,d_ln_pob_extranj,0.0770869321501436,0.14840928496658498,0.6034670353968061
real_busq_0249,d_ln_ipv_real_l1,0.2549646283813782,0.09179244914122915,0.005475845866928669
real_busq_0250,ect_l1,-0.12000564507104228,0.03489214109943941,0.0005831523641286543
real_busq_0250,d_tipo_hip,0.003709518390988113,0.0046884958731757565,0.4288297236183093
real_busq_0250,d_ln_costes,-0.04636586620876583,0.07455253533528061,0.5339931200378785
real_busq_0250,d_ln_pob_extranj,0.06692980538409674,0.11281287816842248,0.5529927075261588
real_busq_0250,d_ln_ipv_real_l1,0.3221157937031448,0.10190534868040788,0.0015726565247234385
real_busq_0250,d_ln_credito_nuevo,0.052168988692035914,0.01790575883395887,0.0035736601751045014
real_busq_0251,ect_l1,-0.16444716813188262,0.04020328101546211,4.306452133857803e-05
real_busq_0251,d_tipo_hip,-0.004463877139224972,0.0063599082110236075,0.4827554966651354
real_busq_0251,d_ln_costes,0.029803173264298228,0.07397755194483277,0.6870454838469626
real_busq_0251,d_ln_pob_extranj,-0.22911568529468637,0.1501369380735433,0.12699872157973563
real_busq_0251,d_ln_ipv_real_l4,0.47931295201363394,0.1517015997513258,0.001579981065108723
real_busq_0252,ect_l1,-0.14685757766781016,0.03761593192516083,9.456401396220006e-05
real_busq_0252,d_tipo_hip,0.0015552708751036459,0.006295775811518451,0.8048818873842842
real_busq_0252,d_ln_costes,0.04041261105629006,0.07300397317223101,0.5798750220912625
real_busq_0252,d_ln_pob_extranj,-0.1474128370736363,0.12779184445922767,0.2486893459628099
real_busq_0252,d_ln_ipv_real_l4,0.3915603777153749,0.11200481247347426,0.0004724221965173977
real_busq_0252,d_ln_credito_nuevo,0.038055560963421074,0.013059625197460838,0.0035684626179149264
real_busq_0253,ect_l1,-0.2020309312478691,0.04533189777261827,8.322870326508407e-06
real_busq_0253,d_tipo_hip,-0.00046775078707758086,0.005857360548405095,0.9363510512646764
real_busq_0253,d_ln_costes,0.00946059360977883,0.08729204929557076,0.913695343911499
real_busq_0253,d_ln_pob_extranj4,0.038979972538244916,0.20900443994741896,0.8520502609118771
real_busq_0254,ect_l1,-0.17219622872437584,0.04263596844739111,5.3735665984345884e-05
real_busq_0254,d_tipo_hip,0.006240537937571545,0.006189886213455622,0.31336662642441204
real_busq_0254,d_ln_costes,0.029118021501787557,0.07920946441000572,0.7131656550860966
real_busq_0254,d_ln_pob_extranj4,0.07638726632849752,0.18719391253839404,0.6832260238901937
real_busq_0254,d_ln_credito_nuevo,0.047347977507292374,0.015479232064852319,0.002222205435293465
real_busq_0255,ect_l1,-0.16349615445813898,0.035090225852916,3.172748579897295e-06
real_busq_0255,d_tipo_hip,-0.0028569081749447453,0.004483379140499032,0.5239801982797412
real_busq_0255,d_ln_costes,-0.050467080268596046,0.0977697289285582,0.6057265432891046
real_busq_0255,d_ln_pob_extranj4,0.0014477855576797893,0.15302881130808232,0.9924514311951318
real_busq_0255,d_ln_ipv_real_l1,0.26490053283781306,0.08644715174382307,0.002181755658845928
real_busq_0256,ect_l1,-0.12117878561114621,0.03575387903102987,0.0007008443217308051
real_busq_0256,d_tipo_hip,0.003978239576967334,0.004394375153856409,0.36530506023512943
real_busq_0256,d_ln_costes,-0.04326948001720611,0.07303834377584636,0.553568420001377
real_busq_0256,d_ln_pob_extranj4,0.03369310131221694,0.11541381469944646,0.7703378506366523
real_busq_0256,d_ln_ipv_real_l1,0.3291231222491855,0.09772852260777716,0.0007579021625564079
real_busq_0256,d_ln_credito_nuevo,0.05233163373229114,0.01819348270886168,0.004022466258099819
real_busq_0257,ect_l1,-0.16475633814457888,0.041006634415019866,5.874473722215363e-05
real_busq_0257,d_tipo_hip,-0.004782784540698246,0.006021815174835441,0.4270539809214071
real_busq_0257,d_ln_costes,0.02623147354918677,0.07151096195443184,0.7137551399387356
real_busq_0257,d_ln_pob_extranj4,-0.2785524411448669,0.1452856310685374,0.05520306294561796
real_busq_0257,d_ln_ipv_real_l4,0.4812493468267125,0.14635460589608046,0.0010081517723311423
real_busq_0258,ect_l1,-0.14770977142141276,0.03866102965702494,0.0001331072872855435
real_busq_0258,d_tipo_hip,0.0012574864762703777,0.005937866937571256,0.8322832689105164
real_busq_0258,d_ln_costes,0.03881720601320653,0.07104534094311925,0.5848100499916485
real_busq_0258,d_ln_pob_extranj4,-0.19384695667969998,0.12672044775140381,0.1260857512761656
real_busq_0258,d_ln_ipv_real_l4,0.39757859847742094,0.10812959266390909,0.00023611206608218304
real_busq_0258,d_ln_credito_nuevo,0.037337882096127664,0.013018793440810845,0.00413077287601324
real_busq_0259,ect_l1,-0.20111247092647652,0.04567679177011405,1.0679050237895152e-05
real_busq_0259,d_tipo_hip,-0.0007918348579617551,0.006357801157334579,0.9008834599511237
real_busq_0259,d_ln_costes,0.0012651804044131099,0.08937981494840805,0.9887062397450082
real_busq_0259,d_ln_pob_total,1.005973778208891,2.1947813935141376,0.6467024061600509
real_busq_0260,ect_l1,-0.171304823900614,0.0422495591583557,5.0221377100900154e-05
real_busq_0260,d_tipo_hip,0.005936409559898852,0.006773669956316176,0.38081540949317494
real_busq_0260,d_ln_costes,0.018399846491781967,0.07930099890410508,0.8165182808208757
real_busq_0260,d_ln_pob_total,1.5207721188318934,1.9442175337287275,0.434095483813726
real_busq_0260,d_ln_credito_nuevo,0.0480547876085586,0.015494256714349688,0.001925701390730925
real_busq_0261,ect_l1,-0.1632000962951715,0.03655897832912847,8.043516920458087e-06
real_busq_0261,d_tipo_hip,-0.002985557632551292,0.004693225945562859,0.5246839430236125
real_busq_0261,d_ln_costes,-0.053225000541265305,0.09867819961617817,0.5896250052663624
real_busq_0261,d_ln_pob_total,0.3498835975805975,1.6783924942687827,0.8348670682508029
real_busq_0261,d_ln_ipv_real_l1,0.2606044120005745,0.09110328119453981,0.004229226573448101
real_busq_0262,ect_l1,-0.12167155006491996,0.03599065145681416,0.0007231638918870711
real_busq_0262,d_tipo_hip,0.0038618511032615377,0.004694976728533666,0.4107641850021809
real_busq_0262,d_ln_costes,-0.04727884424912681,0.07380636426791584,0.5217959191961654
real_busq_0262,d_ln_pob_total,0.7590660727735529,1.2166030749018455,0.5326784610135555
real_busq_0262,d_ln_ipv_real_l1,0.3218446671258349,0.09723988929098787,0.0009336237631363056
real_busq_0262,d_ln_credito_nuevo,0.052587787696109785,0.018017991280990433,0.003515771394542574
real_busq_0263,ect_l1,-0.157747478628339,0.04155368085618696,0.0001469110854118027
real_busq_0263,d_tipo_hip,-0.004987516281750138,0.006534414396519425,0.44530295488316285
real_busq_0263,d_ln_costes,0.02313374585443646,0.07116089990670704,0.7451124370137985
real_busq_0263,d_ln_pob_total,-1.6026032177906953,1.4488113899078772,0.2686614511981573
real_busq_0263,d_ln_ipv_real_l4,0.4557979782755864,0.14285713067427902,0.0014198451764523316
real_busq_0264,ect_l1,-0.1424414340109739,0.038712768457050205,0.0002337437093248078
real_busq_0264,d_tipo_hip,0.0011998904044929087,0.006613363702385036,0.8560267704467144
real_busq_0264,d_ln_costes,0.03253010280591748,0.06966640044934957,0.6405420482808717
real_busq_0264,d_ln_pob_total,-0.6821986011502577,1.3265037647097044,0.6070540055601938
real_busq_0264,d_ln_ipv_real_l4,0.3667351315850769,0.10273622195044005,0.00035742161385878994
real_busq_0264,d_ln_credito_nuevo,0.03833652297451662,0.013471921457773739,0.0044319333490963975
real_busq_0265,ect_l1,-0.20043140425375808,0.04729615820965812,2.257261208738392e-05
real_busq_0265,d_tipo_hip,-0.0017748965260104383,0.004873096108945558,0.7156910578577533
real_busq_0265,d_ln_costes,0.006825027527152711,0.0785315994730948,0.9307446073022718
real_busq_0265,d_ln_renta_hog_real,0.15691613684028277,0.07086218312584384,0.02680232385284252
real_busq_0266,ect_l1,-0.17542933996485252,0.044288355941912876,7.461421629686536e-05
real_busq_0266,d_tipo_hip,0.005419955676808021,0.005797530902518205,0.34985370248004455
real_busq_0266,d_ln_costes,0.03066584451717975,0.08074771488982588,0.7041135347158017
real_busq_0266,d_ln_renta_hog_real,0.09003808999702823,0.0890265425717617,0.3118430520070029
real_busq_0266,d_ln_credito_nuevo,0.045097024924032274,0.017138519397549425,0.008505250606550042
real_busq_0267,ect_l1,-0.1635172255267889,0.03790718516965556,1.6060226076917836e-05
real_busq_0267,d_tipo_hip,-0.003864540273602072,0.0038607103049608073,0.3168306580252145
real_busq_0267,d_ln_costes,-0.050420530511094165,0.0844115457143505,0.5502951297928089
real_busq_0267,d_ln_renta_hog_real,0.12573426478113872,0.08801030847360494,0.15311028731703621
real_busq_0267,d_ln_ipv_real_l1,0.2461882656403958,0.07930849061072447,0.0019080366862062137
real_busq_0268,ect_l1,-0.1234840150879951,0.03633307766675332,0.0006771522397042072
real_busq_0268,d_tipo_hip,0.0036540557275004377,0.00445324680511563,0.4119097955302613
real_busq_0268,d_ln_costes,-0.04134769676898363,0.06995924558289905,0.5545033480542367
real_busq_0268,d_ln_renta_hog_real,0.03991668950963978,0.0849587147870447,0.6384719666910983
real_busq_0268,d_ln_ipv_real_l1,0.3236862999418295,0.09960578501003867,0.0011553749427908617
real_busq_0268,d_ln_credito_nuevo,0.05124931567760698,0.019928238392808453,0.010120252336381492
real_busq_0269,ect_l1,-0.15652250856734143,0.040510095096136456,0.0001116411166103685
real_busq_0269,d_tipo_hip,-0.006237923449309115,0.006926886924648979,0.3678341234767911
real_busq_0269,d_ln_costes,0.00202358354139139,0.06649179839158659,0.9757212633767547
real_busq_0269,d_ln_renta_hog_real,0.11645540437174016,0.0750696149096626,0.12083009158525292
real_busq_0269,d_ln_ipv_real_l4,0.4005439499744395,0.14734205606845951,0.006558596075404531
real_busq_0270,ect_l1,-0.14191314896276883,0.03827913965585731,0.00020946141282367987
real_busq_0270,d_tipo_hip,0.00046089788999617603,0.007012995846953849,0.9476003174024981
real_busq_0270,d_ln_costes,0.022763632822772904,0.07166264351601469,0.7507505047295457
real_busq_0270,d_ln_renta_hog_real,0.066143884277536,0.08370264683453596,0.42939665606784727
real_busq_0270,d_ln_ipv_real_l4,0.3421050510741898,0.1072184318314446,0.0014191390732040635
real_busq_0270,d_ln_credito_nuevo,0.03790654157668996,0.01476877663955626,0.010268096845918258
real_busq_0271,ect_l1,-0.1910522883187568,0.04339857725076435,1.0712374439728503e-05
real_busq_0271,d_tipo_hip,-0.0028328740941782698,0.006212106731127597,0.6483722182752463
real_busq_0271,d_ln_costes,-0.009782832068068917,0.07675257626595988,0.8985768592902115
real_busq_0271,d_ln_renta_hog_real,0.15343815581513745,0.0745034027792534,0.03944842305731008
real_busq_0271,d_ln_pob_extranj,0.15432968510493766,0.189865156521944,0.41631073095806537
real_busq_0272,ect_l1,-0.164908080500117,0.04126974198030994,6.446002313595813e-05
real_busq_0272,d_tipo_hip,0.004297882496453258,0.0066239829485714805,0.5164440053898651
real_busq_0272,d_ln_costes,0.012475854078432672,0.07450126061127282,0.8670094598693472
real_busq_0272,d_ln_renta_hog_real,0.08576419543416078,0.0895749819146002,0.3383366290699731
real_busq_0272,d_ln_pob_extranj,0.17046384136907686,0.1722155809265504,0.3222580904875538
real_busq_0272,d_ln_credito_nuevo,0.0453885413584604,0.01701266383151055,0.00763208897810836
real_busq_0273,ect_l1,-0.16042733695917544,0.03616923903759646,9.187442893098639e-06
real_busq_0273,d_tipo_hip,-0.004294167880106865,0.004722421477834576,0.36318396505708694
real_busq_0273,d_ln_costes,-0.056209262200728624,0.08591497333301185,0.5129553200325261
real_busq_0273,d_ln_renta_hog_real,0.12527226508590558,0.08817883179029475,0.15541521110043446
real_busq_0273,d_ln_pob_extranj,0.07458600931740744,0.1501023615961953,0.619258886331101
real_busq_0273,d_ln_ipv_real_l1,0.23656496583528916,0.08508751819925872,0.005431629122450384
real_busq_0274,ect_l1,-0.12077581096689013,0.03510828755212969,0.0005815120822125079
real_busq_0274,d_tipo_hip,0.0032645577517949604,0.004869771203292378,0.5026207459678327
real_busq_0274,d_ln_costes,-0.04650451185180807,0.0714965942439484,0.5154056342032827
real_busq_0274,d_ln_renta_hog_real,0.039590712552792215,0.08458166571520766,0.6397296936888661
real_busq_0274,d_ln_pob_extranj,0.06632834591652152,0.11390634757344023,0.5603606067057566
real_busq_0274,d_ln_ipv_real_l1,0.3150517822027971,0.10121292867195462,0.0018534527053675693
real_busq_0274,d_ln_credito_nuevo,0.05119863031670456,0.01965364986602663,0.009186235771363724
real_busq_0275,ect_l1,-0.16311783616400558,0.03947670528722694,3.5961685653661204e-05
real_busq_0275,d_tipo_hip,-0.005414267004058394,0.005970063898423694,0.3644582589616623
real_busq_0275,d_ln_costes,0.025567658984603482,0.06461494813687402,0.6923317906050817
real_busq_0275,d_ln_renta_hog_real,0.1149683700444213,0.07409265696430177,0.1207379184696381
real_busq_0275,d_ln_pob_extranj,-0.22604224303338258,0.15092481018639436,0.13420750076953097
real_busq_0275,d_ln_ipv_real_l4,0.46569435174483426,0.15685822599406593,0.002988804603690007
real_busq_0276,ect_l1,-0.14670573146866014,0.03743061621690326,8.87679684105222e-05
real_busq_0276,d_tipo_hip,0.0007913390536248803,0.006237817479054356,0.8990499971635206
real_busq_0276,d_ln_costes,0.03757958728317464,0.0694605865338564,0.5884935915515409
real_busq_0276,d_ln_renta_hog_real,0.06674933911139662,0.08405700799715245,0.4271395094582169
real_busq_0276,d_ln_pob_extranj,-0.14850806585207266,0.12844401556352256,0.24759587342245648
real_busq_0276,d_ln_ipv_real_l4,0.38674643059020836,0.11291714629510788,0.0006146951277667189
real_busq_0276,d_ln_credito_nuevo,0.036714284421921074,0.01470332080216895,0.01252467375934603
real_busq_0277,ect_l1,-0.198586097380101,0.04452974089134319,8.210187366113831e-06
real_busq_0277,d_tipo_hip,-0.0019406073985494137,0.005343975193620926,0.7165008301222453
real_busq_0277,d_ln_costes,0.00412795113107648,0.07587512716526179,0.9566128645448544
real_busq_0277,d_ln_renta_hog_real,0.15664395362309924,0.0716181279472955,0.028727127932665544
real_busq_0277,d_ln_pob_extranj4,0.035400109415740656,0.20332101026883936,0.8617794460490877
real_busq_0278,ect_l1,-0.1714644826194879,0.042361035169767636,5.172483827154897e-05
real_busq_0278,d_tipo_hip,0.005127789641211216,0.006074628832880966,0.39859555073448283
real_busq_0278,d_ln_costes,0.025279490019558187,0.07521416476173867,0.7367953657547337
real_busq_0278,d_ln_renta_hog_real,0.08902564962934513,0.08897274742344428,0.31702284720593576
real_busq_0278,d_ln_pob_extranj4,0.07281546129594234,0.18613000434925317,0.6956438347411531
real_busq_0278,d_ln_credito_nuevo,0.04540220691609816,0.017457223054720517,0.009301502633642428
real_busq_0279,ect_l1,-0.16346323230797963,0.03588163406577844,5.223029966527047e-06
real_busq_0279,d_tipo_hip,-0.003869734286643416,0.004168889015099575,0.3532824991676078
real_busq_0279,d_ln_costes,-0.05049851835292981,0.08454986352802872,0.5503316989448137
real_busq_0279,d_ln_renta_hog_real,0.1257335548447183,0.08804749653930885,0.15328620386379713
real_busq_0279,d_ln_pob_extranj4,0.001235394937450754,0.15338455056992256,0.993573721171204
real_busq_0279,d_ln_ipv_real_l1,0.24611887654918196,0.08048931050145197,0.0022298069399573953
real_busq_0280,ect_l1,-0.12195770542028249,0.035981821936722225,0.0007003923325714288
real_busq_0280,d_tipo_hip,0.0035307908490778833,0.00460684215257479,0.4434245141572607
real_busq_0280,d_ln_costes,-0.04341366391634886,0.06995417493608226,0.5348618711195126
real_busq_0280,d_ln_renta_hog_real,0.03971986498095699,0.08483266475527128,0.6396313618101834
real_busq_0280,d_ln_pob_extranj4,0.03302455382596929,0.11700378214018572,0.7777502730896937
real_busq_0280,d_ln_ipv_real_l1,0.3219919973651373,0.09786135577533538,0.0010008505918766369
real_busq_0280,d_ln_credito_nuevo,0.05135552367186418,0.019971692493310836,0.01012836697345698
real_busq_0281,ect_l1,-0.1633829177487707,0.04015823000078372,4.732101329598141e-05
real_busq_0281,d_tipo_hip,-0.005708423590436134,0.0056792516053209225,0.31483108347755295
real_busq_0281,d_ln_costes,0.021936793269098444,0.06225858520939363,0.7245760263396159
real_busq_0281,d_ln_renta_hog_real,0.11180886763277337,0.07573701316614626,0.13986934382290495
real_busq_0281,d_ln_pob_extranj4,-0.2718612323682435,0.14683722613934003,0.06410537996554991
real_busq_0281,d_ln_ipv_real_l4,0.46723553373861587,0.15170160458051643,0.002070253745718684
real_busq_0282,ect_l1,-0.14749843400522666,0.0383927052290197,0.00012211798117445045
real_busq_0282,d_tipo_hip,0.0005072882801792101,0.005919864863537483,0.9317108293681148
real_busq_0282,d_ln_costes,0.03587182360721896,0.06749961438047328,0.5951156688225624
real_busq_0282,d_ln_renta_hog_real,0.0653203249083335,0.08542825480337977,0.444496651923467
real_busq_0282,d_ln_pob_extranj4,-0.19287474478407668,0.12771517178028952,0.13099381209397956
real_busq_0282,d_ln_ipv_real_l4,0.3922925412664145,0.10926939187405053,0.00033049893156641475
real_busq_0282,d_ln_credito_nuevo,0.0360433125097645,0.014647462137593348,0.013865828203963025
real_busq_0283,ect_l1,-0.1978077060773665,0.0450513311579167,1.129768053528009e-05
real_busq_0283,d_tipo_hip,-0.0022138342014851515,0.005785693942271128,0.7019871854947626
real_busq_0283,d_ln_costes,-0.0032122472581149865,0.07857062505972282,0.9673887197084872
real_busq_0283,d_ln_renta_hog_real,0.15456027492727495,0.07414585258178948,0.03711073334344958
real_busq_0283,d_ln_pob_total,0.9110677112048643,2.1518138809464555,0.672006931901719
real_busq_0284,ect_l1,-0.17066343020910063,0.04198837233672868,4.812722949352404e-05
real_busq_0284,d_tipo_hip,0.004893095758673114,0.006611510668580236,0.45924696195588666
real_busq_0284,d_ln_costes,0.015273725645780644,0.07580315360947394,0.8403139191111945
real_busq_0284,d_ln_renta_hog_real,0.08470257145023077,0.09026703152769591,0.34806171285102894
real_busq_0284,d_ln_pob_total,1.4485600234831453,1.9577861413075477,0.459362516325338
real_busq_0284,d_ln_credito_nuevo,0.04616905150757453,0.017471929369397433,0.008230372412225805
real_busq_0285,ect_l1,-0.1631896155602186,0.037422481188815894,1.2962482298035145e-05
real_busq_0285,d_tipo_hip,-0.003984803075448777,0.0043552052876764695,0.3602169154392276
real_busq_0285,d_ln_costes,-0.05301904179524599,0.08591600284019386,0.5371666465309168
real_busq_0285,d_ln_renta_hog_real,0.12540863697511603,0.08874661230539657,0.15762367602710115
real_busq_0285,d_ln_pob_total,0.3191001126067054,1.6887816965519784,0.8501297721809747
real_busq_0285,d_ln_ipv_real_l1,0.24224452116824738,0.08439977623678142,0.004102078898325417
real_busq_0286,ect_l1,-0.12242047932017489,0.03612759672061717,0.0007026100854684592
real_busq_0286,d_tipo_hip,0.0034309660937432273,0.004871848153030633,0.48128131162583354
real_busq_0286,d_ln_costes,-0.04732328879116839,0.07095686789086247,0.5048166231878943
real_busq_0286,d_ln_renta_hog_real,0.03851290385739387,0.08498025638387623,0.6504059892666822
real_busq_0286,d_ln_pob_total,0.7422015422428554,1.2475306656414282,0.5518859102225326
real_busq_0286,d_ln_ipv_real_l1,0.3150971994023144,0.0960957875835508,0.0010417904755130577
real_busq_0286,d_ln_credito_nuevo,0.05163533939965041,0.019798891399222505,0.009107523040781015
real_busq_0287,ect_l1,-0.15649308221888134,0.04069618285995577,0.00012035617494739859
real_busq_0287,d_tipo_hip,-0.005938422808505932,0.006142449592905196,0.333651957711636
real_busq_0287,d_ln_costes,0.019142450602998025,0.061738765898998314,0.756518669404432
real_busq_0287,d_ln_renta_hog_real,0.11631976993774226,0.07496888317468975,0.12076418831261379
real_busq_0287,d_ln_pob_total,-1.5998750629154006,1.4192194306097234,0.2596189386849439
real_busq_0287,d_ln_ipv_real_l4,0.4428411778211017,0.14746770846395532,0.002673583484510832
real_busq_0288,ect_l1,-0.14226846572442983,0.03850887338955067,0.00022037769616883784
real_busq_0288,d_tipo_hip,0.00042559675922478974,0.006544946629181208,0.9481526835331421
real_busq_0288,d_ln_costes,0.029879330503878608,0.06623107091326426,0.651890334824971
real_busq_0288,d_ln_renta_hog_real,0.06735221577648047,0.08489848478664241,0.4275876349912763
real_busq_0288,d_ln_pob_total,-0.7138943696928235,1.3323236511189838,0.5920784392600051
real_busq_0288,d_ln_ipv_real_l4,0.36245269659989515,0.10309907150005908,0.00043879994281850407
real_busq_0288,d_ln_credito_nuevo,0.03695054040648714,0.015193362495674372,0.015014935633881784
real_busq_0289,ect_l1,-0.18903841148470998,0.049887482676033934,0.00015107514562491984
real_busq_0289,d_tipo_hip,-0.0026558699861332466,0.0065190463243949785,0.6837130426623974
real_busq_0289,d_ln_permisos_l4,0.01576958160091778,0.01762336474542905,0.37088809969576575
real_busq_0290,ect_l1,-0.16953924871508072,0.046752756120442045,0.00028751775787126953
real_busq_0290,d_tipo_hip,0.005595251952000058,0.007028099822718273,0.425958890028204
real_busq_0290,d_ln_permisos_l4,0.007102703989688483,0.013804015919412249,0.6068752290269108
real_busq_0290,d_ln_credito_nuevo,0.046275186963453833,0.014839569162404882,0.0018185768800886583
real_busq_0291,ect_l1,-0.15484136137153712,0.03772023128723224,4.0432360039284304e-05
real_busq_0291,d_tipo_hip,-0.005039775670592866,0.005326065379594279,0.34402240034009357
real_busq_0291,d_ln_permisos_l4,0.01272890491506401,0.015909186295552036,0.42365413716502
real_busq_0291,d_ln_ipv_real_l1,0.2492502927615628,0.08383396988852351,0.002947680935375706
real_busq_0292,ect_l1,-0.12299127707461815,0.034848110602462956,0.00041657736286031667
real_busq_0292,d_tipo_hip,0.003563639076985467,0.005335214339789311,0.504167584269161
real_busq_0292,d_ln_permisos_l4,0.0020885484215582392,0.012274454429057016,0.8648889689478172
real_busq_0292,d_ln_ipv_real_l1,0.3213292960319559,0.10580050552516145,0.0023884686826572536
real_busq_0292,d_ln_credito_nuevo,0.052117284602814624,0.01852392141318411,0.004900347961062642
real_busq_0293,ect_l1,-0.16100215896040082,0.042815307779818276,0.0001696501869996401
real_busq_0293,d_tipo_hip,-0.004641720063269827,0.007309172303108921,0.5253931115403894
real_busq_0293,d_ln_permisos_l4,-0.004384045908750994,0.01621413461272486,0.7868646897497358
real_busq_0293,d_ln_ipv_real_l4,0.420487857529599,0.14621042488333572,0.004028660068149937
real_busq_0294,ect_l1,-0.1483007549796643,0.03919936808730351,0.0001547978328940059
real_busq_0294,d_tipo_hip,0.002683113741087268,0.00707050199574633,0.7043314907178757
real_busq_0294,d_ln_permisos_l4,-0.008946318472719832,0.0127595583354436,0.48321165204588457
real_busq_0294,d_ln_ipv_real_l4,0.3612771913329408,0.11100716926581211,0.0011357645758213674
real_busq_0294,d_ln_credito_nuevo,0.039511941776142055,0.013204811611223739,0.002769400819307296
real_busq_0295,ect_l1,-0.18534424652166298,0.046152056896589785,5.920738708219065e-05
real_busq_0295,d_tipo_hip,-0.0030127521892038423,0.0070127838515211165,0.6674803867228132
real_busq_0295,d_ln_permisos_l4,0.01155309222695418,0.01946413630417076,0.5528078340020894
real_busq_0295,d_ln_pob_extranj,0.12893297344404994,0.21927586701374507,0.556536077403341
real_busq_0296,ect_l1,-0.16411417731786704,0.04298420189689133,0.00013453165397529012
real_busq_0296,d_tipo_hip,0.005247027170128165,0.0074395403150090186,0.4806303024391314
real_busq_0296,d_ln_permisos_l4,0.0011463936618759225,0.015287410156605839,0.9402231484955673
real_busq_0296,d_ln_pob_extranj,0.1775347179053263,0.20613800373925803,0.38910474230436454
real_busq_0296,d_ln_credito_nuevo,0.04707822115854276,0.01526338147355196,0.0020397002256458507
real_busq_0297,ect_l1,-0.15452014405239947,0.03699728710648712,2.9599448367183034e-05
real_busq_0297,d_tipo_hip,-0.005086026645938981,0.005496427280247201,0.35479261404733653
real_busq_0297,d_ln_permisos_l4,0.01176672889493779,0.017285694496968283,0.4960482783125383
real_busq_0297,d_ln_pob_extranj,0.030960172610496967,0.16088772453489272,0.8474027281535551
real_busq_0297,d_ln_ipv_real_l1,0.24512602445512224,0.08876934149632232,0.00575573854114327
real_busq_0298,ect_l1,-0.12231985334973054,0.03456148333363252,0.0004013481898188423
real_busq_0298,d_tipo_hip,0.003498287692842279,0.005499007058015722,0.5246674765078021
real_busq_0298,d_ln_permisos_l4,0.0002786743625949941,0.012171778166541742,0.9817339303748905
real_busq_0298,d_ln_pob_extranj,0.05742361870130958,0.11778337375176093,0.6258786348925272
real_busq_0298,d_ln_ipv_real_l1,0.313850964061748,0.10515527260811026,0.0028390932265520918
real_busq_0298,d_ln_credito_nuevo,0.05224106229793248,0.01843408045373946,0.004597808597836041
real_busq_0299,ect_l1,-0.163540636285877,0.04260555131543886,0.00012379735334447315
real_busq_0299,d_tipo_hip,-0.004299636414865794,0.006484857585711169,0.5073131884219026
real_busq_0299,d_ln_permisos_l4,0.0001010427095633464,0.017638404951265986,0.9954292932256931
real_busq_0299,d_ln_pob_extranj,-0.21973756466138392,0.16144127671354122,0.17348239709806867
real_busq_0299,d_ln_ipv_real_l4,0.47684143488402997,0.15152128594789224,0.0016494026290994712
real_busq_0300,ect_l1,-0.15004597665855682,0.03911353428478593,0.00012497039327147037
real_busq_0300,d_tipo_hip,0.0026566823822212673,0.006554730418413313,0.685251383992048
real_busq_0300,d_ln_permisos_l4,-0.006380408399994589,0.01404990770415009,0.6497391644989109
real_busq_0300,d_ln_pob_extranj,-0.11924027459338529,0.14262835816417194,0.403143199732406
real_busq_0300,d_ln_ipv_real_l4,0.39357159781476087,0.11098328173229673,0.00039079359394462987
real_busq_0300,d_ln_credito_nuevo,0.03836802455334812,0.013132516371383162,0.003482329535284634
real_busq_0301,ect_l1,-0.18826935688571805,0.04710517047559784,6.420788773178977e-05
real_busq_0301,d_tipo_hip,-0.0027187906544079567,0.00663694424931969,0.6820664226610874
real_busq_0301,d_ln_permisos_l4,0.01546860922966495,0.018258457768748654,0.3968823164074061
real_busq_0301,d_ln_pob_extranj4,0.020644709804714004,0.20949640789652182,0.9214999719732165
real_busq_0302,ect_l1,-0.1666396454152536,0.044284253417483044,0.00016791753776638452
real_busq_0302,d_tipo_hip,0.00544502478946687,0.007148707827236895,0.44625126443627516
real_busq_0302,d_ln_permisos_l4,0.005958780833343185,0.014052698304171132,0.6715431472888571
real_busq_0302,d_ln_pob_extranj4,0.07321248851975012,0.19710794021646919,0.7103146915128242
real_busq_0302,d_ln_credito_nuevo,0.0466840855061911,0.015353339379142518,0.0023607041335312064
real_busq_0303,ect_l1,-0.15545849099014558,0.036159681314953285,1.7139885865597335e-05
real_busq_0303,d_tipo_hip,-0.0049869971248075315,0.005359642093763023,0.35212673301790254
real_busq_0303,d_ln_permisos_l4,0.013027579403881741,0.016353502471042343,0.42566990166165974
real_busq_0303,d_ln_pob_extranj4,-0.02163977173311484,0.15025899733288603,0.8854874569343539
real_busq_0303,d_ln_ipv_real_l1,0.25062779583979666,0.0842859471120423,0.0029438420538246955
real_busq_0304,ect_l1,-0.1221934429553277,0.03470227714176843,0.0004296085186943444
real_busq_0304,d_tipo_hip,0.0035205737376640274,0.005400512396242496,0.5144681091876809
real_busq_0304,d_ln_permisos_l4,0.0017130253399361426,0.012154874447246684,0.8879227148372468
real_busq_0304,d_ln_pob_extranj4,0.025494790049529793,0.11733584768466046,0.8279897634899107
real_busq_0304,d_ln_ipv_real_l1,0.31986654587641183,0.10356758782418415,0.0020118243557506505
real_busq_0304,d_ln_credito_nuevo,0.05223308106646829,0.018685023953913346,0.005182725332720543
real_busq_0305,ect_l1,-0.16679790872545827,0.04245979730022243,8.552259948741689e-05
real_busq_0305,d_tipo_hip,-0.004119784040747194,0.006160517784290003,0.5036614111507525
real_busq_0305,d_ln_permisos_l4,-0.003539608180549072,0.015508813344099343,0.8194658506878595
real_busq_0305,d_ln_pob_extranj4,-0.27228784733833156,0.1497669362522199,0.06905233911064022
real_busq_0305,d_ln_ipv_real_l4,0.48569151993210474,0.1474381048804437,0.0009870006333643866
real_busq_0306,ect_l1,-0.15280642800447064,0.03944936898529416,0.0001072912526109237
real_busq_0306,d_tipo_hip,0.0026824825439507524,0.0061806569584393935,0.6642793444590236
real_busq_0306,d_ln_permisos_l4,-0.008159717395484576,0.012774653859349073,0.522990304343594
real_busq_0306,d_ln_pob_extranj4,-0.18304419536264857,0.13374672758328296,0.1711280294475519
real_busq_0306,d_ln_ipv_real_l4,0.40795140922036843,0.11032771351750034,0.00021761909053049053
real_busq_0306,d_ln_credito_nuevo,0.037615864007562165,0.013050027159743391,0.003946136815235171
real_busq_0307,ect_l1,-0.18885674422981646,0.048819515346976226,0.00010952120176892464
real_busq_0307,d_tipo_hip,-0.00278611508978595,0.006872236263899381,0.6851716928679685
real_busq_0307,d_ln_permisos_l4,0.013769650234568885,0.019138534223997933,0.4718498026501745
real_busq_0307,d_ln_pob_total,0.7512720228274314,2.283797729594247,0.7421879339611599
real_busq_0308,ect_l1,-0.16857341069362167,0.04443739210992,0.00014853642601890004
real_busq_0308,d_tipo_hip,0.005590193717937444,0.007542921145942056,0.4586219701902352
real_busq_0308,d_ln_permisos_l4,0.002839501192678383,0.015801311202549892,0.8573878167130256
real_busq_0308,d_ln_pob_total,1.5007992231391396,2.1607564700422053,0.48732406355227564
real_busq_0308,d_ln_credito_nuevo,0.04770604260743371,0.015693582445977773,0.0023670070881558055
real_busq_0309,ect_l1,-0.15490678094190327,0.03873906032740967,6.368509505564024e-05
real_busq_0309,d_tipo_hip,-0.0050417581823335575,0.00537067086413309,0.3478552039039444
real_busq_0309,d_ln_permisos_l4,0.012624331484878442,0.01642007525037462,0.4419911624260734
real_busq_0309,d_ln_pob_total,0.04180565363656843,1.693195914386315,0.9803019269324045
real_busq_0309,d_ln_ipv_real_l1,0.24869979046596336,0.08787242044861016,0.004651351031129353
real_busq_0310,ect_l1,-0.12375670006664702,0.035124693066644355,0.0004261230656676196
real_busq_0310,d_tipo_hip,0.00361398020936696,0.005583106156471573,0.5174336761954235
real_busq_0310,d_ln_permisos_l4,0.0002724164542237128,0.0127661120248931,0.9829752090607158
real_busq_0310,d_ln_pob_total,0.6850880553500478,1.3124469591490961,0.6016752416476152
real_busq_0310,d_ln_ipv_real_l1,0.31300190841197456,0.1011209570648924,0.001965994327647018
real_busq_0310,d_ln_credito_nuevo,0.052619044176895016,0.018663226367068183,0.004811397172227571
real_busq_0311,ect_l1,-0.15891066108115617,0.04397530787249223,0.00030193537211684984
real_busq_0311,d_tipo_hip,-0.004551459499799145,0.006621167397327483,0.49182412951148946
real_busq_0311,d_ln_permisos_l4,-0.0020906920499591058,0.016569163534026324,0.899589681599947
real_busq_0311,d_ln_pob_total,-1.5259047894545326,1.5477812016300134,0.32419889621388576
real_busq_0311,d_ln_ipv_real_l4,0.4573901688120182,0.14316555834724548,0.001399113726131814
real_busq_0312,ect_l1,-0.1478441314746488,0.0398622312155974,0.0002081801296719357
real_busq_0312,d_tipo_hip,0.0025777099385446652,0.0068077948570804915,0.7049545058597402
real_busq_0312,d_ln_permisos_l4,-0.008104275502865932,0.014042431945671369,0.5638532389772393
real_busq_0312,d_ln_pob_total,-0.5042196070732724,1.4893271840934066,0.7349447635665313
real_busq_0312,d_ln_ipv_real_l4,0.37456431646877053,0.10288582183246885,0.00027202198776683274
real_busq_0312,d_ln_credito_nuevo,0.03878248094076605,0.01359512488953234,0.004335285382393307
real_busq_0313,ect_l1,-0.18546109069254374,0.04864420712333734,0.00013751042843923486
real_busq_0313,d_tipo_hip,-0.00419877456931681,0.00601699077869039,0.4852899710451928
real_busq_0313,d_ln_permisos_l4,0.015804004796974018,0.01789541127430671,0.37716512405488745
real_busq_0313,d_ln_renta_hog_real,0.15721123006535398,0.07036895572052894,0.02547654441568102
real_busq_0314,ect_l1,-0.16828889797848964,0.046309442409518405,0.00027905188110200206
real_busq_0314,d_tipo_hip,0.0043323785782923225,0.006896483352342365,0.529872195533357
real_busq_0314,d_ln_permisos_l4,0.007499287814676956,0.013753589301144828,0.5855744250154536
real_busq_0314,d_ln_renta_hog_real,0.09216494199157027,0.0874193053371021,0.29175203704569863
real_busq_0314,d_ln_credito_nuevo,0.04426545152156477,0.016694437010160566,0.008013295546026379
real_busq_0315,ect_l1,-0.1545730170451891,0.03854638782211227,6.0705394217559064e-05
real_busq_0315,d_tipo_hip,-0.006099634586499841,0.00500614665764669,0.22306096601276693
real_busq_0315,d_ln_permisos_l4,0.012988774457371417,0.016237235357117533,0.423746973871718
real_busq_0315,d_ln_renta_hog_real,0.126538460573842,0.08384787439131779,0.13126215795340795
real_busq_0315,d_ln_ipv_real_l1,0.23021947264577927,0.07815139758080955,0.0032210614150773847
real_busq_0316,ect_l1,-0.12352579469469377,0.03522041711236669,0.00045281251858801983
real_busq_0316,d_tipo_hip,0.0030586189368397,0.005644818640822251,0.5879250222348615
real_busq_0316,d_ln_permisos_l4,0.002378434067708983,0.012368807316532943,0.8475127644492588
real_busq_0316,d_ln_renta_hog_real,0.04030063206087003,0.08715350457123487,0.6437874939073428
real_busq_0316,d_ln_ipv_real_l1,0.31386519892357534,0.1076865339412334,0.003561232107926556
real_busq_0316,d_ln_credito_nuevo,0.05110278985334565,0.020271820846153303,0.011706238728326457
real_busq_0317,ect_l1,-0.1592983490320026,0.04215771324239774,0.00015769428890056888
real_busq_0317,d_tipo_hip,-0.005712941477781055,0.006941745860317189,0.41051744424042536
real_busq_0317,d_ln_permisos_l4,-0.0036878994589266837,0.016349653968634033,0.8215402523342615
real_busq_0317,d_ln_renta_hog_real,0.11588461566819698,0.07482085363768924,0.12142312871243925
real_busq_0317,d_ln_ipv_real_l4,0.40649278094748387,0.14947875502491742,0.006540013014653874
real_busq_0318,ect_l1,-0.147765773549508,0.03903010764630397,0.000153126605477629
real_busq_0318,d_tipo_hip,0.0018407595560602664,0.007076074686245272,0.7947569301855355
real_busq_0318,d_ln_permisos_l4,-0.00840544337756762,0.012937510619383724,0.5158888839531468
real_busq_0318,d_ln_renta_hog_real,0.064937552687673,0.08129005671728819,0.4243845931931022
real_busq_0318,d_ln_ipv_real_l4,0.3553917251406513,0.11179947722647356,0.001478699084493046
real_busq_0318,d_ln_credito_nuevo,0.038206101006648646,0.014777506594590008,0.00972596786138211
real_busq_0319,ect_l1,-0.18222012062081877,0.0452146541229826,5.575028033152372e-05
real_busq_0319,d_tipo_hip,-0.004489222078633372,0.006459811995269887,0.4870889909466335
real_busq_0319,d_ln_permisos_l4,0.012026885077185107,0.01953004783740279,0.5380170092642182
real_busq_0319,d_ln_renta_hog_real,0.1542368222014847,0.07381359209839314,0.03665869170622579
real_busq_0319,d_ln_pob_extranj,0.11547789210338537,0.21094812481759798,0.5840880377157363
real_busq_0320,ect_l1,-0.16323171318072785,0.04283709375511497,0.0001386733427215429
real_busq_0320,d_tipo_hip,0.004079930239906113,0.007305568915227388,0.5765244968331309
real_busq_0320,d_ln_permisos_l4,0.001838922551716183,0.01534633603942839,0.9046193082073063
real_busq_0320,d_ln_renta_hog_real,0.0865410915855264,0.08917525356469178,0.3318168347456393
real_busq_0320,d_ln_pob_extranj,0.16799244452662895,0.20437960362817975,0.4110980321994203
real_busq_0320,d_ln_credito_nuevo,0.045147956484841364,0.017205688606525802,0.00869003806267893
real_busq_0321,ect_l1,-0.15428982240238223,0.03780440123290159,4.479103235042472e-05
real_busq_0321,d_tipo_hip,-0.006138607412171879,0.005149457591686304,0.23322668004357128
real_busq_0321,d_ln_permisos_l4,0.012138613402374947,0.017586297313739892,0.4900487233749016
real_busq_0321,d_ln_renta_hog_real,0.1263150036522243,0.08436799662086994,0.134343571380688
real_busq_0321,d_ln_pob_extranj,0.027341073311889636,0.16110016819093279,0.8652344806498435
real_busq_0321,d_ln_ipv_real_l1,0.226610918929063,0.08287496035392972,0.006249950945711389
real_busq_0322,ect_l1,-0.12286444301357091,0.03491229144289368,0.00043279853545768316
real_busq_0322,d_tipo_hip,0.003003758107376226,0.005781449120893997,0.6033765054221253
real_busq_0322,d_ln_permisos_l4,0.0006153596233564295,0.012449104727474623,0.9605765967210838
real_busq_0322,d_ln_renta_hog_real,0.039612596093946705,0.08750239019312726,0.6507626063188983
real_busq_0322,d_ln_pob_extranj,0.05578173743972898,0.12038797981417833,0.6431137083012443
real_busq_0322,d_ln_ipv_real_l1,0.3067281221295324,0.10576574715458802,0.0037307875037255593
real_busq_0322,d_ln_credito_nuevo,0.051240348490236405,0.020198434753163165,0.011185567162095233
real_busq_0323,ect_l1,-0.1618360972730545,0.04178976864522185,0.00010766948223415468
real_busq_0323,d_tipo_hip,-0.005370446181366067,0.00613309212764005,0.3812199748198507
real_busq_0323,d_ln_permisos_l4,0.0007936553701569135,0.017733746012407316,0.9643034224214421
real_busq_0323,d_ln_renta_hog_real,0.11581440624378843,0.07340824484130015,0.11464012477108508
real_busq_0323,d_ln_pob_extranj,-0.2195850975092311,0.16069759778697343,0.17179802779490427
real_busq_0323,d_ln_ipv_real_l4,0.46281573580236,0.15662501205849924,0.003127413662869023
real_busq_0324,ect_l1,-0.14954931617393424,0.03892687748351406,0.0001221348497275845
real_busq_0324,d_tipo_hip,0.0017931450142063261,0.006564541850466393,0.7847331815956664
real_busq_0324,d_ln_permisos_l4,-0.005751034179421457,0.01422048985426043,0.6859047396653146
real_busq_0324,d_ln_renta_hog_real,0.06651070344293482,0.08143837486293008,0.4141000128132235
real_busq_0324,d_ln_pob_extranj,-0.12274400310892089,0.1426834678651245,0.3896491242829754
real_busq_0324,d_ln_ipv_real_l4,0.38849248404523895,0.11219058824978378,0.0005346048094052525
real_busq_0324,d_ln_credito_nuevo,0.03699693641836582,0.014778833437836994,0.012301573133274004
real_busq_0325,ect_l1,-0.18486915127936773,0.04586639954573607,5.563443985271731e-05
real_busq_0325,d_tipo_hip,-0.004245944182315521,0.0061042619895378255,0.4866978851988655
real_busq_0325,d_ln_permisos_l4,0.015570901164991604,0.018511210972298835,0.4002579746498942
real_busq_0325,d_ln_renta_hog_real,0.15705275570527927,0.0711732627987441,0.027340215176093252
real_busq_0325,d_ln_pob_extranj4,0.01598698395450405,0.2023017056993976,0.9370123777290001
real_busq_0326,ect_l1,-0.16560300290936647,0.04402044727422341,0.000168589448403067
real_busq_0326,d_tipo_hip,0.004209832832538855,0.007004662046923944,0.5478370441040563
real_busq_0326,d_ln_permisos_l4,0.006427338522062703,0.014082469005161724,0.6480972773081275
real_busq_0326,d_ln_renta_hog_real,0.09088725007679106,0.08779211955567243,0.3005497363873002
real_busq_0326,d_ln_pob_extranj4,0.06825420155743171,0.19533840888234041,0.7267776530481065
real_busq_0326,d_ln_credito_nuevo,0.04467451873722011,0.017281721700116298,0.009735827438076257
real_busq_0327,ect_l1,-0.15520570637598693,0.03686668402203851,2.5546370590868837e-05
real_busq_0327,d_tipo_hip,-0.0060457909503379495,0.005008394777961979,0.2273815170750736
real_busq_0327,d_ln_permisos_l4,0.013295079274238612,0.01669384119031207,0.4257959531654264
real_busq_0327,d_ln_renta_hog_real,0.12657087495416855,0.08399218836673839,0.13182699375085877
real_busq_0327,d_ln_pob_extranj4,-0.02218778647926549,0.15029996372064325,0.8826400141328272
real_busq_0327,d_ln_ipv_real_l1,0.23162698521725295,0.07868279054613948,0.003242016298110559
real_busq_0328,ect_l1,-0.12275892731185745,0.03510198055365655,0.0004701550941705307
real_busq_0328,d_tipo_hip,0.0030203065267558993,0.005685951179502556,0.5952888134100209
real_busq_0328,d_ln_permisos_l4,0.002017265292180248,0.012321686358158931,0.86995420453635
real_busq_0328,d_ln_renta_hog_real,0.04006802420504786,0.08739832547642414,0.646627024308847
real_busq_0328,d_ln_pob_extranj4,0.024406662379599472,0.11943442525636565,0.838078445525374
real_busq_0328,d_ln_ipv_real_l1,0.31250796091952543,0.10509937922402757,0.002944704456820759
real_busq_0328,d_ln_credito_nuevo,0.05121949955597487,0.0204662526767497,0.01232736351482589
real_busq_0329,ect_l1,-0.16503107665761657,0.04157575107515817,7.205172631246588e-05
real_busq_0329,d_tipo_hip,-0.005165823998000313,0.005844148663452004,0.3767334776533878
real_busq_0329,d_ln_permisos_l4,-0.0028843954526656993,0.015650878721628857,0.8537811961969318
real_busq_0329,d_ln_renta_hog_real,0.11198845038577843,0.07502451117976357,0.13551795848448406
real_busq_0329,d_ln_pob_extranj4,-0.2666357955134261,0.1503391530990751,0.07613564285128067
real_busq_0329,d_ln_ipv_real_l4,0.4708134990178969,0.15241022462963932,0.002007502208010487
real_busq_0330,ect_l1,-0.1522681700423956,0.0391818274163013,0.00010182827538540431
real_busq_0330,d_tipo_hip,0.0018420773290750243,0.0062259835200762295,0.7673299039787295
real_busq_0330,d_ln_permisos_l4,-0.007620881368791211,0.012939741906094836,0.5558937589719862
real_busq_0330,d_ln_renta_hog_real,0.0647873542430562,0.08231506718068633,0.4312434903882084
real_busq_0330,d_ln_pob_extranj4,-0.18286081586577793,0.13441553291036248,0.17369884928889978
real_busq_0330,d_ln_ipv_real_l4,0.4020327962037028,0.1116453709331089,0.00031701943739067563
real_busq_0330,d_ln_credito_nuevo,0.03631494315625844,0.014665705664720629,0.013279620010614836
real_busq_0331,ect_l1,-0.18534860485273302,0.0478484142576168,0.00010721189061691956
real_busq_0331,d_tipo_hip,-0.004291543050175578,0.006312496707646441,0.49660022975901097
real_busq_0331,d_ln_permisos_l4,0.014098058837961952,0.019277732981795234,0.4645879253075854
real_busq_0331,d_ln_renta_hog_real,0.1553461503955517,0.07361088464175039,0.03482655948774928
real_busq_0331,d_ln_pob_total,0.6406833195206629,2.218294632054941,0.772720691169801
real_busq_0332,ect_l1,-0.16746737675006404,0.044276671916525276,0.00015538987092192328
real_busq_0332,d_tipo_hip,0.004413628177234163,0.007428678630922263,0.5524227054748267
real_busq_0332,d_ln_permisos_l4,0.003470261914089633,0.01586482518308157,0.8268530763451807
real_busq_0332,d_ln_renta_hog_real,0.08588878195334465,0.08989998998920505,0.339384836032837
real_busq_0332,d_ln_pob_total,1.4088534758529818,2.1674262486270264,0.5156843495677452
real_busq_0332,d_ln_credito_nuevo,0.04574550351946329,0.0176482221153476,0.009539915732978682
real_busq_0333,ect_l1,-0.15458025603637257,0.0396282391073612,9.589111826827916e-05
real_busq_0333,d_tipo_hip,-0.006099807951235023,0.005025152643911962,0.22480300144356602
real_busq_0333,d_ln_permisos_l4,0.012977210186711285,0.016790419379175102,0.4395852643011656
real_busq_0333,d_ln_renta_hog_real,0.1265330092133681,0.08486394287700616,0.13595880220549283
real_busq_0333,d_ln_pob_total,0.0046186097551270035,1.6980493873892086,0.9978297964125582
real_busq_0333,d_ln_ipv_real_l1,0.23015947405088463,0.0817406092615895,0.004866656939565243
real_busq_0334,ect_l1,-0.12424287120300172,0.03545473206964848,0.00045786489723916886
real_busq_0334,d_tipo_hip,0.0031281591977392405,0.005887025100183228,0.5951658580572547
real_busq_0334,d_ln_permisos_l4,0.0006124624542016638,0.013051900953550457,0.9625728806709656
real_busq_0334,d_ln_renta_hog_real,0.038631022670744,0.08830124895802961,0.6617551295442305
real_busq_0334,d_ln_pob_total,0.6616360617298364,1.3537734334887914,0.6250295291708512
real_busq_0334,d_ln_ipv_real_l1,0.3061321042187952,0.10145090022269498,0.0025483578177949487
real_busq_0334,d_ln_credito_nuevo,0.05162940251488371,0.020477526270517417,0.011693160617163955
real_busq_0335,ect_l1,-0.15717637763760348,0.043086195525000065,0.0002643388988076905
real_busq_0335,d_tipo_hip,-0.005628336029347345,0.006268569946574811,0.3692569754457763
real_busq_0335,d_ln_permisos_l4,-0.0013682677748102043,0.0167026135419071,0.9347108218388811
real_busq_0335,d_ln_renta_hog_real,0.11659022088147261,0.07457651899537471,0.11796707883503814
real_busq_0335,d_ln_pob_total,-1.540568705468334,1.5047862241019074,0.3059396181523871
real_busq_0335,d_ln_ipv_real_l4,0.44366450867619894,0.14759279045806253,0.002647055735050046
real_busq_0336,ect_l1,-0.14725713833349904,0.03968126093718529,0.00020644253567288445
real_busq_0336,d_tipo_hip,0.0017084313123917763,0.006826921635544168,0.8023946806348217
real_busq_0336,d_ln_permisos_l4,-0.007476736280054312,0.014248117180537846,0.5997551987736907
real_busq_0336,d_ln_renta_hog_real,0.06628518900060822,0.08263211378012256,0.4224533235669763
real_busq_0336,d_ln_pob_total,-0.5493931345299097,1.4891397123467487,0.7121774886028802
real_busq_0336,d_ln_ipv_real_l4,0.3697471168779275,0.10343023513661717,0.0003504346918083014
real_busq_0336,d_ln_credito_nuevo,0.037384187204265236,0.015310281888173148,0.01461545421692941
real_busq_0337,ect_l1,-0.18907479750259146,0.04963973542464282,0.00013956354718141966
real_busq_0337,d_tipo_hip,-0.0028936287396700237,0.006178179408895068,0.6395252430077257
real_busq_0337,d_ln_permisos_l4,0.016172343258586443,0.016736921048625574,0.3339103323217393
real_busq_0337,d_ln_costes,0.023274030835081373,0.09355087305754049,0.8035272858103035
real_busq_0338,ect_l1,-0.169533497944914,0.046245796565336034,0.0002464487298626742
real_busq_0338,d_tipo_hip,0.005218166988063153,0.006665503458906929,0.4337083641675564
real_busq_0338,d_ln_permisos_l4,0.007759962565525524,0.01276924780489739,0.5433817525512104
real_busq_0338,d_ln_costes,0.03972318447378374,0.08415181589354391,0.6368968696213664
real_busq_0338,d_ln_credito_nuevo,0.04643621484364859,0.015073591175943006,0.002065605063825285
real_busq_0339,ect_l1,-0.15357009234803934,0.038862193967909436,7.7611665322097e-05
real_busq_0339,d_tipo_hip,-0.0047076612470571344,0.005081271204790627,0.35420015381599
real_busq_0339,d_ln_permisos_l4,0.011916333124370758,0.015753089593505836,0.4493829208816804
real_busq_0339,d_ln_costes,-0.040750763734069134,0.09892478489450476,0.6803857143110441
real_busq_0339,d_ln_ipv_real_l1,0.2580517760950661,0.0861399099511978,0.0027379015976815154
real_busq_0340,ect_l1,-0.12174225844820862,0.03525039523626513,0.0005530702910615893
real_busq_0340,d_tipo_hip,0.0038899123109879833,0.005176384247613287,0.4523681241029148
real_busq_0340,d_ln_permisos_l4,0.0012892240115481117,0.012273351767959708,0.9163420554767009
real_busq_0340,d_ln_costes,-0.04013992395267912,0.06975339060662067,0.564983746508946
real_busq_0340,d_ln_ipv_real_l1,0.32999161877262223,0.1030417690591667,0.0013623867809792558
real_busq_0340,d_ln_credito_nuevo,0.05211205731619538,0.0184513238215175,0.004738414303351713
real_busq_0341,ect_l1,-0.16101562435683425,0.04282374964627575,0.0001699399142489619
real_busq_0341,d_tipo_hip,-0.004671587265767789,0.007268946533821885,0.5204334836454303
real_busq_0341,d_ln_permisos_l4,-0.004326070037825923,0.015869769775837553,0.7851621266307741
real_busq_0341,d_ln_costes,0.002984689250533344,0.07199046839531793,0.9669295746742047
real_busq_0341,d_ln_ipv_real_l4,0.42035588692663495,0.1455866736117459,0.003885339918584742
real_busq_0342,ect_l1,-0.14835845696249758,0.03903042219166774,0.0001440563494241272
real_busq_0342,d_tipo_hip,0.00250234509104526,0.007043835005607191,0.722399895115516
real_busq_0342,d_ln_permisos_l4,-0.008570977571240406,0.012148049514278423,0.48047206088845074
real_busq_0342,d_ln_costes,0.019917783395887595,0.07063800056204204,0.77796666172008
real_busq_0342,d_ln_ipv_real_l4,0.36024660222665467,0.10994643838685783,0.0010507829094021342
real_busq_0342,d_ln_credito_nuevo,0.03961197651767919,0.013328599614308807,0.002959116244982991
real_busq_0343,ect_l1,-0.1854193706163512,0.04628149746776538,6.16671121548703e-05
real_busq_0343,d_tipo_hip,-0.003073626251756101,0.006716756711309426,0.6472357374776965
real_busq_0343,d_ln_permisos_l4,0.011740843623383544,0.018726607709910296,0.5306851175969459
real_busq_0343,d_ln_costes,0.006572183810094183,0.08832378505013583,0.9406840532390108
real_busq_0343,d_ln_pob_extranj,0.12666961629320406,0.21676436644808997,0.5589744362600235
real_busq_0344,ect_l1,-0.16429276278209629,0.0429162746900001,0.00012907553797061828
real_busq_0344,d_tipo_hip,0.005094057093737917,0.0072231204602777,0.48065885775171446
real_busq_0344,d_ln_permisos_l4,0.0016321102584966377,0.014275291474770553,0.9089753031687706
real_busq_0344,d_ln_costes,0.017338818763856744,0.07310861456952342,0.8125286371581626
real_busq_0344,d_ln_pob_extranj,0.17160838841301382,0.19809227569151422,0.3863227603304836
real_busq_0344,d_ln_credito_nuevo,0.04712170212503122,0.015358429826203873,0.0021540087971570997
real_busq_0345,ect_l1,-0.15297983080348343,0.03798578648453664,5.6423090231009105e-05
real_busq_0345,d_tipo_hip,-0.004735505716370416,0.005271637388735903,0.3690262543318097
real_busq_0345,d_ln_permisos_l4,0.010480531270399912,0.016955475443463375,0.5364957423548842
real_busq_0345,d_ln_costes,-0.04527113130403031,0.098117762014573,0.6445146057338081
real_busq_0345,d_ln_pob_extranj,0.0432998088448728,0.15862712289178318,0.7848793630050578
real_busq_0345,d_ln_ipv_real_l1,0.25326004323555956,0.09075918605995366,0.005263290794118531
real_busq_0346,ect_l1,-0.12069080237507361,0.03482280437559143,0.0005285475845986575
real_busq_0346,d_tipo_hip,0.003869525134340367,0.00538878582507652,0.4727141613789092
real_busq_0346,d_ln_permisos_l4,-0.0010752129417310238,0.011798954451924262,0.9273910311968517
real_busq_0346,d_ln_costes,-0.04748538507663732,0.06885780485573789,0.49043624070103353
real_busq_0346,d_ln_pob_extranj,0.07037781046339077,0.11524056454424247,0.5413959209668173
real_busq_0346,d_ln_ipv_real_l1,0.3224114239821505,0.10318130072729857,0.0017798170972842145
real_busq_0346,d_ln_credito_nuevo,0.052262801441849444,0.018300652970117657,0.004293004763353941
real_busq_0347,ect_l1,-0.16381540852433318,0.04244398933680488,0.00011358824418132139
real_busq_0347,d_tipo_hip,-0.004588545968866458,0.006367551790211559,0.4711471341342852
real_busq_0347,d_ln_permisos_l4,0.0009382085263943761,0.01682385847816964,0.9555277835727741
real_busq_0347,d_ln_costes,0.03070605209371752,0.07003577404912366,0.6610718331578456
real_busq_0347,d_ln_pob_extranj,-0.23153106205455723,0.1624545335301116,0.15409786500074169
real_busq_0347,d_ln_ipv_real_l4,0.4785082836224815,0.15272899941947218,0.0017299729850526642
real_busq_0348,ect_l1,-0.15034474527907798,0.038876725630615734,0.00011008433634359726
real_busq_0348,d_tipo_hip,0.0023334126134291846,0.006443778682882841,0.7172633470016273
real_busq_0348,d_ln_permisos_l4,-0.005426416146517375,0.013148863943258515,0.6798331122745727
real_busq_0348,d_ln_costes,0.03529114754392461,0.06725767875233445,0.5997809701570773
real_busq_0348,d_ln_pob_extranj,-0.13266795345707297,0.13843006024004356,0.3378735349843963
real_busq_0348,d_ln_ipv_real_l4,0.39538223931990707,0.1123232306402534,0.0004314820902616006
real_busq_0348,d_ln_credito_nuevo,0.038416453400298735,0.01324525696861259,0.0037269480569366463
real_busq_0349,ect_l1,-0.18846741327014097,0.047105175011643026,6.307757615379639e-05
real_busq_0349,d_tipo_hip,-0.0029286629407753377,0.0063104717412602864,0.6425791664050607
real_busq_0349,d_ln_permisos_l4,0.015910982618471264,0.01731035714962081,0.35801204871036696
real_busq_0349,d_ln_costes,0.021856786976346253,0.08900174151301893,0.806009640613503
real_busq_0349,d_ln_pob_extranj4,0.016245308350288333,0.20527498213227258,0.9369218635586454
real_busq_0350,ect_l1,-0.16690166231246173,0.044069546551640804,0.0001523339420665646
real_busq_0350,d_tipo_hip,0.005135648561740496,0.006853950375148857,0.4536778544602086
real_busq_0350,d_ln_permisos_l4,0.006627442384998956,0.012971301635919984,0.6093992507492729
real_busq_0350,d_ln_costes,0.03404748498806053,0.07654132309953574,0.6564463116838297
real_busq_0350,d_ln_pob_extranj4,0.06647233195180957,0.18943428681362842,0.7256640023486064
real_busq_0350,d_ln_credito_nuevo,0.04678446111663564,0.015526503170640204,0.002585083933081678
real_busq_0351,ect_l1,-0.15403438205147085,0.037288059177518935,3.6129776333208926e-05
real_busq_0351,d_tipo_hip,-0.004680235373860225,0.0051248404875282585,0.3611136582627765
real_busq_0351,d_ln_permisos_l4,0.012146534065696987,0.016099380716719063,0.45056577404962384
real_busq_0351,d_ln_costes,-0.039615475976959795,0.09823357833720489,0.6867434623626101
real_busq_0351,d_ln_pob_extranj4,-0.015038517628410845,0.1487801244045378,0.9194879006437409
real_busq_0351,d_ln_ipv_real_l1,0.25876386603672225,0.08651917089325081,0.002782231324986557
real_busq_0352,ect_l1,-0.12064495487181656,0.03501937067961313,0.0005708649908063945
real_busq_0352,d_tipo_hip,0.0038548162179783524,0.005273372076402683,0.4647813270322262
real_busq_0352,d_ln_permisos_l4,0.0007597856908303314,0.011972666837120009,0.9494001935382517
real_busq_0352,d_ln_costes,-0.04260056249296073,0.06892433570765513,0.5365244310982995
real_busq_0352,d_ln_pob_extranj4,0.03261764639093364,0.11513997499557801,0.7769569197265809
real_busq_0352,d_ln_ipv_real_l1,0.3286512120764096,0.10140334459147086,0.0011909893713929493
real_busq_0352,d_ln_credito_nuevo,0.05225988510887834,0.01856797629182154,0.004885059234092322
real_busq_0353,ect_l1,-0.16701051229415376,0.042405376682867056,8.201728280291363e-05
real_busq_0353,d_tipo_hip,-0.004350631622514781,0.006074025968969359,0.47382576100490537
real_busq_0353,d_ln_permisos_l4,-0.0030580781984294167,0.014758000074124401,0.8358419948761637
real_busq_0353,d_ln_costes,0.02400763506770998,0.06627473910885112,0.7171696062748261
real_busq_0353,d_ln_pob_extranj4,-0.2771876126676242,0.1496789982663572,0.06404298992869328
real_busq_0353,d_ln_ipv_real_l4,0.4858033285516001,0.14747525722174787,0.0009872525597096663
real_busq_0354,ect_l1,-0.15306586636019345,0.0392593171671752,9.665389889300308e-05
real_busq_0354,d_tipo_hip,0.0023785098406495075,0.006101189428065212,0.6966521782778636
real_busq_0354,d_ln_permisos_l4,-0.007500253003612301,0.01196517475133435,0.5307639637021888
real_busq_0354,d_ln_costes,0.033490371672698395,0.06579260890012506,0.6107316225772604
real_busq_0354,d_ln_pob_extranj4,-0.18964240885694644,0.1313495453638641,0.14879538069709028
real_busq_0354,d_ln_ipv_real_l4,0.4079010155745369,0.11029500999533458,0.0002170716798883737
real_busq_0354,d_ln_credito_nuevo,0.037715717372890624,0.013198065975454332,0.004267639459263445
real_busq_0355,ect_l1,-0.1888867890726033,0.04872974792092666,0.00010609565224508778
real_busq_0355,d_tipo_hip,-0.0029223915637550304,0.006513965138528607,0.6536951126055505
real_busq_0355,d_ln_permisos_l4,0.014101720654288167,0.01826437061340804,0.44006168398157886
real_busq_0355,d_ln_costes,0.013921163674031772,0.09035349743070596,0.8775510489066143
real_busq_0355,d_ln_pob_total,0.7170271332194127,2.2785093423656546,0.7529960284311932
real_busq_0356,ect_l1,-0.16860365193598506,0.04426133651931329,0.0001393742458864033
real_busq_0356,d_tipo_hip,0.005388312339765005,0.007289876118497242,0.4598158844111686
real_busq_0356,d_ln_permisos_l4,0.003338770588580479,0.01480037733139809,0.8215227648114822
real_busq_0356,d_ln_costes,0.021285132853042944,0.07446843137007866,0.7750101695172542
real_busq_0356,d_ln_pob_total,1.449019624788713,2.1010640628367803,0.49040809085475856
real_busq_0356,d_ln_credito_nuevo,0.04774296077557232,0.015793203514157975,0.0025027666346302386
real_busq_0357,ect_l1,-0.15372205240612374,0.039625468259985856,0.00010472518444821137
real_busq_0357,d_tipo_hip,-0.004703164544107738,0.005107162142724889,0.35710479305985376
real_busq_0357,d_ln_permisos_l4,0.011585233631138038,0.016091897793926776,0.471560686021526
real_busq_0357,d_ln_costes,-0.04201410993675389,0.09870270044646391,0.6703532615718018
real_busq_0357,d_ln_pob_total,0.12229394514276387,1.6826975487286104,0.9420628982809183
real_busq_0357,d_ln_ipv_real_l1,0.25671425513485036,0.08982299735908976,0.004263184667619106
real_busq_0358,ect_l1,-0.12236171257358262,0.035453929518167344,0.0005579183958580747
real_busq_0358,d_tipo_hip,0.004012375224815297,0.005469068502351166,0.46316284628433346
real_busq_0358,d_ln_permisos_l4,-0.0009334938010846714,0.012536958214581269,0.9406448827105403
real_busq_0358,d_ln_costes,-0.04817164500167652,0.06797050207675677,0.47850198804440014
real_busq_0358,d_ln_pob_total,0.7781289886155416,1.27378879407786,0.5412806426673423
real_busq_0358,d_ln_ipv_real_l1,0.3222665701267844,0.09962265374043672,0.001216971163563427
real_busq_0358,d_ln_credito_nuevo,0.052680914272906686,0.018511213777653586,0.0044287219412575875
real_busq_0359,ect_l1,-0.15893293213395532,0.04382831226297968,0.0002875538867259054
real_busq_0359,d_tipo_hip,-0.004766393424312194,0.006506026322991548,0.46379506615752364
real_busq_0359,d_ln_permisos_l4,-0.001583646497268781,0.01610346195755612,0.9216607364354802
real_busq_0359,d_ln_costes,0.021807017986238117,0.06816713702477697,0.7490402360566912
real_busq_0359,d_ln_pob_total,-1.5814335505395822,1.5571623228617641,0.3098261780045587
real_busq_0359,d_ln_ipv_real_l4,0.45776885411736096,0.14356994800128703,0.0014302653407654296
real_busq_0360,ect_l1,-0.14786059028021784,0.0396431448636237,0.00019163971299049253
real_busq_0360,d_tipo_hip,0.0023245694047411627,0.006718586302074144,0.7293495890545665
real_busq_0360,d_ln_permisos_l4,-0.007496875343203468,0.013429879693385417,0.5766917301271504
real_busq_0360,d_ln_costes,0.026367761340684154,0.06470217145539832,0.6836223351906543
real_busq_0360,d_ln_pob_total,-0.5703950974275985,1.453540006094612,0.6947494720851941
real_busq_0360,d_ln_ipv_real_l4,0.37494383892244154,0.10343125596378551,0.0002889016111590459
real_busq_0360,d_ln_credito_nuevo,0.03881917303079877,0.013702313543373599,0.004610792474530457
real_busq_0361,ect_l1,-0.1854997927705565,0.04850811678968688,0.00013125170109266947
real_busq_0361,d_tipo_hip,-0.004373988324791718,0.005653711368948568,0.4391383683947079
real_busq_0361,d_ln_permisos_l4,0.016108856051661062,0.0172884116902906,0.35145442426089746
real_busq_0361,d_ln_costes,0.017622370138555648,0.0813048576507449,0.8284075676768928
real_busq_0361,d_ln_renta_hog_real,0.15672114942473891,0.07131943011367867,0.02798805585778257
real_busq_0362,ect_l1,-0.1683006371042993,0.04590323408289178,0.0002459676927372706
real_busq_0362,d_tipo_hip,0.004010220671751519,0.006521315049022406,0.5385940217672345
real_busq_0362,d_ln_permisos_l4,0.008085218374493967,0.012851013573115378,0.5292506969159299
real_busq_0362,d_ln_costes,0.03573649340882576,0.07996871312818421,0.6549610290175776
real_busq_0362,d_ln_renta_hog_real,0.09091828256128696,0.09023730372391267,0.313672207638524
real_busq_0362,d_ln_credito_nuevo,0.04443750282659704,0.0169461605743504,0.008734477515263636
real_busq_0363,ect_l1,-0.1533070554048092,0.03976913447099618,0.00011576481930322907
real_busq_0363,d_tipo_hip,-0.005768549497460204,0.004713242616338713,0.22098900431652913
real_busq_0363,d_ln_permisos_l4,0.01217945867874049,0.016237488264547368,0.4532049115174428
real_busq_0363,d_ln_costes,-0.04058335376722216,0.08551028388759113,0.635070663675896
real_busq_0363,d_ln_renta_hog_real,0.12649845965778733,0.08557215601664092,0.1393364353046869
real_busq_0363,d_ln_ipv_real_l1,0.23899081418606252,0.07896601864212525,0.002474011756914583
real_busq_0364,ect_l1,-0.1222776392091545,0.03561367651126957,0.0005959606515763659
real_busq_0364,d_tipo_hip,0.0033849574960769005,0.005439191365122198,0.5337266470173305
real_busq_0364,d_ln_permisos_l4,0.0015797035668712583,0.012368026797473945,0.8983667749323171
real_busq_0364,d_ln_costes,-0.04009851397027746,0.06673293544378814,0.5479196383807038
real_busq_0364,d_ln_renta_hog_real,0.040268558664838555,0.0854545268871635,0.6374779851085718
real_busq_0364,d_ln_ipv_real_l1,0.3225245255861079,0.10377608547029468,0.0018842900255744578
real_busq_0364,d_ln_credito_nuevo,0.0510983753485289,0.020214634253216297,0.01147825802784931
real_busq_0365,ect_l1,-0.15929579005024538,0.04220079889360464,0.00016019372191668611
real_busq_0365,d_tipo_hip,-0.0057077858433689935,0.00686511575502561,0.4057371200002704
real_busq_0365,d_ln_permisos_l4,-0.003698055569588435,0.01620329054079879,0.8194684683445
real_busq_0365,d_ln_costes,-0.0005266975026617189,0.06299350523654462,0.9933288533855394
real_busq_0365,d_ln_renta_hog_real,0.11589704820394196,0.0751113853021077,0.12283019226477616
real_busq_0365,d_ln_ipv_real_l4,0.4065145678864347,0.14900283464540753,0.00636744623410431
real_busq_0366,ect_l1,-0.1478206695670072,0.03889805077541764,0.0001445748985126778
real_busq_0366,d_tipo_hip,0.0016898017085155465,0.0070122082041355355,0.8095706423130095
real_busq_0366,d_ln_permisos_l4,-0.008081916131279386,0.012426194867148523,0.5154380873498778
real_busq_0366,d_ln_costes,0.017407819644923196,0.06780375994864285,0.7973808306778937
real_busq_0366,d_ln_renta_hog_real,0.06439552738804993,0.08274069444949436,0.4364032531095964
real_busq_0366,d_ln_ipv_real_l4,0.35454013219692293,0.11088231009834225,0.0013865065764316151
real_busq_0366,d_ln_credito_nuevo,0.03830442943123281,0.014918745797815831,0.010242390554655702
real_busq_0367,ect_l1,-0.18225090250907597,0.045412481114473796,5.98925473225879e-05
real_busq_0367,d_tipo_hip,-0.004512879927982098,0.006141451428175879,0.46244728132544033
real_busq_0367,d_ln_permisos_l4,0.012101160244655254,0.01918280232586577,0.528149195185335
real_busq_0367,d_ln_costes,0.0026052987778150227,0.07747386097675302,0.9731737140314923
real_busq_0367,d_ln_renta_hog_real,0.15418736748602718,0.07413955709569671,0.037553886785987964
real_busq_0367,d_ln_pob_extranj,0.11458498227288887,0.2105902019369542,0.5863633370022889
real_busq_0368,ect_l1,-0.16338643990424057,0.042783229865853326,0.00013402823273154339
real_busq_0368,d_tipo_hip,0.003955072152866723,0.007071502763894738,0.5759588618446596
real_busq_0368,d_ln_permisos_l4,0.0022474041091209537,0.014541591088421924,0.8771760250470892
real_busq_0368,d_ln_costes,0.014680402418819948,0.06968227991419829,0.8331398972678661
real_busq_0368,d_ln_renta_hog_real,0.08619567045148051,0.09040514995947822,0.3403683912662844
real_busq_0368,d_ln_pob_extranj,0.1630128368078092,0.19741422991409524,0.40895156598873417
real_busq_0368,d_ln_credito_nuevo,0.04519247535888981,0.017306729512803612,0.009020768299107348
real_busq_0369,ect_l1,-0.1527688354166555,0.0389014802132511,8.598696607186896e-05
real_busq_0369,d_tipo_hip,-0.005791227331949556,0.004888044094663844,0.23610683310232083
real_busq_0369,d_ln_permisos_l4,0.01086791177308474,0.017492253483769267,0.5344032057890993
real_busq_0369,d_ln_costes,-0.044710817140262725,0.08514300354396463,0.5994955027494325
real_busq_0369,d_ln_renta_hog_real,0.1261712979839175,0.08616261204248055,0.14310126748092875
real_busq_0369,d_ln_pob_extranj,0.039532101041161546,0.16032659055615078,0.8052392206801249
real_busq_0369,d_ln_ipv_real_l1,0.23466532835881326,0.08354374260652468,0.004971236082187261
real_busq_0370,ect_l1,-0.12124013669663541,0.03516362348978976,0.0005649941428897455
real_busq_0370,d_tipo_hip,0.003375756126115673,0.005634115018175494,0.549063853915813
real_busq_0370,d_ln_permisos_l4,-0.0007340080839475412,0.012086690034937418,0.9515753331525147
real_busq_0370,d_ln_costes,-0.04726815283708636,0.06567163227944448,0.4716696000933075
real_busq_0370,d_ln_renta_hog_real,0.039415635641838066,0.08530679718805359,0.6440485751809246
real_busq_0370,d_ln_pob_extranj,0.06868483113749867,0.11782655676353197,0.5599393019332866
real_busq_0370,d_ln_ipv_real_l1,0.31528483632220766,0.10280406584693699,0.0021632606803893366
real_busq_0370,d_ln_credito_nuevo,0.0512669639001024,0.02007813108158274,0.010668508421908704
real_busq_0371,ect_l1,-0.1620874079769071,0.04168138093682084,0.00010077242211078822
real_busq_0371,d_tipo_hip,-0.005618832514843856,0.005992355912527999,0.34841572878478033
real_busq_0371,d_ln_permisos_l4,0.0015267451855543682,0.017181413545230506,0.9291929521173644
real_busq_0371,d_ln_costes,0.027029371053045825,0.06203018692240604,0.6630214337059033
real_busq_0371,d_ln_renta_hog_real,0.11517306651498964,0.07415056502059857,0.12036760270766127
real_busq_0371,d_ln_pob_extranj,-0.2299673095077639,0.16318984894079855,0.1587757218861232
real_busq_0371,d_ln_ipv_real_l4,0.4643606688412345,0.1577647625987041,0.0032465615783651286
real_busq_0372,ect_l1,-0.14983545628363443,0.03871296249670306,0.00010864763933454466
real_busq_0372,d_tipo_hip,0.001501823629796353,0.006424544808464295,0.8151686417451376
real_busq_0372,d_ln_permisos_l4,-0.004866278191146845,0.013453258697061156,0.7175631988926536
real_busq_0372,d_ln_costes,0.0330337546554672,0.06456541561563885,0.6089083475026199
real_busq_0372,d_ln_renta_hog_real,0.06564263708690216,0.08375215210149313,0.4331735885846638
real_busq_0372,d_ln_pob_extranj,-0.1352670535217353,0.13933247982912203,0.3316368652020544
real_busq_0372,d_ln_ipv_real_l4,0.3902535983409475,0.11349600797388863,0.0005849927021591738
real_busq_0372,d_ln_credito_nuevo,0.037060162317650996,0.014881685467768224,0.01276280446878514
real_busq_0373,ect_l1,-0.1850280844819761,0.04595299518640435,5.6621884462852674e-05
real_busq_0373,d_tipo_hip,-0.004400424458536189,0.0057568957939669475,0.44464408852274817
real_busq_0373,d_ln_permisos_l4,0.01590498362973966,0.017889921925832795,0.3739777545695441
real_busq_0373,d_ln_costes,0.01652007623494704,0.07754315126571443,0.8312929137511895
real_busq_0373,d_ln_renta_hog_real,0.15662616647259858,0.07189997080948171,0.029377025068154462
real_busq_0373,d_ln_pob_extranj4,0.012674423478311386,0.1995663356372704,0.9493605341209744
real_busq_0374,ect_l1,-0.1658482726450046,0.04384403011799868,0.00015514403135646405
real_busq_0374,d_tipo_hip,0.003945955987816463,0.006694116525536904,0.5555485236452082
real_busq_0374,d_ln_permisos_l4,0.007020686352597841,0.013163972677921618,0.5938080662089819
real_busq_0374,d_ln_costes,0.030462173442474844,0.07270120583889213,0.6752124310504416
real_busq_0374,d_ln_renta_hog_real,0.08993649980925453,0.09021797886192147,0.3188227550163665
real_busq_0374,d_ln_pob_extranj4,0.06227567300487071,0.1884654117013171,0.7410708794673909
real_busq_0374,d_ln_credito_nuevo,0.0447853460755347,0.017460083873574308,0.01031718720099955
real_busq_0375,ect_l1,-0.15378929566860527,0.0381046039316907,5.437560028765933e-05
real_busq_0375,d_tipo_hip,-0.005740261472332262,0.0047333369900215295,0.2252329283169603
real_busq_0375,d_ln_permisos_l4,0.012418634359705442,0.016622469203362307,0.45500364982168906
real_busq_0375,d_ln_costes,-0.03940401935751724,0.08489713868650098,0.6425486146604495
real_busq_0375,d_ln_renta_hog_real,0.12652244377257602,0.08562663234362065,0.13951321096425642
real_busq_0375,d_ln_pob_extranj4,-0.015621558377976427,0.1493487326626974,0.9166949099541974
real_busq_0375,d_ln_ipv_real_l1,0.23972689777323547,0.0794729377898688,0.0025574538401361754
real_busq_0376,ect_l1,-0.12121353133560218,0.035405142199106475,0.0006179438572692951
real_busq_0376,d_tipo_hip,0.0033548414122884325,0.005519042159649087,0.5432759509206662
real_busq_0376,d_ln_permisos_l4,0.0010660404580825045,0.012145252074126329,0.9300560999450503
real_busq_0376,d_ln_costes,-0.042476013505208576,0.065677831839835,0.5178048375310829
real_busq_0376,d_ln_renta_hog_real,0.0399663368527512,0.0854908661325539,0.6401475725143644
real_busq_0376,d_ln_pob_extranj4,0.03151145553088283,0.11714427599722355,0.7879320128091858
real_busq_0376,d_ln_ipv_real_l1,0.32128561897697894,0.10182224490946208,0.001603013632684518
real_busq_0376,d_ln_credito_nuevo,0.05124879756881434,0.02036241309955581,0.01184148700675581
real_busq_0377,ect_l1,-0.16521792553957151,0.041575071418467675,7.068562018632148e-05
real_busq_0377,d_tipo_hip,-0.005354518805832869,0.005725914924127349,0.34971734953782174
real_busq_0377,d_ln_permisos_l4,-0.0024834858683149305,0.015105969711329756,0.869412905189995
real_busq_0377,d_ln_costes,0.02014448846779339,0.05814651177979874,0.7290093426896658
real_busq_0377,d_ln_renta_hog_real,0.11145247452881789,0.07575408155520101,0.14122608191824773
real_busq_0377,d_ln_pob_extranj4,-0.27077417435230255,0.15097751152343117,0.07289723542702045
real_busq_0377,d_ln_ipv_real_l4,0.47097852224194325,0.15252622200140242,0.002016083041841129
real_busq_0378,ect_l1,-0.15251601072048515,0.03902224382601353,9.289487696606968e-05
real_busq_0378,d_tipo_hip,0.0015736913150760892,0.006113049942526148,0.7968457266150589
real_busq_0378,d_ln_permisos_l4,-0.007019414722837683,0.012225082830769075,0.5658450795646921
real_busq_0378,d_ln_costes,0.030954208727919586,0.06301889623016857,0.6232925526113283
real_busq_0378,d_ln_renta_hog_real,0.06381852508643827,0.08461556662726251,0.450718744892333
real_busq_0378,d_ln_pob_extranj4,-0.18896210129933125,0.13231225044953474,0.15324790380948894
real_busq_0378,d_ln_ipv_real_l4,0.402074725627314,0.11168032609251578,0.00031793729764939413
real_busq_0378,d_ln_credito_nuevo,0.03642668876533698,0.014808475533622252,0.013899352036002887
real_busq_0379,ect_l1,-0.1853738863301179,0.04781832245550793,0.0001059137510600032
real_busq_0379,d_tipo_hip,-0.0043838741478555475,0.0059371674144446905,0.46028474414867404
real_busq_0379,d_ln_permisos_l4,0.014327329588986103,0.01878095029017372,0.4455439131366685
real_busq_0379,d_ln_costes,0.009629221153151905,0.08011822197142632,0.9043344974450508
real_busq_0379,d_ln_renta_hog_real,0.15514690239832973,0.07401901448912092,0.036078538174116714
real_busq_0379,d_ln_pob_total,0.6171380886651542,2.230750860376366,0.7820485708845756
real_busq_0380,ect_l1,-0.1674996253198503,0.04413926971338045,0.00014776353585291258
real_busq_0380,d_tipo_hip,0.004243187373399086,0.007163724894070734,0.5536391439882247
real_busq_0380,d_ln_permisos_l4,0.0039037142784543824,0.01506999934288665,0.7956053175327729
real_busq_0380,d_ln_costes,0.018620048485264648,0.07177101607709138,0.7952981774134678
real_busq_0380,d_ln_renta_hog_real,0.08543886630141097,0.09141144218024924,0.34996214997171826
real_busq_0380,d_ln_pob_total,1.3640387792129707,2.1207029920544906,0.520093533387638
real_busq_0380,d_ln_credito_nuevo,0.045788069204180104,0.017753609831801073,0.009906240153484683
real_busq_0381,ect_l1,-0.15341172666611566,0.0405747791734292,0.00015622308070962012
real_busq_0381,d_tipo_hip,-0.005764618933140567,0.004723012059343852,0.22226073348071385
real_busq_0381,d_ln_permisos_l4,0.011951640054573973,0.016696322635297047,0.47409960200268375
real_busq_0381,d_ln_costes,-0.04145195867246577,0.08608604024930747,0.630148548780306
real_busq_0381,d_ln_renta_hog_real,0.12639837597160433,0.0864986568383415,0.14393982541923583
real_busq_0381,d_ln_pob_total,0.08406953082042364,1.6991591366011798,0.9605390562387206
real_busq_0381,d_ln_ipv_real_l1,0.23808643191799117,0.08230519379791712,0.0038191345412976673
real_busq_0382,ect_l1,-0.1228527268963824,0.03577654271566523,0.0005949846983703231
real_busq_0382,d_tipo_hip,0.0035276150992336807,0.0057347508328176875,0.5384691224563236
real_busq_0382,d_ln_permisos_l4,-0.0005886959365156021,0.012841329237458761,0.9634347104484019
real_busq_0382,d_ln_costes,-0.04788614446533945,0.0651620996078694,0.4624142556451165
real_busq_0382,d_ln_renta_hog_real,0.0383589101835431,0.08590899492542992,0.6552315399495682
real_busq_0382,d_ln_pob_total,0.75429075926308,1.3175439987738213,0.5669849205390515
real_busq_0382,d_ln_ipv_real_l1,0.31539024685787426,0.09891475364041585,0.0014301023509557284
real_busq_0382,d_ln_credito_nuevo,0.05169787684549504,0.02033120199003062,0.010997285303069045
real_busq_0383,ect_l1,-0.1572012519201634,0.04297667612945433,0.00025436250443356415
real_busq_0383,d_tipo_hip,-0.005805455897845676,0.006129601641045196,0.3435786659067277
real_busq_0383,d_ln_permisos_l4,-0.0009440054391839378,0.01646185294007634,0.9542703511505468
real_busq_0383,d_ln_costes,0.018356447366019955,0.060377461600957846,0.7611064524341654
real_busq_0383,d_ln_renta_hog_real,0.11617830748418607,0.07510967000647523,0.12191575176563238
real_busq_0383,d_ln_pob_total,-1.5872592255018068,1.5306265777097734,0.29973602023175205
real_busq_0383,d_ln_ipv_real_l4,0.44403176657857435,0.14799630788340082,0.0026972312568898124
real_busq_0384,ect_l1,-0.14727765209294452,0.039496891893495915,0.00019236204405733968
real_busq_0384,d_tipo_hip,0.001483543111812121,0.0067136500218965625,0.8251125602116773
real_busq_0384,d_ln_permisos_l4,-0.006923774876344217,0.013759171673699732,0.6148155057443394
real_busq_0384,d_ln_costes,0.02425395104289716,0.0624120268979384,0.697564510897313
real_busq_0384,d_ln_renta_hog_real,0.06567829434608717,0.0843664487778338,0.43628119405569754
real_busq_0384,d_ln_pob_total,-0.6098499692751522,1.4648849647918982,0.6771813232336668
real_busq_0384,d_ln_ipv_real_l4,0.37014031972534867,0.10396765773114296,0.0003706448763956466
real_busq_0384,d_ln_credito_nuevo,0.03743074033203735,0.015413645477822065,0.015164945633358436
real_busq_0385,ect_l1,-0.20465327508522824,0.04522040840307734,6.020050019025715e-06
real_busq_0385,d_tipo_hip_l1,-0.007652974806779243,0.003115242379578739,0.014024994108226264
real_busq_0386,ect_l1,-0.17577802057344913,0.043003247821504116,4.3594859032049795e-05
real_busq_0386,d_tipo_hip_l1,-0.004233223313865474,0.0033489762702787616,0.20621745474256215
real_busq_0386,d_ln_credito_nuevo,0.04255835268647042,0.014600454355994589,0.0035584248722960177
real_busq_0387,ect_l1,-0.1707369701057126,0.03527216352490704,1.2947474980048808e-06
real_busq_0387,d_tipo_hip_l1,-0.006318336491729246,0.002742385818747723,0.021225108928684008
real_busq_0387,d_ln_ipv_real_l1,0.23634542067114148,0.08692164809407822,0.006546717535325431
real_busq_0388,ect_l1,-0.12364861516642542,0.03582800976308001,0.0005581582527551087
real_busq_0388,d_tipo_hip_l1,-0.001776647979173469,0.0034116979882971876,0.6025396616030082
real_busq_0388,d_ln_ipv_real_l1,0.3275546038056365,0.11024011904848892,0.0029655826088186366
real_busq_0388,d_ln_credito_nuevo,0.050110898737019544,0.018419745029468814,0.0065183460425814336
real_busq_0389,ect_l1,-0.16031641501276386,0.037331692004047304,1.751833970851864e-05
real_busq_0389,d_tipo_hip_l1,-0.011428192623926012,0.0033423716127270694,0.0006280861118682412
real_busq_0389,d_ln_ipv_real_l4,0.42302439324221547,0.1395725510138395,0.002438610013506089
real_busq_0390,ect_l1,-0.14110287217594222,0.035427699280676635,6.809648638996566e-05
real_busq_0390,d_tipo_hip_l1,-0.008098005888635169,0.0034425470156542516,0.018656226092321676
real_busq_0390,d_ln_ipv_real_l4,0.37359453422943684,0.1100241383084371,0.0006848615261077489
real_busq_0390,d_ln_credito_nuevo,0.035953934811405824,0.012887491652871409,0.005273542049524628
real_busq_0391,ect_l1,-0.19392203095437363,0.041027736142421355,2.283012506602465e-06
real_busq_0391,d_tipo_hip_l1,-0.00892327927765645,0.003450157871838402,0.009700135965819636
real_busq_0391,d_ln_pob_extranj,0.1956169425620617,0.17682751099391267,0.26861463527707985
real_busq_0392,ect_l1,-0.1625034983399309,0.040189559582614914,5.267585265616433e-05
real_busq_0392,d_tipo_hip_l1,-0.005664456361811346,0.0037126080412695326,0.1270758519810851
real_busq_0392,d_ln_pob_extranj,0.23119079752765803,0.17212838546493808,0.1792298845403253
real_busq_0392,d_ln_credito_nuevo,0.043430516672773915,0.014804705207333908,0.003350970076423687
real_busq_0393,ect_l1,-0.1680767829981664,0.03413671311474098,8.495036407864836e-07
real_busq_0393,d_tipo_hip_l1,-0.006987301073524294,0.0023207870806339543,0.002606065106217136
real_busq_0393,d_ln_pob_extranj,0.08941223027588624,0.1351149392790201,0.5081318381762314
real_busq_0393,d_ln_ipv_real_l1,0.22070234525119034,0.09442047747663533,0.019416237885827817
real_busq_0394,ect_l1,-0.1211029556993504,0.03539254517986965,0.0006222910143400097
real_busq_0394,d_tipo_hip_l1,-0.002424514089689884,0.0030874161381159743,0.4322841137588642
real_busq_0394,d_ln_pob_extranj,0.08630687794725483,0.10217609582837667,0.3982853021475541
real_busq_0394,d_ln_ipv_real_l1,0.3124119441914308,0.11271294134240692,0.005575606900957572
real_busq_0394,d_ln_credito_nuevo,0.050087340373639516,0.018093844954099783,0.005636724740882217
real_busq_0395,ect_l1,-0.16510643728502447,0.03626688972021168,5.300227979620606e-06
real_busq_0395,d_tipo_hip_l1,-0.01065808855693363,0.003082962276155167,0.0005460355482559097
real_busq_0395,d_ln_pob_extranj,-0.19873635576729826,0.1416499838449523,0.16061383185971279
real_busq_0395,d_ln_ipv_real_l4,0.48134318996967607,0.14889040437947337,0.0012255369762510543
real_busq_0396,ect_l1,-0.14427133027874708,0.03439994328134441,2.7414939481710064e-05
real_busq_0396,d_tipo_hip_l1,-0.007767679170943059,0.0033055341023109407,0.018778385347678873
real_busq_0396,d_ln_pob_extranj,-0.10922000766640073,0.12775272377628127,0.39258829117918337
real_busq_0396,d_ln_ipv_real_l4,0.40702386236794946,0.11415471545765811,0.00036309978953442864
real_busq_0396,d_ln_credito_nuevo,0.03495093900162084,0.012962841249332283,0.007012699132300573
real_busq_0397,ect_l1,-0.20131088941023556,0.04227719584348886,1.919786847431339e-06
real_busq_0397,d_tipo_hip_l1,-0.008047980333455197,0.0030278110433383932,0.00786013805705331
real_busq_0397,d_ln_pob_extranj4,0.06995228112004366,0.19703296811678783,0.7225683847912928
real_busq_0398,ect_l1,-0.16975966488626668,0.04128849641520012,3.9301390555071053e-05
real_busq_0398,d_tipo_hip_l1,-0.004847047208782069,0.003401718468474171,0.15419133114613115
real_busq_0398,d_ln_pob_extranj4,0.11733940514783407,0.18865470034195964,0.5339551772481528
real_busq_0398,d_ln_credito_nuevo,0.04316524599973262,0.01505345962231004,0.004137765311915755
real_busq_0399,ect_l1,-0.17031766695860956,0.03355068608400029,3.845949494399444e-07
real_busq_0399,d_tipo_hip_l1,-0.006392907490690217,0.002275827774632811,0.004968837111804297
real_busq_0399,d_ln_pob_extranj4,0.012099222446717165,0.14358717922185127,0.9328465766201174
real_busq_0399,d_ln_ipv_real_l1,0.23523876136270686,0.08860446695622377,0.007932459171961588
real_busq_0400,ect_l1,-0.12193409181207909,0.035814276163028146,0.0006625556656788861
real_busq_0400,d_tipo_hip_l1,-0.002044048166376453,0.0030550630443491214,0.5034514240504329
real_busq_0400,d_ln_pob_extranj4,0.04552652252576177,0.10922499920061857,0.6768143695946269
real_busq_0400,d_ln_ipv_real_l1,0.3236554543021782,0.10819317784398523,0.0027764782983002393
real_busq_0400,d_ln_credito_nuevo,0.05025646319519161,0.018422399601376045,0.006371796096033016
real_busq_0401,ect_l1,-0.1659284578023222,0.03689211953845463,6.870328642871093e-06
real_busq_0401,d_tipo_hip_l1,-0.010551910133507078,0.0031369891865475332,0.0007690334946036701
real_busq_0401,d_ln_pob_extranj4,-0.25243805717816326,0.1362142038919335,0.06384749771832575
real_busq_0401,d_ln_ipv_real_l4,0.48456176679621205,0.14217769739410804,0.0006540687359174663
real_busq_0402,ect_l1,-0.1457662002767088,0.03504602329563626,3.192532854872851e-05
real_busq_0402,d_tipo_hip_l1,-0.007660794205722653,0.0032954420322122723,0.020089953999702564
real_busq_0402,d_ln_pob_extranj4,-0.17004274845460712,0.12350578573466547,0.1685741342895427
real_busq_0402,d_ln_ipv_real_l4,0.4173179978954262,0.11005040017399756,0.00014940128752792203
real_busq_0402,d_ln_credito_nuevo,0.0343015085649771,0.01298465574045571,0.00824921471287041
real_busq_0403,ect_l1,-0.2015884258608468,0.04275615384656735,2.4190071799303407e-06
real_busq_0403,d_tipo_hip_l1,-0.008495223007354334,0.003205380963013006,0.008042018906544584
real_busq_0403,d_ln_pob_total,1.28296135519061,2.084006280120406,0.5381436347460469
real_busq_0404,ect_l1,-0.17029371967094473,0.040854406274797354,3.068700440909714e-05
real_busq_0404,d_tipo_hip_l1,-0.005343011023950156,0.0036198914401840082,0.1399400909337253
real_busq_0404,d_ln_pob_total,1.8727794075783462,2.0068178658365943,0.3507123481801596
real_busq_0404,d_ln_credito_nuevo,0.04404761398203005,0.015158426007975158,0.0036629545274394965
real_busq_0405,ect_l1,-0.17072885254575537,0.03538665502293053,1.4023685872711653e-06
real_busq_0405,d_tipo_hip_l1,-0.00667637786683475,0.002151010900809664,0.0019103135041256506
real_busq_0405,d_ln_pob_total,0.4775008484446362,1.621866162261499,0.7684412197233308
real_busq_0405,d_ln_ipv_real_l1,0.22845306376088087,0.09448545440418489,0.015611871989426067
real_busq_0406,ect_l1,-0.12328837071738669,0.03608306228071537,0.0006336333472180724
real_busq_0406,d_tipo_hip_l1,-0.0023816072491191155,0.002863313399678021,0.4055409369557663
real_busq_0406,d_ln_pob_total,0.8512791747585183,1.213293187084769,0.4829118522772624
real_busq_0406,d_ln_ipv_real_l1,0.3141540187627973,0.10790800167400345,0.0035991273336507075
real_busq_0406,d_ln_credito_nuevo,0.05047886607977351,0.01821223137685894,0.005576417453059147
real_busq_0407,ect_l1,-0.15980345398221593,0.03788254069063782,2.4604941207954494e-05
real_busq_0407,d_tipo_hip_l1,-0.010863885584541367,0.003219524787866163,0.0007398337167723596
real_busq_0407,d_ln_pob_total,-1.3419006639039022,1.353777056342283,0.3215746434577056
real_busq_0407,d_ln_ipv_real_l4,0.4585041849836592,0.13970192510551246,0.0010306715079471558
real_busq_0408,ect_l1,-0.14124387889320766,0.03558608140426036,7.21517218911142e-05
real_busq_0408,d_tipo_hip_l1,-0.007960925785925615,0.003427873696898667,0.020210906550383538
real_busq_0408,d_ln_pob_total,-0.4559208802022089,1.3561366438637275,0.7367268694559072
real_busq_0408,d_ln_ipv_real_l4,0.38646019206800164,0.10659936467656082,0.0002885684153167972
real_busq_0408,d_ln_credito_nuevo,0.03536394035645771,0.013451406282119611,0.008563274333808343
real_busq_0409,ect_l1,-0.20192213907479423,0.04437082005385319,5.344570014515509e-06
real_busq_0409,d_tipo_hip_l1,-0.007808109355647185,0.0034306514675851514,0.022846940992466265
real_busq_0409,d_ln_renta_hog_real,0.15504029124887514,0.07182720691296128,0.030887610488786195
real_busq_0410,ect_l1,-0.17503113800636558,0.04241125943190978,3.675312783010283e-05
real_busq_0410,d_tipo_hip_l1,-0.004482073931521183,0.0036453133763350693,0.2188678352258847
real_busq_0410,d_ln_renta_hog_real,0.10927122558942429,0.0888598541685964,0.21880835843993696
real_busq_0410,d_ln_credito_nuevo,0.040822132446876186,0.016606059749578704,0.013960924794783737
real_busq_0411,ect_l1,-0.1716620166492408,0.035520773810422096,1.3467895490892077e-06
real_busq_0411,d_tipo_hip_l1,-0.0065600714725584435,0.0029252451831132892,0.02492445992029636
real_busq_0411,d_ln_renta_hog_real,0.12122652493910077,0.08822825418649625,0.16943850261841298
real_busq_0411,d_ln_ipv_real_l1,0.21501814223117746,0.0821426771954352,0.00885458935482344
real_busq_0412,ect_l1,-0.12501392163658626,0.03618902993932626,0.0005513753647945185
real_busq_0412,d_tipo_hip_l1,-0.0019714955595488038,0.0036360412065493367,0.5876742910391102
real_busq_0412,d_ln_renta_hog_real,0.05020568728839068,0.0869235154368491,0.5635445802011363
real_busq_0412,d_ln_ipv_real_l1,0.31681945788740323,0.11215303611599972,0.004729755076313793
real_busq_0412,d_ln_credito_nuevo,0.04906565192076302,0.020097455498729114,0.014630995954184172
real_busq_0413,ect_l1,-0.15997911064670717,0.03662978997650361,1.2570030859178506e-05
real_busq_0413,d_tipo_hip_l1,-0.011404899263839805,0.0034903064895504617,0.001084664200404275
real_busq_0413,d_ln_renta_hog_real,0.10416640854172023,0.07747576800387199,0.17878576180649197
real_busq_0413,d_ln_ipv_real_l4,0.40873505063387666,0.1433299840290331,0.004348522780133077
real_busq_0414,ect_l1,-0.14139386529501471,0.03527317590254613,6.109581391080777e-05
real_busq_0414,d_tipo_hip_l1,-0.00817219563845018,0.00358252863002042,0.022541050888556007
real_busq_0414,d_ln_renta_hog_real,0.07035286574234832,0.08059294684609786,0.3826953851230869
real_busq_0414,d_ln_ipv_real_l4,0.3652783737732003,0.10973020274193558,0.0008719683075275749
real_busq_0414,d_ln_credito_nuevo,0.034983105248578644,0.014372412605285125,0.014931120869797313
real_busq_0415,ect_l1,-0.19234546883978954,0.04036253438019533,1.884365733101959e-06
real_busq_0415,d_tipo_hip_l1,-0.00894963750738657,0.0037177631564978765,0.01607254533279089
real_busq_0415,d_ln_renta_hog_real,0.14776073060256292,0.07770267677670356,0.05722124466353116
real_busq_0415,d_ln_pob_extranj,0.17690807453861498,0.17340105072901146,0.30762179763218434
real_busq_0416,ect_l1,-0.16262327586546063,0.04006949238056669,4.938238472037031e-05
real_busq_0416,d_tipo_hip_l1,-0.005804400793359031,0.0039218468617220935,0.1388686577588247
real_busq_0416,d_ln_renta_hog_real,0.09923200019457992,0.09111390915541047,0.27611055582441635
real_busq_0416,d_ln_pob_extranj,0.21729201696515268,0.17159636550018584,0.20540665773830724
real_busq_0416,d_ln_credito_nuevo,0.041801377628545786,0.016837867236043472,0.013043422812642725
real_busq_0417,ect_l1,-0.16915648376587458,0.0342988241977007,8.145655410929597e-07
real_busq_0417,d_tipo_hip_l1,-0.007185540150326481,0.0025747220872084655,0.005257758714879896
real_busq_0417,d_ln_renta_hog_real,0.12004978481627833,0.08869534528640101,0.17589366451138722
real_busq_0417,d_ln_pob_extranj,0.08391229919424979,0.13774904724306228,0.5424131483532386
real_busq_0417,d_ln_ipv_real_l1,0.20054432759083196,0.08773676339679455,0.022268874530433972
real_busq_0418,ect_l1,-0.12250049602910093,0.03575920859537265,0.0006132062245549166
real_busq_0418,d_tipo_hip_l1,-0.002598389342790576,0.0032986484563928917,0.43086440972993156
real_busq_0418,d_ln_renta_hog_real,0.049023590890394014,0.08702308533561501,0.5732033383714652
real_busq_0418,d_ln_pob_extranj,0.08412416454656514,0.1050099862757555,0.42307009290978215
real_busq_0418,d_ln_ipv_real_l1,0.302312518077567,0.11259358752489258,0.007253224324781879
real_busq_0418,d_ln_credito_nuevo,0.049067299760758465,0.019761350928914068,0.013028357867755214
real_busq_0419,ect_l1,-0.1648135334841644,0.035525258238568815,3.4953399717630416e-06
real_busq_0419,d_tipo_hip_l1,-0.010626954075084136,0.0031098829438410062,0.0006327908957527266
real_busq_0419,d_ln_renta_hog_real,0.10511065982955307,0.07562773819117394,0.16457664859933396
real_busq_0419,d_ln_pob_extranj,-0.2007053788591951,0.141826289193579,0.15702471574896332
real_busq_0419,d_ln_ipv_real_l4,0.46750212282411846,0.1541415633951895,0.002421836979852744
real_busq_0420,ect_l1,-0.14468429499377625,0.03433406382451386,2.5086947969526855e-05
real_busq_0420,d_tipo_hip_l1,-0.007831467870739604,0.0033816450535148167,0.0205650844789658
real_busq_0420,d_ln_renta_hog_real,0.07191103920287598,0.08041545104902133,0.37119132449427905
real_busq_0420,d_ln_pob_extranj,-0.11320233134634483,0.12824289116974516,0.377388557634842
real_busq_0420,d_ln_ipv_real_l4,0.3997423987530239,0.11392910587047678,0.0004503122577948286
real_busq_0420,d_ln_credito_nuevo,0.033922036813859385,0.014488215858159563,0.019213958226029067
real_busq_0421,ect_l1,-0.19904873009997656,0.04147971994881099,1.596988267597278e-06
real_busq_0421,d_tipo_hip_l1,-0.008149016604782374,0.003312487642421883,0.013890230913217286
real_busq_0421,d_ln_renta_hog_real,0.15381415707209609,0.07381652944487267,0.037184191060027634
real_busq_0421,d_ln_pob_extranj4,0.06058918455212745,0.1903174915144747,0.7502130402705554
real_busq_0422,ect_l1,-0.16946228728559792,0.04103454989568507,3.631635018496487e-05
real_busq_0422,d_tipo_hip_l1,-0.005045487703393111,0.003641911498409063,0.1659315744583043
real_busq_0422,d_ln_renta_hog_real,0.10638290826520364,0.08942700046235137,0.23420123394424763
real_busq_0422,d_ln_pob_extranj4,0.10896035079559743,0.1865823062889168,0.5592337118129044
real_busq_0422,d_ln_credito_nuevo,0.04143158102906217,0.017122091215357616,0.015530180981808722
real_busq_0423,ect_l1,-0.171317888044324,0.033761158479516926,3.8870451702767093e-07
real_busq_0423,d_tipo_hip_l1,-0.006621073001492554,0.002457204264460822,0.007048261011310819
real_busq_0423,d_ln_renta_hog_real,0.1211668298410306,0.08860036258692454,0.17144801320764957
real_busq_0423,d_ln_pob_extranj4,0.009916875578617583,0.14410273839186466,0.9451344165053711
real_busq_0423,d_ln_ipv_real_l1,0.2141215940947571,0.08328619975210112,0.010143073254296189
real_busq_0424,ect_l1,-0.1233460651936182,0.03628489555403377,0.0006753937475556093
real_busq_0424,d_tipo_hip_l1,-0.0022276994601048866,0.003267619643712979,0.4953970902402891
real_busq_0424,d_ln_renta_hog_real,0.049723305076658085,0.0869708581172471,0.5675091422917625
real_busq_0424,d_ln_pob_extranj4,0.043939025726219785,0.11183462556477143,0.6943986163545661
real_busq_0424,d_ln_ipv_real_l1,0.313159415168368,0.10928651390211092,0.004163643936456545
real_busq_0424,d_ln_credito_nuevo,0.04921618344364138,0.020123301234894465,0.014455877543081114
real_busq_0425,ect_l1,-0.1655174830522669,0.03609572703546785,4.528696415884589e-06
real_busq_0425,d_tipo_hip_l1,-0.01054198469907218,0.003094699171310249,0.0006580996546927544
real_busq_0425,d_ln_renta_hog_real,0.10160919508166402,0.07698242763058277,0.1868680221954585
real_busq_0425,d_ln_pob_extranj4,-0.24875178013067517,0.13623390065079946,0.06786278170859798
real_busq_0425,d_ln_ipv_real_l4,0.4697246059266331,0.14766597405868576,0.0014677057176458832
real_busq_0426,ect_l1,-0.14605038884708618,0.03491055321109068,2.8697948874217372e-05
real_busq_0426,d_tipo_hip_l1,-0.007735401637494505,0.0033440810932040686,0.02071372857451873
real_busq_0426,d_ln_renta_hog_real,0.07020014006854336,0.08115384316872137,0.3870248178913861
real_busq_0426,d_ln_pob_extranj4,-0.1698176629328861,0.12355475555088635,0.16930747393688006
real_busq_0426,d_ln_ipv_real_l4,0.40896201386216946,0.11009944370177986,0.0002036231994051807
real_busq_0426,d_ln_credito_nuevo,0.033334973845645266,0.014467271106238124,0.02121340592318033
real_busq_0427,ect_l1,-0.19928076684093668,0.04213653182876913,2.251776712565635e-06
real_busq_0427,d_tipo_hip_l1,-0.008551485735283757,0.003457482188681391,0.013386141448230207
real_busq_0427,d_ln_renta_hog_real,0.15048248934318478,0.07722350208338617,0.05133582536070946
real_busq_0427,d_ln_pob_total,1.1393009869302553,2.031430028615313,0.5749087065449229
real_busq_0428,ect_l1,-0.1699539543859705,0.04053653469094384,2.757610823866507e-05
real_busq_0428,d_tipo_hip_l1,-0.005501665528618683,0.003812877761452649,0.14904389889755704
real_busq_0428,d_ln_renta_hog_real,0.1005340905966188,0.09230948937382188,0.27611062239767736
real_busq_0428,d_ln_pob_total,1.7541499631235709,2.00645132596664,0.3819794379896495
real_busq_0428,d_ln_credito_nuevo,0.04235588300729745,0.017191518408869212,0.013748573737263842
real_busq_0429,ect_l1,-0.17164984698926739,0.03564670483916732,1.469733498380985e-06
real_busq_0429,d_tipo_hip_l1,-0.00688475414463622,0.0023505862945184773,0.0034010707108620393
real_busq_0429,d_ln_renta_hog_real,0.12060009813344344,0.08918157755377036,0.17627989935946375
real_busq_0429,d_ln_pob_total,0.43467802629151076,1.6271279117731292,0.7893580226112236
real_busq_0429,d_ln_ipv_real_l1,0.20794378764426968,0.0876736760158131,0.017702017836471576
real_busq_0430,ect_l1,-0.1246162518856736,0.03635800610364166,0.00060921653867496
real_busq_0430,d_tipo_hip_l1,-0.002552031213805168,0.003065197204526896,0.40507992606656285
real_busq_0430,d_ln_renta_hog_real,0.048444337393344326,0.08762734922518275,0.5803695866449998
real_busq_0430,d_ln_pob_total,0.8265301320773983,1.246786872307121,0.5073765629655357
real_busq_0430,d_ln_ipv_real_l1,0.30418508260952315,0.10716370954947908,0.004532493582047685
real_busq_0430,d_ln_credito_nuevo,0.04945959149012854,0.01990809818374853,0.012977155444083045
real_busq_0431,ect_l1,-0.15945494261094648,0.03701147109013195,1.6454585873988313e-05
real_busq_0431,d_tipo_hip_l1,-0.010831548470807082,0.003256387190671029,0.0008802385520428932
real_busq_0431,d_ln_renta_hog_real,0.10515035448174366,0.07678511697900324,0.17087095711325762
real_busq_0431,d_ln_pob_total,-1.362883150418734,1.3067960368044687,0.2969855487195884
real_busq_0431,d_ln_ipv_real_l4,0.4446346425875857,0.14415649385250245,0.002039709988453444
real_busq_0432,ect_l1,-0.14155140971871275,0.03542933135528368,6.460774751782982e-05
real_busq_0432,d_tipo_hip_l1,-0.008024073164796253,0.0035164569055020473,0.022497425508956788
real_busq_0432,d_ln_renta_hog_real,0.07134483874680377,0.08147434024813123,0.38120810249517
real_busq_0432,d_ln_pob_total,-0.4961263795163682,1.344294456188155,0.7120824110551957
real_busq_0432,d_ln_ipv_real_l4,0.37916133535715585,0.10541050295462681,0.0003219113444111838
real_busq_0432,d_ln_credito_nuevo,0.03432739331818767,0.015000921222138116,0.02211701022477155
real_busq_0433,ect_l1,-0.2049235277181713,0.04555933855215737,6.861252941696964e-06
real_busq_0433,d_tipo_hip_l1,-0.007656944613191449,0.003087586183110418,0.013141450252214106
real_busq_0433,d_ln_costes,0.012534308298630113,0.09276449071270859,0.8925172504947526
real_busq_0434,ect_l1,-0.1765061150769768,0.04296206661062942,3.983791088235446e-05
real_busq_0434,d_tipo_hip_l1,-0.004215477291945688,0.0033097838718130776,0.20279058359633595
real_busq_0434,d_ln_costes,0.04648412399456554,0.08752734636537646,0.595362544220734
real_busq_0434,d_ln_credito_nuevo,0.042962415768894584,0.015056995480335612,0.004326512605907713
real_busq_0435,ect_l1,-0.16795275901315185,0.035563312481898555,2.3280153636713235e-06
real_busq_0435,d_tipo_hip_l1,-0.006236270557895383,0.0027209285330961766,0.021907713970592338
real_busq_0435,d_ln_costes,-0.0517091287604831,0.09677303705447574,0.5931104387464281
real_busq_0435,d_ln_ipv_real_l1,0.2479779822688349,0.08737579773174282,0.004538828230359789
real_busq_0436,ect_l1,-0.1218947753768066,0.03544887399534379,0.000584713636865487
real_busq_0436,d_tipo_hip_l1,-0.0017329653259500093,0.003347913206946139,0.6047195703326783
real_busq_0436,d_ln_costes,-0.03479470229469055,0.07303695138177103,0.6337904230224994
real_busq_0436,d_ln_ipv_real_l1,0.3351503388538607,0.10580795701434538,0.00153737544325791
real_busq_0436,d_ln_credito_nuevo,0.04998358354642023,0.018391540296760142,0.006572775093267256
real_busq_0437,ect_l1,-0.16018842905088168,0.037336757922852355,1.7837733685635987e-05
real_busq_0437,d_tipo_hip_l1,-0.01142819616493987,0.0033474974501463074,0.0006402781639637404
real_busq_0437,d_ln_costes,-0.0050609715930421215,0.07677378625923761,0.9474410653506673
real_busq_0437,d_ln_ipv_real_l4,0.42320439826171025,0.13936594361182233,0.0023922985061207145
real_busq_0438,ect_l1,-0.14162075801102084,0.03535466778479425,6.182990555725168e-05
real_busq_0438,d_tipo_hip_l1,-0.008075283053352913,0.003427158928574826,0.0184599114424084
real_busq_0438,d_ln_costes,0.02565885059190789,0.07263386857443627,0.7238913609892392
real_busq_0438,d_ln_ipv_real_l4,0.37234491070402176,0.10886680982350685,0.0006257796954088885
real_busq_0438,d_ln_credito_nuevo,0.03619906516938068,0.013117923880474136,0.005788780422359556
real_busq_0439,ect_l1,-0.19346696262511862,0.04132608630864405,2.8482073420082766e-06
real_busq_0439,d_tipo_hip_l1,-0.008942552512586839,0.0035474078761079846,0.011706524049589214
real_busq_0439,d_ln_costes,-0.012058323206964058,0.09361941678878863,0.8975147025692707
real_busq_0439,d_ln_pob_extranj,0.1991729743593094,0.17668431017281025,0.259623433413239
real_busq_0440,ect_l1,-0.16311937315406447,0.04003601845568994,4.614986985952722e-05
real_busq_0440,d_tipo_hip_l1,-0.0056230229338752385,0.0037150277817209927,0.13013026654148227
real_busq_0440,d_ln_costes,0.019103748072093342,0.081603676552481,0.8149042313712989
real_busq_0440,d_ln_pob_extranj,0.22567602907297923,0.16546573538213413,0.17260415329211232
real_busq_0440,d_ln_credito_nuevo,0.04357577154957502,0.015024036894054025,0.003726823850418511
real_busq_0441,ect_l1,-0.16447358105217055,0.03428026614588938,1.603309690185185e-06
real_busq_0441,d_tipo_hip_l1,-0.006983558470159154,0.002382457961457493,0.003376107500903031
real_busq_0441,d_ln_costes,-0.06014623324607032,0.09933714751939973,0.5448629370588289
real_busq_0441,d_ln_pob_extranj,0.10167045321443892,0.13464465795635014,0.4501877712028721
real_busq_0441,d_ln_ipv_real_l1,0.23208829854489027,0.09437433669433366,0.013923498002024354
real_busq_0442,ect_l1,-0.11869376110989371,0.034768238701280735,0.0006405041355552883
real_busq_0442,d_tipo_hip_l1,-0.002436306301179892,0.0030699787820019785,0.42743380698945743
real_busq_0442,d_ln_costes,-0.04269839578743211,0.07598550696078214,0.5741649695284116
real_busq_0442,d_ln_pob_extranj,0.09501894341643659,0.10403816572250454,0.3610803013378371
real_busq_0442,d_ln_ipv_real_l1,0.3202045234503823,0.10871796900294883,0.0032266574590873597
real_busq_0442,d_ln_credito_nuevo,0.0499287272070148,0.018012092582609288,0.005572057629299359
real_busq_0443,ect_l1,-0.16570597693486833,0.03626258279116613,4.8862519168705235e-06
real_busq_0443,d_tipo_hip_l1,-0.01063397159544896,0.0030784418189173405,0.0005516501516840559
real_busq_0443,d_ln_costes,0.017779020087795982,0.07511104092559971,0.8128870900127284
real_busq_0443,d_ln_pob_extranj,-0.20495687201940332,0.14541177672538985,0.15868946095269876
real_busq_0443,d_ln_ipv_real_l4,0.4825362368784876,0.14952164948312296,0.0012500813885946334
real_busq_0444,ect_l1,-0.1454178768050322,0.03427060028924953,2.2033007365329867e-05
real_busq_0444,d_tipo_hip_l1,-0.007694953403788161,0.0032795624225407517,0.018959038251325857
real_busq_0444,d_ln_costes,0.03840893359968731,0.07210415640722476,0.5942503930232463
real_busq_0444,d_ln_pob_extranj,-0.1220197614823158,0.127996060724318,0.3404336719810289
real_busq_0444,d_ln_ipv_real_l4,0.4090709540508674,0.11466196198970557,0.00036023068376593885
real_busq_0444,d_ln_credito_nuevo,0.03520033306972408,0.01317603425062767,0.007550355179493504
real_busq_0445,ect_l1,-0.20151688751141336,0.04259228675270738,2.2308651233602866e-06
real_busq_0445,d_tipo_hip_l1,-0.008042545839940974,0.0030328446843708398,0.008006017495213142
real_busq_0445,d_ln_costes,0.00660095647989344,0.0917239055486646,0.9426293657710886
real_busq_0445,d_ln_pob_extranj4,0.06861964381602285,0.1954433276920015,0.7255152799182005
real_busq_0446,ect_l1,-0.17071526544058965,0.04120273393199774,3.423444346272188e-05
real_busq_0446,d_tipo_hip_l1,-0.004794992632150313,0.0033454495026132842,0.15177554943537813
real_busq_0446,d_ln_costes,0.037350148271445456,0.08243806370606999,0.650498906807158
real_busq_0446,d_ln_pob_extranj4,0.11011434928876626,0.18223433199807315,0.5456801637147288
real_busq_0446,d_ln_credito_nuevo,0.04345254318529601,0.015390654527386426,0.004753102872454394
real_busq_0447,ect_l1,-0.1671858629157038,0.03368813538064357,6.950128504180341e-07
real_busq_0447,d_tipo_hip_l1,-0.006357738648309924,0.0022743750212154824,0.005183901062441149
real_busq_0447,d_ln_costes,-0.05304575220652577,0.09783355236007854,0.5876779182122596
real_busq_0447,d_ln_pob_extranj4,0.02005250976643664,0.14233125744417305,0.88795984551858
real_busq_0447,d_ln_ipv_real_l1,0.2464445617288288,0.08889920296288562,0.0055682295882100484
real_busq_0448,ect_l1,-0.11979853387506442,0.03524066279002912,0.000675238869233251
real_busq_0448,d_tipo_hip_l1,-0.0020292726897013303,0.0030066399218528525,0.499719984284563
real_busq_0448,d_ln_costes,-0.038154043250943945,0.07414138866325558,0.6068242255456291
real_busq_0448,d_ln_pob_extranj4,0.05116619347767716,0.10848941739794238,0.6371953213153632
real_busq_0448,d_ln_ipv_real_l1,0.33150152506229685,0.10423929001621392,0.0014717473007726742
real_busq_0448,d_ln_credito_nuevo,0.05013488807387042,0.018346214460997764,0.006281556790041895
real_busq_0449,ect_l1,-0.1663628781707435,0.037010910797308595,6.958024683258752e-06
real_busq_0449,d_tipo_hip_l1,-0.010541213580636172,0.0031440670145660645,0.0008001819395032936
real_busq_0449,d_ln_costes,0.01447203054590073,0.07179686218926472,0.8402535859930222
real_busq_0449,d_ln_pob_extranj4,-0.25551658602427774,0.13711683347998874,0.0623926016179663
real_busq_0449,d_ln_ipv_real_l4,0.48479749562403485,0.14205113471475048,0.0006429017189390629
real_busq_0450,ect_l1,-0.14673199705581114,0.03505748495456104,2.8457860128151932e-05
real_busq_0450,d_tipo_hip_l1,-0.007608356691799187,0.0032996235965841256,0.02112037693321966
real_busq_0450,d_ln_costes,0.0378560263520132,0.0693836561017414,0.5853379160709906
real_busq_0450,d_ln_pob_extranj4,-0.17739855970978596,0.12223092731164649,0.14668537746213398
real_busq_0450,d_ln_ipv_real_l4,0.4173657699134431,0.10923434100757398,0.00013300369176848036
real_busq_0450,d_ln_credito_nuevo,0.03459168229606169,0.013225325407586776,0.008908027898788248
real_busq_0451,ect_l1,-0.20150310834384985,0.04304709816941625,2.854905281640567e-06
real_busq_0451,d_tipo_hip_l1,-0.008498905833213272,0.0032540053761530986,0.009005926945932006
real_busq_0451,d_ln_costes,-0.003166224347321051,0.09470598352371871,0.9733299745171289
real_busq_0451,d_ln_pob_total,1.2900987595591984,2.0924653079684514,0.5375349647511636
real_busq_0452,ect_l1,-0.17085133789557974,0.04082634443993814,2.8537876386817234e-05
real_busq_0452,d_tipo_hip_l1,-0.005300862073430984,0.0035861771936930146,0.13937104708870013
real_busq_0452,d_ln_costes,0.025356455669905076,0.08223981433714016,0.7578362945581192
real_busq_0452,d_ln_pob_total,1.817988042892748,1.9559278423146538,0.3526424426488729
real_busq_0452,d_ln_credito_nuevo,0.04422445399635171,0.015406559825037254,0.004098295898117168
real_busq_0453,ect_l1,-0.16768830337598195,0.03542187422564028,2.2010247221341106e-06
real_busq_0453,d_tipo_hip_l1,-0.006652462078241503,0.0021756974926923,0.0022310027149607323
real_busq_0453,d_ln_costes,-0.05644226106293359,0.09915291748775469,0.5691901696331982
real_busq_0453,d_ln_pob_total,0.5650707200042068,1.6139720910902111,0.7262547741403003
real_busq_0453,d_ln_ipv_real_l1,0.23970300204426703,0.09436781297647537,0.011082306005745965
real_busq_0454,ect_l1,-0.12112665728879188,0.03550513635183518,0.0006460059716239803
real_busq_0454,d_tipo_hip_l1,-0.002374466118705189,0.0028307187004601164,0.4015697986890995
real_busq_0454,d_ln_costes,-0.042342919617861116,0.07469262493801739,0.5707851211255073
real_busq_0454,d_ln_pob_total,0.9160340163367999,1.1964701781114093,0.443906162303105
real_busq_0454,d_ln_ipv_real_l1,0.3223781892650623,0.10443156722885015,0.0020220100611909766
real_busq_0454,d_ln_credito_nuevo,0.050351922090005025,0.01811256177769491,0.005436813780777997
real_busq_0455,ect_l1,-0.16004922771249683,0.037876568357575406,2.3836084555828712e-05
real_busq_0455,d_tipo_hip_l1,-0.010853628502085162,0.003220193748995288,0.0007503482610575222
real_busq_0455,d_ln_costes,0.010087113033572728,0.07341238555680292,0.8907119258989008
real_busq_0455,d_ln_pob_total,-1.3662748327900136,1.375294214087552,0.32049467382425445
real_busq_0455,d_ln_ipv_real_l4,0.458789865661233,0.13982553868427905,0.00103381340336755
real_busq_0456,ect_l1,-0.14189012842842216,0.03552187214157512,6.484625009648711e-05
real_busq_0456,d_tipo_hip_l1,-0.007912577439480737,0.003405383712471495,0.020149654600186438
real_busq_0456,d_ln_costes,0.030951560924893536,0.06906829988107968,0.6540595484342635
real_busq_0456,d_ln_pob_total,-0.5255609114863605,1.33545883201738,0.6939182299634865
real_busq_0456,d_ln_ipv_real_l4,0.3869179819074802,0.10644468330231405,0.00027806616272640846
real_busq_0456,d_ln_credito_nuevo,0.03556951510310043,0.013645923051178533,0.00914450982092543
real_busq_0457,ect_l1,-0.20200573629285848,0.0448684732225808,6.7261435794090784e-06
real_busq_0457,d_tipo_hip_l1,-0.007809129660493562,0.0034144771390229025,0.02219205500695234
real_busq_0457,d_ln_costes,0.003742507442365328,0.08270160725853723,0.9639055377095656
real_busq_0457,d_ln_renta_hog_real,0.15487538722129712,0.07287436765831753,0.03356674517006685
real_busq_0458,ect_l1,-0.17565670497226446,0.042461286249369457,3.5207964065582726e-05
real_busq_0458,d_tipo_hip_l1,-0.004462316307056454,0.0036095985066548,0.21637078194396808
real_busq_0458,d_ln_costes,0.039005902153925166,0.08381831940471872,0.6416718883804986
real_busq_0458,d_ln_renta_hog_real,0.10713431535553465,0.09205306628227604,0.24449205227419202
real_busq_0458,d_ln_credito_nuevo,0.041195144669666936,0.017092309961717327,0.015945671947157885
real_busq_0459,ect_l1,-0.16880357024330292,0.03608123826154091,2.8907893625015922e-06
real_busq_0459,d_tipo_hip_l1,-0.006476657391842765,0.0029066227149884024,0.025864414269183116
real_busq_0459,d_ln_costes,-0.05315513414729383,0.08471431340730273,0.5303554968286468
real_busq_0459,d_ln_renta_hog_real,0.1217013125303138,0.09064488851722986,0.17939622207931039
real_busq_0459,d_ln_ipv_real_l1,0.2268924703524966,0.0811564505159224,0.005178077190475767
real_busq_0460,ect_l1,-0.12322588952287686,0.035767264616857024,0.0005706069325494977
real_busq_0460,d_tipo_hip_l1,-0.0019286417984725802,0.0035732343142048616,0.5893716579391746
real_busq_0460,d_ln_costes,-0.03575605558734327,0.07015465585638012,0.6102793565206031
real_busq_0460,d_ln_renta_hog_real,0.05073024810746721,0.08586571237775721,0.5546483069203926
real_busq_0460,d_ln_ipv_real_l1,0.32451289445605025,0.10645564735500031,0.0023011023122395066
real_busq_0460,d_ln_credito_nuevo,0.04892389811611042,0.02009649754883088,0.014914481962984777
real_busq_0461,ect_l1,-0.15971450947173202,0.036748027529481406,1.385122908780487e-05
real_busq_0461,d_tipo_hip_l1,-0.011404812683941013,0.0035033047711106793,0.0011321519965562484
real_busq_0461,d_ln_costes,-0.010409423961679232,0.06899476609638833,0.8800761668872139
real_busq_0461,d_ln_renta_hog_real,0.10458615814877303,0.07774702822738647,0.17855710260209412
real_busq_0461,d_ln_ipv_real_l4,0.4090477051598153,0.1432087928527979,0.004286058856230217
real_busq_0462,ect_l1,-0.14181872441896765,0.035229919396170636,5.684969013873948e-05
real_busq_0462,d_tipo_hip_l1,-0.008152234036591715,0.0035721100408440476,0.022478121560466302
real_busq_0462,d_ln_costes,0.021268729871101098,0.07007410009108414,0.7614953586511678
real_busq_0462,d_ln_renta_hog_real,0.06928458008794781,0.08270660634593993,0.40219068266666347
real_busq_0462,d_ln_ipv_real_l4,0.364368833766908,0.1087234776365691,0.0008042284790439129
real_busq_0462,d_ln_credito_nuevo,0.03520103657483629,0.014636614792913168,0.016172532308403736
real_busq_0463,ect_l1,-0.1916451117075948,0.04091514339629888,2.813776704834696e-06
real_busq_0463,d_tipo_hip_l1,-0.008979137874463769,0.0038446210829624046,0.019516972056445103
real_busq_0463,d_ln_costes,-0.018391064547845108,0.08314611485617017,0.8249447256161536
real_busq_0463,d_ln_renta_hog_real,0.1483509874228164,0.07795632958767781,0.05704039087738442
real_busq_0463,d_ln_pob_extranj,0.1822569127728064,0.17371860560345737,0.2941089869136654
real_busq_0464,ect_l1,-0.16306439730522285,0.03996335338279042,4.4968286984593994e-05
real_busq_0464,d_tipo_hip_l1,-0.005773871330899089,0.003950128070858658,0.14382557976583954
real_busq_0464,d_ln_costes,0.013704499346389325,0.0777226676177092,0.8600381174044991
real_busq_0464,d_ln_renta_hog_real,0.09866028929648499,0.09249515032311446,0.2861282663621255
real_busq_0464,d_ln_pob_extranj,0.21341595076029887,0.16537254951216954,0.19687149798439685
real_busq_0464,d_ln_credito_nuevo,0.0419149655012763,0.01707748862254726,0.014112042745405118
real_busq_0465,ect_l1,-0.16549733264129687,0.03479193255719265,1.9671195294958533e-06
real_busq_0465,d_tipo_hip_l1,-0.007182349555639511,0.0026615118667927913,0.0069632314875749364
real_busq_0465,d_ln_costes,-0.061135946231206814,0.08717853647124252,0.4831327144725194
real_busq_0465,d_ln_renta_hog_real,0.12042136535916578,0.0912352735374818,0.1868686717863307
real_busq_0465,d_ln_pob_extranj,0.09635520906136434,0.1376394179511058,0.4838927469817329
real_busq_0465,d_ln_ipv_real_l1,0.2120552445100812,0.08665477670348773,0.014400008506918843
real_busq_0466,ect_l1,-0.12006258522878031,0.03509819078759957,0.0006244577162037467
real_busq_0466,d_tipo_hip_l1,-0.0026122145787516506,0.003292387495676455,0.42753873593994307
real_busq_0466,d_ln_costes,-0.04346671611670323,0.07275830951478998,0.5502320786767181
real_busq_0466,d_ln_renta_hog_real,0.04953696939564646,0.08540568909162272,0.5619014338101016
real_busq_0466,d_ln_pob_extranj,0.09297013849382746,0.10638010718438809,0.3821493548781284
real_busq_0466,d_ln_ipv_real_l1,0.31013955608902866,0.10755941673460384,0.003933757874026693
real_busq_0466,d_ln_credito_nuevo,0.04889515055144933,0.019704850152043065,0.013087608277261074
real_busq_0467,ect_l1,-0.16523432374061414,0.03567723080153068,3.6326057585230366e-06
real_busq_0467,d_tipo_hip_l1,-0.01061022390050121,0.003107979040927197,0.0006404807401942153
real_busq_0467,d_ln_costes,0.012438545334702645,0.0673739914778207,0.853527574889538
real_busq_0467,d_ln_renta_hog_real,0.1046295201931327,0.07618964016051445,0.16966608794684035
real_busq_0467,d_ln_pob_extranj,-0.2050483588757181,0.1453078357604566,0.15820605718439884
real_busq_0467,d_ln_ipv_real_l4,0.4684001583545807,0.15481092215986136,0.002481179024206051
real_busq_0468,ect_l1,-0.1456965952297779,0.03422693883765815,2.073909933346382e-05
real_busq_0468,d_tipo_hip_l1,-0.007765301986908283,0.0033600773026368504,0.020830169936086367
real_busq_0468,d_ln_costes,0.034212353147565336,0.06937023305327872,0.6218819289871537
real_busq_0468,d_ln_renta_hog_real,0.07034836259064053,0.08312115061884619,0.397365729828174
real_busq_0468,d_ln_pob_extranj,-0.12451703862547955,0.12835903989557426,0.3320124370914941
real_busq_0468,d_ln_ipv_real_l4,0.40172405535303624,0.11458458651180502,0.00045503700988028413
real_busq_0468,d_ln_credito_nuevo,0.034166540709916975,0.01471303350394308,0.020222409304457425
real_busq_0469,ect_l1,-0.19900215470586508,0.04200530231226494,2.163191536675673e-06
real_busq_0469,d_tipo_hip_l1,-0.008150261088066857,0.0033451144441649797,0.014831521042665396
real_busq_0469,d_ln_costes,-0.0014648201923735179,0.08194851051703046,0.98573866476789
real_busq_0469,d_ln_renta_hog_real,0.15387278829610695,0.07443835841387342,0.03872314050536652
real_busq_0469,d_ln_pob_extranj4,0.06088134144183785,0.18947447307072646,0.7479702860464883
real_busq_0470,ect_l1,-0.17024963745523386,0.04099197322722489,3.277959160389066e-05
real_busq_0470,d_tipo_hip_l1,-0.004999989169236825,0.0036060734451496025,0.1655800362626184
real_busq_0470,d_ln_costes,0.03060758911598995,0.07895126340050702,0.6982550769171961
real_busq_0470,d_ln_renta_hog_real,0.10485986116593506,0.09202351062170784,0.25449887739388344
real_busq_0470,d_ln_pob_extranj4,0.10315954338113324,0.1808294439691004,0.5683523250908686
real_busq_0470,d_ln_credito_nuevo,0.04169183475601567,0.017475184731370382,0.017043238632386114
real_busq_0471,ect_l1,-0.16811222959206057,0.03422185547373371,8.995772021863206e-07
real_busq_0471,d_tipo_hip_l1,-0.00658585633247844,0.002479737813409037,0.007910456909601642
real_busq_0471,d_ln_costes,-0.054357714329301934,0.08566553644594638,0.5257322418366264
real_busq_0471,d_ln_renta_hog_real,0.12160334707256262,0.09098123730816567,0.18136104567178157
real_busq_0471,d_ln_pob_extranj4,0.018059006633047606,0.1429076202011061,0.8994403185066225
real_busq_0471,d_ln_ipv_real_l1,0.22552846663286286,0.08234960971933186,0.006168811950694053
real_busq_0472,ect_l1,-0.12117711397032968,0.03566452565777108,0.000679566007823534
real_busq_0472,d_tipo_hip_l1,-0.0022144734690350094,0.003227564677556343,0.4926419738469101
real_busq_0472,d_ln_costes,-0.03900896504788086,0.07094874239469118,0.5824435403863135
real_busq_0472,d_ln_renta_hog_real,0.05023246415871756,0.08563288138004212,0.5574706886788856
real_busq_0472,d_ln_pob_extranj4,0.04968880967275104,0.11077061095564013,0.6537390345660605
real_busq_0472,d_ln_ipv_real_l1,0.32107381584489264,0.10413456164141896,0.002047469300351462
real_busq_0472,d_ln_credito_nuevo,0.0490812318689032,0.02007175461922969,0.014473628947496407
real_busq_0473,ect_l1,-0.1657869060205981,0.03633688109471899,5.0548849034585325e-06
real_busq_0473,d_tipo_hip_l1,-0.010535425677600643,0.0030985351745929056,0.0006735356219962307
real_busq_0473,d_ln_costes,0.008924264941002522,0.06437153780216509,0.8897371505003389
real_busq_0473,d_ln_renta_hog_real,0.10122967565419262,0.07754786043263583,0.19176238971367832
real_busq_0473,d_ln_pob_extranj4,-0.2506639420896813,0.1372594265153441,0.06781928856292506
real_busq_0473,d_ln_ipv_real_l4,0.4699253876526683,0.14766529337436424,0.001460758001291522
real_busq_0474,ect_l1,-0.14689671424030856,0.03494039157709864,2.6199658454510186e-05
real_busq_0474,d_tipo_hip_l1,-0.007687288977231875,0.003347236857902772,0.021641175448364657
real_busq_0474,d_ln_costes,0.033440597741524636,0.06679469441344811,0.6166192164565741
real_busq_0474,d_ln_renta_hog_real,0.06851463719094486,0.08397926905360203,0.41458490678668325
real_busq_0474,d_ln_pob_extranj4,-0.1763209157599825,0.12232061513486153,0.1494532885498326
real_busq_0474,d_ln_ipv_real_l4,0.4092048407568507,0.10949038651121266,0.0001859635878923147
real_busq_0474,d_ln_credito_nuevo,0.03361450893063979,0.014721586253439133,0.02240986009655299
real_busq_0475,ect_l1,-0.1990012779108312,0.04259461530426537,2.9830704211403847e-06
real_busq_0475,d_tipo_hip_l1,-0.00856344713846511,0.003535534092589261,0.0154307430538413
real_busq_0475,d_ln_costes,-0.010168556551792544,0.08548021592084604,0.9053086210670238
real_busq_0475,d_ln_renta_hog_real,0.15084020580712218,0.07743822455697756,0.05142957540819132
real_busq_0475,d_ln_pob_total,1.161881773512672,2.048166268823164,0.5705246221019578
real_busq_0476,ect_l1,-0.17038840906721808,0.04055477987491322,2.6522443008716087e-05
real_busq_0476,d_tipo_hip_l1,-0.005467676924560106,0.003804310414123884,0.15065206386871194
real_busq_0476,d_ln_costes,0.019622331739206137,0.07934957362477198,0.8046840345584616
real_busq_0476,d_ln_renta_hog_real,0.09966517994198505,0.09400234262148945,0.289034768794434
real_busq_0476,d_ln_pob_total,1.7127744579687287,1.9649532382351762,0.383392966313286
real_busq_0476,d_ln_credito_nuevo,0.04250735385427582,0.017454215013680077,0.014876846544347762
real_busq_0477,ect_l1,-0.16855342329378437,0.03596745669312546,2.782212316515957e-06
real_busq_0477,d_tipo_hip_l1,-0.006861041719658591,0.002399047878104198,0.004237719996730189
real_busq_0477,d_ln_costes,-0.05753411342061531,0.08754962774896899,0.5110780420548177
real_busq_0477,d_ln_renta_hog_real,0.12098555580553114,0.09156491039573196,0.1863982974558407
real_busq_0477,d_ln_pob_total,0.5238050322932927,1.6237884328872212,0.7470117752123615
real_busq_0477,d_ln_ipv_real_l1,0.2193458003564559,0.08642635929308688,0.011150383338857728
real_busq_0478,ect_l1,-0.1224307294727402,0.0357561329463988,0.0006169563391947962
real_busq_0478,d_tipo_hip_l1,-0.0025464979532769157,0.003042431608357663,0.4025957648205897
real_busq_0478,d_ln_costes,-0.04307347913540083,0.07186063441683797,0.5489041835616987
real_busq_0478,d_ln_renta_hog_real,0.048936409975946886,0.08589638655665144,0.5688714086612938
real_busq_0478,d_ln_pob_total,0.8921508271218179,1.229923737630545,0.4682245510380908
real_busq_0478,d_ln_ipv_real_l1,0.3124498887420803,0.10253800943659545,0.0023101344875969617
real_busq_0478,d_ln_credito_nuevo,0.049320104019012864,0.019828349740220744,0.012869764994319827
real_busq_0479,ect_l1,-0.15957275769478915,0.0371206074862584,1.7175268045549705e-05
real_busq_0479,d_tipo_hip_l1,-0.010826714345187491,0.003262366881803066,0.0009044772071455631
real_busq_0479,d_ln_costes,0.004810151748946842,0.06585358356653398,0.9417717977832543
real_busq_0479,d_ln_renta_hog_real,0.10496475458438605,0.07715946819820534,0.17371561826070925
real_busq_0479,d_ln_pob_total,-1.3744692072521474,1.3342862191699505,0.30295568739722223
real_busq_0479,d_ln_ipv_real_l4,0.4447953535860802,0.14434543830621802,0.0020598499076395875
real_busq_0480,ect_l1,-0.1421059537854696,0.035395048418005115,5.948258941121888e-05
real_busq_0480,d_tipo_hip_l1,-0.007981103319161633,0.003500269972136478,0.02259942471716466
real_busq_0480,d_ln_costes,0.02681282385226543,0.06660019549164108,0.6872470927942872
real_busq_0480,d_ln_renta_hog_real,0.07011732324668575,0.08364621257276966,0.4018843662315531
real_busq_0480,d_ln_pob_total,-0.5557626323950426,1.3290488390294493,0.6758259750330381
real_busq_0480,d_ln_ipv_real_l4,0.3796834907501115,0.10536610815756323,0.00031399836865663594
real_busq_0480,d_ln_credito_nuevo,0.0345233135034973,0.015207823078147826,0.02320137939212832
real_busq_0481,ect_l1,-0.18636524001574273,0.04635478856705378,5.8097023992029585e-05
real_busq_0481,d_tipo_hip_l1,-0.010339089040397969,0.004007731777053337,0.00988616500530755
real_busq_0481,d_ln_permisos_l4,0.021512826484330654,0.017571116759253637,0.22082816972786323
real_busq_0482,ect_l1,-0.16075483522580838,0.04402037261325677,0.0002603801251445696
real_busq_0482,d_tipo_hip_l1,-0.006555989570771091,0.004064633218941477,0.10675860937617813
real_busq_0482,d_ln_permisos_l4,0.01818742685893438,0.015299251242349557,0.23452668840487378
real_busq_0482,d_ln_credito_nuevo,0.04191290049889958,0.014494722220361831,0.003832888139272437
real_busq_0483,ect_l1,-0.160244540931701,0.03670586604242603,1.2675197419903248e-05
real_busq_0483,d_tipo_hip_l1,-0.008277710763716382,0.003610280574194939,0.021858573368205608
real_busq_0483,d_ln_permisos_l4,0.014984602650285846,0.015335370316240592,0.3285063385497794
real_busq_0483,d_ln_ipv_real_l1,0.2206944124200087,0.08791793111593531,0.012065183294081289
real_busq_0484,ect_l1,-0.11840666041560287,0.0349159922763388,0.0006959059154106587
real_busq_0484,d_tipo_hip_l1,-0.0028906931042098102,0.004296852222572561,0.5011084591757843
real_busq_0484,d_ln_permisos_l4,0.008167795317774364,0.013063418424294714,0.5318123680289706
real_busq_0484,d_ln_ipv_real_l1,0.3180991407203135,0.11707635777168103,0.006587205729757766
real_busq_0484,d_ln_credito_nuevo,0.04960301441620605,0.018555357755761018,0.007512139970851073
real_busq_0485,ect_l1,-0.16024182472675977,0.039373159108670494,4.704868323631459e-05
real_busq_0485,d_tipo_hip_l1,-0.011440424916779822,0.004154089904728343,0.005886911297669857
real_busq_0485,d_ln_permisos_l4,0.00011207025046106128,0.01734922346129909,0.9948459652444195
real_busq_0485,d_ln_ipv_real_l4,0.422827077254253,0.14595196893923937,0.0037671500774435476
real_busq_0486,ect_l1,-0.14128395536840796,0.036692298142590805,0.00011787350162160654
real_busq_0486,d_tipo_hip_l1,-0.008068089334211515,0.00392634988676352,0.03989277486082586
real_busq_0486,d_ln_permisos_l4,-0.00027305410920634303,0.015160529991582978,0.9856301936835955
real_busq_0486,d_ln_ipv_real_l4,0.3740736066251177,0.11755872950971218,0.001462543898411312
real_busq_0486,d_ln_credito_nuevo,0.035955156148227835,0.012900943972655963,0.005319561218191156
real_busq_0487,ect_l1,-0.18266908338877597,0.04282548431843816,1.9951802596234277e-05
real_busq_0487,d_tipo_hip_l1,-0.010661817215906047,0.004047715505661433,0.008437722538462923
real_busq_0487,d_ln_permisos_l4,0.016775024563090508,0.020486415155838114,0.4128797009265005
real_busq_0487,d_ln_pob_extranj,0.1407942909763853,0.2083580618654544,0.4992105678821076
real_busq_0488,ect_l1,-0.15510837720999482,0.04076062336928798,0.00014160466529937807
real_busq_0488,d_tipo_hip_l1,-0.006911139790524232,0.004097569671526303,0.09167189695646101
real_busq_0488,d_ln_permisos_l4,0.011625429727126954,0.018316755772333625,0.5256317563566838
real_busq_0488,d_ln_pob_extranj,0.19274084601306934,0.20691681590239766,0.35160040196946973
real_busq_0488,d_ln_credito_nuevo,0.042872890801076605,0.015040899914581435,0.004366145146571814
real_busq_0489,ect_l1,-0.15979977506383816,0.03622741743523774,1.0288596516805825e-05
real_busq_0489,d_tipo_hip_l1,-0.008454100408929745,0.003285915189110861,0.010087080911065955
real_busq_0489,d_ln_permisos_l4,0.013560613211981692,0.017323234000972357,0.43374505457306956
real_busq_0489,d_ln_pob_extranj,0.04846283559048218,0.15393718172666648,0.752896687704366
real_busq_0489,d_ln_ipv_real_l1,0.21370293750002045,0.09098089151522537,0.018830118212826815
real_busq_0490,ect_l1,-0.11769564456463544,0.03494629395541102,0.0007574289738818679
real_busq_0490,d_tipo_hip_l1,-0.0031256389931798843,0.004007256049888802,0.4353939194989601
real_busq_0490,d_ln_permisos_l4,0.006163428439031387,0.014087859643927364,0.6617492987422742
real_busq_0490,d_ln_pob_extranj,0.06771843275251976,0.11543920228868217,0.5574619273553245
real_busq_0490,d_ln_ipv_real_l1,0.3085382081615538,0.1154423528017078,0.00752523822800142
real_busq_0490,d_ln_credito_nuevo,0.04970916414778451,0.01839851385499901,0.00689645629779529
real_busq_0491,ect_l1,-0.162412590695017,0.03879090377144147,2.8282387359326694e-05
real_busq_0491,d_tipo_hip_l1,-0.01110068794239117,0.0039365953378029325,0.004804307629986847
real_busq_0491,d_ln_permisos_l4,0.004433313192383061,0.018398096393930956,0.8095815736784315
real_busq_0491,d_ln_pob_extranj,-0.20939178557533938,0.1530063921960327,0.17115043375242223
real_busq_0491,d_ln_ipv_real_l4,0.4766645119524627,0.15251017841413528,0.0017752701504401471
real_busq_0492,ect_l1,-0.1430296470398072,0.03608449449700455,7.37838163841297e-05
real_busq_0492,d_tipo_hip_l1,-0.007981997488765855,0.003834935792792156,0.037398211822789476
real_busq_0492,d_ln_permisos_l4,0.002099451524797298,0.016495801628071682,0.8987252235018423
real_busq_0492,d_ln_pob_extranj,-0.11441219344467142,0.14372955247773775,0.42601800434949477
real_busq_0492,d_ln_ipv_real_l4,0.40492957208948216,0.11740502014026985,0.0005626727786583451
real_busq_0492,d_ln_credito_nuevo,0.034893867222094845,0.013047822115226204,0.007488411841887846
real_busq_0493,ect_l1,-0.18491175749217814,0.043178326273480644,1.8479406431210963e-05
real_busq_0493,d_tipo_hip_l1,-0.010496286580311112,0.003813683602357623,0.005918372162604563
real_busq_0493,d_ln_permisos_l4,0.020915342382908382,0.018496509147430742,0.2581508916674605
real_busq_0493,d_ln_pob_extranj4,0.041049909868293835,0.19458917623268504,0.8329209815684907
real_busq_0494,ect_l1,-0.1571240304554156,0.041545879443465786,0.0001556107665297102
real_busq_0494,d_tipo_hip_l1,-0.006865407377797311,0.0039595766902527875,0.08294042840308324
real_busq_0494,d_ln_permisos_l4,0.016786422461093405,0.016114159597938195,0.2975420856572749
real_busq_0494,d_ln_pob_extranj4,0.09335248515278495,0.1892472333256275,0.6218124811786199
real_busq_0494,d_ln_credito_nuevo,0.0424454507553566,0.0150752843501359,0.0048691467832616174
real_busq_0495,ect_l1,-0.16038074717912765,0.03502357416232528,4.6670699415942435e-06
real_busq_0495,d_tipo_hip_l1,-0.008253884755055884,0.0032468687717699743,0.011018673503274016
real_busq_0495,d_ln_permisos_l4,0.01504842763963861,0.01591983563749174,0.34452474983628967
real_busq_0495,d_ln_pob_extranj4,-0.005219893796393212,0.1417941294602684,0.9706339595097204
real_busq_0495,d_ln_ipv_real_l1,0.22110518824207534,0.08740504886299283,0.011417261185020608
real_busq_0496,ect_l1,-0.11733658967050163,0.034828495085491934,0.0007544622491487187
real_busq_0496,d_tipo_hip_l1,-0.003040737895116553,0.004022557712079888,0.44969625725432905
real_busq_0496,d_ln_permisos_l4,0.007703749525731453,0.013296991814893033,0.5623460676245959
real_busq_0496,d_ln_pob_extranj4,0.036322144631495294,0.1098659848433049,0.7409435516713548
real_busq_0496,d_ln_ipv_real_l1,0.3155255097783261,0.11398728397928926,0.00563882366748507
real_busq_0496,d_ln_credito_nuevo,0.049748004191333024,0.018659536291952186,0.007673913296322361
real_busq_0497,ect_l1,-0.16544872046794593,0.038789609226745986,1.996476011075447e-05
real_busq_0497,d_tipo_hip_l1,-0.010630615618134158,0.003917869146434586,0.006660336143704419
real_busq_0497,d_ln_permisos_l4,0.0007268942812468543,0.016279891107443087,0.9643864280046596
real_busq_0497,d_ln_pob_extranj4,-0.2526206675445802,0.1371497705041422,0.06548497291001186
real_busq_0497,d_ln_ipv_real_l4,0.48332647893900743,0.1474491254122926,0.0010457492386531208
real_busq_0498,ect_l1,-0.14566217307144727,0.03627547515918147,5.933375082427213e-05
real_busq_0498,d_tipo_hip_l1,-0.0076780637981410035,0.0038241915581034547,0.044668663546945396
real_busq_0498,d_ln_permisos_l4,0.00015862133374904087,0.014600653221920026,0.9913319615406307
real_busq_0498,d_ln_pob_extranj4,-0.17008529471926187,0.12484262401053761,0.17307243218920654
real_busq_0498,d_ln_ipv_real_l4,0.41705063738293713,0.11573942012754407,0.0003141316428297729
real_busq_0498,d_ln_credito_nuevo,0.03430038561932997,0.013008149214530891,0.008368271957991447
real_busq_0499,ect_l1,-0.18617414526631762,0.045332695083073575,4.0110811209783605e-05
real_busq_0499,d_tipo_hip_l1,-0.01064609536181184,0.003950745968548452,0.007045095031677946
real_busq_0499,d_ln_permisos_l4,0.019172755191390983,0.019730999928145414,0.3311962212847378
real_busq_0499,d_ln_pob_total,0.9127211371607742,2.1699140210640344,0.6740285812147637
real_busq_0500,ect_l1,-0.15955627883989193,0.042094151346350174,0.00015036736939829856
real_busq_0500,d_tipo_hip_l1,-0.00696402762376054,0.004056873657365823,0.08605235895412969
real_busq_0500,d_ln_permisos_l4,0.013990971378987948,0.01836921525158163,0.44626702060353063
real_busq_0500,d_ln_pob_total,1.5929751725517103,2.156179195296729,0.4600312732334346
real_busq_0500,d_ln_credito_nuevo,0.043328585100800995,0.01537927280658067,0.004842377729698356
real_busq_0501,ect_l1,-0.1605962049637346,0.03788432585795964,2.2439764996749154e-05
real_busq_0501,d_tipo_hip_l1,-0.008389187894877734,0.0032449416268209136,0.00972907953132248
real_busq_0501,d_ln_permisos_l4,0.014476618807881104,0.016351411437752317,0.3759712971380642
real_busq_0501,d_ln_pob_total,0.23725672807893794,1.6494355528918763,0.8856258975428961
real_busq_0501,d_ln_ipv_real_l1,0.21730349772273497,0.09078670837739497,0.016685719912777064
real_busq_0502,ect_l1,-0.11914717443570515,0.035467758938259944,0.0007813754356328841
real_busq_0502,d_tipo_hip_l1,-0.0031924004740906554,0.003874636635925462,0.40998356998128205
real_busq_0502,d_ln_permisos_l4,0.006526271113575385,0.014338880026504327,0.6490048472806091
real_busq_0502,d_ln_pob_total,0.7396113080324268,1.2926401414006135,0.567206076792836
real_busq_0502,d_ln_ipv_real_l1,0.30835671169150014,0.11166692114170973,0.00575546507542664
real_busq_0502,d_ln_credito_nuevo,0.05002478521892699,0.01856509100329572,0.007048125280319177
real_busq_0503,ect_l1,-0.1585000911505987,0.040535312210918974,9.222996758819376e-05
real_busq_0503,d_tipo_hip_l1,-0.011067398615310817,0.003976165953446039,0.005378667470910091
real_busq_0503,d_ln_permisos_l4,0.001946115137290179,0.017265343186665342,0.9102541218131326
real_busq_0503,d_ln_pob_total,-1.3630702271824757,1.433033353956922,0.3415138729611954
real_busq_0503,d_ln_ipv_real_l4,0.4556374883018637,0.14352195635840098,0.0014999748756153396
real_busq_0504,ect_l1,-0.14101155436352694,0.03718775821168451,0.0001495105469334064
real_busq_0504,d_tipo_hip_l1,-0.00799830953584999,0.003868659506858621,0.03869056796046223
real_busq_0504,d_ln_permisos_l4,0.0003521860960354918,0.016020808899756652,0.9824614837337352
real_busq_0504,d_ln_pob_total,-0.45992106485599576,1.4620048376567023,0.7530787054076951
real_busq_0504,d_ln_ipv_real_l4,0.38595516434594396,0.10963483785429945,0.0004309456262909355
real_busq_0504,d_ln_credito_nuevo,0.035357188545132194,0.013536993927577795,0.009004225822556647
real_busq_0505,ect_l1,-0.1850076202904542,0.045354367307951615,4.519915335818672e-05
real_busq_0505,d_tipo_hip_l1,-0.010302498416989905,0.004252303521325553,0.01540122931217053
real_busq_0505,d_ln_permisos_l4,0.020027895759607704,0.017382262491715355,0.24923764701060291
real_busq_0505,d_ln_renta_hog_real,0.14872897443484592,0.07369212446080253,0.04356545119797281
real_busq_0506,ect_l1,-0.16079566680641497,0.04369201604878299,0.00023304462418942724
real_busq_0506,d_tipo_hip_l1,-0.006677139548995889,0.004265323169824201,0.11747801514560974
real_busq_0506,d_ln_permisos_l4,0.01727387100582378,0.014860570476446228,0.2450745564600365
real_busq_0506,d_ln_renta_hog_real,0.10442882899729022,0.08805633001399389,0.23564911240266917
real_busq_0506,d_ln_credito_nuevo,0.04028604264335822,0.016386820304045403,0.013954142441610154
real_busq_0507,ect_l1,-0.161563515771508,0.03684166070722239,1.1580031399513048e-05
real_busq_0507,d_tipo_hip_l1,-0.008438244665382656,0.0037594650605925497,0.024798106344856997
real_busq_0507,d_ln_permisos_l4,0.014397674264369635,0.0154248312069432,0.35060890248318877
real_busq_0507,d_ln_renta_hog_real,0.11899250449887738,0.08803657613250823,0.17649506399871995
real_busq_0507,d_ln_ipv_real_l1,0.2003731939483863,0.08230584236516289,0.014912569743110471
real_busq_0508,ect_l1,-0.11982382352331651,0.035261347309368446,0.0006783986199233266
real_busq_0508,d_tipo_hip_l1,-0.003069286035321707,0.004482285396127614,0.4934959030677619
real_busq_0508,d_ln_permisos_l4,0.00806403765584971,0.01290279545012686,0.5319817147383424
real_busq_0508,d_ln_renta_hog_real,0.04966390754936171,0.0865692620815278,0.5661776935483931
real_busq_0508,d_ln_ipv_real_l1,0.30759995518152117,0.11904920284425882,0.009771695445382818
real_busq_0508,d_ln_credito_nuevo,0.04857549885873882,0.02018425727734361,0.016101652461254664
real_busq_0509,ect_l1,-0.1601359605045929,0.0386031410871593,3.350082228883495e-05
real_busq_0509,d_tipo_hip_l1,-0.0113791595931387,0.0042764906087807125,0.0077940448353562225
real_busq_0509,d_ln_permisos_l4,-0.00023577544934692962,0.017022013430881607,0.9889486883315912
real_busq_0509,d_ln_renta_hog_real,0.10418943247887896,0.07723459906876078,0.1773371393650437
real_busq_0509,d_ln_ipv_real_l4,0.4091470092516729,0.14895669225353322,0.006018872987703587
real_busq_0510,ect_l1,-0.1417241202694078,0.03651050185606956,0.0001037135419016701
real_busq_0510,d_tipo_hip_l1,-0.008117716392707384,0.004045477403797973,0.044790653085741775
real_busq_0510,d_ln_permisos_l4,-0.0004976956029616019,0.014892812103843333,0.9733408483785255
real_busq_0510,d_ln_renta_hog_real,0.0703999429122606,0.08015405978335596,0.37977665663498805
real_busq_0510,d_ln_ipv_real_l4,0.36614601399119495,0.11736398497974011,0.0018100604671985527
real_busq_0510,d_ln_credito_nuevo,0.034984681740470314,0.014382530795826716,0.014997365133594582
real_busq_0511,ect_l1,-0.1817482145109966,0.04209535507589933,1.5778062046661957e-05
real_busq_0511,d_tipo_hip_l1,-0.010591102694989252,0.004312637178111065,0.014055972958548223
real_busq_0511,d_ln_permisos_l4,0.015843328764188567,0.019847630532652604,0.4247266639392149
real_busq_0511,d_ln_renta_hog_real,0.14488368582828848,0.07743334698968228,0.06133453209809306
real_busq_0511,d_ln_pob_extranj,0.12549458856846718,0.20032425013266242,0.5310150368843887
real_busq_0512,ect_l1,-0.15550540269168703,0.04074354411556654,0.00013525493433913548
real_busq_0512,d_tipo_hip_l1,-0.007002028069692907,0.004323410120640369,0.10532653087596656
real_busq_0512,d_ln_permisos_l4,0.011186860098099844,0.01766605660974794,0.5265766913318191
real_busq_0512,d_ln_renta_hog_real,0.09779611830565335,0.09010729290396349,0.2777756702728691
real_busq_0512,d_ln_pob_extranj,0.18049370547196916,0.20401029595000042,0.3763031272012016
real_busq_0512,d_ln_credito_nuevo,0.041288361764248147,0.016978985343175386,0.015026773036575772
real_busq_0513,ect_l1,-0.1611510059711755,0.036317317295061255,9.109226816501879e-06
real_busq_0513,d_tipo_hip_l1,-0.008599423706756065,0.0034754319744729058,0.013348008490669784
real_busq_0513,d_ln_permisos_l4,0.013093971537732443,0.017194566271558083,0.4463477380683214
real_busq_0513,d_ln_renta_hog_real,0.11857159518924514,0.08846491729594169,0.1801402401090766
real_busq_0513,d_ln_pob_extranj,0.04443975792779476,0.15406851817544925,0.7730087874137944
real_busq_0513,d_ln_ipv_real_l1,0.19403398874935257,0.0844290755889385,0.021551023747804224
real_busq_0514,ect_l1,-0.1191117359696734,0.035231643750360614,0.0007227068892258502
real_busq_0514,d_tipo_hip_l1,-0.003294266659178744,0.004200529982632589,0.4328932892448344
real_busq_0514,d_ln_permisos_l4,0.006122035880356752,0.01392744847825018,0.6602513111105152
real_busq_0514,d_ln_renta_hog_real,0.04887163587066186,0.08691622325414318,0.5739222697670059
real_busq_0514,d_ln_pob_extranj,0.06566732185836795,0.11807821067782291,0.578119171236563
real_busq_0514,d_ln_ipv_real_l1,0.2984961019032339,0.11583259417481646,0.00996731356220405
real_busq_0514,d_ln_credito_nuevo,0.04869482505247855,0.020038770628067956,0.015097549699160577
real_busq_0515,ect_l1,-0.1623183873982601,0.037991459873348093,1.932964046033264e-05
real_busq_0515,d_tipo_hip_l1,-0.01103717442147543,0.003969767452361876,0.005430743841753948
real_busq_0515,d_ln_permisos_l4,0.00410793487787821,0.01803270541648494,0.8197980800053011
real_busq_0515,d_ln_renta_hog_real,0.10475593159125736,0.07537794459832868,0.16460709057802936
real_busq_0515,d_ln_pob_extranj,-0.21057211963650257,0.15181293635907636,0.16542654450176175
real_busq_0515,d_ln_ipv_real_l4,0.4632135423487765,0.15735488264126868,0.003242611054357358
real_busq_0516,ect_l1,-0.14353335273812382,0.03597866984452509,6.62402706530146e-05
real_busq_0516,d_tipo_hip_l1,-0.008029902663622714,0.003913763275635075,0.04019796828742586
real_busq_0516,d_ln_permisos_l4,0.001944881371684842,0.01616840793836215,0.9042542298572585
real_busq_0516,d_ln_renta_hog_real,0.07179318857031723,0.08007627751802865,0.36995374240113965
real_busq_0516,d_ln_pob_extranj,-0.11800572091905552,0.14291106941543502,0.40895820901964375
real_busq_0516,d_ln_ipv_real_l4,0.3978142317840088,0.11743376375882451,0.0007051661050114874
real_busq_0516,d_ln_credito_nuevo,0.03387085309594831,0.014555384852496708,0.019963537401230677
real_busq_0517,ect_l1,-0.1838110917758718,0.04230877217578373,1.3958375980433525e-05
real_busq_0517,d_tipo_hip_l1,-0.010432562719694382,0.004052893430616856,0.010050052284260345
real_busq_0517,d_ln_permisos_l4,0.019539357555430355,0.018205886382611475,0.28316167264896497
real_busq_0517,d_ln_renta_hog_real,0.14819628480089556,0.07491306357465485,0.047901237974864064
real_busq_0517,d_ln_pob_extranj4,0.03393022672983822,0.1876409322022742,0.8565047086466586
real_busq_0518,ect_l1,-0.15743404925461837,0.04153144770386949,0.0001502118007744096
real_busq_0518,d_tipo_hip_l1,-0.00696131168895026,0.004160199017472932,0.09426585583950414
real_busq_0518,d_ln_permisos_l4,0.015993927872581602,0.01561491948466185,0.30570672669170373
real_busq_0518,d_ln_renta_hog_real,0.1024970318793913,0.08840956518791339,0.24631630246826974
real_busq_0518,d_ln_pob_extranj4,0.08641192804630132,0.18679698191833216,0.6436524741551708
real_busq_0518,d_ln_credito_nuevo,0.04080909367836105,0.017020417345319824,0.01650038516840426
real_busq_0519,ect_l1,-0.16173888199867686,0.035142107198417184,4.176017157189089e-06
real_busq_0519,d_tipo_hip_l1,-0.008407659564516537,0.003381289810467556,0.012899772891870399
real_busq_0519,d_ln_permisos_l4,0.014479568982875122,0.015968689543804645,0.36454034964705684
real_busq_0519,d_ln_renta_hog_real,0.1190201817063782,0.0883228875308547,0.1778007033439596
real_busq_0519,d_ln_pob_extranj4,-0.006708882263528045,0.14207121905386152,0.9623363207810234
real_busq_0519,d_ln_ipv_real_l1,0.20089641801793678,0.08153487514700668,0.013742203898923753
real_busq_0520,ect_l1,-0.11878710532754234,0.03525512198435707,0.0007534367162457444
real_busq_0520,d_tipo_hip_l1,-0.0032119744702864615,0.0042030956799751435,0.4447524963798094
real_busq_0520,d_ln_permisos_l4,0.0076195571128911425,0.013141824268578775,0.5620532233317932
real_busq_0520,d_ln_renta_hog_real,0.04931118858445936,0.0867223449650028,0.5696208681544155
real_busq_0520,d_ln_pob_extranj4,0.034848397733235864,0.11242091627198979,0.7565750689030799
real_busq_0520,d_ln_ipv_real_l1,0.3052053140675615,0.11542691713763402,0.008189796630399747
real_busq_0520,d_ln_credito_nuevo,0.048721903307443984,0.020315609135703638,0.0164736314483834
real_busq_0521,ect_l1,-0.1652677617182952,0.03796960076766737,1.3451182420820464e-05
real_busq_0521,d_tipo_hip_l1,-0.010582982765192765,0.0038817807331926013,0.006404455806237948
real_busq_0521,d_ln_permisos_l4,0.00037860848368032437,0.016031485828343687,0.9811584660137314
real_busq_0521,d_ln_renta_hog_real,0.10157123126917203,0.07675190367372699,0.18571208396270378
real_busq_0521,d_ln_pob_extranj4,-0.24884827143422936,0.1373919757732833,0.07010547785789237
real_busq_0521,d_ln_ipv_real_l4,0.46908674027960967,0.15223186413463988,0.0020603205895368777
real_busq_0522,ect_l1,-0.14609378166282846,0.03613580192480878,5.2791971284792446e-05
real_busq_0522,d_tipo_hip_l1,-0.007728208860144757,0.0038607963344749812,0.04531553365043743
real_busq_0522,d_ln_permisos_l4,-6.612692774069843e-05,0.014364228818755966,0.9963268847216822
real_busq_0522,d_ln_renta_hog_real,0.07020641100341342,0.0807555411683878,0.384645015543574
real_busq_0522,d_ln_pob_extranj4,-0.16979990590700997,0.1249651991940423,0.17421709260595097
real_busq_0522,d_ln_ipv_real_l4,0.409072726137638,0.11593483463162461,0.0004179674108925296
real_busq_0522,d_ln_credito_nuevo,0.03333535564541279,0.014484432969852362,0.021365594951203926
real_busq_0523,ect_l1,-0.18486431489826682,0.04455145512746953,3.3326594154684734e-05
real_busq_0523,d_tipo_hip_l1,-0.010570719428775304,0.004190574770305491,0.011652437940800833
real_busq_0523,d_ln_permisos_l4,0.01801367111763094,0.01924724304748343,0.3493199593647265
real_busq_0523,d_ln_renta_hog_real,0.14618109230058202,0.07743067843528359,0.05903987167837534
real_busq_0523,d_ln_pob_total,0.7955499410727884,2.105224656642507,0.705509983969235
real_busq_0524,ect_l1,-0.15967294023367656,0.0419857302951825,0.0001429377485410088
real_busq_0524,d_tipo_hip_l1,-0.007051173304996389,0.00425790990962307,0.09771827581628509
real_busq_0524,d_ln_permisos_l4,0.013406976445987815,0.0177204707114131,0.4493007589828989
real_busq_0524,d_ln_renta_hog_real,0.09809686566267029,0.09080762928147028,0.2800214354609385
real_busq_0524,d_ln_pob_total,1.4889008990602741,2.144844878433591,0.4875715315512218
real_busq_0524,d_ln_credito_nuevo,0.04170787924394423,0.01730461085400259,0.0159430044669102
real_busq_0525,ect_l1,-0.1618628055292227,0.03801481368167184,2.0636761402707295e-05
real_busq_0525,d_tipo_hip_l1,-0.00853360833354971,0.003390741231598862,0.011844677011326637
real_busq_0525,d_ln_permisos_l4,0.013962842366261356,0.016353421551902007,0.3932059518436204
real_busq_0525,d_ln_renta_hog_real,0.11876654541545102,0.08887961204842491,0.18146329479348944
real_busq_0525,d_ln_pob_total,0.20361125035499497,1.652235876885047,0.9019219874985125
real_busq_0525,d_ln_ipv_real_l1,0.19750173499134815,0.08379617260118975,0.01842670703919694
real_busq_0526,ect_l1,-0.12049999499790472,0.035658510455408986,0.0007267666154036333
real_busq_0526,d_tipo_hip_l1,-0.0033561714289438885,0.0040600297240989125,0.40844275022475607
real_busq_0526,d_ln_permisos_l4,0.0064783613664045085,0.014183717271371006,0.6478533578658436
real_busq_0526,d_ln_renta_hog_real,0.048245093100747774,0.08746023262604362,0.5812065402531277
real_busq_0526,d_ln_pob_total,0.7157838149498514,1.3260784864767003,0.5893523140273859
real_busq_0526,d_ln_ipv_real_l1,0.2984713346556614,0.11163303974427827,0.007502338300743754
real_busq_0526,d_ln_credito_nuevo,0.04901303618756712,0.020228913667752348,0.015396323756645776
real_busq_0527,ect_l1,-0.1583711714028054,0.039581221777934786,6.303022590665726e-05
real_busq_0527,d_tipo_hip_l1,-0.011000893425699763,0.004017348863232777,0.006174896820806857
real_busq_0527,d_ln_permisos_l4,0.0016189516597258284,0.01696288571321504,0.9239646972864574
real_busq_0527,d_ln_renta_hog_real,0.10500495393951874,0.07652785684441743,0.17002791048437882
real_busq_0527,d_ln_pob_total,-1.3804648616768223,1.3860036736939114,0.3192483213339603
real_busq_0527,d_ln_ipv_real_l4,0.4422690479449182,0.14755261670995493,0.002723244497858535
real_busq_0528,ect_l1,-0.14143492092302296,0.03697809269100707,0.00013086231561487956
real_busq_0528,d_tipo_hip_l1,-0.008042797530350131,0.003961485128866301,0.042331330039200164
real_busq_0528,d_ln_permisos_l4,0.0001765050470325237,0.015714269453854117,0.9910382285875322
real_busq_0528,d_ln_renta_hog_real,0.07133213718547898,0.08108634634586696,0.3790186530558679
real_busq_0528,d_ln_pob_total,-0.49812399358497816,1.4474622907237102,0.7307439528736479
real_busq_0528,d_ln_ipv_real_l4,0.3789095301174112,0.10886573602541263,0.0005004387385595952
real_busq_0528,d_ln_credito_nuevo,0.03432419405107709,0.015072867179395702,0.022773251957956157
real_busq_0529,ect_l1,-0.18665441656278928,0.04663747503548028,6.274532704104699e-05
real_busq_0529,d_tipo_hip_l1,-0.010364729641000088,0.0039015021131489015,0.007893308929921383
real_busq_0529,d_ln_permisos_l4,0.021668582366367223,0.01691185199606339,0.20010022168759667
real_busq_0529,d_ln_costes,0.019553074742941774,0.09981336445948386,0.8446912866381839
real_busq_0530,ect_l1,-0.16125606162259876,0.04375561493210073,0.00022836179474390556
real_busq_0530,d_tipo_hip_l1,-0.006584604011560678,0.003947330335228297,0.09529274570613153
real_busq_0530,d_ln_permisos_l4,0.01856696737880005,0.014110663816314746,0.1882374693737674
real_busq_0530,d_ln_costes,0.052015533893344214,0.09110917912099224,0.5680577320212954
real_busq_0530,d_ln_credito_nuevo,0.04235157585798161,0.014929644693620894,0.0045576178597611615
real_busq_0531,ect_l1,-0.15839840358085533,0.037637294475599006,2.570156309842804e-05
real_busq_0531,d_tipo_hip_l1,-0.008125867462572177,0.0035248437920578518,0.021149061964131247
real_busq_0531,d_ln_permisos_l4,0.01434108469574852,0.01538216281750504,0.3511716228883739
real_busq_0531,d_ln_costes,-0.042655639012281664,0.09989811368212874,0.6693855654235512
real_busq_0531,d_ln_ipv_real_l1,0.23096242458850996,0.08682539904437371,0.007812231472637442
real_busq_0532,ect_l1,-0.1171746560255405,0.0351898841691136,0.0008691388653924171
real_busq_0532,d_tipo_hip_l1,-0.0027925995688292105,0.004171225380746089,0.5031820573563683
real_busq_0532,d_ln_permisos_l4,0.007725425442739432,0.012911896046119427,0.5496274777784985
real_busq_0532,d_ln_costes,-0.03007437582527976,0.07233905390125851,0.677598876326881
real_busq_0532,d_ln_ipv_real_l1,0.325176531797941,0.11202938110599478,0.0037007845730766533
real_busq_0532,d_ln_credito_nuevo,0.04952047823087207,0.0185233400407615,0.007508447209412771
real_busq_0533,ect_l1,-0.16015037203335664,0.03947491795038741,4.970368729031843e-05
real_busq_0533,d_tipo_hip_l1,-0.01143453299409694,0.00414277007875805,0.005778054151912617
real_busq_0533,d_ln_permisos_l4,5.805713203074698e-05,0.01724290621054691,0.9973135154131884
real_busq_0533,d_ln_costes,-0.0050378820573815045,0.075165850623195,0.9465629561173516
real_busq_0533,d_ln_ipv_real_l4,0.42310135899835366,0.14548147328986633,0.003634187900384634
real_busq_0534,ect_l1,-0.14162113175712276,0.03661149388080051,0.00010963495441103474
real_busq_0534,d_tipo_hip_l1,-0.00807522075237598,0.003894671958570824,0.038134880010387576
real_busq_0534,d_ln_permisos_l4,-5.704640581517741e-07,0.014557596157733398,0.9999687335423071
real_busq_0534,d_ln_costes,0.02565862404493227,0.07047692737654812,0.7158047943239771
real_busq_0534,d_ln_ipv_real_l4,0.3723459226142103,0.11591689967756097,0.001317319069441545
real_busq_0534,d_ln_credito_nuevo,0.036199065556691515,0.013119983488934606,0.005796459304928971
real_busq_0535,ect_l1,-0.18268399981667016,0.04316108220177097,2.309955443090813e-05
real_busq_0535,d_tipo_hip_l1,-0.01066211534446215,0.004026336307849315,0.008094711360697074
real_busq_0535,d_ln_permisos_l4,0.016787385348937957,0.020042306501609798,0.4022568105959513
real_busq_0535,d_ln_costes,0.0006149678758762155,0.09708763395368919,0.9949461113377814
real_busq_0535,d_ln_pob_extranj,0.14057253887630966,0.20759110526397234,0.4983039974170367
real_busq_0536,ect_l1,-0.15566568883325485,0.04073814567281405,0.0001328424172417795
real_busq_0536,d_tipo_hip_l1,-0.006908364388027813,0.004023126307606367,0.08594935987952007
real_busq_0536,d_ln_permisos_l4,0.012164176163856504,0.01737281812737435,0.4838121552509117
real_busq_0536,d_ln_costes,0.02791751530685793,0.0809775599216433,0.7302776687990196
real_busq_0536,d_ln_pob_extranj,0.182899915871872,0.1987930182467271,0.3575455812459296
real_busq_0536,d_ln_credito_nuevo,0.04305931940424801,0.015234795754797942,0.004707740466921448
real_busq_0537,ect_l1,-0.15755608600219864,0.03683579712485463,1.892122821383956e-05
real_busq_0537,d_tipo_hip_l1,-0.008328480713713704,0.0032704936119661255,0.010879312856962533
real_busq_0537,d_ln_permisos_l4,0.012427441820568246,0.01736430893267537,0.47418351388479163
real_busq_0537,d_ln_costes,-0.04899805868837515,0.1004809883421464,0.6258083156768779
real_busq_0537,d_ln_pob_extranj,0.061870854587563834,0.1536505017302524,0.6871890571601442
real_busq_0537,d_ln_ipv_real_l1,0.22356338559625946,0.09013506551467448,0.013126623629191128
real_busq_0538,ect_l1,-0.11602774671416966,0.03497447822434681,0.0009082770393688265
real_busq_0538,d_tipo_hip_l1,-0.003037526518263182,0.003905182594522526,0.43667552932394005
real_busq_0538,d_ln_permisos_l4,0.005296463171607141,0.01382619176772837,0.7016644364634133
real_busq_0538,d_ln_costes,-0.03805468274580923,0.07262949697021544,0.6003089326046587
real_busq_0538,d_ln_pob_extranj,0.07809771079033542,0.11535609821164775,0.49839697650699577
real_busq_0538,d_ln_ipv_real_l1,0.3160281871796377,0.11119405908852975,0.004481294116298168
real_busq_0538,d_ln_credito_nuevo,0.04962099647512905,0.01829949314326437,0.006695833752664814
real_busq_0539,ect_l1,-0.1628826455221928,0.03878629327594424,2.6751700316403255e-05
real_busq_0539,d_tipo_hip_l1,-0.011111847005644711,0.003914712093048829,0.004532841488780218
real_busq_0539,d_ln_permisos_l4,0.004832126233708389,0.017757812452888915,0.7855353672418073
real_busq_0539,d_ln_costes,0.021125491511549365,0.07442064196419572,0.7765130571202697
real_busq_0539,d_ln_pob_extranj,-0.21774170756179617,0.15565818855590927,0.16185941314495678
real_busq_0539,d_ln_ipv_real_l4,0.47766123551839834,0.15306964661553651,0.001805146520271326
real_busq_0540,ect_l1,-0.14379301455688231,0.03592580040148639,6.267667929381616e-05
real_busq_0540,d_tipo_hip_l1,-0.0079817065588257,0.0038039145403911314,0.03587975078587875
real_busq_0540,d_ln_permisos_l4,0.0028448589490459655,0.015517275795249804,0.8545352146464853
real_busq_0540,d_ln_costes,0.040341159401583934,0.06955801522827985,0.561938752897951
real_busq_0540,d_ln_pob_extranj,-0.1296993388744542,0.1421031828666535,0.3613938139400814
real_busq_0540,d_ln_ipv_real_l4,0.40633607122098314,0.11785290236184799,0.0005651220474800823
real_busq_0540,d_ln_credito_nuevo,0.035135544218804625,0.013243178863158333,0.00797550539297843
real_busq_0541,ect_l1,-0.18527418165780354,0.043575472889838616,2.1205950338481105e-05
real_busq_0541,d_tipo_hip_l1,-0.010504013825659837,0.0037464270863760483,0.005051335613355063
real_busq_0541,d_ln_permisos_l4,0.021094733317839502,0.017825626204419364,0.2366531625401822
real_busq_0541,d_ln_costes,0.016120567244066433,0.09711073499677313,0.868155449066927
real_busq_0541,d_ln_pob_extranj4,0.037547505624847204,0.19134167375687833,0.8444279841260516
real_busq_0542,ect_l1,-0.15791610822710564,0.041500797910449694,0.000141727289280052
real_busq_0542,d_tipo_hip_l1,-0.0068591375088587975,0.003853538732537852,0.07508281692205647
real_busq_0542,d_ln_permisos_l4,0.017251842016676233,0.014976457507052506,0.24934952863322646
real_busq_0542,d_ln_costes,0.044651801764317996,0.08440983101709927,0.5968136586748807
real_busq_0542,d_ln_pob_extranj4,0.08404992879140649,0.18107246159373525,0.642519922292029
real_busq_0542,d_ln_credito_nuevo,0.0427689552203806,0.015396244116479614,0.005471442037662342
real_busq_0543,ect_l1,-0.1583384224618911,0.035838214629278095,9.955170891574838e-06
real_busq_0543,d_tipo_hip_l1,-0.008134651268475446,0.0031979461183892794,0.010968173630858294
real_busq_0543,d_ln_permisos_l4,0.014313775375988227,0.015955544812813607,0.36966368191091925
real_busq_0543,d_ln_costes,-0.04280913090667012,0.1002407976407048,0.6693334767321384
real_busq_0543,d_ln_pob_extranj4,0.0020440957950704323,0.14101785328164648,0.9884348305884454
real_busq_0543,d_ln_ipv_real_l1,0.23083851430393837,0.08657595977454803,0.007668850133344688
real_busq_0544,ect_l1,-0.11581319244185528,0.03499144241141112,0.0009337679902106293
real_busq_0544,d_tipo_hip_l1,-0.002955535096151317,0.003915792502509316,0.4503850985191923
real_busq_0544,d_ln_permisos_l4,0.007144504387215837,0.01309993490980042,0.5854889444328377
real_busq_0544,d_ln_costes,-0.0331799460185518,0.07247005275861325,0.6470648472360621
real_busq_0544,d_ln_pob_extranj4,0.04189475997793464,0.10870374046062588,0.6999387764779446
real_busq_0544,d_ln_ipv_real_l1,0.3229388819176932,0.10953547082858718,0.0031956972879585055
real_busq_0544,d_ln_credito_nuevo,0.04967918969048243,0.018579019213049698,0.007496577768387627
real_busq_0545,ect_l1,-0.16578428732019143,0.038952205866611474,2.0802837369469586e-05
real_busq_0545,d_tipo_hip_l1,-0.010637722593553264,0.00391340187217957,0.006562225139689249
real_busq_0545,d_ln_permisos_l4,0.0008939070101932754,0.015798138657107292,0.9548773299587715
real_busq_0545,d_ln_costes,0.014850868255019948,0.07012380033803718,0.8322781180186583
real_busq_0545,d_ln_pob_extranj4,-0.2558217406905597,0.13819714036992348,0.06414994951462434
real_busq_0545,d_ln_ipv_real_l4,0.483284556209887,0.14722807136415178,0.0010287013660251645
real_busq_0546,ect_l1,-0.14635635728684038,0.036254398188811994,5.415592140758774e-05
real_busq_0546,d_tipo_hip_l1,-0.007671415835200295,0.003820557398443377,0.04465061893636657
real_busq_0546,d_ln_permisos_l4,0.000582319258587156,0.013720634499789863,0.9661470393562818
real_busq_0546,d_ln_costes,0.03810129731777653,0.06714229819973509,0.5703943229303834
real_busq_0546,d_ln_pob_extranj4,-0.1776024111489298,0.12343400575084734,0.15019442241591488
real_busq_0546,d_ln_ipv_real_l4,0.41638456470158197,0.1147148372626086,0.0002837113318484386
real_busq_0546,d_ln_credito_nuevo,0.03458943986775644,0.013237068424526164,0.008973186053731961
real_busq_0547,ect_l1,-0.18629544740220028,0.045591995655335144,4.386021268339229e-05
real_busq_0547,d_tipo_hip_l1,-0.010649730996453286,0.0039039413503752798,0.006373054433431552
real_busq_0547,d_ln_permisos_l4,0.01928725984570867,0.01915711631894129,0.31403402749393494
real_busq_0547,d_ln_costes,0.007918025600898118,0.10001886440474753,0.9369011270755888
real_busq_0547,d_ln_pob_total,0.89266089979057,2.182285764121892,0.6825040081058182
real_busq_0548,ect_l1,-0.15993719860651529,0.042035400137544164,0.00014190642761012094
real_busq_0548,d_tipo_hip_l1,-0.006961582212837532,0.003961430200313751,0.07885976767517272
real_busq_0548,d_ln_permisos_l4,0.014446401008381453,0.01735982646561477,0.40531058193345615
real_busq_0548,d_ln_costes,0.03321521236618327,0.08314267588870614,0.6895273636161707
real_busq_0548,d_ln_pob_total,1.5120941564951562,2.099242954323218,0.4713375317901414
real_busq_0548,d_ln_credito_nuevo,0.04353682775433946,0.015611966696135066,0.005292282137476079
real_busq_0549,ect_l1,-0.15873972434910513,0.038490910767908414,3.722140945855522e-05
real_busq_0549,d_tipo_hip_l1,-0.008266283528936704,0.0032137405732551765,0.010106357602230541
real_busq_0549,d_ln_permisos_l4,0.013601952978539444,0.01638492127471351,0.4064536154753928
real_busq_0549,d_ln_costes,-0.04582668348816786,0.10155835056627609,0.6518201783020758
real_busq_0549,d_ln_pob_total,0.3228719460470133,1.6538321748866183,0.8452155968105632
real_busq_0549,d_ln_ipv_real_l1,0.2271112120735477,0.08954465165455062,0.0112033887495273
real_busq_0550,ect_l1,-0.11766421851973578,0.035608646714272094,0.0009518940037075626
real_busq_0550,d_tipo_hip_l1,-0.0030973638577625547,0.0037743612266966024,0.4118555740781581
real_busq_0550,d_ln_permisos_l4,0.005812769360306507,0.014159675361825197,0.6814276725065509
real_busq_0550,d_ln_costes,-0.0379159047103707,0.07180899786890206,0.5974920497726584
real_busq_0550,d_ln_pob_total,0.8098043183067485,1.271778908319133,0.5242881611533885
real_busq_0550,d_ln_ipv_real_l1,0.3163548388393672,0.10761655501897503,0.003285848283868084
real_busq_0550,d_ln_credito_nuevo,0.049960756995470056,0.018454477891318908,0.0067844567385389794
real_busq_0551,ect_l1,-0.15866673781398136,0.040517355124366265,9.002310749467052e-05
real_busq_0551,d_tipo_hip_l1,-0.011072622006380402,0.003963281954826181,0.005209248693182276
real_busq_0551,d_ln_permisos_l4,0.0021050500990373445,0.016979396730789114,0.9013336989711187
real_busq_0551,d_ln_costes,0.011208212388643243,0.07325763966830877,0.8784004980029643
real_busq_0551,d_ln_pob_total,-1.3918822556337165,1.4611584179449237,0.34079876228441275
real_busq_0551,d_ln_ipv_real_l4,0.4557208031881149,0.14353665488665152,0.0014986555731565196
real_busq_0552,ect_l1,-0.1413789764044053,0.037066159130136174,0.0001366064032993495
real_busq_0552,d_tipo_hip_l1,-0.007995569125660532,0.003840939701313253,0.03737261844738419
real_busq_0552,d_ln_permisos_l4,0.0007879193482093578,0.015334004940824097,0.9590196983765749
real_busq_0552,d_ln_costes,0.0313639340155593,0.06707035907395144,0.6400511056164011
real_busq_0552,d_ln_pob_total,-0.535438048821435,1.4427427775473114,0.7105443613390919
real_busq_0552,d_ln_ipv_real_l4,0.385794220749716,0.10935834543510253,0.0004190308061747701
real_busq_0552,d_ln_credito_nuevo,0.035557148694170544,0.013716718043359792,0.009535072991272387
real_busq_0553,ect_l1,-0.18516945534753712,0.045746958227585816,5.172583163771105e-05
real_busq_0553,d_tipo_hip_l1,-0.010316568014771849,0.004165492597323066,0.013261289580937734
real_busq_0553,d_ln_permisos_l4,0.020117581258783306,0.016965025571633294,0.23569072243151845
real_busq_0553,d_ln_costes,0.01063600334873596,0.08839251444607814,0.904224141114938
real_busq_0553,d_ln_renta_hog_real,0.1482320638643565,0.07464600538132529,0.04705549652374056
real_busq_0554,ect_l1,-0.16122465443367603,0.04348860792166765,0.00020949331746308075
real_busq_0554,d_tipo_hip_l1,-0.0066987375736999675,0.00415230310033898,0.10668839512857516
real_busq_0554,d_ln_permisos_l4,0.01762170178151537,0.013812993753626003,0.20204966753335818
real_busq_0554,d_ln_costes,0.04462199464479166,0.08638159812460806,0.6054575545300505
real_busq_0554,d_ln_renta_hog_real,0.10188673753469964,0.09162245300069015,0.2661260911461375
real_busq_0554,d_ln_credito_nuevo,0.04070196655124497,0.016841685800854794,0.015660222095111358
real_busq_0555,ect_l1,-0.15964464094512068,0.037927086304226254,2.5621818438350973e-05
real_busq_0555,d_tipo_hip_l1,-0.008280638189048967,0.003681831560659859,0.024509057390859765
real_busq_0555,d_ln_permisos_l4,0.013724389305746917,0.015667659401654196,0.38104670041529254
real_busq_0555,d_ln_costes,-0.04446473787078596,0.08772999585297236,0.6122697529820293
real_busq_0555,d_ln_renta_hog_real,0.11949413900961266,0.09015346014731207,0.1850210776830591
real_busq_0555,d_ln_ipv_real_l1,0.21099102234886385,0.079832213789854,0.008219181433062751
real_busq_0556,ect_l1,-0.11856378464781338,0.03548861523491425,0.0008350839614750422
real_busq_0556,d_tipo_hip_l1,-0.002969605202145772,0.004354470618382186,0.4952598268012329
real_busq_0556,d_ln_permisos_l4,0.007605594054194248,0.012830120214792603,0.5533202876027833
real_busq_0556,d_ln_costes,-0.031097969305092,0.06949004979507849,0.6545019129434317
real_busq_0556,d_ln_renta_hog_real,0.05015093208827979,0.08572505028950797,0.5585337734070942
real_busq_0556,d_ln_ipv_real_l1,0.3148152688148662,0.11287309286047764,0.005285340400148831
real_busq_0556,d_ln_credito_nuevo,0.048480077284379454,0.020172765016348775,0.016250338779766612
real_busq_0557,ect_l1,-0.1599439881025809,0.03876523377375527,3.691838162125084e-05
real_busq_0557,d_tipo_hip_l1,-0.01136656342819754,0.004275875974789355,0.007853582230412881
real_busq_0557,d_ln_permisos_l4,-0.0003503525090135443,0.017075869301004288,0.9836306286183826
real_busq_0557,d_ln_costes,-0.010550801593113794,0.06774441975705348,0.8762346424958241
real_busq_0557,d_ln_renta_hog_real,0.10462607167309534,0.0774773755549066,0.17688512996181294
real_busq_0557,d_ln_ipv_real_l4,0.409664104906296,0.14864247555880522,0.005850644752640319
real_busq_0558,ect_l1,-0.1419953973242711,0.03644188599730398,9.759735531452045e-05
real_busq_0558,d_tipo_hip_l1,-0.00812283299115884,0.004014122341320152,0.043015044345594326
real_busq_0558,d_ln_permisos_l4,-0.00026952806234663843,0.014384938810216021,0.9850510523448591
real_busq_0558,d_ln_costes,0.02115973051804844,0.06811277462371687,0.7560611633333152
real_busq_0558,d_ln_renta_hog_real,0.06931554964365742,0.08215886818017042,0.39884990831881306
real_busq_0558,d_ln_ipv_real_l4,0.36484336735425493,0.11597783952107124,0.0016563186180967515
real_busq_0558,d_ln_credito_nuevo,0.035200773458755,0.014635871515291334,0.01616792336715237
real_busq_0559,ect_l1,-0.1815917603592163,0.04254448089971703,1.9698590067143808e-05
real_busq_0559,d_tipo_hip_l1,-0.01058789314356666,0.004317865738408731,0.01420201980701471
real_busq_0559,d_ln_permisos_l4,0.01571341389087146,0.019726058828351715,0.42569411460810236
real_busq_0559,d_ln_costes,-0.006390297557203309,0.08655464716995089,0.9411459501928475
real_busq_0559,d_ln_renta_hog_real,0.14511237259119422,0.07772618246057776,0.0619059180309509
real_busq_0559,d_ln_pob_extranj,0.12777472532918374,0.20100546570227273,0.5249864064198315
real_busq_0560,ect_l1,-0.15594508933873544,0.04072908675226406,0.0001287495349754077
real_busq_0560,d_tipo_hip_l1,-0.00699890520305073,0.00426096717393927,0.10047346986179076
real_busq_0560,d_ln_permisos_l4,0.011620164137968616,0.016915178554163697,0.4921037225487205
real_busq_0560,d_ln_costes,0.02222516895833854,0.07704548940564461,0.772988415683335
real_busq_0560,d_ln_renta_hog_real,0.09681333399951408,0.09193084339708119,0.29229036332246994
real_busq_0560,d_ln_pob_extranj,0.1727824040527626,0.1970033957059757,0.38045789319155743
real_busq_0560,d_ln_credito_nuevo,0.04145270124550782,0.017183277882378487,0.01584848709871634
real_busq_0561,ect_l1,-0.1588469270681081,0.0371240341633002,1.8788974365992303e-05
real_busq_0561,d_tipo_hip_l1,-0.00847068046104265,0.0034799447387875615,0.01492712815612996
real_busq_0561,d_ln_permisos_l4,0.011926052466599188,0.01746990033525131,0.4948198910363192
real_busq_0561,d_ln_costes,-0.050425948309807594,0.08851686095279042,0.568897340425333
real_busq_0561,d_ln_renta_hog_real,0.11900992840081004,0.09062987894180538,0.18913499984528936
real_busq_0561,d_ln_pob_extranj,0.05822363774739025,0.15450162439464243,0.7062865209543183
real_busq_0561,d_ln_ipv_real_l1,0.20410907585378887,0.08245701258745602,0.013310968606870963
real_busq_0562,ect_l1,-0.11742190656127828,0.03523009281146231,0.000859148790892094
real_busq_0562,d_tipo_hip_l1,-0.0032059191617601407,0.0041025186380035375,0.4345370174697796
real_busq_0562,d_ln_permisos_l4,0.0052360168974331925,0.01375788882648845,0.7035127897038693
real_busq_0562,d_ln_costes,-0.038873142575864834,0.06958758882816486,0.5764198741042277
real_busq_0562,d_ln_renta_hog_real,0.049352752278197146,0.08546758600517995,0.5636394984510773
real_busq_0562,d_ln_pob_extranj,0.07624963973125193,0.11775931661831426,0.5173057450976666
real_busq_0562,d_ln_ipv_real_l1,0.30604831196678656,0.11061829098104595,0.00566257609956108
real_busq_0562,d_ln_credito_nuevo,0.04859477546384365,0.019956596526503233,0.01489083507331222
real_busq_0563,ect_l1,-0.16266412615361042,0.038059236101460045,1.920207818561335e-05
real_busq_0563,d_tipo_hip_l1,-0.01104574813329967,0.003944292568267078,0.005103325595937241
real_busq_0563,d_ln_permisos_l4,0.004402738926031736,0.017610043128953777,0.8025773298298366
real_busq_0563,d_ln_costes,0.015513121793431908,0.06710291548837655,0.817171843535059
real_busq_0563,d_ln_renta_hog_real,0.10413040630068021,0.07588770781699107,0.17001228464069118
real_busq_0563,d_ln_pob_extranj,-0.21669668541957768,0.1549433020242604,0.16194655455025642
real_busq_0563,d_ln_ipv_real_l4,0.46402578752025964,0.15792481970172847,0.0033004926348994155
real_busq_0564,ect_l1,-0.14420278813327841,0.03581788589944831,5.673382660259527e-05
real_busq_0564,d_tipo_hip_l1,-0.008028518719211983,0.0038752707372759687,0.03829052984040692
real_busq_0564,d_ln_permisos_l4,0.0026137378924503685,0.015319395200969574,0.8645255129063925
real_busq_0564,d_ln_costes,0.03600192592750862,0.06707854987684846,0.5914659141346745
real_busq_0564,d_ln_renta_hog_real,0.0701082422404598,0.08274145248606685,0.3968184337268209
real_busq_0564,d_ln_pob_extranj,-0.13156419045462328,0.14166758381916458,0.3530537091706044
real_busq_0564,d_ln_ipv_real_l4,0.3992364361365334,0.11800300377234169,0.0007162726137295446
real_busq_0564,d_ln_credito_nuevo,0.03411054406027619,0.014759131488610744,0.020824655873311147
real_busq_0565,ect_l1,-0.18398686627441205,0.042801382327791467,1.718650566175339e-05
real_busq_0565,d_tipo_hip_l1,-0.010436401157818647,0.004007477118476248,0.009208033572134027
real_busq_0565,d_ln_permisos_l4,0.01962823528516167,0.01781157154955774,0.27046451668573457
real_busq_0565,d_ln_costes,0.00770805627823853,0.08608336494177328,0.9286513646347283
real_busq_0565,d_ln_renta_hog_real,0.14786220665497335,0.07553159002800419,0.050274532657111494
real_busq_0565,d_ln_pob_extranj4,0.032271600475223566,0.18549071760472996,0.8618814961596402
real_busq_0566,ect_l1,-0.15809911317216999,0.04148373614672909,0.00013834375984458469
real_busq_0566,d_tipo_hip_l1,-0.0069541453134791585,0.0040626139246037465,0.0869442961907281
real_busq_0566,d_ln_permisos_l4,0.016403561519867344,0.014635309214749178,0.2623640747190561
real_busq_0566,d_ln_costes,0.0378295888204591,0.08001502866099797,0.6363693990979844
real_busq_0566,d_ln_renta_hog_real,0.10051509052013925,0.09147810297488547,0.2718603153058061
real_busq_0566,d_ln_pob_extranj4,0.07866488755998086,0.17949959267968768,0.6612083333670103
real_busq_0566,d_ln_credito_nuevo,0.04111481241879061,0.01734727807958426,0.017783195297805105
real_busq_0567,ect_l1,-0.15961993869610094,0.03613578809373518,9.997573404374317e-06
real_busq_0567,d_tipo_hip_l1,-0.008284247874996698,0.0033499216480951154,0.01339962707582165
real_busq_0567,d_ln_permisos_l4,0.013713169726584,0.01621057851341766,0.3975864596569967
real_busq_0567,d_ln_costes,-0.04452783569107742,0.08795710061923186,0.6126847217371922
real_busq_0567,d_ln_renta_hog_real,0.11949138197415157,0.09034382202263568,0.18595870060764885
real_busq_0567,d_ln_pob_extranj4,0.0008408477288612826,0.14139362899106483,0.9952551223754041
real_busq_0567,d_ln_ipv_real_l1,0.21094051210370954,0.07946368065644537,0.007941368111556563
real_busq_0568,ect_l1,-0.11723559929115587,0.03536679616225938,0.0009169254421129697
real_busq_0568,d_tipo_hip_l1,-0.0031260697149428284,0.004098762379323149,0.44565053183409764
real_busq_0568,d_ln_permisos_l4,0.0070440380776514485,0.01302699939063908,0.588696412259879
real_busq_0568,d_ln_costes,-0.0340972385082213,0.06932889318755565,0.6228475933231362
real_busq_0568,d_ln_renta_hog_real,0.049787365949829174,0.0855922252441254,0.5607816129039263
real_busq_0568,d_ln_pob_extranj4,0.0405608422008313,0.11097230432553266,0.7147350797152565
real_busq_0568,d_ln_ipv_real_l1,0.3127239784461116,0.10989485308548774,0.00443187398473096
real_busq_0568,d_ln_credito_nuevo,0.048641277737747575,0.020252090356577015,0.016315050208767175
real_busq_0569,ect_l1,-0.1654748158597856,0.038188870505143684,1.4704841159303684e-05
real_busq_0569,d_tipo_hip_l1,-0.010587539935868905,0.003872959502214834,0.006262557628412764
real_busq_0569,d_ln_permisos_l4,0.000482673838482156,0.015722397614331165,0.9755089823071744
real_busq_0569,d_ln_costes,0.009131958552200526,0.06293651298533326,0.8846335426218473
real_busq_0569,d_ln_renta_hog_real,0.10117244448389529,0.07726233773881934,0.19037637167124832
real_busq_0569,d_ln_pob_extranj4,-0.25083145682707164,0.13868027974929045,0.07049713559934205
real_busq_0569,d_ln_ipv_real_l4,0.4691168692986498,0.1521698832786703,0.00205028722512733
real_busq_0570,ect_l1,-0.1466948690467977,0.03610351980805337,4.840999569989018e-05
real_busq_0570,d_tipo_hip_l1,-0.007721116342521761,0.003849838347093258,0.044902254933905435
real_busq_0570,d_ln_permisos_l4,0.0003127660295924849,0.01358593040872393,0.9816332678367454
real_busq_0570,d_ln_costes,0.03357468075051044,0.06468838673307392,0.6037455625687513
real_busq_0570,d_ln_renta_hog_real,0.06847821885718128,0.08349429284483843,0.4121280443248836
real_busq_0570,d_ln_pob_extranj4,-0.1764309780045032,0.12365685567901953,0.15364366878001795
real_busq_0570,d_ln_ipv_real_l4,0.40868216933588875,0.11516895016373113,0.00038736622284497613
real_busq_0570,d_ln_credito_nuevo,0.033613823920961614,0.014726449105744853,0.02245701912944219
real_busq_0571,ect_l1,-0.18487064754309723,0.04488616427526894,3.8108936352506634e-05
real_busq_0571,d_tipo_hip_l1,-0.010570913094649569,0.0041696679762924455,0.011238538626725001
real_busq_0571,d_ln_permisos_l4,0.018019640618114296,0.018980762469903503,0.34243583381701825
real_busq_0571,d_ln_costes,0.0004042142344337709,0.08982823634721536,0.9964096455456977
real_busq_0571,d_ln_renta_hog_real,0.14616544714668678,0.07766464415974558,0.059834989718678476
real_busq_0571,d_ln_pob_total,0.7945384087642838,2.1287699565816367,0.7089711178847952
real_busq_0572,ect_l1,-0.15998435507426073,0.041947341861390625,0.00013677251384950888
real_busq_0572,d_tipo_hip_l1,-0.00704802926721473,0.004176467612018985,0.09149620223483129
real_busq_0572,d_ln_permisos_l4,0.013788728934691222,0.01688865986120372,0.4142433988430606
real_busq_0572,d_ln_costes,0.027287061869288372,0.07969093077951062,0.7320415116686367
real_busq_0572,d_ln_renta_hog_real,0.09681914960293052,0.09292510022179651,0.29745561071629745
real_busq_0572,d_ln_pob_total,1.423810853831237,2.0998649732751984,0.4977407738465759
real_busq_0572,d_ln_credito_nuevo,0.041900065145653205,0.017543510445214516,0.016924157789438603
real_busq_0573,ect_l1,-0.15995018506135197,0.03876939506298153,3.6963815590466994e-05
real_busq_0573,d_tipo_hip_l1,-0.008407209666607407,0.003376981943848608,0.012790020932157677
real_busq_0573,d_ln_permisos_l4,0.0130576504284729,0.01662361464720866,0.4321674819496737
real_busq_0573,d_ln_costes,-0.04732724253628231,0.08995275255964305,0.5987947900519073
real_busq_0573,d_ln_renta_hog_real,0.11920248746848232,0.09091074970835765,0.18978904152270148
real_busq_0573,d_ln_pob_total,0.29190637353169013,1.6622047318806363,0.8605972256901002
real_busq_0573,d_ln_ipv_real_l1,0.2075579113622037,0.08140923928324358,0.010785829890736216
real_busq_0574,ect_l1,-0.1189997452382999,0.03577907430880127,0.0008811479134223369
real_busq_0574,d_tipo_hip_l1,-0.0032607684474890964,0.00396264873944945,0.41057852591123656
real_busq_0574,d_ln_permisos_l4,0.005749812205838296,0.014098534675933708,0.6833981324539393
real_busq_0574,d_ln_costes,-0.0386910251272395,0.0691863490097509,0.5760053219221068
real_busq_0574,d_ln_renta_hog_real,0.04870950719787311,0.08591144633116535,0.5707322351981365
real_busq_0574,d_ln_pob_total,0.7871824244354708,1.3068008193129663,0.5469254228086006
real_busq_0574,d_ln_ipv_real_l1,0.3065378106542194,0.10655535427898,0.0040173768246606
real_busq_0574,d_ln_credito_nuevo,0.04893795978629296,0.020129561608373328,0.015051031398660672
real_busq_0575,ect_l1,-0.15845657900860521,0.03961669988168163,6.341157171399324e-05
real_busq_0575,d_tipo_hip_l1,-0.011003706243034895,0.004006150213215584,0.0060197554007520495
real_busq_0575,d_ln_permisos_l4,0.0017008508975417812,0.016861738192822856,0.91965331135867
real_busq_0575,d_ln_costes,0.005725439361257621,0.06615859584645659,0.931036265076656
real_busq_0575,d_ln_renta_hog_real,0.10477668213639532,0.07684908647277318,0.1727538675705539
real_busq_0575,d_ln_pob_total,-1.3951449626313843,1.4224977327174892,0.3267055300438475
real_busq_0575,d_ln_ipv_real_l4,0.442340669151169,0.1476262972392645,0.0027322890268840754
real_busq_0576,ect_l1,-0.14174494731254714,0.03686643105757998,0.00012063888104786369
real_busq_0576,d_tipo_hip_l1,-0.0080396380465662,0.003931256898050384,0.04084939917613909
real_busq_0576,d_ln_permisos_l4,0.000556222461634353,0.015140145616070185,0.9706937097611467
real_busq_0576,d_ln_costes,0.027107091611514048,0.064910316004471,0.6762334722174268
real_busq_0576,d_ln_renta_hog_real,0.07006382481879424,0.08314687073303981,0.3994234502089463
real_busq_0576,d_ln_pob_total,-0.5627122386964355,1.4351344617186168,0.6949863784629642
real_busq_0576,d_ln_ipv_real_l4,0.3788957044896864,0.10871055289305913,0.0004914703993352078
real_busq_0576,d_ln_credito_nuevo,0.034515381817103126,0.01526351805478055,0.023740733110962753
real_busq_0577,ect_l1,-0.17250818999483533,0.04227408402575758,4.4898743666394486e-05
real_busq_0577,d_ln_ocupados,0.5265118526367071,0.1836550029537929,0.004145758388607236
real_busq_0578,ect_l1,-0.15343909450796903,0.044246545467522685,0.0005246968868666109
real_busq_0578,d_ln_ocupados,0.41934458829004184,0.22448245772991363,0.06175501926576133
real_busq_0578,d_ln_credito_nuevo,0.03795316043339468,0.014909582361432923,0.010910420614024401
real_busq_0579,ect_l1,-0.15258692461856077,0.03530886731456526,1.5497892556845562e-05
real_busq_0579,d_ln_ocupados,0.4528469096396094,0.13566371757120035,0.0008438056981645808
real_busq_0579,d_ln_ipv_real_l1,0.1700902055016317,0.07473185482351333,0.022845606029834056
real_busq_0580,ect_l1,-0.11715493470640048,0.03584920777512653,0.0010831331519112043
real_busq_0580,d_ln_ocupados,0.27767306439292244,0.17019177756390652,0.10277844390688182
real_busq_0580,d_ln_ipv_real_l1,0.2764846002571656,0.10961107193629661,0.011655214984808258
real_busq_0580,d_ln_credito_nuevo,0.04571889055854731,0.018811190392251088,0.015081783692211798
real_busq_0581,ect_l1,-0.1436550030386042,0.03676232868614221,9.319095072066286e-05
real_busq_0581,d_ln_ocupados,0.40243446968577173,0.14388244022770189,0.005158476571118993
real_busq_0581,d_ln_ipv_real_l4,0.3432518535244152,0.1259363766271903,0.006418524684579802
real_busq_0582,ect_l1,-0.12865985700032512,0.03782584596654103,0.0006704797722802551
real_busq_0582,d_ln_ocupados,0.3149807364893135,0.18572343917279577,0.08989221898126783
real_busq_0582,d_ln_ipv_real_l4,0.3145677925562493,0.10214305593868692,0.0020722402193495103
real_busq_0582,d_ln_credito_nuevo,0.0346436661881014,0.013416808105722164,0.009819845386048515
real_busq_0583,ect_l1,-0.16525429548507578,0.038514500867332865,1.7810815740991212e-05
real_busq_0583,d_ln_ocupados,0.5215534985927429,0.17833828730171236,0.0034499033014804667
real_busq_0583,d_ln_pob_extranj,0.13612709641181983,0.15885672940803997,0.3914905327472673
real_busq_0584,ect_l1,-0.14298917214548595,0.041697858056521854,0.0006054233205673919
real_busq_0584,d_ln_ocupados,0.4094009530764494,0.22100471736322075,0.06396073485548172
real_busq_0584,d_ln_pob_extranj,0.18545709146570105,0.158760883410471,0.24274482827610533
real_busq_0584,d_ln_credito_nuevo,0.03908235100451453,0.01539409266572885,0.011123693184184495
real_busq_0585,ect_l1,-0.15030046249106,0.0336694627867999,8.04437802669924e-06
real_busq_0585,d_ln_ocupados,0.4554103551341599,0.13922363224339343,0.0010714109170450216
real_busq_0585,d_ln_pob_extranj,0.06859753618788121,0.13784440522409552,0.6187344994128371
real_busq_0585,d_ln_ipv_real_l1,0.15840202715842627,0.08260116986841519,0.055152496693533226
real_busq_0586,ect_l1,-0.11433498024122093,0.035324637857201406,0.0012092375926239848
real_busq_0586,d_ln_ocupados,0.28029765691206066,0.17352437675048166,0.10624108956888566
real_busq_0586,d_ln_pob_extranj,0.08194696877047002,0.10769322691699616,0.44669909160707877
real_busq_0586,d_ln_ipv_real_l1,0.2627876935836655,0.11063387715562241,0.01753510216925694
real_busq_0586,d_ln_credito_nuevo,0.045833129847709334,0.018572721254333457,0.013595916839735912
real_busq_0587,ect_l1,-0.14897840495040937,0.03642251425283738,4.308464358571783e-05
real_busq_0587,d_ln_ocupados,0.38736825909291045,0.14017788545118354,0.005720175418006758
real_busq_0587,d_ln_pob_extranj,-0.19695289194885435,0.14135766628972526,0.16353068263452608
real_busq_0587,d_ln_ipv_real_l4,0.40477764476962763,0.14417675843033065,0.004992617949573935
real_busq_0588,ect_l1,-0.1320529300294258,0.03734049497525185,0.0004055376439440904
real_busq_0588,d_ln_ocupados,0.3092437261444468,0.1832670562360409,0.09152762196898093
real_busq_0588,d_ln_pob_extranj,-0.10902333562120137,0.12656614192620155,0.3890209909233766
real_busq_0588,d_ln_ipv_real_l4,0.3494791406879353,0.1129729349992074,0.0019782609516258856
real_busq_0588,d_ln_credito_nuevo,0.033612562856481024,0.013367691611712817,0.011921388933660496
real_busq_0589,ect_l1,-0.16769264441310186,0.03952998850649016,2.2137606511343168e-05
real_busq_0589,d_ln_ocupados,0.534770114364095,0.18953973308112643,0.004781240973621545
real_busq_0589,d_ln_pob_extranj4,0.08948200678822343,0.17598286126513302,0.6111237675710474
real_busq_0590,ect_l1,-0.145914945153726,0.04339837800770425,0.0007731816890067251
real_busq_0590,d_ln_ocupados,0.4295656669161221,0.23261680444677071,0.06479548550243384
real_busq_0590,d_ln_pob_extranj4,0.13301798724675953,0.17325011717735425,0.442617856375606
real_busq_0590,d_ln_credito_nuevo,0.038680972682841916,0.015421004293472105,0.01213032107107992
real_busq_0591,ect_l1,-0.1506722359811258,0.03365700139319825,7.580630848370276e-06
real_busq_0591,d_ln_ocupados,0.4592209499636584,0.14366534654907603,0.001391237176227193
real_busq_0591,d_ln_pob_extranj4,0.04618829236670856,0.14433003460574834,0.748954247707349
real_busq_0591,d_ln_ipv_real_l1,0.16521518371946975,0.07726251215853136,0.03248741221909705
real_busq_0592,ect_l1,-0.11408428565789265,0.036219193031793544,0.0016336572636153803
real_busq_0592,d_ln_ocupados,0.2866822495456133,0.17802039092682082,0.10731275186341517
real_busq_0592,d_ln_pob_extranj4,0.07053648458866738,0.11392578238302581,0.5358213838541499
real_busq_0592,d_ln_ipv_real_l1,0.26948000715570614,0.1068736456583419,0.011686155053459482
real_busq_0592,d_ln_credito_nuevo,0.04590809251003187,0.018736996583426823,0.014280432677584583
real_busq_0593,ect_l1,-0.149743717140542,0.037822196832445185,7.521726490731797e-05
real_busq_0593,d_ln_ocupados,0.36396937740432933,0.13553060508455803,0.007241827678158816
real_busq_0593,d_ln_pob_extranj4,-0.19970851964821656,0.1460470443449214,0.17149183030968318
real_busq_0593,d_ln_ipv_real_l4,0.39867476866853807,0.13889240230995992,0.0040997135500054765
real_busq_0594,ect_l1,-0.13300276475996725,0.038601663398314535,0.0005699638919798032
real_busq_0594,d_ln_ocupados,0.2932054858089114,0.1854135049879171,0.1137957656957333
real_busq_0594,d_ln_pob_extranj4,-0.12716414755497957,0.1369678866395671,0.3531881495191028
real_busq_0594,d_ln_ipv_real_l4,0.3507495302428419,0.11154395509379957,0.001663731367260567
real_busq_0594,d_ln_credito_nuevo,0.033567223805006464,0.01337218037729155,0.012065317597369733
real_busq_0595,ect_l1,-0.1694686915472475,0.040169520724179585,2.455648716144486e-05
real_busq_0595,d_ln_ocupados,0.5306565968355104,0.19015047861855308,0.005259107144193869
real_busq_0595,d_ln_pob_total,1.1396469722506288,1.731164229429349,0.5103373769543966
real_busq_0596,ect_l1,-0.14799116836831522,0.04261886111436335,0.0005157624429334177
real_busq_0596,d_ln_ocupados,0.42108245477227835,0.23694616181024072,0.0755480180102366
real_busq_0596,d_ln_pob_total,1.7371246209760807,1.7367968951305586,0.31721919888058836
real_busq_0596,d_ln_credito_nuevo,0.039575099821946784,0.015556528474963907,0.010960537688688588
real_busq_0597,ect_l1,-0.1522020933088074,0.03516454633506818,1.5027658260789662e-05
real_busq_0597,d_ln_ocupados,0.459529657517422,0.14703164409948835,0.001775759246765974
real_busq_0597,d_ln_pob_total,0.6004678352591072,1.4984401072506965,0.6886199375707525
real_busq_0597,d_ln_ipv_real_l1,0.15970231570539756,0.08171041076808228,0.050643101195417276
real_busq_0598,ect_l1,-0.11618773494641017,0.03607270239239746,0.0012777429439914602
real_busq_0598,d_ln_ocupados,0.28655349383430884,0.1817077458223365,0.11479504556436392
real_busq_0598,d_ln_pob_total,0.9555505039733778,1.170131060697414,0.41414656133507377
real_busq_0598,d_ln_ipv_real_l1,0.26101928939596114,0.10486152797449506,0.012803787842041538
real_busq_0598,d_ln_credito_nuevo,0.0461767002544421,0.0185923082011702,0.01300452418900991
real_busq_0599,ect_l1,-0.14388494272814908,0.037396504941381546,0.00011930467160575904
real_busq_0599,d_ln_ocupados,0.38643130815138393,0.13276811113071396,0.00360766430818905
real_busq_0599,d_ln_pob_total,-1.124849507078069,1.235203162905612,0.36247480435806
real_busq_0599,d_ln_ipv_real_l4,0.3762062583910097,0.13102850210767414,0.004089441337644103
real_busq_0600,ect_l1,-0.12887568633440574,0.03793459688629108,0.0006805116501648537
real_busq_0600,d_ln_ocupados,0.3117826248755091,0.18418136438947197,0.09049311755686706
real_busq_0600,d_ln_pob_total,-0.2890472802033232,1.2437583671869246,0.816228700373248
real_busq_0600,d_ln_ipv_real_l4,0.3233357624938156,0.10148519217912268,0.001442352394535245
real_busq_0600,d_ln_credito_nuevo,0.03428153928743331,0.013871357707511226,0.013458882635198849
real_busq_0601,ect_l1,-0.16976420118587296,0.04048338059988476,2.7476853592231755e-05
real_busq_0601,d_ln_ocupados,0.5906084161728439,0.2502288181150887,0.018261472431662505
real_busq_0601,d_ln_renta_hog_real,-0.06113769212039788,0.12957384835794583,0.637043379988664
real_busq_0602,ect_l1,-0.15044458333107655,0.042542716694767335,0.000405745658569129
real_busq_0602,d_ln_ocupados,0.48821989422435313,0.20843780552188934,0.01916628280197379
real_busq_0602,d_ln_renta_hog_real,-0.06589435274763314,0.09486577421379273,0.48730214017392015
real_busq_0602,d_ln_credito_nuevo,0.038026867868296725,0.014221558526138498,0.007497727999135994
real_busq_0603,ect_l1,-0.14986963126746985,0.032329110491796854,3.5564786650017053e-06
real_busq_0603,d_ln_ocupados,0.516615134440695,0.22738619826356862,0.023088185935994154
real_busq_0603,d_ln_renta_hog_real,-0.060786023281545545,0.14225503600713785,0.6691585475136159
real_busq_0603,d_ln_ipv_real_l1,0.16999703906814792,0.0747658520508082,0.022982484137781665
real_busq_0604,ect_l1,-0.1141323005519601,0.033584654015785094,0.0006779442809822316
real_busq_0604,d_ln_ocupados,0.34692714394948077,0.1685483037940078,0.0395589706331724
real_busq_0604,d_ln_renta_hog_real,-0.06629395183310308,0.10326675113932368,0.5208939471034815
real_busq_0604,d_ln_ipv_real_l1,0.2765605222931583,0.10967989797022348,0.011684762176725868
real_busq_0604,d_ln_credito_nuevo,0.04579517742458026,0.018152253848902778,0.011641235109011895
real_busq_0605,ect_l1,-0.1410546067532512,0.035573963671439966,7.33627335297169e-05
real_busq_0605,d_ln_ocupados,0.46390618995040356,0.19464943016007866,0.017158635414560208
real_busq_0605,d_ln_renta_hog_real,-0.05852586245022455,0.11788355952304316,0.6195615818515504
real_busq_0605,d_ln_ipv_real_l4,0.3429381656301833,0.12406739911967635,0.005707515385677814
real_busq_0606,ect_l1,-0.12582440024949265,0.03650840540852925,0.0005680032929157131
real_busq_0606,d_ln_ocupados,0.38105525009164787,0.16906866521362587,0.024205666006181653
real_busq_0606,d_ln_renta_hog_real,-0.06308779931206986,0.08908687287526978,0.47884562829169774
real_busq_0606,d_ln_ipv_real_l4,0.3141677401189531,0.10087929891851694,0.0018438600354390576
real_busq_0606,d_ln_credito_nuevo,0.03471844315522489,0.012771719976228384,0.006560159320982676
real_busq_0607,ect_l1,-0.16188906708677886,0.03709621631103494,1.2768701246951437e-05
real_busq_0607,d_ln_ocupados,0.592506222267501,0.24468174527745923,0.015454971513367654
real_busq_0607,d_ln_renta_hog_real,-0.06788495215550636,0.13429863651995738,0.6132234291668943
real_busq_0607,d_ln_pob_extranj,0.1421023690775955,0.1665782613280837,0.3936223120373217
real_busq_0608,ect_l1,-0.13919142722794614,0.03989606104111753,0.0004851007980307788
real_busq_0608,d_ln_ocupados,0.4876078092304465,0.20171048522985166,0.015633344210089845
real_busq_0608,d_ln_renta_hog_real,-0.07516954471932454,0.09813623582031558,0.4436933514553735
real_busq_0608,d_ln_pob_extranj,0.19223175200353215,0.16304089415197442,0.238382208911757
real_busq_0608,d_ln_credito_nuevo,0.039207682191081845,0.014593994298333504,0.007219137591727897
real_busq_0609,ect_l1,-0.1472181952978434,0.03084792457667881,1.8205639671895607e-06
real_busq_0609,d_ln_ocupados,0.5231596870065792,0.23497526990241197,0.025984340086111776
real_busq_0609,d_ln_renta_hog_real,-0.06436172379322284,0.14578079042580785,0.6588535200494476
real_busq_0609,d_ln_pob_extranj,0.07475178751034996,0.1461945939679994,0.6091290728476905
real_busq_0609,d_ln_ipv_real_l1,0.15725477136578145,0.08277360749257898,0.05745703658273985
real_busq_0610,ect_l1,-0.11088508425766422,0.03292645451798516,0.0007580918692096628
real_busq_0610,d_ln_ocupados,0.35421814485648156,0.17464905012320858,0.04254279494454119
real_busq_0610,d_ln_renta_hog_real,-0.07055326046000242,0.10527686361480817,0.5027502444819691
real_busq_0610,d_ln_pob_extranj,0.08871965019341177,0.11192287496066594,0.4279610278416762
real_busq_0610,d_ln_ipv_real_l1,0.26173648355481366,0.11030115189030178,0.017647793845150604
real_busq_0610,d_ln_credito_nuevo,0.0459237596042657,0.017843762204522762,0.010062939104395872
real_busq_0611,ect_l1,-0.1466360431177932,0.035639309923537955,3.881091252464724e-05
real_busq_0611,d_ln_ocupados,0.4393107832154905,0.1946236208496621,0.023993543901659357
real_busq_0611,d_ln_renta_hog_real,-0.049009253820347806,0.11753060046747292,0.6766846720692563
real_busq_0611,d_ln_pob_extranj,-0.1908555655968483,0.14180401772489115,0.17833127024653717
real_busq_0611,d_ln_ipv_real_l4,0.40261023036337307,0.14107855594124072,0.004319947984704815
real_busq_0612,ect_l1,-0.12921492461545814,0.036299613294467035,0.0003713101886228907
real_busq_0612,d_ln_ocupados,0.37028550494248025,0.17288717971567627,0.03221156154850197
real_busq_0612,d_ln_renta_hog_real,-0.057902186380483986,0.09165100319378448,0.5275383768250109
real_busq_0612,d_ln_pob_extranj,-0.10145278602591187,0.12952615491067893,0.4334738584078176
real_busq_0612,d_ln_ipv_real_l4,0.34668773712445794,0.11169357760407975,0.001909760730539662
real_busq_0612,d_ln_credito_nuevo,0.0337527929226749,0.012814205311173539,0.008438207189334529
real_busq_0613,ect_l1,-0.1639296510851217,0.03823444373878822,1.8070645469659616e-05
real_busq_0613,d_ln_ocupados,0.609325257573887,0.2693332919744768,0.023675997361340597
real_busq_0613,d_ln_renta_hog_real,-0.07010497912382359,0.1399191310563807,0.6163434866194235
real_busq_0613,d_ln_pob_extranj4,0.10093837751091128,0.1892450915416887,0.5937748359375352
real_busq_0614,ect_l1,-0.1415857407700583,0.04162922249979317,0.0006711177907914606
real_busq_0614,d_ln_ocupados,0.5131198893819922,0.22645880705847576,0.023461055284753132
real_busq_0614,d_ln_renta_hog_real,-0.0789759488766313,0.10176092869234345,0.4376940507042998
real_busq_0614,d_ln_pob_extranj4,0.14610404418096415,0.18001881410064535,0.4170187212948623
real_busq_0614,d_ln_credito_nuevo,0.03884091358320389,0.014592003124324578,0.007772531615725666
real_busq_0615,ect_l1,-0.14726669841830006,0.030935949212590907,1.9323422794689923e-06
real_busq_0615,d_ln_ocupados,0.5298734373490801,0.2505786636680113,0.03446412340154888
real_busq_0615,d_ln_renta_hog_real,-0.06588806110990428,0.15080702362825957,0.6621815996780442
real_busq_0615,d_ln_pob_extranj4,0.05728903175079452,0.15871058499793142,0.7181253033208232
real_busq_0615,d_ln_ipv_real_l1,0.1639425510220115,0.0776005836242015,0.034631091177793685
real_busq_0616,ect_l1,-0.11017989806774095,0.033914956446745435,0.0011592912209767504
real_busq_0616,d_ln_ocupados,0.3652832487882343,0.18579248663595666,0.049289148557662324
real_busq_0616,d_ln_renta_hog_real,-0.07371522686377727,0.10772248961919102,0.49378148497509045
real_busq_0616,d_ln_pob_extranj4,0.0830186820929032,0.12033093392083652,0.4902446851048643
real_busq_0616,d_ln_ipv_real_l1,0.2683248894105858,0.10632237751031956,0.011612976237201167
real_busq_0616,d_ln_credito_nuevo,0.046026400649133464,0.017970385752075487,0.01043004491417652
real_busq_0617,ect_l1,-0.1476528098686264,0.03710697173399661,6.91730457747039e-05
real_busq_0617,d_ln_ocupados,0.40884541959733256,0.19475747469855614,0.035794510733440546
real_busq_0617,d_ln_renta_hog_real,-0.041145004179228985,0.11919347386018662,0.7299476956348394
real_busq_0617,d_ln_pob_extranj4,-0.19108972296636764,0.14798754718446858,0.19661512217594435
real_busq_0617,d_ln_ipv_real_l4,0.396062358872515,0.1353546614147601,0.0034323174942832587
real_busq_0618,ect_l1,-0.13026006187775477,0.03775361731233277,0.0005600322604118997
real_busq_0618,d_ln_ocupados,0.350046679581548,0.18125191682722575,0.05344947345559364
real_busq_0618,d_ln_renta_hog_real,-0.05242070463082226,0.09344972465999699,0.5748310279735744
real_busq_0618,d_ln_pob_extranj4,-0.11584197683075591,0.14038053580497967,0.4092582205033899
real_busq_0618,d_ln_ipv_real_l4,0.3471956474467034,0.10992387575344165,0.0015857793488928476
real_busq_0618,d_ln_credito_nuevo,0.033725199220018605,0.0129139527156912,0.009013758328276583
real_busq_0619,ect_l1,-0.1659912355801123,0.03826221187243491,1.436184030588795e-05
real_busq_0619,d_ln_ocupados,0.6064913179451074,0.2635984059305629,0.021402057703080637
real_busq_0619,d_ln_renta_hog_real,-0.07201496407641358,0.1388846798654041,0.604093099529312
real_busq_0619,d_ln_pob_total,1.2316107402119905,1.8237956104307766,0.49948463904065954
real_busq_0620,ect_l1,-0.14390696581712686,0.04048771915683728,0.00037893447385656427
real_busq_0620,d_ln_ocupados,0.5073279170985342,0.22269633377821776,0.022719711089019115
real_busq_0620,d_ln_renta_hog_real,-0.08240920441842282,0.09841039278648371,0.4023658158401304
real_busq_0620,d_ln_pob_total,1.8452781643187899,1.7742967283087265,0.2983373956121915
real_busq_0620,d_ln_credito_nuevo,0.03976826237153084,0.01469924004262219,0.006820907440058151
real_busq_0621,ect_l1,-0.14915225039347252,0.03188968310733901,2.909153126489121e-06
real_busq_0621,d_ln_ocupados,0.5307456387835586,0.2505005392071484,0.034112403254094446
real_busq_0621,d_ln_renta_hog_real,-0.06691875908652821,0.15063172240776107,0.6568588880975098
real_busq_0621,d_ln_pob_total,0.6915922162270858,1.6112643380177976,0.667760719216878
real_busq_0621,d_ln_ipv_real_l1,0.1580233287884911,0.08220189040009367,0.054557870461122454
real_busq_0622,ect_l1,-0.11262830398056632,0.03340747854234002,0.0007480075067943244
real_busq_0622,d_ln_ocupados,0.3666583059730077,0.1850424653507088,0.047537251055968434
real_busq_0622,d_ln_renta_hog_real,-0.07575381390404214,0.10646328519006909,0.4767442735883791
real_busq_0622,d_ln_pob_total,1.0597599764388326,1.2251220483207785,0.3870256154109015
real_busq_0622,d_ln_ipv_real_l1,0.25941944475500184,0.10437522717315417,0.012938763507722377
real_busq_0622,d_ln_credito_nuevo,0.0463138002810221,0.017803211139786362,0.00928361195507343
real_busq_0623,ect_l1,-0.1416898121732308,0.036484741467483685,0.0001029482204634886
real_busq_0623,d_ln_ocupados,0.43905523647064254,0.1929111928082238,0.022849310448335637
real_busq_0623,d_ln_renta_hog_real,-0.04904605474125316,0.12021929451457485,0.683294544767644
real_busq_0623,d_ln_pob_total,-1.0468864660042956,1.2636511435901958,0.4074091252904599
real_busq_0623,d_ln_ipv_real_l4,0.37365931887919074,0.12774301360089188,0.003443608838160092
real_busq_0624,ect_l1,-0.12604106434768003,0.03665822768890097,0.0005854330341040897
real_busq_0624,d_ln_ocupados,0.3771885744318876,0.17588069286438376,0.031987189860130986
real_busq_0624,d_ln_renta_hog_real,-0.06136714192813353,0.09356131790749501,0.5118865871549512
real_busq_0624,d_ln_pob_total,-0.1865960662920719,1.284804024600374,0.8845268360868102
real_busq_0624,d_ln_ipv_real_l4,0.3198388625163913,0.10029820368634636,0.0014282551430726664
real_busq_0624,d_ln_credito_nuevo,0.03448263066890614,0.013304004161928317,0.009544788069447904
real_busq_0625,ect_l1,-0.1664943315447985,0.043608221533655706,0.00013456116018159526
real_busq_0625,d_ln_ocupados,0.5848338747893405,0.19095664182136388,0.0021938451213183428
real_busq_0625,d_ln_costes,-0.11759235153669485,0.07097558894764937,0.0975599290855011
real_busq_0626,ect_l1,-0.15091853896392912,0.04521954699464497,0.0008454715289441314
real_busq_0626,d_ln_ocupados,0.45095598891759126,0.23097334584381213,0.050888869414406776
real_busq_0626,d_ln_costes,-0.05843491628333893,0.0798454159351297,0.46425975528058205
real_busq_0626,d_ln_credito_nuevo,0.037021903925337635,0.015267054127569088,0.015310326707936616
real_busq_0627,ect_l1,-0.14206314608522186,0.03609227594270445,8.281323782753376e-05
real_busq_0627,d_ln_ocupados,0.5186787682732455,0.13747726203718869,0.00016140424717790738
real_busq_0627,d_ln_costes,-0.15289722249751092,0.07320478115199003,0.03674163265594516
real_busq_0627,d_ln_ipv_real_l1,0.19318047588139714,0.07305690368063167,0.008187296165294662
real_busq_0628,ect_l1,-0.11128533065743319,0.03573730744016875,0.0018458077529312185
real_busq_0628,d_ln_ocupados,0.325171130985967,0.18183183499352812,0.07372650208743427
real_busq_0628,d_ln_costes,-0.09926322139889832,0.07810785556649459,0.20378268599579485
real_busq_0628,d_ln_ipv_real_l1,0.2885847008629674,0.1028172221381859,0.00500403429258326
real_busq_0628,d_ln_credito_nuevo,0.04447682806712658,0.01891848758219819,0.01872446015097436
real_busq_0629,ect_l1,-0.13866212350130028,0.03783837722921363,0.00024773550786229043
real_busq_0629,d_ln_ocupados,0.45487959244930537,0.153771204944483,0.0030948297639996746
real_busq_0629,d_ln_costes,-0.10325022174728764,0.06492604867205674,0.11177300584617482
real_busq_0629,d_ln_ipv_real_l4,0.33983161348284546,0.12450025585856016,0.0063417833455778
real_busq_0630,ect_l1,-0.12657131971135135,0.03868745522193714,0.0010692667284348718
real_busq_0630,d_ln_ocupados,0.3425076987463065,0.2002846349802634,0.08724651095041636
real_busq_0630,d_ln_costes,-0.05026487454264243,0.077475738360994,0.5164792096886
real_busq_0630,d_ln_ipv_real_l4,0.3135571795731904,0.10254072841724653,0.0022290927716842783
real_busq_0630,d_ln_credito_nuevo,0.0338532451567933,0.013670739486983904,0.013274128994060974
real_busq_0631,ect_l1,-0.15606745195012126,0.03980195529293811,8.81456249171623e-05
real_busq_0631,d_ln_ocupados,0.5897403154318324,0.18879517130175077,0.0017858974842959645
real_busq_0631,d_ln_costes,-0.1402578153499327,0.07195040693355473,0.05125150232708095
real_busq_0631,d_ln_pob_extranj,0.17391891296475645,0.15988428517482528,0.27669228156738146
real_busq_0632,ect_l1,-0.13817687432642514,0.04245555683206104,0.0011354257962885891
real_busq_0632,d_ln_ocupados,0.45370834951101363,0.23186791905079154,0.05037646291907649
real_busq_0632,d_ln_costes,-0.08399572758336984,0.07855717745875543,0.2849658331704822
real_busq_0632,d_ln_pob_extranj,0.2065619422967729,0.15530786636326713,0.18351301006421883
real_busq_0632,d_ln_credito_nuevo,0.03787224179970044,0.015508161627674,0.014602726480725555
real_busq_0633,ect_l1,-0.13783546620110254,0.034543104955291525,6.6004963206412e-05
real_busq_0633,d_ln_ocupados,0.5271950899234031,0.14430137858668438,0.00025875962594756684
real_busq_0633,d_ln_costes,-0.16358353806372491,0.073722950462201,0.026493820860445032
real_busq_0633,d_ln_pob_extranj,0.1047701202369935,0.13808152945094623,0.4479988286300952
real_busq_0633,d_ln_ipv_real_l1,0.1769427617575462,0.08292166913673434,0.032854707893858436
real_busq_0634,ect_l1,-0.10700368985674368,0.03519977533949195,0.0023665910457559753
real_busq_0634,d_ln_ocupados,0.33372340533334155,0.1876063794065475,0.07526453446033601
real_busq_0634,d_ln_costes,-0.11004851339261104,0.08079066067651638,0.17315244588997825
real_busq_0634,d_ln_pob_extranj,0.10589021313764203,0.1111505767617232,0.3407555052053296
real_busq_0634,d_ln_ipv_real_l1,0.2722005532431478,0.10530884734029353,0.009744020864285585
real_busq_0634,d_ln_credito_nuevo,0.04448949138111722,0.018554708721414313,0.01649626888487871
real_busq_0635,ect_l1,-0.14427528702258982,0.037826800208099844,0.00013667882662312964
real_busq_0635,d_ln_ocupados,0.4301836830796993,0.15423688744037972,0.005285307002248874
real_busq_0635,d_ln_costes,-0.07950989541188799,0.06461694895997097,0.21851722624705994
real_busq_0635,d_ln_pob_extranj,-0.16519968556834652,0.14845713195333293,0.2658042052752919
real_busq_0635,d_ln_ipv_real_l4,0.3922244884957089,0.1464079176180813,0.007384589268779293
real_busq_0636,ect_l1,-0.13005623452706458,0.03854174289624403,0.0007396997335682714
real_busq_0636,d_ln_ocupados,0.3306104835278686,0.20219569140648022,0.10202776637996368
real_busq_0636,d_ln_costes,-0.03768608062650427,0.07934251773000221,0.6348014841792903
real_busq_0636,d_ln_pob_extranj,-0.09518075310084567,0.13408720684493794,0.47780201887863805
real_busq_0636,d_ln_ipv_real_l4,0.34428877526709434,0.1181262094167651,0.0035616279797636746
real_busq_0636,d_ln_credito_nuevo,0.03315086297661586,0.013571374126281855,0.01457764914016799
real_busq_0637,ect_l1,-0.1591614946748034,0.04070746256919096,9.234009644828741e-05
real_busq_0637,d_ln_ocupados,0.6034307188889811,0.20277271755834506,0.0029213297457427417
real_busq_0637,d_ln_costes,-0.13234171146240042,0.07218934507459102,0.06676417696937474
real_busq_0637,d_ln_pob_extranj4,0.12224163901728177,0.17731634645648375,0.4905724712531837
real_busq_0638,ect_l1,-0.14165934256036283,0.04412078608392628,0.001324044187885436
real_busq_0638,d_ln_ocupados,0.4718715858802343,0.24480454674799323,0.05391184438129325
real_busq_0638,d_ln_costes,-0.07571942217533223,0.07882780522377186,0.3367697122651726
real_busq_0638,d_ln_pob_extranj4,0.15051099237595678,0.17058789693186874,0.37761050527769635
real_busq_0638,d_ln_credito_nuevo,0.0375699726901443,0.01557506364121221,0.0158571275970518
real_busq_0639,ect_l1,-0.1381393122834212,0.034321070861455985,5.699646773327105e-05
real_busq_0639,d_ln_ocupados,0.5334356081305097,0.15078226638057377,0.00040349473952546404
real_busq_0639,d_ln_costes,-0.16130866984400086,0.07395109119607073,0.029162079421870317
real_busq_0639,d_ln_pob_extranj4,0.0806890261829639,0.14345628894899062,0.5737997914414207
real_busq_0639,d_ln_ipv_real_l1,0.18593429756470078,0.07715473370008488,0.015957400962416074
real_busq_0640,ect_l1,-0.1066668619424783,0.03602906580505794,0.003070622914080962
real_busq_0640,d_ln_ocupados,0.34163451953238166,0.19406210963661427,0.07833339006357694
real_busq_0640,d_ln_costes,-0.10881338807127104,0.08042643977632764,0.17606987087960835
real_busq_0640,d_ln_pob_extranj4,0.0931195139097929,0.11547111806412765,0.4199942550921357
real_busq_0640,d_ln_ipv_real_l1,0.28050166747550076,0.10079547119037018,0.005387878481051122
real_busq_0640,d_ln_credito_nuevo,0.044607105614172755,0.018709686433166985,0.017117611945658456
real_busq_0641,ect_l1,-0.14502225940352537,0.03931784165906636,0.0002256160912700911
real_busq_0641,d_ln_ocupados,0.41007412847343444,0.15135824225498398,0.0067426359325572505
real_busq_0641,d_ln_costes,-0.08040159698681551,0.0635084300775585,0.20551350782553135
real_busq_0641,d_ln_pob_extranj4,-0.17237084780561612,0.15223747387864,0.2575294328560691
real_busq_0641,d_ln_ipv_real_l4,0.38842468200011854,0.14025432205079658,0.005615427906789023
real_busq_0642,ect_l1,-0.13111915704046195,0.040004890908364586,0.0010470173611353702
real_busq_0642,d_ln_ocupados,0.3148941801858392,0.20635141960391298,0.1270075546838355
real_busq_0642,d_ln_costes,-0.03608657569147639,0.07806459911898433,0.6438908934024086
real_busq_0642,d_ln_pob_extranj4,-0.11591479468084556,0.14374338335979128,0.4200117242781318
real_busq_0642,d_ln_ipv_real_l4,0.34682322873700944,0.11556419732555565,0.002689793283730378
real_busq_0642,d_ln_credito_nuevo,0.03309498376547819,0.013568657486002302,0.01472488027903187
real_busq_0643,ect_l1,-0.1614794341379888,0.04122670819142619,8.970809753580088e-05
real_busq_0643,d_ln_ocupados,0.6008351381494598,0.20486071176283327,0.0033581648738470705
real_busq_0643,d_ln_costes,-0.13908970248354927,0.07541549595722184,0.06513768693996246
real_busq_0643,d_ln_pob_total,1.4680958732405394,1.724466631813869,0.39458423029569334
real_busq_0644,ect_l1,-0.14378498437060344,0.0433735018181739,0.0009162932495287862
real_busq_0644,d_ln_ocupados,0.4668809053523625,0.2504294984538398,0.062276677390055095
real_busq_0644,d_ln_costes,-0.08432477769737287,0.08025521308221355,0.293392816401158
real_busq_0644,d_ln_pob_total,1.9185190481741414,1.6880853663411766,0.25574488047396327
real_busq_0644,d_ln_credito_nuevo,0.0384006123154699,0.015613803896603775,0.013916889118228101
real_busq_0645,ect_l1,-0.14072216130618645,0.03579404341152363,8.443830343836072e-05
real_busq_0645,d_ln_ocupados,0.5336360107959309,0.1551463612051048,0.0005826496175280619
real_busq_0645,d_ln_costes,-0.16378997409058035,0.07610792349954514,0.03139143266898592
real_busq_0645,d_ln_pob_total,0.9225457431379473,1.4694009961342576,0.5301100874906648
real_busq_0645,d_ln_ipv_real_l1,0.17886575180906433,0.08142788860726194,0.028047927453304658
real_busq_0646,ect_l1,-0.1093175706481798,0.03587009653400325,0.0023067966008771474
real_busq_0646,d_ln_ocupados,0.3423812958630766,0.19693451400501324,0.08211323592484333
real_busq_0646,d_ln_costes,-0.11256714872081756,0.0810402531346946,0.16482435597289746
real_busq_0646,d_ln_pob_total,1.166850784644039,1.1526663870599443,0.3113918975564888
real_busq_0646,d_ln_ipv_real_l1,0.2713212927617933,0.09949101138705586,0.00638949264381789
real_busq_0646,d_ln_credito_nuevo,0.044869403328954297,0.018494882168061427,0.015264407186356119
real_busq_0647,ect_l1,-0.13948525389879884,0.03834287820049524,0.00027493418447611717
real_busq_0647,d_ln_ocupados,0.4360182910862649,0.14905784951062342,0.003442774379668555
real_busq_0647,d_ln_costes,-0.0898030632700498,0.06384881583069602,0.1595770811716809
real_busq_0647,d_ln_pob_total,-0.8456441555970708,1.2674191606314242,0.5046332589520957
real_busq_0647,d_ln_ipv_real_l4,0.36505166347830803,0.13136612511450066,0.005454543722880902
real_busq_0648,ect_l1,-0.1267776429645227,0.03880724848947332,0.001087494719296145
real_busq_0648,d_ln_ocupados,0.3396001390918106,0.20336145723405383,0.09493249316023195
real_busq_0648,d_ln_costes,-0.04806512477100568,0.07638866166838842,0.5292063131872222
real_busq_0648,d_ln_pob_total,-0.15390848979765706,1.2431276003400045,0.9014677128442082
real_busq_0648,d_ln_ipv_real_l4,0.31827007250705963,0.10429499447515166,0.0022760000561949456
real_busq_0648,d_ln_credito_nuevo,0.033695015414266255,0.01399361089182925,0.016045204038387363
real_busq_0649,ect_l1,-0.16150240843982816,0.041921879722008476,0.00011693658567651437
real_busq_0649,d_ln_ocupados,0.6889530978837726,0.26473374714243214,0.00925636170825308
real_busq_0649,d_ln_costes,-0.13546501474105943,0.07475508107674732,0.06996799309109457
real_busq_0649,d_ln_renta_hog_real,-0.09085772982366357,0.13223652398799787,0.49202917685755054
real_busq_0650,ect_l1,-0.14647527515695052,0.04356654043631208,0.0007735075781778531
real_busq_0650,d_ln_ocupados,0.5457382898946835,0.2126915084572017,0.010291804899978144
real_busq_0650,d_ln_costes,-0.07487097970986277,0.07889345951254902,0.34261360695298515
real_busq_0650,d_ln_renta_hog_real,-0.08217352555932719,0.09327638163803997,0.3783350347739719
real_busq_0650,d_ln_credito_nuevo,0.03685188504611599,0.014219036197251327,0.00954950293367722
real_busq_0651,ect_l1,-0.13628169738530388,0.032360177164153396,2.5379125627772886e-05
real_busq_0651,d_ln_ocupados,0.6307472628217737,0.23974005452574987,0.008514325304931653
real_busq_0651,d_ln_costes,-0.1728248000576618,0.07613243018126471,0.023204249164814044
real_busq_0651,d_ln_renta_hog_real,-0.09864865403183681,0.14707101878695616,0.5023764766592305
real_busq_0651,d_ln_ipv_real_l1,0.19603870539612842,0.07211182240567447,0.006557118954741785
real_busq_0652,ect_l1,-0.10598422194789507,0.032672630144559144,0.0011793709971582868
real_busq_0652,d_ln_ocupados,0.43021274521118597,0.18358256377299303,0.019107387034790334
real_busq_0652,d_ln_costes,-0.11799688448714528,0.07453608357220505,0.11340231024299659
real_busq_0652,d_ln_renta_hog_real,-0.0919708014750604,0.10105323938996032,0.36275804231308006
real_busq_0652,d_ln_ipv_real_l1,0.2909736461644932,0.10225541560635151,0.004433377984757264
real_busq_0652,d_ln_credito_nuevo,0.04434825132789346,0.017842159425607077,0.012933772832739747
real_busq_0653,ect_l1,-0.13408118762752658,0.03706663248729215,0.0002976903982153859
real_busq_0653,d_ln_ocupados,0.5525370751189677,0.21301512288072114,0.009489777851841904
real_busq_0653,d_ln_costes,-0.11999002919205631,0.07039217926713691,0.08827032290775141
real_busq_0653,d_ln_renta_hog_real,-0.08488214880702451,0.12121782865038183,0.4837744656949715
real_busq_0653,d_ln_ipv_real_l4,0.3388221422094523,0.12151350077383331,0.005297731161834379
real_busq_0654,ect_l1,-0.12244847342836847,0.037611155271944606,0.0011313612988744523
real_busq_0654,d_ln_ocupados,0.432061735788281,0.18856995859971104,0.021948707837382436
real_busq_0654,d_ln_costes,-0.0657670917040599,0.0789202322576887,0.4046551081179518
real_busq_0654,d_ln_renta_hog_real,-0.07740013994095804,0.08931008936216817,0.38613656437069255
real_busq_0654,d_ln_ipv_real_l4,0.31275468600531836,0.10104029978919034,0.0019658343940710393
real_busq_0654,d_ln_credito_nuevo,0.033701212136034935,0.012733746434663327,0.008130397396494753
real_busq_0655,ect_l1,-0.1493201283974217,0.03879928843113756,0.00011882996041931124
real_busq_0655,d_ln_ocupados,0.711552203197697,0.27048958032479214,0.008523214519865815
real_busq_0655,d_ln_costes,-0.1631099700390707,0.0827737301594978,0.04877509934605153
real_busq_0655,d_ln_renta_hog_real,-0.10591581983412784,0.14091764315556493,0.452282596741971
real_busq_0655,d_ln_pob_extranj,0.18939909143615272,0.1732641317436101,0.27433958610640863
real_busq_0656,ect_l1,-0.13190516449268813,0.04067125664441575,0.001181937321314143
real_busq_0656,d_ln_ocupados,0.5687103315676638,0.21997147305424808,0.009727110454324037
real_busq_0656,d_ln_costes,-0.10568931109714581,0.08213302525966316,0.19816173941594584
real_busq_0656,d_ln_renta_hog_real,-0.0995368085129923,0.09936962452173556,0.31649698761092415
real_busq_0656,d_ln_pob_extranj,0.22098345577917008,0.16273874592749218,0.17449441762298923
real_busq_0656,d_ln_credito_nuevo,0.037725665846398186,0.014244406027817309,0.008086065590922065
real_busq_0657,ect_l1,-0.13091431817878915,0.031063645922794477,2.5045420127915342e-05
real_busq_0657,d_ln_ocupados,0.6505440203930837,0.2547162538385499,0.01064948078012364
real_busq_0657,d_ln_costes,-0.1868673522999119,0.08117709061956013,0.021336777206120316
real_busq_0657,d_ln_renta_hog_real,-0.10747457837744842,0.15221227141285618,0.48013619149453846
real_busq_0657,d_ln_pob_extranj,0.12019546974097414,0.15104872649113338,0.4261833411329137
real_busq_0657,d_ln_ipv_real_l1,0.1776660265417585,0.08159974182149406,0.029459188423812434
real_busq_0658,ect_l1,-0.10060831486168856,0.03178325377041905,0.0015484303377564389
real_busq_0658,d_ln_ocupados,0.4500266029224646,0.19709841376970902,0.022415153672545814
real_busq_0658,d_ln_costes,-0.13205558454791766,0.08000726738744222,0.09883154448787979
real_busq_0658,d_ln_renta_hog_real,-0.10080815190430481,0.10415454292588447,0.33310884576734945
real_busq_0658,d_ln_pob_extranj,0.12035525540028374,0.11829217660559872,0.3089439073548561
real_busq_0658,d_ln_ipv_real_l1,0.2725809065675657,0.10425168532712988,0.00893208434758394
real_busq_0658,d_ln_credito_nuevo,0.04435028973741217,0.017331016131000306,0.010496991776979377
real_busq_0659,ect_l1,-0.13985341022552222,0.037473884537989804,0.0001899479271310367
real_busq_0659,d_ln_ocupados,0.515511152502363,0.22093154657774994,0.019629657812112723
real_busq_0659,d_ln_costes,-0.09597236179259937,0.07148743080183957,0.17943172782467243
real_busq_0659,d_ln_renta_hog_real,-0.0721446138561958,0.12229508192588383,0.5552426449853654
real_busq_0659,d_ln_pob_extranj,-0.14964957047729802,0.15179415072366362,0.324196033522992
real_busq_0659,d_ln_ipv_real_l4,0.38643480022547577,0.14175563357492343,0.006409474618370272
real_busq_0660,ect_l1,-0.12573322025374226,0.03783507218944994,0.0008899354525944982
real_busq_0660,d_ln_ocupados,0.41433304989172437,0.20208875727925527,0.040339763406415735
real_busq_0660,d_ln_costes,-0.05385721967035792,0.08318243350957119,0.5173348869519214
real_busq_0660,d_ln_renta_hog_real,-0.07071949033024638,0.09394402414371383,0.45158015764373494
real_busq_0660,d_ln_pob_extranj,-0.0799945091835059,0.14127943248905314,0.5712477530218348
real_busq_0660,d_ln_ipv_real_l4,0.3386522713827292,0.11731785387618787,0.0038940202746018723
real_busq_0660,d_ln_credito_nuevo,0.033124018623129706,0.012750739053879873,0.009381993676096477
real_busq_0661,ect_l1,-0.15178086508197997,0.039950550708037415,0.00014515317074102171
real_busq_0661,d_ln_ocupados,0.7313133399834935,0.30019860732003134,0.014846646141674308
real_busq_0661,d_ln_costes,-0.15653519924972456,0.08359415127867517,0.06112894551814575
real_busq_0661,d_ln_renta_hog_real,-0.10844668355421389,0.14707858005243366,0.4609165912630524
real_busq_0661,d_ln_pob_extranj4,0.14595252291835245,0.19593406133493158,0.4563283470586954
real_busq_0662,ect_l1,-0.13471926740725113,0.04240039742263772,0.0014864731997592268
real_busq_0662,d_ln_ocupados,0.593640437071956,0.24694910005551077,0.01622130055522042
real_busq_0662,d_ln_costes,-0.09886717947193885,0.08236508196028859,0.2300022446867539
real_busq_0662,d_ln_renta_hog_real,-0.10287219688802604,0.1031082360410269,0.3184196324369052
real_busq_0662,d_ln_pob_extranj4,0.1729042674946113,0.17999921114539372,0.33676164149866716
real_busq_0662,d_ln_credito_nuevo,0.037438670372712334,0.014260122527940068,0.008654464790336021
real_busq_0663,ect_l1,-0.13047174598164693,0.031066910810726694,2.6726731718331703e-05
real_busq_0663,d_ln_ocupados,0.6638213926255604,0.27429596889984187,0.015516594434238962
real_busq_0663,d_ln_costes,-0.1862156636433481,0.08224340173620152,0.02356170190336254
real_busq_0663,d_ln_renta_hog_real,-0.11090683575978644,0.15799952566914233,0.48271402160595234
real_busq_0663,d_ln_pob_extranj4,0.1047015865889811,0.16201525495570138,0.5181205483062399
real_busq_0663,d_ln_ipv_real_l1,0.18699127525247053,0.07593722428219978,0.013799314808562632
real_busq_0664,ect_l1,-0.09945310790225116,0.03271923236059041,0.002368990528135265
real_busq_0664,d_ln_ocupados,0.4661873520038156,0.21159856258018622,0.02758285320037805
real_busq_0664,d_ln_costes,-0.13264723347999138,0.07998393501818929,0.09723202659947364
real_busq_0664,d_ln_renta_hog_real,-0.10552248406619695,0.10694320888611242,0.32378230242725636
real_busq_0664,d_ln_pob_extranj4,0.11593408757457445,0.12402181234493892,0.3498976246315392
real_busq_0664,d_ln_ipv_real_l1,0.28126224969036795,0.0993381728031504,0.004635034357052901
real_busq_0664,d_ln_credito_nuevo,0.04449150180159972,0.017409174510859313,0.010599412979162023
real_busq_0665,ect_l1,-0.14077885596485204,0.039134204408191584,0.00032149390641889546
real_busq_0665,d_ln_ocupados,0.4905261780772237,0.22455396403818273,0.028929435766500936
real_busq_0665,d_ln_costes,-0.09586467154609003,0.07081939148169257,0.17584805678045168
real_busq_0665,d_ln_renta_hog_real,-0.06563339583693095,0.12396921526284688,0.5965050982126829
real_busq_0665,d_ln_pob_extranj4,-0.15336471440902777,0.1575090182773735,0.33021124582060957
real_busq_0665,d_ln_ipv_real_l4,0.3822861094854631,0.13524479114879204,0.004704159564719063
real_busq_0666,ect_l1,-0.12689524728051652,0.03958422879933655,0.0013473337284689653
real_busq_0666,d_ln_ocupados,0.39502676413161014,0.21314118919851613,0.06383117324228153
real_busq_0666,d_ln_costes,-0.05149188340282612,0.08165628833495411,0.5283066804284468
real_busq_0666,d_ln_renta_hog_real,-0.06536192568078218,0.09523273393100463,0.4924994517545711
real_busq_0666,d_ln_pob_extranj4,-0.09699516068192622,0.15087048696123947,0.5202867329839478
real_busq_0666,d_ln_ipv_real_l4,0.3407158581296281,0.11442645437251729,0.002905177750210828
real_busq_0666,d_ln_credito_nuevo,0.03309036033837693,0.012832935063695698,0.009921603790656573
real_busq_0667,ect_l1,-0.15464323094630444,0.039644101061810856,9.588011507222562e-05
real_busq_0667,d_ln_ocupados,0.7312422122611802,0.2969702668287271,0.013803316780453878
real_busq_0667,d_ln_costes,-0.16405244337639752,0.08802895761908879,0.062375218900158805
real_busq_0667,d_ln_renta_hog_real,-0.11187784359297366,0.14698240908744742,0.44655860917919354
real_busq_0667,d_ln_pob_total,1.6699123640288849,1.8532256310810526,0.3675435446916897
real_busq_0668,ect_l1,-0.13719854466351805,0.0412448969751476,0.0008796395312684796
real_busq_0668,d_ln_ocupados,0.5935609214761018,0.24599299086119994,0.015825378454991944
real_busq_0668,d_ln_costes,-0.10863815817229111,0.08455081836226405,0.19883214302524732
real_busq_0668,d_ln_renta_hog_real,-0.10842749554732081,0.09965236088167945,0.27656973800770845
real_busq_0668,d_ln_pob_total,2.1131203956267015,1.7313780391212101,0.22228118849655354
real_busq_0668,d_ln_credito_nuevo,0.03831612005507298,0.014246978330978273,0.007157612641457893
real_busq_0669,ect_l1,-0.13385742799875663,0.03179227598486361,2.5494630155203805e-05
real_busq_0669,d_ln_ocupados,0.6642875793125169,0.2754590337763947,0.015884186300864075
real_busq_0669,d_ln_costes,-0.18882382648766424,0.08574669081898498,0.02765739007030342
real_busq_0669,d_ln_renta_hog_real,-0.11212490821129477,0.15842452592490344,0.4791007174242039
real_busq_0669,d_ln_pob_total,1.1244548514794348,1.6121426936174779,0.4854956350152325
real_busq_0669,d_ln_ipv_real_l1,0.1789815079451321,0.07992747721518421,0.025136477554117152
real_busq_0670,ect_l1,-0.10275205141573103,0.03216680295492766,0.001401457258683524
real_busq_0670,d_ln_ocupados,0.4688483000073188,0.2101107037968898,0.02565235329128176
real_busq_0670,d_ln_costes,-0.1368271083244269,0.08129325888535553,0.09234996258715411
real_busq_0670,d_ln_renta_hog_real,-0.10821954918115076,0.10537331083636088,0.3044152851404922
real_busq_0670,d_ln_pob_total,1.3612596800180563,1.2157574706686385,0.2628500262088246
real_busq_0670,d_ln_ipv_real_l1,0.27125604520528385,0.09808516356494397,0.005683289511273144
real_busq_0670,d_ln_credito_nuevo,0.04478351749110297,0.01715973978986,0.009059473011780736
real_busq_0671,ect_l1,-0.1352064222416132,0.03773048622302698,0.00033904744205569883
real_busq_0671,d_ln_ocupados,0.527509391655734,0.2235245517515263,0.018276819584596853
real_busq_0671,d_ln_costes,-0.10761596846359957,0.07222069623708731,0.13619827546208868
real_busq_0671,d_ln_renta_hog_real,-0.0761035652641043,0.12535467906968104,0.5437806349080785
real_busq_0671,d_ln_pob_total,-0.6692889736402302,1.3263301217645287,0.6138277366965252
real_busq_0671,d_ln_ipv_real_l4,0.35888706766148637,0.12645520580492703,0.004538909248072458
real_busq_0672,ect_l1,-0.12239386066883932,0.03772888159486249,0.0011784873503342154
real_busq_0672,d_ln_ocupados,0.43297249958718603,0.20588058932561354,0.03546338327690955
real_busq_0672,d_ln_costes,-0.06622166851560272,0.08047902180626347,0.4105967942714389
real_busq_0672,d_ln_renta_hog_real,-0.07774746770222273,0.09495026655803641,0.41288737291691335
real_busq_0672,d_ln_pob_total,0.02693786722989403,1.3046074506651197,0.9835262467877334
real_busq_0672,d_ln_ipv_real_l4,0.31192620975022817,0.10328376618932729,0.002527000652454106
real_busq_0672,d_ln_credito_nuevo,0.033728224093833865,0.013097820963482894,0.010021054870421446
real_busq_0673,ect_l1,-0.17046995858276748,0.040538460313940365,2.6091895708576572e-05
real_busq_0673,d_ln_ocupados,0.5209897779250934,0.1824776698465178,0.004302492608811493
real_busq_0673,d_ln_permisos_l4,0.0027479209750562055,0.010377271726717246,0.7911620950419376
real_busq_0674,ect_l1,-0.14985964497699492,0.042799516699871296,0.00046276311642537904
real_busq_0674,d_ln_ocupados,0.40946983055170977,0.2234574044183149,0.0668875291352114
real_busq_0674,d_ln_permisos_l4,0.004743725372083514,0.009618852625701854,0.6218927802480716
real_busq_0674,d_ln_credito_nuevo,0.038074286937394564,0.014823081713159197,0.010211582640997616
real_busq_0675,ect_l1,-0.15232856477278212,0.03366242928389365,6.034401338029433e-06
real_busq_0675,d_ln_ocupados,0.4521718227836032,0.13458568569390178,0.0007801814041214892
real_busq_0675,d_ln_permisos_l4,0.0003822410471011201,0.009061210884473795,0.9663517598360024
real_busq_0675,d_ln_ipv_real_l1,0.16987536900589556,0.07541765417870619,0.024293117579945317
real_busq_0676,ect_l1,-0.11626259215407742,0.03450108099517356,0.0007521603886247692
real_busq_0676,d_ln_ocupados,0.2753168191928543,0.1678756581659192,0.10100425067221033
real_busq_0676,d_ln_permisos_l4,0.0013046117212896424,0.0078093251630428654,0.86732426374056
real_busq_0676,d_ln_ipv_real_l1,0.2757830141493255,0.11102962002633068,0.012996366428137038
real_busq_0676,d_ln_credito_nuevo,0.045732496853912626,0.018774083733023295,0.014853245724256312
real_busq_0677,ect_l1,-0.15238560305266372,0.03587308919007511,2.157754136169281e-05
real_busq_0677,d_ln_ocupados,0.42247840763108047,0.1591344591369355,0.007934325462352863
real_busq_0677,d_ln_permisos_l4,-0.014828967311073674,0.011683614611535869,0.2043659675705113
real_busq_0677,d_ln_ipv_real_l4,0.370239963401923,0.12681522017390448,0.0035056742313728344
real_busq_0678,ect_l1,-0.13559545931046202,0.03690654042963814,0.00023876170984577896
real_busq_0678,d_ln_ocupados,0.3316903494121012,0.1984868534330761,0.09470295356312677
real_busq_0678,d_ln_permisos_l4,-0.011402310372564893,0.010424281215854156,0.2740329588898056
real_busq_0678,d_ln_ipv_real_l4,0.33574506378367375,0.10527905890647533,0.001427182944500556
real_busq_0678,d_ln_credito_nuevo,0.03412971794298557,0.013466661245116984,0.011264456742212905
real_busq_0679,ect_l1,-0.16663215430835526,0.03831907093314862,1.3704451653883674e-05
real_busq_0679,d_ln_ocupados,0.5262821939430109,0.18489142810435993,0.004421118205684478
real_busq_0679,d_ln_permisos_l4,-0.002520315464228225,0.01076915582555548,0.8149609730769729
real_busq_0679,d_ln_pob_extranj,0.1453515476950571,0.16857166785787825,0.38854791401504596
real_busq_0680,ect_l1,-0.14420688471658144,0.04094017273214803,0.0004276890760272696
real_busq_0680,d_ln_ocupados,0.41358668696453826,0.22898713362420658,0.07089383807553541
real_busq_0680,d_ln_permisos_l4,-0.0022198091333801425,0.0106063263899757,0.8342210420699316
real_busq_0680,d_ln_pob_extranj,0.19357250371843004,0.1741279726227339,0.26628090200907784
real_busq_0680,d_ln_credito_nuevo,0.03907508251710745,0.015421685618457736,0.011284113862543741
real_busq_0681,ect_l1,-0.15154017602532419,0.03345281286885595,5.89925856254983e-06
real_busq_0681,d_ln_ocupados,0.45967887872490515,0.14301532116990925,0.0013081160517544582
real_busq_0681,d_ln_permisos_l4,-0.0022419189716500498,0.009058053469363288,0.804516957023669
real_busq_0681,d_ln_pob_extranj,0.07686651316873236,0.14359814748989447,0.5924500104086043
real_busq_0681,d_ln_ipv_real_l1,0.15825315328740924,0.08278871047563174,0.05593642846386761
real_busq_0682,ect_l1,-0.11528534418597922,0.03468447659202635,0.0008878993294080985
real_busq_0682,d_ln_ocupados,0.2835800010204676,0.17595699759519387,0.10703947767659568
real_busq_0682,d_ln_permisos_l4,-0.0017058492605576132,0.00743519844887224,0.8185355909111611
real_busq_0682,d_ln_pob_extranj,0.08823610599528922,0.11210096123765126,0.43121581345994764
real_busq_0682,d_ln_ipv_real_l1,0.2626538660837221,0.11031768010929074,0.017271036355832915
real_busq_0682,d_ln_credito_nuevo,0.04582410634985599,0.018581819521991574,0.013660384136905951
real_busq_0683,ect_l1,-0.15456901843576695,0.03601426182243899,1.7716384632109286e-05
real_busq_0683,d_ln_ocupados,0.404623259450269,0.15229902174560278,0.007889357394884666
real_busq_0683,d_ln_permisos_l4,-0.010960227925616508,0.011666639768981427,0.34749961149668285
real_busq_0683,d_ln_pob_extranj,-0.16505158350778554,0.1441547011314413,0.25222510414110266
real_busq_0683,d_ln_ipv_real_l4,0.41475921079338207,0.14207479632345754,0.0035081638452689186
real_busq_0684,ect_l1,-0.13701464905763908,0.036827514341961624,0.0001988740288943492
real_busq_0684,d_ln_ocupados,0.32469011478141796,0.1964989262720196,0.0984579197754282
real_busq_0684,d_ln_permisos_l4,-0.009557549407502489,0.01091648343787447,0.3812935324679667
real_busq_0684,d_ln_pob_extranj,-0.08165454849902734,0.13254589182322413,0.5378632539968262
real_busq_0684,d_ln_ipv_real_l4,0.358466169372386,0.11224102517776237,0.0014045330248218253
real_busq_0684,d_ln_credito_nuevo,0.033440609552827176,0.013502888550165659,0.013265819156168323
real_busq_0685,ect_l1,-0.16707962352360647,0.038590238840747706,1.4939228323956391e-05
real_busq_0685,d_ln_ocupados,0.5326391784415598,0.1922536226091935,0.005596983804130661
real_busq_0685,d_ln_permisos_l4,0.0009697260258757873,0.010322288279332247,0.9251529506753151
real_busq_0685,d_ln_pob_extranj4,0.08750750038154387,0.1784782748738378,0.6239232039280127
real_busq_0686,ect_l1,-0.14452997735093584,0.042052031499664064,0.0005883430529316061
real_busq_0686,d_ln_ocupados,0.42472745688898245,0.23667243110487074,0.07272074612095053
real_busq_0686,d_ln_permisos_l4,0.002162955904710996,0.009651977405146972,0.8226837031740506
real_busq_0686,d_ln_pob_extranj4,0.12864914379421774,0.17769904197149028,0.4690828803556858
real_busq_0686,d_ln_credito_nuevo,0.03871229743014525,0.015345750938670267,0.011646695140666982
real_busq_0687,ect_l1,-0.15097843270348063,0.03266056690520984,3.7886513394052553e-06
real_busq_0687,d_ln_ocupados,0.46026711947130966,0.14436701571016183,0.001431745118919822
real_busq_0687,d_ln_permisos_l4,-0.0005142880452801367,0.00889871579266655,0.9539131055603329
real_busq_0687,d_ln_pob_extranj4,0.047187346404030286,0.1452111764494137,0.7452138342109805
real_busq_0687,d_ln_ipv_real_l1,0.16539878965477814,0.07765029774883483,0.03316772702835706
real_busq_0688,ect_l1,-0.11410420390508057,0.03500609485369886,0.0011158812699490882
real_busq_0688,d_ln_ocupados,0.2867504831448988,0.1779978592314281,0.10718470389413287
real_busq_0688,d_ln_permisos_l4,-3.3222274501730775e-05,0.00732505887648936,0.9963812647147584
real_busq_0688,d_ln_pob_extranj4,0.07060092997036238,0.11466789297473617,0.538093065408767
real_busq_0688,d_ln_ipv_real_l1,0.26949147350824665,0.1077970017771671,0.012419665925232125
real_busq_0688,d_ln_credito_nuevo,0.04590791888582416,0.018729467274105314,0.014241781058190956
real_busq_0689,ect_l1,-0.15724469760737447,0.03666991751192753,1.8019857956342172e-05
real_busq_0689,d_ln_ocupados,0.38433554231579387,0.14890711602008347,0.009850255539020875
real_busq_0689,d_ln_permisos_l4,-0.01336067826691559,0.011131084157926387,0.2300215260811298
real_busq_0689,d_ln_pob_extranj4,-0.18773135417101372,0.14554254499490119,0.19709486397790676
real_busq_0689,d_ln_ipv_real_l4,0.41966676157233956,0.1382484135879342,0.002400583099763824
real_busq_0690,ect_l1,-0.13913946942417005,0.03759608090427863,0.00021483312519233986
real_busq_0690,d_ln_ocupados,0.3101718409537357,0.19831420799033622,0.11780759823454427
real_busq_0690,d_ln_permisos_l4,-0.010572036865595491,0.010244924949825106,0.30210530135940583
real_busq_0690,d_ln_pob_extranj4,-0.11855928608794686,0.1372443537610123,0.38766729003034317
real_busq_0690,d_ln_ipv_real_l4,0.3679364294744535,0.11248070963378369,0.0010712739366025342
real_busq_0690,d_ln_credito_nuevo,0.03316353935334992,0.013455109525387253,0.013710722444734863
real_busq_0691,ect_l1,-0.16998530297574754,0.03948355117085158,1.6682122673869456e-05
real_busq_0691,d_ln_ocupados,0.532253830148938,0.19598529360503927,0.006611893268633559
real_busq_0691,d_ln_permisos_l4,-0.0007619002186833943,0.011303030906225427,0.9462579210347014
real_busq_0691,d_ln_pob_total,1.1578383093693716,1.8155414239101781,0.5236447637795398
real_busq_0692,ect_l1,-0.14831617294875374,0.04149201037750405,0.00035080145098818053
real_busq_0692,d_ln_ocupados,0.4220890019597641,0.243480854355536,0.08299594073427516
real_busq_0692,d_ln_permisos_l4,-0.00047805999594703277,0.01115722257288341,0.9658230347819756
real_busq_0692,d_ln_pob_total,1.7485151858053296,1.849374744317543,0.3444226092864341
real_busq_0692,d_ln_credito_nuevo,0.039573528295237574,0.01555225696220686,0.010941798382498927
real_busq_0693,ect_l1,-0.15312632900827433,0.034495002327781105,9.03411415985151e-06
real_busq_0693,d_ln_ocupados,0.4623625802749144,0.15029632356323872,0.0020955879250836433
real_busq_0693,d_ln_permisos_l4,-0.0013983473535094783,0.009396969913015554,0.8817048813277153
real_busq_0693,d_ln_pob_total,0.6331081247651519,1.5466674800316214,0.6822924142591895
real_busq_0693,d_ln_ipv_real_l1,0.15992358327589815,0.08190540151445279,0.0508741114097352
real_busq_0694,ect_l1,-0.1171587284689971,0.034906945583934146,0.0007898835520467348
real_busq_0694,d_ln_ocupados,0.2895282283316233,0.18312678569873556,0.11387206948219421
real_busq_0694,d_ln_permisos_l4,-0.0014704038279695203,0.008020712294343316,0.8545423596742101
real_busq_0694,d_ln_pob_total,0.9898812951523632,1.2148148835611015,0.41516317770659816
real_busq_0694,d_ln_ipv_real_l1,0.26125440015897194,0.10527117612560973,0.013074712366801595
real_busq_0694,d_ln_credito_nuevo,0.04617781292753059,0.018611836539080977,0.013097791272106068
real_busq_0695,ect_l1,-0.15160268226400797,0.0365862756446186,3.417413800166373e-05
real_busq_0695,d_ln_ocupados,0.40718867987535795,0.14813754190694836,0.005982840143174049
real_busq_0695,d_ln_permisos_l4,-0.013180411425868113,0.012180112985657346,0.2791967455638378
real_busq_0695,d_ln_pob_total,-0.9180766000986861,1.3007343625119794,0.48030377788247813
real_busq_0695,d_ln_ipv_real_l4,0.3941362957810837,0.12997960401558223,0.002427031714832239
real_busq_0696,ect_l1,-0.13556248447763827,0.03698647396011813,0.00024715424269340175
real_busq_0696,d_ln_ocupados,0.33006087711045373,0.19902829166381655,0.09724450150632412
real_busq_0696,d_ln_permisos_l4,-0.011200175227477668,0.011271193825342928,0.3203693781295236
real_busq_0696,d_ln_pob_total,-0.12050009634627949,1.3136719417525624,0.926914394448362
real_busq_0696,d_ln_ipv_real_l4,0.33902489641325845,0.10203813517007261,0.0008920466742866974
real_busq_0696,d_ln_credito_nuevo,0.033987862940594644,0.013937021446338484,0.014741227509731418
real_busq_0697,ect_l1,-0.16829101105513147,0.03924824629437518,1.804021999694846e-05
real_busq_0697,d_ln_ocupados,0.585113881074297,0.2471788616937025,0.01792479619913902
real_busq_0697,d_ln_permisos_l4,0.0020638859157040886,0.009719611394198009,0.8318398946404697
real_busq_0697,d_ln_renta_hog_real,-0.059852815514383956,0.12765649415481298,0.6391708759726844
real_busq_0698,ect_l1,-0.14752303850069667,0.04147658656293792,0.0003754301984782707
real_busq_0698,d_ln_ocupados,0.47724376008264086,0.2053149514602789,0.020101539357507178
real_busq_0698,d_ln_permisos_l4,0.004021867682553264,0.008966877411557397,0.6537744289220719
real_busq_0698,d_ln_renta_hog_real,-0.06340302754583625,0.09312192539299413,0.4959598532391004
real_busq_0698,d_ln_credito_nuevo,0.03812677570331582,0.014161210077671044,0.007095282106725204
real_busq_0699,ect_l1,-0.15007632673817065,0.031320836875227326,1.6547219418999724e-06
real_busq_0699,d_ln_ocupados,0.5173862615269218,0.2245058588060883,0.0211914682101098
real_busq_0699,d_ln_permisos_l4,-0.00031891033838249617,0.008235688754592864,0.969111258780161
real_busq_0699,d_ln_renta_hog_real,-0.06098419143213309,0.14086616891296094,0.6650707773016077
real_busq_0699,d_ln_ipv_real_l1,0.1701759771531298,0.0751830999207845,0.023605678651309
real_busq_0700,ect_l1,-0.1137731737763018,0.03245661819251146,0.00045593522715567044
real_busq_0700,d_ln_ocupados,0.345583110275785,0.16413203068216375,0.0352461545769344
real_busq_0700,d_ln_permisos_l4,0.0005476896324403573,0.007162771972860217,0.9390504608143739
real_busq_0700,d_ln_renta_hog_real,-0.0659542621841588,0.1022650611126727,0.5189696577213097
real_busq_0700,d_ln_ipv_real_l1,0.27626560009036677,0.11107755544762858,0.012877416140428005
real_busq_0700,d_ln_credito_nuevo,0.04580049859628941,0.018130711401957253,0.011532743810601508
real_busq_0701,ect_l1,-0.1498517196498423,0.03487812796515664,1.7356436391232582e-05
real_busq_0701,d_ln_ocupados,0.4950884969523204,0.21032799628590632,0.018578219587521965
real_busq_0701,d_ln_permisos_l4,-0.01566139500706397,0.01136970393909417,0.1683678283204202
real_busq_0701,d_ln_renta_hog_real,-0.06805920606710922,0.11882430280037118,0.5667992365452225
real_busq_0701,d_ln_ipv_real_l4,0.37139016266239633,0.12482266302538847,0.0029266167955540956
real_busq_0702,ect_l1,-0.13294940036786718,0.03574067223700917,0.00019935304014343397
real_busq_0702,d_ln_ocupados,0.40676273719056205,0.1819292451692392,0.025362954764698437
real_busq_0702,d_ln_permisos_l4,-0.012259828986638278,0.009934140739825386,0.21716167176145262
real_busq_0702,d_ln_renta_hog_real,-0.07047909541581988,0.08629720863950371,0.4140987976129723
real_busq_0702,d_ln_ipv_real_l4,0.3368907929351713,0.10363371715703563,0.001150874019464321
real_busq_0702,d_ln_credito_nuevo,0.03417460386388887,0.012720882958697468,0.007220576723159971
real_busq_0703,ect_l1,-0.16377257307002932,0.03693372770512552,9.240275664491979e-06
real_busq_0703,d_ln_ocupados,0.6025803196450391,0.25672115010243135,0.018914221286220376
real_busq_0703,d_ln_permisos_l4,-0.0037145709506880855,0.010652109863328152,0.7273018398611123
real_busq_0703,d_ln_renta_hog_real,-0.07085541686765862,0.1361478521921497,0.6027639554539788
real_busq_0703,d_ln_pob_extranj,0.15595930327346463,0.17963806220884262,0.3852923568590676
real_busq_0704,ect_l1,-0.1409870481751422,0.03924038433427255,0.00032700943113193827
real_busq_0704,d_ln_ocupados,0.4972089582043156,0.21445362967525008,0.020422614093248734
real_busq_0704,d_ln_permisos_l4,-0.0035334149555579794,0.010299256158474518,0.7315422098652746
real_busq_0704,d_ln_renta_hog_real,-0.07799386808767768,0.09806958626914532,0.42644419569974046
real_busq_0704,d_ln_pob_extranj,0.20540412525105897,0.17980420723179522,0.25329749892482467
real_busq_0704,d_ln_credito_nuevo,0.03920082149778398,0.014617341482681366,0.007322669830214372
real_busq_0705,ect_l1,-0.14895469228060346,0.030921783613401005,1.4562740848644786e-06
real_busq_0705,d_ln_ocupados,0.5324316986590639,0.2431491258804637,0.028543596234901516
real_busq_0705,d_ln_permisos_l4,-0.0033745462467768004,0.00874007810319,0.6994224326564816
real_busq_0705,d_ln_renta_hog_real,-0.06706637854899554,0.14721112656687904,0.6486923526336232
real_busq_0705,d_ln_pob_extranj,0.08745690623270237,0.15594037366971045,0.5749096450964067
real_busq_0705,d_ln_ipv_real_l1,0.15698247495367434,0.08302278690338662,0.05864623885892972
real_busq_0706,ect_l1,-0.11240583813417712,0.032378555642664474,0.0005173401534361168
real_busq_0706,d_ln_ocupados,0.36233137154280837,0.17897847364315134,0.04292479026332294
real_busq_0706,d_ln_permisos_l4,-0.0029360570058165336,0.006969457480216256,0.6735544085793619
real_busq_0706,d_ln_renta_hog_real,-0.07290478514897544,0.10552882492877473,0.48965864034598017
real_busq_0706,d_ln_pob_extranj,0.09977005809644746,0.11840763579555288,0.39945321083896757
real_busq_0706,d_ln_ipv_real_l1,0.26147110704310156,0.10980654017719409,0.017256436734548797
real_busq_0706,d_ln_credito_nuevo,0.045911249298067766,0.01784014872784604,0.010068173726029733
real_busq_0707,ect_l1,-0.1522763489956703,0.03527170937831365,1.5799407869558178e-05
real_busq_0707,d_ln_ocupados,0.4676212031815726,0.2071179955971838,0.023961084826144424
real_busq_0707,d_ln_permisos_l4,-0.011903717013384718,0.011277732267441047,0.2911938477323963
real_busq_0707,d_ln_renta_hog_real,-0.058038876411187074,0.11832985095598247,0.6237915818401445
real_busq_0707,d_ln_pob_extranj,-0.15508470641777564,0.14313264458335292,0.2785850445189322
real_busq_0707,d_ln_ipv_real_l4,0.4130517079384286,0.13883913849446292,0.0029295229008029187
real_busq_0708,ect_l1,-0.13433711071702348,0.03577510107853151,0.0001733104089520028
real_busq_0708,d_ln_ocupados,0.395901627599506,0.18682513594488023,0.03408179873482767
real_busq_0708,d_ln_permisos_l4,-0.010623185630313847,0.010451272393663646,0.30941561024082886
real_busq_0708,d_ln_renta_hog_real,-0.0659152123472229,0.08951519136548093,0.4615129590842141
real_busq_0708,d_ln_pob_extranj,-0.06998478575557998,0.13489493045950832,0.6038935183654879
real_busq_0708,d_ln_ipv_real_l4,0.3562904912318963,0.11052170481876677,0.0012653921407340713
real_busq_0708,d_ln_credito_nuevo,0.03358107367439688,0.012873216831878741,0.009091343890624323
real_busq_0709,ect_l1,-0.16399454457153634,0.037526752270167815,1.2420655787804234e-05
real_busq_0709,d_ln_ocupados,0.609663235895621,0.2752825370800708,0.026781910157024302
real_busq_0709,d_ln_permisos_l4,-0.00011028850837870689,0.009871010066981182,0.9910854444842876
real_busq_0709,d_ln_renta_hog_real,-0.07019489493144129,0.14002239728064142,0.6161516270490952
real_busq_0709,d_ln_pob_extranj4,0.10117763512016208,0.19336372608571462,0.6008000552592672
real_busq_0710,ect_l1,-0.1410112670650929,0.04054972404119099,0.0005061315942354195
real_busq_0710,d_ln_ocupados,0.510134341557291,0.23318914920606468,0.028695700950155213
real_busq_0710,d_ln_permisos_l4,0.0009642341418168332,0.009089935666081758,0.9155211690704103
real_busq_0710,d_ln_renta_hog_real,-0.07819265694210611,0.10093788152220402,0.4385399041119765
real_busq_0710,d_ln_pob_extranj4,0.14402664828436457,0.18538646874884426,0.43721808726011013
real_busq_0710,d_ln_credito_nuevo,0.038853291676538664,0.014541923819707828,0.007544282323974034
real_busq_0711,ect_l1,-0.14811871288133804,0.030372974718613662,1.078964189705419e-06
real_busq_0711,d_ln_ocupados,0.5343343975205338,0.2534706499201132,0.0350247559769322
real_busq_0711,d_ln_permisos_l4,-0.0015387802505787945,0.008225544233810132,0.8516031100050399
real_busq_0711,d_ln_renta_hog_real,-0.06712908095003263,0.1508679200370183,0.6563539722463656
real_busq_0711,d_ln_pob_extranj4,0.06048734601664054,0.1610374104162757,0.707206466168379
real_busq_0711,d_ln_ipv_real_l1,0.1644679404518066,0.07774735012663313,0.03439455983547108
real_busq_0712,ect_l1,-0.11083223178326378,0.0328516896764024,0.0007416115970064367
real_busq_0712,d_ln_ocupados,0.36869576284556427,0.18625953262764258,0.047762748224252444
real_busq_0712,d_ln_permisos_l4,-0.0011714424056890316,0.006668471296916133,0.860554141580431
real_busq_0712,d_ln_renta_hog_real,-0.07465920679345257,0.10734220538282037,0.48672623634171963
real_busq_0712,d_ln_pob_extranj4,0.08545091885789484,0.1220721066036382,0.48392503178841983
real_busq_0712,d_ln_ipv_real_l1,0.26871440946473,0.10713212486332294,0.012132996607701476
real_busq_0712,d_ln_credito_nuevo,0.046021793555203694,0.01797195863573624,0.010444480508488344
real_busq_0713,ect_l1,-0.15505082824656757,0.036023560404935595,1.6762763041369408e-05
real_busq_0713,d_ln_ocupados,0.44109954588365513,0.20725896014731826,0.03331609579342998
real_busq_0713,d_ln_permisos_l4,-0.014073677500604037,0.010884928783310245,0.19602807215867757
real_busq_0713,d_ln_renta_hog_real,-0.051048100129721566,0.1197120296473077,0.669798809197473
real_busq_0713,d_ln_pob_extranj4,-0.17639895185159685,0.14590633523979044,0.22666760460301905
real_busq_0713,d_ln_ipv_real_l4,0.4175458250317626,0.13494142045687985,0.0019729471031176226
real_busq_0714,ect_l1,-0.13646580401697975,0.03679782793164777,0.0002084669672737701
real_busq_0714,d_ln_ocupados,0.37689482715934813,0.19352683856575892,0.05147400960225066
real_busq_0714,d_ln_permisos_l4,-0.011401725608018219,0.009825431486215147,0.24587377222053508
real_busq_0714,d_ln_renta_hog_real,-0.060306037358241714,0.0908386783522218,0.5067667262206834
real_busq_0714,d_ln_pob_extranj4,-0.1048586833197432,0.1397017056398431,0.452899527037121
real_busq_0714,d_ln_ipv_real_l4,0.365196777561646,0.11071383223584144,0.0009718036070587048
real_busq_0714,d_ln_credito_nuevo,0.03331359708827225,0.01290802586079388,0.00985591962640817
real_busq_0715,ect_l1,-0.16725138694209152,0.0377524912681435,9.414226317267048e-06
real_busq_0715,d_ln_ocupados,0.6123912104629875,0.2749504519050538,0.02592867129447538
real_busq_0715,d_ln_permisos_l4,-0.001977163105887666,0.011092795851984215,0.858535688436688
real_busq_0715,d_ln_renta_hog_real,-0.07368157026056059,0.14021369088190097,0.5992392433677821
real_busq_0715,d_ln_pob_total,1.2809462963370664,1.932109620929023,0.5073446030697288
real_busq_0716,ect_l1,-0.14509492501390955,0.03953695756821655,0.0002426875243506026
real_busq_0716,d_ln_ocupados,0.5128895536504714,0.23401945271424812,0.02840453541344994
real_busq_0716,d_ln_permisos_l4,-0.001861765628360309,0.01074319511788477,0.8624178248102491
real_busq_0716,d_ln_renta_hog_real,-0.0839779002430129,0.09815190609011064,0.3922239779346658
real_busq_0716,d_ln_pob_total,1.8916965399466796,1.89833184535739,0.31900500150233546
real_busq_0716,d_ln_credito_nuevo,0.039765819124013495,0.014705614856527709,0.00684845443616058
real_busq_0717,ect_l1,-0.1507283200503067,0.03167349253577086,1.9473193793196635e-06
real_busq_0717,d_ln_ocupados,0.5381314221750151,0.2580370072370073,0.03702560965650139
real_busq_0717,d_ln_permisos_l4,-0.002530889347554567,0.009044667279575324,0.7796147117380848
real_busq_0717,d_ln_renta_hog_real,-0.069040918553481,0.151750258256272,0.6491350716866147
real_busq_0717,d_ln_pob_total,0.7535581337156516,1.686573474633945,0.6550207106579979
real_busq_0717,d_ln_ipv_real_l1,0.15837055937336214,0.08231173058448374,0.05435033535845366
real_busq_0718,ect_l1,-0.11433659924475392,0.032347543309740046,0.0004083464053442906
real_busq_0718,d_ln_ocupados,0.37466468112174234,0.18816981929993024,0.046470038215586464
real_busq_0718,d_ln_permisos_l4,-0.0027511465223018262,0.00754322980713186,0.715322432096258
real_busq_0718,d_ln_renta_hog_real,-0.0780618537607361,0.10652078261585167,0.46366081210207144
real_busq_0718,d_ln_pob_total,1.1271683926998874,1.283873426052537,0.379974354131668
real_busq_0718,d_ln_ipv_real_l1,0.25981059685501434,0.10462642384920567,0.013020005913909168
real_busq_0718,d_ln_credito_nuevo,0.04632005922235131,0.017819552302796752,0.009338818166757471
real_busq_0719,ect_l1,-0.149470022524318,0.03570636175140755,2.8380160287747423e-05
real_busq_0719,d_ln_ocupados,0.4728053209969496,0.2079075049765867,0.022959146684314737
real_busq_0719,d_ln_permisos_l4,-0.014108553863889813,0.011981260116903729,0.2389753535488759
real_busq_0719,d_ln_renta_hog_real,-0.059793080658738854,0.1208829612158067,0.6208569906237795
real_busq_0719,d_ln_pob_total,-0.8084696101227169,1.3149406307190183,0.5386646532240384
real_busq_0719,d_ln_ipv_real_l4,0.3922938711804456,0.12680193419966473,0.0019764192100878964
real_busq_0720,ect_l1,-0.13294784528601203,0.03572206290366972,0.00019786313939071249
real_busq_0720,d_ln_ocupados,0.40709886243122334,0.19070083799663942,0.032781329929894666
real_busq_0720,d_ln_permisos_l4,-0.012284560884645093,0.010868507772481916,0.2583542315796814
real_busq_0720,d_ln_renta_hog_real,-0.07062050301241203,0.09063463648605476,0.43587494425067597
real_busq_0720,d_ln_pob_total,0.013717926468378168,1.3456152571537525,0.9918660760634
real_busq_0720,d_ln_ipv_real_l4,0.33651971023136923,0.10053619962354435,0.000816178141689499
real_busq_0720,d_ln_credito_nuevo,0.034190842925562,0.013276339555404134,0.010014694529967776
real_busq_0721,ect_l1,-0.16599743726075544,0.041956190012553345,7.60727930075762e-05
real_busq_0721,d_ln_ocupados,0.583103793709447,0.1939228930293636,0.0026393979123343287
real_busq_0721,d_ln_permisos_l4,0.0007116195467136625,0.01166956273277448,0.9513744811645272
real_busq_0721,d_ln_costes,-0.11698737563356684,0.07481168212980728,0.11787438218747426
real_busq_0722,ect_l1,-0.14824481666175068,0.043763231950644785,0.0007055111842797199
real_busq_0722,d_ln_ocupados,0.4413240836201445,0.2337834197860778,0.05905984626945882
real_busq_0722,d_ln_permisos_l4,0.003738788376115534,0.010326406674902214,0.7173065011204425
real_busq_0722,d_ln_costes,-0.055016836238129876,0.08256550458777037,0.5051927364529297
real_busq_0722,d_ln_credito_nuevo,0.03717184304917573,0.015229795982688274,0.014657547373061245
real_busq_0723,ect_l1,-0.14369124270280517,0.03460409915150797,3.289574422710356e-05
real_busq_0723,d_ln_ocupados,0.5245334216666172,0.14020676290639372,0.0001831859142696037
real_busq_0723,d_ln_permisos_l4,-0.0026757553075475184,0.010617842790335603,0.8010367742804124
real_busq_0723,d_ln_costes,-0.15551919843808462,0.0757549786335575,0.04007996857930773
real_busq_0723,d_ln_ipv_real_l1,0.1950803357660634,0.07414920088328139,0.008515502383681756
real_busq_0724,ect_l1,-0.11171396044779092,0.034703875364121034,0.0012861023466543165
real_busq_0724,d_ln_ocupados,0.32674194095603826,0.18302276681715496,0.07422029095217496
real_busq_0724,d_ln_permisos_l4,-0.0006864612911901276,0.008645427086631772,0.9367131456457685
real_busq_0724,d_ln_costes,-0.09995495667040548,0.07865680551113342,0.20380936264181582
real_busq_0724,d_ln_ipv_real_l1,0.28903818374502266,0.1040906227341618,0.005489801409064055
real_busq_0724,d_ln_credito_nuevo,0.044461013142739335,0.018941179408548326,0.018908996677139543
real_busq_0725,ect_l1,-0.1479485577838185,0.03688498490164348,6.0442092000538937e-05
real_busq_0725,d_ln_ocupados,0.4842737209212233,0.17025185580285676,0.004448748705829557
real_busq_0725,d_ln_permisos_l4,-0.01684446779645126,0.012035353170608167,0.16163842430781805
real_busq_0725,d_ln_costes,-0.11629480155608903,0.06403139310676949,0.06933733830809331
real_busq_0725,d_ln_ipv_real_l4,0.37005573988492846,0.12394539918885986,0.0028299006215395653
real_busq_0726,ect_l1,-0.13376122803051452,0.03774964924297902,0.00039503796869065947
real_busq_0726,d_ln_ocupados,0.3668799536663803,0.21283745351204644,0.08475180226276419
real_busq_0726,d_ln_permisos_l4,-0.01256387588280524,0.010378307582276591,0.22605255998713747
real_busq_0726,d_ln_costes,-0.06114873290776432,0.07553831012086103,0.4182240187822873
real_busq_0726,d_ln_ipv_real_l4,0.33667297385993056,0.1039930898431438,0.00120600855749218
real_busq_0726,d_ln_credito_nuevo,0.03311579051038199,0.01377953947037859,0.01624971177680403
real_busq_0727,ect_l1,-0.159366773635569,0.03943014655103795,5.305389989192275e-05
real_busq_0727,d_ln_ocupados,0.6081288952913347,0.20331687481444868,0.002780291164309678
real_busq_0727,d_ln_permisos_l4,-0.007225667806137095,0.012207965920886226,0.5539300182872819
real_busq_0727,d_ln_costes,-0.15019614726498998,0.07733957343578889,0.052132880938421264
real_busq_0727,d_ln_pob_extranj,0.20304297167578728,0.16974096171184994,0.23162120256334728
real_busq_0728,ect_l1,-0.14055595733307363,0.04175672448646029,0.0007624802040451584
real_busq_0728,d_ln_ocupados,0.4670831193506373,0.24581401980425427,0.05741364604402215
real_busq_0728,d_ln_permisos_l4,-0.005086148181500991,0.010962275354181962,0.6426704625772865
real_busq_0728,d_ln_costes,-0.09116959894235586,0.07969821154400619,0.25265046283143844
real_busq_0728,d_ln_pob_extranj,0.2269589331439172,0.16859352650067885,0.17824122303866308
real_busq_0728,d_ln_credito_nuevo,0.037752235351502204,0.015530798526722508,0.015065607656242394
real_busq_0729,ect_l1,-0.1412639819473756,0.03427307939553677,3.7605671852568876e-05
real_busq_0729,d_ln_ocupados,0.5464574913678675,0.15551486044528862,0.0004416450451368557
real_busq_0729,d_ln_permisos_l4,-0.007665756236073559,0.010660102005580072,0.47207486383329667
real_busq_0729,d_ln_costes,-0.17421897926935348,0.07744205020607914,0.024469965093572636
real_busq_0729,d_ln_pob_extranj,0.13539586890056385,0.14259532947372408,0.3423606552517904
real_busq_0729,d_ln_ipv_real_l1,0.17763915218214127,0.08326039166074745,0.03288067426871952
real_busq_0730,ect_l1,-0.10949685740270851,0.03475898136568667,0.0016317295916242393
real_busq_0730,d_ln_ocupados,0.34778605624994413,0.19690540146986021,0.07735230558824492
real_busq_0730,d_ln_permisos_l4,-0.005386141762207558,0.008116359141546637,0.5069364316992991
real_busq_0730,d_ln_costes,-0.1176674470193434,0.0817687233051086,0.15014271219328712
real_busq_0730,d_ln_pob_extranj,0.12740552966487173,0.11486257898768623,0.26734407388138215
real_busq_0730,d_ln_ipv_real_l1,0.27242967477451474,0.10458968431335952,0.009194210221593996
real_busq_0730,d_ln_credito_nuevo,0.044367976646224105,0.018596743198076648,0.017042348355325282
real_busq_0731,ect_l1,-0.15025359636601718,0.03711108458009815,5.1491362348051987e-05
real_busq_0731,d_ln_ocupados,0.46116725410425546,0.1703180825346916,0.006775485194513673
real_busq_0731,d_ln_permisos_l4,-0.013735754255663426,0.012252943014408147,0.2622807361389523
real_busq_0731,d_ln_costes,-0.09688988292573253,0.06489039461122229,0.13540280602012186
real_busq_0731,d_ln_pob_extranj,-0.11827891018852761,0.15161190878227238,0.4353069382992206
real_busq_0731,d_ln_ipv_real_l4,0.40198976652437407,0.14243838118504829,0.004769524804221918
real_busq_0732,ect_l1,-0.13504047678303568,0.03780436725753701,0.00035414814403633785
real_busq_0732,d_ln_ocupados,0.3567364114136286,0.21803896530354025,0.10181591519342532
real_busq_0732,d_ln_permisos_l4,-0.011080320085670715,0.010929487210728662,0.3106779354281948
real_busq_0732,d_ln_costes,-0.05218167408225482,0.07799963422266426,0.5034961421416425
real_busq_0732,d_ln_pob_extranj,-0.05812697547228475,0.13973251442427193,0.6774191703628007
real_busq_0732,d_ln_ipv_real_l4,0.3527112507448619,0.11563852413576968,0.002287507686356258
real_busq_0732,d_ln_credito_nuevo,0.032773924479332237,0.013740884672575298,0.017072653886558833
real_busq_0733,ect_l1,-0.16038391995636717,0.03980434106806895,5.5941463457146994e-05
real_busq_0733,d_ln_ocupados,0.6095139234518874,0.2115120690653025,0.003955385348805407
real_busq_0733,d_ln_permisos_l4,-0.0021854606631259896,0.011735721717481603,0.8522699309512884
real_busq_0733,d_ln_costes,-0.1348103044002008,0.07706108513140351,0.08022270319421611
real_busq_0733,d_ln_pob_extranj4,0.12730263306172254,0.1801946885580436,0.4798942072505704
real_busq_0734,ect_l1,-0.14144920510538414,0.042963726818541235,0.0009937379141150117
real_busq_0734,d_ln_ocupados,0.47081211428141934,0.2540028970316757,0.06380072294219806
real_busq_0734,d_ln_permisos_l4,0.0003660044210014537,0.010224005965869205,0.9714430023441384
real_busq_0734,d_ln_costes,-0.0752884827770032,0.08085297684229789,0.3517616910942267
real_busq_0734,d_ln_pob_extranj4,0.1496721615079984,0.17446671191600968,0.39095664400504115
real_busq_0734,d_ln_credito_nuevo,0.037581596301763616,0.015526108263443422,0.015497391255804696
real_busq_0735,ect_l1,-0.14045892844576943,0.03341397253520062,2.6270462733022375e-05
real_busq_0735,d_ln_ocupados,0.5454201024892513,0.15666780946727277,0.000498838147908177
real_busq_0735,d_ln_permisos_l4,-0.004626118898548502,0.010502883293826473,0.6596026723095146
real_busq_0735,d_ln_costes,-0.16690336764295272,0.07747706191310198,0.031222183249333492
real_busq_0735,d_ln_pob_extranj4,0.09087230268639448,0.14369820259767982,0.5271366295418634
real_busq_0735,d_ln_ipv_real_l1,0.1883044726916363,0.07788282675189982,0.015615001375208366
real_busq_0736,ect_l1,-0.10811729946578527,0.03515290639690815,0.0021005901674533184
real_busq_0736,d_ln_ocupados,0.3491650979201047,0.19926143904433902,0.07972285852773528
real_busq_0736,d_ln_permisos_l4,-0.0028136265501444544,0.00795650364696303,0.7236191874471021
real_busq_0736,d_ln_costes,-0.11228222130683754,0.08110508284977777,0.16623470865718548
real_busq_0736,d_ln_pob_extranj4,0.0992973740201624,0.11522570068297683,0.3888173355141409
real_busq_0736,d_ln_ipv_real_l1,0.28182412055496864,0.10137637313927443,0.005436252589774265
real_busq_0736,d_ln_credito_nuevo,0.04455092739479111,0.018750371519602155,0.01750134982890712
real_busq_0737,ect_l1,-0.15275475655187787,0.03793477278182184,5.654733725433363e-05
real_busq_0737,d_ln_ocupados,0.4415347186959889,0.16737663405616066,0.008340369637265662
real_busq_0737,d_ln_permisos_l4,-0.015266765635664705,0.011779023111051055,0.1949418017539647
real_busq_0737,d_ln_costes,-0.09468214767200026,0.06297948895169056,0.13274090269299424
real_busq_0737,d_ln_pob_extranj4,-0.15382938464621196,0.15214287104280935,0.3119757179122543
real_busq_0737,d_ln_ipv_real_l4,0.41059090406980897,0.1382746785009447,0.002983954404451438
real_busq_0738,ect_l1,-0.13723852831541372,0.03881380691411177,0.00040651579539676606
real_busq_0738,d_ln_ocupados,0.3404855285088047,0.22029262043857178,0.12219982520641026
real_busq_0738,d_ln_permisos_l4,-0.011588545910494574,0.010329588991294396,0.2619140165226397
real_busq_0738,d_ln_costes,-0.04772293539591643,0.07619336560059589,0.5310921032990783
real_busq_0738,d_ln_pob_extranj4,-0.10285513981488649,0.14415063383687177,0.4755206964766202
real_busq_0738,d_ln_ipv_real_l4,0.36439659844797084,0.11488574650987811,0.0015148827702583065
real_busq_0738,d_ln_credito_nuevo,0.03250020777416999,0.013692388386051274,0.01761578008793813
real_busq_0739,ect_l1,-0.16426795985193818,0.040487187618138805,4.964700514893762e-05
real_busq_0739,d_ln_ocupados,0.6133530459710864,0.21851708753414864,0.00500225912718801
real_busq_0739,d_ln_permisos_l4,-0.004596411396316068,0.012781783226531304,0.7191414766727237
real_busq_0739,d_ln_costes,-0.14480180852796687,0.07989747694681425,0.06993287516195117
real_busq_0739,d_ln_pob_total,1.5913297124956387,1.8100328881871903,0.37930818000265065
real_busq_0740,ect_l1,-0.14551989139748797,0.042351801919325784,0.0005904172812537986
real_busq_0740,d_ln_ocupados,0.4747530186135297,0.2625387426486266,0.07055732733883792
real_busq_0740,d_ln_permisos_l4,-0.002814774778905693,0.01161647052841499,0.808540779127052
real_busq_0740,d_ln_costes,-0.08790714222068345,0.08061319142141787,0.2755013804864851
real_busq_0740,d_ln_pob_total,1.9932918504775696,1.790747975545128,0.26566301875182374
real_busq_0740,d_ln_credito_nuevo,0.038341463622848994,0.015602460997929238,0.013994736690750147
real_busq_0741,ect_l1,-0.14416072771057611,0.03514679214784053,4.10169663081798e-05
real_busq_0741,d_ln_ocupados,0.5493420349396252,0.16530964508573842,0.0008901999609785704
real_busq_0741,d_ln_permisos_l4,-0.006023492853959438,0.011014878458659595,0.5844813791964978
real_busq_0741,d_ln_costes,-0.1715322728930067,0.07906444301414475,0.030042860776479434
real_busq_0741,d_ln_pob_total,1.078370913777292,1.5001452785571696,0.4722368461536999
real_busq_0741,d_ln_ipv_real_l1,0.18072472892427185,0.08202233980154973,0.027569396892756014
real_busq_0742,ect_l1,-0.11202885905727324,0.03502924689051527,0.0013831131478976848
real_busq_0742,d_ln_ocupados,0.35483682068524647,0.20404673678319157,0.0820351547939846
real_busq_0742,d_ln_permisos_l4,-0.004667306742923972,0.00863616227697896,0.5888952890686749
real_busq_0742,d_ln_costes,-0.11864279175503925,0.0805097427563139,0.14057715876373109
real_busq_0742,d_ln_pob_total,1.2872270516688449,1.174704942825639,0.2731717579817877
real_busq_0742,d_ln_ipv_real_l1,0.2726236086784902,0.09965045608320679,0.006222904159068352
real_busq_0742,d_ln_credito_nuevo,0.044802375747738404,0.018530293979147173,0.015615048000016845
real_busq_0743,ect_l1,-0.14784791316258775,0.03725219110488184,7.222394701283727e-05
real_busq_0743,d_ln_ocupados,0.47007371582877705,0.16779151549059562,0.0050860206029960916
real_busq_0743,d_ln_permisos_l4,-0.015696426034836224,0.01282010344448975,0.22081632882973978
real_busq_0743,d_ln_costes,-0.10671015524628549,0.06462367145182676,0.09868653367492797
real_busq_0743,d_ln_pob_total,-0.5468346912627817,1.3259023285718785,0.680028260950834
real_busq_0743,d_ln_ipv_real_l4,0.38430431434954654,0.12851354895910724,0.002786308118457104
real_busq_0744,ect_l1,-0.13374516441014697,0.03770853434960738,0.0003899195049856955
real_busq_0744,d_ln_ocupados,0.3686479856375898,0.21969607380733874,0.093348899492304
real_busq_0744,d_ln_permisos_l4,-0.01271797373556665,0.01134569959437676,0.2623087042601715
real_busq_0744,d_ln_costes,-0.062393692568210646,0.07485970334632604,0.4045768816578382
real_busq_0744,d_ln_pob_total,0.07776533644823862,1.304209407691851,0.9524531765769275
real_busq_0744,d_ln_ipv_real_l4,0.3345752093772066,0.1031697218257351,0.0011829510636773679
real_busq_0744,d_ln_credito_nuevo,0.03318669425237765,0.014085721813581488,0.01847032768399188
real_busq_0745,ect_l1,-0.16193691238177815,0.040764878436818,7.11337195150615e-05
real_busq_0745,d_ln_ocupados,0.691219714724042,0.26676081575505767,0.009565325868497272
real_busq_0745,d_ln_permisos_l4,-0.0006666200210986137,0.010981189689022237,0.951593649103141
real_busq_0745,d_ln_costes,-0.13614261375337622,0.07851537704882174,0.08292497600603069
real_busq_0745,d_ln_renta_hog_real,-0.09142139583704743,0.1304431388698337,0.4833950902210976
real_busq_0746,ect_l1,-0.1447931053248369,0.04254078283977213,0.0006649664381264889
real_busq_0746,d_ln_ocupados,0.5367779017103591,0.21284141286923186,0.01167023979089365
real_busq_0746,d_ln_permisos_l4,0.0025149189997719767,0.009622374364021248,0.7938136796645092
real_busq_0746,d_ln_costes,-0.07214148628492134,0.08100087606518334,0.37312984575360264
real_busq_0746,d_ln_renta_hog_real,-0.08002219908095813,0.09033965888335165,0.37572931155945266
real_busq_0746,d_ln_credito_nuevo,0.03695719366313705,0.01420361594563246,0.009269355493440991
real_busq_0747,ect_l1,-0.13867260363037975,0.03155176636029552,1.1073089403984233e-05
real_busq_0747,d_ln_ocupados,0.6444003800347974,0.2410902995103084,0.007520785132160774
real_busq_0747,d_ln_permisos_l4,-0.004290972481419778,0.009626628914910028,0.6557851489714752
real_busq_0747,d_ln_costes,-0.17778779169826286,0.07812429431891403,0.022863714453400564
real_busq_0747,d_ln_renta_hog_real,-0.10240232474233917,0.14621915271052566,0.48371839883420553
real_busq_0747,d_ln_ipv_real_l1,0.19919417213666646,0.0724099888845272,0.005942794041561115
real_busq_0748,ect_l1,-0.10723199249698978,0.03191806107991409,0.0007805473724386185
real_busq_0748,d_ln_ocupados,0.4373708094310146,0.1816800257872753,0.01606793838302723
real_busq_0748,d_ln_permisos_l4,-0.0021746777543656987,0.007834711631944295,0.781342773017167
real_busq_0748,d_ln_costes,-0.1205773853169361,0.07423109180412815,0.10430081179306135
real_busq_0748,d_ln_renta_hog_real,-0.09388111929790306,0.09909067738362971,0.34342156672251345
real_busq_0748,d_ln_ipv_real_l1,0.29245987963192044,0.10330868017624799,0.004641254366547504
real_busq_0748,d_ln_credito_nuevo,0.04429547971912391,0.01785818857891383,0.013123447633200655
real_busq_0749,ect_l1,-0.14343141391663033,0.036295180674022015,7.756449255072237e-05
real_busq_0749,d_ln_ocupados,0.6019565199474749,0.23222993857041374,0.009540004399500418
real_busq_0749,d_ln_permisos_l4,-0.01842880955612872,0.011466082673148904,0.1080005287555848
real_busq_0749,d_ln_costes,-0.13722024184397524,0.07048384382038649,0.0515548124603615
real_busq_0749,d_ln_renta_hog_real,-0.09988474689824235,0.12283604542325186,0.41612918490262973
real_busq_0749,d_ln_ipv_real_l4,0.37171064201140036,0.12055307157535809,0.0020466527475056766
real_busq_0750,ect_l1,-0.12984790962861845,0.036863222187009874,0.0004276191447125104
real_busq_0750,d_ln_ocupados,0.4726497348772095,0.20144615041475633,0.018961689720027194
real_busq_0750,d_ln_permisos_l4,-0.014009003901662449,0.009570070363677994,0.14323903823579962
real_busq_0750,d_ln_costes,-0.0802245844645188,0.07704319749595025,0.29773933027090715
real_busq_0750,d_ln_renta_hog_real,-0.08899225442138137,0.08602555134894291,0.30090887764365803
real_busq_0750,d_ln_ipv_real_l4,0.3384091276354788,0.10170737844868354,0.0008769758255063721
real_busq_0750,d_ln_credito_nuevo,0.03285616385543722,0.012663579049271782,0.0094717559482163
real_busq_0751,ect_l1,-0.15318598685365234,0.03818569884571244,6.030703293067684e-05
real_busq_0751,d_ln_ocupados,0.7510934531808487,0.29704107896466864,0.011452353137722492
real_busq_0751,d_ln_permisos_l4,-0.010134435640711004,0.012102048933148877,0.40235941451793855
real_busq_0751,d_ln_costes,-0.17962863780707014,0.09089366376235808,0.04812642614519149
real_busq_0751,d_ln_renta_hog_real,-0.11787162356058721,0.14538309517195788,0.41750024879383973
real_busq_0751,d_ln_pob_extranj,0.23199474966752678,0.18746662214231186,0.2158920052030595
real_busq_0752,ect_l1,-0.13496490151403095,0.03995478135226931,0.0007303069849485568
real_busq_0752,d_ln_ocupados,0.5998218775513591,0.24230966939305285,0.013307391931140347
real_busq_0752,d_ln_permisos_l4,-0.007782533008817945,0.010394859404049855,0.4540437404803821
real_busq_0752,d_ln_costes,-0.11867462893229348,0.08418036651388558,0.15860875279730569
real_busq_0752,d_ln_renta_hog_real,-0.10875136775946549,0.09918071600137614,0.2728612904792119
real_busq_0752,d_ln_pob_extranj,0.25352882722344333,0.17722948613145917,0.15257025275696565
real_busq_0752,d_ln_credito_nuevo,0.03752846966464852,0.014165043025655842,0.00806414913961526
real_busq_0753,ect_l1,-0.13486054200728106,0.0308432994215409,1.2286438714893887e-05
real_busq_0753,d_ln_ocupados,0.6916594462683419,0.27446202160246624,0.011733642994120146
real_busq_0753,d_ln_permisos_l4,-0.010630322347357208,0.010150420186580607,0.2949708984251882
real_busq_0753,d_ln_costes,-0.20433471967418573,0.08674978510075133,0.018500321965164185
real_busq_0753,d_ln_renta_hog_real,-0.12002460355284103,0.1557466500008581,0.44092032517222
real_busq_0753,d_ln_pob_extranj,0.16446631649563323,0.15997879801286508,0.30392597573803926
real_busq_0753,d_ln_ipv_real_l1,0.17871618806382958,0.08135804559450219,0.028044541175339915
real_busq_0754,ect_l1,-0.10375873530638188,0.031330395836974057,0.0009271121839935326
real_busq_0754,d_ln_ocupados,0.4823398088287844,0.21068684431088658,0.02205795513668766
real_busq_0754,d_ln_permisos_l4,-0.008124725058411877,0.0072932456738972464,0.26527628216505417
real_busq_0754,d_ln_costes,-0.14564879943568648,0.081660647399482,0.07449093831367636
real_busq_0754,d_ln_renta_hog_real,-0.11042964961793623,0.10402545012483337,0.2884337658890369
real_busq_0754,d_ln_pob_extranj,0.15419062908176792,0.12397295758751298,0.2135937760269
real_busq_0754,d_ln_ipv_real_l1,0.27296282722963183,0.10289223695042668,0.007980348255507254
real_busq_0754,d_ln_credito_nuevo,0.04415370493384384,0.017260235557081123,0.010524062584274152
real_busq_0755,ect_l1,-0.14566375675190504,0.03665829717166147,7.080782473368185e-05
real_busq_0755,d_ln_ocupados,0.5724135109069151,0.2414388479676074,0.017747586297141307
real_busq_0755,d_ln_permisos_l4,-0.015864250942892018,0.011633462183059145,0.17267016256208234
real_busq_0755,d_ln_costes,-0.12011982789397119,0.0730417701919559,0.10006551378156582
real_busq_0755,d_ln_renta_hog_real,-0.08999957299959857,0.1241716097844288,0.4685747840694632
real_busq_0755,d_ln_pob_extranj,-0.09160946338545956,0.15227472273300113,0.5474360993809322
real_busq_0755,d_ln_ipv_real_l4,0.3962804277140822,0.13702149743543285,0.0038267119003422253
real_busq_0756,ect_l1,-0.1307275076024276,0.03700324833355495,0.00041108120893787085
real_busq_0756,d_ln_ocupados,0.46273762509510347,0.22069920493646886,0.036021102932941945
real_busq_0756,d_ln_permisos_l4,-0.013110498421645436,0.010125827363455115,0.1954036417783983
real_busq_0756,d_ln_costes,-0.07438730959914179,0.08234650466667573,0.3663427796520854
real_busq_0756,d_ln_renta_hog_real,-0.08549457538170538,0.09135256858640549,0.34933760524866597
real_busq_0756,d_ln_pob_extranj,-0.03297880831854375,0.14581313164174897,0.8210678567178891
real_busq_0756,d_ln_ipv_real_l4,0.34744033699912685,0.1139249260931754,0.0022904669516978942
real_busq_0756,d_ln_credito_nuevo,0.03267240756008075,0.012745873890072177,0.010366111912529763
real_busq_0757,ect_l1,-0.15398898851888135,0.03909519313085897,8.188280763669113e-05
real_busq_0757,d_ln_ocupados,0.7503549375118304,0.3166603209700404,0.017807849686544634
real_busq_0757,d_ln_permisos_l4,-0.004593240981993094,0.011270136907026931,0.6835977793810488
real_busq_0757,d_ln_costes,-0.16290711783955905,0.08994148182858253,0.07010111417210667
real_busq_0757,d_ln_renta_hog_real,-0.11375218904961124,0.14872320825493274,0.4443558920411713
real_busq_0757,d_ln_pob_extranj4,0.15774934978786728,0.20064372418069024,0.4317408269077867
real_busq_0758,ect_l1,-0.13564723682458313,0.04150275908971417,0.0010816089857091046
real_busq_0758,d_ln_ocupados,0.6016270048387047,0.2605918491544397,0.020960532106285203
real_busq_0758,d_ln_permisos_l4,-0.001871355842500908,0.009465302660488452,0.8432743746633522
real_busq_0758,d_ln_costes,-0.10155900645824968,0.084394421893747,0.22882725488586086
real_busq_0758,d_ln_renta_hog_real,-0.10504300164681801,0.10163036764160503,0.3013330766589315
real_busq_0758,d_ln_pob_extranj4,0.17766569491810016,0.1846233313096128,0.3358916851166768
real_busq_0758,d_ln_credito_nuevo,0.03737646889693652,0.014188348792125247,0.008430917827450592
real_busq_0759,ect_l1,-0.133495988216087,0.03041019721612037,1.1343258153500487e-05
real_busq_0759,d_ln_ocupados,0.6922381023771933,0.2853983203539758,0.015286655180448222
real_busq_0759,d_ln_permisos_l4,-0.007182016730623919,0.009618016746300239,0.45522937645062456
real_busq_0759,d_ln_costes,-0.1967755168901646,0.08659930209142261,0.023071238723002034
real_busq_0759,d_ln_renta_hog_real,-0.11925201128653937,0.1596037205826658,0.4549575494022906
real_busq_0759,d_ln_pob_extranj4,0.12231787411633734,0.16306204064250623,0.45317587522659164
real_busq_0759,d_ln_ipv_real_l1,0.19075048749885798,0.07580263819616401,0.011855730541026947
real_busq_0760,ect_l1,-0.10172511433554961,0.03194628441265087,0.0014512712886376366
real_busq_0760,d_ln_ocupados,0.48730232805352985,0.21861737734863268,0.025812628388964524
real_busq_0760,d_ln_permisos_l4,-0.0052122781829177355,0.0069245880483227865,0.45161799216681275
real_busq_0760,d_ln_costes,-0.14044425259426385,0.08066243815100366,0.08165979082907697
real_busq_0760,d_ln_renta_hog_real,-0.11159231271350689,0.10601129465809345,0.2925034935971804
real_busq_0760,d_ln_pob_extranj4,0.12869098246747476,0.1241971760075043,0.3001168511264768
real_busq_0760,d_ln_ipv_real_l1,0.28375586042309253,0.0993794922635285,0.0042999468754860186
real_busq_0760,d_ln_credito_nuevo,0.044380781227975834,0.017394819179648986,0.01072974884115077
real_busq_0761,ect_l1,-0.14821638372677956,0.03772450396670968,8.532985808434106e-05
real_busq_0761,d_ln_ocupados,0.5459335764313886,0.24293481070916564,0.024624495267280756
real_busq_0761,d_ln_permisos_l4,-0.01684042991115148,0.011400854197876165,0.13964346957137794
real_busq_0761,d_ln_costes,-0.11559657221939725,0.07164712322055275,0.10665428884603248
real_busq_0761,d_ln_renta_hog_real,-0.08252381205316768,0.12526669579777108,0.510033882621128
real_busq_0761,d_ln_pob_extranj4,-0.12802090793762785,0.1545464120151765,0.40746356767224334
real_busq_0761,d_ln_ipv_real_l4,0.4051574464625028,0.13313467245286137,0.0023406495389170588
real_busq_0762,ect_l1,-0.13296093927274885,0.03841871245663439,0.0005384967960488871
real_busq_0762,d_ln_ocupados,0.4400531146008381,0.22763855038162387,0.053221157097242545
real_busq_0762,d_ln_permisos_l4,-0.013094880287155327,0.009665734513058858,0.17548975481152762
real_busq_0762,d_ln_costes,-0.06773761841426261,0.08017187120246567,0.3981638576825487
real_busq_0762,d_ln_renta_hog_real,-0.0785011959813261,0.09210784346371904,0.3940615764868931
real_busq_0762,d_ln_pob_extranj4,-0.07843466234276193,0.14966319666890357,0.6002267359723539
real_busq_0762,d_ln_ipv_real_l4,0.35934577428935965,0.11319370168917509,0.0015003838913871777
real_busq_0762,d_ln_credito_nuevo,0.03241734311507967,0.012781969850979577,0.011206994464876994
real_busq_0763,ect_l1,-0.15858278668457984,0.038836642408504124,4.4395107888060184e-05
real_busq_0763,d_ln_ocupados,0.7618177926904129,0.32210725819674335,0.01802491353379132
real_busq_0763,d_ln_permisos_l4,-0.007395363447817575,0.0125415033868783,0.5554111019597125
real_busq_0763,d_ln_costes,-0.17524037748355537,0.09426297358998818,0.06301885402700572
real_busq_0763,d_ln_renta_hog_real,-0.12083014352201624,0.15034395074771253,0.4215752095398815
real_busq_0763,d_ln_pob_total,1.8843376315742502,1.9600348206471276,0.33636130185268254
real_busq_0764,ect_l1,-0.14017653588293774,0.04035005294559659,0.0005127396296059168
real_busq_0764,d_ln_ocupados,0.6166808331729409,0.26561584166706953,0.020248986715672396
real_busq_0764,d_ln_permisos_l4,-0.005487326304587689,0.010918497704709824,0.6152655365247179
real_busq_0764,d_ln_costes,-0.11711381715800168,0.08476867243324193,0.16710390702595967
real_busq_0764,d_ln_renta_hog_real,-0.11508091207062171,0.09851891393792626,0.2427624646478742
real_busq_0764,d_ln_pob_total,2.2708292116809243,1.834795402770109,0.2158469415214127
real_busq_0764,d_ln_credito_nuevo,0.03819562661644707,0.014166194081794408,0.007012463062562226
real_busq_0765,ect_l1,-0.13826719679579866,0.03139400188389483,1.0614791682760906e-05
real_busq_0765,d_ln_ocupados,0.699963008410883,0.29378670097749726,0.017192957906292973
real_busq_0765,d_ln_permisos_l4,-0.008877782263517663,0.01045879994906005,0.3959738135999854
real_busq_0765,d_ln_costes,-0.20263514903402063,0.08986945814479677,0.024147635857732344
real_busq_0765,d_ln_renta_hog_real,-0.12287551612443146,0.1613850357385678,0.4464294725537562
real_busq_0765,d_ln_pob_total,1.3734784365349466,1.661934386391773,0.40855816355518737
real_busq_0765,d_ln_ipv_real_l1,0.18173247782912524,0.07983378246628287,0.022822937015984396
real_busq_0766,ect_l1,-0.10650316221087586,0.03137642332233597,0.0006878691192628739
real_busq_0766,d_ln_ocupados,0.4990529406969043,0.22066032699141974,0.023720013575277102
real_busq_0766,d_ln_permisos_l4,-0.007393351572119592,0.007737437047155959,0.33930984945301645
real_busq_0766,d_ln_costes,-0.14846061295295898,0.08062523792176378,0.06556786713344322
real_busq_0766,d_ln_renta_hog_real,-0.1171824555997724,0.10459134928356992,0.2625502362272607
real_busq_0766,d_ln_pob_total,1.5680456346812077,1.2366311542581343,0.20479872129217314
real_busq_0766,d_ln_ipv_real_l1,0.2733136039420275,0.09765704406954313,0.005130742527304382
real_busq_0766,d_ln_credito_nuevo,0.044670227758109735,0.017101885591287367,0.009001267464572301
real_busq_0767,ect_l1,-0.14357305483812632,0.036536328673959735,8.50882767933648e-05
real_busq_0767,d_ln_ocupados,0.5894670889585408,0.24560884031846655,0.016394001030582226
real_busq_0767,d_ln_permisos_l4,-0.017760143979668484,0.012384049088414931,0.15153959959941427
real_busq_0767,d_ln_costes,-0.13130665019753843,0.07376488813039402,0.07506453705954211
real_busq_0767,d_ln_renta_hog_real,-0.09558861337155444,0.12680090539908156,0.4509404767781656
real_busq_0767,d_ln_pob_total,-0.2860401556847503,1.346725429433767,0.8317974913320691
real_busq_0767,d_ln_ipv_real_l4,0.3790926561066088,0.1231835600987217,0.0020877184781684203
real_busq_0768,ect_l1,-0.12956325440374816,0.03658931456935374,0.00039859328411823104
real_busq_0768,d_ln_ocupados,0.4860582961861777,0.22353642295606285,0.029674873762069707
real_busq_0768,d_ln_permisos_l4,-0.01474893062867178,0.010555371903683743,0.16232595396986982
real_busq_0768,d_ln_costes,-0.08661063512007952,0.07891714104181545,0.2724280138190547
real_busq_0768,d_ln_renta_hog_real,-0.0939004512597163,0.09104478851354386,0.30236946627130445
real_busq_0768,d_ln_pob_total,0.33318115171362545,1.337752320839726,0.803314046964316
real_busq_0768,d_ln_ipv_real_l4,0.3295171294993839,0.1013810654307331,0.0011529031310472937
real_busq_0768,d_ln_credito_nuevo,0.03314562768739038,0.01298848819676918,0.010713005179679698
real_busq_0769,ect_l1,-0.16567265540543508,0.04467352131051158,0.00020847404633025037
real_busq_0769,d_ln_ocupados,0.5821796033837375,0.24020308727873257,0.015363400130167053
real_busq_0769,d_tipo_hip,-0.007095916166147805,0.005697362066411281,0.21295757697127948
real_busq_0770,ect_l1,-0.153846125167134,0.04612588615101557,0.0008519109901009741
real_busq_0770,d_ln_ocupados,0.41345818809756296,0.24412826535766802,0.0903393257368684
real_busq_0770,d_tipo_hip,0.0006164895932296489,0.006174277767784415,0.9204649605037436
real_busq_0770,d_ln_credito_nuevo,0.03832502175222398,0.015508248111303049,0.013463525577310561
real_busq_0771,ect_l1,-0.142805517516162,0.035633031114791554,6.132008150691766e-05
real_busq_0771,d_ln_ocupados,0.5123320641565534,0.18952326766479272,0.006866149251149478
real_busq_0771,d_tipo_hip,-0.00838551582635856,0.004711403309034743,0.0751031305170633
real_busq_0771,d_ln_ipv_real_l1,0.18463570120338513,0.07573356636621315,0.01477024874894646
real_busq_0772,ect_l1,-0.11729438775234054,0.03630877954623671,0.0012358729379293742
real_busq_0772,d_ln_ocupados,0.2758247026835171,0.19623880230721125,0.15985589329056626
real_busq_0772,d_tipo_hip,0.00019733008199767862,0.005221858244158256,0.9698557192733986
real_busq_0772,d_ln_ipv_real_l1,0.2764147405004835,0.10866297606944252,0.010966002605485227
real_busq_0772,d_ln_credito_nuevo,0.04583595622027712,0.020121688663086782,0.022730280739163125
real_busq_0773,ect_l1,-0.1319654998022566,0.03869989187853547,0.000649698441137539
real_busq_0773,d_ln_ocupados,0.4754398597090857,0.20153107232967912,0.018317381646834188
real_busq_0773,d_tipo_hip,-0.010283488639204212,0.006627917641686836,0.12077199319744103
real_busq_0773,d_ln_ipv_real_l4,0.364467623434859,0.1347861311549617,0.006850122672683357
real_busq_0774,ect_l1,-0.12573928504313567,0.03943862006987727,0.0014314796373844135
real_busq_0774,d_ln_ocupados,0.344362037644236,0.21158707343559313,0.10362686100721892
real_busq_0774,d_tipo_hip,-0.0033808058140144632,0.006713322878971167,0.6145449621426533
real_busq_0774,d_ln_ipv_real_l4,0.323307296599983,0.104552531685561,0.0019861519942087243
real_busq_0774,d_ln_credito_nuevo,0.03251244637855021,0.013968344118446597,0.01993438611441482
real_busq_0775,ect_l1,-0.1546622632772368,0.041110200328814184,0.00016846677515409877
real_busq_0775,d_ln_ocupados,0.5872227339679612,0.24109032979705444,0.01486317297054551
real_busq_0775,d_tipo_hip,-0.008574038350330642,0.006729680821274852,0.20264103647188436
real_busq_0775,d_ln_pob_extranj,0.17990110456698555,0.15011126815832104,0.2307412155592029
real_busq_0776,ect_l1,-0.1421818626134797,0.043684864868435314,0.0011350549836621638
real_busq_0776,d_ln_ocupados,0.4176916478744301,0.24583608546227206,0.08930681501247124
real_busq_0776,d_tipo_hip,-0.0008901768621438396,0.0068222031970425765,0.896184845615069
real_busq_0776,d_ln_pob_extranj,0.1893540225780142,0.1516843252459255,0.2119055773183235
real_busq_0776,d_ln_credito_nuevo,0.038569131037260694,0.015563870296328268,0.013207688791837556
real_busq_0777,ect_l1,-0.138150687681352,0.03436737026162264,5.8242297078439725e-05
real_busq_0777,d_ln_ocupados,0.5221524512913955,0.198712564987566,0.008597008476768248
real_busq_0777,d_tipo_hip,-0.009180822930638247,0.005583572417253395,0.10012331604977469
real_busq_0777,d_ln_pob_extranj,0.11181995456211352,0.12830145402656196,0.38345892722477126
real_busq_0777,d_ln_ipv_real_l1,0.16696249099252572,0.08333245323596015,0.045116029375445094
real_busq_0778,ect_l1,-0.11394669421772459,0.03562027288897611,0.0013793953439681257
real_busq_0778,d_ln_ocupados,0.28457829349225655,0.20330660344638588,0.1615883790133208
real_busq_0778,d_tipo_hip,-0.0004500172322385443,0.005713042373965969,0.9372154432743782
real_busq_0778,d_ln_pob_extranj,0.08398867634941629,0.10909058672398875,0.4413601186381464
real_busq_0778,d_ln_ipv_real_l1,0.26260575263804,0.1116248609338165,0.01864397650321082
real_busq_0778,d_ln_credito_nuevo,0.045569004328655904,0.019763850074964815,0.02112882929521461
real_busq_0779,ect_l1,-0.1370963503597595,0.03829596835309565,0.00034370465830912126
real_busq_0779,d_ln_ocupados,0.4575856482562344,0.19669218286364534,0.01999696311546009
real_busq_0779,d_tipo_hip,-0.009424952566861097,0.0061101211020010105,0.122948530876944
real_busq_0779,d_ln_pob_extranj,-0.1537223079733627,0.13258888153682663,0.24629699107840364
real_busq_0779,d_ln_ipv_real_l4,0.41071744557947804,0.1463271135997184,0.005002939457965328
real_busq_0780,ect_l1,-0.12921121672483982,0.039098260559820776,0.0009505039608000968
real_busq_0780,d_ln_ocupados,0.33550336290966454,0.21025806504947567,0.11056155899501156
real_busq_0780,d_tipo_hip,-0.0029674816371543927,0.0063144921836402025,0.6383923205683404
real_busq_0780,d_ln_pob_extranj,-0.10008447813646368,0.12554986918091085,0.4253528204141622
real_busq_0780,d_ln_ipv_real_l4,0.35428779455582565,0.11396820798429874,0.0018794128686108822
real_busq_0780,d_ln_credito_nuevo,0.031826438181893464,0.013886013407994903,0.021906908785745558
real_busq_0781,ect_l1,-0.15813446552920013,0.04244612519467753,0.0001949024889521399
real_busq_0781,d_ln_ocupados,0.6005596173097052,0.25347162915816834,0.0178200255332947
real_busq_0781,d_tipo_hip,-0.00797636139940235,0.006502602822486203,0.21995742652439654
real_busq_0781,d_ln_pob_extranj4,0.1243139092419676,0.16615136441705938,0.45434149694452064
real_busq_0782,ect_l1,-0.14565690431677575,0.045595448999210655,0.0014004942002911538
real_busq_0782,d_ln_ocupados,0.43248176049843906,0.257746369680851,0.09335970888279647
real_busq_0782,d_tipo_hip,-0.0002965499970489556,0.006626380118586455,0.9643042352959152
real_busq_0782,d_ln_pob_extranj4,0.13411843773747906,0.1697125970498354,0.4293712602325803
real_busq_0782,d_ln_credito_nuevo,0.03850811737850901,0.01558588392856938,0.013484710181181452
real_busq_0783,ect_l1,-0.13878952551860144,0.034401962030743735,5.475385701194061e-05
real_busq_0783,d_ln_ocupados,0.5273933992844326,0.2039178114591183,0.009701139869219173
real_busq_0783,d_tipo_hip,-0.008912521290824354,0.005405168544211742,0.09917044019977686
real_busq_0783,d_ln_pob_extranj4,0.0820490248907559,0.1322527199000583,0.5349972720972598
real_busq_0783,d_ln_ipv_real_l1,0.1768898399055746,0.07823474787460019,0.023758406231153356
real_busq_0784,ect_l1,-0.11384165280090482,0.03669492980360949,0.001919707158651347
real_busq_0784,d_ln_ocupados,0.2894319418783352,0.2080758322179226,0.16422767215893408
real_busq_0784,d_tipo_hip,-0.00027940467374220154,0.0055908770460578955,0.9601422259567892
real_busq_0784,d_ln_pob_extranj4,0.0715742715486832,0.11444342908802224,0.5317008162722359
real_busq_0784,d_ln_ipv_real_l1,0.26947586640319365,0.10681893266551175,0.011644609651217996
real_busq_0784,d_ln_credito_nuevo,0.04574511995152415,0.01985709952959256,0.021238585283225277
real_busq_0785,ect_l1,-0.1379057474949624,0.039320051154182724,0.0004527420104147813
real_busq_0785,d_ln_ocupados,0.4379769934856746,0.19326995994061286,0.02344274746007989
real_busq_0785,d_tipo_hip,-0.009498536060210694,0.006065102946151976,0.11732604418669189
real_busq_0785,d_ln_pob_extranj4,-0.16557240535192305,0.13022411780985996,0.20357146922971314
real_busq_0785,d_ln_ipv_real_l4,0.408797688791994,0.14181708099479676,0.0039444525807648834
real_busq_0786,ect_l1,-0.13020501642292776,0.04028404912259429,0.0012285264886215622
real_busq_0786,d_ln_ocupados,0.32018711708175895,0.21298914316026113,0.13276104885658388
real_busq_0786,d_tipo_hip,-0.002971594437809725,0.006209682906655817,0.6322644470906313
real_busq_0786,d_ln_pob_extranj4,-0.12040959870388876,0.13417302736941458,0.3694946834079399
real_busq_0786,d_ln_ipv_real_l4,0.3565093511718199,0.11194679681859418,0.0014493819348307651
real_busq_0786,d_ln_credito_nuevo,0.03175114312727661,0.013899348167225899,0.022350263428427608
real_busq_0787,ect_l1,-0.16095409575835037,0.04274419072518012,0.00016620296299529527
real_busq_0787,d_ln_ocupados,0.5950549125346304,0.25508703381273934,0.019661139682377277
real_busq_0787,d_tipo_hip,-0.008082060122412537,0.0066936663534638615,0.2272708112154509
real_busq_0787,d_ln_pob_total,1.4130211692813033,1.7038442869830948,0.40692700048590746
real_busq_0788,ect_l1,-0.14769736868398103,0.04457825022050363,0.0009222974500457423
real_busq_0788,d_ln_ocupados,0.4248891456944508,0.2617685732594399,0.10455776295332317
real_busq_0788,d_tipo_hip,-0.00039763465437245814,0.006952320146126282,0.9543902387564721
real_busq_0788,d_ln_pob_total,1.7470939821351001,1.711821195721197,0.3074414228421053
real_busq_0788,d_ln_credito_nuevo,0.0393445582677888,0.01581086539604996,0.012830104222004606
real_busq_0789,ect_l1,-0.1416623534734887,0.03543260869615948,6.385875584739528e-05
real_busq_0789,d_ln_ocupados,0.5255363233399628,0.20804891405918244,0.011536195794909356
real_busq_0789,d_tipo_hip,-0.008890535927070323,0.005498933952915119,0.1059269761111327
real_busq_0789,d_ln_pob_total,0.8645471432644913,1.4477213700045664,0.5503886421650153
real_busq_0789,d_ln_ipv_real_l1,0.17055533564651013,0.08260335077386194,0.03894658404727249
real_busq_0790,ect_l1,-0.11593956168389818,0.036431163630008194,0.0014604573300290415
real_busq_0790,d_ln_ocupados,0.2898076157942356,0.20969781269021914,0.16696403060287213
real_busq_0790,d_tipo_hip,-0.00033892268030132327,0.005692814069693553,0.9525258497754792
real_busq_0790,d_ln_pob_total,0.9641030541956208,1.1613741782273093,0.4064596854552811
real_busq_0790,d_ln_ipv_real_l1,0.2610008558813611,0.10490271254382107,0.012845372332527827
real_busq_0790,d_ln_credito_nuevo,0.04597973265312662,0.019701030348864047,0.019602293552289138
real_busq_0791,ect_l1,-0.1325865377594669,0.038964040649460255,0.0006670096352381467
real_busq_0791,d_ln_ocupados,0.4603239177891761,0.19291742120604496,0.017027241890087235
real_busq_0791,d_tipo_hip,-0.009893193567856907,0.006400159486874517,0.12215940607966214
real_busq_0791,d_ln_pob_total,-0.8677291654952943,1.1575752644484776,0.4534900574806543
real_busq_0791,d_ln_ipv_real_l4,0.3890840306385349,0.1355411253041258,0.004096966826015963
real_busq_0792,ect_l1,-0.12597420272597964,0.03952033400336263,0.0014346905943787964
real_busq_0792,d_ln_ocupados,0.3411013826497583,0.21068476399402566,0.1054444549884241
real_busq_0792,d_tipo_hip,-0.003327203894077796,0.006596211142325455,0.6139723303156761
real_busq_0792,d_ln_pob_total,-0.252597631641611,1.2212667377087203,0.8361406869490859
real_busq_0792,d_ln_ipv_real_l4,0.33083103878815967,0.1034976311498716,0.0013910181609283437
real_busq_0792,d_ln_credito_nuevo,0.03222977467879493,0.014378848473169913,0.024995569309130546
real_busq_0793,ect_l1,-0.16241411554924173,0.043033274917000194,0.0001605529282421338
real_busq_0793,d_ln_ocupados,0.6553613338926354,0.29421953492354835,0.025916753087799182
real_busq_0793,d_tipo_hip,-0.007296109726163802,0.005798432089669296,0.20828685819039083
real_busq_0793,d_ln_renta_hog_real,-0.06830543627411323,0.12669110412890802,0.5897837524379088
real_busq_0794,ect_l1,-0.15073549431174058,0.04443060752915815,0.00069231432045936
real_busq_0794,d_ln_ocupados,0.4838668216328517,0.2237214784221309,0.03055587495485205
real_busq_0794,d_tipo_hip,0.0004147216236435966,0.006151838006575682,0.9462519150034304
real_busq_0794,d_ln_renta_hog_real,-0.06551816627252352,0.09346720426145629,0.48331866541655644
real_busq_0794,d_ln_credito_nuevo,0.03827660366015939,0.014710253115103477,0.009267220663882489
real_busq_0795,ect_l1,-0.139473775722199,0.03282600144439174,2.1484094693218398e-05
real_busq_0795,d_ln_ocupados,0.5863718540506635,0.2644160600376067,0.026581395425397024
real_busq_0795,d_tipo_hip,-0.00859005136421762,0.0048758309568104775,0.07810959849464776
real_busq_0795,d_ln_renta_hog_real,-0.06919414664955277,0.13964722121568776,0.6202525356122678
real_busq_0795,d_ln_ipv_real_l1,0.18488443453622716,0.07564096848491654,0.014515897617578865
real_busq_0796,ect_l1,-0.11412701041426726,0.03391819586971932,0.0007660681437268339
real_busq_0796,d_ln_ocupados,0.34700008745670313,0.19143731217971247,0.06989288040138088
real_busq_0796,d_tipo_hip,-7.071614233079995e-06,0.005215826875345744,0.9989182290319902
real_busq_0796,d_ln_renta_hog_real,-0.06630036999426041,0.10255322799487301,0.5179574399000308
real_busq_0796,d_ln_ipv_real_l1,0.2765630331707609,0.10870917805716235,0.010957121775060724
real_busq_0796,d_ln_credito_nuevo,0.04579098958972036,0.01935022491011616,0.01796047794218029
real_busq_0797,ect_l1,-0.1286854987907779,0.03721637032745741,0.0005446743118538814
real_busq_0797,d_ln_ocupados,0.5489897615292123,0.23101458351149892,0.0174811240819579
real_busq_0797,d_tipo_hip,-0.010485147844943634,0.006681881710504255,0.11660346851081875
real_busq_0797,d_ln_renta_hog_real,-0.06866220284240644,0.11133915980411867,0.5374365141811887
real_busq_0797,d_ln_ipv_real_l4,0.3645156478488242,0.13267673801781352,0.006007040681800311
real_busq_0798,ect_l1,-0.12258388396109923,0.03778986916965434,0.0011793441009409105
real_busq_0798,d_ln_ocupados,0.4155422094966464,0.18353223155134538,0.023565658647967273
real_busq_0798,d_tipo_hip,-0.0035862232365195005,0.006691261022713551,0.5919887800423148
real_busq_0798,d_ln_renta_hog_real,-0.06625816080637242,0.08686821394228607,0.44561641502131055
real_busq_0798,d_ln_ipv_real_l4,0.3234181516521485,0.10327361077819536,0.0017381923440907318
real_busq_0798,d_ln_credito_nuevo,0.03246148842274814,0.013168820600971114,0.013700321534277065
real_busq_0799,ect_l1,-0.1503846453561443,0.03964030054911427,0.00014840031662939672
real_busq_0799,d_ln_ocupados,0.6718860484712356,0.29376082483175314,0.02218488887520573
real_busq_0799,d_tipo_hip,-0.008874587006632854,0.006908598613068282,0.198942158201724
real_busq_0799,d_ln_renta_hog_real,-0.0788003425257375,0.13090337829779883,0.5471918904702935
real_busq_0799,d_ln_pob_extranj,0.188371581255064,0.1572838834714142,0.23105196941004713
real_busq_0800,ect_l1,-0.13804358374343262,0.041697793186375585,0.0009310519969410172
real_busq_0800,d_ln_ocupados,0.5000934163159468,0.22324090750318917,0.025081099978493403
real_busq_0800,d_tipo_hip,-0.0011911347894683667,0.006857109866882801,0.8620949559022639
real_busq_0800,d_ln_renta_hog_real,-0.07650741610787201,0.09681252752410194,0.4293738424879303
real_busq_0800,d_ln_pob_extranj,0.19756676369387322,0.1555590332616457,0.2040690791393065
real_busq_0800,d_ln_credito_nuevo,0.03852317947057068,0.014618013381717957,0.008405737815761278
real_busq_0801,ect_l1,-0.13414266417619997,0.03160965226124399,2.198399627606026e-05
real_busq_0801,d_ln_ocupados,0.6040274373648744,0.2763264620663925,0.028821485908302122
real_busq_0801,d_tipo_hip,-0.0094660268591908,0.0058285912363790155,0.10436135710623345
real_busq_0801,d_ln_renta_hog_real,-0.07581138256486603,0.14239681332112458,0.5944522960336189
real_busq_0801,d_ln_pob_extranj,0.12041173154603572,0.1355503071495834,0.37436990325745967
real_busq_0801,d_ln_ipv_real_l1,0.16587707595813167,0.08281842773728922,0.04518796212083525
real_busq_0802,ect_l1,-0.11021230593129984,0.03302033302331354,0.0008447176866847192
real_busq_0802,d_ln_ocupados,0.3620565723814326,0.20302384808387078,0.07453416054589918
real_busq_0802,d_tipo_hip,-0.0007327865961931475,0.005760246182418255,0.8987706625039806
real_busq_0802,d_ln_renta_hog_real,-0.07138176243857687,0.10486365906391402,0.496054880316366
real_busq_0802,d_ln_pob_extranj,0.09212380055214248,0.11285206610699682,0.4143151019131678
real_busq_0802,d_ln_ipv_real_l1,0.2614278753116381,0.11116541566876595,0.018687764610165348
real_busq_0802,d_ln_credito_nuevo,0.045494734466078116,0.018895654335591847,0.016054140203861908
real_busq_0803,ect_l1,-0.1339142919519301,0.037171040152211565,0.0003149880845834608
real_busq_0803,d_ln_ocupados,0.5235154392701582,0.23116239450246834,0.023530573647233783
real_busq_0803,d_tipo_hip,-0.009650895240548005,0.006209912129035199,0.1201578460985495
real_busq_0803,d_ln_renta_hog_real,-0.060618389498905516,0.11196471495905844,0.5882276430829545
real_busq_0803,d_ln_pob_extranj,-0.14514430997022595,0.13115625843211193,0.26844450058208624
real_busq_0803,d_ln_ipv_real_l4,0.40817901561289255,0.14324741582020004,0.004379232608291806
real_busq_0804,ect_l1,-0.12599349403125568,0.03768566347084634,0.0008279614237321971
real_busq_0804,d_ln_ocupados,0.4020604781824776,0.18930364555175752,0.03367918442196545
real_busq_0804,d_tipo_hip,-0.0031932129030089115,0.006315783709529392,0.6131427446390811
real_busq_0804,d_ln_renta_hog_real,-0.06123906376150844,0.08942118152670386,0.49344586643119814
real_busq_0804,d_ln_pob_extranj,-0.09139767747785518,0.1271992885712104,0.4724248748783594
real_busq_0804,d_ln_ipv_real_l4,0.3517013097366578,0.11290908175381291,0.0018400279988245584
real_busq_0804,d_ln_credito_nuevo,0.03183888218774283,0.01319387021936305,0.015814999277944754
real_busq_0805,ect_l1,-0.15333750133704574,0.04127318754350248,0.0002030555832257471
real_busq_0805,d_ln_ocupados,0.6902618867727383,0.3206649673489478,0.03135050188068786
real_busq_0805,d_tipo_hip,-0.008320928659068574,0.0067329264190436255,0.21651203146500375
real_busq_0805,d_ln_renta_hog_real,-0.08167560717226643,0.13716742415611438,0.5515462953015011
real_busq_0805,d_ln_pob_extranj4,0.13916580920848873,0.17901694304583426,0.4369292776831094
real_busq_0806,ect_l1,-0.140983831635452,0.043734493760740546,0.0012657677484194062
real_busq_0806,d_ln_ocupados,0.5202755618018104,0.2480702917094047,0.0359678332011836
real_busq_0806,d_tipo_hip,-0.0006409410056234952,0.0066754128919668775,0.9235085121768506
real_busq_0806,d_ln_renta_hog_real,-0.07978225269725724,0.10029997837927523,0.4263596991210614
real_busq_0806,d_ln_pob_extranj4,0.14861607755788078,0.17566979220093026,0.39755454371511656
real_busq_0806,d_ln_credito_nuevo,0.03846894995837633,0.014594272267303735,0.008391602150688177
real_busq_0807,ect_l1,-0.134302370735514,0.03189883136614553,2.5507707299420776e-05
real_busq_0807,d_ln_ocupados,0.6139797552022237,0.293534306237627,0.036467175922504334
real_busq_0807,d_tipo_hip,-0.009237626082857782,0.0057088333062963416,0.10563489980080487
real_busq_0807,d_ln_renta_hog_real,-0.07842838015189026,0.14800043857030218,0.5961674562156034
real_busq_0807,d_ln_pob_extranj4,0.09657064479859802,0.14611915068448636,0.5086742597660057
real_busq_0807,d_ln_ipv_real_l1,0.17580085007257454,0.07796752316631964,0.02414614396175526
real_busq_0808,ect_l1,-0.10961797784941148,0.03419581929198541,0.0013478312901008757
real_busq_0808,d_ln_ocupados,0.3720038432965465,0.21383681774947041,0.08191833851200961
real_busq_0808,d_tipo_hip,-0.00060094617913785,0.0056548571100241505,0.9153674999754435
real_busq_0808,d_ln_renta_hog_real,-0.07447162418154792,0.10720977943848768,0.48728431177166354
real_busq_0808,d_ln_pob_extranj4,0.08537884470781436,0.12014199202761404,0.4773014703247559
real_busq_0808,d_ln_ipv_real_l1,0.26830413069404224,0.1061920804126753,0.011517500219014947
real_busq_0808,d_ln_credito_nuevo,0.04567709171819856,0.01893518747397683,0.015852831360127932
real_busq_0809,ect_l1,-0.13489497554951285,0.038357581744779545,0.0004368242832810684
real_busq_0809,d_ln_ocupados,0.4985061090834129,0.2322791107266569,0.03186091172758575
real_busq_0809,d_tipo_hip,-0.009714260116069438,0.006186313274233281,0.1163493794888101
real_busq_0809,d_ln_renta_hog_real,-0.05395560103652358,0.11346399149622748,0.6344088211824246
real_busq_0809,d_ln_pob_extranj4,-0.15349485004972147,0.13015017503339643,0.2382519822754744
real_busq_0809,d_ln_ipv_real_l4,0.40560180349561487,0.1385145698686517,0.0034090343118694305
real_busq_0810,ect_l1,-0.12707260098736667,0.039095437155705126,0.0011527604964505472
real_busq_0810,d_ln_ocupados,0.382848398188975,0.19750361865799268,0.052569883002041844
real_busq_0810,d_tipo_hip,-0.003187896949153077,0.006219568052541249,0.6082596854250378
real_busq_0810,d_ln_renta_hog_real,-0.05597691271516906,0.09102795490701107,0.5385930240289756
real_busq_0810,d_ln_pob_extranj4,-0.1078276706645503,0.13606951219392097,0.428100966366899
real_busq_0810,d_ln_ipv_real_l4,0.35313363147590204,0.11073248360307593,0.0014273135518322354
real_busq_0810,d_ln_credito_nuevo,0.031787642951161446,0.013296744063660198,0.016819329195785965
real_busq_0811,ect_l1,-0.15660873473923712,0.040998951872903776,0.00013354753376757663
real_busq_0811,d_ln_ocupados,0.6849462429651331,0.31657248625838086,0.03049263237462262
real_busq_0811,d_tipo_hip,-0.008406601709471662,0.0069146785553333414,0.22407569311175213
real_busq_0811,d_ln_renta_hog_real,-0.08290783695117818,0.1357796715424569,0.5414606698788184
real_busq_0811,d_ln_pob_total,1.529872795044494,1.791815396677042,0.39320937860887784
real_busq_0812,ect_l1,-0.14333245807505346,0.042401810011838716,0.0007239668690062931
real_busq_0812,d_ln_ocupados,0.515106019241584,0.24484945531227784,0.035398842611156396
real_busq_0812,d_tipo_hip,-0.0007220967607811813,0.007024839517872327,0.918128116048665
real_busq_0812,d_ln_renta_hog_real,-0.08323594440235801,0.09699527856466979,0.3908127939938658
real_busq_0812,d_ln_pob_total,1.8644673399177,1.7471800889914153,0.28591338165260427
real_busq_0812,d_ln_credito_nuevo,0.039351541247111446,0.014809004622485349,0.007877604666093241
real_busq_0813,ect_l1,-0.1377306959586199,0.03232448747922916,2.0362541603775218e-05
real_busq_0813,d_ln_ocupados,0.6112742798668305,0.2944683718811453,0.037907163363967544
real_busq_0813,d_tipo_hip,-0.009190123431899488,0.005787682977208714,0.11231436051931781
real_busq_0813,d_ln_renta_hog_real,-0.07847443122799742,0.14760218547738155,0.594960311861567
real_busq_0813,d_ln_pob_total,0.9803058470868626,1.5535086727065224,0.5280229000551677
real_busq_0813,d_ln_ipv_real_l1,0.16895213575197154,0.08237201480661104,0.04025851406654252
real_busq_0814,ect_l1,-0.11212719531494017,0.03360346712062731,0.000847566571205949
real_busq_0814,d_ln_ocupados,0.3735516475010392,0.2113946207688269,0.07721448209676028
real_busq_0814,d_tipo_hip,-0.0006374355812609589,0.005775147787469759,0.9121114786601072
real_busq_0814,d_ln_renta_hog_real,-0.07648490951539863,0.10595005190417563,0.4703584738401134
real_busq_0814,d_ln_pob_total,1.0768510751113054,1.2161190209991812,0.37589691322778374
real_busq_0814,d_ln_ipv_real_l1,0.2593693355485554,0.10435947944602758,0.012942584826590456
real_busq_0814,d_ln_credito_nuevo,0.045944672686175594,0.018765990388768763,0.01435342475810379
real_busq_0815,ect_l1,-0.12957992987858072,0.03777103951398636,0.0006020950553233149
real_busq_0815,d_ln_ocupados,0.5278852254783859,0.23128948624505247,0.022468259718360202
real_busq_0815,d_tipo_hip,-0.010120034291174838,0.006523354274693557,0.12081677911717452
real_busq_0815,d_ln_renta_hog_real,-0.06138876143078494,0.11423224013721728,0.5909891936300198
real_busq_0815,d_ln_pob_total,-0.7642507964897203,1.1765224024277205,0.51596060396323
real_busq_0815,d_ln_ipv_real_l4,0.386191413966394,0.132512154089776,0.003563902619031827
real_busq_0816,ect_l1,-0.12277940362290694,0.03791945600774943,0.0012041304142373327
real_busq_0816,d_ln_ocupados,0.4122756824868015,0.19062301057469835,0.030558085333427715
real_busq_0816,d_tipo_hip,-0.0035519970210892405,0.006631950407491929,0.5922429106054905
real_busq_0816,d_ln_renta_hog_real,-0.0649207749505769,0.0912189632174736,0.47664894604369723
real_busq_0816,d_ln_pob_total,-0.14175108111628257,1.2551169002642297,0.9100792744161396
real_busq_0816,d_ln_ipv_real_l4,0.3276380383642188,0.1026508970064585,0.0014140395455969153
real_busq_0816,d_ln_credito_nuevo,0.03230388913279252,0.013666704734556704,0.018093817921656572
real_busq_0817,ect_l1,-0.1600450314735079,0.046172027973747025,0.0005277195970535904
real_busq_0817,d_ln_ocupados,0.6370613159410407,0.24809209255053566,0.010233376294582253
real_busq_0817,d_tipo_hip,-0.006891933937131888,0.005667046721770162,0.22393080644942087
real_busq_0817,d_ln_costes,-0.11388231099350925,0.06966333513430384,0.1021009427574182
real_busq_0818,ect_l1,-0.15127348441026311,0.047305946504141015,0.0013849522227048117
real_busq_0818,d_ln_ocupados,0.4458417404053645,0.2551786509953026,0.0806069998852333
real_busq_0818,d_tipo_hip,0.0005226905918060794,0.006227538204573597,0.9331103878087
real_busq_0818,d_ln_costes,-0.05820668608781538,0.0810807095256457,0.47282773403711686
real_busq_0818,d_ln_credito_nuevo,0.037340823701839505,0.015994560140094222,0.019564576329772192
real_busq_0819,ect_l1,-0.13254263768966482,0.03714820038091234,0.00035979562661184883
real_busq_0819,d_ln_ocupados,0.5765547198232629,0.19182585181438405,0.0026504406779044414
real_busq_0819,d_tipo_hip,-0.008272949502946336,0.004646998838299924,0.07503048608964764
real_busq_0819,d_ln_costes,-0.1510143840607422,0.0730523463120933,0.03871457244303374
real_busq_0819,d_ln_ipv_real_l1,0.2072463713492529,0.07414568055378482,0.005187981152229748
real_busq_0820,ect_l1,-0.11129927135940897,0.03668501193945755,0.0024140105296610345
real_busq_0820,d_ln_ocupados,0.32498921941443776,0.21138167932286406,0.12418262172137433
real_busq_0820,d_tipo_hip,1.8941538703153643e-05,0.005216637716618588,0.9971028986674284
real_busq_0820,d_ln_costes,-0.09925384016538807,0.07958018774710243,0.212317585823514
real_busq_0820,d_ln_ipv_real_l1,0.2885768515229557,0.10187625636648825,0.004616804902751447
real_busq_0820,d_ln_credito_nuevo,0.04448818248131801,0.02025919207397693,0.028095488282419163
real_busq_0821,ect_l1,-0.12751133734741024,0.039617598091466595,0.0012883917909622589
real_busq_0821,d_ln_ocupados,0.5232207381307397,0.21234746343261046,0.013740227051499628
real_busq_0821,d_tipo_hip,-0.01007806433319351,0.006561043566883649,0.12452711352797938
real_busq_0821,d_ln_costes,-0.09693871519106431,0.06256699828441022,0.12129554652997121
real_busq_0821,d_ln_ipv_real_l4,0.3608326477429988,0.13274389027489814,0.006562588700177869
real_busq_0822,ect_l1,-0.12353504488280741,0.040330235947207485,0.0021906593526300725
real_busq_0822,d_ln_ocupados,0.3732183922596689,0.22759636064385236,0.10104138477536559
real_busq_0822,d_tipo_hip,-0.003453369963263279,0.006699752313458781,0.6062404115316404
real_busq_0822,d_ln_costes,-0.05154083545551431,0.07645220228430885,0.5002111040474827
real_busq_0822,d_ln_ipv_real_l4,0.3224586103894757,0.10443310653133028,0.0020170869130256676
real_busq_0822,d_ln_credito_nuevo,0.031656217135272724,0.014276085510437346,0.02659373666402642
real_busq_0823,ect_l1,-0.1453238817529087,0.042894411413029604,0.0007041853265749019
real_busq_0823,d_ln_ocupados,0.6564401011643127,0.2533730712756799,0.009575186120662592
real_busq_0823,d_tipo_hip,-0.008636419587198657,0.0068682586417287755,0.208594540157935
real_busq_0823,d_ln_costes,-0.14139483819865123,0.07096106651223925,0.04630863652058572
real_busq_0823,d_ln_pob_extranj,0.21831776862974633,0.1501010962262177,0.14581562562910558
real_busq_0824,ect_l1,-0.13701050272669898,0.0447896491206775,0.002220942626932429
real_busq_0824,d_ln_ocupados,0.4656121392741206,0.2612566049652022,0.0747162372639088
real_busq_0824,d_tipo_hip,-0.001208975651216962,0.0069940637259053974,0.8627635196174646
real_busq_0824,d_ln_costes,-0.08521649697792356,0.07971607415909955,0.28506959195663084
real_busq_0824,d_ln_pob_extranj,0.2121612119949693,0.1469668130753329,0.14885167691997497
real_busq_0824,d_ln_credito_nuevo,0.03715763513596542,0.0157896473494376,0.0186080648202267
real_busq_0825,ect_l1,-0.12531406005612242,0.03651051916782641,0.0005985452663125056
real_busq_0825,d_ln_ocupados,0.5960274275726213,0.20494906077143252,0.00363546577896123
real_busq_0825,d_tipo_hip,-0.009322912185405355,0.005658515025049036,0.09943685508652715
real_busq_0825,d_ln_costes,-0.16599290014253393,0.07459134300965703,0.026056802602474716
real_busq_0825,d_ln_pob_extranj,0.14919425371109332,0.12656297665256386,0.23847210688445297
real_busq_0825,d_ln_ipv_real_l1,0.18590879340297767,0.0824946846352991,0.024222280586013632
real_busq_0826,ect_l1,-0.10621559180105285,0.03626260862350692,0.003399816868069836
real_busq_0826,d_ln_ocupados,0.3422047542354299,0.22272888417733844,0.12443579862365874
real_busq_0826,d_tipo_hip,-0.0008491983294677159,0.0058578037033938666,0.8847355653678959
real_busq_0826,d_ln_costes,-0.11087994172944862,0.08366383727471668,0.18507064585473576
real_busq_0826,d_ln_pob_extranj,0.1099238808609631,0.11260885250881343,0.3289868389684657
real_busq_0826,d_ln_ipv_real_l1,0.2719283394514832,0.10565095430144927,0.010057763297070603
real_busq_0826,d_ln_credito_nuevo,0.04398092591318881,0.019813422067519085,0.02643546066059812
real_busq_0827,ect_l1,-0.1323622590273663,0.039747002095350224,0.0008680877991744419
real_busq_0827,d_ln_ocupados,0.5006463152891981,0.21314880222560914,0.01883344865885412
real_busq_0827,d_tipo_hip,-0.009434073268365466,0.006180764686858908,0.12692018202261338
real_busq_0827,d_ln_costes,-0.0798391341985036,0.06400064033614351,0.21222375130417748
real_busq_0827,d_ln_pob_extranj,-0.12179578119551292,0.14022683123972784,0.3850864181441441
real_busq_0827,d_ln_ipv_real_l4,0.39811805658658217,0.1484189226444832,0.007309727015211559
real_busq_0828,ect_l1,-0.12696865254127132,0.04044480295620885,0.0016934793470943226
real_busq_0828,d_ln_ocupados,0.3593347844853904,0.23169720911439148,0.12093021987988528
real_busq_0828,d_tipo_hip,-0.0030864690472820196,0.006396458923048101,0.6294310774254745
real_busq_0828,d_ln_costes,-0.040176048003466996,0.07904342221690655,0.6112582593066149
real_busq_0828,d_ln_pob_extranj,-0.08496887627796,0.13343043900126064,0.5242533063457917
real_busq_0828,d_ln_ipv_real_l4,0.34894730815516883,0.11876419839970864,0.003301747332341915
real_busq_0828,d_ln_credito_nuevo,0.031262614781542485,0.014165376487068245,0.027315889774982484
real_busq_0829,ect_l1,-0.14961557694648484,0.04404931509825518,0.0006824179216985496
real_busq_0829,d_ln_ocupados,0.6691287806556836,0.26807109470126456,0.01255717913125576
real_busq_0829,d_tipo_hip,-0.007971176486668478,0.006598869189009281,0.22706227205196639
real_busq_0829,d_ln_costes,-0.1322478901674309,0.07133093353587411,0.06373847929010763
real_busq_0829,d_ln_pob_extranj4,0.15702767516445598,0.16603083354374862,0.34426377857026014
real_busq_0830,ect_l1,-0.14115751987090533,0.04665341472510316,0.0024808848302409125
real_busq_0830,d_ln_ocupados,0.47750568868368076,0.27435393387219925,0.08177594950955457
real_busq_0830,d_tipo_hip,-0.0005454859567958719,0.006764454051025399,0.9357282094484152
real_busq_0830,d_ln_costes,-0.07620289074783182,0.08024719073722798,0.34231453497311215
real_busq_0830,d_ln_pob_extranj4,0.15264689799081685,0.1662677615621583,0.3585776412831734
real_busq_0830,d_ln_credito_nuevo,0.03724492197566404,0.015850447517198028,0.018784963922940313
real_busq_0831,ect_l1,-0.1259788694329983,0.036290846922984316,0.000517814652749559
real_busq_0831,d_ln_ocupados,0.6032268004741369,0.2119675663286174,0.004429377445898215
real_busq_0831,d_tipo_hip,-0.009017712207341207,0.005455561035958124,0.09834318169769146
real_busq_0831,d_ln_costes,-0.1630782175362794,0.0748041238538305,0.029252281813475733
real_busq_0831,d_ln_pob_extranj4,0.11735147980941424,0.1293319085998046,0.3642128609637604
real_busq_0831,d_ln_ipv_real_l1,0.19797403263629257,0.07760561872322747,0.010740598913052781
real_busq_0832,ect_l1,-0.10607572685648066,0.03722287441177305,0.004375419459016052
real_busq_0832,d_ln_ocupados,0.3481813774870488,0.22905584799098708,0.12849288473866533
real_busq_0832,d_tipo_hip,-0.0006360265783070415,0.005714843218354565,0.9113833772788025
real_busq_0832,d_ln_costes,-0.10938279603054321,0.08304267630281893,0.18777569873144495
real_busq_0832,d_ln_pob_extranj4,0.09560006858002457,0.11604254387299719,0.4100325367211498
real_busq_0832,d_ln_ipv_real_l1,0.28054991670024026,0.1003783061204116,0.005191162975976528
real_busq_0832,d_ln_credito_nuevo,0.04422931292877343,0.019894091068184468,0.02619970934757418
real_busq_0833,ect_l1,-0.13332220830560262,0.040803484410328585,0.001085317155369987
real_busq_0833,d_ln_ocupados,0.48291326044888483,0.21208976319919348,0.022790486066796383
real_busq_0833,d_tipo_hip,-0.009457818515488409,0.006103189388881267,0.12122510915762161
real_busq_0833,d_ln_costes,-0.07891713826803994,0.06318970655207064,0.21170446647312335
real_busq_0833,d_ln_pob_extranj4,-0.1388858022088337,0.13610769480233295,0.3075335329957919
real_busq_0833,d_ln_ipv_real_l4,0.39869345588488786,0.14308205204235128,0.005328599782662021
real_busq_0834,ect_l1,-0.12812434620642862,0.041798742973218096,0.0021747508113457927
real_busq_0834,d_ln_ocupados,0.3439778255652211,0.23639579028138286,0.14564355675120144
real_busq_0834,d_tipo_hip,-0.0030664575060060737,0.006273409792808412,0.6249816277178903
real_busq_0834,d_ln_costes,-0.03815085822276779,0.07786464672655569,0.624159514832512
real_busq_0834,d_ln_pob_extranj4,-0.10830111477949465,0.1409767938854409,0.4423568212675709
real_busq_0834,d_ln_ipv_real_l4,0.35254232346027986,0.11563839998923148,0.002298634198155455
real_busq_0834,d_ln_credito_nuevo,0.03119391398258504,0.014170309976621078,0.027710745989429048
real_busq_0835,ect_l1,-0.15300689863998865,0.04424986713830588,0.0005446188544446004
real_busq_0835,d_ln_ocupados,0.6648901493566071,0.2710215220336155,0.01415623234974615
real_busq_0835,d_tipo_hip,-0.008061722236199389,0.006800760579485322,0.23585348326405486
real_busq_0835,d_ln_costes,-0.13873047365227323,0.0738982093264194,0.06047445754228643
real_busq_0835,d_ln_pob_total,1.7399338556500297,1.683498245564456,0.30135929652661353
real_busq_0836,ect_l1,-0.1432836162854551,0.045615475876886406,0.0016830390545951657
real_busq_0836,d_ln_ocupados,0.4733239884621496,0.2789648882515622,0.08975050244367604
real_busq_0836,d_tipo_hip,-0.0006438686424514592,0.007092947924304885,0.9276706699602898
real_busq_0836,d_ln_costes,-0.08483868097127331,0.08111387370335085,0.29559763836079844
real_busq_0836,d_ln_pob_total,1.9357673823891186,1.656711286236605,0.24262941398559223
real_busq_0836,d_ln_credito_nuevo,0.03802015092322796,0.015960497546655496,0.017212319228239705
real_busq_0837,ect_l1,-0.1300230405181425,0.037132404508223686,0.00046246342854147117
real_busq_0837,d_ln_ocupados,0.6006560705581528,0.21694062231027064,0.005627042423736946
real_busq_0837,d_tipo_hip,-0.008958216265040597,0.005545266162378517,0.10620875145754914
real_busq_0837,d_ln_costes,-0.16491918766479172,0.07628018384967727,0.0306167310467969
real_busq_0837,d_ln_pob_total,1.190855883090576,1.395855341482268,0.39358331738003405
real_busq_0837,d_ln_ipv_real_l1,0.18993350979901316,0.08148571121059978,0.01975962650430856
real_busq_0838,ect_l1,-0.10879827016687824,0.03680329855796894,0.0031144520778135696
real_busq_0838,d_ln_ocupados,0.34902863657764926,0.22897619273216333,0.1274335407333918
real_busq_0838,d_tipo_hip,-0.0006648547326724524,0.005797079040166408,0.908692517151838
real_busq_0838,d_ln_costes,-0.11309910562664859,0.08304456438615969,0.173226734799379
real_busq_0838,d_ln_pob_total,1.1846266114676454,1.1399346201166072,0.2987090570150577
real_busq_0838,d_ln_ipv_real_l1,0.27133381629863557,0.09920312083282792,0.0062354910181586405
real_busq_0838,d_ln_credito_nuevo,0.04447683985898459,0.019647396596022715,0.02358935184013889
real_busq_0839,ect_l1,-0.12836770087127655,0.03994530497365969,0.001310882139969517
real_busq_0839,d_ln_ocupados,0.5082176960679939,0.21153040561053982,0.01628008909389216
real_busq_0839,d_tipo_hip,-0.009829314507913611,0.0064489801612661836,0.12746731826434582
real_busq_0839,d_ln_costes,-0.08760069935542739,0.06244193785740643,0.16064233966059338
real_busq_0839,d_ln_pob_total,-0.5970313429862208,1.178792817492053,0.6125218955036531
real_busq_0839,d_ln_ipv_real_l4,0.3781198450888363,0.13564157303249993,0.005309354354819173
real_busq_0840,ect_l1,-0.12370665219329223,0.040475164182804446,0.002240424605902576
real_busq_0840,d_ln_ocupados,0.37089035580992374,0.23172701807171114,0.10947693307264103
real_busq_0840,d_tipo_hip,-0.003427550362733529,0.006667855756587271,0.6072234178859642
real_busq_0840,d_ln_costes,-0.04994370748882101,0.0753987354071341,0.5077184289153128
real_busq_0840,d_ln_pob_total,-0.11107776214000101,1.2153457614645264,0.9271779263059965
real_busq_0840,d_ln_ipv_real_l4,0.3257934138326256,0.10587209501997277,0.002089298708134186
real_busq_0840,d_ln_credito_nuevo,0.031558447054120364,0.014555000478013993,0.030141931346586805
real_busq_0841,ect_l1,-0.15446358003044303,0.044696484239941534,0.0005485953305334267
real_busq_0841,d_ln_ocupados,0.7504778485337386,0.30976675636016276,0.015404831611303753
real_busq_0841,d_tipo_hip,-0.007143091582664658,0.005792766633442598,0.21753645811824585
real_busq_0841,d_ln_costes,-0.13288899858313533,0.07371735740578561,0.07143807409267626
real_busq_0841,d_ln_renta_hog_real,-0.09730998880425439,0.1292675114395164,0.4515821663755937
real_busq_0842,ect_l1,-0.14665465612234838,0.04571725838113629,0.0013372564615299505
real_busq_0842,d_ln_ocupados,0.5430580558171266,0.23417703499728912,0.020394686317844076
real_busq_0842,d_tipo_hip,0.00024381749490647806,0.00622994258756416,0.9687816440473083
real_busq_0842,d_ln_costes,-0.07471343013809799,0.0802413488714154,0.35179726070434436
real_busq_0842,d_ln_renta_hog_real,-0.08191810717245654,0.09200657332313567,0.37327766253288264
real_busq_0842,d_ln_credito_nuevo,0.03700117880924396,0.014804206869047926,0.012441461490731625
real_busq_0843,ect_l1,-0.12592738654929828,0.03392419722513441,0.00020560962886864047
real_busq_0843,d_ln_ocupados,0.7001896341427862,0.27843461040653056,0.011912143031904266
real_busq_0843,d_tipo_hip,-0.008573125399024563,0.004859566809421246,0.07770255077971354
real_busq_0843,d_ln_costes,-0.17255693099029926,0.07653829512940787,0.02416362673602729
real_busq_0843,d_ln_renta_hog_real,-0.10698152488400899,0.14442128808932533,0.4588389239451113
real_busq_0843,d_ln_ipv_real_l1,0.21085640334786349,0.07321871870848246,0.003979079110151558
real_busq_0844,ect_l1,-0.10574533122966454,0.033618724559986254,0.0016584310573632295
real_busq_0844,d_ln_ocupados,0.433454180147714,0.2110434579774374,0.03998903109991781
real_busq_0844,d_tipo_hip,-0.00029965280409605566,0.00523629670629839,0.9543650927316841
real_busq_0844,d_ln_costes,-0.11821014365446599,0.07639720418875443,0.12178855683465818
real_busq_0844,d_ln_renta_hog_real,-0.09228917134773656,0.10054800765333123,0.35869124337933445
real_busq_0844,d_ln_ipv_real_l1,0.29110609142490323,0.10124052534283921,0.004035274963699428
real_busq_0844,d_ln_credito_nuevo,0.04416818081052418,0.019026382111626716,0.02026430943857539
real_busq_0845,ect_l1,-0.12218608108154838,0.038363194711972436,0.0014476305836198175
real_busq_0845,d_ln_ocupados,0.632768506182351,0.25042285400586217,0.011510698154138299
real_busq_0845,d_tipo_hip,-0.010314721874790236,0.006616480571289873,0.11900966409391929
real_busq_0845,d_ln_costes,-0.11529338085597281,0.06801363998992134,0.09004680459004073
real_busq_0845,d_ln_renta_hog_real,-0.09382209530191846,0.11423033099834533,0.41145185561040687
real_busq_0845,d_ln_ipv_real_l4,0.3602100125972826,0.12934547818612163,0.0053549607840803915
real_busq_0846,ect_l1,-0.11897047933628037,0.03880961447013231,0.00217313751686107
real_busq_0846,d_ln_ocupados,0.46956446800506396,0.20336312723402744,0.020943852140883238
real_busq_0846,d_tipo_hip,-0.0037280137317650015,0.006671828626182072,0.5763191032075035
real_busq_0846,d_ln_costes,-0.06789747182137224,0.07727109177235666,0.3795684262570771
real_busq_0846,d_ln_renta_hog_real,-0.08115946653342329,0.08639176324123815,0.3475073288151834
real_busq_0846,d_ln_ipv_real_l4,0.3223250634085166,0.10275572966302482,0.0017079754743344155
real_busq_0846,d_ln_credito_nuevo,0.03132207197477628,0.013122509944004657,0.016991277853977613
real_busq_0847,ect_l1,-0.13723338751087522,0.04163876088148147,0.0009813884095073474
real_busq_0847,d_ln_ocupados,0.7957036550044854,0.3195302481168265,0.012766062574091571
real_busq_0847,d_tipo_hip,-0.009097707335455379,0.007099677695662714,0.20004428704684885
real_busq_0847,d_ln_costes,-0.16691334696992632,0.08119921854697734,0.03982081060697403
real_busq_0847,d_ln_renta_hog_real,-0.11799243816228265,0.13674154847059006,0.3881998658211663
real_busq_0847,d_ln_pob_extranj,0.23793443926908708,0.1605608604835921,0.13836806508513808
real_busq_0848,ect_l1,-0.13011740278707246,0.04270155973753777,0.002310341824858426
real_busq_0848,d_ln_ocupados,0.5881957344248079,0.24485733861910575,0.01629689836964378
real_busq_0848,d_tipo_hip,-0.0016950100508511749,0.007066576796227743,0.8104364937414055
real_busq_0848,d_ln_costes,-0.10792829017134918,0.0823237534981011,0.18985017418946937
real_busq_0848,d_ln_renta_hog_real,-0.10195683704486895,0.09753438149917672,0.29586468816291356
real_busq_0848,d_ln_pob_extranj,0.22918438200672334,0.15249986765759085,0.1328778035946883
real_busq_0848,d_ln_credito_nuevo,0.036720208138031174,0.01429909111181145,0.010228422241635605
real_busq_0849,ect_l1,-0.11691053222054665,0.03329931960983095,0.0004465948342357415
real_busq_0849,d_ln_ocupados,0.7379154723816078,0.29639496641907764,0.012787411339268277
real_busq_0849,d_tipo_hip,-0.00979894582142481,0.005973569230489455,0.1009254044782983
real_busq_0849,d_ln_costes,-0.19223581841391044,0.08188447435148143,0.018892430338352053
real_busq_0849,d_ln_renta_hog_real,-0.12056549876865176,0.14818077720792927,0.41585241002943296
real_busq_0849,d_ln_pob_extranj,0.16876680855652312,0.13553655199372386,0.21306720657030398
real_busq_0849,d_ln_ipv_real_l1,0.187177966411341,0.08023065292552695,0.01964824139073734
real_busq_0850,ect_l1,-0.09924495439797489,0.03273854821231854,0.0024339004602373683
real_busq_0850,d_ln_ocupados,0.46559794951311134,0.2306865940359755,0.043558584391721965
real_busq_0850,d_tipo_hip,-0.001338552612462434,0.0059494273785774005,0.8219882375097745
real_busq_0850,d_ln_costes,-0.13378290329243364,0.08316253122991835,0.10768369385019202
real_busq_0850,d_ln_renta_hog_real,-0.10271728530435222,0.10386436654905352,0.32268468476151313
real_busq_0850,d_ln_pob_extranj,0.12698728501781978,0.11766222954823727,0.2804750693253468
real_busq_0850,d_ln_ipv_real_l1,0.2721590316170118,0.10422611230970333,0.009021547347826583
real_busq_0850,d_ln_credito_nuevo,0.04354602493516464,0.018381004650919148,0.01783251532035679
real_busq_0851,ect_l1,-0.12677304082399551,0.03884966899239868,0.0011017374583153455
real_busq_0851,d_ln_ocupados,0.6031309506997047,0.260066361991092,0.02038731145621469
real_busq_0851,d_tipo_hip,-0.009751777024639122,0.006321816758640093,0.12293774754811326
real_busq_0851,d_ln_costes,-0.09916505504584525,0.07039294073241247,0.15891330754910005
real_busq_0851,d_ln_renta_hog_real,-0.08464474037244152,0.11617339107593913,0.4662421247523938
real_busq_0851,d_ln_pob_extranj,-0.10208969892179486,0.1401177621498039,0.46624682646921634
real_busq_0851,d_ln_ipv_real_l4,0.39152369177003576,0.1439970313473102,0.006548543243355267
real_busq_0852,ect_l1,-0.1220435554118506,0.0392102497268388,0.0018548351834910934
real_busq_0852,d_ln_ocupados,0.45140712490511364,0.21964625581942346,0.03986402544034777
real_busq_0852,d_tipo_hip,-0.003415319227899084,0.0064156435170028454,0.5944888537085977
real_busq_0852,d_ln_costes,-0.05763412290593196,0.08181032222760101,0.4811309551950088
real_busq_0852,d_ln_renta_hog_real,-0.075187319602323,0.09080408557511528,0.4076609155797053
real_busq_0852,d_ln_pob_extranj,-0.06773518231283202,0.1380722361715287,0.6237250478581722
real_busq_0852,d_ln_ipv_real_l4,0.343451055049968,0.11824172592455313,0.0036766173957011455
real_busq_0852,d_ln_credito_nuevo,0.03103288965534498,0.013141100633842905,0.01820049764250626
real_busq_0853,ect_l1,-0.14077826952553743,0.043278017642715584,0.0011424106688726198
real_busq_0853,d_ln_ocupados,0.8158849251383987,0.3514341577030137,0.02025519172420486
real_busq_0853,d_tipo_hip,-0.008480140245012669,0.006886771512187551,0.21818579263536741
real_busq_0853,d_ln_costes,-0.15921237284695464,0.08225950110120264,0.05293029736929145
real_busq_0853,d_ln_renta_hog_real,-0.12089444895600969,0.14372507770299078,0.4002635180971582
real_busq_0853,d_ln_pob_extranj4,0.18568125656042694,0.18205981825176046,0.3077799331223987
real_busq_0854,ect_l1,-0.1336172457105678,0.04479186938173453,0.0028537346947751945
real_busq_0854,d_ln_ocupados,0.606726665657594,0.27210452122362705,0.02576365157367933
real_busq_0854,d_tipo_hip,-0.0010751555001895403,0.006857021686033755,0.8754054038060723
real_busq_0854,d_ln_costes,-0.10019675139862515,0.08301300902372831,0.22743191429953336
real_busq_0854,d_ln_renta_hog_real,-0.10454610078384184,0.10130870184814546,0.30209283169568635
real_busq_0854,d_ln_pob_extranj4,0.17747852425261398,0.17348554203270547,0.3063001746277213
real_busq_0854,d_ln_credito_nuevo,0.036795857308034086,0.014289618655609206,0.010023827613425173
real_busq_0855,ect_l1,-0.1166061418584617,0.033539466013277806,0.0005076547983189592
real_busq_0855,d_ln_ocupados,0.7544541642357095,0.3178879084825493,0.017628317614118264
real_busq_0855,d_tipo_hip,-0.009554477205549649,0.005842059059965242,0.10195181809118077
real_busq_0855,d_ln_costes,-0.19127825189874612,0.08305637800902639,0.021279240511086418
real_busq_0855,d_ln_renta_hog_real,-0.12510120013713008,0.15476029790375548,0.4188864740319709
real_busq_0855,d_ln_pob_extranj4,0.14661955191240442,0.14484089473243209,0.3114041584744277
real_busq_0855,d_ln_ipv_real_l1,0.19988293327549495,0.07575135469947895,0.00832316135229782
real_busq_0856,ect_l1,-0.0982305086793342,0.03383491429502207,0.003693363143233714
real_busq_0856,d_ln_ocupados,0.48050579668778404,0.24466356795104713,0.04953646778865324
real_busq_0856,d_tipo_hip,-0.0011802201607220152,0.00583795472293668,0.8397890672676531
real_busq_0856,d_ln_costes,-0.13411907616483604,0.08296797534898841,0.10598275390060151
real_busq_0856,d_ln_renta_hog_real,-0.10736093108247304,0.10663282374638774,0.3140173536135207
real_busq_0856,d_ln_pob_extranj4,0.12093452378326137,0.12251317083947767,0.3235865245448708
real_busq_0856,d_ln_ipv_real_l1,0.2813650327634617,0.09865886131079753,0.004345901080008704
real_busq_0856,d_ln_credito_nuevo,0.04378845011772022,0.01836891091990436,0.017133289099201882
real_busq_0857,ect_l1,-0.12784146756400844,0.040188926440246166,0.0014676142062637816
real_busq_0857,d_ln_ocupados,0.582004744450896,0.265809344801733,0.028556371447678884
real_busq_0857,d_tipo_hip,-0.009763775607254773,0.006266062920805596,0.11918598250452035
real_busq_0857,d_ln_costes,-0.0974618442386827,0.07019111775747454,0.16497844070909218
real_busq_0857,d_ln_renta_hog_real,-0.07891728460934345,0.11776033242841197,0.5027611030322983
real_busq_0857,d_ln_pob_extranj4,-0.11494968793066432,0.13776201356811366,0.4040512672476335
real_busq_0857,d_ln_ipv_real_l4,0.39164465654979175,0.13851459595250434,0.004691868927714623
real_busq_0858,ect_l1,-0.12329765326812715,0.04090207536049428,0.002574375041671356
real_busq_0858,d_ln_ocupados,0.4327250177390334,0.2307848419380445,0.06079067348311037
real_busq_0858,d_tipo_hip,-0.0033783840967412824,0.006303624144785962,0.5919978505071795
real_busq_0858,d_ln_costes,-0.054853532684209005,0.08053917390655006,0.49582156179552717
real_busq_0858,d_ln_renta_hog_real,-0.06997549673043223,0.09191632946724208,0.44648053106217545
real_busq_0858,d_ln_pob_extranj4,-0.08727155881126893,0.14550455204511784,0.5486490225578657
real_busq_0858,d_ln_ipv_real_l4,0.34658562264295184,0.11497112128825837,0.0025736500072757284
real_busq_0858,d_ln_credito_nuevo,0.03099558334228596,0.013222910518738848,0.0190739897073883
real_busq_0859,ect_l1,-0.14495790233415376,0.042808789027957,0.0007087506935470956
real_busq_0859,d_ln_ocupados,0.812631322180746,0.3499420929063112,0.020222815878194002
real_busq_0859,d_tipo_hip,-0.008541053181769518,0.007083817234552697,0.22792802631066744
real_busq_0859,d_ln_costes,-0.16626093704739459,0.08589508185880028,0.052913262021695585
real_busq_0859,d_ln_renta_hog_real,-0.12348157112784915,0.14320677756405867,0.3885440935931629
real_busq_0859,d_ln_pob_total,1.9788451593788559,1.7885807552237838,0.26856324349985095
real_busq_0860,ect_l1,-0.13620822060143437,0.04341763139973374,0.001705908056439829
real_busq_0860,d_ln_ocupados,0.6069146840967031,0.27074738109593594,0.024985478835523676
real_busq_0860,d_tipo_hip,-0.0011456167296862627,0.007219686737683173,0.8739213412621081
real_busq_0860,d_ln_costes,-0.10991523062863119,0.08448458464689061,0.1932552702320781
real_busq_0860,d_ln_renta_hog_real,-0.11004498264568296,0.09778561496187896,0.26043234257253745
real_busq_0860,d_ln_pob_total,2.1467128558976243,1.6880232094084855,0.2034684149638617
real_busq_0860,d_ln_credito_nuevo,0.037637915747921316,0.014381544778032176,0.008868081038093414
real_busq_0861,ect_l1,-0.12178801721206291,0.033679432058974806,0.00029908095008612025
real_busq_0861,d_ln_ocupados,0.7499366558404228,0.3200666706160654,0.01912610798677748
real_busq_0861,d_tipo_hip,-0.009446803793098623,0.005915808487002106,0.11029368222651854
real_busq_0861,d_ln_costes,-0.1928837040566863,0.08570669517172838,0.024416641586601874
real_busq_0861,d_ln_renta_hog_real,-0.12497530232484134,0.1549027691807138,0.4197826560163417
real_busq_0861,d_ln_pob_total,1.4305391863572197,1.5099592290022525,0.34343370491378056
real_busq_0861,d_ln_ipv_real_l1,0.19066617594029614,0.07914731540898962,0.015996135654991188
real_busq_0862,ect_l1,-0.10174163471153204,0.033050062451192845,0.002081085492875746
real_busq_0862,d_ln_ocupados,0.4824274542937228,0.24015941692711354,0.04456046101859527
real_busq_0862,d_tipo_hip,-0.0011657800266265147,0.005941326781144424,0.844441546470875
real_busq_0862,d_ln_costes,-0.13812883662596617,0.08340512091263039,0.09769764664086485
real_busq_0862,d_ln_renta_hog_real,-0.10986548860390227,0.1049290987268907,0.2950788222278612
real_busq_0862,d_ln_pob_total,1.3953852651763723,1.1926217797313932,0.24199496840287693
real_busq_0862,d_ln_ipv_real_l1,0.27127701205478,0.09755634391556947,0.005423826361346519
real_busq_0862,d_ln_credito_nuevo,0.04409387642637756,0.018102654234492813,0.014860188122668474
real_busq_0863,ect_l1,-0.1230306623518996,0.03889368468223327,0.001560153359380552
real_busq_0863,d_ln_ocupados,0.6170740840923866,0.2649261961265529,0.019846876378841024
real_busq_0863,d_tipo_hip,-0.010141771742867935,0.0066201677034861605,0.1255345563553615
real_busq_0863,d_ln_costes,-0.10827769341464573,0.0701647606190436,0.12278421110137928
real_busq_0863,d_ln_renta_hog_real,-0.08863915883614835,0.11869242955932575,0.4551860634412068
real_busq_0863,d_ln_pob_total,-0.3837243861805818,1.2108992395287947,0.751325487112665
real_busq_0863,d_ln_ipv_real_l4,0.37135524741725673,0.13115461476450999,0.004634022480440608
real_busq_0864,ect_l1,-0.1187777039731759,0.03893214413359595,0.0022816386017172723
real_busq_0864,d_ln_ocupados,0.47265087171490194,0.22082797104836116,0.032325861646273095
real_busq_0864,d_tipo_hip,-0.0037513767626303463,0.0067372657480719795,0.5776572688903294
real_busq_0864,d_ln_costes,-0.0693339913464187,0.07831381444273712,0.3759757687417866
real_busq_0864,d_ln_renta_hog_real,-0.08227042396456348,0.09157427506691723,0.36897178218849813
real_busq_0864,d_ln_pob_total,0.08433586569764037,1.259019516624283,0.9465933642901083
real_busq_0864,d_ln_ipv_real_l4,0.31979128358101333,0.10527051154549279,0.002383081293125027
real_busq_0864,d_ln_credito_nuevo,0.0313917300036887,0.013449203894668894,0.01959070742359364
real_busq_0865,ect_l1,-0.1563930690150891,0.04557186707030551,0.000599612088482422
real_busq_0865,d_ln_ocupados,0.573109710904018,0.23223792386118597,0.01359577605707014
real_busq_0865,d_tipo_hip,-0.008633075746363163,0.006318561891346325,0.17184359782887149
real_busq_0865,d_ln_permisos_l4,0.010514299064323116,0.01173306859976302,0.3701858713154086
real_busq_0866,ect_l1,-0.14963771677143498,0.046853828389457786,0.0014045530505564117
real_busq_0866,d_ln_ocupados,0.41077485103083294,0.240797422196687,0.08802783774375288
real_busq_0866,d_tipo_hip,-0.00016862933704051843,0.006774592782294036,0.9801415588637284
real_busq_0866,d_ln_permisos_l4,0.004890289919117607,0.010553610984782968,0.6430948869261699
real_busq_0866,d_ln_credito_nuevo,0.03797631353064892,0.01549023701437299,0.014221122112996363
real_busq_0867,ect_l1,-0.1352830101798899,0.03643437891157895,0.00020476886733622964
real_busq_0867,d_ln_ocupados,0.5056955323091187,0.1820459257483807,0.00547205593694294
real_busq_0867,d_tipo_hip,-0.009669276649316251,0.005493294108692593,0.0783745080080613
real_busq_0867,d_ln_permisos_l4,0.008914000613030507,0.011176483683861206,0.4251214933434784
real_busq_0867,d_ln_ipv_real_l1,0.18185244423073077,0.07668398783064895,0.017718317995364156
real_busq_0868,ect_l1,-0.11624569800435669,0.035564412915817786,0.0010808250289760688
real_busq_0868,d_ln_ocupados,0.27541794438524975,0.19412392781162205,0.15596497092189537
real_busq_0868,d_tipo_hip,-1.2973891619274585e-05,0.006156068016382969,0.9983184623486758
real_busq_0868,d_ln_permisos_l4,0.0013159064746855905,0.010175036208030785,0.897098941590753
real_busq_0868,d_ln_ipv_real_l1,0.2757815332062608,0.11145224792399465,0.01334464643416737
real_busq_0868,d_ln_credito_nuevo,0.04572491791693696,0.020369416396334043,0.02478207208973457
real_busq_0869,ect_l1,-0.13682469997908409,0.04008154266227769,0.0006409685616602757
real_busq_0869,d_ln_ocupados,0.4781322840349569,0.2052822246612372,0.01985132949552878
real_busq_0869,d_tipo_hip,-0.00941177702308099,0.006665343305689357,0.15793616671287414
real_busq_0869,d_ln_permisos_l4,-0.006570332458261393,0.011349775249969942,0.5626597676205747
real_busq_0869,d_ln_ipv_real_l4,0.3746269378153328,0.13477808050832965,0.005442864705999746
real_busq_0870,ect_l1,-0.13288394226453967,0.039796090547601255,0.0008404409502190868
real_busq_0870,d_ln_ocupados,0.34661277521516504,0.21723131535933432,0.11057968209082636
real_busq_0870,d_tipo_hip,-0.001991770975715682,0.006797843724967753,0.7695218408699085
real_busq_0870,d_ln_permisos_l4,-0.009773263676873513,0.010432219676406762,0.34884367750140055
real_busq_0870,d_ln_ipv_real_l4,0.33786826888671817,0.10669091825591016,0.0015412891703782143
real_busq_0870,d_ln_credito_nuevo,0.032947556912237115,0.014171567533642107,0.02007700775089457
real_busq_0871,ect_l1,-0.15114701555997792,0.042551289179034814,0.0003821497482873997
real_busq_0871,d_ln_ocupados,0.5824383529094613,0.2376232320918923,0.014242029940581534
real_busq_0871,d_tipo_hip,-0.009185838996256314,0.006831839089750397,0.17876635450590894
real_busq_0871,d_ln_permisos_l4,0.005047463622546825,0.011677644609055288,0.6655720609955171
real_busq_0871,d_ln_pob_extranj,0.16455068914181792,0.16271448495050267,0.3118801278315524
real_busq_0872,ect_l1,-0.14330935640616713,0.043983895614228635,0.0011211212370399626
real_busq_0872,d_ln_ocupados,0.41872691511808174,0.24766467567390257,0.09089392300943105
real_busq_0872,d_tipo_hip,-0.0006616861067814492,0.007190888603495978,0.9266842996989737
real_busq_0872,d_ln_permisos_l4,-0.0016775973511241554,0.01111807034130446,0.8800630766863324
real_busq_0872,d_ln_pob_extranj,0.19448689486332632,0.1711348909972121,0.2557666962195043
real_busq_0872,d_ln_credito_nuevo,0.0386953713470391,0.015953266498786308,0.015285405940803803
real_busq_0873,ect_l1,-0.13391182411406874,0.03588215053025207,0.0001899731046633597
real_busq_0873,d_ln_ocupados,0.5161106046051128,0.19268295110196698,0.007394205157311752
real_busq_0873,d_tipo_hip,-0.009904056163325273,0.005846317998959343,0.09025249469978414
real_busq_0873,d_ln_permisos_l4,0.005934766281583681,0.010979030299092656,0.588814557943053
real_busq_0873,d_ln_pob_extranj,0.09333538368511897,0.1341970426158972,0.4867357531442479
real_busq_0873,d_ln_ipv_real_l1,0.16803095064530266,0.08276482361438067,0.04233399707280586
real_busq_0874,ect_l1,-0.1149621055749785,0.035340787787395855,0.0011421029482709478
real_busq_0874,d_ln_ocupados,0.2855250241022994,0.20273464657203827,0.1590220779940369
real_busq_0874,d_tipo_hip,-0.00024506695386766693,0.006371826291394055,0.9693201080754872
real_busq_0874,d_ln_permisos_l4,-0.0015051947758733017,0.009251516918690295,0.8707569472324876
real_busq_0874,d_ln_pob_extranj,0.08860818915899446,0.11195029744801996,0.4286547317034718
real_busq_0874,d_ln_ipv_real_l1,0.26257052784125834,0.11147915733057262,0.018506117838547893
real_busq_0874,d_ln_credito_nuevo,0.04568133229801987,0.02010013534600321,0.023045000613091393
real_busq_0875,ect_l1,-0.13942169588096262,0.040020770878343416,0.0004944717838221747
real_busq_0875,d_ln_ocupados,0.4599936455689059,0.19865840477088967,0.02058555447742008
real_busq_0875,d_tipo_hip,-0.009004450677618462,0.0062499949856448505,0.14966570599726697
real_busq_0875,d_ln_permisos_l4,-0.0035194704304062187,0.012192423048590303,0.7728412244665157
real_busq_0875,d_ln_pob_extranj,-0.14540715422727443,0.13883049008890141,0.29492808641512414
real_busq_0875,d_ln_ipv_real_l4,0.41365764603925054,0.14567937368247602,0.0045183260287549355
real_busq_0876,ect_l1,-0.1343930009344683,0.039799712815385406,0.0007335223423278255
real_busq_0876,d_ln_ocupados,0.33910439534653836,0.21572954285224072,0.11597468327993274
real_busq_0876,d_tipo_hip,-0.0019082997280015703,0.006518611247883853,0.7697160297540486
real_busq_0876,d_ln_permisos_l4,-0.008027664908396645,0.011179012833057991,0.4726947591627665
real_busq_0876,d_ln_pob_extranj,-0.08028717688432514,0.13247813050775492,0.5444875368726507
real_busq_0876,d_ln_ipv_real_l4,0.36011991174522606,0.11306499345380093,0.0014471902842836844
real_busq_0876,d_ln_credito_nuevo,0.03231953027031971,0.014165248498980343,0.022512552498010006
real_busq_0877,ect_l1,-0.15120141884595853,0.043416054108193484,0.0004965411504739301
real_busq_0877,d_ln_ocupados,0.591178378410718,0.2469356795310261,0.016663106339084365
real_busq_0877,d_tipo_hip,-0.00916207307296842,0.006800190447479106,0.17787527714652573
real_busq_0877,d_ln_permisos_l4,0.008719632370784625,0.011329447436759869,0.44151156175439044
real_busq_0877,d_ln_pob_extranj4,0.11173731482880911,0.16661392951505757,0.5024523833070372
real_busq_0878,ect_l1,-0.1435342555254566,0.0455614457851561,0.0016307797661864283
real_busq_0878,d_ln_ocupados,0.4304015440020753,0.25643568840268505,0.09326912542543088
real_busq_0878,d_tipo_hip,-0.0007109782586208252,0.007017766312335393,0.9193034332958144
real_busq_0878,d_ln_permisos_l4,0.002751838995851823,0.010092691966114073,0.7851172052961255
real_busq_0878,d_ln_pob_extranj4,0.130098017826133,0.17403567483671514,0.4547397837989763
real_busq_0878,d_ln_credito_nuevo,0.038306405475590485,0.01573508032830276,0.014914075764668086
real_busq_0879,ect_l1,-0.13271948638020167,0.035489617140918,0.00018426138113921488
real_busq_0879,d_ln_ocupados,0.5195545067600241,0.19639379810289176,0.008157677669727035
real_busq_0879,d_tipo_hip,-0.009969549844449166,0.005885880552976026,0.09030182907627846
real_busq_0879,d_ln_permisos_l4,0.007828187719737699,0.0107389567982652,0.46603081480290665
real_busq_0879,d_ln_pob_extranj4,0.07109511371785487,0.13027677624084158,0.5852559343011332
real_busq_0879,d_ln_ipv_real_l1,0.17547971805836274,0.07822986048080482,0.02488845642014741
real_busq_0880,ect_l1,-0.11367562169273986,0.035874474006961796,0.001531197743592108
real_busq_0880,d_ln_ocupados,0.2893020131290658,0.20603719904672113,0.16028158547574545
real_busq_0880,d_tipo_hip,-0.00031364609744587537,0.006348819129850217,0.960598716587106
real_busq_0880,d_ln_permisos_l4,0.00022733261084701372,0.009324958570830455,0.9805503463212311
real_busq_0880,d_ln_pob_extranj4,0.0712604683896129,0.11432683557492582,0.5330842268378847
real_busq_0880,d_ln_ipv_real_l1,0.2693968972566129,0.1088108898846048,0.013292811469496827
real_busq_0880,d_ln_credito_nuevo,0.04572633551399279,0.02017117453662665,0.023395426627137235
real_busq_0881,ect_l1,-0.14217497838854531,0.04047239857515775,0.000443265309888896
real_busq_0881,d_ln_ocupados,0.4409619468101823,0.19639539182346033,0.024750391337074844
real_busq_0881,d_tipo_hip,-0.008728395182947917,0.006161528901130266,0.15660117422217892
real_busq_0881,d_ln_permisos_l4,-0.0058946889735415455,0.011319926495893003,0.6025509551364658
real_busq_0881,d_ln_pob_extranj4,-0.1630558724576674,0.13288927807294995,0.21982053116646505
real_busq_0881,d_ln_ipv_real_l4,0.4172385237261267,0.1416822792060741,0.0032307099888940157
real_busq_0882,ect_l1,-0.1367757906629644,0.04062824203808252,0.0007612305331948875
real_busq_0882,d_ln_ocupados,0.32322604925341075,0.21817916920554162,0.13848118371940246
real_busq_0882,d_tipo_hip,-0.0016767457111815506,0.006382815991701455,0.7927842381107403
real_busq_0882,d_ln_permisos_l4,-0.009219627748461183,0.010577506186733204,0.3834125275164775
real_busq_0882,d_ln_pob_extranj4,-0.11584874005310261,0.13655652371662502,0.3962389488509217
real_busq_0882,d_ln_ipv_real_l4,0.3689878503942345,0.11307596346190998,0.0011016736362876288
real_busq_0882,d_ln_credito_nuevo,0.032190442058123464,0.014111626684012162,0.022540809549291604
real_busq_0883,ect_l1,-0.15524717145328548,0.044150845964083016,0.0004376229492988164
real_busq_0883,d_ln_ocupados,0.5878025130146203,0.24992220870770138,0.018675692025940934
real_busq_0883,d_tipo_hip,-0.00900782688659642,0.006840356580007933,0.18788384499374133
real_busq_0883,d_ln_permisos_l4,0.0069781973290544514,0.012198158655966792,0.5672747352844973
real_busq_0883,d_ln_pob_total,1.2777217199097402,1.7692719230648501,0.47018766685122126
real_busq_0884,ect_l1,-0.14782229825802815,0.04503066423580843,0.0010281691405863596
real_busq_0884,d_ln_ocupados,0.42499672928599325,0.2624855511169391,0.10542052541516034
real_busq_0884,d_tipo_hip,-0.0003740859230703381,0.007328303485922326,0.9592882845950991
real_busq_0884,d_ln_permisos_l4,-0.00015816967252027238,0.011580783910415605,0.9891028779055976
real_busq_0884,d_ln_pob_total,1.7502722286443868,1.8405671219986492,0.34163391647792873
real_busq_0884,d_ln_credito_nuevo,0.039357691455359195,0.01616882616166772,0.014925932396704646
real_busq_0885,ect_l1,-0.13593776076427805,0.03687506630665962,0.00022741202632335246
real_busq_0885,d_ln_ocupados,0.518254572936458,0.20092020449918815,0.009897068686654128
real_busq_0885,d_tipo_hip,-0.009818813077159287,0.00583833695185361,0.09261101798631084
real_busq_0885,d_ln_permisos_l4,0.006996185917250049,0.011118276146598027,0.5291847724733256
real_busq_0885,d_ln_pob_total,0.7288148480079164,1.461001908700561,0.6178879316288268
real_busq_0885,d_ln_ipv_real_l1,0.17058147748524982,0.08188420037628745,0.037232650779140536
real_busq_0886,ect_l1,-0.11698037276447038,0.03571463850248452,0.0010550570745210524
real_busq_0886,d_ln_ocupados,0.2906101103905554,0.2089567831338101,0.16429622081549755
real_busq_0886,d_tipo_hip,-0.00013747054152256946,0.006435414759820187,0.9829572319086586
real_busq_0886,d_ln_permisos_l4,-0.0013527494385000359,0.009935279821229583,0.8916978403813234
real_busq_0886,d_ln_pob_total,0.990603319013032,1.2103713908914795,0.413112139899235
real_busq_0886,d_ln_ipv_real_l1,0.26122811094291165,0.10593516333110564,0.013666014956392712
real_busq_0886,d_ln_credito_nuevo,0.04609783180243609,0.020127993701911935,0.022007708615489667
real_busq_0887,ect_l1,-0.13645819059013775,0.04045456326368558,0.0007432092617371294
real_busq_0887,d_ln_ocupados,0.46363828037214033,0.19642232653936378,0.018254482456695663
real_busq_0887,d_tipo_hip,-0.00921973199517386,0.0064354312762222145,0.15195737963642797
real_busq_0887,d_ln_permisos_l4,-0.005298529996447501,0.01195534679615812,0.6576259006268084
real_busq_0887,d_ln_pob_total,-0.8021093950443693,1.2285227746409901,0.513817140739135
real_busq_0887,d_ln_ipv_real_l4,0.39541528046846264,0.13494892359011604,0.00338841306102028
real_busq_0888,ect_l1,-0.13284523266590187,0.03987075676039554,0.0008625634648166833
real_busq_0888,d_ln_ocupados,0.34497323654163525,0.21751388740940136,0.11274326103830175
real_busq_0888,d_tipo_hip,-0.0019954267310532277,0.00674323832511129,0.7672948412099101
real_busq_0888,d_ln_permisos_l4,-0.009563492205351807,0.011384962470015829,0.4009022930563938
real_busq_0888,d_ln_pob_total,-0.12326993988920945,1.305638270975336,0.924780655151975
real_busq_0888,d_ln_ipv_real_l4,0.3412273895136016,0.10321449227551965,0.0009463717781746548
real_busq_0888,d_ln_credito_nuevo,0.03280027142410498,0.014655813308602909,0.025218557965699658
real_busq_0889,ect_l1,-0.15392862652789546,0.04430334200881558,0.0005119499983840325
real_busq_0889,d_ln_ocupados,0.6417670196248833,0.2816929224550961,0.02271166164592855
real_busq_0889,d_tipo_hip,-0.008725297662493078,0.00634476667756349,0.16907069264614727
real_busq_0889,d_ln_permisos_l4,0.009870809388884051,0.010724473338206572,0.3573635675590665
real_busq_0889,d_ln_renta_hog_real,-0.06356438593707192,0.1228433497700909,0.6048472077094685
real_busq_0890,ect_l1,-0.14717596855445486,0.04539907765902819,0.0011876597693746657
real_busq_0890,d_ln_ocupados,0.4793672522437255,0.21868190102202964,0.028374050623454335
real_busq_0890,d_tipo_hip,-0.0002610029110408492,0.0067788687301977004,0.9692870949706149
real_busq_0890,d_ln_permisos_l4,0.004247615545524784,0.010022120943092898,0.6716941621247032
real_busq_0890,d_ln_renta_hog_real,-0.06349994021034502,0.09267747606815877,0.4932358766690227
real_busq_0890,d_ln_credito_nuevo,0.037975213610511004,0.014767146786004187,0.01012294007102744
real_busq_0891,ect_l1,-0.1327031225744889,0.03428910020368933,0.00010877932108362771
real_busq_0891,d_ln_ocupados,0.5759764595201271,0.2532075593506921,0.022922693981174035
real_busq_0891,d_tipo_hip,-0.009766416878575957,0.005556921797832094,0.07882873537836829
real_busq_0891,d_ln_permisos_l4,0.008249870641438565,0.010030493524760155,0.41080431346405144
real_busq_0891,d_ln_renta_hog_real,-0.06521919911564986,0.13603310578375474,0.6316283258496139
real_busq_0891,d_ln_ipv_real_l1,0.18229425292854048,0.07649322422628292,0.017165548608720063
real_busq_0892,ect_l1,-0.1136300961227582,0.033370055037026065,0.0006612733391451504
real_busq_0892,d_ln_ocupados,0.3464733364390458,0.1871315315629984,0.06409818797643756
real_busq_0892,d_tipo_hip,-0.00010870995486991384,0.006168960833282943,0.9859403377796805
real_busq_0892,d_ln_permisos_l4,0.0006418679026242679,0.009727997061417717,0.9473925489352572
real_busq_0892,d_ln_renta_hog_real,-0.06599451526769837,0.10201508013724556,0.517690575501967
real_busq_0892,d_ln_ipv_real_l1,0.27625348560339574,0.11146064358501585,0.013194181679728285
real_busq_0892,d_ln_credito_nuevo,0.04573703518305536,0.01966314145219453,0.020017009262670703
real_busq_0893,ect_l1,-0.1339587776320033,0.038632551014642164,0.0005253031509969737
real_busq_0893,d_ln_ocupados,0.5558037560216041,0.23793754970021502,0.019495263523788334
real_busq_0893,d_tipo_hip,-0.00951918017652417,0.00667685773114864,0.15395564382058577
real_busq_0893,d_ln_permisos_l4,-0.007359260652169031,0.01068308017870932,0.49090465512949544
real_busq_0893,d_ln_renta_hog_real,-0.07220807043681013,0.11242299210485451,0.5206854439172135
real_busq_0893,d_ln_ipv_real_l4,0.37589731506919083,0.13260571780511993,0.00458688593737996
real_busq_0894,ect_l1,-0.13005620097194706,0.03820977576371308,0.000664696161941695
real_busq_0894,d_ln_ocupados,0.42339590165322494,0.1927635171183569,0.02805957421454301
real_busq_0894,d_tipo_hip,-0.0021023929409457764,0.006794276916886396,0.7569899933904999
real_busq_0894,d_ln_permisos_l4,-0.010550380027401022,0.009983444494348279,0.29060854935731584
real_busq_0894,d_ln_renta_hog_real,-0.07130708774518685,0.0857054560357306,0.40540796766029863
real_busq_0894,d_ln_ipv_real_l4,0.3391453798789728,0.10504048398064789,0.0012434943130044895
real_busq_0894,d_ln_credito_nuevo,0.03292731352219889,0.013339673187029338,0.013572811186095452
real_busq_0895,ect_l1,-0.1478163563800747,0.04100105394611889,0.0003119314692012867
real_busq_0895,d_ln_ocupados,0.6654739208813463,0.2926296179758603,0.022958966813545825
real_busq_0895,d_tipo_hip,-0.009335886385229517,0.006911318544618316,0.17675592459367484
real_busq_0895,d_ln_permisos_l4,0.003885725244929019,0.010892125651629007,0.7212817600068702
real_busq_0895,d_ln_renta_hog_real,-0.07626038926064778,0.13083482313866834,0.5599772366547182
real_busq_0895,d_ln_pob_extranj,0.1762812335567484,0.17296892148387227,0.308131877202807
real_busq_0896,ect_l1,-0.13987749580300657,0.04195821606414233,0.0008568882305205849
real_busq_0896,d_ln_ocupados,0.5038832881747144,0.2284055707919662,0.027377685726444
real_busq_0896,d_tipo_hip,-0.0008063498577631575,0.007232975368159181,0.9112337770080667
real_busq_0896,d_ln_permisos_l4,-0.0028791052775890523,0.01080802413245718,0.7899420202311166
real_busq_0896,d_ln_renta_hog_real,-0.07837655093717077,0.09756426074565033,0.4217825220774225
real_busq_0896,d_ln_pob_extranj,0.2065764815402443,0.17662624820237224,0.2421746933157145
real_busq_0896,d_ln_credito_nuevo,0.03873871141416221,0.01506246531311083,0.010115069610516563
real_busq_0897,ect_l1,-0.13086638002747517,0.03341672707134472,8.995793597834974e-05
real_busq_0897,d_ln_ocupados,0.5956973186765294,0.2723943038144578,0.028750303248734153
real_busq_0897,d_tipo_hip,-0.01004168441804606,0.0059650237390408145,0.09229238226416919
real_busq_0897,d_ln_permisos_l4,0.004821580618018115,0.009965352156021427,0.628503368285081
real_busq_0897,d_ln_renta_hog_real,-0.07264323683476902,0.14179442898431802,0.6084314376955898
real_busq_0897,d_ln_pob_extranj,0.10503526745657782,0.14529196893510168,0.46972566384137215
real_busq_0897,d_ln_ipv_real_l1,0.16679048367763502,0.08262379032369195,0.043521131227127696
real_busq_0898,ect_l1,-0.11189482418067691,0.03277631474991132,0.0006404177402773039
real_busq_0898,d_ln_ocupados,0.365561188028036,0.20244281547104728,0.0709573416069205
real_busq_0898,d_tipo_hip,-0.0003819257604285109,0.006416137203772037,0.9525333089736918
real_busq_0898,d_ln_permisos_l4,-0.002626448263527454,0.008847037329444049,0.7665633191985697
real_busq_0898,d_ln_renta_hog_real,-0.07308862792065868,0.10531603372584271,0.4876863741514639
real_busq_0898,d_ln_pob_extranj,0.10037901784672207,0.11807046609109163,0.39523505239752665
real_busq_0898,d_ln_ipv_real_l1,0.26133824561896224,0.11091261040496943,0.01846030647783115
real_busq_0898,d_ln_credito_nuevo,0.04568896214448886,0.019276867851338784,0.017781134815641232
real_busq_0899,ect_l1,-0.13670755416146937,0.038838711204584424,0.00043174412315240474
real_busq_0899,d_ln_ocupados,0.5295435749399767,0.23575836342183895,0.024695779479705422
real_busq_0899,d_tipo_hip,-0.009129948006640297,0.006306307506000495,0.147687366166596
real_busq_0899,d_ln_permisos_l4,-0.00444582409555766,0.011529424792166263,0.6997879287536226
real_busq_0899,d_ln_renta_hog_real,-0.06336413963635656,0.11279104033944622,0.5742635701969889
real_busq_0899,d_ln_pob_extranj,-0.1342519930231616,0.13726518252582529,0.3280503835036228
real_busq_0899,d_ln_ipv_real_l4,0.4117781212324467,0.14251384285998656,0.003859896052112553
real_busq_0900,ect_l1,-0.13151939162006743,0.038316519106148327,0.0005981624764641244
real_busq_0900,d_ln_ocupados,0.4121671876578244,0.1980909277093347,0.03746165410388932
real_busq_0900,d_tipo_hip,-0.002024341837659307,0.0065527641108127505,0.7573751910581892
real_busq_0900,d_ln_permisos_l4,-0.009014856802512846,0.010779348360790034,0.40298157372583543
real_busq_0900,d_ln_renta_hog_real,-0.06681747455234759,0.08893747207030445,0.45248057378774054
real_busq_0900,d_ln_pob_extranj,-0.06837452708830759,0.13451638640269223,0.6112437630061791
real_busq_0900,d_ln_ipv_real_l4,0.3580150151244456,0.11146682089870305,0.0013188195328223886
real_busq_0900,d_ln_credito_nuevo,0.032393745203191056,0.013462239368704318,0.016116471616835867
real_busq_0901,ect_l1,-0.14750480595825788,0.0422600817852722,0.00048228882740014605
real_busq_0901,d_ln_ocupados,0.6766620318198594,0.31340336127763724,0.030844183104700138
real_busq_0901,d_tipo_hip,-0.009346687340664489,0.006911870452172144,0.17629024004353
real_busq_0901,d_ln_permisos_l4,0.0076936980338448814,0.0102335709878328,0.4521655020125266
real_busq_0901,d_ln_renta_hog_real,-0.07682946740412688,0.13490472377303905,0.5690106990166501
real_busq_0901,d_ln_pob_extranj4,0.12718772899379618,0.18123184860174507,0.48280659131330994
real_busq_0902,ect_l1,-0.13973885918719042,0.04373020399227434,0.001395999298714871
real_busq_0902,d_ln_ocupados,0.5178266704692637,0.24821241681154355,0.03695834837775411
real_busq_0902,d_tipo_hip,-0.0008915664507674456,0.00706573423586283,0.8995880864249144
real_busq_0902,d_ln_permisos_l4,0.0016945944982326134,0.009515512314835783,0.858654200990921
real_busq_0902,d_ln_renta_hog_real,-0.0787209421313756,0.10033601455517091,0.4327038827032573
real_busq_0902,d_ln_pob_extranj4,0.14594742922654563,0.1812853037739541,0.4207790646063284
real_busq_0902,d_ln_credito_nuevo,0.038345255913797296,0.014832098646688517,0.009729751102451467
real_busq_0903,ect_l1,-0.12924199561003238,0.033376618235862576,0.00010784340678041495
real_busq_0903,d_ln_ocupados,0.6023935297599007,0.2851766002923826,0.034656218368663505
real_busq_0903,d_tipo_hip,-0.010143781726697672,0.006043982401118587,0.09328318709522597
real_busq_0903,d_ln_permisos_l4,0.006842493638036759,0.009448652614322458,0.46895728916479795
real_busq_0903,d_ln_renta_hog_real,-0.07414006762323104,0.14558433050072095,0.6105709954277458
real_busq_0903,d_ln_pob_extranj4,0.0862019921378822,0.14595052464426295,0.5547718777918825
real_busq_0903,d_ln_ipv_real_l1,0.1746278289905692,0.0779992236213902,0.025166289226493985
real_busq_0904,ect_l1,-0.11015430111101017,0.03343929828474034,0.0009871731621635402
real_busq_0904,d_ln_ocupados,0.3729747597364694,0.21088407743675602,0.07695654850434278
real_busq_0904,d_tipo_hip,-0.000486810344352927,0.006398512380990223,0.9393540190315817
real_busq_0904,d_ln_permisos_l4,-0.0007714626221468745,0.00874278102759902,0.929685960046258
real_busq_0904,d_ln_renta_hog_real,-0.07494962941366008,0.10711242705323192,0.48409680737846816
real_busq_0904,d_ln_pob_extranj4,0.08653235505553049,0.12128026349290025,0.4755420896162801
real_busq_0904,d_ln_ipv_real_l1,0.26856459483175865,0.10807398458289276,0.012954893224926092
real_busq_0904,d_ln_credito_nuevo,0.04574040083673948,0.01931822649143699,0.01789745049265194
real_busq_0905,ect_l1,-0.13946238761320115,0.039475683649092694,0.00041107734745482525
real_busq_0905,d_ln_ocupados,0.5057780357468111,0.2382695900533139,0.033777881024012926
real_busq_0905,d_tipo_hip,-0.008869010390047036,0.006242904547279906,0.15541722837939045
real_busq_0905,d_ln_permisos_l4,-0.006577092174454285,0.010816797056907601,0.5431580696219905
real_busq_0905,d_ln_renta_hog_real,-0.057468977546988494,0.11451653754260994,0.6157800837304057
real_busq_0905,d_ln_pob_extranj4,-0.14990054589482166,0.13271970456777318,0.2587071751568514
real_busq_0905,d_ln_ipv_real_l4,0.414811694695488,0.13851409741665938,0.002746919579883342
real_busq_0906,ect_l1,-0.1338685842327383,0.03941003720210335,0.0006817517531581334
real_busq_0906,d_ln_ocupados,0.3921170831128434,0.20571634931048496,0.05663650776676971
real_busq_0906,d_tipo_hip,-0.001810355496073586,0.006417674433462631,0.7778752517332977
real_busq_0906,d_ln_permisos_l4,-0.009955575587406505,0.010208585443064617,0.3294531404666273
real_busq_0906,d_ln_renta_hog_real,-0.06132540625332315,0.09007004212472454,0.49595785056928143
real_busq_0906,d_ln_pob_extranj4,-0.10170056525637855,0.13831000581955974,0.46215144629077887
real_busq_0906,d_ln_ipv_real_l4,0.3662856708325544,0.11146826277526836,0.001016179050417862
real_busq_0906,d_ln_credito_nuevo,0.03226549598555817,0.013481507942180504,0.01669689654797181
real_busq_0907,ect_l1,-0.15206443083372706,0.0423678872176292,0.0003317660747387562
real_busq_0907,d_ln_ocupados,0.6746635584975783,0.31337658742563246,0.0313277667888293
real_busq_0907,d_tipo_hip,-0.00916173996965514,0.006933291036890906,0.18636373889479618
real_busq_0907,d_ln_permisos_l4,0.00580761711673153,0.01134280402023615,0.6086447494463576
real_busq_0907,d_ln_renta_hog_real,-0.07899090582919824,0.13499354965557295,0.5584496990589087
real_busq_0907,d_ln_pob_total,1.4117490029808664,1.882516278256721,0.45329892222945045
real_busq_0908,ect_l1,-0.1444085179026332,0.042807327610925525,0.0007423165404751516
real_busq_0908,d_ln_ocupados,0.5171198734635344,0.24875208937992846,0.037630550990369695
real_busq_0908,d_tipo_hip,-0.0005134988496200888,0.007390966616442151,0.9446102992280713
real_busq_0908,d_ln_permisos_l4,-0.0014263011634245814,0.011094940664182387,0.8977104127156555
real_busq_0908,d_ln_renta_hog_real,-0.08419889735070428,0.09766970680366352,0.3886446427271416
real_busq_0908,d_ln_pob_total,1.8944851883907496,1.888495594075918,0.3157780625046944
real_busq_0908,d_ln_credito_nuevo,0.03947005106174022,0.015242603151652332,0.00961276906620184
real_busq_0909,ect_l1,-0.13310880541333503,0.03416814063419014,9.791576256429779e-05
real_busq_0909,d_ln_ocupados,0.60079711666201,0.2891800721015207,0.037747300373044176
real_busq_0909,d_tipo_hip,-0.009956716112777117,0.005970422949488137,0.09538055955011498
real_busq_0909,d_ln_permisos_l4,0.00589202801472889,0.01010793865240476,0.5599532560310809
real_busq_0909,d_ln_renta_hog_real,-0.07449785991884672,0.14650834624695083,0.6111105593733301
real_busq_0909,d_ln_pob_total,0.8601293130272383,1.5975237466114696,0.5902911929599073
real_busq_0909,d_ln_ipv_real_l1,0.169055391504611,0.08191201861973414,0.0390304680337388
real_busq_0910,ect_l1,-0.11398435438084449,0.03290354936716926,0.0005318182476852344
real_busq_0910,d_ln_ocupados,0.3769030051012172,0.21048217870278838,0.07334711937330056
real_busq_0910,d_tipo_hip,-0.00026824755846568266,0.006498099864535611,0.9670719415528667
real_busq_0910,d_ln_permisos_l4,-0.0025234804913613126,0.009463143660066328,0.7897278132394041
real_busq_0910,d_ln_renta_hog_real,-0.07817851805459029,0.10629931190814534,0.46206153355128654
real_busq_0910,d_ln_pob_total,1.1287824617068891,1.2790565806730678,0.3775001283534305
real_busq_0910,d_ln_ipv_real_l1,0.25975714068105005,0.10526033285954721,0.013596179804724641
real_busq_0910,d_ln_credito_nuevo,0.04616420389060699,0.0192543136867572,0.016502732027603842
real_busq_0911,ect_l1,-0.13392695852437184,0.03916379671545086,0.0006269892174206209
real_busq_0911,d_ln_ocupados,0.5359253187593698,0.2381508556496133,0.02442605960297392
real_busq_0911,d_tipo_hip,-0.009345646358606722,0.006508903316964214,0.1510521330305063
real_busq_0911,d_ln_permisos_l4,-0.006202476612839031,0.011458427833155546,0.5882990386281118
real_busq_0911,d_ln_renta_hog_real,-0.06516895799426559,0.11541790208544814,0.5723222257946694
real_busq_0911,d_ln_pob_total,-0.6810640877059214,1.2472474737916952,0.5850290303622216
real_busq_0911,d_ln_ipv_real_l4,0.3934246742857531,0.1319354796240442,0.0028642110645321307
real_busq_0912,ect_l1,-0.13005503367402466,0.038193460146972454,0.0006612408802632361
real_busq_0912,d_ln_ocupados,0.4236970874192344,0.2011048558496254,0.035130876221974014
real_busq_0912,d_tipo_hip,-0.0021022241247262694,0.006799605757085759,0.7571933304726086
real_busq_0912,d_ln_permisos_l4,-0.010572776635670635,0.010990787768486353,0.3360661123500165
real_busq_0912,d_ln_renta_hog_real,-0.07143429173385907,0.09022352121749816,0.4285076329648764
real_busq_0912,d_ln_pob_total,0.012346486664343511,1.3378044355307797,0.9926364938035407
real_busq_0912,d_ln_ipv_real_l4,0.3388112148638557,0.1018422627626609,0.0008784204900132949
real_busq_0912,d_ln_credito_nuevo,0.032942029249288435,0.013916389644860692,0.017926196758426414
real_busq_0913,ect_l1,-0.15319538084742468,0.047245133300253594,0.0011845922972207254
real_busq_0913,d_ln_ocupados,0.6263304584733469,0.24244535271983342,0.009783517589838763
real_busq_0913,d_tipo_hip,-0.008102519882952007,0.006309169164936791,0.19905619289754328
real_busq_0913,d_ln_permisos_l4,0.008187248363377938,0.013030654895391208,0.5298030138617131
real_busq_0913,d_ln_costes,-0.10627032938581299,0.0718632696894349,0.13919777076086579
real_busq_0914,ect_l1,-0.1481348908184773,0.04801596212795671,0.002034716700887564
real_busq_0914,d_ln_ocupados,0.4419580305731601,0.2534441696237585,0.08119253371898134
real_busq_0914,d_tipo_hip,-8.420943738816679e-05,0.006755336744904066,0.9900541346150428
real_busq_0914,d_ln_permisos_l4,0.0038125391296489277,0.01108919414384423,0.7309916689611275
real_busq_0914,d_ln_costes,-0.05498618135054429,0.08161235403329217,0.5004713756018271
real_busq_0914,d_ln_credito_nuevo,0.03712342031858063,0.015928083065066087,0.01976972379831582
real_busq_0915,ect_l1,-0.12825738254125124,0.03845678113744667,0.0008526736010288853
real_busq_0915,d_ln_ocupados,0.5700569043084135,0.18677321214507656,0.002272205064126087
real_busq_0915,d_tipo_hip,-0.009073374625397606,0.005460315309557127,0.09657409197500494
real_busq_0915,d_ln_permisos_l4,0.005528896855201793,0.012718868891528273,0.6637799388080086
real_busq_0915,d_ln_costes,-0.1454144426366586,0.07392517336652062,0.04917755532393166
real_busq_0915,d_ln_ipv_real_l1,0.2046816071982422,0.0752588160301282,0.006534062857359647
real_busq_0916,ect_l1,-0.11190414666722727,0.036677173561368084,0.002280372891495215
real_busq_0916,d_ln_ocupados,0.3256174955358841,0.20923117569556376,0.1196469764562792
real_busq_0916,d_tipo_hip,0.00014807099458211787,0.006040625695668931,0.9804437923933293
real_busq_0916,d_ln_permisos_l4,-0.0008165180584166457,0.010712244619779541,0.9392417858068113
real_busq_0916,d_ln_costes,-0.10001267707244439,0.07744350533699956,0.19655545940852082
real_busq_0916,d_ln_ipv_real_l1,0.2890627401297156,0.10462744403329301,0.00573111627929714
real_busq_0916,d_ln_credito_nuevo,0.04454677729640987,0.020449091604275316,0.029374537932584717
real_busq_0917,ect_l1,-0.13370076583650467,0.04102785111202446,0.0011189215788825592
real_busq_0917,d_ln_ocupados,0.5305850274410406,0.21554083391099152,0.013830146103101971
real_busq_0917,d_tipo_hip,-0.008889061023367274,0.006657468247491037,0.18181043393043805
real_busq_0917,d_ln_permisos_l4,-0.008840603327108128,0.012087529317373768,0.4645457576745783
real_busq_0917,d_ln_costes,-0.10452962327830655,0.060916236061904015,0.08616996819612574
real_busq_0917,d_ln_ipv_real_l4,0.37421770562201834,0.13147441004167537,0.004422829300062042
real_busq_0918,ect_l1,-0.13118977569326817,0.040712979002639364,0.0012716216619595739
real_busq_0918,d_ln_ocupados,0.38076229199342476,0.2317485263263185,0.10038341247171764
real_busq_0918,d_tipo_hip,-0.001903341704396197,0.006776886023641125,0.7788194232093522
real_busq_0918,d_ln_permisos_l4,-0.01099469129205908,0.010465728777210694,0.2934688311192958
real_busq_0918,d_ln_costes,-0.060492628769900074,0.07439129334316266,0.4161216700233009
real_busq_0918,d_ln_ipv_real_l4,0.3386919582252778,0.10516487839180069,0.0012793125148651244
real_busq_0918,d_ln_credito_nuevo,0.03199699332855504,0.014439829537951763,0.026699418688553828
real_busq_0919,ect_l1,-0.1452070843365821,0.04412536405439102,0.0009990825512987632
real_busq_0919,d_ln_ocupados,0.656129471114982,0.2541798000421981,0.009841200753308852
real_busq_0919,d_tipo_hip,-0.008659640474757105,0.0069836661913129615,0.21498098720485725
real_busq_0919,d_ln_permisos_l4,0.00019252916907887854,0.013021607642854717,0.9882034185802986
real_busq_0919,d_ln_costes,-0.14113308675755337,0.07363908818899773,0.05529496595502403
real_busq_0919,d_ln_pob_extranj,0.21766112900044096,0.16468837430471797,0.1862832303668045
real_busq_0920,ect_l1,-0.13973737979934808,0.04510309928969903,0.0019471516968954362
real_busq_0920,d_ln_ocupados,0.4717380759050717,0.2656371275080667,0.07575368244893192
real_busq_0920,d_tipo_hip,-0.000606216128100367,0.007312778894900759,0.9339324939292384
real_busq_0920,d_ln_permisos_l4,-0.004586478096349481,0.01121431871910166,0.6825513264854206
real_busq_0920,d_ln_costes,-0.09107695796462055,0.07917292932655452,0.24999777555404068
real_busq_0920,d_ln_pob_extranj,0.22776274447859243,0.16598125562055233,0.1699950625848622
real_busq_0920,d_ln_credito_nuevo,0.03740570004295702,0.01606172444477696,0.019865848621878887
real_busq_0921,ect_l1,-0.12511008863777887,0.03792655872044535,0.0009711770031777696
real_busq_0921,d_ln_ocupados,0.5954846258388312,0.20368061161247797,0.0034598729408978537
real_busq_0921,d_tipo_hip,-0.009363314850108823,0.005945227548115376,0.11527269516936156
real_busq_0921,d_ln_permisos_l4,0.0003347281839367434,0.012451811283931228,0.9785539403735015
real_busq_0921,d_ln_costes,-0.16553894096842056,0.07535957287013174,0.028045134421938123
real_busq_0921,d_ln_pob_extranj,0.14804948933585277,0.13471700006514775,0.2717826158827078
real_busq_0921,d_ln_ipv_real_l1,0.1859172413012295,0.08247544047675356,0.02418274756543758
real_busq_0922,ect_l1,-0.10929009083809108,0.036429585674124014,0.0026994715498555614
real_busq_0922,d_ln_ocupados,0.3490228464625058,0.2238745253790318,0.11899377795949717
real_busq_0922,d_tipo_hip,-0.00015786581462815837,0.006366412558559443,0.9802171492868
real_busq_0922,d_ln_permisos_l4,-0.005255959968480425,0.009263082122126252,0.5704360576479253
real_busq_0922,d_ln_costes,-0.11763786154177361,0.08116939688104062,0.14725707224003426
real_busq_0922,d_ln_pob_extranj,0.12763536756264274,0.11548278727229797,0.2690587156041905
real_busq_0922,d_ln_ipv_real_l1,0.2723735324661464,0.1055756623419876,0.009883196177976917
real_busq_0922,d_ln_credito_nuevo,0.044276371401335654,0.0200317879715473,0.02708396623010669
real_busq_0923,ect_l1,-0.13605387726138995,0.04112600655536589,0.0009389102172606161
real_busq_0923,d_ln_ocupados,0.5092425478402569,0.21612604941671473,0.01846151375619094
real_busq_0923,d_tipo_hip,-0.008682210572176377,0.006360992684358622,0.17227995284924158
real_busq_0923,d_ln_permisos_l4,-0.006300454934058362,0.012762167373629936,0.6215306343292735
real_busq_0923,d_ln_costes,-0.08778492378556076,0.06234656444983517,0.15912650565506625
real_busq_0923,d_ln_pob_extranj,-0.10373282415249885,0.14731819266424998,0.4813447805343354
real_busq_0923,d_ln_ipv_real_l4,0.40212759645876317,0.14630721742811875,0.0059865877216881535
real_busq_0924,ect_l1,-0.1325071149249107,0.04086092389870999,0.0011832761016987606
real_busq_0924,d_ln_ocupados,0.37047548126282775,0.23745589167280953,0.11871581022406695
real_busq_0924,d_tipo_hip,-0.0018569060246377922,0.006584445686212202,0.7779327568781216
real_busq_0924,d_ln_permisos_l4,-0.009577999839180477,0.011063361008294508,0.38663247752460694
real_busq_0924,d_ln_costes,-0.05171432947394527,0.07683235970108564,0.5008963571863027
real_busq_0924,d_ln_pob_extranj,-0.05700714490187758,0.13969595806116236,0.6832148464085985
real_busq_0924,d_ln_ipv_real_l4,0.354371996731354,0.11626455563362355,0.0023038554729081706
real_busq_0924,d_ln_credito_nuevo,0.03168900863917927,0.014379963867462271,0.02754602535235783
real_busq_0925,ect_l1,-0.14573114353718283,0.045180255987665514,0.0012573117494611567
real_busq_0925,d_ln_ocupados,0.6601880888775398,0.2649336219930903,0.012706181060515163
real_busq_0925,d_tipo_hip,-0.008702764778990459,0.006906759100089225,0.20765639307209416
real_busq_0925,d_ln_permisos_l4,0.005378289951327923,0.012714317468928834,0.6722875909769213
real_busq_0925,d_ln_costes,-0.1261642175223513,0.0737587912130786,0.08717394151322089
real_busq_0925,d_ln_pob_extranj4,0.14776550192025034,0.1682793682415557,0.37989142429249434
real_busq_0926,ect_l1,-0.14049548543977008,0.046805111145699296,0.002684656244154725
real_busq_0926,d_ln_ocupados,0.47622318345823006,0.275505347501846,0.08389069538431938
real_busq_0926,d_tipo_hip,-0.0006828124471156452,0.0071020457402499034,0.9234069485698388
real_busq_0926,d_ln_permisos_l4,0.0009330494733214065,0.010499561951826681,0.9291887527990156
real_busq_0926,d_ln_costes,-0.07522601709809942,0.08042020203236884,0.3495760465818404
real_busq_0926,d_ln_pob_extranj4,0.151046195094493,0.17109891272718405,0.3773441038161006
real_busq_0926,d_ln_credito_nuevo,0.03719272211486856,0.015930240547178596,0.019557820094078693
real_busq_0927,ect_l1,-0.12358278027909149,0.0376894222532877,0.0010418381755367449
real_busq_0927,d_ln_ocupados,0.597779707469387,0.20776767759691334,0.004012790776302247
real_busq_0927,d_tipo_hip,-0.009489102180537735,0.005945954576726112,0.11051287643832282
real_busq_0927,d_ln_permisos_l4,0.0035108813742081328,0.012266648686658072,0.7747145470967919
real_busq_0927,d_ln_costes,-0.1589247575242725,0.07574005874507608,0.035879360914864905
real_busq_0927,d_ln_pob_extranj4,0.11153961300416197,0.1292931765714156,0.3883092824669534
real_busq_0927,d_ln_ipv_real_l1,0.1968046079377713,0.07791582741506273,0.011541489056603925
real_busq_0928,ect_l1,-0.10777282681027718,0.037112295246953975,0.003684687038093295
real_busq_0928,d_ln_ocupados,0.3512078534331108,0.22796287960945724,0.12340536430949951
real_busq_0928,d_tipo_hip,-0.00025340778210623647,0.006331299151335669,0.9680735057172767
real_busq_0928,d_ln_permisos_l4,-0.0026022789093973395,0.00946771663977473,0.7834252345141868
real_busq_0928,d_ln_costes,-0.11224852270578481,0.0806588150005547,0.16402960148265033
real_busq_0928,d_ln_pob_extranj4,0.09982163016129901,0.11584744140812432,0.3888721543763073
real_busq_0928,d_ln_ipv_real_l1,0.2817440071264871,0.102243363973005,0.005858075137709786
real_busq_0928,d_ln_credito_nuevo,0.044404625870395585,0.02012469497513383,0.02735079519768422
real_busq_0929,ect_l1,-0.13860338006739023,0.04176177334604208,0.0009037100027220032
real_busq_0929,d_ln_ocupados,0.4912112367447037,0.21508021209467126,0.022380267535157976
real_busq_0929,d_tipo_hip,-0.00842213372935243,0.0062342421375048175,0.17671225598685647
real_busq_0929,d_ln_permisos_l4,-0.007897357706734567,0.012045976998594601,0.5120807141505068
real_busq_0929,d_ln_costes,-0.08646689268658542,0.06107842234703632,0.1568721337368082
real_busq_0929,d_ln_pob_extranj4,-0.13296127600583313,0.13976212241640434,0.34143188593279505
real_busq_0929,d_ln_ipv_real_l4,0.4090353500644537,0.14183404652955092,0.0039278220015805465
real_busq_0930,ect_l1,-0.13492215670468677,0.041928991967094806,0.0012914514197102163
real_busq_0930,d_ln_ocupados,0.3531827749281145,0.24077190268673898,0.142409508539994
real_busq_0930,d_tipo_hip,-0.0016496991833729307,0.006427411080329812,0.7974364654265156
real_busq_0930,d_ln_permisos_l4,-0.010253042665650145,0.010604455735637416,0.33361314857837654
real_busq_0930,d_ln_costes,-0.0474924689349012,0.07539287095684646,0.5287383207007206
real_busq_0930,d_ln_pob_extranj4,-0.10026415529379758,0.1435348246408284,0.48484243106642455
real_busq_0930,d_ln_ipv_real_l4,0.3654481543240958,0.11537174698037853,0.0015371837875513847
real_busq_0930,d_ln_credito_nuevo,0.03154601029846892,0.014340975360304408,0.027827361071016014
real_busq_0931,ect_l1,-0.1508265119381811,0.04566894990143464,0.0009579114537301484
real_busq_0931,d_ln_ocupados,0.6600173200810165,0.27022583028096014,0.014587315958062567
real_busq_0931,d_tipo_hip,-0.008449855934645041,0.006955237969924497,0.22440767111930604
real_busq_0931,d_ln_permisos_l4,0.002921623063537652,0.013617836443759376,0.8301229753422419
real_busq_0931,d_ln_costes,-0.13508238495705827,0.07579560765251579,0.07471779927263245
real_busq_0931,d_ln_pob_total,1.6746902770342993,1.7658494925101413,0.3429377851198654
real_busq_0932,ect_l1,-0.14516877158966723,0.04616661340774329,0.001663973231153164
real_busq_0932,d_ln_ocupados,0.4767871324924438,0.28221198181348495,0.0911304441841268
real_busq_0932,d_tipo_hip,-0.0002678946124920804,0.007427338363720238,0.9712275612627396
real_busq_0932,d_ln_permisos_l4,-0.002583552661722107,0.011874231226644357,0.8277591623247371
real_busq_0932,d_ln_costes,-0.08782668566171599,0.08000569083330653,0.27231127581746173
real_busq_0932,d_ln_pob_total,1.9943260931472653,1.7840835034971734,0.26363385237313663
real_busq_0932,d_ln_credito_nuevo,0.03818802376191021,0.016206402791546042,0.018455315566648357
real_busq_0933,ect_l1,-0.1284733508524362,0.03878774745455388,0.0009256045074793646
real_busq_0933,d_ln_ocupados,0.5972136932842229,0.21423185778309198,0.005308402563944646
real_busq_0933,d_tipo_hip,-0.009239277704643455,0.005907018663967669,0.11778972097224998
real_busq_0933,d_ln_permisos_l4,0.002126632659070032,0.012678271484854087,0.866789104856649
real_busq_0933,d_ln_costes,-0.16222114832632714,0.07643734325266614,0.03381455752221662
real_busq_0933,d_ln_pob_total,1.144258963333409,1.4199307758247632,0.42032619758693657
real_busq_0933,d_ln_ipv_real_l1,0.18962443374438762,0.08139620101080947,0.019824804032627253
real_busq_0934,ect_l1,-0.11204979300029352,0.03679930036662693,0.002327660292742112
real_busq_0934,d_ln_ocupados,0.3547113678731293,0.2293945008498279,0.12203355134879228
real_busq_0934,d_tipo_hip,1.6312071845940935e-05,0.00641193943768684,0.9979701716823679
real_busq_0934,d_ln_permisos_l4,-0.004681410484430884,0.010100876756964241,0.6430305548875409
real_busq_0934,d_ln_costes,-0.11864809977802473,0.07959652068618597,0.1360615078160591
real_busq_0934,d_ln_pob_total,1.2871546803866545,1.1727706113612764,0.27240837642261906
real_busq_0934,d_ln_ipv_real_l1,0.2726272367750154,0.10030466365774568,0.006567949860139026
real_busq_0934,d_ln_credito_nuevo,0.04481180466538201,0.019948892731057124,0.02468285121893262
real_busq_0935,ect_l1,-0.13372948270590548,0.041210724711621724,0.0011744380796266797
real_busq_0935,d_ln_ocupados,0.5179534636978546,0.21559228435989877,0.01628488004776194
real_busq_0935,d_tipo_hip,-0.008816950413758039,0.006524282040899649,0.176565583723851
real_busq_0935,d_ln_permisos_l4,-0.007914670351521639,0.012783115250647722,0.5358173129308621
real_busq_0935,d_ln_costes,-0.09635265962698221,0.061538665843167875,0.11741288895893706
real_busq_0935,d_ln_pob_total,-0.471967197929184,1.2571232184151582,0.7073374863751193
real_busq_0935,d_ln_ipv_real_l4,0.38648173542862746,0.13366051964649545,0.0038338620534837807
real_busq_0936,ect_l1,-0.1311799595978714,0.04068407829514848,0.0012625625370952587
real_busq_0936,d_ln_ocupados,0.38238914005489794,0.238197586789454,0.10841805337973126
real_busq_0936,d_tipo_hip,-0.001899477313988979,0.006805504681169909,0.7801612094224138
real_busq_0936,d_ln_permisos_l4,-0.011142126398416502,0.011415128262910084,0.3290227378129509
real_busq_0936,d_ln_costes,-0.06165935275486175,0.07349140568066001,0.4014688255860661
real_busq_0936,d_ln_pob_total,0.07279520362342144,1.2953735256766956,0.9551854259963913
real_busq_0936,d_ln_ipv_real_l4,0.33672416673975736,0.1041146935686136,0.001219986685450616
real_busq_0936,d_ln_credito_nuevo,0.03206563699040693,0.014757877360819684,0.029796796529960406
real_busq_0937,ect_l1,-0.14903024536122375,0.046143378011575226,0.0012391099428405103
real_busq_0937,d_ln_ocupados,0.7358481448798494,0.3001154368951691,0.014211058844418334
real_busq_0937,d_tipo_hip,-0.008140184916072851,0.006327609489658172,0.19828431132607371
real_busq_0937,d_ln_permisos_l4,0.006828451834751134,0.011852011302768476,0.5645186151921624
real_busq_0937,d_ln_costes,-0.12558850241725977,0.07488917609448387,0.09354416838178037
real_busq_0937,d_ln_renta_hog_real,-0.09243679653931391,0.12490729833361192,0.4592737829969724
real_busq_0938,ect_l1,-0.14456312339394026,0.04670895710514608,0.0019682850820728556
real_busq_0938,d_ln_ocupados,0.5381540094006757,0.23000946755486099,0.019299042496910383
real_busq_0938,d_tipo_hip,-0.0001744364630452683,0.006801324617105369,0.9795385588128199
real_busq_0938,d_ln_permisos_l4,0.0026668840872504608,0.010564768661764569,0.8007072851245497
real_busq_0938,d_ln_costes,-0.07208927249864502,0.08034767506281242,0.36960331805043534
real_busq_0938,d_ln_renta_hog_real,-0.0800749404213221,0.09008058712530659,0.37404306335457127
real_busq_0938,d_ln_credito_nuevo,0.036856746452094594,0.014823183769831924,0.012903347726426538
real_busq_0939,ect_l1,-0.12305018529679426,0.03600727317740916,0.0006322921769961782
real_busq_0939,d_ln_ocupados,0.6921998592903716,0.2700720672879497,0.01037663482629466
real_busq_0939,d_tipo_hip,-0.00913592963190711,0.005515612783215774,0.09764566183911369
real_busq_0939,d_ln_permisos_l4,0.0039438053886636055,0.01121112376699688,0.7250061842494114
real_busq_0939,d_ln_costes,-0.16797789215250986,0.07581825546435268,0.0267234610266129
real_busq_0939,d_ln_renta_hog_real,-0.10407858224266368,0.14055187844678724,0.4589970225910296
real_busq_0939,d_ln_ipv_real_l1,0.20892897882717804,0.07375715491895195,0.004616238618477925
real_busq_0940,ect_l1,-0.10729047453132419,0.03396730482358041,0.0015850736773261773
real_busq_0940,d_ln_ocupados,0.4370131375154783,0.20559304204199277,0.033534728321989865
real_busq_0940,d_tipo_hip,4.5037813762979964e-05,0.006088237975907617,0.9940976931827186
real_busq_0940,d_ln_permisos_l4,-0.0022140256786319025,0.01016968896533666,0.8276563976716792
real_busq_0940,d_ln_costes,-0.12059202322329723,0.07332681379935478,0.10005585805746338
real_busq_0940,d_ln_renta_hog_real,-0.09386783298905481,0.0990099524699972,0.3430965581111727
real_busq_0940,d_ln_ipv_real_l1,0.2924668645438345,0.10376850074549215,0.004825535318556994
real_busq_0940,d_ln_credito_nuevo,0.044321589483642974,0.019279297258279794,0.021509401681552204
real_busq_0941,ect_l1,-0.12905715799173775,0.03974319557496212,0.0011651500184028224
real_busq_0941,d_ln_ocupados,0.6499267246736,0.2585140518569045,0.011934111074118273
real_busq_0941,d_tipo_hip,-0.008933818436611583,0.006671717460977871,0.18055170431252954
real_busq_0941,d_ln_permisos_l4,-0.010403838882537136,0.011175739221052201,0.3518894060164305
real_busq_0941,d_ln_costes,-0.12564933424703345,0.06705567536071727,0.060957153864392315
real_busq_0941,d_ln_renta_hog_real,-0.10109484085021529,0.11580090637169412,0.3826600201908955
real_busq_0941,d_ln_ipv_real_l4,0.3759136126875833,0.12779890258296558,0.0032668345027042816
real_busq_0942,ect_l1,-0.1270971344058932,0.0393004929864452,0.00122076632720361
real_busq_0942,d_ln_ocupados,0.48813366380825424,0.21158871173643254,0.02105521378369047
real_busq_0942,d_tipo_hip,-0.0020143945590655244,0.006797832252789912,0.7669788719802324
real_busq_0942,d_ln_permisos_l4,-0.012359078980459817,0.0098544530359724,0.20978318582137812
real_busq_0942,d_ln_costes,-0.07967296767919509,0.07591417498680864,0.2939417471073422
real_busq_0942,d_ln_renta_hog_real,-0.08965829529808418,0.0852412270608518,0.2928828526555496
real_busq_0942,d_ln_ipv_real_l4,0.34055890599186206,0.10275223024592772,0.0009184988956655535
real_busq_0942,d_ln_credito_nuevo,0.03167014593880369,0.013196303783478705,0.0163984089899446
real_busq_0943,ect_l1,-0.13867051295979385,0.042507920093438144,0.0011054032764796307
real_busq_0943,d_ln_ocupados,0.8032678133640591,0.32893395572560075,0.01460478218769176
real_busq_0943,d_tipo_hip,-0.008785287245884866,0.0071091858569369065,0.21654570947237528
real_busq_0943,d_ln_permisos_l4,-0.0026793544290911997,0.012044236812512389,0.8239562280548544
real_busq_0943,d_ln_costes,-0.17114996248022754,0.0858283366330677,0.04614153920448935
real_busq_0943,d_ln_renta_hog_real,-0.12073861063144105,0.138733519586387,0.3841410923040428
real_busq_0943,d_ln_pob_extranj,0.24752920167750284,0.18005076302746698,0.16920135924940927
real_busq_0944,ect_l1,-0.1338781095000169,0.042865909596279034,0.0017890605531039494
real_busq_0944,d_ln_ocupados,0.6063437736424748,0.25615636552173615,0.017928836714159416
real_busq_0944,d_tipo_hip,-0.0007908324309220157,0.007442311329647121,0.9153747422271405
real_busq_0944,d_ln_permisos_l4,-0.00713982136734933,0.010790875308266546,0.5081932554811945
real_busq_0944,d_ln_costes,-0.11864688058004742,0.08365121775917556,0.1560879921347494
real_busq_0944,d_ln_renta_hog_real,-0.1091194945660516,0.09860865117757786,0.26847058680988234
real_busq_0944,d_ln_pob_extranj,0.25466737018712926,0.17397368503157046,0.14324123460904437
real_busq_0944,d_ln_credito_nuevo,0.03707564347196972,0.014559454110380947,0.010880934900830506
real_busq_0945,ect_l1,-0.11830667910800681,0.03480429783971278,0.0006758391634192257
real_busq_0945,d_ln_ocupados,0.7452540903277031,0.301746431717226,0.013518766736932692
real_busq_0945,d_tipo_hip,-0.009496178897609156,0.006107428439949312,0.1199800898917658
real_busq_0945,d_ln_permisos_l4,-0.002595362635580774,0.010972003661518426,0.8130104979212923
real_busq_0945,d_ln_costes,-0.1963345515635266,0.08329460317713343,0.018417784571757783
real_busq_0945,d_ln_renta_hog_real,-0.12322506927963355,0.14900164323148685,0.40823435943161357
real_busq_0945,d_ln_pob_extranj,0.17807465575412226,0.1490439274560084,0.23217312197379236
real_busq_0945,d_ln_ipv_real_l1,0.18714046128701128,0.08027503041856267,0.01974064279685069
real_busq_0946,ect_l1,-0.1032996304885656,0.03291371737231587,0.0016981619354057315
real_busq_0946,d_ln_ocupados,0.4852307254855955,0.23388504863579782,0.03801854460698526
real_busq_0946,d_tipo_hip,-0.00034419874062521934,0.006479845941160175,0.9576376089421166
real_busq_0946,d_ln_permisos_l4,-0.007844841328429105,0.008592722567421674,0.36126178389373387
real_busq_0946,d_ln_costes,-0.14562470204207145,0.08137650254764937,0.07353145902408306
real_busq_0946,d_ln_renta_hog_real,-0.11058912377413527,0.1039528510557231,0.287401524327084
real_busq_0946,d_ln_pob_extranj,0.1547304313523468,0.12395556249263857,0.21193095222484626
real_busq_0946,d_ln_ipv_real_l1,0.2728411887044428,0.10371020086797848,0.008518320169425837
real_busq_0946,d_ln_credito_nuevo,0.043953666317435976,0.0185678892319825,0.017923873069204812
real_busq_0947,ect_l1,-0.13116026785727022,0.04000694703925828,0.0010438354661786236
real_busq_0947,d_ln_ocupados,0.6245668887772058,0.269070380668501,0.020275907606162307
real_busq_0947,d_tipo_hip,-0.008778522509277962,0.006467172018259241,0.17465497263475727
real_busq_0947,d_ln_permisos_l4,-0.00841429474959116,0.011805972945374943,0.4760220936885965
real_busq_0947,d_ln_costes,-0.11165407315825021,0.0695128374358449,0.10822190448699522
real_busq_0947,d_ln_renta_hog_real,-0.09286734625598353,0.1177849181325875,0.43043439019965024
real_busq_0947,d_ln_pob_extranj,-0.07605221411045592,0.14653506899338078,0.603758298490727
real_busq_0947,d_ln_ipv_real_l4,0.39623786252278786,0.14121814540737918,0.00501830228296529
real_busq_0948,ect_l1,-0.12797923299332647,0.039484135023376374,0.0011899322921342383
real_busq_0948,d_ln_ocupados,0.4784232767821132,0.23094140872909535,0.038300717209627674
real_busq_0948,d_tipo_hip,-0.0019845438406901564,0.006689610252411256,0.7667256345334366
real_busq_0948,d_ln_permisos_l4,-0.011524108035517469,0.010495076618422325,0.27218310792878275
real_busq_0948,d_ln_costes,-0.07409778719341341,0.0809648147987866,0.36009449739840926
real_busq_0948,d_ln_renta_hog_real,-0.08630289464052128,0.09051533870709036,0.3403562715159355
real_busq_0948,d_ln_pob_extranj,-0.03154423763330517,0.14505535069221562,0.8278471847076023
real_busq_0948,d_ln_ipv_real_l4,0.34916540286474984,0.11469547805484767,0.0023323624023159854
real_busq_0948,d_ln_credito_nuevo,0.03151195825006153,0.013272037165485494,0.01758168295980236
real_busq_0949,ect_l1,-0.13879898905139557,0.04423846132124903,0.0017038454437934335
real_busq_0949,d_ln_ocupados,0.8072954345676664,0.3517329711131634,0.02172200406340837
real_busq_0949,d_tipo_hip,-0.008880808115313648,0.007053808312153307,0.20802708285677662
real_busq_0949,d_ln_permisos_l4,0.0030358464293345493,0.011411800327860471,0.7902184539393953
real_busq_0949,d_ln_costes,-0.15512742174573693,0.08531757108817771,0.06902817276000692
real_busq_0949,d_ln_renta_hog_real,-0.1179759693944167,0.1424086076081659,0.40742540621735557
real_busq_0949,d_ln_pob_extranj4,0.17976138296671937,0.1872188936975562,0.33697122766380827
real_busq_0950,ect_l1,-0.13433819121717538,0.04495660970497209,0.0028064933830433255
real_busq_0950,d_ln_ocupados,0.6095731455302271,0.27667882628514534,0.02758209262707255
real_busq_0950,d_tipo_hip,-0.0009151816409375368,0.007228434264831236,0.8992502229243154
real_busq_0950,d_ln_permisos_l4,-0.0011232017818580949,0.00983534854139096,0.9090788506637997
real_busq_0950,d_ln_costes,-0.10161457727362465,0.08392933174016705,0.22600430256192772
real_busq_0950,d_ln_renta_hog_real,-0.10559997159333007,0.10098629411750704,0.29570594794796123
real_busq_0950,d_ln_pob_extranj4,0.17965575869934824,0.18024649686094593,0.3188991720570621
real_busq_0950,d_ln_credito_nuevo,0.03685416855295689,0.014441139272097725,0.010709840575351078
real_busq_0951,ect_l1,-0.11598358025008189,0.035197753058788896,0.0009835220788016951
real_busq_0951,d_ln_ocupados,0.7516752095959702,0.31609641825545415,0.01740713550692519
real_busq_0951,d_tipo_hip,-0.009687287117499789,0.006139223008933945,0.11458083298404838
real_busq_0951,d_ln_permisos_l4,0.0010207569423278,0.010479353927634778,0.9224036016673522
real_busq_0951,d_ln_costes,-0.18984778531081153,0.08368766427326331,0.02329706211238904
real_busq_0951,d_ln_renta_hog_real,-0.12411243282006458,0.15317007742521457,0.4177725805712784
real_busq_0951,d_ln_pob_extranj4,0.14469847708633127,0.14719442850875084,0.32558619397215993
real_busq_0951,d_ln_ipv_real_l1,0.19952784618857494,0.07563274146710137,0.008336838138196611
real_busq_0952,ect_l1,-0.10103268557174616,0.03383629427718356,0.002827206459738239
real_busq_0952,d_ln_ocupados,0.49167690473968384,0.24387341794175152,0.04378793099607265
real_busq_0952,d_tipo_hip,-0.0004967857217785855,0.006447830356882328,0.9385861880064725
real_busq_0952,d_ln_permisos_l4,-0.004804371357724041,0.008559617916222862,0.5746043631946676
real_busq_0952,d_ln_costes,-0.14045360426747358,0.08058493652373254,0.08134649148360783
real_busq_0952,d_ln_renta_hog_real,-0.11189114571264093,0.10597912607473609,0.2910665644949284
real_busq_0952,d_ln_pob_extranj4,0.12979745789898556,0.12385777059021026,0.2946590131519681
real_busq_0952,d_ln_ipv_real_l1,0.28360397744898685,0.10005737188997973,0.00459098679371025
real_busq_0952,d_ln_credito_nuevo,0.04409351313748681,0.0186311747785918,0.017949785987360804
real_busq_0953,ect_l1,-0.13360676088210918,0.04100282810604648,0.0011201206576474945
real_busq_0953,d_ln_ocupados,0.6017350976472446,0.27393075332469335,0.028044119520018247
real_busq_0953,d_tipo_hip,-0.008556967634033909,0.006360257811072729,0.1785023485962446
real_busq_0953,d_ln_permisos_l4,-0.009433379433304018,0.01136327696972843,0.4064462666154849
real_busq_0953,d_ln_costes,-0.10831750611250233,0.06896888383922625,0.11629251799414196
real_busq_0953,d_ln_renta_hog_real,-0.08673676862836474,0.11935685585352554,0.467409027144703
real_busq_0953,d_ln_pob_extranj4,-0.10550115291529999,0.14086843837159332,0.45389702960642964
real_busq_0953,d_ln_ipv_real_l4,0.40329960321416247,0.13709426872068559,0.0032634377752775575
real_busq_0954,ect_l1,-0.13036179990482707,0.04098559826937291,0.0014693320481090765
real_busq_0954,d_ln_ocupados,0.4552913436549963,0.2394593867550849,0.057258786742767014
real_busq_0954,d_tipo_hip,-0.0018114227961484707,0.006519568835508593,0.7811321471545685
real_busq_0954,d_ln_permisos_l4,-0.01164806530885435,0.010123087977304424,0.24987893229238467
real_busq_0954,d_ln_costes,-0.06774512464268892,0.07911683535598432,0.39185018439927166
real_busq_0954,d_ln_renta_hog_real,-0.07952318211355815,0.09105956962451556,0.38249443439486774
real_busq_0954,d_ln_pob_extranj4,-0.07527175426945645,0.14781045451982003,0.6105804125438737
real_busq_0954,d_ln_ipv_real_l4,0.360434661151371,0.11385982564824736,0.001547634681830886
real_busq_0954,d_ln_credito_nuevo,0.03136852478461742,0.013304747863790758,0.01838884190939702
real_busq_0955,ect_l1,-0.14484569375856338,0.043922761900924034,0.0009746756504672343
real_busq_0955,d_ln_ocupados,0.812150813202776,0.3566755599838233,0.022786131340352483
real_busq_0955,d_tipo_hip,-0.008562349338814213,0.0070895975070077956,0.227149520416439
real_busq_0955,d_ln_permisos_l4,0.00016530556844110398,0.012542977034216038,0.9894848772751654
real_busq_0955,d_ln_costes,-0.16601636431171216,0.08888092493184005,0.06178278000577774
real_busq_0955,d_ln_renta_hog_real,-0.12331039657951352,0.1438280213695986,0.39125362503171934
real_busq_0955,d_ln_pob_total,1.9748224873231888,1.9040902879526356,0.29966711964677484
real_busq_0956,ect_l1,-0.13961421251141296,0.043858899406733015,0.0014562755923416344
real_busq_0956,d_ln_ocupados,0.6200919910898701,0.28012704755029205,0.026855629301289326
real_busq_0956,d_tipo_hip,-0.0004233980260555129,0.007590078698226108,0.9555146079833915
real_busq_0956,d_ln_permisos_l4,-0.005125584501582751,0.011210781362039951,0.6475263198857926
real_busq_0956,d_ln_costes,-0.11702705661657091,0.0843920175704908,0.16553092602975328
real_busq_0956,d_ln_renta_hog_real,-0.11524009022081443,0.0980968571254483,0.2400914557114523
real_busq_0956,d_ln_pob_total,2.2728476813113905,1.8258243205271631,0.213192878337772
real_busq_0956,d_ln_credito_nuevo,0.03795291858583699,0.014654208513850932,0.00960041209997638
real_busq_0957,ect_l1,-0.12224213018863236,0.035553130984221124,0.0005853909454394421
real_busq_0957,d_ln_ocupados,0.7519012420599491,0.3232830987814757,0.020027669013620977
real_busq_0957,d_tipo_hip,-0.009358710607186307,0.006077448054971533,0.1235827914000387
real_busq_0957,d_ln_permisos_l4,-0.0006876383994695146,0.0112121835099719,0.9510967412363934
real_busq_0957,d_ln_costes,-0.19391561614413724,0.08596988506323297,0.02409427626521968
real_busq_0957,d_ln_renta_hog_real,-0.1256881702041921,0.15486906745710907,0.41703440420449545
real_busq_0957,d_ln_pob_total,1.4469732894896135,1.5693582663324965,0.3565202770807423
real_busq_0957,d_ln_ipv_real_l1,0.19077029365950507,0.07898628971744841,0.015725146708959577
real_busq_0958,ect_l1,-0.10631946189852555,0.03311232361055397,0.0013233245946030713
real_busq_0958,d_ln_ocupados,0.5002039224582615,0.24206376851771996,0.03878941982363377
real_busq_0958,d_tipo_hip,-0.00014120054804518396,0.006556816336792416,0.9828189437965403
real_busq_0958,d_ln_permisos_l4,-0.0072724961374001805,0.009293427136694765,0.43389617059534313
real_busq_0958,d_ln_costes,-0.14842811260005362,0.08008853072325395,0.06383930212332732
real_busq_0958,d_ln_renta_hog_real,-0.11723530141163503,0.10452130958458732,0.26201545675429716
real_busq_0958,d_ln_pob_total,1.5687987357893114,1.2332578026222007,0.20334580546141312
real_busq_0958,d_ln_ipv_real_l1,0.27328250958212486,0.09820198662439607,0.005388183276489924
real_busq_0958,d_ln_credito_nuevo,0.04458854957115713,0.018400826441154303,0.01538522083639354
real_busq_0959,ect_l1,-0.12921035660140615,0.03990968858487131,0.0012055293112839503
real_busq_0959,d_ln_ocupados,0.6408538305188478,0.275384615428871,0.01995872779342367
real_busq_0959,d_tipo_hip,-0.008901323808418833,0.006648725560900633,0.1806352996888385
real_busq_0959,d_ln_permisos_l4,-0.009956619931039612,0.012000944577568317,0.40673498965217114
real_busq_0959,d_ln_costes,-0.12147813129353388,0.06982897178667685,0.08192009002200348
real_busq_0959,d_ln_renta_hog_real,-0.09802954939663967,0.12048134799353395,0.41584595821293746
real_busq_0959,d_ln_pob_total,-0.20379661250949252,1.2765439093439384,0.8731590253746756
real_busq_0959,d_ln_ipv_real_l4,0.3811578298172351,0.12870282767678942,0.0030611046410797477
real_busq_0960,ect_l1,-0.12683122739779348,0.03903611005534389,0.00115781175261594
real_busq_0960,d_ln_ocupados,0.5013097296285483,0.2328953079540145,0.031357123977498555
real_busq_0960,d_tipo_hip,-0.0020029069076112557,0.0069443567066250905,0.7730235466604451
real_busq_0960,d_ln_permisos_l4,-0.013100457786725434,0.010769036400553758,0.22379716225616264
real_busq_0960,d_ln_costes,-0.08599348927630604,0.07748621041799299,0.26708915223150553
real_busq_0960,d_ln_renta_hog_real,-0.09450991170206813,0.09043036444954024,0.2959709394834589
real_busq_0960,d_ln_pob_total,0.3295981623273207,1.3279447847147998,0.8039783456978409
real_busq_0960,d_ln_ipv_real_l4,0.33175027160137177,0.10244938302663302,0.001202918880346629
real_busq_0960,d_ln_credito_nuevo,0.03196326051278179,0.013543442266790337,0.018272255351439334
real_busq_0961,ect_l1,-0.17150297559422856,0.04030544988129,2.0897284970411407e-05
real_busq_0961,d_ln_ocupados,0.5594468240448993,0.2074968598553406,0.007014184364519184
real_busq_0961,d_tipo_hip_l1,-0.010336171420658175,0.003287631345780627,0.001666799581805335
real_busq_0962,ect_l1,-0.15385034185497828,0.04292848056520159,0.00033853313078727697
real_busq_0962,d_ln_ocupados,0.4474988380035486,0.24036060911600127,0.06263395233211434
real_busq_0962,d_tipo_hip_l1,-0.0069229938075679055,0.0035819109687889486,0.05326509687312893
real_busq_0962,d_ln_credito_nuevo,0.03579463763893953,0.01579271227460184,0.023419024179025714
real_busq_0963,ect_l1,-0.1539751242201784,0.0331675731971664,3.44486763936046e-06
real_busq_0963,d_ln_ocupados,0.49044231958566564,0.16515907656115972,0.0029827045954986245
real_busq_0963,d_tipo_hip_l1,-0.009154575530060754,0.002971401721611141,0.0020637968731592234
real_busq_0963,d_ln_ipv_real_l1,0.1506360819780952,0.0784399034934146,0.054807246632658624
real_busq_0964,ect_l1,-0.11902065738588818,0.035271372134781195,0.0007396963138141053
real_busq_0964,d_ln_ocupados,0.30052279038567353,0.19156492878753725,0.1166997438438338
real_busq_0964,d_tipo_hip_l1,-0.004058848282258385,0.003980005412013891,0.3078187032096258
real_busq_0964,d_ln_ipv_real_l1,0.26410506916445364,0.11659390099663344,0.023502216498173616
real_busq_0964,d_ln_credito_nuevo,0.04410567206678725,0.020087178379861473,0.02811251574880837
real_busq_0965,ect_l1,-0.1403318829524039,0.033949372371634354,3.571817121124141e-05
real_busq_0965,d_ln_ocupados,0.4350807455489074,0.16622266008132955,0.008858752348992102
real_busq_0965,d_tipo_hip_l1,-0.013021355281125456,0.0034717352528726205,0.0001763582237252807
real_busq_0965,d_ln_ipv_real_l4,0.36772016310699746,0.13019525942946364,0.004737300523755271
real_busq_0966,ect_l1,-0.12757801180100084,0.0355440833290346,0.000331580211670853
real_busq_0966,d_ln_ocupados,0.34781333663047215,0.20201204466237382,0.0851156241255062
real_busq_0966,d_tipo_hip_l1,-0.009796474316998009,0.00359354650592794,0.0064081787185275305
real_busq_0966,d_ln_ipv_real_l4,0.33568924788405174,0.1045068019585538,0.0013175555670789133
real_busq_0966,d_ln_credito_nuevo,0.03136700594866375,0.014265342212246174,0.027890294051490516
real_busq_0967,ect_l1,-0.16145986664516496,0.03657661538476455,1.0134102165169536e-05
real_busq_0967,d_ln_ocupados,0.5564705430226826,0.20291273905017387,0.006098959513497872
real_busq_0967,d_tipo_hip_l1,-0.011531620215835628,0.0036151875286850313,0.0014238558786933368
real_busq_0967,d_ln_pob_extranj,0.1862879498159117,0.13458064583132262,0.16629399381754517
real_busq_0968,ect_l1,-0.14162815950362392,0.040644563304159845,0.0004929587108455743
real_busq_0968,d_ln_ocupados,0.4411348319411284,0.23840253211731458,0.06425906864229029
real_busq_0968,d_tipo_hip_l1,-0.008236135589244466,0.00382855187406647,0.03145722721798563
real_busq_0968,d_ln_pob_extranj,0.21829414960290378,0.14263611760530995,0.12591109769709186
real_busq_0968,d_ln_credito_nuevo,0.0367143378872048,0.016153757309563897,0.023037942918057854
real_busq_0969,ect_l1,-0.14992224605010354,0.03230540329623521,3.47097727447556e-06
real_busq_0969,d_ln_ocupados,0.49923919741193934,0.17358191006218207,0.004026201813505689
real_busq_0969,d_tipo_hip_l1,-0.010149031011542244,0.0029721998076922608,0.0006386331290071481
real_busq_0969,d_ln_pob_extranj,0.12611707288933938,0.11911360566231742,0.28969245226325135
real_busq_0969,d_ln_ipv_real_l1,0.1270339918919518,0.08457552352616683,0.13309235886954165
real_busq_0970,ect_l1,-0.11566282965485651,0.03514966102252937,0.0009998048072117527
real_busq_0970,d_ln_ocupados,0.3090134473572598,0.19851393260199657,0.11955751387866868
real_busq_0970,d_tipo_hip_l1,-0.004944612226746174,0.003810849305393532,0.1944560242675668
real_busq_0970,d_ln_pob_extranj,0.10940925395972884,0.09926820695497385,0.2703929635606215
real_busq_0970,d_ln_ipv_real_l1,0.24311642925776844,0.11776762468963684,0.0389822642016171
real_busq_0970,d_ln_credito_nuevo,0.04390614226784242,0.01964972759345991,0.02545411972930419
real_busq_0971,ect_l1,-0.14455212966545933,0.03343611402914179,1.5375881691103378e-05
real_busq_0971,d_ln_ocupados,0.4220124826707265,0.16372969224744605,0.009951928690935868
real_busq_0971,d_tipo_hip_l1,-0.012391508496564512,0.0032357665557674518,0.0001283812349549209
real_busq_0971,d_ln_pob_extranj,-0.15019184010309045,0.12661133458258955,0.23552625361656698
real_busq_0971,d_ln_ipv_real_l4,0.41345480664470147,0.14437032610910028,0.004185275420502066
real_busq_0972,ect_l1,-0.13011952757068787,0.03501149323679198,0.00020201732346665808
real_busq_0972,d_ln_ocupados,0.3426640770342189,0.20086699594991517,0.0880220008909026
real_busq_0972,d_tipo_hip_l1,-0.009527239071938953,0.0034964119386189678,0.006432842142234819
real_busq_0972,d_ln_pob_extranj,-0.0807064921387947,0.1164676615917694,0.48833971205294613
real_busq_0972,d_ln_ipv_real_l4,0.36095252526884875,0.11299704538013886,0.001401443180493005
real_busq_0972,d_ln_credito_nuevo,0.030693765127711013,0.014260480224847787,0.03136858159017436
real_busq_0973,ect_l1,-0.1641037944751841,0.03754305935994916,1.2363229541680126e-05
real_busq_0973,d_ln_ocupados,0.5746747987607665,0.2156066082109977,0.00769000379203072
real_busq_0973,d_tipo_hip_l1,-0.011177008409292727,0.003536103874896967,0.0015732254752709523
real_busq_0973,d_ln_pob_extranj4,0.13597137377597965,0.14998896782433138,0.3646487807830986
real_busq_0974,ect_l1,-0.1446757071136383,0.04247490755579166,0.0006588710117704979
real_busq_0974,d_ln_ocupados,0.46391190338715904,0.25090963798897786,0.06446933334349153
real_busq_0974,d_tipo_hip_l1,-0.007875359491243824,0.0037636167618999706,0.036394015544401595
real_busq_0974,d_ln_pob_extranj4,0.16319675219370675,0.15754781622313183,0.30026961921992745
real_busq_0974,d_ln_credito_nuevo,0.03639063553565737,0.016142635328826344,0.02417616138865625
real_busq_0975,ect_l1,-0.15018667032674254,0.03194661480337508,2.586669836740624e-06
real_busq_0975,d_ln_ocupados,0.5061398629036917,0.17865138630015723,0.004609684694829665
real_busq_0975,d_tipo_hip_l1,-0.009823699664744348,0.002911277847302269,0.0007398752593104961
real_busq_0975,d_ln_pob_extranj4,0.09383706169079029,0.12497615467334312,0.4527491183708917
real_busq_0975,d_ln_ipv_real_l1,0.13930995355824008,0.08017358639969555,0.08228059444862072
real_busq_0976,ect_l1,-0.11529921521736747,0.035926521420309686,0.0013305561705308235
real_busq_0976,d_ln_ocupados,0.3160543457412437,0.2038645525647421,0.12106584414226008
real_busq_0976,d_tipo_hip_l1,-0.004719896253428746,0.003774369203722445,0.21111235478872414
real_busq_0976,d_ln_pob_extranj4,0.0924660693175722,0.10621050070277703,0.38397667252445755
real_busq_0976,d_ln_ipv_real_l1,0.2529065653050573,0.11354763792116612,0.02592610629864486
real_busq_0976,d_ln_credito_nuevo,0.04409095806751774,0.0197846144712024,0.02584401085949783
real_busq_0977,ect_l1,-0.14526933174414025,0.03438347229428412,2.389666604471841e-05
real_busq_0977,d_ln_ocupados,0.4032986299283726,0.16059173337127014,0.012027764266327078
real_busq_0977,d_tipo_hip_l1,-0.012361972502434595,0.003264142889160132,0.00015235248290860532
real_busq_0977,d_ln_pob_extranj4,-0.1564277800954875,0.11953876539941437,0.1906717190056575
real_busq_0977,d_ln_ipv_real_l4,0.40989280913981324,0.13759304087462482,0.0028916923808065733
real_busq_0978,ect_l1,-0.13104611565135102,0.036057391573960436,0.0002786543225829432
real_busq_0978,d_ln_ocupados,0.3294510545152544,0.2039465710451532,0.10622859570487786
real_busq_0978,d_tipo_hip_l1,-0.009448596735060722,0.0035301335862053043,0.00743833539640838
real_busq_0978,d_ln_pob_extranj4,-0.10042424288493511,0.12056275555419828,0.4048659321485799
real_busq_0978,d_ln_ipv_real_l4,0.36351270560552623,0.10976513411672915,0.000927203284434232
real_busq_0978,d_ln_credito_nuevo,0.030633272215088467,0.01428107485425799,0.0319507943050083
real_busq_0979,ect_l1,-0.16726016167439142,0.0381299015313523,1.151426875759053e-05
real_busq_0979,d_ln_ocupados,0.5684762590100975,0.21868740395165515,0.009336172781698708
real_busq_0979,d_tipo_hip_l1,-0.011398406737005451,0.0036109052968031036,0.001595863338884464
real_busq_0979,d_ln_pob_total,1.5520913480176093,1.5647865223891675,0.32125267047998407
real_busq_0980,ect_l1,-0.1476593088424948,0.041534803373398946,0.00037787240263097903
real_busq_0980,d_ln_ocupados,0.4544809507204499,0.25729002917016924,0.07732626091552533
real_busq_0980,d_tipo_hip_l1,-0.008148529158900948,0.003855326068077585,0.034551397505811585
real_busq_0980,d_ln_pob_total,1.997284714549446,1.6387450783222641,0.22292423216632606
real_busq_0980,d_ln_credito_nuevo,0.03727737631009292,0.016265473878196348,0.021916607179967316
real_busq_0981,ect_l1,-0.1534283790182511,0.033205322869897136,3.826394049679159e-06
real_busq_0981,d_ln_ocupados,0.5059111106604008,0.18642103503729776,0.006651447356182025
real_busq_0981,d_tipo_hip_l1,-0.01004097382239924,0.0029636753037824036,0.0007040063598411048
real_busq_0981,d_ln_pob_total,1.0628393001657688,1.4024683277418488,0.4485498882990868
real_busq_0981,d_ln_ipv_real_l1,0.13036566337468364,0.08525553833272785,0.1262355278458748
real_busq_0982,ect_l1,-0.11827405620894953,0.03558115044285183,0.0008871552155383049
real_busq_0982,d_ln_ocupados,0.31679897173950383,0.20884832893173885,0.1292956315520602
real_busq_0982,d_tipo_hip_l1,-0.005015306221803325,0.003601977969263348,0.16380869045412383
real_busq_0982,d_ln_pob_total,1.1719666696486324,1.1085685137883439,0.29042524392010693
real_busq_0982,d_ln_ipv_real_l1,0.24221991768405382,0.11107649060073516,0.02920866852469458
real_busq_0982,d_ln_credito_nuevo,0.04428701688299018,0.019541448499755972,0.023432294574955975
real_busq_0983,ect_l1,-0.14057398873183644,0.03428767641453275,4.134357931705741e-05
real_busq_0983,d_ln_ocupados,0.423632215175137,0.15972424514142194,0.007995199836306489
real_busq_0983,d_tipo_hip_l1,-0.01266727126560772,0.0033998911813929206,0.00019470656786304926
real_busq_0983,d_ln_pob_total,-0.7423098517950745,1.055192459221226,0.48175485940138674
real_busq_0983,d_ln_ipv_real_l4,0.3888020534720474,0.1321323595848218,0.0032555321192123572
real_busq_0984,ect_l1,-0.12763057730334953,0.03559337305706052,0.00033605149545895796
real_busq_0984,d_ln_ocupados,0.3469930982719228,0.20337748522316748,0.0879796044313136
real_busq_0984,d_tipo_hip_l1,-0.009772374263739792,0.0036212537576719842,0.006962841314662613
real_busq_0984,d_ln_pob_total,-0.0668335446855942,1.1363086201692152,0.9530983721484131
real_busq_0984,d_ln_ipv_real_l4,0.33766461853427415,0.10249414306266602,0.0009860493993948502
real_busq_0984,d_ln_credito_nuevo,0.03129133575306667,0.014750811195763927,0.03389405606042543
real_busq_0985,ect_l1,-0.16801335350482452,0.038281910871716666,1.1395451659780411e-05
real_busq_0985,d_ln_ocupados,0.6412488875341681,0.2669797960561017,0.016311817204979265
real_busq_0985,d_tipo_hip_l1,-0.010651392561074582,0.0030074969395215093,0.00039768732286535216
real_busq_0985,d_ln_renta_hog_real,-0.07706781023113494,0.13020179486987762,0.5539105185142142
real_busq_0986,ect_l1,-0.15039537604287923,0.04107140381872868,0.00025044674500283544
real_busq_0986,d_ln_ocupados,0.5286698343848596,0.22255873956889088,0.01752912977761558
real_busq_0986,d_tipo_hip_l1,-0.007236811556198633,0.0032592925198473314,0.026394156546593973
real_busq_0986,d_ln_renta_hog_real,-0.07643689018067648,0.09320347610954562,0.4121547023087534
real_busq_0986,d_ln_credito_nuevo,0.03578229228646567,0.014928288013262016,0.01653238398500609
real_busq_0987,ect_l1,-0.15067044542851485,0.030318838146128173,6.711459089490292e-07
real_busq_0987,d_ln_ocupados,0.5703929688996787,0.241824850541241,0.01833893288817049
real_busq_0987,d_tipo_hip_l1,-0.009467402038259885,0.0027143393561238813,0.0004867913521917209
real_busq_0987,d_ln_renta_hog_real,-0.0749870413154722,0.14144403813896422,0.5960055598783218
real_busq_0987,d_ln_ipv_real_l1,0.1498563711560785,0.07873717935964032,0.057008205779087814
real_busq_0988,ect_l1,-0.1158502198600693,0.03320400912265227,0.0004847529303829316
real_busq_0988,d_ln_ocupados,0.37813262490539695,0.18023551819654152,0.03590587677192138
real_busq_0988,d_tipo_hip_l1,-0.004366327580313372,0.003723310100399314,0.24091593474242656
real_busq_0988,d_ln_renta_hog_real,-0.07263555631537257,0.10101176166323049,0.4720915151523717
real_busq_0988,d_ln_ipv_real_l1,0.263250438637013,0.11649692299397414,0.02383862792315283
real_busq_0988,d_ln_credito_nuevo,0.04406704658593051,0.019280648692311553,0.022280112259659864
real_busq_0989,ect_l1,-0.13677121119683563,0.03254298482354442,2.636494526807723e-05
real_busq_0989,d_ln_ocupados,0.5181189780104164,0.20763801122254785,0.012585093729446706
real_busq_0989,d_tipo_hip_l1,-0.01334292886772436,0.003259975842558286,4.259135329209222e-05
real_busq_0989,d_ln_renta_hog_real,-0.07829126900675652,0.11791790902516097,0.5067240864046798
real_busq_0989,d_ln_ipv_real_l4,0.36790480224151606,0.12781428640309941,0.003996567360586236
real_busq_0990,ect_l1,-0.12405348667238894,0.0339916048376286,0.00026271739658219963
real_busq_0990,d_ln_ocupados,0.4301944924415412,0.18223030831095435,0.018239561191586436
real_busq_0990,d_tipo_hip_l1,-0.010116898349750094,0.0033098375123461823,0.002238517369389153
real_busq_0990,d_ln_renta_hog_real,-0.07763199561142743,0.08711035213731962,0.37282650387281957
real_busq_0990,d_ln_ipv_real_l4,0.3358878103805421,0.10282876999469383,0.0010889465981246214
real_busq_0990,d_ln_credito_nuevo,0.031351848599673174,0.013409406231700172,0.01938470729542209
real_busq_0991,ect_l1,-0.15694253056166252,0.03452597307582798,5.47694346446096e-06
real_busq_0991,d_ln_ocupados,0.650060865432356,0.2611847282333692,0.012814149236939458
real_busq_0991,d_tipo_hip_l1,-0.011954550894940349,0.0033727125144632935,0.0003933711636727941
real_busq_0991,d_ln_renta_hog_real,-0.08831853376228606,0.13528196723138933,0.5138544086199925
real_busq_0991,d_ln_pob_extranj,0.19590148443292063,0.1428242481380303,0.17017982527244202
real_busq_0992,ect_l1,-0.13703507098654535,0.03837690155838804,0.00035593397170412597
real_busq_0992,d_ln_ocupados,0.5359120182034872,0.21714908261612348,0.013589115276942195
real_busq_0992,d_tipo_hip_l1,-0.008662412626268339,0.0035043591910085643,0.013439848407524163
real_busq_0992,d_ln_renta_hog_real,-0.08951767430923033,0.09667050369111618,0.35444174467676504
real_busq_0992,d_ln_pob_extranj,0.2280614814310787,0.14673430032439613,0.12012529043740795
real_busq_0992,d_ln_credito_nuevo,0.0367410308289929,0.015136382104945263,0.015210312471584471
real_busq_0993,ect_l1,-0.14592268300539463,0.02935625132922855,6.66932687420811e-07
real_busq_0993,d_ln_ocupados,0.5886519107701614,0.25368334205404564,0.020318165827076545
real_busq_0993,d_tipo_hip_l1,-0.010577930821897197,0.002794055900115731,0.00015317208962922484
real_busq_0993,d_ln_renta_hog_real,-0.0831822910810071,0.14482122514971402,0.5657112641786894
real_busq_0993,d_ln_pob_extranj,0.13650172756522766,0.12836649149558974,0.28761189127368736
real_busq_0993,d_ln_ipv_real_l1,0.12422563851927403,0.08465145787335984,0.14224129638718463
real_busq_0994,ect_l1,-0.11187247008464415,0.032776786149436424,0.0006421383649381797
real_busq_0994,d_ln_ocupados,0.39507019320868453,0.1910803632672518,0.0386813786094324
real_busq_0994,d_tipo_hip_l1,-0.005363343394810782,0.0035268119912387932,0.1283265680909997
real_busq_0994,d_ln_renta_hog_real,-0.07981568224426523,0.10303674746867304,0.4385564516706264
real_busq_0994,d_ln_pob_extranj,0.11939669640597471,0.10307024084910801,0.24670032704366807
real_busq_0994,d_ln_ipv_real_l1,0.24026136573118734,0.11695404119052763,0.03994444921044254
real_busq_0994,d_ln_credito_nuevo,0.04384548449259699,0.018720368119991834,0.01917417575235436
real_busq_0995,ect_l1,-0.14107001248217962,0.03232777997872105,1.2785778175657893e-05
real_busq_0995,d_ln_ocupados,0.4975326943086389,0.20780896687092784,0.016657435792635903
real_busq_0995,d_tipo_hip_l1,-0.012722556100697509,0.0030839019967469476,3.699727121160853e-05
real_busq_0995,d_ln_renta_hog_real,-0.07038219759656543,0.11725862840899269,0.5483526725588383
real_busq_0995,d_ln_pob_extranj,-0.1401862153058156,0.12333791055273154,0.2557043662302483
real_busq_0995,d_ln_ipv_real_l4,0.410573998753757,0.14067501730539914,0.003516079350006815
real_busq_0996,ect_l1,-0.12643869800491714,0.03361373882574548,0.0001688849763121789
real_busq_0996,d_ln_ocupados,0.42154281099323704,0.18637799421722087,0.023712063374300662
real_busq_0996,d_tipo_hip_l1,-0.009866908686702671,0.003249486641062278,0.002393805913808836
real_busq_0996,d_ln_renta_hog_real,-0.07369149033895322,0.08942155537863175,0.4098879085614563
real_busq_0996,d_ln_pob_extranj,-0.07006196958741874,0.1173049703431114,0.5503315125522483
real_busq_0996,d_ln_ipv_real_l4,0.35780899046356685,0.11145855612190775,0.0013262304873747895
real_busq_0996,d_ln_credito_nuevo,0.030768172074528657,0.013504891384558688,0.02270880651592114
real_busq_0997,ect_l1,-0.15900139299488258,0.035716420736959055,8.516421987456049e-06
real_busq_0997,d_ln_ocupados,0.6744202281346829,0.28807187151408153,0.019224304650814317
real_busq_0997,d_tipo_hip_l1,-0.011659564027525427,0.0033491829834060827,0.0004989566176110968
real_busq_0997,d_ln_renta_hog_real,-0.092171660896047,0.14124054058437388,0.5140229328499564
real_busq_0997,d_ln_pob_extranj4,0.15304095308541063,0.1646070118967573,0.3525081417169754
real_busq_0998,ect_l1,-0.13943184468656156,0.04030584156742181,0.0005414891801694339
real_busq_0998,d_ln_ocupados,0.5657667789636173,0.2431620952015941,0.019980902294316396
real_busq_0998,d_tipo_hip_l1,-0.008364422139905493,0.003457184586971076,0.015544777697036051
real_busq_0998,d_ln_renta_hog_real,-0.09425779258473059,0.10048439072872863,0.3482268474845859
real_busq_0998,d_ln_pob_extranj4,0.18068907287297672,0.1642331973587824,0.2712457620817752
real_busq_0998,d_ln_credito_nuevo,0.03643929423718139,0.015067825885624112,0.01559102242973353
real_busq_0999,ect_l1,-0.1457129673641213,0.029166572986536424,5.856527655027627e-07
real_busq_0999,d_ln_ocupados,0.6007501079517175,0.27123066964158565,0.026766600630838834
real_busq_0999,d_tipo_hip_l1,-0.010302876172247875,0.0027634592610179566,0.00019281151271440658
real_busq_0999,d_ln_renta_hog_real,-0.08609597397604857,0.15051177206205874,0.5673073894454683
real_busq_0999,d_ln_pob_extranj4,0.1106665980273398,0.14130926611927422,0.43353800919430596
real_busq_0999,d_ln_ipv_real_l1,0.13638340855891898,0.0804187534125887,0.08990188816846281
real_busq_1000,ect_l1,-0.11099458196418104,0.033665350870741385,0.0009772432657461016
real_busq_1000,d_ln_ocupados,0.4080789004601292,0.2034308843346988,0.04485805926928023
real_busq_1000,d_tipo_hip_l1,-0.005190394325232191,0.003469865339362369,0.13469302950247183
real_busq_1000,d_ln_renta_hog_real,-0.08355845526584606,0.10544129803964307,0.4280900506564763
real_busq_1000,d_ln_pob_extranj4,0.1088010488546482,0.1122799647411648,0.3325373548985765
real_busq_1000,d_ln_ipv_real_l1,0.24994509740760643,0.11248791445797163,0.026285137148964587
real_busq_1000,d_ln_credito_nuevo,0.04404392474302322,0.018794704603831827,0.019107755784066392
real_busq_1001,ect_l1,-0.14187728039122166,0.03340430468927719,2.1638594334008734e-05
real_busq_1001,d_ln_ocupados,0.4746036698475226,0.20944280789478223,0.023449551217528473
real_busq_1001,d_tipo_hip_l1,-0.012688292969487903,0.0031307957545264613,5.06218183643799e-05
real_busq_1001,d_ln_renta_hog_real,-0.06442480543192304,0.11893385743636511,0.5880348362068815
real_busq_1001,d_ln_pob_extranj4,-0.1417899902125853,0.11798729670732003,0.22946448766974314
real_busq_1001,d_ln_ipv_real_l4,0.4060984245113765,0.13359067867872423,0.0023667953157775626
real_busq_1002,ect_l1,-0.12734512806743864,0.03490201277282637,0.00026362492928553547
real_busq_1002,d_ln_ocupados,0.405996574547511,0.19570912157499895,0.03803384599710041
real_busq_1002,d_tipo_hip_l1,-0.00979023940365647,0.0032948330172044645,0.002964534331333025
real_busq_1002,d_ln_renta_hog_real,-0.06938399623276398,0.09116648918617426,0.44661580632660336
real_busq_1002,d_ln_pob_extranj4,-0.08447136582740208,0.12200478567065823,0.4887105975788554
real_busq_1002,d_ln_ipv_real_l4,0.35927028092959085,0.10801329864026929,0.000880491244410544
real_busq_1002,d_ln_credito_nuevo,0.030736282411309063,0.013603961326136626,0.023860834374808654
real_busq_1003,ect_l1,-0.16263736962179604,0.03573797810996862,5.343537204020861e-06
real_busq_1003,d_ln_ocupados,0.6688545998015697,0.28532513200288545,0.01906876320369361
real_busq_1003,d_tipo_hip_l1,-0.011875957844743485,0.003454592456041928,0.0005866112196041416
real_busq_1003,d_ln_renta_hog_real,-0.09381764052490617,0.14043450801040575,0.5041000064995229
real_busq_1003,d_ln_pob_total,1.6891772279995483,1.6674204455385677,0.31103715391463294
real_busq_1004,ect_l1,-0.14280037790529296,0.03903953913043281,0.00025434998798590214
real_busq_1004,d_ln_ocupados,0.5586702010351682,0.24255496104716964,0.021263509052056952
real_busq_1004,d_tipo_hip_l1,-0.008637604673339624,0.003576137362160773,0.015720321675679636
real_busq_1004,d_ln_renta_hog_real,-0.09763942445541365,0.09686938119551719,0.3134788049407222
real_busq_1004,d_ln_pob_total,2.1410411780420153,1.6755239242693487,0.20130801812260513
real_busq_1004,d_ln_credito_nuevo,0.037368328051417585,0.01517982944472866,0.013827667301847426
real_busq_1005,ect_l1,-0.14951098865682974,0.029820776422660233,5.340660352013587e-07
real_busq_1005,d_ln_ocupados,0.6009824818337822,0.2759415701343772,0.029410963129151584
real_busq_1005,d_tipo_hip_l1,-0.010522508687265151,0.0029002222770622924,0.00028543377779583883
real_busq_1005,d_ln_renta_hog_real,-0.08724459996572835,0.15048167912397123,0.5620704620995269
real_busq_1005,d_ln_pob_total,1.2038156577800652,1.5321615323630962,0.4320446623479287
real_busq_1005,d_ln_ipv_real_l1,0.1267698050576851,0.08581249366274502,0.13959833489516948
real_busq_1006,ect_l1,-0.11443302817017947,0.032977585586875656,0.0005204109964679882
real_busq_1006,d_ln_ocupados,0.41058736395937284,0.20513313512986672,0.0453315047710464
real_busq_1006,d_tipo_hip_l1,-0.005492568457283087,0.003327649822633014,0.09882336994950398
real_busq_1006,d_ln_renta_hog_real,-0.08597229120460384,0.10407155381151649,0.4087540137697646
real_busq_1006,d_ln_pob_total,1.3108274283195505,1.1664038017798328,0.2610895741345648
real_busq_1006,d_ln_ipv_real_l1,0.2386152994810862,0.11016386414039193,0.03031093045917782
real_busq_1006,d_ln_credito_nuevo,0.044262785998654304,0.01853226314320983,0.016921096037506737
real_busq_1007,ect_l1,-0.1372478335967173,0.03308815454863448,3.3547347715021255e-05
real_busq_1007,d_ln_ocupados,0.502183006522573,0.20946949369498394,0.016511706124820287
real_busq_1007,d_tipo_hip_l1,-0.013023873205165624,0.0032488630974969322,6.104153124318581e-05
real_busq_1007,d_ln_renta_hog_real,-0.0722341072729975,0.1201539433066644,0.5477203276692688
real_busq_1007,d_ln_pob_total,-0.6167183082078365,1.0704942947529137,0.5645434591250675
real_busq_1007,d_ln_ipv_real_l4,0.3854055586278343,0.12857026868580865,0.0027209150704674907
real_busq_1008,ect_l1,-0.12396427434156722,0.033985322646076226,0.0002647191378385368
real_busq_1008,d_ln_ocupados,0.4318369720870274,0.1915543058295595,0.024172017721758983
real_busq_1008,d_tipo_hip_l1,-0.010145954167185466,0.0033668405979480676,0.0025825809067463374
real_busq_1008,d_ln_renta_hog_real,-0.07834186284818986,0.09113473591305163,0.3899947882238691
real_busq_1008,d_ln_pob_total,0.0724514483111583,1.1684365256019964,0.9505571180443673
real_busq_1008,d_ln_ipv_real_l4,0.33374820939879235,0.10119762905182984,0.0009738151892783803
real_busq_1008,d_ln_credito_nuevo,0.03143374089250633,0.013963948719789501,0.024381490333027916
real_busq_1009,ect_l1,-0.16509160352430421,0.04153300721103951,7.039421078582832e-05
real_busq_1009,d_ln_ocupados,0.6222104625673489,0.2171863562254133,0.004171817654555212
real_busq_1009,d_tipo_hip_l1,-0.01059764831308735,0.0034989240998709544,0.0024550231614362847
real_busq_1009,d_ln_costes,-0.12486792759397788,0.07277926791961443,0.08621561205892682
real_busq_1010,ect_l1,-0.15096849795713488,0.043763836325061256,0.000561381253690851
real_busq_1010,d_ln_ocupados,0.484844797987712,0.24886342999504665,0.05138668081783189
real_busq_1010,d_tipo_hip_l1,-0.007173105803435069,0.0038055508380799986,0.05944252297907601
real_busq_1010,d_ln_costes,-0.06715523487713126,0.08047043686057337,0.4039807009753186
real_busq_1010,d_ln_credito_nuevo,0.03464642599890799,0.016240467637091846,0.032896911930803095
real_busq_1011,ect_l1,-0.14327694645881373,0.03381488040790444,2.2642779127390515e-05
real_busq_1011,d_ln_ocupados,0.5580933274063442,0.1672565952836934,0.0008476436978590649
real_busq_1011,d_tipo_hip_l1,-0.00929861949177215,0.0029338284875081075,0.001527283077931898
real_busq_1011,d_ln_costes,-0.15574837186362092,0.0732601360117783,0.03350630257156831
real_busq_1011,d_ln_ipv_real_l1,0.17385082428021725,0.07363162142243994,0.0182213484453633
real_busq_1012,ect_l1,-0.11306479907318892,0.03484787226688509,0.0011764661500640514
real_busq_1012,d_ln_ocupados,0.3511046360697057,0.20418781156095817,0.08552007628523627
real_busq_1012,d_tipo_hip_l1,-0.004314031212509782,0.0039502895889860345,0.2747980553153926
real_busq_1012,d_ln_costes,-0.10270559927731589,0.07843626947238279,0.190393936213621
real_busq_1012,d_ln_ipv_real_l1,0.27584648195533984,0.10853575683869136,0.011036963812273124
real_busq_1012,d_ln_credito_nuevo,0.04271911143797187,0.020231083713102185,0.03472435793122263
real_busq_1013,ect_l1,-0.13489663119123194,0.03446827750679896,9.091294574408068e-05
real_busq_1013,d_ln_ocupados,0.4921362686356516,0.17701229527566567,0.005431911080574626
real_busq_1013,d_tipo_hip_l1,-0.013230356965180446,0.003604056106285716,0.00024163823050239828
real_busq_1013,d_ln_costes,-0.11129524521306425,0.06317081513765689,0.0781006784964644
real_busq_1013,d_ln_ipv_real_l4,0.3644261588590611,0.1284292706286937,0.004545936080038871
real_busq_1014,ect_l1,-0.12498171333295235,0.03604770252121484,0.0005260668186616743
real_busq_1014,d_ln_ocupados,0.38245726895066756,0.21632367123674176,0.07706320804515533
real_busq_1014,d_tipo_hip_l1,-0.010020458314975096,0.003711774096491851,0.006941429072977488
real_busq_1014,d_ln_costes,-0.06188987606297779,0.07401782081948702,0.4030714713533776
real_busq_1014,d_ln_ipv_real_l4,0.334927820899671,0.1045269434219949,0.001354267059571067
real_busq_1014,d_ln_credito_nuevo,0.03031886371559619,0.014569622426060332,0.03743717647745523
real_busq_1015,ect_l1,-0.15103770808891745,0.03785460047547695,6.608910265239613e-05
real_busq_1015,d_ln_ocupados,0.6341855645837122,0.21548582223218876,0.003249958486717504
real_busq_1015,d_tipo_hip_l1,-0.01214528922899741,0.004231599230420392,0.004102879457899776
real_busq_1015,d_ln_costes,-0.15603483541160537,0.07468419543475815,0.03668416446216355
real_busq_1015,d_ln_pob_extranj,0.23100018113751294,0.13541641127110118,0.08803587907355037
real_busq_1016,ect_l1,-0.1358414412884138,0.041220149390332354,0.0009824297981557285
real_busq_1016,d_ln_ocupados,0.4956578900013436,0.2505194434419564,0.04787000230739883
real_busq_1016,d_tipo_hip_l1,-0.008769713348634876,0.004292417845243392,0.04104543488688456
real_busq_1016,d_ln_costes,-0.09946463338979812,0.07878793235886018,0.20679234732322438
real_busq_1016,d_ln_pob_extranj,0.2454130809113422,0.13789705464236623,0.07512781019235036
real_busq_1016,d_ln_credito_nuevo,0.03512795968393236,0.016307484106393034,0.031232291268345223
real_busq_1017,ect_l1,-0.13670588572665351,0.033260893088033275,3.954729254806897e-05
real_busq_1017,d_ln_ocupados,0.5773365214344623,0.17933795742654565,0.0012851937461116978
real_busq_1017,d_tipo_hip_l1,-0.010632851047398398,0.0032884622493945703,0.001223343308844336
real_busq_1017,d_ln_costes,-0.17320739563961876,0.07539656049897894,0.02160251075588625
real_busq_1017,d_ln_pob_extranj,0.1671597881432728,0.11940479633074509,0.16153069067273718
real_busq_1017,d_ln_ipv_real_l1,0.14517014203538847,0.08058909170343856,0.07164581287905325
real_busq_1018,ect_l1,-0.10796406124488549,0.03476471712207933,0.0018991638264289925
real_busq_1018,d_ln_ocupados,0.36917927122011046,0.214715749687554,0.08554409514061923
real_busq_1018,d_tipo_hip_l1,-0.005467781172028993,0.003968210000718529,0.16823536239217995
real_busq_1018,d_ln_costes,-0.11767358219063673,0.0827906411735468,0.15521817795135828
real_busq_1018,d_ln_pob_extranj,0.13791715448575334,0.105125794348216,0.1895454518521612
real_busq_1018,d_ln_ipv_real_l1,0.2511001544567085,0.1105145435092982,0.0230804382549855
real_busq_1018,d_ln_credito_nuevo,0.04226551886796915,0.01967385171966826,0.03168919157050817
real_busq_1019,ect_l1,-0.13880715038086325,0.03430765800753159,5.211082757308712e-05
real_busq_1019,d_ln_ocupados,0.4741561500902061,0.17974871291146435,0.008342525549812492
real_busq_1019,d_tipo_hip_l1,-0.01273462475818275,0.0034052970186316334,0.00018427541777370988
real_busq_1019,d_ln_costes,-0.09505137310325382,0.06448881253470806,0.14050303804190784
real_busq_1019,d_ln_pob_extranj,-0.11093716675781444,0.1343626982401148,0.4090001083372873
real_busq_1019,d_ln_ipv_real_l4,0.39868820306822017,0.14607023397000285,0.0063444279960574905
real_busq_1020,ect_l1,-0.1272229696712393,0.03585106996797709,0.00038720850576506004
real_busq_1020,d_ln_ocupados,0.37401118770594355,0.22059425885078032,0.08998609069123209
real_busq_1020,d_tipo_hip_l1,-0.009789816316660423,0.0036718334579084787,0.007671565903522533
real_busq_1020,d_ln_costes,-0.05366455614208535,0.07729917335176409,0.48752864498796966
real_busq_1020,d_ln_pob_extranj,-0.06021437824959751,0.12530131143432133,0.6308316327768513
real_busq_1020,d_ln_ipv_real_l4,0.35387771747241537,0.11751981108625721,0.002602023558315837
real_busq_1020,d_ln_credito_nuevo,0.02995586560923504,0.014513099985685242,0.03901231236656959
real_busq_1021,ect_l1,-0.15447169436030217,0.038730363802958565,6.652396983439821e-05
real_busq_1021,d_ln_ocupados,0.6527342727879919,0.23157687249647277,0.004822599347095774
real_busq_1021,d_tipo_hip_l1,-0.011722809878028859,0.004088970957767415,0.004144694336142187
real_busq_1021,d_ln_costes,-0.1467018427898976,0.07563482976845118,0.05242747349056639
real_busq_1021,d_ln_pob_extranj4,0.17455588028016644,0.14944057461645432,0.2427816926435873
real_busq_1022,ect_l1,-0.13954926808325283,0.04304643936684586,0.0011876455843276214
real_busq_1022,d_ln_ocupados,0.5161797569922788,0.2650149691185987,0.05144630670574887
real_busq_1022,d_tipo_hip_l1,-0.008341856250892217,0.004176349179059479,0.045781321573730195
real_busq_1022,d_ln_costes,-0.08990800120900674,0.07977874815057728,0.2597565145118701
real_busq_1022,d_ln_pob_extranj4,0.18575529838599053,0.15297895810932646,0.22465077899126762
real_busq_1022,d_ln_credito_nuevo,0.034935784273910704,0.016336264461512387,0.03247279601343743
real_busq_1023,ect_l1,-0.13697053339423543,0.03271581670167372,2.8306911584501118e-05
real_busq_1023,d_ln_ocupados,0.5863324725370703,0.18651767915486786,0.0016689715375612245
real_busq_1023,d_tipo_hip_l1,-0.010254678704866476,0.0031554823999121124,0.0011548722608334516
real_busq_1023,d_ln_costes,-0.16982798704031984,0.07596336352654959,0.02537428086742713
real_busq_1023,d_ln_pob_extranj4,0.13225032513862542,0.12245898046892595,0.2801617216852875
real_busq_1023,d_ln_ipv_real_l1,0.15998682407260958,0.07618197110127584,0.03572343199061378
real_busq_1024,ect_l1,-0.10754283710358874,0.03550121800758009,0.002451440588134846
real_busq_1024,d_ln_ocupados,0.3773747087467614,0.22209262786812928,0.08928581860638679
real_busq_1024,d_tipo_hip_l1,-0.005194301782614168,0.003884703893169214,0.18118460288122384
real_busq_1024,d_ln_costes,-0.11557726002367598,0.08238700926336898,0.16065924171864832
real_busq_1024,d_ln_pob_extranj4,0.1186570495773792,0.10853880432371238,0.2742961747733915
real_busq_1024,d_ln_ipv_real_l1,0.26294750785739424,0.1057185816192703,0.012873843869830174
real_busq_1024,d_ln_credito_nuevo,0.0425264578924867,0.019798580108272193,0.03171733546120101
real_busq_1025,ect_l1,-0.13959672511638954,0.035267598551913845,7.55120841724479e-05
real_busq_1025,d_ln_ocupados,0.45857904296594865,0.17928745926732806,0.010534074437415272
real_busq_1025,d_tipo_hip_l1,-0.01268002794703822,0.0033660269890025078,0.0001651808573611837
real_busq_1025,d_ln_costes,-0.09463832457448809,0.06354950752080435,0.13643306223682355
real_busq_1025,d_ln_pob_extranj4,-0.12313587095351644,0.12460852904202971,0.32306365753097055
real_busq_1025,d_ln_ipv_real_l4,0.3981163612311555,0.13857739993050905,0.004067474633780987
real_busq_1026,ect_l1,-0.12831991409628046,0.037079684595118706,0.0005388673331488078
real_busq_1026,d_ln_ocupados,0.36119488744244055,0.22637036691359347,0.11057977569022885
real_busq_1026,d_tipo_hip_l1,-0.009691868201818415,0.0036679512173188322,0.0082342384267561
real_busq_1026,d_ln_costes,-0.051264032034567406,0.07623653308333367,0.5013074843242735
real_busq_1026,d_ln_pob_extranj4,-0.08375511801987373,0.12772416136407133,0.511984996127204
real_busq_1026,d_ln_ipv_real_l4,0.35826367370969814,0.11328631230744259,0.0015644107617916786
real_busq_1026,d_ln_credito_nuevo,0.02988687533991312,0.014529493225859053,0.03968816056515358
real_busq_1027,ect_l1,-0.15828988476462533,0.039229857055735735,5.461764370267768e-05
real_busq_1027,d_ln_ocupados,0.6482201190078551,0.23648527365433272,0.006124148487859432
real_busq_1027,d_tipo_hip_l1,-0.011985002984974851,0.004204119849404701,0.004361271369661688
real_busq_1027,d_ln_costes,-0.15419011859863788,0.07871735123498919,0.05013834045774135
real_busq_1027,d_ln_pob_total,1.93742426703104,1.545718676522653,0.2100553525582215
real_busq_1028,ect_l1,-0.14270003569269377,0.042176204282679354,0.000715876847278541
real_busq_1028,d_ln_ocupados,0.5103413086027105,0.2728043125647881,0.06138348179061308
real_busq_1028,d_tipo_hip_l1,-0.008657930556666207,0.0042959658317956815,0.04386662901098137
real_busq_1028,d_ln_costes,-0.0990066532920242,0.08061099082856005,0.21937080762375405
real_busq_1028,d_ln_pob_total,2.2265256996002853,1.57467724762629,0.1573745688103344
real_busq_1028,d_ln_credito_nuevo,0.03575475646564315,0.01633667988225714,0.02862459498136301
real_busq_1029,ect_l1,-0.14136397980012377,0.03386021050274711,2.9807880965273985e-05
real_busq_1029,d_ln_ocupados,0.5862846481869672,0.1957904215782077,0.002749400209301656
real_busq_1029,d_tipo_hip_l1,-0.010502228234007583,0.0032383465107855046,0.001182435393977375
real_busq_1029,d_ln_costes,-0.17293258157840988,0.07820646455834135,0.02701982457808985
real_busq_1029,d_ln_pob_total,1.424135363289136,1.3581774618251399,0.29437904520088454
real_busq_1029,d_ln_ipv_real_l1,0.1492511408468837,0.08085173108806243,0.06489427922362444
real_busq_1030,ect_l1,-0.11116781528937153,0.03508153867822752,0.00153048138724366
real_busq_1030,d_ln_ocupados,0.37924026217896395,0.2262351386704437,0.09367745527113638
real_busq_1030,d_tipo_hip_l1,-0.005514199779396961,0.0037360999692120805,0.139964283701092
real_busq_1030,d_ln_costes,-0.11983569544036585,0.0827499563946079,0.1475705562439058
real_busq_1030,d_ln_pob_total,1.4184385949678504,1.0940118420192462,0.1947868394647182
real_busq_1030,d_ln_ipv_real_l1,0.25131707687170257,0.10375650328702168,0.015427645389090472
real_busq_1030,d_ln_credito_nuevo,0.04270733206173266,0.019463649242305484,0.028220322429845443
real_busq_1031,ect_l1,-0.13535041333652428,0.03469405128413534,9.569445735068014e-05
real_busq_1031,d_ln_ocupados,0.482501612375353,0.1790198344330327,0.007033771916940717
real_busq_1031,d_tipo_hip_l1,-0.013024354969927803,0.0035940625568341277,0.00029024642384543637
real_busq_1031,d_ln_costes,-0.1047145391587975,0.06450510116353719,0.10451399998059774
real_busq_1031,d_ln_pob_total,-0.40595986383697447,1.0778751329693146,0.706448760663142
real_busq_1031,d_ln_ipv_real_l4,0.3761503469939019,0.13189796163796358,0.004346856570913533
real_busq_1032,ect_l1,-0.12481454983027988,0.036112226154314545,0.0005476531748115509
real_busq_1032,d_ln_ocupados,0.3848991775683894,0.22374004104615125,0.08537858529208271
real_busq_1032,d_tipo_hip_l1,-0.01006967892106795,0.0038068116091102343,0.00816489304815192
real_busq_1032,d_ln_costes,-0.06364597171418956,0.07421956782742656,0.39114857613866083
real_busq_1032,d_ln_pob_total,0.11887239573754112,1.1289828243311097,0.9161444367357674
real_busq_1032,d_ln_ipv_real_l4,0.3313927549387655,0.10465351754034968,0.0015424788297159395
real_busq_1032,d_ln_credito_nuevo,0.03042371274168272,0.014891809175274027,0.0410541226260083
real_busq_1033,ect_l1,-0.1589854636953978,0.03935766724797584,5.356429991744631e-05
real_busq_1033,d_ln_ocupados,0.7499492623788689,0.2839070862906501,0.008253234588254374
real_busq_1033,d_tipo_hip_l1,-0.011093336484896162,0.0032101765688224092,0.0005489106662085094
real_busq_1033,d_ln_costes,-0.1468352366202254,0.07599528314695095,0.053339451534992394
real_busq_1033,d_ln_renta_hog_real,-0.10994335880275609,0.13269417635125846,0.40736080159904675
real_busq_1034,ect_l1,-0.14578510520447763,0.04178620634973541,0.0004851337208952442
real_busq_1034,d_ln_ocupados,0.5976928656917566,0.22810993585334252,0.008787910247596346
real_busq_1034,d_tipo_hip_l1,-0.007640491681157732,0.0034415684823918577,0.026414632750820365
real_busq_1034,d_ln_costes,-0.08690934773066676,0.07785981614075904,0.26432432733602584
real_busq_1034,d_ln_renta_hog_real,-0.09592163987985085,0.09039980669469246,0.288652475489274
real_busq_1034,d_ln_credito_nuevo,0.0342931803549169,0.014929123137294189,0.021615008086359903
real_busq_1035,ect_l1,-0.13661913318173985,0.03003772988044787,5.4093611267301585e-06
real_busq_1035,d_ln_ocupados,0.690534887264798,0.2551771627272115,0.006807856850420285
real_busq_1035,d_tipo_hip_l1,-0.009798758576422921,0.0026411112771305926,0.00020718618809862936
real_busq_1035,d_ln_costes,-0.1790749964505562,0.07639636410501717,0.019076886563734716
real_busq_1035,d_ln_renta_hog_real,-0.11471600319952052,0.14661622982525568,0.4339656493632701
real_busq_1035,d_ln_ipv_real_l1,0.17613491447518095,0.07321355476457038,0.016138457246608416
real_busq_1036,ect_l1,-0.1074900997262137,0.03190989846023497,0.0007556459303718675
real_busq_1036,d_ln_ocupados,0.46831144875943714,0.1963889586528624,0.017097147257367447
real_busq_1036,d_tipo_hip_l1,-0.004789468788289755,0.003629886908365672,0.18701738008582136
real_busq_1036,d_ln_costes,-0.12347852036160159,0.0745608702174782,0.0977062859305743
real_busq_1036,d_ln_renta_hog_real,-0.1001198091982665,0.09891971227156958,0.31147492950573175
real_busq_1036,d_ln_ipv_real_l1,0.27704325381205014,0.10792673124061025,0.010259540104053676
real_busq_1036,d_ln_credito_nuevo,0.042385429107632946,0.01894409485052638,0.02526051432869052
real_busq_1037,ect_l1,-0.1289284572827339,0.0331352051016445,9.98397042915903e-05
real_busq_1037,d_ln_ocupados,0.6177925870381096,0.2265268454274743,0.006386698355141257
real_busq_1037,d_tipo_hip_l1,-0.0137146537239794,0.003378444719097274,4.91867985717398e-05
real_busq_1037,d_ln_costes,-0.13289514775803804,0.06810338672433576,0.05101262511105445
real_busq_1037,d_ln_renta_hog_real,-0.10803286658322778,0.12102496270061482,0.37204492795687993
real_busq_1037,d_ln_ipv_real_l4,0.3640416473424567,0.12481044230664748,0.003536919698719142
real_busq_1038,ect_l1,-0.11979750592634827,0.03447228339095892,0.0005105042601031292
real_busq_1038,d_ln_ocupados,0.4953184645954339,0.19866004205894414,0.012656297185410087
real_busq_1038,d_tipo_hip_l1,-0.010487921126713153,0.0033702691963047003,0.0018589111395871918
real_busq_1038,d_ln_costes,-0.08164637426412437,0.07343577322745687,0.2662213315969759
real_busq_1038,d_ln_renta_hog_real,-0.0959333989333584,0.08579486030231495,0.26349359816065954
real_busq_1038,d_ln_ipv_real_l4,0.3349301307668391,0.10250979830170914,0.0010857905289785067
real_busq_1038,d_ln_credito_nuevo,0.029965544921631834,0.013314818156042863,0.024414620311624776
real_busq_1039,ect_l1,-0.14223651325052672,0.03557859942531022,6.393098651788287e-05
real_busq_1039,d_ln_ocupados,0.7901948638376811,0.2880450809306508,0.006082457766927183
real_busq_1039,d_tipo_hip_l1,-0.012900299886318686,0.0040199075523374385,0.0013314949589583102
real_busq_1039,d_ln_costes,-0.18576493795019486,0.08407983993833786,0.027147707502867643
real_busq_1039,d_ln_renta_hog_real,-0.13324819665232973,0.14161655650709348,0.3467518421832637
real_busq_1039,d_ln_pob_extranj,0.2540235876886347,0.14823855869932537,0.08659974210153042
real_busq_1040,ect_l1,-0.12807938872501198,0.03846424314916535,0.0008689903872046067
real_busq_1040,d_ln_ocupados,0.6379159929097156,0.23438160017105628,0.006494741431751301
real_busq_1040,d_tipo_hip_l1,-0.009489136709672354,0.0039395263390443296,0.01600945606157881
real_busq_1040,d_ln_costes,-0.1269195497290132,0.07973047099715036,0.11141672262697806
real_busq_1040,d_ln_renta_hog_real,-0.12014904679133219,0.09637192237027886,0.21249925514066925
real_busq_1040,d_ln_pob_extranj,0.2660081768343459,0.1440243108438281,0.06475189548271383
real_busq_1040,d_ln_credito_nuevo,0.034725903392178716,0.01468028222496404,0.01800675097796996
real_busq_1041,ect_l1,-0.12816904686781166,0.029277569865505438,1.1992646092774906e-05
real_busq_1041,d_ln_ocupados,0.7316209811196832,0.2742233692024702,0.007631002908518446
real_busq_1041,d_tipo_hip_l1,-0.01139129914211579,0.0031018786567194763,0.00024029532857999347
real_busq_1041,d_ln_costes,-0.20234205769753227,0.08288161083279444,0.014632936463767772
real_busq_1041,d_ln_renta_hog_real,-0.13131254086477306,0.1515874305281038,0.3863533354204468
real_busq_1041,d_ln_pob_extranj,0.19045678974857053,0.13206211395754783,0.14925277524149944
real_busq_1041,d_ln_ipv_real_l1,0.14378746625604172,0.07865768064025923,0.06754721235859901
real_busq_1042,ect_l1,-0.10084924744249703,0.031166951888358035,0.001213129168007407
real_busq_1042,d_ln_ocupados,0.5054756017604953,0.2157230901358517,0.019120733106484152
real_busq_1042,d_tipo_hip_l1,-0.006181699936858287,0.0036122875391457815,0.08702614114316155
real_busq_1042,d_ln_costes,-0.14358339264028616,0.08170655465699672,0.07886572006824515
real_busq_1042,d_ln_renta_hog_real,-0.11412496878875238,0.10210027394866796,0.2636637914557636
real_busq_1042,d_ln_pob_extranj,0.15847473998207307,0.11079237996588366,0.15260918781944394
real_busq_1042,d_ln_ipv_real_l1,0.24877570997517945,0.10870623499186502,0.02210762218574938
real_busq_1042,d_ln_credito_nuevo,0.04181754834585591,0.01813609759100421,0.021123861584690175
real_busq_1043,ect_l1,-0.13244554142332293,0.033089039642207135,6.262335012519645e-05
real_busq_1043,d_ln_ocupados,0.5942334287562602,0.23515852648776084,0.01150584528254854
real_busq_1043,d_tipo_hip_l1,-0.013289278597809312,0.003245936282920089,4.237601872483025e-05
real_busq_1043,d_ln_costes,-0.11852561564405976,0.0700998463406994,0.09087283924348044
real_busq_1043,d_ln_renta_hog_real,-0.09990635814977078,0.12164428824036043,0.4114758561048105
real_busq_1043,d_ln_pob_extranj,-0.08703986795711831,0.13152991374209136,0.5081317105606705
real_busq_1043,d_ln_ipv_real_l4,0.39095212857286454,0.140527776015529,0.005402047291833578
real_busq_1044,ect_l1,-0.121418285352435,0.03435687722501837,0.0004092723438750042
real_busq_1044,d_ln_ocupados,0.48580348566797454,0.2133252992802503,0.022768937520863092
real_busq_1044,d_tipo_hip_l1,-0.010323541512831364,0.0033711707155474058,0.002196420167688959
real_busq_1044,d_ln_costes,-0.07567150395310046,0.07862074172431725,0.3358046336190871
real_busq_1044,d_ln_renta_hog_real,-0.09243102126845922,0.08978708229778697,0.30326978405130045
real_busq_1044,d_ln_pob_extranj,-0.03845950734999403,0.12871450819288568,0.7650949493045279
real_busq_1044,d_ln_ipv_real_l4,0.3470335291552511,0.11631602834222744,0.0028493474142189377
real_busq_1044,d_ln_credito_nuevo,0.029746593624760214,0.013368731142641045,0.02607537944227129
real_busq_1045,ect_l1,-0.14477291548937382,0.03690184498234911,8.73845143925222e-05
real_busq_1045,d_ln_ocupados,0.8184978215285975,0.32174782423282705,0.010961901864581626
real_busq_1045,d_tipo_hip_l1,-0.012561112211769173,0.003969294521882017,0.001553120488763579
real_busq_1045,d_ln_costes,-0.17842172344676863,0.08610239292339171,0.03824642008792023
real_busq_1045,d_ln_renta_hog_real,-0.13758050067472546,0.14867297494014084,0.35476302126157777
real_busq_1045,d_ln_pob_extranj4,0.208377619224911,0.16871076612941607,0.21678677832184934
real_busq_1046,ect_l1,-0.13094777106711775,0.040488141785830926,0.0012197320927272545
real_busq_1046,d_ln_ocupados,0.6677967987279285,0.2646261438820842,0.011617717066492174
real_busq_1046,d_tipo_hip_l1,-0.009140270175309726,0.003863078204515442,0.01797858882445956
real_busq_1046,d_ln_costes,-0.11928162954149081,0.08112182917523975,0.1414531446670939
real_busq_1046,d_ln_renta_hog_real,-0.12450570213793703,0.10083307742615133,0.21691595624051974
real_busq_1046,d_ln_pob_extranj4,0.21623106187960178,0.1612215467409423,0.1798540699892397
real_busq_1046,d_ln_credito_nuevo,0.034524746873328814,0.01461732200148215,0.0181812303279576
real_busq_1047,ect_l1,-0.1274540991287382,0.029102837961028336,1.1898530474351993e-05
real_busq_1047,d_ln_ocupados,0.7508559851153713,0.2969663831999512,0.011457692852924943
real_busq_1047,d_tipo_hip_l1,-0.01109252288659253,0.003033438458393591,0.00025543433156635507
real_busq_1047,d_ln_costes,-0.20112662638782214,0.0847162345571065,0.017590765221368515
real_busq_1047,d_ln_renta_hog_real,-0.13626836667750844,0.15857660503312943,0.39016288532175236
real_busq_1047,d_ln_pob_extranj4,0.1659666821829385,0.14245981835422106,0.24401616908106027
real_busq_1047,d_ln_ipv_real_l1,0.15916550324539577,0.0744800632289042,0.03259623552273732
real_busq_1048,ect_l1,-0.09950698031885909,0.0320565079766819,0.001908512858620498
real_busq_1048,d_ln_ocupados,0.523836659482053,0.23264557665859917,0.024344331599856772
real_busq_1048,d_tipo_hip_l1,-0.0059821226676840256,0.003524722108216938,0.08966076907915256
real_busq_1048,d_ln_costes,-0.1435921254280716,0.08201129036427392,0.07996616792710712
real_busq_1048,d_ln_renta_hog_real,-0.11949162845241133,0.10533021233999892,0.2566067550313633
real_busq_1048,d_ln_pob_extranj4,0.14836511696466861,0.11626423429735885,0.20191917575750706
real_busq_1048,d_ln_ipv_real_l1,0.26114633328705555,0.10353155240619122,0.011656238100753322
real_busq_1048,d_ln_credito_nuevo,0.04207997806774549,0.018157768445569884,0.020478459403732094
real_busq_1049,ect_l1,-0.1331804237171407,0.03430681297562111,0.00010358379019206281
real_busq_1049,d_ln_ocupados,0.5778201610627571,0.24258880863185925,0.017223983043380568
real_busq_1049,d_tipo_hip_l1,-0.013241630711549768,0.0032358698361245565,4.274114246779791e-05
real_busq_1049,d_ln_costes,-0.11777439132968626,0.0705233638246959,0.09491831508859191
real_busq_1049,d_ln_renta_hog_real,-0.09552521494790259,0.12382182472285176,0.44042652273972505
real_busq_1049,d_ln_pob_extranj4,-0.09329302399071876,0.12453411850346903,0.4537750810846636
real_busq_1049,d_ln_ipv_real_l4,0.38961130885120643,0.1327979459665372,0.003347692682812521
real_busq_1050,ect_l1,-0.1224461834679255,0.03594942691383303,0.0006590582313558848
real_busq_1050,d_ln_ocupados,0.4722483610032013,0.22726420730857105,0.03771205907772029
real_busq_1050,d_tipo_hip_l1,-0.01023052922843933,0.0033797742512951907,0.002470054255328489
real_busq_1050,d_ln_costes,-0.0729626362850526,0.07788805749854462,0.34888057488549606
real_busq_1050,d_ln_renta_hog_real,-0.08848424268735677,0.0913288070985703,0.3326182436631556
real_busq_1050,d_ln_pob_extranj4,-0.056355116736885175,0.13151874375004577,0.6682908138028729
real_busq_1050,d_ln_ipv_real_l4,0.3506316152621519,0.11184793905352111,0.0017191526467401337
real_busq_1050,d_ln_credito_nuevo,0.029702313977076067,0.013441623802534332,0.027124140880254784
real_busq_1051,ect_l1,-0.1494548858999654,0.03673243048576532,4.7267081096302166e-05
real_busq_1051,d_ln_ocupados,0.8158117090217077,0.3227240580320996,0.011474949808367297
real_busq_1051,d_tipo_hip_l1,-0.012826003277789537,0.004121322534445797,0.001857561551244241
real_busq_1051,d_ln_costes,-0.18669390659578392,0.090736937908988,0.03963534134361289
real_busq_1051,d_ln_renta_hog_real,-0.14092629516245472,0.14913692938020137,0.34468661557473745
real_busq_1051,d_ln_pob_total,2.224574540368356,1.6780904492683177,0.18495290416985055
real_busq_1052,ect_l1,-0.1346938727942586,0.03930583743626022,0.0006107027225264737
real_busq_1052,d_ln_ocupados,0.6664386586471593,0.2676204189274054,0.012765741448656092
real_busq_1052,d_tipo_hip_l1,-0.00946694614902679,0.004017837514202935,0.018461521844443066
real_busq_1052,d_ln_costes,-0.1295585114310011,0.08284630938476698,0.11785475394004064
real_busq_1052,d_ln_renta_hog_real,-0.1301303675711266,0.09713853351832143,0.1803634088811772
real_busq_1052,d_ln_pob_total,2.4888592985812577,1.6058814840957847,0.12117993272556016
real_busq_1052,d_ln_credito_nuevo,0.03540611777242411,0.014595495710294141,0.015273635045843444
real_busq_1053,ect_l1,-0.13298021626785622,0.02949307759826816,6.517629053639332e-06
real_busq_1053,d_ln_ocupados,0.7510624016158107,0.3039984955626384,0.013488198720277353
real_busq_1053,d_tipo_hip_l1,-0.011346689735421566,0.00321167529151951,0.0004109494523979613
real_busq_1053,d_ln_costes,-0.20442926744586376,0.08860228067947797,0.021039846246205515
real_busq_1053,d_ln_renta_hog_real,-0.1377788664422812,0.15937188294102486,0.38730682490493173
real_busq_1053,d_ln_pob_total,1.7125726166593622,1.5121430492505648,0.25740466347187063
real_busq_1053,d_ln_ipv_real_l1,0.14701213481977574,0.0788390960504949,0.06222191485048606
real_busq_1054,ect_l1,-0.1039914993523393,0.03125538206377102,0.0008773757002094362
real_busq_1054,d_ln_ocupados,0.5279925409476938,0.2336388923655042,0.023829581458542307
real_busq_1054,d_tipo_hip_l1,-0.006314335234956673,0.0034118253932027107,0.06420977171954446
real_busq_1054,d_ln_costes,-0.14839932662796124,0.08305909518150184,0.07399058154449628
real_busq_1054,d_ln_renta_hog_real,-0.12271266192695841,0.10355431238712969,0.2360143857597582
real_busq_1054,d_ln_pob_total,1.6753898946504429,1.1532529778974858,0.14629278616736896
real_busq_1054,d_ln_ipv_real_l1,0.24834038848608803,0.10163518462421889,0.014547626267021078
real_busq_1054,d_ln_credito_nuevo,0.04229621774447956,0.017792441042841788,0.01744455519585165
real_busq_1055,ect_l1,-0.1291929930702266,0.033304352317972526,0.00010481673891001562
real_busq_1055,d_ln_ocupados,0.6121952565916989,0.24420191675828642,0.012178744372511992
real_busq_1055,d_tipo_hip_l1,-0.013635030751628203,0.0034636655562990783,8.264767670544013e-05
real_busq_1055,d_ln_costes,-0.130240131460056,0.07250841061990825,0.072461565146965
real_busq_1055,d_ln_renta_hog_real,-0.10606805406004724,0.12556110986361838,0.39824907325182
real_busq_1055,d_ln_pob_total,-0.13955224476289813,1.1123769017985663,0.9001640595671622
real_busq_1055,d_ln_ipv_real_l4,0.36807893247269685,0.1265009265733449,0.0036178327752692564
real_busq_1056,ect_l1,-0.11900239439348563,0.03429549789147211,0.0005206269486178158
real_busq_1056,d_ln_ocupados,0.5089015823394449,0.22081552555380016,0.021186416459893748
real_busq_1056,d_tipo_hip_l1,-0.010665903381493366,0.003511574666452711,0.002386631804795532
real_busq_1056,d_ln_costes,-0.0881596097188891,0.07602812307773067,0.24622564080627862
real_busq_1056,d_ln_renta_hog_real,-0.10101857227637591,0.09070513050587155,0.26540663930554875
real_busq_1056,d_ln_pob_total,0.3700003851759317,1.1662553835847593,0.7510500979502933
real_busq_1056,d_ln_ipv_real_l4,0.3239270614308604,0.10335855200809965,0.001724331268139537
real_busq_1056,d_ln_credito_nuevo,0.03027316789682947,0.013639882185705589,0.02645547062565001
real_busq_1057,ect_l1,-0.16249106669710242,0.040192536041214734,5.281284669052249e-05
real_busq_1057,d_ln_ocupados,0.5398617370005193,0.19713284819675755,0.006170737197714814
real_busq_1057,d_tipo_hip_l1,-0.011736347159721636,0.0036598161260757134,0.0013421405299783545
real_busq_1057,d_ln_permisos_l4,0.011966172656369753,0.010411055543969434,0.2504027424241424
real_busq_1058,ect_l1,-0.14556502659062678,0.04231603690353625,0.0005818229106244289
real_busq_1058,d_ln_ocupados,0.42974992484577335,0.2309823425445096,0.06281036571819645
real_busq_1058,d_tipo_hip_l1,-0.008231787933028159,0.003908419648350547,0.03518977198530146
real_busq_1058,d_ln_permisos_l4,0.011083287428565245,0.0098402016163844,0.2600270188598556
real_busq_1058,d_ln_credito_nuevo,0.03566956941152892,0.015680230691159768,0.02291723887642562
real_busq_1059,ect_l1,-0.14819552901047703,0.033686266437883826,1.086074877708671e-05
real_busq_1059,d_ln_ocupados,0.47936973839808733,0.15731403204052086,0.002309721447357268
real_busq_1059,d_tipo_hip_l1,-0.010240502310253832,0.0033587653759124176,0.002296894443876828
real_busq_1059,d_ln_permisos_l4,0.00879448629703079,0.00964308724887532,0.36176922382453913
real_busq_1059,d_ln_ipv_real_l1,0.14338551734737381,0.07927054935911833,0.07048022238971899
real_busq_1060,ect_l1,-0.11580568811563684,0.034417859550404085,0.0007662760320290563
real_busq_1060,d_ln_ocupados,0.294944336552681,0.18391845272785007,0.1087870140837606
real_busq_1060,d_tipo_hip_l1,-0.004718002733153859,0.004530279711617635,0.297672591442089
real_busq_1060,d_ln_permisos_l4,0.005143286924220544,0.009359859172674399,0.5826591167497364
real_busq_1060,d_ln_ipv_real_l1,0.25932871560345006,0.1210461396289813,0.03216166255106673
real_busq_1060,d_ln_credito_nuevo,0.04389732769083941,0.020121851381592417,0.029140914500989747
real_busq_1061,ect_l1,-0.14361486468663406,0.03528672255677822,4.702512651566988e-05
real_busq_1061,d_ln_ocupados,0.4408831771930323,0.17129164732743601,0.010056678842128528
real_busq_1061,d_tipo_hip_l1,-0.012460508151675428,0.003790451220432807,0.0010113805226684433
real_busq_1061,d_ln_permisos_l4,-0.00533305164401318,0.011123779093204028,0.6316341473137155
real_busq_1061,d_ln_ipv_real_l4,0.3763722147841605,0.13261055506448186,0.004537202817470959
real_busq_1062,ect_l1,-0.13041791238717396,0.035918373253017506,0.00028237699697461
real_busq_1062,d_ln_ocupados,0.3529295912614697,0.2062975692854839,0.08712188005835154
real_busq_1062,d_tipo_hip_l1,-0.00931941364282323,0.003806569887509859,0.014355421930739175
real_busq_1062,d_ln_permisos_l4,-0.004582258430179623,0.010251697972569848,0.6548927071249271
real_busq_1062,d_ln_ipv_real_l4,0.34317122477257533,0.10871132942482743,0.0015955449147456164
real_busq_1062,d_ln_credito_nuevo,0.03132002914209101,0.014260033531536008,0.028066878962485265
real_busq_1063,ect_l1,-0.1578379569804815,0.03753425173178143,2.6088452412221548e-05
real_busq_1063,d_ln_ocupados,0.546545174287337,0.1998368233192813,0.00623883727961177
real_busq_1063,d_tipo_hip_l1,-0.012134122484069403,0.0038324955619253214,0.001544895929311274
real_busq_1063,d_ln_permisos_l4,0.006262398181025179,0.011285484617035284,0.5789580452503202
real_busq_1063,d_ln_pob_extranj,0.16598812856672174,0.15286078938419367,0.27753308628375273
real_busq_1064,ect_l1,-0.13936415884502243,0.04023584124872084,0.0005328360177695919
real_busq_1064,d_ln_ocupados,0.4350973183617022,0.2369604875422264,0.06633402808661973
real_busq_1064,d_tipo_hip_l1,-0.008630773206389261,0.004014118255192898,0.031546959949925096
real_busq_1064,d_ln_permisos_l4,0.004008243038715287,0.011206525821740681,0.7205899559201883
real_busq_1064,d_ln_pob_extranj,0.20521379245445978,0.16580075108067432,0.21582239099421396
real_busq_1064,d_ln_credito_nuevo,0.036613998114856335,0.016246778210905283,0.024220340579560875
real_busq_1065,ect_l1,-0.1468965527047891,0.033522352142843104,1.1756895354311645e-05
real_busq_1065,d_ln_ocupados,0.4912096110218173,0.1694704573168412,0.003749559036560282
real_busq_1065,d_tipo_hip_l1,-0.010686118064403942,0.003293436314544763,0.0011758629725059074
real_busq_1065,d_ln_permisos_l4,0.00543551926407423,0.010260937393498783,0.5962996246637902
real_busq_1065,d_ln_pob_extranj,0.10911292295277512,0.13181895691171583,0.4078130358251817
real_busq_1065,d_ln_ipv_real_l1,0.12573493825860624,0.08362811356672994,0.13270994275912612
real_busq_1066,ect_l1,-0.11462029703664488,0.03467005978689821,0.0009462757297278219
real_busq_1066,d_ln_ocupados,0.30640187617015496,0.19413358328863498,0.11449571039256627
real_busq_1066,d_tipo_hip_l1,-0.005147297337378338,0.0043079453325826,0.23215028028522933
real_busq_1066,d_ln_permisos_l4,0.001968985568928234,0.00935937003371529,0.8333743279066778
real_busq_1066,d_ln_pob_extranj,0.10327569328518899,0.10760014255190743,0.33715084634081094
real_busq_1066,d_ln_ipv_real_l1,0.242464553532057,0.11907007433521442,0.041718418410124275
real_busq_1066,d_ln_credito_nuevo,0.04383756834119391,0.01978365587200863,0.026701934460749772
real_busq_1067,ect_l1,-0.145720517427914,0.03504752748282239,3.213308542247188e-05
real_busq_1067,d_ln_ocupados,0.4248275423395399,0.1662661456972705,0.010615561940840724
real_busq_1067,d_tipo_hip_l1,-0.012188578112884622,0.0036398945608602843,0.0008121877489843409
real_busq_1067,d_ln_permisos_l4,-0.0021484797672251805,0.01178811248348371,0.8553801270943926
real_busq_1067,d_ln_pob_extranj,-0.14470416850230905,0.131672846557041,0.2717822768938648
real_busq_1067,d_ln_ipv_real_l4,0.41526934198244314,0.14514379298623187,0.0042218821701259296
real_busq_1068,ect_l1,-0.13172974950968167,0.03563017629540724,0.00021804211954689988
real_busq_1068,d_ln_ocupados,0.3464947432376388,0.2048076380375208,0.09068301358829978
real_busq_1068,d_tipo_hip_l1,-0.009241673599471235,0.003745791899594885,0.013616860703574655
real_busq_1068,d_ln_permisos_l4,-0.0029900738340699774,0.011188448356390322,0.7892793641051465
real_busq_1068,d_ln_pob_extranj,-0.07299294003485415,0.12591743484958165,0.5621244261404436
real_busq_1068,d_ln_ipv_real_l4,0.3634202136003022,0.11410031355139838,0.0014470704181430262
real_busq_1068,d_ln_credito_nuevo,0.03072745645586083,0.014337042310940476,0.03209532155510108
real_busq_1069,ect_l1,-0.15749177376424592,0.037705474254673736,2.955164944396792e-05
real_busq_1069,d_ln_ocupados,0.5566728583839422,0.20859999602942628,0.0076164938777867845
real_busq_1069,d_tipo_hip_l1,-0.01224013843205087,0.003781319405526376,0.0012079257036503887
real_busq_1069,d_ln_permisos_l4,0.009919433981143432,0.01044292794011386,0.3421778245155538
real_busq_1069,d_ln_pob_extranj4,0.12019588718214538,0.1536697532507285,0.43411461043868316
real_busq_1070,ect_l1,-0.13907266247711594,0.04139611192834777,0.0007806710214016861
real_busq_1070,d_ln_ocupados,0.4488892933652258,0.24533994544843005,0.0673004244429569
real_busq_1070,d_tipo_hip_l1,-0.008802050821409545,0.003954483079003438,0.026024829219927877
real_busq_1070,d_ln_permisos_l4,0.008522750144053294,0.009790989454108449,0.38404430135708567
real_busq_1070,d_ln_pob_extranj4,0.1495332140203629,0.16271697548827463,0.35810742242010485
real_busq_1070,d_ln_credito_nuevo,0.03624456190774083,0.01609893728981649,0.02436251566569897
real_busq_1071,ect_l1,-0.14563335745724562,0.032667936298301246,8.273147571271143e-06
real_busq_1071,d_ln_ocupados,0.49483699782748997,0.17210002038905664,0.004036600518796423
real_busq_1071,d_tipo_hip_l1,-0.010684017524144994,0.003265163864986137,0.0010674315610854598
real_busq_1071,d_ln_permisos_l4,0.007576321809417935,0.009604249090532846,0.43019907863141205
real_busq_1071,d_ln_pob_extranj4,0.08329220389891248,0.127002963544451,0.5119342699264027
real_busq_1071,d_ln_ipv_real_l1,0.13433646155134218,0.07956831611060514,0.09135058457048964
real_busq_1072,ect_l1,-0.11309876751704732,0.03500903129893706,0.0012354807685935755
real_busq_1072,d_ln_ocupados,0.3109576776884683,0.1972103189485773,0.1148456987884378
real_busq_1072,d_tipo_hip_l1,-0.00517697452748191,0.0043069411400079105,0.22936071449188877
real_busq_1072,d_ln_permisos_l4,0.003866436290124155,0.008912370745613123,0.6644133215657064
real_busq_1072,d_ln_pob_extranj4,0.08708953885629997,0.10731785913294659,0.4170727295448923
real_busq_1072,d_ln_ipv_real_l1,0.2499671170660623,0.11678927346704711,0.032328431214624365
real_busq_1072,d_ln_credito_nuevo,0.04393519194411654,0.019883484630543194,0.02713068451042107
real_busq_1073,ect_l1,-0.14800017901000417,0.035580959706216005,3.188988307204266e-05
real_busq_1073,d_ln_ocupados,0.40875855892219365,0.16526900168499584,0.013387457473265597
real_busq_1073,d_tipo_hip_l1,-0.011892570604049402,0.0036367299822794292,0.0010749903226792855
real_busq_1073,d_ln_permisos_l4,-0.004561538041524877,0.011061541195895098,0.68006226604203
real_busq_1073,d_ln_pob_extranj4,-0.15398202629689844,0.12191110091463918,0.20656469611899542
real_busq_1073,d_ln_ipv_real_l4,0.41663382849922703,0.1400356751845523,0.0029279971243308185
real_busq_1074,ect_l1,-0.13351707488998682,0.036383293934170634,0.000242801317027968
real_busq_1074,d_ln_ocupados,0.3344304625660545,0.20836730405292675,0.10849281233929414
real_busq_1074,d_tipo_hip_l1,-0.009028478738054208,0.0037679755321915333,0.01657017805574476
real_busq_1074,d_ln_permisos_l4,-0.0041069778117370165,0.010328886895642871,0.6909099013777816
real_busq_1074,d_ln_pob_extranj4,-0.09827041525939754,0.12286535897519495,0.42381394360118596
real_busq_1074,d_ln_ipv_real_l4,0.3696218998232098,0.11308480854105614,0.0010810497789711904
real_busq_1074,d_ln_credito_nuevo,0.030606904531296195,0.014292871050160527,0.032240946741962526
real_busq_1075,ect_l1,-0.16156758632348142,0.03884371271965613,3.190470077483253e-05
real_busq_1075,d_ln_ocupados,0.5541736034945527,0.21370686615740633,0.009510174363031578
real_busq_1075,d_tipo_hip_l1,-0.012240209022238574,0.003805212703911325,0.0012967633497267396
real_busq_1075,d_ln_permisos_l4,0.008154879815141985,0.01163169443823171,0.4832460372333458
real_busq_1075,d_ln_pob_total,1.3878433174244287,1.6617233321193654,0.40361459864033833
real_busq_1076,ect_l1,-0.14362733261026983,0.04093042245956025,0.0004496924380890137
real_busq_1076,d_ln_ocupados,0.4446215440749595,0.25342948159839396,0.07935870669237155
real_busq_1076,d_tipo_hip_l1,-0.008770498245593122,0.003984617640890521,0.02772972053717628
real_busq_1076,d_ln_permisos_l4,0.005893507830229076,0.011632799972524682,0.6124155176149907
real_busq_1076,d_ln_pob_total,1.876719967717504,1.770651700062733,0.289188494593803
real_busq_1076,d_ln_credito_nuevo,0.037121367100217566,0.01634470359485527,0.023137552755417276
real_busq_1077,ect_l1,-0.14917692749122602,0.03438349662280804,1.4338016345435771e-05
real_busq_1077,d_ln_ocupados,0.49589339366860186,0.18103393248869568,0.006158346619877943
real_busq_1077,d_tipo_hip_l1,-0.01075091837938798,0.003287189641967747,0.0010733853093187332
real_busq_1077,d_ln_permisos_l4,0.006563529865831595,0.010367742601651936,0.5266864798504358
real_busq_1077,d_ln_pob_total,0.942324937655159,1.457021352496493,0.5177953663877046
real_busq_1077,d_ln_ipv_real_l1,0.12725284215764204,0.08373826098667492,0.12859898275524131
real_busq_1078,ect_l1,-0.1167700170851761,0.03479762883607359,0.0007916756765372075
real_busq_1078,d_ln_ocupados,0.31351020072382757,0.2032448836362861,0.12294620309720895
real_busq_1078,d_tipo_hip_l1,-0.005292628408202986,0.004159726777766277,0.20324878714805783
real_busq_1078,d_ln_permisos_l4,0.002452308620779741,0.009897114634855188,0.8043045084712928
real_busq_1078,d_ln_pob_total,1.1266772648318057,1.1706736311807668,0.33583972259069483
real_busq_1078,d_ln_ipv_real_l1,0.2407882905259053,0.1134613180623981,0.03382044250679911
real_busq_1078,d_ln_credito_nuevo,0.044180670835856216,0.019715595080713803,0.02503257356849048
real_busq_1079,ect_l1,-0.14317972447632094,0.03575361996863438,6.21167906701257e-05
real_busq_1079,d_ln_ocupados,0.4291032269042085,0.16491577587107453,0.009269434313893892
real_busq_1079,d_tipo_hip_l1,-0.012244912785073921,0.003713276952676269,0.0009751394251444297
real_busq_1079,d_ln_permisos_l4,-0.004261560159291709,0.011673785903389073,0.7150712304178664
real_busq_1079,d_ln_pob_total,-0.6882097727248768,1.1250960401261405,0.5407430111153222
real_busq_1079,d_ln_ipv_real_l4,0.3941793124701989,0.13350430306308336,0.0031515198418504567
real_busq_1080,ect_l1,-0.1304165516782127,0.03593158476569782,0.0002838830409195846
real_busq_1080,d_ln_ocupados,0.3528120242726965,0.20885234610576733,0.09116401140225687
real_busq_1080,d_tipo_hip_l1,-0.009317721003087026,0.0037911383622445493,0.013980525743437104
real_busq_1080,d_ln_permisos_l4,-0.004569391533252869,0.011168658429460094,0.6824470005917096
real_busq_1080,d_ln_pob_total,-0.008408854010853265,1.2205009957357638,0.9945028789537291
real_busq_1080,d_ln_ipv_real_l4,0.3433987524408361,0.10426953905916045,0.0009899214763258838
real_busq_1080,d_ln_credito_nuevo,0.03131064038951845,0.014797806409352389,0.034353532996529976
real_busq_1081,ect_l1,-0.1597225646386917,0.03836390089222133,3.1360427489370425e-05
real_busq_1081,d_ln_ocupados,0.6173213708863093,0.2570366878688904,0.016319717714386207
real_busq_1081,d_tipo_hip_l1,-0.011954533312316357,0.0034051047161811087,0.0004468138500504708
real_busq_1081,d_ln_permisos_l4,0.011314998368330454,0.009736337719487497,0.24517814914159664
real_busq_1081,d_ln_renta_hog_real,-0.07197259822430185,0.12863102253997377,0.5758017486550391
real_busq_1082,ect_l1,-0.1428074827088898,0.040626583933242116,0.00043954859869451795
real_busq_1082,d_ln_ocupados,0.5069727290692004,0.21326001815953555,0.017442184227550568
real_busq_1082,d_tipo_hip_l1,-0.008449688818665112,0.00364520337053252,0.020447719760764187
real_busq_1082,d_ln_permisos_l4,0.010434320256740903,0.009279474299723032,0.26082146790053895
real_busq_1082,d_ln_renta_hog_real,-0.07174031556631924,0.09390357052658536,0.4448800131521873
real_busq_1082,d_ln_credito_nuevo,0.035665305808595164,0.014881083807859435,0.016544031930633904
real_busq_1083,ect_l1,-0.1454700384854572,0.031192333489658074,3.106538001077473e-06
real_busq_1083,d_ln_ocupados,0.5563123896354066,0.2341322784747028,0.017498607423223025
real_busq_1083,d_tipo_hip_l1,-0.010459208141304384,0.0031186964454381024,0.0007973545008792446
real_busq_1083,d_ln_permisos_l4,0.00815314432848195,0.008853996098378404,0.3571321655032751
real_busq_1083,d_ln_renta_hog_real,-0.07140844756559049,0.1396926694968144,0.6092232737536684
real_busq_1083,d_ln_ipv_real_l1,0.14317176730068198,0.07943136981882964,0.07147325956931926
real_busq_1084,ect_l1,-0.11311732647894902,0.0323667208239792,0.00047430122472866596
real_busq_1084,d_ln_ocupados,0.3711369074846051,0.17231692644169927,0.03125553585852637
real_busq_1084,d_tipo_hip_l1,-0.00493593247363618,0.004319687345607291,0.253179924758397
real_busq_1084,d_ln_permisos_l4,0.004509604685364451,0.008900599298673654,0.6123912688978392
real_busq_1084,d_ln_renta_hog_real,-0.07066588390991145,0.10157638183316682,0.4866216892732387
real_busq_1084,d_ln_ipv_real_l1,0.25908573421594805,0.12092377462015563,0.03214891676890158
real_busq_1084,d_ln_credito_nuevo,0.043885418838193004,0.01936450529592314,0.023434157397711847
real_busq_1085,ect_l1,-0.14042089515804587,0.033767480413829876,3.203929072144684e-05
real_busq_1085,d_ln_ocupados,0.5277596750138008,0.21703240974693208,0.015027773421756964
real_busq_1085,d_tipo_hip_l1,-0.012709197390172778,0.003533123218372443,0.0003217148499464206
real_busq_1085,d_ln_permisos_l4,-0.00613530200204485,0.010653167513958317,0.5646737128262658
real_busq_1085,d_ln_renta_hog_real,-0.0810871548205083,0.11939222462228215,0.4970326069670411
real_busq_1085,d_ln_ipv_real_l4,0.3778649747879783,0.13017970000890736,0.0037003018109200325
real_busq_1086,ect_l1,-0.12727352330831668,0.03430145208915236,0.00020689829611399816
real_busq_1086,d_ln_ocupados,0.4387965919677286,0.1894972234762888,0.020581035608797493
real_busq_1086,d_tipo_hip_l1,-0.009567405434645153,0.003519276728588226,0.006556448258185201
real_busq_1086,d_ln_permisos_l4,-0.005375140120600441,0.009730569322223584,0.580676187141328
real_busq_1086,d_ln_renta_hog_real,-0.08008264092945604,0.08700490155576811,0.35734377834922426
real_busq_1086,d_ln_ipv_real_l4,0.34467068391103484,0.10674987056311133,0.0012432422826707758
real_busq_1086,d_ln_credito_nuevo,0.03129626477862571,0.013374596316568682,0.019284861800156913
real_busq_1087,ect_l1,-0.1541938836256098,0.03537366214924108,1.3065658870063058e-05
real_busq_1087,d_ln_ocupados,0.6386570947359499,0.2664043273068442,0.01651537940504887
real_busq_1087,d_tipo_hip_l1,-0.012423788748386917,0.0035359130816184684,0.0004420758377798771
real_busq_1087,d_ln_permisos_l4,0.005037850161671466,0.011013611930384208,0.6473689442266019
real_busq_1087,d_ln_renta_hog_real,-0.08509192555876799,0.13731568892454568,0.5354678168556153
real_busq_1087,d_ln_pob_extranj,0.17921986737286438,0.1645117671835264,0.27597552669748815
real_busq_1088,ect_l1,-0.13557665007749242,0.03799034768020402,0.0003587390502655235
real_busq_1088,d_ln_ocupados,0.5299206220421062,0.2224642396873962,0.017216626925897885
real_busq_1088,d_tipo_hip_l1,-0.008923982467322856,0.003673765163770878,0.015135907846647544
real_busq_1088,d_ln_permisos_l4,0.0027417446651833823,0.010882238013490465,0.8010822118478177
real_busq_1088,d_ln_renta_hog_real,-0.08775940302854598,0.09914180824207286,0.37605380698946544
real_busq_1088,d_ln_pob_extranj,0.2189223237062471,0.17157833989306825,0.20197949752366573
real_busq_1088,d_ln_credito_nuevo,0.036671871468126324,0.01528456087646925,0.016427552599302085
real_busq_1089,ect_l1,-0.14366303619308338,0.03071077441733976,2.897770017813226e-06
real_busq_1089,d_ln_ocupados,0.5793949709062393,0.2565196124056401,0.023903478766931045
real_busq_1089,d_tipo_hip_l1,-0.010988198747647938,0.003042343310509164,0.00030413179520574844
real_busq_1089,d_ln_permisos_l4,0.004293541885677515,0.0098497223010679,0.6629057540710545
real_busq_1089,d_ln_renta_hog_real,-0.08047103414420854,0.1461856943791203,0.581996133535644
real_busq_1089,d_ln_pob_extranj,0.12273159153672093,0.14511420427851426,0.39768740481754117
real_busq_1089,d_ln_ipv_real_l1,0.123291045947371,0.08380337468867084,0.14123858216934962
real_busq_1090,ect_l1,-0.1114500339937297,0.032280046746007325,0.0005552151716248151
real_busq_1090,d_ln_ocupados,0.39337545760873843,0.19009711547951377,0.03851424551670537
real_busq_1090,d_tipo_hip_l1,-0.005447591308889775,0.004033830445363204,0.17686333870701698
real_busq_1090,d_ln_permisos_l4,0.0008455244244756813,0.009004164832403502,0.9251856518911324
real_busq_1090,d_ln_renta_hog_real,-0.07928398619571334,0.10477765512632337,0.4492368521297848
real_busq_1090,d_ln_pob_extranj,0.11669628271919082,0.11373205991145448,0.3048617892314739
real_busq_1090,d_ln_ipv_real_l1,0.24000045552705532,0.11810017384711315,0.04213574169342962
real_busq_1090,d_ln_credito_nuevo,0.04381644145974056,0.018888633940272,0.020355743944196782
real_busq_1091,ect_l1,-0.14268668318703295,0.03377021071488475,2.3870389893331363e-05
real_busq_1091,d_ln_ocupados,0.5036955948013757,0.21562318290421334,0.01949128032073874
real_busq_1091,d_tipo_hip_l1,-0.0124343679090109,0.0034459258252886936,0.00030806050458838
real_busq_1091,d_ln_permisos_l4,-0.0031458516917586407,0.01135591224383298,0.7817622552735918
real_busq_1091,d_ln_renta_hog_real,-0.07228436410643177,0.11903924094799748,0.5436973613158115
real_busq_1091,d_ln_pob_extranj,-0.13188063045882553,0.12884814102755782,0.3060547825904897
real_busq_1091,d_ln_ipv_real_l4,0.41315302419107414,0.14131406250147108,0.0034595219609812214
real_busq_1092,ect_l1,-0.1284936269159124,0.03409505336835259,0.0001641076974744834
real_busq_1092,d_ln_ocupados,0.4293448382913754,0.19472418732695837,0.027462021704086775
real_busq_1092,d_tipo_hip_l1,-0.009492067242736284,0.0034896040234216577,0.006526244033921368
real_busq_1092,d_ln_permisos_l4,-0.004043094673269669,0.01075741952862299,0.7070340434902235
real_busq_1092,d_ln_renta_hog_real,-0.07614134851342769,0.0903002475030814,0.3991154849156622
real_busq_1092,d_ln_pob_extranj,-0.05927804405068549,0.12762697476009455,0.6423158577447532
real_busq_1092,d_ln_ipv_real_l4,0.36104122383295967,0.11209749152349027,0.0012784278030419712
real_busq_1092,d_ln_credito_nuevo,0.030816202194746036,0.013577072417310713,0.023224356295087612
real_busq_1093,ect_l1,-0.15341662246073087,0.03583066073847992,1.854596969438714e-05
real_busq_1093,d_ln_ocupados,0.6524795605854851,0.2866571517359197,0.022836013820782874
real_busq_1093,d_tipo_hip_l1,-0.012577549998936191,0.003532141915925772,0.0003696074101224568
real_busq_1093,d_ln_permisos_l4,0.008832050485379361,0.009839052448540761,0.36937081563297847
real_busq_1093,d_ln_renta_hog_real,-0.08670844717872934,0.1414479470285927,0.5398723398904038
real_busq_1093,d_ln_pob_extranj4,0.1379830485256596,0.17056343990777806,0.41852450250543216
real_busq_1094,ect_l1,-0.13482471175696625,0.039294388881152366,0.00060104116608112
real_busq_1094,d_ln_ocupados,0.5477794979644922,0.24222131281056788,0.02372933439983273
real_busq_1094,d_tipo_hip_l1,-0.009144785240122674,0.0036365369453276964,0.011913503045999134
real_busq_1094,d_ln_permisos_l4,0.007395626790552061,0.009208007604715516,0.42187451682008337
real_busq_1094,d_ln_renta_hog_real,-0.08967571084646069,0.10201776114270199,0.3793901212122891
real_busq_1094,d_ln_pob_extranj4,0.16798218026349257,0.17100855090970024,0.3259506901140987
real_busq_1094,d_ln_credito_nuevo,0.03631017326099586,0.015105896536910536,0.01622970500505497
real_busq_1095,ect_l1,-0.14195869260836913,0.030079457038668624,2.364754679842233e-06
real_busq_1095,d_ln_ocupados,0.5866601398074766,0.26858868737878094,0.0289451679915417
real_busq_1095,d_tipo_hip_l1,-0.011028742000785805,0.003042711318259558,0.00028936098309363374
real_busq_1095,d_ln_permisos_l4,0.0065827073590193535,0.008843934763429737,0.4566835995722549
real_busq_1095,d_ln_renta_hog_real,-0.08221075078294149,0.15017675096439484,0.5840856728506104
real_busq_1095,d_ln_pob_extranj4,0.10074520962657564,0.14537301055705734,0.48830215535365706
real_busq_1095,d_ln_ipv_real_l1,0.13219424198039595,0.07961664408597977,0.09683712579813625
real_busq_1096,ect_l1,-0.10944410092902648,0.03272807964175306,0.0008256698153529123
real_busq_1096,d_ln_ocupados,0.40242268863701697,0.198652303746445,0.042788973050441874
real_busq_1096,d_tipo_hip_l1,-0.005521038643285232,0.004016454969994574,0.16925397168958511
real_busq_1096,d_ln_permisos_l4,0.0028775067086319575,0.008372874019465307,0.7310943766596503
real_busq_1096,d_ln_renta_hog_real,-0.08186672701276079,0.10652453663429128,0.442175580903876
real_busq_1096,d_ln_pob_extranj4,0.10446897039196879,0.11483006019986185,0.362943697135386
real_busq_1096,d_ln_ipv_real_l1,0.24781743835044368,0.11559801316969336,0.03205001257974992
real_busq_1096,d_ln_credito_nuevo,0.0439289516098787,0.018949581305405545,0.0204383616550656
real_busq_1097,ect_l1,-0.14490787937365454,0.03438775266915332,2.5095550189592063e-05
real_busq_1097,d_ln_ocupados,0.48400429779615606,0.21864299144012897,0.026851215142388248
real_busq_1097,d_tipo_hip_l1,-0.012156381276334022,0.003459467229919192,0.00044150243930964815
real_busq_1097,d_ln_permisos_l4,-0.005304687240356898,0.010739128233321371,0.6213352539014172
real_busq_1097,d_ln_renta_hog_real,-0.06718158307075699,0.12057198230683866,0.5773971666444462
real_busq_1097,d_ln_pob_extranj4,-0.138319422928116,0.12042845079720453,0.25073704271958686
real_busq_1097,d_ln_ipv_real_l4,0.4137753021578837,0.13605721796673506,0.0023564823540351775
real_busq_1098,ect_l1,-0.1301582505881493,0.03507493076564125,0.00020655415767276153
real_busq_1098,d_ln_ocupados,0.41474381006969896,0.20341156529675014,0.041456098017348945
real_busq_1098,d_tipo_hip_l1,-0.00930140668027434,0.003524792970816855,0.0083187309910086
real_busq_1098,d_ln_permisos_l4,-0.0049011048945254215,0.009910261441246465,0.6209188654572255
real_busq_1098,d_ln_renta_hog_real,-0.07192656942300789,0.09142191492979317,0.4314258082970597
real_busq_1098,d_ln_pob_extranj4,-0.08131648071121603,0.1244854727350771,0.5136140430088069
real_busq_1098,d_ln_ipv_real_l4,0.36640528825042545,0.11099020726184415,0.0009625857720787178
real_busq_1098,d_ln_credito_nuevo,0.030708591063945894,0.013593318072394093,0.02387750276420167
real_busq_1099,ect_l1,-0.15803107046953965,0.03635266929756568,1.379081490288288e-05
real_busq_1099,d_ln_ocupados,0.6518319095613683,0.28870234056404387,0.023958181994408214
real_busq_1099,d_tipo_hip_l1,-0.012567150728681928,0.003550765398225402,0.0004012209956073377
real_busq_1099,d_ln_permisos_l4,0.006920966698546684,0.011271228030525549,0.5391899598773866
real_busq_1099,d_ln_renta_hog_real,-0.08925270181382326,0.14203946811433235,0.5297645303421634
real_busq_1099,d_ln_pob_total,1.543111265464501,1.7947680579877587,0.3899086104647371
real_busq_1100,ect_l1,-0.13981923579288327,0.0384096340215217,0.0002724129639301813
real_busq_1100,d_ln_ocupados,0.5477756978800563,0.24557725914201928,0.02571004947933882
real_busq_1100,d_tipo_hip_l1,-0.009105561851511013,0.003656519197301652,0.012766162564937579
real_busq_1100,d_ln_permisos_l4,0.004578080320990557,0.011187225175258024,0.6823753300341491
real_busq_1100,d_ln_renta_hog_real,-0.09460712609015208,0.09946708825499771,0.34153331283423904
real_busq_1100,d_ln_pob_total,2.0429218992646834,1.8249762192758796,0.2629593623484737
real_busq_1100,d_ln_credito_nuevo,0.03724431540106241,0.015328655346566026,0.015110559453714593
real_busq_1101,ect_l1,-0.1461416236681595,0.031233221298383722,2.8821528074582314e-06
real_busq_1101,d_ln_ocupados,0.588903314963313,0.27710300195840937,0.03356871951329458
real_busq_1101,d_tipo_hip_l1,-0.011092006498447039,0.0030968395895934857,0.000341341967989625
real_busq_1101,d_ln_permisos_l4,0.0054417827387593,0.009894524902848992,0.5823336506379014
real_busq_1101,d_ln_renta_hog_real,-0.08378171877562769,0.15136824504856286,0.5799238160710122
real_busq_1101,d_ln_pob_total,1.0983023492071151,1.6179446060890377,0.4972483197676095
real_busq_1101,d_ln_ipv_real_l1,0.12433170940800013,0.08421482833861428,0.13984630167526163
real_busq_1102,ect_l1,-0.11366675913481501,0.03213790640627005,0.0004049388833113919
real_busq_1102,d_ln_ocupados,0.40792291126605607,0.20283222396326764,0.04431123741074607
real_busq_1102,d_tipo_hip_l1,-0.005636092088830064,0.003875581782105074,0.14587505628118644
real_busq_1102,d_ln_permisos_l4,0.0013099948359988622,0.009486157408939133,0.8901650100381168
real_busq_1102,d_ln_renta_hog_real,-0.08514030152730923,0.1057760161976026,0.42087091718206604
real_busq_1102,d_ln_pob_total,1.2852905398893817,1.2447864654869487,0.30181969966967026
real_busq_1102,d_ln_ipv_real_l1,0.23788542424183107,0.11238681868553936,0.034288154272649106
real_busq_1102,d_ln_credito_nuevo,0.04420621166548994,0.01875419179309461,0.018416418579066215
real_busq_1103,ect_l1,-0.14030340962771803,0.034325638657869105,4.3619112273584544e-05
real_busq_1103,d_ln_ocupados,0.5122551560453843,0.2203645964107013,0.020094423787489005
real_busq_1103,d_tipo_hip_l1,-0.01252079782853485,0.003499668663468341,0.0003466183737338616
real_busq_1103,d_ln_permisos_l4,-0.005229806968399593,0.01140461638404499,0.6465434857924415
real_busq_1103,d_ln_renta_hog_real,-0.07532216270376581,0.1221659557566692,0.5375275717697643
real_busq_1103,d_ln_pob_total,-0.5449573121413928,1.1446015086631294,0.6339953360362949
real_busq_1103,d_ln_ipv_real_l4,0.3918593541558657,0.12984699231965122,0.002545709432455534
real_busq_1104,ect_l1,-0.12723564343383253,0.034154564027663085,0.00019509108868368273
real_busq_1104,d_ln_ocupados,0.44259527415701866,0.20140309255591246,0.027980513857234237
real_busq_1104,d_tipo_hip_l1,-0.009602550232085122,0.0035052186010532077,0.006153250789709512
real_busq_1104,d_ln_permisos_l4,-0.0056206964950815085,0.010763088130046063,0.6015173815243783
real_busq_1104,d_ln_renta_hog_real,-0.08166651593620582,0.09157091092451,0.372479197468914
real_busq_1104,d_ln_pob_total,0.1502291708362838,1.2557014810211418,0.9047701957020857
real_busq_1104,d_ln_ipv_real_l4,0.3406354233040507,0.10249631295744042,0.0008892986052405155
real_busq_1104,d_ln_credito_nuevo,0.03146353040747952,0.01399026804125823,0.024515144800841788
real_busq_1105,ect_l1,-0.15800495338142392,0.04164719281122443,0.0001483041749297074
real_busq_1105,d_ln_ocupados,0.6021065678434416,0.2105875078665915,0.004247442065819471
real_busq_1105,d_tipo_hip_l1,-0.011743744678437914,0.00387450730138546,0.0024372169502800034
real_busq_1105,d_ln_permisos_l4,0.009931782984917358,0.011832357334282437,0.40125900083738064
real_busq_1105,d_ln_costes,-0.11721135289917126,0.07554480185477337,0.12077051931349875
real_busq_1106,ect_l1,-0.14376952874746277,0.04332652468984743,0.0009057372745115396
real_busq_1106,d_ln_ocupados,0.46436701531365654,0.2425959470050004,0.055599948030698884
real_busq_1106,d_tipo_hip_l1,-0.008334125364309648,0.004059706327789474,0.040083370368772644
real_busq_1106,d_ln_permisos_l4,0.010077955767542475,0.010374156958730061,0.331325152336053
real_busq_1106,d_ln_costes,-0.05935320010087171,0.08153204659505779,0.4666295772420358
real_busq_1106,d_ln_credito_nuevo,0.03466610052959216,0.01610622154228303,0.03137041135165107
real_busq_1107,ect_l1,-0.13994166871842562,0.03461930009472424,5.292898402317838e-05
real_busq_1107,d_ln_ocupados,0.548701316000509,0.16346956803383805,0.0007890829046278383
real_busq_1107,d_tipo_hip_l1,-0.009988841013468754,0.0033405017644387697,0.002787749910085268
real_busq_1107,d_ln_permisos_l4,0.0056295605585166405,0.011304082922806082,0.6184761070896895
real_busq_1107,d_ln_costes,-0.1504435947156296,0.07502536971340519,0.04493779117245142
real_busq_1107,d_ln_ipv_real_l1,0.16841887255098648,0.07445280880231443,0.023691911111710977
real_busq_1108,ect_l1,-0.1112625893067492,0.03463213701031748,0.0013149458216896383
real_busq_1108,d_ln_ocupados,0.34628357876204546,0.1988715206699684,0.08164104967194101
real_busq_1108,d_tipo_hip_l1,-0.004710392726008293,0.004387066749896216,0.28295724756571705
real_busq_1108,d_ln_permisos_l4,0.0031481215556846244,0.009804427311603366,0.7481407977731382
real_busq_1108,d_ln_costes,-0.0998495675344633,0.07706041313724896,0.19506817119534292
real_busq_1108,d_ln_ipv_real_l1,0.27259644972104224,0.11253729381780654,0.015423607223099404
real_busq_1108,d_ln_credito_nuevo,0.04263014466602056,0.0202379409059573,0.035165564801479025
real_busq_1109,ect_l1,-0.13916425434388552,0.03582775214920221,0.00010264261657092016
real_busq_1109,d_ln_ocupados,0.5028090855883888,0.18317832087060765,0.006052640633640784
real_busq_1109,d_tipo_hip_l1,-0.012467513594134397,0.0039034635197975984,0.001403346577346935
real_busq_1109,d_ln_permisos_l4,-0.007347135385161613,0.011806709633143073,0.5337546451962427
real_busq_1109,d_ln_costes,-0.11652110004289455,0.06211715731641394,0.06067890833041487
real_busq_1109,d_ln_ipv_real_l4,0.3761910804089153,0.1299110778771582,0.0037824361732110372
real_busq_1110,ect_l1,-0.12836689780058905,0.0365628957161903,0.00044667382165750475
real_busq_1110,d_ln_ocupados,0.39129258649589277,0.22061969661054634,0.07612821784646062
real_busq_1110,d_tipo_hip_l1,-0.0094370324748338,0.0038862618822759674,0.015169544496101212
real_busq_1110,d_ln_permisos_l4,-0.005753650648376462,0.010239767224391872,0.5741891146737463
real_busq_1110,d_ln_costes,-0.06619731161054868,0.07179575922796116,0.3565167945126826
real_busq_1110,d_ln_ipv_real_l4,0.34426946961123517,0.10752603621616934,0.001366043830684636
real_busq_1110,d_ln_credito_nuevo,0.030186928916771015,0.014556321750356007,0.038097704903624026
real_busq_1111,ect_l1,-0.1502737880623436,0.038659621100583894,0.00010144923979434364
real_busq_1111,d_ln_ocupados,0.6307694376380512,0.22037068642566152,0.004205640204728034
real_busq_1111,d_tipo_hip_l1,-0.012286306944996394,0.004356207678903005,0.004796180224343788
real_busq_1111,d_ln_permisos_l4,0.0015451219852942021,0.012816135504249654,0.904039016028266
real_busq_1111,d_ln_costes,-0.15409282826911344,0.07893279271802801,0.05091411789613514
real_busq_1111,d_ln_pob_extranj,0.22543511694014048,0.15657661958197777,0.1499310401907655
real_busq_1112,ect_l1,-0.13530146569882454,0.04104468947119229,0.0009791759724264478
real_busq_1112,d_ln_ocupados,0.4932544887072328,0.2546614871798492,0.05275725439128523
real_busq_1112,d_tipo_hip_l1,-0.008870379594919405,0.004355108201063551,0.04167250055754123
real_busq_1112,d_ln_permisos_l4,0.0010970806525897163,0.01146070753872905,0.9237386783961311
real_busq_1112,d_ln_costes,-0.0980947967563009,0.07868691939567539,0.2125270312857347
real_busq_1112,d_ln_pob_extranj,0.24145942253270053,0.16112586237838236,0.13398354644508254
real_busq_1112,d_ln_credito_nuevo,0.0351223438294613,0.01631771795625261,0.03136544077462497
real_busq_1113,ect_l1,-0.13670336810857728,0.03434915975711588,6.8968353804357e-05
real_busq_1113,d_ln_ocupados,0.5773251600290814,0.18289389139877063,0.0015961325432353197
real_busq_1113,d_tipo_hip_l1,-0.010633374957357335,0.003540872266584084,0.0026729880820751256
real_busq_1113,d_ln_permisos_l4,5.504652928168137e-06,0.011845123772339435,0.9996292079753416
real_busq_1113,d_ln_costes,-0.1732002326990307,0.07808229144664039,0.026542862589246964
real_busq_1113,d_ln_pob_extranj,0.1671408704104163,0.13410573989666677,0.21264090519778078
real_busq_1113,d_ln_ipv_real_l1,0.1451680764441386,0.08016021393256662,0.07014485099217638
real_busq_1114,ect_l1,-0.10870627490974046,0.03476022386893639,0.0017640898534875354
real_busq_1114,d_ln_ocupados,0.3724761795279088,0.21550013313140357,0.08391175571626186
real_busq_1114,d_tipo_hip_l1,-0.005305866053026528,0.0042492586419219346,0.21179059728056449
real_busq_1114,d_ln_permisos_l4,-0.0016648880744666267,0.009462409297226162,0.8603351201622217
real_busq_1114,d_ln_costes,-0.11980284137713454,0.08128061261491944,0.14049743120118402
real_busq_1114,d_ln_pob_extranj,0.14361926484457138,0.11337651668329377,0.2052460762427163
real_busq_1114,d_ln_ipv_real_l1,0.2517958145606124,0.11123097761444328,0.023591327254629032
real_busq_1114,d_ln_credito_nuevo,0.04229381551793089,0.01973065661327801,0.032068283783010076
real_busq_1115,ect_l1,-0.1411605450069611,0.03569887313802953,7.679060873799984e-05
real_busq_1115,d_ln_ocupados,0.4838076747215167,0.18563682003464427,0.009155155384772977
real_busq_1115,d_tipo_hip_l1,-0.012286375109778213,0.0037605044938161876,0.0010861132317122205
real_busq_1115,d_ln_permisos_l4,-0.00496492676026506,0.012423576111951488,0.6894235401763431
real_busq_1115,d_ln_costes,-0.10078649583308301,0.06397316469902892,0.11515270649961368
real_busq_1115,d_ln_pob_extranj,-0.0958871814840387,0.1408701496330935,0.49607539571055115
real_busq_1115,d_ln_ipv_real_l4,0.40199044308240806,0.1453169204778815,0.005669605611640471
real_busq_1116,ect_l1,-0.12942026828389835,0.03640707706192014,0.00037825126532203276
real_busq_1116,d_ln_ocupados,0.3830607229876571,0.22667585049855996,0.09104607193005738
real_busq_1116,d_tipo_hip_l1,-0.009375034335938661,0.0038478021727551648,0.014831615194825135
real_busq_1116,d_ln_permisos_l4,-0.004617887566666803,0.01110388271012609,0.6774974971478711
real_busq_1116,d_ln_costes,-0.05902882194202099,0.07520382843871114,0.43250177765600917
real_busq_1116,d_ln_pob_extranj,-0.04625314794290951,0.13483127353017763,0.7315648650215274
real_busq_1116,d_ln_ipv_real_l4,0.35698163771706876,0.11724181568283278,0.0023281027973731543
real_busq_1116,d_ln_credito_nuevo,0.029934138852618426,0.01455755858900117,0.03975737279792113
real_busq_1117,ect_l1,-0.15039900582082152,0.03905251755160747,0.00011754106775121498
real_busq_1117,d_ln_ocupados,0.6368129697120395,0.23058433708769902,0.005749502002912291
real_busq_1117,d_tipo_hip_l1,-0.012424126767411484,0.004269630961156308,0.0036156402144363296
real_busq_1117,d_ln_permisos_l4,0.00677958162377917,0.011997891019946917,0.5720299314156616
real_busq_1117,d_ln_costes,-0.1399030428299336,0.07910430084047916,0.07696238959034778
real_busq_1117,d_ln_pob_extranj4,0.16198572075272277,0.1554588852344709,0.2974189488872314
real_busq_1118,ect_l1,-0.13552327053260374,0.042364557750261225,0.0013791589259879741
real_busq_1118,d_ln_ocupados,0.5004550433476579,0.2641491066564558,0.05814634544185719
real_busq_1118,d_tipo_hip_l1,-0.009036202666926616,0.004272143765666566,0.03441760800320031
real_busq_1118,d_ln_permisos_l4,0.006706323174002358,0.010282200751446664,0.5142551068727939
real_busq_1118,d_ln_costes,-0.0831928769629047,0.08034786266955823,0.3004780790402536
real_busq_1118,d_ln_pob_extranj4,0.17331895555986074,0.15901463424288545,0.27573252416114247
real_busq_1118,d_ln_credito_nuevo,0.0349295040114902,0.016250196377666365,0.031596214366028635
real_busq_1119,ect_l1,-0.1351962134264163,0.033569445442436334,5.6406836019240674e-05
real_busq_1119,d_ln_ocupados,0.5793616918539678,0.18551792408697904,0.0017905311112767636
real_busq_1119,d_tipo_hip_l1,-0.010636847938354748,0.0034667139639040657,0.002152950336193519
real_busq_1119,d_ln_permisos_l4,0.003451739845439364,0.011277852299251247,0.7595562373304411
real_busq_1119,d_ln_costes,-0.16597104630749854,0.07836641119449068,0.034184808766597435
real_busq_1119,d_ln_pob_extranj4,0.12657373448708095,0.12632691299937607,0.31636589158233863
real_busq_1119,d_ln_ipv_real_l1,0.15725133271941413,0.07580095795723621,0.038030150554387666
real_busq_1120,ect_l1,-0.10697378709672391,0.03523526207889865,0.0023974993837229644
real_busq_1120,d_ln_ocupados,0.3752035134623941,0.21912518342414217,0.0868452113984533
real_busq_1120,d_tipo_hip_l1,-0.005324737373207042,0.004248932779281332,0.21013508664889824
real_busq_1120,d_ln_permisos_l4,0.0011465403609624916,0.009091960998123167,0.8996489298500163
real_busq_1120,d_ln_costes,-0.11433357535343552,0.08084349640371499,0.1572861137295832
real_busq_1120,d_ln_pob_extranj4,0.11678087926410173,0.10961303388031657,0.2866984522147368
real_busq_1120,d_ln_ipv_real_l1,0.2619678065842235,0.10832830509152451,0.015594217343983504
real_busq_1120,d_ln_credito_nuevo,0.04249710253095361,0.019850085826981372,0.032281884607442635
real_busq_1121,ect_l1,-0.1431513597614721,0.036357070837454285,8.237840451191614e-05
real_busq_1121,d_ln_ocupados,0.4694347767500863,0.18555128194712678,0.011407998945684282
real_busq_1121,d_tipo_hip_l1,-0.012032057326170681,0.0037058726213468588,0.0011672917384577292
real_busq_1121,d_ln_permisos_l4,-0.006470743309879813,0.011808684117647348,0.5837160682400981
real_busq_1121,d_ln_costes,-0.09996354496791289,0.06242619696534096,0.10930880184018693
real_busq_1121,d_ln_pob_extranj4,-0.11779315285701894,0.12807342878202366,0.35771314405944377
real_busq_1121,d_ln_ipv_real_l4,0.4070161441114599,0.13994498820987294,0.003632821755313966
real_busq_1122,ect_l1,-0.1312035538623663,0.03741064663039776,0.0004529881503519086
real_busq_1122,d_ln_ocupados,0.3702066186053521,0.23134190457098908,0.10954147021567129
real_busq_1122,d_tipo_hip_l1,-0.009182654657109945,0.0038545738684741043,0.017206046702007878
real_busq_1122,d_ln_permisos_l4,-0.005182367245619245,0.010340477630934144,0.6162494392051164
real_busq_1122,d_ln_costes,-0.0556703535586164,0.0739400794297096,0.4515029552981463
real_busq_1122,d_ln_pob_extranj4,-0.07960455338690106,0.13039667709453803,0.5415439390496044
real_busq_1122,d_ln_ipv_real_l4,0.3655213541433321,0.11539282011693643,0.0015368883408553471
real_busq_1122,d_ln_credito_nuevo,0.02978944802124934,0.01452673887663527,0.040299762484214775
real_busq_1123,ect_l1,-0.1555515869794683,0.039974584520311086,9.972412396039517e-05
real_busq_1123,d_ln_ocupados,0.6381319072500252,0.23885970013284566,0.0075495913133279665
real_busq_1123,d_tipo_hip_l1,-0.012413142980096017,0.004330917167911786,0.004154716402700083
real_busq_1123,d_ln_permisos_l4,0.0043258080949123675,0.013234801875867013,0.7437805911690614
real_busq_1123,d_ln_costes,-0.14935373167796645,0.08202916742280625,0.06864648996647207
real_busq_1123,d_ln_pob_total,1.8382113484795461,1.6652310524187757,0.26964621324804594
real_busq_1124,ect_l1,-0.14047340996946187,0.041859346344304715,0.0007912336615089852
real_busq_1124,d_ln_ocupados,0.5022138569526265,0.27396128040724305,0.0667793252177712
real_busq_1124,d_tipo_hip_l1,-0.00901149392118844,0.004337008640133855,0.037726565020254066
real_busq_1124,d_ln_permisos_l4,0.0035406730593356356,0.012035260206464725,0.7686114607484511
real_busq_1124,d_ln_costes,-0.0951000006848484,0.07985892784520075,0.2337124935480528
real_busq_1124,d_ln_pob_total,2.145047893444899,1.7127520291391967,0.21042473063138922
real_busq_1124,d_ln_credito_nuevo,0.03572111028221801,0.01634437501535501,0.028850060965084745
real_busq_1125,ect_l1,-0.14027546846449504,0.03508542366233826,6.384962325446463e-05
real_busq_1125,d_ln_ocupados,0.5822711506584793,0.1971091036832813,0.003136280156131082
real_busq_1125,d_tipo_hip_l1,-0.01070467968400611,0.003531375035902854,0.00243498030739048
real_busq_1125,d_ln_permisos_l4,0.0019284678969424135,0.012055687906937418,0.8729099662329214
real_busq_1125,d_ln_costes,-0.1706300666840389,0.08000421168662317,0.032944127596441095
real_busq_1125,d_ln_pob_total,1.3839158707737935,1.422469428093197,0.3306046248788641
real_busq_1125,d_ln_ipv_real_l1,0.14808509407809317,0.07999774994329674,0.06415290416321684
real_busq_1126,ect_l1,-0.11154323013368707,0.034929556739852805,0.0014061941030348094
real_busq_1126,d_ln_ocupados,0.38058108021779435,0.2247026929709509,0.09032050304511421
real_busq_1126,d_tipo_hip_l1,-0.00543956904049904,0.004116762821287209,0.1863940412254691
real_busq_1126,d_ln_permisos_l4,-0.0006893599671920591,0.01011683189801514,0.9456742643453168
real_busq_1126,d_ln_costes,-0.12063469173759196,0.08004984928675322,0.13181203773019692
real_busq_1126,d_ln_pob_total,1.4328130770998546,1.1445557540831408,0.21062422237152967
real_busq_1126,d_ln_ipv_real_l1,0.25178017130079644,0.10570821197241198,0.017226325545074413
real_busq_1126,d_ln_credito_nuevo,0.04272669418961056,0.01956052551551828,0.028937814557371957
real_busq_1127,ect_l1,-0.13917542792833457,0.0359923567163436,0.00011027049213263685
real_busq_1127,d_ln_ocupados,0.4949146806750879,0.1869390858627867,0.008109776215692725
real_busq_1127,d_tipo_hip_l1,-0.012373645380541462,0.003860035336723265,0.0013479138449553267
real_busq_1127,d_ln_permisos_l4,-0.006791676918515845,0.012506926558775161,0.5871069126673185
real_busq_1127,d_ln_costes,-0.11128506637093757,0.06440891923899539,0.0840259371294505
real_busq_1127,d_ln_pob_total,-0.2986352404931274,1.1559647409386757,0.7961423089252515
real_busq_1127,d_ln_ipv_real_l4,0.3839262634989223,0.13194604893068165,0.003617508786863942
real_busq_1128,ect_l1,-0.1282942272945698,0.03646857868994799,0.00043491268135855473
real_busq_1128,d_ln_ocupados,0.396308480148833,0.23052181466893512,0.08558161179264184
real_busq_1128,d_tipo_hip_l1,-0.009486471746696371,0.003916257741856024,0.015421305376197764
real_busq_1128,d_ln_permisos_l4,-0.006144000324733847,0.01123303630414534,0.5844075104890334
real_busq_1128,d_ln_costes,-0.0696656449875957,0.07205788125344773,0.33364343194167323
real_busq_1128,d_ln_pob_total,0.21499436626025797,1.2145334812281354,0.8594942001421941
real_busq_1128,d_ln_ipv_real_l4,0.3385096704271963,0.10526145539550616,0.0013003890760491061
real_busq_1128,d_ln_credito_nuevo,0.030367609448474667,0.014905053683777479,0.04160961733963956
real_busq_1129,ect_l1,-0.1531548955083866,0.039687453787331,0.00011384006825610345
real_busq_1129,d_ln_ocupados,0.7260023861201077,0.27864910416873123,0.009175743451749598
real_busq_1129,d_tipo_hip_l1,-0.012061402954504093,0.003629981962922896,0.0008914528871324613
real_busq_1129,d_ln_permisos_l4,0.008608334561207118,0.011137351062677995,0.4395669016153744
real_busq_1129,d_ln_costes,-0.1390773549296542,0.07876040381657143,0.07742464856259193
real_busq_1129,d_ln_renta_hog_real,-0.10433002960696547,0.13102252716233567,0.42587191692147364
real_busq_1130,ect_l1,-0.13971905748566749,0.0415953862230611,0.000782240114914105
real_busq_1130,d_ln_ocupados,0.5726674817682519,0.22095096773169484,0.009546676358493298
real_busq_1130,d_tipo_hip_l1,-0.008641243937836728,0.0037831981505158535,0.022365017170897578
real_busq_1130,d_ln_permisos_l4,0.008933862336621096,0.009840369956048001,0.3639423094401063
real_busq_1130,d_ln_costes,-0.07879002928009725,0.07831423803719618,0.31437929552786303
real_busq_1130,d_ln_renta_hog_real,-0.09008011316059289,0.0898721809805243,0.3161921351692448
real_busq_1130,d_ln_credito_nuevo,0.03433213363441096,0.014878795471046822,0.021029533141204596
real_busq_1131,ect_l1,-0.1343429301272709,0.031268945798089476,1.7361847119286365e-05
real_busq_1131,d_ln_ocupados,0.6804444526356451,0.25257137248249906,0.0070585762091706005
real_busq_1131,d_tipo_hip_l1,-0.010291176038591594,0.003081467835642875,0.0008386914130060634
real_busq_1131,d_ln_permisos_l4,0.0041155471766338315,0.010333081678147688,0.6904175667902497
real_busq_1131,d_ln_costes,-0.1746289952835926,0.07801832225020729,0.025201009823139407
real_busq_1131,d_ln_renta_hog_real,-0.11192322483283369,0.14516134630396035,0.4406913057709023
real_busq_1131,d_ln_ipv_real_l1,0.1721082247119312,0.07357134734482515,0.01931796428170818
real_busq_1132,ect_l1,-0.10651213149776069,0.03180029398221845,0.0008098469889214027
real_busq_1132,d_ln_ocupados,0.4640805701398934,0.190223535702436,0.014701129639310277
real_busq_1132,d_tipo_hip_l1,-0.0050137279521918505,0.004130731582606972,0.22483835056396484
real_busq_1132,d_ln_permisos_l4,0.0018273415237563756,0.009220901895139537,0.8429090553348085
real_busq_1132,d_ln_costes,-0.12156684198131402,0.07258342491140546,0.09396233350539912
real_busq_1132,d_ln_renta_hog_real,-0.09889616860389128,0.09859551338438603,0.31583703634018745
real_busq_1132,d_ln_ipv_real_l1,0.27514213110763963,0.11173526012798496,0.013799265205729517
real_busq_1132,d_ln_credito_nuevo,0.042337866125253275,0.019000426876311764,0.02586326998515748
real_busq_1133,ect_l1,-0.1337731793612988,0.03432060871116098,9.709025811457308e-05
real_busq_1133,d_ln_ocupados,0.6373506156437054,0.23954367345615843,0.007798152938550489
real_busq_1133,d_tipo_hip_l1,-0.012817816299716298,0.0036176554333976654,0.00039541071536160487
real_busq_1133,d_ln_permisos_l4,-0.008884582973049462,0.011107416638940076,0.42378123668960466
real_busq_1133,d_ln_costes,-0.14035798387637227,0.06827300804025367,0.03979850168137151
real_busq_1133,d_ln_renta_hog_real,-0.11375177641964616,0.1231875238923236,0.3557970289209922
real_busq_1133,d_ln_ipv_real_l4,0.378248119223737,0.126109260955765,0.0027054005988597155
real_busq_1134,ect_l1,-0.12374303280312852,0.03496395596279701,0.000401402548954144
real_busq_1134,d_ln_ocupados,0.5117629654782839,0.2070578937112941,0.013451233245061141
real_busq_1134,d_tipo_hip_l1,-0.009787203896202332,0.0035534325329419987,0.005881860174725826
real_busq_1134,d_ln_permisos_l4,-0.007134554753909995,0.009509182141936115,0.45308573238250915
real_busq_1134,d_ln_costes,-0.08794841303263247,0.07166236469027373,0.2197245734559875
real_busq_1134,d_ln_renta_hog_real,-0.10059883074944749,0.08564349238141578,0.24014550823242498
real_busq_1134,d_ln_ipv_real_l4,0.3465139328822095,0.10494464796055976,0.0009604143601289467
real_busq_1134,d_ln_credito_nuevo,0.029784762535161127,0.01323260777505435,0.024394334087653225
real_busq_1135,ect_l1,-0.14284800797928882,0.03605777742778048,7.443607009607543e-05
real_busq_1135,d_ln_ocupados,0.7950183880423173,0.30863956555420324,0.009998542981684275
real_busq_1135,d_tipo_hip_l1,-0.012778120312385873,0.00408717416568333,0.001769637683180685
real_busq_1135,d_ln_permisos_l4,-0.0014271709799737482,0.012575169463711696,0.9096411452314104
real_busq_1135,d_ln_costes,-0.18787659487572947,0.09162467269080161,0.04031544725421004
real_busq_1135,d_ln_renta_hog_real,-0.13467299312332706,0.14624972445525183,0.3571325509358424
real_busq_1135,d_ln_pob_extranj,0.2594100125847901,0.17489686538583235,0.1380167528821307
real_busq_1136,ect_l1,-0.12875715669430776,0.03828464694645123,0.0007705741405122715
real_busq_1136,d_ln_ocupados,0.6432589874364247,0.24993417717360245,0.01006135243910112
real_busq_1136,d_tipo_hip_l1,-0.009353208505023677,0.00399969394901857,0.01936230758790367
real_busq_1136,d_ln_permisos_l4,-0.001584530733214744,0.01102440766898398,0.8857142092921757
real_busq_1136,d_ln_costes,-0.12925925720301826,0.08125693933186284,0.11166645640072098
real_busq_1136,d_ln_renta_hog_real,-0.12172987703443894,0.09919126597299997,0.21973850660716399
real_busq_1136,d_ln_pob_extranj,0.27198948211203083,0.16973654379844832,0.10906244013905314
real_busq_1136,d_ln_credito_nuevo,0.03472872450610523,0.01468943132475113,0.018069151433280542
real_busq_1137,ect_l1,-0.12932938261425944,0.030312444900440366,1.9852427607137618e-05
real_busq_1137,d_ln_ocupados,0.7411664681859489,0.290515823065521,0.010735005036043278
real_busq_1137,d_tipo_hip_l1,-0.011127083468972704,0.003267194047485335,0.0006599460321040751
real_busq_1137,d_ln_permisos_l4,-0.0029541797919384327,0.011243756647227156,0.7927513151320091
real_busq_1137,d_ln_costes,-0.2068373324937664,0.08805601899280087,0.018827498899313167
real_busq_1137,d_ln_renta_hog_real,-0.13424729845002123,0.1551427802674721,0.3868661904708979
real_busq_1137,d_ln_pob_extranj,0.2011300357533405,0.15257826312935893,0.18743370211428056
real_busq_1137,d_ln_ipv_real_l1,0.1448651042655093,0.0779739667916747,0.0631881869406949
real_busq_1138,ect_l1,-0.1024848466935529,0.031110864142129116,0.0009870858562967223
real_busq_1138,d_ln_ocupados,0.518928969149138,0.22333006957606236,0.020147129928210033
real_busq_1138,d_tipo_hip_l1,-0.0057939994218736005,0.0038829828912331243,0.1356593878575291
real_busq_1138,d_ln_permisos_l4,-0.00425707126121133,0.008817146273439377,0.6292254254371734
real_busq_1138,d_ln_costes,-0.14998276613398637,0.08117769700062635,0.0646622750020874
real_busq_1138,d_ln_renta_hog_real,-0.11833109955559044,0.10371710375536934,0.25391051266081655
real_busq_1138,d_ln_pob_extranj,0.17381253305933816,0.1221987574990779,0.15491723775982277
real_busq_1138,d_ln_ipv_real_l1,0.2504688244720407,0.10883662727893015,0.02137307400793621
real_busq_1138,d_ln_credito_nuevo,0.04187339190207636,0.018158565144554925,0.021111430318995116
real_busq_1139,ect_l1,-0.1354283949478235,0.03416904797690111,7.38645409906413e-05
real_busq_1139,d_ln_ocupados,0.6164666036699755,0.25142215388930583,0.014209688396244865
real_busq_1139,d_tipo_hip_l1,-0.012676184315496261,0.0035463373500391085,0.0003509728981510686
real_busq_1139,d_ln_permisos_l4,-0.007211101149651313,0.011837424231239674,0.5424063080550418
real_busq_1139,d_ln_costes,-0.1284613721263146,0.07160890427781294,0.07282431902304566
real_busq_1139,d_ln_renta_hog_real,-0.10674156213522067,0.12484418298817143,0.39255209812195957
real_busq_1139,d_ln_pob_extranj,-0.06354618335138555,0.1389610326789083,0.6474590338667283
real_busq_1139,d_ln_ipv_real_l4,0.3952190574946051,0.13906234850334084,0.004482758539499206
real_busq_1140,ect_l1,-0.12420654194136622,0.034731656421155124,0.0003486559742215044
real_busq_1140,d_ln_ocupados,0.5066267065284988,0.22709181997447284,0.025685546615808238
real_busq_1140,d_tipo_hip_l1,-0.009758522438389485,0.003548896624534422,0.005964362284585336
real_busq_1140,d_ln_permisos_l4,-0.006699502752977463,0.010500654748412852,0.5234684093318078
real_busq_1140,d_ln_costes,-0.08496851911458503,0.07765465503086735,0.27387407243363526
real_busq_1140,d_ln_renta_hog_real,-0.09879283603744234,0.09098976908606177,0.27758623636395985
real_busq_1140,d_ln_pob_extranj,-0.01670760523419971,0.13962067820192944,0.9047491127047792
real_busq_1140,d_ln_ipv_real_l4,0.3510655405028401,0.11509437637500744,0.002286581020656137
real_busq_1140,d_ln_credito_nuevo,0.029700669341234828,0.013350564706760536,0.026103054663114147
real_busq_1141,ect_l1,-0.14243928397499708,0.037038270330980005,0.00012019278011537732
real_busq_1141,d_ln_ocupados,0.8033839722908921,0.3313015256350543,0.015311216052275471
real_busq_1141,d_tipo_hip_l1,-0.012987430909716716,0.004080075589493588,0.001456897314462958
real_busq_1141,d_ln_permisos_l4,0.004359558992183806,0.01135903235271046,0.701129143264629
real_busq_1141,d_ln_costes,-0.17311679653531659,0.09145964931588066,0.058381602751275394
real_busq_1141,d_ln_renta_hog_real,-0.13353370287013577,0.15028675926413845,0.3742578414554747
real_busq_1141,d_ln_pob_extranj4,0.19929963879903237,0.1782683186834094,0.2635773947942618
real_busq_1142,ect_l1,-0.12852066595228195,0.03993809227194938,0.0012908911354630782
real_busq_1142,d_ln_ocupados,0.6520604767055056,0.27069949059591053,0.01600514004142027
real_busq_1142,d_tipo_hip_l1,-0.009582003720203723,0.00396069425419715,0.015551530886572308
real_busq_1142,d_ln_permisos_l4,0.004526965384161209,0.00960905394281631,0.6375589159661896
real_busq_1142,d_ln_costes,-0.11375647151737588,0.08218938011929434,0.16633472648369696
real_busq_1142,d_ln_renta_hog_real,-0.12029985504584421,0.10191577745657888,0.23784712480542314
real_busq_1142,d_ln_pob_extranj4,0.20680668252604092,0.16956385065479615,0.22260176128278986
real_busq_1142,d_ln_credito_nuevo,0.03453439250169991,0.014604272306935508,0.01804578295107573
real_busq_1143,ect_l1,-0.12701606169053678,0.030010257995954904,2.3118859886825635e-05
real_busq_1143,d_ln_ocupados,0.7478045768166288,0.30402905825341936,0.013907320056768818
real_busq_1143,d_tipo_hip_l1,-0.011194857136122813,0.003246852340568613,0.0005649406515584722
real_busq_1143,d_ln_permisos_l4,0.0009741446962883084,0.010247672143959092,0.924267093388538
real_busq_1143,d_ln_costes,-0.19983188458735518,0.08848332413367115,0.02391992645546303
real_busq_1143,d_ln_renta_hog_real,-0.13537042823181267,0.15969883761381984,0.3966269599120449
real_busq_1143,d_ln_pob_extranj4,0.16414247007242186,0.14898839576306647,0.27058641203662803
real_busq_1143,d_ln_ipv_real_l1,0.15839890917586807,0.07355270440162433,0.03127603115533159
real_busq_1144,ect_l1,-0.09995772471401713,0.031792337422775624,0.0016660858727861319
real_busq_1144,d_ln_ocupados,0.5269589111779883,0.23358903786162646,0.02407544628707306
real_busq_1144,d_tipo_hip_l1,-0.005870458115177712,0.003885270585018351,0.13080063133141004
real_busq_1144,d_ln_permisos_l4,-0.0010363732355552855,0.008191920196304582,0.8993269379344344
real_busq_1144,d_ln_costes,-0.1449381291485403,0.08072777974161777,0.07259103104170414
real_busq_1144,d_ln_renta_hog_real,-0.12043775776830845,0.10597040760395399,0.25573793391821
real_busq_1144,d_ln_pob_extranj4,0.15029623965186079,0.11898075819548361,0.20651808017301332
real_busq_1144,d_ln_ipv_real_l1,0.2620176368108656,0.10565063677375265,0.013136823209378517
real_busq_1144,d_ln_credito_nuevo,0.04210297756633002,0.01823565321964066,0.020953155577282303
real_busq_1145,ect_l1,-0.13719912004267024,0.03507156740242773,9.154411835526399e-05
real_busq_1145,d_ln_ocupados,0.5993564559887762,0.257154343342757,0.019767783175457236
real_busq_1145,d_tipo_hip_l1,-0.012468499038174291,0.0035120983985262987,0.0003850021705834263
real_busq_1145,d_ln_permisos_l4,-0.008094812733369212,0.01135574247973219,0.4759455735982312
real_busq_1145,d_ln_costes,-0.1259798379491256,0.07118539822425188,0.07677001527901917
real_busq_1145,d_ln_renta_hog_real,-0.10189877806974663,0.12647443859539031,0.4204234973546209
real_busq_1145,d_ln_pob_extranj4,-0.08461820312499985,0.1279635387204879,0.5084404102312823
real_busq_1145,d_ln_ipv_real_l4,0.4001773495246885,0.13388507984969922,0.002799273988182866
real_busq_1146,ect_l1,-0.12581526476860483,0.0361299050069805,0.0004971214532779357
real_busq_1146,d_ln_ocupados,0.49052457448389913,0.23751744291798882,0.03890266640068258
real_busq_1146,d_tipo_hip_l1,-0.009605745247531721,0.0035656827301067872,0.007061228585708758
real_busq_1146,d_ln_permisos_l4,-0.0066867472100645385,0.00977647165222129,0.4939983796830887
real_busq_1146,d_ln_costes,-0.07994709999811374,0.07638510786541415,0.2952693264115225
real_busq_1146,d_ln_renta_hog_real,-0.09378156466971743,0.09173336958080568,0.30662582748240985
real_busq_1146,d_ln_pob_extranj4,-0.0493593252732394,0.13432463521415736,0.7132737313134627
real_busq_1146,d_ln_ipv_real_l4,0.3595392030188248,0.11322158392628125,0.0014956002076739533
real_busq_1146,d_ln_credito_nuevo,0.02956555544939923,0.013370564569227547,0.027019075554759145
real_busq_1147,ect_l1,-0.1486037093233749,0.037160547651425443,6.362023191466013e-05
real_busq_1147,d_ln_ocupados,0.8105565925360451,0.3397936332893469,0.017058804711945586
real_busq_1147,d_tipo_hip_l1,-0.01296480895856149,0.004141012703502883,0.001743127245647979
real_busq_1147,d_ln_permisos_l4,0.0014924310432790715,0.012841036049938042,0.907475357728766
real_busq_1147,d_ln_costes,-0.18468114147857786,0.09623945415827147,0.05498745187661644
real_busq_1147,d_ln_renta_hog_real,-0.1394340329030744,0.15256860517210163,0.3607639356154959
real_busq_1147,d_ln_pob_total,2.1873048370257715,1.8368461289116071,0.23373457440988987
real_busq_1148,ect_l1,-0.13417059220878053,0.0389838030658549,0.0005780689232840753
real_busq_1148,d_ln_ocupados,0.663218312449209,0.2789923544999766,0.017445018751337804
real_busq_1148,d_tipo_hip_l1,-0.009553305781213597,0.004026816573400874,0.01767192304349107
real_busq_1148,d_ln_permisos_l4,0.0009221101306029092,0.011433480331703081,0.9357203054769413
real_busq_1148,d_ln_costes,-0.12832507129608042,0.08257003571026948,0.12015196149422293
real_busq_1148,d_ln_renta_hog_real,-0.12921028195475806,0.09925431389831804,0.19298126325195075
real_busq_1148,d_ln_pob_total,2.4657849151223323,1.761692311516969,0.16161266523377682
real_busq_1148,d_ln_credito_nuevo,0.03539982022351112,0.014633709046631437,0.015560673256745358
real_busq_1149,ect_l1,-0.13342403156550248,0.030777112608513155,1.4564716895245365e-05
real_busq_1149,d_ln_ocupados,0.7539327218424765,0.3168910407175527,0.017352404816098094
real_busq_1149,d_tipo_hip_l1,-0.011259637538846474,0.0033543935743316684,0.0007888335796953171
real_busq_1149,d_ln_permisos_l4,-0.0008799436642926347,0.011350282388151417,0.9382049913300389
real_busq_1149,d_ln_costes,-0.20567848585060367,0.0919867755253518,0.0253545799973975
real_busq_1149,d_ln_renta_hog_real,-0.1386476218640228,0.1619342643501838,0.39188885405169394
real_busq_1149,d_ln_pob_total,1.7327431542568232,1.6120047423526243,0.2824197084562732
real_busq_1149,d_ln_ipv_real_l1,0.14753007423997277,0.07766339534289846,0.057484468058309014
real_busq_1150,ect_l1,-0.1055594851104701,0.03105869807587327,0.0006770464412429768
real_busq_1150,d_ln_ocupados,0.5380661334609109,0.23789611558547502,0.023711659863756715
real_busq_1150,d_tipo_hip_l1,-0.005986555782838187,0.003764494698724664,0.11177438886519868
real_busq_1150,d_ln_permisos_l4,-0.0032172762461703296,0.009355009648936524,0.730914382957091
real_busq_1150,d_ln_costes,-0.15286102140541005,0.08046681359656274,0.05747541217736048
real_busq_1150,d_ln_renta_hog_real,-0.12586059977069675,0.10461154136282905,0.22892854756766612
real_busq_1150,d_ln_pob_total,1.7490678472969987,1.2137006839643354,0.14955555110899504
real_busq_1150,d_ln_ipv_real_l1,0.25042531180003175,0.10310987830384247,0.015152112377480308
real_busq_1150,d_ln_credito_nuevo,0.04237603544817076,0.017882904095795987,0.017805438011436844
real_busq_1151,ect_l1,-0.13375652397432025,0.03422787546956408,9.313098520065868e-05
real_busq_1151,d_ln_ocupados,0.6383194673464909,0.2623029742178777,0.014952819796719415
real_busq_1151,d_tipo_hip_l1,-0.01282566438945913,0.003640883190700875,0.00042720772217966425
real_busq_1151,d_ln_permisos_l4,-0.008929449878689103,0.012025957940765764,0.4577755826562261
real_busq_1151,d_ln_costes,-0.1408083833993522,0.0739174856096925,0.05678785619500279
real_busq_1151,d_ln_renta_hog_real,-0.11408607955403026,0.1286908571767244,0.37534131241034274
real_busq_1151,d_ln_pob_total,0.021692876996077415,1.185173256079132,0.9853966960943518
real_busq_1151,d_ln_ipv_real_l4,0.37769228057998006,0.12597845115731968,0.002716947971182005
real_busq_1152,ect_l1,-0.12321103855442399,0.03446643361004586,0.00035047894134920165
real_busq_1152,d_ln_ocupados,0.5331214131545597,0.23472472112394754,0.023131103179878484
real_busq_1152,d_tipo_hip_l1,-0.009932991539922753,0.003593355979189031,0.005705102103239468
real_busq_1152,d_ln_permisos_l4,-0.008178630453559698,0.010563990154118921,0.43881312850978704
real_busq_1152,d_ln_costes,-0.09795829890284215,0.07451156514197049,0.18862002294944646
real_busq_1152,d_ln_renta_hog_real,-0.10837669993509587,0.0911140729137967,0.23425803433189518
real_busq_1152,d_ln_pob_total,0.5162458420024195,1.246953459802279,0.6788699312319606
real_busq_1152,d_ln_ipv_real_l4,0.3328569986382157,0.10304963062985875,0.0012376210493873984
real_busq_1152,d_ln_credito_nuevo,0.030187520003033225,0.013568496835665557,0.026093042717191834
real_busq_1153,ect_l1,-0.17598308478860172,0.044920508177616704,8.941429316804639e-05
real_busq_1153,d_ln_ocupados_l1,0.33665532060263037,0.2940409345151947,0.25223951729120553
real_busq_1154,ect_l1,-0.13502329771586066,0.04206542203988346,0.001328086183375729
real_busq_1154,d_ln_ocupados_l1,0.4429283508119757,0.22809249853499847,0.052151581475224924
real_busq_1154,d_ln_credito_nuevo,0.04788865787945477,0.014213682108401219,0.0007538824332122667
real_busq_1155,ect_l1,-0.15667846163519492,0.03619677534497909,1.5011478528065029e-05
real_busq_1155,d_ln_ocupados_l1,0.22159301345994797,0.2588231778170142,0.391911503446674
real_busq_1155,d_ln_ipv_real_l1,0.20185153226381242,0.09488005656402101,0.033383624961726525
real_busq_1156,ect_l1,-0.10488519526683798,0.036451387650619116,0.004009679349380636
real_busq_1156,d_ln_ocupados_l1,0.2955899047141511,0.14746814421997728,0.04502377713430827
real_busq_1156,d_ln_ipv_real_l1,0.2756554198469722,0.10402283701618145,0.008050344819314135
real_busq_1156,d_ln_credito_nuevo,0.05230229726787141,0.01707267641040852,0.0021875764913563927
real_busq_1157,ect_l1,-0.14845975977703527,0.039360319979012105,0.000162065810006944
real_busq_1157,d_ln_ocupados_l1,0.19396270511790573,0.176500107507343,0.2717950361289876
real_busq_1157,d_ln_ipv_real_l4,0.3727192416824146,0.12990165079677823,0.004114571635122246
real_busq_1158,ect_l1,-0.11728428499034961,0.03748906568294088,0.0017570510963717393
real_busq_1158,d_ln_ocupados_l1,0.31176735303122316,0.1414230240338509,0.02748905264638562
real_busq_1158,d_ln_ipv_real_l4,0.3084516449308097,0.09666142816556035,0.0014175575801892713
real_busq_1158,d_ln_credito_nuevo,0.04199783880950367,0.01258195877077701,0.0008440160211115249
real_busq_1159,ect_l1,-0.1689669798440044,0.04142854680473803,4.5324136094711525e-05
real_busq_1159,d_ln_ocupados_l1,0.3287550115685459,0.27563774263647695,0.23298421930542257
real_busq_1159,d_ln_pob_extranj,0.1383321289244482,0.16708411004296225,0.40771630742075293
real_busq_1160,ect_l1,-0.12463820283895252,0.03970058823934635,0.0016926251686300942
real_busq_1160,d_ln_ocupados_l1,0.4341937730424392,0.20156074349537081,0.03122775028911971
real_busq_1160,d_ln_pob_extranj,0.18907431815867698,0.15105613169886226,0.21068557545777333
real_busq_1160,d_ln_credito_nuevo,0.04881859007635069,0.014193714739951268,0.000582894728364331
real_busq_1161,ect_l1,-0.15465223964171032,0.034706258542129824,8.349011550357709e-06
real_busq_1161,d_ln_ocupados_l1,0.2240235023419929,0.25566028581588496,0.38089163821261696
real_busq_1161,d_ln_pob_extranj,0.059167491048780385,0.14041950217671356,0.673490509420807
real_busq_1161,d_ln_ipv_real_l1,0.1916598425597849,0.10314383807182158,0.06314342203964889
real_busq_1162,ect_l1,-0.1017894635949769,0.03570406273613399,0.004359279355294367
real_busq_1162,d_ln_ocupados_l1,0.29934591085924056,0.14086362175178885,0.033580266487971556
real_busq_1162,d_ln_pob_extranj,0.08496749967093425,0.10399595956420096,0.41391303788817135
real_busq_1162,d_ln_ipv_real_l1,0.2612846482607738,0.1060912424996379,0.013784542519984663
real_busq_1162,d_ln_credito_nuevo,0.05249009980277917,0.016757109646811322,0.0017337891420624548
real_busq_1163,ect_l1,-0.15466149240613133,0.03906338282308494,7.518716202917354e-05
real_busq_1163,d_ln_ocupados_l1,0.18024545875045228,0.1832896065194596,0.32541474469051335
real_busq_1163,d_ln_pob_extranj,-0.2228423266049714,0.14151545312654099,0.11532906529347216
real_busq_1163,d_ln_ipv_real_l4,0.4417921873148661,0.14394587378228554,0.0021466523937965503
real_busq_1164,ect_l1,-0.12079977109936564,0.036675862156051835,0.0009887332866367897
real_busq_1164,d_ln_ocupados_l1,0.3027277009347548,0.14590521354661173,0.03800280992140677
real_busq_1164,d_ln_pob_extranj,-0.0973346203215862,0.12025897188790645,0.4182994062978912
real_busq_1164,d_ln_ipv_real_l4,0.34028469899064806,0.1034752147096755,0.0010070046404115434
real_busq_1164,d_ln_credito_nuevo,0.040911165186847294,0.012613107714606268,0.001180527287079997
real_busq_1165,ect_l1,-0.1732044282370811,0.043146967843145055,5.962507981966027e-05
real_busq_1165,d_ln_ocupados_l1,0.33908803597824505,0.2921739138685664,0.24581715016845973
real_busq_1165,d_ln_pob_extranj4,0.0533396535542238,0.19026220154318185,0.7792104235896914
real_busq_1166,ect_l1,-0.12773026689246117,0.041297922606707976,0.0019821217404811815
real_busq_1166,d_ln_ocupados_l1,0.4506227275263911,0.2208012452220021,0.04126551100120978
real_busq_1166,d_ln_pob_extranj4,0.12537776439222603,0.16707195116403653,0.45298870477581543
real_busq_1166,d_ln_credito_nuevo,0.048779147277462596,0.01449925066359512,0.0007675115524829711
real_busq_1167,ect_l1,-0.1564952447778361,0.03497617195223495,7.664811038518933e-06
real_busq_1167,d_ln_ocupados_l1,0.22204590181197104,0.26363450822169304,0.39964858957054694
real_busq_1167,d_ln_pob_extranj4,0.00433840556624266,0.15436104790731986,0.9775779499121904
real_busq_1167,d_ln_ipv_real_l1,0.20140415165682563,0.0984224828010122,0.0407246408362287
real_busq_1168,ect_l1,-0.10175373821430134,0.036862436242283185,0.005773700961621881
real_busq_1168,d_ln_ocupados_l1,0.30295265458164866,0.1479156387887257,0.04054580790544725
real_busq_1168,d_ln_pob_extranj4,0.06557414338531718,0.11085950419780718,0.5541809437542747
real_busq_1168,d_ln_ipv_real_l1,0.26940943258356015,0.10156313805907424,0.007986735276755454
real_busq_1168,d_ln_credito_nuevo,0.05266802716083462,0.017056833205677836,0.0020164661105141423
real_busq_1169,ect_l1,-0.1567237289177557,0.040281021004837554,9.993131243072523e-05
real_busq_1169,d_ln_ocupados_l1,0.15555057670782027,0.1739241256560522,0.3711299352320574
real_busq_1169,d_ln_pob_extranj4,-0.2573971723404076,0.1481514834032279,0.08231803774773928
real_busq_1169,d_ln_ipv_real_l4,0.4423896261356583,0.13823427280576858,0.0013728983908889807
real_busq_1170,ect_l1,-0.12268883395743735,0.03821602216000511,0.001325489747815406
real_busq_1170,d_ln_ocupados_l1,0.2877089150274798,0.14615459082958904,0.049007702535329864
real_busq_1170,d_ln_pob_extranj4,-0.13026269165360965,0.12918622088792564,0.31329476696517133
real_busq_1170,d_ln_ipv_real_l4,0.34623004163489246,0.10153163884281033,0.0006494610010515261
real_busq_1170,d_ln_credito_nuevo,0.04035116146562035,0.012782017948598698,0.0015947274788853916
real_busq_1171,ect_l1,-0.17451818392190055,0.04361144192986469,6.289951008531057e-05
real_busq_1171,d_ln_ocupados_l1,0.33060195334355863,0.28594045725284595,0.24760279698422905
real_busq_1171,d_ln_pob_total,0.8031352066173065,1.8862392578101181,0.6702634268830278
real_busq_1172,ect_l1,-0.13106244560701064,0.040500794031451494,0.0012119771413726067
real_busq_1172,d_ln_ocupados_l1,0.43443174114863603,0.21179100308672852,0.04024469987810738
real_busq_1172,d_ln_pob_total,1.530066469137157,1.6866035749936727,0.36430740560531627
real_busq_1172,d_ln_credito_nuevo,0.04925663055807268,0.014518265258822537,0.0006919847983003785
real_busq_1173,ect_l1,-0.15660856205671397,0.03610535799306937,1.4408400284218738e-05
real_busq_1173,d_ln_ocupados_l1,0.22190535636200315,0.2592159738382266,0.39196260844489017
real_busq_1173,d_ln_pob_total,0.2186223001733656,1.5888848070997907,0.890560659011598
real_busq_1173,d_ln_ipv_real_l1,0.19841290347753324,0.10281414037268219,0.05362900091585889
real_busq_1174,ect_l1,-0.10410314358275054,0.03651019228731233,0.004353474554063086
real_busq_1174,d_ln_ocupados_l1,0.29749047386496585,0.14385415730340725,0.03863997305171498
real_busq_1174,d_ln_pob_total,0.8059053967433828,1.1551802295755953,0.48539940232899936
real_busq_1174,d_ln_ipv_real_l1,0.263726862110628,0.10128458460309718,0.009219106749775493
real_busq_1174,d_ln_credito_nuevo,0.052831832460571417,0.016947576552931498,0.0018247365423033398
real_busq_1175,ect_l1,-0.14810142146414773,0.040396562352923424,0.00024619226423593365
real_busq_1175,d_ln_ocupados_l1,0.18907220121130625,0.1708044193064284,0.2683149155363356
real_busq_1175,d_ln_pob_total,-1.58028061218343,1.363262000045815,0.2463784673884889
real_busq_1175,d_ln_ipv_real_l4,0.4166050866708707,0.13272157956423486,0.0016956011126155399
real_busq_1176,ect_l1,-0.11764966004518926,0.037698564888763796,0.001803608277333486
real_busq_1176,d_ln_ocupados_l1,0.3087126114316179,0.14204501277765091,0.029754470527599833
real_busq_1176,d_ln_pob_total,-0.42364927479398545,1.2711267524710668,0.738918095131144
real_busq_1176,d_ln_ipv_real_l4,0.3211680239310069,0.09508406542862056,0.0007308757642491865
real_busq_1176,d_ln_credito_nuevo,0.041376212736995654,0.01301480650322915,0.0014770016755179453
real_busq_1177,ect_l1,-0.16321137677766673,0.041344543606266944,7.894128849286239e-05
real_busq_1177,d_ln_ocupados_l1,0.4434933040872463,0.201432446471476,0.027686686860464414
real_busq_1177,d_ln_renta_hog_real,0.22017467225985135,0.08106019255191824,0.0066038529476164865
real_busq_1178,ect_l1,-0.12615303133367126,0.040616485852333836,0.0018966472370453727
real_busq_1178,d_ln_ocupados_l1,0.5269179139202321,0.19141965685727905,0.005910883767024434
real_busq_1178,d_ln_renta_hog_real,0.18215733876958637,0.07751957340093889,0.018782299663241013
real_busq_1178,d_ln_credito_nuevo,0.04590556610729615,0.015960404885430643,0.004024746549183309
real_busq_1179,ect_l1,-0.15139058855640283,0.03666980931501081,3.651685806863224e-05
real_busq_1179,d_ln_ocupados_l1,0.34117785065665807,0.18324963897057114,0.06262846039216824
real_busq_1179,d_ln_renta_hog_real,0.18183532342881453,0.0839157049678327,0.03024395020714341
real_busq_1179,d_ln_ipv_real_l1,0.14685359504587883,0.08099762960287529,0.06982250541015995
real_busq_1180,ect_l1,-0.1033562939694711,0.03691280143753164,0.005110067695160545
real_busq_1180,d_ln_ocupados_l1,0.36943908490385996,0.1199920585154822,0.00207792354237097
real_busq_1180,d_ln_renta_hog_real,0.1163187721012797,0.07329249308043645,0.11250156504922151
real_busq_1180,d_ln_ipv_real_l1,0.23783214003874525,0.09988232553787273,0.017259930205818282
real_busq_1180,d_ln_credito_nuevo,0.050430364966925705,0.018440841901454667,0.0062435150457276645
real_busq_1181,ect_l1,-0.14197582142621157,0.038178089763972016,0.00020018928337301044
real_busq_1181,d_ln_ocupados_l1,0.2801403287700268,0.11770406264289654,0.017310778211804236
real_busq_1181,d_ln_renta_hog_real,0.15241325287131507,0.08617105847610627,0.07693910489501726
real_busq_1181,d_ln_ipv_real_l4,0.3407992349322607,0.13204609811931786,0.009853996532939339
real_busq_1182,ect_l1,-0.1124399984888777,0.03674272899914499,0.002211912574523694
real_busq_1182,d_ln_ocupados_l1,0.3826624701944551,0.12301087341710598,0.0018658000367189579
real_busq_1182,d_ln_renta_hog_real,0.12995851761856378,0.07337821091887173,0.07654777133767587
real_busq_1182,d_ln_ipv_real_l4,0.2826451963525429,0.09463606283912211,0.002820485391339105
real_busq_1182,d_ln_credito_nuevo,0.0410758721466842,0.014003543227096184,0.003354352962739366
real_busq_1183,ect_l1,-0.15820364770692202,0.038503497697796374,3.976990124383726e-05
real_busq_1183,d_ln_ocupados_l1,0.43464527090964855,0.1858468355524823,0.019349494770134514
real_busq_1183,d_ln_renta_hog_real,0.21434568236319376,0.08460545888409764,0.011293830101841701
real_busq_1183,d_ln_pob_extranj,0.105400806640757,0.15640832913728986,0.5003861375747835
real_busq_1184,ect_l1,-0.11780742354500387,0.03876862346950381,0.0023757677315703494
real_busq_1184,d_ln_ocupados_l1,0.5150717792916208,0.1688353229501956,0.002282821821400822
real_busq_1184,d_ln_renta_hog_real,0.17254273375920373,0.07845357378788957,0.027856788891474867
real_busq_1184,d_ln_pob_extranj,0.1604667732938572,0.14521176273534017,0.2691363879565123
real_busq_1184,d_ln_credito_nuevo,0.04679946790170917,0.015950106707297625,0.003344988585056992
real_busq_1185,ect_l1,-0.14957365301198985,0.03502248262124802,1.9478214370080873e-05
real_busq_1185,d_ln_ocupados_l1,0.34298303619733783,0.18018405235192933,0.056973385692918405
real_busq_1185,d_ln_renta_hog_real,0.18123436417991906,0.08447133105911714,0.03191182926193482
real_busq_1185,d_ln_pob_extranj,0.053566461468077205,0.14495417506552122,0.7117247724472213
real_busq_1185,d_ln_ipv_real_l1,0.1378084573653452,0.08969923840525412,0.12445520680816753
real_busq_1186,ect_l1,-0.100438825023011,0.036090872067238995,0.0053868336951370015
real_busq_1186,d_ln_ocupados_l1,0.3722618312776389,0.11361471204901619,0.0010509174102600316
real_busq_1186,d_ln_renta_hog_real,0.11516037590829539,0.07345535230283715,0.11693711256114563
real_busq_1186,d_ln_pob_extranj,0.0804926867378185,0.11083333009843664,0.46768563154932774
real_busq_1186,d_ln_ipv_real_l1,0.2245948798050534,0.10074201421877742,0.025786884342511775
real_busq_1186,d_ln_credito_nuevo,0.05062691909465812,0.0181491033067831,0.005278953758492345
real_busq_1187,ect_l1,-0.14814022959654574,0.037615741961638055,8.207774483189583e-05
real_busq_1187,d_ln_ocupados_l1,0.2658232697280923,0.12844971172321135,0.03850167904290797
real_busq_1187,d_ln_renta_hog_real,0.150965486726347,0.08256397727400522,0.06747953229132936
real_busq_1187,d_ln_pob_extranj,-0.21928808343577175,0.14464337902519073,0.1295041076774541
real_busq_1187,d_ln_ipv_real_l4,0.40907370218599676,0.14918885449750882,0.0061069004479897705
real_busq_1188,ect_l1,-0.1159486525156136,0.0358737932879362,0.0012287247375381278
real_busq_1188,d_ln_ocupados_l1,0.3736185149924045,0.12731373423584388,0.0033394722911430676
real_busq_1188,d_ln_renta_hog_real,0.12990987989417407,0.07307990878882654,0.07546275056071147
real_busq_1188,d_ln_pob_extranj,-0.09709526053335427,0.12274626554172209,0.4289298981879509
real_busq_1188,d_ln_ipv_real_l4,0.3144096265800367,0.10242396511576884,0.0021428242474192897
real_busq_1188,d_ln_credito_nuevo,0.03999221586162295,0.013997440632119152,0.004275187807372633
real_busq_1189,ect_l1,-0.1609669142675689,0.03940730707782864,4.4134343991953684e-05
real_busq_1189,d_ln_ocupados_l1,0.44515715975601444,0.19905560494363833,0.025329130603672412
real_busq_1189,d_ln_renta_hog_real,0.21948145571631827,0.08200219871014493,0.007438860577919077
real_busq_1189,d_ln_pob_extranj4,0.04385706518364064,0.18042643239527534,0.8079476834563758
real_busq_1190,ect_l1,-0.11960820935975354,0.03997123956196232,0.002768325336815468
real_busq_1190,d_ln_ocupados_l1,0.5327951920235658,0.18348082104387337,0.003686405836066667
real_busq_1190,d_ln_renta_hog_real,0.1796489253577677,0.07651171201600307,0.018874901772179233
real_busq_1190,d_ln_pob_extranj4,0.1146148847545358,0.1627068615063477,0.4811677442884763
real_busq_1190,d_ln_credito_nuevo,0.046746921019662276,0.0162361432137863,0.0039869962301225135
real_busq_1191,ect_l1,-0.1509643759975577,0.03514138294864928,1.7397464440493174e-05
real_busq_1191,d_ln_ocupados_l1,0.3423021525730712,0.1876535517104091,0.06813429030301443
real_busq_1191,d_ln_renta_hog_real,0.18195612084270285,0.08346407668245948,0.029253524160263247
real_busq_1191,d_ln_pob_extranj4,0.010009137631007888,0.15793840264211728,0.9494689462236758
real_busq_1191,d_ln_ipv_real_l1,0.1457849066232701,0.08465212093201438,0.0850396613799552
real_busq_1192,ect_l1,-0.1001506667991551,0.03718318018112518,0.007071886148334445
real_busq_1192,d_ln_ocupados_l1,0.37717566848901724,0.11875320477033588,0.0014925382363716105
real_busq_1192,d_ln_renta_hog_real,0.1166489863594047,0.07220716796939068,0.10620753529460054
real_busq_1192,d_ln_pob_extranj4,0.0670364105225979,0.11668204252925196,0.5656145590839041
real_busq_1192,d_ln_ipv_real_l1,0.2313394952134474,0.09644011555382909,0.016449387088445785
real_busq_1192,d_ln_credito_nuevo,0.0507989362556098,0.01842277182899822,0.005826317414472087
real_busq_1193,ect_l1,-0.15005444732211098,0.039002923187802595,0.00011944542802589493
real_busq_1193,d_ln_ocupados_l1,0.2391033743220853,0.12268038739545273,0.051296106825330756
real_busq_1193,d_ln_renta_hog_real,0.14293129475505692,0.0841875245623759,0.08955063923954361
real_busq_1193,d_ln_pob_extranj4,-0.23906026281224002,0.15266011613467756,0.11735701968334046
real_busq_1193,d_ln_ipv_real_l4,0.40749213145854296,0.1438830574659318,0.004624245480467548
real_busq_1194,ect_l1,-0.1174097438908626,0.03742566154964846,0.0017060147024959037
real_busq_1194,d_ln_ocupados_l1,0.3590874498436654,0.12915763323973362,0.005432102777537368
real_busq_1194,d_ln_renta_hog_real,0.12613300829265922,0.07430902091568356,0.08961883488026665
real_busq_1194,d_ln_pob_extranj4,-0.11634591134931518,0.13342627353077446,0.3832157338276294
real_busq_1194,d_ln_ipv_real_l4,0.31714713863465743,0.10068373368171407,0.001633072247887786
real_busq_1194,d_ln_credito_nuevo,0.0396322590389918,0.014125111184613846,0.005019159139314361
real_busq_1195,ect_l1,-0.1624136785016124,0.040486445146837385,6.0319633751114816e-05
real_busq_1195,d_ln_ocupados_l1,0.4379868361240775,0.19213258265773378,0.02263099019516902
real_busq_1195,d_ln_renta_hog_real,0.2171259334950113,0.08482940036900609,0.010480478570902438
real_busq_1195,d_ln_pob_total,0.5342975711780843,1.769421109840787,0.7626811888282269
real_busq_1196,ect_l1,-0.12323660782824739,0.03967018451017329,0.001892972687261376
real_busq_1196,d_ln_ocupados_l1,0.5159391496402497,0.17559354951044032,0.003300622372374021
real_busq_1196,d_ln_renta_hog_real,0.17380674915352204,0.07995467112052804,0.029718950991875766
real_busq_1196,d_ln_pob_total,1.2836893818232729,1.6222326496200314,0.4287629475670185
real_busq_1196,d_ln_credito_nuevo,0.04714417299332524,0.01628267139907149,0.003787255875735257
real_busq_1197,ect_l1,-0.15134952474436492,0.03660237536454588,3.550094252780255e-05
real_busq_1197,d_ln_ocupados_l1,0.34122153448214726,0.18299511606723165,0.062230716104939215
real_busq_1197,d_ln_renta_hog_real,0.18157039009448253,0.08498546935581798,0.03263970151140803
real_busq_1197,d_ln_pob_total,0.15253054544072503,1.5983108532600203,0.9239714293556026
real_busq_1197,d_ln_ipv_real_l1,0.14453463064301136,0.08790315581424009,0.10012488584943734
real_busq_1198,ect_l1,-0.10266078135500122,0.0370006539038825,0.005527530197488498
real_busq_1198,d_ln_ocupados_l1,0.36994344357806996,0.11711069720256276,0.001583543959732199
real_busq_1198,d_ln_renta_hog_real,0.11435191918901344,0.0750225023638986,0.12745003345277414
real_busq_1198,d_ln_pob_total,0.7433677357963592,1.2076827217950326,0.5382032382795818
real_busq_1198,d_ln_ipv_real_l1,0.22746878948361451,0.0955683950607545,0.017304769386095025
real_busq_1198,d_ln_credito_nuevo,0.05095046142723794,0.018362187040834792,0.005524431406493255
real_busq_1199,ect_l1,-0.14160284458814879,0.038798575361268975,0.00026255507747204244
real_busq_1199,d_ln_ocupados_l1,0.2754000178314688,0.11561731103035912,0.017219066115945064
real_busq_1199,d_ln_renta_hog_real,0.15271863632807586,0.08371751573591069,0.06811977628326743
real_busq_1199,d_ln_pob_total,-1.5875437224390037,1.3214745294839876,0.22961830991079302
real_busq_1199,d_ln_ipv_real_l4,0.38482282651170596,0.13657744189718313,0.004838158929326525
real_busq_1200,ect_l1,-0.11281720093270534,0.03690475518701854,0.0022357712318364295
real_busq_1200,d_ln_ocupados_l1,0.3796155713146915,0.1237101167630058,0.002150718602124313
real_busq_1200,d_ln_renta_hog_real,0.1304148554546721,0.07281473800620267,0.07328522997198092
real_busq_1200,d_ln_pob_total,-0.4570863111951256,1.2612982379262632,0.717057979418801
real_busq_1200,d_ln_ipv_real_l4,0.2962746140345281,0.09366909414030634,0.0015615651611397138
real_busq_1200,d_ln_credito_nuevo,0.040401946072870766,0.01446347683762787,0.005216083338879268
real_busq_1201,ect_l1,-0.17523162494778521,0.04676191539017527,0.00017873760208761178
real_busq_1201,d_ln_ocupados_l1,0.34084598042807357,0.30762399063456186,0.2678637830415118
real_busq_1201,d_ln_costes,-0.018736802261498407,0.0947695071997623,0.8432726010798675
real_busq_1202,ect_l1,-0.13538759977133832,0.04267364750051034,0.0015106606267627624
real_busq_1202,d_ln_ocupados_l1,0.44071905106264786,0.22709282756270144,0.05229467606162203
real_busq_1202,d_ln_costes,0.010569226749855958,0.07577500784976623,0.8890695175571661
real_busq_1202,d_ln_credito_nuevo,0.04795832628102504,0.01441921867674782,0.0008810181984264051
real_busq_1203,ect_l1,-0.15286811659403707,0.03794575575196741,5.6110968020352675e-05
real_busq_1203,d_ln_ocupados_l1,0.22858738523859848,0.26717262115575496,0.39223048020507
real_busq_1203,d_ln_costes,-0.06419926858674521,0.0972540752850518,0.5091774293878791
real_busq_1203,d_ln_ipv_real_l1,0.2147707376041964,0.09024051765010814,0.01731352022874901
real_busq_1204,ect_l1,-0.10224561404464536,0.03626940043109784,0.004816452209005867
real_busq_1204,d_ln_ocupados_l1,0.30050074464135385,0.1497714327624793,0.04481405672706877
real_busq_1204,d_ln_costes,-0.04718765846729777,0.06642093316063824,0.47743533243217673
real_busq_1204,d_ln_ipv_real_l1,0.2849217231260869,0.09947833265149134,0.0041811858739109285
real_busq_1204,d_ln_credito_nuevo,0.05213962065025858,0.017062632262377687,0.002244772040333663
real_busq_1205,ect_l1,-0.14757324423825596,0.04028694612571345,0.0002492263333791621
real_busq_1205,d_ln_ocupados_l1,0.19878272660051075,0.1885967036398364,0.2918785451706696
real_busq_1205,d_ln_costes,-0.021817409360105348,0.08187222823416374,0.7898686388479325
real_busq_1205,d_ln_ipv_real_l4,0.37287503627572244,0.12978640707155836,0.004066071192033041
real_busq_1206,ect_l1,-0.11744035926704284,0.03796859556839064,0.001980827162665189
real_busq_1206,d_ln_ocupados_l1,0.3108812516905756,0.1414374447881916,0.027948225213844925
real_busq_1206,d_ln_costes,0.004397848962114416,0.07020649436640732,0.9500518817408814
real_busq_1206,d_ln_ipv_real_l4,0.30837359904955947,0.09621381697151127,0.0013502193000539473
real_busq_1206,d_ln_credito_nuevo,0.04202831831260341,0.012672871445848737,0.0009118502222815413
real_busq_1207,ect_l1,-0.1669764781127445,0.043310923153545414,0.00011558914734182795
real_busq_1207,d_ln_ocupados_l1,0.33639670091871543,0.2905370888667049,0.2469275973510543
real_busq_1207,d_ln_costes,-0.03676457638511796,0.09310782564001922,0.6929460502813245
real_busq_1207,d_ln_pob_extranj,0.14850613909735896,0.1626582477827548,0.36124526123434064
real_busq_1208,ect_l1,-0.12403086648181162,0.03992301847346424,0.0018915582931249948
real_busq_1208,d_ln_ocupados_l1,0.4366111597827392,0.2034099014648945,0.031836319249898264
real_busq_1208,d_ln_costes,-0.012302244952684503,0.07180054956239036,0.863957100306038
real_busq_1208,d_ln_pob_extranj,0.19241154152589052,0.14486968497729633,0.18412201644258086
real_busq_1208,d_ln_credito_nuevo,0.04875391187151317,0.014282034011724844,0.0006409809725252376
real_busq_1209,ect_l1,-0.14994763362633082,0.036425875735383265,3.84645691356004e-05
real_busq_1209,d_ln_ocupados_l1,0.23233811750325042,0.2640290538424248,0.37887459520922706
real_busq_1209,d_ln_costes,-0.07075645244009184,0.09793858112607202,0.47001330894184634
real_busq_1209,d_ln_pob_extranj,0.07391627835678201,0.1369876417922544,0.5894842621596863
real_busq_1209,d_ln_ipv_real_l1,0.20335808859417967,0.09962468137234813,0.041226774198955124
real_busq_1210,ect_l1,-0.09825447010504298,0.035193130382483076,0.005240521009656424
real_busq_1210,d_ln_ocupados_l1,0.3056508560821614,0.14261694491893734,0.03210029550477424
real_busq_1210,d_ln_costes,-0.05568765845558725,0.06830661768231158,0.41492345525563823
real_busq_1210,d_ln_pob_extranj,0.0964934406453551,0.10363909799025349,0.35182641083067123
real_busq_1210,d_ln_ipv_real_l1,0.2702706958286028,0.10259633634644542,0.008430813316018035
real_busq_1210,d_ln_credito_nuevo,0.05232359557997412,0.016679346785586392,0.0017066920992069431
real_busq_1211,ect_l1,-0.15490883138210915,0.040246703729825424,0.00011860980398779755
real_busq_1211,d_ln_ocupados_l1,0.17905944973185683,0.192447409086926,0.35214685960050207
real_busq_1211,d_ln_costes,0.004875470292765418,0.0784280459718795,0.9504315277768846
real_busq_1211,d_ln_pob_extranj,-0.2246113454325713,0.14383331950551453,0.11838022762934465
real_busq_1211,d_ln_ipv_real_l4,0.4423057033046437,0.14614776972394705,0.0024746174331587074
real_busq_1212,ect_l1,-0.12157049892249037,0.03728828099161675,0.0011129951701226548
real_busq_1212,d_ln_ocupados_l1,0.2989855774881897,0.1449079423481982,0.03908608673543428
real_busq_1212,d_ln_costes,0.01596923355822181,0.06860873896627456,0.8159493204917377
real_busq_1212,d_ln_pob_extranj,-0.10298282683541561,0.11947930093256481,0.38872588724254464
real_busq_1212,d_ln_ipv_real_l4,0.3418485353572596,0.10557286966964881,0.001203564895048497
real_busq_1212,d_ln_credito_nuevo,0.04095878241189297,0.012688802372262055,0.001246820429849836
real_busq_1213,ect_l1,-0.1719729446967215,0.04511238869617507,0.00013779100893431255
real_busq_1213,d_ln_ocupados_l1,0.3447219949009817,0.30756758666216855,0.26237266672599857
real_busq_1213,d_ln_costes,-0.024162724822544022,0.09305018310859564,0.7951151538519399
real_busq_1213,d_ln_pob_extranj4,0.05837695151717543,0.18794888413280647,0.7561046134927547
real_busq_1214,ect_l1,-0.12770277970435787,0.04157900591834893,0.0021310865482943786
real_busq_1214,d_ln_ocupados_l1,0.4507545659578483,0.2217287170293027,0.042061598403641626
real_busq_1214,d_ln_costes,-0.0005955914046919043,0.07143463786870574,0.9933476574552987
real_busq_1214,d_ln_pob_extranj4,0.12549738651081743,0.1613766307447371,0.4367649633135391
real_busq_1214,d_ln_credito_nuevo,0.048776070971220414,0.01462461773889193,0.0008523710858399868
real_busq_1215,ect_l1,-0.15216733815822958,0.036769367882803265,3.496953752395387e-05
real_busq_1215,d_ln_ocupados_l1,0.2302774722645565,0.2727746278621278,0.39855533713332825
real_busq_1215,d_ln_costes,-0.0653153715939377,0.09766066368324476,0.503623591166663
real_busq_1215,d_ln_pob_extranj4,0.015025217069719368,0.15205419438515544,0.9212852532743544
real_busq_1215,d_ln_ipv_real_l1,0.21344592271534737,0.0940271097586242,0.02320475456287097
real_busq_1216,ect_l1,-0.09841058595199036,0.03634398303117774,0.0067740097687647135
real_busq_1216,d_ln_ocupados_l1,0.30937034136593194,0.150068818827955,0.03925315897423908
real_busq_1216,d_ln_costes,-0.052557178690725806,0.06706027472310365,0.43319829655580744
real_busq_1216,d_ln_pob_extranj4,0.07401756719497729,0.10854666148774617,0.4953045231460116
real_busq_1216,d_ln_ipv_real_l1,0.2789259131238167,0.09780935040648887,0.004348194083829196
real_busq_1216,d_ln_credito_nuevo,0.05253393136746264,0.016973697744542805,0.0019679972892122444
real_busq_1217,ect_l1,-0.15680010004925518,0.04159166017044796,0.00016325476293000828
real_busq_1217,d_ln_ocupados_l1,0.155145322300389,0.1839667100572939,0.3990418523909802
real_busq_1217,d_ln_costes,0.001568225678973146,0.077237346304581,0.983800879370714
real_busq_1217,d_ln_pob_extranj4,-0.2577911431375441,0.14934821146247465,0.08432798421119474
real_busq_1217,d_ln_ipv_real_l4,0.4424850648241487,0.13932514155453682,0.0014936375634416101
real_busq_1218,ect_l1,-0.12339451059789164,0.03898575737444309,0.0015502023027476031
real_busq_1218,d_ln_ocupados_l1,0.2838913514702811,0.1451794027450217,0.050529745218449315
real_busq_1218,d_ln_costes,0.015543321821329385,0.0670037366963888,0.8165559243500274
real_busq_1218,d_ln_pob_extranj4,-0.1339759864835128,0.12759918895239175,0.2937295058898759
real_busq_1218,d_ln_ipv_real_l4,0.3470311226756101,0.1024905276863781,0.0007092393278635566
real_busq_1218,d_ln_credito_nuevo,0.04041194468289013,0.012871505414042934,0.0016915325987484785
real_busq_1219,ect_l1,-0.17324740187132273,0.045406870260265624,0.00013593790538979895
real_busq_1219,d_ln_ocupados_l1,0.3366132475368687,0.30137670317077814,0.2640291279545013
real_busq_1219,d_ln_costes,-0.028923580645127872,0.09527609662559168,0.7614505838140097
real_busq_1219,d_ln_pob_total,0.8638653170413927,1.8771838758249424,0.645378292333645
real_busq_1220,ect_l1,-0.13078978482344364,0.04088473284341172,0.001379107327522872
real_busq_1220,d_ln_ocupados_l1,0.43578926460691886,0.21422175839262908,0.04192232545358596
real_busq_1220,d_ln_costes,-0.006864389491639184,0.07205978518942549,0.9241085961730624
real_busq_1220,d_ln_pob_total,1.5439954772623543,1.6361881313759425,0.3453464870773644
real_busq_1220,d_ln_credito_nuevo,0.04922383644442556,0.014614557669790638,0.0007567790511302528
real_busq_1221,ect_l1,-0.15259404532093532,0.03768493207216136,5.1391738974527244e-05
real_busq_1221,d_ln_ocupados_l1,0.22936371701577174,0.2682512196196692,0.39253273055751847
real_busq_1221,d_ln_costes,-0.06706842158918078,0.09845734484422698,0.49574958567834304
real_busq_1221,d_ln_pob_total,0.3245942981038485,1.5690096973580852,0.8361047849205399
real_busq_1221,d_ln_ipv_real_l1,0.21024269163908782,0.09858424064711388,0.03295593766556366
real_busq_1222,ect_l1,-0.10095042914552986,0.036096080084533966,0.005162513604439104
real_busq_1222,d_ln_ocupados_l1,0.30340310650081287,0.14646426664051113,0.0383105786661032
real_busq_1222,d_ln_costes,-0.05488224753003993,0.06752664561235122,0.4163616939239937
real_busq_1222,d_ln_pob_total,0.8911419033232816,1.128170494826897,0.4295861561387866
real_busq_1222,d_ln_ipv_real_l1,0.27324253932327164,0.09788238863439745,0.005245797908433661
real_busq_1222,d_ln_credito_nuevo,0.05269863544803959,0.016856298910912403,0.001769927207838853
real_busq_1223,ect_l1,-0.14795524258816814,0.04129311286516914,0.00033960700298423966
real_busq_1223,d_ln_ocupados_l1,0.18990561675076525,0.18031521351534505,0.2922553513530701
real_busq_1223,d_ln_costes,-0.0036473261108760555,0.07658068796355723,0.9620133295021418
real_busq_1223,d_ln_pob_total,-1.5713530135259397,1.3730269429773805,0.2524393783818736
real_busq_1223,d_ln_ipv_real_l4,0.4163832040172104,0.13381617437939783,0.0018607269172464672
real_busq_1224,ect_l1,-0.11799325664240568,0.038191588115415495,0.002004876067634295
real_busq_1224,d_ln_ocupados_l1,0.3067120511499181,0.1413262564519815,0.029988585545014636
real_busq_1224,d_ln_costes,0.009158703785230815,0.06562195390332724,0.8890015791925883
real_busq_1224,d_ln_pob_total,-0.44517571027057207,1.2378512552825431,0.7191194572681286
real_busq_1224,d_ln_ipv_real_l4,0.3216516338350268,0.0959221381448464,0.0007986635149375148
real_busq_1224,d_ln_credito_nuevo,0.041408101554906346,0.013080692527192945,0.0015476909590195792
real_busq_1225,ect_l1,-0.1613382589111544,0.04248480284013156,0.0001461319760933494
real_busq_1225,d_ln_ocupados_l1,0.4545051445769796,0.20723752311902538,0.028295819165983536
real_busq_1225,d_ln_costes,-0.04164276116575021,0.06480686566623056,0.5205050224059047
real_busq_1225,d_ln_renta_hog_real,0.22367406117194705,0.08304026784476891,0.007069312062121717
real_busq_1226,ect_l1,-0.125784937543714,0.040795674229081695,0.002047248166918107
real_busq_1226,d_ln_ocupados_l1,0.5292919887197971,0.1851371006062491,0.004250872094624294
real_busq_1226,d_ln_costes,-0.009470909970666939,0.061413054740059196,0.8774389862996219
real_busq_1226,d_ln_renta_hog_real,0.1830126253647758,0.07703109695380365,0.017509629785253087
real_busq_1226,d_ln_credito_nuevo,0.04583382615428506,0.016152244506737565,0.004545219172765445
real_busq_1227,ect_l1,-0.14707055430710175,0.037831615166877185,0.00010128033002713554
real_busq_1227,d_ln_ocupados_l1,0.35058711850182117,0.18396984804233157,0.0566921178058212
real_busq_1227,d_ln_costes,-0.07158738434473061,0.07191684959727118,0.3195326172669424
real_busq_1227,d_ln_renta_hog_real,0.1842833817153992,0.08903601669498509,0.038474618864488865
real_busq_1227,d_ln_ipv_real_l1,0.16051911535176558,0.07856397728149492,0.04103617431005624
real_busq_1228,ect_l1,-0.10038879558290956,0.03664143873847365,0.006148382109076479
real_busq_1228,d_ln_ocupados_l1,0.3762274240672216,0.11737871278581027,0.001349479932743296
real_busq_1228,d_ln_costes,-0.052561943769842655,0.05725420253391459,0.35859522132508015
real_busq_1228,d_ln_renta_hog_real,0.11839504199878376,0.07234294355343791,0.10171817807008168
real_busq_1228,d_ln_ipv_real_l1,0.2474786598923178,0.09478699815323025,0.009030628350506796
real_busq_1228,d_ln_credito_nuevo,0.05021574715687,0.018418390797770134,0.006403096825458861
real_busq_1229,ect_l1,-0.14031506682123082,0.038935420296279624,0.00031361082937198957
real_busq_1229,d_ln_ocupados_l1,0.29024966404715047,0.12358476062845347,0.018844754489671208
real_busq_1229,d_ln_costes,-0.03748826834537815,0.06146259067954776,0.5419039706687283
real_busq_1229,d_ln_renta_hog_real,0.15564486701571,0.08711507449824585,0.07399273995352397
real_busq_1229,d_ln_ipv_real_l4,0.34039013354265757,0.1318127848314403,0.009812269936330923
real_busq_1230,ect_l1,-0.11207432304677063,0.0371074098963445,0.0025255109895108495
real_busq_1230,d_ln_ocupados_l1,0.3850224453541519,0.11934364613413546,0.0012546045120196867
real_busq_1230,d_ln_costes,-0.009410957935643569,0.06108565522111686,0.8775611118674363
real_busq_1230,d_ln_renta_hog_real,0.13080872613857275,0.07351591841096716,0.07518646200899308
real_busq_1230,d_ln_ipv_real_l4,0.28264337701275644,0.09460263069831734,0.0028109409159966917
real_busq_1230,d_ln_credito_nuevo,0.041004617404406314,0.014108079228569272,0.003655395364498047
real_busq_1231,ect_l1,-0.15499544192496612,0.03955511562085694,8.911367738597222e-05
real_busq_1231,d_ln_ocupados_l1,0.44812440842014517,0.19155676327178295,0.019315681857263674
real_busq_1231,d_ln_costes,-0.05567613048548796,0.06465878813854346,0.38919618794046784
real_busq_1231,d_ln_renta_hog_real,0.2182050552553518,0.08691971891638281,0.01205874279231023
real_busq_1231,d_ln_pob_extranj,0.12021534722233555,0.15518445199971756,0.4385399849705912
real_busq_1232,ect_l1,-0.11631554972524584,0.038555428188121174,0.0025542477293646186
real_busq_1232,d_ln_ocupados_l1,0.5216734294370629,0.16405702939983313,0.0014736158126836128
real_busq_1232,d_ln_costes,-0.028509487254535018,0.060470668297920006,0.6373124433352149
real_busq_1232,d_ln_renta_hog_real,0.17467513564672163,0.07754105939183199,0.02427938009096178
real_busq_1232,d_ln_pob_extranj,0.16784697482375555,0.14291727657773026,0.24022104846843206
real_busq_1232,d_ln_credito_nuevo,0.04662462753578468,0.016005332066259866,0.00357896164839249
real_busq_1233,ect_l1,-0.1443347945922374,0.0361142384585091,6.425401714802779e-05
real_busq_1233,d_ln_ocupados_l1,0.35374550381525466,0.18028057274854953,0.04973987275231228
real_busq_1233,d_ln_costes,-0.07774726914480636,0.07178558610253655,0.27878690981004994
real_busq_1233,d_ln_renta_hog_real,0.18371211573810553,0.08994674901359834,0.04110649762206401
real_busq_1233,d_ln_pob_extranj,0.06969587081192143,0.14242925560422956,0.6246032983879786
real_busq_1233,d_ln_ipv_real_l1,0.14992627222262242,0.0884124497087337,0.08993139087747051
real_busq_1234,ect_l1,-0.09655928498103701,0.03554018669927752,0.00658956643545372
real_busq_1234,d_ln_ocupados_l1,0.38053950213238713,0.10991408495440061,0.0005358701974276371
real_busq_1234,d_ln_costes,-0.06070552341674205,0.058884891679896134,0.30257904660804824
real_busq_1234,d_ln_renta_hog_real,0.11737874911196575,0.0720973598320905,0.10351239498386926
real_busq_1234,d_ln_pob_extranj,0.09297099938677633,0.11120456685031065,0.40313476144019633
real_busq_1234,d_ln_ipv_real_l1,0.23368386852613013,0.09685287076180835,0.015831731405438323
real_busq_1234,d_ln_credito_nuevo,0.05040952054559698,0.018050149333250567,0.005226237002418196
real_busq_1235,ect_l1,-0.147509449065225,0.03866957600162846,0.00013639677489446134
real_busq_1235,d_ln_ocupados_l1,0.2692164558958348,0.1327876458557426,0.04261938060557801
real_busq_1235,d_ln_costes,-0.011561415317014313,0.05808023609091781,0.8422163016947606
real_busq_1235,d_ln_renta_hog_real,0.1519899742181409,0.08324515894921178,0.06787865016960482
real_busq_1235,d_ln_pob_extranj,-0.21506901201106765,0.1465263359924595,0.14216290408164825
real_busq_1235,d_ln_ipv_real_l4,0.40763394394875524,0.15084276274031963,0.006884574594948232
real_busq_1236,ect_l1,-0.11603523020272148,0.03633931952997242,0.0014075219482172947
real_busq_1236,d_ln_ocupados_l1,0.37314285747707254,0.12246126347243037,0.0023111643893965854
real_busq_1236,d_ln_costes,0.0016764489901929223,0.060294087504688364,0.9778180499624272
real_busq_1236,d_ln_renta_hog_real,0.12975812830561467,0.07347450894044733,0.07739095000989323
real_busq_1236,d_ln_pob_extranj,-0.09768848845014841,0.12388942558071954,0.4303963869033134
real_busq_1236,d_ln_ipv_real_l4,0.3146040234497875,0.10457325971554861,0.0026257904609551246
real_busq_1236,d_ln_credito_nuevo,0.03999828816647908,0.014064568844083117,0.004456442733295833
real_busq_1237,ect_l1,-0.1583840656111089,0.040482163619054254,9.136796880946587e-05
real_busq_1237,d_ln_ocupados_l1,0.45783195701861507,0.20551006027037902,0.025894944091149806
real_busq_1237,d_ln_costes,-0.046562130327325306,0.06365719017223893,0.46450358063348585
real_busq_1237,d_ln_renta_hog_real,0.22324337440152953,0.08413337504060593,0.007967449840706443
real_busq_1237,d_ln_pob_extranj4,0.05340152317208138,0.17976867166276697,0.7664230735663504
real_busq_1238,ect_l1,-0.11861584531712355,0.039724956748733234,0.0028271955681692675
real_busq_1238,d_ln_ocupados_l1,0.5379653117914559,0.17809181046909042,0.0025217528821744827
real_busq_1238,d_ln_costes,-0.019831303437675685,0.05927468752259812,0.73795239021205
real_busq_1238,d_ln_renta_hog_real,0.18135489061154475,0.07593536162770863,0.016927448671314096
real_busq_1238,d_ln_pob_extranj4,0.11849571618993762,0.15981816060833312,0.45842617097794114
real_busq_1238,d_ln_credito_nuevo,0.0466251915495004,0.016328677674706277,0.004298029132005133
real_busq_1239,ect_l1,-0.14603080489937767,0.03621037554900696,5.510580377364477e-05
real_busq_1239,d_ln_ocupados_l1,0.35328400080331995,0.1886246772387644,0.0610757205954321
real_busq_1239,d_ln_costes,-0.07324011951253342,0.07136736257008788,0.3047779604244659
real_busq_1239,d_ln_renta_hog_real,0.1846063189632863,0.08886952157126113,0.037776305982969646
real_busq_1239,d_ln_pob_extranj4,0.022075179955660634,0.1555403531227226,0.8871386613237094
real_busq_1239,d_ln_ipv_real_l1,0.15847761550009673,0.08283368493281827,0.05572212989453883
real_busq_1240,ect_l1,-0.09642072825429511,0.03656847622186586,0.008371260223651948
real_busq_1240,d_ln_ocupados_l1,0.3857645280205647,0.11562953735780325,0.0008492869549964658
real_busq_1240,d_ln_costes,-0.058131711252582714,0.057485629186421604,0.3119020448489439
real_busq_1240,d_ln_renta_hog_real,0.11899141731191437,0.0711926459018908,0.09464261565792784
real_busq_1240,d_ln_pob_extranj4,0.07640475879910137,0.1149359857723176,0.5062044954153957
real_busq_1240,d_ln_ipv_real_l1,0.24110086801454722,0.0922709838174196,0.008976044617853474
real_busq_1240,d_ln_credito_nuevo,0.05061308419350626,0.018323211689510076,0.005740649421180921
real_busq_1241,ect_l1,-0.14925485099630512,0.04020327604722069,0.00020521825442128212
real_busq_1241,d_ln_ocupados_l1,0.2438357949167346,0.12800216170480727,0.05678852396253729
real_busq_1241,d_ln_costes,-0.015027386609635708,0.05785135166493191,0.7950499807945345
real_busq_1241,d_ln_renta_hog_real,0.14438383414695752,0.08484876354387115,0.08881893017409828
real_busq_1241,d_ln_pob_extranj4,-0.2350987229473704,0.15339389078219318,0.1253627959102002
real_busq_1241,d_ln_ipv_real_l4,0.406222952683982,0.14479082788163328,0.0050225356379884475
real_busq_1242,ect_l1,-0.11744866932964862,0.03806325813303303,0.0020312969736892244
real_busq_1242,d_ln_ocupados_l1,0.3588505747586359,0.12464161929564936,0.003988637171423192
real_busq_1242,d_ln_costes,0.0007859677121453306,0.05835829080139369,0.9892544394895024
real_busq_1242,d_ln_renta_hog_real,0.1260555471835908,0.0747453335283005,0.09170586341093467
real_busq_1242,d_ln_pob_extranj4,-0.11654222540227939,0.1326694920091547,0.3797048344994388
real_busq_1242,d_ln_ipv_real_l4,0.3172055067728682,0.10187790962675801,0.0018482941259904638
real_busq_1242,d_ln_credito_nuevo,0.03963577411329558,0.014196890442299506,0.005240552819785523
real_busq_1243,ect_l1,-0.16007259451589323,0.04143519987094489,0.00011190986685494705
real_busq_1243,d_ln_ocupados_l1,0.4498784563999337,0.19911594799754317,0.023859799286267865
real_busq_1243,d_ln_costes,-0.04879161475462403,0.06675127709726053,0.4648118099597427
real_busq_1243,d_ln_renta_hog_real,0.22066651341323573,0.08653348435882643,0.010770103861302754
real_busq_1243,d_ln_pob_total,0.6323602695299532,1.7752494563145331,0.7216838685064898
real_busq_1244,ect_l1,-0.12221338570169381,0.039564815857850516,0.0020087126028751514
real_busq_1244,d_ln_ocupados_l1,0.5214845104143347,0.1718795802748833,0.0024132575542185927
real_busq_1244,d_ln_costes,-0.023671901426017702,0.060225401198378395,0.6942787815480069
real_busq_1244,d_ln_renta_hog_real,0.17564899805498255,0.07912907003954407,0.026433815947724575
real_busq_1244,d_ln_pob_total,1.329112224823668,1.595947272287593,0.40495494174009494
real_busq_1244,d_ln_credito_nuevo,0.04700869143047135,0.01633836521549521,0.004012253338388016
real_busq_1245,ect_l1,-0.1468559642157625,0.037567174851948076,9.261896600196273e-05
real_busq_1245,d_ln_ocupados_l1,0.3509739575256564,0.18404033830470068,0.05651423241930423
real_busq_1245,d_ln_costes,-0.07394543326494196,0.07306993033267853,0.31154679716228995
real_busq_1245,d_ln_renta_hog_real,0.18389761906288196,0.08992482246020003,0.040853370250125774
real_busq_1245,d_ln_pob_total,0.26852150782956474,1.5825727381027637,0.865266492200347
real_busq_1245,d_ln_ipv_real_l1,0.15688684270797873,0.08574253740865298,0.06728831652488912
real_busq_1246,ect_l1,-0.09920557997699056,0.03651845378284178,0.006595873081678596
real_busq_1246,d_ln_ocupados_l1,0.37771362442133194,0.11416338821324412,0.0009378528896984576
real_busq_1246,d_ln_costes,-0.05968343968893287,0.058482699492264215,0.3074764363126734
real_busq_1246,d_ln_renta_hog_real,0.11646730521406115,0.07343081000592186,0.11272065013581094
real_busq_1246,d_ln_pob_total,0.834903997982459,1.1876135613209395,0.4820496286677357
real_busq_1246,d_ln_ipv_real_l1,0.23714617941443542,0.09158297572469482,0.009613961669030058
real_busq_1246,d_ln_credito_nuevo,0.05077080879787625,0.018244575168948816,0.005389379104528024
real_busq_1247,ect_l1,-0.14074764957256825,0.039626601515132615,0.00038253635039286647
real_busq_1247,d_ln_ocupados_l1,0.2808168085943523,0.12031750879124223,0.019597574612567982
real_busq_1247,d_ln_costes,-0.019557800960887047,0.0564765148122391,0.7291174830804814
real_busq_1247,d_ln_renta_hog_real,0.15439539080594092,0.08441338237891388,0.06739372641028785
real_busq_1247,d_ln_pob_total,-1.5397516307665764,1.3345416553867595,0.24859524328291238
real_busq_1247,d_ln_ipv_real_l4,0.383284091515057,0.1372945391453196,0.00524332102482217
real_busq_1248,ect_l1,-0.1126280037495189,0.037290932928203534,0.002525646964197177
real_busq_1248,d_ln_ocupados_l1,0.3808510747440879,0.11946743415410574,0.001433065987020339
real_busq_1248,d_ln_costes,-0.00463976350974393,0.05733125993692099,0.9354983895502492
real_busq_1248,d_ln_renta_hog_real,0.13082324000587636,0.07299867254129004,0.07311186136118798
real_busq_1248,d_ln_pob_total,-0.44628580881794605,1.2432353162408243,0.719616552866597
real_busq_1248,d_ln_ipv_real_l4,0.2959516672623418,0.09455023494415044,0.0017474695070506079
real_busq_1248,d_ln_credito_nuevo,0.04038274047788706,0.014511353613351862,0.005388577090375333
real_busq_1249,ect_l1,-0.1714288926543843,0.04337106458007178,7.730345484696404e-05
real_busq_1249,d_ln_ocupados_l1,0.3216850526863065,0.2890029143033643,0.2656715629602574
real_busq_1249,d_ln_permisos_l4,0.00672784958446852,0.012209714214992728,0.5816169967937886
real_busq_1250,ect_l1,-0.13222558451933517,0.04052471234674945,0.0011030242650433024
real_busq_1250,d_ln_ocupados_l1,0.4332048361111243,0.23032863264850056,0.05999750909439837
real_busq_1250,d_ln_permisos_l4,0.004265400279618824,0.010307941476135205,0.6790224244940146
real_busq_1250,d_ln_credito_nuevo,0.04778389333405758,0.014192386788362538,0.0007602706176015262
real_busq_1251,ect_l1,-0.15384237174094867,0.035322558543565905,1.3284989372919923e-05
real_busq_1251,d_ln_ocupados_l1,0.21281081261277396,0.2525838269260091,0.39948834008657663
real_busq_1251,d_ln_permisos_l4,0.004488372055131678,0.010486008625791743,0.6686261002735476
real_busq_1251,d_ln_ipv_real_l1,0.19973769051208742,0.0943184042107447,0.03420083695287371
real_busq_1252,ect_l1,-0.10431641812454516,0.03418481834657207,0.0022766899101774114
real_busq_1252,d_ln_ocupados_l1,0.29368896109576803,0.1498350650041705,0.04998624792327866
real_busq_1252,d_ln_permisos_l4,0.0009489894762883043,0.00910234514531982,0.9169648535490881
real_busq_1252,d_ln_ipv_real_l1,0.27516450168368645,0.10659260946808889,0.009838354146667684
real_busq_1252,d_ln_credito_nuevo,0.05227112837619949,0.017179375492035347,0.002344912334662679
real_busq_1253,ect_l1,-0.15493325951805936,0.038900319957880895,6.8100219380146e-05
real_busq_1253,d_ln_ocupados_l1,0.21222980260340787,0.19639190519934985,0.279855346756802
real_busq_1253,d_ln_permisos_l4,-0.011908616879945738,0.013629717467091733,0.3822683531659402
real_busq_1253,d_ln_ipv_real_l4,0.394218956043767,0.13389575399821785,0.0032376664213208998
real_busq_1254,ect_l1,-0.12332285504992783,0.036458330893981025,0.0007181098339102108
real_busq_1254,d_ln_ocupados_l1,0.32825873718771936,0.1623727368880141,0.04321386382862592
real_busq_1254,d_ln_permisos_l4,-0.010955677747635699,0.011445304776469996,0.3384560872419846
real_busq_1254,d_ln_ipv_real_l4,0.3284022114228076,0.10166625592043825,0.0012370419738250375
real_busq_1254,d_ln_credito_nuevo,0.04188590993696856,0.012706133319618241,0.0009789373492332398
real_busq_1255,ect_l1,-0.16797392423604907,0.04096315654229761,4.120627290202706e-05
real_busq_1255,d_ln_ocupados_l1,0.32469085268277814,0.28221452480143383,0.24993355734915113
real_busq_1255,d_ln_permisos_l4,0.002013784006235087,0.015169355826975605,0.8943883863034473
real_busq_1255,d_ln_pob_extranj,0.13103494350731526,0.19485979566971404,0.5012924470421218
real_busq_1256,ect_l1,-0.12599757261828923,0.03852285832658391,0.0010727318547094243
real_busq_1256,d_ln_ocupados_l1,0.4405058943097711,0.2184117962679166,0.04371018326507382
real_busq_1256,d_ln_permisos_l4,-0.0029912698313352346,0.013277575360381258,0.8217557362321952
real_busq_1256,d_ln_pob_extranj,0.20004599319714017,0.17610663668949417,0.25598305385058884
real_busq_1256,d_ln_credito_nuevo,0.04894602254399211,0.01445359329397888,0.0007080939879394414
real_busq_1257,ect_l1,-0.15322706485551066,0.03474680161649027,1.034576194736001e-05
real_busq_1257,d_ln_ocupados_l1,0.21807887675536536,0.25729841879960313,0.39667650046042446
real_busq_1257,d_ln_permisos_l4,0.002819621375805802,0.01273708665543424,0.8248035852571703
real_busq_1257,d_ln_pob_extranj,0.048758151110673734,0.16329940403958965,0.7652595224531554
real_busq_1257,d_ln_ipv_real_l1,0.19212493942985176,0.10281252284160222,0.06166567699886486
real_busq_1258,ect_l1,-0.10284221606711898,0.03427985552449988,0.0026991110666244257
real_busq_1258,d_ln_ocupados_l1,0.3042618618471782,0.1502159064872117,0.042816360366031855
real_busq_1258,d_ln_permisos_l4,-0.0022683310542021265,0.009803965575434627,0.8170283567695726
real_busq_1258,d_ln_pob_extranj,0.09338737961693905,0.11445144378605811,0.4145251149121437
real_busq_1258,d_ln_ipv_real_l1,0.2610339941004557,0.10566656082359423,0.01349787517385858
real_busq_1258,d_ln_credito_nuevo,0.05258321188903884,0.016975895362218062,0.001951458126953695
real_busq_1259,ect_l1,-0.15799727923868828,0.03911555665098337,5.362374921105853e-05
real_busq_1259,d_ln_ocupados_l1,0.1925584240904838,0.19540712298149848,0.3244169629485062
real_busq_1259,d_ln_permisos_l4,-0.007196307095462859,0.01443702642006607,0.6181585425270729
real_busq_1259,d_ln_pob_extranj,-0.2021413523742985,0.15712580770971737,0.19827083686232305
real_busq_1259,d_ln_ipv_real_l4,0.44836779563600343,0.14410172415509212,0.0018616012083572876
real_busq_1260,ect_l1,-0.12495655768362733,0.03604154676594494,0.0005262739102623148
real_busq_1260,d_ln_ocupados_l1,0.31935303352206607,0.16474528005115063,0.052566461994348924
real_busq_1260,d_ln_permisos_l4,-0.009345856051170035,0.012457207363126067,0.4531120667247367
real_busq_1260,d_ln_pob_extranj,-0.06980009452018068,0.13349065780353123,0.6010551599231859
real_busq_1260,d_ln_ipv_real_l4,0.348298638820041,0.1036312999792656,0.0007767754173005422
real_busq_1260,d_ln_credito_nuevo,0.04112308699607886,0.012818030312383941,0.0013355835500124186
real_busq_1261,ect_l1,-0.16979536639152248,0.04168387303337477,4.6330422658556556e-05
real_busq_1261,d_ln_ocupados_l1,0.32541257563101,0.29290669367521854,0.26657828505203707
real_busq_1261,d_ln_permisos_l4,0.0059125318315518365,0.013614375125548759,0.6640808054456815
real_busq_1261,d_ln_pob_extranj4,0.04195192341697876,0.20071402215678236,0.8344377654406144
real_busq_1262,ect_l1,-0.12672887022004425,0.03955764733154472,0.0013569717241151546
real_busq_1262,d_ln_ocupados_l1,0.44617418114230106,0.23174038075019485,0.05418944966008774
real_busq_1262,d_ln_permisos_l4,0.0018525361321624655,0.011613915907945499,0.8732670528086555
real_busq_1262,d_ln_pob_extranj4,0.12170398771089637,0.17747837967908578,0.49287720732030693
real_busq_1262,d_ln_credito_nuevo,0.04870755342956588,0.01462381292880536,0.0008662748868652002
real_busq_1263,ect_l1,-0.15396922396293522,0.034212420798879276,6.782901502433131e-06
real_busq_1263,d_ln_ocupados_l1,0.212229401465532,0.2604787051639582,0.41520580737391855
real_busq_1263,d_ln_permisos_l4,0.0045644964277617535,0.01150676315223512,0.691603859307481
real_busq_1263,d_ln_pob_extranj4,-0.004142732334025171,0.16193297888931765,0.979589941061663
real_busq_1263,d_ln_ipv_real_l1,0.2001290416033711,0.09708596668000824,0.03926879307592948
real_busq_1264,ect_l1,-0.10190315751863482,0.03475069848609265,0.0033634670077643683
real_busq_1264,d_ln_ocupados_l1,0.3036046093275309,0.1549704661340814,0.0500995890607378
real_busq_1264,d_ln_permisos_l4,-0.00029401400366017014,0.009444192557216857,0.9751644891926127
real_busq_1264,d_ln_pob_extranj4,0.06613530747482224,0.11656292274120456,0.570456988553698
real_busq_1264,d_ln_ipv_real_l1,0.2695080765494925,0.10321121093093387,0.009021753761101968
real_busq_1264,d_ln_credito_nuevo,0.052680813651984876,0.017267618352628973,0.0022819893790974864
real_busq_1265,ect_l1,-0.16195061164109784,0.03958685018426402,4.294793485932935e-05
real_busq_1265,d_ln_ocupados_l1,0.17226770338000696,0.1917893531591117,0.3690719675794174
real_busq_1265,d_ln_permisos_l4,-0.010099939305892914,0.012954725324552262,0.4356065652551011
real_busq_1265,d_ln_pob_extranj4,-0.24919233917303565,0.15570798466853333,0.10951374723506073
real_busq_1265,d_ln_ipv_real_l4,0.4584031453347999,0.14019231029027773,0.001076172277237409
real_busq_1266,ect_l1,-0.1279177160137261,0.03696009830599285,0.0005382368684129264
real_busq_1266,d_ln_ocupados_l1,0.30443575188445793,0.16688339763268403,0.06811545037215792
real_busq_1266,d_ln_permisos_l4,-0.010104707403395792,0.011312646146948852,0.3717381575112271
real_busq_1266,d_ln_pob_extranj4,-0.12205223600025815,0.1332282913518213,0.35960736895399825
real_busq_1266,d_ln_ipv_real_l4,0.3622497977682301,0.10365901292702283,0.00047472104933583945
real_busq_1266,d_ln_credito_nuevo,0.04035171659664006,0.012901349432411684,0.001761721974130696
real_busq_1267,ect_l1,-0.17148512212766157,0.042971047072969316,6.587491869364336e-05
real_busq_1267,d_ln_ocupados_l1,0.32079444315556144,0.2871434212888604,0.26391207661712746
real_busq_1267,d_ln_permisos_l4,0.004764908703058569,0.014781693919550523,0.747186038030782
real_busq_1267,d_ln_pob_total,0.6976606038178695,2.0469204575974933,0.7332283630569135
real_busq_1268,ect_l1,-0.13113629201242963,0.03932341590055454,0.0008535636145301005
real_busq_1268,d_ln_ocupados_l1,0.4346981101108806,0.2233610146403224,0.05163453505133041
real_busq_1268,d_ln_permisos_l4,-0.00012371874443260896,0.01315528933144526,0.9924964158148587
real_busq_1268,d_ln_pob_total,1.5328871334714242,1.8523398786515872,0.40793051243038514
real_busq_1268,d_ln_credito_nuevo,0.04926219111941993,0.014734304575257021,0.0008276828890787495
real_busq_1269,ect_l1,-0.15401639038906512,0.0360893846570378,1.975545184385487e-05
real_busq_1269,d_ln_ocupados_l1,0.21366018761417221,0.25685310180739207,0.4055003539689702
real_busq_1269,d_ln_permisos_l4,0.004148013301833761,0.012045254330979707,0.7305687296812179
real_busq_1269,d_ln_pob_total,0.12837655227364542,1.697545390451417,0.9397175952755935
real_busq_1269,d_ln_ipv_real_l1,0.19787879871473907,0.1013956202986501,0.05099144827257835
real_busq_1270,ect_l1,-0.10485826666739886,0.03453940262105761,0.0023981671754280992
real_busq_1270,d_ln_ocupados_l1,0.3001773705928112,0.15134924159714283,0.0473291944746083
real_busq_1270,d_ln_permisos_l4,-0.0013070617114966064,0.01015778630514511,0.897614151305622
real_busq_1270,d_ln_pob_total,0.8350322780325481,1.2434784608599958,0.5018833709167716
real_busq_1270,d_ln_ipv_real_l1,0.26397189357968365,0.10222845444027039,0.00981794125070793
real_busq_1270,d_ln_credito_nuevo,0.052893900344230436,0.017207434024505815,0.002112815201407431
real_busq_1271,ect_l1,-0.1533151565366541,0.04018249274796861,0.00013592313514855557
real_busq_1271,d_ln_ocupados_l1,0.20411303877882025,0.1881150768554451,0.2779023955865775
real_busq_1271,d_ln_permisos_l4,-0.009535326494514725,0.014092418795701162,0.4986419483696024
real_busq_1271,d_ln_pob_total,-1.4464314256013302,1.4989220429214543,0.334554283768426
real_busq_1271,d_ln_ipv_real_l4,0.4301029680803597,0.13376775439403188,0.0013030993386862377
real_busq_1272,ect_l1,-0.12331637987158467,0.036664270929431295,0.0007699046488308465
real_busq_1272,d_ln_ocupados_l1,0.32563111755329327,0.16305854469054804,0.04582304862443008
real_busq_1272,d_ln_permisos_l4,-0.010517014501282205,0.012489692179533026,0.3997568655370429
real_busq_1272,d_ln_pob_total,-0.272837645534037,1.3829775241851343,0.8436062569980355
real_busq_1272,d_ln_ipv_real_l4,0.33579296812311626,0.09641129186375678,0.0004959736426674766
real_busq_1272,d_ln_credito_nuevo,0.041490053333683725,0.013159611304481714,0.0016169442659181878
real_busq_1273,ect_l1,-0.16174660409792657,0.03930463457794131,3.868365063674786e-05
real_busq_1273,d_ln_ocupados_l1,0.4375339295595025,0.20241310942830473,0.030649878184079854
real_busq_1273,d_ln_permisos_l4,0.0023089849483092827,0.011337908434731087,0.8386256460906973
real_busq_1273,d_ln_renta_hog_real,0.21848148064786985,0.0835122114182957,0.00889243357415933
real_busq_1274,ect_l1,-0.1257254884962187,0.038386485294975736,0.0010556702072931513
real_busq_1274,d_ln_ocupados_l1,0.525119700925633,0.20212128062053442,0.009375685686561594
real_busq_1274,d_ln_permisos_l4,0.0006886138546040859,0.010146720759559675,0.9458925787083369
real_busq_1274,d_ln_renta_hog_real,0.181661914687036,0.08050584078262643,0.0240389584730679
real_busq_1274,d_ln_credito_nuevo,0.04589404626352198,0.015980516208598798,0.004080442308483751
real_busq_1275,ect_l1,-0.15051635020445006,0.034885789435805774,1.5993108742025127e-05
real_busq_1275,d_ln_ocupados_l1,0.33776359042379717,0.18178063384082757,0.06315716221313744
real_busq_1275,d_ln_permisos_l4,0.0014270858877876555,0.01035473442264302,0.8903829530479723
real_busq_1275,d_ln_renta_hog_real,0.18088962361517863,0.08642739085929989,0.036352155597054056
real_busq_1275,d_ln_ipv_real_l1,0.1464675317937852,0.08102270898072665,0.07064786024671134
real_busq_1276,ect_l1,-0.10389175772860133,0.03437324991583221,0.00250729583612085
real_busq_1276,d_ln_ocupados_l1,0.3716181376631474,0.12671092178181503,0.0033591725251994257
real_busq_1276,d_ln_permisos_l4,-0.0009059888857016023,0.008948103318559098,0.919352589665976
real_busq_1276,d_ln_renta_hog_real,0.11689248857493768,0.07407330441680968,0.11455067959766095
real_busq_1276,d_ln_ipv_real_l1,0.238114258813237,0.10136094814203157,0.018815234259754322
real_busq_1276,d_ln_credito_nuevo,0.050450888644703824,0.018531889272762114,0.006481310249585791
real_busq_1277,ect_l1,-0.14918988865972402,0.03705959009050112,5.681195871966802e-05
real_busq_1277,d_ln_ocupados_l1,0.3041624609803226,0.13654558054638635,0.02591036547197346
real_busq_1277,d_ln_permisos_l4,-0.013689426297884534,0.012905649159005316,0.2888120210411368
real_busq_1277,d_ln_renta_hog_real,0.15776038700063869,0.08620392938872265,0.06723745696454113
real_busq_1277,d_ln_ipv_real_l4,0.3643941534999264,0.13358762921901718,0.006376719589228833
real_busq_1278,ect_l1,-0.11914494308872314,0.03512121384058002,0.0006928510837950428
real_busq_1278,d_ln_ocupados_l1,0.40419220945599565,0.14608662276286966,0.005660977976035566
real_busq_1278,d_ln_permisos_l4,-0.012500919285283768,0.011070292140553823,0.2588003150392716
real_busq_1278,d_ln_renta_hog_real,0.13493051731228453,0.07458649237317974,0.07044360392247036
real_busq_1278,d_ln_ipv_real_l4,0.3044223744098045,0.09773503321702365,0.0018408695441207673
real_busq_1278,d_ln_credito_nuevo,0.040912883354984615,0.014204716167132038,0.003973821663495247
real_busq_1279,ect_l1,-0.1589605321599749,0.03755591908305128,2.3096823964250935e-05
real_busq_1279,d_ln_ocupados_l1,0.43835336483720944,0.19450467177150266,0.02421563446916583
real_busq_1279,d_ln_permisos_l4,-0.001623727958573063,0.013317070514988424,0.9029557913966069
real_busq_1279,d_ln_renta_hog_real,0.2152183955568354,0.08557416824545357,0.011903489933089418
real_busq_1279,d_ln_pob_extranj,0.11115049705474496,0.17527176361950172,0.5259758304555098
real_busq_1280,ect_l1,-0.1203093926161024,0.03708772865935485,0.0011789944467299487
real_busq_1280,d_ln_ocupados_l1,0.5285861054934846,0.18947481752836148,0.005274984392067109
real_busq_1280,d_ln_permisos_l4,-0.005758731609456752,0.012089960142274423,0.6338439565268275
real_busq_1280,d_ln_renta_hog_real,0.1754491503826576,0.07984729355908181,0.02799840890572903
real_busq_1280,d_ln_pob_extranj,0.18110733488417732,0.1619490657799582,0.26343969200946593
real_busq_1280,d_ln_credito_nuevo,0.047010786942861066,0.016214385410258186,0.0037396601169130484
real_busq_1281,ect_l1,-0.14980646559944752,0.03438167987505021,1.3176120750620093e-05
real_busq_1281,d_ln_ocupados_l1,0.34418338546720034,0.18611864280666296,0.06441901924681352
real_busq_1281,d_ln_permisos_l4,-0.00047704189424331274,0.012035068761824847,0.9683820072796342
real_busq_1281,d_ln_renta_hog_real,0.1815308346967924,0.08586501886901154,0.03450314886648153
real_busq_1281,d_ln_pob_extranj,0.055318418950857845,0.16267710808391064,0.7338185581416796
real_busq_1281,d_ln_ipv_real_l1,0.13764167697199264,0.09053796142458083,0.1284444338352682
real_busq_1282,ect_l1,-0.10237225841624402,0.03447006664754135,0.0029790774647212074
real_busq_1282,d_ln_ocupados_l1,0.38297761070013464,0.12607605113323608,0.002384138021563116
real_busq_1282,d_ln_permisos_l4,-0.004227889697986767,0.009223844550550751,0.6466900620673985
real_busq_1282,d_ln_renta_hog_real,0.11761320215486479,0.07337380006941112,0.10894969774803683
real_busq_1282,d_ln_pob_extranj,0.09609099586513087,0.11714944366564922,0.41207766752495567
real_busq_1282,d_ln_ipv_real_l1,0.22334622785219205,0.09929285744882842,0.024489059679810927
real_busq_1282,d_ln_credito_nuevo,0.05076078425811497,0.018318805935008984,0.005589030130711215
real_busq_1283,ect_l1,-0.1522238727679706,0.037144262844691155,4.164115266170308e-05
real_busq_1283,d_ln_ocupados_l1,0.2836219890354696,0.13937129742904972,0.041849863141317105
real_busq_1283,d_ln_permisos_l4,-0.009159324815432761,0.01348815993180868,0.4970972653818633
real_busq_1283,d_ln_renta_hog_real,0.15471768321776108,0.08342412611407594,0.06365456909640915
real_busq_1283,d_ln_pob_extranj,-0.19285193184148244,0.15685147899829202,0.21887713949579368
real_busq_1283,d_ln_ipv_real_l4,0.41662980626925666,0.1477990911404904,0.004818959653046772
real_busq_1284,ect_l1,-0.12067810230953266,0.034789273261595095,0.0005227285691880828
real_busq_1284,d_ln_ocupados_l1,0.3955869801190111,0.1482099879755543,0.00760552592483875
real_busq_1284,d_ln_permisos_l4,-0.01100214973828082,0.011757143861152048,0.3493842959612574
real_busq_1284,d_ln_renta_hog_real,0.13430201414802806,0.0743360573792849,0.07081104195646637
real_busq_1284,d_ln_pob_extranj,-0.06467291143519165,0.13101149592250108,0.6215583079155984
real_busq_1284,d_ln_ipv_real_l4,0.32296900236096737,0.10146482063094124,0.0014572547646493372
real_busq_1284,d_ln_credito_nuevo,0.040210626095405634,0.014261053887931826,0.004808188050934255
real_busq_1285,ect_l1,-0.16015349355958566,0.03765966861938223,2.1125301815233215e-05
real_busq_1285,d_ln_ocupados_l1,0.44114147010674004,0.2045902205462227,0.03106651163756037
real_busq_1285,d_ln_permisos_l4,0.0015137168080876626,0.012347978345634883,0.9024331753278083
real_busq_1285,d_ln_renta_hog_real,0.21841679430499003,0.08388730476414266,0.009222530612728217
real_busq_1285,d_ln_pob_extranj4,0.04098759516006437,0.18850100127506716,0.8278657199197881
real_busq_1286,ect_l1,-0.12043865829393494,0.03779302792085334,0.0014385835863826454
real_busq_1286,d_ln_ocupados_l1,0.5372099734709807,0.20089539556488276,0.007493500265871302
real_busq_1286,d_ln_permisos_l4,-0.0016284920646488675,0.010978920589770812,0.8820831475966732
real_busq_1286,d_ln_renta_hog_real,0.18075131249469195,0.07872012737017228,0.021668691652056996
real_busq_1286,d_ln_pob_extranj4,0.11777831345690107,0.17023562697361358,0.48902860030791584
real_busq_1286,d_ln_credito_nuevo,0.04679738593734404,0.016377378060708544,0.0042707248288002654
real_busq_1287,ect_l1,-0.15028035561028935,0.033686046193761685,8.150010369506921e-06
real_busq_1287,d_ln_ocupados_l1,0.3389581959187394,0.18969877145715405,0.07396604277530368
real_busq_1287,d_ln_permisos_l4,0.0012843680240420751,0.01115132837773986,0.9083054345816195
real_busq_1287,d_ln_renta_hog_real,0.18107586479453164,0.08567834365688548,0.03456329885562049
real_busq_1287,d_ln_pob_extranj4,0.007595262916045427,0.1646439232330773,0.9632054791914452
real_busq_1287,d_ln_ipv_real_l1,0.14569518469521467,0.08441261615712925,0.08434952438772089
real_busq_1288,ect_l1,-0.10128266623863458,0.03490371795796546,0.0037105731482079624
real_busq_1288,d_ln_ocupados_l1,0.38312923378934366,0.1295806904354846,0.0031096601104159045
real_busq_1288,d_ln_permisos_l4,-0.002266844117248532,0.009079501462685626,0.8028455425487008
real_busq_1288,d_ln_renta_hog_real,0.11810586509970757,0.07238645811361068,0.10276342866598484
real_busq_1288,d_ln_pob_extranj4,0.07138124117801305,0.12071666552847206,0.5543112338992336
real_busq_1288,d_ln_ipv_real_l1,0.23162456727975714,0.09709147209457353,0.01704978120894664
real_busq_1288,d_ln_credito_nuevo,0.0508741760646427,0.018589172484365847,0.006204680756012526
real_busq_1289,ect_l1,-0.15598640263904695,0.037804236534593444,3.688675434498403e-05
real_busq_1289,d_ln_ocupados_l1,0.2617925658649265,0.1394787885427231,0.0605270563095871
real_busq_1289,d_ln_permisos_l4,-0.011919071151213503,0.01239472888029086,0.33623841452503545
real_busq_1289,d_ln_renta_hog_real,0.14799674467323415,0.08483309370385443,0.08106082600735612
real_busq_1289,d_ln_pob_extranj4,-0.22872777576671458,0.15936261291492299,0.151211248553363
real_busq_1289,d_ln_ipv_real_l4,0.4251531373582787,0.14366237041357663,0.003082476470783417
real_busq_1290,ect_l1,-0.12326371267815035,0.0356786035236953,0.0005506282865137407
real_busq_1290,d_ln_ocupados_l1,0.38130658187901584,0.15184045287284637,0.012031064961504462
real_busq_1290,d_ln_permisos_l4,-0.011716357335650218,0.011012836395250193,0.2873822023642867
real_busq_1290,d_ln_renta_hog_real,0.13112409201753242,0.07559626536132759,0.0828238486971505
real_busq_1290,d_ln_pob_extranj4,-0.1062752423148965,0.13571965027386423,0.4335978801106213
real_busq_1290,d_ln_ipv_real_l4,0.3345711545708825,0.1010560561581452,0.0009304689926351069
real_busq_1290,d_ln_credito_nuevo,0.039604455738247286,0.014314410849839997,0.005661743292457979
real_busq_1291,ect_l1,-0.1618725264270859,0.039246605990523424,3.715451045539742e-05
real_busq_1291,d_ln_ocupados_l1,0.4358664433440078,0.19838173503479092,0.02801260928518299
real_busq_1291,d_ln_permisos_l4,0.0008982354615267724,0.013164995783454612,0.9456032837908761
real_busq_1291,d_ln_renta_hog_real,0.2165768271142436,0.08581204995952679,0.0116077119956469
real_busq_1291,d_ln_pob_total,0.5150943820391873,1.8915428071399811,0.7853802696476804
real_busq_1292,ect_l1,-0.12498344573305999,0.0377425834895435,0.0009280707798338184
real_busq_1292,d_ln_ocupados_l1,0.5233536737297854,0.19359535547124634,0.006864690920905568
real_busq_1292,d_ln_permisos_l4,-0.0030596153444427303,0.012096991355450578,0.8003272047171853
real_busq_1292,d_ln_renta_hog_real,0.17557048270354955,0.08175388090543168,0.03174958357471215
real_busq_1292,d_ln_pob_total,1.3509454154763656,1.7481306652827318,0.4396441267412441
real_busq_1292,d_ln_credito_nuevo,0.04726025143597136,0.01649468142591828,0.004167706601448486
real_busq_1293,ect_l1,-0.15069141197481917,0.035703302105550415,2.435907306135078e-05
real_busq_1293,d_ln_ocupados_l1,0.338620097289761,0.18602729117938718,0.06871773400174945
real_busq_1293,d_ln_permisos_l4,0.001084548660715724,0.011584809297614245,0.9254124744401931
real_busq_1293,d_ln_renta_hog_real,0.18089223784723188,0.08637866530646546,0.03624419143385311
real_busq_1293,d_ln_pob_total,0.12918154206426719,1.6922240610018746,0.939149939736914
real_busq_1293,d_ln_ipv_real_l1,0.144596213883716,0.08777055115375051,0.09946881618217406
real_busq_1294,ect_l1,-0.10442089391224903,0.034740949422891854,0.002649697206071053
real_busq_1294,d_ln_ocupados_l1,0.3774102453517503,0.12831799591970242,0.003269322120519016
real_busq_1294,d_ln_permisos_l4,-0.003085364793586055,0.009650292244538157,0.7491826902223777
real_busq_1294,d_ln_renta_hog_real,0.11612637399447909,0.07504332806264401,0.12175292289189368
real_busq_1294,d_ln_pob_total,0.8111523282149324,1.2752001848094452,0.524712528031535
real_busq_1294,d_ln_ipv_real_l1,0.22748456052622662,0.09566617293288159,0.01741156292357911
real_busq_1294,d_ln_credito_nuevo,0.051067780676220684,0.018564621941243583,0.005944779044464743
real_busq_1295,ect_l1,-0.14761516760501764,0.037927600595671455,9.941102099580548e-05
real_busq_1295,d_ln_ocupados_l1,0.29577071688326523,0.13133411980642853,0.02431925086815839
real_busq_1295,d_ln_permisos_l4,-0.01133813268489905,0.01335385744089084,0.395851803038208
real_busq_1295,d_ln_renta_hog_real,0.15711677230262983,0.0839363748738904,0.06122658538581151
real_busq_1295,d_ln_pob_total,-1.4285973733519535,1.440705235461835,0.32139470070066856
real_busq_1295,d_ln_ipv_real_l4,0.3999574029434734,0.13616517731040687,0.003310881386943596
real_busq_1296,ect_l1,-0.11913497750134505,0.03526828344371202,0.0007302474775561419
real_busq_1296,d_ln_ocupados_l1,0.4014998415269808,0.14683947547208626,0.006251737352701402
real_busq_1296,d_ln_permisos_l4,-0.012042952697064745,0.011902676378535723,0.3116407318272353
real_busq_1296,d_ln_renta_hog_real,0.1350334795370806,0.07420705137141305,0.06880694524756982
real_busq_1296,d_ln_pob_total,-0.2855772384583691,1.3472538471969624,0.832130531411467
real_busq_1296,d_ln_ipv_real_l4,0.3121399288638799,0.094008661756073,0.0008991058895784588
real_busq_1296,d_ln_credito_nuevo,0.04049780054833468,0.014653136106956757,0.005713896291987078
real_busq_1297,ect_l1,-0.17093705071380538,0.044931220064111356,0.00014213915777929335
real_busq_1297,d_ln_ocupados_l1,0.3255139916483807,0.3046099566234387,0.28523841728241917
real_busq_1297,d_ln_permisos_l4,0.006546837121382184,0.012562962898240524,0.6022817434549914
real_busq_1297,d_ln_costes,-0.015318678206363153,0.09906861895239862,0.877115423952143
real_busq_1298,ect_l1,-0.13257072911055032,0.04107517938088069,0.0012487079643399206
real_busq_1298,d_ln_ocupados_l1,0.4301901833394554,0.22938056879177812,0.06073180343939496
real_busq_1298,d_ln_permisos_l4,0.0044126719895657565,0.010137193053313438,0.6633481318993766
real_busq_1298,d_ln_costes,0.012815916984947119,0.0766744059748461,0.8672541797574338
real_busq_1298,d_ln_credito_nuevo,0.047864753868669445,0.014383236944299507,0.0008752992296914844
real_busq_1299,ect_l1,-0.1507242335601875,0.037097313114307605,4.8458061949957184e-05
real_busq_1299,d_ln_ocupados_l1,0.22126169773117704,0.2634205310570572,0.4009329675202532
real_busq_1299,d_ln_permisos_l4,0.0036133168998541123,0.011104369300938848,0.7448814133641326
real_busq_1299,d_ln_costes,-0.06185256103837254,0.09983964195006664,0.5355744702214855
real_busq_1299,d_ln_ipv_real_l1,0.2125967693592494,0.09024299257896182,0.01848158278892592
real_busq_1300,ect_l1,-0.10208016119940251,0.034373391648062634,0.0029804836167085197
real_busq_1300,d_ln_ocupados_l1,0.29989314087439883,0.15261713883344,0.04941388636915554
real_busq_1300,d_ln_permisos_l4,0.00029357472239930076,0.009165891314439697,0.9744488902136782
real_busq_1300,d_ln_costes,-0.04699992802717549,0.06509947362785296,0.4703123455791808
real_busq_1300,d_ln_ipv_real_l1,0.2847329902184544,0.10252174596026749,0.00548136388412547
real_busq_1300,d_ln_credito_nuevo,0.05213062558446446,0.01716668369809751,0.0023915762340170075
real_busq_1301,ect_l1,-0.15398389063596205,0.03973786752587461,0.00010662851236369315
real_busq_1301,d_ln_ocupados_l1,0.21908676444946382,0.20964733475439262,0.2960112863605422
real_busq_1301,d_ln_permisos_l4,-0.012286209634189393,0.013815377601801975,0.3738343138236727
real_busq_1301,d_ln_costes,-0.028415724681844532,0.07649913383695246,0.7103012084453892
real_busq_1301,d_ln_ipv_real_l4,0.3951035708469129,0.13341316389231475,0.003061408721420392
real_busq_1302,ect_l1,-0.12327812267501563,0.03692885721901408,0.0008430485858334237
real_busq_1302,d_ln_ocupados_l1,0.3286120108313906,0.1623834088355433,0.04300311686170567
real_busq_1302,d_ln_permisos_l4,-0.010977105483604213,0.011202355463382004,0.3271391245573966
real_busq_1302,d_ln_costes,-0.0015932629729798042,0.06487786685575976,0.9804076147688672
real_busq_1302,d_ln_ipv_real_l4,0.3284695065161691,0.10068629723941222,0.001105098034078669
real_busq_1302,d_ln_credito_nuevo,0.041874648834702835,0.012787247543966618,0.0010576693716172032
real_busq_1303,ect_l1,-0.1664839661862235,0.042510789472775,8.992745317792041e-05
real_busq_1303,d_ln_ocupados_l1,0.33390173469289125,0.30238125416166617,0.2694886714844019
real_busq_1303,d_ln_permisos_l4,0.0011212953918982567,0.01608003547065184,0.9444068547082484
real_busq_1303,d_ln_costes,-0.03564840585039772,0.09769386318773617,0.7151867024846432
real_busq_1303,d_ln_pob_extranj,0.14413410973372673,0.19477769815019857,0.45930431485423573
real_busq_1304,ect_l1,-0.12540192889398918,0.03888671376469078,0.0012606008597200826
real_busq_1304,d_ln_ocupados_l1,0.44438088542583615,0.22157456410648055,0.044903308305642424
real_busq_1304,d_ln_permisos_l4,-0.0033750765659833846,0.013051463321332857,0.795945766261892
real_busq_1304,d_ln_costes,-0.01559844754333426,0.06845650701825742,0.8197556723020617
real_busq_1304,d_ln_pob_extranj,0.20568513993029164,0.16944480270814574,0.22479471694038
real_busq_1304,d_ln_credito_nuevo,0.048880365509212244,0.014495776991726605,0.000746131314378248
real_busq_1305,ect_l1,-0.1494542128916877,0.03630404079068599,3.842730082495776e-05
real_busq_1305,d_ln_ocupados_l1,0.22983850957339752,0.2708143011164022,0.39605150947771717
real_busq_1305,d_ln_permisos_l4,0.0011232819627565104,0.01360839414966367,0.934214675568675
real_busq_1305,d_ln_costes,-0.06963837674828942,0.10062231263963399,0.4888890465485537
real_busq_1305,d_ln_pob_extranj,0.06953634445254145,0.16257724625031988,0.6688603405396367
real_busq_1305,d_ln_ipv_real_l1,0.2033585213371056,0.09939386349426174,0.04075768065486335
real_busq_1306,ect_l1,-0.09974132819490607,0.03413597523489172,0.003479221306253825
real_busq_1306,d_ln_ocupados_l1,0.3140867967877994,0.15313080138024146,0.04025707575823952
real_busq_1306,d_ln_permisos_l4,-0.0037021447803360823,0.009691729340271349,0.702468698677177
real_busq_1306,d_ln_costes,-0.059332016664720405,0.06468261029242875,0.3589963244970499
real_busq_1306,d_ln_pob_extranj,0.11098982313839306,0.11288862690892254,0.3255189307057217
real_busq_1306,d_ln_ipv_real_l1,0.27044967541204834,0.102732025385835,0.008474052080466428
real_busq_1306,d_ln_credito_nuevo,0.05246466737610124,0.016867240762387468,0.0018680408035931287
real_busq_1307,ect_l1,-0.15792651447496645,0.040020864488569334,7.943294827592846e-05
real_busq_1307,d_ln_ocupados_l1,0.19306026471819066,0.20690732638045536,0.35078071910861
real_busq_1307,d_ln_permisos_l4,-0.007237621151102689,0.014625221518482112,0.6206900649495566
real_busq_1307,d_ln_costes,-0.001772387683567908,0.0758674647557161,0.9813618110196192
real_busq_1307,d_ln_pob_extranj,-0.20137941361288456,0.16147412514518233,0.2123494078163788
real_busq_1307,d_ln_ipv_real_l4,0.4482188669480891,0.1457440908501901,0.0021023255091691118
real_busq_1308,ect_l1,-0.12524485595298937,0.0365665220271447,0.0006145198838976024
real_busq_1308,d_ln_ocupados_l1,0.3172597346249329,0.16392770384066538,0.052945675150548356
real_busq_1308,d_ln_permisos_l4,-0.009169764469632498,0.012081344993648742,0.4478513872885549
real_busq_1308,d_ln_costes,0.007596230100366935,0.06277056878266146,0.9036785268557589
real_busq_1308,d_ln_pob_extranj,-0.07300562470221679,0.13170397587422014,0.5793625834224174
real_busq_1308,d_ln_ipv_real_l4,0.3488915269928905,0.10521891676663794,0.0009136056075891754
real_busq_1308,d_ln_credito_nuevo,0.04114174455136676,0.012863829904106696,0.0013826433790524826
real_busq_1309,ect_l1,-0.16895896153339438,0.04339777237201219,9.890463652883142e-05
real_busq_1309,d_ln_ocupados_l1,0.3308854963489605,0.3116735851040708,0.2883986352814705
real_busq_1309,d_ln_permisos_l4,0.005579974449926646,0.014152437099986937,0.6933768547621828
real_busq_1309,d_ln_costes,-0.020173183996804598,0.09763131054548957,0.836301818774916
real_busq_1309,d_ln_pob_extranj4,0.04679802258396156,0.1997930594386878,0.8148045056099517
real_busq_1310,ect_l1,-0.12675528713687292,0.04000185367186724,0.0015310374505441435
real_busq_1310,d_ln_ocupados_l1,0.4459907291089585,0.23321206532899585,0.0558271198485871
real_busq_1310,d_ln_permisos_l4,0.0018638991211316971,0.011406300491197802,0.8701959364638137
real_busq_1310,d_ln_costes,0.0007054922527715913,0.07046050744204649,0.992011241594773
real_busq_1310,d_ln_pob_extranj4,0.12153975843386788,0.1714449547922104,0.4783777389907201
real_busq_1310,d_ln_credito_nuevo,0.04871075824924036,0.014725377246181101,0.0009398280457708968
real_busq_1311,ect_l1,-0.15043863836342478,0.03600897302174228,2.943296905337426e-05
real_busq_1311,d_ln_ocupados_l1,0.22250365254633134,0.27324496058659725,0.41547252044418426
real_busq_1311,d_ln_permisos_l4,0.0034533633750443533,0.012219602725490872,0.7774769777136387
real_busq_1311,d_ln_costes,-0.06256245259952116,0.10057908438883195,0.5339270792355413
real_busq_1311,d_ln_pob_extranj4,0.008158209441842087,0.1611127028195958,0.9596150484060303
real_busq_1311,d_ln_ipv_real_l1,0.21197367425203484,0.09310728148230642,0.022806504307338864
real_busq_1312,ect_l1,-0.09897680210817092,0.03466854986561303,0.0043044286362047424
real_busq_1312,d_ln_ocupados_l1,0.31222966326776286,0.15780376130242163,0.04786167291851394
real_busq_1312,d_ln_permisos_l4,-0.0012359083307540003,0.009363565465798002,0.8949912447443206
real_busq_1312,d_ln_costes,-0.053529957710557,0.06468811639016307,0.4079489803465214
real_busq_1312,d_ln_pob_extranj4,0.07653273854997632,0.11363348035378043,0.500625949308954
real_busq_1312,d_ln_ipv_real_l1,0.27951671011353457,0.09995529417747184,0.005167263950975977
real_busq_1312,d_ln_credito_nuevo,0.05258519829863755,0.01716931378743887,0.002193182129656129
real_busq_1313,ect_l1,-0.16175504102800395,0.04071424111761054,7.099237186537377e-05
real_busq_1313,d_ln_ocupados_l1,0.1736259258559941,0.20338224211381473,0.393275305987013
real_busq_1313,d_ln_permisos_l4,-0.010172747190444338,0.013071949275148596,0.4364440706254442
real_busq_1313,d_ln_costes,-0.0047896166892693985,0.07251118510614339,0.947335241197784
real_busq_1313,d_ln_pob_extranj4,-0.2479299416321997,0.15841228479986258,0.1175611289722657
real_busq_1313,d_ln_ipv_real_l4,0.4582270974056998,0.14088068136079643,0.0011435836819473765
real_busq_1314,ect_l1,-0.1282670962842603,0.0376643862172151,0.0006603640563354179
real_busq_1314,d_ln_ocupados_l1,0.3019153682989788,0.1660749960894221,0.06907239265048362
real_busq_1314,d_ln_permisos_l4,-0.009963216100291323,0.011037277123059469,0.36669157971223565
real_busq_1314,d_ln_costes,0.009308191105190392,0.06154812389524859,0.8797908469174562
real_busq_1314,d_ln_pob_extranj4,-0.124390927025967,0.13209881771137325,0.3463715697518671
real_busq_1314,d_ln_ipv_real_l4,0.3625052120496037,0.10414958663355867,0.0005002532806430862
real_busq_1314,d_ln_credito_nuevo,0.04038810913788884,0.012968952199727497,0.0018443486435609183
real_busq_1315,ect_l1,-0.1706720675337887,0.04435975559091455,0.00011935224332774262
real_busq_1315,d_ln_ocupados_l1,0.32708233481091203,0.30646552100779584,0.28584863731518506
real_busq_1315,d_ln_permisos_l4,0.0042832260122559526,0.015443669262489317,0.7815151316394765
real_busq_1315,d_ln_costes,-0.025484100712387686,0.10013085434414531,0.7991031457573969
real_busq_1315,d_ln_pob_total,0.7618313101320292,2.06319346813494,0.7119424300032491
real_busq_1316,ect_l1,-0.13093374652392603,0.03979295110480092,0.0010005381027408586
real_busq_1316,d_ln_ocupados_l1,0.4363766314316273,0.22649693760713102,0.0540252965702752
real_busq_1316,d_ln_permisos_l4,-0.00025447236966331585,0.012917708313631978,0.9842830912053828
real_busq_1316,d_ln_costes,-0.007064035656562065,0.06962196024051719,0.9191831248556149
real_busq_1316,d_ln_pob_total,1.5502023100770115,1.8014860613783863,0.389506279291957
real_busq_1316,d_ln_credito_nuevo,0.04923431995630744,0.014798488423822512,0.0008779171756412433
real_busq_1317,ect_l1,-0.1509351602806271,0.03755470599021097,5.8427201716369616e-05
real_busq_1317,d_ln_ocupados_l1,0.22334280216908817,0.2699038729697716,0.4079592904801993
real_busq_1317,d_ln_permisos_l4,0.0028909535831940095,0.012773620163487043,0.8209508474532156
real_busq_1317,d_ln_costes,-0.06460043551832478,0.10144729119297916,0.5242628289280125
real_busq_1317,d_ln_pob_total,0.25779805618276375,1.6920863042560317,0.878906832193102
real_busq_1317,d_ln_ipv_real_l1,0.2094351349274717,0.09739891744542416,0.031532918627115145
real_busq_1318,ect_l1,-0.1022236974854197,0.034574537731841125,0.0031103328437406754
real_busq_1318,d_ln_ocupados_l1,0.30856681030632016,0.15491220550685011,0.04638402296327582
real_busq_1318,d_ln_permisos_l4,-0.0024056210057145705,0.010069559032074401,0.8111828673550487
real_busq_1318,d_ln_costes,-0.05691063112893186,0.06380244046827625,0.37240255797661037
real_busq_1318,d_ln_pob_total,0.9478995887570921,1.2064686607240922,0.4320543558644955
real_busq_1318,d_ln_ipv_real_l1,0.2740452031404415,0.09932144767367046,0.005794758759409211
real_busq_1318,d_ln_credito_nuevo,0.052807947344132376,0.0170943267008442,0.0020069022511047265
real_busq_1319,ect_l1,-0.15299158647079,0.0408225299487371,0.0001784462576346828
real_busq_1319,d_ln_ocupados_l1,0.20684308931453158,0.19963781569049416,0.3001593512365639
real_busq_1319,d_ln_permisos_l4,-0.009723891299168098,0.014431167461972011,0.5004309553289845
real_busq_1319,d_ln_costes,-0.010645985357149751,0.0738161267098882,0.8853243568169316
real_busq_1319,d_ln_pob_total,-1.4177262148339997,1.5232924929144689,0.35200948584500824
real_busq_1319,d_ln_ipv_real_l4,0.42972225253015267,0.13433291219706156,0.0013793627150872074
real_busq_1320,ect_l1,-0.12336223881494136,0.037073173542964674,0.0008761835282974551
real_busq_1320,d_ln_ocupados_l1,0.3252271068224596,0.16253900610895117,0.04540130449634515
real_busq_1320,d_ln_permisos_l4,-0.01048814710420707,0.012266979092884139,0.3925565642468666
real_busq_1320,d_ln_costes,0.001636990981998622,0.060145041467476096,0.9782863465340013
real_busq_1320,d_ln_pob_total,-0.27709914862585694,1.352132771511399,0.8376230140005465
real_busq_1320,d_ln_ipv_real_l4,0.3358392637125828,0.096841379868612,0.0005244811246329852
real_busq_1320,d_ln_credito_nuevo,0.041495440543712986,0.013199782762480424,0.001668573179018591
real_busq_1321,ect_l1,-0.16027420896208205,0.040452395625005175,7.431055182514206e-05
real_busq_1321,d_ln_ocupados_l1,0.4497038416175238,0.2097706989769176,0.03204990235057815
real_busq_1321,d_ln_permisos_l4,0.0017521458126367846,0.011851078418083881,0.8824635547687387
real_busq_1321,d_ln_costes,-0.04058729793081559,0.06734259509390028,0.5467091128219935
real_busq_1321,d_ln_renta_hog_real,0.2223005085020869,0.08584352128023737,0.00960871012342065
real_busq_1322,ect_l1,-0.12544679056778404,0.038711876056884344,0.0011930993505747816
real_busq_1322,d_ln_ocupados_l1,0.5277306656219954,0.1955563165328444,0.006962925769697124
real_busq_1322,d_ln_permisos_l4,0.0005656559533478967,0.01005344789085503,0.9551308029950476
real_busq_1322,d_ln_costes,-0.00913502466273089,0.060596476545858,0.8801715519489386
real_busq_1322,d_ln_renta_hog_real,0.18257533080247573,0.0801437531087487,0.02272073409710557
real_busq_1322,d_ln_credito_nuevo,0.04582690753081527,0.01616069817360097,0.004572523601761539
real_busq_1323,ect_l1,-0.14686209508984965,0.03620021345695733,4.971984174102733e-05
real_busq_1323,d_ln_ocupados_l1,0.34968238962240555,0.18398973735456442,0.05736048524981595
real_busq_1323,d_ln_permisos_l4,0.00036459722742003634,0.011087685042491024,0.9737678261956575
real_busq_1323,d_ln_costes,-0.0713405679325,0.07332785179724546,0.3306036766054148
real_busq_1323,d_ln_renta_hog_real,0.1840333304709503,0.09187839354432084,0.045176227495731386
real_busq_1323,d_ln_ipv_real_l1,0.16037336698159765,0.07888668073011376,0.04205669178320875
real_busq_1324,ect_l1,-0.10132730445376449,0.03444775360357249,0.003266501953975086
real_busq_1324,d_ln_ocupados_l1,0.3804542190231445,0.12401555099040087,0.002156448935506759
real_busq_1324,d_ln_permisos_l4,-0.0016964051884421777,0.009110887463427694,0.8522915438191934
real_busq_1324,d_ln_costes,-0.05369753296097848,0.05562314815815537,0.3343539913467998
real_busq_1324,d_ln_renta_hog_real,0.11951414608676059,0.0734288910636074,0.1036060219012267
real_busq_1324,d_ln_ipv_real_l1,0.24821531985713421,0.09674216921399152,0.010295576450318275
real_busq_1324,d_ln_credito_nuevo,0.050249539636556054,0.018513044194478034,0.006642049834966399
real_busq_1325,ect_l1,-0.14750557086445001,0.03775111902216218,9.332686354999052e-05
real_busq_1325,d_ln_ocupados_l1,0.31767308276003564,0.14206591107705593,0.025345452411641857
real_busq_1325,d_ln_permisos_l4,-0.014345903361251236,0.013192941560694633,0.2768634628406593
real_busq_1325,d_ln_costes,-0.04582932259893274,0.05631693673350307,0.41577378405805754
real_busq_1325,d_ln_renta_hog_real,0.16196744998719959,0.0875897667517686,0.0644347837161295
real_busq_1325,d_ln_ipv_real_l4,0.36502552338125893,0.13290056390977625,0.0060215372856947036
real_busq_1326,ect_l1,-0.11861779882828578,0.03551761346900477,0.000838721235368019
real_busq_1326,d_ln_ocupados_l1,0.4088746365890668,0.141533908439919,0.0038661519959189883
real_busq_1326,d_ln_permisos_l4,-0.012747916557047639,0.010875566367492099,0.24113235631397612
real_busq_1326,d_ln_costes,-0.016975933650412584,0.05696189668617289,0.765685899914053
real_busq_1326,d_ln_renta_hog_real,0.13656240229336142,0.07446556409466568,0.06666883101398739
real_busq_1326,d_ln_ipv_real_l4,0.3048493732394385,0.0971976268816943,0.0017104333699257753
real_busq_1326,d_ln_credito_nuevo,0.04078113027480722,0.014307430814449549,0.004367167300721319
real_busq_1327,ect_l1,-0.15628751089101472,0.0385136065044335,4.949864279658846e-05
real_busq_1327,d_ln_ocupados_l1,0.456205099142775,0.20362637196109937,0.025064783004811318
real_busq_1327,d_ln_permisos_l4,-0.003184525730100368,0.0143734424572047,0.8246593586351374
real_busq_1327,d_ln_costes,-0.05901449986514134,0.06836430012637001,0.3880079261117727
real_busq_1327,d_ln_renta_hog_real,0.22014806822082095,0.08869974931799017,0.013066674381345829
real_busq_1327,d_ln_pob_extranj,0.13238017701830526,0.17803277769074116,0.45713548718105146
real_busq_1328,ect_l1,-0.11885701040526973,0.03709418205099053,0.001354404840958307
real_busq_1328,d_ln_ocupados_l1,0.538940455500395,0.1844299373807075,0.0034757255617588714
real_busq_1328,d_ln_permisos_l4,-0.006678661842959827,0.011919080841757827,0.5752518922524299
real_busq_1328,d_ln_costes,-0.035392591276920495,0.057683364024372095,0.5395016945094764
real_busq_1328,d_ln_renta_hog_real,0.17856066879209462,0.07898204097683172,0.023773158066002654
real_busq_1328,d_ln_pob_extranj,0.19356658605134688,0.15975180452851828,0.22563844667478006
real_busq_1328,d_ln_credito_nuevo,0.04682749172940878,0.016219589065876564,0.0038881702386039376
real_busq_1329,ect_l1,-0.14538402997697802,0.03547174171326938,4.156794601576635e-05
real_busq_1329,d_ln_ocupados_l1,0.36039563732612384,0.18953600585042332,0.05724143927581844
real_busq_1329,d_ln_permisos_l4,-0.0025024333593622267,0.013079407605187445,0.8482700353568662
real_busq_1329,d_ln_costes,-0.08030038062784536,0.07340725167918175,0.27399771532338435
real_busq_1329,d_ln_renta_hog_real,0.1853486861535562,0.09212879905057497,0.044236481891787874
real_busq_1329,d_ln_pob_extranj,0.07941583537024834,0.16283684577031665,0.6257610218709353
real_busq_1329,d_ln_ipv_real_l1,0.14944931925235008,0.08907231677939514,0.0933778487820434
real_busq_1330,ect_l1,-0.0988745430535815,0.0342440732540064,0.0038850475157612015
real_busq_1330,d_ln_ocupados_l1,0.3962947712205707,0.12215149306430229,0.0011774412829644418
real_busq_1330,d_ln_permisos_l4,-0.005895611848571341,0.00925990916995588,0.5243323974909289
real_busq_1330,d_ln_costes,-0.06666463852936215,0.05578135708441683,0.2320455901251457
real_busq_1330,d_ln_renta_hog_real,0.12101687573964702,0.07237932467531029,0.09452801402410213
real_busq_1330,d_ln_pob_extranj,0.11594710094459476,0.1174086093598224,0.323372129298495
real_busq_1330,d_ln_ipv_real_l1,0.23283489083811212,0.09586641226345612,0.015151262336779232
real_busq_1330,d_ln_credito_nuevo,0.05057484903015605,0.018192548464619863,0.0054362907576131925
real_busq_1331,ect_l1,-0.15130957546059837,0.037998406276373714,6.833837269553175e-05
real_busq_1331,d_ln_ocupados_l1,0.29077607762601226,0.14459249720668507,0.0443250434393956
real_busq_1331,d_ln_permisos_l4,-0.009674289874944751,0.013909210566259943,0.48672246733938795
real_busq_1331,d_ln_costes,-0.020966106793952697,0.05576644997629435,0.706944603639557
real_busq_1331,d_ln_renta_hog_real,0.15678650509867645,0.08474239413044699,0.06429131319478745
real_busq_1331,d_ln_pob_extranj,-0.18371451479863035,0.16164227463571018,0.2557264844088175
real_busq_1331,d_ln_ipv_real_l4,0.41444369656848995,0.1488585220255262,0.00536690502311774
real_busq_1332,ect_l1,-0.12030053017231558,0.035215100652832475,0.000635101773949007
real_busq_1332,d_ln_ocupados_l1,0.398637925264361,0.14241808875733936,0.00512503316942187
real_busq_1332,d_ln_permisos_l4,-0.011226213497477947,0.011513534559447865,0.32953797353320935
real_busq_1332,d_ln_costes,-0.009176170427756121,0.05601058582278381,0.8698655904631608
real_busq_1332,d_ln_renta_hog_real,0.13522208575517478,0.07443528425367282,0.06927231419829245
real_busq_1332,d_ln_pob_extranj,-0.06076553772056997,0.13220508295327782,0.6457811950325876
real_busq_1332,d_ln_ipv_real_l4,0.3220792719436119,0.1030071260228068,0.001767399989250278
real_busq_1332,d_ln_credito_nuevo,0.040181836898467854,0.014295218478052705,0.004940950452109864
real_busq_1333,ect_l1,-0.15805446423256628,0.03874092677796535,4.5078312859105496e-05
real_busq_1333,d_ln_ocupados_l1,0.45591591047011953,0.2136192024833782,0.03282265591353116
real_busq_1333,d_ln_permisos_l4,0.0006679727483773521,0.013079667438716054,0.9592700987937678
real_busq_1333,d_ln_costes,-0.046033118893581776,0.06689117868990228,0.4913399306844879
real_busq_1333,d_ln_renta_hog_real,0.2227308200589058,0.08654400019049274,0.01006425875461158
real_busq_1333,d_ln_pob_extranj4,0.05202684533164544,0.1895104333425738,0.7836751381664542
real_busq_1334,ect_l1,-0.1195643801433556,0.03782831803208929,0.0015738457906429055
real_busq_1334,d_ln_ocupados_l1,0.5438318688525493,0.1952033056561643,0.005336670117408045
real_busq_1334,d_ln_permisos_l4,-0.0020135679973787715,0.010821691904087667,0.8523916223350573
real_busq_1334,d_ln_costes,-0.021395711833254727,0.05732033547035139,0.708950745079426
real_busq_1334,d_ln_renta_hog_real,0.1828525264854854,0.0782384642550945,0.019433047074559805
real_busq_1334,d_ln_pob_extranj4,0.12271331700998167,0.16725284723132364,0.4631319520761942
real_busq_1334,d_ln_credito_nuevo,0.04667798675764712,0.01644445949473997,0.004532276429932028
real_busq_1335,ect_l1,-0.1460702098351067,0.034889558203315935,2.831075464735643e-05
real_busq_1335,d_ln_ocupados_l1,0.35350942872287927,0.1930789419187749,0.06711454719663715
real_busq_1335,d_ln_permisos_l4,-8.264347614255139e-05,0.012017527774545279,0.9945130616572556
real_busq_1335,d_ln_costes,-0.07330853818098049,0.07320550415010989,0.3166298575617653
real_busq_1335,d_ln_renta_hog_real,0.18466543533133545,0.09158714629253345,0.043770586382974104
real_busq_1335,d_ln_pob_extranj4,0.022241773982984662,0.16376421713631334,0.8919668721061621
real_busq_1335,d_ln_ipv_real_l1,0.15849524585302793,0.08271337750364138,0.055339840467471535
real_busq_1336,ect_l1,-0.09793624466897213,0.03467854862302104,0.004741121953014798
real_busq_1336,d_ln_ocupados_l1,0.3950825118443764,0.1260724413215821,0.0017257384061222516
real_busq_1336,d_ln_permisos_l4,-0.0033916429095611437,0.009093312453223154,0.7091617553449252
real_busq_1336,d_ln_costes,-0.060908621936541084,0.05505075988612202,0.26854980101649206
real_busq_1336,d_ln_renta_hog_real,0.12128308960064596,0.07169304890542084,0.09070329815668948
real_busq_1336,d_ln_pob_extranj4,0.08335299604328805,0.11855290898023213,0.4820016018866208
real_busq_1336,d_ln_ipv_real_l1,0.24199368554257744,0.09338219285012823,0.009557718202989314
real_busq_1336,d_ln_credito_nuevo,0.05071677966706631,0.018478315839778155,0.006057276642212854
real_busq_1337,ect_l1,-0.1549326373033937,0.03885382126679205,6.675130211728643e-05
real_busq_1337,d_ln_ocupados_l1,0.26989971118124234,0.14537339549970477,0.06336860783081327
real_busq_1337,d_ln_permisos_l4,-0.01230479165838465,0.012726590666643509,0.3336155885165213
real_busq_1337,d_ln_costes,-0.023411953643867642,0.053418472557664944,0.6611873183035398
real_busq_1337,d_ln_renta_hog_real,0.15042365815297543,0.08598236541733272,0.08020963067455882
real_busq_1337,d_ln_pob_extranj4,-0.22222150899801188,0.1622021787085657,0.17067819501415238
real_busq_1337,d_ln_ipv_real_l4,0.42374735603339075,0.1441730889125196,0.003291062253893625
real_busq_1338,ect_l1,-0.12296212937881798,0.03628001194485118,0.0007008338588637888
real_busq_1338,d_ln_ocupados_l1,0.3837368589312511,0.1467453587735868,0.00892314686510536
real_busq_1338,d_ln_permisos_l4,-0.011836885315815832,0.010849386678939745,0.27526459077982657
real_busq_1338,d_ln_costes,-0.007305408921074614,0.05418898558091588,0.8927593009895869
real_busq_1338,d_ln_renta_hog_real,0.13189542121285674,0.07575665378840758,0.08167643610826128
real_busq_1338,d_ln_pob_extranj4,-0.10434694486693882,0.13570358617832787,0.4419331766874145
real_busq_1338,d_ln_ipv_real_l4,0.3342078782268308,0.10181179935856008,0.001028528291679138
real_busq_1338,d_ln_credito_nuevo,0.039571497825612284,0.014366200132133541,0.005878439626264299
real_busq_1339,ect_l1,-0.16012860470525261,0.04011107924206133,6.548271809878059e-05
real_busq_1339,d_ln_ocupados_l1,0.4501351478377956,0.20848599505473203,0.030845000649425316
real_busq_1339,d_ln_permisos_l4,-9.98363393347928e-05,0.014006918983528002,0.9943130106356417
real_busq_1339,d_ln_costes,-0.04887784293396117,0.07039050327582233,0.4874431733534038
real_busq_1339,d_ln_renta_hog_real,0.22073380221627945,0.08797837408909835,0.012108882865486335
real_busq_1339,d_ln_pob_total,0.6346679535788271,1.91911996927753,0.7408652058065155
real_busq_1340,ect_l1,-0.12413387726205642,0.03787621430743222,0.0010478378075280312
real_busq_1340,d_ln_ocupados_l1,0.5309062369823597,0.18975559136951506,0.005144520957929649
real_busq_1340,d_ln_permisos_l4,-0.0035939701480495975,0.011970747517367727,0.7640021934439533
real_busq_1340,d_ln_costes,-0.02671243447011065,0.05745690803844842,0.6419941221928508
real_busq_1340,d_ln_renta_hog_real,0.17795739094774754,0.0809923142283393,0.028005215355545555
real_busq_1340,d_ln_pob_total,1.413948699274747,1.7235877469777707,0.4120154560322614
real_busq_1340,d_ln_credito_nuevo,0.04712764080240236,0.01651398522756399,0.004319947327338127
real_busq_1341,ect_l1,-0.1470867449463835,0.036720258630470404,6.185970720264046e-05
real_busq_1341,d_ln_ocupados_l1,0.3520224524746477,0.18999915153416538,0.06391704925259414
real_busq_1341,d_ln_permisos_l4,-0.0004169883315963877,0.012480171220176042,0.973345986027801
real_busq_1341,d_ln_costes,-0.07431159459500364,0.07511285528443382,0.3225004508613628
real_busq_1341,d_ln_renta_hog_real,0.1841698796232469,0.09177639943161996,0.04477908665122498
real_busq_1341,d_ln_pob_total,0.2780731169562587,1.6891302637756818,0.8692391305022729
real_busq_1341,d_ln_ipv_real_l1,0.1569243305286038,0.08565967733152567,0.06695872302081378
real_busq_1342,ect_l1,-0.10147166748368298,0.03467057899766816,0.003425383735356887
real_busq_1342,d_ln_ocupados_l1,0.3887480149211264,0.1254277264195809,0.0019392701430539726
real_busq_1342,d_ln_permisos_l4,-0.004356087030461946,0.009709203425876611,0.6536802268197239
real_busq_1342,d_ln_costes,-0.0634652287561521,0.055104668485321355,0.24943555449559895
real_busq_1342,d_ln_renta_hog_real,0.11910661730151836,0.07371890105946052,0.10616215799612772
real_busq_1342,d_ln_pob_total,0.9364061141333083,1.248965127587673,0.45340793560152337
real_busq_1342,d_ln_ipv_real_l1,0.23778164520335793,0.09215245636723036,0.009871246391307851
real_busq_1342,d_ln_credito_nuevo,0.050925063008217246,0.01842580938787136,0.0057134341696045456
real_busq_1343,ect_l1,-0.14664734240364566,0.03854534623228912,0.00014206749498526608
real_busq_1343,d_ln_ocupados_l1,0.30467574782836016,0.13677642358287753,0.025910818442488714
real_busq_1343,d_ln_permisos_l4,-0.011876372296210302,0.013830393511220316,0.39049753603942017
real_busq_1343,d_ln_costes,-0.02866085190812943,0.054644498143440405,0.5999332040649159
real_busq_1343,d_ln_renta_hog_real,0.15978274789302047,0.08516146366663722,0.060623293457614434
real_busq_1343,d_ln_pob_total,-1.3510153223226482,1.4724816421646199,0.35887592088420817
real_busq_1343,d_ln_ipv_real_l4,0.39842093674931744,0.1363030917398711,0.003466193443239134
real_busq_1344,ect_l1,-0.11869995649490854,0.035616812103115666,0.000860093050692553
real_busq_1344,d_ln_ocupados_l1,0.405718914476922,0.1418325849585736,0.004229095535683244
real_busq_1344,d_ln_permisos_l4,-0.012305834137806417,0.011760332548851341,0.2953833717181008
real_busq_1344,d_ln_costes,-0.014050196884049437,0.053716622911444384,0.7936595807779144
real_busq_1344,d_ln_renta_hog_real,0.13637097370276804,0.07409755915553237,0.06570591859476684
real_busq_1344,d_ln_pob_total,-0.24912719368695238,1.3348760993408317,0.8519511738081412
real_busq_1344,d_ln_ipv_real_l4,0.3115082953814416,0.09442946591049771,0.0009708304730630274
real_busq_1344,d_ln_credito_nuevo,0.04044173427057344,0.014673904402941562,0.005850746565479298
real_busq_1345,ect_l1,-0.1700079927758091,0.049342775538764205,0.0005701125572837071
real_busq_1345,d_ln_ocupados_l1,0.37988437850964785,0.3553369280227697,0.2850326395038829
real_busq_1345,d_tipo_hip,-0.0048187075392405465,0.006938004958248745,0.48734492820674014
real_busq_1346,ect_l1,-0.1366802505660609,0.04461116881953252,0.0021853593003918295
real_busq_1346,d_ln_ocupados_l1,0.42805038457067984,0.2391023505044985,0.0734154766148304
real_busq_1346,d_tipo_hip,0.0018385657317959974,0.006331691365342917,0.7715292643979831
real_busq_1346,d_ln_credito_nuevo,0.04861684573114464,0.014634652033833013,0.0008936305771863421
real_busq_1347,ect_l1,-0.14865486080662565,0.038193651338944756,9.93657780362327e-05
real_busq_1347,d_ln_ocupados_l1,0.2700268689578986,0.31660504605713086,0.39372452722590023
real_busq_1347,d_tipo_hip,-0.005883054611217071,0.005862819729497181,0.31564311920066956
real_busq_1347,d_ln_ipv_real_l1,0.2094713459326388,0.09536611574956991,0.028056420556116998
real_busq_1348,ect_l1,-0.10586774104754808,0.037430281589300105,0.004678157707605101
real_busq_1348,d_ln_ocupados_l1,0.287908544522366,0.15742784642920168,0.06742529237450477
real_busq_1348,d_tipo_hip,0.0009989424764350618,0.00477737560449922,0.8343712797023155
real_busq_1348,d_ln_ipv_real_l1,0.2749028670696632,0.10240127958403174,0.007262431108818469
real_busq_1348,d_ln_credito_nuevo,0.05268589196632589,0.017358384152897584,0.002403888847182605
real_busq_1349,ect_l1,-0.13721880758334137,0.04270911000295973,0.0013141587185665695
real_busq_1349,d_ln_ocupados_l1,0.2606593162822557,0.23509084393931573,0.2675337448860722
real_busq_1349,d_tipo_hip,-0.008115403644226016,0.007654076723150599,0.2890208493943348
real_busq_1349,d_ln_ipv_real_l4,0.3886720418477576,0.14019620067641164,0.005565425380306974
real_busq_1350,ect_l1,-0.11534805365836807,0.03925292322414088,0.003297141722882685
real_busq_1350,d_ln_ocupados_l1,0.32456857029613473,0.16030370483869344,0.042897115249307276
real_busq_1350,d_tipo_hip,-0.0018377671426994873,0.006980798377424283,0.7923499492124608
real_busq_1350,d_ln_ipv_real_l4,0.31332034323705,0.09978566741896454,0.0016898628630707532
real_busq_1350,d_ln_credito_nuevo,0.0411769846983309,0.012931930069644751,0.0014518830970150286
real_busq_1351,ect_l1,-0.159756101767099,0.046344182407101996,0.0005664998503349746
real_busq_1351,d_ln_ocupados_l1,0.3824649398409719,0.33919236107963163,0.25949930857835
real_busq_1351,d_tipo_hip,-0.006181106330911173,0.007950372386858626,0.4368866970083186
real_busq_1351,d_ln_pob_extranj,0.16882234038585542,0.1683647142790882,0.31599691156972176
real_busq_1352,ect_l1,-0.1250676188181817,0.042048082847662406,0.002935666466137601
real_busq_1352,d_ln_ocupados_l1,0.4312526177680412,0.21877762516102134,0.04870196396007289
real_busq_1352,d_tipo_hip,0.00037313770304408524,0.007060577728614089,0.9578529835735752
real_busq_1352,d_ln_pob_extranj,0.18737864218762934,0.1479742414994742,0.2054084536955888
real_busq_1352,d_ln_credito_nuevo,0.04895803619818283,0.014415274775721186,0.0006831317474052163
real_busq_1353,ect_l1,-0.14467884018278485,0.03732089580315507,0.00010591864295911662
real_busq_1353,d_ln_ocupados_l1,0.2791014595152976,0.3170099608864091,0.3786325949960718
real_busq_1353,d_tipo_hip,-0.006535685602074777,0.006775983833249053,0.3347768796689857
real_busq_1353,d_ln_pob_extranj,0.09011191676305957,0.14734053779887812,0.5408094276134627
real_busq_1353,d_ln_ipv_real_l1,0.1947947288409501,0.1055472539846338,0.06495482649389765
real_busq_1354,ect_l1,-0.10223760050743483,0.03638250216073602,0.004952978406594633
real_busq_1354,d_ln_ocupados_l1,0.2962694225492355,0.15485871634793097,0.05572763800024835
real_busq_1354,d_tipo_hip,0.00038988961613800653,0.005313464402001186,0.9415055896351273
real_busq_1354,d_ln_pob_extranj,0.08319315628332782,0.10721785070096426,0.43779246931576443
real_busq_1354,d_ln_ipv_real_l1,0.2612910243853871,0.10603277582577492,0.013730118755041747
real_busq_1354,d_ln_credito_nuevo,0.05263589591514042,0.017019035917642755,0.001983004181535578
real_busq_1355,ect_l1,-0.14401276657004244,0.04270575099654805,0.0007456753053884358
real_busq_1355,d_ln_ocupados_l1,0.24017267635108164,0.23763224775020475,0.31216454291074114
real_busq_1355,d_tipo_hip,-0.007056300264233,0.00711446894197601,0.32128344144963095
real_busq_1355,d_ln_pob_extranj,-0.19140957704458963,0.1439044318177469,0.1834800779552933
real_busq_1355,d_ln_ipv_real_l4,0.4459200629674157,0.14763194834606036,0.0025237033550582384
real_busq_1356,ect_l1,-0.11909694477059803,0.03866225375371022,0.0020669155175396126
real_busq_1356,d_ln_ocupados_l1,0.31330692588495995,0.16438785062264546,0.056663085246617444
real_busq_1356,d_tipo_hip,-0.0014567440886097207,0.0066075758742254916,0.8255084533838513
real_busq_1356,d_ln_pob_extranj,-0.09268223781785967,0.12053567263882822,0.44194105777332604
real_busq_1356,d_ln_ipv_real_l4,0.3426224227400305,0.10471410847686619,0.0010679729625232273
real_busq_1356,d_ln_credito_nuevo,0.0403124388476054,0.012878545999760594,0.001746866719329572
real_busq_1357,ect_l1,-0.16552037144790152,0.048753446526783754,0.0006861615666316953
real_busq_1357,d_ln_ocupados_l1,0.3876912349330493,0.3581518128275965,0.279040462489335
real_busq_1357,d_tipo_hip,-0.005310489572352346,0.007678629282119447,0.489192687988399
real_busq_1357,d_ln_pob_extranj4,0.0744394628256469,0.19370931035247546,0.7007676815569999
real_busq_1358,ect_l1,-0.12895658352663722,0.044130386990138534,0.00347599465706985
real_busq_1358,d_ln_ocupados_l1,0.4413704319615973,0.23768580495625186,0.06331840182806467
real_busq_1358,d_tipo_hip,0.0011144252192424777,0.006864729604010538,0.8710375416918006
real_busq_1358,d_ln_pob_extranj4,0.12156171065644017,0.16847742356246606,0.47058277704960905
real_busq_1358,d_ln_credito_nuevo,0.049193426534621346,0.014759540560322857,0.0008591749809540721
real_busq_1359,ect_l1,-0.14728741881570817,0.03805680151468117,0.00010874627187270204
real_busq_1359,d_ln_ocupados_l1,0.2742117096637766,0.3259569397278347,0.40020714904531585
real_busq_1359,d_tipo_hip,-0.006048579407886371,0.006514299708386585,0.3531441188134563
real_busq_1359,d_ln_pob_extranj4,0.02703418800326775,0.15992550270354444,0.865763304640175
real_busq_1359,d_ln_ipv_real_l1,0.20689794414336438,0.09969075909759521,0.0379497171961435
real_busq_1360,ect_l1,-0.10248333425976579,0.037933352095745415,0.006899255657554108
real_busq_1360,d_ln_ocupados_l1,0.2978035148650267,0.16217130830361356,0.06630569711154854
real_busq_1360,d_tipo_hip,0.0006386060812393316,0.005184271838309556,0.9019634207072961
real_busq_1360,d_ln_pob_extranj4,0.06344927162737715,0.11428233977698934,0.5787595650272986
real_busq_1360,d_ln_ipv_real_l1,0.26913073469433607,0.1005469395652321,0.007435836681195698
real_busq_1360,d_ln_credito_nuevo,0.05290140124777175,0.01726070772829653,0.0021778251727139135
real_busq_1361,ect_l1,-0.14617966544054886,0.04368043276132786,0.0008181775164512301
real_busq_1361,d_ln_ocupados_l1,0.2171762706189682,0.23111093686269257,0.3473685274260305
real_busq_1361,d_tipo_hip,-0.007086486462739587,0.006936394582274717,0.3069521169877105
real_busq_1361,d_ln_pob_extranj4,-0.23471276750046952,0.1488872124022954,0.11492287324928117
real_busq_1361,d_ln_ipv_real_l4,0.4501797904397007,0.1430006526243047,0.0016433768167601593
real_busq_1362,ect_l1,-0.12099017743461601,0.040186194382261245,0.0026061201776132574
real_busq_1362,d_ln_ocupados_l1,0.29868800583917754,0.16585010216298793,0.071710509881979
real_busq_1362,d_tipo_hip,-0.0015017884925503393,0.00641034359666825,0.8147708576870507
real_busq_1362,d_ln_pob_extranj4,-0.12745705078907354,0.12926055904015932,0.32410980552787416
real_busq_1362,d_ln_ipv_real_l4,0.3493949660710179,0.10230694077196818,0.000637436537268753
real_busq_1362,d_ln_credito_nuevo,0.0397158417173881,0.012964252226233661,0.0021877238149951577
real_busq_1363,ect_l1,-0.16762704828294953,0.04816263234791035,0.0005005949624004841
real_busq_1363,d_ln_ocupados_l1,0.3774991088291126,0.3502124357397775,0.2810718549325395
real_busq_1363,d_tipo_hip,-0.005347507105386119,0.007698185788259151,0.4872777355475295
real_busq_1363,d_ln_pob_total,0.9458692406943837,1.919634038726187,0.6222004465989865
real_busq_1364,ect_l1,-0.1321553581754026,0.042872007796749,0.002052312191972917
real_busq_1364,d_ln_ocupados_l1,0.42531389682808163,0.22610401467240313,0.05996455211361329
real_busq_1364,d_tipo_hip,0.0011433251532728418,0.007043414588980926,0.8710496066078921
real_busq_1364,d_ln_pob_total,1.5059133561358902,1.6889619012471688,0.37259628272811995
real_busq_1364,d_ln_credito_nuevo,0.04968786498831932,0.014853569365731236,0.0008222914952132322
real_busq_1365,ect_l1,-0.14829908357169608,0.03800851159293446,9.550626650595716e-05
real_busq_1365,d_ln_ocupados_l1,0.27199203273580164,0.3200291719175852,0.3953820068355197
real_busq_1365,d_tipo_hip,-0.00605859552011111,0.0064333070714763406,0.34631837407838084
real_busq_1365,d_ln_pob_total,0.36395315886706253,1.6282816286496162,0.8231309867381985
real_busq_1365,d_ln_ipv_real_l1,0.2039742251755413,0.10397161338833384,0.04978273349073622
real_busq_1366,ect_l1,-0.10477313114802256,0.037280346408111044,0.00494781247113714
real_busq_1366,d_ln_ocupados_l1,0.29232201634018273,0.15606076745201988,0.06105051431883717
real_busq_1366,d_tipo_hip,0.0006680755006269642,0.005245393527832341,0.8986521270276993
real_busq_1366,d_ln_pob_total,0.7926347103563717,1.1669811470186993,0.49699968431756336
real_busq_1366,d_ln_ipv_real_l1,0.2634199930164327,0.1001576259337025,0.008537123543061877
real_busq_1366,d_ln_credito_nuevo,0.05307965422713587,0.01719337172162099,0.0020204065069485944
real_busq_1367,ect_l1,-0.13754848354413635,0.04334084149104879,0.0015053722578274105
real_busq_1367,d_ln_ocupados_l1,0.25230963607522183,0.22810274864626337,0.26867339976756754
real_busq_1367,d_tipo_hip,-0.007641663907831023,0.00716929194929721,0.286474170094439
real_busq_1367,d_ln_pob_total,-1.4399559963672444,1.3790483688135617,0.29640840081378705
real_busq_1367,d_ln_ipv_real_l4,0.4277296925843462,0.13907812112533513,0.002101756141969511
real_busq_1368,ect_l1,-0.1157530879915415,0.03946688856796682,0.003357942079116541
real_busq_1368,d_ln_ocupados_l1,0.32126818458527984,0.16136854794931688,0.04649219398968072
real_busq_1368,d_tipo_hip,-0.0017911389207683876,0.0067694501888106474,0.7913241755499736
real_busq_1368,d_ln_pob_total,-0.4126721389348929,1.2660148021328914,0.7444534512806085
real_busq_1368,d_ln_ipv_real_l4,0.32558369969944384,0.0969358694373522,0.0007829484686100209
real_busq_1368,d_ln_credito_nuevo,0.04059229240604776,0.01325445236611311,0.0021946703886188005
real_busq_1369,ect_l1,-0.14953546306894114,0.04531430317881421,0.0009669803850905859
real_busq_1369,d_ln_ocupados_l1,0.544810030015794,0.26730401860791286,0.041533309196349434
real_busq_1369,d_tipo_hip,-0.009335953512359432,0.005753225092688189,0.10464629681330234
real_busq_1369,d_ln_renta_hog_real,0.2563690893227809,0.07847921696251729,0.0010880386911125575
real_busq_1370,ect_l1,-0.12392071973743353,0.04370587120163059,0.004577787346918517
real_busq_1370,d_ln_ocupados_l1,0.5471659135580621,0.21618364967438516,0.011373020466471205
real_busq_1370,d_tipo_hip,-0.002015007142800012,0.00580227153222869,0.7283817144707654
real_busq_1370,d_ln_renta_hog_real,0.1907073083563892,0.08560322675550806,0.025893512119818805
real_busq_1370,d_ln_credito_nuevo,0.045014415412656716,0.016381198942631944,0.005997250552546533
real_busq_1371,ect_l1,-0.13750180848143304,0.0390625818083406,0.0004314834700887563
real_busq_1371,d_ln_ocupados_l1,0.44245138247969207,0.24818403860428478,0.07462616325941768
real_busq_1371,d_tipo_hip,-0.009412416094218197,0.005207769830665006,0.07070313818699273
real_busq_1371,d_ln_renta_hog_real,0.21799905274593248,0.07923565899150414,0.005936386490144452
real_busq_1371,d_ln_ipv_real_l1,0.14810659990309782,0.08351356389485885,0.07615522082249289
real_busq_1372,ect_l1,-0.1019425104072136,0.038215122829681834,0.007639605067023603
real_busq_1372,d_ln_ocupados_l1,0.38369329459539103,0.14415476772547092,0.007775266610244577
real_busq_1372,d_tipo_hip,-0.0013569767183751556,0.0050276089837357225,0.7872333533589666
real_busq_1372,d_ln_renta_hog_real,0.12233520183762937,0.0837423307528924,0.1440558963141007
real_busq_1372,d_ln_ipv_real_l1,0.2368980601923583,0.10116591505879252,0.019197237580442388
real_busq_1372,d_ln_credito_nuevo,0.04981246169384028,0.019117554419756377,0.009171683175552347
real_busq_1373,ect_l1,-0.12468404341821898,0.0419987712967689,0.002990093310515366
real_busq_1373,d_ln_ocupados_l1,0.39552382910389533,0.18123512673477174,0.029081534451339257
real_busq_1373,d_tipo_hip,-0.0112292739854597,0.006812298122332812,0.0992741754387071
real_busq_1373,d_ln_renta_hog_real,0.1932597903168145,0.08566159518687572,0.024065344649949874
real_busq_1373,d_ln_ipv_real_l4,0.3543185878677463,0.1398511142285562,0.011291640069748586
real_busq_1374,ect_l1,-0.10696893841354647,0.03908901433098535,0.006208765985148736
real_busq_1374,d_ln_ocupados_l1,0.42415254445843853,0.15400959474779002,0.005885994865868294
real_busq_1374,d_tipo_hip,-0.004563653041482979,0.006745933802916382,0.49872053415855055
real_busq_1374,d_ln_renta_hog_real,0.14774211408836463,0.08434517676678265,0.0798362834786793
real_busq_1374,d_ln_ipv_real_l4,0.29120406963342926,0.09880738525895631,0.0032067681709478926
real_busq_1374,d_ln_credito_nuevo,0.03891131579612555,0.014723771295456566,0.008223458874998328
real_busq_1375,ect_l1,-0.14066029855552759,0.04281548295613884,0.0010188572701907781
real_busq_1375,d_ln_ocupados_l1,0.5446137730289994,0.25157359601318185,0.03040079625100787
real_busq_1375,d_tipo_hip,-0.01048806791741019,0.006528617914016813,0.10816936656040921
real_busq_1375,d_ln_renta_hog_real,0.2524694963069079,0.08155436844551837,0.0019633560936109474
real_busq_1375,d_ln_pob_extranj,0.15127922349093748,0.14784945851189507,0.3062143878761294
real_busq_1376,ect_l1,-0.11352923211223452,0.04138311665001963,0.006081198119811818
real_busq_1376,d_ln_ocupados_l1,0.5469628009143601,0.1963167841525969,0.005334254848337608
real_busq_1376,d_tipo_hip,-0.003266782708886279,0.006348416437322095,0.6068449388226227
real_busq_1376,d_ln_renta_hog_real,0.18564483959139585,0.08612985052098819,0.03113003822787309
real_busq_1376,d_ln_pob_extranj,0.17313991819411925,0.13523123609174986,0.2004308956501013
real_busq_1376,d_ln_credito_nuevo,0.04542530836113861,0.01627049991597662,0.00524025367879213
real_busq_1377,ect_l1,-0.13297531764986545,0.03819623617339409,0.0004988516312673344
real_busq_1377,d_ln_ocupados_l1,0.45398247879572284,0.2467606035008483,0.06580217629846946
real_busq_1377,d_tipo_hip,-0.010169273622756046,0.006014261581576097,0.0908635671930332
real_busq_1377,d_ln_renta_hog_real,0.21977922955288887,0.0786238623939767,0.005184760166502359
real_busq_1377,d_ln_pob_extranj,0.10052356403787589,0.14257937780816504,0.4807879646943548
real_busq_1377,d_ln_ipv_real_l1,0.1312331239697458,0.09327465505232228,0.15944110913050746
real_busq_1378,ect_l1,-0.09798239295033563,0.03714544414000793,0.008344484986620885
real_busq_1378,d_ln_ocupados_l1,0.39406719384788147,0.13961348342677185,0.0047642161769869944
real_busq_1378,d_tipo_hip,-0.0020459103990439235,0.005422854284892812,0.7059688311954688
real_busq_1378,d_ln_renta_hog_real,0.12410233898748846,0.08288316251267382,0.13431088529809423
real_busq_1378,d_ln_pob_extranj,0.08945593284322607,0.10683969057680696,0.40242890393133135
real_busq_1378,d_ln_ipv_real_l1,0.22171253764724194,0.10306661337910472,0.031463755531266534
real_busq_1378,d_ln_credito_nuevo,0.0497171951210032,0.0187734160119072,0.008090334174429857
real_busq_1379,ect_l1,-0.13114327664177255,0.04164824928770001,0.0016392525809563907
real_busq_1379,d_ln_ocupados_l1,0.3735793652811168,0.1857096006913637,0.044258749349625835
real_busq_1379,d_tipo_hip,-0.010192870898037741,0.006393011134226703,0.11085158624442815
real_busq_1379,d_ln_renta_hog_real,0.1883476815458967,0.08432293907767117,0.02550630754975451
real_busq_1379,d_ln_pob_extranj,-0.17300317095711024,0.1425180380644378,0.2247845072722865
real_busq_1379,d_ln_ipv_real_l4,0.406934667477095,0.15033592550067956,0.00679278425066828
real_busq_1380,ect_l1,-0.11043804118084102,0.038318714077271096,0.003950449643643653
real_busq_1380,d_ln_ocupados_l1,0.4129811646417135,0.15710166111990204,0.008569906005310353
real_busq_1380,d_tipo_hip,-0.004192170675406941,0.006440085365726021,0.5150790536771832
real_busq_1380,d_ln_renta_hog_real,0.1462526094256368,0.08418631138158625,0.08234317865799282
real_busq_1380,d_ln_pob_extranj,-0.08367667416122117,0.1184236443800973,0.4798228206612659
real_busq_1380,d_ln_ipv_real_l4,0.3178819544370726,0.1047479498500302,0.002407495192795128
real_busq_1380,d_ln_credito_nuevo,0.03815361641339547,0.014627088781026035,0.009096080767040882
real_busq_1381,ect_l1,-0.14455246489333923,0.04405264840564782,0.0010330890563288754
real_busq_1381,d_ln_ocupados_l1,0.5539114436692623,0.2657729226126166,0.037146249064920284
real_busq_1381,d_tipo_hip,-0.009889631849510045,0.006359009210035475,0.1198946730750829
real_busq_1381,d_ln_renta_hog_real,0.2572271080990343,0.0786472532096571,0.0010730317977330202
real_busq_1381,d_ln_pob_extranj4,0.08152008860081804,0.17346810132661264,0.6383958708827073
real_busq_1382,ect_l1,-0.11605135207292305,0.04298583206544979,0.0069389890724770135
real_busq_1382,d_ln_ocupados_l1,0.5609702274957779,0.21070607532992405,0.007760052967553891
real_busq_1382,d_tipo_hip,-0.002759183522834328,0.0062032366094560715,0.6564661726240304
real_busq_1382,d_ln_renta_hog_real,0.1911648664666692,0.08379161932513733,0.02252290699118142
real_busq_1382,d_ln_pob_extranj4,0.1233730500406953,0.15723511037811302,0.4326643235922315
real_busq_1382,d_ln_credito_nuevo,0.04559094440267002,0.016533453739745147,0.005824579824899837
real_busq_1383,ect_l1,-0.13499575552674742,0.038443852742586986,0.00044557819718386117
real_busq_1383,d_ln_ocupados_l1,0.4512695449104332,0.2546976041315833,0.07643015541392388
real_busq_1383,d_tipo_hip,-0.009733869768230138,0.005820820276097937,0.09447493099728639
real_busq_1383,d_ln_renta_hog_real,0.21980995152642402,0.07791491228311659,0.004785125410060624
real_busq_1383,d_ln_pob_extranj4,0.047712780142314774,0.15529431267707358,0.7586599391275
real_busq_1383,d_ln_ipv_real_l1,0.14305503809509418,0.08793378457000829,0.10376905441116406
real_busq_1384,ect_l1,-0.09796120637130433,0.03848912682962539,0.010922588606977984
real_busq_1384,d_ln_ocupados_l1,0.3969936881815377,0.1453624336542919,0.006313076604516452
real_busq_1384,d_tipo_hip,-0.0018190293387895823,0.005335261318255557,0.7331451749751409
real_busq_1384,d_ln_renta_hog_real,0.12474433366934908,0.0816857316026921,0.12672989857900324
real_busq_1384,d_ln_pob_extranj4,0.0731904545342366,0.11439840426342972,0.5223119795987732
real_busq_1384,d_ln_ipv_real_l1,0.22949132514177173,0.09817042961461907,0.01940370888628478
real_busq_1384,d_ln_credito_nuevo,0.05000447138806075,0.018982124165791172,0.008431276719797275
real_busq_1385,ect_l1,-0.13315436110137885,0.04283447806761277,0.0018798934924474835
real_busq_1385,d_ln_ocupados_l1,0.34985816422736216,0.18374048763522094,0.05689864873480031
real_busq_1385,d_tipo_hip,-0.010153478266371323,0.006423265678402266,0.11393873492899413
real_busq_1385,d_ln_renta_hog_real,0.18134925523288642,0.08684138196935522,0.03677244528025945
real_busq_1385,d_ln_pob_extranj4,-0.20162946577283886,0.14832273287835054,0.17402084758062464
real_busq_1385,d_ln_ipv_real_l4,0.40927387020651385,0.1456342636522882,0.004949755917294615
real_busq_1386,ect_l1,-0.11197261297549223,0.03987598012257664,0.004984688534297322
real_busq_1386,d_ln_ocupados_l1,0.39914763493631467,0.16102632366543992,0.013183533633026802
real_busq_1386,d_tipo_hip,-0.004190929118711859,0.006390931267228444,0.5119773454765063
real_busq_1386,d_ln_renta_hog_real,0.14278201540429938,0.08598423792581657,0.09680177972569079
real_busq_1386,d_ln_pob_extranj4,-0.10667946436005024,0.12940520544052073,0.40972191461659635
real_busq_1386,d_ln_ipv_real_l4,0.32214044078313564,0.10251879924403146,0.0016765066331931636
real_busq_1386,d_ln_credito_nuevo,0.03776442762427158,0.014695036353523032,0.010173479533916003
real_busq_1387,ect_l1,-0.14787891427381078,0.044465179528548525,0.0008818921000793047
real_busq_1387,d_ln_ocupados_l1,0.5410948686788436,0.26122551154562146,0.03832416757653891
real_busq_1387,d_tipo_hip,-0.009704195773191475,0.0062872410912717435,0.12271571022370505
real_busq_1387,d_ln_renta_hog_real,0.25352716581430457,0.08144127257863833,0.0018519228643522868
real_busq_1387,d_ln_pob_total,0.748248299074521,1.7201475161142772,0.6635691243469134
real_busq_1388,ect_l1,-0.12038906166778185,0.042502071143535394,0.004617895511927299
real_busq_1388,d_ln_ocupados_l1,0.5406591685222444,0.20376006525133705,0.007968281570136208
real_busq_1388,d_tipo_hip,-0.0024923987236602266,0.0063473946307287645,0.6945670395422783
real_busq_1388,d_ln_renta_hog_real,0.1841350875698347,0.08783306435137973,0.036044854099514495
real_busq_1388,d_ln_pob_total,1.3217013321037698,1.5931546263867038,0.4067577865446773
real_busq_1388,d_ln_credito_nuevo,0.04607856959654408,0.01668222635889581,0.005742464153632329
real_busq_1389,ect_l1,-0.13713843838027878,0.03892315564752801,0.00042618863098850524
real_busq_1389,d_ln_ocupados_l1,0.444481750458746,0.251164699186329,0.07678006156747007
real_busq_1389,d_tipo_hip,-0.009591289020982188,0.005680543373826929,0.09132570454051837
real_busq_1389,d_ln_renta_hog_real,0.2180448173133474,0.0792053248686942,0.005906884639474793
real_busq_1389,d_ln_pob_total,0.3693253454561433,1.5761197529235715,0.8147321448628453
real_busq_1389,d_ln_ipv_real_l1,0.14251545574090074,0.09141356629197583,0.1189919634167319
real_busq_1390,ect_l1,-0.10089729145594989,0.03812706939353125,0.008136733988640843
real_busq_1390,d_ln_ocupados_l1,0.38746869772963405,0.14321665449741441,0.006820732776654782
real_busq_1390,d_tipo_hip,-0.0016664947655950647,0.005353715337975338,0.755589153869379
real_busq_1390,d_ln_renta_hog_real,0.12166365252202607,0.08450923267477285,0.14996666136613127
real_busq_1390,d_ln_pob_total,0.7724723770258981,1.1899521131417399,0.5162332995244269
real_busq_1390,d_ln_ipv_real_l1,0.22591590157694322,0.09723761810266217,0.020160975226636582
real_busq_1390,d_ln_credito_nuevo,0.050211981248077985,0.01897803964074164,0.008149945851783911
real_busq_1391,ect_l1,-0.12509907761648492,0.04216271109928205,0.003006672889506924
real_busq_1391,d_ln_ocupados_l1,0.386415550479702,0.1767938684026714,0.0288387235679566
real_busq_1391,d_tipo_hip,-0.010747366907824138,0.0064579493152552275,0.09607099383992819
real_busq_1391,d_ln_renta_hog_real,0.19177462815708143,0.08403670937641504,0.022487332921532658
real_busq_1391,d_ln_pob_total,-1.3920462359551862,1.2874797391379198,0.2796001642420771
real_busq_1391,d_ln_ipv_real_l4,0.3923407241068954,0.1406152294690211,0.005267999170727912
real_busq_1392,ect_l1,-0.10738000898909185,0.039194781912594276,0.006150452420071869
real_busq_1392,d_ln_ocupados_l1,0.4208582591937329,0.1546950457897996,0.006517003497385216
real_busq_1392,d_tipo_hip,-0.004519440157408984,0.006550683032844108,0.49024517757621844
real_busq_1392,d_ln_renta_hog_real,0.14800301326016604,0.08411529942678289,0.07848829500259845
real_busq_1392,d_ln_pob_total,-0.4338979904098371,1.229122899757492,0.7240777014949776
real_busq_1392,d_ln_ipv_real_l4,0.30405913828572634,0.09711361389349306,0.0017423407165210775
real_busq_1392,d_ln_credito_nuevo,0.038292548805002574,0.015115353352743461,0.011297662418272346
real_busq_1393,ect_l1,-0.16961028588428018,0.05097443702468043,0.000876731346655996
real_busq_1393,d_ln_ocupados_l1,0.3819709832183628,0.36538943559573733,0.29584715520703253
real_busq_1393,d_tipo_hip,-0.004754856996756825,0.006695279484753844,0.4775922056040318
real_busq_1393,d_ln_costes,-0.011890468303616682,0.08945694742052764,0.8942579681165179
real_busq_1394,ect_l1,-0.1369341998601922,0.04508574418359885,0.0023879087062081738
real_busq_1394,d_ln_ocupados_l1,0.42661460853169547,0.238374947698566,0.07350555015486192
real_busq_1394,d_tipo_hip,0.0017988614929750732,0.006218652268674987,0.7723757583288385
real_busq_1394,d_ln_costes,0.00840576804409749,0.07359850740536177,0.9090704362128152
real_busq_1394,d_ln_credito_nuevo,0.04865652803988639,0.014782949431308761,0.0009969177214413194
real_busq_1395,ect_l1,-0.14559375903649252,0.04026182856910422,0.000298989974299091
real_busq_1395,d_ln_ocupados_l1,0.274208216912911,0.3216420012279602,0.39392213159333667
real_busq_1395,d_tipo_hip,-0.005632115733998862,0.005643538178271223,0.3182909899902898
real_busq_1395,d_ln_costes,-0.05734185042828944,0.09281731843094854,0.536712076594322
real_busq_1395,d_ln_ipv_real_l1,0.22068557222760035,0.09084089608694153,0.015125352333711144
real_busq_1396,ect_l1,-0.1033519611990139,0.037372451874110854,0.005684285364071642
real_busq_1396,d_ln_ocupados_l1,0.2914144677126034,0.15871851938483253,0.06635088622444779
real_busq_1396,d_tipo_hip,0.0011993990666428567,0.004699226066763251,0.7985428980645931
real_busq_1396,d_ln_costes,-0.04849919923248351,0.0649394016559677,0.45516148124620714
real_busq_1396,d_ln_ipv_real_l1,0.2842757054895066,0.0984058380126184,0.0038670344482217116
real_busq_1396,d_ln_credito_nuevo,0.05259566937938779,0.017337062357798846,0.002415642131344708
real_busq_1397,ect_l1,-0.1368758907017935,0.04346868787610026,0.0016392059273187736
real_busq_1397,d_ln_ocupados_l1,0.26248537751055717,0.24405774686089962,0.28214860231504435
real_busq_1397,d_tipo_hip,-0.008059558282448136,0.007582197094345226,0.28780092528340206
real_busq_1397,d_ln_costes,-0.010342978776880899,0.07792240569584928,0.8944034869450554
real_busq_1397,d_ln_ipv_real_l4,0.388636121742644,0.14017646581656187,0.0055631335583183885
real_busq_1398,ect_l1,-0.11554823915408027,0.039584672404901,0.0035113970723491214
real_busq_1398,d_ln_ocupados_l1,0.3234620500456142,0.16035005860811907,0.04367210133035638
real_busq_1398,d_tipo_hip,-0.0018682743736131166,0.006991582985911285,0.7893015875571445
real_busq_1398,d_ln_costes,0.006546499322849423,0.06975737917206902,0.9252309399617185
real_busq_1398,d_ln_ipv_real_l4,0.3132849877755908,0.09970328727645647,0.0016769885708235604
real_busq_1398,d_ln_credito_nuevo,0.04120872921516906,0.012993858823773442,0.0015170587525284078
real_busq_1399,ect_l1,-0.1582052173796443,0.04849531627093584,0.0011052058797109928
real_busq_1399,d_ln_ocupados_l1,0.3881136882170254,0.35189769548158945,0.2700635347972269
real_busq_1399,d_tipo_hip,-0.006078288268292265,0.007832911481107298,0.4377528333487133
real_busq_1399,d_ln_costes,-0.03147474296217338,0.08980400495629304,0.7259765311038533
real_busq_1399,d_ln_pob_extranj,0.17702529175060253,0.16644059551693888,0.2875124628671395
real_busq_1400,ect_l1,-0.1244855849544262,0.042305954797800235,0.0032556600733601912
real_busq_1400,d_ln_ocupados_l1,0.43345723331062846,0.22066524716225855,0.049492954354807814
real_busq_1400,d_tipo_hip,0.0004070787828322194,0.00705568446605889,0.9539914559623013
real_busq_1400,d_ln_costes,-0.012580922429769312,0.07094810132922173,0.8592525572612313
real_busq_1400,d_ln_pob_extranj,0.19063722140225725,0.1428450268858426,0.18201589829994258
real_busq_1400,d_ln_credito_nuevo,0.0489045770622203,0.014505523825409487,0.0007477494349678698
real_busq_1401,ect_l1,-0.14061398234903336,0.03974034786538485,0.00040268499977002203
real_busq_1401,d_ln_ocupados_l1,0.28516953379008586,0.3230164473366322,0.3773265838556277
real_busq_1401,d_tipo_hip,-0.006340951269038009,0.0066354502267547836,0.33926559971874415
real_busq_1401,d_ln_costes,-0.065604029674905,0.09488846465397444,0.489326484703715
real_busq_1401,d_ln_pob_extranj,0.10286470420719103,0.14593770183279203,0.4809013921884867
real_busq_1401,d_ln_ipv_real_l1,0.20554771321226564,0.10138944356093299,0.042630840046100245
real_busq_1402,ect_l1,-0.09885287810473697,0.03609340595287605,0.006166253283918147
real_busq_1402,d_ln_ocupados_l1,0.30141946753182225,0.15588717847222947,0.0531654694815265
real_busq_1402,d_tipo_hip,0.0005417362530219855,0.00530075276959903,0.9185980295837256
real_busq_1402,d_ln_costes,-0.056069841520640366,0.06724856908806691,0.4044105863207098
real_busq_1402,d_ln_pob_extranj,0.09410716270565045,0.10723219624311983,0.38015988115718646
real_busq_1402,d_ln_ipv_real_l1,0.27034122623146867,0.1027281635664258,0.008497949279507158
real_busq_1402,d_ln_credito_nuevo,0.052525030816644454,0.016957189234304164,0.0019515507033907537
real_busq_1403,ect_l1,-0.1445361846126235,0.043867725795189536,0.0009848534660067076
real_busq_1403,d_ln_ocupados_l1,0.2377131266430611,0.24583200582518827,0.3335570951427069
real_busq_1403,d_tipo_hip,-0.00709631767101937,0.00704610653466242,0.31387418860364114
real_busq_1403,d_ln_costes,0.011507858037270885,0.07725807766636623,0.8815903561467779
real_busq_1403,d_ln_pob_extranj,-0.19540683562883474,0.14877738900798074,0.1890422827367353
real_busq_1403,d_ln_ipv_real_l4,0.44715555467203216,0.15025547919089818,0.0029206497615949373
real_busq_1404,ect_l1,-0.1198624518895838,0.03913721333489328,0.0021940774303460674
real_busq_1404,d_ln_ocupados_l1,0.3096788938480682,0.16357736431981282,0.05833596855930696
real_busq_1404,d_tipo_hip,-0.0015126721565442234,0.006580035765704757,0.8181786956101692
real_busq_1404,d_ln_costes,0.01721562753554455,0.06839549737430697,0.8012675224723665
real_busq_1404,d_ln_pob_extranj,-0.09859266852627989,0.11981466834181628,0.4105782580930174
real_busq_1404,d_ln_ipv_real_l4,0.3443980671665735,0.10702892606694049,0.0012917622180890417
real_busq_1404,d_ln_credito_nuevo,0.040340785973635815,0.012922002203490504,0.0017970745627788481
real_busq_1405,ect_l1,-0.16468960726449788,0.050767560460273115,0.0011786667132696578
real_busq_1405,d_ln_ocupados_l1,0.39130036486244385,0.3706990084915641,0.29116272479642025
real_busq_1405,d_tipo_hip,-0.005234849315164935,0.007500852176108923,0.48523935239723104
real_busq_1405,d_ln_costes,-0.01844774587487243,0.08901548597928463,0.8358208808862146
real_busq_1405,d_ln_pob_extranj4,0.07798480040313739,0.19272248536691458,0.6857361477034349
real_busq_1406,ect_l1,-0.12888823974047275,0.04438557498112984,0.0036862625595868205
real_busq_1406,d_ln_ocupados_l1,0.44168059358253825,0.23856197944816004,0.06410784426658209
real_busq_1406,d_tipo_hip,0.0011202577411596735,0.006817560776356209,0.8694796819970672
real_busq_1406,d_ln_costes,-0.001619938372962498,0.07011079518169479,0.9815661936412836
real_busq_1406,d_ln_pob_extranj4,0.12186709678488365,0.16361849401421708,0.4563776969863125
real_busq_1406,d_ln_credito_nuevo,0.049187227540970754,0.014858597935200474,0.0009317785834958463
real_busq_1407,ect_l1,-0.14364163098837757,0.04041238447650385,0.00037884783963477943
real_busq_1407,d_ln_ocupados_l1,0.2799633934395913,0.3323841224683264,0.39962636952173236
real_busq_1407,d_tipo_hip,-0.005842173631321274,0.006340633723951692,0.35684873070895207
real_busq_1407,d_ln_costes,-0.05976307140836148,0.09429098733558457,0.5262013601826574
real_busq_1407,d_ln_pob_extranj4,0.036038053679589344,0.15879122376631266,0.8204607343670434
real_busq_1407,d_ln_ipv_real_l1,0.21772859980414133,0.09505375006110087,0.021987484723094062
real_busq_1408,ect_l1,-0.09929532285664325,0.03758446282207304,0.008243636714330965
real_busq_1408,d_ln_ocupados_l1,0.3028970849075822,0.1633601617195021,0.06371521570045484
real_busq_1408,d_tipo_hip,0.0008134465459436235,0.00515254122543747,0.8745569650887337
real_busq_1408,d_ln_costes,-0.053258505238625437,0.06581689077166525,0.41840468296297195
real_busq_1408,d_ln_pob_extranj4,0.07142360804365555,0.11233415601222124,0.5248977833707089
real_busq_1408,d_ln_ipv_real_l1,0.27869790062457095,0.09718035719458727,0.004132819909527354
real_busq_1408,d_ln_credito_nuevo,0.05282941028536459,0.01718988116409291,0.002117159227383849
real_busq_1409,ect_l1,-0.14659489232450382,0.04486640595373928,0.0010855390023700212
real_busq_1409,d_ln_ocupados_l1,0.21500725612189944,0.23962385036382866,0.3695749409654022
real_busq_1409,d_tipo_hip,-0.0071293660660237115,0.006858565731935425,0.29857991747972146
real_busq_1409,d_ln_costes,0.009836490414583947,0.0754482159772134,0.8962704866630267
real_busq_1409,d_ln_pob_extranj4,-0.23704663677713916,0.15125621794937671,0.1170712070521224
real_busq_1409,d_ln_ipv_real_l4,0.4508255546136651,0.14432338042895052,0.0017858146475595669
real_busq_1410,ect_l1,-0.1216897328010604,0.04078290785568404,0.002846541887218168
real_busq_1410,d_ln_ocupados_l1,0.2949862781074123,0.16510400109471418,0.0739909263148036
real_busq_1410,d_tipo_hip,-0.0015712015529957654,0.006388873265780577,0.8057381225307481
real_busq_1410,d_ln_costes,0.017137816763445557,0.06665977091152163,0.7971063294194872
real_busq_1410,d_ln_pob_extranj4,-0.13142159251188162,0.12759641828327495,0.3030200063917884
real_busq_1410,d_ln_ipv_real_l4,0.3504245087908722,0.10352158912975871,0.0007116841200185859
real_busq_1410,d_ln_credito_nuevo,0.03975349566916646,0.013022472080550285,0.002268044326684575
real_busq_1411,ect_l1,-0.16674790152981867,0.04999217802853217,0.000851523304631573
real_busq_1411,d_ln_ocupados_l1,0.38139735675100156,0.36246497261929506,0.2926929774210434
real_busq_1411,d_tipo_hip,-0.005250104066419703,0.007510374220407138,0.4845227006181344
real_busq_1411,d_ln_costes,-0.022866668222063503,0.09067957236449477,0.8009096615252456
real_busq_1411,d_ln_pob_total,0.9912819530557699,1.9169178014186674,0.6050704195314682
real_busq_1412,ect_l1,-0.13186600826094177,0.04320080562092347,0.0022702164927698894
real_busq_1412,d_ln_ocupados_l1,0.42665586194045585,0.22817616742674407,0.061504251865270296
real_busq_1412,d_tipo_hip,0.0011740039866886616,0.007011844236375864,0.8670304979904218
real_busq_1412,d_ln_costes,-0.008022849290691839,0.07078561127359526,0.9097609153042354
real_busq_1412,d_ln_pob_total,1.5215449750099184,1.6436764676504019,0.3546039101655184
real_busq_1412,d_ln_credito_nuevo,0.04966110772810722,0.014929325236457895,0.0008797134642900297
real_busq_1413,ect_l1,-0.14494724052735364,0.04010254174177966,0.00030102620249381824
real_busq_1413,d_ln_ocupados_l1,0.2769412170525352,0.3261231039958344,0.39577431714727607
real_busq_1413,d_tipo_hip,-0.005835123572020833,0.006253750900065299,0.3507890928455706
real_busq_1413,d_ln_costes,-0.06111794820344998,0.09466433204164108,0.5185202663414465
real_busq_1413,d_ln_pob_total,0.4551625191856588,1.6143595005446378,0.7779847669881113
real_busq_1413,d_ln_ipv_real_l1,0.21454931582726935,0.09945279375018579,0.030982450575846737
real_busq_1414,ect_l1,-0.10177030150892959,0.037011953927236746,0.00596570694764835
real_busq_1414,d_ln_ocupados_l1,0.2968076517951766,0.15752731866835779,0.05954249589699687
real_busq_1414,d_tipo_hip,0.0008637701477758855,0.005226322192164747,0.8687290792960397
real_busq_1414,d_ln_costes,-0.05568945236614473,0.06636209667882366,0.40137077684869193
real_busq_1414,d_ln_pob_total,0.8752375817925586,1.1418225940885123,0.44336293124176995
real_busq_1414,d_ln_ipv_real_l1,0.272985737243543,0.09716896536206233,0.004963513251813476
real_busq_1414,d_ln_credito_nuevo,0.053017090844046606,0.017112365499089493,0.0019471687626907161
real_busq_1415,ect_l1,-0.13774773301931328,0.04414474996383702,0.0018062706700503375
real_busq_1415,d_ln_ocupados_l1,0.2511846325430182,0.23575538150637906,0.28667414151324266
real_busq_1415,d_tipo_hip,-0.007668994786686313,0.0070787890227694125,0.2786412724784395
real_busq_1415,d_ln_costes,0.005913232475173291,0.0740394768176322,0.9363438785423818
real_busq_1415,d_ln_pob_total,-1.4539279983927482,1.3943762998594829,0.29708332714868235
real_busq_1415,d_ln_ipv_real_l4,0.4281292079760507,0.1404367271072271,0.002299441554633043
real_busq_1416,ect_l1,-0.11612131612724666,0.03982431578811011,0.0035473284482252366
real_busq_1416,d_ln_ocupados_l1,0.31916583535832,0.16090161679551915,0.04729948660321176
real_busq_1416,d_tipo_hip,-0.0018404186409488685,0.006754017103551192,0.7852433988132715
real_busq_1416,d_ln_costes,0.011206159416012239,0.06503839691184643,0.8632011570135556
real_busq_1416,d_ln_pob_total,-0.4387088588177276,1.2311755589931943,0.7215909685286386
real_busq_1416,d_ln_ipv_real_l4,0.3262969108153526,0.09802565759811166,0.0008725583476792944
real_busq_1416,d_ln_credito_nuevo,0.04060974201418207,0.013292241876574873,0.0022495085027517555
real_busq_1417,ect_l1,-0.1482932085163526,0.046299112328293875,0.0013603303683097188
real_busq_1417,d_ln_ocupados_l1,0.5518141560067329,0.27093382499573987,0.04167891741481115
real_busq_1417,d_tipo_hip,-0.009202529332636631,0.0056109296379593864,0.1009827598016676
real_busq_1417,d_ln_costes,-0.031962709609042614,0.05793331896890156,0.5811432938232723
real_busq_1417,d_ln_renta_hog_real,0.2585377589853208,0.07974362070727663,0.0011864733558481072
real_busq_1418,ect_l1,-0.12363832603548694,0.04384873621074455,0.0048075245837890645
real_busq_1418,d_ln_ocupados_l1,0.5489137242110305,0.2118800055857698,0.009578594740839826
real_busq_1418,d_tipo_hip,-0.0019896820801385815,0.0057659906822074645,0.7300402241245536
real_busq_1418,d_ln_costes,-0.007987755006832423,0.05967222872765476,0.8935128771475404
real_busq_1418,d_ln_renta_hog_real,0.19132119818649634,0.0853590320804201,0.02500209956308531
real_busq_1418,d_ln_credito_nuevo,0.04496511019776229,0.01654882743643734,0.006585320543349678
real_busq_1419,ect_l1,-0.13414238493892652,0.04027715023721634,0.0008669529654273056
real_busq_1419,d_ln_ocupados_l1,0.4478666349524354,0.24497623713885786,0.06751888072342982
real_busq_1419,d_tipo_hip,-0.009160383803023938,0.004991831922804219,0.06649464175513667
real_busq_1419,d_ln_costes,-0.06183174659308682,0.06352083407006197,0.33035010657105
real_busq_1419,d_ln_renta_hog_real,0.21914515869089193,0.08188267555624504,0.0074433051281404235
real_busq_1419,d_ln_ipv_real_l1,0.15987628746705193,0.07971566240479792,0.044900877566804914
real_busq_1420,ect_l1,-0.0992318225766254,0.03808234202997477,0.009168206147091976
real_busq_1420,d_ln_ocupados_l1,0.3883514361645057,0.1401840175843466,0.005600510947807115
real_busq_1420,d_tipo_hip,-0.0011670104968869073,0.004909070620334569,0.8120941262200156
real_busq_1420,d_ln_costes,-0.051518819914454984,0.054806904038915624,0.3472144710840551
real_busq_1420,d_ln_renta_hog_real,0.12352801336715287,0.08174262479978835,0.1307419932420605
real_busq_1420,d_ln_ipv_real_l1,0.24648390290931055,0.09596877533445901,0.010217624955599053
real_busq_1420,d_ln_credito_nuevo,0.049688604773554065,0.01907952600782082,0.00920650180125571
real_busq_1421,ect_l1,-0.12371689672030439,0.042535561449651045,0.003631066642804029
real_busq_1421,d_ln_ocupados_l1,0.4013126035448984,0.18544766117408024,0.030462750015261823
real_busq_1421,d_tipo_hip,-0.011120104257150373,0.0067511238706682766,0.09952750498864509
real_busq_1421,d_ln_costes,-0.025626157564233667,0.053551900345222336,0.6322734697228125
real_busq_1421,d_ln_renta_hog_real,0.19507174542331276,0.0861315639985054,0.02352425743107859
real_busq_1421,d_ln_ipv_real_l4,0.3539075015193358,0.1396068057571817,0.011243755685287576
real_busq_1422,ect_l1,-0.10675823669863324,0.039319435120936656,0.0066245389495857565
real_busq_1422,d_ln_ocupados_l1,0.4254860543331606,0.15181758205726964,0.0050690325516677725
real_busq_1422,d_tipo_hip,-0.004544232127000925,0.006750087651476101,0.5008131706477252
real_busq_1422,d_ln_costes,-0.006021774530432731,0.058747393446429756,0.9183575606279901
real_busq_1422,d_ln_renta_hog_real,0.14821045642692846,0.0845233749271585,0.07951881976702382
real_busq_1422,d_ln_ipv_real_l4,0.29116648266822126,0.09883789353488935,0.0032201720346915134
real_busq_1422,d_ln_credito_nuevo,0.03887493354530033,0.014810286654125145,0.008668452384909209
real_busq_1423,ect_l1,-0.1379714996973388,0.04405466530307316,0.0017372342446458453
real_busq_1423,d_ln_ocupados_l1,0.5555274698253663,0.255192953314423,0.02948863486168474
real_busq_1423,d_tipo_hip,-0.010377238678729646,0.006468121076922253,0.1086332258287384
real_busq_1423,d_ln_costes,-0.04987939357571159,0.05982135819379054,0.40439044387461176
real_busq_1423,d_ln_renta_hog_real,0.2555241884650513,0.08306741133776804,0.002097230524335418
real_busq_1423,d_ln_pob_extranj,0.1640665385530281,0.1490368263241271,0.27096384978490795
real_busq_1424,ect_l1,-0.11213865538261371,0.041167567710120215,0.006450504113814848
real_busq_1424,d_ln_ocupados_l1,0.5529704455924378,0.19250138036831638,0.004071695882897178
real_busq_1424,d_tipo_hip,-0.0032300410575133447,0.00638169211280945,0.6127571166965482
real_busq_1424,d_ln_costes,-0.027493223827570086,0.05915700906556563,0.6421104508718523
real_busq_1424,d_ln_renta_hog_real,0.18755386884496733,0.08518386547719893,0.027682729594420096
real_busq_1424,d_ln_pob_extranj,0.18011450594485282,0.13335594074230117,0.1768140538202655
real_busq_1424,d_ln_credito_nuevo,0.045272155676124554,0.016346447477048734,0.0056135347235687335
real_busq_1425,ect_l1,-0.1284887611415908,0.039693703955667355,0.001207908371381198
real_busq_1425,d_ln_ocupados_l1,0.4617996874282777,0.24305886263356827,0.057439680786686535
real_busq_1425,d_tipo_hip,-0.009984169824844721,0.005873498459941929,0.08915582950014399
real_busq_1425,d_ln_costes,-0.07106645322540522,0.06511545701641241,0.2751006718010056
real_busq_1425,d_ln_renta_hog_real,0.22134246434472746,0.08198155543475999,0.006935914380895637
real_busq_1425,d_ln_pob_extranj,0.11441224911868088,0.14230071678815573,0.42138693913644076
real_busq_1425,d_ln_ipv_real_l1,0.14242934202557614,0.08978710054494433,0.11267110961184632
real_busq_1426,ect_l1,-0.09432257885440924,0.03683853588774994,0.01045420161116323
real_busq_1426,d_ln_ocupados_l1,0.4008232612667565,0.13458629262021435,0.0028995821419587173
real_busq_1426,d_tipo_hip,-0.0019158768576349869,0.00538500408061603,0.7220053133409023
real_busq_1426,d_ln_costes,-0.059710326841103785,0.057190554345981394,0.29645798130981293
real_busq_1426,d_ln_renta_hog_real,0.1257160131356464,0.08077491325173185,0.11961907139058321
real_busq_1426,d_ln_pob_extranj,0.10115999393944863,0.10806756577002974,0.34923148997457987
real_busq_1426,d_ln_ipv_real_l1,0.23083571824542784,0.09858683227993777,0.019209218044220343
real_busq_1426,d_ln_credito_nuevo,0.04956118061309343,0.01869248480426929,0.008015978065973655
real_busq_1427,ect_l1,-0.1308356447120739,0.04267701499872124,0.0021714883661243553
real_busq_1427,d_ln_ocupados_l1,0.37521363057623436,0.19064393632845883,0.04905212841850828
real_busq_1427,d_tipo_hip,-0.01018001210697268,0.006368688092704932,0.10994347130443043
real_busq_1427,d_ln_costes,-0.006031520546804653,0.054554759690337275,0.9119660487087536
real_busq_1427,d_ln_renta_hog_real,0.18883499106767548,0.08517318178113796,0.026618240330871967
real_busq_1427,d_ln_pob_extranj,-0.17086049749235968,0.1475263362680844,0.24679488789277482
real_busq_1427,d_ln_ipv_real_l4,0.4061862527939566,0.15230063535632885,0.0076530986631712945
real_busq_1428,ect_l1,-0.11060362905387153,0.03867353559172855,0.004237336846676337
real_busq_1428,d_ln_ocupados_l1,0.4120836086236828,0.15401200825738076,0.0074582497203528825
real_busq_1428,d_tipo_hip,-0.0041977910034345445,0.006436310567852464,0.5142692285445545
real_busq_1428,d_ln_costes,0.003349420756589627,0.05882624783969186,0.9545949648714441
real_busq_1428,d_ln_renta_hog_real,0.1459713312540267,0.08468950248098805,0.08477900181207336
real_busq_1428,d_ln_pob_extranj,-0.08484390961504676,0.12016153986901885,0.48013709710944574
real_busq_1428,d_ln_ipv_real_l4,0.3182750002208636,0.10691316566682575,0.002911328027767906
real_busq_1428,d_ln_credito_nuevo,0.03816328346841744,0.014681639645770751,0.009339004544017832
real_busq_1429,ect_l1,-0.1425447371899629,0.04520277781980656,0.0016135240839381946
real_busq_1429,d_ln_ocupados_l1,0.5634416085215256,0.27020621465159866,0.037048594665077705
real_busq_1429,d_tipo_hip,-0.00977660178836429,0.0062604090091855,0.11836918135279842
real_busq_1429,d_ln_costes,-0.03957617944777296,0.0586881535276524,0.5000907385752079
real_busq_1429,d_ln_renta_hog_real,0.25999320655189406,0.08019050030789707,0.0011861300255038652
real_busq_1429,d_ln_pob_extranj4,0.08920208724553719,0.17418781418057883,0.6085789851541019
real_busq_1430,ect_l1,-0.11517229928500132,0.04274373295854738,0.007049773733542465
real_busq_1430,d_ln_ocupados_l1,0.5654185566136054,0.206584810788617,0.00620060068169917
real_busq_1430,d_tipo_hip,-0.0027215757866536393,0.006208294333723027,0.6611127430932746
real_busq_1430,d_ln_costes,-0.01853572311519481,0.058015579072943475,0.7493507160231765
real_busq_1430,d_ln_renta_hog_real,0.19260241835364156,0.08323306730081671,0.020666996804383903
real_busq_1430,d_ln_pob_extranj4,0.12688097251168406,0.15469489572738684,0.41210129493137604
real_busq_1430,d_ln_credito_nuevo,0.04549292351500552,0.016629874112438492,0.006226393470012864
real_busq_1431,ect_l1,-0.13089465465787312,0.03982315626127657,0.0010129749955879801
real_busq_1431,d_ln_ocupados_l1,0.4588876611159535,0.2519138408323173,0.06851485186553219
real_busq_1431,d_tipo_hip,-0.009533590105264294,0.005649299781925012,0.09149375884466346
real_busq_1431,d_ln_costes,-0.06575948907219788,0.06454901143755146,0.30832031735362164
real_busq_1431,d_ln_renta_hog_real,0.22141059943737817,0.0812906959840091,0.006455720584997128
real_busq_1431,d_ln_pob_extranj4,0.057770642965329855,0.154294239433596,0.7080928593919604
real_busq_1431,d_ln_ipv_real_l1,0.15450750220984102,0.08430929510794555,0.06685803951060793
real_busq_1432,ect_l1,-0.09448848063881046,0.03806895326561411,0.01306343835204982
real_busq_1432,d_ln_ocupados_l1,0.40372610996007785,0.14083057449158654,0.004147099053297673
real_busq_1432,d_tipo_hip,-0.0016634066455221814,0.005272564422883374,0.7523946392820986
real_busq_1432,d_ln_costes,-0.05704232723544889,0.05558054155065287,0.30475004941701533
real_busq_1432,d_ln_renta_hog_real,0.12635028960969774,0.07979741400234922,0.11333299403292862
real_busq_1432,d_ln_pob_extranj4,0.08185674617047661,0.11319717975827244,0.46959747135901075
real_busq_1432,d_ln_ipv_real_l1,0.2392278862893173,0.09363814177888821,0.01062450407319773
real_busq_1432,d_ln_credito_nuevo,0.04989007071672009,0.018896656388790255,0.008286852010032646
real_busq_1433,ect_l1,-0.13278673171989444,0.043920780447915184,0.0025001474596923787
real_busq_1433,d_ln_ocupados_l1,0.3520105981727997,0.189543570948388,0.06328999983927075
real_busq_1433,d_tipo_hip,-0.01013135264993825,0.006381197119233127,0.11235681718904675
real_busq_1433,d_ln_costes,-0.007601243506909938,0.053367156921080426,0.8867380090382413
real_busq_1433,d_ln_renta_hog_real,0.18200027025768026,0.08768211651319137,0.037923288109815
real_busq_1433,d_ln_pob_extranj4,-0.1997071818220981,0.15065819037090483,0.18498391889964705
real_busq_1433,d_ln_ipv_real_l4,0.40862800391191145,0.14670259668029714,0.0053458815008814
real_busq_1434,ect_l1,-0.11211757646195653,0.04037881636754214,0.005492339061679718
real_busq_1434,d_ln_ocupados_l1,0.39827779609544545,0.15849300378515296,0.011974171528463494
real_busq_1434,d_tipo_hip,-0.004198330571076663,0.006386443885418828,0.5109355926717081
real_busq_1434,d_ln_costes,0.0031209343139569096,0.056688956996372705,0.9560957175971316
real_busq_1434,d_ln_renta_hog_real,0.14250383470527253,0.0865581982562594,0.09969470424716456
real_busq_1434,d_ln_pob_extranj4,-0.10744192005739918,0.12888994851917615,0.40450966651803844
real_busq_1434,d_ln_ipv_real_l4,0.3223810285005416,0.10372284281483612,0.0018829397090279493
real_busq_1434,d_ln_credito_nuevo,0.03777508663138846,0.01475466195732348,0.010460783750926378
real_busq_1435,ect_l1,-0.14611246314129944,0.045442920278795276,0.0013030984475280753
real_busq_1435,d_ln_ocupados_l1,0.5496699663402227,0.26580673167525265,0.03864651686638941
real_busq_1435,d_tipo_hip,-0.009572393981971513,0.006174668711678995,0.12107710088658297
real_busq_1435,d_ln_costes,-0.040929744439367644,0.06110787791185747,0.5029885507380626
real_busq_1435,d_ln_renta_hog_real,0.2560028471690091,0.08240096264514894,0.001891279020170528
real_busq_1435,d_ln_pob_total,0.8276041335692079,1.7342667003050267,0.6332147580781111
real_busq_1436,ect_l1,-0.11949173009476034,0.04236656382922327,0.004796003269183743
real_busq_1436,d_ln_ocupados_l1,0.5453159714494746,0.20094300902106388,0.006651947455248763
real_busq_1436,d_tipo_hip,-0.0024370391361752414,0.006359732679602718,0.70157269353603
real_busq_1436,d_ln_costes,-0.02222268456170506,0.058765523995442305,0.7053128252552996
real_busq_1436,d_ln_renta_hog_real,0.1856351456643595,0.0869229630312905,0.03270971728702595
real_busq_1436,d_ln_pob_total,1.3634990469587838,1.569428945491471,0.38496379074699283
real_busq_1436,d_ln_credito_nuevo,0.04597505085708378,0.01674107050793594,0.0060282060637999796
real_busq_1437,ect_l1,-0.13347166881039488,0.04011372409071088,0.0008768191165834999
real_busq_1437,d_ln_ocupados_l1,0.45077613800510347,0.24839481905349226,0.06956132222555897
real_busq_1437,d_tipo_hip,-0.009370949747806152,0.005498801864250239,0.08834741055505894
real_busq_1437,d_ln_costes,-0.06571220505177301,0.0658883313694365,0.3186058623546999
real_busq_1437,d_ln_renta_hog_real,0.21927500643033723,0.08190042471525472,0.007421003510413904
real_busq_1437,d_ln_pob_total,0.4674212536448047,1.5685043043004454,0.7656997715650545
real_busq_1437,d_ln_ipv_real_l1,0.1535387347229244,0.0874237524371478,0.07904422835992193
real_busq_1438,ect_l1,-0.09769875325336212,0.037787162317989634,0.009723753631081964
real_busq_1438,d_ln_ocupados_l1,0.3931872022651828,0.13856451692624253,0.004545767278054864
real_busq_1438,d_tipo_hip,-0.0014852767037382172,0.0052985388681232965,0.7792334139741944
real_busq_1438,d_ln_costes,-0.05856242954510067,0.05648114838653369,0.29980617484481553
real_busq_1438,d_ln_renta_hog_real,0.12294421320615301,0.0819606706534549,0.13360426645654022
real_busq_1438,d_ln_pob_total,0.8591244518261403,1.1727534936491069,0.46382051303487615
real_busq_1438,d_ln_ipv_real_l1,0.23558038918739085,0.09291675506792442,0.011232158569824641
real_busq_1438,d_ln_credito_nuevo,0.050116006812764055,0.0188688989690942,0.007907099046761925
real_busq_1439,ect_l1,-0.12470952013576367,0.04286909439027952,0.0036249692693580554
real_busq_1439,d_ln_ocupados_l1,0.3888620101034864,0.18135790965438678,0.03201934698069116
real_busq_1439,d_tipo_hip,-0.010712557734049019,0.006406541199718845,0.0944990593958795
real_busq_1439,d_ln_costes,-0.010131393421548125,0.05141732104178889,0.8437943412815458
real_busq_1439,d_ln_renta_hog_real,0.19251672903956085,0.08465774853510741,0.022962429399254792
real_busq_1439,d_ln_pob_total,-1.367922014873414,1.3115788041475194,0.29696760102041275
real_busq_1439,d_ln_ipv_real_l4,0.3915192743880215,0.14152544305435102,0.005667492602333432
real_busq_1440,ect_l1,-0.10732645649599663,0.03945563836880606,0.006524629825040108
real_busq_1440,d_ln_ocupados_l1,0.4212025045708092,0.15211989747719223,0.005624848268772893
real_busq_1440,d_tipo_hip,-0.004515134327354745,0.006552384980313613,0.4907713036162673
real_busq_1440,d_ln_costes,-0.0014403270851379721,0.055251239169458545,0.9792025552530805
real_busq_1440,d_ln_renta_hog_real,0.14811303168445394,0.0843617447568011,0.07914143616758719
real_busq_1440,d_ln_pob_total,-0.43056727045339827,1.2128758257698493,0.7225918443119279
real_busq_1440,d_ln_ipv_real_l4,0.30395146895957675,0.09803571750574959,0.0019324927252327316
real_busq_1440,d_ln_credito_nuevo,0.03828859648740101,0.015151552024532432,0.011502800178887584
real_busq_1441,ect_l1,-0.1592249349095009,0.0506909222741028,0.0016831819152557288
real_busq_1441,d_ln_ocupados_l1,0.3682747361313637,0.33773486449176554,0.2755257180785743
real_busq_1441,d_tipo_hip,-0.006645614052241978,0.007503042172405418,0.37576702459720823
real_busq_1441,d_ln_permisos_l4,0.012583138703833992,0.013969809094698618,0.3677276088650594
real_busq_1442,ect_l1,-0.13425888937164152,0.04471709641437349,0.0026785446857819158
real_busq_1442,d_ln_ocupados_l1,0.4249879362052535,0.23802370533450642,0.07418255922932167
real_busq_1442,d_tipo_hip,0.00136165287795296,0.006932143600741648,0.8442767883305637
real_busq_1442,d_ln_permisos_l4,0.0030363335544784688,0.011250926484270861,0.7872571204627883
real_busq_1442,d_ln_credito_nuevo,0.048353381350412915,0.014857330444690715,0.0011358679252485258
real_busq_1443,ect_l1,-0.13955647903749882,0.03992786583021923,0.0004736798709922017
real_busq_1443,d_ln_ocupados_l1,0.26152890878110374,0.299096127667766,0.38190181385653577
real_busq_1443,d_tipo_hip,-0.007462686342564793,0.00661911933967613,0.2595548074145616
real_busq_1443,d_ln_permisos_l4,0.010989519093722012,0.013363021703538905,0.4108590701160105
real_busq_1443,d_ln_ipv_real_l1,0.2063416876557442,0.09563561287738054,0.03096033666977751
real_busq_1444,ect_l1,-0.10582328874735071,0.0352843779144261,0.002707302866506998
real_busq_1444,d_ln_ocupados_l1,0.2878610152062025,0.15715173304212418,0.06699026129207498
real_busq_1444,d_tipo_hip,0.0009897378443782185,0.005605235073664562,0.8598431489737629
real_busq_1444,d_ln_permisos_l4,5.906187505923751e-05,0.01109148649019388,0.9957513056902771
real_busq_1444,d_ln_ipv_real_l1,0.27487924829865984,0.10543258044625911,0.00912975944038547
real_busq_1444,d_ln_credito_nuevo,0.052680417534627766,0.017861198752587605,0.0031835710181310536
real_busq_1445,ect_l1,-0.14124888606607702,0.044503835225899506,0.0015042688522259693
real_busq_1445,d_ln_ocupados_l1,0.2631469626738234,0.23992918727889762,0.2727422611423378
real_busq_1445,d_tipo_hip,-0.007382787492091363,0.0076851811065856,0.33672698415785907
real_busq_1445,d_ln_permisos_l4,-0.005546938069493778,0.013981384776842338,0.6915611267883319
real_busq_1445,d_ln_ipv_real_l4,0.39724630079300727,0.14212689879376547,0.005189788687033033
real_busq_1446,ect_l1,-0.12279823689702891,0.03898054863864466,0.001631341919425432
real_busq_1446,d_ln_ocupados_l1,0.3302164683966857,0.1709518989747044,0.05340471936691152
real_busq_1446,d_tipo_hip,-0.0003444558700413385,0.006896844007965875,0.9601670264780007
real_busq_1446,d_ln_permisos_l4,-0.01066229546789931,0.0109646710649984,0.33084028414622035
real_busq_1446,d_ln_ipv_real_l4,0.32878050339875603,0.10230681602975708,0.0013104949000103522
real_busq_1446,d_ln_credito_nuevo,0.041735053178172096,0.013249308793243542,0.0016328183122187618
real_busq_1447,ect_l1,-0.15452340137863343,0.04746702763273606,0.0011323915204457416
real_busq_1447,d_ln_ocupados_l1,0.37493217514548427,0.3319186354123744,0.25864876784810165
real_busq_1447,d_tipo_hip,-0.007119872922446733,0.007901223714822724,0.3675297543798641
real_busq_1447,d_ln_permisos_l4,0.007774396908266031,0.016171222977148726,0.630690609599807
real_busq_1447,d_ln_pob_extranj,0.1452816456948103,0.1938107872287076,0.4534922949698751
real_busq_1448,ect_l1,-0.1273350317016932,0.04128475812870954,0.0020402422836823817
real_busq_1448,d_ln_ocupados_l1,0.4352115667577541,0.22660300845951875,0.05478336411392678
real_busq_1448,d_tipo_hip,0.000869856581329851,0.0072833508890713045,0.9049340438647957
real_busq_1448,d_ln_permisos_l4,-0.003731527412252175,0.013182692372449645,0.7771288368379036
real_busq_1448,d_ln_pob_extranj,0.19880823250373364,0.17427328830692634,0.25395969250048744
real_busq_1448,d_ln_credito_nuevo,0.04930263463892508,0.015036855956076161,0.0010425461720855703
real_busq_1449,ect_l1,-0.13845860850218433,0.03909086984910734,0.00039715371230722435
real_busq_1449,d_ln_ocupados_l1,0.2693045235262775,0.30471646952795206,0.37681108295444043
real_busq_1449,d_tipo_hip,-0.0076273680735460024,0.00690353849839972,0.26922499494314445
real_busq_1449,d_ln_permisos_l4,0.009010471424437897,0.014796589612266372,0.542553630806683
real_busq_1449,d_ln_pob_extranj,0.06201627499256448,0.16228126420000197,0.7023478675037176
real_busq_1449,d_ln_ipv_real_l1,0.19680464009908735,0.10377447636645297,0.05789861216249685
real_busq_1450,ect_l1,-0.1040472366708771,0.03477645276272964,0.002772583542404504
real_busq_1450,d_ln_ocupados_l1,0.29954472641337815,0.15839884259701428,0.05861379803007957
real_busq_1450,d_tipo_hip,0.0007802233498040793,0.005838192759731619,0.8936862678029076
real_busq_1450,d_ln_permisos_l4,-0.0029324776780085444,0.010911216462399889,0.7881158476431107
real_busq_1450,d_ln_pob_extranj,0.09230193569166018,0.1148164034647937,0.4214495540680304
real_busq_1450,d_ln_ipv_real_l1,0.260973364362853,0.10524507255942392,0.01315029215912792
real_busq_1450,d_ln_credito_nuevo,0.05290223255675334,0.017629898391458995,0.0026934994251640275
real_busq_1451,ect_l1,-0.14505561448694862,0.04471136878092117,0.0011775334621929583
real_busq_1451,d_ln_ocupados_l1,0.2413068087986467,0.23817811200773287,0.3109952267601598
real_busq_1451,d_tipo_hip,-0.006863227753431222,0.007205352531470437,0.34083435773479076
real_busq_1451,d_ln_permisos_l4,-0.001621171995566932,0.015462630738528022,0.9164991880885911
real_busq_1451,d_ln_pob_extranj,-0.18760615036834521,0.15748902173032517,0.23356205185908607
real_busq_1451,d_ln_ipv_real_l4,0.44728845920684107,0.1481748922056376,0.0025390185973557253
real_busq_1452,ect_l1,-0.12453324308930072,0.03878912280997857,0.0013249518444508536
real_busq_1452,d_ln_ocupados_l1,0.3209408491987492,0.17399215171572238,0.06509999229024416
real_busq_1452,d_tipo_hip,-0.00027484040428723915,0.006663805803036082,0.9671015682498009
real_busq_1452,d_ln_permisos_l4,-0.009116421277205116,0.012205920026921675,0.4551328476948848
real_busq_1452,d_ln_pob_extranj,-0.06959829565507429,0.1338430722562212,0.6030641058307477
real_busq_1452,d_ln_ipv_real_l4,0.34854295445383066,0.10369841917360965,0.0007762675592468575
real_busq_1452,d_ln_credito_nuevo,0.041004924192818246,0.013282859820829558,0.00202149915411087
real_busq_1453,ect_l1,-0.1564918288051052,0.049195653420525044,0.0014676294127883907
real_busq_1453,d_ln_ocupados_l1,0.37522451097259596,0.3439951396468609,0.2753677892746318
real_busq_1453,d_tipo_hip,-0.006898485219965348,0.007849331439925963,0.3794756837444423
real_busq_1453,d_ln_permisos_l4,0.011673577115036256,0.014794347428835676,0.43007894081003906
real_busq_1453,d_ln_pob_extranj4,0.05826524637981531,0.19670482513649684,0.76707239064356
real_busq_1454,ect_l1,-0.1282423198131849,0.043095293829537355,0.0029223986704275786
real_busq_1454,d_ln_ocupados_l1,0.4401826392226669,0.24135299320661927,0.06818040260531756
real_busq_1454,d_tipo_hip,0.0009639240587251952,0.007175193976280955,0.8931327877647053
real_busq_1454,d_ln_permisos_l4,0.0010149797164872398,0.011684893417928489,0.9307807624479871
real_busq_1454,d_ln_pob_extranj4,0.12006424898114787,0.1769572272257184,0.49745912838601714
real_busq_1454,d_ln_credito_nuevo,0.04909825354188358,0.015169360435596158,0.0012093206198797444
real_busq_1455,ect_l1,-0.13908032951636112,0.039362102302359835,0.0004103191854614526
real_busq_1455,d_ln_ocupados_l1,0.26359998636066656,0.30934614758406115,0.3941475874774564
real_busq_1455,d_tipo_hip,-0.007512243315608348,0.0069179467612655084,0.27752036337603925
real_busq_1455,d_ln_permisos_l4,0.010803882365955232,0.01380571383640113,0.4338820091372161
real_busq_1455,d_ln_pob_extranj4,0.012451889096117249,0.15842207002436198,0.9373512173697841
real_busq_1455,d_ln_ipv_real_l1,0.20520925099500636,0.09841320760561245,0.03705296577332793
real_busq_1456,ect_l1,-0.10314208112138465,0.035614447680394117,0.003778631101689302
real_busq_1456,d_ln_ocupados_l1,0.2988014608948333,0.16398874954220014,0.0684420706765155
real_busq_1456,d_tipo_hip,0.0007824082323596725,0.005799488834052107,0.8926831428979438
real_busq_1456,d_ln_permisos_l4,-0.0009729454535568107,0.010836759340376565,0.9284604870597438
real_busq_1456,d_ln_pob_extranj4,0.06482778358067799,0.11786721733086261,0.5823146365093952
real_busq_1456,d_ln_ipv_real_l1,0.2693944078436933,0.10256309280313614,0.008623724074186922
real_busq_1456,d_ln_credito_nuevo,0.05299626553853004,0.017868317705859525,0.0030176444283301334
real_busq_1457,ect_l1,-0.14947529604689677,0.045091167111108055,0.0009165710639622917
real_busq_1457,d_ln_ocupados_l1,0.21959278167178176,0.23520006197231547,0.35048831746767484
real_busq_1457,d_tipo_hip,-0.006482704195206959,0.007037467137794592,0.3569616344624519
real_busq_1457,d_ln_permisos_l4,-0.004632233533683977,0.013719302491493952,0.7356318447946899
real_busq_1457,d_ln_pob_extranj4,-0.2328824598467228,0.15351738023037298,0.12927228561990087
real_busq_1457,d_ln_ipv_real_l4,0.456860489743845,0.14438273061988394,0.0015549266994598326
real_busq_1458,ect_l1,-0.12773787150121188,0.039829503229528065,0.0013407251877832792
real_busq_1458,d_ln_ocupados_l1,0.305114305392912,0.1763409003696547,0.08358515015242733
real_busq_1458,d_tipo_hip,-0.00011472862357996746,0.00643466308123388,0.9857746479665338
real_busq_1458,d_ln_permisos_l4,-0.010007936129972054,0.01120915173365757,0.3719449121329209
real_busq_1458,d_ln_pob_extranj4,-0.12191653032339819,0.1341759654077754,0.36354458825662306
real_busq_1458,d_ln_ipv_real_l4,0.3623381622877428,0.10336716658693056,0.00045600630292158247
real_busq_1458,d_ln_credito_nuevo,0.04030317624310287,0.013295425772370341,0.002434575578351497
real_busq_1459,ect_l1,-0.15904768948493045,0.049940388633881526,0.001448787410221887
real_busq_1459,d_ln_ocupados_l1,0.3682251171581448,0.33718279552965896,0.27480506961131745
real_busq_1459,d_tipo_hip,-0.006775031274434222,0.007794395965209175,0.38472776337363834
real_busq_1459,d_ln_permisos_l4,0.010588094699254874,0.01589058722530733,0.5052114660014415
real_busq_1459,d_ln_pob_total,0.7495973646509215,2.0252205386795104,0.7112847153420718
real_busq_1460,ect_l1,-0.13313832781386292,0.04273287150929759,0.0018357410488180968
real_busq_1460,d_ln_ocupados_l1,0.42660905973161006,0.23091124723652515,0.06467437548644864
real_busq_1460,d_tipo_hip,0.0013403400024167812,0.007379090274312721,0.8558650380248963
real_busq_1460,d_ln_permisos_l4,-0.001331304886134426,0.013306367671530307,0.9203044631976862
real_busq_1460,d_ln_pob_total,1.5321037812543996,1.852557889756902,0.4082253110136227
real_busq_1460,d_ln_credito_nuevo,0.049822009934886134,0.015457470393702715,0.0012678157305585924
real_busq_1461,ect_l1,-0.13974739117471938,0.04028547879127817,0.0005225411235788663
real_busq_1461,d_ln_ocupados_l1,0.2627699387534644,0.30407098664197346,0.38749285835271996
real_busq_1461,d_tipo_hip,-0.007482167286544492,0.006746112129207861,0.2673835714400914
real_busq_1461,d_ln_permisos_l4,0.010560150090038287,0.014154353972658523,0.45562465167928423
real_busq_1461,d_ln_pob_total,0.1683505331857872,1.6572768066019072,0.9190879690306224
real_busq_1461,d_ln_ipv_real_l1,0.2039212122080987,0.10198632224730333,0.04555474727307767
real_busq_1462,ect_l1,-0.10637063010321299,0.035189483408963,0.0025045100458727255
real_busq_1462,d_ln_ocupados_l1,0.29433005969750486,0.15868397094799194,0.06362206402931374
real_busq_1462,d_tipo_hip,0.000993267716634926,0.0058664163409725975,0.8655494902222343
real_busq_1462,d_ln_permisos_l4,-0.0022006570248444403,0.011517283648190619,0.8484673745475843
real_busq_1462,d_ln_pob_total,0.8352150520483159,1.2449084492021512,0.5022811794023012
real_busq_1462,d_ln_ipv_real_l1,0.26368317297957145,0.1010282944986642,0.009054399277469314
real_busq_1462,d_ln_credito_nuevo,0.05330478553489274,0.017909151342236883,0.0029165484651850057
real_busq_1463,ect_l1,-0.14001134449671263,0.045355356516046115,0.002021972107396535
real_busq_1463,d_ln_ocupados_l1,0.25406598489512655,0.23112923345255215,0.2716643647878192
real_busq_1463,d_tipo_hip,-0.00720537026080804,0.007201566219771101,0.3170549458278198
real_busq_1463,d_ln_permisos_l4,-0.003402369399066424,0.01448925588105888,0.8143483189782899
real_busq_1463,d_ln_pob_total,-1.4002079943546333,1.4764271905428519,0.34293811392778584
real_busq_1463,d_ln_ipv_real_l4,0.43191082114602836,0.13973776229771312,0.001995730863840412
real_busq_1464,ect_l1,-0.12273831426523246,0.03926001095460518,0.0017702482278067482
real_busq_1464,d_ln_ocupados_l1,0.32776532536110176,0.1717713443055146,0.056371956197242626
real_busq_1464,d_tipo_hip,-0.00037951177691834207,0.006767876316285542,0.95528169334082
real_busq_1464,d_ln_permisos_l4,-0.01018997365498898,0.01219845106676957,0.40352078578845996
real_busq_1464,d_ln_pob_total,-0.2752014701264955,1.379559075848686,0.8418833033180233
real_busq_1464,d_ln_ipv_real_l4,0.3362737919803148,0.09664381470867285,0.0005023185808704855
real_busq_1464,d_ln_credito_nuevo,0.04132041396286506,0.013660059636236977,0.0024870935258603484
real_busq_1465,ect_l1,-0.14009092449189267,0.045997111121855325,0.0023218090488694035
real_busq_1465,d_ln_ocupados_l1,0.5331456981123633,0.2529432991447166,0.035051094127131914
real_busq_1465,d_tipo_hip,-0.01092769290219225,0.0062779434543418665,0.0817452094177814
real_busq_1465,d_ln_permisos_l4,0.011212302836605363,0.012932498297412958,0.38594934720803786
real_busq_1465,d_ln_renta_hog_real,0.25431803515314794,0.07977496396823447,0.001432887970258495
real_busq_1466,ect_l1,-0.12176663117889608,0.04283024105074359,0.004469023273292615
real_busq_1466,d_ln_ocupados_l1,0.5443299331788916,0.21690634111557527,0.012089673912187878
real_busq_1466,d_tipo_hip,-0.0024381720902348658,0.006159529214884135,0.6922249770881236
real_busq_1466,d_ln_permisos_l4,0.00271437788108027,0.010500616735985952,0.7960233671089534
real_busq_1466,d_ln_renta_hog_real,0.1905499965323055,0.08598230949678556,0.026680990940212684
real_busq_1466,d_ln_credito_nuevo,0.04478185890289845,0.016597958830740323,0.006975029560933818
real_busq_1467,ect_l1,-0.12904393873635403,0.040209325528071965,0.0013305685006272348
real_busq_1467,d_ln_ocupados_l1,0.43353547830327493,0.23248369513595754,0.06220951350800792
real_busq_1467,d_tipo_hip,-0.010871990674025321,0.005891778937124153,0.06499660021339815
real_busq_1467,d_ln_permisos_l4,0.010290743800436972,0.012735376590856828,0.41906529121805625
real_busq_1467,d_ln_renta_hog_real,0.21678746894647957,0.07980929757308701,0.006601238523604012
real_busq_1467,d_ln_ipv_real_l1,0.14551699265651705,0.08339685950699888,0.08100684410091918
real_busq_1468,ect_l1,-0.1017425845770108,0.03617933573212638,0.004920788758735399
real_busq_1468,d_ln_ocupados_l1,0.38349319625957984,0.14372270546179924,0.007623946599740558
real_busq_1468,d_tipo_hip,-0.0013985858148422405,0.005759543622246311,0.8081376543221399
real_busq_1468,d_ln_permisos_l4,0.0002649200454025842,0.010676604860232506,0.980204013497257
real_busq_1468,d_ln_renta_hog_real,0.12235192382201587,0.08383896118387278,0.14446376092412722
real_busq_1468,d_ln_ipv_real_l1,0.236786924120299,0.10419206490570485,0.023050273985130185
real_busq_1468,d_ln_credito_nuevo,0.049787513546541755,0.019581627446948562,0.011004288803124406
real_busq_1469,ect_l1,-0.12833467921840996,0.04342441985704182,0.003123070643404943
real_busq_1469,d_ln_ocupados_l1,0.3974264841092089,0.18530228358949402,0.03197309496271134
real_busq_1469,d_tipo_hip,-0.01056358114624643,0.006842802621751074,0.12264874548727786
real_busq_1469,d_ln_permisos_l4,-0.004982240813287249,0.013146237035691012,0.7046982022765189
real_busq_1469,d_ln_renta_hog_real,0.19278440880756173,0.08576449660158587,0.0245867343046514
real_busq_1469,d_ln_ipv_real_l4,0.36210446076109604,0.14098914351570038,0.010219439357618851
real_busq_1470,ect_l1,-0.11401491364613327,0.03845090677876647,0.0030247892355917704
real_busq_1470,d_ln_ocupados_l1,0.4283554791465621,0.16363656969130344,0.00885182053618518
real_busq_1470,d_tipo_hip,-0.0031401151655246866,0.00665769573501621,0.6371752405241062
real_busq_1470,d_ln_permisos_l4,-0.00995493503994971,0.010620222299160464,0.34857517812234096
real_busq_1470,d_ln_renta_hog_real,0.14615426979446922,0.0836569102578062,0.08062562858614586
real_busq_1470,d_ln_ipv_real_l4,0.3058762608810552,0.10085595733127432,0.002422936304502049
real_busq_1470,d_ln_credito_nuevo,0.03945671083075485,0.015033296256881058,0.008674536667914984
real_busq_1471,ect_l1,-0.13606445342179174,0.043603173041855695,0.0018053372685992637
real_busq_1471,d_ln_ocupados_l1,0.5374524996122367,0.24532639050311472,0.02846879384448227
real_busq_1471,d_tipo_hip,-0.011310046653809296,0.006561995134479807,0.0847858093143556
real_busq_1471,d_ln_permisos_l4,0.006909780350122718,0.014753589726845245,0.6395373903030026
real_busq_1471,d_ln_renta_hog_real,0.2517435302556185,0.08178291817891399,0.0020826063809968776
real_busq_1471,d_ln_pob_extranj,0.13040701235318516,0.1691590425873194,0.44075812486518706
real_busq_1472,ect_l1,-0.11568765099376456,0.04015457455770556,0.003963429267453236
real_busq_1472,d_ln_ocupados_l1,0.5506493710378115,0.20385149427924956,0.006908395481255037
real_busq_1472,d_tipo_hip,-0.0027932690777151023,0.006494054904085388,0.6671031793668215
real_busq_1472,d_ln_permisos_l4,-0.0035406822274011217,0.012303764027315445,0.7735210574994916
real_busq_1472,d_ln_renta_hog_real,0.18553268847322515,0.08579501669733743,0.030578791185323327
real_busq_1472,d_ln_pob_extranj,0.183993555554479,0.1588788214496367,0.2468335225927064
real_busq_1472,d_ln_credito_nuevo,0.04575441684345037,0.016870053454968382,0.006684473236887067
real_busq_1473,ect_l1,-0.12762041095074111,0.039468124250345064,0.0012228082847193405
real_busq_1473,d_ln_ocupados_l1,0.44435141439029424,0.23649377657911352,0.060256267714031295
real_busq_1473,d_tipo_hip,-0.011099306306253547,0.00615370864895894,0.07128186668386248
real_busq_1473,d_ln_permisos_l4,0.007861961087264373,0.014178067126125274,0.5792259509669355
real_busq_1473,d_ln_renta_hog_real,0.21841832971057187,0.07912375366015252,0.005771919349653321
real_busq_1473,d_ln_pob_extranj,0.07594463373421177,0.15829212635447135,0.6313872618659129
real_busq_1473,d_ln_ipv_real_l1,0.1333804252102278,0.09197847285718348,0.14702323351555163
real_busq_1474,ect_l1,-0.09978820952609378,0.03567692096339117,0.005158015261800427
real_busq_1474,d_ln_ocupados_l1,0.3973312006272596,0.14288539787080562,0.005423040872318564
real_busq_1474,d_tipo_hip,-0.0016563374628961829,0.005942804620987868,0.7804650130067491
real_busq_1474,d_ln_permisos_l4,-0.0029260015811844683,0.010647615051313071,0.7834672307398223
real_busq_1474,d_ln_renta_hog_real,0.12409718203829787,0.08284403593593129,0.13414323566188976
real_busq_1474,d_ln_pob_extranj,0.0985443361389132,0.11570126210249801,0.39437308159653006
real_busq_1474,d_ln_ipv_real_l1,0.22139722379115095,0.10244714545845088,0.030688597309285578
real_busq_1474,d_ln_credito_nuevo,0.04998306486729207,0.019342555839526522,0.009763397465002413
real_busq_1475,ect_l1,-0.1320763447812928,0.04321314168307245,0.002240174025918653
real_busq_1475,d_ln_ocupados_l1,0.37456142213154325,0.18548662089970092,0.043451406455283316
real_busq_1475,d_tipo_hip,-0.010019955797790914,0.006496088780987904,0.12296189966516916
real_busq_1475,d_ln_permisos_l4,-0.001446076098624179,0.014518357003241321,0.9206592831036489
real_busq_1475,d_ln_renta_hog_real,0.18830591567553448,0.08436920904751578,0.02561978803594031
real_busq_1475,d_ln_pob_extranj,-0.16961461782912474,0.15498357643036662,0.2737779100190775
real_busq_1475,d_ln_ipv_real_l4,0.40816391401890534,0.15025937573902354,0.006599699698055184
real_busq_1476,ect_l1,-0.11561383821568565,0.03813041254272539,0.0024288797373750695
real_busq_1476,d_ln_ocupados_l1,0.4194975356950948,0.165735053557397,0.011369458672221932
real_busq_1476,d_tipo_hip,-0.0030611693179355827,0.006481527443450495,0.6367188468099249
real_busq_1476,d_ln_permisos_l4,-0.00858196550606766,0.011705740388624243,0.46347205594667207
real_busq_1476,d_ln_renta_hog_real,0.14526950143072254,0.0836165559017582,0.08232904386676682
real_busq_1476,d_ln_pob_extranj,-0.062006577494142213,0.13033788750577127,0.6342616378929047
real_busq_1476,d_ln_ipv_real_l4,0.32362169644123717,0.10362517650443019,0.0017901616186237407
real_busq_1476,d_ln_credito_nuevo,0.03882001595606806,0.015035260133307658,0.009824900408697372
real_busq_1477,ect_l1,-0.1368616832600781,0.04418967497068766,0.0019539647497358614
real_busq_1477,d_ln_ocupados_l1,0.5417695547427841,0.2549150779327714,0.033562066014058686
real_busq_1477,d_tipo_hip,-0.011235382611130542,0.00656325530928301,0.08692223639002013
real_busq_1477,d_ln_permisos_l4,0.010155366380305186,0.013684903215976938,0.4580356170691706
real_busq_1477,d_ln_renta_hog_real,0.2552207195799196,0.07980663870525204,0.0013838975832717066
real_busq_1477,d_ln_pob_extranj4,0.06739418559904099,0.17681584008122603,0.703088472692144
real_busq_1478,ect_l1,-0.1155949220218807,0.04127555534571059,0.005101305517557708
real_busq_1478,d_ln_ocupados_l1,0.5601806592655271,0.21577553103989675,0.009428123885412651
real_busq_1478,d_tipo_hip,-0.0028551070908226827,0.006352871636153374,0.6531287608929506
real_busq_1478,d_ln_permisos_l4,0.0006525648258282505,0.010967224490966392,0.9525527784121138
real_busq_1478,d_ln_renta_hog_real,0.1911234749490021,0.08401865294872062,0.022919470907191864
real_busq_1478,d_ln_pob_extranj4,0.12240988903129357,0.16534663562096705,0.45910413207415546
real_busq_1478,d_ln_credito_nuevo,0.045530534482053846,0.016930612266784634,0.007161421676415587
real_busq_1479,ect_l1,-0.12766366865442436,0.03925647867012217,0.0011457959010800066
real_busq_1479,d_ln_ocupados_l1,0.44033434529927673,0.24071227477542023,0.06735506365868793
real_busq_1479,d_tipo_hip,-0.011030225944933225,0.006183164985909616,0.0744378676778134
real_busq_1479,d_ln_permisos_l4,0.009774025329173026,0.013217842746899343,0.4596295878900921
real_busq_1479,d_ln_renta_hog_real,0.21815258434992887,0.078666211874802,0.0055517871262814045
real_busq_1479,d_ln_pob_extranj4,0.03436459116951389,0.1555288718662646,0.825128927200345
real_busq_1479,d_ln_ipv_real_l1,0.14200869157117219,0.08644121753904425,0.10041699522382157
real_busq_1480,ect_l1,-0.09858253991189952,0.03628803231580855,0.006594269818925982
real_busq_1480,d_ln_ocupados_l1,0.3979220752645479,0.14701686449882445,0.006796743128040261
real_busq_1480,d_tipo_hip,-0.0016832157656843415,0.005898918454710884,0.7753812843743124
real_busq_1480,d_ln_permisos_l4,-0.0009168760129426065,0.010449352865560074,0.9300795393819637
real_busq_1480,d_ln_renta_hog_real,0.12472918081322655,0.08169793403758903,0.12683275009378364
real_busq_1480,d_ln_pob_extranj4,0.07448834156144205,0.11836167300978537,0.5291341968497754
real_busq_1480,d_ln_ipv_real_l1,0.22974461823905876,0.1002036678261941,0.021860873658574587
real_busq_1480,d_ln_credito_nuevo,0.0500942206806489,0.019544322484987074,0.010373959946355319
real_busq_1481,ect_l1,-0.1361866974805147,0.04382741703169153,0.0018877897697084176
real_busq_1481,d_ln_ocupados_l1,0.3518398368152176,0.18710852604656697,0.06005288161286064
real_busq_1481,d_tipo_hip,-0.00959677626566027,0.0064717849775589205,0.13811057633267465
real_busq_1481,d_ln_permisos_l4,-0.004231034178275427,0.01295392970414266,0.7439540499538588
real_busq_1481,d_ln_renta_hog_real,0.18104098284270664,0.08683061862486853,0.037070196433408746
real_busq_1481,d_ln_pob_extranj4,-0.20001391941999158,0.1523890717235684,0.18934426669076
real_busq_1481,d_ln_ipv_real_l4,0.41544548707333,0.14600412473454819,0.004435058082147858
real_busq_1482,ect_l1,-0.11841211910795268,0.03912582285350128,0.0024744849971325153
real_busq_1482,d_ln_ocupados_l1,0.4043103086936578,0.17043084222906146,0.017678510808026224
real_busq_1482,d_tipo_hip,-0.002859787844743608,0.006370261613532017,0.6534837055224136
real_busq_1482,d_ln_permisos_l4,-0.009431859610006827,0.010829169313168562,0.3837716423169174
real_busq_1482,d_ln_renta_hog_real,0.14151178896898378,0.08520116581072489,0.09673076758294379
real_busq_1482,d_ln_pob_extranj4,-0.10164271005182138,0.13368863423868999,0.4470786727608994
real_busq_1482,d_ln_ipv_real_l4,0.3345810645657801,0.10307273085565682,0.0011701100124739
real_busq_1482,d_ln_credito_nuevo,0.03833531431161072,0.015022828759411147,0.010716679133651479
real_busq_1483,ect_l1,-0.14009827673245484,0.045737875074487885,0.0021907938705119923
real_busq_1483,d_ln_ocupados_l1,0.5318850609283796,0.2504094139142423,0.033664979412722486
real_busq_1483,d_tipo_hip,-0.010994193016733243,0.006442813415289528,0.08792854219952441
real_busq_1483,d_ln_permisos_l4,0.009707684031285732,0.014569223151864147,0.5052101260741689
real_busq_1483,d_ln_renta_hog_real,0.25243158119221965,0.08185457730186142,0.002043041566040346
real_busq_1483,d_ln_pob_total,0.5691506190570217,1.8091123708253511,0.7530637559382195
real_busq_1484,ect_l1,-0.1212074856006625,0.04164461959907716,0.0036082822297102443
real_busq_1484,d_ln_ocupados_l1,0.5417060741137412,0.20891162894353288,0.009514512735247643
real_busq_1484,d_tipo_hip,-0.00232805642671918,0.006575892361374923,0.723317169413032
real_busq_1484,d_ln_permisos_l4,-0.0011046186163880406,0.012508906951830687,0.9296330204921759
real_busq_1484,d_ln_renta_hog_real,0.18409082776900132,0.08770303056877443,0.0358147230913745
real_busq_1484,d_ln_pob_total,1.343476493727341,1.7459944204504823,0.44161904886097003
real_busq_1484,d_ln_credito_nuevo,0.04619074073220901,0.01727385233345208,0.007494650522313687
real_busq_1485,ect_l1,-0.12925276243998451,0.04072126824481661,0.0015030972018700995
real_busq_1485,d_ln_ocupados_l1,0.4349811775878182,0.2372360922739967,0.06672273595819767
real_busq_1485,d_tipo_hip,-0.01089494477242862,0.005996269800417389,0.06922419868044026
real_busq_1485,d_ln_permisos_l4,0.009812154604533357,0.013655017783284252,0.4724028125332994
real_busq_1485,d_ln_renta_hog_real,0.21686705567994025,0.07960673864684878,0.006445162934328636
real_busq_1485,d_ln_pob_total,0.187548607535603,1.6138126394646903,0.907482457600079
real_busq_1485,d_ln_ipv_real_l1,0.14279816522659802,0.0893967401630065,0.1101870076232916
real_busq_1486,ect_l1,-0.10230136029541025,0.03627653837591564,0.004801737059258772
real_busq_1486,d_ln_ocupados_l1,0.3891069129139107,0.14545553634954633,0.007470878965437426
real_busq_1486,d_tipo_hip,-0.0013787201129748356,0.005984666553801963,0.8178000540505059
real_busq_1486,d_ln_permisos_l4,-0.0019274317693928856,0.01128134209752117,0.86434070398117
real_busq_1486,d_ln_renta_hog_real,0.12150954782136482,0.08472677091814083,0.1515340103425064
real_busq_1486,d_ln_pob_total,0.8097916430168841,1.274831504586601,0.5252884323332789
real_busq_1486,d_ln_ipv_real_l1,0.2261939104942632,0.09840422901096929,0.021526537473982744
real_busq_1486,d_ln_credito_nuevo,0.05041279342855846,0.01966424109911472,0.010356941035186414
real_busq_1487,ect_l1,-0.12721809417930674,0.04379144859167169,0.003671476517176327
real_busq_1487,d_ln_ocupados_l1,0.3877469329632346,0.17886924970899779,0.0301763864359546
real_busq_1487,d_tipo_hip,-0.010370853132891,0.006500014289467873,0.11059770848912877
real_busq_1487,d_ln_permisos_l4,-0.0029057366471964005,0.013623012039370413,0.8310959403768656
real_busq_1487,d_ln_renta_hog_real,0.19153352926857176,0.0841691004244603,0.022871154001214637
real_busq_1487,d_ln_pob_total,-1.358160352119719,1.3784199903517989,0.32447561567995353
real_busq_1487,d_ln_ipv_real_l4,0.3959560379635812,0.1407662875340153,0.004910283105900626
real_busq_1488,ect_l1,-0.11393204968405224,0.03865587931977477,0.0032051976023084877
real_busq_1488,d_ln_ocupados_l1,0.4258059197033918,0.16395596507968238,0.009402142275220819
real_busq_1488,d_tipo_hip,-0.003184290001816819,0.006556673909355146,0.6272108709683875
real_busq_1488,d_ln_permisos_l4,-0.009427622391205941,0.011776487917486683,0.42339442006995576
real_busq_1488,d_ln_renta_hog_real,0.14642266492227593,0.08362488036383875,0.0799551809026395
real_busq_1488,d_ln_pob_total,-0.3064853873403491,1.3365365108831226,0.8186255394012886
real_busq_1488,d_ln_ipv_real_l4,0.3141792987161358,0.09664538477804838,0.0011506201357668023
real_busq_1488,d_ln_credito_nuevo,0.038990753007124415,0.015516153339599891,0.011973865027086845
real_busq_1489,ect_l1,-0.15917929105975354,0.051632027990298854,0.0020495518184316846
real_busq_1489,d_ln_ocupados_l1,0.36878727082217566,0.3487416905094898,0.29029269803016455
real_busq_1489,d_tipo_hip,-0.00662403678339234,0.007109840724803219,0.3515062606008442
real_busq_1489,d_ln_permisos_l4,0.012532746266022495,0.013720994732721668,0.3610326011159847
real_busq_1489,d_ln_costes,-0.0026557230430827436,0.09370809526508647,0.9773906748192465
real_busq_1490,ect_l1,-0.1344251191785537,0.04496639057193611,0.002794732095043006
real_busq_1490,d_ln_ocupados_l1,0.4229669122881207,0.23730095303889595,0.07468286251608612
real_busq_1490,d_tipo_hip,0.0012804502334478713,0.00670947751856265,0.848649367548422
real_busq_1490,d_ln_permisos_l4,0.003232298692900466,0.010715062006882235,0.7629117556967844
real_busq_1490,d_ln_costes,0.01067496101849397,0.07202266620173504,0.8821717624523806
real_busq_1490,d_ln_credito_nuevo,0.048386772156298,0.01495323521400669,0.0012127126826303734
real_busq_1491,ect_l1,-0.13777110885098312,0.041925363125469024,0.0010158345015127835
real_busq_1491,d_ln_ocupados_l1,0.2658859081825855,0.30609434404562086,0.38504385925574824
real_busq_1491,d_tipo_hip,-0.007103154154877639,0.006312289646298151,0.26046631761332995
real_busq_1491,d_ln_permisos_l4,0.009982128036238273,0.013487534004477235,0.45923913340209244
real_busq_1491,d_ln_costes,-0.04906777780428113,0.09542757261457081,0.6071200798519071
real_busq_1491,d_ln_ipv_real_l1,0.2162246613984892,0.09175176241461919,0.018441770789388766
real_busq_1492,ect_l1,-0.10402902218932485,0.03572478757293734,0.0035917281807710533
real_busq_1492,d_ln_ocupados_l1,0.29223744587991585,0.15904465256895298,0.0661427039092329
real_busq_1492,d_tipo_hip,0.0013511291066100619,0.005504083321885592,0.8060866583552374
real_busq_1492,d_ln_permisos_l4,-0.0009530190512011258,0.011108755323832742,0.9316334324436825
real_busq_1492,d_ln_costes,-0.04927453705335997,0.061493650786531476,0.42296105281620267
real_busq_1492,d_ln_ipv_real_l1,0.28480665655249665,0.10226744067304132,0.005354090571435195
real_busq_1492,d_ln_credito_nuevo,0.05268256214401807,0.017828896901563602,0.0031277298788244404
real_busq_1493,ect_l1,-0.14097934871383014,0.04503620658373453,0.0017459471743833989
real_busq_1493,d_ln_ocupados_l1,0.26585944589419275,0.2492499950102348,0.28613546143932767
real_busq_1493,d_tipo_hip,-0.0072648195132408696,0.007565588189894664,0.33693183845539165
real_busq_1493,d_ln_permisos_l4,-0.005842760711528931,0.01385674498817599,0.6732771233966413
real_busq_1493,d_ln_costes,-0.014612309757722479,0.07319650308694772,0.8417689819878783
real_busq_1493,d_ln_ipv_real_l4,0.3976528258237002,0.14135634500710517,0.004906283631623712
real_busq_1494,ect_l1,-0.12278071425810358,0.039232767217312094,0.0017507719686025896
real_busq_1494,d_ln_ocupados_l1,0.3304041393638399,0.1708615882247548,0.05314348200689977
real_busq_1494,d_tipo_hip,-0.0003366876922631025,0.006897378687685537,0.9610676349687796
real_busq_1494,d_ln_permisos_l4,-0.010682972931891823,0.010495955761286193,0.3087644457569705
real_busq_1494,d_ln_costes,-0.0010455154328446673,0.06423076663892201,0.987013018382929
real_busq_1494,d_ln_ipv_real_l4,0.32881613187569686,0.1014930587596182,0.001196180288052324
real_busq_1494,d_ln_credito_nuevo,0.0417310656534347,0.013289338952385887,0.001688375831591382
real_busq_1495,ect_l1,-0.15384503505009406,0.04892124317523503,0.001662293307676693
real_busq_1495,d_ln_ocupados_l1,0.3798893410034798,0.347469977292018,0.2742615788967956
real_busq_1495,d_tipo_hip,-0.006954686825207375,0.007589586996953454,0.35948550787830746
real_busq_1495,d_ln_permisos_l4,0.007047477752693919,0.016363530823410286,0.6666996276980288
real_busq_1495,d_ln_costes,-0.02369676043739399,0.09244240358597024,0.7976876893310585
real_busq_1495,d_ln_pob_extranj,0.15365859275407884,0.1943152624228361,0.4290784815489903
real_busq_1496,ect_l1,-0.12685836672813078,0.041659006500896024,0.002325560640704582
real_busq_1496,d_ln_ocupados_l1,0.43876440128382155,0.22940985103472517,0.05580200493486479
real_busq_1496,d_tipo_hip,0.0009852386545683173,0.007221367509161653,0.8914783501253453
real_busq_1496,d_ln_permisos_l4,-0.004251174289174076,0.0125506335728143,0.7348192507726836
real_busq_1496,d_ln_costes,-0.017128544697845062,0.0650729130076387,0.7923803941864394
real_busq_1496,d_ln_pob_extranj,0.20483635687381177,0.16879944102489555,0.22494270924434734
real_busq_1496,d_ln_credito_nuevo,0.04927783990396606,0.015053149194715112,0.0010619053693179906
real_busq_1497,ect_l1,-0.13607020112589202,0.04114315513461722,0.000942208442543339
real_busq_1497,d_ln_ocupados_l1,0.2764914723240061,0.3144805967498431,0.37929261748712184
real_busq_1497,d_tipo_hip,-0.007249214084662103,0.0066270340746745855,0.27400535764817846
real_busq_1497,d_ln_permisos_l4,0.007300459447331858,0.015028655083146433,0.6271307342576434
real_busq_1497,d_ln_costes,-0.05759938612853222,0.09646535700206238,0.5504411614446795
real_busq_1497,d_ln_pob_extranj,0.07854504290537183,0.16292999638269995,0.6297502057402746
real_busq_1497,d_ln_ipv_real_l1,0.20586416234016347,0.10023948855553316,0.040002490620695774
real_busq_1498,ect_l1,-0.10147978819905229,0.03497754867401729,0.0037163737168864133
real_busq_1498,d_ln_ocupados_l1,0.30720815563120485,0.16029238093843884,0.05529528955670532
real_busq_1498,d_tipo_hip,0.0011892385199944512,0.005801694675796083,0.8375867886925984
real_busq_1498,d_ln_permisos_l4,-0.0047598931387945725,0.010549716054364455,0.6518548875190191
real_busq_1498,d_ln_costes,-0.061212236425275075,0.061394142129404444,0.31874651009521227
real_busq_1498,d_ln_pob_extranj,0.10989317669594474,0.11343474563053733,0.33265556650551176
real_busq_1498,d_ln_ipv_real_l1,0.2706556429100261,0.10296144399997688,0.008570974691934661
real_busq_1498,d_ln_credito_nuevo,0.052947171058221935,0.017523863679147062,0.002515817347220418
real_busq_1499,ect_l1,-0.1453279801865341,0.045335428331567194,0.0013477365231808847
real_busq_1499,d_ln_ocupados_l1,0.23893532198057424,0.24679197500012284,0.3329620333126885
real_busq_1499,d_tipo_hip,-0.0069334010039958805,0.007043718877407253,0.32494929196836464
real_busq_1499,d_ln_permisos_l4,-0.00132790290319472,0.01509402142960746,0.9298962108790385
real_busq_1499,d_ln_costes,0.010135894529781286,0.07404563761137929,0.891120014958277
real_busq_1499,d_ln_pob_extranj,-0.1918148946635684,0.16317125016769232,0.23977736384709813
real_busq_1499,d_ln_ipv_real_l4,0.44812911384591153,0.1503089580260331,0.002869462937852755
real_busq_1500,ect_l1,-0.12475409225776735,0.03908941584147427,0.0014153333349813137
real_busq_1500,d_ln_ocupados_l1,0.31902890005204165,0.17308946251800642,0.06530790783923908
real_busq_1500,d_tipo_hip,-0.000331885007845004,0.006630658357753093,0.9600800733955809
real_busq_1500,d_ln_permisos_l4,-0.008880241623379964,0.01158608905852624,0.4434042965958971
real_busq_1500,d_ln_costes,0.008134059042434997,0.061798036797643084,0.8952822870588245
real_busq_1500,d_ln_pob_extranj,-0.07298889962353837,0.13173429226954528,0.5795367571473922
real_busq_1500,d_ln_ipv_real_l4,0.34922852936981896,0.10544808099986987,0.0009268027559081886
real_busq_1500,d_ln_credito_nuevo,0.04100037741684746,0.013288273138188476,0.002032405327385648
real_busq_1501,ect_l1,-0.1562570412622035,0.050637364420913884,0.0020300178568238444
real_busq_1501,d_ln_ocupados_l1,0.3770886727329109,0.358336650129812,0.2926478322082787
real_busq_1501,d_tipo_hip,-0.006837749038852422,0.007498398871855373,0.36182423263843466
real_busq_1501,d_ln_permisos_l4,0.011482932452271603,0.01469275977294363,0.4344868416842773
real_busq_1501,d_ln_costes,-0.008487824743686532,0.0927548057618848,0.927088795825533
real_busq_1501,d_ln_pob_extranj4,0.06016060538408872,0.1962638519797762,0.7592017358185966
real_busq_1502,ect_l1,-0.1282213844302194,0.043461611186060366,0.003175460741106639
real_busq_1502,d_ln_ocupados_l1,0.44035333888086264,0.24266668696649074,0.0695788316620312
real_busq_1502,d_tipo_hip,0.0009693241571838824,0.007040436495279255,0.8904936789769548
real_busq_1502,d_ln_permisos_l4,0.0009976353839484685,0.011101263112579609,0.9283930360656327
real_busq_1502,d_ln_costes,-0.0007855335294439105,0.06661676379887048,0.9905916992254598
real_busq_1502,d_ln_pob_extranj4,0.12023792466047563,0.17178352819673817,0.4839656412136394
real_busq_1502,d_ln_credito_nuevo,0.04909687390239302,0.015211309441086451,0.0012480897451303313
real_busq_1503,ect_l1,-0.13687728213625067,0.04161734233387406,0.0010056253840353539
real_busq_1503,d_ln_ocupados_l1,0.2696517249009054,0.3184874302174855,0.3971826343854671
real_busq_1503,d_tipo_hip,-0.007176663117470273,0.006627890755346347,0.2788983437796265
real_busq_1503,d_ln_permisos_l4,0.009622508152234744,0.01395685064339232,0.49054204454708217
real_busq_1503,d_ln_costes,-0.05082401733469031,0.0966594731801887,0.599023822107193
real_busq_1503,d_ln_pob_extranj4,0.021703536126283122,0.1587222232465777,0.8912370116566014
real_busq_1503,d_ln_ipv_real_l1,0.214604566520278,0.09445479643808948,0.023084420048007728
real_busq_1504,ect_l1,-0.10070814727684575,0.035863595797761424,0.004983654469927164
real_busq_1504,d_ln_ocupados_l1,0.30542542776729353,0.16589994959730364,0.06561836063563173
real_busq_1504,d_tipo_hip,0.0011559117466429715,0.005739000495336407,0.8403753185692155
real_busq_1504,d_ln_permisos_l4,-0.002270814409293188,0.01062233355078978,0.8307206819711724
real_busq_1504,d_ln_costes,-0.055341117227558044,0.06129901897502863,0.3666289086012505
real_busq_1504,d_ln_pob_extranj4,0.07495282503672898,0.1154899556705105,0.5163392503714308
real_busq_1504,d_ln_ipv_real_l1,0.27968741575095285,0.10008651608464166,0.005198703390493354
real_busq_1504,d_ln_credito_nuevo,0.05304800448970588,0.017771872914528336,0.002836323794256907
real_busq_1505,ect_l1,-0.14964692064794616,0.045859513984988644,0.00110177391281243
real_busq_1505,d_ln_ocupados_l1,0.2181274924829532,0.24386746716854277,0.3710806519144585
real_busq_1505,d_tipo_hip,-0.0065277805239049675,0.00687996436342083,0.34271714135429343
real_busq_1505,d_ln_permisos_l4,-0.004498027891828725,0.013333677045501093,0.735858049849887
real_busq_1505,d_ln_costes,0.006327590736510574,0.07060573944031107,0.9285902670238217
real_busq_1505,d_ln_pob_extranj4,-0.23443681281147577,0.15665052720284472,0.13450795129120813
real_busq_1505,d_ln_ipv_real_l4,0.4570823411160455,0.14512428459916102,0.001634984072614366
real_busq_1506,ect_l1,-0.12799304554978616,0.04023759181038664,0.001468020560773436
real_busq_1506,d_ln_ocupados_l1,0.3029128326076475,0.17536955397961365,0.0841168678544971
real_busq_1506,d_tipo_hip,-0.00018159830912670258,0.006400582691374564,0.9773653342283909
real_busq_1506,d_ln_permisos_l4,-0.00980574222408176,0.01071881669806301,0.36028837051909257
real_busq_1506,d_ln_costes,0.009591031170774525,0.06063919537405545,0.8743263558503751
real_busq_1506,d_ln_pob_extranj4,-0.12424718897832666,0.13275662637139826,0.34932365960297773
real_busq_1506,d_ln_ipv_real_l4,0.3626528409679162,0.1040220406697032,0.0004897373495999916
real_busq_1506,d_ln_credito_nuevo,0.04031238282301537,0.013326061859287678,0.0024856862724523194
real_busq_1507,ect_l1,-0.15881693925332463,0.050952372500595595,0.0018272110483313982
real_busq_1507,d_ln_ocupados_l1,0.3707293067735227,0.35133950915370066,0.2913392565276609
real_busq_1507,d_tipo_hip,-0.0066750314962691955,0.0073938059187166295,0.36663897837365067
real_busq_1507,d_ln_permisos_l4,0.010256681844029376,0.01583989764368971,0.517294175385727
real_busq_1507,d_ln_costes,-0.012986531523236202,0.09418099231601172,0.890328071302646
real_busq_1507,d_ln_pob_total,0.7815317490696085,2.0405880728450847,0.7017246631422593
real_busq_1508,ect_l1,-0.13297355006723338,0.043078257026101345,0.002023302101253413
real_busq_1508,d_ln_ocupados_l1,0.42843050485151074,0.23354592583512615,0.06658583816229643
real_busq_1508,d_tipo_hip,0.0014122134860769574,0.007262798208401544,0.845827598732739
real_busq_1508,d_ln_permisos_l4,-0.0015717360020879958,0.012669363912883562,0.9012693489787292
real_busq_1508,d_ln_costes,-0.009491009481095884,0.06519280561791009,0.8842500409230094
real_busq_1508,d_ln_pob_total,1.555325885698613,1.805392983900273,0.3889688716862588
real_busq_1508,d_ln_credito_nuevo,0.049814582487619496,0.015466905536776059,0.0012786870631310893
real_busq_1509,ect_l1,-0.1379735665852225,0.04210787331863297,0.001050393995182443
real_busq_1509,d_ln_ocupados_l1,0.2681336731272157,0.31304107756408767,0.39169656375752615
real_busq_1509,d_tipo_hip,-0.007113462047592968,0.006422734156965726,0.268058707747989
real_busq_1509,d_ln_permisos_l4,0.009233635789775818,0.014261697249334357,0.5173452857111969
real_busq_1509,d_ln_costes,-0.0519316515036115,0.09687403645643641,0.5919074135633229
real_busq_1509,d_ln_pob_total,0.2704213682924686,1.6591201723984648,0.8705256574170033
real_busq_1509,d_ln_ipv_real_l1,0.21291347940493013,0.09806129796062037,0.02991390822848456
real_busq_1510,ect_l1,-0.1042859498518361,0.03551364567716568,0.0033193492317069545
real_busq_1510,d_ln_ocupados_l1,0.3005157847327121,0.1610579317240595,0.06205727784517296
real_busq_1510,d_tipo_hip,0.0014292026534510436,0.0058211215946140475,0.8060537072554541
real_busq_1510,d_ln_permisos_l4,-0.0037388881663484477,0.011257647840098674,0.7397987716848986
real_busq_1510,d_ln_costes,-0.059370431155881795,0.06017411698484933,0.3238171945979119
real_busq_1510,d_ln_pob_total,0.9530409486140918,1.2074867272494636,0.42995039398202584
real_busq_1510,d_ln_ipv_real_l1,0.27406515618321836,0.09901511377626114,0.005641662632938501
real_busq_1510,d_ln_credito_nuevo,0.05339545072530719,0.017794488668254484,0.002693832324899402
real_busq_1511,ect_l1,-0.14005913215774815,0.045699635072837856,0.002178332806991553
real_busq_1511,d_ln_ocupados_l1,0.253464302881025,0.23922028226099384,0.2893523146173568
real_busq_1511,d_tipo_hip,-0.007228327997087308,0.0070346816400224076,0.3041721994365474
real_busq_1511,d_ln_permisos_l4,-0.003330277167472846,0.014384399997654927,0.8169108021857386
real_busq_1511,d_ln_costes,0.002966946064899288,0.07133725041393311,0.9668252119485988
real_busq_1511,d_ln_pob_total,-1.4080606167748178,1.5028561637459523,0.3487981291989046
real_busq_1511,d_ln_ipv_real_l4,0.4320226835272205,0.14050241675419076,0.0021061434032464085
real_busq_1512,ect_l1,-0.12277608285353361,0.03945928776018805,0.0018616329727101013
real_busq_1512,d_ln_ocupados_l1,0.3272912626395947,0.17124848730326694,0.05597801845530581
real_busq_1512,d_tipo_hip,-0.00039764116601665876,0.0067457121888753946,0.9529941253829006
real_busq_1512,d_ln_permisos_l4,-0.010133193400938175,0.01175119893968813,0.3885161534281433
real_busq_1512,d_ln_costes,0.002333924317726075,0.05887335722435889,0.9683776394630387
real_busq_1512,d_ln_pob_total,-0.28139018820970724,1.3447311326311129,0.8342500640868109
real_busq_1512,d_ln_ipv_real_l4,0.33636276657346753,0.09722779918879051,0.0005411132406269539
real_busq_1512,d_ln_credito_nuevo,0.04131999100371824,0.013662983031207113,0.0024926759031475357
real_busq_1513,ect_l1,-0.13955300882064817,0.046831707772332164,0.002883585193941566
real_busq_1513,d_ln_ocupados_l1,0.538851359365712,0.2580823972408274,0.03680646388653719
real_busq_1513,d_tipo_hip,-0.010762615016139924,0.006064055294735178,0.07592738417186762
real_busq_1513,d_ln_permisos_l4,0.01075065444213011,0.013069173158670538,0.4107375617513356
real_busq_1513,d_ln_costes,-0.023845656744541456,0.060721328949603894,0.69453631578574
real_busq_1513,d_ln_renta_hog_real,0.25602041165640116,0.08102677320685334,0.0015793088611855493
real_busq_1514,ect_l1,-0.12163972005300529,0.04309153711497227,0.004760305795868563
real_busq_1514,d_ln_ocupados_l1,0.5457912599515037,0.21275864401638203,0.01030845225400525
real_busq_1514,d_tipo_hip,-0.0024010272253728497,0.006057053906172909,0.6918086196251587
real_busq_1514,d_ln_permisos_l4,0.0026009154953071287,0.010158576866437393,0.7979265277770716
real_busq_1514,d_ln_costes,-0.006136710721210299,0.05730496043578665,0.9147186531762633
real_busq_1514,d_ln_renta_hog_real,0.19102820217303962,0.08598066487650773,0.026299686430154057
real_busq_1514,d_ln_credito_nuevo,0.044753700424803075,0.016716430438278623,0.007423403622770883
real_busq_1515,ect_l1,-0.127016652265967,0.04153191092678997,0.0022260360227181804
real_busq_1515,d_ln_ocupados_l1,0.43924984503074277,0.23178453363402826,0.05808202615669258
real_busq_1515,d_tipo_hip,-0.010492704176772477,0.005622908123612808,0.06203246783864777
real_busq_1515,d_ln_permisos_l4,0.009174276492392577,0.013132650787406967,0.484811247202923
real_busq_1515,d_ln_costes,-0.054202265438475165,0.06556324897596472,0.4083973716670146
real_busq_1515,d_ln_renta_hog_real,0.21792360334319505,0.08224407842103368,0.008055901476921125
real_busq_1515,d_ln_ipv_real_l1,0.15611535933996026,0.08032060291981341,0.05193734220853135
real_busq_1516,ect_l1,-0.09980475031616677,0.036515384919183824,0.006271753804211775
real_busq_1516,d_ln_ocupados_l1,0.3890184100974008,0.14040604882507982,0.005594160035233475
real_busq_1516,d_tipo_hip,-0.0010382002448116729,0.005601032489319001,0.852947679518167
real_busq_1516,d_ln_permisos_l4,-0.0008047688006909728,0.010758079493427474,0.9403690748311625
real_busq_1516,d_ln_costes,-0.052172675638425405,0.05141056271649192,0.3101897057714653
real_busq_1516,d_ln_renta_hog_real,0.12349235433287681,0.08173755573180358,0.13082926552235122
real_busq_1516,d_ln_ipv_real_l1,0.2469431694227218,0.09980437340240046,0.013350799695136058
real_busq_1516,d_ln_credito_nuevo,0.04976281981384455,0.0195233729622029,0.010806813092878054
real_busq_1517,ect_l1,-0.12765037622105013,0.043821070870440675,0.003579851498761379
real_busq_1517,d_ln_ocupados_l1,0.404358685397663,0.1890699143495055,0.03246217600812022
real_busq_1517,d_tipo_hip,-0.010357642195969978,0.006765399712788781,0.12577614242260193
real_busq_1517,d_ln_permisos_l4,-0.005577168328398765,0.013337607442230328,0.6758348311659415
real_busq_1517,d_ln_costes,-0.029682196304679814,0.050004396431017686,0.5527852120762495
real_busq_1517,d_ln_renta_hog_real,0.1948263901271518,0.08619459555171122,0.023802101348092596
real_busq_1517,d_ln_ipv_real_l4,0.36255801695491213,0.14022020903626656,0.00972003297876905
real_busq_1518,ect_l1,-0.11373470978242907,0.03868852471191586,0.0032847389369658852
real_busq_1518,d_ln_ocupados_l1,0.4313839286034549,0.1605870819031993,0.007224973500579847
real_busq_1518,d_tipo_hip,-0.0030609696863656624,0.006657821275521755,0.6456917560857935
real_busq_1518,d_ln_permisos_l4,-0.010210981932079376,0.010302426393524938,0.3216250410976178
real_busq_1518,d_ln_costes,-0.013187509356453655,0.054947307886426586,0.8103280632195311
real_busq_1518,d_ln_renta_hog_real,0.14713908545392676,0.08340656843896935,0.07771200001998953
real_busq_1518,d_ln_ipv_real_l4,0.3061713240785928,0.10028215724260785,0.002264914289025268
real_busq_1518,d_ln_credito_nuevo,0.03939106265700514,0.015087021468871531,0.009029802477467921
real_busq_1519,ect_l1,-0.134607712863482,0.044507285371402285,0.0024912905448403458
real_busq_1519,d_ln_ocupados_l1,0.5484067670836199,0.251423435235559,0.029168047509974173
real_busq_1519,d_tipo_hip,-0.011052485940235932,0.006390762097014384,0.08372907949903789
real_busq_1519,d_ln_permisos_l4,0.005560393737390083,0.015446048090854512,0.7188560213914477
real_busq_1519,d_ln_costes,-0.04367318473256182,0.06270010144989015,0.4860901563773381
real_busq_1519,d_ln_renta_hog_real,0.25455991581468324,0.08338091782775628,0.0022658428714578704
real_busq_1519,d_ln_pob_extranj,0.1456793350683972,0.1738939981094899,0.402172294430891
real_busq_1520,ect_l1,-0.11464853481447437,0.04019858881547068,0.004343775891674372
real_busq_1520,d_ln_ocupados_l1,0.5587361467777997,0.20021882201014582,0.005260597952793284
real_busq_1520,d_tipo_hip,-0.0026191244769417548,0.006499961511873427,0.6869889704788616
real_busq_1520,d_ln_permisos_l4,-0.004519640997121347,0.011976265136718546,0.7058888663704874
real_busq_1520,d_ln_costes,-0.03234342853306532,0.05530437356634165,0.5586648057164172
real_busq_1520,d_ln_renta_hog_real,0.1877474897418043,0.08468532102144091,0.02662298417993798
real_busq_1520,d_ln_pob_extranj,0.19519947058774187,0.157859373440704,0.21625781048782067
real_busq_1520,d_ln_credito_nuevo,0.04566524058622791,0.016859363974129293,0.006756814126065213
real_busq_1521,ect_l1,-0.1248577432072566,0.040759996531441134,0.0021895273819810966
real_busq_1521,d_ln_ocupados_l1,0.45380744956592795,0.23653547061102334,0.05504006490789545
real_busq_1521,d_tipo_hip,-0.010703524553230011,0.005919348138684983,0.07057119310905194
real_busq_1521,d_ln_permisos_l4,0.005937041617577653,0.014852156755861944,0.6893460197371177
real_busq_1521,d_ln_costes,-0.06452782774829387,0.06667188140073356,0.33312342897111713
real_busq_1521,d_ln_renta_hog_real,0.22017093782777097,0.08242077156501133,0.007555718080469741
real_busq_1521,d_ln_pob_extranj,0.09457335542652139,0.16103955264358857,0.5570238149003732
real_busq_1521,d_ln_ipv_real_l1,0.14302076618240117,0.08908896320111193,0.10841235969881784
real_busq_1522,ect_l1,-0.09700297452581876,0.03577537599327258,0.006699059630883755
real_busq_1522,d_ln_ocupados_l1,0.4068460461853696,0.13827935464905813,0.0032588535197575945
real_busq_1522,d_tipo_hip,-0.0012566159318876747,0.005856185815537008,0.8300953769644133
real_busq_1522,d_ln_permisos_l4,-0.004865530349870991,0.010462813461584628,0.6419094114286472
real_busq_1522,d_ln_costes,-0.06497071630352991,0.05221751138509685,0.21341406504141824
real_busq_1522,d_ln_renta_hog_real,0.12584960010346025,0.08042867992391316,0.11764497182780131
real_busq_1522,d_ln_pob_extranj,0.11730384433381615,0.11684612873631843,0.3154185008047308
real_busq_1522,d_ln_ipv_real_l1,0.2311151339243663,0.09889119385333695,0.019435811935797166
real_busq_1522,d_ln_credito_nuevo,0.04998954007918517,0.0192037849643742,0.009238265290873569
real_busq_1523,ect_l1,-0.13182487109392127,0.043844882851623856,0.0026417037050812135
real_busq_1523,d_ln_ocupados_l1,0.3768177580716494,0.19004217590229694,0.04738852061124216
real_busq_1523,d_tipo_hip,-0.00997660166289661,0.006427409043362341,0.12061521920496016
real_busq_1523,d_ln_permisos_l4,-0.0016701880987954072,0.014597065119340566,0.9089052998408208
real_busq_1523,d_ln_costes,-0.007765659452195323,0.05246960572213878,0.8823403946975741
real_busq_1523,d_ln_renta_hog_real,0.18892686003624523,0.08523041278396588,0.026646323508723428
real_busq_1523,d_ln_pob_extranj,-0.1663307425620698,0.16204515843924966,0.3046810039718908
real_busq_1523,d_ln_ipv_real_l4,0.4073908284775944,0.15181876540977648,0.0072877259251503575
real_busq_1524,ect_l1,-0.11543511766779453,0.03840032417516914,0.0026462415127281973
real_busq_1524,d_ln_ocupados_l1,0.42111074413137883,0.16159850953988172,0.009163124321524368
real_busq_1524,d_tipo_hip,-0.003030744623906689,0.006482937207665702,0.6401453388931517
real_busq_1524,d_ln_permisos_l4,-0.008741947600133864,0.011320132400111586,0.43996766214519645
real_busq_1524,d_ln_costes,-0.005566716222113129,0.05438038170084414,0.9184659645936598
real_busq_1524,d_ln_renta_hog_real,0.14571865721583,0.0836407718513729,0.08147407199734537
real_busq_1524,d_ln_pob_extranj,-0.05966267291246737,0.13205773207956437,0.6514185824027846
real_busq_1524,d_ln_ipv_real_l4,0.32307545514797864,0.10518787616715165,0.0021304793619972818
real_busq_1524,d_ln_credito_nuevo,0.03881637216599938,0.015035251987876643,0.009831761918338835
real_busq_1525,ect_l1,-0.1358204527389552,0.0452122952345431,0.002664026832537843
real_busq_1525,d_ln_ocupados_l1,0.550133874946697,0.2615520119151453,0.035435703151759354
real_busq_1525,d_tipo_hip,-0.011051649881616546,0.00637760316295914,0.08311619382089615
real_busq_1525,d_ln_permisos_l4,0.009441045318374478,0.014058366943423425,0.5018634691198613
real_busq_1525,d_ln_costes,-0.03118810033629414,0.06127917443642943,0.610786533721027
real_busq_1525,d_ln_renta_hog_real,0.25754167780900594,0.08132336561523562,0.0015408168655793827
real_busq_1525,d_ln_pob_extranj4,0.0744416082236144,0.1786813231536581,0.6769588535862607
real_busq_1526,ect_l1,-0.11501068996174663,0.04138279360092327,0.00544944625505104
real_busq_1526,d_ln_ocupados_l1,0.5650720697333876,0.21198988545745992,0.007685988002149638
real_busq_1526,d_tipo_hip,-0.0027580326051235464,0.006314896583380673,0.6622924888843953
real_busq_1526,d_ln_permisos_l4,0.000245146067045105,0.01062776168250152,0.9815971674904863
real_busq_1526,d_ln_costes,-0.018327906005293857,0.05469049471580828,0.7375341883565301
real_busq_1526,d_ln_renta_hog_real,0.19257075157843204,0.08358372123420274,0.021226768998960956
real_busq_1526,d_ln_pob_extranj4,0.12647981638427494,0.16303910241451272,0.4378885241717071
real_busq_1526,d_ln_credito_nuevo,0.0454713285757861,0.01696610904088355,0.007359421133035227
real_busq_1527,ect_l1,-0.12506844257245167,0.04069590250769733,0.0021174520108956855
real_busq_1527,d_ln_ocupados_l1,0.44855537434147785,0.2410632451150922,0.06278128221752254
real_busq_1527,d_tipo_hip,-0.010674395582270397,0.0059359516755887205,0.07213551855722981
real_busq_1527,d_ln_permisos_l4,0.008420598121639292,0.013730470449035977,0.539692409202177
real_busq_1527,d_ln_costes,-0.057893121099622746,0.06640695121385345,0.3833212657342111
real_busq_1527,d_ln_renta_hog_real,0.2197912561257642,0.08179414530842323,0.007206954545980429
real_busq_1527,d_ln_pob_extranj4,0.045067647315894195,0.15614454461708832,0.7728662636602807
real_busq_1527,d_ln_ipv_real_l1,0.15223606350311625,0.08351043921097431,0.0683096792927288
real_busq_1528,ect_l1,-0.09592080258934566,0.03641517594847993,0.008436345177531411
real_busq_1528,d_ln_ocupados_l1,0.40630790184189197,0.1430753439332895,0.004513931413271535
real_busq_1528,d_tipo_hip,-0.001316437721417254,0.00578978965043809,0.8201342667621853
real_busq_1528,d_ln_permisos_l4,-0.002303462677307665,0.010336679171152455,0.8236572423371785
real_busq_1528,d_ln_costes,-0.05915552328775246,0.05136328486632733,0.24944094609569933
real_busq_1528,d_ln_renta_hog_real,0.12637171558335686,0.07963941072900795,0.11255823719807105
real_busq_1528,d_ln_pob_extranj4,0.08543847312138192,0.11712698750736596,0.46572543939689803
real_busq_1528,d_ln_ipv_real_l1,0.24022493484367582,0.09651007999024991,0.01280606128124235
real_busq_1528,d_ln_credito_nuevo,0.05011130928261163,0.019422432747020726,0.009877921137013496
real_busq_1529,ect_l1,-0.13581773087530008,0.04460681349438948,0.002328540885308463
real_busq_1529,d_ln_ocupados_l1,0.3550867335894796,0.19238813912102984,0.06493883920728333
real_busq_1529,d_tipo_hip,-0.00953387025271816,0.006387444577426986,0.13554313398770432
real_busq_1529,d_ln_permisos_l4,-0.004463991838886596,0.012971120104768178,0.7307345922285147
real_busq_1529,d_ln_costes,-0.01108098372945672,0.04963138125085517,0.8233287420624179
real_busq_1529,d_ln_renta_hog_real,0.18197304995244018,0.08764634626864168,0.03787365801673272
real_busq_1529,d_ln_pob_extranj4,-0.19712269064991,0.15596284197110127,0.20626303398815127
real_busq_1529,d_ln_ipv_real_l4,0.41484375718550504,0.14668675526108332,0.004682622957724799
real_busq_1530,ect_l1,-0.11827835838055269,0.0395363462875122,0.002774868731891466
real_busq_1530,d_ln_ocupados_l1,0.40551166381634857,0.16696116310032003,0.015149789575439918
real_busq_1530,d_tipo_hip,-0.0028378478801994586,0.00636179401606996,0.6555418656154639
real_busq_1530,d_ln_permisos_l4,-0.00951771893166449,0.010519382800294167,0.3655823641644328
real_busq_1530,d_ln_costes,-0.004141776046636954,0.052526569382957,0.9371510847924317
real_busq_1530,d_ln_renta_hog_real,0.14186939813922209,0.08533647150941202,0.09641839912120961
real_busq_1530,d_ln_pob_extranj4,-0.10058500881193641,0.13379640406784055,0.45218540253825723
real_busq_1530,d_ln_ipv_real_l4,0.3343750302842626,0.10380419193723646,0.0012765088033377461
real_busq_1530,d_ln_credito_nuevo,0.038326365645820724,0.015044630836211378,0.010849436850972916
real_busq_1531,ect_l1,-0.13937130660523958,0.04644290283828821,0.002691677330778954
real_busq_1531,d_ln_ocupados_l1,0.5394341627879669,0.2574074200668053,0.03611383560121135
real_busq_1531,d_tipo_hip,-0.010779889617944521,0.0062156621545526956,0.08286296325243338
real_busq_1531,d_ln_permisos_l4,0.008877001939504999,0.014991934781766717,0.553771239300743
real_busq_1531,d_ln_costes,-0.032270995252762044,0.06402284113549381,0.6142231443929018
real_busq_1531,d_ln_renta_hog_real,0.2544772770973579,0.08281273845516846,0.0021197224555865907
real_busq_1531,d_ln_pob_total,0.6470439137761076,1.8446951401293696,0.7257689587593209
real_busq_1532,ect_l1,-0.12069130593574677,0.04176922147569211,0.0038588026180621056
real_busq_1532,d_ln_ocupados_l1,0.5472674892388246,0.2064813424011736,0.00803857594294588
real_busq_1532,d_tipo_hip,-0.0021792366409121196,0.006545506847382216,0.739182389595129
real_busq_1532,d_ln_permisos_l4,-0.0017060722493017042,0.01219256987043417,0.888717504607507
real_busq_1532,d_ln_costes,-0.023819343556896022,0.054547466894632725,0.6623493434219669
real_busq_1532,d_ln_renta_hog_real,0.1856745632648112,0.08678431188256668,0.03239563593765108
real_busq_1532,d_ln_pob_total,1.4001336521325196,1.7270453173758982,0.4175319821807282
real_busq_1532,d_ln_credito_nuevo,0.04614086040745884,0.017259105942849566,0.007508190450083476
real_busq_1533,ect_l1,-0.1272320080016566,0.04185503098327541,0.0023671492771204262
real_busq_1533,d_ln_ocupados_l1,0.4419018257923586,0.23788224067547867,0.06321880404371759
real_busq_1533,d_tipo_hip,-0.010507178922024575,0.005718706579514582,0.06616047746664273
real_busq_1533,d_ln_permisos_l4,0.00834193163126377,0.014148662804078796,0.555464537204458
real_busq_1533,d_ln_costes,-0.057388797090566594,0.06785324704916226,0.39767648948401013
real_busq_1533,d_ln_renta_hog_real,0.2181178955953088,0.08209575928549434,0.007886946366494087
real_busq_1533,d_ln_pob_total,0.3004561056346887,1.6254409542099089,0.8533499005447519
real_busq_1533,d_ln_ipv_real_l1,0.15238282503875183,0.08609480519954975,0.07673677742796367
real_busq_1534,ect_l1,-0.10008199284700067,0.036452526479336333,0.006041077976987332
real_busq_1534,d_ln_ocupados_l1,0.39652823241024193,0.14154378983027469,0.005087309799775554
real_busq_1534,d_tipo_hip,-0.0009471972467936569,0.00588261642577137,0.8720805471328335
real_busq_1534,d_ln_permisos_l4,-0.003531933319752988,0.01117667002260533,0.7519953371774966
real_busq_1534,d_ln_costes,-0.06203483429220801,0.05119993601796805,0.22565811586281526
real_busq_1534,d_ln_renta_hog_real,0.1227377528237807,0.08185827188416321,0.13377160406998323
real_busq_1534,d_ln_pob_total,0.9326483073857165,1.2524759327565966,0.45648714511600086
real_busq_1534,d_ln_ipv_real_l1,0.23666287500747643,0.09501256294279972,0.012743476620253935
real_busq_1534,d_ln_credito_nuevo,0.050478295521415244,0.019505779791449865,0.00965732419400087
real_busq_1535,ect_l1,-0.1269473855285044,0.04415995559255677,0.004043894753953739
real_busq_1535,d_ln_ocupados_l1,0.3910231423978057,0.18317402460009524,0.032784830442467404
real_busq_1535,d_tipo_hip,-0.010285739596101951,0.006412354845657204,0.1087029697375622
real_busq_1535,d_ln_permisos_l4,-0.00321858725312841,0.013859668364308823,0.8163618173333407
real_busq_1535,d_ln_costes,-0.012973963820271812,0.050234319228624015,0.7961993641497882
real_busq_1535,d_ln_renta_hog_real,0.192457883504557,0.08473304777264495,0.02312617312171869
real_busq_1535,d_ln_pob_total,-1.323619209789606,1.419286030236922,0.3510290597339406
real_busq_1535,d_ln_ipv_real_l4,0.39529336199130904,0.1412167541612023,0.005123004322778035
real_busq_1536,ect_l1,-0.11373045837229184,0.03884611035521687,0.0034145953876289297
real_busq_1536,d_ln_ocupados_l1,0.42827562825864196,0.16054394811230924,0.007638298380163311
real_busq_1536,d_tipo_hip,-0.003121642758757548,0.006560796795369936,0.6342151710030428
real_busq_1536,d_ln_permisos_l4,-0.009662753538292304,0.011515920869581942,0.40142565337999825
real_busq_1536,d_ln_costes,-0.009816993831409132,0.0516047889391191,0.8491256416787479
real_busq_1536,d_ln_renta_hog_real,0.14713311451781985,0.08338505577225143,0.0776474649589284
real_busq_1536,d_ln_pob_total,-0.28060608267524684,1.3267276731214823,0.8324952621929493
real_busq_1536,d_ln_ipv_real_l4,0.3136978486942096,0.09708008081796127,0.0012321527832550485
real_busq_1536,d_ln_credito_nuevo,0.0389812284418328,0.015502389233862124,0.011919103845655614
real_busq_1537,ect_l1,-0.16983136035524038,0.044250093731453354,0.00012404618177171142
real_busq_1537,d_ln_ocupados_l1,0.4240212649974087,0.3695114306750484,0.2511673219735435
real_busq_1537,d_tipo_hip_l1,-0.011872102535913528,0.0044578532892227875,0.007740409595956327
real_busq_1538,ect_l1,-0.13183465728294075,0.04075320788171514,0.0012166332905300334
real_busq_1538,d_ln_ocupados_l1,0.5051408881246248,0.2844735209849545,0.07578164876750042
real_busq_1538,d_tipo_hip_l1,-0.00896821144883735,0.004076103733468019,0.027793264815543235
real_busq_1538,d_ln_credito_nuevo,0.04618356813941528,0.014798570295789838,0.0018035262109774037
real_busq_1539,ect_l1,-0.15465166202207897,0.03532147013600473,1.1955164498979676e-05
real_busq_1539,d_ln_ocupados_l1,0.31185760511628374,0.34328092857476405,0.3636342953135373
real_busq_1539,d_tipo_hip_l1,-0.00979623793145536,0.0043990139907299445,0.025952838288924043
real_busq_1539,d_ln_ipv_real_l1,0.16996786628957453,0.10717646071717758,0.11276894524757573
real_busq_1540,ect_l1,-0.1050989395017384,0.03581132178015849,0.0033376657356786765
real_busq_1540,d_ln_ocupados_l1,0.344760430901222,0.18980430550440036,0.0693091237350077
real_busq_1540,d_tipo_hip_l1,-0.005547484955989149,0.003725396784361292,0.13646127779728226
real_busq_1540,d_ln_ipv_real_l1,0.2556600146779592,0.11089638586669466,0.021144440497573115
real_busq_1540,d_ln_credito_nuevo,0.050927421238901004,0.0176184441785892,0.003845386689762686
real_busq_1541,ect_l1,-0.13980281476160272,0.03767119150590537,0.00020633337482608483
real_busq_1541,d_ln_ocupados_l1,0.29004479365458397,0.25484967071481496,0.25507809999623987
real_busq_1541,d_tipo_hip_l1,-0.014032737248176018,0.004123274756335293,0.0006657735580041258
real_busq_1541,d_ln_ipv_real_l4,0.3914836633898461,0.13665070192943793,0.004172077812776416
real_busq_1542,ect_l1,-0.11222469428079548,0.03512219562720185,0.0013970288958671392
real_busq_1542,d_ln_ocupados_l1,0.38143547128422256,0.2014220564690388,0.058263177829276584
real_busq_1542,d_tipo_hip_l1,-0.011193744683786248,0.00388558686126477,0.003966199558841095
real_busq_1542,d_ln_ipv_real_l4,0.3272251839139173,0.10077691975408076,0.0011661812099958218
real_busq_1542,d_ln_credito_nuevo,0.03951107981525754,0.013043786370947125,0.002452743578538899
real_busq_1543,ect_l1,-0.15946527085956202,0.04056895251440881,8.46911815720045e-05
real_busq_1543,d_ln_ocupados_l1,0.4220912307545963,0.3513056755356475,0.22956010767635027
real_busq_1543,d_tipo_hip_l1,-0.01309874005393539,0.004408678733898248,0.0029671001142384896
real_busq_1543,d_ln_pob_extranj,0.19184989623647147,0.1462941407939638,0.18972321281597837
real_busq_1544,ect_l1,-0.11871810308562505,0.03839283599173592,0.001986828525155301
real_busq_1544,d_ln_ocupados_l1,0.5043422258912457,0.2605669109841279,0.052921925938213175
real_busq_1544,d_tipo_hip_l1,-0.010382417275991323,0.004034577134513214,0.01007165393293822
real_busq_1544,d_ln_pob_extranj,0.22964963415719505,0.1360203438889408,0.09134450455336467
real_busq_1544,d_ln_credito_nuevo,0.047044186395736085,0.014651473526109909,0.0013232719865932077
real_busq_1545,ect_l1,-0.1502219000167176,0.03455478587889352,1.3778948791292e-05
real_busq_1545,d_ln_ocupados_l1,0.3269135424972959,0.3459436300036415,0.3446635805684434
real_busq_1545,d_tipo_hip_l1,-0.010882823057900297,0.004472088373329295,0.014953672357899201
real_busq_1545,d_ln_pob_extranj,0.12278835815015653,0.13290673998209948,0.3555547553442525
real_busq_1545,d_ln_ipv_real_l1,0.14528089411449988,0.11722025031393915,0.21520335106363497
real_busq_1546,ect_l1,-0.10065971527683454,0.03537859720449402,0.00443814562260155
real_busq_1546,d_ln_ocupados_l1,0.3598428111490089,0.188768019806879,0.05661518574663769
real_busq_1546,d_tipo_hip_l1,-0.006635699023451977,0.003521929719552119,0.05955025070306291
real_busq_1546,d_ln_pob_extranj,0.12299269122733104,0.09719349956064334,0.20571309417550554
real_busq_1546,d_ln_ipv_real_l1,0.2309355760487576,0.11360142204185093,0.04206685673623214
real_busq_1546,d_ln_credito_nuevo,0.05092956985469515,0.017110529179515763,0.0029155465040540413
real_busq_1547,ect_l1,-0.14502278643148558,0.03740956509281091,0.00010591620825954352
real_busq_1547,d_ln_ocupados_l1,0.27410690730145304,0.25583809836799354,0.28398615432582086
real_busq_1547,d_tipo_hip_l1,-0.01323161561850112,0.004187966983387073,0.0015807455999445508
real_busq_1547,d_ln_pob_extranj,-0.16980696474660176,0.13329281827584916,0.20268491541715994
real_busq_1547,d_ln_ipv_real_l4,0.4430463415812557,0.146977646595778,0.002575058453572976
real_busq_1548,ect_l1,-0.11448421491590755,0.03421877789120115,0.0008208855426497419
real_busq_1548,d_ln_ocupados_l1,0.3744251385400946,0.2030867714682421,0.06523113952622805
real_busq_1548,d_tipo_hip_l1,-0.010956615826399032,0.003948656079233326,0.005524061312972796
real_busq_1548,d_ln_pob_extranj,-0.059592612885934294,0.10906393022434306,0.584790497113574
real_busq_1548,d_ln_ipv_real_l4,0.34631710538330485,0.10409310707714779,0.0008778837658806645
real_busq_1548,d_ln_credito_nuevo,0.03889844919495131,0.01305094670704242,0.0028777085628590915
real_busq_1549,ect_l1,-0.16398424293726616,0.042707107819636415,0.00012316405650697582
real_busq_1549,d_ln_ocupados_l1,0.4339288327875256,0.3698552354146848,0.24069970957017717
real_busq_1549,d_tipo_hip_l1,-0.01256554555658292,0.0045656298845731845,0.005919560436199642
real_busq_1549,d_ln_pob_extranj4,0.10534489179238458,0.1711276871935695,0.5381636143156401
real_busq_1550,ect_l1,-0.12191347013696548,0.040422937582399496,0.0025617734810013002
real_busq_1550,d_ln_ocupados_l1,0.522304341323601,0.2814093094651883,0.06344917032135575
real_busq_1550,d_tipo_hip_l1,-0.009988693119007248,0.004198020542929012,0.01734170992189672
real_busq_1550,d_ln_pob_extranj4,0.16432198055049915,0.15411765110193543,0.2863281368667836
real_busq_1550,d_ln_credito_nuevo,0.047156636865970526,0.014923818904980827,0.0015786462396945515
real_busq_1551,ect_l1,-0.1521831294621417,0.03477465566653054,1.2072988838947692e-05
real_busq_1551,d_ln_ocupados_l1,0.3219540668627836,0.35458530871318017,0.3638922181577695
real_busq_1551,d_tipo_hip_l1,-0.01025523655758934,0.004530198789678307,0.02358950828056369
real_busq_1551,d_ln_pob_extranj4,0.05620388606945649,0.14926042984030632,0.7065086926028117
real_busq_1551,d_ln_ipv_real_l1,0.16267817100538454,0.11290094621478425,0.14961494423166352
real_busq_1552,ect_l1,-0.10055205521463233,0.03652812557534001,0.0059100674723126054
real_busq_1552,d_ln_ocupados_l1,0.36219847922132603,0.1976318050199831,0.06684819853276353
real_busq_1552,d_tipo_hip_l1,-0.006301024392946192,0.0035802347830252044,0.07841674937088496
real_busq_1552,d_ln_pob_extranj4,0.09582181885435981,0.10672468207469113,0.36927020511424935
real_busq_1552,d_ln_ipv_real_l1,0.24381684882176163,0.10880578236539874,0.025036143452976268
real_busq_1552,d_ln_credito_nuevo,0.05127509748220766,0.017381428361705996,0.003177808046585392
real_busq_1553,ect_l1,-0.1470728898685675,0.038517524248571605,0.00013435428398383213
real_busq_1553,d_ln_ocupados_l1,0.252047032681272,0.2500837907840311,0.31352631663421204
real_busq_1553,d_tipo_hip_l1,-0.012975973631275154,0.004304413860340267,0.002573405194549182
real_busq_1553,d_ln_pob_extranj4,-0.2061348651497523,0.13722303660860166,0.13304843842425895
real_busq_1553,d_ln_ipv_real_l4,0.4458656487056916,0.14081778523311553,0.0015441297980082497
real_busq_1554,ect_l1,-0.1162949988626315,0.035776927687679705,0.0011517854149881426
real_busq_1554,d_ln_ocupados_l1,0.3616242545677222,0.2063894655049617,0.07974889101663098
real_busq_1554,d_tipo_hip_l1,-0.010791966585329419,0.004068005688368099,0.007980616601679296
real_busq_1554,d_ln_pob_extranj4,-0.09372707366287142,0.11754667634837931,0.42524170748631884
real_busq_1554,d_ln_ipv_real_l4,0.35373378948364886,0.1014706692883301,0.0004901739245159989
real_busq_1554,d_ln_credito_nuevo,0.038415514162826,0.013218347495902422,0.0036581633173502996
real_busq_1555,ect_l1,-0.1672557134330061,0.04280339744172879,9.324308029746893e-05
real_busq_1555,d_ln_ocupados_l1,0.42052178020738296,0.36592741978888643,0.250475786036763
real_busq_1555,d_tipo_hip_l1,-0.01262406960365212,0.004559213141625975,0.00562434597946686
real_busq_1555,d_ln_pob_total,1.1984810055468642,1.737553249551822,0.49035009488037573
real_busq_1556,ect_l1,-0.12675035348903985,0.03916236777530235,0.0012099061014204673
real_busq_1556,d_ln_ocupados_l1,0.5023339897881667,0.2746294566454031,0.06737958397104174
real_busq_1556,d_tipo_hip_l1,-0.010020157407500488,0.004150889866584098,0.015779408947492288
real_busq_1556,d_ln_pob_total,1.8195704656465068,1.585937020360706,0.25125116161471583
real_busq_1556,d_ln_credito_nuevo,0.04761037280882421,0.01497627185272488,0.0014775670228422263
real_busq_1557,ect_l1,-0.15432257292492055,0.035252469940077816,1.1997207147882818e-05
real_busq_1557,d_ln_ocupados_l1,0.3180193490396639,0.35259413901054515,0.3670878504500349
real_busq_1557,d_tipo_hip_l1,-0.010362147623756143,0.00455697773278876,0.022971525184167486
real_busq_1557,d_ln_pob_total,0.6630795204451709,1.5736014478737685,0.6734797821464746
real_busq_1557,d_ln_ipv_real_l1,0.15769667768433748,0.1180064006636114,0.18143815623544757
real_busq_1558,ect_l1,-0.10409861349253487,0.035870629546108763,0.0037072101611368468
real_busq_1558,d_ln_ocupados_l1,0.354973295731101,0.19517668891083975,0.06895294815365595
real_busq_1558,d_tipo_hip_l1,-0.006416264392161268,0.0034320606416251547,0.06155218924413184
real_busq_1558,d_ln_pob_total,1.065332427246561,1.1161821466536317,0.339859362556476
real_busq_1558,d_ln_ipv_real_l1,0.23676012767305657,0.10828535457502672,0.028782959383379388
real_busq_1558,d_ln_credito_nuevo,0.051412101491727924,0.01728029690083579,0.002928107222104845
real_busq_1559,ect_l1,-0.1398844448313499,0.03837950871064896,0.00026763204423914557
real_busq_1559,d_ln_ocupados_l1,0.28239614486681086,0.24668650682753918,0.2523097661644499
real_busq_1559,d_tipo_hip_l1,-0.013458751250898897,0.004201547961352806,0.0013586993243547333
real_busq_1559,d_ln_pob_total,-1.2015904731539775,1.257431246798764,0.33927871307565693
real_busq_1559,d_ln_ipv_real_l4,0.4240854074204785,0.13752909670206237,0.0020450894223949753
real_busq_1560,ect_l1,-0.11239952083078865,0.03516670491317239,0.0013925468821375919
real_busq_1560,d_ln_ocupados_l1,0.3798173609075985,0.20203699000323183,0.060116294794096865
real_busq_1560,d_tipo_hip_l1,-0.011129748345424219,0.00397060385225538,0.005062390727845397
real_busq_1560,d_ln_pob_total,-0.16916992929542632,1.169627661911903,0.8849984998380231
real_busq_1560,d_ln_ipv_real_l4,0.33219570620161915,0.09758619258420453,0.0006637610087149178
real_busq_1560,d_ln_credito_nuevo,0.03927707176395458,0.013465899288315892,0.0035366462072210256
real_busq_1561,ect_l1,-0.1551563091549254,0.040324771523881045,0.00011924778956802535
real_busq_1561,d_ln_ocupados_l1,0.5513373193234747,0.2647789421213488,0.037319169005209964
real_busq_1561,d_tipo_hip_l1,-0.013378607348425293,0.00407223396903884,0.001018652175745659
real_busq_1561,d_ln_renta_hog_real,0.23952957584758508,0.0861804445881501,0.005446010307562222
real_busq_1562,ect_l1,-0.12164749219678433,0.03967282086549519,0.0021674910475747273
real_busq_1562,d_ln_ocupados_l1,0.6066134635607737,0.24011732904253363,0.011526409242951627
real_busq_1562,d_tipo_hip_l1,-0.01037245172273018,0.0039246221563774605,0.008219511308884764
real_busq_1562,d_ln_renta_hog_real,0.19894780215810717,0.08240526359610374,0.015767169609438858
real_busq_1562,d_ln_credito_nuevo,0.043750701159133425,0.01668848758291078,0.008751558842943905
real_busq_1563,ect_l1,-0.14803839603253244,0.035471216299060984,2.9998259132388297e-05
real_busq_1563,d_ln_ocupados_l1,0.4714005179588873,0.2679832066099298,0.07856606413804283
real_busq_1563,d_tipo_hip_l1,-0.011997738077711512,0.004237798830498025,0.004638459422106694
real_busq_1563,d_ln_renta_hog_real,0.21174918908163176,0.08665420305393974,0.01454108394555126
real_busq_1563,d_ln_ipv_real_l1,0.0987569882034519,0.09279538845940749,0.2872179215293599
real_busq_1564,ect_l1,-0.10336158314459606,0.0362134692974756,0.004314123794331459
real_busq_1564,d_ln_ocupados_l1,0.44628988620034254,0.17436336636501182,0.010481100873736845
real_busq_1564,d_tipo_hip_l1,-0.007189632275478161,0.004112098262256086,0.0803931184448182
real_busq_1564,d_ln_renta_hog_real,0.13699174697815678,0.08562462595119753,0.10961841669115738
real_busq_1564,d_ln_ipv_real_l1,0.20519554985350677,0.11142106091032371,0.06553036505696513
real_busq_1564,d_ln_credito_nuevo,0.048315810162230834,0.01931722899736634,0.01237812735364776
real_busq_1565,ect_l1,-0.13199210569611175,0.03659244619145925,0.0003096548769578926
real_busq_1565,d_ln_ocupados_l1,0.39266194934473003,0.19002342770194705,0.038791948153123576
real_busq_1565,d_tipo_hip_l1,-0.014916026986662194,0.004118093270693439,0.0002922536645738617
real_busq_1565,d_ln_renta_hog_real,0.170791867798976,0.09114829223610765,0.060960722688872815
real_busq_1565,d_ln_ipv_real_l4,0.3568957366640319,0.1362190880989548,0.00879265002485683
real_busq_1566,ect_l1,-0.10638878752132438,0.034783502854637376,0.002223745800422525
real_busq_1566,d_ln_ocupados_l1,0.46651234414947734,0.17953534305808194,0.009364760838803783
real_busq_1566,d_tipo_hip_l1,-0.012038527396417845,0.003989459033264025,0.002547984878311698
real_busq_1566,d_ln_renta_hog_real,0.14631711420728216,0.07923169933801867,0.06479075060036568
real_busq_1566,d_ln_ipv_real_l4,0.2995871586409343,0.09698690688466413,0.0020086905681512006
real_busq_1566,d_ln_credito_nuevo,0.038285386457282515,0.014710488048533874,0.009252220859163206
real_busq_1567,ect_l1,-0.14689671807102117,0.037634502591627685,9.491118571049754e-05
real_busq_1567,d_ln_ocupados_l1,0.5457276319194272,0.25017691630111816,0.029156293488308813
real_busq_1567,d_tipo_hip_l1,-0.014363181212560264,0.0040878637237517675,0.000442052236702524
real_busq_1567,d_ln_renta_hog_real,0.23202982712385092,0.09046255493208848,0.010319758818404735
real_busq_1567,d_ln_pob_extranj,0.16136779459231637,0.13047999083586986,0.21618939926525005
real_busq_1568,ect_l1,-0.11058227457232851,0.037947706634579546,0.0035674986966746087
real_busq_1568,d_ln_ocupados_l1,0.6006782870622042,0.22019794527312953,0.006373865348990008
real_busq_1568,d_tipo_hip_l1,-0.01154972219761875,0.003929765344590301,0.0032923472790392806
real_busq_1568,d_ln_renta_hog_real,0.1886949035450894,0.08350654920805174,0.023843480416963582
real_busq_1568,d_ln_pob_extranj,0.20292598419401028,0.12600402521049428,0.10729480191606092
real_busq_1568,d_ln_credito_nuevo,0.04463655112129905,0.01656876218518544,0.007059625546507042
real_busq_1569,ect_l1,-0.14332130016897882,0.034861623910682975,3.9369649733320926e-05
real_busq_1569,d_ln_ocupados_l1,0.4883663499544566,0.2687299001947257,0.06916919549705171
real_busq_1569,d_tipo_hip_l1,-0.01315874856583078,0.0043682525468641585,0.002592251086654287
real_busq_1569,d_ln_renta_hog_real,0.213191020574053,0.08593082091981095,0.013102868622163429
real_busq_1569,d_ln_pob_extranj,0.12950474751256322,0.1310585703320214,0.32308210107474433
real_busq_1569,d_ln_ipv_real_l1,0.07223478017410327,0.1002412598849704,0.4711499545179255
real_busq_1570,ect_l1,-0.09874683012206527,0.03588139606475281,0.005922633024452056
real_busq_1570,d_ln_ocupados_l1,0.4629859068678108,0.17235226500388903,0.007225318419615998
real_busq_1570,d_tipo_hip_l1,-0.00833381333795967,0.003937188228670788,0.03428602834398055
real_busq_1570,d_ln_renta_hog_real,0.13844906441906993,0.08483615416616207,0.10268827482338981
real_busq_1570,d_ln_pob_extranj,0.12734381405396264,0.10021600619435107,0.20383775724192643
real_busq_1570,d_ln_ipv_real_l1,0.1790595919748989,0.11125222113023722,0.1075087398890983
real_busq_1570,d_ln_credito_nuevo,0.04829025248570752,0.018797653269823827,0.010200684373031866
real_busq_1571,ect_l1,-0.13707064305006478,0.03614639946821695,0.00014938070619943623
real_busq_1571,d_ln_ocupados_l1,0.3762212577127857,0.19300528284021778,0.051262045170499426
real_busq_1571,d_tipo_hip_l1,-0.014140354479399143,0.0040498145776521775,0.0004801269769601212
real_busq_1571,d_ln_renta_hog_real,0.16876532582847095,0.08895879140412626,0.05781236398241084
real_busq_1571,d_ln_pob_extranj,-0.16219121798752356,0.13333590966533454,0.22382853628724797
real_busq_1571,d_ln_ipv_real_l4,0.4065562630559378,0.14970497297459984,0.006613252400949121
real_busq_1572,ect_l1,-0.10853974504481213,0.033876534485758995,0.0013554180743103543
real_busq_1572,d_ln_ocupados_l1,0.4596851811232354,0.1803316163212252,0.010799813587517968
real_busq_1572,d_tipo_hip_l1,-0.011812258821686935,0.003978157256291818,0.002984994346695094
real_busq_1572,d_ln_renta_hog_real,0.14598140790964434,0.07911541531008134,0.06501278172153298
real_busq_1572,d_ln_pob_extranj,-0.05637622707530558,0.10674532464222283,0.5974037866568289
real_busq_1572,d_ln_ipv_real_l4,0.3177120458346252,0.10040549278361639,0.0015546207761799222
real_busq_1572,d_ln_credito_nuevo,0.03770863348477368,0.014651971385429598,0.010064020641333939
real_busq_1573,ect_l1,-0.1495825764890137,0.03850160178539482,0.0001022877395060864
real_busq_1573,d_ln_ocupados_l1,0.5605073884995186,0.261701031825948,0.032210773471387184
real_busq_1573,d_tipo_hip_l1,-0.014040254258641974,0.004059671003744876,0.0005432508416607345
real_busq_1573,d_ln_renta_hog_real,0.23888833970159612,0.08760399515531411,0.006393018787397496
real_busq_1573,d_ln_pob_extranj4,0.10112724066146968,0.15223793660710785,0.5065169024813616
real_busq_1574,ect_l1,-0.11221795576927653,0.03941512666747741,0.004412249460268893
real_busq_1574,d_ln_ocupados_l1,0.6221304195700353,0.23395246838296735,0.007832246068960136
real_busq_1574,d_tipo_hip_l1,-0.011338979582493637,0.003973039679725974,0.00431751194297403
real_busq_1574,d_ln_renta_hog_real,0.197059254820711,0.08083550362590723,0.014777723777055695
real_busq_1574,d_ln_pob_extranj4,0.15778057451075284,0.14277655629930078,0.26912171631248394
real_busq_1574,d_ln_credito_nuevo,0.044708127933787256,0.016818011781826032,0.007852476382170312
real_busq_1575,ect_l1,-0.1446699740591864,0.03475240262482977,3.142628127384337e-05
real_busq_1575,d_ln_ocupados_l1,0.4867383200445317,0.2751808727624377,0.07692823209868549
real_busq_1575,d_tipo_hip_l1,-0.012635509828177318,0.004253971042241382,0.0029752279932066736
real_busq_1575,d_ln_renta_hog_real,0.21424351643333583,0.0850483499988435,0.011766223854527719
real_busq_1575,d_ln_pob_extranj4,0.07491901140193201,0.14400306255222733,0.6028824773262165
real_busq_1575,d_ln_ipv_real_l1,0.08820108621401727,0.09624522255243162,0.3594464349483565
real_busq_1576,ect_l1,-0.09829248131323984,0.03693368452492141,0.0077834143725093
real_busq_1576,d_ln_ocupados_l1,0.46782466692783514,0.17846921256069923,0.008759036178275436
real_busq_1576,d_tipo_hip_l1,-0.008059608122172292,0.003914503723802152,0.039502928008971316
real_busq_1576,d_ln_renta_hog_real,0.14001550240591987,0.0832368235529902,0.09254283201881955
real_busq_1576,d_ln_pob_extranj4,0.10601897146249528,0.10753756551209785,0.3241927490255119
real_busq_1576,d_ln_ipv_real_l1,0.19097818089198396,0.10679707307428239,0.07373822717727943
real_busq_1576,d_ln_credito_nuevo,0.048642840483674794,0.019037330148242753,0.010614835227025205
real_busq_1577,ect_l1,-0.1387768463174602,0.037349754813812815,0.00020271997952843343
real_busq_1577,d_ln_ocupados_l1,0.3541623203492615,0.19077607055060825,0.06339236682834755
real_busq_1577,d_tipo_hip_l1,-0.013942204867175302,0.004126844206707771,0.00072904163956157
real_busq_1577,d_ln_renta_hog_real,0.16239370217361299,0.09075629818739846,0.07356038161744353
real_busq_1577,d_ln_pob_extranj4,-0.18148393846415203,0.13430616288471708,0.1766088397557103
real_busq_1577,d_ln_ipv_real_l4,0.4064751311486391,0.1431246505968003,0.0045112423753643945
real_busq_1578,ect_l1,-0.10975479892089143,0.035408506795342985,0.0019373428203324546
real_busq_1578,d_ln_ocupados_l1,0.4489984438248145,0.1848112187630596,0.015119757937165
real_busq_1578,d_tipo_hip_l1,-0.01170090852193559,0.0040783547648376595,0.00411737100967325
real_busq_1578,d_ln_renta_hog_real,0.14339795228374985,0.08004663845489154,0.0732243128120768
real_busq_1578,d_ln_pob_extranj4,-0.07482820649312544,0.11383868775004125,0.510976533019949
real_busq_1578,d_ln_ipv_real_l4,0.32130204670651913,0.09728770810618194,0.0009579411236736526
real_busq_1578,d_ln_credito_nuevo,0.03743518134184926,0.0148003387126199,0.011427522679106659
real_busq_1579,ect_l1,-0.15339843117710003,0.03943076670001248,0.00010011074562830917
real_busq_1579,d_ln_ocupados_l1,0.5461238950747922,0.2609185080952243,0.03634181391876765
real_busq_1579,d_tipo_hip_l1,-0.01394511783459671,0.0041048872994339175,0.0006807951119240256
real_busq_1579,d_ln_renta_hog_real,0.23493429147444414,0.09072052349165013,0.009607390168672403
real_busq_1579,d_ln_pob_total,0.9489647308204281,1.564682178195344,0.5441891507061449
real_busq_1580,ect_l1,-0.11767574694602699,0.038838675476357734,0.0024466717172150175
real_busq_1580,d_ln_ocupados_l1,0.5996138248565548,0.23175634534232975,0.009674268107723098
real_busq_1580,d_tipo_hip_l1,-0.011225784231728394,0.003969788771805867,0.004686850449086384
real_busq_1580,d_ln_renta_hog_real,0.19001817797161294,0.08561501949371138,0.02645618641460467
real_busq_1580,d_ln_pob_total,1.5850462802085457,1.4808905136344537,0.28446935614423463
real_busq_1580,d_ln_credito_nuevo,0.04510280259783871,0.016878423078375216,0.007535198941173781
real_busq_1581,ect_l1,-0.14769181822016358,0.03556407244551434,3.2837774803188673e-05
real_busq_1581,d_ln_ocupados_l1,0.47793583222918373,0.2769376038191588,0.08438540427163886
real_busq_1581,d_tipo_hip_l1,-0.012581880859182108,0.00433999152302851,0.0037428737913605126
real_busq_1581,d_ln_renta_hog_real,0.2120225893255383,0.08624242082247295,0.013953861174205665
real_busq_1581,d_ln_pob_total,0.6811127943831428,1.528635080629889,0.6559084230952656
real_busq_1581,d_ln_ipv_real_l1,0.08606012531194332,0.10063475736894482,0.39245539245239125
real_busq_1582,ect_l1,-0.10237368965734842,0.03637574056177509,0.004887755255465672
real_busq_1582,d_ln_ocupados_l1,0.4561743669460748,0.18105922066854968,0.011752964148627474
real_busq_1582,d_tipo_hip_l1,-0.008047293726981881,0.0038184174508341224,0.03507473905879604
real_busq_1582,d_ln_renta_hog_real,0.13666238908688336,0.08650959628599217,0.1141671641860666
real_busq_1582,d_ln_pob_total,1.0565403988371758,1.1392416830815075,0.3537154000574473
real_busq_1582,d_ln_ipv_real_l1,0.1865729683013408,0.10573791422833136,0.07765035108736797
real_busq_1582,d_ln_credito_nuevo,0.04880276930160591,0.018966438224611436,0.010078859335634502
real_busq_1583,ect_l1,-0.13209419079895698,0.03687548284550957,0.0003407539593697556
real_busq_1583,d_ln_ocupados_l1,0.3848371176922164,0.1833202032062629,0.03579382024183838
real_busq_1583,d_tipo_hip_l1,-0.014347676336234174,0.004081882676987986,0.00043981130260666295
real_busq_1583,d_ln_renta_hog_real,0.1703194684134181,0.0893896321935053,0.05673323462408789
real_busq_1583,d_ln_pob_total,-1.1846788892844264,1.161786304380373,0.30786855879153596
real_busq_1583,d_ln_ipv_real_l4,0.3891343009022152,0.13836603723128604,0.00491803194850976
real_busq_1584,ect_l1,-0.1065789456485739,0.034827029894454575,0.0022116232622286
real_busq_1584,d_ln_ocupados_l1,0.4647717668541603,0.17981560279773257,0.009746002138651804
real_busq_1584,d_tipo_hip_l1,-0.01196811079957648,0.004010181712199218,0.00284106228745113
real_busq_1584,d_ln_renta_hog_real,0.14640865989972163,0.07908669536134287,0.06413465906439941
real_busq_1584,d_ln_pob_total,-0.18753863327082687,1.113181782840355,0.8662129080571457
real_busq_1584,d_ln_ipv_real_l4,0.3050800949041932,0.09373210469988481,0.0011346866194073394
real_busq_1584,d_ln_credito_nuevo,0.03802520261432368,0.015143550494897386,0.012039538746621115
real_busq_1585,ect_l1,-0.16877644358636348,0.046469827840417074,0.000281279363807618
real_busq_1585,d_ln_ocupados_l1,0.4301400491653901,0.3874936657875307,0.26697447281346876
real_busq_1585,d_tipo_hip_l1,-0.011924871429943813,0.00461724971221175,0.009803664120040818
real_busq_1585,d_ln_costes,-0.025621389482111095,0.09641979028940648,0.7904490853645578
real_busq_1586,ect_l1,-0.1319878327749981,0.041418398455140976,0.0014390808812847458
real_busq_1586,d_ln_ocupados_l1,0.5041601007414085,0.2869882904574897,0.07896433989445933
real_busq_1586,d_tipo_hip_l1,-0.008957364105956147,0.004148743574700619,0.030845927391340747
real_busq_1586,d_ln_costes,0.0043320740849014374,0.07489115422629097,0.9538721436709249
real_busq_1586,d_ln_credito_nuevo,0.046214185917785706,0.01502836381001147,0.00210410184506488
real_busq_1587,ect_l1,-0.15091433143046687,0.03718677736999208,4.943560755754115e-05
real_busq_1587,d_ln_ocupados_l1,0.31848693632761016,0.3515545370219278,0.3649681845750684
real_busq_1587,d_tipo_hip_l1,-0.009770088720570192,0.004330232957850089,0.02405496999644895
real_busq_1587,d_ln_costes,-0.06306022581708459,0.09275182096477587,0.4965796421979001
real_busq_1587,d_ln_ipv_real_l1,0.18274296263289957,0.09802736317290063,0.06229311901214719
real_busq_1588,ect_l1,-0.10247020892731419,0.03551809595845188,0.00391396086830988
real_busq_1588,d_ln_ocupados_l1,0.34959661001983816,0.19333175935143543,0.07056401425094619
real_busq_1588,d_tipo_hip_l1,-0.005541388476681652,0.003668251820161006,0.13088154875222968
real_busq_1588,d_ln_costes,-0.046989482751478504,0.06374027026802306,0.46099925000745745
real_busq_1588,d_ln_ipv_real_l1,0.2649093761334712,0.10473823094460398,0.01143059357627609
real_busq_1588,d_ln_credito_nuevo,0.050766938757700684,0.01762397963096277,0.0039696881589739615
real_busq_1589,ect_l1,-0.1385399841598412,0.038628676494511134,0.0003352047355877597
real_busq_1589,d_ln_ocupados_l1,0.2971332581361769,0.270914179306381,0.27273756772039504
real_busq_1589,d_tipo_hip_l1,-0.014096411319390685,0.004217661400694744,0.0008310696846877428
real_busq_1589,d_ln_costes,-0.030111912009119775,0.08124226295782581,0.7109031207452092
real_busq_1589,d_ln_ipv_real_l4,0.39178383195250127,0.13657752396758516,0.0041231625628563124
real_busq_1590,ect_l1,-0.11208591979884092,0.035502218251647205,0.001593179607919959
real_busq_1590,d_ln_ocupados_l1,0.3822600850629428,0.20508344431990116,0.062332287999067024
real_busq_1590,d_tipo_hip_l1,-0.011203786931756542,0.003919677161637044,0.004258580231687761
real_busq_1590,d_ln_costes,-0.0037824739186935155,0.06709748119413429,0.9550448127051056
real_busq_1590,d_ln_ipv_real_l4,0.32730915142967465,0.10034808925176997,0.0011073153068240824
real_busq_1590,d_ln_credito_nuevo,0.03948263425146154,0.013141681217823812,0.002661207155044772
real_busq_1591,ect_l1,-0.1565279595869093,0.04320862754319755,0.0002916465902614599
real_busq_1591,d_ln_ocupados_l1,0.4342473452321792,0.37245743540471205,0.24365572440041183
real_busq_1591,d_tipo_hip_l1,-0.013301366172310026,0.004785992547871304,0.005448820648607724
real_busq_1591,d_ln_costes,-0.05153737314201626,0.09856811855291069,0.6010713526213034
real_busq_1591,d_ln_pob_extranj,0.2069399156300918,0.14461556704415723,0.15244004669827685
real_busq_1592,ect_l1,-0.11742893793525114,0.038606864159521546,0.0023527782011681718
real_busq_1592,d_ln_ocupados_l1,0.5099510815663147,0.2669817258956091,0.05612550474005171
real_busq_1592,d_tipo_hip_l1,-0.010488856409604777,0.004219708559499829,0.012930320990385201
real_busq_1592,d_ln_costes,-0.024884031232674377,0.07285677941006236,0.732691655231955
real_busq_1592,d_ln_pob_extranj,0.23681588455289856,0.1305644885388667,0.06971086374416782
real_busq_1592,d_ln_credito_nuevo,0.04689516937095356,0.014759427449678748,0.001486517716686853
real_busq_1593,ect_l1,-0.1451716223259949,0.0366779154791583,7.557622445849026e-05
real_busq_1593,d_ln_ocupados_l1,0.33683036520699194,0.356493312178403,0.3447388138404729
real_busq_1593,d_tipo_hip_l1,-0.010996309443394579,0.004569749154879856,0.01611384687101533
real_busq_1593,d_ln_costes,-0.07526045852589199,0.09648296414235419,0.43536801941466197
real_busq_1593,d_ln_pob_extranj,0.13913942056485099,0.13357932485456742,0.2975860722187268
real_busq_1593,d_ln_ipv_real_l1,0.15724015169780808,0.10906663474643884,0.14939016926895995
real_busq_1594,ect_l1,-0.09690230966121215,0.034765030362729266,0.005314103893842168
real_busq_1594,d_ln_ocupados_l1,0.36747501180948466,0.19320434314083582,0.057170916983995256
real_busq_1594,d_tipo_hip_l1,-0.006741286433865746,0.003551842946065689,0.0577002166463019
real_busq_1594,d_ln_costes,-0.05890818394374532,0.06759380911086638,0.38347975810809964
real_busq_1594,d_ln_pob_extranj,0.13579025757109556,0.09951409285851112,0.1723998946938633
real_busq_1594,d_ln_ipv_real_l1,0.23995838900373537,0.10826115203010754,0.02665882891100284
real_busq_1594,d_ln_credito_nuevo,0.05072860517723435,0.017061748142720542,0.002946777038815108
real_busq_1595,ect_l1,-0.14449291741272702,0.038823278668254926,0.00019779881560326397
real_busq_1595,d_ln_ocupados_l1,0.2767865673922159,0.2713927002478758,0.30778785722393276
real_busq_1595,d_tipo_hip_l1,-0.01327019092182004,0.004332349603948832,0.00219095567154059
real_busq_1595,d_ln_costes,-0.009890706193392555,0.08175930254041885,0.9037120520034314
real_busq_1595,d_ln_pob_extranj,-0.16606359574957985,0.14094649457462688,0.23871565010542606
real_busq_1595,d_ln_ipv_real_l4,0.44200824493329366,0.14966761603195305,0.0031443114324963446
real_busq_1596,ect_l1,-0.11464815456300338,0.034713955851524085,0.0009577478316861585
real_busq_1596,d_ln_ocupados_l1,0.37357922097533575,0.20670366506706744,0.07071273636960877
real_busq_1596,d_tipo_hip_l1,-0.01094328113037687,0.003998471152817649,0.0062027488214093235
real_busq_1596,d_ln_costes,0.003237518937958854,0.06749020022890445,0.9617399858931945
real_busq_1596,d_ln_pob_extranj,-0.060783634477159204,0.11097010319875222,0.5838650573481434
real_busq_1596,d_ln_ipv_real_l4,0.3466268076829865,0.10611229806030024,0.0010884599922755208
real_busq_1596,d_ln_credito_nuevo,0.03891055242846698,0.01311022247620689,0.002997880619670957
real_busq_1597,ect_l1,-0.16202324869315976,0.04540224871556082,0.0003588702235178813
real_busq_1597,d_ln_ocupados_l1,0.4434416266267193,0.39176106388020565,0.25766866704778946
real_busq_1597,d_tipo_hip_l1,-0.012694727700979786,0.004871415116609712,0.009161634954253695
real_busq_1597,d_ln_costes,-0.03661647701966056,0.09859741490067585,0.7103592852774848
real_busq_1597,d_ln_pob_extranj4,0.11351312064500045,0.17129765924528256,0.5075445422673173
real_busq_1598,ect_l1,-0.12136903450610802,0.04075015835581831,0.002897862697767457
real_busq_1598,d_ln_ocupados_l1,0.5251052352635226,0.28709514623889204,0.06739532291899936
real_busq_1598,d_tipo_hip_l1,-0.010031946039032845,0.004333134534417058,0.020603593006857723
real_busq_1598,d_ln_costes,-0.011251042830533504,0.07262998757378006,0.876893013980532
real_busq_1598,d_ln_pob_extranj4,0.16675034266274905,0.14910606711964608,0.26342449061266937
real_busq_1598,d_ln_credito_nuevo,0.04709149800677043,0.015061028743739787,0.0017677305423077778
real_busq_1599,ect_l1,-0.14764836486623353,0.03694981540563449,6.444453702735724e-05
real_busq_1599,d_ln_ocupados_l1,0.33116378955171605,0.36543490777566195,0.3648203351809064
real_busq_1599,d_tipo_hip_l1,-0.01032062305756026,0.004560214928478486,0.023624111367940903
real_busq_1599,d_ln_costes,-0.0680222798298631,0.09593671174741689,0.47830409372958904
real_busq_1599,d_ln_pob_extranj4,0.06766428799631995,0.14909089660565242,0.6499397644327176
real_busq_1599,d_ln_ipv_real_l1,0.17497208366501388,0.10394509253485658,0.09231459307553734
real_busq_1600,ect_l1,-0.09706862868102327,0.03591941082360983,0.0068840814634643635
real_busq_1600,d_ln_ocupados_l1,0.3694663825520589,0.202073401906424,0.06749297431214595
real_busq_1600,d_tipo_hip_l1,-0.006365312650268174,0.0035671476353943458,0.07435439363687923
real_busq_1600,d_ln_costes,-0.05456966236460217,0.06596373158507313,0.4080853654376665
real_busq_1600,d_ln_pob_extranj4,0.10489716427362222,0.1054992349734611,0.3200801806434599
real_busq_1600,d_ln_ipv_real_l1,0.2534366112639203,0.10318774587939467,0.014046471652069162
real_busq_1600,d_ln_credito_nuevo,0.051121655164545476,0.01732321452642044,0.0031669665591578565
real_busq_1601,ect_l1,-0.14650668874866235,0.03999423030020479,0.0002490881763454205
real_busq_1601,d_ln_ocupados_l1,0.2551853275629055,0.26672976744959276,0.3387093114275499
real_busq_1601,d_tipo_hip_l1,-0.013014316765840014,0.004418619672003757,0.0032260478663590263
real_busq_1601,d_ln_costes,-0.011040940619038129,0.0798975137743823,0.8900912157024248
real_busq_1601,d_ln_pob_extranj4,-0.20320967531625994,0.1424400542234841,0.15368572032490932
real_busq_1601,d_ln_ipv_real_l4,0.44520399330070837,0.14231850365383497,0.0017586679089053993
real_busq_1602,ect_l1,-0.11650544152057515,0.03645166661003443,0.0013926876248956293
real_busq_1602,d_ln_ocupados_l1,0.3604256758932726,0.21035909559388818,0.08664212129017877
real_busq_1602,d_tipo_hip_l1,-0.010775466145472801,0.0041128580659094,0.008794368472675436
real_busq_1602,d_ln_costes,0.004419911266933506,0.06570323887409912,0.946366100324295
real_busq_1602,d_ln_pob_extranj4,-0.09483885045778781,0.1178624873725807,0.42101776236785016
real_busq_1602,d_ln_ipv_real_l4,0.35395011262220005,0.10237628658386927,0.0005455265547575893
real_busq_1602,d_ln_credito_nuevo,0.03843575804564819,0.013286587178195176,0.0038179519264691496
real_busq_1603,ect_l1,-0.1653586164024246,0.045217353340893156,0.0002552117768987451
real_busq_1603,d_ln_ocupados_l1,0.4301222042622421,0.387548416783317,0.26706189676685466
real_busq_1603,d_tipo_hip_l1,-0.012766386642356279,0.00488682289397338,0.008990627217639288
real_busq_1603,d_ln_costes,-0.04131532397699786,0.10108012732975065,0.6827316904044793
real_busq_1603,d_ln_pob_total,1.2896866639204474,1.7497734436960197,0.4610863320449421
real_busq_1604,ect_l1,-0.12603042578085766,0.03959065557676638,0.0014558771534227404
real_busq_1604,d_ln_ocupados_l1,0.5062202168559444,0.28159891193186776,0.0722302749829106
real_busq_1604,d_tipo_hip_l1,-0.010085296047195819,0.004306636164307322,0.01919081094211414
real_busq_1604,d_ln_costes,-0.017418869022101185,0.07338955534035203,0.8123867759632808
real_busq_1604,d_ln_pob_total,1.8567982951954025,1.540894373439881,0.2281981471825658
real_busq_1604,d_ln_credito_nuevo,0.047516453522270664,0.015086703055232457,0.0016351737918010936
real_busq_1605,ect_l1,-0.15012688892840764,0.037098027006350655,5.19309761008995e-05
real_busq_1605,d_ln_ocupados_l1,0.3264145208577034,0.36346119295009194,0.3691468715708047
real_busq_1605,d_tipo_hip_l1,-0.010429850646149319,0.004609275549479792,0.023648262661369237
real_busq_1605,d_ln_costes,-0.06984556098220732,0.09702960803303155,0.47162498637355
real_busq_1605,d_ln_pob_total,0.7763435038366441,1.5744619093992518,0.6219525501030627
real_busq_1605,d_ln_ipv_real_l1,0.16975028140808726,0.10926618609760878,0.12029223512029201
real_busq_1606,ect_l1,-0.10082756350683682,0.035329995960232036,0.004318886229448398
real_busq_1606,d_ln_ocupados_l1,0.3617074591209863,0.20013997819103022,0.07071981688761031
real_busq_1606,d_tipo_hip_l1,-0.006483202311471816,0.0034377916025342134,0.059313484233211256
real_busq_1606,d_ln_costes,-0.056941402343766226,0.06650197631965994,0.3918671192945007
real_busq_1606,d_ln_pob_total,1.1564734476853429,1.0992350118166274,0.2927669053580353
real_busq_1606,d_ln_ipv_real_l1,0.2463514969235854,0.10301670479720132,0.01678543214274805
real_busq_1606,d_ln_credito_nuevo,0.0512590955964226,0.017214592217075556,0.0029046389006816293
real_busq_1607,ect_l1,-0.13919572835099303,0.039342758927745365,0.0004031294156332898
real_busq_1607,d_ln_ocupados_l1,0.2865107406853194,0.2622854991983505,0.2746739713828469
real_busq_1607,d_tipo_hip_l1,-0.013513189759537695,0.004322927577035738,0.001772408418527538
real_busq_1607,d_ln_costes,-0.016354960510681003,0.07976280223183536,0.8375369990194729
real_busq_1607,d_ln_pob_total,-1.160026522119138,1.2980448143608065,0.3714973214013859
real_busq_1607,d_ln_ipv_real_l4,0.4231207210034129,0.13896654753109516,0.0023286084095285276
real_busq_1608,ect_l1,-0.11232206482243758,0.03553661110164913,0.0015736773542048069
real_busq_1608,d_ln_ocupados_l1,0.38029406795849663,0.20591952015665926,0.06477479545612888
real_busq_1608,d_tipo_hip_l1,-0.011136811855378004,0.004015098822666313,0.005541715060048517
real_busq_1608,d_ln_costes,-0.0019758046733610235,0.0644052629721204,0.9755265838164108
real_busq_1608,d_ln_pob_total,-0.16436453156904626,1.1460945377591338,0.8859642400980523
real_busq_1608,d_ln_ipv_real_l4,0.3320983759023086,0.09834027350283149,0.0007327218548786133
real_busq_1608,d_ln_credito_nuevo,0.039268860175272105,0.013511250165562419,0.0036563426617673023
real_busq_1609,ect_l1,-0.15275735460500212,0.04153247721098309,0.00023504991854088282
real_busq_1609,d_ln_ocupados_l1,0.5660490307960642,0.27328818979507213,0.03833514265688111
real_busq_1609,d_tipo_hip_l1,-0.013513199944594182,0.004174993128411438,0.0012092049130676176
real_busq_1609,d_ln_costes,-0.05153147005656262,0.06371042168807231,0.4186077935348822
real_busq_1609,d_ln_renta_hog_real,0.244054663875943,0.08838034531020053,0.005755178904901486
real_busq_1610,ect_l1,-0.12089590378087067,0.03971414462099799,0.0023333699919498435
real_busq_1610,d_ln_ocupados_l1,0.6117506434941743,0.23656761079354294,0.009711264774966253
real_busq_1610,d_tipo_hip_l1,-0.010431794455988038,0.003977492725496355,0.008723448641006552
real_busq_1610,d_ln_costes,-0.018674844487905105,0.05760143872279092,0.745780602037363
real_busq_1610,d_ln_renta_hog_real,0.20073032705365781,0.08217383595207094,0.014575737342730573
real_busq_1610,d_ln_credito_nuevo,0.04359691514566881,0.0168806172342316,0.009804154900794816
real_busq_1611,ect_l1,-0.1437316223764117,0.03652993488665578,8.332643417581539e-05
real_busq_1611,d_ln_ocupados_l1,0.4807365011111872,0.26546645111813794,0.07015440523039641
real_busq_1611,d_tipo_hip_l1,-0.011993404183232071,0.004098547226661917,0.0034306695102762925
real_busq_1611,d_ln_costes,-0.07138770859195377,0.0641490656605339,0.2657767351064443
real_busq_1611,d_ln_renta_hog_real,0.21417961343482206,0.08969392271016043,0.016945211159447585
real_busq_1611,d_ln_ipv_real_l1,0.11240176557754203,0.0847242332375987,0.18461526337006118
real_busq_1612,ect_l1,-0.10035546469423151,0.035768810247479424,0.005021214413496763
real_busq_1612,d_ln_ocupados_l1,0.45336924607425083,0.17045822556182388,0.007820823206724076
real_busq_1612,d_tipo_hip_l1,-0.007208590158807712,0.003999845521924097,0.07151124897590923
real_busq_1612,d_ln_costes,-0.05324625035491865,0.052692364680072316,0.31225020275154214
real_busq_1612,d_ln_renta_hog_real,0.13914955918818006,0.08363268825106067,0.09614883660216732
real_busq_1612,d_ln_ipv_real_l1,0.21488160088786806,0.10441852941282657,0.03960092065621571
real_busq_1612,d_ln_credito_nuevo,0.04809282249727373,0.01929621434890616,0.012690272167760414
real_busq_1613,ect_l1,-0.12976917357468146,0.03714577097718137,0.00047671266807895854
real_busq_1613,d_ln_ocupados_l1,0.4066251459434423,0.19823762707736386,0.0402474123912559
real_busq_1613,d_tipo_hip_l1,-0.015040482203608024,0.00418368267587147,0.0003243489949446081
real_busq_1613,d_ln_costes,-0.04829795532008015,0.0579235744918688,0.4043812514953491
real_busq_1613,d_ln_renta_hog_real,0.17510865921936963,0.09206927663478734,0.05718124398604242
real_busq_1613,d_ln_ipv_real_l4,0.3565029762639244,0.135962536004655,0.008739806372343367
real_busq_1614,ect_l1,-0.10557600881314089,0.03490173105077898,0.002486738222037959
real_busq_1614,d_ln_ocupados_l1,0.4719971051004835,0.17882963394514853,0.008306091099483291
real_busq_1614,d_tipo_hip_l1,-0.01210283486981988,0.004019368143870572,0.0026027848748652153
real_busq_1614,d_ln_costes,-0.02008563301489885,0.05539977876278285,0.7169350891556625
real_busq_1614,d_ln_renta_hog_real,0.14821908292947017,0.07937925082212488,0.0618698901557123
real_busq_1614,d_ln_ipv_real_l4,0.29967377632727027,0.09689819974648885,0.0019836719701331056
real_busq_1614,d_ln_credito_nuevo,0.03811840254995241,0.014804171034849998,0.010028586304572385
real_busq_1615,ect_l1,-0.14240078846372475,0.038989899029450506,0.00025995444989657053
real_busq_1615,d_ln_ocupados_l1,0.5660315955419963,0.25850751874933053,0.028552267139782206
real_busq_1615,d_tipo_hip_l1,-0.014682745454970681,0.004371777253588911,0.0007835818965640464
real_busq_1615,d_ln_costes,-0.07365791004301223,0.066562539750612,0.26846818386913773
real_busq_1615,d_ln_renta_hog_real,0.23752911767409868,0.09322905237241076,0.01084041400600754
real_busq_1615,d_ln_pob_extranj,0.18221220426383583,0.13108872600681767,0.1645314831218445
real_busq_1616,ect_l1,-0.10813418892811434,0.037498329039817764,0.003930244127048305
real_busq_1616,d_ln_ocupados_l1,0.6124938503190464,0.21754547515973124,0.004870518371729435
real_busq_1616,d_tipo_hip_l1,-0.011761317109328848,0.004077645189853592,0.003922344135926404
real_busq_1616,d_ln_costes,-0.044253035129742005,0.05785805059841374,0.4443577295645612
real_busq_1616,d_ln_renta_hog_real,0.19230077665268816,0.08250454772052553,0.01976443448368989
real_busq_1616,d_ln_pob_extranj,0.2151595581153218,0.12422414588264716,0.08326877906165317
real_busq_1616,d_ln_credito_nuevo,0.04432553478571676,0.01660550779793175,0.007600335437415376
real_busq_1617,ect_l1,-0.13755523204110523,0.036072043250367135,0.00013709719364030638
real_busq_1617,d_ln_ocupados_l1,0.5018256079314514,0.265957628139663,0.059178754900489586
real_busq_1617,d_tipo_hip_l1,-0.013318961856998998,0.004367569970400942,0.0022921263344454395
real_busq_1617,d_ln_costes,-0.08444159063137892,0.06664430444610464,0.20513781623942218
real_busq_1617,d_ln_renta_hog_real,0.21627120123132304,0.08966079979423085,0.015860743300807008
real_busq_1617,d_ln_pob_extranj,0.14794753795498505,0.13141463602704348,0.26024715353738137
real_busq_1617,d_ln_ipv_real_l1,0.08459759571902122,0.09259762672953956,0.3609247733787705
real_busq_1618,ect_l1,-0.09451191036301725,0.035165818822135216,0.007196598267302824
real_busq_1618,d_ln_ocupados_l1,0.47361721385438404,0.16741424223934934,0.00466916748944467
real_busq_1618,d_tipo_hip_l1,-0.008486435711172994,0.0038963475086876693,0.02940239051913169
real_busq_1618,d_ln_costes,-0.06578150038008738,0.05622545120210559,0.24201727035675957
real_busq_1618,d_ln_renta_hog_real,0.14127943041303678,0.08234702603632822,0.08622444173927672
real_busq_1618,d_ln_pob_extranj,0.14172353241624877,0.10320216126230733,0.16967113412495705
real_busq_1618,d_ln_ipv_real_l1,0.1880746527486586,0.10466916866653447,0.07235965306014983
real_busq_1618,d_ln_credito_nuevo,0.04801188300641503,0.018706657750618326,0.010271089858040273
real_busq_1619,ect_l1,-0.13535612739553596,0.03717950834689813,0.00027199180560267064
real_busq_1619,d_ln_ocupados_l1,0.38591265714895634,0.2017885982719709,0.05581719656942085
real_busq_1619,d_tipo_hip_l1,-0.01427061261433942,0.004144237441724561,0.0005742719606083525
real_busq_1619,d_ln_costes,-0.02955592237779613,0.05773226264390749,0.6086873306767505
real_busq_1619,d_ln_renta_hog_real,0.17154832261162617,0.09022633736089145,0.05726129651283518
real_busq_1619,d_ln_pob_extranj,-0.15087950194943126,0.13845876158650194,0.2758421672189908
real_busq_1619,d_ln_ipv_real_l4,0.4028524350667817,0.15139996500499545,0.00779439193985669
real_busq_1620,ect_l1,-0.10777119836471337,0.0340518758310678,0.0015512973758797113
real_busq_1620,d_ln_ocupados_l1,0.4641609954857597,0.17893464097768674,0.009485949120604392
real_busq_1620,d_tipo_hip_l1,-0.011878249534419148,0.004020399260396568,0.003131812228328423
real_busq_1620,d_ln_costes,-0.014080298830658705,0.05619519280283096,0.8021538796989309
real_busq_1620,d_ln_renta_hog_real,0.14734573740990375,0.07946796201235852,0.06371731496474979
real_busq_1620,d_ln_pob_extranj,-0.05116629309232963,0.10979591690706758,0.6412064008934193
real_busq_1620,d_ln_ipv_real_l4,0.316097778673442,0.10223225001667911,0.001988412727923651
real_busq_1620,d_ln_credito_nuevo,0.037644875378578885,0.01469827629529544,0.01043184347786311
real_busq_1621,ect_l1,-0.1458981226273487,0.039794680738752454,0.0002461121749124021
real_busq_1621,d_ln_ocupados_l1,0.5796669338741405,0.2712541025041679,0.032598916118600434
real_busq_1621,d_tipo_hip_l1,-0.014294899400348275,0.004277028116169555,0.0008310202419326144
real_busq_1621,d_ln_costes,-0.06269902368455235,0.06555055598094237,0.33882032463189815
real_busq_1621,d_ln_renta_hog_real,0.24430599347668772,0.09020069598229838,0.006759396443538145
real_busq_1621,d_ln_pob_extranj4,0.11501818904704364,0.1520956077202885,0.44951553550029
real_busq_1622,ect_l1,-0.11041526930388983,0.038915025073442286,0.004549073033459283
real_busq_1622,d_ln_ocupados_l1,0.6322060018647233,0.23101635657602215,0.00620723009121003
real_busq_1622,d_tipo_hip_l1,-0.01149150260609895,0.0040707629894284215,0.004758609840697346
real_busq_1622,d_ln_costes,-0.03403814848939117,0.056670743254392426,0.5480864522426154
real_busq_1622,d_ln_renta_hog_real,0.2002215377531022,0.08026809426480953,0.012616671409157077
real_busq_1622,d_ln_pob_extranj4,0.16502220560026581,0.13953582139190476,0.23694741487696747
real_busq_1622,d_ln_credito_nuevo,0.044471769078173996,0.016890322218115043,0.008464097654818401
real_busq_1623,ect_l1,-0.13936204821127432,0.03586970640957114,0.00010223318741455593
real_busq_1623,d_ln_ocupados_l1,0.49968296630971226,0.2731759907367992,0.06737543929322282
real_busq_1623,d_tipo_hip_l1,-0.012744935626208103,0.004187304414481609,0.002336811533910363
real_busq_1623,d_ln_costes,-0.07798828651686386,0.06607105154371848,0.23785309189837578
real_busq_1623,d_ln_renta_hog_real,0.21734514194130083,0.08881083162898412,0.014393820505775768
real_busq_1623,d_ln_pob_extranj4,0.08832942814167384,0.14237002925217282,0.5349803163251028
real_busq_1623,d_ln_ipv_real_l1,0.10121797886142482,0.08842661626076048,0.252352050390231
real_busq_1624,ect_l1,-0.09430030698151083,0.03613472436062652,0.009062519793695665
real_busq_1624,d_ln_ocupados_l1,0.47817549578654894,0.17386455807090728,0.005954511396320569
real_busq_1624,d_tipo_hip_l1,-0.008167678103602442,0.0038285641626181663,0.032895795323591215
real_busq_1624,d_ln_costes,-0.06183037782518616,0.05445662405167781,0.2562052458316163
real_busq_1624,d_ln_renta_hog_real,0.14282028982975115,0.08107852360593615,0.07815283169278389
real_busq_1624,d_ln_pob_extranj4,0.11650609762439303,0.10639300469760556,0.27349292920741297
real_busq_1624,d_ln_ipv_real_l1,0.20081942882309228,0.10010100140954084,0.04483832354046038
real_busq_1624,d_ln_credito_nuevo,0.048416252728211186,0.018945547258486083,0.010602078044738223
real_busq_1625,ect_l1,-0.1370196694026426,0.038430371877737304,0.00036330089306972196
real_busq_1625,d_ln_ocupados_l1,0.3650020025622882,0.2009820785989803,0.06935621683219437
real_busq_1625,d_tipo_hip_l1,-0.014069127142682158,0.004194173822318879,0.0007952424149291767
real_busq_1625,d_ln_costes,-0.031094424639321286,0.05682360322403709,0.5842346998697072
real_busq_1625,d_ln_renta_hog_real,0.1655764483314111,0.09183244355093835,0.07138384938680188
real_busq_1625,d_ln_pob_extranj4,-0.1727626407824126,0.1368142721527273,0.20667793885251462
real_busq_1625,d_ln_ipv_real_l4,0.40383970879393694,0.1441056618311711,0.005072611922219143
real_busq_1626,ect_l1,-0.10904466770298438,0.03573897623643141,0.0022797323452277444
real_busq_1626,d_ln_ocupados_l1,0.45354058652841756,0.18428207473888672,0.013850343129948463
real_busq_1626,d_tipo_hip_l1,-0.011760521086675607,0.004113553763482438,0.0042502083904075545
real_busq_1626,d_ln_costes,-0.013551235095022169,0.05407295032299759,0.8021154634264739
real_busq_1626,d_ln_renta_hog_real,0.14482145494429444,0.08047198336133048,0.07191582240412703
real_busq_1626,d_ln_pob_extranj4,-0.07123194448661688,0.11378760521491456,0.5313097325468925
real_busq_1626,d_ln_ipv_real_l4,0.32031686246355384,0.09824020893214894,0.0011119736105275127
real_busq_1626,d_ln_credito_nuevo,0.037363382868327036,0.014847188649221786,0.011851709953520391
real_busq_1627,ect_l1,-0.15015176644925424,0.04056983776063783,0.00021469313111704069
real_busq_1627,d_ln_ocupados_l1,0.5637310171227995,0.2712477251525776,0.03768279864697468
real_busq_1627,d_tipo_hip_l1,-0.014194650011934965,0.004338491217966474,0.0010686737028353759
real_busq_1627,d_ln_costes,-0.06430314530763913,0.06897382876574316,0.3511901612864766
real_busq_1627,d_ln_renta_hog_real,0.23991913132757076,0.09258819035038128,0.009562804482722058
real_busq_1627,d_ln_pob_total,1.0856229218529334,1.5789154419746254,0.49172040135653894
real_busq_1628,ect_l1,-0.11598627488189792,0.03853561417098978,0.0026137994135163748
real_busq_1628,d_ln_ocupados_l1,0.6095291655227103,0.23078173122423606,0.008262513291786037
real_busq_1628,d_tipo_hip_l1,-0.011384980629956468,0.004085461030717323,0.005324668800553224
real_busq_1628,d_ln_costes,-0.03726096345092618,0.057661505520638166,0.5181487324529477
real_busq_1628,d_ln_renta_hog_real,0.19314788536711744,0.08457680738733073,0.022389286039694593
real_busq_1628,d_ln_pob_total,1.6608181409877831,1.4532429399771867,0.2531067481294861
real_busq_1628,d_ln_credito_nuevo,0.044860597339535215,0.016910945184357602,0.007983775599915114
real_busq_1629,ect_l1,-0.14289247755807508,0.036540956400172804,9.211499192402911e-05
real_busq_1629,d_ln_ocupados_l1,0.48942224455432604,0.27579731499563226,0.07596855293950226
real_busq_1629,d_tipo_hip_l1,-0.012686458106995114,0.004292011834879693,0.0031182873297993653
real_busq_1629,d_ln_costes,-0.07847702104370745,0.0683257936138574,0.2507329452774655
real_busq_1629,d_ln_renta_hog_real,0.2147455481274188,0.08920878050124631,0.016074292012043356
real_busq_1629,d_ln_pob_total,0.8086054499955462,1.5228553897372579,0.5954327773127837
real_busq_1629,d_ln_ipv_real_l1,0.09868329174545713,0.09249454264925631,0.28601277537315595
real_busq_1630,ect_l1,-0.09871063625415986,0.0357012368730281,0.005693884805556288
real_busq_1630,d_ln_ocupados_l1,0.4655233833009441,0.17718625121144038,0.008606264143510716
real_busq_1630,d_tipo_hip_l1,-0.008151795854814379,0.0037450723779771044,0.029505015539868708
real_busq_1630,d_ln_costes,-0.06320937417470247,0.05556256078801573,0.255276982909062
real_busq_1630,d_ln_renta_hog_real,0.1391924700194297,0.08366174620439203,0.0961618267572088
real_busq_1630,d_ln_pob_total,1.1575512322926511,1.1264007642813296,0.3041122032342759
real_busq_1630,d_ln_ipv_real_l1,0.19629099898933156,0.09917100879582877,0.04778017317371542
real_busq_1630,d_ln_credito_nuevo,0.048584613363605304,0.018853545694528892,0.009967684516822334
real_busq_1631,ect_l1,-0.13046894510712295,0.03754806769403975,0.0005113907266436002
real_busq_1631,d_ln_ocupados_l1,0.395589478552609,0.1925506081447427,0.03993020869444476
real_busq_1631,d_tipo_hip_l1,-0.014481236345462873,0.004158570530540445,0.0004971950905571763
real_busq_1631,d_ln_costes,-0.03514413004052188,0.056160527279798235,0.5314593069421919
real_busq_1631,d_ln_renta_hog_real,0.17349633311483167,0.09041373426130485,0.0549950048424859
real_busq_1631,d_ln_pob_total,-1.095049328206121,1.1896852804791447,0.3573361083139869
real_busq_1631,d_ln_ipv_real_l4,0.38640942629789804,0.1391025198356916,0.005471564577147751
real_busq_1632,ect_l1,-0.10578459058326145,0.03493198402373553,0.0024593233096974303
real_busq_1632,d_ln_ocupados_l1,0.47024144892334074,0.17918159201335307,0.008680564864245205
real_busq_1632,d_tipo_hip_l1,-0.012044186771007027,0.00404621318633889,0.002914103111230911
real_busq_1632,d_ln_costes,-0.01850786165138935,0.0529074171377266,0.7264767817762999
real_busq_1632,d_ln_renta_hog_real,0.14813935775277662,0.0791857669394652,0.06137521544038306
real_busq_1632,d_ln_pob_total,-0.14274239505346772,1.0960236553995686,0.8963792380777122
real_busq_1632,d_ln_ipv_real_l4,0.3038478435536913,0.09434291048524254,0.001278891319662282
real_busq_1632,d_ln_credito_nuevo,0.037933484233617656,0.015159989983586385,0.012342056156616215
real_busq_1633,ect_l1,-0.15782456468874684,0.04399032179651173,0.0003335936525933256
real_busq_1633,d_ln_ocupados_l1,0.40097582869707593,0.3454767215572289,0.24578629818267206
real_busq_1633,d_tipo_hip_l1,-0.013684307084752052,0.0045482326121040586,0.0026236052680402035
real_busq_1633,d_ln_permisos_l4,0.016350277795113864,0.012912886626724102,0.205442021159289
real_busq_1634,ect_l1,-0.1237498477411214,0.03988007640836602,0.0019153765631142387
real_busq_1634,d_ln_ocupados_l1,0.4878345112002513,0.27182817531528614,0.07271060970736282
real_busq_1634,d_tipo_hip_l1,-0.01028876962878243,0.004167604996330804,0.013558637929862121
real_busq_1634,d_ln_permisos_l4,0.011610283585633447,0.010585743883460416,0.2727354516068484
real_busq_1634,d_ln_credito_nuevo,0.04564733000538229,0.014835651975979301,0.002091885192901108
real_busq_1635,ect_l1,-0.14614940646724728,0.03645800557396585,6.10525041921963e-05
real_busq_1635,d_ln_ocupados_l1,0.3010140161600573,0.3232143056964065,0.3516911489102267
real_busq_1635,d_tipo_hip_l1,-0.011367478729255219,0.004776740411809031,0.01732408457204429
real_busq_1635,d_ln_permisos_l4,0.012941124658789249,0.012387854451064828,0.2961790697093899
real_busq_1635,d_ln_ipv_real_l1,0.158759226420034,0.10753837691827528,0.13986257424313756
real_busq_1636,ect_l1,-0.10169256493065483,0.03410338288331672,0.002864741263589576
real_busq_1636,d_ln_ocupados_l1,0.33972113261556663,0.18284783689390827,0.0631768963629424
real_busq_1636,d_tipo_hip_l1,-0.0062739295953986324,0.004368609065843504,0.15096280940638193
real_busq_1636,d_ln_permisos_l4,0.005730145368024212,0.01100304763785879,0.6025214162069544
real_busq_1636,d_ln_ipv_real_l1,0.2500773711531446,0.11759552925411723,0.03345423863983614
real_busq_1636,d_ln_credito_nuevo,0.05055917826193489,0.01789849590579738,0.00473142030825583
real_busq_1637,ect_l1,-0.14116713360560545,0.03946673094538677,0.00034774082357457147
real_busq_1637,d_ln_ocupados_l1,0.2919308234582914,0.25662956684937205,0.2553054075565594
real_busq_1637,d_tipo_hip_l1,-0.013804059386992784,0.004699956582110211,0.003313388747978534
real_busq_1637,d_ln_permisos_l4,-0.0022502752877252637,0.01383639237918817,0.8708061913099954
real_busq_1637,d_ln_ipv_real_l4,0.39524050549798617,0.14150016686283154,0.005218685977196698
real_busq_1638,ect_l1,-0.11426956643404197,0.03534372350542703,0.0012245743108465097
real_busq_1638,d_ln_ocupados_l1,0.3844031919760386,0.2065766991656084,0.06276882151838206
real_busq_1638,d_tipo_hip_l1,-0.010842879938473092,0.0041174749721460836,0.00845394800892998
real_busq_1638,d_ln_permisos_l4,-0.003422247901896996,0.011225434718666102,0.76046858361793
real_busq_1638,d_ln_ipv_real_l4,0.3328687327252014,0.10618252044189017,0.00171928436103184
real_busq_1638,d_ln_credito_nuevo,0.039554063113777585,0.013107460374465413,0.0025472143209747788
real_busq_1639,ect_l1,-0.15330802707007296,0.04117148109785218,0.00019636610027941607
real_busq_1639,d_ln_ocupados_l1,0.4069113895657806,0.33996818462690404,0.23134155610646245
real_busq_1639,d_tipo_hip_l1,-0.014091296216217795,0.004522516877397989,0.001834414002727094
real_busq_1639,d_ln_permisos_l4,0.011026020971318112,0.01573941901043699,0.4835929746979719
real_busq_1639,d_ln_pob_extranj,0.15595110555265496,0.17638225061015322,0.3766068646080164
real_busq_1640,ect_l1,-0.11662953177821843,0.03767575424637054,0.0019640692121973766
real_busq_1640,d_ln_ocupados_l1,0.4982574721671805,0.26175632714879216,0.05697319050578395
real_busq_1640,d_tipo_hip_l1,-0.010766646526524133,0.0040532265492473785,0.00789997806623834
real_busq_1640,d_ln_permisos_l4,0.00411376324102258,0.01345934841666695,0.7598760462016092
real_busq_1640,d_ln_pob_extranj,0.21606236548417998,0.1663486400240203,0.1939945152860475
real_busq_1640,d_ln_credito_nuevo,0.0468032674916001,0.015027661224784052,0.0018427289190114209
real_busq_1641,ect_l1,-0.1446870268079546,0.03590232962642371,5.5772633611448675e-05
real_busq_1641,d_ln_ocupados_l1,0.3144547680616338,0.33224313535737765,0.3439141220940545
real_busq_1641,d_tipo_hip_l1,-0.011835804943732145,0.004689306131797068,0.011602819136786771
real_busq_1641,d_ln_permisos_l4,0.010182865922570566,0.014371888760325966,0.47861828041063603
real_busq_1641,d_ln_pob_extranj,0.0907668749464408,0.15440690329539727,0.5566382973756103
real_busq_1641,d_ln_ipv_real_l1,0.14289926926750932,0.11414530152609959,0.21060385826879946
real_busq_1642,ect_l1,-0.09961762177329171,0.034211676771947475,0.003593505809085633
real_busq_1642,d_ln_ocupados_l1,0.35710172100127796,0.1874650934108833,0.05679344260909528
real_busq_1642,d_tipo_hip_l1,-0.00685009659642171,0.004082777586607032,0.09338555809294899
real_busq_1642,d_ln_permisos_l4,0.0021667151904353906,0.011666365930651195,0.8526618085009724
real_busq_1642,d_ln_pob_extranj,0.11617858524572891,0.10997350520906085,0.29077481592238563
real_busq_1642,d_ln_ipv_real_l1,0.23019443149087715,0.11535582221581703,0.045986590664072964
real_busq_1642,d_ln_credito_nuevo,0.050790208684952404,0.017538443345316533,0.0037802954173988238
real_busq_1643,ect_l1,-0.144235467558977,0.03921260303418155,0.00023479956917964455
real_busq_1643,d_ln_ocupados_l1,0.2725076701331206,0.2527759054498131,0.2810068440371971
real_busq_1643,d_tipo_hip_l1,-0.01336520924734032,0.0046693645996906084,0.004205538922923508
real_busq_1643,d_ln_permisos_l4,0.00148854257138167,0.014931707523603684,0.9205904053627594
real_busq_1643,d_ln_pob_extranj,-0.1735534482612504,0.14456964274085896,0.22995167727425392
real_busq_1643,d_ln_ipv_real_l4,0.44169885200999226,0.1492934035590609,0.0030904406325037706
real_busq_1644,ect_l1,-0.11560388215044659,0.03462044976818246,0.0008402637196218519
real_busq_1644,d_ln_ocupados_l1,0.3770710557655068,0.20745330603460885,0.0691223965722158
real_busq_1644,d_tipo_hip_l1,-0.010749560916469319,0.004133286687799838,0.009302575340358754
real_busq_1644,d_ln_permisos_l4,-0.002249051066325949,0.012485276076793856,0.8570455887329116
real_busq_1644,d_ln_pob_extranj,-0.053679752636287055,0.12421246795979964,0.665624588013497
real_busq_1644,d_ln_ipv_real_l4,0.34813163632579675,0.10567209148442043,0.0009861377470167956
real_busq_1644,d_ln_credito_nuevo,0.03898748323243893,0.013238128735376567,0.0032286052259120793
real_busq_1645,ect_l1,-0.15421018007847526,0.04204233080273845,0.00024447995128638796
real_busq_1645,d_ln_ocupados_l1,0.4106235985905686,0.35093248275840133,0.24196359441497106
real_busq_1645,d_tipo_hip_l1,-0.014081430395601398,0.004568332813082699,0.002053385080761374
real_busq_1645,d_ln_permisos_l4,0.01502258157410242,0.014036794573166918,0.2845163415150497
real_busq_1645,d_ln_pob_extranj4,0.08268472569907999,0.1766579785565725,0.6397490007007469
real_busq_1646,ect_l1,-0.11644484009678359,0.038917023080636055,0.0027703714756333125
real_busq_1646,d_ln_ocupados_l1,0.507243454011954,0.27569472964195024,0.06578679709971011
real_busq_1646,d_tipo_hip_l1,-0.010934347983680974,0.004158346146329194,0.008551193550443974
real_busq_1646,d_ln_permisos_l4,0.009097953140039017,0.01152601887407921,0.42991303993801844
real_busq_1646,d_ln_pob_extranj4,0.14996671691582034,0.16265440868440803,0.3565306533678221
real_busq_1646,d_ln_credito_nuevo,0.04665142658358947,0.01513229912073751,0.0020499122241046503
real_busq_1647,ect_l1,-0.14474392591290283,0.035596532471124404,4.77784142941358e-05
real_busq_1647,d_ln_ocupados_l1,0.30867490061797875,0.33603954932471564,0.3583220060595099
real_busq_1647,d_tipo_hip_l1,-0.011629218875562689,0.00476770890821522,0.014721328808969127
real_busq_1647,d_ln_permisos_l4,0.012398617544852577,0.013040487511218491,0.3417167359030454
real_busq_1647,d_ln_pob_extranj4,0.040115295044613336,0.15103848990696125,0.7905499775350782
real_busq_1647,d_ln_ipv_real_l1,0.15402611538636393,0.11036793887045616,0.16284421026152263
real_busq_1648,ect_l1,-0.09818794393638411,0.03477239245177629,0.004746794437567242
real_busq_1648,d_ln_ocupados_l1,0.3571823221282921,0.19320492127530245,0.06449786533671883
real_busq_1648,d_tipo_hip_l1,-0.006818779506214531,0.0041538014641002595,0.1006779690273717
real_busq_1648,d_ln_permisos_l4,0.004457591418907822,0.011076269420712864,0.6873564136276273
real_busq_1648,d_ln_pob_extranj4,0.08979937519615179,0.11049332064473727,0.416382537302571
real_busq_1648,d_ln_ipv_real_l1,0.2402183501601591,0.1134820522454236,0.03427716806189073
real_busq_1648,d_ln_credito_nuevo,0.05096678250991041,0.01777450706312422,0.004138477278386158
real_busq_1649,ect_l1,-0.14792344219748552,0.03989966273049749,0.00020940981580587094
real_busq_1649,d_ln_ocupados_l1,0.253363403506301,0.251319400099391,0.3133905737968513
real_busq_1649,d_tipo_hip_l1,-0.012832936467505903,0.0047680460033310305,0.0071143098550633475
real_busq_1649,d_ln_permisos_l4,-0.001437962368988885,0.013438478451179778,0.9147863129021994
real_busq_1649,d_ln_pob_extranj4,-0.20553179171242508,0.1397715897997503,0.14143089937874817
real_busq_1649,d_ln_ipv_real_l4,0.44810723035500566,0.14514854365843943,0.0020202984509793114
real_busq_1650,ect_l1,-0.11804066241356367,0.035730426400915755,0.0009543643029931296
real_busq_1650,d_ln_ocupados_l1,0.364549812812102,0.21168946925384272,0.0850519374544879
real_busq_1650,d_tipo_hip_l1,-0.010487918948539605,0.004253149698729485,0.013666256671258339
real_busq_1650,d_ln_permisos_l4,-0.0030253483371323695,0.011230173124477735,0.7876260178747019
real_busq_1650,d_ln_pob_extranj4,-0.0922982008972137,0.12059894540753383,0.4440740275712499
real_busq_1650,d_ln_ipv_real_l4,0.35831869583477644,0.10549533716361248,0.00068244614490653
real_busq_1650,d_ln_credito_nuevo,0.038470214358089685,0.013307426959322077,0.003841611124619786
real_busq_1651,ect_l1,-0.1575823295032611,0.04339491234216306,0.0002819371087272102
real_busq_1651,d_ln_ocupados_l1,0.4016349882431651,0.3471191078388553,0.24725096252297862
real_busq_1651,d_tipo_hip_l1,-0.014003596695841168,0.0046104475261135106,0.0023865889907867858
real_busq_1651,d_ln_permisos_l4,0.01395000972551039,0.01529365173519323,0.3616930199026922
real_busq_1651,d_ln_pob_total,0.9328901473131211,1.8570404315603313,0.6154191143459105
real_busq_1652,ect_l1,-0.1221776384390328,0.03862574317298128,0.001560910637610625
real_busq_1652,d_ln_ocupados_l1,0.4919171563381319,0.2693911474245886,0.06784527374190986
real_busq_1652,d_tipo_hip_l1,-0.01074982208162011,0.004165398800272016,0.009858806239903047
real_busq_1652,d_ln_permisos_l4,0.007134839340254206,0.013476806872097671,0.596516790523379
real_busq_1652,d_ln_pob_total,1.677984813225032,1.7441913833144658,0.3360286662432992
real_busq_1652,d_ln_credito_nuevo,0.04716981619861001,0.015318842404858207,0.002075556252385766
real_busq_1653,ect_l1,-0.14658935624896516,0.036975719276160585,7.355730817335974e-05
real_busq_1653,d_ln_ocupados_l1,0.3061233524373498,0.3343432672597389,0.35987883903259743
real_busq_1653,d_tipo_hip_l1,-0.011635228431223856,0.004810364861903386,0.015572529806139044
real_busq_1653,d_ln_permisos_l4,0.01192532909137735,0.013710318234968015,0.3844059524527881
real_busq_1653,d_ln_pob_total,0.4582330171220439,1.6333035574014543,0.7790510128754984
real_busq_1653,d_ln_ipv_real_l1,0.1511588076253288,0.11452961102691284,0.18689414156574446
real_busq_1654,ect_l1,-0.10212452253120692,0.034409374266087256,0.002998151978155187
real_busq_1654,d_ln_ocupados_l1,0.35138752451419275,0.19135015350068954,0.06630461931240443
real_busq_1654,d_tipo_hip_l1,-0.006799962473349501,0.0040817175902762085,0.09572215097422224
real_busq_1654,d_ln_permisos_l4,0.003416535232122764,0.012085942413158435,0.7774170089581707
real_busq_1654,d_ln_pob_total,1.004711482236934,1.1988245047167605,0.4019854742357828
real_busq_1654,d_ln_ipv_real_l1,0.23450700496289026,0.11196025476123331,0.0362104946748428
real_busq_1654,d_ln_credito_nuevo,0.05116496081365366,0.017760973652053567,0.003967276343909547
real_busq_1655,ect_l1,-0.1402291189570193,0.04023880032002355,0.0004922787628042651
real_busq_1655,d_ln_ocupados_l1,0.28291427972382516,0.2471226376524096,0.25227812604479605
real_busq_1655,d_tipo_hip_l1,-0.01340398664919041,0.00464145434099183,0.0038784156803784602
real_busq_1655,d_ln_permisos_l4,-0.0005692200150033234,0.01403993629390567,0.9676602898824475
real_busq_1655,d_ln_pob_total,-1.1951411405439154,1.3363297409656982,0.37113680232523205
real_busq_1655,d_ln_ipv_real_l4,0.4248607378173444,0.14047400400014162,0.002490613944271933
real_busq_1656,ect_l1,-0.11429143431364325,0.035393333978545174,0.0012414587559877014
real_busq_1656,d_ln_ocupados_l1,0.38299607525823753,0.2076084736947627,0.06506666338780322
real_busq_1656,d_tipo_hip_l1,-0.010812993149020086,0.004119535885986257,0.008669769214774352
real_busq_1656,d_ln_permisos_l4,-0.003233939212151344,0.012228756398066455,0.7914303790028289
real_busq_1656,d_ln_pob_total,-0.13003850695258615,1.2682023955362423,0.9183299214410015
real_busq_1656,d_ln_ipv_real_l4,0.3363789667243374,0.0998242116120218,0.0007524644756372732
real_busq_1656,d_ln_credito_nuevo,0.03937181931936541,0.013618396103593623,0.003839251568910573
real_busq_1657,ect_l1,-0.14651227157043883,0.0400095157308217,0.00025031675436655695
real_busq_1657,d_ln_ocupados_l1,0.530104266036044,0.2492346990841751,0.03342606398758917
real_busq_1657,d_tipo_hip_l1,-0.014704415706852639,0.004325126758360481,0.0006744372595699773
real_busq_1657,d_ln_permisos_l4,0.012367656244993471,0.01112134532483642,0.26611030615486886
real_busq_1657,d_ln_renta_hog_real,0.23237835828275585,0.08796768050550714,0.008250732109291684
real_busq_1658,ect_l1,-0.11595651697763643,0.03821867860945745,0.0024131253545968336
real_busq_1658,d_ln_ocupados_l1,0.591575241127848,0.23597501654888606,0.012178133341605194
real_busq_1658,d_tipo_hip_l1,-0.011308022280601963,0.004018473094535893,0.0048927751460315395
real_busq_1658,d_ln_permisos_l4,0.008511519787151322,0.00949980522979227,0.3702699500690041
real_busq_1658,d_ln_renta_hog_real,0.1943386388009827,0.08356206593188996,0.02003561971577321
real_busq_1658,d_ln_credito_nuevo,0.043413947954969126,0.016697600214100963,0.009322071166704554
real_busq_1659,ect_l1,-0.1410404437889946,0.03591419231383973,8.595814307068168e-05
real_busq_1659,d_ln_ocupados_l1,0.45929720801598245,0.2520439732208217,0.06841099709830875
real_busq_1659,d_tipo_hip_l1,-0.013272449234855176,0.004663063210878381,0.004423132530313973
real_busq_1659,d_ln_permisos_l4,0.010841908710520745,0.011110686123959592,0.3291590706414905
real_busq_1659,d_ln_renta_hog_real,0.20774271139517522,0.08814975719868429,0.0184380352287005
real_busq_1659,d_ln_ipv_real_l1,0.09071390445505502,0.09352990828056332,0.3321003566188725
real_busq_1660,ect_l1,-0.1005730922345412,0.0343799545779231,0.003440789081218388
real_busq_1660,d_ln_ocupados_l1,0.44116670342532477,0.16866528985648274,0.008906191037273383
real_busq_1660,d_tipo_hip_l1,-0.007772116104272621,0.004645224518744998,0.09429952035538569
real_busq_1660,d_ln_permisos_l4,0.004718769400058731,0.010148375979916083,0.6419473642419631
real_busq_1660,d_ln_renta_hog_real,0.13567845780708881,0.08497733961256859,0.11034535177551555
real_busq_1660,d_ln_ipv_real_l1,0.20108203222958576,0.11714161690631009,0.08605738242313625
real_busq_1660,d_ln_credito_nuevo,0.04803759896068391,0.019535748450616727,0.01393406393731879
real_busq_1661,ect_l1,-0.13417148518537178,0.03785221380365309,0.0003931885036567003
real_busq_1661,d_ln_ocupados_l1,0.39632537825386954,0.19268333649645608,0.03969833098017473
real_busq_1661,d_tipo_hip_l1,-0.014548290865150316,0.004642733187340283,0.001726986106076735
real_busq_1661,d_ln_permisos_l4,-0.003668525931533505,0.012278015776365293,0.7651016737013066
real_busq_1661,d_ln_renta_hog_real,0.17177170395021701,0.090529195883439,0.057772823644833333
real_busq_1661,d_ln_ipv_real_l4,0.3628219213737419,0.13971817593541416,0.009409324071492824
real_busq_1662,ect_l1,-0.10909198851807456,0.03447886614852613,0.0015560352101169287
real_busq_1662,d_ln_ocupados_l1,0.4712021714673831,0.18670348259284583,0.01160940941858345
real_busq_1662,d_tipo_hip_l1,-0.011573421695615744,0.0041653658147919855,0.0054612418908587665
real_busq_1662,d_ln_permisos_l4,-0.004604056457762347,0.010100384532001181,0.6485123592339471
real_busq_1662,d_ln_renta_hog_real,0.1475162783539484,0.07907843534085811,0.062119397352453906
real_busq_1662,d_ln_ipv_real_l4,0.30695308860831955,0.10130699699354002,0.002446105911026199
real_busq_1662,d_ln_credito_nuevo,0.038333167868404364,0.014786953593545335,0.00953188281841176
real_busq_1663,ect_l1,-0.14273829491759915,0.03805843642840689,0.00017647991759815298
real_busq_1663,d_ln_ocupados_l1,0.5332514840245914,0.24312374727921862,0.028283352456800522
real_busq_1663,d_tipo_hip_l1,-0.015044480158095718,0.004370801722112984,0.0005773420399006104
real_busq_1663,d_ln_permisos_l4,0.007770399493764031,0.013202735108136219,0.5561667539014026
real_busq_1663,d_ln_renta_hog_real,0.2286922561735606,0.09044698855598936,0.011456174606339305
real_busq_1663,d_ln_pob_extranj,0.1365071981444629,0.1536830059081893,0.3744123490445721
real_busq_1664,ect_l1,-0.10971189281661765,0.03685815973294703,0.0029146673068303607
real_busq_1664,d_ln_ocupados_l1,0.5977174060799177,0.22566310879351298,0.008079828380248393
real_busq_1664,d_tipo_hip_l1,-0.011711010895132313,0.004030296793372627,0.003663810183554527
real_busq_1664,d_ln_permisos_l4,0.0017711069921569629,0.01163882474219822,0.8790510231577825
real_busq_1664,d_ln_renta_hog_real,0.1880265911407187,0.08345721719362198,0.024261052286729718
real_busq_1664,d_ln_pob_extranj,0.19717087812755965,0.15006039007539845,0.1888652095464175
real_busq_1664,d_ln_credito_nuevo,0.04454135507815524,0.016884996838084615,0.008341503108021358
real_busq_1665,ect_l1,-0.1392829952485161,0.035577462860186745,9.043340473399708e-05
real_busq_1665,d_ln_ocupados_l1,0.47671860877674926,0.2593940600226421,0.06608949190829055
real_busq_1665,d_tipo_hip_l1,-0.013838334620986322,0.004642506219269363,0.0028750617637987473
real_busq_1665,d_ln_permisos_l4,0.00761299867528325,0.012774851152819365,0.5512177220669308
real_busq_1665,d_ln_renta_hog_real,0.21011012532487053,0.08675385699206,0.015439128907098521
real_busq_1665,d_ln_pob_extranj,0.10546751985627732,0.1498311290340765,0.4814892814771917
real_busq_1665,d_ln_ipv_real_l1,0.07150982405063937,0.09854054602823897,0.468029236728595
real_busq_1666,ect_l1,-0.0983277079105737,0.03458522747045976,0.0044683342519070135
real_busq_1666,d_ln_ocupados_l1,0.46166743035436253,0.17224072955552036,0.007354267792304431
real_busq_1666,d_tipo_hip_l1,-0.008417437158089429,0.004415590485492243,0.05661138189560817
real_busq_1666,d_ln_permisos_l4,0.000879379440009037,0.010593419352753474,0.933842109564814
real_busq_1666,d_ln_renta_hog_real,0.1381725743325592,0.08385766030301885,0.09941349532967546
real_busq_1666,d_ln_pob_extranj,0.12456956285974143,0.1110719083135293,0.26206583152132135
real_busq_1666,d_ln_ipv_real_l1,0.17886239134894727,0.11251407819462766,0.11190492659873036
real_busq_1666,d_ln_credito_nuevo,0.04823896244812194,0.019142325444090707,0.011734956874488778
real_busq_1667,ect_l1,-0.1371523496699308,0.037444033001998035,0.00024941229480248447
real_busq_1667,d_ln_ocupados_l1,0.37642044464829716,0.1907487305758329,0.04845185794431276
real_busq_1667,d_tipo_hip_l1,-0.014126366597276337,0.004525048040559726,0.0017973934181536627
real_busq_1667,d_ln_permisos_l4,-0.0001587016226799214,0.013243782134491539,0.990439094902953
real_busq_1667,d_ln_renta_hog_real,0.1688127314110954,0.0885306350965531,0.05654280927767738
real_busq_1667,d_ln_pob_extranj,-0.16178964575914204,0.14238541268901006,0.25583954813788967
real_busq_1667,d_ln_ipv_real_l4,0.40668967631691866,0.15113797139028323,0.007127013852974628
real_busq_1668,ect_l1,-0.1102785096057784,0.03384651587708049,0.0011212378889933518
real_busq_1668,d_ln_ocupados_l1,0.4644653832740057,0.1866409273377134,0.01282649998066132
real_busq_1668,d_tipo_hip_l1,-0.011489070182082955,0.004145652475313814,0.005582371639061127
real_busq_1668,d_ln_permisos_l4,-0.0035733313782410686,0.011105096267608427,0.7476239035937786
real_busq_1668,d_ln_renta_hog_real,0.1469681823713732,0.07886320497533443,0.06238019012333692
real_busq_1668,d_ln_pob_extranj,-0.0469600306127157,0.11844083340082327,0.6917471669003685
real_busq_1668,d_ln_ipv_real_l4,0.32040164562292756,0.10149345299619598,0.0015947237879473527
real_busq_1668,d_ln_credito_nuevo,0.03784204964283725,0.014837771215224466,0.010760359096358993
real_busq_1669,ect_l1,-0.1428002175479098,0.03809225334864266,0.0001776831122110868
real_busq_1669,d_ln_ocupados_l1,0.5401198802350965,0.25039859074820825,0.03100251553938851
real_busq_1669,d_tipo_hip_l1,-0.01511202896347375,0.004298553837997574,0.0004387487682672502
real_busq_1669,d_ln_permisos_l4,0.011004269592483386,0.01199607463568694,0.3589736521915984
real_busq_1669,d_ln_renta_hog_real,0.2326300098043955,0.08862110670394857,0.008665010238833142
real_busq_1669,d_ln_pob_extranj4,0.08463881703669675,0.15739983707686275,0.5907625757208539
real_busq_1670,ect_l1,-0.10874686172910959,0.037688851580813,0.003909347736787805
real_busq_1670,d_ln_ocupados_l1,0.6105455555882725,0.23551615619052726,0.009531656481525652
real_busq_1670,d_tipo_hip_l1,-0.011944436368932883,0.004029750861477765,0.0030360589265283604
real_busq_1670,d_ln_permisos_l4,0.00603291665523744,0.010132253957814955,0.5515647383444122
real_busq_1670,d_ln_renta_hog_real,0.1939049910041052,0.0814136417478738,0.01723171141211785
real_busq_1670,d_ln_pob_extranj4,0.14836620449803892,0.15029969826492184,0.32357609686588784
real_busq_1670,d_ln_credito_nuevo,0.04441231193690348,0.016978687072626418,0.008902693897131537
real_busq_1671,ect_l1,-0.13882394788428915,0.03501315129697451,7.342404736859961e-05
real_busq_1671,d_ln_ocupados_l1,0.4728652788803112,0.26167356545051684,0.07074968011022731
real_busq_1671,d_tipo_hip_l1,-0.01369609073425356,0.0045950464784550015,0.002876648329335614
real_busq_1671,d_ln_permisos_l4,0.009984904966941304,0.011706562661901038,0.39369686970293016
real_busq_1671,d_ln_renta_hog_real,0.21011034178062998,0.08651506819076706,0.015157318368622039
real_busq_1671,d_ln_pob_extranj4,0.06160143081271559,0.14661443837098068,0.6743690300131151
real_busq_1671,d_ln_ipv_real_l1,0.08267018569561672,0.09470450345290017,0.38270247936230983
real_busq_1672,ect_l1,-0.09658278181188798,0.03510762758794266,0.00594048701254344
real_busq_1672,d_ln_ocupados_l1,0.4633819722246105,0.17548106653225465,0.008275008479535977
real_busq_1672,d_tipo_hip_l1,-0.00842471485706104,0.004420844275479368,0.056691725746320455
real_busq_1672,d_ln_permisos_l4,0.00325513009578802,0.01011681050090269,0.7476386271394564
real_busq_1672,d_ln_renta_hog_real,0.1389819838312125,0.08242110804249779,0.09174908107263319
real_busq_1672,d_ln_pob_extranj4,0.10154584730416924,0.11114080224342503,0.36089107376214513
real_busq_1672,d_ln_ipv_real_l1,0.1887404246813379,0.1108861758521765,0.08873482420787095
real_busq_1672,d_ln_credito_nuevo,0.048437125171034615,0.019352604815032034,0.012318950452494799
real_busq_1673,ect_l1,-0.140441362572652,0.03829862110145964,0.0002454048045243053
real_busq_1673,d_ln_ocupados_l1,0.3573278731927948,0.19290998201493703,0.06398222490544951
real_busq_1673,d_tipo_hip_l1,-0.01366008432765019,0.004561100962578202,0.0027452633492496313
real_busq_1673,d_ln_permisos_l4,-0.0028859840645284692,0.012078101875802983,0.8111493859257888
real_busq_1673,d_ln_renta_hog_real,0.16322638594522013,0.09025839684246571,0.07053892457417636
real_busq_1673,d_ln_pob_extranj4,-0.18014717360954338,0.13736015528267462,0.1896905406933097
real_busq_1673,d_ln_ipv_real_l4,0.4107719982066251,0.14627793513837709,0.004982530414971531
real_busq_1674,ect_l1,-0.11216304455477735,0.03491449687450701,0.0013158221818391539
real_busq_1674,d_ln_ocupados_l1,0.45385491270077377,0.1921078107625105,0.018152087963978863
real_busq_1674,d_tipo_hip_l1,-0.011279536285426855,0.004216144688417374,0.007465794766083698
real_busq_1674,d_ln_permisos_l4,-0.004268219947951811,0.01018376476648809,0.6751284017931729
real_busq_1674,d_ln_renta_hog_real,0.14459443933573737,0.07988708844567374,0.07029809866958352
real_busq_1674,d_ln_pob_extranj4,-0.07265463636722762,0.11684547883026021,0.5340727242864083
real_busq_1674,d_ln_ipv_real_l4,0.3274999165612457,0.10054944419648236,0.0011255550284246694
real_busq_1674,d_ln_credito_nuevo,0.037504173712306285,0.014898173431314008,0.011823551946959466
real_busq_1675,ect_l1,-0.14644075128618528,0.039857518813885225,0.00023868358406713207
real_busq_1675,d_ln_ocupados_l1,0.529216116545878,0.24897797939044483,0.03354042110008655
real_busq_1675,d_tipo_hip_l1,-0.014951618873700896,0.0043534686739297715,0.0005938338988743131
real_busq_1675,d_ln_permisos_l4,0.010468717071632471,0.012991403989230672,0.4203473586025088
real_busq_1675,d_ln_renta_hog_real,0.22981992316953184,0.0909483529584051,0.011506514886201075
real_busq_1675,d_ln_pob_total,0.7550851693888263,1.6636531503823793,0.6499211364646618
real_busq_1676,ect_l1,-0.11480850840341685,0.03769222343249946,0.002319488500110378
real_busq_1676,d_ln_ocupados_l1,0.5918403712794235,0.23266838969033468,0.010968283061894435
real_busq_1676,d_tipo_hip_l1,-0.011685859242156134,0.004054144532717311,0.003945987413298305
real_busq_1676,d_ln_permisos_l4,0.004622836024528127,0.011803305433688637,0.6953123651979591
real_busq_1676,d_ln_renta_hog_real,0.18801772206279418,0.08557405153957924,0.02801082419344955
real_busq_1676,d_ln_pob_total,1.4957784928864886,1.6163786467140842,0.3547637679927763
real_busq_1676,d_ln_credito_nuevo,0.04484375421696165,0.017166639141100122,0.008994536909215483
real_busq_1677,ect_l1,-0.14151868837091913,0.03655514362382197,0.00010822291720004207
real_busq_1677,d_ln_ocupados_l1,0.4655112667831982,0.26325656011056225,0.07701413324272399
real_busq_1677,d_tipo_hip_l1,-0.01357871206892264,0.00465819212222778,0.0035566847251782617
real_busq_1677,d_ln_permisos_l4,0.009695553025181033,0.01238749391077527,0.4338098674788873
real_busq_1677,d_ln_renta_hog_real,0.20837275553017792,0.0871988911858858,0.01686552814091002
real_busq_1677,d_ln_pob_total,0.5142576815876383,1.5880601050290062,0.7460685645680483
real_busq_1677,d_ln_ipv_real_l1,0.0819778717626901,0.09819475847658687,0.4038022979124327
real_busq_1678,ect_l1,-0.10100643079693371,0.03475789877824494,0.0036608222499093616
real_busq_1678,d_ln_ocupados_l1,0.4531951026777311,0.1782765981224793,0.011019189235037814
real_busq_1678,d_tipo_hip_l1,-0.008306886774366733,0.004380748414470303,0.05793023500483263
real_busq_1678,d_ln_permisos_l4,0.002380483213645212,0.011115419162061374,0.8304219337751209
real_busq_1678,d_ln_renta_hog_real,0.13601302642387417,0.08557743060807693,0.11197998010863315
real_busq_1678,d_ln_pob_total,1.0143443133748968,1.216578744835279,0.40441178353038065
real_busq_1678,d_ln_ipv_real_l1,0.1852415653929516,0.1090767941786072,0.08945730162824458
real_busq_1678,d_ln_credito_nuevo,0.04864297160315342,0.01936940097345271,0.01202769578885476
real_busq_1679,ect_l1,-0.13329647104758025,0.03819297551936469,0.00048287923399895587
real_busq_1679,d_ln_ocupados_l1,0.3870134884190565,0.1846776097849594,0.03611620406352299
real_busq_1679,d_tipo_hip_l1,-0.014155520589132114,0.0045130744198818365,0.0017094350357433135
real_busq_1679,d_ln_permisos_l4,-0.002027124741264042,0.012532091864512736,0.8714990284857331
real_busq_1679,d_ln_renta_hog_real,0.17087007873168342,0.08873743413042497,0.0541581753905976
real_busq_1679,d_ln_pob_total,-1.161656645327856,1.2360348525689087,0.3473072541471752
real_busq_1679,d_ln_ipv_real_l4,0.39178244235316845,0.14067106444086844,0.005351184987637922
real_busq_1680,ect_l1,-0.10911405236804014,0.03450001862137917,0.0015630019735633758
real_busq_1680,d_ln_ocupados_l1,0.46975749876234535,0.18740065650076349,0.012186359096054169
real_busq_1680,d_tipo_hip_l1,-0.01154262452110639,0.004140816263978034,0.0053112527660210546
real_busq_1680,d_ln_permisos_l4,-0.004409665253789634,0.010985348967601137,0.688115854032054
real_busq_1680,d_ln_renta_hog_real,0.14753121568509855,0.07892772962182805,0.061595869189275225
real_busq_1680,d_ln_pob_total,-0.13432148823785459,1.200724877525238,0.9109288635904343
real_busq_1680,d_ln_ipv_real_l4,0.3105763123770442,0.09563690149731122,0.001164430238345158
real_busq_1680,d_ln_credito_nuevo,0.03814479801963415,0.015290035583664721,0.01260463246563639
real_busq_1681,ect_l1,-0.1572249655122106,0.04602321811835721,0.0006349932091233176
real_busq_1681,d_ln_ocupados_l1,0.4056148310877829,0.36504181854502615,0.26650542251927545
real_busq_1681,d_tipo_hip_l1,-0.013699121434467365,0.004643314028001108,0.003174761178676474
real_busq_1681,d_ln_permisos_l4,0.01614544476317099,0.012991674307170542,0.2139587946723277
real_busq_1681,d_ln_costes,-0.018216130409913284,0.10309985886256073,0.8597563430337176
real_busq_1682,ect_l1,-0.12401239252455253,0.04061599465896439,0.0022634741336264403
real_busq_1682,d_ln_ocupados_l1,0.48556435362272266,0.27467779852673196,0.07710107814031865
real_busq_1682,d_tipo_hip_l1,-0.010276556426494625,0.004203858580469514,0.014503164319313694
real_busq_1682,d_ln_permisos_l4,0.011709298618830247,0.010200651848587138,0.2510110478084532
real_busq_1682,d_ln_costes,0.00937523163527416,0.07766925545201837,0.9039230244203582
real_busq_1682,d_ln_credito_nuevo,0.04570901812730153,0.015045052117651158,0.00238041052882177
real_busq_1683,ect_l1,-0.1434614089957995,0.03847811728884711,0.000192707363011384
real_busq_1683,d_ln_ocupados_l1,0.30753452760855304,0.3334567780166528,0.3563919104049047
real_busq_1683,d_tipo_hip_l1,-0.011238435950999331,0.004659886997918708,0.015876598047613946
real_busq_1683,d_ln_permisos_l4,0.012066318781100397,0.01271688861991638,0.34270094706053844
real_busq_1683,d_ln_costes,-0.05505243841540643,0.09684190248090653,0.5697108088856135
real_busq_1683,d_ln_ipv_real_l1,0.170669751810286,0.09813884612619199,0.08202347470585933
real_busq_1684,ect_l1,-0.09964997425679602,0.03436382404124692,0.003733399193462627
real_busq_1684,d_ln_ocupados_l1,0.34482053299440696,0.1871938783967307,0.06546779799470101
real_busq_1684,d_tipo_hip_l1,-0.006182056483852698,0.004278157713290632,0.1484500997702037
real_busq_1684,d_ln_permisos_l4,0.005050216771862657,0.010947201761842015,0.6445655221139626
real_busq_1684,d_ln_costes,-0.0437371392848126,0.06274542826177963,0.48576712990974125
real_busq_1684,d_ln_ipv_real_l1,0.2593489709622813,0.1116516978850962,0.020187777732605043
real_busq_1684,d_ln_credito_nuevo,0.050453498500858604,0.01789061119900427,0.004800713157729045
real_busq_1685,ect_l1,-0.14009305759296103,0.0403857575673391,0.0005226467637608368
real_busq_1685,d_ln_ocupados_l1,0.2996516106858159,0.27316575002565396,0.2726593430301203
real_busq_1685,d_tipo_hip_l1,-0.01382987407941394,0.004769795391067223,0.0037379525430752364
real_busq_1685,d_ln_permisos_l4,-0.0026491669044445974,0.013953657920454035,0.8494230265191209
real_busq_1685,d_ln_costes,-0.03137781467690922,0.07885047580849888,0.6906738873278175
real_busq_1685,d_ln_ipv_real_l4,0.39621924401225045,0.14106231055081583,0.004972277673957208
real_busq_1686,ect_l1,-0.11411090713786375,0.035804056740869034,0.0014370988450877733
real_busq_1686,d_ln_ocupados_l1,0.38564563979355504,0.21008317076863406,0.06640488144940654
real_busq_1686,d_tipo_hip_l1,-0.010850339499240054,0.004148058645743085,0.00890282550476509
real_busq_1686,d_ln_permisos_l4,-0.0034900827121438255,0.010921667856681807,0.7493050572284072
real_busq_1686,d_ln_costes,-0.005429234153045389,0.063619558150372,0.9319918286077326
real_busq_1686,d_ln_ipv_real_l4,0.33310112163143923,0.10525915297041925,0.0015530639554855704
real_busq_1686,d_ln_credito_nuevo,0.03951408532349074,0.013190674302517304,0.0027389857105672567
real_busq_1687,ect_l1,-0.15145141954174332,0.043384702333554265,0.0004814062768416122
real_busq_1687,d_ln_ocupados_l1,0.41834351069369785,0.36502797236405443,0.2517708338277296
real_busq_1687,d_tipo_hip_l1,-0.014167026552461702,0.004758559599226747,0.002909255042120056
real_busq_1687,d_ln_permisos_l4,0.010009554948277356,0.01633437481555941,0.5400146611544357
real_busq_1687,d_ln_costes,-0.04253498856455675,0.10372564796117027,0.6817530988532978
real_busq_1687,d_ln_pob_extranj,0.1717146834245636,0.17828478121348912,0.33547310730863034
real_busq_1688,ect_l1,-0.11575916005592309,0.03815539190527123,0.0024142457673165516
real_busq_1688,d_ln_ocupados_l1,0.5039061180691313,0.2694653876323784,0.06148080667989576
real_busq_1688,d_tipo_hip_l1,-0.01081251767316754,0.004188142138699183,0.009831561113267722
real_busq_1688,d_ln_permisos_l4,0.0036089225149962966,0.013194354227960253,0.7844533605113441
real_busq_1688,d_ln_costes,-0.02174769168625913,0.07099157424065915,0.7593443620929392
real_busq_1688,d_ln_pob_extranj,0.2239928229037181,0.1609521540752141,0.1640213369721809
real_busq_1688,d_ln_credito_nuevo,0.04670259786103463,0.015079606844034817,0.0019544372097968594
real_busq_1689,ect_l1,-0.14109098520163524,0.03783686218651552,0.00019229506563495593
real_busq_1689,d_ln_ocupados_l1,0.32533917415127883,0.34697978031951726,0.3484338141416974
real_busq_1689,d_tipo_hip_l1,-0.011780810310555874,0.004700364891900267,0.012198107728386596
real_busq_1689,d_ln_permisos_l4,0.0085139692038829,0.01496124358989619,0.5693098014905952
real_busq_1689,d_ln_costes,-0.06710727618740991,0.09983941220327133,0.5014868356817362
real_busq_1689,d_ln_pob_extranj,0.11059466488332421,0.15788063847386263,0.4836179615436066
real_busq_1689,d_ln_ipv_real_l1,0.15395327678528303,0.1060022724756622,0.14640201382611565
real_busq_1690,ect_l1,-0.09659248256693842,0.03412087289725764,0.004641849198282517
real_busq_1690,d_ln_ocupados_l1,0.366454880530145,0.19346135557646932,0.05819820696352916
real_busq_1690,d_tipo_hip_l1,-0.006812847758805371,0.004045130956695544,0.09214119878055685
real_busq_1690,d_ln_permisos_l4,0.0007357025511689233,0.0114892692956448,0.9489432456706391
real_busq_1690,d_ln_costes,-0.058218152038188885,0.06389401214563453,0.3622070863323614
real_busq_1690,d_ln_pob_extranj,0.13332663881071266,0.11117893418814911,0.23044717698424189
real_busq_1690,d_ln_ipv_real_l1,0.23960104489382275,0.1104556796919474,0.03006710157465807
real_busq_1690,d_ln_credito_nuevo,0.05068363948861464,0.0174438047138635,0.0036662219263279452
real_busq_1691,ect_l1,-0.14386559013450914,0.04033029321084453,0.0003608376564616693
real_busq_1691,d_ln_ocupados_l1,0.2751083440248625,0.2694755612326613,0.30730051171725525
real_busq_1691,d_tipo_hip_l1,-0.013382158060036576,0.004742379542895241,0.004775144910878384
real_busq_1691,d_ln_permisos_l4,0.001293802076329161,0.014820457138607423,0.9304343321716645
real_busq_1691,d_ln_costes,-0.008826920088446445,0.08088275786716201,0.913097569012223
real_busq_1691,d_ln_pob_extranj,-0.1697225554652807,0.15269919163645998,0.2663605039312622
real_busq_1691,d_ln_ipv_real_l4,0.4409486939784398,0.1514097264777997,0.0035879192829673273
real_busq_1692,ect_l1,-0.11566124079069334,0.03512682776792888,0.0009923898433754075
real_busq_1692,d_ln_ocupados_l1,0.37665746920034343,0.2111670484840495,0.07447334634395676
real_busq_1692,d_tipo_hip_l1,-0.01074651494694797,0.004168182723751466,0.009930916989789509
real_busq_1692,d_ln_permisos_l4,-0.0022176462448615735,0.012021777543751269,0.8536454813820035
real_busq_1692,d_ln_costes,0.0014414872144190968,0.06329367609388956,0.981830080893477
real_busq_1692,d_ln_pob_extranj,-0.05429261308557217,0.1247523188878185,0.6634149127176836
real_busq_1692,d_ln_ipv_real_l4,0.3482441921822986,0.10733032670749144,0.0011761488786554868
real_busq_1692,d_ln_credito_nuevo,0.03899162889494623,0.0132745561747141,0.00331061528818608
real_busq_1693,ect_l1,-0.15300536142572818,0.044535013837299894,0.0005912006922506396
real_busq_1693,d_ln_ocupados_l1,0.41844165568350866,0.3754273323200247,0.2650328890424015
real_busq_1693,d_tipo_hip_l1,-0.014136464725143771,0.004783749697751426,0.003125664509658157
real_busq_1693,d_ln_permisos_l4,0.014603364951970711,0.014332929545865545,0.3082655814006532
real_busq_1693,d_ln_costes,-0.027589809341283807,0.10451226191137272,0.791790445825531
real_busq_1693,d_ln_pob_extranj4,0.08947167788399564,0.17787500971000014,0.6149621061257045
real_busq_1694,ect_l1,-0.11620964472733482,0.0395747312917923,0.0033198083967286487
real_busq_1694,d_ln_ocupados_l1,0.5088636774978443,0.2821437296833686,0.07130001544452942
real_busq_1694,d_tipo_hip_l1,-0.010948178086106574,0.0042655257937606415,0.010268159866396854
real_busq_1694,d_ln_permisos_l4,0.009011545366265195,0.011225111313959703,0.4220890030225548
real_busq_1694,d_ln_costes,-0.005933765059920815,0.07343382168231603,0.935597626226623
real_busq_1694,d_ln_pob_extranj4,0.1513837666142552,0.15751998206587484,0.3365296204393331
real_busq_1694,d_ln_credito_nuevo,0.0466218707841189,0.015240039329721709,0.0022195117936648634
real_busq_1695,ect_l1,-0.14144643996058573,0.037849609956572494,0.0001861810540329387
real_busq_1695,d_ln_ocupados_l1,0.31788437426667215,0.3497344978508007,0.3633867793450397
real_busq_1695,d_tipo_hip_l1,-0.011564649076124471,0.004737209980426249,0.014637072815858737
real_busq_1695,d_ln_permisos_l4,0.01130122627218743,0.01348612961098937,0.40203696450612325
real_busq_1695,d_ln_costes,-0.059339561965289486,0.09978006157409308,0.5520416140867586
real_busq_1695,d_ln_pob_extranj4,0.05153681935653366,0.1525249447885684,0.735445264661326
real_busq_1695,d_ln_ipv_real_l1,0.16551655525132544,0.10123569375971178,0.10205692500695938
real_busq_1696,ect_l1,-0.09537542748594091,0.034800411565280694,0.0061319504606813366
real_busq_1696,d_ln_ocupados_l1,0.3651660418888318,0.19874291468446664,0.06615397659371258
real_busq_1696,d_tipo_hip_l1,-0.0067698618761456416,0.004105515305788548,0.09915426483181422
real_busq_1696,d_ln_permisos_l4,0.003509671546329265,0.010935592526967877,0.748255688516692
real_busq_1696,d_ln_costes,-0.051935116425716236,0.06381665873771775,0.41574948352789143
real_busq_1696,d_ln_pob_extranj4,0.09971726608922617,0.10907214924628471,0.3605948713094538
real_busq_1696,d_ln_ipv_real_l1,0.25013891539021077,0.10814668890773838,0.02072486398141824
real_busq_1696,d_ln_credito_nuevo,0.05088631225180645,0.01769264158691221,0.004025856713184705
real_busq_1697,ect_l1,-0.14741060685915974,0.04123440143129039,0.000350305111996237
real_busq_1697,d_ln_ocupados_l1,0.2568932177171307,0.26842418354514413,0.33854605596998744
real_busq_1697,d_tipo_hip_l1,-0.012857928514341222,0.004844186558928734,0.007947293488455373
real_busq_1697,d_ln_permisos_l4,-0.001601843827906938,0.013377123010059909,0.9046851381532065
real_busq_1697,d_ln_costes,-0.011890553679835441,0.0777301970861748,0.8784202549807745
real_busq_1697,d_ln_pob_extranj4,-0.2023127741873786,0.1454992840632271,0.16438540071278807
real_busq_1697,d_ln_ipv_real_l4,0.4476501280156909,0.1462322652703106,0.0022043206065559093
real_busq_1698,ect_l1,-0.11815417410303773,0.036456022929794704,0.0011910884822111025
real_busq_1698,d_ln_ocupados_l1,0.3637381271581346,0.21552511355837983,0.09147204610742142
real_busq_1698,d_tipo_hip_l1,-0.01048116459306659,0.0042924072370011095,0.014614574159896395
real_busq_1698,d_ln_permisos_l4,-0.0029865138500572434,0.010869225772691875,0.7834945959275177
real_busq_1698,d_ln_costes,0.0028547105876781244,0.06215807935563914,0.9633687356207459
real_busq_1698,d_ln_pob_extranj4,-0.09303461137260043,0.1210097321264159,0.44200062013680597
real_busq_1698,d_ln_ipv_real_l4,0.3583995600124303,0.1060670902587616,0.0007275284730902792
real_busq_1698,d_ln_credito_nuevo,0.038482587225849955,0.013361428802604318,0.003975173334246237
real_busq_1699,ect_l1,-0.15651387530532637,0.04539871072488764,0.0005657164404854338
real_busq_1699,d_ln_ocupados_l1,0.40979591752757,0.3715538825789732,0.2700599100013069
real_busq_1699,d_tipo_hip_l1,-0.014057207767916418,0.004826223747177359,0.0035835055181950544
real_busq_1699,d_ln_permisos_l4,0.013383715688934927,0.015651811983089715,0.3925010500478878
real_busq_1699,d_ln_costes,-0.031820986374210054,0.10728218417919913,0.7667641492335076
real_busq_1699,d_ln_pob_total,1.013918112358627,1.8948764193903775,0.5925917519727393
real_busq_1700,ect_l1,-0.1217920654258685,0.03928117812990449,0.0019318138287368984
real_busq_1700,d_ln_ocupados_l1,0.4950725152326911,0.2771012193637381,0.07400013242237355
real_busq_1700,d_tipo_hip_l1,-0.01077504179475473,0.004284657291297743,0.01191010580563909
real_busq_1700,d_ln_permisos_l4,0.0069165288558404895,0.013153463927767691,0.5990040611959848
real_busq_1700,d_ln_costes,-0.012714343695484135,0.07289377892583666,0.8615331252138989
real_busq_1700,d_ln_pob_total,1.7094902825108675,1.7017970656705093,0.315127726330405
real_busq_1700,d_ln_credito_nuevo,0.047114742902494976,0.015390764496476684,0.00220426209879553
real_busq_1701,ect_l1,-0.14372529031324657,0.038781265772321015,0.0002105171793724939
real_busq_1701,d_ln_ocupados_l1,0.314690991646642,0.34823059743837764,0.3661621136559975
real_busq_1701,d_tipo_hip_l1,-0.011562420368950738,0.0047942570483172275,0.01587733561416407
real_busq_1701,d_ln_permisos_l4,0.010689239009957947,0.014150405295647475,0.4500080446494231
real_busq_1701,d_ln_costes,-0.06102180279873346,0.10103171894572309,0.5458525618053791
real_busq_1701,d_ln_pob_total,0.5784209389051693,1.6553408743603357,0.7267687012509595
real_busq_1701,d_ln_ipv_real_l1,0.16236731704359497,0.10544922517597285,0.12361697368691285
real_busq_1702,ect_l1,-0.09959882874470413,0.034496758212024504,0.0038869465049233306
real_busq_1702,d_ln_ocupados_l1,0.3590597544664412,0.1974936590690715,0.06905153276629877
real_busq_1702,d_tipo_hip_l1,-0.006740687983823394,0.004047238349388736,0.0958124273232453
real_busq_1702,d_ln_permisos_l4,0.0023122631193961828,0.01194639948339209,0.8465257938743894
real_busq_1702,d_ln_costes,-0.05507351773064981,0.06301158916434917,0.38210625094702244
real_busq_1702,d_ln_pob_total,1.1124562862851162,1.1763816981723332,0.3443223907836873
real_busq_1702,d_ln_ipv_real_l1,0.24451198336476102,0.10699779533554347,0.022300762796890843
real_busq_1702,d_ln_credito_nuevo,0.05109685340084582,0.017664424866876808,0.0038201672016805106
real_busq_1703,ect_l1,-0.13968711801147057,0.04098483187632715,0.0006537766256567687
real_busq_1703,d_ln_ocupados_l1,0.2874181363773459,0.26365571375728264,0.27565733102302037
real_busq_1703,d_tipo_hip_l1,-0.013433312350582916,0.0047135559513559275,0.004372862331301335
real_busq_1703,d_ln_permisos_l4,-0.0008487774306467552,0.014176291762390693,0.9522567665449502
real_busq_1703,d_ln_costes,-0.016890742617440294,0.07903931837575899,0.8307806138984558
real_busq_1703,d_ln_pob_total,-1.149048150917482,1.38672778844008,0.40732854077107616
real_busq_1703,d_ln_ipv_real_l4,0.424245231750946,0.1414208313562749,0.0027008781949995463
real_busq_1704,ect_l1,-0.11417199133826786,0.03578873311793123,0.001421912071583246
real_busq_1704,d_ln_ocupados_l1,0.3840320391066665,0.21152019505421119,0.06943467626993398
real_busq_1704,d_tipo_hip_l1,-0.010820958371007005,0.004156758141277331,0.00923525119431304
real_busq_1704,d_ln_permisos_l4,-0.0032995766457132214,0.01194090250149645,0.7822980210105388
real_busq_1704,d_ln_costes,-0.004026351356264988,0.06058021102964405,0.9470090987490447
real_busq_1704,d_ln_pob_total,-0.11945170149668963,1.2463464745103086,0.9236464658257191
real_busq_1704,d_ln_ipv_real_l4,0.33626552952339817,0.10032236497728109,0.0008027346904943222
real_busq_1704,d_ln_credito_nuevo,0.03935700854624275,0.013644145643852867,0.003919928312758648
real_busq_1705,ect_l1,-0.14480940186880253,0.04142901650838336,0.00047341954164064167
real_busq_1705,d_ln_ocupados_l1,0.5440525032314678,0.25986705835449875,0.03629740138822479
real_busq_1705,d_tipo_hip_l1,-0.014760255499360579,0.004445707254515332,0.0008998065251484649
real_busq_1705,d_ln_permisos_l4,0.011783731386163822,0.011569247852807578,0.3084218253934198
real_busq_1705,d_ln_costes,-0.045345720118694546,0.06816219552764445,0.5058829160709071
real_busq_1705,d_ln_renta_hog_real,0.23669789907220437,0.09009907609097126,0.00861199092056872
real_busq_1706,ect_l1,-0.11549039629265284,0.038613653831435696,0.002781372459719033
real_busq_1706,d_ln_ocupados_l1,0.595882902496527,0.23302517075170903,0.010553033095524219
real_busq_1706,d_tipo_hip_l1,-0.011334713690053759,0.004083167236630892,0.005503878173770857
real_busq_1706,d_ln_permisos_l4,0.008334511730663035,0.009320470885301625,0.3712064744991215
real_busq_1706,d_ln_costes,-0.014522471435915972,0.057627960426426865,0.8010380404606894
real_busq_1706,d_ln_renta_hog_real,0.19582067075536386,0.08350051741042928,0.019019772960271773
real_busq_1706,d_ln_credito_nuevo,0.043301359655850184,0.01686880541534388,0.010259776305686669
real_busq_1707,ect_l1,-0.13781548652961562,0.03728368184373169,0.000218676376107993
real_busq_1707,d_ln_ocupados_l1,0.46894199168638834,0.25214110621911384,0.06290823546477438
real_busq_1707,d_tipo_hip_l1,-0.013144478529797174,0.0045512916416505875,0.0038760556507436376
real_busq_1707,d_ln_permisos_l4,0.009786899171765565,0.01173757853740307,0.4043885965557822
real_busq_1707,d_ln_costes,-0.06474324094190088,0.06716421421183111,0.3350687797623927
real_busq_1707,d_ln_renta_hog_real,0.21033678628239824,0.09123457905655777,0.021141368026715242
real_busq_1707,d_ln_ipv_real_l1,0.10387134350922392,0.08576432257319554,0.225847374721603
real_busq_1708,ect_l1,-0.09818784562626073,0.034477952608685414,0.004401643412158979
real_busq_1708,d_ln_ocupados_l1,0.44877747154595804,0.1659543318028822,0.006846438669204232
real_busq_1708,d_tipo_hip_l1,-0.007690823965304134,0.004525671246173475,0.08924807537818659
real_busq_1708,d_ln_permisos_l4,0.003914057506710779,0.01024416143312405,0.7024043209075803
real_busq_1708,d_ln_costes,-0.05067192249238415,0.05108786307763885,0.32126663932783617
real_busq_1708,d_ln_renta_hog_real,0.1379559058074863,0.08331422252416051,0.09775207665975368
real_busq_1708,d_ln_ipv_real_l1,0.21100128176695596,0.11062975892516326,0.05648509307072676
real_busq_1708,d_ln_credito_nuevo,0.04787283675591716,0.01950033046651822,0.014089412580577873
real_busq_1709,ect_l1,-0.13225095047382135,0.03841968014214626,0.0005768520584484341
real_busq_1709,d_ln_ocupados_l1,0.41161033566112554,0.20055698932109714,0.04013701654391077
real_busq_1709,d_tipo_hip_l1,-0.014610202865440226,0.0047144052132717966,0.0019413872403026059
real_busq_1709,d_ln_permisos_l4,-0.0043495149010144615,0.012640656339440766,0.7307791110997646
real_busq_1709,d_ln_costes,-0.05051762379456529,0.05505114409962653,0.35880268953994665
real_busq_1709,d_ln_renta_hog_real,0.17646877278874262,0.0914746000297615,0.05371149961165951
real_busq_1709,d_ln_ipv_real_l4,0.3635111890406767,0.1391805100331043,0.009006781102973671
real_busq_1710,ect_l1,-0.1083548084249494,0.034751834838832485,0.0018210791785747973
real_busq_1710,d_ln_ocupados_l1,0.4776694422556016,0.18530507690358453,0.009944703426631707
real_busq_1710,d_tipo_hip_l1,-0.011615394823157531,0.004202876329063621,0.005715399394698117
real_busq_1710,d_ln_permisos_l4,-0.004903745057998827,0.00992196894449915,0.6211430186366753
real_busq_1710,d_ln_costes,-0.022565733491266334,0.05202866904323003,0.6644937474156916
real_busq_1710,d_ln_renta_hog_real,0.14973115156127811,0.07899296225782836,0.05802620581002655
real_busq_1710,d_ln_ipv_real_l4,0.30752986681458494,0.10087164858425723,0.0022981512593898417
real_busq_1710,d_ln_credito_nuevo,0.03814867560084835,0.014864501882900897,0.010275191964356153
real_busq_1711,ect_l1,-0.1395053815307232,0.039333592904837865,0.000390053610843455
real_busq_1711,d_ln_ocupados_l1,0.5547127909381083,0.25490839321220443,0.02954583767648269
real_busq_1711,d_tipo_hip_l1,-0.015189597768547489,0.004610366415637493,0.0009854022361279998
real_busq_1711,d_ln_permisos_l4,0.006064660035905319,0.014115758079325625,0.667459301314894
real_busq_1711,d_ln_costes,-0.06792100363851618,0.06971146712006927,0.32989962112829674
real_busq_1711,d_ln_renta_hog_real,0.23449588556278692,0.09337150606446207,0.012024355347927285
real_busq_1711,d_ln_pob_extranj,0.16118546246510926,0.15740304708265512,0.30582104475714855
real_busq_1712,ect_l1,-0.10782134860856422,0.036803162789847056,0.0033931542320741713
real_busq_1712,d_ln_ocupados_l1,0.6111341986866718,0.22362540547302284,0.006278933864266008
real_busq_1712,d_tipo_hip_l1,-0.01182283890983265,0.004171969465778379,0.004598735299307496
real_busq_1712,d_ln_permisos_l4,0.0007096461123412719,0.011535508990036424,0.950946357205612
real_busq_1712,d_ln_costes,-0.04360401815489546,0.054871786921434434,0.426815505786138
real_busq_1712,d_ln_renta_hog_real,0.1919801137350761,0.08255980772977826,0.0200534696435422
real_busq_1712,d_ln_pob_extranj,0.21267418744976793,0.14868221583129212,0.15260389599405297
real_busq_1712,d_ln_credito_nuevo,0.0442919530702673,0.016863426069386733,0.008626551984943987
real_busq_1713,ect_l1,-0.13495624882831386,0.036790478301750855,0.0002442273150744237
real_busq_1713,d_ln_ocupados_l1,0.49237969248273944,0.2607143705136044,0.05894825931789353
real_busq_1713,d_tipo_hip_l1,-0.013808821933529652,0.0046393767055402475,0.0029161705433998716
real_busq_1713,d_ln_permisos_l4,0.005603899070350606,0.01368357186566901,0.6821472228492981
real_busq_1713,d_ln_costes,-0.07897041543171182,0.06891282090493193,0.2518172322301876
real_busq_1713,d_ln_renta_hog_real,0.2138037937114801,0.09064954076600225,0.018345223373684
real_busq_1713,d_ln_pob_extranj,0.12905887397853072,0.15288274691811143,0.3985749805975214
real_busq_1713,d_ln_ipv_real_l1,0.08326294153676095,0.09131115983620236,0.3618427242099268
real_busq_1714,ect_l1,-0.09483885081925272,0.034353269761532475,0.005767876681975867
real_busq_1714,d_ln_ocupados_l1,0.474919652515076,0.1684803086344086,0.00481969844100936
real_busq_1714,d_tipo_hip_l1,-0.00841328613894102,0.004333384820815549,0.05219711387636867
real_busq_1714,d_ln_permisos_l4,-0.000787588691668418,0.010597018029116792,0.9407543883909245
real_busq_1714,d_ln_costes,-0.06653381958132479,0.05265424068678153,0.20637417205458075
real_busq_1714,d_ln_renta_hog_real,0.14155942998245485,0.0815291482723341,0.0825100015738311
real_busq_1714,d_ln_pob_extranj,0.14437265936211607,0.11387224755009624,0.20485236853657696
real_busq_1714,d_ln_ipv_real_l1,0.188354371307412,0.10642366836970282,0.07675144019467299
real_busq_1714,d_ln_credito_nuevo,0.048054635713472946,0.01900087646587501,0.011436368786089553
real_busq_1715,ect_l1,-0.1357543115159524,0.03830129705790981,0.00039353915106463193
real_busq_1715,d_ln_ocupados_l1,0.3872315979262659,0.19987035651185178,0.0526947743434055
real_busq_1715,d_tipo_hip_l1,-0.014198346234384008,0.004590867605082175,0.0019831978769046105
real_busq_1715,d_ln_permisos_l4,-0.000857010982397697,0.013447581536929614,0.9491854174174326
real_busq_1715,d_ln_costes,-0.03029792641474986,0.05585700615740066,0.5875295855051389
real_busq_1715,d_ln_renta_hog_real,0.1718741867746796,0.08983204419715977,0.0557117420433438
real_busq_1715,d_ln_pob_extranj,-0.14842697406338007,0.14853377921967115,0.3176586174016054
real_busq_1715,d_ln_ipv_real_l4,0.4034799004271616,0.15229814264242644,0.008066429047271423
real_busq_1716,ect_l1,-0.10951835525083277,0.034120137811481585,0.00132833629181149
real_busq_1716,d_ln_ocupados_l1,0.470547125417138,0.18449564218982722,0.010758359539125224
real_busq_1716,d_tipo_hip_l1,-0.011535036052411546,0.004185028964503208,0.0058466154992816615
real_busq_1716,d_ln_permisos_l4,-0.003970019573217865,0.01081266704089527,0.713496863694109
real_busq_1716,d_ln_costes,-0.01746292130944889,0.051987490134727234,0.736941586284515
real_busq_1716,d_ln_renta_hog_real,0.1487698209622486,0.07892839314325195,0.059447287665342706
real_busq_1716,d_ln_pob_extranj,-0.03945314726037665,0.1208504764311461,0.7440744658673091
real_busq_1716,d_ln_ipv_real_l4,0.3186981522033708,0.10288318657490579,0.0019504854356018765
real_busq_1716,d_ln_credito_nuevo,0.03777778541940498,0.014852803429743662,0.010975482752743078
real_busq_1717,ect_l1,-0.14010059432165475,0.03956262522925119,0.00039825712282972264
real_busq_1717,d_ln_ocupados_l1,0.5589147035919684,0.2628915724218588,0.033500972636617846
real_busq_1717,d_tipo_hip_l1,-0.015247073727994076,0.004513896689578729,0.00073066231427182
real_busq_1717,d_ln_permisos_l4,0.010063825504928453,0.012671490194199102,0.427073129172466
real_busq_1717,d_ln_costes,-0.05580368854672934,0.06910469335837015,0.4193647351353438
real_busq_1717,d_ln_renta_hog_real,0.23798670403785635,0.09121223593207217,0.009076657675806728
real_busq_1717,d_ln_pob_extranj4,0.09841123562013197,0.15843020500016064,0.5344913256540678
real_busq_1718,ect_l1,-0.10741957382601945,0.037720460065878286,0.004402533951835315
real_busq_1718,d_ln_ocupados_l1,0.6204878700212081,0.23328315095557667,0.00781857259538599
real_busq_1718,d_tipo_hip_l1,-0.01203134208202013,0.004148361684144646,0.0037284905142452567
real_busq_1718,d_ln_permisos_l4,0.005541523650809017,0.009995388251598548,0.5792996221318814
real_busq_1718,d_ln_costes,-0.030400152087615293,0.05488882229782574,0.57968178233919
real_busq_1718,d_ln_renta_hog_real,0.19698621025320603,0.08099423893816317,0.015011499845567582
real_busq_1718,d_ln_pob_extranj4,0.15560066932442104,0.14704829736151148,0.2899823707045006
real_busq_1718,d_ln_credito_nuevo,0.04422530990801592,0.017020241188014613,0.009366067969850723
real_busq_1719,ect_l1,-0.1347728084963539,0.03637977340486082,0.0002117176850955688
real_busq_1719,d_ln_ocupados_l1,0.48656335356093855,0.26299950040688136,0.06430572541829534
real_busq_1719,d_tipo_hip_l1,-0.013652001853779338,0.0045515520900737206,0.0027049698006266568
real_busq_1719,d_ln_permisos_l4,0.008629539750091925,0.012476275863769043,0.4891408641235955
real_busq_1719,d_ln_costes,-0.07118201580407564,0.06873057622830825,0.30035734549699467
real_busq_1719,d_ln_renta_hog_real,0.21350232217828635,0.09028632730615789,0.01804347049980937
real_busq_1719,d_ln_pob_extranj4,0.0756492277780276,0.1465079261749944,0.6056106473807585
real_busq_1719,d_ln_ipv_real_l1,0.09530182755198732,0.08725098567305194,0.27471346834283683
real_busq_1720,ect_l1,-0.09328737379313436,0.0349148624327884,0.0075433725074566665
real_busq_1720,d_ln_ocupados_l1,0.4749947130862351,0.17200500669936383,0.005753355920430096
real_busq_1720,d_tipo_hip_l1,-0.008403698661303947,0.00432998489560528,0.0522807482172894
real_busq_1720,d_ln_permisos_l4,0.002129762156516722,0.01012238694749648,0.8333545718873129
real_busq_1720,d_ln_costes,-0.060193513132372214,0.051819534934330926,0.2453984420232208
real_busq_1720,d_ln_renta_hog_real,0.14206982822427008,0.08049976546245785,0.07758936067133086
real_busq_1720,d_ln_pob_extranj4,0.11330179731832478,0.10989654061360106,0.3025473744067344
real_busq_1720,d_ln_ipv_real_l1,0.19909478070035988,0.10471522459450293,0.05726307389410276
real_busq_1720,d_ln_credito_nuevo,0.048287656153453276,0.019233980619114275,0.012054704678283984
real_busq_1721,ect_l1,-0.13885562680634328,0.039297132154373936,0.0004101272656263139
real_busq_1721,d_ln_ocupados_l1,0.36937404698262877,0.20280201162248393,0.06855321869905043
real_busq_1721,d_tipo_hip_l1,-0.013747338432654577,0.004617955588368618,0.0029114885248819502
real_busq_1721,d_ln_permisos_l4,-0.0033723823884039866,0.012331386134928254,0.7844845816237836
real_busq_1721,d_ln_costes,-0.03302490359621892,0.053983775455781285,0.5406991429789969
real_busq_1721,d_ln_renta_hog_real,0.16674706997123576,0.09132278599434757,0.06786401464857503
real_busq_1721,d_ln_pob_extranj4,-0.17065912348784176,0.14072168675503963,0.22522841235372815
real_busq_1721,d_ln_ipv_real_l4,0.40869714310309546,0.1469435275481778,0.005413814949042525
real_busq_1722,ect_l1,-0.11145141430938514,0.03536812822628402,0.00162611045295153
real_busq_1722,d_ln_ocupados_l1,0.4595179985003506,0.19082852132408576,0.01603950893595708
real_busq_1722,d_tipo_hip_l1,-0.011327250056324786,0.004255002685800698,0.007765440283081654
real_busq_1722,d_ln_permisos_l4,-0.004502350527510667,0.009988563723274906,0.6521693496373432
real_busq_1722,d_ln_costes,-0.016100721966872646,0.050506371012798576,0.7498888255968842
real_busq_1722,d_ln_renta_hog_real,0.14635138788368807,0.0800441881462454,0.06749217518870468
real_busq_1722,d_ln_pob_extranj4,-0.06826255505315232,0.11704725152052614,0.5597552324430011
real_busq_1722,d_ln_ipv_real_l4,0.32666936318264184,0.10128947643581881,0.001259257523408104
real_busq_1722,d_ln_credito_nuevo,0.03742265183318683,0.01492665924165055,0.01217257043236698
real_busq_1723,ect_l1,-0.14428080819341554,0.04105878656886168,0.0004414034156875343
real_busq_1723,d_ln_ocupados_l1,0.5466316263161449,0.26259420583793397,0.037373616160354506
real_busq_1723,d_tipo_hip_l1,-0.015068399876874186,0.004570226257853319,0.0009769580012330508
real_busq_1723,d_ln_permisos_l4,0.00937628313663508,0.013708063226395766,0.4939766449514629
real_busq_1723,d_ln_costes,-0.05715970369464494,0.07287479628013462,0.4328318928070308
real_busq_1723,d_ln_renta_hog_real,0.2347846924799521,0.09281121864710598,0.011415955522607045
real_busq_1723,d_ln_pob_total,0.896793754834516,1.6977274442476666,0.5973384069397334
real_busq_1724,ect_l1,-0.11364322565156809,0.03784984526995641,0.002677937010965425
real_busq_1724,d_ln_ocupados_l1,0.6020419825475126,0.232405033534766,0.009584052358064034
real_busq_1724,d_tipo_hip_l1,-0.011769704903955588,0.00418201720385496,0.004887435322573834
real_busq_1724,d_ln_permisos_l4,0.003990945115509392,0.011704241686961424,0.7331165293946814
real_busq_1724,d_ln_costes,-0.03434379097079502,0.0551871591020086,0.5337348306518606
real_busq_1724,d_ln_renta_hog_real,0.19117584403810303,0.08471926644602754,0.02403430041782807
real_busq_1724,d_ln_pob_total,1.5778200770336535,1.5921877450882544,0.3216972277168597
real_busq_1724,d_ln_credito_nuevo,0.04465592035244218,0.01715915283173715,0.00925590042674086
real_busq_1725,ect_l1,-0.13808586299989462,0.037704204432715376,0.00024991545834880137
real_busq_1725,d_ln_ocupados_l1,0.4778850605655925,0.2657130636195921,0.07209773973953323
real_busq_1725,d_tipo_hip_l1,-0.013521690071994536,0.0046285477985604255,0.003484982449714633
real_busq_1725,d_ln_permisos_l4,0.00821339103188103,0.013146441119909962,0.5321275646898944
real_busq_1725,d_ln_costes,-0.07156310989818314,0.07117999167010239,0.3147127578068508
real_busq_1725,d_ln_renta_hog_real,0.21141376983901905,0.09023748738257394,0.01913657928092474
real_busq_1725,d_ln_pob_total,0.6560252845095124,1.6000219303859184,0.6817984776720789
real_busq_1725,d_ln_ipv_real_l1,0.09411297874583852,0.09036050249066542,0.29763064047169097
real_busq_1726,ect_l1,-0.09812608760784636,0.03468267130494367,0.004665664883632728
real_busq_1726,d_ln_ocupados_l1,0.46399966931258974,0.17565647987720412,0.008253553797858464
real_busq_1726,d_tipo_hip_l1,-0.008271304788069245,0.004298506338154354,0.05432605363436117
real_busq_1726,d_ln_permisos_l4,0.0011097261658431694,0.01116317801238787,0.9208131244851441
real_busq_1726,d_ln_costes,-0.06229764388749983,0.0519967230500363,0.23087531896946656
real_busq_1726,d_ln_renta_hog_real,0.1388532583604382,0.08295707968151277,0.094170627140185
real_busq_1726,d_ln_pob_total,1.1364234165888463,1.2011323669614424,0.34408396101554295
real_busq_1726,d_ln_ipv_real_l1,0.19553015716621502,0.10307853339730917,0.0578405135852263
real_busq_1726,d_ln_credito_nuevo,0.048513266051208065,0.01922047366994054,0.011601435465772872
real_busq_1727,ect_l1,-0.13196913154743295,0.03873767230927083,0.0006574400895502815
real_busq_1727,d_ln_ocupados_l1,0.39899879986436804,0.19409659850812522,0.03981421363205771
real_busq_1727,d_tipo_hip_l1,-0.014235075009316766,0.0045762440781810295,0.0018667863089042618
real_busq_1727,d_ln_permisos_l4,-0.0026682211745748534,0.012921670375468002,0.8364066364159606
real_busq_1727,d_ln_costes,-0.03692433282901842,0.05492239823908382,0.5013926776971748
real_busq_1727,d_ln_renta_hog_real,0.17438200089058714,0.08975327424724622,0.05202775136076015
real_busq_1727,d_ln_pob_total,-1.0602059660585392,1.2750414300699238,0.4056872348619952
real_busq_1727,d_ln_ipv_real_l4,0.38975703957202573,0.1410014243397487,0.005706143266713392
real_busq_1728,ect_l1,-0.10839755916532487,0.03471725417297715,0.001794461507806115
real_busq_1728,d_ln_ocupados_l1,0.47657285272365596,0.18614050754441414,0.010458618763357411
real_busq_1728,d_tipo_hip_l1,-0.011595923880589743,0.004180814613376853,0.005543912728137478
real_busq_1728,d_ln_permisos_l4,-0.004779429218126782,0.010838737948359654,0.6592433357529525
real_busq_1728,d_ln_costes,-0.02164660851751735,0.049305119969399576,0.6606371286392332
real_busq_1728,d_ln_renta_hog_real,0.1496495522045591,0.07875080121857653,0.05739475290650378
real_busq_1728,d_ln_pob_total,-0.07746583841983803,1.1872754212643448,0.9479775554943125
real_busq_1728,d_ln_ipv_real_l4,0.3095959583150666,0.09603957735771156,0.0012657731119957464
real_busq_1728,d_ln_credito_nuevo,0.03804755356740064,0.01527975473517043,0.012772041458720955
