terr,esporadicas,totales,vacias,pct_vacias,pct_esporadicas,agrupado_asterisco
01001 Alegría-Dulantzi *,148.0,1290.0,76.0,5.891472868217054,11.472868217054264,True
01002 Amurrio *,465.0,4953.0,356.0,7.187563093074904,9.388249545729861,True
01003 Aramaio,51.0,728.0,118.0,16.208791208791208,7.0054945054945055,False
01004 Artziniega,148.0,1134.0,159.0,14.02116402116402,13.051146384479718,False
01008 Arratzua-Ubarrundia,58.0,542.0,49.0,9.040590405904059,10.70110701107011,False
01009 Asparrena,145.0,1126.0,171.0,15.186500888099467,12.877442273534635,False
01010 Ayala/Aiara,131.0,1547.0,219.0,14.156431803490626,8.468002585649645,False
01017 Campezo/Kanpezu,130.0,964.0,224.0,23.236514522821576,13.485477178423237,False
01018 Zigoitia,69.0,976.0,70.0,7.172131147540983,7.069672131147541,False
01028 Labastida/Bastida *,506.0,1943.0,315.0,16.212043232115285,26.04220277920741,True
01031 Laguardia *,248.0,1375.0,220.0,16.0,18.036363636363635,True
01036 Laudio/Llodio *,863.0,9002.0,609.0,6.765163297045101,9.58675849811153,True
01042 Okondo *,59.0,597.0,58.0,9.715242881072026,9.882747068676716,True
01043 Oyón-Oion *,263.0,1890.0,255.0,13.492063492063492,13.915343915343914,True
01047 Erriberabeitia,57.0,718.0,128.0,17.827298050139277,7.938718662952646,False
01051 Agurain/Salvatierra *,299.0,2557.0,248.0,9.698865858427846,11.693390692217442,True
01054 Urkabustaiz,131.0,903.0,124.0,13.732004429678849,14.50719822812846,False
01055 Valdegovía/Gaubea,218.0,1242.0,291.0,23.429951690821255,17.55233494363929,False
01058 Legutio,114.0,1033.0,76.0,7.357212003872217,11.035818005808325,False
01059 Vitoria-Gasteiz *,11951.0,119853.0,4901.0,4.089175907152929,9.971381609137861,True
01063 Zuia,107.0,1316.0,171.0,12.993920972644377,8.130699088145896,False
01901 Iruña Oka/Iruña de Oca,154.0,1609.0,113.0,7.022995649471722,9.571162212554382,False
01999 Resto de Araba/Álava,1559.0,10788.0,2014.0,18.668891360771227,14.451242120875046,False
02003 Albacete *,8663.0,86881.0,5405.0,6.221153071442548,9.971109908955928,True
02007 Alcalá del Júcar,251.0,1504.0,372.0,24.73404255319149,16.68882978723404,False
02008 Alcaraz,214.0,1562.0,547.0,35.019206145966706,13.700384122919335,False
02009 Almansa,1236.0,13292.0,1310.0,9.855552211856756,9.298826361721336,False
02010 Alpera,213.0,1607.0,353.0,21.966397013067827,13.254511512134412,False
02012 Balazote *,154.0,1359.0,178.0,13.097866077998528,11.33186166298749,True
02015 Barrax,140.0,1215.0,252.0,20.74074074074074,11.522633744855968,False
02018 Bonete,82.0,689.0,153.0,22.206095791001452,11.901306240928882,False
02019 Bonillo (El),303.0,2218.0,564.0,25.428313796212805,13.660955816050496,False
02021 Casas de Juan Núñez,98.0,863.0,183.0,21.205098493626885,11.355735805330243,False
02024 Casas-Ibáñez *,297.0,2756.0,362.0,13.134978229317852,10.776487663280117,True
02025 Caudete,668.0,6365.0,1108.0,17.407698350353495,10.49489395129615,False
02026 Cenizate *,84.0,670.0,105.0,15.671641791044776,12.537313432835822,True
02029 Chinchilla de Monte-Aragón,429.0,3369.0,613.0,18.19531018106263,12.733748886910062,False
02030 Elche de la Sierra,492.0,3823.0,1227.0,32.09521318336385,12.869474234894062,False
02033 Fuente-Álamo,185.0,1598.0,322.0,20.150187734668336,11.576971214017522,False
02034 Fuentealbilla,162.0,1448.0,372.0,25.69060773480663,11.187845303867404,False
02035 Gineta (La),192.0,1555.0,228.0,14.662379421221864,12.347266881028938,False
02037 Hellín,1628.0,16661.0,2643.0,15.863393553808296,9.771322249564852,False
02039 Higueruela,139.0,1001.0,282.0,28.17182817182817,13.886113886113886,False
02043 Lezuza,196.0,1394.0,430.0,30.84648493543759,14.06025824964132,False
02044 Liétor,225.0,1369.0,455.0,33.23593864134405,16.43535427319211,False
02045 Madrigueras *,258.0,2627.0,452.0,17.205938332698896,9.82108869432813,True
02046 Mahora,121.0,1089.0,288.0,26.446280991735538,11.11111111111111,False
02048 Minaya,162.0,1192.0,235.0,19.71476510067114,13.590604026845638,False
02051 Montealegre del Castillo,168.0,1385.0,309.0,22.310469314079423,12.129963898916968,False
02053 Munera,250.0,2618.0,721.0,27.540106951871657,9.549274255156607,False
02055 Nerpio,236.0,1435.0,457.0,31.846689895470384,16.445993031358885,False
02056 Ontur,142.0,1404.0,358.0,25.498575498575498,10.113960113960115,False
02057 Ossa de Montiel,285.0,2046.0,489.0,23.900293255131963,13.929618768328446,False
02060 Peñas de San Pedro,165.0,1072.0,329.0,30.690298507462686,15.39179104477612,False
02063 Pozohondo,197.0,1535.0,404.0,26.319218241042346,12.833876221498372,False
02067 Riópar,326.0,1654.0,418.0,25.2720677146312,19.709794437726725,False
02069 Roda (La),870.0,8901.0,1417.0,15.91955960004494,9.774182676103809,False
02071 San Pedro,127.0,861.0,151.0,17.53774680603949,14.750290360046458,False
02072 Socovos,193.0,1445.0,368.0,25.46712802768166,13.356401384083044,False
02073 Tarazona de la Mancha *,489.0,3854.0,615.0,15.957446808510639,12.688116242864556,True
02074 Tobarra,638.0,5791.0,1448.0,25.00431704368848,11.017095493006389,False
02075 Valdeganga,172.0,1271.0,227.0,17.859952793076317,13.532651455546814,False
02078 Villalgordo del Júcar *,133.0,888.0,155.0,17.454954954954953,14.977477477477477,True
02079 Villamalea *,238.0,2360.0,316.0,13.389830508474576,10.084745762711865,True
02081 Villarrobledo,1424.0,15102.0,2735.0,18.1101840815786,9.429214673553172,False
02086 Yeste,654.0,3594.0,1177.0,32.74902615470228,18.196994991652755,False
02901 Pozo Cañada,165.0,1561.0,296.0,18.962203715566943,10.57014734144779,False
02999 Resto de Albacete,3666.0,24429.0,8941.0,36.5999426910639,15.006754267468992,False
03002 Agost,255.0,2936.0,516.0,17.57493188010899,8.685286103542234,False
03004 Aigües,109.0,931.0,183.0,19.656283566058,11.707841031149302,False
03005 Albatera *,512.0,6689.0,665.0,9.941695320675736,7.654357901031545,True
03006 Alcalalí,88.0,1094.0,234.0,21.389396709323584,8.043875685557587,False
03009 Alcoy/Alcoi,2805.0,33876.0,4406.0,13.00625811784154,8.280198370527808,False
03011 Alfàs del Pi (l'),1184.0,12727.0,1949.0,15.313899583562504,9.30305649406773,False
03012 Algorfa,528.0,4240.0,1249.0,29.45754716981132,12.452830188679245,False
03013 Algueña,132.0,944.0,178.0,18.85593220338983,13.983050847457626,False
03014 Alicante/Alacant,19364.0,187658.0,15383.0,8.19735902546121,10.318771381982117,False
03015 Almoradí,826.0,10977.0,1580.0,14.393732349457958,7.524824633324223,False
03018 Altea,2080.0,18309.0,2277.0,12.436506636080615,11.360533071167186,False
03019 Aspe,848.0,11541.0,1480.0,12.823845420674118,7.347716835629495,False
03021 Banyeres de Mariola,447.0,4448.0,807.0,18.14298561151079,10.049460431654676,False
03023 Beneixama,142.0,1356.0,263.0,19.3952802359882,10.47197640117994,False
03024 Benejúzar,214.0,2657.0,286.0,10.764019570944674,8.054196462175385,False
03025 Benferri,67.0,1113.0,213.0,19.137466307277627,6.019766397124887,False
03026 Beniarbeig,104.0,1372.0,249.0,18.14868804664723,7.580174927113703,False
03028 Beniarrés,97.0,898.0,191.0,21.26948775055679,10.801781737193764,False
03030 Benidoleig,79.0,941.0,235.0,24.973432518597235,8.395324123273113,False
03031 Benidorm,10292.0,60479.0,8766.0,14.494287273268407,17.01747714082574,False
03034 Benijófar,182.0,2378.0,379.0,15.937762825904121,7.653490328006728,False
03041 Benissa,611.0,10660.0,2778.0,26.06003752345216,5.7317073170731705,False
03042 Benitachell/Poble Nou de Benitatxel,601.0,5830.0,1410.0,24.1852487135506,10.308747855917668,False
03043 Biar,247.0,2879.0,793.0,27.544286210489755,8.579367836054185,False
03044 Bigastro,246.0,3294.0,447.0,13.570127504553733,7.468123861566484,False
03046 Busot,157.0,2344.0,391.0,16.68088737201365,6.697952218430034,False
03047 Calp,4392.0,26156.0,4777.0,18.263495947392567,16.791558342254167,False
03048 Callosa d'en Sarrià,500.0,4801.0,850.0,17.704644865652988,10.414496979795876,False
03049 Callosa de Segura,637.0,9142.0,1060.0,11.594837015970247,6.967840735068913,False
03050 Campello (el),4407.0,26801.0,3226.0,12.036864296108353,16.443416290436925,False
03052 Cañada,80.0,757.0,129.0,17.040951122853368,10.568031704095112,False
03053 Castalla,848.0,8029.0,1414.0,17.611159546643417,10.561713787520238,False
03055 Catral,263.0,4644.0,587.0,12.63996554694229,5.663221360895779,False
03056 Cocentaina,699.0,7071.0,881.0,12.459340970159808,9.885447602885023,False
03058 Cox,272.0,3531.0,282.0,7.986406117247239,7.703200226564713,False
03059 Crevillent,1014.0,15357.0,1870.0,12.176857459139155,6.6028521195546,False
03061 Daya Nueva,144.0,1468.0,392.0,26.70299727520436,9.809264305177111,False
03063 Dénia,7210.0,45237.0,5491.0,12.138293874483278,15.938280611004267,False
03064 Dolores,337.0,4421.0,764.0,17.281158109025107,7.622709794164217,False
03065 Elche/Elx,9775.0,116080.0,9689.0,8.346829772570642,8.420916609235011,False
03066 Elda,2008.0,27488.0,2480.0,9.022118742724098,7.305005820721769,False
03069 Finestrat,778.0,6560.0,1292.0,19.695121951219512,11.859756097560975,False
03070 Formentera del Segura,427.0,3658.0,1155.0,31.574630945872062,11.673045379989064,False
03071 Gata de Gorgos,380.0,3916.0,535.0,13.661899897854955,9.703779366700715,False
03074 Granja de Rocamora,79.0,1182.0,147.0,12.436548223350254,6.683587140439933,False
03076 Guardamar del Segura,5922.0,25514.0,5454.0,21.376499176922476,23.210786235008232,False
03077 Fondó de les Neus (el)/Hondón de la,228.0,2401.0,469.0,19.533527696793,9.496043315285299,False
03078 Hondón de los Frailes,106.0,1131.0,344.0,30.41556145004421,9.372236958443855,False
03079 Ibi,1112.0,12057.0,992.0,8.227585634900887,9.222858090735672,False
03080 Jacarilla,113.0,1327.0,242.0,18.236623963828183,8.51544837980407,False
03081 Xaló,165.0,2243.0,554.0,24.699063753901026,7.356219349086046,False
03082 Jávea/Xàbia,2888.0,26819.0,3986.0,14.862597412282337,10.768485029270293,False
03083 Jijona/Xixona,496.0,5418.0,1448.0,26.725729051310445,9.1546696197859,False
03088 Monforte del Cid,417.0,5007.0,689.0,13.760734971040543,8.328340323547033,False
03089 Monóvar/Monòver,672.0,8110.0,1780.0,21.948212083847103,8.286066584463626,False
03090 Mutxamel,978.0,13355.0,995.0,7.450393111194309,7.323099962560839,False
03092 Muro de Alcoy,500.0,5093.0,429.0,8.423326133909287,9.8173964264677,False
03093 Novelda,1144.0,13780.0,1390.0,10.087082728592163,8.30188679245283,False
03094 Nucia (la),623.0,9562.0,1383.0,14.463501359548212,6.515373352855051,False
03095 Ondara,293.0,3936.0,574.0,14.583333333333334,7.444105691056911,False
03096 Onil,467.0,4914.0,580.0,11.803011803011803,9.503459503459503,False
03097 Orba,122.0,1837.0,416.0,22.645617855198694,6.641262928688079,False
03099 Orihuela,12360.0,88508.0,24283.0,27.4359379943056,13.964839336557148,False
03100 Parcent,91.0,844.0,169.0,20.023696682464454,10.781990521327014,False
03101 Pedreguer,540.0,6741.0,1677.0,24.877614597240765,8.01068090787717,False
03102 Pego,620.0,7321.0,1525.0,20.830487638300777,8.468788416882939,False
03104 Petrer *,1043.0,16474.0,1036.0,6.288697341265023,6.331188539516814,True
03105 Pinós (el)/Pinoso,528.0,5040.0,697.0,13.829365079365079,10.476190476190476,False
03107 Polop,307.0,3406.0,505.0,14.826776277157956,9.013505578391074,False
03109 Rafal,199.0,2137.0,230.0,10.762751520823585,9.312119794103884,False
03111 Redován *,248.0,3481.0,254.0,7.2967538063774775,7.124389543234702,True
03112 Relleu,162.0,1377.0,625.0,45.38852578068264,11.764705882352942,False
03113 Rojales,1530.0,15790.0,4800.0,30.39898670044332,9.689677010766308,False
03114 Romana (la),196.0,1875.0,304.0,16.213333333333335,10.453333333333333,False
03116 Salinas,99.0,1124.0,205.0,18.23843416370107,8.807829181494663,False
03118 San Fulgencio,1230.0,10133.0,3081.0,30.405605447547618,12.13855718938123,False
03119 Sant Joan d'Alacant,783.0,11659.0,707.0,6.063984904365726,6.715841838922721,False
03120 San Miguel de Salinas,628.0,6101.0,1674.0,27.438124897557778,10.293394525487624,False
03121 Santa Pola,9501.0,45155.0,7634.0,16.906211936662608,21.04085926254014,False
03122 San Vicente del Raspeig/Sant Vicent,1523.0,27151.0,1621.0,5.9703141689072226,5.609369820632757,False
03123 Sax,537.0,6296.0,822.0,13.055908513341805,8.529224904701397,False
03128 Teulada,980.0,12771.0,2726.0,21.345235298723672,7.673635580612324,False
03129 Tibi,216.0,1817.0,427.0,23.500275178866264,11.887727022564667,False
03133 Torrevieja,23513.0,122736.0,30546.0,24.887563551036372,19.15737843827402,False
03138 Verger (el),517.0,3914.0,751.0,19.18753193663771,13.208993357179356,False
03139 Villajoyosa/Vila Joiosa (la),3532.0,25780.0,3372.0,13.079906904577191,13.700543056633048,False
03140 Villena,1577.0,18609.0,2351.0,12.633671879198237,8.4743941103767,False
03901 Poblets (els),294.0,2930.0,662.0,22.593856655290104,10.034129692832764,False
03902 Pilar de la Horadada,4959.0,24534.0,3464.0,14.119181543979783,20.21276595744681,False
03903 Montesinos (Los),364.0,3430.0,522.0,15.21865889212828,10.612244897959183,False
03904 San Isidro,92.0,1195.0,178.0,14.895397489539748,7.698744769874477,False
03999 Resto de Alicante/Alacant,2346.0,20303.0,6585.0,32.43363049795597,11.554942619317343,False
04001 Abla,173.0,1076.0,225.0,20.91078066914498,16.07806691449814,False
04002 Abrucena *,161.0,921.0,139.0,15.09229098805646,17.48099891422367,True
04003 Adra,1252.0,12315.0,1189.0,9.654892407632968,10.166463662200568,False
04006 Albox,569.0,6919.0,1520.0,21.968492556727853,8.223731753143518,False
04011 Alhama de Almería,251.0,2336.0,488.0,20.89041095890411,10.74486301369863,False
04013 Almería,7963.0,100957.0,9965.0,9.870538942321978,7.887516467406916,False
04016 Antas,201.0,1958.0,276.0,14.096016343207355,10.265577119509704,False
04017 Arboleas,160.0,2775.0,645.0,23.243243243243242,5.7657657657657655,False
04024 Benahadux,133.0,2125.0,229.0,10.776470588235295,6.258823529411765,False
04029 Berja,675.0,6748.0,747.0,11.069946650859514,10.002963841138115,False
04030 Canjáyar,116.0,1124.0,418.0,37.188612099644125,10.320284697508896,False
04031 Cantoria,232.0,2499.0,806.0,32.252901160464184,9.283713485394157,False
04032 Carboneras,1021.0,6292.0,982.0,15.607120152574698,16.2269548633185,False
04035 Cuevas del Almanzora,1207.0,10472.0,2710.0,25.878533231474407,11.525974025974026,False
04037 Chirivel,148.0,1477.0,582.0,39.40419769803656,10.02031144211239,False
04038 Dalías,257.0,2190.0,262.0,11.963470319634704,11.735159817351597,False
04044 Fines,115.0,1217.0,208.0,17.091207888249794,9.449465899753493,False
04045 Fiñana,220.0,1580.0,422.0,26.70886075949367,13.924050632911392,False
04046 Fondón,294.0,1452.0,499.0,34.366391184573004,20.24793388429752,False
04047 Gádor,154.0,1701.0,471.0,27.689594356261022,9.053497942386832,False
04048 Gallardos (Los),173.0,1814.0,450.0,24.807056229327454,9.536934950385888,False
04049 Garrucha,1149.0,7060.0,1140.0,16.14730878186969,16.274787535410766,False
04050 Gérgal,152.0,1153.0,446.0,38.68169991326973,13.183000867302688,False
04052 Huércal de Almería,354.0,7221.0,489.0,6.771915247195679,4.902368093061903,False
04053 Huércal-Overa,853.0,11071.0,2611.0,23.584138740854485,7.704814379911481,False
04057 Láujar de Andarax,200.0,1469.0,447.0,30.428863172226006,13.614703880190605,False
04059 Lubrín,176.0,1878.0,845.0,44.994675186368475,9.371671991480298,False
04062 Macael,256.0,3006.0,581.0,19.328010645375915,8.516300731869594,False
04063 María,118.0,1128.0,444.0,39.361702127659576,10.460992907801419,False
04064 Mojácar,1513.0,9663.0,2424.0,25.085377212045948,15.657663251578185,False
04066 Níjar,1765.0,15503.0,1360.0,8.772495646004,11.384893246468426,False
04069 Olula del Río,250.0,3658.0,661.0,18.069983597594312,6.83433570256971,False
04070 Oria,175.0,1946.0,681.0,34.99486125385406,8.992805755395683,False
04072 Partaloa,54.0,641.0,200.0,31.201248049921997,8.424336973478939,False
04074 Pechina,186.0,2689.0,878.0,32.651543324656004,6.917069542580885,False
04075 Pulpí,1324.0,8663.0,1986.0,22.925083689253146,15.283389126168764,False
04076 Purchena,133.0,1161.0,322.0,27.734711455641687,11.455641688199828,False
04078 Rioja,74.0,800.0,149.0,18.625,9.25,False
04079 Roquetas de Mar,7159.0,62150.0,10367.0,16.680611423974256,11.518905872888174,False
04083 Serón,240.0,1851.0,550.0,29.713668287412208,12.965964343598054,False
04086 Sorbas,225.0,2275.0,853.0,37.494505494505496,9.89010989010989,False
04088 Tabernas,266.0,2642.0,703.0,26.608629825889476,10.068130204390613,False
04092 Tíjola,227.0,2235.0,579.0,25.906040268456376,10.156599552572708,False
04093 Turre,291.0,3216.0,995.0,30.93905472636816,9.048507462686567,False
04098 Vélez-Blanco,269.0,2414.0,1101.0,45.6089478044739,11.143330571665286,False
04099 Vélez-Rubio,527.0,4837.0,1137.0,23.506305561298326,10.895182964647509,False
04100 Vera,4158.0,20964.0,5188.0,24.747185651593206,19.83400114481969,False
04101 Viator,189.0,2723.0,220.0,8.079324274697026,6.940874035989717,False
04102 Vícar,1049.0,12123.0,1400.0,11.548296626247629,8.652973686381259,False
04103 Zurgena,123.0,2114.0,799.0,37.79564806054872,5.8183538315988645,False
04902 Ejido (El) *,3530.0,40014.0,1719.0,4.2959964012595595,8.82191233068426,True
04903 Mojonera (La) *,213.0,2818.0,130.0,4.613200851667849,7.558552164655784,True
04904 Balanegra,203.0,1712.0,236.0,13.785046728971963,11.857476635514018,False
04999 Resto de Almería,2777.0,21017.0,8348.0,39.720226483323025,13.213113194080982,False
05002 Adrada (La),1040.0,4578.0,802.0,17.518567059851463,22.71734381826125,False
05014 Arenas de San Pedro,1066.0,6682.0,1246.0,18.647111643220594,15.95330739299611,False
05016 Arévalo,656.0,4994.0,812.0,16.259511413696437,13.135762915498598,False
05019 Ávila,4433.0,34843.0,3201.0,9.186924202852797,12.72278506443188,False
05021 Barco de Ávila (El),454.0,2506.0,500.0,19.952114924181963,18.116520351157224,False
05022 Barraco (El),415.0,2381.0,625.0,26.24947501049979,17.42965140697186,False
05041 Burgohondo,407.0,1914.0,446.0,23.301985370950888,21.264367816091955,False
05047 Candeleda *,962.0,5741.0,866.0,15.084480055739418,16.75666260233409,True
05054 Casavieja,435.0,2287.0,598.0,26.14779186707477,19.020550940096197,False
05057 Cebreros,446.0,3156.0,625.0,19.803548795944234,14.131812420785804,False
05102 Hoyo de Pinares (El),404.0,2482.0,752.0,30.298146655922643,16.277195809830783,False
05114 Madrigal de las Altas Torres,153.0,1058.0,201.0,18.998109640831757,14.46124763705104,False
05163 Navaluenga,1045.0,4279.0,749.0,17.504089740593596,24.42159383033419,False
05168 Navas del Marqués (Las),1028.0,5071.0,1037.0,20.449615460461448,20.27213567343719,False
05186 Piedrahíta,376.0,2097.0,411.0,19.59942775393419,17.93037672865999,False
05187 Piedralaves,539.0,2808.0,486.0,17.307692307692307,19.195156695156694,False
05240 Sotillo de la Adrada,723.0,4655.0,862.0,18.517722878625133,15.531686358754028,False
05241 Tiemblo (El),764.0,5109.0,1112.0,21.76551184184772,14.954002740262283,False
05999 Resto de Ávila,15435.0,75306.0,21874.0,29.04682229835604,20.49637479085332,False
06002 Aceuchal *,259.0,2663.0,407.0,15.28351483289523,9.725873075478784,True
06004 Alange,117.0,1205.0,288.0,23.900414937759336,9.70954356846473,False
06005 Albuera (La),118.0,1072.0,131.0,12.220149253731343,11.007462686567164,False
06006 Alburquerque,376.0,3608.0,845.0,23.42017738359202,10.42128603104213,False
06007 Alconchel,132.0,1272.0,386.0,30.345911949685533,10.377358490566039,False
06010 Almendral,116.0,922.0,237.0,25.704989154013017,12.581344902386117,False
06011 Almendralejo *,1442.0,17292.0,1487.0,8.599352301642378,8.33911635438353,True
06012 Arroyo de San Serván *,145.0,1867.0,239.0,12.80128548473487,7.766470273165506,True
06014 Azuaga,575.0,5309.0,986.0,18.572235825955925,10.830664908645696,False
06015 Badajoz,4660.0,74594.0,4907.0,6.578277073223047,6.247151245408478,False
06016 Barcarrota,272.0,2458.0,628.0,25.549227013832382,11.065907241659886,False
06019 Berlanga,215.0,1733.0,362.0,20.88863242931333,12.406231967686093,False
06020 Bienvenida,163.0,1300.0,251.0,19.307692307692307,12.538461538461538,False
06021 Bodonal de la Sierra,98.0,760.0,208.0,27.36842105263158,12.894736842105264,False
06022 Burguillos del Cerro,287.0,2255.0,558.0,24.745011086474502,12.727272727272727,False
06023 Cabeza del Buey,419.0,3480.0,806.0,23.160919540229884,12.040229885057471,False
06024 Cabeza la Vaca,174.0,1127.0,300.0,26.619343389529725,15.439219165927241,False
06025 Calamonte *,199.0,2757.0,242.0,8.77765687341313,7.217990569459557,True
06028 Campanario,489.0,3757.0,904.0,24.061751397391536,13.015704019164227,False
06029 Campillo de Llerena,108.0,1043.0,294.0,28.187919463087248,10.354745925215724,False
06033 Casas de Don Pedro,234.0,1488.0,334.0,22.446236559139784,15.725806451612904,False
06036 Castuera,523.0,4620.0,1056.0,22.857142857142858,11.32034632034632,False
06037 Codosera (La),207.0,1444.0,268.0,18.559556786703602,14.335180055401661,False
06039 Coronada (La),169.0,1468.0,311.0,21.185286103542236,11.512261580381471,False
06040 Corte de Peleas,59.0,613.0,78.0,12.724306688417618,9.624796084828711,False
06042 Cheles,66.0,751.0,180.0,23.96804260985353,8.788282290279627,False
06044 Don Benito,1826.0,21262.0,2497.0,11.743956354058884,8.588091430721475,False
06046 Esparragalejo,54.0,857.0,203.0,23.687281213535588,6.301050175029172,False
06049 Feria,118.0,1018.0,316.0,31.041257367387033,11.591355599214145,False
06050 Fregenal de la Sierra,396.0,3305.0,542.0,16.399394856278366,11.981845688350983,False
06051 Fuenlabrada de los Montes *,244.0,1516.0,342.0,22.559366754617415,16.094986807387862,True
06052 Fuente de Cantos,260.0,2738.0,473.0,17.275383491599708,9.495982468955441,False
06054 Fuente del Maestre *,406.0,3560.0,638.0,17.921348314606742,11.404494382022472,True
06055 Fuentes de León,268.0,1686.0,350.0,20.759193357058127,15.895610913404507,False
06058 Garrovilla (La),104.0,1310.0,207.0,15.801526717557252,7.938931297709924,False
06059 Granja de Torrehermosa,235.0,1696.0,378.0,22.287735849056602,13.856132075471699,False
06060 Guareña *,368.0,3898.0,593.0,15.21292970754233,9.44073884043099,True
06061 Haba (La),135.0,1074.0,317.0,29.515828677839853,12.569832402234637,False
06063 Herrera del Duque *,398.0,2775.0,524.0,18.882882882882882,14.342342342342342,True
06066 Higuera de Vargas,165.0,1236.0,317.0,25.64724919093851,13.349514563106796,False
06067 Higuera la Real,215.0,1671.0,419.0,25.07480550568522,12.86654697785757,False
06069 Hornachos,327.0,2566.0,666.0,25.954793452844896,12.7435697583788,False
06070 Jerez de los Caballeros,509.0,5772.0,1070.0,18.53776853776854,8.81843381843382,False
06072 Lobón,130.0,1482.0,208.0,14.035087719298245,8.771929824561404,False
06074 Llerena,323.0,3401.0,413.0,12.143487209644222,9.497206703910615,False
06080 Medellín *,175.0,1522.0,239.0,15.703022339027596,11.498028909329829,True
06081 Medina de las Torres,131.0,1011.0,285.0,28.189910979228486,12.957467853610288,False
06083 Mérida,1909.0,31358.0,4145.0,13.218317494738185,6.087760699024172,False
06084 Mirandilla *,94.0,772.0,91.0,11.787564766839377,12.176165803108809,True
06085 Monesterio,358.0,2802.0,461.0,16.452533904354034,12.776588151320485,False
06086 Montemolín,145.0,1145.0,337.0,29.43231441048035,12.663755458515285,False
06087 Monterrubio de la Serena,259.0,2097.0,475.0,22.651406771578447,12.350977587029089,False
06088 Montijo,654.0,8561.0,1252.0,14.624459759373904,7.639294474944516,False
06091 Navalvillar de Pela,379.0,3067.0,544.0,17.737202477991524,12.357352461688947,False
06093 Oliva de la Frontera,453.0,3451.0,644.0,18.66125760649087,13.12662996232976,False
06094 Oliva de Mérida *,123.0,1024.0,197.0,19.23828125,12.01171875,True
06095 Olivenza,494.0,6165.0,1068.0,17.323600973236008,8.012976480129765,False
06097 Orellana la Vieja,300.0,2163.0,407.0,18.816458622283864,13.869625520110956,False
06099 Parra (La),110.0,805.0,118.0,14.658385093167702,13.664596273291925,False
06102 Puebla de Alcocer,162.0,1258.0,459.0,36.486486486486484,12.87758346581876,False
06103 Puebla de la Calzada,176.0,2850.0,361.0,12.666666666666666,6.175438596491228,False
06107 Puebla de Obando,146.0,1157.0,201.0,17.372515125324114,12.618841832324978,False
06108 Puebla de Sancho Pérez,188.0,1816.0,306.0,16.85022026431718,10.352422907488986,False
06109 Quintana de la Serena,377.0,3287.0,680.0,20.68755704289626,11.46942500760572,False
06113 Ribera del Fresno *,250.0,2010.0,365.0,18.1592039800995,12.437810945273633,True
06115 Roca de la Sierra (La),134.0,953.0,150.0,15.739769150052465,14.060860440713537,False
06116 Salvaleón,188.0,1284.0,351.0,27.33644859813084,14.641744548286605,False
06117 Salvatierra de los Barros,130.0,1163.0,278.0,23.903697334479794,11.17798796216681,False
06120 Santa Amalia *,257.0,2287.0,325.0,14.210756449497158,11.237428946217753,True
06121 Santa Marta *,247.0,2221.0,365.0,16.434038721296712,11.121116614137776,True
06122 Santos de Maimona (Los) *,486.0,4530.0,609.0,13.443708609271523,10.728476821192054,True
06123 San Vicente de Alcántara,428.0,3591.0,665.0,18.51851851851852,11.91868560289613,False
06124 Segura de León,262.0,1596.0,341.0,21.36591478696742,16.416040100250626,False
06125 Siruela,258.0,1946.0,524.0,26.927029804727646,13.257965056526208,False
06126 Solana de los Barros *,121.0,1416.0,217.0,15.324858757062147,8.545197740112995,True
06127 Talarrubias,342.0,2720.0,649.0,23.860294117647058,12.573529411764707,False
06128 Talavera la Real *,193.0,2573.0,211.0,8.200544111931597,7.500971628449281,True
06131 Torre de Miguel Sesmero *,101.0,764.0,125.0,16.361256544502616,13.219895287958115,True
06133 Torremejía *,95.0,1064.0,168.0,15.789473684210526,8.928571428571429,True
06135 Trujillanos *,67.0,704.0,68.0,9.659090909090908,9.517045454545455,True
06136 Usagre,135.0,1250.0,320.0,25.6,10.8,False
06137 Valdecaballeros *,173.0,1127.0,208.0,18.456078083407277,15.350488021295474,True
06138 Valdetorres,95.0,808.0,175.0,21.65841584158416,11.757425742574258,False
06141 Valencia del Ventoso,183.0,1560.0,396.0,25.384615384615383,11.73076923076923,False
06143 Valverde de Leganés,182.0,2025.0,237.0,11.703703703703704,8.987654320987655,False
06145 Valverde de Mérida,81.0,724.0,121.0,16.712707182320443,11.187845303867404,False
06146 Valle de la Serena,204.0,1385.0,487.0,35.16245487364621,14.729241877256317,False
06148 Valle de Santa Ana,91.0,730.0,175.0,23.972602739726028,12.465753424657533,False
06149 Villafranca de los Barros *,615.0,6300.0,692.0,10.984126984126984,9.761904761904763,True
06151 Villagonzalo,79.0,826.0,189.0,22.88135593220339,9.564164648910412,False
06152 Villalba de los Barros *,92.0,836.0,180.0,21.5311004784689,11.004784688995215,True
06153 Villanueva de la Serena *,1223.0,14092.0,1714.0,12.162929321600908,8.67868294067556,True
06154 Villanueva del Fresno,210.0,1864.0,381.0,20.43991416309013,11.266094420600858,False
06155 Villar del Rey,208.0,1415.0,240.0,16.96113074204947,14.69964664310954,False
06156 Villar de Rena,74.0,896.0,242.0,27.008928571428573,8.258928571428571,False
06158 Zafra,680.0,8911.0,842.0,9.448995623386825,7.63101784311525,False
06159 Zahínos,179.0,1579.0,265.0,16.782773907536416,11.336288790373654,False
06160 Zalamea de la Serena,429.0,3117.0,759.0,24.350336862367662,13.763233878729547,False
06162 Zarza (La) *,261.0,2107.0,375.0,17.79781680113906,12.387280493592787,True
06901 Valdelacalzada *,106.0,1436.0,101.0,7.0334261838440115,7.381615598885793,True
06902 Pueblonuevo del Guadiana,58.0,973.0,102.0,10.483042137718396,5.960945529290853,False
06903 Guadiana del Caudillo,98.0,1171.0,116.0,9.90606319385141,8.368915456874467,False
06999 Resto de Badajoz,4257.0,32402.0,8754.0,27.016850811678292,13.138077896426147,False
07001 Alaró,180.0,3246.0,556.0,17.128773875539125,5.545286506469501,False
07002 Alaior,615.0,6968.0,1762.0,25.28702640642939,8.826061997703789,False
07003 Alcúdia,1249.0,12711.0,1580.0,12.430178585477146,9.826134843836048,False
07004 Algaida,195.0,4306.0,1572.0,36.5071992568509,4.528564793311658,False
07005 Andratx,799.0,11753.0,3906.0,33.23406789755807,6.798264272951587,False
07006 Artà,483.0,6092.0,1285.0,21.09323703217334,7.928430728824688,False
07008 Binissalem,208.0,4561.0,895.0,19.622889717167286,4.560403420302565,False
07009 Búger,36.0,888.0,313.0,35.247747747747745,4.054054054054054,False
07010 Bunyola,133.0,3671.0,795.0,21.656224461999454,3.6229910106238084,False
07011 Calvià,2728.0,36492.0,8359.0,22.906390441740655,7.475611092842267,False
07012 Campanet,110.0,1911.0,446.0,23.338566195709053,5.7561486132914705,False
07013 Campos,730.0,9148.0,1765.0,19.29383471797114,7.979886313948404,False
07014 Capdepera,936.0,9119.0,2204.0,24.169316811053843,10.264283364403992,False
07015 Ciutadella de Menorca,2019.0,17887.0,1927.0,10.773187230949851,11.287527254430593,False
07016 Consell,127.0,2117.0,344.0,16.24940954180444,5.999055266887105,False
07017 Costitx,47.0,1306.0,714.0,54.67075038284839,3.5987748851454824,False
07020 Esporles,117.0,2553.0,468.0,18.331374853113985,4.582843713278496,False
07022 Felanitx,1000.0,13611.0,3712.0,27.272059363749907,7.346998751010212,False
07023 Ferreries,161.0,2369.0,270.0,11.397214014352047,6.796116504854369,False
07024 Formentera,608.0,6969.0,2636.0,37.82465203042043,8.72435069593916,False
07026 Eivissa,1246.0,23938.0,2411.0,10.071852285069763,5.205113209123569,False
07027 Inca,744.0,15863.0,2329.0,14.681964319485596,4.690159490638593,False
07028 Lloret de Vistalegre,48.0,1093.0,382.0,34.94967978042086,4.391582799634035,False
07029 Lloseta,176.0,3035.0,360.0,11.86161449752883,5.799011532125206,False
07030 Llubí,82.0,1685.0,640.0,37.982195845697326,4.8664688427299705,False
07031 Llucmajor,1432.0,23312.0,4638.0,19.895332875772134,6.142759094028826,False
07032 Maó-Mahón,1028.0,15173.0,1260.0,8.304224609503724,6.7751927766427205,False
07033 Manacor,2496.0,28571.0,5660.0,19.810297154457317,8.73613104196563,False
07034 Mancor de la Vall,44.0,919.0,196.0,21.32752992383025,4.787812840043525,False
07035 Maria de la Salut,112.0,1473.0,316.0,21.452817379497624,7.603530210454854,False
07036 Marratxí,450.0,15048.0,1390.0,9.237107921318447,2.9904306220095696,False
07037 Mercadal (Es),1281.0,7208.0,2127.0,29.508879023307436,17.77192008879023,False
07038 Montuïri,138.0,2197.0,833.0,37.91533909877105,6.2812926718252164,False
07039 Muro,388.0,5092.0,1108.0,21.75962293794187,7.619795758051846,False
07040 Palma,10540.0,186482.0,9187.0,4.926480839973832,5.652020034105169,False
07041 Petra,113.0,2118.0,748.0,35.316336166194525,5.335221907459868,False
07042 Pollença,1103.0,13772.0,2991.0,21.717978507115888,8.00900377577694,False
07043 Porreres,192.0,3319.0,879.0,26.483880686953903,5.784874962338054,False
07044 Pobla (Sa),417.0,6504.0,660.0,10.14760147601476,6.411439114391144,False
07045 Puigpunyent,53.0,1275.0,331.0,25.96078431372549,4.1568627450980395,False
07046 Sant Antoni de Portmany,562.0,12116.0,2307.0,19.04093760316936,4.638494552657643,False
07047 Sencelles,162.0,3352.0,1382.0,41.2291169451074,4.832935560859188,False
07048 Sant Josep de sa Talaia,840.0,15683.0,3349.0,21.354332716954666,5.356118089651215,False
07049 Sant Joan,119.0,1724.0,623.0,36.1368909512761,6.9025522041763345,False
07050 Sant Joan de Labritja,300.0,4366.0,1550.0,35.50160329821347,6.871278057718736,False
07051 Sant Llorenç des Cardassar,694.0,6529.0,1783.0,27.308929391943636,10.629499157604533,False
07052 Sant Lluís,459.0,5312.0,816.0,15.36144578313253,8.640813253012048,False
07053 Santa Eugènia,51.0,1098.0,327.0,29.781420765027324,4.644808743169399,False
07054 Santa Eulària des Riu,1393.0,22810.0,6115.0,26.808417360806665,6.106970626918018,False
07055 Santa Margalida,972.0,8414.0,1195.0,14.202519610173521,11.552174946517708,False
07056 Santa María del Camí,180.0,3644.0,449.0,12.321624588364434,4.939626783754116,False
07057 Santanyí,1021.0,12307.0,3972.0,32.27431543024295,8.296091655155603,False
07058 Selva,170.0,2990.0,839.0,28.06020066889632,5.68561872909699,False
07059 Salines (Ses),917.0,4922.0,414.0,8.411214953271028,18.630637952052012,False
07060 Sineu,142.0,2727.0,753.0,27.612761276127614,5.2071873854052075,False
07061 Sóller,640.0,8124.0,1090.0,13.417035942885278,7.877892663712457,False
07062 Son Servera,612.0,7830.0,1702.0,21.73690932311622,7.816091954022989,False
07063 Valldemossa,93.0,1483.0,402.0,27.10721510451787,6.271072151045178,False
07064 Castell (Es),358.0,4426.0,725.0,16.380478987799368,8.088567555354722,False
07065 Vilafranca de Bonany,103.0,1707.0,259.0,15.172817809021675,6.033977738722906,False
07902 Migjorn Gran (Es),138.0,1180.0,271.0,22.966101694915253,11.694915254237289,False
"07999 Resto de Balears, Illes",312.0,3624.0,1354.0,37.36203090507726,8.609271523178808,False
08001 Abrera,280.0,5266.0,257.0,4.880364603114319,5.317128750474744,False
08003 Alella,180.0,3958.0,239.0,6.038403233956544,4.547751389590703,False
08005 Ametlla del Vallès (L'),144.0,3608.0,311.0,8.619733924611973,3.991130820399113,False
08006 Arenys de Mar,793.0,8413.0,739.0,8.784024723641982,9.425888505883751,False
08007 Arenys de Munt,315.0,4439.0,219.0,4.933543590898851,7.0961928362243745,False
08009 Argentona,259.0,5223.0,248.0,4.748228987172124,4.958835918054758,False
08010 Artés,149.0,2655.0,199.0,7.495291902071563,5.612052730696798,False
08011 Avià,118.0,1107.0,99.0,8.94308943089431,10.659439927732612,False
08012 Avinyó,75.0,1113.0,153.0,13.746630727762803,6.738544474393531,False
08013 Avinyonet del Penedès,49.0,898.0,157.0,17.48329621380846,5.456570155902004,False
08014 Aiguafreda,109.0,1298.0,72.0,5.546995377503852,8.397534668721109,False
08015 Badalona,5430.0,91915.0,7714.0,8.392536582712289,5.907632051351793,False
08016 Bagà *,295.0,1696.0,173.0,10.200471698113208,17.3938679245283,True
08017 Balenyà,125.0,1730.0,135.0,7.803468208092486,7.22543352601156,False
08018 Balsareny,143.0,1710.0,295.0,17.251461988304094,8.362573099415204,False
08019 Barcelona,55772.0,808751.0,75488.0,9.333898814344588,6.896065661742613,False
08020 Begues,136.0,2935.0,153.0,5.212947189097104,4.633730834752981,False
08022 Berga,911.0,9010.0,755.0,8.379578246392898,10.110987791342952,False
08023 Bigues i Riells,238.0,4417.0,375.0,8.48992528865746,5.3882725832012675,False
08025 Bruc (El),100.0,1206.0,91.0,7.545605306799336,8.291873963515755,False
08027 Cabanyes (Les),12.0,375.0,24.0,6.4,3.2,False
08028 Cabrera d'Anoia,103.0,1160.0,211.0,18.189655172413794,8.879310344827585,False
08029 Cabrera de Mar,154.0,2276.0,277.0,12.170474516695958,6.766256590509666,False
08030 Cabrils,127.0,3470.0,620.0,17.86743515850144,3.6599423631123917,False
08031 Calaf,148.0,1907.0,258.0,13.529103303618248,7.760880964866282,False
08032 Caldes d'Estrac,245.0,1879.0,195.0,10.377860564129856,13.038850452368282,False
08033 Caldes de Montbui,343.0,7708.0,320.0,4.151530877010898,4.449922158796056,False
08034 Calders,47.0,583.0,43.0,7.375643224699829,8.061749571183533,False
08035 Calella,1301.0,10657.0,828.0,7.769541146664165,12.20793844421507,False
08037 Calldetenes,45.0,1025.0,47.0,4.585365853658536,4.390243902439025,False
08038 Callús,75.0,1011.0,80.0,7.9129574678536105,7.4183976261127595,False
08040 Canet de Mar,780.0,7568.0,581.0,7.677061310782241,10.306553911205073,False
08041 Canovelles,311.0,6183.0,565.0,9.137958919618308,5.029920750444768,False
08042 Cànoves i Samalús,90.0,1462.0,144.0,9.849521203830369,6.155950752393981,False
08043 Canyelles,201.0,2819.0,486.0,17.24015608371763,7.1301880099326,False
08044 Capellades,184.0,2773.0,325.0,11.720158672917417,6.635412910205553,False
08046 Cardedeu,340.0,7654.0,378.0,4.938594199111575,4.442121766396656,False
08047 Cardona,213.0,2908.0,650.0,22.35213204951857,7.3246217331499315,False
08049 Casserres,90.0,996.0,179.0,17.971887550200805,9.036144578313253,False
08051 Castellar del Vallès,453.0,10052.0,340.0,3.3824114604058892,4.506565857540788,False
08053 Castellbell i el Vilar,157.0,2121.0,371.0,17.49174917491749,7.402168788307402,False
08054 Castellbisbal,254.0,5121.0,273.0,5.330990041007616,4.959968756102324,False
08056 Castelldefels,1592.0,28708.0,2120.0,7.384701128605267,5.5454925456318795,False
08058 Castellet i la Gornal,154.0,1693.0,306.0,18.074424099232132,9.096278795038394,False
08061 Castellgalí,82.0,1139.0,188.0,16.505706760316066,7.199297629499561,False
08062 Castellnou de Bages,40.0,682.0,98.0,14.36950146627566,5.865102639296188,False
08064 Castellterçol,218.0,1607.0,146.0,9.085252022401992,13.565650280024892,False
08065 Castellví de la Marca,40.0,826.0,201.0,24.33414043583535,4.842615012106537,False
08066 Castellví de Rosanes,42.0,877.0,143.0,16.305587229190422,4.789053591790194,False
08067 Centelles *,216.0,3701.0,184.0,4.971629289381248,5.836260470143205,True
08068 Cervelló,179.0,4048.0,255.0,6.299407114624506,4.42193675889328,False
08069 Collbató,96.0,1971.0,125.0,6.341958396752918,4.87062404870624,False
08072 Corbera de Llobregat,388.0,6784.0,543.0,8.004127358490566,5.71933962264151,False
08073 Cornellà de Llobregat,2438.0,37034.0,1747.0,4.717286817519037,6.583139817465032,False
08074 Cubelles,1424.0,10859.0,877.0,8.076250115111888,13.11354636706879,False
08075 Dosrius,153.0,2722.0,306.0,11.2417340191036,5.6208670095518,False
08076 Esparreguera,544.0,9824.0,505.0,5.140472312703583,5.537459283387622,False
08077 Esplugues de Llobregat,1185.0,19420.0,1170.0,6.024716786817714,6.1019567456230694,False
08082 Fogars de la Selva *,101.0,944.0,36.0,3.8135593220338984,10.69915254237288,True
08083 Folgueroles,48.0,941.0,118.0,12.539851222104145,5.100956429330499,False
08084 Fonollosa,56.0,802.0,165.0,20.57356608478803,6.982543640897756,False
08085 Font-rubí,48.0,788.0,183.0,23.223350253807105,6.091370558375634,False
08086 Franqueses del Vallès (Les),394.0,7985.0,344.0,4.308077645585473,4.93425172197871,False
08088 Garriga (La) *,339.0,7138.0,244.0,3.418324460633231,4.74922947604371,True
08089 Gavà,1046.0,20359.0,1283.0,6.301881231887617,5.1377769045630926,False
08091 Gelida,186.0,3863.0,526.0,13.61636034170334,4.814910691172663,False
08092 Gironella,224.0,2628.0,275.0,10.464231354642314,8.52359208523592,False
08094 Granada (La),50.0,1013.0,161.0,15.893385982230997,4.935834155972359,False
08096 Granollers,1300.0,26298.0,1484.0,5.643014677922276,4.943341698988516,False
08097 Gualba,78.0,811.0,44.0,5.425400739827373,9.617755856966708,False
08098 Sant Salvador de Guardiola,108.0,1607.0,281.0,17.48599875544493,6.72059738643435,False
08100 Gurb,34.0,907.0,136.0,14.994487320837926,3.7486218302094816,False
08101 Hospitalet de Llobregat (L'),8681.0,110488.0,8197.0,7.418905220476431,7.856961842009992,False
08102 Igualada,1086.0,18257.0,1211.0,6.633072246261708,5.9484033521389055,False
08105 Llagosta (La),287.0,5309.0,171.0,3.2209455641363722,5.405914484837069,False
08106 Llinars del Vallès *,233.0,4321.0,191.0,4.420273084934043,5.39227030779912,True
08107 Lliçà d'Amunt,366.0,6644.0,344.0,5.177603853100542,5.508729680915112,False
08108 Lliçà de Vall,139.0,2680.0,192.0,7.164179104477612,5.186567164179104,False
08110 Malgrat de Mar,1221.0,10160.0,700.0,6.889763779527559,12.01771653543307,False
08112 Manlleu,422.0,8887.0,1332.0,14.988184989310229,4.748509058174863,False
08113 Manresa,2558.0,40136.0,5517.0,13.745764401036476,6.373330675702611,False
08114 Martorell,527.0,10685.0,477.0,4.464202152550304,4.932147870846982,False
08115 Martorelles,115.0,2057.0,98.0,4.76421973748177,5.590666018473505,False
08117 Masies de Voltregà (Les),56.0,1398.0,273.0,19.527896995708154,4.005722460658083,False
08118 Masnou (El),582.0,10410.0,536.0,5.148895292987512,5.590778097982709,False
08119 Masquefa,284.0,4452.0,461.0,10.354896675651393,6.379155435759209,False
08120 Matadepera,118.0,3433.0,232.0,6.75793766385086,3.437226915234489,False
08121 Mataró *,3135.0,52996.0,1901.0,3.5870631745792134,5.915540795531738,True
08122 Mediona,268.0,1917.0,306.0,15.96244131455399,13.98017736045905,False
08123 Molins de Rei,535.0,11400.0,599.0,5.254385964912281,4.692982456140351,False
08124 Mollet del Vallès,1010.0,20857.0,902.0,4.324687155391476,4.842498921225488,False
08125 Montcada i Reixac,905.0,15304.0,1275.0,8.33115525352849,5.9134866701515945,False
08126 Montgat,253.0,5276.0,392.0,7.429871114480667,4.79529946929492,False
08127 Monistrol de Montserrat,103.0,1605.0,228.0,14.205607476635514,6.417445482866044,False
08131 Montesquiu,68.0,659.0,171.0,25.948406676783005,10.318664643399089,False
08134 Figaró-Montmany,42.0,596.0,102.0,17.114093959731544,7.046979865771812,False
08135 Montmeló,169.0,3549.0,160.0,4.508312200619893,4.761904761904762,False
08136 Montornès del Vallès,368.0,6687.0,397.0,5.936892477942276,5.503215193659339,False
08138 Moià,268.0,3307.0,265.0,8.013305110371938,8.10402177199879,False
08140 Navarcles,159.0,2791.0,228.0,8.169115012540308,5.696882837692583,False
08141 Navàs *,198.0,3092.0,260.0,8.408796895213454,6.403622250970246,True
08143 Òdena,121.0,1730.0,199.0,11.502890173410405,6.994219653179191,False
08145 Olèrdola,100.0,1791.0,248.0,13.847012841987716,5.583472920156337,False
08146 Olesa de Bonesvalls,107.0,1137.0,112.0,9.850483729111698,9.410729991204926,False
08147 Olesa de Montserrat,595.0,10178.0,429.0,4.21497347219493,5.845942228335626,False
08148 Olivella,137.0,2262.0,371.0,16.401414677276748,6.05658709106985,False
08149 Olost,42.0,631.0,93.0,14.73851030110935,6.6561014263074485,False
08155 Palafolls,290.0,4433.0,306.0,6.902774644710129,6.541845251522671,False
08156 Palau-solità i Plegamans,208.0,5727.0,239.0,4.173214597520517,3.631918980268902,False
08157 Pallejà,200.0,4650.0,106.0,2.2795698924731185,4.301075268817204,False
08158 Papiol (El),93.0,1771.0,120.0,6.775832862789384,5.251270468661773,False
08159 Parets del Vallès,302.0,7560.0,361.0,4.775132275132275,3.994708994708995,False
08161 Piera,704.0,8667.0,1025.0,11.826468212761048,8.122764509057344,False
08162 Hostalets de Pierola (Els),132.0,1669.0,201.0,12.043139604553625,7.908927501497903,False
08163 Pineda de Mar,2218.0,16297.0,1460.0,8.95870405596122,13.609866846658894,False
08164 Pla del Penedès (El),38.0,730.0,133.0,18.21917808219178,5.205479452054795,False
08165 Pobla de Claramunt (La),72.0,1059.0,79.0,7.459867799811143,6.798866855524079,False
08166 Pobla de Lillet (La),161.0,989.0,288.0,29.120323559150656,16.27906976744186,False
08167 Polinyà,139.0,3191.0,115.0,3.603885929175807,4.356001253525541,False
08169 Prat de Llobregat (El),1315.0,26518.0,1534.0,5.784749981144882,4.958895844332152,False
08171 Prats de Lluçanès,93.0,1389.0,256.0,18.430525557955363,6.695464362850972,False
08172 Premià de Mar,762.0,12313.0,534.0,4.336879720620482,6.1885811743685535,False
08175 Puig-reig,205.0,2376.0,370.0,15.572390572390573,8.627946127946128,False
08180 Ripollet,745.0,15427.0,811.0,5.257016918389836,4.829195566215078,False
08181 Roca del Vallès (La),186.0,4515.0,239.0,5.293466223698782,4.119601328903655,False
08182 Pont de Vilomara i Rocafort (El),121.0,1951.0,216.0,11.07124551512045,6.201947719118401,False
08183 Roda de Ter,166.0,2819.0,368.0,13.054274565448742,5.8886129833274214,False
08184 Rubí,1597.0,32476.0,2104.0,6.47863037319867,4.917477521862298,False
08187 Sabadell,5082.0,92772.0,5614.0,6.051394817401802,5.47794593196223,False
08191 Sallent,237.0,3473.0,402.0,11.575007198387562,6.824071408004607,False
08192 Santpedor,146.0,3282.0,258.0,7.861060329067642,4.448507007921998,False
08193 Sant Iscle de Vallalta,59.0,763.0,87.0,11.402359108781127,7.732634338138925,False
08194 Sant Adrià de Besòs *,1003.0,14877.0,1262.0,8.48289305639578,6.741950662095853,True
08196 Sant Andreu de la Barca,402.0,10536.0,418.0,3.967350037965072,3.8154897494305238,False
08197 Sant Andreu de Llavaneres,411.0,5561.0,528.0,9.49469519870527,7.390757058083079,False
08198 Sant Antoni de Vilamajor,150.0,2996.0,254.0,8.477970627503337,5.006675567423231,False
08200 Sant Boi de Llobregat,1717.0,33904.0,1497.0,4.415408211420481,5.064299197734781,False
08202 Sant Celoni,468.0,7946.0,446.0,5.612886987163352,5.889755852001007,False
08203 Sant Cebrià de Vallalta,201.0,2166.0,261.0,12.049861495844876,9.279778393351801,False
08204 Sant Climent de Llobregat,72.0,1626.0,97.0,5.9655596555965555,4.428044280442805,False
08205 Sant Cugat del Vallès,1377.0,35770.0,2404.0,6.720715683533688,3.8495946323734973,False
08206 Sant Cugat Sesgarrigues,19.0,421.0,77.0,18.28978622327791,4.513064133016627,False
08207 Sant Esteve de Palautordera *,84.0,1276.0,49.0,3.8401253918495297,6.58307210031348,True
08208 Sant Esteve Sesrovires,175.0,3435.0,268.0,7.802037845705968,5.094614264919942,False
08209 Sant Fost de Campsentelles,158.0,3427.0,213.0,6.215348701488182,4.610446454625037,False
08210 Sant Feliu de Codines,160.0,3272.0,325.0,9.93276283618582,4.88997555012225,False
08211 Sant Feliu de Llobregat,946.0,18719.0,926.0,4.946845451145895,5.053688765425504,False
08213 Sant Fruitós de Bages,202.0,3876.0,283.0,7.3013415892672855,5.21155830753354,False
08214 Vilassar de Dalt,200.0,4058.0,363.0,8.945293247905372,4.928536224741252,False
08215 Sant Hipòlit de Voltregà,91.0,1739.0,334.0,19.20644048303623,5.23289246693502,False
08217 Sant Joan Despí,625.0,13577.0,548.0,4.0362377550268835,4.60337335199234,False
08218 Sant Joan de Vilatorrada *,242.0,4505.0,195.0,4.328523862375139,5.37180910099889,True
08219 Vilassar de Mar,643.0,10186.0,990.0,9.719222462203025,6.312585902218731,False
08220 Sant Julià de Vilatorta,72.0,1392.0,186.0,13.362068965517242,5.172413793103448,False
08221 Sant Just Desvern,398.0,7958.0,516.0,6.484041216386027,5.001256597134959,False
08222 Sant Llorenç d'Hortons,70.0,1228.0,71.0,5.7817589576547235,5.700325732899023,False
08223 Sant Llorenç Savall,152.0,1366.0,116.0,8.49194729136164,11.127379209370424,False
08224 Sant Martí de Centelles,51.0,618.0,65.0,10.517799352750808,8.25242718446602,False
08226 Sant Martí de Tous,48.0,595.0,93.0,15.630252100840336,8.067226890756302,False
08227 Sant Martí Sarroca,91.0,1673.0,297.0,17.752540346682608,5.439330543933054,False
08230 Premià de Dalt,211.0,4240.0,278.0,6.556603773584905,4.976415094339623,False
08231 Sant Pere de Ribes,837.0,14150.0,1228.0,8.678445229681978,5.915194346289753,False
08232 Sant Pere de Riudebitlles,75.0,1185.0,143.0,12.067510548523206,6.329113924050633,False
08233 Sant Pere de Torelló,66.0,1172.0,127.0,10.83617747440273,5.631399317406143,False
08234 Sant Pere de Vilamajor,164.0,2402.0,329.0,13.69691923397169,6.827643630308077,False
08235 Sant Pol de Mar,624.0,3884.0,234.0,6.024716786817714,16.065911431513904,False
08236 Sant Quintí de Mediona,109.0,1233.0,207.0,16.78832116788321,8.840227088402271,False
08237 Sant Quirze de Besora,77.0,1103.0,185.0,16.772438803263825,6.980961015412511,False
08238 Sant Quirze del Vallès,252.0,7609.0,686.0,9.015639374425023,3.311867525298988,False
08240 Sant Sadurní d'Anoia *,320.0,5636.0,229.0,4.063165365507452,5.6777856635912,True
08244 Santa Coloma de Cervelló,127.0,3071.0,89.0,2.8980788016932597,4.135460761966786,False
08245 Santa Coloma de Gramenet,3344.0,48100.0,4368.0,9.08108108108108,6.952182952182953,False
08246 Santa Eugènia de Berga,46.0,964.0,49.0,5.08298755186722,4.771784232365145,False
08247 Santa Eulàlia de Riuprimer *,57.0,565.0,16.0,2.831858407079646,10.08849557522124,True
08248 Santa Eulàlia de Ronçana,150.0,3218.0,225.0,6.991920447482909,4.661280298321939,False
08250 Santa Margarida de Montbui,256.0,4473.0,468.0,10.462776659959758,5.723228258439526,False
08251 Santa Margarida i els Monjos,161.0,3231.0,256.0,7.923243577839678,4.982977406375735,False
08252 Barberà del Vallès,543.0,13768.0,978.0,7.1034282393957,3.943927948866938,False
"08254 Esquirol, L'",108.0,1220.0,129.0,10.573770491803279,8.852459016393443,False
08258 Santa Maria d'Oló,31.0,693.0,216.0,31.16883116883117,4.473304473304474,False
08259 Santa Maria de Palautordera,229.0,4216.0,160.0,3.795066413662239,5.43168880455408,False
08260 Santa Perpètua de Mogoda,418.0,10045.0,526.0,5.236436037829766,4.161274265803883,False
08261 Santa Susanna,333.0,2225.0,294.0,13.213483146067416,14.96629213483146,False
08262 Sant Vicenç de Castellet,312.0,4424.0,360.0,8.1374321880651,7.052441229656419,False
08263 Sant Vicenç dels Horts,588.0,11530.0,899.0,7.79705117085863,5.099739809193409,False
08264 Sant Vicenç de Montalt,336.0,3612.0,432.0,11.960132890365449,9.30232558139535,False
08265 Sant Vicenç de Torelló,52.0,939.0,123.0,13.099041533546325,5.537806176783812,False
08266 Cerdanyola del Vallès,1105.0,23858.0,701.0,2.9382177885824463,4.631570123229105,False
08267 Sentmenat,202.0,3990.0,250.0,6.265664160401003,5.06265664160401,False
08268 Cercs,188.0,1095.0,272.0,24.840182648401825,17.168949771689498,False
08269 Seva,117.0,1912.0,183.0,9.57112970711297,6.119246861924686,False
08270 Sitges,1939.0,19230.0,2023.0,10.520020800832034,10.083203328133125,False
08273 Subirats,113.0,1680.0,228.0,13.571428571428571,6.726190476190476,False
08274 Súria,163.0,2905.0,297.0,10.223752151462994,5.611015490533563,False
08278 Taradell,172.0,2948.0,160.0,5.4274084124830395,5.834464043419267,False
08279 Terrassa,5265.0,101134.0,9623.0,9.515098779836652,5.205964364110981,False
08281 Teià,139.0,2693.0,177.0,6.572595618269588,5.161529892313405,False
08282 Tiana,138.0,3436.0,150.0,4.365541327124563,4.016298020954598,False
08283 Tona,186.0,3605.0,152.0,4.216366158113731,5.159500693481276,False
08284 Tordera,694.0,9628.0,1601.0,16.62858329871209,7.208142916493561,False
08285 Torelló,383.0,6587.0,564.0,8.56231972066191,5.814483072718992,False
08286 Torre de Claramunt (La),203.0,2277.0,403.0,17.698726394378568,8.91523935002196,False
08287 Torrelavit,57.0,739.0,126.0,17.050067658998646,7.713125845737483,False
08288 Torrelles de Foix,212.0,1838.0,389.0,21.16430903155604,11.534276387377584,False
08289 Torrelles de Llobregat,115.0,2593.0,186.0,7.17315850366371,4.435017354415734,False
08290 Ullastrell,22.0,820.0,72.0,8.78048780487805,2.682926829268293,False
08291 Vacarisses,263.0,3707.0,727.0,19.61154572430537,7.094685729700567,False
08292 Vallbona d'Anoia,53.0,670.0,94.0,14.029850746268657,7.91044776119403,False
08294 Vallgorguina,129.0,1640.0,244.0,14.878048780487806,7.865853658536586,False
08295 Vallirana,365.0,6949.0,764.0,10.994387681680818,5.252554324363218,False
08296 Vallromanes,65.0,1157.0,129.0,11.1495246326707,5.617977528089888,False
08298 Vic,1220.0,19836.0,838.0,4.224642064932446,6.150433555152248,False
08300 Viladecavalls,139.0,2966.0,203.0,6.844234659474039,4.686446392447741,False
08301 Viladecans,1149.0,26586.0,1531.0,5.758669976679456,4.3218235161363125,False
08302 Vilanova del Camí,331.0,5339.0,284.0,5.31934819254542,6.1996628582131486,False
08304 Vilobí del Penedès,17.0,492.0,96.0,19.51219512195122,3.4552845528455283,False
08305 Vilafranca del Penedès,1023.0,18264.0,1182.0,6.471747700394218,5.601182654402103,False
08307 Vilanova i la Geltrú,2630.0,33155.0,2331.0,7.030613783743025,7.932438546222289,False
08902 Vilanova del Vallès,101.0,2277.0,156.0,6.851119894598155,4.435660957400088,False
08904 Badia del Vallès *,249.0,5447.0,373.0,6.847806131815679,4.571323664402423,True
08905 Palma de Cervelló (La),56.0,1288.0,65.0,5.046583850931677,4.3478260869565215,False
08999 Resto de Barcelona,2207.0,21760.0,5055.0,23.230698529411764,10.142463235294118,False
09018 Aranda de Duero *,2594.0,19708.0,1890.0,9.590014207428455,13.162167647655775,True
09023 Arcos,113.0,978.0,85.0,8.69120654396728,11.554192229038854,False
09048 Belorado,379.0,2080.0,533.0,25.625,18.221153846153847,False
09056 Briviesca,895.0,5497.0,1089.0,19.81080589412407,16.281608149899945,False
09059 Burgos *,11466.0,93766.0,6729.0,7.176375231960412,12.228313034575432,True
09073 Cardeñadijo,102.0,873.0,119.0,13.631156930126002,11.683848797250858,False
09074 Cardeñajimeno,138.0,865.0,87.0,10.057803468208093,15.953757225433526,False
09109 Condado de Treviño,277.0,2437.0,757.0,31.062782109150596,11.36643414033648,False
09124 Espinosa de los Monteros,497.0,2481.0,781.0,31.47924224103184,20.032245062474807,False
09177 Ibeas de Juarros,212.0,1282.0,246.0,19.18876755070203,16.536661466458657,False
09194 Lerma,390.0,2665.0,854.0,32.04502814258912,14.634146341463415,False
09209 Medina de Pomar,1972.0,9076.0,2049.0,22.57602468047598,21.727633318642575,False
09211 Melgar de Fernamental,255.0,1324.0,243.0,18.35347432024169,19.259818731117825,False
09219 Miranda de Ebro *,2220.0,21007.0,1622.0,7.721235778550007,10.567905936116533,True
09238 Oña,335.0,1460.0,353.0,24.17808219178082,22.945205479452056,False
09274 Pradoluengo,215.0,1254.0,339.0,27.033492822966508,17.1451355661882,False
09289 Quintanar de la Sierra,293.0,1550.0,342.0,22.06451612903226,18.903225806451612,False
09321 Roa *,245.0,1628.0,247.0,15.171990171990172,15.04914004914005,True
09330 Salas de los Infantes *,306.0,1777.0,378.0,21.271806415306695,17.220033764772086,True
09410 Valle de Mena,614.0,4020.0,599.0,14.900497512437811,15.27363184079602,False
09427 Villadiego,341.0,1814.0,546.0,30.09922822491731,18.798235942668136,False
09434 Villagonzalo Pedernales *,89.0,807.0,90.0,11.152416356877323,11.028500619578686,True
09439 Villalbilla de Burgos,124.0,803.0,112.0,13.947696139476962,15.442092154420921,False
09903 Villarcayo de Merindad de Castilla,1331.0,5998.0,1391.0,23.191063687895966,22.19073024341447,False
09906 Merindad de Río Ubierna,269.0,1229.0,211.0,17.168429617575264,21.887713588283155,False
09907 Alfoz de Quintanadueñas,109.0,1088.0,167.0,15.349264705882353,10.018382352941176,False
09999 Resto de Burgos,17773.0,88172.0,25952.0,29.43338021140498,20.157192759606225,False
10006 Ahigal *,186.0,1248.0,320.0,25.641025641025642,14.903846153846153,True
10008 Alcántara,183.0,1492.0,525.0,35.187667560321714,12.265415549597856,False
10010 Alcuéscar,311.0,2114.0,469.0,22.185430463576157,14.711447492904446,False
10014 Aldeanueva de la Vera,266.0,2041.0,579.0,28.36844683978442,13.032827045565899,False
10018 Aliseda,174.0,1548.0,467.0,30.16795865633075,11.24031007751938,False
10019 Almaraz,64.0,792.0,165.0,20.833333333333332,8.080808080808081,False
10020 Almoharín,164.0,1346.0,336.0,24.962852897473997,12.184249628528974,False
10021 Arroyo de la Luz *,518.0,4083.0,859.0,21.038452118540288,12.686749938770513,True
10032 Brozas *,240.0,1710.0,392.0,22.923976608187136,14.035087719298245,True
10035 Cabezuela del Valle,281.0,1823.0,300.0,16.456390565002742,15.414152495885903,False
10037 Cáceres,4193.0,53756.0,3927.0,7.3052310439764865,7.800059528238708,False
10041 Caminomorisco,148.0,894.0,248.0,27.74049217002237,16.55480984340045,False
10044 Cañamero,259.0,1942.0,705.0,36.30278063851699,13.336766220391349,False
10045 Cañaveral,152.0,1268.0,422.0,33.2807570977918,11.987381703470032,False
10047 Carcaboso *,87.0,748.0,114.0,15.240641711229946,11.631016042780749,True
10049 Casar de Cáceres *,260.0,2834.0,403.0,14.220183486238533,9.174311926605505,True
10050 Casar de Palomero,136.0,997.0,304.0,30.49147442326981,13.640922768304915,False
10058 Casatejada,138.0,1140.0,348.0,30.526315789473685,12.105263157894736,False
10060 Castañar de Ibor,177.0,1150.0,319.0,27.73913043478261,15.391304347826088,False
10061 Ceclavín,214.0,1699.0,483.0,28.428487345497352,12.595644496762802,False
10064 Cilleros,209.0,1485.0,397.0,26.734006734006734,14.074074074074074,False
10067 Coria,850.0,8141.0,1258.0,15.45264709495148,10.440977766859108,False
10082 Garrovillas de Alconétar *,290.0,1925.0,535.0,27.792207792207794,15.064935064935066,True
10084 Gata,190.0,1263.0,289.0,22.88202692003167,15.043547110055423,False
10087 Guadalupe *,265.0,1829.0,500.0,27.33734281027884,14.488791689447785,True
10089 Guijo de Galisteo,104.0,941.0,157.0,16.684378320935174,11.052072263549416,False
10096 Hervás,553.0,3413.0,575.0,16.847348373864634,16.202754175212423,False
10104 Jaraíz de la Vera *,439.0,4059.0,652.0,16.063069721606308,10.815471791081547,True
10105 Jarandilla de la Vera *,423.0,2688.0,429.0,15.959821428571429,15.736607142857142,True
10107 Jerte *,183.0,1083.0,203.0,18.744228993536474,16.897506925207757,True
10109 Logrosán,249.0,1920.0,588.0,30.625,12.96875,False
10110 Losar de la Vera,361.0,2533.0,522.0,20.60797473351757,14.251875246742992,False
10111 Madrigal de la Vera *,407.0,2141.0,369.0,17.23493694535264,19.009808500700608,True
10112 Madrigalejo *,226.0,1411.0,269.0,19.064493267186393,16.017009213323885,True
10113 Madroñera,331.0,2365.0,661.0,27.9492600422833,13.995771670190274,False
10114 Majadas,66.0,669.0,122.0,18.236173393124066,9.865470852017937,False
10115 Malpartida de Cáceres,330.0,2930.0,488.0,16.655290102389078,11.262798634812286,False
10116 Malpartida de Plasencia,345.0,3254.0,628.0,19.299323909035035,10.602335586969883,False
10121 Miajadas *,554.0,5548.0,808.0,14.563806777217016,9.985580389329488,True
10126 Montánchez,249.0,1874.0,579.0,30.896478121664888,13.287086446104588,False
10127 Montehermoso *,329.0,3313.0,566.0,17.08421370359191,9.930576516752188,True
10128 Moraleja *,546.0,4571.0,674.0,14.74513235615839,11.944869831546708,True
10130 Navaconcejo *,196.0,1530.0,339.0,22.15686274509804,12.81045751633987,True
10131 Navalmoral de la Mata,763.0,9580.0,1201.0,12.536534446764092,7.964509394572025,False
10133 Navas del Madroño *,182.0,1151.0,263.0,22.849695916594264,15.8123370981755,True
10135 Nuñomoral,180.0,1158.0,319.0,27.54749568221071,15.544041450777202,False
10140 Peraleda de la Mata,166.0,1327.0,413.0,31.122833458929918,12.509419743782969,False
10144 Pesga (La),98.0,725.0,125.0,17.24137931034483,13.517241379310345,False
10146 Pinofranqueado,244.0,1517.0,332.0,21.88529993408042,16.084377059986817,False
10147 Piornal *,201.0,1306.0,347.0,26.56967840735069,15.390505359877489,True
10148 Plasencia,1874.0,22443.0,2582.0,11.504700797576081,8.350042329456846,False
10155 Riolobos *,107.0,890.0,139.0,15.617977528089888,12.02247191011236,True
10175 Serradilla,286.0,1795.0,578.0,32.200557103064064,15.933147632311977,False
10177 Sierra de Fuentes *,159.0,1460.0,271.0,18.561643835616437,10.89041095890411,True
10180 Talayuela,283.0,3556.0,646.0,18.16647919010124,7.95838020247469,False
10183 Tornavacas,153.0,1078.0,258.0,23.93320964749536,14.192949907235622,False
10186 Torrecillas de la Tiesa,159.0,1022.0,250.0,24.461839530332682,15.557729941291585,False
10189 Torrejoncillo,284.0,2476.0,733.0,29.60420032310178,11.470113085621971,False
10193 Torreorgaz *,116.0,1109.0,229.0,20.649233543733093,10.459873760144275,True
10195 Trujillo,623.0,6428.0,1408.0,21.904169259489734,9.691972619788425,False
10198 Valdefuentes,147.0,995.0,223.0,22.412060301507537,14.773869346733669,False
10203 Valencia de Alcántara,654.0,5037.0,1421.0,28.21123684732976,12.983918999404407,False
10205 Valverde del Fresno,290.0,1954.0,446.0,22.824974411463664,14.841351074718526,False
10212 Villanueva de la Vera,430.0,2574.0,643.0,24.980574980574982,16.705516705516704,False
10216 Zarza de Granadilla *,179.0,1386.0,283.0,20.41847041847042,12.914862914862915,True
10218 Zarza la Mayor,204.0,1276.0,376.0,29.46708463949843,15.987460815047022,False
10219 Zorita,237.0,1528.0,475.0,31.086387434554975,15.510471204188482,False
10901 Rosalejo *,65.0,756.0,73.0,9.656084656084657,8.597883597883598,True
10999 Resto de Cáceres,12309.0,80119.0,23755.0,29.649646151349867,15.363396947041275,False
11001 Alcalá de los Gazules,394.0,3403.0,806.0,23.684983837790185,11.578019394651777,False
11002 Alcalá del Valle,227.0,2436.0,316.0,12.97208538587849,9.318555008210181,False
11003 Algar,129.0,931.0,118.0,12.67454350161117,13.856068743286789,False
11004 Algeciras,3904.0,55815.0,7611.0,13.636119322762697,6.994535519125683,False
11005 Algodonales,341.0,3445.0,885.0,25.689404934687953,9.898403483309144,False
11006 Arcos de la Frontera,1317.0,15460.0,2831.0,18.3117723156533,8.51875808538163,False
11007 Barbate,2021.0,14124.0,1666.0,11.795525346927215,14.308977626734636,False
11008 Barrios (Los),607.0,10707.0,1552.0,14.495190062575885,5.669188381432708,False
11010 Bornos,362.0,3793.0,635.0,16.74136567360928,9.543896651726865,False
11011 Bosque (El),212.0,1565.0,227.0,14.504792332268371,13.54632587859425,False
11012 Cádiz,4732.0,56479.0,2748.0,4.865525239469537,8.378335310469378,False
11013 Castellar de la Frontera,73.0,1420.0,325.0,22.887323943661972,5.140845070422535,False
11014 Conil de la Frontera *,2680.0,16919.0,1014.0,5.993262013121343,15.840179679650097,True
11015 Chiclana de la Frontera,5508.0,49229.0,4194.0,8.519368664811392,11.188527087692213,False
11016 Chipiona,5698.0,19902.0,1353.0,6.798311727464577,28.6302884132248,False
11017 Espera,149.0,1934.0,460.0,23.784901758014477,7.7042399172699065,False
11018 Gastor (El),125.0,1223.0,340.0,27.800490596892885,10.220768601798856,False
11019 Grazalema,332.0,1857.0,352.0,18.9553042541734,17.878298330640817,False
11020 Jerez de la Frontera,5385.0,92974.0,7562.0,8.133456665304278,5.79194183320068,False
11021 Jimena de la Frontera,371.0,4238.0,1119.0,26.403964134025482,8.754129306276546,False
11022 Línea de la Concepción (La),1938.0,30028.0,4860.0,16.18489409884108,6.453976288797123,False
11023 Medina-Sidonia,479.0,6035.0,1222.0,20.248550124275063,7.937033968516984,False
11024 Olvera,420.0,5410.0,1522.0,28.133086876155268,7.763401109057301,False
11025 Paterna de Rivera,183.0,2657.0,652.0,24.538953707188558,6.887467068121942,False
11026 Prado del Rey *,324.0,3163.0,349.0,11.033828643692697,10.243439772368005,True
11027 Puerto de Santa María (El),5186.0,49077.0,5400.0,11.003117549972492,10.567068076695804,False
11028 Puerto Real,1165.0,18626.0,1009.0,5.417158810265221,6.254697734349834,False
11029 Puerto Serrano,274.0,3253.0,743.0,22.840454964648018,8.422994159237627,False
11030 Rota,6033.0,26868.0,1707.0,6.35328271549799,22.4542206342117,False
11031 San Fernando,2299.0,39564.0,1934.0,4.888282276817309,5.8108381356789,False
11032 Sanlúcar de Barrameda,3995.0,34536.0,2348.0,6.7987028028723655,11.567639564512392,False
11033 San Roque,1326.0,19625.0,4521.0,23.036942675159235,6.756687898089172,False
11034 Setenil de las Bodegas,186.0,1727.0,259.0,14.997104806022003,10.770121598147076,False
11035 Tarifa,2336.0,13599.0,1930.0,14.19222001617766,17.177733656886534,False
11037 Trebujena,238.0,3344.0,466.0,13.935406698564593,7.117224880382775,False
11038 Ubrique,755.0,8361.0,772.0,9.233345293625165,9.030020332496113,False
11039 Vejer de la Frontera,887.0,8392.0,1582.0,18.851286939942803,10.569590085795996,False
11041 Villamartín,412.0,6185.0,1185.0,19.15925626515764,6.66127728375101,False
11042 Zahara,138.0,915.0,164.0,17.92349726775956,15.081967213114755,False
11901 Benalup-Casas Viejas,287.0,3519.0,459.0,13.043478260869565,8.155726058539358,False
11902 San José del Valle,221.0,2360.0,367.0,15.55084745762712,9.364406779661017,False
11903 San Martín del Tesorillo *,103.0,1346.0,87.0,6.463595839524517,7.6523031203566125,True
11999 Resto de Cádiz,286.0,1862.0,525.0,28.195488721804512,15.359828141783028,False
12001 Atzeneta del Maestrat,209.0,1324.0,353.0,26.661631419939578,15.785498489425981,False
12003 Albocàsser,173.0,1325.0,423.0,31.92452830188679,13.056603773584905,False
12004 Alcalà de Xivert,3684.0,13782.0,3279.0,23.791902481497605,26.73051806704397,False
12005 Alcora (l'),702.0,7231.0,1232.0,17.037754114230395,9.708200802102061,False
12009 Almassora,1364.0,15657.0,1779.0,11.362329948265952,8.711758318962763,False
12011 Almenara,968.0,5399.0,460.0,8.520096314132246,17.929246156695683,False
12012 Altura,367.0,2814.0,594.0,21.108742004264393,13.041933191186923,False
12016 Artana,133.0,1369.0,303.0,22.132943754565375,9.715120525931336,False
12021 Betxí *,260.0,3014.0,343.0,11.380225613802256,8.626410086264102,True
12026 Benassal,193.0,1316.0,459.0,34.878419452887535,14.66565349544073,False
12027 Benicarló,2310.0,17897.0,2561.0,14.309660837011789,12.90719114935464,False
12028 Benicasim/Benicàssim,4727.0,21025.0,1827.0,8.689655172413794,22.482758620689655,False
12029 Benlloc,100.0,905.0,248.0,27.403314917127073,11.049723756906078,False
12031 Borriol,344.0,3708.0,511.0,13.781014023732471,9.277238403451996,False
12032 Borriana/Burriana,1956.0,20301.0,3572.0,17.5951923550564,9.634993350081277,False
12033 Cabanes,634.0,3438.0,883.0,25.683536940081442,18.440954043048283,False
12034 Càlig,143.0,1658.0,567.0,34.1978287092883,8.624849215922799,False
12040 Castelló de la Plana,7455.0,91229.0,10437.0,11.44044108781199,8.17174363415142,False
12050 Coves de Vinromà (les),184.0,1654.0,445.0,26.90447400241838,11.124546553808948,False
12053 Chilches/Xilxes,953.0,3755.0,407.0,10.838881491344873,25.379494007989347,False
12071 Jérica,287.0,2084.0,671.0,32.19769673704415,13.771593090211132,False
12072 Llucena/Lucena del Cid,239.0,1612.0,467.0,28.970223325062033,14.826302729528535,False
12077 Moncofa,3331.0,12203.0,2068.0,16.94665246250922,27.29656641809391,False
12080 Morella *,310.0,2160.0,425.0,19.675925925925927,14.351851851851851,True
12082 Nules,1232.0,9193.0,1584.0,17.23050146850865,13.401501142173393,False
12084 Onda,1199.0,14658.0,2333.0,15.91622322281348,8.179833537999727,False
12085 Oropesa del Mar/Orpesa,9405.0,29113.0,6235.0,21.416549307869335,32.30515577233538,False
12089 Peníscola/Peñíscola,5773.0,18226.0,3701.0,20.306156040820806,31.67453088993745,False
12094 Pobla Tornesa (la),78.0,837.0,143.0,17.084826762246117,9.31899641577061,False
12095 Ribesalbes,85.0,844.0,196.0,23.222748815165875,10.071090047393366,False
12099 Sant Jordi/San Jorge,478.0,2473.0,770.0,31.13627173473514,19.328750505458956,False
12100 Sant Mateu,146.0,1589.0,485.0,30.52234109502832,9.188168659534298,False
12104 Segorbe,603.0,6024.0,1290.0,21.41434262948207,10.00996015936255,False
12106 Soneja,185.0,1215.0,215.0,17.695473251028808,15.22633744855967,False
12117 Torreblanca,1214.0,5848.0,1110.0,18.980848153214776,20.75923392612859,False
12121 Traiguera *,95.0,990.0,226.0,22.828282828282827,9.595959595959595,True
12124 Vall d'Alba,248.0,2260.0,550.0,24.336283185840706,10.973451327433628,False
12126 Vall d'Uixó (la),1087.0,15906.0,2403.0,15.107506601282536,6.83389915755061,False
12128 Vilafamés,202.0,1752.0,450.0,25.684931506849313,11.529680365296803,False
12129 Vilafranca/Villafranca del Cid,315.0,2253.0,675.0,29.96005326231691,13.981358189081226,False
12135 Vila-real,1927.0,25363.0,3803.0,14.994283010684855,7.597681662263928,False
12136 Vilavella (la) *,157.0,1618.0,266.0,16.440049443757726,9.703337453646476,True
12138 Vinaròs,2945.0,20887.0,2194.0,10.50414133192895,14.099679226313018,False
12140 Viver,344.0,1942.0,435.0,22.39958805355304,17.71369721936148,False
"12901 Alqueries, les/Alquerías del Niño P",182.0,2303.0,320.0,13.894919669995657,7.90273556231003,False
12902 Sant Joan de Moró,218.0,2211.0,448.0,20.26232473993668,9.859791949344189,False
12999 Resto de Castellón/Castelló,7261.0,42507.0,13586.0,31.9617945279601,17.081892394193897,False
13001 Abenójar,121.0,1307.0,607.0,46.44223412394797,9.257842387146136,False
13002 Agudo,248.0,1670.0,480.0,28.74251497005988,14.850299401197605,False
13004 Albaladejo,65.0,1067.0,636.0,59.606373008434865,6.091846298031865,False
13005 Alcázar de San Juan,1124.0,17129.0,3876.0,22.628291202054996,6.56197092649892,False
13007 Alcolea de Calatrava,97.0,1109.0,460.0,41.47880973850316,8.746618575293057,False
13009 Aldea del Rey,186.0,1761.0,749.0,42.532651902328226,10.562180579216355,False
13011 Almadén,283.0,3931.0,1407.0,35.792419231747644,7.19918595777156,False
13013 Almagro,352.0,5072.0,1283.0,25.295741324921135,6.94006309148265,False
13015 Almodóvar del Campo,498.0,4872.0,1402.0,28.776683087027916,10.22167487684729,False
13018 Arenas de San Juan,66.0,734.0,263.0,35.83106267029973,8.991825613079019,False
13019 Argamasilla de Alba,349.0,4147.0,1281.0,30.889799855317097,8.415722208825658,False
13020 Argamasilla de Calatrava,365.0,4264.0,1140.0,26.735459662288932,8.560037523452158,False
13023 Bolaños de Calatrava *,391.0,5589.0,1157.0,20.701377706208625,6.995884773662551,True
13027 Calzada de Calatrava,299.0,3468.0,1341.0,38.667820069204154,8.62168396770473,False
13028 Campo de Criptana,484.0,7014.0,1894.0,27.003136583974907,6.900484744796122,False
13031 Carrión de Calatrava,164.0,1956.0,543.0,27.76073619631902,8.384458077709612,False
13032 Carrizosa,114.0,1274.0,634.0,49.76452119309262,8.948194662480377,False
13033 Castellar de Santiago,200.0,1837.0,715.0,38.92215568862275,10.887316276537833,False
13034 Ciudad Real,3053.0,41592.0,6384.0,15.349105597230237,7.340353914214272,False
13035 Corral de Calatrava,37.0,811.0,478.0,58.939580764488284,4.562268803945746,False
13038 Chillón,149.0,1908.0,878.0,46.0167714884696,7.809224318658281,False
13039 Daimiel,684.0,10967.0,3656.0,33.33637275462752,6.236892495668824,False
13042 Fuencaliente,127.0,1272.0,596.0,46.855345911949684,9.984276729559749,False
13044 Fuente el Fresno,175.0,2289.0,917.0,40.0611620795107,7.6452599388379205,False
13047 Herencia,345.0,4533.0,1440.0,31.767041694242224,7.610853739245533,False
13052 Malagón,612.0,6110.0,1964.0,32.14402618657938,10.016366612111293,False
13053 Manzanares,704.0,10512.0,3104.0,29.52815829528158,6.69710806697108,False
13054 Membrilla,176.0,3235.0,1001.0,30.942812982998454,5.440494590417311,False
13056 Miguelturra,551.0,7817.0,1350.0,17.27005244978892,7.048739925802738,False
13057 Montiel,110.0,1363.0,708.0,51.94424064563463,8.070432868672047,False
13058 Moral de Calatrava,296.0,3691.0,1390.0,37.659170956380386,8.01950690869683,False
13061 Pedro Muñoz,314.0,4380.0,1589.0,36.278538812785385,7.168949771689498,False
13063 Piedrabuena,306.0,3293.0,1081.0,32.82720923170361,9.292438505921652,False
13064 Poblete,108.0,1466.0,308.0,21.00954979536153,7.3669849931787175,False
13065 Porzuna,348.0,2890.0,985.0,34.083044982698965,12.04152249134948,False
13066 Pozuelo de Calatrava,186.0,2630.0,1010.0,38.40304182509506,7.072243346007604,False
13068 Puebla de Don Rodrigo,82.0,980.0,388.0,39.59183673469388,8.36734693877551,False
13071 Puertollano,1958.0,26589.0,6380.0,23.994885102862085,7.3639474970852605,False
13074 San Carlos del Valle,85.0,795.0,223.0,28.050314465408807,10.69182389937107,False
13077 Santa Cruz de Mudela,181.0,2697.0,1012.0,37.52317389692251,6.711160548757879,False
13078 Socuéllamos,596.0,7070.0,1920.0,27.157001414427157,8.42998585572843,False
13079 Solana (La),510.0,7377.0,1764.0,23.912159414396097,6.913379422529483,False
13082 Tomelloso,1303.0,19217.0,5304.0,27.600562002393715,6.780454805640839,False
13083 Torralba de Calatrava,208.0,2110.0,628.0,29.76303317535545,9.85781990521327,False
13085 Torrenueva,192.0,2149.0,920.0,42.81060958585388,8.93438808748255,False
13087 Valdepeñas,1287.0,17368.0,4354.0,25.069092584062645,7.410179640718563,False
13089 Villahermosa,217.0,2220.0,1113.0,50.13513513513514,9.774774774774775,False
13090 Villamanrique,94.0,1183.0,589.0,49.78867286559594,7.945900253592561,False
13092 Villanueva de la Fuente,202.0,1983.0,924.0,46.59606656580938,10.186585980837116,False
13093 Villanueva de los Infantes,334.0,3752.0,1278.0,34.06183368869936,8.901918976545842,False
13096 Villarrubia de los Ojos,457.0,5456.0,1489.0,27.291055718475075,8.376099706744869,False
13097 Villarta de San Juan *,127.0,1530.0,329.0,21.50326797385621,8.300653594771243,True
13098 Viso del Marqués,183.0,2092.0,838.0,40.05736137667304,8.747609942638624,False
13901 Robledo (El),99.0,1003.0,297.0,29.611166500498506,9.8703888334995,False
13999 Resto de Ciudad Real,2862.0,28649.0,12656.0,44.176061991692556,9.989877482634647,False
14001 Adamuz,215.0,2733.0,560.0,20.49030369557263,7.866813025978778,False
14002 Aguilar de la Frontera,687.0,7205.0,1016.0,14.101318528799444,9.53504510756419,False
14003 Alcaracejos,161.0,1374.0,319.0,23.21688500727802,11.717612809315867,False
14004 Almedinilla,146.0,1534.0,256.0,16.6883963494133,9.517601043024772,False
14005 Almodóvar del Río,293.0,4189.0,690.0,16.47171162568632,6.9945094294581045,False
14006 Añora *,159.0,1250.0,192.0,15.36,12.72,True
14007 Baena,807.0,9842.0,1656.0,16.825848404795774,8.199552936395042,False
14008 Belalcázar,328.0,2617.0,692.0,26.442491402369125,12.533435231180741,False
14009 Belmez,233.0,2156.0,505.0,23.42300556586271,10.807050092764378,False
14010 Benamejí *,251.0,2691.0,435.0,16.16499442586399,9.327387588257153,True
14012 Bujalance,300.0,3509.0,476.0,13.565118267312625,8.549444286121402,False
14013 Cabra,903.0,10928.0,1205.0,11.026720351390923,8.263177159590043,False
14014 Cañete de las Torres,145.0,1734.0,254.0,14.648212226066898,8.362168396770473,False
14015 Carcabuey,228.0,1716.0,307.0,17.89044289044289,13.286713286713287,False
14016 Cardeña,157.0,1629.0,707.0,43.400859422958874,9.6378146101903,False
14017 Carlota (La),555.0,7327.0,767.0,10.468131568172513,7.5747236249488195,False
14018 Carpio (El),140.0,2334.0,370.0,15.85261353898886,5.998286203941731,False
14019 Castro del Río *,305.0,3748.0,512.0,13.660618996798293,8.137673425827108,True
14021 Córdoba,8220.0,155400.0,10054.0,6.469755469755469,5.289575289575289,False
14022 Doña Mencía *,228.0,2302.0,309.0,13.423110338835794,9.904430929626411,True
14023 Dos Torres *,215.0,1616.0,315.0,19.492574257425744,13.304455445544555,True
14024 Encinas Reales,133.0,1327.0,239.0,18.010550113036924,10.022607385079127,False
14025 Espejo,151.0,1829.0,303.0,16.566429743028976,8.25587752870421,False
14026 Espiel *,151.0,1393.0,181.0,12.99353912419239,10.839913854989232,True
14027 Fernán-Núñez *,472.0,5132.0,982.0,19.134840218238505,9.197194076383477,True
14029 Fuente Obejuna,453.0,3804.0,1083.0,28.470031545741325,11.908517350157728,False
14030 Fuente Palmera *,364.0,5012.0,407.0,8.120510774142058,7.262569832402234,True
14033 Guadalcázar,54.0,833.0,139.0,16.686674669867948,6.482593037214886,False
14035 Hinojosa del Duque,512.0,4973.0,1249.0,25.115624371606675,10.295596219585763,False
14036 Hornachuelos,236.0,2836.0,710.0,25.035260930888576,8.321579689703809,False
14037 Iznájar,233.0,3059.0,951.0,31.08859104282445,7.616868257600523,False
14038 Lucena,1409.0,21141.0,2406.0,11.380729388392224,6.664774608580483,False
14039 Luque,230.0,2110.0,522.0,24.739336492890995,10.90047393364929,False
14040 Montalbán de Córdoba *,161.0,2139.0,356.0,16.643291257597006,7.526881720430108,True
14041 Montemayor *,194.0,2140.0,367.0,17.149532710280372,9.065420560747663,True
14042 Montilla,842.0,12033.0,1440.0,11.967090501121914,6.997423751350453,False
14043 Montoro,368.0,5828.0,1279.0,21.945778997940973,6.314344543582704,False
14044 Monturque,84.0,1006.0,138.0,13.717693836978132,8.34990059642147,False
14045 Moriles *,223.0,2058.0,342.0,16.61807580174927,10.835762876579203,True
14046 Nueva Carteya *,227.0,2681.0,375.0,13.987318164863856,8.466989929130921,True
14047 Obejo *,105.0,1373.0,390.0,28.404952658412235,7.64748725418791,True
14048 Palenciana *,80.0,835.0,167.0,20.0,9.580838323353293,True
14049 Palma del Río,609.0,10008.0,1400.0,13.98880895283773,6.085131894484412,False
14050 Pedro Abad,137.0,1562.0,194.0,12.419974391805377,8.770806658130601,False
14051 Pedroche *,146.0,1127.0,191.0,16.94764862466726,12.9547471162378,True
14052 Peñarroya-Pueblonuevo,573.0,6199.0,1087.0,17.53508630424262,9.243426359090176,False
14053 Posadas,285.0,4028.0,577.0,14.324726911618669,7.0754716981132075,False
14054 Pozoblanco,777.0,9979.0,1483.0,14.861208537929652,7.7863513378094,False
14055 Priego de Córdoba,1293.0,13476.0,2023.0,15.011872959335115,9.594835262689225,False
14056 Puente Genil,1102.0,14955.0,1551.0,10.37111334002006,7.368772985623537,False
14057 Rambla (La) *,310.0,3741.0,413.0,11.039828922747928,8.286554397219994,True
14058 Rute,526.0,5819.0,938.0,16.119608180099675,9.039353840866129,False
14060 Santaella *,179.0,2354.0,226.0,9.600679694137638,7.604078164825828,True
14062 Torrecampo,193.0,1123.0,298.0,26.53606411398041,17.186108637577917,False
14063 Valenzuela,125.0,912.0,202.0,22.149122807017545,13.706140350877194,False
14065 Victoria (La),97.0,1259.0,218.0,17.31532962668785,7.704527402700556,False
14066 Villa del Río *,201.0,3179.0,341.0,10.726643598615917,6.322743000943693,True
14067 Villafranca de Córdoba,203.0,2477.0,268.0,10.81953976584578,8.195397658457813,False
14069 Villanueva de Córdoba,587.0,5830.0,1241.0,21.28644939965695,10.06861063464837,False
14070 Villanueva del Duque,152.0,1370.0,497.0,36.277372262773724,11.094890510948906,False
14071 Villanueva del Rey,85.0,1092.0,497.0,45.51282051282051,7.783882783882784,False
14072 Villaralto,137.0,1019.0,292.0,28.655544651619234,13.444553483807654,False
14073 Villaviciosa de Córdoba,295.0,2854.0,901.0,31.569726699369305,10.336370007007709,False
14074 Viso (El) *,244.0,1921.0,425.0,22.123893805309734,12.701717855283706,True
14901 Fuente Carreteros *,26.0,589.0,294.0,49.9151103565365,4.4142614601018675,True
"14902 Guijarrosa, La *",42.0,669.0,231.0,34.52914798206278,6.278026905829597,True
14999 Resto de Córdoba,555.0,5107.0,1540.0,30.1546896416683,10.867436851380457,False
15001 Abegondo,233.0,3377.0,1018.0,30.145099200473794,6.899615042937518,False
15002 Ames,1286.0,16701.0,2447.0,14.651817256451709,7.700137716304413,False
15003 Aranga,116.0,1328.0,530.0,39.90963855421687,8.734939759036145,False
15004 Ares,620.0,5679.0,1861.0,32.769853847508365,10.917415037858778,False
15005 Arteixo,1237.0,17841.0,3508.0,19.662574967770865,6.933467854940867,False
15006 Arzúa,360.0,4520.0,1765.0,39.04867256637168,7.964601769911504,False
15007 Baña (A),128.0,2093.0,845.0,40.37267080745342,6.115623506927855,False
15008 Bergondo,382.0,4428.0,1123.0,25.3613369467028,8.626919602529359,False
15009 Betanzos,560.0,8863.0,2908.0,32.81056075820828,6.318402346835158,False
15010 Boimorto,96.0,1431.0,629.0,43.955276030747726,6.7085953878406706,False
15011 Boiro,1232.0,12275.0,3142.0,25.596741344195518,10.036659877800407,False
15012 Boqueixón,119.0,2042.0,504.0,24.681684622918706,5.827619980411361,False
15013 Brión,227.0,4070.0,1070.0,26.28992628992629,5.577395577395578,False
15014 Cabana de Bergantiños,197.0,2593.0,889.0,34.284612418048596,7.59737755495565,False
15015 Cabanas,329.0,2583.0,578.0,22.37708091366628,12.737127371273713,False
15016 Camariñas,459.0,4299.0,1418.0,32.98441498022796,10.676901605024424,False
15017 Cambre,779.0,12736.0,2136.0,16.771356783919597,6.1165201005025125,False
15018 Capela (A),35.0,719.0,197.0,27.399165507649514,4.867872044506258,False
15019 Carballo,1535.0,19427.0,5203.0,26.782313275338446,7.901374375868636,False
15020 Carnota,386.0,3901.0,1637.0,41.9635990771597,9.894898743911817,False
15021 Carral,309.0,4101.0,1052.0,25.65227993172397,7.53474762253109,False
15022 Cedeira,605.0,6634.0,2753.0,41.49834187518842,9.119686463671993,False
15023 Cee,400.0,5312.0,1697.0,31.946536144578314,7.530120481927711,False
15024 Cerceda,258.0,3046.0,832.0,27.314510833880497,8.470124753775444,False
15025 Cerdido,72.0,954.0,460.0,48.21802935010482,7.547169811320755,False
15027 Coirós,82.0,1126.0,334.0,29.662522202486677,7.282415630550622,False
15028 Corcubión,151.0,1546.0,527.0,34.08796895213454,9.767141009055628,False
15029 Coristanco,216.0,3361.0,1071.0,31.86551621541208,6.4266587325200835,False
15030 Coruña (A),9873.0,136205.0,20092.0,14.751294005359568,7.248632575896626,False
15031 Culleredo,1095.0,15752.0,2246.0,14.25850685627222,6.951498222447943,False
15032 Curtis,236.0,3045.0,1072.0,35.20525451559934,7.750410509031199,False
15033 Dodro,82.0,1338.0,443.0,33.10911808669656,6.128550074738415,False
15034 Dumbría,108.0,1536.0,579.0,37.6953125,7.03125,False
15035 Fene,508.0,7547.0,1579.0,20.922220749966876,6.731151450907645,False
15036 Ferrol,3416.0,42672.0,11230.0,26.31702287214098,8.005249343832022,False
15037 Fisterra,351.0,3802.0,1494.0,39.29510783798001,9.23198316675434,False
15038 Frades,61.0,1275.0,469.0,36.78431372549019,4.784313725490196,False
15039 Irixoa,79.0,1027.0,410.0,39.92210321324245,7.6923076923076925,False
15040 Laxe,283.0,2759.0,1095.0,39.68829285973179,10.257339615802827,False
15041 Laracha (A),657.0,6901.0,1115.0,16.15707868424866,9.520359368207506,False
15042 Lousame,102.0,1738.0,672.0,38.66513233601841,5.868814729574224,False
15043 Malpica de Bergantiños,449.0,5366.0,2263.0,42.17294073797987,8.36749906820723,False
15044 Mañón,99.0,1364.0,712.0,52.199413489736074,7.258064516129032,False
15045 Mazaricos,100.0,2120.0,847.0,39.95283018867924,4.716981132075472,False
15046 Melide,721.0,6658.0,2091.0,31.405827575848605,10.829077801141484,False
15047 Mesía,91.0,1565.0,567.0,36.23003194888179,5.814696485623003,False
15048 Miño,652.0,5944.0,2004.0,33.71467025572005,10.969044414535666,False
15049 Moeche,77.0,1066.0,531.0,49.812382739212005,7.223264540337711,False
15050 Monfero,85.0,1293.0,580.0,44.8569218870843,6.573859242072699,False
15051 Mugardos,301.0,4176.0,1583.0,37.907088122605366,7.207854406130268,False
15052 Muxía,281.0,3338.0,1304.0,39.065308568004795,8.418214499700419,False
15053 Muros,557.0,6465.0,2301.0,35.59164733178654,8.615622583139984,False
15054 Narón,1593.0,21735.0,3954.0,18.191856452726018,7.329192546583851,False
15055 Neda,188.0,3133.0,830.0,26.49218001915097,6.000638365783594,False
15056 Negreira,326.0,4494.0,1390.0,30.93012906097018,7.254116599910993,False
15057 Noia,625.0,8620.0,2031.0,23.561484918793504,7.250580046403712,False
15058 Oleiros,1355.0,19268.0,3515.0,18.24268216732406,7.032385302055221,False
15059 Ordes,509.0,7261.0,1920.0,26.442638754992426,7.010053711609971,False
15060 Oroso,319.0,3787.0,678.0,17.903353578030103,8.423554264589384,False
15061 Ortigueira,557.0,6562.0,3150.0,48.00365742151783,8.488265772630296,False
15062 Outes,259.0,4039.0,1369.0,33.89452834860114,6.412478336221837,False
15064 Paderne,132.0,1562.0,480.0,30.729833546734955,8.450704225352112,False
15065 Padrón,314.0,4961.0,1566.0,31.56621648861117,6.329369078814755,False
15066 Pino (O),284.0,2878.0,766.0,26.61570535093815,9.867963863794301,False
15067 Pobra do Caramiñal (A),477.0,5719.0,1490.0,26.053505857667425,8.3406189893338,False
15068 Ponteceso,364.0,4399.0,1672.0,38.00863832689247,8.27460786542396,False
15069 Pontedeume,424.0,5123.0,1459.0,28.479406597696663,8.276400546554752,False
15070 Pontes de García Rodríguez (As),468.0,6204.0,1226.0,19.761444229529335,7.543520309477756,False
15071 Porto do Son,844.0,7413.0,2339.0,31.55267772831512,11.385404019964927,False
15072 Rianxo,418.0,6342.0,2179.0,34.35824660990224,6.590980763166193,False
15073 Ribeira,1560.0,17097.0,4514.0,26.402292799906416,9.124407790840499,False
15074 Rois,104.0,2413.0,989.0,40.98632407791131,4.309987567343556,False
15075 Sada,1088.0,11150.0,2406.0,21.57847533632287,9.757847533632287,False
15076 San Sadurniño,187.0,2026.0,602.0,29.713721618953603,9.230009871668312,False
15077 Santa Comba,529.0,6018.0,1795.0,29.827185111332668,8.79029577932868,False
15078 Santiago de Compostela,5475.0,56746.0,6198.0,10.922355760758467,9.648257145878123,False
15079 Santiso,87.0,1225.0,628.0,51.265306122448976,7.1020408163265305,False
15080 Sobrado,118.0,1581.0,842.0,53.25743200506009,7.463630613535737,False
15081 Somozas (As),62.0,961.0,453.0,47.13839750260146,6.451612903225806,False
15082 Teo,488.0,9112.0,1992.0,21.8612818261633,5.355575065847234,False
15083 Toques,50.0,800.0,363.0,45.375,6.25,False
15084 Tordoia,98.0,1784.0,605.0,33.912556053811656,5.493273542600897,False
15085 Touro,150.0,2299.0,895.0,38.92996955197912,6.524575902566333,False
15086 Trazo,52.0,1602.0,660.0,41.19850187265918,3.2459425717852683,False
15087 Valdoviño,531.0,5385.0,1488.0,27.632311977715876,9.860724233983287,False
15088 Val do Dubra,157.0,2397.0,817.0,34.08427200667501,6.54985398414685,False
15089 Vedra,123.0,2264.0,542.0,23.939929328621908,5.432862190812721,False
15090 Vilasantar,78.0,1164.0,558.0,47.93814432989691,6.701030927835052,False
15091 Vilarmaior,72.0,900.0,321.0,35.666666666666664,8.0,False
15092 Vimianzo,382.0,4446.0,1372.0,30.85919928025191,8.591992802519119,False
15093 Zas,171.0,2741.0,982.0,35.82634075155053,6.23859905144108,False
15901 Cariño,324.0,3541.0,1440.0,40.66647839593335,9.149957639085004,False
15902 Oza-Cesuras,321.0,3871.0,1305.0,33.71221906484113,8.292430896409197,False
16007 Alberca de Záncara (La) *,116.0,1018.0,191.0,18.762278978389,11.394891944990176,True
16027 Barajas de Melo,272.0,1433.0,300.0,20.9351011863224,18.98115840893231,False
16033 Belmonte,265.0,1690.0,386.0,22.840236686390533,15.680473372781066,False
16042 Campillo de Altobuey,246.0,1333.0,261.0,19.579894973743436,18.454613653413354,False
16061 Casas de Fernando Alonso *,92.0,779.0,139.0,17.84338896020539,11.810012836970476,True
16066 Casasimarro *,273.0,2126.0,325.0,15.28692380056444,12.84101599247413,True
16078 Cuenca *,3842.0,31611.0,3420.0,10.819018696023535,12.153997026351586,True
16086 Fuente de Pedro Naharro *,148.0,1020.0,207.0,20.294117647058822,14.509803921568627,True
16102 Honrubia *,119.0,986.0,142.0,14.401622718052739,12.068965517241379,True
16106 Horcajo de Santiago,425.0,2760.0,513.0,18.58695652173913,15.398550724637682,False
16112 Huete,232.0,2112.0,963.0,45.59659090909091,10.984848484848484,False
16113 Iniesta *,235.0,2411.0,439.0,18.208212360016592,9.746992948983824,True
16117 Landete,154.0,1323.0,503.0,38.01965230536659,11.640211640211641,False
16118 Ledaña *,197.0,1325.0,295.0,22.264150943396228,14.867924528301886,True
16124 Mesas (Las) *,192.0,1411.0,217.0,15.379163713678242,13.607370659107016,True
16125 Minglanilla,190.0,1645.0,352.0,21.398176291793312,11.55015197568389,False
16133 Mota del Cuervo *,407.0,3346.0,561.0,16.76628810520024,12.163777644949192,True
16134 Motilla del Palancar *,369.0,3401.0,414.0,12.172890326374596,10.849750073507792,True
16153 Pedernoso (El),124.0,830.0,131.0,15.783132530120483,14.939759036144578,False
16154 Pedroñeras (Las) *,379.0,3360.0,441.0,13.125,11.279761904761905,True
16171 Provencio (El),315.0,1983.0,416.0,20.978315683308118,15.885022692889562,False
16175 Quintanar del Rey *,382.0,3547.0,499.0,14.068226670425712,10.769664505215676,True
16190 San Clemente *,483.0,3962.0,510.0,12.87228672387683,12.190812720848056,True
16191 San Lorenzo de la Parrilla *,162.0,891.0,173.0,19.41638608305275,18.181818181818183,True
16198 Sisante,212.0,1362.0,262.0,19.23641703377386,15.565345080763583,False
16203 Tarancón,1029.0,8723.0,844.0,9.675570331308036,11.796400320990484,False
16236 Valverde de Júcar,167.0,1013.0,217.0,21.42152023692004,16.48568608094768,False
16249 Villamayor de Santiago,317.0,2095.0,410.0,19.570405727923628,15.13126491646778,False
16251 Villanueva de la Jara *,160.0,1551.0,240.0,15.473887814313347,10.31592520954223,True
16263 Villar de Olalla,166.0,1041.0,213.0,20.461095100864554,15.946205571565802,False
16903 Valeras (Las) *,146.0,972.0,167.0,17.181069958847736,15.020576131687243,True
16905 Arcas,169.0,1523.0,398.0,26.13263296126067,11.096520026263953,False
16999 Resto de Cuenca,11299.0,71033.0,26459.0,37.248884321371754,15.906691256176707,False
17006 Alp,754.0,3418.0,655.0,19.163253364540665,22.05968402574605,False
17007 Amer,72.0,1385.0,311.0,22.454873646209386,5.1985559566787005,False
17008 Anglès,144.0,2737.0,526.0,19.218122031421263,5.26123492875411,False
17009 Arbúcies,344.0,3332.0,300.0,9.003601440576231,10.324129651860744,False
17012 Avinyonet de Puigventós,22.0,625.0,67.0,10.72,3.52,False
17013 Begur,648.0,5620.0,1509.0,26.85053380782918,11.530249110320284,False
17015 Banyoles,488.0,9064.0,485.0,5.350838481906443,5.383936451897617,False
17016 Bàscara,33.0,549.0,131.0,23.861566484517304,6.0109289617486334,False
17019 Besalú *,105.0,1221.0,77.0,6.306306306306307,8.5995085995086,True
17020 Bescanó,105.0,2150.0,152.0,7.069767441860465,4.883720930232558,False
17022 Bisbal d'Empordà (La),371.0,5102.0,346.0,6.781654253234026,7.271658173265386,False
17023 Blanes,3619.0,25589.0,2671.0,10.43807886201102,14.142795732541327,False
17025 Bordils,30.0,742.0,70.0,9.433962264150944,4.0431266846361185,False
17027 Breda *,136.0,1827.0,94.0,5.145046524356869,7.443897099069513,True
17032 Cadaqués,422.0,3598.0,819.0,22.762645914396888,11.728738187882156,False
17033 Caldes de Malavella,256.0,4175.0,502.0,12.023952095808383,6.131736526946108,False
17034 Calonge i Sant Antoni,2766.0,14112.0,2825.0,20.01842403628118,19.60034013605442,False
17036 Campdevànol *,154.0,1632.0,147.0,9.007352941176471,9.436274509803921,True
17039 Camprodon *,674.0,2713.0,280.0,10.32067821599705,24.84334684850719,True
17044 Cassà de la Selva,316.0,4709.0,437.0,9.280101932469739,6.710554257804205,False
17047 Castelló d'Empúries,2500.0,16363.0,5204.0,31.803459023406464,15.278371936686426,False
17048 Castell-Platja d'Aro,3518.0,15712.0,3155.0,20.08019348268839,22.390529531568227,False
17049 Celrà,112.0,2161.0,122.0,5.645534474780194,5.182785747339195,False
17056 Cornellà del Terri,40.0,1047.0,125.0,11.938872970391595,3.8204393505253105,False
17057 Corçà,41.0,709.0,153.0,21.57968970380818,5.782792665726375,False
17062 Escala (L'),3261.0,15146.0,2907.0,19.193186319820416,21.530437079096792,False
17066 Figueres,1536.0,21062.0,1281.0,6.0820434906466625,7.292754724147755,False
17067 Flaçà,23.0,532.0,76.0,14.285714285714286,4.323308270676692,False
17071 Fontcoberta,22.0,565.0,45.0,7.964601769911504,3.893805309734513,False
17073 Fornells de la Selva,39.0,982.0,60.0,6.109979633401222,3.9714867617107945,False
17079 Girona,3293.0,50333.0,4825.0,9.586156199709931,6.54242743329426,False
17083 Hostalric,143.0,1987.0,152.0,7.649723200805234,7.19677906391545,False
17086 Jonquera (La),88.0,1469.0,185.0,12.59360108917631,5.990469707283866,False
17089 Llagostera,288.0,4481.0,777.0,17.339879491185002,6.427136799821469,False
17092 Llançà,1841.0,8246.0,2031.0,24.63012369633762,22.32597623089983,False
17093 Llers,37.0,550.0,86.0,15.636363636363637,6.7272727272727275,False
17094 Llívia,678.0,2380.0,219.0,9.201680672268907,28.48739495798319,False
17095 Lloret de Mar,3240.0,25496.0,3953.0,15.504392845936618,12.707875745214936,False
17103 Maçanet de la Selva,483.0,4571.0,446.0,9.75716473419383,10.566615620214396,False
17110 Mont-ras,38.0,807.0,131.0,16.232961586121437,4.708798017348204,False
17111 Navata,65.0,858.0,81.0,9.44055944055944,7.575757575757576,False
17114 Olot,1136.0,16713.0,1056.0,6.318434751391132,6.7971040507389455,False
17117 Palafrugell,2665.0,17675.0,2456.0,13.895332390381895,15.077793493635077,False
17118 Palamós,2211.0,13007.0,1247.0,9.58714538325517,16.998539248097178,False
17120 Palau-saverdera,61.0,936.0,199.0,21.26068376068376,6.517094017094017,False
17124 Pals,649.0,3989.0,964.0,24.166457758836803,16.269741789922286,False
17132 Peralada,66.0,1125.0,263.0,23.377777777777776,5.866666666666666,False
17133 Planes d'Hostoles (Les),61.0,963.0,228.0,23.67601246105919,6.334371754932502,False
17137 Porqueres,75.0,1835.0,80.0,4.359673024523161,4.087193460490464,False
17138 Portbou,242.0,1091.0,150.0,13.748854262144821,22.181484876260313,False
17139 Preses (Les) *,52.0,767.0,30.0,3.911342894393742,6.779661016949152,True
17140 Port de la Selva (El),521.0,2497.0,594.0,23.788546255506606,20.865038045654785,False
17141 Puigcerdà,996.0,5989.0,493.0,8.231758223409583,16.630489230255467,False
17142 Quart,79.0,1499.0,71.0,4.736490993995997,5.270180120080053,False
17145 Ribes de Freser,367.0,1647.0,203.0,12.325440194292653,22.2829386763813,False
17146 Riells i Viabrea,169.0,2383.0,270.0,11.330255979857323,7.091900965169954,False
17147 Ripoll *,496.0,5665.0,549.0,9.69108561341571,8.755516328331863,True
17148 Riudarenes,118.0,1443.0,190.0,13.167013167013167,8.177408177408177,False
17150 Riudellots de la Selva,27.0,843.0,53.0,6.2870699881376035,3.202846975088968,False
17152 Roses,4297.0,24743.0,7202.0,29.107222244675263,17.366527906882755,False
17155 Salt,742.0,11642.0,1302.0,11.18364542174884,6.3734753478783714,False
17160 Sant Feliu de Guíxols,2422.0,15908.0,1902.0,11.956248428463667,15.22504400301735,False
17161 Sant Feliu de Pallerols,71.0,803.0,134.0,16.68742216687422,8.84184308841843,False
17163 Sant Gregori,75.0,1506.0,98.0,6.50730411686587,4.9800796812749,False
17164 Sant Hilari Sacalm,334.0,3048.0,406.0,13.32020997375328,10.958005249343833,False
17167 Sant Joan de les Abadesses,277.0,2021.0,260.0,12.864918357248886,13.706086095992083,False
17169 Sant Julià de Ramis,46.0,1387.0,53.0,3.8211968276856525,3.316510454217736,False
17178 Sant Pere Pescador,202.0,1640.0,354.0,21.585365853658537,12.317073170731707,False
17180 Santa Coloma de Farners,352.0,5995.0,683.0,11.392827356130109,5.871559633027523,False
17181 Santa Cristina d'Aro,308.0,3914.0,883.0,22.56004087889627,7.869187531936638,False
17184 Santa Pau,69.0,826.0,143.0,17.312348668280872,8.353510895883778,False
17185 Sant Joan les Fonts,100.0,1426.0,104.0,7.293127629733521,7.012622720897616,False
17186 Sarrià de Ter,113.0,2178.0,102.0,4.683195592286501,5.188246097337006,False
17189 Cellera de Ter (La),61.0,940.0,114.0,12.127659574468085,6.48936170212766,False
17190 Serinyà *,40.0,520.0,40.0,7.6923076923076925,7.6923076923076925,True
17193 Sils,237.0,3099.0,258.0,8.325266214908035,7.647628267182962,False
17199 Torroella de Montgrí,2138.0,11730.0,3034.0,25.865302642796248,18.22676896845695,False
17202 Tossa de Mar,1470.0,7105.0,1528.0,21.505981703026038,20.689655172413794,False
17204 Ullà,36.0,525.0,85.0,16.19047619047619,6.857142857142857,False
17207 Vall d'en Bas (La),108.0,1585.0,325.0,20.50473186119874,6.813880126182966,False
17208 Vall de Bianya (La),58.0,644.0,54.0,8.385093167701863,9.006211180124224,False
17211 Verges,55.0,639.0,85.0,13.302034428794991,8.60719874804382,False
17213 Vidreres,317.0,4348.0,439.0,10.096596136154554,7.290708371665134,False
17215 Vilablareix,72.0,1180.0,65.0,5.508474576271187,6.101694915254237,False
17220 Viladrau,116.0,987.0,120.0,12.158054711246201,11.752786220871327,False
17221 Vilafant,99.0,2014.0,127.0,6.305858987090367,4.915590863952334,False
17223 Vilajuïga,34.0,573.0,64.0,11.169284467713787,5.93368237347295,False
17226 Vilamalla,29.0,453.0,51.0,11.258278145695364,6.401766004415011,False
17233 Vilobí d'Onyar,66.0,1346.0,110.0,8.172362555720653,4.903417533432393,False
"17901 Cruïlles, Monells i Sant Sadurní de",57.0,782.0,172.0,21.994884910485933,7.289002557544757,False
17902 Forallac,93.0,1052.0,172.0,16.34980988593156,8.840304182509506,False
17903 Sant Julià del Llor i Bonmatí,29.0,615.0,129.0,20.975609756097562,4.715447154471545,False
17999 Resto de Girona,4360.0,40423.0,8110.0,20.062835514434852,10.78593869826584,False
18003 Albolote,549.0,9477.0,910.0,9.602194787379972,5.7929724596391265,False
18006 Albuñol,508.0,3706.0,526.0,14.193200215866163,13.707501349163518,False
18011 Alfacar,205.0,3105.0,541.0,17.423510466988727,6.602254428341385,False
18012 Algarinejo,216.0,2148.0,691.0,32.16945996275605,10.05586592178771,False
18013 Alhama de Granada,417.0,3758.0,779.0,20.729111229377327,11.09632783395423,False
18014 Alhendín,280.0,4948.0,649.0,13.116410670978173,5.6588520614389655,False
18017 Almuñécar,6330.0,29769.0,4507.0,15.13991064530216,21.26373072659478,False
18021 Armilla,692.0,11389.0,841.0,7.384318201773641,6.076038282553341,False
18022 Atarfe,538.0,10234.0,1632.0,15.946843853820598,5.256986515536447,False
18023 Baza,1136.0,11471.0,1496.0,13.041583122657135,9.903234242873333,False
18027 Benalúa,211.0,1825.0,391.0,21.424657534246574,11.561643835616438,False
18028 Benalúa de las Villas,78.0,734.0,174.0,23.705722070844686,10.626702997275205,False
18029 Benamaurel,206.0,1615.0,343.0,21.238390092879257,12.755417956656347,False
18035 Cádiar,161.0,1260.0,433.0,34.36507936507937,12.777777777777779,False
18036 Cájar,125.0,2431.0,247.0,10.16042780748663,5.1419169066227886,False
18038 Campotéjar,79.0,845.0,256.0,30.29585798816568,9.349112426035504,False
18039 Caniles *,244.0,2448.0,357.0,14.583333333333334,9.967320261437909,True
18045 Castilléjar,166.0,1390.0,500.0,35.97122302158273,11.942446043165468,False
18046 Castril,220.0,1614.0,420.0,26.022304832713754,13.630731102850062,False
18047 Cenes de la Vega,289.0,4176.0,353.0,8.453065134099617,6.920498084291188,False
18048 Cijuela,113.0,1951.0,517.0,26.499231163505893,5.791901588928755,False
18050 Cogollos de la Vega,141.0,1375.0,402.0,29.236363636363638,10.254545454545454,False
18051 Colomera,95.0,981.0,366.0,37.308868501529055,9.683995922528032,False
18053 Cortes de Baza,197.0,1561.0,376.0,24.087123638693146,12.62011531069827,False
18056 Cúllar,317.0,2773.0,524.0,18.89650198341147,11.43166245943022,False
18057 Cúllar Vega *,163.0,3199.0,163.0,5.095342294467021,5.095342294467021,True
18059 Chauchina,145.0,2763.0,565.0,20.44878754976475,5.247918928700687,False
18061 Chimeneas,55.0,863.0,320.0,37.07995365005794,6.373117033603708,False
18062 Churriana de la Vega,461.0,7748.0,476.0,6.143520908621579,5.9499225606608155,False
18063 Darro,89.0,907.0,327.0,36.0529217199559,9.812568908489526,False
18066 Deifontes,100.0,1278.0,141.0,11.032863849765258,7.82472613458529,False
18068 Dílar,81.0,1166.0,255.0,21.869639794168098,6.9468267581475125,False
18071 Dúrcal,450.0,4403.0,701.0,15.920962979786509,10.220304337951397,False
18079 Fuente Vaqueros,189.0,2394.0,583.0,24.352548036758563,7.894736842105263,False
18082 Galera,200.0,2371.0,1470.0,61.99915647406158,8.435259384226065,False
18084 Gójar,182.0,3017.0,382.0,12.661584355319855,6.0324825986078885,False
18087 Granada,11270.0,141257.0,11920.0,8.438519860962643,7.978365673913506,False
18088 Guadahortuna,120.0,1186.0,404.0,34.064080944350756,10.118043844856661,False
18089 Guadix,1087.0,11023.0,2098.0,19.032931143971695,9.861199310532523,False
18093 Gualchos,898.0,4070.0,494.0,12.137592137592138,22.063882063882065,False
18094 Güéjar Sierra,287.0,2185.0,586.0,26.819221967963387,13.135011441647597,False
18095 Güevéjar,71.0,1205.0,164.0,13.609958506224066,5.8921161825726145,False
18097 Huéneja,134.0,1032.0,340.0,32.945736434108525,12.984496124031008,False
18098 Huéscar,672.0,5799.0,1635.0,28.19451629591309,11.588204862907398,False
18099 Huétor de Santillán,154.0,1258.0,171.0,13.593004769475357,12.241653418124006,False
18100 Huétor Tájar,402.0,5261.0,622.0,11.822847367420643,7.641132864474435,False
18101 Huétor Vega,253.0,5304.0,337.0,6.353695324283559,4.7699849170437405,False
18102 Íllora,583.0,6424.0,1327.0,20.656911581569116,9.075342465753424,False
18105 Iznalloz,181.0,2830.0,746.0,26.36042402826855,6.395759717314488,False
18107 Jayena,66.0,712.0,184.0,25.84269662921348,9.269662921348315,False
18111 Jun,79.0,1624.0,144.0,8.866995073891626,4.864532019704433,False
18115 Láchar,120.0,1945.0,402.0,20.668380462724937,6.169665809768637,False
18116 Lanjarón,284.0,2765.0,901.0,32.58589511754069,10.27124773960217,False
18119 Lecrín,173.0,1755.0,604.0,34.41595441595442,9.857549857549857,False
18122 Loja,913.0,11951.0,2314.0,19.362396452179734,7.639528072964605,False
18126 Malahá (La),67.0,1045.0,240.0,22.966507177033492,6.411483253588517,False
18127 Maracena,484.0,9972.0,600.0,6.016847172081829,4.853590052146009,False
18132 Moclín,278.0,2745.0,729.0,26.557377049180328,10.127504553734061,False
18133 Molvízar,192.0,1748.0,457.0,26.1441647597254,10.983981693363845,False
18134 Monachil,955.0,7905.0,1289.0,16.306135357368753,12.080961416824794,False
18135 Montefrío,367.0,4072.0,1252.0,30.74656188605108,9.012770137524559,False
18136 Montejícar,158.0,1458.0,420.0,28.80658436213992,10.83676268861454,False
18137 Montillana,75.0,871.0,262.0,30.08036739380023,8.610792192881744,False
18138 Moraleda de Zafayona,174.0,1830.0,209.0,11.420765027322405,9.508196721311476,False
18140 Motril,4079.0,32841.0,3354.0,10.212843701470723,12.420450047197102,False
18143 Nigüelas,123.0,883.0,179.0,20.2718006795017,13.929784824462061,False
18144 Nívar,38.0,603.0,87.0,14.427860696517413,6.301824212271973,False
18145 Ogíjares,329.0,6632.0,391.0,5.895657418576598,4.9607961399276235,False
18146 Orce,163.0,1226.0,390.0,31.810766721044047,13.2952691680261,False
18147 Órgiva,450.0,3738.0,680.0,18.191546281433922,12.038523274478331,False
18148 Otívar,93.0,752.0,218.0,28.98936170212766,12.367021276595745,False
18149 Villa de Otura,207.0,3536.0,261.0,7.381221719457014,5.854072398190045,False
18150 Padul,516.0,5517.0,690.0,12.506797172376292,9.352909189777053,False
18152 Pedro Martínez,119.0,944.0,392.0,41.52542372881356,12.60593220338983,False
18153 Peligros,251.0,5013.0,314.0,6.2637143427089566,5.006981847197287,False
18154 Peza (La),86.0,1038.0,499.0,48.07321772639692,8.285163776493256,False
18157 Pinos Genil,81.0,911.0,188.0,20.636663007683865,8.89132821075741,False
18158 Pinos Puente,406.0,5769.0,1601.0,27.751776737736176,7.03761483792685,False
18159 Píñar,86.0,822.0,275.0,33.454987834549875,10.46228710462287,False
18162 Polopos,324.0,1519.0,362.0,23.83146807109941,21.329822251481236,False
18164 Puebla de Don Fadrique,298.0,1916.0,549.0,28.653444676409187,15.553235908141962,False
18165 Pulianas,115.0,2381.0,208.0,8.73582528349433,4.829903401931961,False
18167 Purullena,140.0,1368.0,318.0,23.24561403508772,10.23391812865497,False
18171 Salar,117.0,1692.0,515.0,30.437352245862883,6.914893617021277,False
18173 Salobreña,2372.0,11610.0,1931.0,16.632213608957795,20.430663221360895,False
18175 Santa Fe,559.0,7685.0,1045.0,13.597918022121014,7.273910214703969,False
18182 Ugíjar,239.0,1854.0,489.0,26.375404530744337,12.891046386192018,False
18184 Vélez de Benaudalla,372.0,2469.0,418.0,16.929931146213043,15.066828675577156,False
18188 Villanueva Mesía,94.0,1092.0,97.0,8.882783882783883,8.608058608058608,False
18189 Víznar,55.0,582.0,134.0,23.02405498281787,9.450171821305842,False
18192 Zafarraya *,138.0,1282.0,154.0,12.012480499219969,10.76443057722309,True
18193 Zubia (La),546.0,9556.0,883.0,9.240267894516535,5.713687735454165,False
18194 Zújar,177.0,1762.0,357.0,20.261066969353006,10.045402951191827,False
18903 Nevada,169.0,1229.0,557.0,45.32139951179821,13.751017087062653,False
18905 Gabias (Las),663.0,11502.0,1065.0,9.25925925925926,5.7642149191444965,False
"18906 Guájares, Los",147.0,1197.0,521.0,43.52548036758563,12.280701754385966,False
18907 Valle del Zalabí,158.0,1550.0,449.0,28.967741935483872,10.193548387096774,False
18911 Vegas del Genil,234.0,4962.0,461.0,9.290608625554212,4.71584038694075,False
18912 Cuevas del Campo,188.0,1344.0,269.0,20.014880952380953,13.988095238095237,False
18914 Valderrubio,62.0,1102.0,359.0,32.577132486388386,5.626134301270417,False
18916 Torrenueva Costa,1919.0,5613.0,987.0,17.584179583110636,34.18849100302868,False
18999 Resto de Granada,5041.0,39875.0,14331.0,35.93981191222571,12.642006269592477,False
19006 Albalate de Zorita,436.0,2369.0,640.0,27.01561840439004,18.404390037990712,False
19021 Almoguera,154.0,999.0,324.0,32.432432432432435,15.415415415415415,False
19024 Alovera *,322.0,5211.0,205.0,3.9339857992707734,6.179236231049702,True
19046 Azuqueca de Henares *,890.0,14220.0,596.0,4.191279887482419,6.258790436005626,True
19053 Brihuega,457.0,3486.0,1420.0,40.73436603557086,13.109581181870338,False
19058 Cabanillas del Campo *,311.0,4420.0,247.0,5.588235294117647,7.036199095022624,True
19071 Casar (El),507.0,6972.0,382.0,5.479059093516925,7.271944922547332,False
19086 Cifuentes,320.0,2412.0,916.0,37.97678275290215,13.266998341625207,False
19105 Chiloeches,124.0,2082.0,376.0,18.059558117195003,5.95581171950048,False
19117 Fontanar,92.0,1223.0,88.0,7.195421095666394,7.522485690923958,False
19126 Galápagos,91.0,1378.0,90.0,6.531204644412192,6.60377358490566,False
19130 Guadalajara *,3410.0,41937.0,3232.0,7.706798292677111,8.131244485776284,True
19143 Horche,199.0,1894.0,429.0,22.650475184794086,10.506863780359028,False
19151 Humanes,177.0,1399.0,265.0,18.942101501072194,12.651894210150108,False
19156 Jadraque,197.0,1390.0,290.0,20.863309352517987,14.172661870503598,False
19160 Loranca de Tajuña *,52.0,1372.0,989.0,72.08454810495627,3.7900874635568513,True
19171 Marchamalo,273.0,3528.0,385.0,10.912698412698413,7.738095238095238,False
19190 Molina de Aragón,373.0,2981.0,811.0,27.205635692720563,12.512579671251258,False
19192 Mondéjar,207.0,1748.0,374.0,21.39588100686499,11.842105263157896,False
19220 Pioz,269.0,2849.0,255.0,8.95050895050895,9.441909441909441,False
19225 Pozo de Guadalajara,61.0,852.0,157.0,18.427230046948356,7.15962441314554,False
19245 Sacedón,215.0,1936.0,794.0,41.01239669421488,11.105371900826446,False
19257 Sigüenza,1014.0,5647.0,1742.0,30.848238002479192,17.956437046219232,False
19274 Torija,110.0,927.0,213.0,22.977346278317153,11.86623516720604,False
19280 Torrejón del Rey,284.0,3337.0,159.0,4.764758765358106,8.51063829787234,False
19286 Tórtola de Henares,68.0,772.0,127.0,16.45077720207254,8.808290155440414,False
19290 Trijueque,242.0,1547.0,456.0,29.47640594699418,15.643180349062701,False
19291 Trillo,230.0,1410.0,462.0,32.765957446808514,16.31205673758865,False
19293 Uceda,297.0,2817.0,206.0,7.312744053958111,10.543130990415335,False
19300 Valdeaveruelo,49.0,742.0,65.0,8.76010781671159,6.60377358490566,False
19319 Villanueva de la Torre *,104.0,2467.0,58.0,2.351033644102148,4.215646534252128,True
19326 Yebes,179.0,2589.0,675.0,26.071842410196986,6.913866357667053,False
19331 Yunquera de Henares *,200.0,2180.0,191.0,8.761467889908257,9.174311926605505,True
19999 Resto de Guadalajara,8732.0,56686.0,24850.0,43.837984687577176,15.404156229051265,False
20005 Alegia *,75.0,833.0,66.0,7.923169267707083,9.003601440576231,True
20009 Andoain *,540.0,6769.0,451.0,6.662727138425174,7.97754468902349,True
20010 Anoeta *,98.0,902.0,91.0,10.088691796008868,10.864745011086475,True
20011 Antzuola *,91.0,1047.0,61.0,5.826170009551098,8.691499522445081,True
20013 Aretxabaleta *,356.0,3290.0,181.0,5.501519756838905,10.820668693009118,True
20014 Asteasu *,65.0,692.0,54.0,7.803468208092486,9.393063583815028,True
20015 Ataun,66.0,886.0,136.0,15.349887133182845,7.44920993227991,False
20016 Aia,103.0,1015.0,82.0,8.078817733990148,10.147783251231527,False
20017 Azkoitia *,449.0,5239.0,373.0,7.119679328116053,8.570337850734873,True
20018 Azpeitia *,539.0,6739.0,614.0,9.111144086659742,7.998219320373943,True
20019 Beasain *,529.0,6607.0,530.0,8.021795065839262,8.006659603450885,True
20022 Berastegi,53.0,573.0,67.0,11.69284467713787,9.24956369982548,False
20025 Zegama,107.0,870.0,114.0,13.10344827586207,12.298850574712644,False
20027 Zestoa,161.0,1882.0,191.0,10.148777895855472,8.554729011689691,False
20028 Zizurkil *,100.0,1307.0,116.0,8.875286916602908,7.651109410864575,True
20029 Deba,414.0,3121.0,205.0,6.568407561678949,13.264979173341878,False
20030 Eibar *,1227.0,13535.0,792.0,5.851496121167344,9.065386036202439,True
20032 Elgoibar *,490.0,5642.0,432.0,7.656859269762496,8.6848635235732,True
20033 Elgeta,63.0,631.0,53.0,8.399366085578446,9.984152139461173,False
20034 Eskoriatza *,188.0,2076.0,107.0,5.154142581888246,9.05587668593449,True
20036 Hondarribia *,970.0,8777.0,572.0,6.517033154836504,11.0516121681668,True
20039 Getaria *,150.0,1476.0,90.0,6.097560975609756,10.16260162601626,True
20040 Hernani *,771.0,9342.0,881.0,9.430528794690645,8.253050738599871,True
20042 Ibarra *,178.0,1921.0,181.0,9.422175950026029,9.2660072878709,True
20043 Idiazabal,96.0,1219.0,218.0,17.883511074651352,7.875307629204266,False
20045 Irun *,2152.0,28045.0,2249.0,8.019254769121055,7.673382064539133,True
20046 Irura *,69.0,812.0,62.0,7.635467980295567,8.497536945812808,True
20049 Lazkao *,250.0,2711.0,228.0,8.410180745112505,9.221689413500552,True
20051 Legazpi *,375.0,4242.0,341.0,8.038661008958039,8.84016973125884,True
20052 Legorreta *,71.0,724.0,82.0,11.32596685082873,9.806629834254144,True
20053 Lezo *,208.0,2746.0,199.0,7.246904588492352,7.574654042243263,True
20055 Arrasate/Mondragón *,961.0,10502.0,562.0,5.351361645400876,9.150637973719292,True
20056 Mutriku *,289.0,2870.0,196.0,6.829268292682927,10.069686411149826,True
20059 Oñati *,448.0,5510.0,526.0,9.546279491833031,8.130671506352087,True
20061 Orio *,292.0,3000.0,190.0,6.333333333333333,9.733333333333333,True
20062 Ormaiztegi *,62.0,613.0,59.0,9.624796084828711,10.114192495921696,True
20063 Oiartzun *,357.0,4386.0,327.0,7.4555403556771545,8.13953488372093,True
20064 Pasaia *,607.0,7706.0,546.0,7.085388009343369,7.876978977420192,True
20065 Soraluze-Placencia de las Armas *,199.0,2068.0,253.0,12.23404255319149,9.622823984526113,True
20067 Errenteria *,1217.0,17999.0,1180.0,6.55591977332074,6.761486749263848,True
20069 Donostia/San Sebastián *,9036.0,94733.0,5522.0,5.829014176686054,9.53838683457718,True
20070 Segura,57.0,743.0,119.0,16.01615074024226,7.6716016150740245,False
20071 Tolosa *,815.0,9598.0,659.0,6.866013752865181,8.491352365076057,True
20072 Urnieta *,219.0,2622.0,220.0,8.390541571319604,8.352402745995423,True
20073 Usurbil *,199.0,2768.0,201.0,7.261560693641618,7.1893063583815024,True
20074 Bergara,703.0,7332.0,428.0,5.837424986361157,9.58810692853246,False
20075 Villabona *,230.0,2772.0,208.0,7.503607503607504,8.297258297258297,True
20076 Ordizia *,403.0,4768.0,327.0,6.858221476510067,8.452181208053691,True
20077 Urretxu *,260.0,3163.0,192.0,6.070186531773633,8.220044261776794,True
20078 Zaldibia,88.0,868.0,130.0,14.976958525345623,10.138248847926267,False
20079 Zarautz *,1358.0,11622.0,673.0,5.790741696781965,11.684735845809671,True
20080 Zumarraga *,415.0,4828.0,325.0,6.731565865782933,8.595691797845898,True
20081 Zumaia *,469.0,4746.0,273.0,5.752212389380531,9.882005899705014,True
20901 Mendaro *,87.0,963.0,90.0,9.345794392523365,9.034267912772586,True
20902 Lasarte-Oria *,702.0,8609.0,551.0,6.400278778022999,8.154257172726217,True
20903 Astigarraga *,307.0,3343.0,198.0,5.92282381094825,9.183368232126833,True
20999 Resto de Gipuzkoa,533.0,6483.0,936.0,14.437760296159185,8.221502390868425,False
21002 Aljaraque,440.0,8574.0,406.0,4.735246092838815,5.131793795194775,False
21004 Almonaster la Real,324.0,1768.0,439.0,24.830316742081447,18.32579185520362,False
21005 Almonte,5281.0,22043.0,1953.0,8.859955541441728,23.95771900376537,False
21006 Alosno,346.0,2596.0,479.0,18.45146379044684,13.328197226502311,False
21007 Aracena,594.0,5080.0,517.0,10.17716535433071,11.692913385826772,False
21008 Aroche,273.0,2208.0,589.0,26.67572463768116,12.36413043478261,False
21010 Ayamonte,3323.0,17738.0,3502.0,19.742924794227083,18.73379185928515,False
21011 Beas,315.0,3283.0,833.0,25.37313432835821,9.594882729211088,False
21013 Bollullos Par del Condado *,498.0,6399.0,585.0,9.142053445850914,7.782466010314112,True
21014 Bonares *,219.0,2641.0,312.0,11.813706929193488,8.292313517606967,True
21016 Cala,112.0,935.0,288.0,30.802139037433154,11.97860962566845,False
21017 Calañas,240.0,1991.0,496.0,24.91210447011552,12.054244098442993,False
21018 Campillo (El),157.0,1316.0,259.0,19.680851063829788,11.930091185410335,False
21021 Cartaya,2418.0,13641.0,1123.0,8.232534271680962,17.725973169122497,False
21023 Cerro de Andévalo (El),266.0,1784.0,385.0,21.580717488789237,14.910313901345292,False
21025 Cortegana,437.0,3199.0,632.0,19.75617380431385,13.66051891216005,False
21029 Cumbres Mayores,169.0,1338.0,349.0,26.083707025411062,12.630792227204783,False
21030 Chucena *,76.0,990.0,116.0,11.717171717171718,7.6767676767676765,True
21031 Encinasola,217.0,1354.0,478.0,35.30280649926145,16.02658788774003,False
21032 Escacena del Campo,74.0,1089.0,154.0,14.141414141414142,6.7952249770431585,False
21034 Galaroza,174.0,1198.0,254.0,21.202003338898162,14.524207011686144,False
21035 Gibraleón,544.0,6673.0,1148.0,17.203656526300016,8.15225535741046,False
21038 Higuera de la Sierra,210.0,1137.0,201.0,17.678100263852244,18.46965699208443,False
21040 Hinojos,201.0,2254.0,262.0,11.623779946761314,8.917480035492458,False
21041 Huelva,4453.0,68714.0,4961.0,7.219780539628023,6.480484326338155,False
21042 Isla Cristina,4808.0,18623.0,1742.0,9.354024593244912,25.817537453686302,False
21043 Jabugo,150.0,1404.0,304.0,21.65242165242165,10.683760683760683,False
21044 Lepe,5412.0,21967.0,3133.0,14.26230254472618,24.636955433149726,False
21046 Lucena del Puerto,87.0,1231.0,158.0,12.835093419983753,7.067424857839155,False
21047 Manzanilla,119.0,1312.0,251.0,19.13109756097561,9.070121951219512,False
21049 Minas de Riotinto,207.0,2373.0,677.0,28.52928782132322,8.723135271807838,False
21050 Moguer,1412.0,11054.0,1280.0,11.57951872625294,12.773656594897774,False
21052 Nerva,314.0,3127.0,706.0,22.57755036776463,10.041573393028461,False
21053 Niebla,173.0,2285.0,455.0,19.91247264770241,7.571115973741795,False
21054 Palma del Condado (La),308.0,4612.0,508.0,11.014744145706851,6.678230702515178,False
21055 Palos de la Frontera,374.0,5060.0,957.0,18.91304347826087,7.391304347826087,False
21056 Paterna del Campo,185.0,1840.0,358.0,19.456521739130434,10.054347826086957,False
21057 Paymogo,98.0,797.0,217.0,27.22710163111669,12.296110414052698,False
21058 Puebla de Guzmán *,269.0,1890.0,240.0,12.698412698412698,14.232804232804233,True
21060 Punta Umbría,4532.0,17421.0,2240.0,12.858044888353136,26.014580104471616,False
21061 Rociana del Condado *,269.0,3251.0,317.0,9.750845893571208,8.274377114733928,True
21062 Rosal de la Frontera,154.0,1154.0,170.0,14.731369150779896,13.344887348353552,False
21063 San Bartolomé de la Torre,216.0,2035.0,226.0,11.105651105651106,10.614250614250615,False
21064 San Juan del Puerto,244.0,3939.0,317.0,8.047727849708048,6.194465600406194,False
21068 Santa Bárbara de Casa,112.0,902.0,233.0,25.83148558758315,12.416851441241684,False
21069 Santa Olalla del Cala,167.0,1530.0,445.0,29.084967320261438,10.915032679738562,False
21070 Trigueros,372.0,4069.0,399.0,9.805849102973704,9.142295404276235,False
21072 Valverde del Camino *,632.0,6722.0,569.0,8.464742636120203,9.401963701279382,True
21073 Villablanca,161.0,1807.0,513.0,28.389596015495297,8.909795240730492,False
21074 Villalba del Alcor,144.0,1653.0,247.0,14.942528735632184,8.711433756805807,False
21076 Villanueva de los Castillejos,215.0,2021.0,454.0,22.464126669965363,10.638297872340425,False
21077 Villarrasa,89.0,1093.0,131.0,11.985361390667887,8.142726440988106,False
21078 Zalamea la Real,294.0,2351.0,447.0,19.01318587834964,12.505316886431306,False
"21902 Zarza-Perrunal, La",166.0,1118.0,328.0,29.338103756708406,14.847942754919499,False
21999 Resto de Huelva,1570.0,11461.0,3503.0,30.564523165517844,13.698630136986301,False
22007 Albalate de Cinca *,52.0,570.0,106.0,18.596491228070175,9.12280701754386,True
22017 Alcolea de Cinca,69.0,745.0,186.0,24.966442953020135,9.261744966442953,False
22021 Almudévar,158.0,1809.0,583.0,32.2277501381979,8.734107241569928,False
22025 Altorricón,77.0,897.0,251.0,27.98216276477146,8.58416945373467,False
22039 Ayerbe,160.0,1009.0,275.0,27.254707631318137,15.857284440039644,False
22048 Barbastro,833.0,9507.0,845.0,8.888187651204376,8.761964867992006,False
22052 Belver de Cinca *,31.0,671.0,157.0,23.39791356184799,4.619970193740685,True
22053 Benabarre,128.0,959.0,254.0,26.4859228362878,13.347236704900938,False
22054 Benasque,1209.0,3508.0,330.0,9.407069555302167,34.464082098061574,False
22059 Biescas,1105.0,3325.0,458.0,13.774436090225564,33.233082706766915,False
22060 Binaced,62.0,802.0,193.0,24.064837905236907,7.73067331670823,False
22061 Binéfar,375.0,4977.0,582.0,11.693791440626883,7.53465943339361,False
22066 Boltaña,247.0,1141.0,258.0,22.61174408413672,21.647677475898334,False
22112 Fraga,485.0,7810.0,1046.0,13.393085787451984,6.209987195902689,False
22116 Grañén,105.0,1089.0,285.0,26.170798898071624,9.641873278236915,False
22117 Graus,373.0,3176.0,963.0,30.321158690176322,11.744332493702771,False
22119 Gurrea de Gállego,89.0,1176.0,393.0,33.41836734693877,7.568027210884353,False
22125 Huesca,2782.0,29309.0,1916.0,6.537241120474939,9.49196492544952,False
22130 Jaca,4599.0,16569.0,1996.0,12.046593035186191,27.75665399239544,False
22137 Lanaja,130.0,1082.0,352.0,32.53234750462107,12.014787430683919,False
22158 Monzón,807.0,9001.0,878.0,9.754471725363848,8.96567048105766,False
22199 Sabiñánigo,1439.0,7801.0,1285.0,16.472247147801564,18.446353031662607,False
22204 Sallent de Gállego,1337.0,3953.0,547.0,13.837591702504428,33.8224133569441,False
22213 Sariñena,229.0,2468.0,395.0,16.00486223662885,9.278768233387359,False
22225 Tamarite de Litera,194.0,2485.0,813.0,32.716297786720325,7.806841046277666,False
22234 Torrente de Cinca *,56.0,500.0,57.0,11.4,11.2,True
22254 Zaidín *,56.0,859.0,126.0,14.668218859138532,6.5192083818393485,True
22907 Aínsa-Sobrarbe,308.0,1824.0,239.0,13.103070175438596,16.885964912280702,False
22999 Resto de Huesca,9680.0,52821.0,13460.0,25.482289241021565,18.326044565608374,False
23002 Alcalá la Real,1329.0,13683.0,1692.0,12.365709274281956,9.712782284586714,False
23003 Alcaudete,586.0,6785.0,1216.0,17.921886514369934,8.636698599852616,False
23005 Andújar,1407.0,20048.0,2598.0,12.958898643256186,7.018156424581005,False
23006 Arjona *,290.0,3036.0,436.0,14.361001317523057,9.552042160737813,True
23007 Arjonilla *,230.0,2072.0,337.0,16.264478764478763,11.1003861003861,True
23008 Arquillos,117.0,1125.0,228.0,20.266666666666666,10.4,False
23009 Baeza,817.0,9593.0,1251.0,13.04075888668821,8.516626706973835,False
23010 Bailén,495.0,8330.0,911.0,10.936374549819927,5.942376950780312,False
23011 Baños de la Encina,187.0,1875.0,376.0,20.053333333333335,9.973333333333333,False
23012 Beas de Segura,492.0,3924.0,770.0,19.62283384301733,12.53822629969419,False
23014 Begíjar,180.0,1923.0,426.0,22.152886115444616,9.360374414976599,False
23015 Bélmez de la Moraleda,132.0,1131.0,268.0,23.69584438549956,11.671087533156498,False
23017 Cabra del Santo Cristo,155.0,1435.0,477.0,33.2404181184669,10.801393728222996,False
23018 Cambil,251.0,2192.0,642.0,29.28832116788321,11.450729927007298,False
23019 Campillo de Arenas,139.0,1141.0,220.0,19.281332164767747,12.182296231375986,False
23020 Canena *,87.0,1040.0,173.0,16.634615384615383,8.365384615384615,True
23024 Carolina (La),634.0,8073.0,1113.0,13.786696395392047,7.853338288120897,False
23025 Castellar,241.0,2146.0,458.0,21.342031686859272,11.230195712954334,False
23026 Castillo de Locubín,367.0,3385.0,815.0,24.076809453471196,10.84194977843427,False
23028 Cazorla,705.0,5746.0,1142.0,19.8746954403063,12.269404803341455,False
23030 Chilluévar,102.0,984.0,263.0,26.727642276422763,10.365853658536585,False
23033 Frailes,120.0,1149.0,331.0,28.807658833768496,10.443864229765014,False
23034 Fuensanta de Martos,191.0,2144.0,403.0,18.796641791044777,8.908582089552239,False
23035 Fuerte del Rey,84.0,852.0,168.0,19.718309859154928,9.859154929577464,False
23038 Guardia de Jaén (La),146.0,2744.0,494.0,18.002915451895042,5.320699708454811,False
23039 Guarromán,127.0,1604.0,238.0,14.83790523690773,7.917705735660848,False
23040 Lahiguera,79.0,873.0,156.0,17.869415807560138,9.049255441008018,False
23044 Huelma,363.0,3749.0,792.0,21.12563350226727,9.682582021872499,False
23045 Huesa,140.0,1470.0,286.0,19.45578231292517,9.523809523809524,False
23046 Ibros,145.0,1698.0,406.0,23.910482921083627,8.539458186101296,False
23047 Iruela (La),290.0,2076.0,640.0,30.828516377649326,13.96917148362235,False
23049 Jabalquinto,98.0,1203.0,250.0,20.781379883624272,8.146300914380715,False
23050 Jaén,3444.0,58293.0,6084.0,10.436930677782923,5.9080850187844165,False
23051 Jamilena *,184.0,1894.0,287.0,15.15311510031679,9.714889123548046,True
23052 Jimena,120.0,1013.0,290.0,28.627838104639682,11.846001974333662,False
23053 Jódar *,544.0,5931.0,829.0,13.977406845388636,9.172146349688079,True
23055 Linares,1700.0,29385.0,3938.0,13.401395269695422,5.785264590777608,False
23056 Lopera,179.0,2037.0,345.0,16.936671575846834,8.787432498772706,False
23058 Mancha Real,466.0,6609.0,1372.0,20.759570282947497,7.050991072779543,False
23059 Marmolejo,259.0,3804.0,612.0,16.08832807570978,6.808622502628812,False
23060 Martos,1019.0,13835.0,1878.0,13.574268160462594,7.3653776653415255,False
23061 Mengíbar,364.0,5035.0,756.0,15.014895729890764,7.2293942403177756,False
23062 Montizón,141.0,1232.0,297.0,24.107142857142858,11.444805194805195,False
23063 Navas de San Juan *,248.0,2785.0,467.0,16.768402154398565,8.904847396768401,True
23064 Noalejo *,157.0,1312.0,298.0,22.713414634146343,11.966463414634147,True
23065 Orcera,192.0,1510.0,443.0,29.337748344370862,12.71523178807947,False
23066 Peal de Becerro,282.0,3202.0,483.0,15.084322298563398,8.806995627732666,False
23067 Pegalajar,226.0,2004.0,333.0,16.61676646706587,11.27744510978044,False
23069 Porcuna *,420.0,3788.0,615.0,16.23548046462513,11.08764519535375,True
23070 Pozo Alcón,395.0,3281.0,702.0,21.39591587930509,12.039012496190185,False
23071 Puente de Génave,164.0,1572.0,298.0,18.956743002544528,10.432569974554708,False
23072 Puerta de Segura (La),214.0,1982.0,608.0,30.67608476286579,10.797174571140262,False
23073 Quesada,460.0,4315.0,1127.0,26.11819235225956,10.660486674391658,False
23074 Rus *,156.0,1994.0,367.0,18.40521564694082,7.823470411233701,True
23075 Sabiote,223.0,2731.0,742.0,27.16953496887587,8.16550714024167,False
23079 Santisteban del Puerto,288.0,2994.0,591.0,19.739478957915832,9.619238476953909,False
23080 Santo Tomé,174.0,1605.0,467.0,29.09657320872274,10.841121495327103,False
23081 Segura de la Sierra,231.0,1834.0,618.0,33.69683751363141,12.595419847328245,False
23082 Siles,216.0,1879.0,581.0,30.920702501330496,11.495476317189995,False
23084 Sorihuela del Guadalimar,100.0,907.0,328.0,36.163175303197356,11.025358324145534,False
23085 Torreblascopedro,120.0,1542.0,303.0,19.64980544747082,7.782101167315175,False
23086 Torredelcampo,634.0,7706.0,1115.0,14.469244744355048,8.227355307552557,False
23087 Torredonjimeno,560.0,7404.0,1216.0,16.423554835224202,7.563479200432199,False
23088 Torreperogil,370.0,4337.0,756.0,17.431404196449158,8.53124279455845,False
23090 Torres,178.0,1642.0,656.0,39.95127892813642,10.840438489646772,False
23092 Úbeda,1271.0,18318.0,2236.0,12.206572769953052,6.9385304072497,False
23093 Valdepeñas de Jaén *,308.0,2421.0,391.0,16.150351094589013,12.722015695993392,True
23094 Vilches,225.0,2969.0,683.0,23.00437857864601,7.578309195015157,False
23095 Villacarrillo,682.0,6708.0,1259.0,18.768634466308885,10.166964818127608,False
23096 Villanueva de la Reina,201.0,2171.0,516.0,23.767848917549518,9.258406264394289,False
23097 Villanueva del Arzobispo,484.0,4822.0,792.0,16.424720033181252,10.037328909166321,False
23099 Villares (Los),309.0,3579.0,394.0,11.008661637328863,8.633696563285834,False
23901 Cárcheles,109.0,976.0,181.0,18.545081967213115,11.168032786885245,False
23902 Bedmar y Garcíez,198.0,2036.0,576.0,28.290766208251473,9.724950884086445,False
23903 Villatorres,291.0,2536.0,410.0,16.167192429022084,11.474763406940063,False
23904 Santiago-Pontones,454.0,3111.0,1174.0,37.737062037929924,14.593378334940533,False
23905 Arroyo del Ojanco,135.0,1524.0,397.0,26.0498687664042,8.858267716535433,False
23999 Resto de Jaén,1373.0,11926.0,3606.0,30.23645815864498,11.512661412040918,False
24008 Astorga,761.0,7776.0,1720.0,22.11934156378601,9.786522633744855,False
24010 Bañeza (La),703.0,7588.0,2209.0,29.11175540326832,9.26462836056932,False
24014 Bembibre,591.0,5720.0,1302.0,22.762237762237763,10.332167832167832,False
24015 Benavides,210.0,2130.0,778.0,36.52582159624413,9.859154929577464,False
24021 Boñar,368.0,2419.0,890.0,36.7920628358826,15.212897891690782,False
24026 Bustillo del Páramo,115.0,1091.0,454.0,41.61319890009166,10.540788267644363,False
24027 Cabañas Raras,78.0,867.0,252.0,29.06574394463668,8.996539792387543,False
24030 Cacabelos,300.0,3505.0,1157.0,33.00998573466477,8.559201141226819,False
24034 Camponaraya,221.0,2449.0,566.0,23.111474071049408,9.024091465904451,False
24038 Carracedelo,196.0,2355.0,605.0,25.690021231422506,8.32271762208068,False
24039 Carrizo,208.0,1897.0,483.0,25.461254612546124,10.964681075382183,False
24049 Castropodame,125.0,1451.0,601.0,41.4197105444521,8.61474844934528,False
24056 Cistierna,436.0,2575.0,451.0,17.514563106796118,16.932038834951456,False
24057 Congosto,93.0,1206.0,461.0,38.22553897180763,7.711442786069652,False
24061 Cuadros,234.0,1560.0,281.0,18.012820512820515,15.0,False
24064 Cubillos del Sil,101.0,1148.0,367.0,31.968641114982578,8.797909407665506,False
24065 Chozas de Abajo *,186.0,2004.0,831.0,41.467065868263475,9.281437125748504,True
24070 Fabero,251.0,3432.0,1405.0,40.938228438228435,7.313519813519814,False
24071 Folgoso de la Ribera,114.0,1321.0,682.0,51.62755488266465,8.629825889477669,False
24076 Garrafe de Torío,190.0,1344.0,235.0,17.485119047619047,14.136904761904763,False
24083 Igüeña,125.0,2448.0,1861.0,76.02124183006536,5.106209150326797,False
24088 Laguna de Negrillos *,112.0,969.0,365.0,37.667698658410735,11.558307533539733,True
24089 León *,10576.0,79199.0,6847.0,8.645311178171442,13.353703960908597,True
24094 Mansilla de las Mulas *,224.0,1372.0,242.0,17.638483965014576,16.3265306122449,True
24098 Matallana de Torío,233.0,1359.0,340.0,25.01839587932303,17.14495952906549,False
24105 Onzonilla,138.0,1194.0,168.0,14.07035175879397,11.557788944723619,False
24110 Páramo del Sil,109.0,1591.0,1052.0,66.12193588937775,6.851037083595223,False
24114 Pola de Gordón (La),562.0,3064.0,785.0,25.620104438642297,18.342036553524803,False
24115 Ponferrada,3650.0,42549.0,10033.0,23.579872617452818,8.578344966979248,False
24122 Puente de Domingo Flórez *,131.0,1135.0,230.0,20.26431718061674,11.541850220264317,True
24134 Robla (La),307.0,2641.0,477.0,18.061340401363122,11.624384702764104,False
24137 Sabero,181.0,1221.0,327.0,26.781326781326783,14.823914823914825,False
24139 Sahagún,421.0,2364.0,506.0,21.40439932318105,17.8087986463621,False
24142 San Andrés del Rabanedo *,2068.0,17161.0,1472.0,8.577588718606142,12.050579803041781,True
24148 San Justo de la Vega,95.0,1219.0,356.0,29.204265791632487,7.793273174733388,False
24154 Santa Elena de Jamuz,84.0,885.0,320.0,36.15819209039548,9.491525423728813,False
24157 Santa María del Páramo *,229.0,2152.0,500.0,23.234200743494423,10.641263940520446,True
24159 Santa Marina del Rey,161.0,1460.0,413.0,28.28767123287671,11.027397260273972,False
24162 Santovenia de la Valdoncina *,161.0,1245.0,209.0,16.78714859437751,12.931726907630521,True
24163 Sariegos *,286.0,2596.0,162.0,6.240369799691834,11.016949152542374,True
24166 Soto de la Vega,124.0,1270.0,529.0,41.653543307086615,9.763779527559056,False
24169 Toreno,244.0,3276.0,1736.0,52.99145299145299,7.448107448107448,False
24170 Torre del Bierzo,148.0,1763.0,769.0,43.61883153715258,8.394781622234827,False
24173 Turcia,88.0,939.0,341.0,36.315228966986155,9.371671991480298,False
24175 Valdefresno,254.0,1707.0,243.0,14.235500878734623,14.879906268306971,False
24180 Valdepolo,194.0,1120.0,179.0,15.982142857142858,17.321428571428573,False
24181 Valderas,237.0,1475.0,315.0,21.35593220338983,16.06779661016949,False
24188 Valencia de Don Juan *,771.0,4287.0,720.0,16.794961511546536,17.984604618614416,True
24189 Valverde de la Virgen,618.0,4297.0,480.0,11.170584128461718,14.382127065394462,False
24196 Vega de Espinareda,207.0,2100.0,839.0,39.95238095238095,9.857142857142858,False
24201 Vegas del Condado,249.0,1756.0,518.0,29.49886104783599,14.17995444191344,False
24202 Villablino,667.0,5869.0,1209.0,20.59976145851082,11.364798091668087,False
24205 Villadangos del Páramo,77.0,894.0,333.0,37.24832214765101,8.612975391498882,False
24206 Toral de los Vados,133.0,1574.0,707.0,44.91740787801779,8.449809402795426,False
24209 Villafranca del Bierzo,267.0,2845.0,1224.0,43.022847100175746,9.38488576449912,False
24212 Villamañán *,215.0,1179.0,278.0,23.57930449533503,18.23579304495335,True
24222 Villaquilambre *,1357.0,10634.0,676.0,6.356968215158925,12.760955425992101,True
24223 Villarejo de Órbigo,250.0,2416.0,708.0,29.304635761589402,10.347682119205299,False
24225 Villasabariego,195.0,1116.0,185.0,16.57706093189964,17.473118279569892,False
24227 Villaturiel *,208.0,1279.0,171.0,13.369820172009382,16.262705238467554,True
24999 Resto de León,11546.0,81267.0,33752.0,41.53223325581109,14.207488894631277,False
25003 Agramunt,203.0,2745.0,317.0,11.548269581056466,7.395264116575592,False
25007 Albatàrrec,59.0,909.0,127.0,13.971397139713972,6.49064906490649,False
25008 Albesa,43.0,777.0,166.0,21.364221364221365,5.534105534105534,False
25011 Alcarràs,346.0,4790.0,471.0,9.832985386221294,7.223382045929019,False
25012 Alcoletge,112.0,1671.0,194.0,11.6098144823459,6.7025733093955715,False
25013 Alfarràs,130.0,1602.0,413.0,25.78027465667915,8.11485642946317,False
25016 Alguaire,120.0,1612.0,307.0,19.04466501240695,7.444168734491315,False
25019 Almacelles,231.0,3499.0,782.0,22.3492426407545,6.601886253215205,False
25021 Almenar,148.0,1887.0,354.0,18.75993640699523,7.8431372549019605,False
25023 Alpicat,103.0,2665.0,327.0,12.27016885553471,3.8649155722326456,False
25025 Naut Aran,919.0,4760.0,1335.0,28.04621848739496,19.30672268907563,False
25027 Anglesola *,56.0,703.0,95.0,13.513513513513514,7.965860597439545,True
25029 Arbeca,117.0,1564.0,541.0,34.59079283887468,7.4808184143222505,False
25033 Artesa de Lleida,47.0,672.0,68.0,10.119047619047619,6.994047619047619,False
25034 Artesa de Segre,221.0,2284.0,427.0,18.69527145359019,9.67600700525394,False
25038 Aitona,62.0,1218.0,298.0,24.46633825944171,5.090311986863711,False
25040 Balaguer,623.0,8855.0,1398.0,15.787690570299265,7.0355731225296445,False
25043 Vall de Boí (La),605.0,1910.0,230.0,12.041884816753926,31.67539267015707,False
25047 Bellcaire d'Urgell,59.0,707.0,128.0,18.104667609618105,8.345120226308346,False
25048 Bell-lloc d'Urgell,75.0,1086.0,120.0,11.049723756906078,6.906077348066298,False
25050 Bellpuig,169.0,2641.0,507.0,19.197273759939417,6.399091253313139,False
25051 Bellver de Cerdanya,485.0,2504.0,238.0,9.504792332268371,19.369009584664536,False
25052 Bellvís,91.0,1244.0,278.0,22.34726688102894,7.315112540192926,False
25053 Benavent de Segrià,31.0,633.0,54.0,8.530805687203792,4.897314375987362,False
25058 Borges Blanques (Les),252.0,3287.0,413.0,12.564648615759051,7.666565257073319,False
25059 Bossòst *,124.0,766.0,74.0,9.660574412532638,16.18798955613577,True
25072 Cervera,374.0,4669.0,524.0,11.22295994859713,8.010280573998715,False
25078 Corbins,31.0,655.0,125.0,19.083969465648856,4.732824427480916,False
25096 Fuliola (La),41.0,602.0,108.0,17.940199335548172,6.810631229235881,False
25099 Golmés,64.0,907.0,147.0,16.207276736493935,7.056229327453142,False
25110 Guissona,162.0,2892.0,276.0,9.54356846473029,5.601659751037344,False
25113 Ivars d'Urgell,58.0,804.0,162.0,20.149253731343283,7.213930348258707,False
25115 Isona i Conca Dellà,138.0,1172.0,403.0,34.38566552901024,11.774744027303754,False
25119 Juneda,118.0,1846.0,421.0,22.806067172264356,6.3921993499458285,False
25120 Lleida,4781.0,68299.0,5330.0,7.803920994450871,7.000102490519627,False
25122 Linyola,108.0,1452.0,267.0,18.388429752066116,7.43801652892562,False
25135 Miralcamp,62.0,650.0,84.0,12.923076923076923,9.538461538461538,False
25137 Mollerussa,422.0,6984.0,869.0,12.442726231386025,6.042382588774341,False
25140 Montferrer i Castellbò,100.0,935.0,289.0,30.90909090909091,10.695187165775401,False
25149 Oliana,132.0,1222.0,276.0,22.585924713584287,10.801963993453356,False
25158 Palau d'Anglesola (El),63.0,1021.0,178.0,17.43388834476004,6.170421155729676,False
25171 Pobla de Segur (La),279.0,2455.0,506.0,20.61099796334012,11.364562118126273,False
25172 Ponts *,164.0,1525.0,197.0,12.918032786885245,10.754098360655737,True
25173 Pont de Suert (El),334.0,1913.0,312.0,16.30946157867224,17.4594877156299,False
25182 Puigverd de Lleida,75.0,753.0,93.0,12.350597609561753,9.9601593625498,False
25189 Rosselló,95.0,1547.0,244.0,15.772462831286362,6.140917905623788,False
25192 Sant Guim de Freixenet,79.0,689.0,92.0,13.352685050798259,11.46589259796807,False
25203 Seu d'Urgell (La) *,640.0,7482.0,595.0,7.952419139267575,8.55386260358193,True
25204 Seròs *,68.0,951.0,125.0,13.144058885383807,7.150368033648791,True
25207 Solsona,439.0,5146.0,542.0,10.532452390205986,8.530897784687136,False
25209 Sort,395.0,2197.0,333.0,15.15703231679563,17.979062357760583,False
25210 Soses,43.0,779.0,149.0,19.127086007702182,5.5198973042362,False
25217 Tàrrega,710.0,8832.0,872.0,9.873188405797102,8.038949275362318,False
25220 Térmens,48.0,702.0,126.0,17.94871794871795,6.837606837606837,False
25223 Torà,63.0,765.0,127.0,16.601307189542485,8.235294117647058,False
25228 Torrefarrera,108.0,2134.0,223.0,10.449859418931585,5.060918462980319,False
25230 Torregrossa,68.0,1107.0,221.0,19.96386630532972,6.142728093947606,False
25232 Torres de Segre,81.0,1124.0,184.0,16.370106761565836,7.2064056939501775,False
25234 Tremp,566.0,4729.0,1073.0,22.689786424191162,11.968703742863184,False
25240 Vallfogona de Balaguer,58.0,925.0,154.0,16.64864864864865,6.27027027027027,False
25243 Vielha e Mijaran,1017.0,5312.0,798.0,15.022590361445783,19.145331325301203,False
25248 Vilanova de Bellpuig,39.0,554.0,84.0,15.16245487364621,7.03971119133574,False
25254 Vilanova de la Barca,45.0,574.0,129.0,22.473867595818817,7.839721254355401,False
25912 Gimenells i el Pla de la Font,31.0,514.0,72.0,14.007782101167315,6.031128404669261,False
25999 Resto de Lleida,7078.0,52271.0,14128.0,27.028371372271433,13.54096917985116,False
26002 Agoncillo,130.0,976.0,217.0,22.233606557377048,13.319672131147541,False
26005 Albelda de Iregua,404.0,2591.0,348.0,13.431107680432266,15.592435353145504,False
26006 Alberite *,294.0,1853.0,267.0,14.409066378845116,15.86616297895305,True
26008 Aldeanueva de Ebro *,163.0,1430.0,153.0,10.6993006993007,11.398601398601398,True
26011 Alfaro,638.0,5721.0,709.0,12.392938297500438,11.151896521587135,False
26018 Arnedo *,982.0,7569.0,579.0,7.649623464130004,12.973972783723081,True
26021 Autol *,285.0,2446.0,355.0,14.513491414554375,11.651676206050695,True
26026 Baños de Río Tobía *,170.0,1067.0,174.0,16.307403936269914,15.932521087160262,True
26036 Calahorra,1335.0,12753.0,935.0,7.331608249039442,10.46812514702423,False
26042 Casalarreina *,561.0,1867.0,306.0,16.389930369576863,30.04820567755758,True
26046 Cenicero *,313.0,1762.0,319.0,18.104426787741204,17.7639046538025,True
26047 Cervera del Río Alhama,393.0,2524.0,634.0,25.118858954041205,15.570522979397781,False
26059 Entrena,171.0,1153.0,240.0,20.815264527320036,14.830875975715525,False
26061 Ezcaray,1460.0,4299.0,759.0,17.655268667131892,33.96138636892301,False
26064 Fuenmayor *,294.0,1958.0,224.0,11.440245148110316,15.01532175689479,True
26071 Haro,1530.0,8865.0,1223.0,13.795826283135927,17.258883248730964,False
26084 Lardero *,900.0,6591.0,462.0,7.0095584888484295,13.654984069185252,True
26089 Logroño *,8850.0,78908.0,4611.0,5.843513965630861,11.215592842297358,True
26099 Murillo de Río Leza,223.0,1398.0,270.0,19.313304721030043,15.951359084406295,False
26102 Nájera *,655.0,4970.0,631.0,12.696177062374245,13.179074446680081,True
26103 Nalda,257.0,1536.0,387.0,25.1953125,16.731770833333332,False
26105 Navarrete *,241.0,1845.0,210.0,11.382113821138212,13.062330623306233,True
26117 Pradejón *,163.0,1791.0,131.0,7.314349525404801,9.10106085985483,True
26120 Quel *,187.0,1292.0,190.0,14.705882352941176,14.473684210526315,True
26124 Ribafrecha,134.0,848.0,184.0,21.69811320754717,15.80188679245283,False
26125 Rincón de Soto *,220.0,1970.0,230.0,11.6751269035533,11.16751269035533,True
26129 San Asensio *,197.0,1130.0,295.0,26.106194690265486,17.43362831858407,True
26138 Santo Domingo de la Calzada *,894.0,4931.0,693.0,14.053944433177854,18.13019671466234,True
26142 San Vicente de la Sonsierra,227.0,1266.0,324.0,25.592417061611375,17.9304897314376,False
26168 Villamediana de Iregua *,768.0,5195.0,404.0,7.776708373435996,14.78344562078922,True
"26999 Resto de Rioja, La",8958.0,38828.0,8880.0,22.870093746780675,23.07097970536726,False
27001 Abadín,160.0,2428.0,1241.0,51.11202635914333,6.589785831960461,False
27002 Alfoz,107.0,1470.0,610.0,41.49659863945578,7.27891156462585,False
27003 Antas de Ulla,144.0,2293.0,1412.0,61.578717836894896,6.279982555604012,False
27004 Baleira,86.0,1081.0,541.0,50.046253469010175,7.955596669750231,False
27005 Barreiros,1194.0,5518.0,1773.0,32.13120695904313,21.638274737223632,False
27006 Becerreá,183.0,2851.0,1488.0,52.19221325850579,6.418800420904946,False
27007 Begonte,218.0,2333.0,803.0,34.41920274324904,9.34419202743249,False
27008 Bóveda,84.0,1329.0,762.0,57.33634311512415,6.320541760722348,False
27009 Carballedo,147.0,2364.0,1336.0,56.51438240270728,6.218274111675127,False
27010 Castro de Rei,308.0,3587.0,1294.0,36.074714245887925,8.586562587120156,False
27011 Castroverde,178.0,2262.0,1155.0,51.06100795755968,7.869142351900972,False
27012 Cervantes,47.0,1500.0,1123.0,74.86666666666666,3.1333333333333333,False
27013 Cervo,380.0,3054.0,510.0,16.69941060903733,12.442698100851343,False
27014 Corgo (O),158.0,2436.0,1037.0,42.56978653530378,6.486042692939245,False
27015 Cospeito,268.0,4035.0,1901.0,47.11276332094176,6.64188351920694,False
27016 Chantada,483.0,6936.0,3420.0,49.30795847750865,6.963667820069205,False
27018 Fonsagrada (A),285.0,3505.0,1813.0,51.72610556348074,8.131241084165477,False
27019 Foz,2249.0,11007.0,2664.0,24.20278004905969,20.432452075951666,False
27020 Friol,218.0,3037.0,1569.0,51.662825156404345,7.178136318735595,False
27021 Xermade,100.0,1675.0,742.0,44.298507462686565,5.970149253731344,False
27022 Guitiriz,290.0,4083.0,1580.0,38.69703649277492,7.1026206220915995,False
27023 Guntín,119.0,2112.0,1186.0,56.15530303030303,5.634469696969697,False
27024 Incio (O),111.0,2235.0,1604.0,71.76733780760627,4.966442953020135,False
27025 Xove,160.0,2238.0,857.0,38.29311885612154,7.149240393208221,False
27026 Láncara,135.0,1730.0,734.0,42.42774566473989,7.803468208092486,False
27027 Lourenzá,139.0,2017.0,951.0,47.14923153197819,6.891422905304908,False
27028 Lugo,7351.0,62648.0,10732.0,17.13063465713191,11.733814327672073,False
27029 Meira,118.0,1286.0,425.0,33.048211508553656,9.175738724727838,False
27030 Mondoñedo,283.0,4064.0,2173.0,53.46948818897638,6.963582677165355,False
27031 Monforte de Lemos,1134.0,14796.0,5911.0,39.9499864828332,7.664233576642336,False
27032 Monterroso,313.0,3861.0,1938.0,50.194250194250195,8.106708106708107,False
27034 Navia de Suarna,62.0,1365.0,1014.0,74.28571428571429,4.542124542124542,False
27037 Nogais (As),50.0,873.0,488.0,55.899198167239405,5.72737686139748,False
27039 Outeiro de Rei,298.0,3228.0,867.0,26.858736059479554,9.231722428748451,False
27040 Palas de Rei,231.0,4069.0,2479.0,60.924059965593514,5.677070533300565,False
27041 Pantón,174.0,2871.0,1764.0,61.442006269592476,6.0606060606060606,False
27042 Paradela,44.0,1215.0,706.0,58.10699588477366,3.6213991769547325,False
27043 Páramo (O) *,28.0,868.0,640.0,73.73271889400921,3.225806451612903,True
27044 Pastoriza (A),167.0,2211.0,1002.0,45.31886024423338,7.553143374038896,False
27046 Pol,104.0,1596.0,909.0,56.954887218045116,6.516290726817043,False
27047 Pobra do Brollón (A),115.0,1973.0,1216.0,61.63203243791181,5.828687278256462,False
27048 Pontenova (A),217.0,2128.0,935.0,43.93796992481203,10.197368421052632,False
27049 Portomarín,94.0,1193.0,588.0,49.287510477787094,7.87929589270746,False
27050 Quiroga,298.0,5053.0,3139.0,62.1215119730853,5.89748664159905,False
27051 Ribadeo,1040.0,7986.0,1738.0,21.763085399449036,13.022789882294015,False
27054 Riotorto,136.0,1107.0,434.0,39.20505871725384,12.285456187895212,False
27055 Samos,84.0,1372.0,859.0,62.60932944606414,6.122448979591836,False
27056 Rábade,114.0,1165.0,397.0,34.07725321888412,9.785407725321889,False
27057 Sarria,933.0,10084.0,3314.0,32.8639428798096,9.252280840936136,False
27058 Saviñao (O),249.0,3659.0,1953.0,53.37523913637606,6.805138015851326,False
27059 Sober,207.0,3397.0,2316.0,68.17780394465706,6.093612010597586,False
27060 Taboada,151.0,2782.0,1614.0,58.0158159597412,5.427749820273185,False
27061 Trabada,79.0,961.0,433.0,45.05723204994797,8.220603537981269,False
27063 Valadouro (O),137.0,1724.0,730.0,42.343387470997676,7.9466357308584685,False
27064 Vicedo (O),188.0,1959.0,842.0,42.98111281265952,9.59673302705462,False
27065 Vilalba,1012.0,10566.0,3413.0,32.301722506151805,9.577891349611964,False
27066 Viveiro,986.0,12466.0,4325.0,34.69436868281726,7.909513877747473,False
27901 Baralla,124.0,1873.0,817.0,43.619861185264284,6.620395088093967,False
27902 Burela,671.0,5995.0,1262.0,21.050875729774813,11.192660550458715,False
27999 Resto de Lugo,412.0,7557.0,5008.0,66.26968373693265,5.451898901680561,False
28002 Ajalvir *,138.0,1867.0,111.0,5.945366898768077,7.391537225495448,True
28004 Álamo (El) *,277.0,4204.0,231.0,5.49476688867745,6.588962892483349,True
28005 Alcalá de Henares *,3723.0,79588.0,4551.0,5.718198723425642,4.677840880534754,True
28006 Alcobendas *,2322.0,42744.0,1434.0,3.3548568220101065,5.4323413812464905,True
28007 Alcorcón *,4201.0,70601.0,2263.0,3.2053370348861914,5.950340646733049,True
28008 Aldea del Fresno,173.0,2155.0,575.0,26.682134570765662,8.02784222737819,False
28009 Algete *,386.0,7638.0,277.0,3.6266038229903117,5.0536789735532865,True
28010 Alpedrete *,698.0,7101.0,350.0,4.9288832558794535,9.829601464582453,True
28012 Anchuelo,32.0,659.0,183.0,27.76934749620637,4.855842185128983,False
28013 Aranjuez,1184.0,25682.0,3670.0,14.290164317420762,4.6102328479090415,False
28014 Arganda del Rey,943.0,21573.0,2363.0,10.95350669818755,4.371204746674083,False
28015 Arroyomolinos *,603.0,11647.0,398.0,3.4171889757018974,5.177298875246844,True
28017 Batres,48.0,910.0,113.0,12.417582417582418,5.274725274725275,False
28018 Becerril de la Sierra,448.0,3997.0,299.0,7.480610457843382,11.208406304728546,False
28019 Belmonte de Tajo,63.0,1047.0,305.0,29.13085004775549,6.017191977077364,False
28022 Boadilla del Monte,874.0,19874.0,698.0,3.512126396296669,4.397705544933078,False
28023 Boalo (El),477.0,4544.0,278.0,6.117957746478873,10.497359154929578,False
28026 Brunete *,245.0,4199.0,163.0,3.881876637294594,5.834722552988807,True
28027 Buitrago del Lozoya *,135.0,1108.0,150.0,13.537906137184116,12.184115523465705,True
28028 Bustarviejo,367.0,2349.0,314.0,13.367390378884632,15.623669646658152,False
28030 Cabrera (La),202.0,1746.0,136.0,7.789232531500573,11.56930126002291,False
28031 Cadalso de los Vidrios,370.0,2974.0,711.0,23.90719569603228,12.441156691324815,False
28032 Camarma de Esteruelas *,141.0,3045.0,141.0,4.630541871921182,4.630541871921182,True
28033 Campo Real,176.0,3011.0,543.0,18.033875788774495,5.845234141481235,False
28035 Carabaña,142.0,1711.0,659.0,38.51548801870251,8.299240210403273,False
28036 Casarrubuelos *,70.0,1451.0,48.0,3.3080634045485873,4.824259131633356,True
28037 Cenicientos,276.0,2038.0,613.0,30.078508341511284,13.54268891069676,False
28038 Cercedilla,785.0,5105.0,499.0,9.774730656219393,15.377081292850146,False
28040 Ciempozuelos,432.0,9605.0,1173.0,12.212389380530974,4.497657470067673,False
28041 Cobeña *,110.0,2643.0,94.0,3.556564510026485,4.161937192584185,True
28042 Colmenar del Arroyo,96.0,1121.0,136.0,12.132024977698483,8.56378233719893,False
28043 Colmenar de Oreja,413.0,4975.0,1042.0,20.944723618090453,8.301507537688442,False
28044 Colmenarejo,260.0,3817.0,201.0,5.26591564055541,6.811632171862719,False
28045 Colmenar Viejo *,1311.0,20461.0,970.0,4.740726259713601,6.40731147060261,True
28046 Collado Mediano,396.0,4102.0,380.0,9.263773768893223,9.653827401267675,False
28047 Collado Villalba *,2305.0,27922.0,1363.0,4.881455483131581,8.25513931666786,True
28049 Coslada,1143.0,31337.0,2187.0,6.978970545999936,3.64744551169544,False
28050 Cubas de la Sagra,106.0,2318.0,91.0,3.925798101811907,4.57290767903365,False
28051 Chapinería *,117.0,1313.0,97.0,7.387661843107388,8.910891089108912,True
28052 Chinchón,317.0,3941.0,1222.0,31.00735853844202,8.043643745242324,False
28053 Daganzo de Arriba *,156.0,3757.0,128.0,3.406973649188182,4.1522491349480966,True
28054 Escorial (El),1011.0,9294.0,776.0,8.349472778136432,10.877985797288574,False
28055 Estremera,141.0,1196.0,228.0,19.06354515050167,11.789297658862877,False
28056 Fresnedillas de la Oliva,94.0,938.0,76.0,8.102345415778252,10.021321961620469,False
28057 Fresno de Torote,84.0,1216.0,90.0,7.401315789473684,6.907894736842105,False
28058 Fuenlabrada *,3323.0,70944.0,2085.0,2.938937753721245,4.683976093820478,True
28059 Fuente el Saz de Jarama *,183.0,2968.0,163.0,5.491913746630728,6.165768194070081,True
28060 Fuentidueña de Tajo,172.0,1581.0,276.0,17.4573055028463,10.879190385831752,False
28061 Galapagar,1025.0,15295.0,867.0,5.668519123896698,6.701536449820202,False
28065 Getafe *,5034.0,79835.0,2885.0,3.613703262979896,6.3055051042775725,True
28066 Griñón *,194.0,3900.0,167.0,4.282051282051282,4.9743589743589745,True
28067 Guadalix de la Sierra,376.0,3568.0,271.0,7.595291479820628,10.538116591928251,False
28068 Guadarrama *,1498.0,9883.0,660.0,6.678134169786502,15.157340888394213,True
28072 Hoyo de Manzanares,453.0,4354.0,317.0,7.28066146072577,10.404225999081305,False
28073 Humanes de Madrid *,414.0,7317.0,301.0,4.113707803744704,5.658056580565805,True
28074 Leganés *,4643.0,77962.0,2545.0,3.2644108668325593,5.955465483184115,True
28075 Loeches,154.0,3721.0,495.0,13.302875571083042,4.138672399892502,False
28079 Madrid,100087.0,1533221.0,96921.0,6.321397893715257,6.5278912824700415,False
28080 Majadahonda *,1156.0,25577.0,684.0,2.6742776713453495,4.519685655080736,True
28082 Manzanares el Real,500.0,5532.0,387.0,6.995661605206074,9.038322487346349,False
28083 Meco *,264.0,5431.0,206.0,3.793039955809243,4.860983244338059,True
28084 Mejorada del Campo,322.0,9163.0,1482.0,16.173742224162392,3.514132925897632,False
28085 Miraflores de la Sierra,553.0,4865.0,846.0,17.38951695786228,11.366906474820144,False
28086 Molar (El),367.0,4405.0,363.0,8.240635641316686,8.33144154370034,False
28087 Molinos (Los),307.0,2837.0,170.0,5.992245329573493,10.821290095170955,False
28089 Moraleja de Enmedio *,121.0,1989.0,105.0,5.279034690799397,6.083459024635495,True
28090 Moralzarzal *,621.0,6085.0,239.0,3.9276910435497125,10.205423171733772,True
28091 Morata de Tajuña,217.0,3678.0,764.0,20.77215878194671,5.89994562262099,False
28092 Móstoles *,4775.0,82103.0,2568.0,3.1277785221002885,5.815865437316542,True
28093 Navacerrada,380.0,2454.0,247.0,10.06519967400163,15.484922575387124,False
28094 Navalafuente,144.0,1175.0,102.0,8.680851063829786,12.25531914893617,False
28095 Navalagamella,144.0,1490.0,178.0,11.946308724832214,9.664429530201343,False
28096 Navalcarnero,791.0,12156.0,731.0,6.013491280026324,6.507074695623561,False
28099 Navas del Rey *,166.0,1715.0,160.0,9.329446064139942,9.67930029154519,True
28100 Nuevo Baztán,232.0,3503.0,1021.0,29.146445903511275,6.622894661718527,False
28102 Orusco de Tajuña,98.0,1030.0,341.0,33.10679611650485,9.514563106796116,False
28104 Paracuellos de Jarama *,484.0,9607.0,343.0,3.5703133132091183,5.037993130009368,True
28106 Parla *,2560.0,47256.0,1506.0,3.1868969019807007,5.417301506686981,True
28108 Pedrezuela *,234.0,3225.0,170.0,5.271317829457364,7.255813953488372,True
28109 Pelayos de la Presa,422.0,2586.0,388.0,15.00386697602475,16.31863882443929,False
28110 Perales de Tajuña,116.0,1770.0,335.0,18.926553672316384,6.553672316384181,False
28113 Pinto *,1031.0,21507.0,586.0,2.7246942855814384,4.79378806900079,True
28115 Pozuelo de Alarcón,1340.0,32327.0,2180.0,6.743588950412968,4.145141831905218,False
28116 Pozuelo del Rey,35.0,642.0,144.0,22.429906542056074,5.451713395638629,False
28119 Quijorna *,96.0,1594.0,85.0,5.3324968632371395,6.022584692597239,True
28120 Rascafría *,334.0,1720.0,169.0,9.825581395348838,19.41860465116279,True
28123 Rivas-Vaciamadrid,1236.0,35980.0,4758.0,13.224013340744857,3.4352418010005557,False
28125 Robledo de Chavela,488.0,3478.0,420.0,12.07590569292697,14.03105232892467,False
28127 Rozas de Madrid (Las) *,1607.0,35404.0,1055.0,2.9798892780476782,4.5390351372726245,True
28129 San Agustín del Guadalix *,282.0,5071.0,193.0,3.8059554328534806,5.561033326760008,True
28130 San Fernando de Henares,633.0,15621.0,734.0,4.698802893540747,4.052237372767428,False
28131 San Lorenzo de El Escorial *,1122.0,9925.0,739.0,7.445843828715366,11.30478589420655,True
28132 San Martín de la Vega,353.0,7629.0,1099.0,14.40555774020186,4.627080875606239,False
28133 San Martín de Valdeiglesias,673.0,5817.0,1051.0,18.067732508165722,11.569537562317345,False
28134 San Sebastián de los Reyes *,2005.0,36032.0,1094.0,3.036190053285968,5.564498223801066,True
28135 Santa María de la Alameda,338.0,1946.0,436.0,22.404933196300103,17.36896197327852,False
28137 Santos de la Humosa (Los),63.0,1263.0,311.0,24.623911322248613,4.98812351543943,False
28140 Serranillos del Valle,94.0,1707.0,133.0,7.791446983011131,5.506736965436438,False
28141 Sevilla la Nueva *,235.0,3780.0,129.0,3.4126984126984126,6.216931216931217,True
28144 Soto del Real,453.0,4732.0,337.0,7.121724429416737,9.573119188503805,False
28145 Talamanca de Jarama,156.0,2047.0,227.0,11.089399120664387,7.620908646800196,False
28146 Tielmes,98.0,1502.0,419.0,27.896138482023968,6.524633821571238,False
28147 Titulcia,40.0,693.0,164.0,23.665223665223664,5.772005772005772,False
28148 Torrejón de Ardoz *,2767.0,50494.0,1752.0,3.469719174555393,5.479858993147701,True
28149 Torrejón de la Calzada *,169.0,3352.0,144.0,4.2959427207637235,5.041766109785203,True
28150 Torrejón de Velasco,167.0,1923.0,137.0,7.124284971398856,8.684347373894957,False
28151 Torrelaguna,231.0,2778.0,536.0,19.29445644348452,8.315334773218142,False
28152 Torrelodones,389.0,8857.0,436.0,4.922660042903918,4.392006322682624,False
28153 Torremocha de Jarama,85.0,639.0,91.0,14.241001564945227,13.302034428794991,False
28154 Torres de la Alameda,115.0,2948.0,298.0,10.10854816824966,3.9009497964721844,False
28156 Valdeavero,65.0,948.0,78.0,8.227848101265822,6.856540084388186,False
28157 Valdelaguna,55.0,781.0,260.0,33.29065300896287,7.042253521126761,False
28158 Valdemanco,150.0,816.0,78.0,9.558823529411764,18.38235294117647,False
28160 Valdemorillo,499.0,7154.0,445.0,6.220296337713167,6.975118814649147,False
28161 Valdemoro *,1598.0,28896.0,994.0,3.439922480620155,5.530177187153932,True
28162 Valdeolmos-Alalpardo,111.0,1811.0,98.0,5.41137493097736,6.129210381004969,False
28164 Valdetorres de Jarama *,141.0,2289.0,125.0,5.4608999563128,6.159895150720839,True
28165 Valdilecha,108.0,1592.0,482.0,30.276381909547737,6.78391959798995,False
28167 Velilla de San Antonio,156.0,4569.0,794.0,17.37798205296564,3.414313854235062,False
28168 Vellón (El),131.0,1463.0,289.0,19.75393028024607,8.954203691045796,False
28169 Venturada,130.0,1397.0,91.0,6.513958482462419,9.305654974946313,False
28170 Villaconejos,127.0,1686.0,372.0,22.06405693950178,7.532621589561091,False
28171 Villa del Prado,376.0,4379.0,502.0,11.46380452158027,8.586435259191596,False
28172 Villalbilla,232.0,6364.0,1020.0,16.027655562539284,3.6455059710873665,False
28174 Villamanta,95.0,1305.0,195.0,14.942528735632184,7.2796934865900385,False
28175 Villamantilla,49.0,766.0,92.0,12.010443864229766,6.396866840731071,False
28176 Villanueva de la Cañada,384.0,8559.0,350.0,4.089262764341629,4.486505432877673,False
28177 Villanueva del Pardillo *,244.0,5886.0,163.0,2.7692830445124024,4.145429833503228,True
28178 Villanueva de Perales,39.0,783.0,154.0,19.66794380587484,4.980842911877395,False
28179 Villar del Olmo,87.0,1230.0,393.0,31.951219512195124,7.073170731707317,False
28180 Villarejo de Salvanés,231.0,3794.0,837.0,22.0611491829204,6.088560885608856,False
28181 Villaviciosa de Odón,502.0,11252.0,500.0,4.443654461429079,4.4614290792747955,False
28183 Zarzalejo,146.0,1221.0,176.0,14.414414414414415,11.957411957411958,False
28901 Lozoyuela-Navas-Sieteiglesias,160.0,1339.0,360.0,26.8857356235997,11.949215832710978,False
28903 Tres Cantos *,1080.0,18542.0,606.0,3.2682558515801965,5.824614388954806,True
28999 Resto de Madrid,2603.0,18006.0,4656.0,25.858047317560814,14.456292346995445,False
29001 Alameda *,171.0,2469.0,265.0,10.733090319967598,6.92588092345079,True
29002 Alcaucín,226.0,2470.0,838.0,33.927125506072876,9.149797570850202,False
29003 Alfarnate,126.0,846.0,289.0,34.160756501182036,14.893617021276595,False
29005 Algarrobo,473.0,5554.0,2962.0,53.33093266114512,8.516384587684552,False
29007 Alhaurín de la Torre,777.0,17000.0,1057.0,6.2176470588235295,4.570588235294117,False
29008 Alhaurín el Grande,1015.0,13134.0,1269.0,9.661946094106899,7.728034109943658,False
29009 Almáchar,182.0,1428.0,361.0,25.280112044817926,12.745098039215685,False
29010 Almargen,132.0,1370.0,357.0,26.05839416058394,9.635036496350365,False
29011 Almogía,325.0,3074.0,985.0,32.04294079375406,10.572543916720885,False
29012 Álora,652.0,7519.0,1216.0,16.172363346189652,8.671365873121426,False
29013 Alozaina,220.0,1645.0,392.0,23.829787234042552,13.373860182370821,False
29015 Antequera,1269.0,20944.0,2745.0,13.106378915202445,6.059014514896868,False
29017 Archidona,408.0,5004.0,945.0,18.884892086330936,8.15347721822542,False
29018 Ardales,171.0,1646.0,364.0,22.114216281895505,10.388821385176184,False
29019 Arenas,114.0,1414.0,484.0,34.22913719943423,8.062234794908063,False
29020 Arriate,182.0,2326.0,485.0,20.851246775580396,7.824591573516767,False
29023 Benahavís,314.0,9531.0,5665.0,59.437624593431956,3.2945126429545692,False
29025 Benalmádena,4792.0,48663.0,8327.0,17.111563199967122,9.847317263629451,False
29026 Benamargosa,134.0,1109.0,267.0,24.075743913435527,12.082957619477007,False
29027 Benamocarra *,136.0,1417.0,125.0,8.821453775582215,9.597741707833451,True
29028 Benaoján,113.0,1104.0,370.0,33.51449275362319,10.235507246376812,False
29031 Burgo (El),187.0,1424.0,378.0,26.54494382022472,13.132022471910112,False
29032 Campillos,369.0,4898.0,993.0,20.27358105349122,7.5336872192731725,False
29033 Canillas de Aceituno,213.0,1899.0,742.0,39.073196419167985,11.216429699842022,False
29035 Cañete la Real,152.0,1517.0,626.0,41.26565589980224,10.01977587343441,False
29038 Cártama,900.0,12673.0,892.0,7.038585970172808,7.101712301743865,False
29039 Casabermeja,244.0,2389.0,514.0,21.515278359146087,10.213478442863122,False
29040 Casarabonela,228.0,2150.0,670.0,31.162790697674417,10.604651162790697,False
29041 Casares,801.0,7726.0,2963.0,38.351022521356455,10.367589955992752,False
29042 Coín,971.0,12729.0,1578.0,12.396888993636578,7.6282504517244085,False
29043 Colmenar,289.0,2367.0,567.0,23.954372623574145,12.209547950992818,False
29044 Comares,175.0,1447.0,405.0,27.988942639944714,12.093987560469937,False
29045 Cómpeta,314.0,3437.0,1222.0,35.55426243817283,9.135874308990399,False
29046 Cortes de la Frontera,310.0,2417.0,573.0,23.70707488622259,12.825817128671908,False
29047 Cuevas Bajas,76.0,817.0,179.0,21.909424724602204,9.30232558139535,False
29048 Cuevas del Becerro,141.0,1167.0,348.0,29.82005141388175,12.082262210796916,False
29049 Cuevas de San Marcos,228.0,2192.0,522.0,23.813868613138688,10.401459854014599,False
29051 Estepona,4379.0,50366.0,10348.0,20.545606162887662,8.694357304530834,False
29053 Frigiliana,357.0,3071.0,366.0,11.917942038423966,11.624877889938132,False
29054 Fuengirola,6207.0,48887.0,6503.0,13.30210485405118,12.696626915130812,False
29055 Fuente de Piedra,145.0,1727.0,407.0,23.56687898089172,8.396062536189925,False
29056 Gaucín,166.0,1674.0,678.0,40.50179211469534,9.91636798088411,False
29058 Guaro,155.0,1632.0,456.0,27.941176470588236,9.497549019607844,False
29059 Humilladero *,128.0,1725.0,186.0,10.782608695652174,7.420289855072464,True
29061 Istán,92.0,1198.0,359.0,29.96661101836394,7.679465776293823,False
29067 Málaga,16853.0,261857.0,16541.0,6.316806501258321,6.435955502430716,False
29068 Manilva,2450.0,17998.0,4929.0,27.386376264029337,13.612623624847206,False
29069 Marbella,7697.0,100282.0,20276.0,20.21898246943619,7.675355497497058,False
29070 Mijas,5485.0,62030.0,13102.0,21.12203772368209,8.842495566661293,False
29071 Moclinejo,55.0,643.0,154.0,23.950233281493002,8.553654743390357,False
29072 Mollina,211.0,2764.0,497.0,17.981186685962374,7.633863965267728,False
29073 Monda,183.0,1999.0,466.0,23.311655827913956,9.154577288644322,False
29075 Nerja,2044.0,16621.0,2283.0,13.735635641658144,12.297695686180134,False
29076 Ojén,247.0,3815.0,1443.0,37.82437745740498,6.474442988204456,False
29079 Periana,241.0,2342.0,633.0,27.028181041844576,10.290350128095644,False
29080 Pizarra,343.0,4601.0,521.0,11.323625298848077,7.454901108454684,False
29082 Rincón de la Victoria,2766.0,27620.0,2676.0,9.688631426502534,10.014482259232441,False
29083 Riogordo,250.0,2026.0,557.0,27.49259624876604,12.339585389930898,False
29084 Ronda,1574.0,19462.0,2388.0,12.270064741547632,8.08755523584421,False
29086 Sayalonga,130.0,1443.0,537.0,37.21413721413722,9.00900900900901,False
29088 Sierra de Yeguas,163.0,1872.0,326.0,17.414529914529915,8.707264957264957,False
29089 Teba,223.0,2228.0,451.0,20.242369838420107,10.008976660682226,False
29090 Tolox,251.0,1986.0,603.0,30.362537764350453,12.638469284994965,False
29091 Torrox,4191.0,20132.0,3972.0,19.729783429366183,20.817603814822174,False
29093 Valle de Abdalajís,136.0,1403.0,277.0,19.743406985032074,9.69351389878831,False
29094 Vélez-Málaga,6999.0,50454.0,4123.0,8.171800055496096,13.872041859911999,False
29095 Villanueva de Algaidas,214.0,2457.0,346.0,14.082214082214081,8.70980870980871,False
29096 Villanueva del Rosario *,244.0,2163.0,350.0,16.181229773462782,11.280628756356911,True
29097 Villanueva del Trabuco *,294.0,2803.0,385.0,13.735283624687835,10.48876204067071,True
29098 Villanueva de Tapia,76.0,949.0,249.0,26.238145416227606,8.008429926238145,False
29099 Viñuela,148.0,1519.0,347.0,22.843976300197497,9.743252139565504,False
29100 Yunquera,234.0,2285.0,757.0,33.12910284463895,10.24070021881838,False
29901 Torremolinos,4936.0,42938.0,5082.0,11.835670035865666,11.495644883320136,False
29902 Villanueva de la Concepción,203.0,1933.0,182.0,9.41541645111226,10.501810657009829,False
29999 Resto de Málaga,1735.0,14736.0,6147.0,41.71416938110749,11.773887079261671,False
30001 Abanilla,517.0,5007.0,1438.0,28.71979229079289,10.325544238066707,False
30002 Abarán,570.0,7089.0,978.0,13.796022005924671,8.040626322471434,False
30003 Águilas,3881.0,26137.0,3473.0,13.287676473964112,14.84868194513525,False
30004 Albudeite,77.0,800.0,225.0,28.125,9.625,False
30005 Alcantarilla,1058.0,18107.0,1655.0,9.140111559065554,5.84304412658088,False
30006 Aledo,124.0,965.0,202.0,20.932642487046632,12.849740932642487,False
30007 Alguazas,309.0,4492.0,756.0,16.829919857524487,6.878895814781834,False
30008 Alhama de Murcia,1591.0,14939.0,2655.0,17.772273913916592,10.64997657139032,False
30009 Archena,638.0,9144.0,1196.0,13.079615048118985,6.9772528433945755,False
30010 Beniel,262.0,4426.0,355.0,8.020786262991415,5.919566199728875,False
30011 Blanca,450.0,3866.0,514.0,13.295395757889292,11.639937920331091,False
30012 Bullas,688.0,7011.0,1102.0,15.718157181571815,9.813150763086579,False
30013 Calasparra,555.0,6095.0,1140.0,18.70385561936013,9.105824446267432,False
30014 Campos del Río,94.0,1250.0,290.0,23.2,7.52,False
30015 Caravaca de la Cruz,1413.0,14630.0,2255.0,15.413533834586467,9.658236500341763,False
30016 Cartagena,13465.0,125253.0,16640.0,13.285110935466616,10.750241511181368,False
30017 Cehegín,856.0,9156.0,1428.0,15.596330275229358,9.349060725207515,False
30018 Ceutí,365.0,5491.0,562.0,10.2349298852668,6.647240939719541,False
30019 Cieza,1311.0,16704.0,1510.0,9.039750957854405,7.848419540229885,False
30020 Fortuna,546.0,6230.0,998.0,16.019261637239165,8.764044943820224,False
30021 Fuente Álamo de Murcia,777.0,10054.0,2714.0,26.994231151780387,7.728267356276109,False
30022 Jumilla,1029.0,13679.0,2143.0,15.666349879377147,7.522479713429345,False
30023 Librilla,333.0,3712.0,592.0,15.948275862068966,8.970905172413794,False
30024 Lorca,2819.0,42431.0,5818.0,13.71167306921826,6.643727463411185,False
30025 Lorquí *,302.0,3642.0,366.0,10.049423393739703,8.292147171883581,True
30026 Mazarrón,6044.0,31537.0,4824.0,15.2963186098868,19.164790563465136,False
30027 Molina de Segura,2013.0,32908.0,1999.0,6.074510757262671,6.117053603986872,False
30028 Moratalla,809.0,6992.0,2008.0,28.71853546910755,11.570366132723112,False
30029 Mula,903.0,9891.0,1864.0,18.845415023758974,9.129511677282379,False
30030 Murcia,14454.0,219740.0,15310.0,6.967325020478747,6.577773732593065,False
30032 Pliego,264.0,2628.0,609.0,23.17351598173516,10.045662100456621,False
30033 Puerto Lumbreras,554.0,7966.0,1374.0,17.248305297514435,6.954556866683404,False
30034 Ricote,197.0,1620.0,524.0,32.34567901234568,12.160493827160494,False
30035 San Javier,9697.0,41372.0,6669.0,16.11959779561056,23.438557478487866,False
30036 San Pedro del Pinatar,4149.0,21460.0,2883.0,13.434296365330848,19.3336439888164,False
30037 Torre-Pacheco,2205.0,21899.0,3676.0,16.786154618932372,10.068952920224667,False
30038 Torres de Cotillas (Las),630.0,9889.0,842.0,8.514511072909293,6.370714935787238,False
30039 Totana,1132.0,15390.0,1530.0,9.941520467836257,7.355425601039636,False
30041 Unión (La),648.0,9108.0,1251.0,13.735177865612648,7.1146245059288535,False
30042 Villanueva del Río Segura,220.0,2340.0,614.0,26.23931623931624,9.401709401709402,False
30043 Yecla,1798.0,19242.0,1920.0,9.978172747115684,9.344143020476041,False
30901 Santomera,435.0,6862.0,545.0,7.94229087729525,6.339259691052171,False
30902 Alcázares (Los),4928.0,21714.0,3348.0,15.418623929262226,22.69503546099291,False
30999 Resto de Murcia,163.0,1232.0,316.0,25.649350649350648,13.230519480519481,False
31006 Ablitas,188.0,1546.0,260.0,16.81759379042691,12.160413971539457,False
31010 Altsasu/Alsasua *,390.0,3833.0,384.0,10.01826245760501,10.174797808505087,True
31015 Andosilla,181.0,1564.0,193.0,12.340153452685422,11.572890025575447,False
31016 Ansoáin/Antsoain,317.0,4509.0,256.0,5.677533821246396,7.030383677090264,False
31019 Aoiz/Agoitz,187.0,1543.0,204.0,13.22099805573558,12.119248217757615,False
31023 Aranguren *,367.0,4309.0,149.0,3.4578788582037596,8.517057321884428,True
31027 Arbizu,47.0,628.0,130.0,20.70063694267516,7.484076433121019,False
31029 Arcos (Los),116.0,964.0,220.0,22.821576763485478,12.033195020746888,False
31032 Arguedas *,132.0,1221.0,131.0,10.728910728910728,10.81081081081081,True
31036 Arróniz,109.0,782.0,154.0,19.69309462915601,13.938618925831202,False
31038 Artajona,135.0,1091.0,186.0,17.048579285059578,12.37396883593034,False
31041 Ayegui/Aiegi,290.0,1752.0,153.0,8.732876712328768,16.552511415525114,False
31042 Azagra *,178.0,1740.0,199.0,11.436781609195402,10.229885057471265,True
31050 Baztan,653.0,4730.0,702.0,14.841437632135307,13.805496828752643,False
31057 Buñuel *,142.0,1280.0,161.0,12.578125,11.09375,True
31060 Burlada/Burlata *,775.0,8363.0,458.0,5.476503647016621,9.267009446370919,True
31062 Cabanillas *,71.0,721.0,55.0,7.6282940360610265,9.847434119278779,True
31064 Cadreita *,89.0,930.0,70.0,7.526881720430108,9.56989247311828,True
31065 Caparroso *,160.0,1365.0,150.0,10.989010989010989,11.72161172161172,True
31066 Cárcar *,87.0,656.0,62.0,9.451219512195122,13.262195121951219,True
31067 Carcastillo,162.0,1453.0,251.0,17.274604267033723,11.149346180316586,False
31068 Cascante *,250.0,2265.0,274.0,12.097130242825607,11.037527593818984,True
31070 Castejón,227.0,2100.0,192.0,9.142857142857142,10.80952380952381,False
31072 Cintruénigo *,423.0,3742.0,288.0,7.696419027258151,11.304115446285408,True
31076 Cizur,60.0,1267.0,65.0,5.130228887134964,4.73559589581689,False
31077 Corella *,455.0,4049.0,390.0,9.632007903185972,11.237342553716967,True
31078 Cortes,149.0,1688.0,173.0,10.248815165876778,8.827014218009479,False
31084 Etxarri Aranatz *,143.0,1324.0,125.0,9.441087613293051,10.80060422960725,True
31086 Valle de Egüés/Eguesibar *,571.0,8319.0,178.0,2.1396802500300516,6.863805745882918,True
31088 Noáin (Valle de Elorz)/Noain (Elort,258.0,3377.0,174.0,5.15250222090613,7.639917086171158,False
31097 Estella-Lizarra *,962.0,7687.0,757.0,9.84779497853519,12.51463509821777,True
31098 Esteribar,112.0,1388.0,119.0,8.573487031700289,8.069164265129682,False
31101 Ezcabarte *,66.0,838.0,44.0,5.250596658711217,7.875894988066825,True
31104 Falces,177.0,1504.0,283.0,18.81648936170213,11.768617021276595,False
31105 Fitero,152.0,1248.0,234.0,18.75,12.179487179487179,False
31107 Funes *,95.0,1137.0,111.0,9.762532981530343,8.355321020228672,True
31108 Fustiñana *,125.0,1185.0,80.0,6.751054852320675,10.548523206751055,True
31109 Galar,83.0,1013.0,57.0,5.62685093780849,8.193484698914116,False
31122 Huarte/Uharte *,266.0,3097.0,175.0,5.650629641588634,8.588957055214724,True
31131 Iza/Itza *,76.0,716.0,53.0,7.402234636871508,10.614525139664805,True
31138 Lakuntza *,79.0,678.0,87.0,12.831858407079647,11.651917404129794,True
31142 Larraga,116.0,1280.0,285.0,22.265625,9.0625,False
31149 Leitza *,179.0,1454.0,135.0,9.284731774415405,12.310866574965612,True
31152 Lerín,168.0,1288.0,220.0,17.080745341614907,13.043478260869565,False
31153 Lesaka *,144.0,1376.0,125.0,9.084302325581396,10.465116279069768,True
31157 Lodosa *,343.0,2714.0,374.0,13.780397936624908,12.638172439204126,True
31159 Lumbier *,148.0,885.0,98.0,11.073446327683616,16.72316384180791,True
31163 Marcilla *,172.0,1473.0,159.0,10.79429735234216,11.676849966055668,True
31165 Mendavia,267.0,2259.0,300.0,13.280212483399735,11.819389110225764,False
31167 Mendigorria,128.0,826.0,108.0,13.075060532687651,15.49636803874092,False
31169 Milagro,183.0,1684.0,216.0,12.826603325415677,10.866983372921615,False
31173 Monteagudo,56.0,662.0,144.0,21.75226586102719,8.459214501510575,False
31176 Murchante,201.0,2076.0,198.0,9.53757225433526,9.68208092485549,False
31189 Olazti/Olazagutía,84.0,894.0,156.0,17.449664429530202,9.395973154362416,False
31191 Olite/Erriberri,261.0,2575.0,472.0,18.33009708737864,10.135922330097088,False
31193 Cendea de Olza/Oltza Zendea,73.0,972.0,270.0,27.77777777777778,7.510288065843621,False
31201 Pamplona/Iruña *,8228.0,94761.0,4412.0,4.655923850529226,8.682896972383153,True
31202 Peralta/Azkoien *,279.0,2810.0,273.0,9.715302491103202,9.9288256227758,True
31206 Puente la Reina/Gares,180.0,1722.0,261.0,15.156794425087108,10.452961672473867,False
31208 Ribaforada,150.0,1935.0,326.0,16.847545219638242,7.751937984496124,False
31215 San Adrián *,270.0,2930.0,295.0,10.06825938566553,9.215017064846416,True
31216 Sangüesa/Zangoza *,318.0,2658.0,295.0,11.098570353649361,11.963882618510159,True
31221 Doneztebe/Santesteban *,128.0,1004.0,126.0,12.549800796812749,12.749003984063744,True
31223 Sartaguda *,99.0,756.0,129.0,17.063492063492063,13.095238095238095,True
31224 Sesma *,113.0,812.0,156.0,19.211822660098523,13.916256157635468,True
31227 Tafalla *,586.0,5523.0,532.0,9.632446134347274,10.610175629187037,True
31232 Tudela *,1543.0,17007.0,1123.0,6.603163403304522,9.072734756276827,True
31236 Ultzama,68.0,832.0,128.0,15.384615384615385,8.173076923076923,False
31249 Valtierra *,140.0,1225.0,131.0,10.693877551020408,11.428571428571429,True
31250 Bera *,219.0,1908.0,196.0,10.272536687631026,11.477987421383649,True
31251 Viana *,332.0,2438.0,312.0,12.797374897456931,13.61771944216571,True
31254 Villafranca *,177.0,1556.0,201.0,12.917737789203084,11.375321336760926,True
31257 Villatuerta,58.0,611.0,44.0,7.201309328968904,9.492635024549918,False
31258 Villava/Atarrabia *,329.0,4156.0,181.0,4.355149181905679,7.916265640038499,True
31260 Valle de Yerri/Deierri,119.0,1148.0,283.0,24.65156794425087,10.365853658536585,False
31901 Barañáin/Barañain *,589.0,7988.0,302.0,3.7806710065097646,7.373560340510767,True
31902 Berrioplano/Berriobeiti *,194.0,2906.0,102.0,3.509979353062629,6.67584308327598,True
31903 Berriozar *,332.0,4190.0,172.0,4.105011933174224,7.923627684964201,True
31904 Irurtzun *,105.0,1076.0,83.0,7.713754646840148,9.758364312267657,True
31905 Beriáin *,141.0,1703.0,76.0,4.462712859659424,8.279506752789196,True
31906 Orkoien *,100.0,1594.0,59.0,3.7013801756587204,6.273525721455458,True
31907 Zizur Mayor/Zizur Nagusia *,394.0,5953.0,208.0,3.4940366201915003,6.618511674785823,True
31908 Lekunberri,100.0,881.0,89.0,10.102156640181612,11.350737797956867,False
31999 Resto de Navarra,5060.0,43001.0,10714.0,24.915699634892214,11.767168205390572,False
32001 Allariz,565.0,7448.0,3985.0,53.504296455424274,7.5859291084855,False
32002 Amoeiro,173.0,2635.0,1353.0,51.34724857685009,6.565464895635674,False
32004 Avión,109.0,2032.0,1314.0,64.66535433070867,5.3641732283464565,False
32006 Bande,134.0,2093.0,1310.0,62.589584328714764,6.402293358815098,False
32007 Baños de Molgas,196.0,2590.0,1664.0,64.24710424710425,7.5675675675675675,False
32008 Barbadás,431.0,6493.0,1815.0,27.95318034806715,6.637917757585091,False
32009 Barco de Valdeorras (O),811.0,9404.0,2647.0,28.14759676733305,8.623989791578051,False
32013 Boborás,175.0,2244.0,1313.0,58.51158645276292,7.7985739750445635,False
32014 Bola (A),77.0,1451.0,975.0,67.19503790489318,5.306685044796692,False
32017 Carballeda de Valdeorras,118.0,1802.0,1119.0,62.0976692563818,6.548279689234184,False
32018 Carballeda de Avia,93.0,1250.0,698.0,55.84,7.44,False
32019 Carballiño (O),997.0,11100.0,3539.0,31.882882882882882,8.981981981981981,False
32020 Cartelle,244.0,2799.0,1472.0,52.590210789567706,8.71739907109682,False
32022 Castrelo de Miño,120.0,1501.0,809.0,53.89740173217855,7.994670219853431,False
32023 Castro Caldelas,192.0,1738.0,911.0,52.41657077100115,11.047180667433832,False
32024 Celanova,381.0,4830.0,2002.0,41.44927536231884,7.888198757763975,False
32025 Cenlle,116.0,1751.0,1119.0,63.90633923472301,6.624785836664763,False
32026 Coles,217.0,2563.0,979.0,38.197424892703864,8.466640655481857,False
32027 Cortegada,107.0,1299.0,731.0,56.27405696689761,8.237105465742879,False
32028 Cualedro,167.0,2299.0,1404.0,61.07003044802088,7.2640278381905174,False
32030 Entrimo,110.0,1387.0,770.0,55.5155010814708,7.930785868781543,False
32031 Esgos,99.0,1223.0,687.0,56.17334423548651,8.094848732624694,False
32032 Xinzo de Limia,772.0,9696.0,4341.0,44.771039603960396,7.962046204620462,False
32034 Gudiña (A),96.0,1595.0,954.0,59.81191222570533,6.018808777429467,False
32035 Irixo (O),111.0,1780.0,1125.0,63.20224719101124,6.235955056179775,False
32036 Xunqueira de Ambía,138.0,1900.0,1099.0,57.8421052631579,7.2631578947368425,False
32039 Laza,115.0,2795.0,2099.0,75.09838998211092,4.114490161001789,False
32040 Leiro,105.0,2199.0,1489.0,67.71259663483401,4.774897680763984,False
32042 Lobios,145.0,2000.0,1046.0,52.3,7.25,False
32043 Maceda,276.0,3963.0,2387.0,60.23214736310876,6.964420893262679,False
32045 Maside,172.0,2198.0,983.0,44.72247497725205,7.825295723384896,False
32046 Melón,151.0,1950.0,1219.0,62.51282051282051,7.743589743589744,False
32047 Merca (A),185.0,2271.0,1284.0,56.53896961690885,8.146191105239982,False
32048 Mezquita (A),109.0,1031.0,519.0,50.33947623666344,10.572259941804074,False
32050 Monterrei,206.0,2752.0,1563.0,56.79505813953488,7.4854651162790695,False
32051 Muíños,105.0,1759.0,1150.0,65.37805571347357,5.969300739056282,False
32052 Nogueira de Ramuín,220.0,2904.0,1707.0,58.78099173553719,7.575757575757576,False
32053 Oímbra,129.0,1530.0,821.0,53.66013071895425,8.431372549019608,False
32054 Ourense,5413.0,67492.0,14947.0,22.146328453742665,8.020209802643276,False
32055 Paderne de Allariz,126.0,1588.0,822.0,51.7632241813602,7.934508816120907,False
32056 Padrenda,175.0,1729.0,695.0,40.19664545980336,10.121457489878543,False
32058 Pereiro de Aguiar (O),293.0,4368.0,1726.0,39.514652014652015,6.707875457875458,False
32059 Peroxa (A),137.0,1744.0,904.0,51.8348623853211,7.855504587155964,False
32061 Piñor,73.0,1041.0,574.0,55.139289145052835,7.012487992315082,False
32063 Pobra de Trives (A),197.0,2625.0,1414.0,53.86666666666667,7.504761904761905,False
32067 Rairiz de Veiga,100.0,1473.0,900.0,61.09979633401222,6.788866259334691,False
32068 Ramirás,107.0,1613.0,948.0,58.7724736515809,6.6336019838809674,False
32069 Ribadavia,320.0,4071.0,1505.0,36.968803733726354,7.860476541390322,False
32071 Riós,129.0,1694.0,1029.0,60.743801652892564,7.615112160566706,False
32072 Rúa (A),262.0,3491.0,1217.0,34.86107132626754,7.505012890289315,False
32073 Rubiá,152.0,1738.0,912.0,52.4741081703107,8.745684695051784,False
32074 San Amaro,85.0,1017.0,525.0,51.62241887905605,8.357915437561456,False
32075 San Cibrao das Viñas,272.0,3815.0,1335.0,34.99344692005243,7.129750982961992,False
32076 San Cristovo de Cea,159.0,1989.0,999.0,50.2262443438914,7.993966817496229,False
32077 Sandiás,79.0,1908.0,1380.0,72.32704402515724,4.140461215932914,False
32078 Sarreaus,122.0,1448.0,813.0,56.146408839779006,8.425414364640885,False
32079 Taboadela,101.0,1324.0,574.0,43.353474320241695,7.628398791540786,False
32081 Toén,127.0,2036.0,1005.0,49.3614931237721,6.237721021611002,False
32082 Trasmiras,88.0,1492.0,850.0,56.970509383378015,5.898123324396783,False
32085 Verín,893.0,10628.0,4071.0,38.304478735415884,8.402333458788107,False
32086 Viana do Bolo,277.0,3163.0,1594.0,50.39519443566235,8.757508694277584,False
32087 Vilamarín,136.0,1525.0,664.0,43.540983606557376,8.918032786885245,False
32088 Vilamartín de Valdeorras,163.0,1696.0,773.0,45.57783018867924,9.610849056603774,False
32089 Vilar de Barrio,115.0,1629.0,976.0,59.914057704112956,7.059545733578883,False
32091 Vilardevós,166.0,2325.0,1395.0,60.0,7.139784946236559,False
32999 Resto de Ourense,1939.0,27966.0,18331.0,65.54745047557749,6.933419151827219,False
33001 Allande,149.0,1718.0,698.0,40.62863795110594,8.672875436554133,False
33002 Aller,1179.0,11034.0,4314.0,39.09733550842849,10.68515497553018,False
33004 Avilés,3572.0,42296.0,3419.0,8.083506714582938,8.445243048988084,False
33005 Belmonte de Miranda,251.0,2747.0,1513.0,55.07826720058245,9.137240626137604,False
33006 Bimenes,192.0,2356.0,1332.0,56.536502546689306,8.149405772495756,False
33007 Boal,186.0,1817.0,848.0,46.67033571821684,10.236653824986242,False
33008 Cabrales,377.0,3111.0,1549.0,49.791063966570235,12.11828993892639,False
33009 Cabranes,164.0,1231.0,428.0,34.76848090982941,13.322502030869211,False
33010 Candamo,160.0,1501.0,340.0,22.651565622918053,10.659560293137908,False
33011 Cangas del Narcea,822.0,7823.0,1428.0,18.253866803016745,10.507477949635689,False
33012 Cangas de Onís,777.0,5259.0,939.0,17.855105533371365,14.77467199087279,False
33014 Carreño,920.0,7239.0,873.0,12.05967675093245,12.708937698577152,False
33015 Caso,320.0,1864.0,697.0,37.392703862660944,17.167381974248926,False
33016 Castrillón,1520.0,13184.0,827.0,6.272754854368932,11.529126213592233,False
33017 Castropol,361.0,2576.0,623.0,24.184782608695652,14.013975155279503,False
33018 Coaña,193.0,2149.0,593.0,27.594229874360167,8.980921358771521,False
33019 Colunga,887.0,4322.0,743.0,17.191115224433133,20.522906062008328,False
33020 Corvera de Asturias,675.0,8456.0,1004.0,11.873226111636708,7.982497634815515,False
33021 Cudillero,685.0,5184.0,1179.0,22.743055555555557,13.213734567901234,False
33023 Franco (El),312.0,2609.0,484.0,18.5511690302798,11.958604829436565,False
33024 Gijón *,15533.0,148955.0,8307.0,5.576852069416938,10.427981605182774,True
33025 Gozón,1737.0,8860.0,826.0,9.322799097065463,19.604966139954854,False
33026 Grado,877.0,7818.0,1874.0,23.97032489127654,11.21770273727296,False
33028 Ibias,204.0,1555.0,666.0,42.82958199356913,13.118971061093248,False
33030 Illas,64.0,662.0,121.0,18.27794561933535,9.667673716012084,False
33031 Langreo,2469.0,25962.0,4745.0,18.2767121177105,9.510053154610585,False
33032 Laviana,1161.0,9681.0,1685.0,17.40522673277554,11.99256275178184,False
33033 Lena,1077.0,8156.0,1508.0,18.489455615497793,13.205002452182443,False
33034 Valdés,1233.0,9163.0,2169.0,23.671286696496782,13.456291607552112,False
33035 Llanera,587.0,7371.0,724.0,9.822276488943155,7.963641296974631,False
33036 Llanes,3380.0,16223.0,3098.0,19.096344695802255,20.834617518338163,False
33037 Mieres,2374.0,25878.0,5747.0,22.208053172579024,9.17381559625937,False
33038 Morcín,215.0,1973.0,474.0,24.02432843385707,10.897110998479473,False
33039 Muros de Nalón,377.0,2070.0,353.0,17.053140096618357,18.21256038647343,False
33040 Nava,415.0,4240.0,1211.0,28.56132075471698,9.787735849056604,False
33041 Navia,694.0,5447.0,805.0,14.778777308610245,12.740958325683863,False
33042 Noreña,234.0,2976.0,471.0,15.826612903225806,7.862903225806452,False
33044 Oviedo,15170.0,127210.0,9374.0,7.368917537929408,11.925163116107225,False
33045 Parres,566.0,4467.0,977.0,21.87150212670696,12.670696216700247,False
33047 Peñamellera Baja,233.0,1976.0,923.0,46.71052631578947,11.791497975708502,False
33049 Piloña,922.0,8470.0,3417.0,40.34238488783944,10.88547815820543,False
33051 Pravia,706.0,6149.0,1314.0,21.369328346072532,11.481541714099853,False
33053 Quirós,258.0,2126.0,1114.0,52.39887111947319,12.13546566321731,False
33054 Regueras (Las),101.0,1307.0,316.0,24.17750573833206,7.727620504973221,False
33055 Ribadedeva,485.0,2188.0,456.0,20.840950639853748,22.16636197440585,False
33056 Ribadesella,1329.0,6220.0,725.0,11.655948553054662,21.366559485530548,False
33057 Ribera de Arriba,110.0,1167.0,206.0,17.65209940017138,9.425878320479862,False
33058 Riosa,170.0,1475.0,383.0,25.966101694915253,11.525423728813559,False
33059 Salas,577.0,4686.0,1374.0,29.321382842509603,12.313273580879216,False
33060 San Martín del Rey Aurelio,1276.0,11797.0,2390.0,20.259387979994916,10.816309231160465,False
33065 Sariego,66.0,860.0,191.0,22.209302325581394,7.674418604651163,False
33066 Siero,2990.0,29569.0,3257.0,11.014914268321553,10.111941560418005,False
33068 Somiedo,293.0,2347.0,1274.0,54.28206220707286,12.484022155943759,False
33069 Soto del Barco,689.0,3627.0,623.0,17.176730079955885,18.996415770609318,False
33070 Tapia de Casariego,617.0,3407.0,612.0,17.963017317287935,18.10977399471676,False
33072 Teverga,334.0,1894.0,619.0,32.68215417106653,17.634635691657866,False
33073 Tineo,679.0,6960.0,2252.0,32.35632183908046,9.755747126436782,False
33074 Vegadeo,393.0,2970.0,709.0,23.872053872053872,13.232323232323232,False
33076 Villaviciosa,1797.0,13246.0,1968.0,14.857315415974634,13.566359655745131,False
33077 Villayón,90.0,1105.0,544.0,49.23076923076923,8.144796380090497,False
33999 Resto de Asturias,1411.0,13653.0,7081.0,51.864059181132355,10.33472496887131,False
34004 Aguilar de Campoo,765.0,5070.0,669.0,13.195266272189349,15.088757396449704,False
34017 Astudillo *,182.0,877.0,188.0,21.436716077537056,20.752565564424174,True
34022 Baltanás *,226.0,1288.0,360.0,27.950310559006212,17.546583850931675,True
34023 Venta de Baños *,452.0,3746.0,330.0,8.809396689802456,12.06620395088094,True
34027 Barruelo de Santullán,382.0,1886.0,613.0,32.50265111346766,20.254506892895016,False
34047 Carrión de los Condes,287.0,1554.0,232.0,14.929214929214929,18.46846846846847,False
34056 Cervera de Pisuerga,558.0,2787.0,702.0,25.18837459634015,20.021528525296016,False
34069 Dueñas *,227.0,1662.0,283.0,17.027677496991576,13.658243080625752,True
34079 Grijota,363.0,2096.0,171.0,8.158396946564885,17.318702290076335,False
34080 Guardo,621.0,4327.0,683.0,15.784608273630692,14.351744857869193,False
34083 Herrera de Pisuerga,303.0,1781.0,401.0,22.515440763615945,17.012914093206064,False
34098 Magaz de Pisuerga,112.0,717.0,102.0,14.225941422594142,15.620641562064156,False
34120 Palencia *,5562.0,44610.0,3508.0,7.863707688859,12.468056489576329,True
34123 Paredes de Nava *,205.0,1252.0,227.0,18.130990415335464,16.37380191693291,True
34157 Saldaña *,439.0,2480.0,392.0,15.806451612903226,17.701612903225808,True
34171 Santibáñez de la Peña,201.0,1076.0,255.0,23.69888475836431,18.680297397769518,False
34199 Velilla del Río Carrión,234.0,1187.0,251.0,21.145745577085087,19.713563605728726,False
34217 Villalobón *,137.0,928.0,57.0,6.142241379310345,14.762931034482758,True
34225 Villamuriel de Cerrato *,346.0,3172.0,248.0,7.818411097099622,10.907944514501892,True
34901 Osorno la Mayor,205.0,1051.0,192.0,18.268315889628926,19.50523311132255,False
34999 Resto de Palencia,6585.0,32884.0,7935.0,24.13027612212626,20.02493613915582,False
35001 Agaete,379.0,3490.0,831.0,23.810888252149,10.859598853868194,False
35002 Agüimes,1012.0,14365.0,1668.0,11.61155586494953,7.044900800556909,False
35003 Antigua,613.0,8222.0,3064.0,37.26587205059596,7.455606908294818,False
35004 Arrecife,1442.0,25339.0,3101.0,12.238052014680926,5.690832313824539,False
35005 Artenara,116.0,784.0,294.0,37.5,14.795918367346939,False
35006 Arucas,1005.0,17003.0,2116.0,12.4448626712933,5.9107216373581135,False
35007 Betancuria,39.0,517.0,239.0,46.22823984526112,7.543520309477756,False
35008 Firgas,253.0,3559.0,656.0,18.43214386063501,7.108738409665636,False
35009 Gáldar,1046.0,11691.0,1898.0,16.234710461038407,8.947053288854674,False
35010 Haría,391.0,3880.0,1141.0,29.40721649484536,10.077319587628866,False
35011 Ingenio,769.0,13881.0,2313.0,16.66306462070456,5.539946689719761,False
35012 Mogán,1951.0,16894.0,5742.0,33.988398247898665,11.548478749852018,False
35013 Moya,430.0,4716.0,1299.0,27.544529262086513,9.117896522476675,False
35014 Oliva (La),1240.0,16893.0,5415.0,32.0546972118629,7.340318475108033,False
35015 Pájara *,741.0,10558.0,3193.0,30.24247016480394,7.018374692176549,True
35016 Palmas de Gran Canaria (Las),10609.0,175181.0,24822.0,14.169344849041849,6.056022057186567,False
35017 Puerto del Rosario,1339.0,18683.0,1567.0,8.387303966172457,7.166943210405181,False
35018 San Bartolomé *,361.0,8484.0,1508.0,17.774634606317775,4.255068363979255,True
35019 San Bartolomé de Tirajana,3497.0,32766.0,6168.0,18.824391137154368,10.6726484770799,False
35020 Aldea de San Nicolás (La),414.0,3820.0,647.0,16.93717277486911,10.837696335078535,False
35021 Santa Brígida,426.0,7746.0,1048.0,13.529563645752647,5.499612703330751,False
35022 Santa Lucía de Tirajana,1592.0,30372.0,3412.0,11.234031344659554,5.241669959172922,False
35023 Santa María de Guía de Gran Canaria,520.0,7337.0,2177.0,29.671527872427422,7.087365408204988,False
35024 Teguise,677.0,11186.0,2386.0,21.330234221348114,6.052208117289469,False
35025 Tejeda,245.0,1480.0,587.0,39.66216216216216,16.554054054054053,False
35026 Telde,2626.0,46739.0,5390.0,11.532125205930807,5.618434284002653,False
35027 Teror,608.0,6660.0,1843.0,27.67267267267267,9.12912912912913,False
35028 Tías,1008.0,17243.0,8289.0,48.07168126196137,5.845850490053935,False
35029 Tinajo,141.0,2600.0,422.0,16.23076923076923,5.423076923076923,False
35030 Tuineje,494.0,6856.0,1021.0,14.892065344224036,7.20536756126021,False
35031 Valsequillo de Gran Canaria,394.0,4653.0,942.0,20.245003223726627,8.467655276165914,False
35032 Valleseco,264.0,2301.0,760.0,33.02911777488049,11.473272490221643,False
35033 Vega de San Mateo,571.0,4978.0,1362.0,27.360385697067095,11.470470068300523,False
35034 Yaiza,503.0,10360.0,3165.0,30.55019305019305,4.855212355212355,False
36001 Arbo,149.0,2421.0,1211.0,50.020652622883105,6.154481619165634,False
36002 Barro,88.0,1686.0,374.0,22.18268090154211,5.2194543297746145,False
36003 Baiona,1107.0,8879.0,1897.0,21.365018583173782,12.467620227503097,False
36004 Bueu,707.0,9203.0,3205.0,34.8256003477127,7.6822775182005865,False
36005 Caldas de Reis,301.0,5038.0,1431.0,28.404128622469234,5.974593092497023,False
36006 Cambados,615.0,7300.0,1413.0,19.356164383561644,8.424657534246576,False
36007 Campo Lameiro,80.0,1009.0,348.0,34.489593657086225,7.928642220019822,False
36008 Cangas,1405.0,15731.0,3260.0,20.723412370478673,8.931409319178691,False
36009 Cañiza (A),374.0,4463.0,2166.0,48.532377324669504,8.380013443871835,False
36010 Catoira *,87.0,1651.0,879.0,53.2404603270745,5.269533615990309,True
36013 Covelo,278.0,2601.0,1212.0,46.59746251441753,10.688196847366397,False
36014 Crecente,187.0,2177.0,1164.0,53.4680753330271,8.589802480477722,False
36015 Cuntis *,53.0,2697.0,2071.0,76.7890248424175,1.9651464590285503,True
36016 Dozón *,47.0,709.0,359.0,50.634696755994355,6.6290550070521865,True
36017 Estrada (A),919.0,12476.0,3965.0,31.781019557550497,7.366142994549535,False
36018 Forcarei,187.0,3125.0,1794.0,57.408,5.984,False
36019 Fornelos de Montes,139.0,1049.0,244.0,23.260247855100097,13.25071496663489,False
36020 Agolada,158.0,2178.0,1177.0,54.04040404040404,7.254361799816345,False
36021 Gondomar,416.0,6876.0,1310.0,19.051774287376382,6.050029086678301,False
36022 Grove (O),960.0,8865.0,2415.0,27.2419627749577,10.829103214890017,False
36023 Guarda (A),596.0,7024.0,2158.0,30.723234624145785,8.485193621867882,False
36024 Lalín,1031.0,13007.0,4716.0,36.257399861612974,7.9265011147843465,False
36025 Lama (A),220.0,1889.0,674.0,35.68025410269984,11.646373742721016,False
36026 Marín,908.0,12577.0,2957.0,23.511171185497336,7.219527709310646,False
36027 Meaño,144.0,2264.0,576.0,25.441696113074205,6.360424028268551,False
36028 Meis,111.0,2156.0,560.0,25.974025974025974,5.148423005565863,False
36029 Moaña,693.0,9623.0,1567.0,16.283903148706223,7.201496414839447,False
36030 Mondariz,291.0,3145.0,1011.0,32.14626391096979,9.252782193958664,False
36031 Mondariz-Balneario,92.0,671.0,227.0,33.8301043219076,13.710879284649776,False
36032 Moraña,153.0,2253.0,631.0,28.00710164225477,6.790945406125166,False
36033 Mos,320.0,9312.0,4334.0,46.542096219931274,3.4364261168384878,False
36034 Neves (As),236.0,3083.0,1461.0,47.38890690885501,7.654881608822575,False
36035 Nigrán,1092.0,11076.0,2481.0,22.399783315276274,9.859154929577464,False
36036 Oia,110.0,1891.0,793.0,41.935483870967744,5.817028027498678,False
36037 Pazos de Borbén,148.0,1539.0,319.0,20.7277452891488,9.616634178037687,False
36038 Pontevedra,3369.0,42646.0,6055.0,14.198283543591428,7.899920273882662,False
36039 Porriño (O),681.0,12059.0,4209.0,34.90339165768306,5.647234430715648,False
36040 Portas,69.0,1412.0,508.0,35.977337110481585,4.886685552407932,False
36041 Poio,791.0,9399.0,1891.0,20.119161612937546,8.415788913714225,False
36042 Ponteareas,1136.0,13000.0,2154.0,16.56923076923077,8.738461538461538,False
36043 Ponte Caldelas,304.0,3155.0,678.0,21.489698890649763,9.635499207606973,False
36044 Pontecesures,120.0,1866.0,531.0,28.456591639871384,6.430868167202572,False
36045 Redondela,809.0,14215.0,3036.0,21.35772071755188,5.691171297924727,False
36046 Ribadumia,129.0,2300.0,513.0,22.304347826086957,5.608695652173913,False
36047 Rodeiro,113.0,1897.0,962.0,50.711649973642594,5.9567738534528205,False
36048 Rosal (O),258.0,3678.0,904.0,24.57857531266993,7.014681892332789,False
36049 Salceda de Caselas,464.0,6414.0,1836.0,28.62488306828812,7.234175241658871,False
36050 Salvaterra de Miño,665.0,6361.0,1302.0,20.468479798773778,10.454331080018864,False
36051 Sanxenxo,2913.0,17787.0,5110.0,28.72884691066509,16.377129364142352,False
36052 Silleda,636.0,5920.0,1342.0,22.66891891891892,10.743243243243244,False
36053 Soutomaior,290.0,3916.0,811.0,20.70990806945863,7.405515832482124,False
36054 Tomiño,473.0,6621.0,1339.0,20.2235311886422,7.143935961335146,False
36055 Tui,764.0,8072.0,780.0,9.663032705649158,9.464816650148663,False
36056 Valga,110.0,2391.0,670.0,28.021748222501046,4.600585529067335,False
36057 Vigo,9667.0,144293.0,21694.0,15.034686367322045,6.699562695349047,False
36058 Vilaboa,140.0,2511.0,356.0,14.177618478693747,5.575467941059339,False
36059 Vila de Cruces,251.0,3686.0,1603.0,43.48887683125339,6.809549647314162,False
36060 Vilagarcía de Arousa,1718.0,21149.0,5515.0,26.07688306775734,8.123315523192586,False
36061 Vilanova de Arousa,432.0,5599.0,1545.0,27.594213252366494,7.715663511341311,False
36901 Illa de Arousa (A),374.0,2762.0,227.0,8.218682114409848,13.540912382331644,False
36902 Cerdedo-Cotobade,347.0,4075.0,1459.0,35.80368098159509,8.515337423312884,False
37008 Alba de Tormes,380.0,3284.0,480.0,14.616321559074299,11.571254567600487,False
37010 Alberca (La) *,172.0,1027.0,236.0,22.979552093476144,16.747809152872446,True
37014 Aldeadávila de la Ribera,183.0,1109.0,297.0,26.78088367899008,16.501352569882776,False
37023 Aldeatejada,118.0,1243.0,58.0,4.666130329847144,9.493161705551087,False
37046 Béjar,1374.0,9826.0,1930.0,19.641766741298596,13.983309586810503,False
37067 Cabrerizos *,157.0,1847.0,87.0,4.710341093665403,8.500270709258256,True
37069 Calvarrasa de Abajo,180.0,1112.0,114.0,10.251798561151078,16.18705035971223,False
37085 Carbajosa de la Sagrada *,250.0,3060.0,149.0,4.869281045751634,8.169934640522875,True
37087 Carrascal de Barregas,59.0,715.0,61.0,8.531468531468532,8.251748251748252,False
37092 Castellanos de Moriscos,218.0,1626.0,111.0,6.826568265682657,13.407134071340714,False
37107 Ciudad Rodrigo,1270.0,9525.0,1797.0,18.866141732283463,13.333333333333334,False
37117 Doñinos de Salamanca,123.0,1049.0,75.0,7.149666348903718,11.725452812202096,False
37135 Fuente de San Esteban (La),158.0,1147.0,263.0,22.929380993897123,13.775065387968613,False
37140 Fuentes de Oñoro,61.0,590.0,141.0,23.89830508474576,10.338983050847459,False
37156 Guijuelo,391.0,3305.0,456.0,13.797276853252647,11.830559757942511,False
37170 Ledesma,202.0,1358.0,312.0,22.97496318114875,14.874815905743741,False
37173 Lumbrales,236.0,1638.0,413.0,25.213675213675213,14.407814407814408,False
37174 Macotera *,192.0,1107.0,257.0,23.21589882565492,17.344173441734416,True
37202 Monterrubio de Armuña *,38.0,559.0,21.0,3.7567084078711988,6.797853309481217,True
37240 Pelabravo,109.0,934.0,157.0,16.809421841541756,11.670235546038544,False
37246 Peñaranda de Bracamonte,456.0,4185.0,660.0,15.770609318996415,10.89605734767025,False
37274 Salamanca *,11301.0,92553.0,6545.0,7.071623826348146,12.210301124760948,True
37278 San Cristóbal de la Cuesta,99.0,755.0,109.0,14.437086092715232,13.112582781456954,False
37294 Santa Marta de Tormes *,633.0,7102.0,375.0,5.2802027597859755,8.912982258518728,True
37322 Terradillos,242.0,2024.0,315.0,15.563241106719367,11.956521739130435,False
37354 Villamayor *,383.0,3781.0,222.0,5.871462576038085,10.129595345146786,True
37362 Villares de la Reina *,356.0,3235.0,237.0,7.326120556414219,11.004636785162287,True
37374 Villoria *,104.0,801.0,151.0,18.85143570536829,12.983770287141073,True
37376 Vitigudino,246.0,1861.0,340.0,18.26974744760881,13.218699623858141,False
37999 Resto de Salamanca,13971.0,83765.0,24300.0,29.009729600668535,16.678803796334986,False
38001 Adeje,2185.0,26798.0,6016.0,22.449436525113814,8.153593551757593,False
38002 Agulo,116.0,853.0,342.0,40.093786635404456,13.599062133645955,False
38003 Alajeró,163.0,1327.0,474.0,35.71966842501884,12.283345892991711,False
38004 Arafo,302.0,2818.0,361.0,12.810503903477644,10.716820440028389,False
38005 Arico,913.0,6133.0,1084.0,17.674873634436654,14.886678623838252,False
38006 Arona,5062.0,53746.0,14483.0,26.947121646262048,9.418375320954118,False
38007 Barlovento,95.0,1230.0,474.0,38.53658536585366,7.723577235772358,False
38008 Breña Alta,271.0,3681.0,830.0,22.548220592230372,7.362129856017386,False
38009 Breña Baja,297.0,3265.0,792.0,24.2572741194487,9.096477794793262,False
38010 Buenavista del Norte,226.0,2449.0,747.0,30.502245814618213,9.228256431196407,False
38011 Candelaria,967.0,14205.0,2341.0,16.480112636395635,6.807462161210841,False
38012 Fasnia,291.0,1847.0,383.0,20.73632918245804,15.755278830536005,False
38013 Frontera,249.0,2444.0,630.0,25.777414075286416,10.188216039279869,False
38014 Fuencaliente de la Palma,114.0,1209.0,451.0,37.303556658395365,9.429280397022332,False
38015 Garachico,253.0,2521.0,698.0,27.687425624752084,10.035700119000397,False
38016 Garafía,169.0,1635.0,792.0,48.440366972477065,10.336391437308869,False
38017 Granadilla de Abona,1967.0,24284.0,3143.0,12.942678306704003,8.099983528249053,False
38018 Guancha (La),225.0,2375.0,477.0,20.08421052631579,9.473684210526315,False
38019 Guía de Isora,948.0,11209.0,3089.0,27.55821215095013,8.457489517352128,False
38020 Güímar,1275.0,11602.0,2127.0,18.333046026547148,10.989484571625582,False
38021 Hermigua,163.0,1306.0,526.0,40.275650842266465,12.480857580398162,False
38022 Icod de los Vinos,1152.0,11541.0,2654.0,22.99627415301967,9.981804003119313,False
38023 San Cristóbal de La Laguna,6135.0,74096.0,9980.0,13.469013172101057,8.279799179442884,False
38024 Llanos de Aridane (Los),1143.0,11319.0,1874.0,16.556232882763496,10.098065200106017,False
38025 Matanza de Acentejo (La),319.0,4270.0,793.0,18.571428571428573,7.470725995316159,False
38026 Orotava (La),1336.0,17819.0,2524.0,14.164655704584993,7.497614905438016,False
38027 Paso (El),294.0,4171.0,1099.0,26.34859745864301,7.048669383840806,False
38028 Puerto de la Cruz,2230.0,20779.0,6490.0,31.23345685547909,10.731989027383415,False
38029 Puntagorda,101.0,1233.0,435.0,35.27980535279806,8.19140308191403,False
38030 Puntallana,130.0,1447.0,454.0,31.375259156876297,8.984105044920526,False
38031 Realejos (Los),1410.0,17417.0,3743.0,21.49049778951599,8.095538841361888,False
38032 Rosario (El),467.0,8160.0,1469.0,18.002450980392158,5.723039215686274,False
38033 San Andrés y Sauces,178.0,2386.0,933.0,39.103101424979045,7.460184409052808,False
38034 San Juan de la Rambla,152.0,2209.0,655.0,29.65142598460842,6.880941602535084,False
38035 San Miguel de Abona *,761.0,10415.0,3444.0,33.06769083053288,7.306769083053289,True
38036 San Sebastián de la Gomera,550.0,5106.0,927.0,18.155111633372503,10.771641206423816,False
38037 Santa Cruz de la Palma,741.0,7535.0,1611.0,21.380225613802256,9.834107498341075,False
38038 Santa Cruz de Tenerife,6529.0,97227.0,16729.0,17.206125870385797,6.715212852396968,False
38039 Santa Úrsula,577.0,6812.0,687.0,10.085143863769819,8.470346447445683,False
38040 Santiago del Teide,1001.0,9243.0,3260.0,35.26993400411122,10.829817158931084,False
38041 Sauzal (El),239.0,3910.0,706.0,18.056265984654733,6.112531969309463,False
38042 Silos (Los) *,304.0,2495.0,233.0,9.338677354709418,12.18436873747495,True
38043 Tacoronte,850.0,11121.0,2048.0,18.415610107004767,7.6431975541767825,False
38044 Tanque (El) *,106.0,1351.0,430.0,31.828275351591415,7.846039970392302,True
38045 Tazacorte,297.0,2744.0,797.0,29.045189504373177,10.823615160349854,False
38046 Tegueste,307.0,4764.0,499.0,10.47439126784215,6.44416456759026,False
38047 Tijarafe,177.0,1867.0,620.0,33.208355650776646,9.480449919657204,False
38048 Valverde,376.0,3155.0,685.0,21.711568938193345,11.917591125198099,False
38049 Valle Gran Rey,594.0,3803.0,1313.0,34.52537470418091,15.619247962135157,False
38050 Vallehermoso,383.0,2648.0,1258.0,47.507552870090635,14.463746223564955,False
38051 Victoria de Acentejo (La),318.0,4049.0,757.0,18.695974314645593,7.853791059520869,False
38052 Vilaflor de Chasna,101.0,1077.0,368.0,34.16898792943361,9.377901578458681,False
38053 Villa de Mazo,322.0,3037.0,865.0,28.48205465920316,10.60256832400395,False
38901 Pinar de El Hierro (El),172.0,1320.0,366.0,27.727272727272727,13.030303030303031,False
39001 Alfoz de Lloredo,413.0,2146.0,447.0,20.829450139794968,19.24510717614166,False
39002 Ampuero,497.0,3231.0,594.0,18.384401114206128,15.382234602290312,False
39004 Arenas de Iguña,148.0,1166.0,244.0,20.926243567753,12.692967409948542,False
39005 Argoños,491.0,1894.0,163.0,8.606124604012672,25.923970432946145,False
39006 Arnuero,1036.0,3333.0,542.0,16.261626162616263,31.083108310831083,False
39008 Astillero (El),763.0,8646.0,664.0,7.679851954661115,8.824890122600046,False
39009 Bárcena de Cicero,563.0,3508.0,611.0,17.41733181299886,16.04903078677309,False
39011 Bareyo,734.0,2697.0,278.0,10.307749351130886,27.21542454579162,False
39012 Cabezón de la Sal,498.0,4563.0,383.0,8.393600701293009,10.91387245233399,False
39016 Camargo,1005.0,13768.0,870.0,6.319000581057525,7.299535153980244,False
39018 Cartes,275.0,2892.0,229.0,7.918395573997234,9.508990318118949,False
39019 Castañeda,219.0,1927.0,348.0,18.059159314997405,11.364815775817332,False
39020 Castro-Urdiales,4754.0,24994.0,1931.0,7.7258542050092025,19.02056493558454,False
39022 Cillorigo de Liébana,227.0,1202.0,248.0,20.632279534109816,18.885191347753743,False
39023 Colindres,527.0,4437.0,383.0,8.631958530538652,11.877394636015326,False
39024 Comillas,1036.0,3509.0,567.0,16.15844970076945,29.524080934739242,False
39025 Corrales de Buelna (Los),558.0,5760.0,711.0,12.34375,9.6875,False
39026 Corvera de Toranzo,244.0,1714.0,393.0,22.92882147024504,14.235705950991832,False
39027 Campoo de Enmedio,273.0,2401.0,549.0,22.865472719700126,11.370262390670554,False
39028 Entrambasaguas,339.0,3167.0,439.0,13.86169876855068,10.704136406694031,False
39030 Guriezo,215.0,1715.0,213.0,12.419825072886297,12.536443148688047,False
39031 Hazas de Cesto,203.0,1437.0,361.0,25.12178148921364,14.126652748782185,False
39032 Hermandad de Campoo de Suso,312.0,1655.0,441.0,26.64652567975831,18.851963746223564,False
39035 Laredo,5031.0,15993.0,2192.0,13.705996373413369,31.457512661789533,False
39036 Liendo,114.0,999.0,106.0,10.61061061061061,11.411411411411411,False
39037 Liérganes,183.0,1480.0,231.0,15.608108108108109,12.364864864864865,False
39038 Limpias,337.0,1850.0,450.0,24.324324324324323,18.216216216216218,False
39040 Marina de Cudeyo,298.0,2950.0,382.0,12.94915254237288,10.101694915254237,False
39041 Mazcuerras,103.0,1145.0,168.0,14.672489082969433,8.995633187772926,False
39042 Medio Cudeyo,352.0,3742.0,357.0,9.54035275253875,9.40673436664885,False
39043 Meruelo,398.0,1772.0,266.0,15.011286681715575,22.460496613995485,False
39044 Miengo,715.0,4110.0,635.0,15.450121654501217,17.39659367396594,False
39046 Molledo,162.0,1173.0,251.0,21.398124467178175,13.81074168797954,False
39047 Noja,6488.0,13615.0,1594.0,11.707675358060962,47.653323540213,False
39048 Penagos,110.0,1150.0,250.0,21.73913043478261,9.565217391304348,False
39052 Piélagos,982.0,12919.0,1752.0,13.561421162628687,7.6012075238021515,False
39054 Polanco,201.0,3008.0,597.0,19.847074468085108,6.68218085106383,False
39055 Potes,172.0,1137.0,161.0,14.160070360598064,15.127528583992964,False
39056 Puente Viesgo,177.0,1568.0,234.0,14.923469387755102,11.28826530612245,False
39057 Ramales de la Victoria,799.0,3179.0,656.0,20.63541994337842,25.13368983957219,False
39059 Reinosa,734.0,6258.0,1226.0,19.590923617769256,11.728986896772131,False
39060 Reocín,330.0,4104.0,533.0,12.987329434697855,8.04093567251462,False
39061 Ribamontán al Mar,1311.0,5101.0,693.0,13.585571456577142,25.70084297196628,False
39062 Ribamontán al Monte,173.0,1601.0,331.0,20.674578388507182,10.805746408494691,False
39063 Rionansa,150.0,1006.0,300.0,29.821073558648113,14.910536779324056,False
39064 Riotuerto,119.0,1083.0,223.0,20.59095106186519,10.987996306555864,False
39066 Ruente,71.0,639.0,122.0,19.092331768388107,11.11111111111111,False
39069 San Felices de Buelna,128.0,1318.0,269.0,20.409711684370258,9.711684370257966,False
39073 Santa Cruz de Bezana,430.0,6056.0,513.0,8.470937912813739,7.100396301188904,False
39074 Santa María de Cayón,559.0,5061.0,602.0,11.894882434301522,11.045247974708555,False
39075 Santander,10803.0,93407.0,7731.0,8.2766816191506,11.56551436187866,False
39076 Santillana del Mar,202.0,2182.0,208.0,9.532538955087077,9.25756186984418,False
39078 Santiurde de Toranzo,135.0,1172.0,262.0,22.35494880546075,11.518771331058021,False
39079 Santoña,1554.0,7821.0,746.0,9.538422196650044,19.86958189489835,False
39080 San Vicente de la Barquera,1013.0,4199.0,633.0,15.07501786139557,24.124791617051677,False
39082 Selaya *,173.0,1276.0,288.0,22.570532915360502,13.557993730407523,True
39083 Soba,142.0,1057.0,344.0,32.544938505203405,13.434247871333964,False
39084 Solórzano,134.0,768.0,149.0,19.401041666666668,17.447916666666668,False
39085 Suances,1477.0,7127.0,914.0,12.824470324119545,20.72400729619756,False
39087 Torrelavega,2514.0,26596.0,2443.0,9.185591818318544,9.452549255527147,False
39091 Valdáliga,216.0,1746.0,490.0,28.06414662084765,12.371134020618557,False
39095 Val de San Vicente,838.0,3430.0,634.0,18.483965014577258,24.431486880466473,False
39098 Villacarriedo *,121.0,1161.0,346.0,29.80189491817399,10.422049956933678,True
39099 Villaescusa,119.0,1838.0,365.0,19.85854189336235,6.47442872687704,False
39100 Villafufre,72.0,738.0,201.0,27.235772357723576,9.75609756097561,False
39102 Voto,567.0,2754.0,650.0,23.602033405954973,20.58823529411765,False
39999 Resto de Cantabria,3640.0,20591.0,6265.0,30.42591423437424,17.67762614734593,False
40024 Ayllón,214.0,1561.0,551.0,35.29788597053171,13.709160794362589,False
40040 Cantalejo,372.0,2848.0,688.0,24.15730337078652,13.061797752808989,False
40041 Cantimpalos,100.0,938.0,290.0,30.916844349680172,10.660980810234541,False
40043 Carbonero el Mayor,125.0,1480.0,378.0,25.54054054054054,8.445945945945946,False
40057 Coca,113.0,1264.0,438.0,34.651898734177216,8.939873417721518,False
40063 Cuéllar *,551.0,5908.0,1294.0,21.90250507786053,9.326337169939066,True
40076 Espinar (El),1493.0,9550.0,2285.0,23.926701570680628,15.633507853403142,False
40077 Espirdo,101.0,1068.0,283.0,26.49812734082397,9.456928838951312,False
40101 Hontanares de Eresma,78.0,802.0,135.0,16.83291770573566,9.72568578553616,False
40112 Lastrilla (La),176.0,1998.0,166.0,8.308308308308309,8.80880880880881,False
40138 Nava de la Asunción,185.0,1877.0,398.0,21.204049014384655,9.856153436334576,False
40141 Navalmanzano *,87.0,739.0,202.0,27.33423545331529,11.772665764546685,True
40145 Navas de Oro,95.0,1021.0,320.0,31.341821743388834,9.304603330068561,False
40155 Palazuelos de Eresma *,228.0,2830.0,242.0,8.551236749116608,8.056537102473499,True
40170 Riaza,597.0,3279.0,1125.0,34.3092406221409,18.2067703568161,False
40181 Real Sitio de San Ildefonso,594.0,4149.0,758.0,18.26946252108942,14.316702819956616,False
40194 Segovia,2501.0,29036.0,4641.0,15.98360655737705,8.61344537815126,False
40203 Torrecaballeros,90.0,959.0,164.0,17.101147028154326,9.384775808133472,False
40207 Trescasas,45.0,565.0,59.0,10.442477876106194,7.964601769911504,False
40216 Valverde del Majano,94.0,720.0,146.0,20.27777777777778,13.055555555555555,False
40225 Villacastín,89.0,1109.0,349.0,31.46979260595131,8.025247971145175,False
40906 San Cristóbal de Segovia,86.0,1417.0,414.0,29.216654904728298,6.0691601976005645,False
40999 Resto de Segovia,7507.0,53137.0,19458.0,36.618552044714605,14.127632346575833,False
41001 Aguadulce *,117.0,1231.0,158.0,12.835093419983753,9.50446791226645,True
41002 Alanís,178.0,1248.0,257.0,20.59294871794872,14.262820512820513,False
41003 Albaida del Aljarafe,67.0,1298.0,113.0,8.705701078582434,5.1617873651771955,False
41004 Alcalá de Guadaíra,1470.0,32822.0,4129.0,12.57997684479922,4.478703308756322,False
41005 Alcalá del Río,286.0,5735.0,1059.0,18.465562336530077,4.986922406277245,False
41006 Alcolea del Río,141.0,1625.0,301.0,18.523076923076925,8.676923076923076,False
41007 Algaba (La),443.0,7484.0,970.0,12.96098343132015,5.919294494922501,False
41008 Algámitas *,95.0,750.0,117.0,15.6,12.666666666666666,True
41009 Almadén de la Plata,163.0,1183.0,344.0,29.07861369399831,13.778529163144547,False
41010 Almensilla,127.0,2965.0,359.0,12.107925801011804,4.283305227655987,False
41011 Arahal,579.0,9521.0,1537.0,16.143262262367397,6.081293981724609,False
41012 Aznalcázar,153.0,2366.0,345.0,14.581572273879965,6.466610312764159,False
41013 Aznalcóllar,160.0,2628.0,398.0,15.144596651445967,6.0882800608828,False
41014 Badolatosa,115.0,1601.0,470.0,29.356652092442225,7.1830106183635225,False
41015 Benacazón *,252.0,3109.0,204.0,6.561595368285622,8.105500160823416,True
41016 Bollullos de la Mitación *,285.0,4573.0,228.0,4.9857861360157445,6.23223267001968,True
41017 Bormujos,269.0,9136.0,1283.0,14.043345008756567,2.9443957968476355,False
41018 Brenes,349.0,5544.0,581.0,10.47979797979798,6.295093795093795,False
41019 Burguillos,197.0,3215.0,743.0,23.110419906687405,6.127527216174183,False
41020 Cabezas de San Juan (Las),573.0,7263.0,1071.0,14.745972738537795,7.889301941346551,False
41021 Camas,692.0,13079.0,1115.0,8.525116599128374,5.290924382598058,False
41022 Campana (La),198.0,2508.0,354.0,14.114832535885167,7.894736842105263,False
41023 Cantillana,493.0,5444.0,718.0,13.188831741366641,9.05584129316679,False
41024 Carmona,953.0,15565.0,2218.0,14.249919691615805,6.122711211050434,False
41025 Carrión de los Céspedes,94.0,1407.0,295.0,20.966595593461264,6.680881307746979,False
41026 Casariche *,246.0,2724.0,437.0,16.04258443465492,9.030837004405287,True
41027 Castilblanco de los Arroyos,363.0,3763.0,893.0,23.731065639117727,9.646558596864205,False
41028 Castilleja de Guzmán,32.0,1053.0,94.0,8.92687559354226,3.038936372269706,False
41029 Castilleja de la Cuesta,273.0,7362.0,573.0,7.78321108394458,3.7082314588427057,False
41031 Castillo de las Guardas (El),232.0,1875.0,574.0,30.613333333333333,12.373333333333333,False
41032 Cazalla de la Sierra,385.0,3467.0,931.0,26.853187193539082,11.104701471012403,False
41033 Constantina,389.0,3925.0,924.0,23.54140127388535,9.910828025477707,False
41034 Coria del Río,715.0,13904.0,1764.0,12.686996547756042,5.1424050632911396,False
41035 Coripe,94.0,864.0,175.0,20.25462962962963,10.87962962962963,False
41036 Coronil (El),218.0,2556.0,552.0,21.5962441314554,8.528951486697965,False
41037 Corrales (Los),168.0,2030.0,324.0,15.960591133004925,8.275862068965518,False
41038 Dos Hermanas,2349.0,56736.0,5942.0,10.473068245910886,4.1402284263959395,False
41039 Écija,1138.0,18684.0,2218.0,11.871119674587883,6.090772853778634,False
41040 Espartinas,196.0,6652.0,737.0,11.07937462417318,2.9464822609741432,False
41041 Estepa,529.0,6170.0,826.0,13.387358184764992,8.573743922204214,False
41042 Fuentes de Andalucía *,330.0,3628.0,496.0,13.671444321940463,9.095920617420067,True
41044 Gelves,189.0,4714.0,552.0,11.709800593975393,4.009333899024183,False
41045 Gerena,221.0,3652.0,365.0,9.994523548740416,6.051478641840087,False
41046 Gilena *,191.0,1877.0,370.0,19.712306872669153,10.175812466702185,True
41047 Gines,184.0,5216.0,305.0,5.84739263803681,3.5276073619631902,False
41048 Guadalcanal,226.0,1948.0,438.0,22.484599589322382,11.60164271047228,False
41049 Guillena,411.0,6799.0,1415.0,20.81188410060303,6.045006618620385,False
41050 Herrera,300.0,3384.0,386.0,11.40661938534279,8.865248226950355,False
41051 Huévar del Aljarafe,104.0,1478.0,191.0,12.922868741542626,7.036535859269283,False
41052 Lantejuela,168.0,1871.0,362.0,19.347942276857296,8.979155531801176,False
41053 Lebrija *,958.0,12629.0,708.0,5.606144587853353,7.585715416897616,True
41055 Lora del Río,755.0,9007.0,1383.0,15.354724103475075,8.38236926834684,False
41056 Luisiana (La) *,152.0,2182.0,194.0,8.890925756186984,6.96608615948671,True
41058 Mairena del Alcor,533.0,9798.0,670.0,6.838130230659318,5.439885690957338,False
41059 Mairena del Aljarafe,718.0,19554.0,1412.0,7.2210289454843,3.6718829906924415,False
41060 Marchena,829.0,11092.0,1627.0,14.668229354489723,7.4738550306527225,False
41061 Marinaleda,101.0,1266.0,308.0,24.328593996840443,7.977883096366509,False
41062 Martín de la Jara,95.0,1294.0,178.0,13.75579598145286,7.341576506955178,False
41063 Molares (Los),92.0,1716.0,278.0,16.2004662004662,5.361305361305361,False
41064 Montellano,323.0,3967.0,909.0,22.914040836904462,8.14217292664482,False
41065 Morón de la Frontera,880.0,13352.0,1723.0,12.904433792690234,6.5907729179149195,False
41066 Navas de la Concepción (Las),130.0,1079.0,239.0,22.150139017608897,12.048192771084338,False
41067 Olivares *,247.0,4145.0,290.0,6.996381182147165,5.958986731001207,True
41068 Osuna,528.0,8022.0,964.0,12.016953378209923,6.581899775617053,False
41069 Palacios y Villafranca (Los),1071.0,16512.0,1875.0,11.355377906976743,6.486191860465116,False
41070 Palomares del Río,127.0,3729.0,347.0,9.305443818718155,3.4057388039688923,False
41071 Paradas,321.0,3659.0,427.0,11.669855151680787,8.772888767422794,False
41072 Pedrera *,209.0,2323.0,254.0,10.934136891950065,8.996986655187257,True
41073 Pedroso (El),212.0,1617.0,371.0,22.943722943722943,13.110698824984539,False
41074 Peñaflor,198.0,2159.0,363.0,16.81333950903196,9.170912459471978,False
41075 Pilas *,624.0,6804.0,828.0,12.16931216931217,9.171075837742505,True
41076 Pruna,209.0,1782.0,471.0,26.430976430976433,11.728395061728396,False
41077 Puebla de Cazalla (La),416.0,5179.0,651.0,12.569994207375942,8.032438694728713,False
41078 Puebla de los Infantes (La),190.0,2091.0,521.0,24.91630798660928,9.086561453849832,False
41079 Puebla del Río (La),304.0,5395.0,498.0,9.23076923076923,5.634847080630213,False
41080 Real de la Jara (El),136.0,1075.0,240.0,22.325581395348838,12.651162790697674,False
41081 Rinconada (La),745.0,16016.0,1107.0,6.911838161838162,4.6515984015984015,False
41082 Roda de Andalucía (La),169.0,2093.0,271.0,12.947921643573817,8.074534161490684,False
41083 Ronquillo (El),133.0,1329.0,418.0,31.45221971407073,10.00752445447705,False
41084 Rubio (El),184.0,1851.0,220.0,11.885467314964885,9.940572663425176,False
41085 Salteras,103.0,2327.0,145.0,6.231198968629136,4.426299957026214,False
41086 San Juan de Aznalfarache,543.0,10537.0,1790.0,16.987757426212394,5.153269431527,False
41087 Sanlúcar la Mayor,430.0,7212.0,946.0,13.117027176927344,5.96228508042152,False
41089 Santiponce,139.0,3533.0,363.0,10.27455420322672,3.9343334276818567,False
41090 Saucejo (El),215.0,2226.0,380.0,17.07097933513028,9.658580413297395,False
41091 Sevilla,17200.0,327393.0,24621.0,7.5203196158745,5.25362484842376,False
41092 Tocina,292.0,4445.0,491.0,11.046119235095613,6.56917885264342,False
41093 Tomares,327.0,10301.0,929.0,9.018541889136976,3.1744490826133385,False
41094 Umbrete,207.0,3834.0,294.0,7.668231611893583,5.39906103286385,False
41095 Utrera,1282.0,23030.0,1852.0,8.041684759009987,5.56665219279201,False
41096 Valencina de la Concepción,135.0,3570.0,328.0,9.18767507002801,3.7815126050420167,False
41097 Villamanrique de la Condesa,188.0,2312.0,275.0,11.89446366782007,8.131487889273357,False
41098 Villanueva del Ariscal,170.0,3135.0,365.0,11.64274322169059,5.422647527910685,False
41099 Villanueva del Río y Minas,282.0,3081.0,983.0,31.90522557611165,9.152872444011685,False
41100 Villanueva de San Juan,92.0,864.0,283.0,32.754629629629626,10.648148148148149,False
41101 Villaverde del Río *,287.0,3437.0,321.0,9.339540296770439,8.35030549898167,True
41102 Viso del Alcor (El) *,487.0,7395.0,486.0,6.572008113590264,6.58553076402975,True
41901 Cañada Rosal *,141.0,1672.0,207.0,12.380382775119617,8.433014354066986,True
41902 Isla Mayor,234.0,2801.0,454.0,16.208496965369513,8.354159228846841,False
41903 Cuervo de Sevilla (El),350.0,3974.0,291.0,7.322596879718168,8.807247106190237,False
"41904 Palmar de Troya, El *",61.0,969.0,72.0,7.430340557275541,6.295149638802889,True
41999 Resto de Sevilla,296.0,2502.0,465.0,18.585131894484412,11.830535571542766,False
42004 Ágreda,333.0,2235.0,456.0,20.40268456375839,14.899328859060402,False
42020 Almazán,592.0,4050.0,736.0,18.17283950617284,14.617283950617283,False
42025 Arcos de Jalón,295.0,2653.0,1361.0,51.300414624952886,11.119487372785526,False
42043 Burgo de Osma-Ciudad de Osma,766.0,4479.0,1034.0,23.085510158517526,17.102031703505247,False
42069 Covaleda *,231.0,1213.0,183.0,15.086562242374278,19.0436933223413,True
42078 Duruelo de la Sierra *,136.0,731.0,110.0,15.047879616963064,18.6046511627907,True
42095 Golmayo,201.0,1637.0,172.0,10.507025045815515,12.278558338423947,False
42134 Ólvega,313.0,2359.0,386.0,16.362865621025858,13.268334039847392,False
42162 San Esteban de Gormaz *,619.0,3195.0,749.0,23.44287949921753,19.37402190923318,True
42164 San Leonardo de Yagüe,283.0,1607.0,328.0,20.41070317361543,17.61045426260112,False
42173 Soria *,3275.0,25244.0,2320.0,9.190302646173349,12.973379813024877,True
42999 Resto de Soria,6356.0,34852.0,13240.0,37.98921152301159,18.237116951681397,False
43002 Albinyana,160.0,1586.0,284.0,17.90668348045397,10.08827238335435,False
43004 Alcanar,1420.0,8589.0,1228.0,14.297357084643147,16.53277447898475,False
43005 Alcover *,229.0,2733.0,259.0,9.476765459202342,8.379070618368093,True
43009 Alforja,125.0,1242.0,241.0,19.404186795491142,10.064412238325282,False
43011 Almoster,32.0,633.0,97.0,15.323854660347552,5.055292259083728,False
43012 Altafulla,978.0,4851.0,357.0,7.359307359307359,20.16079158936302,False
43013 Ametlla de Mar (L'),1029.0,8286.0,1574.0,18.995896693217475,12.418537291817524,False
43014 Amposta,937.0,11872.0,1650.0,13.898247978436657,7.892520215633423,False
43016 Arboç (L'),179.0,2431.0,198.0,8.144796380090497,7.363225010283834,False
43019 Ascó,80.0,929.0,313.0,33.692142088266955,8.611410118406889,False
43020 Banyeres del Penedès,105.0,1623.0,194.0,11.95317313616759,6.469500924214418,False
43022 Batea,104.0,1106.0,241.0,21.790235081374323,9.403254972875226,False
43024 Bellvei,152.0,1343.0,130.0,9.67982129560685,11.317944899478778,False
43026 Benissanet *,87.0,653.0,92.0,14.088820826952526,13.32312404287902,True
43028 Bisbal del Penedès (La),252.0,2953.0,635.0,21.503555706061633,8.533694547917372,False
43031 Borges del Camp (Les),107.0,1118.0,127.0,11.359570661896242,9.570661896243292,False
43033 Botarell *,64.0,590.0,42.0,7.11864406779661,10.847457627118644,True
43036 Cabra del Camp,130.0,966.0,198.0,20.496894409937887,13.457556935817806,False
43037 Calafell,5570.0,27112.0,3311.0,12.212304514606078,20.544408380053113,False
43038 Cambrils,6043.0,31733.0,5178.0,16.317398291998867,19.043267261210726,False
43042 Castellvell del Camp,53.0,1203.0,177.0,14.713216957605985,4.405652535328346,False
43043 Catllar (El),198.0,2725.0,330.0,12.110091743119266,7.26605504587156,False
43044 Sénia (La),231.0,3055.0,556.0,18.199672667757774,7.561374795417349,False
43047 Constantí,233.0,3232.0,612.0,18.935643564356436,7.209158415841584,False
43050 Creixell,735.0,4049.0,502.0,12.398122993331686,18.152630279081254,False
43051 Cunit,2775.0,13027.0,1323.0,10.15583019881784,21.301911414753974,False
43052 Xerta,65.0,855.0,242.0,28.304093567251464,7.60233918128655,False
43054 Espluga de Francolí (L'),190.0,2364.0,551.0,23.307952622673437,8.037225042301184,False
43055 Falset,191.0,1712.0,301.0,17.58177570093458,11.156542056074766,False
43060 Flix,160.0,2489.0,897.0,36.038569706709524,6.428284451586983,False
43064 Gandesa *,120.0,1486.0,207.0,13.930013458950201,8.075370121130552,True
43071 Horta de Sant Joan,127.0,984.0,288.0,29.26829268292683,12.90650406504065,False
43074 Llorenç del Penedès,73.0,1111.0,111.0,9.990999099909992,6.570657065706571,False
43078 Masdenverge,100.0,752.0,97.0,12.898936170212766,13.297872340425531,False
43086 Montblanc,324.0,3957.0,452.0,11.42279504675259,8.188021228203183,False
43088 Montbrió del Camp,146.0,1706.0,208.0,12.192262602579133,8.558030480656507,False
43090 Montmell (El),179.0,1739.0,485.0,27.889591719378952,10.293271995399655,False
43092 Mont-roig del Camp,3152.0,16661.0,3737.0,22.429626072864774,18.91843226697077,False
43093 Móra d'Ebre,202.0,3147.0,587.0,18.6526850969177,6.418811566571338,False
43094 Móra la Nova,140.0,1553.0,189.0,12.169993560849967,9.01481004507405,False
43095 Morell (El),126.0,1728.0,162.0,9.375,7.291666666666667,False
43100 Pallaresos (Els),80.0,1932.0,173.0,8.954451345755693,4.140786749482402,False
43103 Perafort,33.0,572.0,87.0,15.20979020979021,5.769230769230769,False
43104 Perelló (El),205.0,3002.0,1492.0,49.7001998667555,6.828780812791472,False
43108 Pla de Santa Maria (El),115.0,1370.0,324.0,23.64963503649635,8.394160583941606,False
43109 Pobla de Mafumet (La),89.0,1615.0,245.0,15.170278637770897,5.510835913312693,False
43111 Pobla de Montornès (La),228.0,2155.0,317.0,14.70997679814385,10.580046403712297,False
43119 Puigpelat,46.0,600.0,88.0,14.666666666666666,7.666666666666667,False
43123 Reus,3107.0,51284.0,5928.0,11.559160751891428,6.058419780048358,False
43125 Riba-roja d'Ebre,108.0,879.0,162.0,18.43003412969283,12.286689419795222,False
43126 Riera de Gaià (La) *,72.0,869.0,68.0,7.825086306098965,8.285385500575375,True
43127 Riudecanyes,62.0,766.0,174.0,22.715404699738905,8.093994778067884,False
43128 Riudecols,55.0,711.0,128.0,18.0028129395218,7.7355836849507735,False
43129 Riudoms *,306.0,3447.0,343.0,9.950681752248332,8.877284595300262,True
43131 Roda de Berà,1787.0,8762.0,1124.0,12.82812143346268,20.394887012097694,False
43133 Roquetes,298.0,4293.0,515.0,11.99627300256231,6.9415327276962495,False
43136 Sant Carles de la Ràpita,1999.0,12074.0,1959.0,16.2249461653139,16.556236541328474,False
43137 Sant Jaume dels Domenys,126.0,1482.0,113.0,7.624831309041835,8.502024291497976,False
43138 Santa Bàrbara,206.0,2304.0,394.0,17.100694444444443,8.940972222222221,False
43139 Santa Coloma de Queralt *,128.0,1584.0,174.0,10.984848484848484,8.080808080808081,True
43140 Santa Oliva,137.0,1729.0,234.0,13.533834586466165,7.923655292076345,False
43142 Sarral,115.0,983.0,278.0,28.280773143438452,11.698880976602238,False
43144 Secuita (La),65.0,981.0,229.0,23.343527013251784,6.625891946992865,False
43145 Selva del Camp (La) *,200.0,2696.0,241.0,8.939169139465875,7.4183976261127595,True
43148 Tarragona,4414.0,67200.0,8312.0,12.369047619047619,6.568452380952381,False
43150 Tivissa,108.0,1239.0,399.0,32.20338983050848,8.716707021791768,False
43153 Torredembarra,2758.0,14553.0,1160.0,7.970865113722256,18.95141895141895,False
43155 Tortosa,1426.0,19654.0,3514.0,17.879312099318206,7.255520504731861,False
43156 Ulldecona,295.0,3926.0,1053.0,26.821192052980134,7.5140091696383084,False
43160 Vallmoll,66.0,1038.0,267.0,25.722543352601157,6.358381502890174,False
43161 Valls,820.0,13368.0,2375.0,17.76630760023938,6.134051466187912,False
43162 Vandellòs i l'Hospitalet de l'Infan,1096.0,5913.0,1128.0,19.076610857432776,18.535430407576527,False
43163 Vendrell (El),5303.0,31063.0,3377.0,10.871454785436049,17.071757396259216,False
43166 Vilallonga del Camp *,88.0,1189.0,101.0,8.494533221194281,7.401177460050462,True
43170 Vila-rodona,79.0,845.0,211.0,24.97041420118343,9.349112426035504,False
43171 Vila-seca,3118.0,17417.0,3119.0,17.907791238445196,17.90204972153643,False
43178 Vinyols i els Arcs,247.0,1530.0,129.0,8.431372549019608,16.143790849673202,False
43901 Deltebre,644.0,7253.0,1358.0,18.723286915758997,8.87908451675169,False
43902 Sant Jaume d'Enveja,289.0,2498.0,537.0,21.497197758206564,11.569255404323458,False
43903 Camarles,205.0,2027.0,315.0,15.540207202762703,10.113468179575728,False
43904 Aldea (L'),204.0,2560.0,565.0,22.0703125,7.96875,False
43905 Salou,6548.0,31523.0,7211.0,22.87536084763506,20.772134631856105,False
43906 Ampolla (L'),902.0,5035.0,837.0,16.623634558093347,17.91459781529295,False
"43907 Canonja, La",133.0,2673.0,405.0,15.151515151515152,4.975682753460531,False
43999 Resto de Tarragona,4219.0,34101.0,8402.0,24.6385736488666,12.372071200258057,False
44008 Albalate del Arzobispo,177.0,1656.0,503.0,30.3743961352657,10.68840579710145,False
44013 Alcañiz,900.0,9400.0,1144.0,12.170212765957446,9.574468085106384,False
44014 Alcorisa,294.0,2397.0,543.0,22.65331664580726,12.265331664580726,False
44025 Andorra,377.0,4397.0,785.0,17.853081646577213,8.574027746190584,False
44050 Calamocha,537.0,3795.0,881.0,23.21475625823452,14.150197628458498,False
44051 Calanda,271.0,2593.0,713.0,27.497107597377553,10.451214809101426,False
44076 Cella,247.0,1778.0,345.0,19.40382452193476,13.89201349831271,False
44122 Híjar,192.0,1555.0,496.0,31.89710610932476,12.347266881028938,False
44145 Mas de las Matas,167.0,1200.0,319.0,26.583333333333332,13.916666666666666,False
44153 Monreal del Campo,218.0,1767.0,423.0,23.93887945670628,12.337294850028297,False
44155 Montalbán,182.0,1205.0,348.0,28.87966804979253,15.103734439834025,False
44158 Mora de Rubielos,450.0,1987.0,449.0,22.596879718168093,22.64720684448918,False
44209 Santa Eulalia,151.0,935.0,249.0,26.63101604278075,16.149732620320854,False
44210 Sarrión,234.0,1221.0,262.0,21.457821457821456,19.164619164619165,False
44216 Teruel,2518.0,21490.0,2252.0,10.479292694276408,11.717077710563052,False
44238 Utrillas *,223.0,1798.0,279.0,15.517241379310345,12.402669632925473,True
44246 Valderrobres,234.0,1707.0,233.0,13.649677797305214,13.708260105448154,False
44999 Resto de Teruel,11828.0,64830.0,22786.0,35.14730834490205,18.244639827240476,False
45001 Ajofrín,132.0,1427.0,278.0,19.481429572529784,9.250175192711984,False
45002 Alameda de la Sagra,93.0,2125.0,731.0,34.4,4.376470588235295,False
45006 Alcaudete de la Jara,221.0,1710.0,627.0,36.666666666666664,12.923976608187134,False
45013 Almorox,247.0,2364.0,776.0,32.82571912013536,10.448392554991539,False
45014 Añover de Tajo,155.0,2637.0,653.0,24.762988244216913,5.877891543420554,False
45016 Argés *,183.0,3030.0,160.0,5.2805280528052805,6.03960396039604,True
45019 Bargas,433.0,5674.0,560.0,9.86958054282693,7.631300669721536,False
45020 Belvís de la Jara,237.0,1589.0,356.0,22.404027690371304,14.915040906230333,False
45021 Borox,158.0,2319.0,610.0,26.304441569642087,6.813281586890901,False
45023 Burguillos de Toledo,99.0,1763.0,155.0,8.791832104367556,5.615428247305729,False
45024 Burujón,96.0,925.0,215.0,23.243243243243242,10.378378378378379,False
45025 Cabañas de la Sagra,50.0,974.0,259.0,26.591375770020534,5.13347022587269,False
45028 Calera y Chozas,279.0,3087.0,636.0,20.602526724975704,9.037900874635568,False
45031 Camarena,225.0,3155.0,1096.0,34.73851030110935,7.131537242472266,False
45034 Camuñas *,124.0,1235.0,329.0,26.639676113360323,10.040485829959515,True
45037 Carpio de Tajo (El),204.0,1602.0,462.0,28.83895131086142,12.734082397003744,False
45038 Carranque,173.0,2736.0,386.0,14.108187134502923,6.323099415204679,False
45040 Casar de Escalona (El),478.0,3205.0,500.0,15.600624024960998,14.914196567862714,False
45041 Casarrubios del Monte,328.0,5001.0,1424.0,28.474305138972205,6.55868826234753,False
45045 Cazalegas,209.0,1523.0,293.0,19.238345370978333,13.722915298752461,False
45046 Cebolla,165.0,2000.0,402.0,20.1,8.25,False
45047 Cedillo del Condado,141.0,2517.0,630.0,25.02979737783075,5.601907032181168,False
45051 Cobeja,48.0,1136.0,376.0,33.098591549295776,4.225352112676056,False
45052 Cobisa *,85.0,2024.0,75.0,3.705533596837945,4.199604743083004,True
45053 Consuegra,427.0,5769.0,1615.0,27.99445311145779,7.401629398509273,False
45054 Corral de Almaguer,327.0,3813.0,1336.0,35.038027799632836,8.575924468922109,False
45055 Cuerva,143.0,1073.0,397.0,36.99906803355079,13.327120223671947,False
45056 Chozas de Canales,204.0,2456.0,860.0,35.01628664495114,8.306188925081432,False
45059 Dosbarrios,123.0,1451.0,423.0,29.152308752584425,8.476912474155755,False
45061 Escalona,713.0,4868.0,998.0,20.501232539030404,14.646672144617913,False
45062 Escalonilla,93.0,1047.0,349.0,33.333333333333336,8.882521489971346,False
45064 Esquivias,115.0,2714.0,641.0,23.618275607958733,4.237288135593221,False
45066 Fuensalida,357.0,6323.0,2089.0,33.03811481891507,5.646054088249249,False
45067 Gálvez,192.0,1954.0,392.0,20.061412487205732,9.825997952917094,False
45069 Gerindote,85.0,1497.0,465.0,31.062124248496993,5.678022712090848,False
45070 Guadamur,98.0,1088.0,157.0,14.430147058823529,9.007352941176471,False
45071 Guardia (La),187.0,1838.0,686.0,37.323177366702936,10.174102285092491,False
45078 Huerta de Valdecarábanos,103.0,1309.0,576.0,44.00305576776165,7.868601986249045,False
45081 Illescas,621.0,12265.0,1098.0,8.952303302079088,5.06318793314309,False
45082 Lagartera,131.0,1200.0,383.0,31.916666666666668,10.916666666666666,False
45084 Lillo,230.0,2096.0,566.0,27.00381679389313,10.973282442748092,False
45085 Lominchar,87.0,1361.0,425.0,31.227038941954444,6.39235855988244,False
45087 Madridejos *,459.0,5556.0,1312.0,23.61411087113031,8.26133909287257,True
45088 Magán,176.0,2311.0,559.0,24.18866291648637,7.615750757247945,False
45089 Malpica de Tajo,120.0,1241.0,220.0,17.7276390008058,9.6696212731668,False
45096 Mazarambroz,120.0,917.0,164.0,17.884405670665213,13.086150490730644,False
45097 Mejorada,105.0,1081.0,350.0,32.37742830712303,9.71322849213691,False
45098 Menasalbas,246.0,1994.0,559.0,28.03410230692076,12.337011033099298,False
45099 Méntrida,339.0,4019.0,965.0,24.01094799701418,8.434934063199801,False
45101 Miguel Esteban *,353.0,2897.0,497.0,17.15567828788402,12.18501898515706,True
45102 Mocejón,180.0,2365.0,270.0,11.416490486257928,7.6109936575052854,False
45106 Mora,485.0,5859.0,1582.0,27.001194743130227,8.277863116572794,False
45107 Nambroca,196.0,2536.0,162.0,6.38801261829653,7.728706624605678,False
45109 Navahermosa,365.0,3031.0,761.0,25.10722533817222,12.042230287033982,False
45110 Navalcán,302.0,2287.0,748.0,32.70660253607346,13.20507214691736,False
45112 Navalmorales (Los),333.0,2105.0,559.0,26.555819477434678,15.819477434679335,False
45113 Navalucillos (Los),426.0,2702.0,905.0,33.49370836417469,15.766099185788304,False
45115 Noblejas,152.0,2083.0,539.0,25.87614018242919,7.297167546807489,False
45118 Novés,174.0,1893.0,443.0,23.402007395668253,9.19175911251981,False
45119 Numancia de la Sagra,130.0,2495.0,407.0,16.312625250501004,5.210420841683367,False
45121 Ocaña,637.0,8041.0,2054.0,25.544086556398458,7.921900261161547,False
45122 Olías del Rey *,243.0,3925.0,220.0,5.6050955414012735,6.191082802547771,True
45123 Ontígola,132.0,2923.0,363.0,12.418747861785837,4.515908313376668,False
45124 Orgaz,149.0,1732.0,550.0,31.755196304849886,8.602771362586605,False
45125 Oropesa,248.0,2201.0,535.0,24.307133121308496,11.267605633802816,False
45127 Palomeque,125.0,989.0,218.0,22.04246713852376,12.639029322548028,False
45128 Pantoja,79.0,1600.0,357.0,22.3125,4.9375,False
45132 Pepino,124.0,1716.0,117.0,6.818181818181818,7.226107226107226,False
45133 Polán,169.0,2097.0,355.0,16.92894611349547,8.059132093466857,False
45134 Portillo de Toledo,80.0,1272.0,411.0,32.31132075471698,6.289308176100629,False
45135 Puebla de Almoradiel (La) *,411.0,3157.0,464.0,14.697497624326893,13.018688628444727,True
45136 Puebla de Montalbán (La),336.0,4262.0,776.0,18.207414359455655,7.883622712341624,False
45137 Pueblanueva (La),200.0,1580.0,287.0,18.164556962025316,12.658227848101266,False
45138 Puente del Arzobispo (El) *,110.0,823.0,139.0,16.88942891859052,13.365735115431349,True
45140 Pulgar,85.0,1041.0,265.0,25.456292026897213,8.165225744476466,False
45141 Quero,93.0,989.0,344.0,34.78260869565217,9.403437815975733,False
45142 Quintanar de la Orden,695.0,6462.0,994.0,15.382234602290312,10.755184153512845,False
45143 Quismondo,145.0,1301.0,326.0,25.057647963105303,11.145272867025366,False
45145 Recas,154.0,2611.0,988.0,37.83990808119494,5.898123324396783,False
45153 San Pablo de los Montes,226.0,1601.0,408.0,25.484072454715804,14.116177389131792,False
45154 San Román de los Montes,205.0,2147.0,297.0,13.833255705635771,9.548206800186307,False
45156 Santa Cruz de la Zarza,246.0,2903.0,839.0,28.90113675508095,8.473992421632794,False
45157 Santa Cruz del Retamar,445.0,3803.0,904.0,23.770707336313436,11.701288456481725,False
45158 Santa Olalla,235.0,2374.0,553.0,23.29401853411963,9.898904802021905,False
45160 Segurilla,116.0,994.0,256.0,25.75452716297787,11.670020120724345,False
45161 Seseña,618.0,12174.0,1357.0,11.146706094956464,5.076392311483489,False
45163 Sonseca *,546.0,5567.0,545.0,9.789832944135082,9.807795940362853,True
45165 Talavera de la Reina,3698.0,43263.0,5049.0,11.670480549199084,8.547719760534406,False
45166 Tembleque,159.0,1568.0,499.0,31.823979591836736,10.14030612244898,False
45167 Toboso (El) *,169.0,1442.0,246.0,17.05963938973648,11.719833564493758,True
45168 Toledo,3441.0,40498.0,2672.0,6.597856684280705,8.496715887204306,False
45171 Torre de Esteban Hambrán (La),106.0,1398.0,426.0,30.472103004291846,7.582260371959943,False
45173 Torrijos,543.0,6936.0,764.0,11.014994232987313,7.828719723183391,False
45176 Ugena,137.0,2720.0,390.0,14.338235294117647,5.036764705882353,False
45177 Urda,207.0,2126.0,711.0,33.44308560677328,9.73659454374412,False
45180 Valmojado,130.0,2298.0,390.0,16.971279373368148,5.657093124456049,False
45181 Velada,147.0,1722.0,382.0,22.18350754936121,8.536585365853659,False
45182 Ventas con Peña Aguilera (Las),166.0,1310.0,493.0,37.63358778625954,12.67175572519084,False
45183 Ventas de Retamosa (Las),160.0,2250.0,441.0,19.6,7.111111111111111,False
45185 Villacañas,420.0,5468.0,1500.0,27.432333577176298,7.681053401609364,False
45186 Villa de Don Fadrique (La),300.0,2496.0,506.0,20.272435897435898,12.01923076923077,False
45187 Villafranca de los Caballeros,297.0,3163.0,963.0,30.445779323427125,9.389819791337338,False
45188 Villaluenga de la Sagra,159.0,1956.0,202.0,10.32719836400818,8.128834355828221,False
45192 Villanueva de Alcardete *,295.0,2297.0,395.0,17.19634305616021,12.84283848498041,True
45195 Villarrubia de Santiago,152.0,1758.0,534.0,30.37542662116041,8.646188850967008,False
45196 Villaseca de la Sagra,85.0,1009.0,142.0,14.073339940535183,8.424182358771061,False
45197 Villasequilla,106.0,1595.0,513.0,32.16300940438872,6.64576802507837,False
45198 Villatobas,197.0,1983.0,716.0,36.10690872415532,9.934442763489661,False
45199 Viso de San Juan (El),422.0,4223.0,777.0,18.39924224484963,9.99289604546531,False
45200 Yébenes (Los),257.0,3276.0,965.0,29.456654456654455,7.844932844932845,False
45201 Yeles,222.0,3515.0,1362.0,38.74822190611664,6.315789473684211,False
45202 Yepes,200.0,3159.0,939.0,29.72459639126306,6.331117442228553,False
45203 Yuncler,172.0,2428.0,441.0,18.16309719934102,7.0840197693574956,False
45205 Yuncos,275.0,5415.0,903.0,16.67590027700831,5.078485687903971,False
45901 Santo Domingo-Caudilla,84.0,960.0,323.0,33.645833333333336,8.75,False
45999 Resto de Toledo,7041.0,49616.0,13853.0,27.920428893905193,14.190986778458562,False
46001 Ademuz,267.0,1427.0,380.0,26.62929222144359,18.710581639803785,False
46002 Ador,69.0,1073.0,189.0,17.61416589002796,6.430568499534017,False
46003 Atzeneta d'Albaida,66.0,748.0,162.0,21.657754010695186,8.823529411764707,False
46004 Agullent,142.0,1540.0,271.0,17.5974025974026,9.220779220779221,False
46005 Alaquàs *,766.0,13175.0,714.0,5.419354838709677,5.814041745730551,True
46006 Albaida,337.0,3607.0,500.0,13.86193512614361,9.342944275020793,False
46007 Albal *,451.0,7194.0,433.0,6.018904642757854,6.269113149847095,True
46008 Albalat de la Ribera,148.0,2061.0,384.0,18.63173216885007,7.180980106744299,False
46009 Albalat dels Sorells,132.0,1952.0,159.0,8.145491803278688,6.762295081967213,False
46010 Albalat dels Tarongers,250.0,1855.0,201.0,10.835579514824797,13.477088948787062,False
46011 Alberic,448.0,6023.0,788.0,13.083181138967293,7.438153743981404,False
46012 Alborache,149.0,1218.0,149.0,12.233169129720855,12.233169129720855,False
46013 Alboraia/Alboraya,1245.0,13734.0,1031.0,7.506917139944663,9.065093927479248,False
46014 Albuixech,139.0,2028.0,239.0,11.785009861932938,6.854043392504931,False
46015 Alcàsser,339.0,4887.0,410.0,8.389605074687948,6.936771025168815,False
46016 Alcàntera de Xúquer,44.0,775.0,107.0,13.806451612903226,5.67741935483871,False
46017 Alzira,1664.0,24652.0,3886.0,15.763426902482557,6.749959435339932,False
46019 Alcúdia (l'),415.0,6253.0,677.0,10.826803134495442,6.636814329122021,False
46020 Alcúdia de Crespins (l'),215.0,2870.0,325.0,11.32404181184669,7.491289198606272,False
46021 Aldaia,836.0,14434.0,1238.0,8.576971040598586,5.791880282665928,False
46022 Alfafar *,747.0,9644.0,630.0,6.53255910410618,7.7457486520116134,True
46025 Alfara del Patriarca,108.0,1889.0,123.0,6.511381683430386,5.717310746426681,False
46026 Alfarp,135.0,1393.0,222.0,15.936826992103374,9.691313711414214,False
46027 Alfarrasí,57.0,673.0,94.0,13.967310549777118,8.469539375928678,False
46029 Algemesí,881.0,14059.0,2357.0,16.765061526424354,6.266448538302867,False
46030 Algímia d'Alfara,60.0,801.0,144.0,17.97752808988764,7.49063670411985,False
46031 Alginet,420.0,7534.0,899.0,11.932572338731086,5.574727900185824,False
46032 Almàssera *,249.0,3521.0,247.0,7.015052541891508,7.071854586765124,True
46034 Almoines,90.0,1240.0,113.0,9.112903225806452,7.258064516129032,False
46035 Almussafes *,267.0,4015.0,292.0,7.2727272727272725,6.650062266500623,True
46037 Alqueria de la Comtessa (l'),62.0,807.0,106.0,13.135068153655514,7.68277571251549,False
46039 Anna,160.0,1583.0,256.0,16.171825647504736,10.107391029690461,False
46040 Antella,77.0,844.0,206.0,24.407582938388625,9.123222748815166,False
46042 Aielo de Malferit,211.0,2453.0,328.0,13.371381981247453,8.601712189156135,False
46044 Ayora,410.0,3647.0,632.0,17.329311763092953,11.242116808335618,False
46045 Barxeta,91.0,1044.0,211.0,20.21072796934866,8.71647509578544,False
46046 Barx,100.0,1147.0,332.0,28.94507410636443,8.718395815170009,False
46048 Bellreguard,937.0,4421.0,559.0,12.644198145216015,21.194299932142048,False
46051 Benaguasil,532.0,6658.0,969.0,14.553920096124962,7.9903875037548815,False
46054 Benetússer *,482.0,7112.0,464.0,6.524184476940382,6.777277840269966,True
46055 Beniarjó,84.0,1044.0,177.0,16.95402298850575,8.045977011494253,False
46058 Benifairó de les Valls,83.0,1235.0,171.0,13.846153846153847,6.720647773279352,False
46059 Benifairó de la Valldigna,100.0,1001.0,158.0,15.784215784215784,9.99000999000999,False
46060 Benifaió,445.0,6244.0,587.0,9.401024983984625,7.126841768097374,False
46062 Benigànim,294.0,3373.0,584.0,17.313963830418025,8.716276311888526,False
46063 Benimodo,69.0,1208.0,270.0,22.350993377483444,5.711920529801325,False
46065 Beniparrell *,94.0,1001.0,94.0,9.390609390609391,9.390609390609391,True
46066 Benirredrà,32.0,624.0,57.0,9.134615384615385,5.128205128205129,False
46067 Benissanó *,106.0,1189.0,104.0,8.746846089150546,8.915054667788057,True
46070 Bétera,949.0,12966.0,1113.0,8.583988894030542,7.319142372358476,False
46072 Bocairent,354.0,3420.0,770.0,22.514619883040936,10.350877192982455,False
46073 Bolbaite,72.0,962.0,257.0,26.715176715176714,7.484407484407485,False
46074 Bonrepòs i Mirambell *,115.0,1772.0,117.0,6.602708803611738,6.489841986455982,True
46077 Buñol,494.0,5582.0,762.0,13.651021139376567,8.849874596918667,False
46078 Burjassot,1226.0,17991.0,1067.0,5.930743149352454,6.814518370296259,False
46080 Camporrobles,236.0,1227.0,283.0,23.06438467807661,19.23390383048085,False
46081 Canals,562.0,6903.0,691.0,10.010140518615096,8.141387802404752,False
46082 Canet d'En Berenguer *,2826.0,9812.0,524.0,5.340399510803098,28.801467590705258,True
46083 Carcaixent,916.0,11812.0,1824.0,15.441923467660006,7.754825601083644,False
46084 Càrcer,69.0,1011.0,164.0,16.2215628090999,6.824925816023739,False
46085 Carlet,634.0,9043.0,1508.0,16.675881897600355,7.010947694349221,False
46089 Casinos,161.0,2059.0,583.0,28.31471588149587,7.819329771733852,False
46090 Castelló de Rugat,114.0,1315.0,227.0,17.26235741444867,8.669201520912548,False
46093 Catadau,187.0,2131.0,423.0,19.84983575786016,8.775222900046927,False
46094 Catarroja *,762.0,12401.0,762.0,6.144665752761874,6.144665752761874,True
46097 Cofrentes,84.0,692.0,163.0,23.55491329479769,12.138728323699421,False
46098 Corbera,189.0,2198.0,413.0,18.78980891719745,8.598726114649681,False
46101 Quart de les Valls,53.0,629.0,87.0,13.83147853736089,8.426073131955485,False
46102 Quart de Poblet,799.0,12037.0,1093.0,9.080335631801944,6.6378665780510095,False
46103 Quartell *,65.0,822.0,91.0,11.070559610705596,7.907542579075426,True
46104 Quatretonda,121.0,1479.0,361.0,24.40838404327248,8.181203515889115,False
46105 Cullera,7351.0,29168.0,3982.0,13.651947339550192,25.202276467361493,False
46106 Chelva,414.0,2328.0,653.0,28.04982817869416,17.783505154639176,False
46107 Chella,178.0,2027.0,716.0,35.323137641835224,8.781450419338924,False
46109 Cheste,425.0,5081.0,790.0,15.548120448730565,8.364495178114545,False
46110 Xirivella,904.0,13504.0,829.0,6.138921800947867,6.694312796208531,False
46111 Chiva,886.0,12449.0,2833.0,22.75684793959354,7.1170375130532575,False
46113 Daimús,1938.0,5984.0,576.0,9.62566844919786,32.38636363636363,False
46116 Eliana (l') *,464.0,8316.0,398.0,4.785954785954786,5.5796055796055795,True
46118 Enguera,371.0,3694.0,919.0,24.878180833784516,10.04331348132106,False
46120 Estivella,132.0,1302.0,347.0,26.65130568356375,10.138248847926267,False
46122 Faura,127.0,2015.0,283.0,14.044665012406949,6.302729528535981,False
46123 Favara,123.0,1547.0,310.0,20.038784744667097,7.95087265675501,False
46125 Fortaleny,48.0,573.0,77.0,13.43804537521815,8.37696335078534,False
46126 Foios,245.0,3579.0,371.0,10.366024029058396,6.845487566359318,False
46127 Font d'En Carròs (la),201.0,2532.0,510.0,20.14218009478673,7.938388625592417,False
46128 Font de la Figuera (la) *,236.0,1634.0,318.0,19.461444308445532,14.443084455324357,True
46130 Gavarda,42.0,609.0,103.0,16.912972085385878,6.896551724137931,False
46131 Gandia,8306.0,54541.0,9565.0,17.537265543352706,15.228910361012817,False
"46132 Genovés, el",116.0,1680.0,323.0,19.226190476190474,6.904761904761905,False
46134 Gilet,209.0,2524.0,536.0,21.236133122028527,8.280507131537242,False
46135 Godella,340.0,5563.0,443.0,7.963329138953802,6.111810174366349,False
46136 Godelleta,314.0,3230.0,507.0,15.696594427244582,9.721362229102168,False
46139 Guadassuar,260.0,3313.0,470.0,14.186537881074555,7.847872019317839,False
46143 Xeraco,1848.0,6786.0,483.0,7.117595048629531,27.232537577365164,False
46145 Xàtiva,1312.0,16908.0,1552.0,9.179086822805772,7.759640406907972,False
46146 Xeresa,104.0,1266.0,195.0,15.402843601895734,8.214849921011059,False
46147 Llíria,1332.0,15724.0,2157.0,13.717883490206054,8.471126939709997,False
46148 Loriguilla,73.0,1017.0,78.0,7.669616519174041,7.177974434611603,False
46150 Llutxent,113.0,1245.0,194.0,15.582329317269076,9.076305220883533,False
46154 Llanera de Ranes,42.0,607.0,108.0,17.792421746293247,6.919275123558484,False
46155 Llaurí,93.0,1025.0,274.0,26.73170731707317,9.073170731707316,False
46156 Llombai,156.0,1797.0,308.0,17.139677239844186,8.681135225375627,False
46157 Llosa de Ranes (la),158.0,2014.0,280.0,13.902681231380338,7.845084409136048,False
46158 Macastre,163.0,1336.0,323.0,24.176646706586826,12.20059880239521,False
46159 Manises,993.0,14239.0,1235.0,8.67336189339139,6.973804340192429,False
46160 Manuel,123.0,1449.0,234.0,16.149068322981368,8.488612836438923,False
46161 Marines,168.0,1328.0,206.0,15.512048192771084,12.650602409638553,False
46162 Massalavés,88.0,959.0,154.0,16.05839416058394,9.176225234619395,False
46163 Massalfassar,78.0,1422.0,182.0,12.79887482419128,5.485232067510548,False
46164 Massamagrell,514.0,7632.0,726.0,9.5125786163522,6.734800838574423,False
46165 Massanassa,288.0,4504.0,362.0,8.037300177619894,6.394316163410302,False
46166 Meliana *,275.0,5142.0,325.0,6.32049786075457,5.348113574484636,True
46168 Miramar,1417.0,4676.0,703.0,15.034217279726262,30.303678357570572,False
46169 Mislata,1282.0,20270.0,1691.0,8.342377898371979,6.324617661568821,False
46170 Mogente/Moixent,334.0,3092.0,635.0,20.536869340232858,10.802069857697283,False
46171 Moncada,624.0,10371.0,922.0,8.890174525118118,6.016777552791438,False
46172 Montserrat,570.0,6674.0,957.0,14.339226850464488,8.540605334132454,False
46173 Montaverner,93.0,925.0,102.0,11.027027027027026,10.054054054054054,False
46174 Montesa,64.0,784.0,214.0,27.29591836734694,8.16326530612245,False
46176 Montroi/Montroy,243.0,2771.0,651.0,23.49332370985204,8.76939732948394,False
46177 Museros,165.0,3293.0,314.0,9.535378074703917,5.010628606134224,False
46178 Nàquera/Náquera,721.0,6726.0,869.0,12.920011894142135,10.71959559916741,False
46179 Navarrés,203.0,1989.0,436.0,21.920563097033686,10.2061337355455,False
46181 Oliva,2773.0,21085.0,3142.0,14.901588807208917,13.151529523357837,False
46182 Olocau,281.0,2572.0,674.0,26.20528771384137,10.925349922239503,False
46183 Olleria (l'),369.0,5050.0,886.0,17.544554455445546,7.306930693069307,False
46184 Ontinyent,1440.0,19230.0,2607.0,13.556942277691107,7.488299531981279,False
46186 Paiporta,698.0,11653.0,640.0,5.492147944735262,5.989873852226895,False
46187 Palma de Gandía,117.0,1448.0,365.0,25.20718232044199,8.08011049723757,False
46188 Palmera,38.0,483.0,53.0,10.973084886128364,7.867494824016563,False
46190 Paterna,2057.0,33020.0,2486.0,7.528770442156269,6.229557843731072,False
46191 Pedralba,246.0,2689.0,662.0,24.618817404239493,9.14838229825214,False
46192 Petrés,76.0,739.0,112.0,15.155615696887686,10.284167794316645,False
46193 Picanya,276.0,4836.0,269.0,5.562448304383788,5.707196029776675,False
46194 Picassent,890.0,11556.0,1026.0,8.878504672897197,7.701626860505365,False
46195 Piles,930.0,3755.0,629.0,16.750998668442076,24.766977363515313,False
46197 Polinyà de Xúquer,110.0,1451.0,189.0,13.025499655410062,7.580978635423846,False
46198 Potries,59.0,700.0,111.0,15.857142857142858,8.428571428571429,False
46199 Pobla de Farnals (la),1614.0,7958.0,578.0,7.263131440060317,20.28147775823071,False
46200 Pobla del Duc (la),91.0,1403.0,325.0,23.16464718460442,6.486101211689237,False
46202 Pobla de Vallbona (la),799.0,12434.0,720.0,5.790574231944668,6.425928904616375,False
46203 Pobla Llarga (la),169.0,2510.0,337.0,13.426294820717132,6.733067729083666,False
"46204 Puig de Santa Maria, el",1085.0,6909.0,824.0,11.926472716746273,15.704154002026343,False
46205 Puçol,938.0,10948.0,1038.0,9.48118377785897,8.567774936061381,False
46207 Rafelbunyol *,277.0,4364.0,246.0,5.637030247479377,6.347387717690192,True
46208 Rafelcofer,79.0,860.0,178.0,20.697674418604652,9.186046511627907,False
46209 Rafelguaraf,112.0,1554.0,268.0,17.245817245817246,7.207207207207207,False
"46211 Real de Gandia, el",101.0,1337.0,125.0,9.349289454001497,7.554225878833209,False
46212 Real,129.0,1498.0,213.0,14.218958611481977,8.611481975967957,False
46213 Requena,1852.0,14555.0,2165.0,14.874613534867743,12.724149776709035,False
46214 Riba-roja de Túria,762.0,10974.0,653.0,5.950428285037361,6.943685073810825,False
46215 Riola,83.0,1036.0,173.0,16.698841698841697,8.011583011583012,False
46216 Rocafort,139.0,3062.0,208.0,6.792945787067277,4.5395166557805355,False
46217 Rotglà i Corberà,45.0,715.0,172.0,24.055944055944057,6.293706293706293,False
46218 Rótova,73.0,793.0,114.0,14.37578814627995,9.205548549810844,False
46220 Sagunto/Sagunt,4485.0,41287.0,4896.0,11.858454234989221,10.862983505703975,False
46223 Sedaví,306.0,4640.0,323.0,6.961206896551724,6.594827586206897,False
46227 Senyera *,31.0,531.0,46.0,8.662900188323917,5.83804143126177,True
46228 Serra,340.0,2880.0,428.0,14.86111111111111,11.805555555555555,False
46229 Siete Aguas,455.0,2036.0,433.0,21.267190569744596,22.347740667976424,False
46230 Silla *,591.0,8876.0,656.0,7.390716538981523,6.658404686795854,True
46231 Simat de la Valldigna,261.0,2457.0,446.0,18.15221815221815,10.622710622710622,False
46232 Sinarcas,186.0,908.0,144.0,15.859030837004406,20.484581497797357,False
46233 Sollana,203.0,2756.0,333.0,12.082728592162555,7.365747460087083,False
46235 Sueca,4571.0,25186.0,3389.0,13.455888191852617,18.148971650917176,False
46236 Sumacàrcer,84.0,769.0,186.0,24.187256176853055,10.923276983094928,False
46237 Tavernes Blanques,281.0,4221.0,379.0,8.978914949064203,6.6571902392797915,False
46238 Tavernes de la Valldigna,3100.0,15480.0,1877.0,12.12532299741602,20.025839793281655,False
46244 Torrent,2553.0,40564.0,3969.0,9.784538014002564,6.293758012030372,False
46246 Tous,49.0,928.0,370.0,39.87068965517241,5.280172413793103,False
46247 Tuéjar,251.0,1357.0,322.0,23.728813559322035,18.4966838614591,False
46248 Turís,603.0,5743.0,843.0,14.678739334842417,10.499738812467351,False
46249 Utiel,945.0,8043.0,1513.0,18.811388785279124,11.74934725848564,False
46250 València,30168.0,414988.0,36321.0,8.752301271362063,7.269607795888074,False
46251 Vallada,181.0,2092.0,516.0,24.665391969407267,8.652007648183556,False
46254 Venta del Moro,339.0,1629.0,368.0,22.590546347452424,20.810313075506446,False
46255 Vilallonga/Villalonga,266.0,3076.0,797.0,25.910273081924576,8.647594278283485,False
46256 Vilamarxant,602.0,7251.0,1184.0,16.328782236932838,8.302303130602676,False
46257 Villanueva de Castellón,240.0,3638.0,412.0,11.324903793293018,6.597031335898846,False
46258 Villar del Arzobispo,344.0,2830.0,665.0,23.498233215547703,12.15547703180212,False
46260 Vinalesa *,102.0,1693.0,113.0,6.674542232722977,6.0248080330773774,True
46261 Yátova,229.0,2028.0,594.0,29.28994082840237,11.291913214990139,False
46903 San Antonio de Benagéber,179.0,3961.0,170.0,4.291845493562231,4.519060843221409,False
46904 Benicull de Xúquer,71.0,755.0,103.0,13.642384105960264,9.403973509933774,False
46999 Resto de Valencia/València,5652.0,36790.0,8921.0,24.2484370752922,15.3628703452025,False
47004 Alaejos *,178.0,1207.0,248.0,20.546810273405136,14.747307373653687,True
47007 Aldeamayor de San Martín *,282.0,3047.0,148.0,4.857236626189695,9.255004922874958,True
47010 Arroyo de la Encomienda *,1000.0,9580.0,354.0,3.6951983298538624,10.438413361169102,True
47023 Boecillo *,183.0,2070.0,117.0,5.6521739130434785,8.840579710144928,True
47027 Cabezón de Pisuerga,231.0,2057.0,187.0,9.090909090909092,11.229946524064172,False
47030 Campaspero *,139.0,833.0,128.0,15.366146458583433,16.686674669867948,True
47050 Cigales *,259.0,2688.0,283.0,10.52827380952381,9.635416666666666,True
47052 Cistérniga *,359.0,4097.0,150.0,3.6612155235538197,8.76250915303881,True
47066 Fuensaldaña *,116.0,1157.0,96.0,8.297320656871218,10.025929127052722,True
47075 Íscar,286.0,3323.0,337.0,10.141438459223593,8.606680710201625,False
47076 Laguna de Duero *,703.0,10071.0,397.0,3.9420117168106446,6.980438883924139,True
47082 Matapozuelos *,120.0,721.0,77.0,10.679611650485437,16.643550624133148,True
47084 Mayorga,201.0,1149.0,228.0,19.843342036553526,17.4934725848564,False
47085 Medina del Campo,1171.0,11153.0,1041.0,9.333811530529902,10.499417197166682,False
47086 Medina de Rioseco *,371.0,2782.0,298.0,10.711718188353702,13.335729690869877,True
47090 Mojados,211.0,1960.0,203.0,10.357142857142858,10.76530612244898,False
47101 Nava del Rey *,229.0,1527.0,272.0,17.812704649639816,14.996725605762935,True
47104 Olmedo *,313.0,2266.0,218.0,9.620476610767874,13.81288614298323,True
47111 Pedraja de Portillo (La) *,113.0,884.0,106.0,11.990950226244344,12.782805429864254,True
47112 Pedrajas de San Esteban *,212.0,1798.0,163.0,9.06562847608454,11.7908787541713,True
47114 Peñafiel *,522.0,3471.0,528.0,15.211754537597233,15.038893690579084,True
47122 Portillo *,209.0,1549.0,196.0,12.653324725629439,13.492575855390575,True
47129 Quintanilla de Onésimo,116.0,748.0,121.0,16.176470588235293,15.508021390374331,False
47133 Renedo de Esgueva *,134.0,1681.0,96.0,5.710886377156455,7.971445568114218,True
47139 Rueda,128.0,884.0,152.0,17.194570135746606,14.479638009049774,False
47155 Santovenia de Pisuerga *,242.0,2183.0,127.0,5.81768208886853,11.08566193311956,True
47158 Seca (La) *,105.0,719.0,83.0,11.543810848400556,14.603616133518775,True
47159 Serrada *,55.0,595.0,74.0,12.436974789915967,9.243697478991596,True
47161 Simancas,248.0,2749.0,168.0,6.111313204801746,9.021462349945434,False
47165 Tordesillas,640.0,5613.0,584.0,10.40441831462676,11.402102262604668,False
47173 Traspinedo,256.0,1444.0,218.0,15.096952908587257,17.72853185595568,False
47175 Tudela de Duero,623.0,5344.0,513.0,9.599550898203592,11.657934131736527,False
47182 Valdestillas *,104.0,937.0,77.0,8.217716115261473,11.099252934898612,True
47186 Valladolid *,17523.0,159363.0,9588.0,6.016453003520265,10.995651437284689,True
47193 Viana de Cega,206.0,1556.0,180.0,11.568123393316196,13.239074550128535,False
47197 Villabrágima,107.0,701.0,120.0,17.118402282453637,15.263908701854493,False
47214 Villalón de Campos *,160.0,1123.0,211.0,18.788958147818345,14.247551202137133,True
47217 Villanubla *,191.0,1494.0,129.0,8.634538152610443,12.784471218206159,True
47218 Villanueva de Duero *,144.0,1023.0,89.0,8.699902248289344,14.07624633431085,True
47231 Zaratán *,303.0,2891.0,113.0,3.9086821169145622,10.48080249048772,True
47999 Resto de Valladolid,6331.0,36472.0,8209.0,22.507677122175917,17.358521605615266,False
48001 Abadiño *,372.0,3592.0,145.0,4.036748329621381,10.356347438752785,True
48002 Abanto y Ciérvana-Abanto Zierbena,429.0,4582.0,406.0,8.860759493670885,9.36272370144042,False
48003 Amorebieta-Etxano *,874.0,9038.0,428.0,4.735560964815225,9.670281035627351,True
48011 Arrigorriaga,474.0,5359.0,228.0,4.254525097966038,8.844933756297817,False
48012 Bakio,958.0,3276.0,274.0,8.363858363858364,29.242979242979242,False
48013 Barakaldo,3788.0,46654.0,3073.0,6.5867878424143695,8.119346679813091,False
48014 Barrika,77.0,782.0,60.0,7.672634271099744,9.846547314578006,False
48015 Basauri,1845.0,19257.0,1229.0,6.382094822661889,9.580931609284935,False
48016 Berango,178.0,2957.0,158.0,5.343253297260738,6.019614474129185,False
48017 Bermeo *,1097.0,9247.0,627.0,6.780577484589597,11.863307018492485,True
48018 Berriatua *,57.0,572.0,53.0,9.265734265734265,9.965034965034965,True
48019 Berriz *,231.0,2232.0,111.0,4.973118279569892,10.349462365591398,True
48020 Bilbao,16188.0,165685.0,9179.0,5.540030781301868,9.770347345867158,False
48021 Busturia,248.0,1388.0,176.0,12.680115273775217,17.86743515850144,False
48022 Karrantza Harana/Valle de Carranza,230.0,1807.0,269.0,14.88655229662424,12.728278915329275,False
48024 Zeanuri,71.0,819.0,164.0,20.024420024420024,8.669108669108669,False
48025 Zeberio,57.0,667.0,149.0,22.338830584707647,8.545727136431784,False
48026 Dima,79.0,855.0,117.0,13.68421052631579,9.239766081871345,False
48027 Durango,1142.0,13360.0,623.0,4.663173652694611,8.547904191616766,False
48029 Etxebarri,325.0,4761.0,165.0,3.465658475110271,6.826296996429321,False
48032 Elorrio *,352.0,3383.0,123.0,3.6358261897723914,10.404966006503104,True
48034 Ermua,596.0,7297.0,337.0,4.618336302590105,8.167740167191997,False
48036 Galdakao *,1279.0,13683.0,536.0,3.91726960461887,9.34736534385734,True
48038 Gamiz-Fika,43.0,605.0,52.0,8.59504132231405,7.107438016528926,False
48040 Gatika,49.0,732.0,50.0,6.830601092896175,6.693989071038251,False
48042 Gordexola,63.0,933.0,159.0,17.041800643086816,6.752411575562701,False
48043 Gorliz *,1063.0,4567.0,294.0,6.437486314867528,23.275673308517625,True
48044 Getxo,2840.0,34366.0,1658.0,4.824535878484549,8.263981842518769,False
48045 Güeñes,357.0,3344.0,298.0,8.911483253588516,10.675837320574162,False
48046 Gernika-Lumo,926.0,8237.0,338.0,4.103435716887216,11.241957023188053,False
48052 Larrabetzu,99.0,1055.0,95.0,9.004739336492891,9.383886255924171,False
48053 Laukiz,26.0,524.0,51.0,9.732824427480915,4.961832061068702,False
48054 Leioa *,1053.0,13804.0,407.0,2.9484207476093887,7.628223703274413,True
48055 Lemoa,172.0,1866.0,235.0,12.593783494105038,9.217577706323688,False
48056 Lemoiz,113.0,852.0,87.0,10.211267605633802,13.262910798122066,False
48057 Lekeitio *,1311.0,5338.0,223.0,4.177594604720869,24.55976020981641,True
48058 Mallabia *,61.0,547.0,22.0,4.021937842778794,11.151736745886655,True
48060 Markina-Xemein *,281.0,2536.0,185.0,7.294952681388013,11.080441640378549,True
48065 Ugao-Miraballes,243.0,2061.0,102.0,4.9490538573508,11.790393013100436,False
48067 Muxika,54.0,809.0,146.0,18.046971569839307,6.6749072929542645,False
48068 Mundaka,438.0,1700.0,119.0,7.0,25.764705882352942,False
48069 Mungia *,720.0,7934.0,306.0,3.8568187547264934,9.074867658179985,True
48071 Muskiz *,363.0,3512.0,164.0,4.669703872437358,10.335990888382687,True
48072 Otxandio,102.0,822.0,86.0,10.46228710462287,12.408759124087592,False
48073 Ondarroa *,435.0,4266.0,276.0,6.469760900140647,10.19690576652602,True
48074 Urduña/Orduña,316.0,2479.0,256.0,10.326744655102864,12.747075433642598,False
48075 Orozko,165.0,1601.0,223.0,13.928794503435354,10.306058713304186,False
48077 Plentzia,501.0,2916.0,246.0,8.436213991769547,17.181069958847736,False
48078 Portugalete,1978.0,21560.0,1204.0,5.584415584415584,9.174397031539888,False
48080 Valle de Trápaga-Trapagaran *,570.0,5795.0,278.0,4.797238999137187,9.836065573770492,True
48081 Lezama,61.0,1142.0,136.0,11.908931698774081,5.341506129597198,False
48082 Santurtzi,1841.0,21669.0,1487.0,6.862337902072085,8.496008122202225,False
48083 Ortuella,387.0,4180.0,423.0,10.119617224880383,9.258373205741627,False
48084 Sestao,1185.0,13547.0,1362.0,10.053886469329003,8.747324130803868,False
48085 Sopela *,828.0,6745.0,315.0,4.670126019273536,12.275759822090437,True
48086 Sopuerta,174.0,1511.0,183.0,12.111184645929848,11.515552614162806,False
48089 Urduliz,278.0,2327.0,131.0,5.629565964761495,11.946712505371723,False
48090 Balmaseda,437.0,3932.0,315.0,8.011190233977619,11.113936927772126,False
48091 Atxondo,64.0,667.0,64.0,9.5952023988006,9.5952023988006,False
48092 Bedia,63.0,589.0,56.0,9.507640067911714,10.69609507640068,False
48093 Areatza,80.0,726.0,98.0,13.49862258953168,11.019283746556473,False
48094 Igorre *,222.0,2068.0,91.0,4.4003868471953576,10.735009671179885,True
48095 Zaldibar,166.0,1475.0,81.0,5.491525423728813,11.254237288135593,False
48096 Zalla *,448.0,3946.0,151.0,3.8266599087683733,11.353269133299543,True
48097 Zaratamo,55.0,766.0,38.0,4.960835509138382,7.180156657963447,False
48901 Derio *,284.0,2978.0,92.0,3.0893216924110143,9.536601746138349,True
48902 Erandio,959.0,11025.0,408.0,3.7006802721088436,8.698412698412698,False
48903 Loiu,84.0,1041.0,70.0,6.724303554274736,8.069164265129682,False
48904 Sondika,212.0,2154.0,124.0,5.7567316620241415,9.842154131847725,False
48905 Zamudio,135.0,1502.0,120.0,7.989347536617843,8.988015978695072,False
48910 Iurreta *,167.0,1671.0,90.0,5.3859964093357275,9.994015559545183,True
48912 Alonsotegi,153.0,1496.0,124.0,8.288770053475936,10.227272727272727,False
48913 Zierbena,75.0,713.0,57.0,7.994389901823282,10.518934081346423,False
48999 Resto de Bizkaia,1640.0,12820.0,1811.0,14.126365054602184,12.792511700468019,False
49003 Alcañices *,155.0,950.0,197.0,20.736842105263158,16.31578947368421,True
49021 Benavente,1513.0,11804.0,1657.0,14.037614368010845,12.817688919010505,False
49023 Bermillo de Sayago,189.0,1163.0,343.0,29.4926913155632,16.251074806534824,False
49053 Coreses *,75.0,742.0,245.0,33.0188679245283,10.107816711590296,True
49065 Fermoselle,227.0,2194.0,1144.0,52.14220601640839,10.346399270738377,False
49081 Fuentesaúco *,214.0,1344.0,279.0,20.758928571428573,15.922619047619047,True
49125 Moraleja del Vino,128.0,1110.0,163.0,14.684684684684685,11.531531531531531,False
49127 Morales del Vino *,219.0,1833.0,166.0,9.056192034915439,11.947626841243862,True
49166 Puebla de Sanabria,181.0,1405.0,393.0,27.97153024911032,12.882562277580071,False
49187 San Cristóbal de Entreviñas *,110.0,928.0,132.0,14.224137931034482,11.85344827586207,True
49200 Santa Cristina de la Polvorosa,91.0,731.0,104.0,14.227086183310533,12.448700410396716,False
49219 Toro,782.0,6312.0,1164.0,18.44106463878327,12.389100126742711,False
49250 Villalpando *,171.0,1155.0,212.0,18.354978354978353,14.805194805194805,True
49261 Villaralbo,128.0,1254.0,161.0,12.838915470494419,10.207336523125997,False
49275 Zamora *,5027.0,39710.0,4305.0,10.841097960211533,12.659279778393351,True
49999 Resto de Zamora,12047.0,82975.0,29739.0,35.8409159385357,14.518830973184695,False
50006 Ainzón,114.0,855.0,198.0,23.157894736842106,13.333333333333334,False
50008 Alagón,228.0,3568.0,366.0,10.257847533632287,6.390134529147982,False
50017 Alfajarín,89.0,1350.0,261.0,19.333333333333332,6.592592592592593,False
50018 Alfamén *,70.0,722.0,55.0,7.617728531855955,9.695290858725762,True
50025 Almunia de Doña Godina (La) *,234.0,3453.0,283.0,8.195771792644077,6.776715899218071,True
50034 Ariza,134.0,1027.0,355.0,34.56669912366115,13.047711781888998,False
50038 Ateca,164.0,1523.0,469.0,30.794484569927775,10.76822061720289,False
50045 Belchite,166.0,1096.0,127.0,11.587591240875913,15.145985401459853,False
50055 Borja,430.0,3930.0,1048.0,26.666666666666668,10.94147582697201,False
50057 Brea de Aragón,104.0,1013.0,193.0,19.052319842053308,10.266535044422508,False
50062 Burgo de Ebro (El),133.0,1673.0,291.0,17.393903167961746,7.949790794979079,False
50066 Cadrete,251.0,2650.0,345.0,13.018867924528301,9.471698113207546,False
50067 Calatayud,1230.0,12400.0,2103.0,16.95967741935484,9.919354838709678,False
50068 Calatorao,141.0,1891.0,513.0,27.128503437334743,7.45637228979376,False
50073 Cariñena,203.0,2069.0,389.0,18.801353310778154,9.811503141614306,False
50074 Caspe,493.0,5571.0,1032.0,18.524501884760365,8.849398671692695,False
50089 Cuarte de Huerva,327.0,5640.0,250.0,4.432624113475177,5.797872340425532,False
50094 Daroca,265.0,1812.0,490.0,27.041942604856512,14.624724061810154,False
50095 Ejea de los Caballeros,799.0,9393.0,1517.0,16.150324709890345,8.506334504418184,False
50099 Épila,216.0,2508.0,562.0,22.40829346092504,8.61244019138756,False
50101 Escatrón,106.0,1107.0,402.0,36.31436314363144,9.57542908762421,False
50102 Fabara,52.0,744.0,240.0,32.25806451612903,6.989247311827957,False
50107 Figueruelas,39.0,607.0,74.0,12.191103789126853,6.42504118616145,False
50115 Fuentes de Ebro,174.0,2445.0,384.0,15.705521472392638,7.116564417177914,False
50118 Gallur,162.0,1917.0,547.0,28.53416797078769,8.450704225352112,False
50119 Gelsa,80.0,729.0,151.0,20.713305898491083,10.973936899862826,False
50126 Illueca,154.0,1678.0,270.0,16.090584028605484,9.177592371871276,False
50132 Joyosa (La),22.0,500.0,102.0,20.4,4.4,False
50137 Leciñena,81.0,759.0,191.0,25.164690382081687,10.671936758893281,False
50152 Maella,135.0,1361.0,375.0,27.553269654665687,9.919177075679647,False
50153 Magallón,105.0,797.0,171.0,21.455457967377665,13.174404015056462,False
50160 Mallén,157.0,1691.0,207.0,12.241277350680072,9.284447072738025,False
50163 María de Huerva,147.0,2664.0,376.0,14.114114114114114,5.518018018018018,False
50165 Mequinenza,110.0,1432.0,282.0,19.692737430167597,7.681564245810056,False
50175 Morata de Jalón,141.0,1276.0,537.0,42.0846394984326,11.050156739811912,False
50181 Muel,131.0,1066.0,200.0,18.76172607879925,12.288930581613508,False
50182 Muela (La),306.0,3782.0,840.0,22.210470650449498,8.090957165520889,False
50203 Pastriz,31.0,828.0,268.0,32.367149758454104,3.743961352657005,False
50204 Pedrola,129.0,1789.0,275.0,15.371716042481834,7.210732252655115,False
50208 Pina de Ebro,102.0,1455.0,336.0,23.09278350515464,7.010309278350515,False
50209 Pinseque,174.0,2229.0,313.0,14.042171377299237,7.806191117092867,False
50219 Puebla de Alfindén (La),158.0,2934.0,192.0,6.543967280163599,5.385139740967962,False
50222 Quinto,78.0,1080.0,218.0,20.185185185185187,7.222222222222222,False
50223 Remolinos,58.0,634.0,98.0,15.457413249211356,9.14826498422713,False
50225 Ricla,138.0,1615.0,390.0,24.148606811145513,8.544891640866872,False
50230 Sádaba,128.0,1147.0,415.0,36.181342632955534,11.159546643417611,False
50235 San Mateo de Gállego,140.0,1893.0,224.0,11.833069202324353,7.3956682514527206,False
50240 Sástago,82.0,889.0,328.0,36.89538807649044,9.22384701912261,False
50247 Sobradiel,27.0,516.0,60.0,11.627906976744185,5.232558139534884,False
50251 Tarazona,680.0,7081.0,1474.0,20.81626888857506,9.603163395000706,False
50252 Tauste,285.0,3969.0,889.0,22.39858906525573,7.180650037792895,False
50262 Torres de Berrellén,61.0,888.0,169.0,19.03153153153153,6.86936936936937,False
50272 Utebo,470.0,8130.0,354.0,4.354243542435424,5.781057810578106,False
50288 Villanueva de Gállego,190.0,2331.0,247.0,10.596310596310596,8.151008151008151,False
50297 Zaragoza,24571.0,338961.0,15792.0,4.658943064246329,7.248916542021059,False
50298 Zuera,298.0,4264.0,451.0,10.576923076923077,6.988742964352721,False
50903 Villamayor de Gállego,88.0,1556.0,461.0,29.627249357326477,5.655526992287918,False
50999 Resto de Zaragoza,9979.0,70911.0,27877.0,39.31265953096135,14.07256984106838,False
51001 Ceuta *,1778.0,28315.0,4089.0,14.441108952851845,6.279357231149567,True
52001 Melilla,2129.0,29347.0,2946.0,10.038504787542168,7.254574573210209,False
