fase,modelo_id,formula,muestra_ini,muestra_fin,n,r2_adj,aic,bic,rmse_oos,coef_interes,p_interes,notas
A4_prov_2021-2025,A4_prov_2021-2025_min_c422_m0.15_r1.25_e0.8_s0_u0.0,"brecha=P-c(1+m)-S/e; clases 1-4,9",2021,2026,52,,,,,,,"clases={""1"": 42, ""2"": 6, ""3"": 0, ""4"": 2, ""9"": 2}"
A4_prov_2021-2025,A4_prov_2021-2025_min_c422_m0.15_r1.25_e0.8_s0_u0.1,"brecha=P-c(1+m)-S/e; clases 1-4,9",2021,2026,52,,,,,,,"clases={""1"": 37, ""2"": 11, ""3"": 0, ""4"": 2, ""9"": 2}"
A4_prov_2021-2025,A4_prov_2021-2025_min_c422_m0.15_r1.25_e0.8_s0_u0.25,"brecha=P-c(1+m)-S/e; clases 1-4,9",2021,2026,52,,,,,,,"clases={""1"": 31, ""2"": 17, ""3"": 0, ""4"": 2, ""9"": 2}"
A4_prov_2021-2025,A4_prov_2021-2025_min_c422_m0.15_r1.25_e0.8_s1_u0.0,"brecha=P-c(1+m)-S/e; clases 1-4,9",2021,2026,52,,,,,,,"clases={""1"": 41, ""2"": 6, ""3"": 1, ""4"": 2, ""9"": 2}"
A4_prov_2021-2025,A4_prov_2021-2025_min_c422_m0.15_r1.25_e0.8_s1_u0.1,"brecha=P-c(1+m)-S/e; clases 1-4,9",2021,2026,52,,,,,,,"clases={""1"": 36, ""2"": 11, ""3"": 1, ""4"": 2, ""9"": 2}"
A4_prov_2021-2025,A4_prov_2021-2025_min_c422_m0.15_r1.25_e0.8_s1_u0.25,"brecha=P-c(1+m)-S/e; clases 1-4,9",2021,2026,52,,,,,,,"clases={""1"": 31, ""2"": 16, ""3"": 1, ""4"": 2, ""9"": 2}"
A4_prov_2021-2025,A4_prov_2021-2025_min_c422_m0.15_r1.25_e1.2_s0_u0.0,"brecha=P-c(1+m)-S/e; clases 1-4,9",2021,2026,52,,,,,,,"clases={""1"": 42, ""2"": 6, ""3"": 0, ""4"": 2, ""9"": 2}"
A4_prov_2021-2025,A4_prov_2021-2025_min_c422_m0.15_r1.25_e1.2_s0_u0.1,"brecha=P-c(1+m)-S/e; clases 1-4,9",2021,2026,52,,,,,,,"clases={""1"": 37, ""2"": 11, ""3"": 0, ""4"": 2, ""9"": 2}"
A4_prov_2021-2025,A4_prov_2021-2025_min_c422_m0.15_r1.25_e1.2_s0_u0.25,"brecha=P-c(1+m)-S/e; clases 1-4,9",2021,2026,52,,,,,,,"clases={""1"": 31, ""2"": 17, ""3"": 0, ""4"": 2, ""9"": 2}"
A4_prov_2021-2025,A4_prov_2021-2025_min_c422_m0.15_r1.25_e1.2_s1_u0.0,"brecha=P-c(1+m)-S/e; clases 1-4,9",2021,2026,52,,,,,,,"clases={""1"": 42, ""2"": 6, ""3"": 0, ""4"": 2, ""9"": 2}"
A4_prov_2021-2025,A4_prov_2021-2025_min_c422_m0.15_r1.25_e1.2_s1_u0.1,"brecha=P-c(1+m)-S/e; clases 1-4,9",2021,2026,52,,,,,,,"clases={""1"": 37, ""2"": 11, ""3"": 0, ""4"": 2, ""9"": 2}"
A4_prov_2021-2025,A4_prov_2021-2025_min_c422_m0.15_r1.25_e1.2_s1_u0.25,"brecha=P-c(1+m)-S/e; clases 1-4,9",2021,2026,52,,,,,,,"clases={""1"": 31, ""2"": 17, ""3"": 0, ""4"": 2, ""9"": 2}"
A4_prov_2021-2025,A4_prov_2021-2025_min_c422_m0.15_r1.25_e1.6_s0_u0.0,"brecha=P-c(1+m)-S/e; clases 1-4,9",2021,2026,52,,,,,,,"clases={""1"": 42, ""2"": 6, ""3"": 0, ""4"": 2, ""9"": 2}"
A4_prov_2021-2025,A4_prov_2021-2025_min_c422_m0.15_r1.25_e1.6_s0_u0.1,"brecha=P-c(1+m)-S/e; clases 1-4,9",2021,2026,52,,,,,,,"clases={""1"": 37, ""2"": 11, ""3"": 0, ""4"": 2, ""9"": 2}"
A4_prov_2021-2025,A4_prov_2021-2025_min_c422_m0.15_r1.25_e1.6_s0_u0.25,"brecha=P-c(1+m)-S/e; clases 1-4,9",2021,2026,52,,,,,,,"clases={""1"": 31, ""2"": 17, ""3"": 0, ""4"": 2, ""9"": 2}"
A4_prov_2021-2025,A4_prov_2021-2025_min_c422_m0.15_r1.25_e1.6_s1_u0.0,"brecha=P-c(1+m)-S/e; clases 1-4,9",2021,2026,52,,,,,,,"clases={""1"": 42, ""2"": 6, ""3"": 0, ""4"": 2, ""9"": 2}"
A4_prov_2021-2025,A4_prov_2021-2025_min_c422_m0.15_r1.25_e1.6_s1_u0.1,"brecha=P-c(1+m)-S/e; clases 1-4,9",2021,2026,52,,,,,,,"clases={""1"": 37, ""2"": 11, ""3"": 0, ""4"": 2, ""9"": 2}"
A4_prov_2021-2025,A4_prov_2021-2025_min_c422_m0.15_r1.25_e1.6_s1_u0.25,"brecha=P-c(1+m)-S/e; clases 1-4,9",2021,2026,52,,,,,,,"clases={""1"": 31, ""2"": 17, ""3"": 0, ""4"": 2, ""9"": 2}"
A4_prov_2021-2025,A4_prov_2021-2025_min_c422_m0.15_r1.5_e0.8_s0_u0.0,"brecha=P-c(1+m)-S/e; clases 1-4,9",2021,2026,52,,,,,,,"clases={""1"": 42, ""2"": 6, ""3"": 0, ""4"": 2, ""9"": 2}"
A4_prov_2021-2025,A4_prov_2021-2025_min_c422_m0.15_r1.5_e0.8_s0_u0.1,"brecha=P-c(1+m)-S/e; clases 1-4,9",2021,2026,52,,,,,,,"clases={""1"": 37, ""2"": 11, ""3"": 0, ""4"": 2, ""9"": 2}"
A4_prov_2021-2025,A4_prov_2021-2025_min_c422_m0.15_r1.5_e0.8_s0_u0.25,"brecha=P-c(1+m)-S/e; clases 1-4,9",2021,2026,52,,,,,,,"clases={""1"": 32, ""2"": 16, ""3"": 0, ""4"": 2, ""9"": 2}"
A4_prov_2021-2025,A4_prov_2021-2025_min_c422_m0.15_r1.5_e0.8_s1_u0.0,"brecha=P-c(1+m)-S/e; clases 1-4,9",2021,2026,52,,,,,,,"clases={""1"": 42, ""2"": 5, ""3"": 1, ""4"": 2, ""9"": 2}"
A4_prov_2021-2025,A4_prov_2021-2025_min_c422_m0.15_r1.5_e0.8_s1_u0.1,"brecha=P-c(1+m)-S/e; clases 1-4,9",2021,2026,52,,,,,,,"clases={""1"": 37, ""2"": 10, ""3"": 1, ""4"": 2, ""9"": 2}"
A4_prov_2021-2025,A4_prov_2021-2025_min_c422_m0.15_r1.5_e0.8_s1_u0.25,"brecha=P-c(1+m)-S/e; clases 1-4,9",2021,2026,52,,,,,,,"clases={""1"": 32, ""2"": 15, ""3"": 1, ""4"": 2, ""9"": 2}"
A4_prov_2021-2025,A4_prov_2021-2025_min_c422_m0.15_r1.5_e1.2_s0_u0.0,"brecha=P-c(1+m)-S/e; clases 1-4,9",2021,2026,52,,,,,,,"clases={""1"": 42, ""2"": 6, ""3"": 0, ""4"": 2, ""9"": 2}"
A4_prov_2021-2025,A4_prov_2021-2025_min_c422_m0.15_r1.5_e1.2_s0_u0.1,"brecha=P-c(1+m)-S/e; clases 1-4,9",2021,2026,52,,,,,,,"clases={""1"": 37, ""2"": 11, ""3"": 0, ""4"": 2, ""9"": 2}"
A4_prov_2021-2025,A4_prov_2021-2025_min_c422_m0.15_r1.5_e1.2_s0_u0.25,"brecha=P-c(1+m)-S/e; clases 1-4,9",2021,2026,52,,,,,,,"clases={""1"": 31, ""2"": 17, ""3"": 0, ""4"": 2, ""9"": 2}"
A4_prov_2021-2025,A4_prov_2021-2025_min_c422_m0.15_r1.5_e1.2_s1_u0.0,"brecha=P-c(1+m)-S/e; clases 1-4,9",2021,2026,52,,,,,,,"clases={""1"": 42, ""2"": 6, ""3"": 0, ""4"": 2, ""9"": 2}"
A4_prov_2021-2025,A4_prov_2021-2025_min_c422_m0.15_r1.5_e1.2_s1_u0.1,"brecha=P-c(1+m)-S/e; clases 1-4,9",2021,2026,52,,,,,,,"clases={""1"": 37, ""2"": 11, ""3"": 0, ""4"": 2, ""9"": 2}"
A4_prov_2021-2025,A4_prov_2021-2025_min_c422_m0.15_r1.5_e1.2_s1_u0.25,"brecha=P-c(1+m)-S/e; clases 1-4,9",2021,2026,52,,,,,,,"clases={""1"": 32, ""2"": 16, ""3"": 0, ""4"": 2, ""9"": 2}"
A4_prov_2021-2025,A4_prov_2021-2025_min_c422_m0.15_r1.5_e1.6_s0_u0.0,"brecha=P-c(1+m)-S/e; clases 1-4,9",2021,2026,52,,,,,,,"clases={""1"": 42, ""2"": 6, ""3"": 0, ""4"": 2, ""9"": 2}"
A4_prov_2021-2025,A4_prov_2021-2025_min_c422_m0.15_r1.5_e1.6_s0_u0.1,"brecha=P-c(1+m)-S/e; clases 1-4,9",2021,2026,52,,,,,,,"clases={""1"": 37, ""2"": 11, ""3"": 0, ""4"": 2, ""9"": 2}"
A4_prov_2021-2025,A4_prov_2021-2025_min_c422_m0.15_r1.5_e1.6_s0_u0.25,"brecha=P-c(1+m)-S/e; clases 1-4,9",2021,2026,52,,,,,,,"clases={""1"": 31, ""2"": 17, ""3"": 0, ""4"": 2, ""9"": 2}"
A4_prov_2021-2025,A4_prov_2021-2025_min_c422_m0.15_r1.5_e1.6_s1_u0.0,"brecha=P-c(1+m)-S/e; clases 1-4,9",2021,2026,52,,,,,,,"clases={""1"": 42, ""2"": 6, ""3"": 0, ""4"": 2, ""9"": 2}"
A4_prov_2021-2025,A4_prov_2021-2025_min_c422_m0.15_r1.5_e1.6_s1_u0.1,"brecha=P-c(1+m)-S/e; clases 1-4,9",2021,2026,52,,,,,,,"clases={""1"": 37, ""2"": 11, ""3"": 0, ""4"": 2, ""9"": 2}"
A4_prov_2021-2025,A4_prov_2021-2025_min_c422_m0.15_r1.5_e1.6_s1_u0.25,"brecha=P-c(1+m)-S/e; clases 1-4,9",2021,2026,52,,,,,,,"clases={""1"": 31, ""2"": 17, ""3"": 0, ""4"": 2, ""9"": 2}"
A4_prov_2021-2025,A4_prov_2021-2025_min_c422_m0.2_r1.25_e0.8_s0_u0.0,"brecha=P-c(1+m)-S/e; clases 1-4,9",2021,2026,52,,,,,,,"clases={""1"": 42, ""2"": 6, ""3"": 0, ""4"": 2, ""9"": 2}"
A4_prov_2021-2025,A4_prov_2021-2025_min_c422_m0.2_r1.25_e0.8_s0_u0.1,"brecha=P-c(1+m)-S/e; clases 1-4,9",2021,2026,52,,,,,,,"clases={""1"": 37, ""2"": 11, ""3"": 0, ""4"": 2, ""9"": 2}"
A4_prov_2021-2025,A4_prov_2021-2025_min_c422_m0.2_r1.25_e0.8_s0_u0.25,"brecha=P-c(1+m)-S/e; clases 1-4,9",2021,2026,52,,,,,,,"clases={""1"": 31, ""2"": 17, ""3"": 0, ""4"": 2, ""9"": 2}"
A4_prov_2021-2025,A4_prov_2021-2025_min_c422_m0.2_r1.25_e0.8_s1_u0.0,"brecha=P-c(1+m)-S/e; clases 1-4,9",2021,2026,52,,,,,,,"clases={""1"": 41, ""2"": 6, ""3"": 1, ""4"": 2, ""9"": 2}"
A4_prov_2021-2025,A4_prov_2021-2025_min_c422_m0.2_r1.25_e0.8_s1_u0.1,"brecha=P-c(1+m)-S/e; clases 1-4,9",2021,2026,52,,,,,,,"clases={""1"": 36, ""2"": 11, ""3"": 1, ""4"": 2, ""9"": 2}"
A4_prov_2021-2025,A4_prov_2021-2025_min_c422_m0.2_r1.25_e0.8_s1_u0.25,"brecha=P-c(1+m)-S/e; clases 1-4,9",2021,2026,52,,,,,,,"clases={""1"": 31, ""2"": 16, ""3"": 1, ""4"": 2, ""9"": 2}"
A4_prov_2021-2025,A4_prov_2021-2025_min_c422_m0.2_r1.25_e1.2_s0_u0.0,"brecha=P-c(1+m)-S/e; clases 1-4,9",2021,2026,52,,,,,,,"clases={""1"": 42, ""2"": 6, ""3"": 0, ""4"": 2, ""9"": 2}"
A4_prov_2021-2025,A4_prov_2021-2025_min_c422_m0.2_r1.25_e1.2_s0_u0.1,"brecha=P-c(1+m)-S/e; clases 1-4,9",2021,2026,52,,,,,,,"clases={""1"": 37, ""2"": 11, ""3"": 0, ""4"": 2, ""9"": 2}"
A4_prov_2021-2025,A4_prov_2021-2025_min_c422_m0.2_r1.25_e1.2_s0_u0.25,"brecha=P-c(1+m)-S/e; clases 1-4,9",2021,2026,52,,,,,,,"clases={""1"": 31, ""2"": 17, ""3"": 0, ""4"": 2, ""9"": 2}"
A4_prov_2021-2025,A4_prov_2021-2025_min_c422_m0.2_r1.25_e1.2_s1_u0.0,"brecha=P-c(1+m)-S/e; clases 1-4,9",2021,2026,52,,,,,,,"clases={""1"": 42, ""2"": 6, ""3"": 0, ""4"": 2, ""9"": 2}"
A4_prov_2021-2025,A4_prov_2021-2025_min_c422_m0.2_r1.25_e1.2_s1_u0.1,"brecha=P-c(1+m)-S/e; clases 1-4,9",2021,2026,52,,,,,,,"clases={""1"": 37, ""2"": 11, ""3"": 0, ""4"": 2, ""9"": 2}"
A4_prov_2021-2025,A4_prov_2021-2025_min_c422_m0.2_r1.25_e1.2_s1_u0.25,"brecha=P-c(1+m)-S/e; clases 1-4,9",2021,2026,52,,,,,,,"clases={""1"": 31, ""2"": 17, ""3"": 0, ""4"": 2, ""9"": 2}"
A4_prov_2021-2025,A4_prov_2021-2025_min_c422_m0.2_r1.25_e1.6_s0_u0.0,"brecha=P-c(1+m)-S/e; clases 1-4,9",2021,2026,52,,,,,,,"clases={""1"": 42, ""2"": 6, ""3"": 0, ""4"": 2, ""9"": 2}"
A4_prov_2021-2025,A4_prov_2021-2025_min_c422_m0.2_r1.25_e1.6_s0_u0.1,"brecha=P-c(1+m)-S/e; clases 1-4,9",2021,2026,52,,,,,,,"clases={""1"": 37, ""2"": 11, ""3"": 0, ""4"": 2, ""9"": 2}"
A4_prov_2021-2025,A4_prov_2021-2025_min_c422_m0.2_r1.25_e1.6_s0_u0.25,"brecha=P-c(1+m)-S/e; clases 1-4,9",2021,2026,52,,,,,,,"clases={""1"": 31, ""2"": 17, ""3"": 0, ""4"": 2, ""9"": 2}"
A4_prov_2021-2025,A4_prov_2021-2025_min_c422_m0.2_r1.25_e1.6_s1_u0.0,"brecha=P-c(1+m)-S/e; clases 1-4,9",2021,2026,52,,,,,,,"clases={""1"": 42, ""2"": 6, ""3"": 0, ""4"": 2, ""9"": 2}"
A4_prov_2021-2025,A4_prov_2021-2025_min_c422_m0.2_r1.25_e1.6_s1_u0.1,"brecha=P-c(1+m)-S/e; clases 1-4,9",2021,2026,52,,,,,,,"clases={""1"": 37, ""2"": 11, ""3"": 0, ""4"": 2, ""9"": 2}"
A4_prov_2021-2025,A4_prov_2021-2025_min_c422_m0.2_r1.25_e1.6_s1_u0.25,"brecha=P-c(1+m)-S/e; clases 1-4,9",2021,2026,52,,,,,,,"clases={""1"": 31, ""2"": 17, ""3"": 0, ""4"": 2, ""9"": 2}"
A4_prov_2021-2025,A4_prov_2021-2025_min_c422_m0.2_r1.5_e0.8_s0_u0.0,"brecha=P-c(1+m)-S/e; clases 1-4,9",2021,2026,52,,,,,,,"clases={""1"": 42, ""2"": 6, ""3"": 0, ""4"": 2, ""9"": 2}"
A4_prov_2021-2025,A4_prov_2021-2025_min_c422_m0.2_r1.5_e0.8_s0_u0.1,"brecha=P-c(1+m)-S/e; clases 1-4,9",2021,2026,52,,,,,,,"clases={""1"": 37, ""2"": 11, ""3"": 0, ""4"": 2, ""9"": 2}"
A4_prov_2021-2025,A4_prov_2021-2025_min_c422_m0.2_r1.5_e0.8_s0_u0.25,"brecha=P-c(1+m)-S/e; clases 1-4,9",2021,2026,52,,,,,,,"clases={""1"": 32, ""2"": 16, ""3"": 0, ""4"": 2, ""9"": 2}"
A4_prov_2021-2025,A4_prov_2021-2025_min_c422_m0.2_r1.5_e0.8_s1_u0.0,"brecha=P-c(1+m)-S/e; clases 1-4,9",2021,2026,52,,,,,,,"clases={""1"": 42, ""2"": 5, ""3"": 1, ""4"": 2, ""9"": 2}"
A4_prov_2021-2025,A4_prov_2021-2025_min_c422_m0.2_r1.5_e0.8_s1_u0.1,"brecha=P-c(1+m)-S/e; clases 1-4,9",2021,2026,52,,,,,,,"clases={""1"": 37, ""2"": 10, ""3"": 1, ""4"": 2, ""9"": 2}"
A4_prov_2021-2025,A4_prov_2021-2025_min_c422_m0.2_r1.5_e0.8_s1_u0.25,"brecha=P-c(1+m)-S/e; clases 1-4,9",2021,2026,52,,,,,,,"clases={""1"": 32, ""2"": 15, ""3"": 1, ""4"": 2, ""9"": 2}"
A4_prov_2021-2025,A4_prov_2021-2025_min_c422_m0.2_r1.5_e1.2_s0_u0.0,"brecha=P-c(1+m)-S/e; clases 1-4,9",2021,2026,52,,,,,,,"clases={""1"": 42, ""2"": 6, ""3"": 0, ""4"": 2, ""9"": 2}"
A4_prov_2021-2025,A4_prov_2021-2025_min_c422_m0.2_r1.5_e1.2_s0_u0.1,"brecha=P-c(1+m)-S/e; clases 1-4,9",2021,2026,52,,,,,,,"clases={""1"": 37, ""2"": 11, ""3"": 0, ""4"": 2, ""9"": 2}"
A4_prov_2021-2025,A4_prov_2021-2025_min_c422_m0.2_r1.5_e1.2_s0_u0.25,"brecha=P-c(1+m)-S/e; clases 1-4,9",2021,2026,52,,,,,,,"clases={""1"": 31, ""2"": 17, ""3"": 0, ""4"": 2, ""9"": 2}"
A4_prov_2021-2025,A4_prov_2021-2025_min_c422_m0.2_r1.5_e1.2_s1_u0.0,"brecha=P-c(1+m)-S/e; clases 1-4,9",2021,2026,52,,,,,,,"clases={""1"": 42, ""2"": 6, ""3"": 0, ""4"": 2, ""9"": 2}"
A4_prov_2021-2025,A4_prov_2021-2025_min_c422_m0.2_r1.5_e1.2_s1_u0.1,"brecha=P-c(1+m)-S/e; clases 1-4,9",2021,2026,52,,,,,,,"clases={""1"": 37, ""2"": 11, ""3"": 0, ""4"": 2, ""9"": 2}"
A4_prov_2021-2025,A4_prov_2021-2025_min_c422_m0.2_r1.5_e1.2_s1_u0.25,"brecha=P-c(1+m)-S/e; clases 1-4,9",2021,2026,52,,,,,,,"clases={""1"": 32, ""2"": 16, ""3"": 0, ""4"": 2, ""9"": 2}"
A4_prov_2021-2025,A4_prov_2021-2025_min_c422_m0.2_r1.5_e1.6_s0_u0.0,"brecha=P-c(1+m)-S/e; clases 1-4,9",2021,2026,52,,,,,,,"clases={""1"": 42, ""2"": 6, ""3"": 0, ""4"": 2, ""9"": 2}"
A4_prov_2021-2025,A4_prov_2021-2025_min_c422_m0.2_r1.5_e1.6_s0_u0.1,"brecha=P-c(1+m)-S/e; clases 1-4,9",2021,2026,52,,,,,,,"clases={""1"": 37, ""2"": 11, ""3"": 0, ""4"": 2, ""9"": 2}"
A4_prov_2021-2025,A4_prov_2021-2025_min_c422_m0.2_r1.5_e1.6_s0_u0.25,"brecha=P-c(1+m)-S/e; clases 1-4,9",2021,2026,52,,,,,,,"clases={""1"": 31, ""2"": 17, ""3"": 0, ""4"": 2, ""9"": 2}"
A4_prov_2021-2025,A4_prov_2021-2025_min_c422_m0.2_r1.5_e1.6_s1_u0.0,"brecha=P-c(1+m)-S/e; clases 1-4,9",2021,2026,52,,,,,,,"clases={""1"": 42, ""2"": 6, ""3"": 0, ""4"": 2, ""9"": 2}"
A4_prov_2021-2025,A4_prov_2021-2025_min_c422_m0.2_r1.5_e1.6_s1_u0.1,"brecha=P-c(1+m)-S/e; clases 1-4,9",2021,2026,52,,,,,,,"clases={""1"": 37, ""2"": 11, ""3"": 0, ""4"": 2, ""9"": 2}"
A4_prov_2021-2025,A4_prov_2021-2025_min_c422_m0.2_r1.5_e1.6_s1_u0.25,"brecha=P-c(1+m)-S/e; clases 1-4,9",2021,2026,52,,,,,,,"clases={""1"": 31, ""2"": 17, ""3"": 0, ""4"": 2, ""9"": 2}"
A4_prov_2021-2025,A4_prov_2021-2025_min_c422_m0.25_r1.25_e0.8_s0_u0.0,"brecha=P-c(1+m)-S/e; clases 1-4,9",2021,2026,52,,,,,,,"clases={""1"": 42, ""2"": 6, ""3"": 0, ""4"": 2, ""9"": 2}"
A4_prov_2021-2025,A4_prov_2021-2025_min_c422_m0.25_r1.25_e0.8_s0_u0.1,"brecha=P-c(1+m)-S/e; clases 1-4,9",2021,2026,52,,,,,,,"clases={""1"": 37, ""2"": 11, ""3"": 0, ""4"": 2, ""9"": 2}"
A4_prov_2021-2025,A4_prov_2021-2025_min_c422_m0.25_r1.25_e0.8_s0_u0.25,"brecha=P-c(1+m)-S/e; clases 1-4,9",2021,2026,52,,,,,,,"clases={""1"": 31, ""2"": 17, ""3"": 0, ""4"": 2, ""9"": 2}"
A4_prov_2021-2025,A4_prov_2021-2025_min_c422_m0.25_r1.25_e0.8_s1_u0.0,"brecha=P-c(1+m)-S/e; clases 1-4,9",2021,2026,52,,,,,,,"clases={""1"": 41, ""2"": 6, ""3"": 1, ""4"": 2, ""9"": 2}"
A4_prov_2021-2025,A4_prov_2021-2025_min_c422_m0.25_r1.25_e0.8_s1_u0.1,"brecha=P-c(1+m)-S/e; clases 1-4,9",2021,2026,52,,,,,,,"clases={""1"": 36, ""2"": 11, ""3"": 1, ""4"": 2, ""9"": 2}"
A4_prov_2021-2025,A4_prov_2021-2025_min_c422_m0.25_r1.25_e0.8_s1_u0.25,"brecha=P-c(1+m)-S/e; clases 1-4,9",2021,2026,52,,,,,,,"clases={""1"": 31, ""2"": 16, ""3"": 1, ""4"": 2, ""9"": 2}"
A4_prov_2021-2025,A4_prov_2021-2025_min_c422_m0.25_r1.25_e1.2_s0_u0.0,"brecha=P-c(1+m)-S/e; clases 1-4,9",2021,2026,52,,,,,,,"clases={""1"": 42, ""2"": 6, ""3"": 0, ""4"": 2, ""9"": 2}"
A4_prov_2021-2025,A4_prov_2021-2025_min_c422_m0.25_r1.25_e1.2_s0_u0.1,"brecha=P-c(1+m)-S/e; clases 1-4,9",2021,2026,52,,,,,,,"clases={""1"": 37, ""2"": 11, ""3"": 0, ""4"": 2, ""9"": 2}"
A4_prov_2021-2025,A4_prov_2021-2025_min_c422_m0.25_r1.25_e1.2_s0_u0.25,"brecha=P-c(1+m)-S/e; clases 1-4,9",2021,2026,52,,,,,,,"clases={""1"": 31, ""2"": 17, ""3"": 0, ""4"": 2, ""9"": 2}"
A4_prov_2021-2025,A4_prov_2021-2025_min_c422_m0.25_r1.25_e1.2_s1_u0.0,"brecha=P-c(1+m)-S/e; clases 1-4,9",2021,2026,52,,,,,,,"clases={""1"": 42, ""2"": 6, ""3"": 0, ""4"": 2, ""9"": 2}"
A4_prov_2021-2025,A4_prov_2021-2025_min_c422_m0.25_r1.25_e1.2_s1_u0.1,"brecha=P-c(1+m)-S/e; clases 1-4,9",2021,2026,52,,,,,,,"clases={""1"": 37, ""2"": 11, ""3"": 0, ""4"": 2, ""9"": 2}"
A4_prov_2021-2025,A4_prov_2021-2025_min_c422_m0.25_r1.25_e1.2_s1_u0.25,"brecha=P-c(1+m)-S/e; clases 1-4,9",2021,2026,52,,,,,,,"clases={""1"": 31, ""2"": 17, ""3"": 0, ""4"": 2, ""9"": 2}"
A4_prov_2021-2025,A4_prov_2021-2025_min_c422_m0.25_r1.25_e1.6_s0_u0.0,"brecha=P-c(1+m)-S/e; clases 1-4,9",2021,2026,52,,,,,,,"clases={""1"": 42, ""2"": 6, ""3"": 0, ""4"": 2, ""9"": 2}"
A4_prov_2021-2025,A4_prov_2021-2025_min_c422_m0.25_r1.25_e1.6_s0_u0.1,"brecha=P-c(1+m)-S/e; clases 1-4,9",2021,2026,52,,,,,,,"clases={""1"": 37, ""2"": 11, ""3"": 0, ""4"": 2, ""9"": 2}"
A4_prov_2021-2025,A4_prov_2021-2025_min_c422_m0.25_r1.25_e1.6_s0_u0.25,"brecha=P-c(1+m)-S/e; clases 1-4,9",2021,2026,52,,,,,,,"clases={""1"": 31, ""2"": 17, ""3"": 0, ""4"": 2, ""9"": 2}"
A4_prov_2021-2025,A4_prov_2021-2025_min_c422_m0.25_r1.25_e1.6_s1_u0.0,"brecha=P-c(1+m)-S/e; clases 1-4,9",2021,2026,52,,,,,,,"clases={""1"": 42, ""2"": 6, ""3"": 0, ""4"": 2, ""9"": 2}"
A4_prov_2021-2025,A4_prov_2021-2025_min_c422_m0.25_r1.25_e1.6_s1_u0.1,"brecha=P-c(1+m)-S/e; clases 1-4,9",2021,2026,52,,,,,,,"clases={""1"": 37, ""2"": 11, ""3"": 0, ""4"": 2, ""9"": 2}"
A4_prov_2021-2025,A4_prov_2021-2025_min_c422_m0.25_r1.25_e1.6_s1_u0.25,"brecha=P-c(1+m)-S/e; clases 1-4,9",2021,2026,52,,,,,,,"clases={""1"": 31, ""2"": 17, ""3"": 0, ""4"": 2, ""9"": 2}"
A4_prov_2021-2025,A4_prov_2021-2025_min_c422_m0.25_r1.5_e0.8_s0_u0.0,"brecha=P-c(1+m)-S/e; clases 1-4,9",2021,2026,52,,,,,,,"clases={""1"": 42, ""2"": 6, ""3"": 0, ""4"": 2, ""9"": 2}"
A4_prov_2021-2025,A4_prov_2021-2025_min_c422_m0.25_r1.5_e0.8_s0_u0.1,"brecha=P-c(1+m)-S/e; clases 1-4,9",2021,2026,52,,,,,,,"clases={""1"": 37, ""2"": 11, ""3"": 0, ""4"": 2, ""9"": 2}"
A4_prov_2021-2025,A4_prov_2021-2025_min_c422_m0.25_r1.5_e0.8_s0_u0.25,"brecha=P-c(1+m)-S/e; clases 1-4,9",2021,2026,52,,,,,,,"clases={""1"": 32, ""2"": 16, ""3"": 0, ""4"": 2, ""9"": 2}"
A4_prov_2021-2025,A4_prov_2021-2025_min_c422_m0.25_r1.5_e0.8_s1_u0.0,"brecha=P-c(1+m)-S/e; clases 1-4,9",2021,2026,52,,,,,,,"clases={""1"": 42, ""2"": 5, ""3"": 1, ""4"": 2, ""9"": 2}"
A4_prov_2021-2025,A4_prov_2021-2025_min_c422_m0.25_r1.5_e0.8_s1_u0.1,"brecha=P-c(1+m)-S/e; clases 1-4,9",2021,2026,52,,,,,,,"clases={""1"": 37, ""2"": 10, ""3"": 1, ""4"": 2, ""9"": 2}"
A4_prov_2021-2025,A4_prov_2021-2025_min_c422_m0.25_r1.5_e0.8_s1_u0.25,"brecha=P-c(1+m)-S/e; clases 1-4,9",2021,2026,52,,,,,,,"clases={""1"": 32, ""2"": 15, ""3"": 1, ""4"": 2, ""9"": 2}"
A4_prov_2021-2025,A4_prov_2021-2025_min_c422_m0.25_r1.5_e1.2_s0_u0.0,"brecha=P-c(1+m)-S/e; clases 1-4,9",2021,2026,52,,,,,,,"clases={""1"": 42, ""2"": 6, ""3"": 0, ""4"": 2, ""9"": 2}"
A4_prov_2021-2025,A4_prov_2021-2025_min_c422_m0.25_r1.5_e1.2_s0_u0.1,"brecha=P-c(1+m)-S/e; clases 1-4,9",2021,2026,52,,,,,,,"clases={""1"": 37, ""2"": 11, ""3"": 0, ""4"": 2, ""9"": 2}"
A4_prov_2021-2025,A4_prov_2021-2025_min_c422_m0.25_r1.5_e1.2_s0_u0.25,"brecha=P-c(1+m)-S/e; clases 1-4,9",2021,2026,52,,,,,,,"clases={""1"": 31, ""2"": 17, ""3"": 0, ""4"": 2, ""9"": 2}"
A4_prov_2021-2025,A4_prov_2021-2025_min_c422_m0.25_r1.5_e1.2_s1_u0.0,"brecha=P-c(1+m)-S/e; clases 1-4,9",2021,2026,52,,,,,,,"clases={""1"": 42, ""2"": 6, ""3"": 0, ""4"": 2, ""9"": 2}"
A4_prov_2021-2025,A4_prov_2021-2025_min_c422_m0.25_r1.5_e1.2_s1_u0.1,"brecha=P-c(1+m)-S/e; clases 1-4,9",2021,2026,52,,,,,,,"clases={""1"": 37, ""2"": 11, ""3"": 0, ""4"": 2, ""9"": 2}"
A4_prov_2021-2025,A4_prov_2021-2025_min_c422_m0.25_r1.5_e1.2_s1_u0.25,"brecha=P-c(1+m)-S/e; clases 1-4,9",2021,2026,52,,,,,,,"clases={""1"": 32, ""2"": 16, ""3"": 0, ""4"": 2, ""9"": 2}"
A4_prov_2021-2025,A4_prov_2021-2025_min_c422_m0.25_r1.5_e1.6_s0_u0.0,"brecha=P-c(1+m)-S/e; clases 1-4,9",2021,2026,52,,,,,,,"clases={""1"": 42, ""2"": 6, ""3"": 0, ""4"": 2, ""9"": 2}"
A4_prov_2021-2025,A4_prov_2021-2025_min_c422_m0.25_r1.5_e1.6_s0_u0.1,"brecha=P-c(1+m)-S/e; clases 1-4,9",2021,2026,52,,,,,,,"clases={""1"": 37, ""2"": 11, ""3"": 0, ""4"": 2, ""9"": 2}"
A4_prov_2021-2025,A4_prov_2021-2025_min_c422_m0.25_r1.5_e1.6_s0_u0.25,"brecha=P-c(1+m)-S/e; clases 1-4,9",2021,2026,52,,,,,,,"clases={""1"": 31, ""2"": 17, ""3"": 0, ""4"": 2, ""9"": 2}"
A4_prov_2021-2025,A4_prov_2021-2025_min_c422_m0.25_r1.5_e1.6_s1_u0.0,"brecha=P-c(1+m)-S/e; clases 1-4,9",2021,2026,52,,,,,,,"clases={""1"": 42, ""2"": 6, ""3"": 0, ""4"": 2, ""9"": 2}"
A4_prov_2021-2025,A4_prov_2021-2025_min_c422_m0.25_r1.5_e1.6_s1_u0.1,"brecha=P-c(1+m)-S/e; clases 1-4,9",2021,2026,52,,,,,,,"clases={""1"": 37, ""2"": 11, ""3"": 0, ""4"": 2, ""9"": 2}"
A4_prov_2021-2025,A4_prov_2021-2025_min_c422_m0.25_r1.5_e1.6_s1_u0.25,"brecha=P-c(1+m)-S/e; clases 1-4,9",2021,2026,52,,,,,,,"clases={""1"": 31, ""2"": 17, ""3"": 0, ""4"": 2, ""9"": 2}"
A4_prov_2021-2025,A4_prov_2021-2025_min_c549_m0.15_r1.25_e0.8_s0_u0.0,"brecha=P-c(1+m)-S/e; clases 1-4,9",2021,2026,52,,,,,,,"clases={""1"": 42, ""2"": 6, ""3"": 0, ""4"": 2, ""9"": 2}"
A4_prov_2021-2025,A4_prov_2021-2025_min_c549_m0.15_r1.25_e0.8_s0_u0.1,"brecha=P-c(1+m)-S/e; clases 1-4,9",2021,2026,52,,,,,,,"clases={""1"": 37, ""2"": 11, ""3"": 0, ""4"": 2, ""9"": 2}"
A4_prov_2021-2025,A4_prov_2021-2025_min_c549_m0.15_r1.25_e0.8_s0_u0.25,"brecha=P-c(1+m)-S/e; clases 1-4,9",2021,2026,52,,,,,,,"clases={""1"": 32, ""2"": 16, ""3"": 0, ""4"": 2, ""9"": 2}"
A4_prov_2021-2025,A4_prov_2021-2025_min_c549_m0.15_r1.25_e0.8_s1_u0.0,"brecha=P-c(1+m)-S/e; clases 1-4,9",2021,2026,52,,,,,,,"clases={""1"": 41, ""2"": 5, ""3"": 2, ""4"": 2, ""9"": 2}"
A4_prov_2021-2025,A4_prov_2021-2025_min_c549_m0.15_r1.25_e0.8_s1_u0.1,"brecha=P-c(1+m)-S/e; clases 1-4,9",2021,2026,52,,,,,,,"clases={""1"": 36, ""2"": 10, ""3"": 2, ""4"": 2, ""9"": 2}"
A4_prov_2021-2025,A4_prov_2021-2025_min_c549_m0.15_r1.25_e0.8_s1_u0.25,"brecha=P-c(1+m)-S/e; clases 1-4,9",2021,2026,52,,,,,,,"clases={""1"": 31, ""2"": 15, ""3"": 2, ""4"": 2, ""9"": 2}"
A4_prov_2021-2025,A4_prov_2021-2025_min_c549_m0.15_r1.25_e1.2_s0_u0.0,"brecha=P-c(1+m)-S/e; clases 1-4,9",2021,2026,52,,,,,,,"clases={""1"": 42, ""2"": 6, ""3"": 0, ""4"": 2, ""9"": 2}"
A4_prov_2021-2025,A4_prov_2021-2025_min_c549_m0.15_r1.25_e1.2_s0_u0.1,"brecha=P-c(1+m)-S/e; clases 1-4,9",2021,2026,52,,,,,,,"clases={""1"": 37, ""2"": 11, ""3"": 0, ""4"": 2, ""9"": 2}"
A4_prov_2021-2025,A4_prov_2021-2025_min_c549_m0.15_r1.25_e1.2_s0_u0.25,"brecha=P-c(1+m)-S/e; clases 1-4,9",2021,2026,52,,,,,,,"clases={""1"": 31, ""2"": 17, ""3"": 0, ""4"": 2, ""9"": 2}"
A4_prov_2021-2025,A4_prov_2021-2025_min_c549_m0.15_r1.25_e1.2_s1_u0.0,"brecha=P-c(1+m)-S/e; clases 1-4,9",2021,2026,52,,,,,,,"clases={""1"": 41, ""2"": 6, ""3"": 1, ""4"": 2, ""9"": 2}"
A4_prov_2021-2025,A4_prov_2021-2025_min_c549_m0.15_r1.25_e1.2_s1_u0.1,"brecha=P-c(1+m)-S/e; clases 1-4,9",2021,2026,52,,,,,,,"clases={""1"": 36, ""2"": 11, ""3"": 1, ""4"": 2, ""9"": 2}"
A4_prov_2021-2025,A4_prov_2021-2025_min_c549_m0.15_r1.25_e1.2_s1_u0.25,"brecha=P-c(1+m)-S/e; clases 1-4,9",2021,2026,52,,,,,,,"clases={""1"": 31, ""2"": 16, ""3"": 1, ""4"": 2, ""9"": 2}"
A4_prov_2021-2025,A4_prov_2021-2025_min_c549_m0.15_r1.25_e1.6_s0_u0.0,"brecha=P-c(1+m)-S/e; clases 1-4,9",2021,2026,52,,,,,,,"clases={""1"": 42, ""2"": 6, ""3"": 0, ""4"": 2, ""9"": 2}"
A4_prov_2021-2025,A4_prov_2021-2025_min_c549_m0.15_r1.25_e1.6_s0_u0.1,"brecha=P-c(1+m)-S/e; clases 1-4,9",2021,2026,52,,,,,,,"clases={""1"": 37, ""2"": 11, ""3"": 0, ""4"": 2, ""9"": 2}"
A4_prov_2021-2025,A4_prov_2021-2025_min_c549_m0.15_r1.25_e1.6_s0_u0.25,"brecha=P-c(1+m)-S/e; clases 1-4,9",2021,2026,52,,,,,,,"clases={""1"": 31, ""2"": 17, ""3"": 0, ""4"": 2, ""9"": 2}"
A4_prov_2021-2025,A4_prov_2021-2025_min_c549_m0.15_r1.25_e1.6_s1_u0.0,"brecha=P-c(1+m)-S/e; clases 1-4,9",2021,2026,52,,,,,,,"clases={""1"": 42, ""2"": 6, ""3"": 0, ""4"": 2, ""9"": 2}"
A4_prov_2021-2025,A4_prov_2021-2025_min_c549_m0.15_r1.25_e1.6_s1_u0.1,"brecha=P-c(1+m)-S/e; clases 1-4,9",2021,2026,52,,,,,,,"clases={""1"": 37, ""2"": 11, ""3"": 0, ""4"": 2, ""9"": 2}"
A4_prov_2021-2025,A4_prov_2021-2025_min_c549_m0.15_r1.25_e1.6_s1_u0.25,"brecha=P-c(1+m)-S/e; clases 1-4,9",2021,2026,52,,,,,,,"clases={""1"": 31, ""2"": 17, ""3"": 0, ""4"": 2, ""9"": 2}"
A4_prov_2021-2025,A4_prov_2021-2025_min_c549_m0.15_r1.5_e0.8_s0_u0.0,"brecha=P-c(1+m)-S/e; clases 1-4,9",2021,2026,52,,,,,,,"clases={""1"": 43, ""2"": 5, ""3"": 0, ""4"": 2, ""9"": 2}"
A4_prov_2021-2025,A4_prov_2021-2025_min_c549_m0.15_r1.5_e0.8_s0_u0.1,"brecha=P-c(1+m)-S/e; clases 1-4,9",2021,2026,52,,,,,,,"clases={""1"": 40, ""2"": 8, ""3"": 0, ""4"": 2, ""9"": 2}"
A4_prov_2021-2025,A4_prov_2021-2025_min_c549_m0.15_r1.5_e0.8_s0_u0.25,"brecha=P-c(1+m)-S/e; clases 1-4,9",2021,2026,52,,,,,,,"clases={""1"": 36, ""2"": 12, ""3"": 0, ""4"": 2, ""9"": 2}"
A4_prov_2021-2025,A4_prov_2021-2025_min_c549_m0.15_r1.5_e0.8_s1_u0.0,"brecha=P-c(1+m)-S/e; clases 1-4,9",2021,2026,52,,,,,,,"clases={""1"": 41, ""2"": 5, ""3"": 2, ""4"": 2, ""9"": 2}"
A4_prov_2021-2025,A4_prov_2021-2025_min_c549_m0.15_r1.5_e0.8_s1_u0.1,"brecha=P-c(1+m)-S/e; clases 1-4,9",2021,2026,52,,,,,,,"clases={""1"": 38, ""2"": 8, ""3"": 2, ""4"": 2, ""9"": 2}"
A4_prov_2021-2025,A4_prov_2021-2025_min_c549_m0.15_r1.5_e0.8_s1_u0.25,"brecha=P-c(1+m)-S/e; clases 1-4,9",2021,2026,52,,,,,,,"clases={""1"": 36, ""2"": 10, ""3"": 2, ""4"": 2, ""9"": 2}"
A4_prov_2021-2025,A4_prov_2021-2025_min_c549_m0.15_r1.5_e1.2_s0_u0.0,"brecha=P-c(1+m)-S/e; clases 1-4,9",2021,2026,52,,,,,,,"clases={""1"": 42, ""2"": 6, ""3"": 0, ""4"": 2, ""9"": 2}"
A4_prov_2021-2025,A4_prov_2021-2025_min_c549_m0.15_r1.5_e1.2_s0_u0.1,"brecha=P-c(1+m)-S/e; clases 1-4,9",2021,2026,52,,,,,,,"clases={""1"": 37, ""2"": 11, ""3"": 0, ""4"": 2, ""9"": 2}"
A4_prov_2021-2025,A4_prov_2021-2025_min_c549_m0.15_r1.5_e1.2_s0_u0.25,"brecha=P-c(1+m)-S/e; clases 1-4,9",2021,2026,52,,,,,,,"clases={""1"": 33, ""2"": 15, ""3"": 0, ""4"": 2, ""9"": 2}"
A4_prov_2021-2025,A4_prov_2021-2025_min_c549_m0.15_r1.5_e1.2_s1_u0.0,"brecha=P-c(1+m)-S/e; clases 1-4,9",2021,2026,52,,,,,,,"clases={""1"": 42, ""2"": 5, ""3"": 1, ""4"": 2, ""9"": 2}"
A4_prov_2021-2025,A4_prov_2021-2025_min_c549_m0.15_r1.5_e1.2_s1_u0.1,"brecha=P-c(1+m)-S/e; clases 1-4,9",2021,2026,52,,,,,,,"clases={""1"": 37, ""2"": 10, ""3"": 1, ""4"": 2, ""9"": 2}"
A4_prov_2021-2025,A4_prov_2021-2025_min_c549_m0.15_r1.5_e1.2_s1_u0.25,"brecha=P-c(1+m)-S/e; clases 1-4,9",2021,2026,52,,,,,,,"clases={""1"": 33, ""2"": 14, ""3"": 1, ""4"": 2, ""9"": 2}"
A4_prov_2021-2025,A4_prov_2021-2025_min_c549_m0.15_r1.5_e1.6_s0_u0.0,"brecha=P-c(1+m)-S/e; clases 1-4,9",2021,2026,52,,,,,,,"clases={""1"": 42, ""2"": 6, ""3"": 0, ""4"": 2, ""9"": 2}"
A4_prov_2021-2025,A4_prov_2021-2025_min_c549_m0.15_r1.5_e1.6_s0_u0.1,"brecha=P-c(1+m)-S/e; clases 1-4,9",2021,2026,52,,,,,,,"clases={""1"": 37, ""2"": 11, ""3"": 0, ""4"": 2, ""9"": 2}"
A4_prov_2021-2025,A4_prov_2021-2025_min_c549_m0.15_r1.5_e1.6_s0_u0.25,"brecha=P-c(1+m)-S/e; clases 1-4,9",2021,2026,52,,,,,,,"clases={""1"": 33, ""2"": 15, ""3"": 0, ""4"": 2, ""9"": 2}"
A4_prov_2021-2025,A4_prov_2021-2025_min_c549_m0.15_r1.5_e1.6_s1_u0.0,"brecha=P-c(1+m)-S/e; clases 1-4,9",2021,2026,52,,,,,,,"clases={""1"": 43, ""2"": 5, ""3"": 0, ""4"": 2, ""9"": 2}"
A4_prov_2021-2025,A4_prov_2021-2025_min_c549_m0.15_r1.5_e1.6_s1_u0.1,"brecha=P-c(1+m)-S/e; clases 1-4,9",2021,2026,52,,,,,,,"clases={""1"": 38, ""2"": 10, ""3"": 0, ""4"": 2, ""9"": 2}"
A4_prov_2021-2025,A4_prov_2021-2025_min_c549_m0.15_r1.5_e1.6_s1_u0.25,"brecha=P-c(1+m)-S/e; clases 1-4,9",2021,2026,52,,,,,,,"clases={""1"": 34, ""2"": 14, ""3"": 0, ""4"": 2, ""9"": 2}"
A4_prov_2021-2025,A4_prov_2021-2025_min_c549_m0.2_r1.25_e0.8_s0_u0.0,"brecha=P-c(1+m)-S/e; clases 1-4,9",2021,2026,52,,,,,,,"clases={""1"": 41, ""2"": 6, ""3"": 1, ""4"": 2, ""9"": 2}"
A4_prov_2021-2025,A4_prov_2021-2025_min_c549_m0.2_r1.25_e0.8_s0_u0.1,"brecha=P-c(1+m)-S/e; clases 1-4,9",2021,2026,52,,,,,,,"clases={""1"": 36, ""2"": 11, ""3"": 1, ""4"": 2, ""9"": 2}"
A4_prov_2021-2025,A4_prov_2021-2025_min_c549_m0.2_r1.25_e0.8_s0_u0.25,"brecha=P-c(1+m)-S/e; clases 1-4,9",2021,2026,52,,,,,,,"clases={""1"": 31, ""2"": 16, ""3"": 1, ""4"": 2, ""9"": 2}"
A4_prov_2021-2025,A4_prov_2021-2025_min_c549_m0.2_r1.25_e0.8_s1_u0.0,"brecha=P-c(1+m)-S/e; clases 1-4,9",2021,2026,52,,,,,,,"clases={""1"": 41, ""2"": 5, ""3"": 2, ""4"": 2, ""9"": 2}"
A4_prov_2021-2025,A4_prov_2021-2025_min_c549_m0.2_r1.25_e0.8_s1_u0.1,"brecha=P-c(1+m)-S/e; clases 1-4,9",2021,2026,52,,,,,,,"clases={""1"": 36, ""2"": 10, ""3"": 2, ""4"": 2, ""9"": 2}"
A4_prov_2021-2025,A4_prov_2021-2025_min_c549_m0.2_r1.25_e0.8_s1_u0.25,"brecha=P-c(1+m)-S/e; clases 1-4,9",2021,2026,52,,,,,,,"clases={""1"": 31, ""2"": 15, ""3"": 2, ""4"": 2, ""9"": 2}"
A4_prov_2021-2025,A4_prov_2021-2025_min_c549_m0.2_r1.25_e1.2_s0_u0.0,"brecha=P-c(1+m)-S/e; clases 1-4,9",2021,2026,52,,,,,,,"clases={""1"": 42, ""2"": 6, ""3"": 0, ""4"": 2, ""9"": 2}"
A4_prov_2021-2025,A4_prov_2021-2025_min_c549_m0.2_r1.25_e1.2_s0_u0.1,"brecha=P-c(1+m)-S/e; clases 1-4,9",2021,2026,52,,,,,,,"clases={""1"": 37, ""2"": 11, ""3"": 0, ""4"": 2, ""9"": 2}"
A4_prov_2021-2025,A4_prov_2021-2025_min_c549_m0.2_r1.25_e1.2_s0_u0.25,"brecha=P-c(1+m)-S/e; clases 1-4,9",2021,2026,52,,,,,,,"clases={""1"": 31, ""2"": 17, ""3"": 0, ""4"": 2, ""9"": 2}"
A4_prov_2021-2025,A4_prov_2021-2025_min_c549_m0.2_r1.25_e1.2_s1_u0.0,"brecha=P-c(1+m)-S/e; clases 1-4,9",2021,2026,52,,,,,,,"clases={""1"": 41, ""2"": 6, ""3"": 1, ""4"": 2, ""9"": 2}"
A4_prov_2021-2025,A4_prov_2021-2025_min_c549_m0.2_r1.25_e1.2_s1_u0.1,"brecha=P-c(1+m)-S/e; clases 1-4,9",2021,2026,52,,,,,,,"clases={""1"": 36, ""2"": 11, ""3"": 1, ""4"": 2, ""9"": 2}"
A4_prov_2021-2025,A4_prov_2021-2025_min_c549_m0.2_r1.25_e1.2_s1_u0.25,"brecha=P-c(1+m)-S/e; clases 1-4,9",2021,2026,52,,,,,,,"clases={""1"": 31, ""2"": 16, ""3"": 1, ""4"": 2, ""9"": 2}"
A4_prov_2021-2025,A4_prov_2021-2025_min_c549_m0.2_r1.25_e1.6_s0_u0.0,"brecha=P-c(1+m)-S/e; clases 1-4,9",2021,2026,52,,,,,,,"clases={""1"": 42, ""2"": 6, ""3"": 0, ""4"": 2, ""9"": 2}"
A4_prov_2021-2025,A4_prov_2021-2025_min_c549_m0.2_r1.25_e1.6_s0_u0.1,"brecha=P-c(1+m)-S/e; clases 1-4,9",2021,2026,52,,,,,,,"clases={""1"": 37, ""2"": 11, ""3"": 0, ""4"": 2, ""9"": 2}"
A4_prov_2021-2025,A4_prov_2021-2025_min_c549_m0.2_r1.25_e1.6_s0_u0.25,"brecha=P-c(1+m)-S/e; clases 1-4,9",2021,2026,52,,,,,,,"clases={""1"": 31, ""2"": 17, ""3"": 0, ""4"": 2, ""9"": 2}"
A4_prov_2021-2025,A4_prov_2021-2025_min_c549_m0.2_r1.25_e1.6_s1_u0.0,"brecha=P-c(1+m)-S/e; clases 1-4,9",2021,2026,52,,,,,,,"clases={""1"": 41, ""2"": 6, ""3"": 1, ""4"": 2, ""9"": 2}"
A4_prov_2021-2025,A4_prov_2021-2025_min_c549_m0.2_r1.25_e1.6_s1_u0.1,"brecha=P-c(1+m)-S/e; clases 1-4,9",2021,2026,52,,,,,,,"clases={""1"": 36, ""2"": 11, ""3"": 1, ""4"": 2, ""9"": 2}"
A4_prov_2021-2025,A4_prov_2021-2025_min_c549_m0.2_r1.25_e1.6_s1_u0.25,"brecha=P-c(1+m)-S/e; clases 1-4,9",2021,2026,52,,,,,,,"clases={""1"": 30, ""2"": 17, ""3"": 1, ""4"": 2, ""9"": 2}"
A4_prov_2021-2025,A4_prov_2021-2025_min_c549_m0.2_r1.5_e0.8_s0_u0.0,"brecha=P-c(1+m)-S/e; clases 1-4,9",2021,2026,52,,,,,,,"clases={""1"": 42, ""2"": 5, ""3"": 1, ""4"": 2, ""9"": 2}"
A4_prov_2021-2025,A4_prov_2021-2025_min_c549_m0.2_r1.5_e0.8_s0_u0.1,"brecha=P-c(1+m)-S/e; clases 1-4,9",2021,2026,52,,,,,,,"clases={""1"": 39, ""2"": 8, ""3"": 1, ""4"": 2, ""9"": 2}"
A4_prov_2021-2025,A4_prov_2021-2025_min_c549_m0.2_r1.5_e0.8_s0_u0.25,"brecha=P-c(1+m)-S/e; clases 1-4,9",2021,2026,52,,,,,,,"clases={""1"": 35, ""2"": 12, ""3"": 1, ""4"": 2, ""9"": 2}"
A4_prov_2021-2025,A4_prov_2021-2025_min_c549_m0.2_r1.5_e0.8_s1_u0.0,"brecha=P-c(1+m)-S/e; clases 1-4,9",2021,2026,52,,,,,,,"clases={""1"": 41, ""2"": 5, ""3"": 2, ""4"": 2, ""9"": 2}"
A4_prov_2021-2025,A4_prov_2021-2025_min_c549_m0.2_r1.5_e0.8_s1_u0.1,"brecha=P-c(1+m)-S/e; clases 1-4,9",2021,2026,52,,,,,,,"clases={""1"": 38, ""2"": 8, ""3"": 2, ""4"": 2, ""9"": 2}"
A4_prov_2021-2025,A4_prov_2021-2025_min_c549_m0.2_r1.5_e0.8_s1_u0.25,"brecha=P-c(1+m)-S/e; clases 1-4,9",2021,2026,52,,,,,,,"clases={""1"": 36, ""2"": 10, ""3"": 2, ""4"": 2, ""9"": 2}"
A4_prov_2021-2025,A4_prov_2021-2025_min_c549_m0.2_r1.5_e1.2_s0_u0.0,"brecha=P-c(1+m)-S/e; clases 1-4,9",2021,2026,52,,,,,,,"clases={""1"": 42, ""2"": 6, ""3"": 0, ""4"": 2, ""9"": 2}"
A4_prov_2021-2025,A4_prov_2021-2025_min_c549_m0.2_r1.5_e1.2_s0_u0.1,"brecha=P-c(1+m)-S/e; clases 1-4,9",2021,2026,52,,,,,,,"clases={""1"": 37, ""2"": 11, ""3"": 0, ""4"": 2, ""9"": 2}"
A4_prov_2021-2025,A4_prov_2021-2025_min_c549_m0.2_r1.5_e1.2_s0_u0.25,"brecha=P-c(1+m)-S/e; clases 1-4,9",2021,2026,52,,,,,,,"clases={""1"": 33, ""2"": 15, ""3"": 0, ""4"": 2, ""9"": 2}"
A4_prov_2021-2025,A4_prov_2021-2025_min_c549_m0.2_r1.5_e1.2_s1_u0.0,"brecha=P-c(1+m)-S/e; clases 1-4,9",2021,2026,52,,,,,,,"clases={""1"": 42, ""2"": 5, ""3"": 1, ""4"": 2, ""9"": 2}"
A4_prov_2021-2025,A4_prov_2021-2025_min_c549_m0.2_r1.5_e1.2_s1_u0.1,"brecha=P-c(1+m)-S/e; clases 1-4,9",2021,2026,52,,,,,,,"clases={""1"": 37, ""2"": 10, ""3"": 1, ""4"": 2, ""9"": 2}"
A4_prov_2021-2025,A4_prov_2021-2025_min_c549_m0.2_r1.5_e1.2_s1_u0.25,"brecha=P-c(1+m)-S/e; clases 1-4,9",2021,2026,52,,,,,,,"clases={""1"": 33, ""2"": 14, ""3"": 1, ""4"": 2, ""9"": 2}"
A4_prov_2021-2025,A4_prov_2021-2025_min_c549_m0.2_r1.5_e1.6_s0_u0.0,"brecha=P-c(1+m)-S/e; clases 1-4,9",2021,2026,52,,,,,,,"clases={""1"": 42, ""2"": 6, ""3"": 0, ""4"": 2, ""9"": 2}"
A4_prov_2021-2025,A4_prov_2021-2025_min_c549_m0.2_r1.5_e1.6_s0_u0.1,"brecha=P-c(1+m)-S/e; clases 1-4,9",2021,2026,52,,,,,,,"clases={""1"": 37, ""2"": 11, ""3"": 0, ""4"": 2, ""9"": 2}"
A4_prov_2021-2025,A4_prov_2021-2025_min_c549_m0.2_r1.5_e1.6_s0_u0.25,"brecha=P-c(1+m)-S/e; clases 1-4,9",2021,2026,52,,,,,,,"clases={""1"": 33, ""2"": 15, ""3"": 0, ""4"": 2, ""9"": 2}"
A4_prov_2021-2025,A4_prov_2021-2025_min_c549_m0.2_r1.5_e1.6_s1_u0.0,"brecha=P-c(1+m)-S/e; clases 1-4,9",2021,2026,52,,,,,,,"clases={""1"": 42, ""2"": 5, ""3"": 1, ""4"": 2, ""9"": 2}"
A4_prov_2021-2025,A4_prov_2021-2025_min_c549_m0.2_r1.5_e1.6_s1_u0.1,"brecha=P-c(1+m)-S/e; clases 1-4,9",2021,2026,52,,,,,,,"clases={""1"": 37, ""2"": 10, ""3"": 1, ""4"": 2, ""9"": 2}"
A4_prov_2021-2025,A4_prov_2021-2025_min_c549_m0.2_r1.5_e1.6_s1_u0.25,"brecha=P-c(1+m)-S/e; clases 1-4,9",2021,2026,52,,,,,,,"clases={""1"": 33, ""2"": 14, ""3"": 1, ""4"": 2, ""9"": 2}"
A4_prov_2021-2025,A4_prov_2021-2025_min_c549_m0.25_r1.25_e0.8_s0_u0.0,"brecha=P-c(1+m)-S/e; clases 1-4,9",2021,2026,52,,,,,,,"clases={""1"": 41, ""2"": 6, ""3"": 1, ""4"": 2, ""9"": 2}"
A4_prov_2021-2025,A4_prov_2021-2025_min_c549_m0.25_r1.25_e0.8_s0_u0.1,"brecha=P-c(1+m)-S/e; clases 1-4,9",2021,2026,52,,,,,,,"clases={""1"": 36, ""2"": 11, ""3"": 1, ""4"": 2, ""9"": 2}"
A4_prov_2021-2025,A4_prov_2021-2025_min_c549_m0.25_r1.25_e0.8_s0_u0.25,"brecha=P-c(1+m)-S/e; clases 1-4,9",2021,2026,52,,,,,,,"clases={""1"": 31, ""2"": 16, ""3"": 1, ""4"": 2, ""9"": 2}"
A4_prov_2021-2025,A4_prov_2021-2025_min_c549_m0.25_r1.25_e0.8_s1_u0.0,"brecha=P-c(1+m)-S/e; clases 1-4,9",2021,2026,52,,,,,,,"clases={""1"": 39, ""2"": 5, ""3"": 4, ""4"": 2, ""9"": 2}"
A4_prov_2021-2025,A4_prov_2021-2025_min_c549_m0.25_r1.25_e0.8_s1_u0.1,"brecha=P-c(1+m)-S/e; clases 1-4,9",2021,2026,52,,,,,,,"clases={""1"": 34, ""2"": 10, ""3"": 4, ""4"": 2, ""9"": 2}"
A4_prov_2021-2025,A4_prov_2021-2025_min_c549_m0.25_r1.25_e0.8_s1_u0.25,"brecha=P-c(1+m)-S/e; clases 1-4,9",2021,2026,52,,,,,,,"clases={""1"": 29, ""2"": 15, ""3"": 4, ""4"": 2, ""9"": 2}"
A4_prov_2021-2025,A4_prov_2021-2025_min_c549_m0.25_r1.25_e1.2_s0_u0.0,"brecha=P-c(1+m)-S/e; clases 1-4,9",2021,2026,52,,,,,,,"clases={""1"": 42, ""2"": 6, ""3"": 0, ""4"": 2, ""9"": 2}"
A4_prov_2021-2025,A4_prov_2021-2025_min_c549_m0.25_r1.25_e1.2_s0_u0.1,"brecha=P-c(1+m)-S/e; clases 1-4,9",2021,2026,52,,,,,,,"clases={""1"": 37, ""2"": 11, ""3"": 0, ""4"": 2, ""9"": 2}"
A4_prov_2021-2025,A4_prov_2021-2025_min_c549_m0.25_r1.25_e1.2_s0_u0.25,"brecha=P-c(1+m)-S/e; clases 1-4,9",2021,2026,52,,,,,,,"clases={""1"": 31, ""2"": 17, ""3"": 0, ""4"": 2, ""9"": 2}"
A4_prov_2021-2025,A4_prov_2021-2025_min_c549_m0.25_r1.25_e1.2_s1_u0.0,"brecha=P-c(1+m)-S/e; clases 1-4,9",2021,2026,52,,,,,,,"clases={""1"": 41, ""2"": 6, ""3"": 1, ""4"": 2, ""9"": 2}"
A4_prov_2021-2025,A4_prov_2021-2025_min_c549_m0.25_r1.25_e1.2_s1_u0.1,"brecha=P-c(1+m)-S/e; clases 1-4,9",2021,2026,52,,,,,,,"clases={""1"": 36, ""2"": 11, ""3"": 1, ""4"": 2, ""9"": 2}"
A4_prov_2021-2025,A4_prov_2021-2025_min_c549_m0.25_r1.25_e1.2_s1_u0.25,"brecha=P-c(1+m)-S/e; clases 1-4,9",2021,2026,52,,,,,,,"clases={""1"": 31, ""2"": 16, ""3"": 1, ""4"": 2, ""9"": 2}"
A4_prov_2021-2025,A4_prov_2021-2025_min_c549_m0.25_r1.25_e1.6_s0_u0.0,"brecha=P-c(1+m)-S/e; clases 1-4,9",2021,2026,52,,,,,,,"clases={""1"": 42, ""2"": 6, ""3"": 0, ""4"": 2, ""9"": 2}"
A4_prov_2021-2025,A4_prov_2021-2025_min_c549_m0.25_r1.25_e1.6_s0_u0.1,"brecha=P-c(1+m)-S/e; clases 1-4,9",2021,2026,52,,,,,,,"clases={""1"": 37, ""2"": 11, ""3"": 0, ""4"": 2, ""9"": 2}"
A4_prov_2021-2025,A4_prov_2021-2025_min_c549_m0.25_r1.25_e1.6_s0_u0.25,"brecha=P-c(1+m)-S/e; clases 1-4,9",2021,2026,52,,,,,,,"clases={""1"": 31, ""2"": 17, ""3"": 0, ""4"": 2, ""9"": 2}"
A4_prov_2021-2025,A4_prov_2021-2025_min_c549_m0.25_r1.25_e1.6_s1_u0.0,"brecha=P-c(1+m)-S/e; clases 1-4,9",2021,2026,52,,,,,,,"clases={""1"": 41, ""2"": 6, ""3"": 1, ""4"": 2, ""9"": 2}"
A4_prov_2021-2025,A4_prov_2021-2025_min_c549_m0.25_r1.25_e1.6_s1_u0.1,"brecha=P-c(1+m)-S/e; clases 1-4,9",2021,2026,52,,,,,,,"clases={""1"": 36, ""2"": 11, ""3"": 1, ""4"": 2, ""9"": 2}"
A4_prov_2021-2025,A4_prov_2021-2025_min_c549_m0.25_r1.25_e1.6_s1_u0.25,"brecha=P-c(1+m)-S/e; clases 1-4,9",2021,2026,52,,,,,,,"clases={""1"": 30, ""2"": 17, ""3"": 1, ""4"": 2, ""9"": 2}"
A4_prov_2021-2025,A4_prov_2021-2025_min_c549_m0.25_r1.5_e0.8_s0_u0.0,"brecha=P-c(1+m)-S/e; clases 1-4,9",2021,2026,52,,,,,,,"clases={""1"": 42, ""2"": 5, ""3"": 1, ""4"": 2, ""9"": 2}"
A4_prov_2021-2025,A4_prov_2021-2025_min_c549_m0.25_r1.5_e0.8_s0_u0.1,"brecha=P-c(1+m)-S/e; clases 1-4,9",2021,2026,52,,,,,,,"clases={""1"": 39, ""2"": 8, ""3"": 1, ""4"": 2, ""9"": 2}"
A4_prov_2021-2025,A4_prov_2021-2025_min_c549_m0.25_r1.5_e0.8_s0_u0.25,"brecha=P-c(1+m)-S/e; clases 1-4,9",2021,2026,52,,,,,,,"clases={""1"": 35, ""2"": 12, ""3"": 1, ""4"": 2, ""9"": 2}"
A4_prov_2021-2025,A4_prov_2021-2025_min_c549_m0.25_r1.5_e0.8_s1_u0.0,"brecha=P-c(1+m)-S/e; clases 1-4,9",2021,2026,52,,,,,,,"clases={""1"": 39, ""2"": 5, ""3"": 4, ""4"": 2, ""9"": 2}"
A4_prov_2021-2025,A4_prov_2021-2025_min_c549_m0.25_r1.5_e0.8_s1_u0.1,"brecha=P-c(1+m)-S/e; clases 1-4,9",2021,2026,52,,,,,,,"clases={""1"": 36, ""2"": 8, ""3"": 4, ""4"": 2, ""9"": 2}"
A4_prov_2021-2025,A4_prov_2021-2025_min_c549_m0.25_r1.5_e0.8_s1_u0.25,"brecha=P-c(1+m)-S/e; clases 1-4,9",2021,2026,52,,,,,,,"clases={""1"": 34, ""2"": 10, ""3"": 4, ""4"": 2, ""9"": 2}"
A4_prov_2021-2025,A4_prov_2021-2025_min_c549_m0.25_r1.5_e1.2_s0_u0.0,"brecha=P-c(1+m)-S/e; clases 1-4,9",2021,2026,52,,,,,,,"clases={""1"": 42, ""2"": 6, ""3"": 0, ""4"": 2, ""9"": 2}"
A4_prov_2021-2025,A4_prov_2021-2025_min_c549_m0.25_r1.5_e1.2_s0_u0.1,"brecha=P-c(1+m)-S/e; clases 1-4,9",2021,2026,52,,,,,,,"clases={""1"": 37, ""2"": 11, ""3"": 0, ""4"": 2, ""9"": 2}"
A4_prov_2021-2025,A4_prov_2021-2025_min_c549_m0.25_r1.5_e1.2_s0_u0.25,"brecha=P-c(1+m)-S/e; clases 1-4,9",2021,2026,52,,,,,,,"clases={""1"": 33, ""2"": 15, ""3"": 0, ""4"": 2, ""9"": 2}"
A4_prov_2021-2025,A4_prov_2021-2025_min_c549_m0.25_r1.5_e1.2_s1_u0.0,"brecha=P-c(1+m)-S/e; clases 1-4,9",2021,2026,52,,,,,,,"clases={""1"": 42, ""2"": 5, ""3"": 1, ""4"": 2, ""9"": 2}"
A4_prov_2021-2025,A4_prov_2021-2025_min_c549_m0.25_r1.5_e1.2_s1_u0.1,"brecha=P-c(1+m)-S/e; clases 1-4,9",2021,2026,52,,,,,,,"clases={""1"": 37, ""2"": 10, ""3"": 1, ""4"": 2, ""9"": 2}"
A4_prov_2021-2025,A4_prov_2021-2025_min_c549_m0.25_r1.5_e1.2_s1_u0.25,"brecha=P-c(1+m)-S/e; clases 1-4,9",2021,2026,52,,,,,,,"clases={""1"": 33, ""2"": 14, ""3"": 1, ""4"": 2, ""9"": 2}"
A4_prov_2021-2025,A4_prov_2021-2025_min_c549_m0.25_r1.5_e1.6_s0_u0.0,"brecha=P-c(1+m)-S/e; clases 1-4,9",2021,2026,52,,,,,,,"clases={""1"": 42, ""2"": 6, ""3"": 0, ""4"": 2, ""9"": 2}"
A4_prov_2021-2025,A4_prov_2021-2025_min_c549_m0.25_r1.5_e1.6_s0_u0.1,"brecha=P-c(1+m)-S/e; clases 1-4,9",2021,2026,52,,,,,,,"clases={""1"": 37, ""2"": 11, ""3"": 0, ""4"": 2, ""9"": 2}"
A4_prov_2021-2025,A4_prov_2021-2025_min_c549_m0.25_r1.5_e1.6_s0_u0.25,"brecha=P-c(1+m)-S/e; clases 1-4,9",2021,2026,52,,,,,,,"clases={""1"": 33, ""2"": 15, ""3"": 0, ""4"": 2, ""9"": 2}"
A4_prov_2021-2025,A4_prov_2021-2025_min_c549_m0.25_r1.5_e1.6_s1_u0.0,"brecha=P-c(1+m)-S/e; clases 1-4,9",2021,2026,52,,,,,,,"clases={""1"": 42, ""2"": 5, ""3"": 1, ""4"": 2, ""9"": 2}"
A4_prov_2021-2025,A4_prov_2021-2025_min_c549_m0.25_r1.5_e1.6_s1_u0.1,"brecha=P-c(1+m)-S/e; clases 1-4,9",2021,2026,52,,,,,,,"clases={""1"": 37, ""2"": 10, ""3"": 1, ""4"": 2, ""9"": 2}"
A4_prov_2021-2025,A4_prov_2021-2025_min_c549_m0.25_r1.5_e1.6_s1_u0.25,"brecha=P-c(1+m)-S/e; clases 1-4,9",2021,2026,52,,,,,,,"clases={""1"": 33, ""2"": 14, ""3"": 1, ""4"": 2, ""9"": 2}"
A4_prov_2021-2025,A4_prov_2021-2025_min_c677_m0.15_r1.25_e0.8_s0_u0.0,"brecha=P-c(1+m)-S/e; clases 1-4,9",2021,2026,52,,,,,,,"clases={""1"": 41, ""2"": 5, ""3"": 2, ""4"": 2, ""9"": 2}"
A4_prov_2021-2025,A4_prov_2021-2025_min_c677_m0.15_r1.25_e0.8_s0_u0.1,"brecha=P-c(1+m)-S/e; clases 1-4,9",2021,2026,52,,,,,,,"clases={""1"": 38, ""2"": 8, ""3"": 2, ""4"": 2, ""9"": 2}"
A4_prov_2021-2025,A4_prov_2021-2025_min_c677_m0.15_r1.25_e0.8_s0_u0.25,"brecha=P-c(1+m)-S/e; clases 1-4,9",2021,2026,52,,,,,,,"clases={""1"": 34, ""2"": 12, ""3"": 2, ""4"": 2, ""9"": 2}"
A4_prov_2021-2025,A4_prov_2021-2025_min_c677_m0.15_r1.25_e0.8_s1_u0.0,"brecha=P-c(1+m)-S/e; clases 1-4,9",2021,2026,52,,,,,,,"clases={""1"": 39, ""2"": 5, ""3"": 4, ""4"": 2, ""9"": 2}"
A4_prov_2021-2025,A4_prov_2021-2025_min_c677_m0.15_r1.25_e0.8_s1_u0.1,"brecha=P-c(1+m)-S/e; clases 1-4,9",2021,2026,52,,,,,,,"clases={""1"": 36, ""2"": 8, ""3"": 4, ""4"": 2, ""9"": 2}"
A4_prov_2021-2025,A4_prov_2021-2025_min_c677_m0.15_r1.25_e0.8_s1_u0.25,"brecha=P-c(1+m)-S/e; clases 1-4,9",2021,2026,52,,,,,,,"clases={""1"": 33, ""2"": 11, ""3"": 4, ""4"": 2, ""9"": 2}"
A4_prov_2021-2025,A4_prov_2021-2025_min_c677_m0.15_r1.25_e1.2_s0_u0.0,"brecha=P-c(1+m)-S/e; clases 1-4,9",2021,2026,52,,,,,,,"clases={""1"": 40, ""2"": 6, ""3"": 2, ""4"": 2, ""9"": 2}"
A4_prov_2021-2025,A4_prov_2021-2025_min_c677_m0.15_r1.25_e1.2_s0_u0.1,"brecha=P-c(1+m)-S/e; clases 1-4,9",2021,2026,52,,,,,,,"clases={""1"": 35, ""2"": 11, ""3"": 2, ""4"": 2, ""9"": 2}"
A4_prov_2021-2025,A4_prov_2021-2025_min_c677_m0.15_r1.25_e1.2_s0_u0.25,"brecha=P-c(1+m)-S/e; clases 1-4,9",2021,2026,52,,,,,,,"clases={""1"": 31, ""2"": 15, ""3"": 2, ""4"": 2, ""9"": 2}"
A4_prov_2021-2025,A4_prov_2021-2025_min_c677_m0.15_r1.25_e1.2_s1_u0.0,"brecha=P-c(1+m)-S/e; clases 1-4,9",2021,2026,52,,,,,,,"clases={""1"": 40, ""2"": 5, ""3"": 3, ""4"": 2, ""9"": 2}"
A4_prov_2021-2025,A4_prov_2021-2025_min_c677_m0.15_r1.25_e1.2_s1_u0.1,"brecha=P-c(1+m)-S/e; clases 1-4,9",2021,2026,52,,,,,,,"clases={""1"": 35, ""2"": 10, ""3"": 3, ""4"": 2, ""9"": 2}"
A4_prov_2021-2025,A4_prov_2021-2025_min_c677_m0.15_r1.25_e1.2_s1_u0.25,"brecha=P-c(1+m)-S/e; clases 1-4,9",2021,2026,52,,,,,,,"clases={""1"": 31, ""2"": 14, ""3"": 3, ""4"": 2, ""9"": 2}"
A4_prov_2021-2025,A4_prov_2021-2025_min_c677_m0.15_r1.25_e1.6_s0_u0.0,"brecha=P-c(1+m)-S/e; clases 1-4,9",2021,2026,52,,,,,,,"clases={""1"": 41, ""2"": 6, ""3"": 1, ""4"": 2, ""9"": 2}"
A4_prov_2021-2025,A4_prov_2021-2025_min_c677_m0.15_r1.25_e1.6_s0_u0.1,"brecha=P-c(1+m)-S/e; clases 1-4,9",2021,2026,52,,,,,,,"clases={""1"": 36, ""2"": 11, ""3"": 1, ""4"": 2, ""9"": 2}"
A4_prov_2021-2025,A4_prov_2021-2025_min_c677_m0.15_r1.25_e1.6_s0_u0.25,"brecha=P-c(1+m)-S/e; clases 1-4,9",2021,2026,52,,,,,,,"clases={""1"": 32, ""2"": 15, ""3"": 1, ""4"": 2, ""9"": 2}"
A4_prov_2021-2025,A4_prov_2021-2025_min_c677_m0.15_r1.25_e1.6_s1_u0.0,"brecha=P-c(1+m)-S/e; clases 1-4,9",2021,2026,52,,,,,,,"clases={""1"": 41, ""2"": 5, ""3"": 2, ""4"": 2, ""9"": 2}"
A4_prov_2021-2025,A4_prov_2021-2025_min_c677_m0.15_r1.25_e1.6_s1_u0.1,"brecha=P-c(1+m)-S/e; clases 1-4,9",2021,2026,52,,,,,,,"clases={""1"": 36, ""2"": 10, ""3"": 2, ""4"": 2, ""9"": 2}"
A4_prov_2021-2025,A4_prov_2021-2025_min_c677_m0.15_r1.25_e1.6_s1_u0.25,"brecha=P-c(1+m)-S/e; clases 1-4,9",2021,2026,52,,,,,,,"clases={""1"": 32, ""2"": 14, ""3"": 2, ""4"": 2, ""9"": 2}"
A4_prov_2021-2025,A4_prov_2021-2025_min_c677_m0.15_r1.5_e0.8_s0_u0.0,"brecha=P-c(1+m)-S/e; clases 1-4,9",2021,2026,52,,,,,,,"clases={""1"": 44, ""2"": 2, ""3"": 2, ""4"": 2, ""9"": 2}"
A4_prov_2021-2025,A4_prov_2021-2025_min_c677_m0.15_r1.5_e0.8_s0_u0.1,"brecha=P-c(1+m)-S/e; clases 1-4,9",2021,2026,52,,,,,,,"clases={""1"": 41, ""2"": 5, ""3"": 2, ""4"": 2, ""9"": 2}"
A4_prov_2021-2025,A4_prov_2021-2025_min_c677_m0.15_r1.5_e0.8_s0_u0.25,"brecha=P-c(1+m)-S/e; clases 1-4,9",2021,2026,52,,,,,,,"clases={""1"": 39, ""2"": 7, ""3"": 2, ""4"": 2, ""9"": 2}"
A4_prov_2021-2025,A4_prov_2021-2025_min_c677_m0.15_r1.5_e0.8_s1_u0.0,"brecha=P-c(1+m)-S/e; clases 1-4,9",2021,2026,52,,,,,,,"clases={""1"": 42, ""2"": 2, ""3"": 4, ""4"": 2, ""9"": 2}"
A4_prov_2021-2025,A4_prov_2021-2025_min_c677_m0.15_r1.5_e0.8_s1_u0.1,"brecha=P-c(1+m)-S/e; clases 1-4,9",2021,2026,52,,,,,,,"clases={""1"": 39, ""2"": 5, ""3"": 4, ""4"": 2, ""9"": 2}"
A4_prov_2021-2025,A4_prov_2021-2025_min_c677_m0.15_r1.5_e0.8_s1_u0.25,"brecha=P-c(1+m)-S/e; clases 1-4,9",2021,2026,52,,,,,,,"clases={""1"": 38, ""2"": 6, ""3"": 4, ""4"": 2, ""9"": 2}"
A4_prov_2021-2025,A4_prov_2021-2025_min_c677_m0.15_r1.5_e1.2_s0_u0.0,"brecha=P-c(1+m)-S/e; clases 1-4,9",2021,2026,52,,,,,,,"clases={""1"": 42, ""2"": 4, ""3"": 2, ""4"": 2, ""9"": 2}"
A4_prov_2021-2025,A4_prov_2021-2025_min_c677_m0.15_r1.5_e1.2_s0_u0.1,"brecha=P-c(1+m)-S/e; clases 1-4,9",2021,2026,52,,,,,,,"clases={""1"": 39, ""2"": 7, ""3"": 2, ""4"": 2, ""9"": 2}"
A4_prov_2021-2025,A4_prov_2021-2025_min_c677_m0.15_r1.5_e1.2_s0_u0.25,"brecha=P-c(1+m)-S/e; clases 1-4,9",2021,2026,52,,,,,,,"clases={""1"": 35, ""2"": 11, ""3"": 2, ""4"": 2, ""9"": 2}"
A4_prov_2021-2025,A4_prov_2021-2025_min_c677_m0.15_r1.5_e1.2_s1_u0.0,"brecha=P-c(1+m)-S/e; clases 1-4,9",2021,2026,52,,,,,,,"clases={""1"": 42, ""2"": 3, ""3"": 3, ""4"": 2, ""9"": 2}"
A4_prov_2021-2025,A4_prov_2021-2025_min_c677_m0.15_r1.5_e1.2_s1_u0.1,"brecha=P-c(1+m)-S/e; clases 1-4,9",2021,2026,52,,,,,,,"clases={""1"": 39, ""2"": 6, ""3"": 3, ""4"": 2, ""9"": 2}"
A4_prov_2021-2025,A4_prov_2021-2025_min_c677_m0.15_r1.5_e1.2_s1_u0.25,"brecha=P-c(1+m)-S/e; clases 1-4,9",2021,2026,52,,,,,,,"clases={""1"": 37, ""2"": 8, ""3"": 3, ""4"": 2, ""9"": 2}"
A4_prov_2021-2025,A4_prov_2021-2025_min_c677_m0.15_r1.5_e1.6_s0_u0.0,"brecha=P-c(1+m)-S/e; clases 1-4,9",2021,2026,52,,,,,,,"clases={""1"": 43, ""2"": 4, ""3"": 1, ""4"": 2, ""9"": 2}"
A4_prov_2021-2025,A4_prov_2021-2025_min_c677_m0.15_r1.5_e1.6_s0_u0.1,"brecha=P-c(1+m)-S/e; clases 1-4,9",2021,2026,52,,,,,,,"clases={""1"": 40, ""2"": 7, ""3"": 1, ""4"": 2, ""9"": 2}"
A4_prov_2021-2025,A4_prov_2021-2025_min_c677_m0.15_r1.5_e1.6_s0_u0.25,"brecha=P-c(1+m)-S/e; clases 1-4,9",2021,2026,52,,,,,,,"clases={""1"": 36, ""2"": 11, ""3"": 1, ""4"": 2, ""9"": 2}"
A4_prov_2021-2025,A4_prov_2021-2025_min_c677_m0.15_r1.5_e1.6_s1_u0.0,"brecha=P-c(1+m)-S/e; clases 1-4,9",2021,2026,52,,,,,,,"clases={""1"": 43, ""2"": 3, ""3"": 2, ""4"": 2, ""9"": 2}"
A4_prov_2021-2025,A4_prov_2021-2025_min_c677_m0.15_r1.5_e1.6_s1_u0.1,"brecha=P-c(1+m)-S/e; clases 1-4,9",2021,2026,52,,,,,,,"clases={""1"": 40, ""2"": 6, ""3"": 2, ""4"": 2, ""9"": 2}"
A4_prov_2021-2025,A4_prov_2021-2025_min_c677_m0.15_r1.5_e1.6_s1_u0.25,"brecha=P-c(1+m)-S/e; clases 1-4,9",2021,2026,52,,,,,,,"clases={""1"": 37, ""2"": 9, ""3"": 2, ""4"": 2, ""9"": 2}"
A4_prov_2021-2025,A4_prov_2021-2025_min_c677_m0.2_r1.25_e0.8_s0_u0.0,"brecha=P-c(1+m)-S/e; clases 1-4,9",2021,2026,52,,,,,,,"clases={""1"": 40, ""2"": 5, ""3"": 3, ""4"": 2, ""9"": 2}"
A4_prov_2021-2025,A4_prov_2021-2025_min_c677_m0.2_r1.25_e0.8_s0_u0.1,"brecha=P-c(1+m)-S/e; clases 1-4,9",2021,2026,52,,,,,,,"clases={""1"": 37, ""2"": 8, ""3"": 3, ""4"": 2, ""9"": 2}"
A4_prov_2021-2025,A4_prov_2021-2025_min_c677_m0.2_r1.25_e0.8_s0_u0.25,"brecha=P-c(1+m)-S/e; clases 1-4,9",2021,2026,52,,,,,,,"clases={""1"": 33, ""2"": 12, ""3"": 3, ""4"": 2, ""9"": 2}"
A4_prov_2021-2025,A4_prov_2021-2025_min_c677_m0.2_r1.25_e0.8_s1_u0.0,"brecha=P-c(1+m)-S/e; clases 1-4,9",2021,2026,52,,,,,,,"clases={""1"": 37, ""2"": 5, ""3"": 6, ""4"": 2, ""9"": 2}"
A4_prov_2021-2025,A4_prov_2021-2025_min_c677_m0.2_r1.25_e0.8_s1_u0.1,"brecha=P-c(1+m)-S/e; clases 1-4,9",2021,2026,52,,,,,,,"clases={""1"": 34, ""2"": 8, ""3"": 6, ""4"": 2, ""9"": 2}"
A4_prov_2021-2025,A4_prov_2021-2025_min_c677_m0.2_r1.25_e0.8_s1_u0.25,"brecha=P-c(1+m)-S/e; clases 1-4,9",2021,2026,52,,,,,,,"clases={""1"": 31, ""2"": 11, ""3"": 6, ""4"": 2, ""9"": 2}"
A4_prov_2021-2025,A4_prov_2021-2025_min_c677_m0.2_r1.25_e1.2_s0_u0.0,"brecha=P-c(1+m)-S/e; clases 1-4,9",2021,2026,52,,,,,,,"clases={""1"": 40, ""2"": 6, ""3"": 2, ""4"": 2, ""9"": 2}"
A4_prov_2021-2025,A4_prov_2021-2025_min_c677_m0.2_r1.25_e1.2_s0_u0.1,"brecha=P-c(1+m)-S/e; clases 1-4,9",2021,2026,52,,,,,,,"clases={""1"": 35, ""2"": 11, ""3"": 2, ""4"": 2, ""9"": 2}"
A4_prov_2021-2025,A4_prov_2021-2025_min_c677_m0.2_r1.25_e1.2_s0_u0.25,"brecha=P-c(1+m)-S/e; clases 1-4,9",2021,2026,52,,,,,,,"clases={""1"": 31, ""2"": 15, ""3"": 2, ""4"": 2, ""9"": 2}"
A4_prov_2021-2025,A4_prov_2021-2025_min_c677_m0.2_r1.25_e1.2_s1_u0.0,"brecha=P-c(1+m)-S/e; clases 1-4,9",2021,2026,52,,,,,,,"clases={""1"": 40, ""2"": 5, ""3"": 3, ""4"": 2, ""9"": 2}"
A4_prov_2021-2025,A4_prov_2021-2025_min_c677_m0.2_r1.25_e1.2_s1_u0.1,"brecha=P-c(1+m)-S/e; clases 1-4,9",2021,2026,52,,,,,,,"clases={""1"": 35, ""2"": 10, ""3"": 3, ""4"": 2, ""9"": 2}"
A4_prov_2021-2025,A4_prov_2021-2025_min_c677_m0.2_r1.25_e1.2_s1_u0.25,"brecha=P-c(1+m)-S/e; clases 1-4,9",2021,2026,52,,,,,,,"clases={""1"": 31, ""2"": 14, ""3"": 3, ""4"": 2, ""9"": 2}"
A4_prov_2021-2025,A4_prov_2021-2025_min_c677_m0.2_r1.25_e1.6_s0_u0.0,"brecha=P-c(1+m)-S/e; clases 1-4,9",2021,2026,52,,,,,,,"clases={""1"": 40, ""2"": 6, ""3"": 2, ""4"": 2, ""9"": 2}"
A4_prov_2021-2025,A4_prov_2021-2025_min_c677_m0.2_r1.25_e1.6_s0_u0.1,"brecha=P-c(1+m)-S/e; clases 1-4,9",2021,2026,52,,,,,,,"clases={""1"": 35, ""2"": 11, ""3"": 2, ""4"": 2, ""9"": 2}"
A4_prov_2021-2025,A4_prov_2021-2025_min_c677_m0.2_r1.25_e1.6_s0_u0.25,"brecha=P-c(1+m)-S/e; clases 1-4,9",2021,2026,52,,,,,,,"clases={""1"": 31, ""2"": 15, ""3"": 2, ""4"": 2, ""9"": 2}"
A4_prov_2021-2025,A4_prov_2021-2025_min_c677_m0.2_r1.25_e1.6_s1_u0.0,"brecha=P-c(1+m)-S/e; clases 1-4,9",2021,2026,52,,,,,,,"clases={""1"": 41, ""2"": 5, ""3"": 2, ""4"": 2, ""9"": 2}"
A4_prov_2021-2025,A4_prov_2021-2025_min_c677_m0.2_r1.25_e1.6_s1_u0.1,"brecha=P-c(1+m)-S/e; clases 1-4,9",2021,2026,52,,,,,,,"clases={""1"": 36, ""2"": 10, ""3"": 2, ""4"": 2, ""9"": 2}"
A4_prov_2021-2025,A4_prov_2021-2025_min_c677_m0.2_r1.25_e1.6_s1_u0.25,"brecha=P-c(1+m)-S/e; clases 1-4,9",2021,2026,52,,,,,,,"clases={""1"": 32, ""2"": 14, ""3"": 2, ""4"": 2, ""9"": 2}"
A4_prov_2021-2025,A4_prov_2021-2025_min_c677_m0.2_r1.5_e0.8_s0_u0.0,"brecha=P-c(1+m)-S/e; clases 1-4,9",2021,2026,52,,,,,,,"clases={""1"": 43, ""2"": 2, ""3"": 3, ""4"": 2, ""9"": 2}"
A4_prov_2021-2025,A4_prov_2021-2025_min_c677_m0.2_r1.5_e0.8_s0_u0.1,"brecha=P-c(1+m)-S/e; clases 1-4,9",2021,2026,52,,,,,,,"clases={""1"": 40, ""2"": 5, ""3"": 3, ""4"": 2, ""9"": 2}"
A4_prov_2021-2025,A4_prov_2021-2025_min_c677_m0.2_r1.5_e0.8_s0_u0.25,"brecha=P-c(1+m)-S/e; clases 1-4,9",2021,2026,52,,,,,,,"clases={""1"": 38, ""2"": 7, ""3"": 3, ""4"": 2, ""9"": 2}"
A4_prov_2021-2025,A4_prov_2021-2025_min_c677_m0.2_r1.5_e0.8_s1_u0.0,"brecha=P-c(1+m)-S/e; clases 1-4,9",2021,2026,52,,,,,,,"clases={""1"": 40, ""2"": 2, ""3"": 6, ""4"": 2, ""9"": 2}"
A4_prov_2021-2025,A4_prov_2021-2025_min_c677_m0.2_r1.5_e0.8_s1_u0.1,"brecha=P-c(1+m)-S/e; clases 1-4,9",2021,2026,52,,,,,,,"clases={""1"": 37, ""2"": 5, ""3"": 6, ""4"": 2, ""9"": 2}"
A4_prov_2021-2025,A4_prov_2021-2025_min_c677_m0.2_r1.5_e0.8_s1_u0.25,"brecha=P-c(1+m)-S/e; clases 1-4,9",2021,2026,52,,,,,,,"clases={""1"": 36, ""2"": 6, ""3"": 6, ""4"": 2, ""9"": 2}"
A4_prov_2021-2025,A4_prov_2021-2025_min_c677_m0.2_r1.5_e1.2_s0_u0.0,"brecha=P-c(1+m)-S/e; clases 1-4,9",2021,2026,52,,,,,,,"clases={""1"": 42, ""2"": 4, ""3"": 2, ""4"": 2, ""9"": 2}"
A4_prov_2021-2025,A4_prov_2021-2025_min_c677_m0.2_r1.5_e1.2_s0_u0.1,"brecha=P-c(1+m)-S/e; clases 1-4,9",2021,2026,52,,,,,,,"clases={""1"": 39, ""2"": 7, ""3"": 2, ""4"": 2, ""9"": 2}"
A4_prov_2021-2025,A4_prov_2021-2025_min_c677_m0.2_r1.5_e1.2_s0_u0.25,"brecha=P-c(1+m)-S/e; clases 1-4,9",2021,2026,52,,,,,,,"clases={""1"": 35, ""2"": 11, ""3"": 2, ""4"": 2, ""9"": 2}"
A4_prov_2021-2025,A4_prov_2021-2025_min_c677_m0.2_r1.5_e1.2_s1_u0.0,"brecha=P-c(1+m)-S/e; clases 1-4,9",2021,2026,52,,,,,,,"clases={""1"": 42, ""2"": 3, ""3"": 3, ""4"": 2, ""9"": 2}"
A4_prov_2021-2025,A4_prov_2021-2025_min_c677_m0.2_r1.5_e1.2_s1_u0.1,"brecha=P-c(1+m)-S/e; clases 1-4,9",2021,2026,52,,,,,,,"clases={""1"": 39, ""2"": 6, ""3"": 3, ""4"": 2, ""9"": 2}"
A4_prov_2021-2025,A4_prov_2021-2025_min_c677_m0.2_r1.5_e1.2_s1_u0.25,"brecha=P-c(1+m)-S/e; clases 1-4,9",2021,2026,52,,,,,,,"clases={""1"": 37, ""2"": 8, ""3"": 3, ""4"": 2, ""9"": 2}"
A4_prov_2021-2025,A4_prov_2021-2025_min_c677_m0.2_r1.5_e1.6_s0_u0.0,"brecha=P-c(1+m)-S/e; clases 1-4,9",2021,2026,52,,,,,,,"clases={""1"": 42, ""2"": 4, ""3"": 2, ""4"": 2, ""9"": 2}"
A4_prov_2021-2025,A4_prov_2021-2025_min_c677_m0.2_r1.5_e1.6_s0_u0.1,"brecha=P-c(1+m)-S/e; clases 1-4,9",2021,2026,52,,,,,,,"clases={""1"": 39, ""2"": 7, ""3"": 2, ""4"": 2, ""9"": 2}"
A4_prov_2021-2025,A4_prov_2021-2025_min_c677_m0.2_r1.5_e1.6_s0_u0.25,"brecha=P-c(1+m)-S/e; clases 1-4,9",2021,2026,52,,,,,,,"clases={""1"": 35, ""2"": 11, ""3"": 2, ""4"": 2, ""9"": 2}"
A4_prov_2021-2025,A4_prov_2021-2025_min_c677_m0.2_r1.5_e1.6_s1_u0.0,"brecha=P-c(1+m)-S/e; clases 1-4,9",2021,2026,52,,,,,,,"clases={""1"": 43, ""2"": 3, ""3"": 2, ""4"": 2, ""9"": 2}"
A4_prov_2021-2025,A4_prov_2021-2025_min_c677_m0.2_r1.5_e1.6_s1_u0.1,"brecha=P-c(1+m)-S/e; clases 1-4,9",2021,2026,52,,,,,,,"clases={""1"": 40, ""2"": 6, ""3"": 2, ""4"": 2, ""9"": 2}"
A4_prov_2021-2025,A4_prov_2021-2025_min_c677_m0.2_r1.5_e1.6_s1_u0.25,"brecha=P-c(1+m)-S/e; clases 1-4,9",2021,2026,52,,,,,,,"clases={""1"": 37, ""2"": 9, ""3"": 2, ""4"": 2, ""9"": 2}"
A4_prov_2021-2025,A4_prov_2021-2025_min_c677_m0.25_r1.25_e0.8_s0_u0.0,"brecha=P-c(1+m)-S/e; clases 1-4,9",2021,2026,52,,,,,,,"clases={""1"": 39, ""2"": 5, ""3"": 4, ""4"": 2, ""9"": 2}"
A4_prov_2021-2025,A4_prov_2021-2025_min_c677_m0.25_r1.25_e0.8_s0_u0.1,"brecha=P-c(1+m)-S/e; clases 1-4,9",2021,2026,52,,,,,,,"clases={""1"": 36, ""2"": 8, ""3"": 4, ""4"": 2, ""9"": 2}"
A4_prov_2021-2025,A4_prov_2021-2025_min_c677_m0.25_r1.25_e0.8_s0_u0.25,"brecha=P-c(1+m)-S/e; clases 1-4,9",2021,2026,52,,,,,,,"clases={""1"": 32, ""2"": 12, ""3"": 4, ""4"": 2, ""9"": 2}"
A4_prov_2021-2025,A4_prov_2021-2025_min_c677_m0.25_r1.25_e0.8_s1_u0.0,"brecha=P-c(1+m)-S/e; clases 1-4,9",2021,2026,52,,,,,,,"clases={""1"": 37, ""2"": 5, ""3"": 6, ""4"": 2, ""9"": 2}"
A4_prov_2021-2025,A4_prov_2021-2025_min_c677_m0.25_r1.25_e0.8_s1_u0.1,"brecha=P-c(1+m)-S/e; clases 1-4,9",2021,2026,52,,,,,,,"clases={""1"": 34, ""2"": 8, ""3"": 6, ""4"": 2, ""9"": 2}"
A4_prov_2021-2025,A4_prov_2021-2025_min_c677_m0.25_r1.25_e0.8_s1_u0.25,"brecha=P-c(1+m)-S/e; clases 1-4,9",2021,2026,52,,,,,,,"clases={""1"": 31, ""2"": 11, ""3"": 6, ""4"": 2, ""9"": 2}"
A4_prov_2021-2025,A4_prov_2021-2025_min_c677_m0.25_r1.25_e1.2_s0_u0.0,"brecha=P-c(1+m)-S/e; clases 1-4,9",2021,2026,52,,,,,,,"clases={""1"": 39, ""2"": 6, ""3"": 3, ""4"": 2, ""9"": 2}"
A4_prov_2021-2025,A4_prov_2021-2025_min_c677_m0.25_r1.25_e1.2_s0_u0.1,"brecha=P-c(1+m)-S/e; clases 1-4,9",2021,2026,52,,,,,,,"clases={""1"": 34, ""2"": 11, ""3"": 3, ""4"": 2, ""9"": 2}"
A4_prov_2021-2025,A4_prov_2021-2025_min_c677_m0.25_r1.25_e1.2_s0_u0.25,"brecha=P-c(1+m)-S/e; clases 1-4,9",2021,2026,52,,,,,,,"clases={""1"": 30, ""2"": 15, ""3"": 3, ""4"": 2, ""9"": 2}"
A4_prov_2021-2025,A4_prov_2021-2025_min_c677_m0.25_r1.25_e1.2_s1_u0.0,"brecha=P-c(1+m)-S/e; clases 1-4,9",2021,2026,52,,,,,,,"clases={""1"": 38, ""2"": 5, ""3"": 5, ""4"": 2, ""9"": 2}"
A4_prov_2021-2025,A4_prov_2021-2025_min_c677_m0.25_r1.25_e1.2_s1_u0.1,"brecha=P-c(1+m)-S/e; clases 1-4,9",2021,2026,52,,,,,,,"clases={""1"": 33, ""2"": 10, ""3"": 5, ""4"": 2, ""9"": 2}"
A4_prov_2021-2025,A4_prov_2021-2025_min_c677_m0.25_r1.25_e1.2_s1_u0.25,"brecha=P-c(1+m)-S/e; clases 1-4,9",2021,2026,52,,,,,,,"clases={""1"": 29, ""2"": 14, ""3"": 5, ""4"": 2, ""9"": 2}"
A4_prov_2021-2025,A4_prov_2021-2025_min_c677_m0.25_r1.25_e1.6_s0_u0.0,"brecha=P-c(1+m)-S/e; clases 1-4,9",2021,2026,52,,,,,,,"clases={""1"": 40, ""2"": 6, ""3"": 2, ""4"": 2, ""9"": 2}"
A4_prov_2021-2025,A4_prov_2021-2025_min_c677_m0.25_r1.25_e1.6_s0_u0.1,"brecha=P-c(1+m)-S/e; clases 1-4,9",2021,2026,52,,,,,,,"clases={""1"": 35, ""2"": 11, ""3"": 2, ""4"": 2, ""9"": 2}"
A4_prov_2021-2025,A4_prov_2021-2025_min_c677_m0.25_r1.25_e1.6_s0_u0.25,"brecha=P-c(1+m)-S/e; clases 1-4,9",2021,2026,52,,,,,,,"clases={""1"": 31, ""2"": 15, ""3"": 2, ""4"": 2, ""9"": 2}"
A4_prov_2021-2025,A4_prov_2021-2025_min_c677_m0.25_r1.25_e1.6_s1_u0.0,"brecha=P-c(1+m)-S/e; clases 1-4,9",2021,2026,52,,,,,,,"clases={""1"": 40, ""2"": 5, ""3"": 3, ""4"": 2, ""9"": 2}"
A4_prov_2021-2025,A4_prov_2021-2025_min_c677_m0.25_r1.25_e1.6_s1_u0.1,"brecha=P-c(1+m)-S/e; clases 1-4,9",2021,2026,52,,,,,,,"clases={""1"": 35, ""2"": 10, ""3"": 3, ""4"": 2, ""9"": 2}"
A4_prov_2021-2025,A4_prov_2021-2025_min_c677_m0.25_r1.25_e1.6_s1_u0.25,"brecha=P-c(1+m)-S/e; clases 1-4,9",2021,2026,52,,,,,,,"clases={""1"": 31, ""2"": 14, ""3"": 3, ""4"": 2, ""9"": 2}"
A4_prov_2021-2025,A4_prov_2021-2025_min_c677_m0.25_r1.5_e0.8_s0_u0.0,"brecha=P-c(1+m)-S/e; clases 1-4,9",2021,2026,52,,,,,,,"clases={""1"": 42, ""2"": 2, ""3"": 4, ""4"": 2, ""9"": 2}"
A4_prov_2021-2025,A4_prov_2021-2025_min_c677_m0.25_r1.5_e0.8_s0_u0.1,"brecha=P-c(1+m)-S/e; clases 1-4,9",2021,2026,52,,,,,,,"clases={""1"": 39, ""2"": 5, ""3"": 4, ""4"": 2, ""9"": 2}"
A4_prov_2021-2025,A4_prov_2021-2025_min_c677_m0.25_r1.5_e0.8_s0_u0.25,"brecha=P-c(1+m)-S/e; clases 1-4,9",2021,2026,52,,,,,,,"clases={""1"": 37, ""2"": 7, ""3"": 4, ""4"": 2, ""9"": 2}"
A4_prov_2021-2025,A4_prov_2021-2025_min_c677_m0.25_r1.5_e0.8_s1_u0.0,"brecha=P-c(1+m)-S/e; clases 1-4,9",2021,2026,52,,,,,,,"clases={""1"": 40, ""2"": 2, ""3"": 6, ""4"": 2, ""9"": 2}"
A4_prov_2021-2025,A4_prov_2021-2025_min_c677_m0.25_r1.5_e0.8_s1_u0.1,"brecha=P-c(1+m)-S/e; clases 1-4,9",2021,2026,52,,,,,,,"clases={""1"": 37, ""2"": 5, ""3"": 6, ""4"": 2, ""9"": 2}"
A4_prov_2021-2025,A4_prov_2021-2025_min_c677_m0.25_r1.5_e0.8_s1_u0.25,"brecha=P-c(1+m)-S/e; clases 1-4,9",2021,2026,52,,,,,,,"clases={""1"": 36, ""2"": 6, ""3"": 6, ""4"": 2, ""9"": 2}"
A4_prov_2021-2025,A4_prov_2021-2025_min_c677_m0.25_r1.5_e1.2_s0_u0.0,"brecha=P-c(1+m)-S/e; clases 1-4,9",2021,2026,52,,,,,,,"clases={""1"": 41, ""2"": 4, ""3"": 3, ""4"": 2, ""9"": 2}"
A4_prov_2021-2025,A4_prov_2021-2025_min_c677_m0.25_r1.5_e1.2_s0_u0.1,"brecha=P-c(1+m)-S/e; clases 1-4,9",2021,2026,52,,,,,,,"clases={""1"": 38, ""2"": 7, ""3"": 3, ""4"": 2, ""9"": 2}"
A4_prov_2021-2025,A4_prov_2021-2025_min_c677_m0.25_r1.5_e1.2_s0_u0.25,"brecha=P-c(1+m)-S/e; clases 1-4,9",2021,2026,52,,,,,,,"clases={""1"": 34, ""2"": 11, ""3"": 3, ""4"": 2, ""9"": 2}"
A4_prov_2021-2025,A4_prov_2021-2025_min_c677_m0.25_r1.5_e1.2_s1_u0.0,"brecha=P-c(1+m)-S/e; clases 1-4,9",2021,2026,52,,,,,,,"clases={""1"": 40, ""2"": 3, ""3"": 5, ""4"": 2, ""9"": 2}"
A4_prov_2021-2025,A4_prov_2021-2025_min_c677_m0.25_r1.5_e1.2_s1_u0.1,"brecha=P-c(1+m)-S/e; clases 1-4,9",2021,2026,52,,,,,,,"clases={""1"": 37, ""2"": 6, ""3"": 5, ""4"": 2, ""9"": 2}"
A4_prov_2021-2025,A4_prov_2021-2025_min_c677_m0.25_r1.5_e1.2_s1_u0.25,"brecha=P-c(1+m)-S/e; clases 1-4,9",2021,2026,52,,,,,,,"clases={""1"": 35, ""2"": 8, ""3"": 5, ""4"": 2, ""9"": 2}"
A4_prov_2021-2025,A4_prov_2021-2025_min_c677_m0.25_r1.5_e1.6_s0_u0.0,"brecha=P-c(1+m)-S/e; clases 1-4,9",2021,2026,52,,,,,,,"clases={""1"": 42, ""2"": 4, ""3"": 2, ""4"": 2, ""9"": 2}"
A4_prov_2021-2025,A4_prov_2021-2025_min_c677_m0.25_r1.5_e1.6_s0_u0.1,"brecha=P-c(1+m)-S/e; clases 1-4,9",2021,2026,52,,,,,,,"clases={""1"": 39, ""2"": 7, ""3"": 2, ""4"": 2, ""9"": 2}"
A4_prov_2021-2025,A4_prov_2021-2025_min_c677_m0.25_r1.5_e1.6_s0_u0.25,"brecha=P-c(1+m)-S/e; clases 1-4,9",2021,2026,52,,,,,,,"clases={""1"": 35, ""2"": 11, ""3"": 2, ""4"": 2, ""9"": 2}"
A4_prov_2021-2025,A4_prov_2021-2025_min_c677_m0.25_r1.5_e1.6_s1_u0.0,"brecha=P-c(1+m)-S/e; clases 1-4,9",2021,2026,52,,,,,,,"clases={""1"": 42, ""2"": 3, ""3"": 3, ""4"": 2, ""9"": 2}"
A4_prov_2021-2025,A4_prov_2021-2025_min_c677_m0.25_r1.5_e1.6_s1_u0.1,"brecha=P-c(1+m)-S/e; clases 1-4,9",2021,2026,52,,,,,,,"clases={""1"": 39, ""2"": 6, ""3"": 3, ""4"": 2, ""9"": 2}"
A4_prov_2021-2025,A4_prov_2021-2025_min_c677_m0.25_r1.5_e1.6_s1_u0.25,"brecha=P-c(1+m)-S/e; clases 1-4,9",2021,2026,52,,,,,,,"clases={""1"": 36, ""2"": 9, ""3"": 3, ""4"": 2, ""9"": 2}"
A4_prov_2021-2025,A4_prov_2021-2025_min_c805_m0.15_r1.25_e0.8_s0_u0.0,"brecha=P-c(1+m)-S/e; clases 1-4,9",2021,2026,52,,,,,,,"clases={""1"": 39, ""2"": 3, ""3"": 6, ""4"": 2, ""9"": 2}"
A4_prov_2021-2025,A4_prov_2021-2025_min_c805_m0.15_r1.25_e0.8_s0_u0.1,"brecha=P-c(1+m)-S/e; clases 1-4,9",2021,2026,52,,,,,,,"clases={""1"": 36, ""2"": 6, ""3"": 6, ""4"": 2, ""9"": 2}"
A4_prov_2021-2025,A4_prov_2021-2025_min_c805_m0.15_r1.25_e0.8_s0_u0.25,"brecha=P-c(1+m)-S/e; clases 1-4,9",2021,2026,52,,,,,,,"clases={""1"": 34, ""2"": 8, ""3"": 6, ""4"": 2, ""9"": 2}"
A4_prov_2021-2025,A4_prov_2021-2025_min_c805_m0.15_r1.25_e0.8_s1_u0.0,"brecha=P-c(1+m)-S/e; clases 1-4,9",2021,2026,52,,,,,,,"clases={""1"": 35, ""2"": 3, ""3"": 10, ""4"": 2, ""9"": 2}"
A4_prov_2021-2025,A4_prov_2021-2025_min_c805_m0.15_r1.25_e0.8_s1_u0.1,"brecha=P-c(1+m)-S/e; clases 1-4,9",2021,2026,52,,,,,,,"clases={""1"": 32, ""2"": 6, ""3"": 10, ""4"": 2, ""9"": 2}"
A4_prov_2021-2025,A4_prov_2021-2025_min_c805_m0.15_r1.25_e0.8_s1_u0.25,"brecha=P-c(1+m)-S/e; clases 1-4,9",2021,2026,52,,,,,,,"clases={""1"": 30, ""2"": 8, ""3"": 10, ""4"": 2, ""9"": 2}"
A4_prov_2021-2025,A4_prov_2021-2025_min_c805_m0.15_r1.25_e1.2_s0_u0.0,"brecha=P-c(1+m)-S/e; clases 1-4,9",2021,2026,52,,,,,,,"clases={""1"": 37, ""2"": 5, ""3"": 6, ""4"": 2, ""9"": 2}"
A4_prov_2021-2025,A4_prov_2021-2025_min_c805_m0.15_r1.25_e1.2_s0_u0.1,"brecha=P-c(1+m)-S/e; clases 1-4,9",2021,2026,52,,,,,,,"clases={""1"": 34, ""2"": 8, ""3"": 6, ""4"": 2, ""9"": 2}"
A4_prov_2021-2025,A4_prov_2021-2025_min_c805_m0.15_r1.25_e1.2_s0_u0.25,"brecha=P-c(1+m)-S/e; clases 1-4,9",2021,2026,52,,,,,,,"clases={""1"": 30, ""2"": 12, ""3"": 6, ""4"": 2, ""9"": 2}"
A4_prov_2021-2025,A4_prov_2021-2025_min_c805_m0.15_r1.25_e1.2_s1_u0.0,"brecha=P-c(1+m)-S/e; clases 1-4,9",2021,2026,52,,,,,,,"clases={""1"": 36, ""2"": 4, ""3"": 8, ""4"": 2, ""9"": 2}"
A4_prov_2021-2025,A4_prov_2021-2025_min_c805_m0.15_r1.25_e1.2_s1_u0.1,"brecha=P-c(1+m)-S/e; clases 1-4,9",2021,2026,52,,,,,,,"clases={""1"": 33, ""2"": 7, ""3"": 8, ""4"": 2, ""9"": 2}"
A4_prov_2021-2025,A4_prov_2021-2025_min_c805_m0.15_r1.25_e1.2_s1_u0.25,"brecha=P-c(1+m)-S/e; clases 1-4,9",2021,2026,52,,,,,,,"clases={""1"": 30, ""2"": 10, ""3"": 8, ""4"": 2, ""9"": 2}"
A4_prov_2021-2025,A4_prov_2021-2025_min_c805_m0.15_r1.25_e1.6_s0_u0.0,"brecha=P-c(1+m)-S/e; clases 1-4,9",2021,2026,52,,,,,,,"clases={""1"": 38, ""2"": 5, ""3"": 5, ""4"": 2, ""9"": 2}"
A4_prov_2021-2025,A4_prov_2021-2025_min_c805_m0.15_r1.25_e1.6_s0_u0.1,"brecha=P-c(1+m)-S/e; clases 1-4,9",2021,2026,52,,,,,,,"clases={""1"": 35, ""2"": 8, ""3"": 5, ""4"": 2, ""9"": 2}"
A4_prov_2021-2025,A4_prov_2021-2025_min_c805_m0.15_r1.25_e1.6_s0_u0.25,"brecha=P-c(1+m)-S/e; clases 1-4,9",2021,2026,52,,,,,,,"clases={""1"": 31, ""2"": 12, ""3"": 5, ""4"": 2, ""9"": 2}"
A4_prov_2021-2025,A4_prov_2021-2025_min_c805_m0.15_r1.25_e1.6_s1_u0.0,"brecha=P-c(1+m)-S/e; clases 1-4,9",2021,2026,52,,,,,,,"clases={""1"": 36, ""2"": 5, ""3"": 7, ""4"": 2, ""9"": 2}"
A4_prov_2021-2025,A4_prov_2021-2025_min_c805_m0.15_r1.25_e1.6_s1_u0.1,"brecha=P-c(1+m)-S/e; clases 1-4,9",2021,2026,52,,,,,,,"clases={""1"": 33, ""2"": 8, ""3"": 7, ""4"": 2, ""9"": 2}"
A4_prov_2021-2025,A4_prov_2021-2025_min_c805_m0.15_r1.25_e1.6_s1_u0.25,"brecha=P-c(1+m)-S/e; clases 1-4,9",2021,2026,52,,,,,,,"clases={""1"": 29, ""2"": 12, ""3"": 7, ""4"": 2, ""9"": 2}"
A4_prov_2021-2025,A4_prov_2021-2025_min_c805_m0.15_r1.5_e0.8_s0_u0.0,"brecha=P-c(1+m)-S/e; clases 1-4,9",2021,2026,52,,,,,,,"clases={""1"": 40, ""2"": 2, ""3"": 6, ""4"": 2, ""9"": 2}"
A4_prov_2021-2025,A4_prov_2021-2025_min_c805_m0.15_r1.5_e0.8_s0_u0.1,"brecha=P-c(1+m)-S/e; clases 1-4,9",2021,2026,52,,,,,,,"clases={""1"": 37, ""2"": 5, ""3"": 6, ""4"": 2, ""9"": 2}"
A4_prov_2021-2025,A4_prov_2021-2025_min_c805_m0.15_r1.5_e0.8_s0_u0.25,"brecha=P-c(1+m)-S/e; clases 1-4,9",2021,2026,52,,,,,,,"clases={""1"": 35, ""2"": 7, ""3"": 6, ""4"": 2, ""9"": 2}"
A4_prov_2021-2025,A4_prov_2021-2025_min_c805_m0.15_r1.5_e0.8_s1_u0.0,"brecha=P-c(1+m)-S/e; clases 1-4,9",2021,2026,52,,,,,,,"clases={""1"": 36, ""2"": 2, ""3"": 10, ""4"": 2, ""9"": 2}"
A4_prov_2021-2025,A4_prov_2021-2025_min_c805_m0.15_r1.5_e0.8_s1_u0.1,"brecha=P-c(1+m)-S/e; clases 1-4,9",2021,2026,52,,,,,,,"clases={""1"": 33, ""2"": 5, ""3"": 10, ""4"": 2, ""9"": 2}"
A4_prov_2021-2025,A4_prov_2021-2025_min_c805_m0.15_r1.5_e0.8_s1_u0.25,"brecha=P-c(1+m)-S/e; clases 1-4,9",2021,2026,52,,,,,,,"clases={""1"": 32, ""2"": 6, ""3"": 10, ""4"": 2, ""9"": 2}"
A4_prov_2021-2025,A4_prov_2021-2025_min_c805_m0.15_r1.5_e1.2_s0_u0.0,"brecha=P-c(1+m)-S/e; clases 1-4,9",2021,2026,52,,,,,,,"clases={""1"": 40, ""2"": 2, ""3"": 6, ""4"": 2, ""9"": 2}"
A4_prov_2021-2025,A4_prov_2021-2025_min_c805_m0.15_r1.5_e1.2_s0_u0.1,"brecha=P-c(1+m)-S/e; clases 1-4,9",2021,2026,52,,,,,,,"clases={""1"": 37, ""2"": 5, ""3"": 6, ""4"": 2, ""9"": 2}"
A4_prov_2021-2025,A4_prov_2021-2025_min_c805_m0.15_r1.5_e1.2_s0_u0.25,"brecha=P-c(1+m)-S/e; clases 1-4,9",2021,2026,52,,,,,,,"clases={""1"": 35, ""2"": 7, ""3"": 6, ""4"": 2, ""9"": 2}"
A4_prov_2021-2025,A4_prov_2021-2025_min_c805_m0.15_r1.5_e1.2_s1_u0.0,"brecha=P-c(1+m)-S/e; clases 1-4,9",2021,2026,52,,,,,,,"clases={""1"": 38, ""2"": 2, ""3"": 8, ""4"": 2, ""9"": 2}"
A4_prov_2021-2025,A4_prov_2021-2025_min_c805_m0.15_r1.5_e1.2_s1_u0.1,"brecha=P-c(1+m)-S/e; clases 1-4,9",2021,2026,52,,,,,,,"clases={""1"": 35, ""2"": 5, ""3"": 8, ""4"": 2, ""9"": 2}"
A4_prov_2021-2025,A4_prov_2021-2025_min_c805_m0.15_r1.5_e1.2_s1_u0.25,"brecha=P-c(1+m)-S/e; clases 1-4,9",2021,2026,52,,,,,,,"clases={""1"": 34, ""2"": 6, ""3"": 8, ""4"": 2, ""9"": 2}"
A4_prov_2021-2025,A4_prov_2021-2025_min_c805_m0.15_r1.5_e1.6_s0_u0.0,"brecha=P-c(1+m)-S/e; clases 1-4,9",2021,2026,52,,,,,,,"clases={""1"": 41, ""2"": 2, ""3"": 5, ""4"": 2, ""9"": 2}"
A4_prov_2021-2025,A4_prov_2021-2025_min_c805_m0.15_r1.5_e1.6_s0_u0.1,"brecha=P-c(1+m)-S/e; clases 1-4,9",2021,2026,52,,,,,,,"clases={""1"": 38, ""2"": 5, ""3"": 5, ""4"": 2, ""9"": 2}"
A4_prov_2021-2025,A4_prov_2021-2025_min_c805_m0.15_r1.5_e1.6_s0_u0.25,"brecha=P-c(1+m)-S/e; clases 1-4,9",2021,2026,52,,,,,,,"clases={""1"": 36, ""2"": 7, ""3"": 5, ""4"": 2, ""9"": 2}"
A4_prov_2021-2025,A4_prov_2021-2025_min_c805_m0.15_r1.5_e1.6_s1_u0.0,"brecha=P-c(1+m)-S/e; clases 1-4,9",2021,2026,52,,,,,,,"clases={""1"": 39, ""2"": 2, ""3"": 7, ""4"": 2, ""9"": 2}"
A4_prov_2021-2025,A4_prov_2021-2025_min_c805_m0.15_r1.5_e1.6_s1_u0.1,"brecha=P-c(1+m)-S/e; clases 1-4,9",2021,2026,52,,,,,,,"clases={""1"": 36, ""2"": 5, ""3"": 7, ""4"": 2, ""9"": 2}"
A4_prov_2021-2025,A4_prov_2021-2025_min_c805_m0.15_r1.5_e1.6_s1_u0.25,"brecha=P-c(1+m)-S/e; clases 1-4,9",2021,2026,52,,,,,,,"clases={""1"": 35, ""2"": 6, ""3"": 7, ""4"": 2, ""9"": 2}"
A4_prov_2021-2025,A4_prov_2021-2025_min_c805_m0.2_r1.25_e0.8_s0_u0.0,"brecha=P-c(1+m)-S/e; clases 1-4,9",2021,2026,52,,,,,,,"clases={""1"": 38, ""2"": 3, ""3"": 7, ""4"": 2, ""9"": 2}"
A4_prov_2021-2025,A4_prov_2021-2025_min_c805_m0.2_r1.25_e0.8_s0_u0.1,"brecha=P-c(1+m)-S/e; clases 1-4,9",2021,2026,52,,,,,,,"clases={""1"": 35, ""2"": 6, ""3"": 7, ""4"": 2, ""9"": 2}"
A4_prov_2021-2025,A4_prov_2021-2025_min_c805_m0.2_r1.25_e0.8_s0_u0.25,"brecha=P-c(1+m)-S/e; clases 1-4,9",2021,2026,52,,,,,,,"clases={""1"": 33, ""2"": 8, ""3"": 7, ""4"": 2, ""9"": 2}"
A4_prov_2021-2025,A4_prov_2021-2025_min_c805_m0.2_r1.25_e0.8_s1_u0.0,"brecha=P-c(1+m)-S/e; clases 1-4,9",2021,2026,52,,,,,,,"clases={""1"": 33, ""2"": 3, ""3"": 12, ""4"": 2, ""9"": 2}"
A4_prov_2021-2025,A4_prov_2021-2025_min_c805_m0.2_r1.25_e0.8_s1_u0.1,"brecha=P-c(1+m)-S/e; clases 1-4,9",2021,2026,52,,,,,,,"clases={""1"": 30, ""2"": 6, ""3"": 12, ""4"": 2, ""9"": 2}"
A4_prov_2021-2025,A4_prov_2021-2025_min_c805_m0.2_r1.25_e0.8_s1_u0.25,"brecha=P-c(1+m)-S/e; clases 1-4,9",2021,2026,52,,,,,,,"clases={""1"": 28, ""2"": 8, ""3"": 12, ""4"": 2, ""9"": 2}"
A4_prov_2021-2025,A4_prov_2021-2025_min_c805_m0.2_r1.25_e1.2_s0_u0.0,"brecha=P-c(1+m)-S/e; clases 1-4,9",2021,2026,52,,,,,,,"clases={""1"": 37, ""2"": 5, ""3"": 6, ""4"": 2, ""9"": 2}"
A4_prov_2021-2025,A4_prov_2021-2025_min_c805_m0.2_r1.25_e1.2_s0_u0.1,"brecha=P-c(1+m)-S/e; clases 1-4,9",2021,2026,52,,,,,,,"clases={""1"": 34, ""2"": 8, ""3"": 6, ""4"": 2, ""9"": 2}"
A4_prov_2021-2025,A4_prov_2021-2025_min_c805_m0.2_r1.25_e1.2_s0_u0.25,"brecha=P-c(1+m)-S/e; clases 1-4,9",2021,2026,52,,,,,,,"clases={""1"": 30, ""2"": 12, ""3"": 6, ""4"": 2, ""9"": 2}"
A4_prov_2021-2025,A4_prov_2021-2025_min_c805_m0.2_r1.25_e1.2_s1_u0.0,"brecha=P-c(1+m)-S/e; clases 1-4,9",2021,2026,52,,,,,,,"clases={""1"": 36, ""2"": 4, ""3"": 8, ""4"": 2, ""9"": 2}"
A4_prov_2021-2025,A4_prov_2021-2025_min_c805_m0.2_r1.25_e1.2_s1_u0.1,"brecha=P-c(1+m)-S/e; clases 1-4,9",2021,2026,52,,,,,,,"clases={""1"": 33, ""2"": 7, ""3"": 8, ""4"": 2, ""9"": 2}"
A4_prov_2021-2025,A4_prov_2021-2025_min_c805_m0.2_r1.25_e1.2_s1_u0.25,"brecha=P-c(1+m)-S/e; clases 1-4,9",2021,2026,52,,,,,,,"clases={""1"": 30, ""2"": 10, ""3"": 8, ""4"": 2, ""9"": 2}"
A4_prov_2021-2025,A4_prov_2021-2025_min_c805_m0.2_r1.25_e1.6_s0_u0.0,"brecha=P-c(1+m)-S/e; clases 1-4,9",2021,2026,52,,,,,,,"clases={""1"": 37, ""2"": 5, ""3"": 6, ""4"": 2, ""9"": 2}"
A4_prov_2021-2025,A4_prov_2021-2025_min_c805_m0.2_r1.25_e1.6_s0_u0.1,"brecha=P-c(1+m)-S/e; clases 1-4,9",2021,2026,52,,,,,,,"clases={""1"": 34, ""2"": 8, ""3"": 6, ""4"": 2, ""9"": 2}"
A4_prov_2021-2025,A4_prov_2021-2025_min_c805_m0.2_r1.25_e1.6_s0_u0.25,"brecha=P-c(1+m)-S/e; clases 1-4,9",2021,2026,52,,,,,,,"clases={""1"": 30, ""2"": 12, ""3"": 6, ""4"": 2, ""9"": 2}"
A4_prov_2021-2025,A4_prov_2021-2025_min_c805_m0.2_r1.25_e1.6_s1_u0.0,"brecha=P-c(1+m)-S/e; clases 1-4,9",2021,2026,52,,,,,,,"clases={""1"": 35, ""2"": 5, ""3"": 8, ""4"": 2, ""9"": 2}"
A4_prov_2021-2025,A4_prov_2021-2025_min_c805_m0.2_r1.25_e1.6_s1_u0.1,"brecha=P-c(1+m)-S/e; clases 1-4,9",2021,2026,52,,,,,,,"clases={""1"": 32, ""2"": 8, ""3"": 8, ""4"": 2, ""9"": 2}"
A4_prov_2021-2025,A4_prov_2021-2025_min_c805_m0.2_r1.25_e1.6_s1_u0.25,"brecha=P-c(1+m)-S/e; clases 1-4,9",2021,2026,52,,,,,,,"clases={""1"": 28, ""2"": 12, ""3"": 8, ""4"": 2, ""9"": 2}"
A4_prov_2021-2025,A4_prov_2021-2025_min_c805_m0.2_r1.5_e0.8_s0_u0.0,"brecha=P-c(1+m)-S/e; clases 1-4,9",2021,2026,52,,,,,,,"clases={""1"": 39, ""2"": 2, ""3"": 7, ""4"": 2, ""9"": 2}"
A4_prov_2021-2025,A4_prov_2021-2025_min_c805_m0.2_r1.5_e0.8_s0_u0.1,"brecha=P-c(1+m)-S/e; clases 1-4,9",2021,2026,52,,,,,,,"clases={""1"": 36, ""2"": 5, ""3"": 7, ""4"": 2, ""9"": 2}"
A4_prov_2021-2025,A4_prov_2021-2025_min_c805_m0.2_r1.5_e0.8_s0_u0.25,"brecha=P-c(1+m)-S/e; clases 1-4,9",2021,2026,52,,,,,,,"clases={""1"": 34, ""2"": 7, ""3"": 7, ""4"": 2, ""9"": 2}"
A4_prov_2021-2025,A4_prov_2021-2025_min_c805_m0.2_r1.5_e0.8_s1_u0.0,"brecha=P-c(1+m)-S/e; clases 1-4,9",2021,2026,52,,,,,,,"clases={""1"": 34, ""2"": 2, ""3"": 12, ""4"": 2, ""9"": 2}"
A4_prov_2021-2025,A4_prov_2021-2025_min_c805_m0.2_r1.5_e0.8_s1_u0.1,"brecha=P-c(1+m)-S/e; clases 1-4,9",2021,2026,52,,,,,,,"clases={""1"": 31, ""2"": 5, ""3"": 12, ""4"": 2, ""9"": 2}"
A4_prov_2021-2025,A4_prov_2021-2025_min_c805_m0.2_r1.5_e0.8_s1_u0.25,"brecha=P-c(1+m)-S/e; clases 1-4,9",2021,2026,52,,,,,,,"clases={""1"": 30, ""2"": 6, ""3"": 12, ""4"": 2, ""9"": 2}"
A4_prov_2021-2025,A4_prov_2021-2025_min_c805_m0.2_r1.5_e1.2_s0_u0.0,"brecha=P-c(1+m)-S/e; clases 1-4,9",2021,2026,52,,,,,,,"clases={""1"": 40, ""2"": 2, ""3"": 6, ""4"": 2, ""9"": 2}"
A4_prov_2021-2025,A4_prov_2021-2025_min_c805_m0.2_r1.5_e1.2_s0_u0.1,"brecha=P-c(1+m)-S/e; clases 1-4,9",2021,2026,52,,,,,,,"clases={""1"": 37, ""2"": 5, ""3"": 6, ""4"": 2, ""9"": 2}"
A4_prov_2021-2025,A4_prov_2021-2025_min_c805_m0.2_r1.5_e1.2_s0_u0.25,"brecha=P-c(1+m)-S/e; clases 1-4,9",2021,2026,52,,,,,,,"clases={""1"": 35, ""2"": 7, ""3"": 6, ""4"": 2, ""9"": 2}"
A4_prov_2021-2025,A4_prov_2021-2025_min_c805_m0.2_r1.5_e1.2_s1_u0.0,"brecha=P-c(1+m)-S/e; clases 1-4,9",2021,2026,52,,,,,,,"clases={""1"": 38, ""2"": 2, ""3"": 8, ""4"": 2, ""9"": 2}"
A4_prov_2021-2025,A4_prov_2021-2025_min_c805_m0.2_r1.5_e1.2_s1_u0.1,"brecha=P-c(1+m)-S/e; clases 1-4,9",2021,2026,52,,,,,,,"clases={""1"": 35, ""2"": 5, ""3"": 8, ""4"": 2, ""9"": 2}"
A4_prov_2021-2025,A4_prov_2021-2025_min_c805_m0.2_r1.5_e1.2_s1_u0.25,"brecha=P-c(1+m)-S/e; clases 1-4,9",2021,2026,52,,,,,,,"clases={""1"": 34, ""2"": 6, ""3"": 8, ""4"": 2, ""9"": 2}"
A4_prov_2021-2025,A4_prov_2021-2025_min_c805_m0.2_r1.5_e1.6_s0_u0.0,"brecha=P-c(1+m)-S/e; clases 1-4,9",2021,2026,52,,,,,,,"clases={""1"": 40, ""2"": 2, ""3"": 6, ""4"": 2, ""9"": 2}"
A4_prov_2021-2025,A4_prov_2021-2025_min_c805_m0.2_r1.5_e1.6_s0_u0.1,"brecha=P-c(1+m)-S/e; clases 1-4,9",2021,2026,52,,,,,,,"clases={""1"": 37, ""2"": 5, ""3"": 6, ""4"": 2, ""9"": 2}"
A4_prov_2021-2025,A4_prov_2021-2025_min_c805_m0.2_r1.5_e1.6_s0_u0.25,"brecha=P-c(1+m)-S/e; clases 1-4,9",2021,2026,52,,,,,,,"clases={""1"": 35, ""2"": 7, ""3"": 6, ""4"": 2, ""9"": 2}"
A4_prov_2021-2025,A4_prov_2021-2025_min_c805_m0.2_r1.5_e1.6_s1_u0.0,"brecha=P-c(1+m)-S/e; clases 1-4,9",2021,2026,52,,,,,,,"clases={""1"": 38, ""2"": 2, ""3"": 8, ""4"": 2, ""9"": 2}"
A4_prov_2021-2025,A4_prov_2021-2025_min_c805_m0.2_r1.5_e1.6_s1_u0.1,"brecha=P-c(1+m)-S/e; clases 1-4,9",2021,2026,52,,,,,,,"clases={""1"": 35, ""2"": 5, ""3"": 8, ""4"": 2, ""9"": 2}"
A4_prov_2021-2025,A4_prov_2021-2025_min_c805_m0.2_r1.5_e1.6_s1_u0.25,"brecha=P-c(1+m)-S/e; clases 1-4,9",2021,2026,52,,,,,,,"clases={""1"": 34, ""2"": 6, ""3"": 8, ""4"": 2, ""9"": 2}"
A4_prov_2021-2025,A4_prov_2021-2025_min_c805_m0.25_r1.25_e0.8_s0_u0.0,"brecha=P-c(1+m)-S/e; clases 1-4,9",2021,2026,52,,,,,,,"clases={""1"": 36, ""2"": 3, ""3"": 9, ""4"": 2, ""9"": 2}"
A4_prov_2021-2025,A4_prov_2021-2025_min_c805_m0.25_r1.25_e0.8_s0_u0.1,"brecha=P-c(1+m)-S/e; clases 1-4,9",2021,2026,52,,,,,,,"clases={""1"": 33, ""2"": 6, ""3"": 9, ""4"": 2, ""9"": 2}"
A4_prov_2021-2025,A4_prov_2021-2025_min_c805_m0.25_r1.25_e0.8_s0_u0.25,"brecha=P-c(1+m)-S/e; clases 1-4,9",2021,2026,52,,,,,,,"clases={""1"": 31, ""2"": 8, ""3"": 9, ""4"": 2, ""9"": 2}"
A4_prov_2021-2025,A4_prov_2021-2025_min_c805_m0.25_r1.25_e0.8_s1_u0.0,"brecha=P-c(1+m)-S/e; clases 1-4,9",2021,2026,52,,,,,,,"clases={""1"": 31, ""2"": 3, ""3"": 14, ""4"": 2, ""9"": 2}"
A4_prov_2021-2025,A4_prov_2021-2025_min_c805_m0.25_r1.25_e0.8_s1_u0.1,"brecha=P-c(1+m)-S/e; clases 1-4,9",2021,2026,52,,,,,,,"clases={""1"": 28, ""2"": 6, ""3"": 14, ""4"": 2, ""9"": 2}"
A4_prov_2021-2025,A4_prov_2021-2025_min_c805_m0.25_r1.25_e0.8_s1_u0.25,"brecha=P-c(1+m)-S/e; clases 1-4,9",2021,2026,52,,,,,,,"clases={""1"": 26, ""2"": 8, ""3"": 14, ""4"": 2, ""9"": 2}"
A4_prov_2021-2025,A4_prov_2021-2025_min_c805_m0.25_r1.25_e1.2_s0_u0.0,"brecha=P-c(1+m)-S/e; clases 1-4,9",2021,2026,52,,,,,,,"clases={""1"": 35, ""2"": 5, ""3"": 8, ""4"": 2, ""9"": 2}"
A4_prov_2021-2025,A4_prov_2021-2025_min_c805_m0.25_r1.25_e1.2_s0_u0.1,"brecha=P-c(1+m)-S/e; clases 1-4,9",2021,2026,52,,,,,,,"clases={""1"": 32, ""2"": 8, ""3"": 8, ""4"": 2, ""9"": 2}"
A4_prov_2021-2025,A4_prov_2021-2025_min_c805_m0.25_r1.25_e1.2_s0_u0.25,"brecha=P-c(1+m)-S/e; clases 1-4,9",2021,2026,52,,,,,,,"clases={""1"": 28, ""2"": 12, ""3"": 8, ""4"": 2, ""9"": 2}"
A4_prov_2021-2025,A4_prov_2021-2025_min_c805_m0.25_r1.25_e1.2_s1_u0.0,"brecha=P-c(1+m)-S/e; clases 1-4,9",2021,2026,52,,,,,,,"clases={""1"": 35, ""2"": 4, ""3"": 9, ""4"": 2, ""9"": 2}"
A4_prov_2021-2025,A4_prov_2021-2025_min_c805_m0.25_r1.25_e1.2_s1_u0.1,"brecha=P-c(1+m)-S/e; clases 1-4,9",2021,2026,52,,,,,,,"clases={""1"": 32, ""2"": 7, ""3"": 9, ""4"": 2, ""9"": 2}"
A4_prov_2021-2025,A4_prov_2021-2025_min_c805_m0.25_r1.25_e1.2_s1_u0.25,"brecha=P-c(1+m)-S/e; clases 1-4,9",2021,2026,52,,,,,,,"clases={""1"": 29, ""2"": 10, ""3"": 9, ""4"": 2, ""9"": 2}"
A4_prov_2021-2025,A4_prov_2021-2025_min_c805_m0.25_r1.25_e1.6_s0_u0.0,"brecha=P-c(1+m)-S/e; clases 1-4,9",2021,2026,52,,,,,,,"clases={""1"": 36, ""2"": 5, ""3"": 7, ""4"": 2, ""9"": 2}"
A4_prov_2021-2025,A4_prov_2021-2025_min_c805_m0.25_r1.25_e1.6_s0_u0.1,"brecha=P-c(1+m)-S/e; clases 1-4,9",2021,2026,52,,,,,,,"clases={""1"": 33, ""2"": 8, ""3"": 7, ""4"": 2, ""9"": 2}"
A4_prov_2021-2025,A4_prov_2021-2025_min_c805_m0.25_r1.25_e1.6_s0_u0.25,"brecha=P-c(1+m)-S/e; clases 1-4,9",2021,2026,52,,,,,,,"clases={""1"": 29, ""2"": 12, ""3"": 7, ""4"": 2, ""9"": 2}"
A4_prov_2021-2025,A4_prov_2021-2025_min_c805_m0.25_r1.25_e1.6_s1_u0.0,"brecha=P-c(1+m)-S/e; clases 1-4,9",2021,2026,52,,,,,,,"clases={""1"": 35, ""2"": 5, ""3"": 8, ""4"": 2, ""9"": 2}"
A4_prov_2021-2025,A4_prov_2021-2025_min_c805_m0.25_r1.25_e1.6_s1_u0.1,"brecha=P-c(1+m)-S/e; clases 1-4,9",2021,2026,52,,,,,,,"clases={""1"": 32, ""2"": 8, ""3"": 8, ""4"": 2, ""9"": 2}"
A4_prov_2021-2025,A4_prov_2021-2025_min_c805_m0.25_r1.25_e1.6_s1_u0.25,"brecha=P-c(1+m)-S/e; clases 1-4,9",2021,2026,52,,,,,,,"clases={""1"": 28, ""2"": 12, ""3"": 8, ""4"": 2, ""9"": 2}"
A4_prov_2021-2025,A4_prov_2021-2025_min_c805_m0.25_r1.5_e0.8_s0_u0.0,"brecha=P-c(1+m)-S/e; clases 1-4,9",2021,2026,52,,,,,,,"clases={""1"": 37, ""2"": 2, ""3"": 9, ""4"": 2, ""9"": 2}"
A4_prov_2021-2025,A4_prov_2021-2025_min_c805_m0.25_r1.5_e0.8_s0_u0.1,"brecha=P-c(1+m)-S/e; clases 1-4,9",2021,2026,52,,,,,,,"clases={""1"": 34, ""2"": 5, ""3"": 9, ""4"": 2, ""9"": 2}"
A4_prov_2021-2025,A4_prov_2021-2025_min_c805_m0.25_r1.5_e0.8_s0_u0.25,"brecha=P-c(1+m)-S/e; clases 1-4,9",2021,2026,52,,,,,,,"clases={""1"": 32, ""2"": 7, ""3"": 9, ""4"": 2, ""9"": 2}"
A4_prov_2021-2025,A4_prov_2021-2025_min_c805_m0.25_r1.5_e0.8_s1_u0.0,"brecha=P-c(1+m)-S/e; clases 1-4,9",2021,2026,52,,,,,,,"clases={""1"": 32, ""2"": 2, ""3"": 14, ""4"": 2, ""9"": 2}"
A4_prov_2021-2025,A4_prov_2021-2025_min_c805_m0.25_r1.5_e0.8_s1_u0.1,"brecha=P-c(1+m)-S/e; clases 1-4,9",2021,2026,52,,,,,,,"clases={""1"": 29, ""2"": 5, ""3"": 14, ""4"": 2, ""9"": 2}"
A4_prov_2021-2025,A4_prov_2021-2025_min_c805_m0.25_r1.5_e0.8_s1_u0.25,"brecha=P-c(1+m)-S/e; clases 1-4,9",2021,2026,52,,,,,,,"clases={""1"": 28, ""2"": 6, ""3"": 14, ""4"": 2, ""9"": 2}"
A4_prov_2021-2025,A4_prov_2021-2025_min_c805_m0.25_r1.5_e1.2_s0_u0.0,"brecha=P-c(1+m)-S/e; clases 1-4,9",2021,2026,52,,,,,,,"clases={""1"": 38, ""2"": 2, ""3"": 8, ""4"": 2, ""9"": 2}"
A4_prov_2021-2025,A4_prov_2021-2025_min_c805_m0.25_r1.5_e1.2_s0_u0.1,"brecha=P-c(1+m)-S/e; clases 1-4,9",2021,2026,52,,,,,,,"clases={""1"": 35, ""2"": 5, ""3"": 8, ""4"": 2, ""9"": 2}"
A4_prov_2021-2025,A4_prov_2021-2025_min_c805_m0.25_r1.5_e1.2_s0_u0.25,"brecha=P-c(1+m)-S/e; clases 1-4,9",2021,2026,52,,,,,,,"clases={""1"": 33, ""2"": 7, ""3"": 8, ""4"": 2, ""9"": 2}"
A4_prov_2021-2025,A4_prov_2021-2025_min_c805_m0.25_r1.5_e1.2_s1_u0.0,"brecha=P-c(1+m)-S/e; clases 1-4,9",2021,2026,52,,,,,,,"clases={""1"": 37, ""2"": 2, ""3"": 9, ""4"": 2, ""9"": 2}"
A4_prov_2021-2025,A4_prov_2021-2025_min_c805_m0.25_r1.5_e1.2_s1_u0.1,"brecha=P-c(1+m)-S/e; clases 1-4,9",2021,2026,52,,,,,,,"clases={""1"": 34, ""2"": 5, ""3"": 9, ""4"": 2, ""9"": 2}"
A4_prov_2021-2025,A4_prov_2021-2025_min_c805_m0.25_r1.5_e1.2_s1_u0.25,"brecha=P-c(1+m)-S/e; clases 1-4,9",2021,2026,52,,,,,,,"clases={""1"": 33, ""2"": 6, ""3"": 9, ""4"": 2, ""9"": 2}"
A4_prov_2021-2025,A4_prov_2021-2025_min_c805_m0.25_r1.5_e1.6_s0_u0.0,"brecha=P-c(1+m)-S/e; clases 1-4,9",2021,2026,52,,,,,,,"clases={""1"": 39, ""2"": 2, ""3"": 7, ""4"": 2, ""9"": 2}"
A4_prov_2021-2025,A4_prov_2021-2025_min_c805_m0.25_r1.5_e1.6_s0_u0.1,"brecha=P-c(1+m)-S/e; clases 1-4,9",2021,2026,52,,,,,,,"clases={""1"": 36, ""2"": 5, ""3"": 7, ""4"": 2, ""9"": 2}"
A4_prov_2021-2025,A4_prov_2021-2025_min_c805_m0.25_r1.5_e1.6_s0_u0.25,"brecha=P-c(1+m)-S/e; clases 1-4,9",2021,2026,52,,,,,,,"clases={""1"": 34, ""2"": 7, ""3"": 7, ""4"": 2, ""9"": 2}"
A4_prov_2021-2025,A4_prov_2021-2025_min_c805_m0.25_r1.5_e1.6_s1_u0.0,"brecha=P-c(1+m)-S/e; clases 1-4,9",2021,2026,52,,,,,,,"clases={""1"": 38, ""2"": 2, ""3"": 8, ""4"": 2, ""9"": 2}"
A4_prov_2021-2025,A4_prov_2021-2025_min_c805_m0.25_r1.5_e1.6_s1_u0.1,"brecha=P-c(1+m)-S/e; clases 1-4,9",2021,2026,52,,,,,,,"clases={""1"": 35, ""2"": 5, ""3"": 8, ""4"": 2, ""9"": 2}"
A4_prov_2021-2025,A4_prov_2021-2025_min_c805_m0.25_r1.5_e1.6_s1_u0.25,"brecha=P-c(1+m)-S/e; clases 1-4,9",2021,2026,52,,,,,,,"clases={""1"": 34, ""2"": 6, ""3"": 8, ""4"": 2, ""9"": 2}"
A4_prov_2021-2025,A4_prov_2021-2025_min_c932_m0.15_r1.25_e0.8_s0_u0.0,"brecha=P-c(1+m)-S/e; clases 1-4,9",2021,2026,52,,,,,,,"clases={""1"": 30, ""2"": 2, ""3"": 16, ""4"": 2, ""9"": 2}"
A4_prov_2021-2025,A4_prov_2021-2025_min_c932_m0.15_r1.25_e0.8_s0_u0.1,"brecha=P-c(1+m)-S/e; clases 1-4,9",2021,2026,52,,,,,,,"clases={""1"": 27, ""2"": 5, ""3"": 16, ""4"": 2, ""9"": 2}"
A4_prov_2021-2025,A4_prov_2021-2025_min_c932_m0.15_r1.25_e0.8_s0_u0.25,"brecha=P-c(1+m)-S/e; clases 1-4,9",2021,2026,52,,,,,,,"clases={""1"": 25, ""2"": 7, ""3"": 16, ""4"": 2, ""9"": 2}"
A4_prov_2021-2025,A4_prov_2021-2025_min_c932_m0.15_r1.25_e0.8_s1_u0.0,"brecha=P-c(1+m)-S/e; clases 1-4,9",2021,2026,52,,,,,,,"clases={""1"": 29, ""2"": 2, ""3"": 17, ""4"": 2, ""9"": 2}"
A4_prov_2021-2025,A4_prov_2021-2025_min_c932_m0.15_r1.25_e0.8_s1_u0.1,"brecha=P-c(1+m)-S/e; clases 1-4,9",2021,2026,52,,,,,,,"clases={""1"": 26, ""2"": 5, ""3"": 17, ""4"": 2, ""9"": 2}"
A4_prov_2021-2025,A4_prov_2021-2025_min_c932_m0.15_r1.25_e0.8_s1_u0.25,"brecha=P-c(1+m)-S/e; clases 1-4,9",2021,2026,52,,,,,,,"clases={""1"": 25, ""2"": 6, ""3"": 17, ""4"": 2, ""9"": 2}"
A4_prov_2021-2025,A4_prov_2021-2025_min_c932_m0.15_r1.25_e1.2_s0_u0.0,"brecha=P-c(1+m)-S/e; clases 1-4,9",2021,2026,52,,,,,,,"clases={""1"": 36, ""2"": 2, ""3"": 10, ""4"": 2, ""9"": 2}"
A4_prov_2021-2025,A4_prov_2021-2025_min_c932_m0.15_r1.25_e1.2_s0_u0.1,"brecha=P-c(1+m)-S/e; clases 1-4,9",2021,2026,52,,,,,,,"clases={""1"": 33, ""2"": 5, ""3"": 10, ""4"": 2, ""9"": 2}"
A4_prov_2021-2025,A4_prov_2021-2025_min_c932_m0.15_r1.25_e1.2_s0_u0.25,"brecha=P-c(1+m)-S/e; clases 1-4,9",2021,2026,52,,,,,,,"clases={""1"": 31, ""2"": 7, ""3"": 10, ""4"": 2, ""9"": 2}"
A4_prov_2021-2025,A4_prov_2021-2025_min_c932_m0.15_r1.25_e1.2_s1_u0.0,"brecha=P-c(1+m)-S/e; clases 1-4,9",2021,2026,52,,,,,,,"clases={""1"": 31, ""2"": 2, ""3"": 15, ""4"": 2, ""9"": 2}"
A4_prov_2021-2025,A4_prov_2021-2025_min_c932_m0.15_r1.25_e1.2_s1_u0.1,"brecha=P-c(1+m)-S/e; clases 1-4,9",2021,2026,52,,,,,,,"clases={""1"": 28, ""2"": 5, ""3"": 15, ""4"": 2, ""9"": 2}"
A4_prov_2021-2025,A4_prov_2021-2025_min_c932_m0.15_r1.25_e1.2_s1_u0.25,"brecha=P-c(1+m)-S/e; clases 1-4,9",2021,2026,52,,,,,,,"clases={""1"": 27, ""2"": 6, ""3"": 15, ""4"": 2, ""9"": 2}"
A4_prov_2021-2025,A4_prov_2021-2025_min_c932_m0.15_r1.25_e1.6_s0_u0.0,"brecha=P-c(1+m)-S/e; clases 1-4,9",2021,2026,52,,,,,,,"clases={""1"": 36, ""2"": 2, ""3"": 10, ""4"": 2, ""9"": 2}"
A4_prov_2021-2025,A4_prov_2021-2025_min_c932_m0.15_r1.25_e1.6_s0_u0.1,"brecha=P-c(1+m)-S/e; clases 1-4,9",2021,2026,52,,,,,,,"clases={""1"": 33, ""2"": 5, ""3"": 10, ""4"": 2, ""9"": 2}"
A4_prov_2021-2025,A4_prov_2021-2025_min_c932_m0.15_r1.25_e1.6_s0_u0.25,"brecha=P-c(1+m)-S/e; clases 1-4,9",2021,2026,52,,,,,,,"clases={""1"": 31, ""2"": 7, ""3"": 10, ""4"": 2, ""9"": 2}"
A4_prov_2021-2025,A4_prov_2021-2025_min_c932_m0.15_r1.25_e1.6_s1_u0.0,"brecha=P-c(1+m)-S/e; clases 1-4,9",2021,2026,52,,,,,,,"clases={""1"": 34, ""2"": 2, ""3"": 12, ""4"": 2, ""9"": 2}"
A4_prov_2021-2025,A4_prov_2021-2025_min_c932_m0.15_r1.25_e1.6_s1_u0.1,"brecha=P-c(1+m)-S/e; clases 1-4,9",2021,2026,52,,,,,,,"clases={""1"": 31, ""2"": 5, ""3"": 12, ""4"": 2, ""9"": 2}"
A4_prov_2021-2025,A4_prov_2021-2025_min_c932_m0.15_r1.25_e1.6_s1_u0.25,"brecha=P-c(1+m)-S/e; clases 1-4,9",2021,2026,52,,,,,,,"clases={""1"": 29, ""2"": 7, ""3"": 12, ""4"": 2, ""9"": 2}"
A4_prov_2021-2025,A4_prov_2021-2025_min_c932_m0.15_r1.5_e0.8_s0_u0.0,"brecha=P-c(1+m)-S/e; clases 1-4,9",2021,2026,52,,,,,,,"clases={""1"": 30, ""2"": 2, ""3"": 16, ""4"": 2, ""9"": 2}"
A4_prov_2021-2025,A4_prov_2021-2025_min_c932_m0.15_r1.5_e0.8_s0_u0.1,"brecha=P-c(1+m)-S/e; clases 1-4,9",2021,2026,52,,,,,,,"clases={""1"": 28, ""2"": 4, ""3"": 16, ""4"": 2, ""9"": 2}"
A4_prov_2021-2025,A4_prov_2021-2025_min_c932_m0.15_r1.5_e0.8_s0_u0.25,"brecha=P-c(1+m)-S/e; clases 1-4,9",2021,2026,52,,,,,,,"clases={""1"": 27, ""2"": 5, ""3"": 16, ""4"": 2, ""9"": 2}"
A4_prov_2021-2025,A4_prov_2021-2025_min_c932_m0.15_r1.5_e0.8_s1_u0.0,"brecha=P-c(1+m)-S/e; clases 1-4,9",2021,2026,52,,,,,,,"clases={""1"": 30, ""2"": 1, ""3"": 17, ""4"": 2, ""9"": 2}"
A4_prov_2021-2025,A4_prov_2021-2025_min_c932_m0.15_r1.5_e0.8_s1_u0.1,"brecha=P-c(1+m)-S/e; clases 1-4,9",2021,2026,52,,,,,,,"clases={""1"": 28, ""2"": 3, ""3"": 17, ""4"": 2, ""9"": 2}"
A4_prov_2021-2025,A4_prov_2021-2025_min_c932_m0.15_r1.5_e0.8_s1_u0.25,"brecha=P-c(1+m)-S/e; clases 1-4,9",2021,2026,52,,,,,,,"clases={""1"": 28, ""2"": 3, ""3"": 17, ""4"": 2, ""9"": 2}"
A4_prov_2021-2025,A4_prov_2021-2025_min_c932_m0.15_r1.5_e1.2_s0_u0.0,"brecha=P-c(1+m)-S/e; clases 1-4,9",2021,2026,52,,,,,,,"clases={""1"": 36, ""2"": 2, ""3"": 10, ""4"": 2, ""9"": 2}"
A4_prov_2021-2025,A4_prov_2021-2025_min_c932_m0.15_r1.5_e1.2_s0_u0.1,"brecha=P-c(1+m)-S/e; clases 1-4,9",2021,2026,52,,,,,,,"clases={""1"": 34, ""2"": 4, ""3"": 10, ""4"": 2, ""9"": 2}"
A4_prov_2021-2025,A4_prov_2021-2025_min_c932_m0.15_r1.5_e1.2_s0_u0.25,"brecha=P-c(1+m)-S/e; clases 1-4,9",2021,2026,52,,,,,,,"clases={""1"": 33, ""2"": 5, ""3"": 10, ""4"": 2, ""9"": 2}"
A4_prov_2021-2025,A4_prov_2021-2025_min_c932_m0.15_r1.5_e1.2_s1_u0.0,"brecha=P-c(1+m)-S/e; clases 1-4,9",2021,2026,52,,,,,,,"clases={""1"": 31, ""2"": 2, ""3"": 15, ""4"": 2, ""9"": 2}"
A4_prov_2021-2025,A4_prov_2021-2025_min_c932_m0.15_r1.5_e1.2_s1_u0.1,"brecha=P-c(1+m)-S/e; clases 1-4,9",2021,2026,52,,,,,,,"clases={""1"": 29, ""2"": 4, ""3"": 15, ""4"": 2, ""9"": 2}"
A4_prov_2021-2025,A4_prov_2021-2025_min_c932_m0.15_r1.5_e1.2_s1_u0.25,"brecha=P-c(1+m)-S/e; clases 1-4,9",2021,2026,52,,,,,,,"clases={""1"": 28, ""2"": 5, ""3"": 15, ""4"": 2, ""9"": 2}"
A4_prov_2021-2025,A4_prov_2021-2025_min_c932_m0.15_r1.5_e1.6_s0_u0.0,"brecha=P-c(1+m)-S/e; clases 1-4,9",2021,2026,52,,,,,,,"clases={""1"": 36, ""2"": 2, ""3"": 10, ""4"": 2, ""9"": 2}"
A4_prov_2021-2025,A4_prov_2021-2025_min_c932_m0.15_r1.5_e1.6_s0_u0.1,"brecha=P-c(1+m)-S/e; clases 1-4,9",2021,2026,52,,,,,,,"clases={""1"": 34, ""2"": 4, ""3"": 10, ""4"": 2, ""9"": 2}"
A4_prov_2021-2025,A4_prov_2021-2025_min_c932_m0.15_r1.5_e1.6_s0_u0.25,"brecha=P-c(1+m)-S/e; clases 1-4,9",2021,2026,52,,,,,,,"clases={""1"": 33, ""2"": 5, ""3"": 10, ""4"": 2, ""9"": 2}"
A4_prov_2021-2025,A4_prov_2021-2025_min_c932_m0.15_r1.5_e1.6_s1_u0.0,"brecha=P-c(1+m)-S/e; clases 1-4,9",2021,2026,52,,,,,,,"clases={""1"": 34, ""2"": 2, ""3"": 12, ""4"": 2, ""9"": 2}"
A4_prov_2021-2025,A4_prov_2021-2025_min_c932_m0.15_r1.5_e1.6_s1_u0.1,"brecha=P-c(1+m)-S/e; clases 1-4,9",2021,2026,52,,,,,,,"clases={""1"": 32, ""2"": 4, ""3"": 12, ""4"": 2, ""9"": 2}"
A4_prov_2021-2025,A4_prov_2021-2025_min_c932_m0.15_r1.5_e1.6_s1_u0.25,"brecha=P-c(1+m)-S/e; clases 1-4,9",2021,2026,52,,,,,,,"clases={""1"": 31, ""2"": 5, ""3"": 12, ""4"": 2, ""9"": 2}"
A4_prov_2021-2025,A4_prov_2021-2025_min_c932_m0.2_r1.25_e0.8_s0_u0.0,"brecha=P-c(1+m)-S/e; clases 1-4,9",2021,2026,52,,,,,,,"clases={""1"": 30, ""2"": 2, ""3"": 16, ""4"": 2, ""9"": 2}"
A4_prov_2021-2025,A4_prov_2021-2025_min_c932_m0.2_r1.25_e0.8_s0_u0.1,"brecha=P-c(1+m)-S/e; clases 1-4,9",2021,2026,52,,,,,,,"clases={""1"": 27, ""2"": 5, ""3"": 16, ""4"": 2, ""9"": 2}"
A4_prov_2021-2025,A4_prov_2021-2025_min_c932_m0.2_r1.25_e0.8_s0_u0.25,"brecha=P-c(1+m)-S/e; clases 1-4,9",2021,2026,52,,,,,,,"clases={""1"": 25, ""2"": 7, ""3"": 16, ""4"": 2, ""9"": 2}"
A4_prov_2021-2025,A4_prov_2021-2025_min_c932_m0.2_r1.25_e0.8_s1_u0.0,"brecha=P-c(1+m)-S/e; clases 1-4,9",2021,2026,52,,,,,,,"clases={""1"": 27, ""2"": 2, ""3"": 19, ""4"": 2, ""9"": 2}"
A4_prov_2021-2025,A4_prov_2021-2025_min_c932_m0.2_r1.25_e0.8_s1_u0.1,"brecha=P-c(1+m)-S/e; clases 1-4,9",2021,2026,52,,,,,,,"clases={""1"": 24, ""2"": 5, ""3"": 19, ""4"": 2, ""9"": 2}"
A4_prov_2021-2025,A4_prov_2021-2025_min_c932_m0.2_r1.25_e0.8_s1_u0.25,"brecha=P-c(1+m)-S/e; clases 1-4,9",2021,2026,52,,,,,,,"clases={""1"": 23, ""2"": 6, ""3"": 19, ""4"": 2, ""9"": 2}"
A4_prov_2021-2025,A4_prov_2021-2025_min_c932_m0.2_r1.25_e1.2_s0_u0.0,"brecha=P-c(1+m)-S/e; clases 1-4,9",2021,2026,52,,,,,,,"clases={""1"": 32, ""2"": 2, ""3"": 14, ""4"": 2, ""9"": 2}"
A4_prov_2021-2025,A4_prov_2021-2025_min_c932_m0.2_r1.25_e1.2_s0_u0.1,"brecha=P-c(1+m)-S/e; clases 1-4,9",2021,2026,52,,,,,,,"clases={""1"": 29, ""2"": 5, ""3"": 14, ""4"": 2, ""9"": 2}"
A4_prov_2021-2025,A4_prov_2021-2025_min_c932_m0.2_r1.25_e1.2_s0_u0.25,"brecha=P-c(1+m)-S/e; clases 1-4,9",2021,2026,52,,,,,,,"clases={""1"": 27, ""2"": 7, ""3"": 14, ""4"": 2, ""9"": 2}"
A4_prov_2021-2025,A4_prov_2021-2025_min_c932_m0.2_r1.25_e1.2_s1_u0.0,"brecha=P-c(1+m)-S/e; clases 1-4,9",2021,2026,52,,,,,,,"clases={""1"": 30, ""2"": 2, ""3"": 16, ""4"": 2, ""9"": 2}"
A4_prov_2021-2025,A4_prov_2021-2025_min_c932_m0.2_r1.25_e1.2_s1_u0.1,"brecha=P-c(1+m)-S/e; clases 1-4,9",2021,2026,52,,,,,,,"clases={""1"": 27, ""2"": 5, ""3"": 16, ""4"": 2, ""9"": 2}"
A4_prov_2021-2025,A4_prov_2021-2025_min_c932_m0.2_r1.25_e1.2_s1_u0.25,"brecha=P-c(1+m)-S/e; clases 1-4,9",2021,2026,52,,,,,,,"clases={""1"": 26, ""2"": 6, ""3"": 16, ""4"": 2, ""9"": 2}"
A4_prov_2021-2025,A4_prov_2021-2025_min_c932_m0.2_r1.25_e1.6_s0_u0.0,"brecha=P-c(1+m)-S/e; clases 1-4,9",2021,2026,52,,,,,,,"clases={""1"": 33, ""2"": 2, ""3"": 13, ""4"": 2, ""9"": 2}"
A4_prov_2021-2025,A4_prov_2021-2025_min_c932_m0.2_r1.25_e1.6_s0_u0.1,"brecha=P-c(1+m)-S/e; clases 1-4,9",2021,2026,52,,,,,,,"clases={""1"": 30, ""2"": 5, ""3"": 13, ""4"": 2, ""9"": 2}"
A4_prov_2021-2025,A4_prov_2021-2025_min_c932_m0.2_r1.25_e1.6_s0_u0.25,"brecha=P-c(1+m)-S/e; clases 1-4,9",2021,2026,52,,,,,,,"clases={""1"": 28, ""2"": 7, ""3"": 13, ""4"": 2, ""9"": 2}"
A4_prov_2021-2025,A4_prov_2021-2025_min_c932_m0.2_r1.25_e1.6_s1_u0.0,"brecha=P-c(1+m)-S/e; clases 1-4,9",2021,2026,52,,,,,,,"clases={""1"": 31, ""2"": 2, ""3"": 15, ""4"": 2, ""9"": 2}"
A4_prov_2021-2025,A4_prov_2021-2025_min_c932_m0.2_r1.25_e1.6_s1_u0.1,"brecha=P-c(1+m)-S/e; clases 1-4,9",2021,2026,52,,,,,,,"clases={""1"": 28, ""2"": 5, ""3"": 15, ""4"": 2, ""9"": 2}"
A4_prov_2021-2025,A4_prov_2021-2025_min_c932_m0.2_r1.25_e1.6_s1_u0.25,"brecha=P-c(1+m)-S/e; clases 1-4,9",2021,2026,52,,,,,,,"clases={""1"": 26, ""2"": 7, ""3"": 15, ""4"": 2, ""9"": 2}"
A4_prov_2021-2025,A4_prov_2021-2025_min_c932_m0.2_r1.5_e0.8_s0_u0.0,"brecha=P-c(1+m)-S/e; clases 1-4,9",2021,2026,52,,,,,,,"clases={""1"": 30, ""2"": 2, ""3"": 16, ""4"": 2, ""9"": 2}"
A4_prov_2021-2025,A4_prov_2021-2025_min_c932_m0.2_r1.5_e0.8_s0_u0.1,"brecha=P-c(1+m)-S/e; clases 1-4,9",2021,2026,52,,,,,,,"clases={""1"": 28, ""2"": 4, ""3"": 16, ""4"": 2, ""9"": 2}"
A4_prov_2021-2025,A4_prov_2021-2025_min_c932_m0.2_r1.5_e0.8_s0_u0.25,"brecha=P-c(1+m)-S/e; clases 1-4,9",2021,2026,52,,,,,,,"clases={""1"": 27, ""2"": 5, ""3"": 16, ""4"": 2, ""9"": 2}"
A4_prov_2021-2025,A4_prov_2021-2025_min_c932_m0.2_r1.5_e0.8_s1_u0.0,"brecha=P-c(1+m)-S/e; clases 1-4,9",2021,2026,52,,,,,,,"clases={""1"": 28, ""2"": 1, ""3"": 19, ""4"": 2, ""9"": 2}"
A4_prov_2021-2025,A4_prov_2021-2025_min_c932_m0.2_r1.5_e0.8_s1_u0.1,"brecha=P-c(1+m)-S/e; clases 1-4,9",2021,2026,52,,,,,,,"clases={""1"": 26, ""2"": 3, ""3"": 19, ""4"": 2, ""9"": 2}"
A4_prov_2021-2025,A4_prov_2021-2025_min_c932_m0.2_r1.5_e0.8_s1_u0.25,"brecha=P-c(1+m)-S/e; clases 1-4,9",2021,2026,52,,,,,,,"clases={""1"": 26, ""2"": 3, ""3"": 19, ""4"": 2, ""9"": 2}"
A4_prov_2021-2025,A4_prov_2021-2025_min_c932_m0.2_r1.5_e1.2_s0_u0.0,"brecha=P-c(1+m)-S/e; clases 1-4,9",2021,2026,52,,,,,,,"clases={""1"": 32, ""2"": 2, ""3"": 14, ""4"": 2, ""9"": 2}"
A4_prov_2021-2025,A4_prov_2021-2025_min_c932_m0.2_r1.5_e1.2_s0_u0.1,"brecha=P-c(1+m)-S/e; clases 1-4,9",2021,2026,52,,,,,,,"clases={""1"": 30, ""2"": 4, ""3"": 14, ""4"": 2, ""9"": 2}"
A4_prov_2021-2025,A4_prov_2021-2025_min_c932_m0.2_r1.5_e1.2_s0_u0.25,"brecha=P-c(1+m)-S/e; clases 1-4,9",2021,2026,52,,,,,,,"clases={""1"": 29, ""2"": 5, ""3"": 14, ""4"": 2, ""9"": 2}"
A4_prov_2021-2025,A4_prov_2021-2025_min_c932_m0.2_r1.5_e1.2_s1_u0.0,"brecha=P-c(1+m)-S/e; clases 1-4,9",2021,2026,52,,,,,,,"clases={""1"": 30, ""2"": 2, ""3"": 16, ""4"": 2, ""9"": 2}"
A4_prov_2021-2025,A4_prov_2021-2025_min_c932_m0.2_r1.5_e1.2_s1_u0.1,"brecha=P-c(1+m)-S/e; clases 1-4,9",2021,2026,52,,,,,,,"clases={""1"": 28, ""2"": 4, ""3"": 16, ""4"": 2, ""9"": 2}"
A4_prov_2021-2025,A4_prov_2021-2025_min_c932_m0.2_r1.5_e1.2_s1_u0.25,"brecha=P-c(1+m)-S/e; clases 1-4,9",2021,2026,52,,,,,,,"clases={""1"": 27, ""2"": 5, ""3"": 16, ""4"": 2, ""9"": 2}"
A4_prov_2021-2025,A4_prov_2021-2025_min_c932_m0.2_r1.5_e1.6_s0_u0.0,"brecha=P-c(1+m)-S/e; clases 1-4,9",2021,2026,52,,,,,,,"clases={""1"": 33, ""2"": 2, ""3"": 13, ""4"": 2, ""9"": 2}"
A4_prov_2021-2025,A4_prov_2021-2025_min_c932_m0.2_r1.5_e1.6_s0_u0.1,"brecha=P-c(1+m)-S/e; clases 1-4,9",2021,2026,52,,,,,,,"clases={""1"": 31, ""2"": 4, ""3"": 13, ""4"": 2, ""9"": 2}"
A4_prov_2021-2025,A4_prov_2021-2025_min_c932_m0.2_r1.5_e1.6_s0_u0.25,"brecha=P-c(1+m)-S/e; clases 1-4,9",2021,2026,52,,,,,,,"clases={""1"": 30, ""2"": 5, ""3"": 13, ""4"": 2, ""9"": 2}"
A4_prov_2021-2025,A4_prov_2021-2025_min_c932_m0.2_r1.5_e1.6_s1_u0.0,"brecha=P-c(1+m)-S/e; clases 1-4,9",2021,2026,52,,,,,,,"clases={""1"": 31, ""2"": 2, ""3"": 15, ""4"": 2, ""9"": 2}"
A4_prov_2021-2025,A4_prov_2021-2025_min_c932_m0.2_r1.5_e1.6_s1_u0.1,"brecha=P-c(1+m)-S/e; clases 1-4,9",2021,2026,52,,,,,,,"clases={""1"": 29, ""2"": 4, ""3"": 15, ""4"": 2, ""9"": 2}"
A4_prov_2021-2025,A4_prov_2021-2025_min_c932_m0.2_r1.5_e1.6_s1_u0.25,"brecha=P-c(1+m)-S/e; clases 1-4,9",2021,2026,52,,,,,,,"clases={""1"": 28, ""2"": 5, ""3"": 15, ""4"": 2, ""9"": 2}"
A4_prov_2021-2025,A4_prov_2021-2025_min_c932_m0.25_r1.25_e0.8_s0_u0.0,"brecha=P-c(1+m)-S/e; clases 1-4,9",2021,2026,52,,,,,,,"clases={""1"": 30, ""2"": 2, ""3"": 16, ""4"": 2, ""9"": 2}"
A4_prov_2021-2025,A4_prov_2021-2025_min_c932_m0.25_r1.25_e0.8_s0_u0.1,"brecha=P-c(1+m)-S/e; clases 1-4,9",2021,2026,52,,,,,,,"clases={""1"": 27, ""2"": 5, ""3"": 16, ""4"": 2, ""9"": 2}"
A4_prov_2021-2025,A4_prov_2021-2025_min_c932_m0.25_r1.25_e0.8_s0_u0.25,"brecha=P-c(1+m)-S/e; clases 1-4,9",2021,2026,52,,,,,,,"clases={""1"": 25, ""2"": 7, ""3"": 16, ""4"": 2, ""9"": 2}"
A4_prov_2021-2025,A4_prov_2021-2025_min_c932_m0.25_r1.25_e0.8_s1_u0.0,"brecha=P-c(1+m)-S/e; clases 1-4,9",2021,2026,52,,,,,,,"clases={""1"": 25, ""2"": 2, ""3"": 21, ""4"": 2, ""9"": 2}"
A4_prov_2021-2025,A4_prov_2021-2025_min_c932_m0.25_r1.25_e0.8_s1_u0.1,"brecha=P-c(1+m)-S/e; clases 1-4,9",2021,2026,52,,,,,,,"clases={""1"": 22, ""2"": 5, ""3"": 21, ""4"": 2, ""9"": 2}"
A4_prov_2021-2025,A4_prov_2021-2025_min_c932_m0.25_r1.25_e0.8_s1_u0.25,"brecha=P-c(1+m)-S/e; clases 1-4,9",2021,2026,52,,,,,,,"clases={""1"": 21, ""2"": 6, ""3"": 21, ""4"": 2, ""9"": 2}"
A4_prov_2021-2025,A4_prov_2021-2025_min_c932_m0.25_r1.25_e1.2_s0_u0.0,"brecha=P-c(1+m)-S/e; clases 1-4,9",2021,2026,52,,,,,,,"clases={""1"": 30, ""2"": 2, ""3"": 16, ""4"": 2, ""9"": 2}"
A4_prov_2021-2025,A4_prov_2021-2025_min_c932_m0.25_r1.25_e1.2_s0_u0.1,"brecha=P-c(1+m)-S/e; clases 1-4,9",2021,2026,52,,,,,,,"clases={""1"": 27, ""2"": 5, ""3"": 16, ""4"": 2, ""9"": 2}"
A4_prov_2021-2025,A4_prov_2021-2025_min_c932_m0.25_r1.25_e1.2_s0_u0.25,"brecha=P-c(1+m)-S/e; clases 1-4,9",2021,2026,52,,,,,,,"clases={""1"": 25, ""2"": 7, ""3"": 16, ""4"": 2, ""9"": 2}"
A4_prov_2021-2025,A4_prov_2021-2025_min_c932_m0.25_r1.25_e1.2_s1_u0.0,"brecha=P-c(1+m)-S/e; clases 1-4,9",2021,2026,52,,,,,,,"clases={""1"": 29, ""2"": 2, ""3"": 17, ""4"": 2, ""9"": 2}"
A4_prov_2021-2025,A4_prov_2021-2025_min_c932_m0.25_r1.25_e1.2_s1_u0.1,"brecha=P-c(1+m)-S/e; clases 1-4,9",2021,2026,52,,,,,,,"clases={""1"": 26, ""2"": 5, ""3"": 17, ""4"": 2, ""9"": 2}"
A4_prov_2021-2025,A4_prov_2021-2025_min_c932_m0.25_r1.25_e1.2_s1_u0.25,"brecha=P-c(1+m)-S/e; clases 1-4,9",2021,2026,52,,,,,,,"clases={""1"": 25, ""2"": 6, ""3"": 17, ""4"": 2, ""9"": 2}"
A4_prov_2021-2025,A4_prov_2021-2025_min_c932_m0.25_r1.25_e1.6_s0_u0.0,"brecha=P-c(1+m)-S/e; clases 1-4,9",2021,2026,52,,,,,,,"clases={""1"": 31, ""2"": 2, ""3"": 15, ""4"": 2, ""9"": 2}"
A4_prov_2021-2025,A4_prov_2021-2025_min_c932_m0.25_r1.25_e1.6_s0_u0.1,"brecha=P-c(1+m)-S/e; clases 1-4,9",2021,2026,52,,,,,,,"clases={""1"": 28, ""2"": 5, ""3"": 15, ""4"": 2, ""9"": 2}"
A4_prov_2021-2025,A4_prov_2021-2025_min_c932_m0.25_r1.25_e1.6_s0_u0.25,"brecha=P-c(1+m)-S/e; clases 1-4,9",2021,2026,52,,,,,,,"clases={""1"": 26, ""2"": 7, ""3"": 15, ""4"": 2, ""9"": 2}"
A4_prov_2021-2025,A4_prov_2021-2025_min_c932_m0.25_r1.25_e1.6_s1_u0.0,"brecha=P-c(1+m)-S/e; clases 1-4,9",2021,2026,52,,,,,,,"clases={""1"": 30, ""2"": 2, ""3"": 16, ""4"": 2, ""9"": 2}"
A4_prov_2021-2025,A4_prov_2021-2025_min_c932_m0.25_r1.25_e1.6_s1_u0.1,"brecha=P-c(1+m)-S/e; clases 1-4,9",2021,2026,52,,,,,,,"clases={""1"": 27, ""2"": 5, ""3"": 16, ""4"": 2, ""9"": 2}"
A4_prov_2021-2025,A4_prov_2021-2025_min_c932_m0.25_r1.25_e1.6_s1_u0.25,"brecha=P-c(1+m)-S/e; clases 1-4,9",2021,2026,52,,,,,,,"clases={""1"": 25, ""2"": 7, ""3"": 16, ""4"": 2, ""9"": 2}"
A4_prov_2021-2025,A4_prov_2021-2025_min_c932_m0.25_r1.5_e0.8_s0_u0.0,"brecha=P-c(1+m)-S/e; clases 1-4,9",2021,2026,52,,,,,,,"clases={""1"": 30, ""2"": 2, ""3"": 16, ""4"": 2, ""9"": 2}"
A4_prov_2021-2025,A4_prov_2021-2025_min_c932_m0.25_r1.5_e0.8_s0_u0.1,"brecha=P-c(1+m)-S/e; clases 1-4,9",2021,2026,52,,,,,,,"clases={""1"": 28, ""2"": 4, ""3"": 16, ""4"": 2, ""9"": 2}"
A4_prov_2021-2025,A4_prov_2021-2025_min_c932_m0.25_r1.5_e0.8_s0_u0.25,"brecha=P-c(1+m)-S/e; clases 1-4,9",2021,2026,52,,,,,,,"clases={""1"": 27, ""2"": 5, ""3"": 16, ""4"": 2, ""9"": 2}"
A4_prov_2021-2025,A4_prov_2021-2025_min_c932_m0.25_r1.5_e0.8_s1_u0.0,"brecha=P-c(1+m)-S/e; clases 1-4,9",2021,2026,52,,,,,,,"clases={""1"": 26, ""2"": 1, ""3"": 21, ""4"": 2, ""9"": 2}"
A4_prov_2021-2025,A4_prov_2021-2025_min_c932_m0.25_r1.5_e0.8_s1_u0.1,"brecha=P-c(1+m)-S/e; clases 1-4,9",2021,2026,52,,,,,,,"clases={""1"": 24, ""2"": 3, ""3"": 21, ""4"": 2, ""9"": 2}"
A4_prov_2021-2025,A4_prov_2021-2025_min_c932_m0.25_r1.5_e0.8_s1_u0.25,"brecha=P-c(1+m)-S/e; clases 1-4,9",2021,2026,52,,,,,,,"clases={""1"": 24, ""2"": 3, ""3"": 21, ""4"": 2, ""9"": 2}"
A4_prov_2021-2025,A4_prov_2021-2025_min_c932_m0.25_r1.5_e1.2_s0_u0.0,"brecha=P-c(1+m)-S/e; clases 1-4,9",2021,2026,52,,,,,,,"clases={""1"": 30, ""2"": 2, ""3"": 16, ""4"": 2, ""9"": 2}"
A4_prov_2021-2025,A4_prov_2021-2025_min_c932_m0.25_r1.5_e1.2_s0_u0.1,"brecha=P-c(1+m)-S/e; clases 1-4,9",2021,2026,52,,,,,,,"clases={""1"": 28, ""2"": 4, ""3"": 16, ""4"": 2, ""9"": 2}"
A4_prov_2021-2025,A4_prov_2021-2025_min_c932_m0.25_r1.5_e1.2_s0_u0.25,"brecha=P-c(1+m)-S/e; clases 1-4,9",2021,2026,52,,,,,,,"clases={""1"": 27, ""2"": 5, ""3"": 16, ""4"": 2, ""9"": 2}"
A4_prov_2021-2025,A4_prov_2021-2025_min_c932_m0.25_r1.5_e1.2_s1_u0.0,"brecha=P-c(1+m)-S/e; clases 1-4,9",2021,2026,52,,,,,,,"clases={""1"": 29, ""2"": 2, ""3"": 17, ""4"": 2, ""9"": 2}"
A4_prov_2021-2025,A4_prov_2021-2025_min_c932_m0.25_r1.5_e1.2_s1_u0.1,"brecha=P-c(1+m)-S/e; clases 1-4,9",2021,2026,52,,,,,,,"clases={""1"": 27, ""2"": 4, ""3"": 17, ""4"": 2, ""9"": 2}"
A4_prov_2021-2025,A4_prov_2021-2025_min_c932_m0.25_r1.5_e1.2_s1_u0.25,"brecha=P-c(1+m)-S/e; clases 1-4,9",2021,2026,52,,,,,,,"clases={""1"": 26, ""2"": 5, ""3"": 17, ""4"": 2, ""9"": 2}"
A4_prov_2021-2025,A4_prov_2021-2025_min_c932_m0.25_r1.5_e1.6_s0_u0.0,"brecha=P-c(1+m)-S/e; clases 1-4,9",2021,2026,52,,,,,,,"clases={""1"": 31, ""2"": 2, ""3"": 15, ""4"": 2, ""9"": 2}"
A4_prov_2021-2025,A4_prov_2021-2025_min_c932_m0.25_r1.5_e1.6_s0_u0.1,"brecha=P-c(1+m)-S/e; clases 1-4,9",2021,2026,52,,,,,,,"clases={""1"": 29, ""2"": 4, ""3"": 15, ""4"": 2, ""9"": 2}"
A4_prov_2021-2025,A4_prov_2021-2025_min_c932_m0.25_r1.5_e1.6_s0_u0.25,"brecha=P-c(1+m)-S/e; clases 1-4,9",2021,2026,52,,,,,,,"clases={""1"": 28, ""2"": 5, ""3"": 15, ""4"": 2, ""9"": 2}"
A4_prov_2021-2025,A4_prov_2021-2025_min_c932_m0.25_r1.5_e1.6_s1_u0.0,"brecha=P-c(1+m)-S/e; clases 1-4,9",2021,2026,52,,,,,,,"clases={""1"": 30, ""2"": 2, ""3"": 16, ""4"": 2, ""9"": 2}"
A4_prov_2021-2025,A4_prov_2021-2025_min_c932_m0.25_r1.5_e1.6_s1_u0.1,"brecha=P-c(1+m)-S/e; clases 1-4,9",2021,2026,52,,,,,,,"clases={""1"": 28, ""2"": 4, ""3"": 16, ""4"": 2, ""9"": 2}"
A4_prov_2021-2025,A4_prov_2021-2025_min_c932_m0.25_r1.5_e1.6_s1_u0.25,"brecha=P-c(1+m)-S/e; clases 1-4,9",2021,2026,52,,,,,,,"clases={""1"": 27, ""2"": 5, ""3"": 16, ""4"": 2, ""9"": 2}"
A4_prov_2021-2025,A4_prov_2021-2025_mediana_c422_m0.15_r1.25_e0.8_s0_u0.0,"brecha=P-c(1+m)-S/e; clases 1-4,9",2021,2026,52,,,,,,,"clases={""1"": 44, ""2"": 6, ""3"": 0, ""4"": 0, ""9"": 2}"
A4_prov_2021-2025,A4_prov_2021-2025_mediana_c422_m0.15_r1.25_e0.8_s0_u0.1,"brecha=P-c(1+m)-S/e; clases 1-4,9",2021,2026,52,,,,,,,"clases={""1"": 39, ""2"": 11, ""3"": 0, ""4"": 0, ""9"": 2}"
A4_prov_2021-2025,A4_prov_2021-2025_mediana_c422_m0.15_r1.25_e0.8_s0_u0.25,"brecha=P-c(1+m)-S/e; clases 1-4,9",2021,2026,52,,,,,,,"clases={""1"": 33, ""2"": 17, ""3"": 0, ""4"": 0, ""9"": 2}"
A4_prov_2021-2025,A4_prov_2021-2025_mediana_c422_m0.15_r1.25_e0.8_s1_u0.0,"brecha=P-c(1+m)-S/e; clases 1-4,9",2021,2026,52,,,,,,,"clases={""1"": 43, ""2"": 6, ""3"": 1, ""4"": 0, ""9"": 2}"
A4_prov_2021-2025,A4_prov_2021-2025_mediana_c422_m0.15_r1.25_e0.8_s1_u0.1,"brecha=P-c(1+m)-S/e; clases 1-4,9",2021,2026,52,,,,,,,"clases={""1"": 38, ""2"": 11, ""3"": 1, ""4"": 0, ""9"": 2}"
A4_prov_2021-2025,A4_prov_2021-2025_mediana_c422_m0.15_r1.25_e0.8_s1_u0.25,"brecha=P-c(1+m)-S/e; clases 1-4,9",2021,2026,52,,,,,,,"clases={""1"": 33, ""2"": 16, ""3"": 1, ""4"": 0, ""9"": 2}"
A4_prov_2021-2025,A4_prov_2021-2025_mediana_c422_m0.15_r1.25_e1.2_s0_u0.0,"brecha=P-c(1+m)-S/e; clases 1-4,9",2021,2026,52,,,,,,,"clases={""1"": 44, ""2"": 6, ""3"": 0, ""4"": 0, ""9"": 2}"
A4_prov_2021-2025,A4_prov_2021-2025_mediana_c422_m0.15_r1.25_e1.2_s0_u0.1,"brecha=P-c(1+m)-S/e; clases 1-4,9",2021,2026,52,,,,,,,"clases={""1"": 39, ""2"": 11, ""3"": 0, ""4"": 0, ""9"": 2}"
A4_prov_2021-2025,A4_prov_2021-2025_mediana_c422_m0.15_r1.25_e1.2_s0_u0.25,"brecha=P-c(1+m)-S/e; clases 1-4,9",2021,2026,52,,,,,,,"clases={""1"": 33, ""2"": 17, ""3"": 0, ""4"": 0, ""9"": 2}"
A4_prov_2021-2025,A4_prov_2021-2025_mediana_c422_m0.15_r1.25_e1.2_s1_u0.0,"brecha=P-c(1+m)-S/e; clases 1-4,9",2021,2026,52,,,,,,,"clases={""1"": 44, ""2"": 6, ""3"": 0, ""4"": 0, ""9"": 2}"
A4_prov_2021-2025,A4_prov_2021-2025_mediana_c422_m0.15_r1.25_e1.2_s1_u0.1,"brecha=P-c(1+m)-S/e; clases 1-4,9",2021,2026,52,,,,,,,"clases={""1"": 39, ""2"": 11, ""3"": 0, ""4"": 0, ""9"": 2}"
A4_prov_2021-2025,A4_prov_2021-2025_mediana_c422_m0.15_r1.25_e1.2_s1_u0.25,"brecha=P-c(1+m)-S/e; clases 1-4,9",2021,2026,52,,,,,,,"clases={""1"": 33, ""2"": 17, ""3"": 0, ""4"": 0, ""9"": 2}"
A4_prov_2021-2025,A4_prov_2021-2025_mediana_c422_m0.15_r1.25_e1.6_s0_u0.0,"brecha=P-c(1+m)-S/e; clases 1-4,9",2021,2026,52,,,,,,,"clases={""1"": 44, ""2"": 6, ""3"": 0, ""4"": 0, ""9"": 2}"
A4_prov_2021-2025,A4_prov_2021-2025_mediana_c422_m0.15_r1.25_e1.6_s0_u0.1,"brecha=P-c(1+m)-S/e; clases 1-4,9",2021,2026,52,,,,,,,"clases={""1"": 39, ""2"": 11, ""3"": 0, ""4"": 0, ""9"": 2}"
A4_prov_2021-2025,A4_prov_2021-2025_mediana_c422_m0.15_r1.25_e1.6_s0_u0.25,"brecha=P-c(1+m)-S/e; clases 1-4,9",2021,2026,52,,,,,,,"clases={""1"": 33, ""2"": 17, ""3"": 0, ""4"": 0, ""9"": 2}"
A4_prov_2021-2025,A4_prov_2021-2025_mediana_c422_m0.15_r1.25_e1.6_s1_u0.0,"brecha=P-c(1+m)-S/e; clases 1-4,9",2021,2026,52,,,,,,,"clases={""1"": 44, ""2"": 6, ""3"": 0, ""4"": 0, ""9"": 2}"
A4_prov_2021-2025,A4_prov_2021-2025_mediana_c422_m0.15_r1.25_e1.6_s1_u0.1,"brecha=P-c(1+m)-S/e; clases 1-4,9",2021,2026,52,,,,,,,"clases={""1"": 39, ""2"": 11, ""3"": 0, ""4"": 0, ""9"": 2}"
A4_prov_2021-2025,A4_prov_2021-2025_mediana_c422_m0.15_r1.25_e1.6_s1_u0.25,"brecha=P-c(1+m)-S/e; clases 1-4,9",2021,2026,52,,,,,,,"clases={""1"": 33, ""2"": 17, ""3"": 0, ""4"": 0, ""9"": 2}"
A4_prov_2021-2025,A4_prov_2021-2025_mediana_c422_m0.15_r1.5_e0.8_s0_u0.0,"brecha=P-c(1+m)-S/e; clases 1-4,9",2021,2026,52,,,,,,,"clases={""1"": 44, ""2"": 6, ""3"": 0, ""4"": 0, ""9"": 2}"
A4_prov_2021-2025,A4_prov_2021-2025_mediana_c422_m0.15_r1.5_e0.8_s0_u0.1,"brecha=P-c(1+m)-S/e; clases 1-4,9",2021,2026,52,,,,,,,"clases={""1"": 39, ""2"": 11, ""3"": 0, ""4"": 0, ""9"": 2}"
A4_prov_2021-2025,A4_prov_2021-2025_mediana_c422_m0.15_r1.5_e0.8_s0_u0.25,"brecha=P-c(1+m)-S/e; clases 1-4,9",2021,2026,52,,,,,,,"clases={""1"": 34, ""2"": 16, ""3"": 0, ""4"": 0, ""9"": 2}"
A4_prov_2021-2025,A4_prov_2021-2025_mediana_c422_m0.15_r1.5_e0.8_s1_u0.0,"brecha=P-c(1+m)-S/e; clases 1-4,9",2021,2026,52,,,,,,,"clases={""1"": 44, ""2"": 5, ""3"": 1, ""4"": 0, ""9"": 2}"
A4_prov_2021-2025,A4_prov_2021-2025_mediana_c422_m0.15_r1.5_e0.8_s1_u0.1,"brecha=P-c(1+m)-S/e; clases 1-4,9",2021,2026,52,,,,,,,"clases={""1"": 39, ""2"": 10, ""3"": 1, ""4"": 0, ""9"": 2}"
A4_prov_2021-2025,A4_prov_2021-2025_mediana_c422_m0.15_r1.5_e0.8_s1_u0.25,"brecha=P-c(1+m)-S/e; clases 1-4,9",2021,2026,52,,,,,,,"clases={""1"": 34, ""2"": 15, ""3"": 1, ""4"": 0, ""9"": 2}"
A4_prov_2021-2025,A4_prov_2021-2025_mediana_c422_m0.15_r1.5_e1.2_s0_u0.0,"brecha=P-c(1+m)-S/e; clases 1-4,9",2021,2026,52,,,,,,,"clases={""1"": 44, ""2"": 6, ""3"": 0, ""4"": 0, ""9"": 2}"
A4_prov_2021-2025,A4_prov_2021-2025_mediana_c422_m0.15_r1.5_e1.2_s0_u0.1,"brecha=P-c(1+m)-S/e; clases 1-4,9",2021,2026,52,,,,,,,"clases={""1"": 39, ""2"": 11, ""3"": 0, ""4"": 0, ""9"": 2}"
A4_prov_2021-2025,A4_prov_2021-2025_mediana_c422_m0.15_r1.5_e1.2_s0_u0.25,"brecha=P-c(1+m)-S/e; clases 1-4,9",2021,2026,52,,,,,,,"clases={""1"": 33, ""2"": 17, ""3"": 0, ""4"": 0, ""9"": 2}"
A4_prov_2021-2025,A4_prov_2021-2025_mediana_c422_m0.15_r1.5_e1.2_s1_u0.0,"brecha=P-c(1+m)-S/e; clases 1-4,9",2021,2026,52,,,,,,,"clases={""1"": 44, ""2"": 6, ""3"": 0, ""4"": 0, ""9"": 2}"
A4_prov_2021-2025,A4_prov_2021-2025_mediana_c422_m0.15_r1.5_e1.2_s1_u0.1,"brecha=P-c(1+m)-S/e; clases 1-4,9",2021,2026,52,,,,,,,"clases={""1"": 39, ""2"": 11, ""3"": 0, ""4"": 0, ""9"": 2}"
A4_prov_2021-2025,A4_prov_2021-2025_mediana_c422_m0.15_r1.5_e1.2_s1_u0.25,"brecha=P-c(1+m)-S/e; clases 1-4,9",2021,2026,52,,,,,,,"clases={""1"": 34, ""2"": 16, ""3"": 0, ""4"": 0, ""9"": 2}"
A4_prov_2021-2025,A4_prov_2021-2025_mediana_c422_m0.15_r1.5_e1.6_s0_u0.0,"brecha=P-c(1+m)-S/e; clases 1-4,9",2021,2026,52,,,,,,,"clases={""1"": 44, ""2"": 6, ""3"": 0, ""4"": 0, ""9"": 2}"
A4_prov_2021-2025,A4_prov_2021-2025_mediana_c422_m0.15_r1.5_e1.6_s0_u0.1,"brecha=P-c(1+m)-S/e; clases 1-4,9",2021,2026,52,,,,,,,"clases={""1"": 39, ""2"": 11, ""3"": 0, ""4"": 0, ""9"": 2}"
A4_prov_2021-2025,A4_prov_2021-2025_mediana_c422_m0.15_r1.5_e1.6_s0_u0.25,"brecha=P-c(1+m)-S/e; clases 1-4,9",2021,2026,52,,,,,,,"clases={""1"": 33, ""2"": 17, ""3"": 0, ""4"": 0, ""9"": 2}"
A4_prov_2021-2025,A4_prov_2021-2025_mediana_c422_m0.15_r1.5_e1.6_s1_u0.0,"brecha=P-c(1+m)-S/e; clases 1-4,9",2021,2026,52,,,,,,,"clases={""1"": 44, ""2"": 6, ""3"": 0, ""4"": 0, ""9"": 2}"
A4_prov_2021-2025,A4_prov_2021-2025_mediana_c422_m0.15_r1.5_e1.6_s1_u0.1,"brecha=P-c(1+m)-S/e; clases 1-4,9",2021,2026,52,,,,,,,"clases={""1"": 39, ""2"": 11, ""3"": 0, ""4"": 0, ""9"": 2}"
A4_prov_2021-2025,A4_prov_2021-2025_mediana_c422_m0.15_r1.5_e1.6_s1_u0.25,"brecha=P-c(1+m)-S/e; clases 1-4,9",2021,2026,52,,,,,,,"clases={""1"": 33, ""2"": 17, ""3"": 0, ""4"": 0, ""9"": 2}"
A4_prov_2021-2025,A4_prov_2021-2025_mediana_c422_m0.2_r1.25_e0.8_s0_u0.0,"brecha=P-c(1+m)-S/e; clases 1-4,9",2021,2026,52,,,,,,,"clases={""1"": 44, ""2"": 6, ""3"": 0, ""4"": 0, ""9"": 2}"
A4_prov_2021-2025,A4_prov_2021-2025_mediana_c422_m0.2_r1.25_e0.8_s0_u0.1,"brecha=P-c(1+m)-S/e; clases 1-4,9",2021,2026,52,,,,,,,"clases={""1"": 39, ""2"": 11, ""3"": 0, ""4"": 0, ""9"": 2}"
A4_prov_2021-2025,A4_prov_2021-2025_mediana_c422_m0.2_r1.25_e0.8_s0_u0.25,"brecha=P-c(1+m)-S/e; clases 1-4,9",2021,2026,52,,,,,,,"clases={""1"": 33, ""2"": 17, ""3"": 0, ""4"": 0, ""9"": 2}"
A4_prov_2021-2025,A4_prov_2021-2025_mediana_c422_m0.2_r1.25_e0.8_s1_u0.0,"brecha=P-c(1+m)-S/e; clases 1-4,9",2021,2026,52,,,,,,,"clases={""1"": 43, ""2"": 6, ""3"": 1, ""4"": 0, ""9"": 2}"
A4_prov_2021-2025,A4_prov_2021-2025_mediana_c422_m0.2_r1.25_e0.8_s1_u0.1,"brecha=P-c(1+m)-S/e; clases 1-4,9",2021,2026,52,,,,,,,"clases={""1"": 38, ""2"": 11, ""3"": 1, ""4"": 0, ""9"": 2}"
A4_prov_2021-2025,A4_prov_2021-2025_mediana_c422_m0.2_r1.25_e0.8_s1_u0.25,"brecha=P-c(1+m)-S/e; clases 1-4,9",2021,2026,52,,,,,,,"clases={""1"": 33, ""2"": 16, ""3"": 1, ""4"": 0, ""9"": 2}"
A4_prov_2021-2025,A4_prov_2021-2025_mediana_c422_m0.2_r1.25_e1.2_s0_u0.0,"brecha=P-c(1+m)-S/e; clases 1-4,9",2021,2026,52,,,,,,,"clases={""1"": 44, ""2"": 6, ""3"": 0, ""4"": 0, ""9"": 2}"
A4_prov_2021-2025,A4_prov_2021-2025_mediana_c422_m0.2_r1.25_e1.2_s0_u0.1,"brecha=P-c(1+m)-S/e; clases 1-4,9",2021,2026,52,,,,,,,"clases={""1"": 39, ""2"": 11, ""3"": 0, ""4"": 0, ""9"": 2}"
A4_prov_2021-2025,A4_prov_2021-2025_mediana_c422_m0.2_r1.25_e1.2_s0_u0.25,"brecha=P-c(1+m)-S/e; clases 1-4,9",2021,2026,52,,,,,,,"clases={""1"": 33, ""2"": 17, ""3"": 0, ""4"": 0, ""9"": 2}"
A4_prov_2021-2025,A4_prov_2021-2025_mediana_c422_m0.2_r1.25_e1.2_s1_u0.0,"brecha=P-c(1+m)-S/e; clases 1-4,9",2021,2026,52,,,,,,,"clases={""1"": 44, ""2"": 6, ""3"": 0, ""4"": 0, ""9"": 2}"
A4_prov_2021-2025,A4_prov_2021-2025_mediana_c422_m0.2_r1.25_e1.2_s1_u0.1,"brecha=P-c(1+m)-S/e; clases 1-4,9",2021,2026,52,,,,,,,"clases={""1"": 39, ""2"": 11, ""3"": 0, ""4"": 0, ""9"": 2}"
A4_prov_2021-2025,A4_prov_2021-2025_mediana_c422_m0.2_r1.25_e1.2_s1_u0.25,"brecha=P-c(1+m)-S/e; clases 1-4,9",2021,2026,52,,,,,,,"clases={""1"": 33, ""2"": 17, ""3"": 0, ""4"": 0, ""9"": 2}"
A4_prov_2021-2025,A4_prov_2021-2025_mediana_c422_m0.2_r1.25_e1.6_s0_u0.0,"brecha=P-c(1+m)-S/e; clases 1-4,9",2021,2026,52,,,,,,,"clases={""1"": 44, ""2"": 6, ""3"": 0, ""4"": 0, ""9"": 2}"
A4_prov_2021-2025,A4_prov_2021-2025_mediana_c422_m0.2_r1.25_e1.6_s0_u0.1,"brecha=P-c(1+m)-S/e; clases 1-4,9",2021,2026,52,,,,,,,"clases={""1"": 39, ""2"": 11, ""3"": 0, ""4"": 0, ""9"": 2}"
A4_prov_2021-2025,A4_prov_2021-2025_mediana_c422_m0.2_r1.25_e1.6_s0_u0.25,"brecha=P-c(1+m)-S/e; clases 1-4,9",2021,2026,52,,,,,,,"clases={""1"": 33, ""2"": 17, ""3"": 0, ""4"": 0, ""9"": 2}"
A4_prov_2021-2025,A4_prov_2021-2025_mediana_c422_m0.2_r1.25_e1.6_s1_u0.0,"brecha=P-c(1+m)-S/e; clases 1-4,9",2021,2026,52,,,,,,,"clases={""1"": 44, ""2"": 6, ""3"": 0, ""4"": 0, ""9"": 2}"
A4_prov_2021-2025,A4_prov_2021-2025_mediana_c422_m0.2_r1.25_e1.6_s1_u0.1,"brecha=P-c(1+m)-S/e; clases 1-4,9",2021,2026,52,,,,,,,"clases={""1"": 39, ""2"": 11, ""3"": 0, ""4"": 0, ""9"": 2}"
A4_prov_2021-2025,A4_prov_2021-2025_mediana_c422_m0.2_r1.25_e1.6_s1_u0.25,"brecha=P-c(1+m)-S/e; clases 1-4,9",2021,2026,52,,,,,,,"clases={""1"": 33, ""2"": 17, ""3"": 0, ""4"": 0, ""9"": 2}"
A4_prov_2021-2025,A4_prov_2021-2025_mediana_c422_m0.2_r1.5_e0.8_s0_u0.0,"brecha=P-c(1+m)-S/e; clases 1-4,9",2021,2026,52,,,,,,,"clases={""1"": 44, ""2"": 6, ""3"": 0, ""4"": 0, ""9"": 2}"
A4_prov_2021-2025,A4_prov_2021-2025_mediana_c422_m0.2_r1.5_e0.8_s0_u0.1,"brecha=P-c(1+m)-S/e; clases 1-4,9",2021,2026,52,,,,,,,"clases={""1"": 39, ""2"": 11, ""3"": 0, ""4"": 0, ""9"": 2}"
A4_prov_2021-2025,A4_prov_2021-2025_mediana_c422_m0.2_r1.5_e0.8_s0_u0.25,"brecha=P-c(1+m)-S/e; clases 1-4,9",2021,2026,52,,,,,,,"clases={""1"": 34, ""2"": 16, ""3"": 0, ""4"": 0, ""9"": 2}"
A4_prov_2021-2025,A4_prov_2021-2025_mediana_c422_m0.2_r1.5_e0.8_s1_u0.0,"brecha=P-c(1+m)-S/e; clases 1-4,9",2021,2026,52,,,,,,,"clases={""1"": 44, ""2"": 5, ""3"": 1, ""4"": 0, ""9"": 2}"
A4_prov_2021-2025,A4_prov_2021-2025_mediana_c422_m0.2_r1.5_e0.8_s1_u0.1,"brecha=P-c(1+m)-S/e; clases 1-4,9",2021,2026,52,,,,,,,"clases={""1"": 39, ""2"": 10, ""3"": 1, ""4"": 0, ""9"": 2}"
A4_prov_2021-2025,A4_prov_2021-2025_mediana_c422_m0.2_r1.5_e0.8_s1_u0.25,"brecha=P-c(1+m)-S/e; clases 1-4,9",2021,2026,52,,,,,,,"clases={""1"": 34, ""2"": 15, ""3"": 1, ""4"": 0, ""9"": 2}"
A4_prov_2021-2025,A4_prov_2021-2025_mediana_c422_m0.2_r1.5_e1.2_s0_u0.0,"brecha=P-c(1+m)-S/e; clases 1-4,9",2021,2026,52,,,,,,,"clases={""1"": 44, ""2"": 6, ""3"": 0, ""4"": 0, ""9"": 2}"
A4_prov_2021-2025,A4_prov_2021-2025_mediana_c422_m0.2_r1.5_e1.2_s0_u0.1,"brecha=P-c(1+m)-S/e; clases 1-4,9",2021,2026,52,,,,,,,"clases={""1"": 39, ""2"": 11, ""3"": 0, ""4"": 0, ""9"": 2}"
A4_prov_2021-2025,A4_prov_2021-2025_mediana_c422_m0.2_r1.5_e1.2_s0_u0.25,"brecha=P-c(1+m)-S/e; clases 1-4,9",2021,2026,52,,,,,,,"clases={""1"": 33, ""2"": 17, ""3"": 0, ""4"": 0, ""9"": 2}"
A4_prov_2021-2025,A4_prov_2021-2025_mediana_c422_m0.2_r1.5_e1.2_s1_u0.0,"brecha=P-c(1+m)-S/e; clases 1-4,9",2021,2026,52,,,,,,,"clases={""1"": 44, ""2"": 6, ""3"": 0, ""4"": 0, ""9"": 2}"
A4_prov_2021-2025,A4_prov_2021-2025_mediana_c422_m0.2_r1.5_e1.2_s1_u0.1,"brecha=P-c(1+m)-S/e; clases 1-4,9",2021,2026,52,,,,,,,"clases={""1"": 39, ""2"": 11, ""3"": 0, ""4"": 0, ""9"": 2}"
A4_prov_2021-2025,A4_prov_2021-2025_mediana_c422_m0.2_r1.5_e1.2_s1_u0.25,"brecha=P-c(1+m)-S/e; clases 1-4,9",2021,2026,52,,,,,,,"clases={""1"": 34, ""2"": 16, ""3"": 0, ""4"": 0, ""9"": 2}"
A4_prov_2021-2025,A4_prov_2021-2025_mediana_c422_m0.2_r1.5_e1.6_s0_u0.0,"brecha=P-c(1+m)-S/e; clases 1-4,9",2021,2026,52,,,,,,,"clases={""1"": 44, ""2"": 6, ""3"": 0, ""4"": 0, ""9"": 2}"
A4_prov_2021-2025,A4_prov_2021-2025_mediana_c422_m0.2_r1.5_e1.6_s0_u0.1,"brecha=P-c(1+m)-S/e; clases 1-4,9",2021,2026,52,,,,,,,"clases={""1"": 39, ""2"": 11, ""3"": 0, ""4"": 0, ""9"": 2}"
A4_prov_2021-2025,A4_prov_2021-2025_mediana_c422_m0.2_r1.5_e1.6_s0_u0.25,"brecha=P-c(1+m)-S/e; clases 1-4,9",2021,2026,52,,,,,,,"clases={""1"": 33, ""2"": 17, ""3"": 0, ""4"": 0, ""9"": 2}"
A4_prov_2021-2025,A4_prov_2021-2025_mediana_c422_m0.2_r1.5_e1.6_s1_u0.0,"brecha=P-c(1+m)-S/e; clases 1-4,9",2021,2026,52,,,,,,,"clases={""1"": 44, ""2"": 6, ""3"": 0, ""4"": 0, ""9"": 2}"
A4_prov_2021-2025,A4_prov_2021-2025_mediana_c422_m0.2_r1.5_e1.6_s1_u0.1,"brecha=P-c(1+m)-S/e; clases 1-4,9",2021,2026,52,,,,,,,"clases={""1"": 39, ""2"": 11, ""3"": 0, ""4"": 0, ""9"": 2}"
A4_prov_2021-2025,A4_prov_2021-2025_mediana_c422_m0.2_r1.5_e1.6_s1_u0.25,"brecha=P-c(1+m)-S/e; clases 1-4,9",2021,2026,52,,,,,,,"clases={""1"": 33, ""2"": 17, ""3"": 0, ""4"": 0, ""9"": 2}"
A4_prov_2021-2025,A4_prov_2021-2025_mediana_c422_m0.25_r1.25_e0.8_s0_u0.0,"brecha=P-c(1+m)-S/e; clases 1-4,9",2021,2026,52,,,,,,,"clases={""1"": 44, ""2"": 6, ""3"": 0, ""4"": 0, ""9"": 2}"
A4_prov_2021-2025,A4_prov_2021-2025_mediana_c422_m0.25_r1.25_e0.8_s0_u0.1,"brecha=P-c(1+m)-S/e; clases 1-4,9",2021,2026,52,,,,,,,"clases={""1"": 39, ""2"": 11, ""3"": 0, ""4"": 0, ""9"": 2}"
A4_prov_2021-2025,A4_prov_2021-2025_mediana_c422_m0.25_r1.25_e0.8_s0_u0.25,"brecha=P-c(1+m)-S/e; clases 1-4,9",2021,2026,52,,,,,,,"clases={""1"": 33, ""2"": 17, ""3"": 0, ""4"": 0, ""9"": 2}"
A4_prov_2021-2025,A4_prov_2021-2025_mediana_c422_m0.25_r1.25_e0.8_s1_u0.0,"brecha=P-c(1+m)-S/e; clases 1-4,9",2021,2026,52,,,,,,,"clases={""1"": 43, ""2"": 6, ""3"": 1, ""4"": 0, ""9"": 2}"
A4_prov_2021-2025,A4_prov_2021-2025_mediana_c422_m0.25_r1.25_e0.8_s1_u0.1,"brecha=P-c(1+m)-S/e; clases 1-4,9",2021,2026,52,,,,,,,"clases={""1"": 38, ""2"": 11, ""3"": 1, ""4"": 0, ""9"": 2}"
A4_prov_2021-2025,A4_prov_2021-2025_mediana_c422_m0.25_r1.25_e0.8_s1_u0.25,"brecha=P-c(1+m)-S/e; clases 1-4,9",2021,2026,52,,,,,,,"clases={""1"": 33, ""2"": 16, ""3"": 1, ""4"": 0, ""9"": 2}"
A4_prov_2021-2025,A4_prov_2021-2025_mediana_c422_m0.25_r1.25_e1.2_s0_u0.0,"brecha=P-c(1+m)-S/e; clases 1-4,9",2021,2026,52,,,,,,,"clases={""1"": 44, ""2"": 6, ""3"": 0, ""4"": 0, ""9"": 2}"
A4_prov_2021-2025,A4_prov_2021-2025_mediana_c422_m0.25_r1.25_e1.2_s0_u0.1,"brecha=P-c(1+m)-S/e; clases 1-4,9",2021,2026,52,,,,,,,"clases={""1"": 39, ""2"": 11, ""3"": 0, ""4"": 0, ""9"": 2}"
A4_prov_2021-2025,A4_prov_2021-2025_mediana_c422_m0.25_r1.25_e1.2_s0_u0.25,"brecha=P-c(1+m)-S/e; clases 1-4,9",2021,2026,52,,,,,,,"clases={""1"": 33, ""2"": 17, ""3"": 0, ""4"": 0, ""9"": 2}"
A4_prov_2021-2025,A4_prov_2021-2025_mediana_c422_m0.25_r1.25_e1.2_s1_u0.0,"brecha=P-c(1+m)-S/e; clases 1-4,9",2021,2026,52,,,,,,,"clases={""1"": 44, ""2"": 6, ""3"": 0, ""4"": 0, ""9"": 2}"
A4_prov_2021-2025,A4_prov_2021-2025_mediana_c422_m0.25_r1.25_e1.2_s1_u0.1,"brecha=P-c(1+m)-S/e; clases 1-4,9",2021,2026,52,,,,,,,"clases={""1"": 39, ""2"": 11, ""3"": 0, ""4"": 0, ""9"": 2}"
A4_prov_2021-2025,A4_prov_2021-2025_mediana_c422_m0.25_r1.25_e1.2_s1_u0.25,"brecha=P-c(1+m)-S/e; clases 1-4,9",2021,2026,52,,,,,,,"clases={""1"": 33, ""2"": 17, ""3"": 0, ""4"": 0, ""9"": 2}"
A4_prov_2021-2025,A4_prov_2021-2025_mediana_c422_m0.25_r1.25_e1.6_s0_u0.0,"brecha=P-c(1+m)-S/e; clases 1-4,9",2021,2026,52,,,,,,,"clases={""1"": 44, ""2"": 6, ""3"": 0, ""4"": 0, ""9"": 2}"
A4_prov_2021-2025,A4_prov_2021-2025_mediana_c422_m0.25_r1.25_e1.6_s0_u0.1,"brecha=P-c(1+m)-S/e; clases 1-4,9",2021,2026,52,,,,,,,"clases={""1"": 39, ""2"": 11, ""3"": 0, ""4"": 0, ""9"": 2}"
A4_prov_2021-2025,A4_prov_2021-2025_mediana_c422_m0.25_r1.25_e1.6_s0_u0.25,"brecha=P-c(1+m)-S/e; clases 1-4,9",2021,2026,52,,,,,,,"clases={""1"": 33, ""2"": 17, ""3"": 0, ""4"": 0, ""9"": 2}"
A4_prov_2021-2025,A4_prov_2021-2025_mediana_c422_m0.25_r1.25_e1.6_s1_u0.0,"brecha=P-c(1+m)-S/e; clases 1-4,9",2021,2026,52,,,,,,,"clases={""1"": 44, ""2"": 6, ""3"": 0, ""4"": 0, ""9"": 2}"
A4_prov_2021-2025,A4_prov_2021-2025_mediana_c422_m0.25_r1.25_e1.6_s1_u0.1,"brecha=P-c(1+m)-S/e; clases 1-4,9",2021,2026,52,,,,,,,"clases={""1"": 39, ""2"": 11, ""3"": 0, ""4"": 0, ""9"": 2}"
A4_prov_2021-2025,A4_prov_2021-2025_mediana_c422_m0.25_r1.25_e1.6_s1_u0.25,"brecha=P-c(1+m)-S/e; clases 1-4,9",2021,2026,52,,,,,,,"clases={""1"": 33, ""2"": 17, ""3"": 0, ""4"": 0, ""9"": 2}"
A4_prov_2021-2025,A4_prov_2021-2025_mediana_c422_m0.25_r1.5_e0.8_s0_u0.0,"brecha=P-c(1+m)-S/e; clases 1-4,9",2021,2026,52,,,,,,,"clases={""1"": 44, ""2"": 6, ""3"": 0, ""4"": 0, ""9"": 2}"
A4_prov_2021-2025,A4_prov_2021-2025_mediana_c422_m0.25_r1.5_e0.8_s0_u0.1,"brecha=P-c(1+m)-S/e; clases 1-4,9",2021,2026,52,,,,,,,"clases={""1"": 39, ""2"": 11, ""3"": 0, ""4"": 0, ""9"": 2}"
A4_prov_2021-2025,A4_prov_2021-2025_mediana_c422_m0.25_r1.5_e0.8_s0_u0.25,"brecha=P-c(1+m)-S/e; clases 1-4,9",2021,2026,52,,,,,,,"clases={""1"": 34, ""2"": 16, ""3"": 0, ""4"": 0, ""9"": 2}"
A4_prov_2021-2025,A4_prov_2021-2025_mediana_c422_m0.25_r1.5_e0.8_s1_u0.0,"brecha=P-c(1+m)-S/e; clases 1-4,9",2021,2026,52,,,,,,,"clases={""1"": 44, ""2"": 5, ""3"": 1, ""4"": 0, ""9"": 2}"
A4_prov_2021-2025,A4_prov_2021-2025_mediana_c422_m0.25_r1.5_e0.8_s1_u0.1,"brecha=P-c(1+m)-S/e; clases 1-4,9",2021,2026,52,,,,,,,"clases={""1"": 39, ""2"": 10, ""3"": 1, ""4"": 0, ""9"": 2}"
A4_prov_2021-2025,A4_prov_2021-2025_mediana_c422_m0.25_r1.5_e0.8_s1_u0.25,"brecha=P-c(1+m)-S/e; clases 1-4,9",2021,2026,52,,,,,,,"clases={""1"": 34, ""2"": 15, ""3"": 1, ""4"": 0, ""9"": 2}"
A4_prov_2021-2025,A4_prov_2021-2025_mediana_c422_m0.25_r1.5_e1.2_s0_u0.0,"brecha=P-c(1+m)-S/e; clases 1-4,9",2021,2026,52,,,,,,,"clases={""1"": 44, ""2"": 6, ""3"": 0, ""4"": 0, ""9"": 2}"
A4_prov_2021-2025,A4_prov_2021-2025_mediana_c422_m0.25_r1.5_e1.2_s0_u0.1,"brecha=P-c(1+m)-S/e; clases 1-4,9",2021,2026,52,,,,,,,"clases={""1"": 39, ""2"": 11, ""3"": 0, ""4"": 0, ""9"": 2}"
A4_prov_2021-2025,A4_prov_2021-2025_mediana_c422_m0.25_r1.5_e1.2_s0_u0.25,"brecha=P-c(1+m)-S/e; clases 1-4,9",2021,2026,52,,,,,,,"clases={""1"": 33, ""2"": 17, ""3"": 0, ""4"": 0, ""9"": 2}"
A4_prov_2021-2025,A4_prov_2021-2025_mediana_c422_m0.25_r1.5_e1.2_s1_u0.0,"brecha=P-c(1+m)-S/e; clases 1-4,9",2021,2026,52,,,,,,,"clases={""1"": 44, ""2"": 6, ""3"": 0, ""4"": 0, ""9"": 2}"
A4_prov_2021-2025,A4_prov_2021-2025_mediana_c422_m0.25_r1.5_e1.2_s1_u0.1,"brecha=P-c(1+m)-S/e; clases 1-4,9",2021,2026,52,,,,,,,"clases={""1"": 39, ""2"": 11, ""3"": 0, ""4"": 0, ""9"": 2}"
A4_prov_2021-2025,A4_prov_2021-2025_mediana_c422_m0.25_r1.5_e1.2_s1_u0.25,"brecha=P-c(1+m)-S/e; clases 1-4,9",2021,2026,52,,,,,,,"clases={""1"": 34, ""2"": 16, ""3"": 0, ""4"": 0, ""9"": 2}"
A4_prov_2021-2025,A4_prov_2021-2025_mediana_c422_m0.25_r1.5_e1.6_s0_u0.0,"brecha=P-c(1+m)-S/e; clases 1-4,9",2021,2026,52,,,,,,,"clases={""1"": 44, ""2"": 6, ""3"": 0, ""4"": 0, ""9"": 2}"
A4_prov_2021-2025,A4_prov_2021-2025_mediana_c422_m0.25_r1.5_e1.6_s0_u0.1,"brecha=P-c(1+m)-S/e; clases 1-4,9",2021,2026,52,,,,,,,"clases={""1"": 39, ""2"": 11, ""3"": 0, ""4"": 0, ""9"": 2}"
A4_prov_2021-2025,A4_prov_2021-2025_mediana_c422_m0.25_r1.5_e1.6_s0_u0.25,"brecha=P-c(1+m)-S/e; clases 1-4,9",2021,2026,52,,,,,,,"clases={""1"": 33, ""2"": 17, ""3"": 0, ""4"": 0, ""9"": 2}"
A4_prov_2021-2025,A4_prov_2021-2025_mediana_c422_m0.25_r1.5_e1.6_s1_u0.0,"brecha=P-c(1+m)-S/e; clases 1-4,9",2021,2026,52,,,,,,,"clases={""1"": 44, ""2"": 6, ""3"": 0, ""4"": 0, ""9"": 2}"
A4_prov_2021-2025,A4_prov_2021-2025_mediana_c422_m0.25_r1.5_e1.6_s1_u0.1,"brecha=P-c(1+m)-S/e; clases 1-4,9",2021,2026,52,,,,,,,"clases={""1"": 39, ""2"": 11, ""3"": 0, ""4"": 0, ""9"": 2}"
A4_prov_2021-2025,A4_prov_2021-2025_mediana_c422_m0.25_r1.5_e1.6_s1_u0.25,"brecha=P-c(1+m)-S/e; clases 1-4,9",2021,2026,52,,,,,,,"clases={""1"": 33, ""2"": 17, ""3"": 0, ""4"": 0, ""9"": 2}"
A4_prov_2021-2025,A4_prov_2021-2025_mediana_c549_m0.15_r1.25_e0.8_s0_u0.0,"brecha=P-c(1+m)-S/e; clases 1-4,9",2021,2026,52,,,,,,,"clases={""1"": 44, ""2"": 6, ""3"": 0, ""4"": 0, ""9"": 2}"
A4_prov_2021-2025,A4_prov_2021-2025_mediana_c549_m0.15_r1.25_e0.8_s0_u0.1,"brecha=P-c(1+m)-S/e; clases 1-4,9",2021,2026,52,,,,,,,"clases={""1"": 39, ""2"": 11, ""3"": 0, ""4"": 0, ""9"": 2}"
A4_prov_2021-2025,A4_prov_2021-2025_mediana_c549_m0.15_r1.25_e0.8_s0_u0.25,"brecha=P-c(1+m)-S/e; clases 1-4,9",2021,2026,52,,,,,,,"clases={""1"": 34, ""2"": 16, ""3"": 0, ""4"": 0, ""9"": 2}"
A4_prov_2021-2025,A4_prov_2021-2025_mediana_c549_m0.15_r1.25_e0.8_s1_u0.0,"brecha=P-c(1+m)-S/e; clases 1-4,9",2021,2026,52,,,,,,,"clases={""1"": 42, ""2"": 5, ""3"": 3, ""4"": 0, ""9"": 2}"
A4_prov_2021-2025,A4_prov_2021-2025_mediana_c549_m0.15_r1.25_e0.8_s1_u0.1,"brecha=P-c(1+m)-S/e; clases 1-4,9",2021,2026,52,,,,,,,"clases={""1"": 37, ""2"": 10, ""3"": 3, ""4"": 0, ""9"": 2}"
A4_prov_2021-2025,A4_prov_2021-2025_mediana_c549_m0.15_r1.25_e0.8_s1_u0.25,"brecha=P-c(1+m)-S/e; clases 1-4,9",2021,2026,52,,,,,,,"clases={""1"": 32, ""2"": 15, ""3"": 3, ""4"": 0, ""9"": 2}"
A4_prov_2021-2025,A4_prov_2021-2025_mediana_c549_m0.15_r1.25_e1.2_s0_u0.0,"brecha=P-c(1+m)-S/e; clases 1-4,9",2021,2026,52,,,,,,,"clases={""1"": 44, ""2"": 6, ""3"": 0, ""4"": 0, ""9"": 2}"
A4_prov_2021-2025,A4_prov_2021-2025_mediana_c549_m0.15_r1.25_e1.2_s0_u0.1,"brecha=P-c(1+m)-S/e; clases 1-4,9",2021,2026,52,,,,,,,"clases={""1"": 39, ""2"": 11, ""3"": 0, ""4"": 0, ""9"": 2}"
A4_prov_2021-2025,A4_prov_2021-2025_mediana_c549_m0.15_r1.25_e1.2_s0_u0.25,"brecha=P-c(1+m)-S/e; clases 1-4,9",2021,2026,52,,,,,,,"clases={""1"": 33, ""2"": 17, ""3"": 0, ""4"": 0, ""9"": 2}"
A4_prov_2021-2025,A4_prov_2021-2025_mediana_c549_m0.15_r1.25_e1.2_s1_u0.0,"brecha=P-c(1+m)-S/e; clases 1-4,9",2021,2026,52,,,,,,,"clases={""1"": 43, ""2"": 6, ""3"": 1, ""4"": 0, ""9"": 2}"
A4_prov_2021-2025,A4_prov_2021-2025_mediana_c549_m0.15_r1.25_e1.2_s1_u0.1,"brecha=P-c(1+m)-S/e; clases 1-4,9",2021,2026,52,,,,,,,"clases={""1"": 38, ""2"": 11, ""3"": 1, ""4"": 0, ""9"": 2}"
A4_prov_2021-2025,A4_prov_2021-2025_mediana_c549_m0.15_r1.25_e1.2_s1_u0.25,"brecha=P-c(1+m)-S/e; clases 1-4,9",2021,2026,52,,,,,,,"clases={""1"": 33, ""2"": 16, ""3"": 1, ""4"": 0, ""9"": 2}"
A4_prov_2021-2025,A4_prov_2021-2025_mediana_c549_m0.15_r1.25_e1.6_s0_u0.0,"brecha=P-c(1+m)-S/e; clases 1-4,9",2021,2026,52,,,,,,,"clases={""1"": 44, ""2"": 6, ""3"": 0, ""4"": 0, ""9"": 2}"
A4_prov_2021-2025,A4_prov_2021-2025_mediana_c549_m0.15_r1.25_e1.6_s0_u0.1,"brecha=P-c(1+m)-S/e; clases 1-4,9",2021,2026,52,,,,,,,"clases={""1"": 39, ""2"": 11, ""3"": 0, ""4"": 0, ""9"": 2}"
A4_prov_2021-2025,A4_prov_2021-2025_mediana_c549_m0.15_r1.25_e1.6_s0_u0.25,"brecha=P-c(1+m)-S/e; clases 1-4,9",2021,2026,52,,,,,,,"clases={""1"": 33, ""2"": 17, ""3"": 0, ""4"": 0, ""9"": 2}"
A4_prov_2021-2025,A4_prov_2021-2025_mediana_c549_m0.15_r1.25_e1.6_s1_u0.0,"brecha=P-c(1+m)-S/e; clases 1-4,9",2021,2026,52,,,,,,,"clases={""1"": 44, ""2"": 6, ""3"": 0, ""4"": 0, ""9"": 2}"
A4_prov_2021-2025,A4_prov_2021-2025_mediana_c549_m0.15_r1.25_e1.6_s1_u0.1,"brecha=P-c(1+m)-S/e; clases 1-4,9",2021,2026,52,,,,,,,"clases={""1"": 39, ""2"": 11, ""3"": 0, ""4"": 0, ""9"": 2}"
A4_prov_2021-2025,A4_prov_2021-2025_mediana_c549_m0.15_r1.25_e1.6_s1_u0.25,"brecha=P-c(1+m)-S/e; clases 1-4,9",2021,2026,52,,,,,,,"clases={""1"": 33, ""2"": 17, ""3"": 0, ""4"": 0, ""9"": 2}"
A4_prov_2021-2025,A4_prov_2021-2025_mediana_c549_m0.15_r1.5_e0.8_s0_u0.0,"brecha=P-c(1+m)-S/e; clases 1-4,9",2021,2026,52,,,,,,,"clases={""1"": 45, ""2"": 5, ""3"": 0, ""4"": 0, ""9"": 2}"
A4_prov_2021-2025,A4_prov_2021-2025_mediana_c549_m0.15_r1.5_e0.8_s0_u0.1,"brecha=P-c(1+m)-S/e; clases 1-4,9",2021,2026,52,,,,,,,"clases={""1"": 42, ""2"": 8, ""3"": 0, ""4"": 0, ""9"": 2}"
A4_prov_2021-2025,A4_prov_2021-2025_mediana_c549_m0.15_r1.5_e0.8_s0_u0.25,"brecha=P-c(1+m)-S/e; clases 1-4,9",2021,2026,52,,,,,,,"clases={""1"": 38, ""2"": 12, ""3"": 0, ""4"": 0, ""9"": 2}"
A4_prov_2021-2025,A4_prov_2021-2025_mediana_c549_m0.15_r1.5_e0.8_s1_u0.0,"brecha=P-c(1+m)-S/e; clases 1-4,9",2021,2026,52,,,,,,,"clases={""1"": 42, ""2"": 5, ""3"": 3, ""4"": 0, ""9"": 2}"
A4_prov_2021-2025,A4_prov_2021-2025_mediana_c549_m0.15_r1.5_e0.8_s1_u0.1,"brecha=P-c(1+m)-S/e; clases 1-4,9",2021,2026,52,,,,,,,"clases={""1"": 39, ""2"": 8, ""3"": 3, ""4"": 0, ""9"": 2}"
A4_prov_2021-2025,A4_prov_2021-2025_mediana_c549_m0.15_r1.5_e0.8_s1_u0.25,"brecha=P-c(1+m)-S/e; clases 1-4,9",2021,2026,52,,,,,,,"clases={""1"": 37, ""2"": 10, ""3"": 3, ""4"": 0, ""9"": 2}"
A4_prov_2021-2025,A4_prov_2021-2025_mediana_c549_m0.15_r1.5_e1.2_s0_u0.0,"brecha=P-c(1+m)-S/e; clases 1-4,9",2021,2026,52,,,,,,,"clases={""1"": 44, ""2"": 6, ""3"": 0, ""4"": 0, ""9"": 2}"
A4_prov_2021-2025,A4_prov_2021-2025_mediana_c549_m0.15_r1.5_e1.2_s0_u0.1,"brecha=P-c(1+m)-S/e; clases 1-4,9",2021,2026,52,,,,,,,"clases={""1"": 39, ""2"": 11, ""3"": 0, ""4"": 0, ""9"": 2}"
A4_prov_2021-2025,A4_prov_2021-2025_mediana_c549_m0.15_r1.5_e1.2_s0_u0.25,"brecha=P-c(1+m)-S/e; clases 1-4,9",2021,2026,52,,,,,,,"clases={""1"": 35, ""2"": 15, ""3"": 0, ""4"": 0, ""9"": 2}"
A4_prov_2021-2025,A4_prov_2021-2025_mediana_c549_m0.15_r1.5_e1.2_s1_u0.0,"brecha=P-c(1+m)-S/e; clases 1-4,9",2021,2026,52,,,,,,,"clases={""1"": 44, ""2"": 5, ""3"": 1, ""4"": 0, ""9"": 2}"
A4_prov_2021-2025,A4_prov_2021-2025_mediana_c549_m0.15_r1.5_e1.2_s1_u0.1,"brecha=P-c(1+m)-S/e; clases 1-4,9",2021,2026,52,,,,,,,"clases={""1"": 39, ""2"": 10, ""3"": 1, ""4"": 0, ""9"": 2}"
A4_prov_2021-2025,A4_prov_2021-2025_mediana_c549_m0.15_r1.5_e1.2_s1_u0.25,"brecha=P-c(1+m)-S/e; clases 1-4,9",2021,2026,52,,,,,,,"clases={""1"": 35, ""2"": 14, ""3"": 1, ""4"": 0, ""9"": 2}"
A4_prov_2021-2025,A4_prov_2021-2025_mediana_c549_m0.15_r1.5_e1.6_s0_u0.0,"brecha=P-c(1+m)-S/e; clases 1-4,9",2021,2026,52,,,,,,,"clases={""1"": 44, ""2"": 6, ""3"": 0, ""4"": 0, ""9"": 2}"
A4_prov_2021-2025,A4_prov_2021-2025_mediana_c549_m0.15_r1.5_e1.6_s0_u0.1,"brecha=P-c(1+m)-S/e; clases 1-4,9",2021,2026,52,,,,,,,"clases={""1"": 39, ""2"": 11, ""3"": 0, ""4"": 0, ""9"": 2}"
A4_prov_2021-2025,A4_prov_2021-2025_mediana_c549_m0.15_r1.5_e1.6_s0_u0.25,"brecha=P-c(1+m)-S/e; clases 1-4,9",2021,2026,52,,,,,,,"clases={""1"": 35, ""2"": 15, ""3"": 0, ""4"": 0, ""9"": 2}"
A4_prov_2021-2025,A4_prov_2021-2025_mediana_c549_m0.15_r1.5_e1.6_s1_u0.0,"brecha=P-c(1+m)-S/e; clases 1-4,9",2021,2026,52,,,,,,,"clases={""1"": 45, ""2"": 5, ""3"": 0, ""4"": 0, ""9"": 2}"
A4_prov_2021-2025,A4_prov_2021-2025_mediana_c549_m0.15_r1.5_e1.6_s1_u0.1,"brecha=P-c(1+m)-S/e; clases 1-4,9",2021,2026,52,,,,,,,"clases={""1"": 40, ""2"": 10, ""3"": 0, ""4"": 0, ""9"": 2}"
A4_prov_2021-2025,A4_prov_2021-2025_mediana_c549_m0.15_r1.5_e1.6_s1_u0.25,"brecha=P-c(1+m)-S/e; clases 1-4,9",2021,2026,52,,,,,,,"clases={""1"": 36, ""2"": 14, ""3"": 0, ""4"": 0, ""9"": 2}"
A4_prov_2021-2025,A4_prov_2021-2025_mediana_c549_m0.2_r1.25_e0.8_s0_u0.0,"brecha=P-c(1+m)-S/e; clases 1-4,9",2021,2026,52,,,,,,,"clases={""1"": 43, ""2"": 6, ""3"": 1, ""4"": 0, ""9"": 2}"
A4_prov_2021-2025,A4_prov_2021-2025_mediana_c549_m0.2_r1.25_e0.8_s0_u0.1,"brecha=P-c(1+m)-S/e; clases 1-4,9",2021,2026,52,,,,,,,"clases={""1"": 38, ""2"": 11, ""3"": 1, ""4"": 0, ""9"": 2}"
A4_prov_2021-2025,A4_prov_2021-2025_mediana_c549_m0.2_r1.25_e0.8_s0_u0.25,"brecha=P-c(1+m)-S/e; clases 1-4,9",2021,2026,52,,,,,,,"clases={""1"": 33, ""2"": 16, ""3"": 1, ""4"": 0, ""9"": 2}"
A4_prov_2021-2025,A4_prov_2021-2025_mediana_c549_m0.2_r1.25_e0.8_s1_u0.0,"brecha=P-c(1+m)-S/e; clases 1-4,9",2021,2026,52,,,,,,,"clases={""1"": 42, ""2"": 5, ""3"": 3, ""4"": 0, ""9"": 2}"
A4_prov_2021-2025,A4_prov_2021-2025_mediana_c549_m0.2_r1.25_e0.8_s1_u0.1,"brecha=P-c(1+m)-S/e; clases 1-4,9",2021,2026,52,,,,,,,"clases={""1"": 37, ""2"": 10, ""3"": 3, ""4"": 0, ""9"": 2}"
A4_prov_2021-2025,A4_prov_2021-2025_mediana_c549_m0.2_r1.25_e0.8_s1_u0.25,"brecha=P-c(1+m)-S/e; clases 1-4,9",2021,2026,52,,,,,,,"clases={""1"": 32, ""2"": 15, ""3"": 3, ""4"": 0, ""9"": 2}"
A4_prov_2021-2025,A4_prov_2021-2025_mediana_c549_m0.2_r1.25_e1.2_s0_u0.0,"brecha=P-c(1+m)-S/e; clases 1-4,9",2021,2026,52,,,,,,,"clases={""1"": 44, ""2"": 6, ""3"": 0, ""4"": 0, ""9"": 2}"
A4_prov_2021-2025,A4_prov_2021-2025_mediana_c549_m0.2_r1.25_e1.2_s0_u0.1,"brecha=P-c(1+m)-S/e; clases 1-4,9",2021,2026,52,,,,,,,"clases={""1"": 39, ""2"": 11, ""3"": 0, ""4"": 0, ""9"": 2}"
A4_prov_2021-2025,A4_prov_2021-2025_mediana_c549_m0.2_r1.25_e1.2_s0_u0.25,"brecha=P-c(1+m)-S/e; clases 1-4,9",2021,2026,52,,,,,,,"clases={""1"": 33, ""2"": 17, ""3"": 0, ""4"": 0, ""9"": 2}"
A4_prov_2021-2025,A4_prov_2021-2025_mediana_c549_m0.2_r1.25_e1.2_s1_u0.0,"brecha=P-c(1+m)-S/e; clases 1-4,9",2021,2026,52,,,,,,,"clases={""1"": 43, ""2"": 6, ""3"": 1, ""4"": 0, ""9"": 2}"
A4_prov_2021-2025,A4_prov_2021-2025_mediana_c549_m0.2_r1.25_e1.2_s1_u0.1,"brecha=P-c(1+m)-S/e; clases 1-4,9",2021,2026,52,,,,,,,"clases={""1"": 38, ""2"": 11, ""3"": 1, ""4"": 0, ""9"": 2}"
A4_prov_2021-2025,A4_prov_2021-2025_mediana_c549_m0.2_r1.25_e1.2_s1_u0.25,"brecha=P-c(1+m)-S/e; clases 1-4,9",2021,2026,52,,,,,,,"clases={""1"": 33, ""2"": 16, ""3"": 1, ""4"": 0, ""9"": 2}"
A4_prov_2021-2025,A4_prov_2021-2025_mediana_c549_m0.2_r1.25_e1.6_s0_u0.0,"brecha=P-c(1+m)-S/e; clases 1-4,9",2021,2026,52,,,,,,,"clases={""1"": 44, ""2"": 6, ""3"": 0, ""4"": 0, ""9"": 2}"
A4_prov_2021-2025,A4_prov_2021-2025_mediana_c549_m0.2_r1.25_e1.6_s0_u0.1,"brecha=P-c(1+m)-S/e; clases 1-4,9",2021,2026,52,,,,,,,"clases={""1"": 39, ""2"": 11, ""3"": 0, ""4"": 0, ""9"": 2}"
A4_prov_2021-2025,A4_prov_2021-2025_mediana_c549_m0.2_r1.25_e1.6_s0_u0.25,"brecha=P-c(1+m)-S/e; clases 1-4,9",2021,2026,52,,,,,,,"clases={""1"": 33, ""2"": 17, ""3"": 0, ""4"": 0, ""9"": 2}"
A4_prov_2021-2025,A4_prov_2021-2025_mediana_c549_m0.2_r1.25_e1.6_s1_u0.0,"brecha=P-c(1+m)-S/e; clases 1-4,9",2021,2026,52,,,,,,,"clases={""1"": 43, ""2"": 6, ""3"": 1, ""4"": 0, ""9"": 2}"
A4_prov_2021-2025,A4_prov_2021-2025_mediana_c549_m0.2_r1.25_e1.6_s1_u0.1,"brecha=P-c(1+m)-S/e; clases 1-4,9",2021,2026,52,,,,,,,"clases={""1"": 38, ""2"": 11, ""3"": 1, ""4"": 0, ""9"": 2}"
A4_prov_2021-2025,A4_prov_2021-2025_mediana_c549_m0.2_r1.25_e1.6_s1_u0.25,"brecha=P-c(1+m)-S/e; clases 1-4,9",2021,2026,52,,,,,,,"clases={""1"": 32, ""2"": 17, ""3"": 1, ""4"": 0, ""9"": 2}"
A4_prov_2021-2025,A4_prov_2021-2025_mediana_c549_m0.2_r1.5_e0.8_s0_u0.0,"brecha=P-c(1+m)-S/e; clases 1-4,9",2021,2026,52,,,,,,,"clases={""1"": 44, ""2"": 5, ""3"": 1, ""4"": 0, ""9"": 2}"
A4_prov_2021-2025,A4_prov_2021-2025_mediana_c549_m0.2_r1.5_e0.8_s0_u0.1,"brecha=P-c(1+m)-S/e; clases 1-4,9",2021,2026,52,,,,,,,"clases={""1"": 41, ""2"": 8, ""3"": 1, ""4"": 0, ""9"": 2}"
A4_prov_2021-2025,A4_prov_2021-2025_mediana_c549_m0.2_r1.5_e0.8_s0_u0.25,"brecha=P-c(1+m)-S/e; clases 1-4,9",2021,2026,52,,,,,,,"clases={""1"": 37, ""2"": 12, ""3"": 1, ""4"": 0, ""9"": 2}"
A4_prov_2021-2025,A4_prov_2021-2025_mediana_c549_m0.2_r1.5_e0.8_s1_u0.0,"brecha=P-c(1+m)-S/e; clases 1-4,9",2021,2026,52,,,,,,,"clases={""1"": 42, ""2"": 5, ""3"": 3, ""4"": 0, ""9"": 2}"
A4_prov_2021-2025,A4_prov_2021-2025_mediana_c549_m0.2_r1.5_e0.8_s1_u0.1,"brecha=P-c(1+m)-S/e; clases 1-4,9",2021,2026,52,,,,,,,"clases={""1"": 39, ""2"": 8, ""3"": 3, ""4"": 0, ""9"": 2}"
A4_prov_2021-2025,A4_prov_2021-2025_mediana_c549_m0.2_r1.5_e0.8_s1_u0.25,"brecha=P-c(1+m)-S/e; clases 1-4,9",2021,2026,52,,,,,,,"clases={""1"": 37, ""2"": 10, ""3"": 3, ""4"": 0, ""9"": 2}"
A4_prov_2021-2025,A4_prov_2021-2025_mediana_c549_m0.2_r1.5_e1.2_s0_u0.0,"brecha=P-c(1+m)-S/e; clases 1-4,9",2021,2026,52,,,,,,,"clases={""1"": 44, ""2"": 6, ""3"": 0, ""4"": 0, ""9"": 2}"
A4_prov_2021-2025,A4_prov_2021-2025_mediana_c549_m0.2_r1.5_e1.2_s0_u0.1,"brecha=P-c(1+m)-S/e; clases 1-4,9",2021,2026,52,,,,,,,"clases={""1"": 39, ""2"": 11, ""3"": 0, ""4"": 0, ""9"": 2}"
A4_prov_2021-2025,A4_prov_2021-2025_mediana_c549_m0.2_r1.5_e1.2_s0_u0.25,"brecha=P-c(1+m)-S/e; clases 1-4,9",2021,2026,52,,,,,,,"clases={""1"": 35, ""2"": 15, ""3"": 0, ""4"": 0, ""9"": 2}"
A4_prov_2021-2025,A4_prov_2021-2025_mediana_c549_m0.2_r1.5_e1.2_s1_u0.0,"brecha=P-c(1+m)-S/e; clases 1-4,9",2021,2026,52,,,,,,,"clases={""1"": 44, ""2"": 5, ""3"": 1, ""4"": 0, ""9"": 2}"
A4_prov_2021-2025,A4_prov_2021-2025_mediana_c549_m0.2_r1.5_e1.2_s1_u0.1,"brecha=P-c(1+m)-S/e; clases 1-4,9",2021,2026,52,,,,,,,"clases={""1"": 39, ""2"": 10, ""3"": 1, ""4"": 0, ""9"": 2}"
A4_prov_2021-2025,A4_prov_2021-2025_mediana_c549_m0.2_r1.5_e1.2_s1_u0.25,"brecha=P-c(1+m)-S/e; clases 1-4,9",2021,2026,52,,,,,,,"clases={""1"": 35, ""2"": 14, ""3"": 1, ""4"": 0, ""9"": 2}"
A4_prov_2021-2025,A4_prov_2021-2025_mediana_c549_m0.2_r1.5_e1.6_s0_u0.0,"brecha=P-c(1+m)-S/e; clases 1-4,9",2021,2026,52,,,,,,,"clases={""1"": 44, ""2"": 6, ""3"": 0, ""4"": 0, ""9"": 2}"
A4_prov_2021-2025,A4_prov_2021-2025_mediana_c549_m0.2_r1.5_e1.6_s0_u0.1,"brecha=P-c(1+m)-S/e; clases 1-4,9",2021,2026,52,,,,,,,"clases={""1"": 39, ""2"": 11, ""3"": 0, ""4"": 0, ""9"": 2}"
A4_prov_2021-2025,A4_prov_2021-2025_mediana_c549_m0.2_r1.5_e1.6_s0_u0.25,"brecha=P-c(1+m)-S/e; clases 1-4,9",2021,2026,52,,,,,,,"clases={""1"": 35, ""2"": 15, ""3"": 0, ""4"": 0, ""9"": 2}"
A4_prov_2021-2025,A4_prov_2021-2025_mediana_c549_m0.2_r1.5_e1.6_s1_u0.0,"brecha=P-c(1+m)-S/e; clases 1-4,9",2021,2026,52,,,,,,,"clases={""1"": 44, ""2"": 5, ""3"": 1, ""4"": 0, ""9"": 2}"
A4_prov_2021-2025,A4_prov_2021-2025_mediana_c549_m0.2_r1.5_e1.6_s1_u0.1,"brecha=P-c(1+m)-S/e; clases 1-4,9",2021,2026,52,,,,,,,"clases={""1"": 39, ""2"": 10, ""3"": 1, ""4"": 0, ""9"": 2}"
A4_prov_2021-2025,A4_prov_2021-2025_mediana_c549_m0.2_r1.5_e1.6_s1_u0.25,"brecha=P-c(1+m)-S/e; clases 1-4,9",2021,2026,52,,,,,,,"clases={""1"": 35, ""2"": 14, ""3"": 1, ""4"": 0, ""9"": 2}"
A4_prov_2021-2025,A4_prov_2021-2025_mediana_c549_m0.25_r1.25_e0.8_s0_u0.0,"brecha=P-c(1+m)-S/e; clases 1-4,9",2021,2026,52,,,,,,,"clases={""1"": 43, ""2"": 6, ""3"": 1, ""4"": 0, ""9"": 2}"
A4_prov_2021-2025,A4_prov_2021-2025_mediana_c549_m0.25_r1.25_e0.8_s0_u0.1,"brecha=P-c(1+m)-S/e; clases 1-4,9",2021,2026,52,,,,,,,"clases={""1"": 38, ""2"": 11, ""3"": 1, ""4"": 0, ""9"": 2}"
A4_prov_2021-2025,A4_prov_2021-2025_mediana_c549_m0.25_r1.25_e0.8_s0_u0.25,"brecha=P-c(1+m)-S/e; clases 1-4,9",2021,2026,52,,,,,,,"clases={""1"": 33, ""2"": 16, ""3"": 1, ""4"": 0, ""9"": 2}"
A4_prov_2021-2025,A4_prov_2021-2025_mediana_c549_m0.25_r1.25_e0.8_s1_u0.0,"brecha=P-c(1+m)-S/e; clases 1-4,9",2021,2026,52,,,,,,,"clases={""1"": 40, ""2"": 5, ""3"": 5, ""4"": 0, ""9"": 2}"
A4_prov_2021-2025,A4_prov_2021-2025_mediana_c549_m0.25_r1.25_e0.8_s1_u0.1,"brecha=P-c(1+m)-S/e; clases 1-4,9",2021,2026,52,,,,,,,"clases={""1"": 35, ""2"": 10, ""3"": 5, ""4"": 0, ""9"": 2}"
A4_prov_2021-2025,A4_prov_2021-2025_mediana_c549_m0.25_r1.25_e0.8_s1_u0.25,"brecha=P-c(1+m)-S/e; clases 1-4,9",2021,2026,52,,,,,,,"clases={""1"": 30, ""2"": 15, ""3"": 5, ""4"": 0, ""9"": 2}"
A4_prov_2021-2025,A4_prov_2021-2025_mediana_c549_m0.25_r1.25_e1.2_s0_u0.0,"brecha=P-c(1+m)-S/e; clases 1-4,9",2021,2026,52,,,,,,,"clases={""1"": 44, ""2"": 6, ""3"": 0, ""4"": 0, ""9"": 2}"
A4_prov_2021-2025,A4_prov_2021-2025_mediana_c549_m0.25_r1.25_e1.2_s0_u0.1,"brecha=P-c(1+m)-S/e; clases 1-4,9",2021,2026,52,,,,,,,"clases={""1"": 39, ""2"": 11, ""3"": 0, ""4"": 0, ""9"": 2}"
A4_prov_2021-2025,A4_prov_2021-2025_mediana_c549_m0.25_r1.25_e1.2_s0_u0.25,"brecha=P-c(1+m)-S/e; clases 1-4,9",2021,2026,52,,,,,,,"clases={""1"": 33, ""2"": 17, ""3"": 0, ""4"": 0, ""9"": 2}"
A4_prov_2021-2025,A4_prov_2021-2025_mediana_c549_m0.25_r1.25_e1.2_s1_u0.0,"brecha=P-c(1+m)-S/e; clases 1-4,9",2021,2026,52,,,,,,,"clases={""1"": 42, ""2"": 6, ""3"": 2, ""4"": 0, ""9"": 2}"
A4_prov_2021-2025,A4_prov_2021-2025_mediana_c549_m0.25_r1.25_e1.2_s1_u0.1,"brecha=P-c(1+m)-S/e; clases 1-4,9",2021,2026,52,,,,,,,"clases={""1"": 37, ""2"": 11, ""3"": 2, ""4"": 0, ""9"": 2}"
A4_prov_2021-2025,A4_prov_2021-2025_mediana_c549_m0.25_r1.25_e1.2_s1_u0.25,"brecha=P-c(1+m)-S/e; clases 1-4,9",2021,2026,52,,,,,,,"clases={""1"": 32, ""2"": 16, ""3"": 2, ""4"": 0, ""9"": 2}"
A4_prov_2021-2025,A4_prov_2021-2025_mediana_c549_m0.25_r1.25_e1.6_s0_u0.0,"brecha=P-c(1+m)-S/e; clases 1-4,9",2021,2026,52,,,,,,,"clases={""1"": 44, ""2"": 6, ""3"": 0, ""4"": 0, ""9"": 2}"
A4_prov_2021-2025,A4_prov_2021-2025_mediana_c549_m0.25_r1.25_e1.6_s0_u0.1,"brecha=P-c(1+m)-S/e; clases 1-4,9",2021,2026,52,,,,,,,"clases={""1"": 39, ""2"": 11, ""3"": 0, ""4"": 0, ""9"": 2}"
A4_prov_2021-2025,A4_prov_2021-2025_mediana_c549_m0.25_r1.25_e1.6_s0_u0.25,"brecha=P-c(1+m)-S/e; clases 1-4,9",2021,2026,52,,,,,,,"clases={""1"": 33, ""2"": 17, ""3"": 0, ""4"": 0, ""9"": 2}"
A4_prov_2021-2025,A4_prov_2021-2025_mediana_c549_m0.25_r1.25_e1.6_s1_u0.0,"brecha=P-c(1+m)-S/e; clases 1-4,9",2021,2026,52,,,,,,,"clases={""1"": 43, ""2"": 6, ""3"": 1, ""4"": 0, ""9"": 2}"
A4_prov_2021-2025,A4_prov_2021-2025_mediana_c549_m0.25_r1.25_e1.6_s1_u0.1,"brecha=P-c(1+m)-S/e; clases 1-4,9",2021,2026,52,,,,,,,"clases={""1"": 38, ""2"": 11, ""3"": 1, ""4"": 0, ""9"": 2}"
A4_prov_2021-2025,A4_prov_2021-2025_mediana_c549_m0.25_r1.25_e1.6_s1_u0.25,"brecha=P-c(1+m)-S/e; clases 1-4,9",2021,2026,52,,,,,,,"clases={""1"": 32, ""2"": 17, ""3"": 1, ""4"": 0, ""9"": 2}"
A4_prov_2021-2025,A4_prov_2021-2025_mediana_c549_m0.25_r1.5_e0.8_s0_u0.0,"brecha=P-c(1+m)-S/e; clases 1-4,9",2021,2026,52,,,,,,,"clases={""1"": 44, ""2"": 5, ""3"": 1, ""4"": 0, ""9"": 2}"
A4_prov_2021-2025,A4_prov_2021-2025_mediana_c549_m0.25_r1.5_e0.8_s0_u0.1,"brecha=P-c(1+m)-S/e; clases 1-4,9",2021,2026,52,,,,,,,"clases={""1"": 41, ""2"": 8, ""3"": 1, ""4"": 0, ""9"": 2}"
A4_prov_2021-2025,A4_prov_2021-2025_mediana_c549_m0.25_r1.5_e0.8_s0_u0.25,"brecha=P-c(1+m)-S/e; clases 1-4,9",2021,2026,52,,,,,,,"clases={""1"": 37, ""2"": 12, ""3"": 1, ""4"": 0, ""9"": 2}"
A4_prov_2021-2025,A4_prov_2021-2025_mediana_c549_m0.25_r1.5_e0.8_s1_u0.0,"brecha=P-c(1+m)-S/e; clases 1-4,9",2021,2026,52,,,,,,,"clases={""1"": 40, ""2"": 5, ""3"": 5, ""4"": 0, ""9"": 2}"
A4_prov_2021-2025,A4_prov_2021-2025_mediana_c549_m0.25_r1.5_e0.8_s1_u0.1,"brecha=P-c(1+m)-S/e; clases 1-4,9",2021,2026,52,,,,,,,"clases={""1"": 37, ""2"": 8, ""3"": 5, ""4"": 0, ""9"": 2}"
A4_prov_2021-2025,A4_prov_2021-2025_mediana_c549_m0.25_r1.5_e0.8_s1_u0.25,"brecha=P-c(1+m)-S/e; clases 1-4,9",2021,2026,52,,,,,,,"clases={""1"": 35, ""2"": 10, ""3"": 5, ""4"": 0, ""9"": 2}"
A4_prov_2021-2025,A4_prov_2021-2025_mediana_c549_m0.25_r1.5_e1.2_s0_u0.0,"brecha=P-c(1+m)-S/e; clases 1-4,9",2021,2026,52,,,,,,,"clases={""1"": 44, ""2"": 6, ""3"": 0, ""4"": 0, ""9"": 2}"
A4_prov_2021-2025,A4_prov_2021-2025_mediana_c549_m0.25_r1.5_e1.2_s0_u0.1,"brecha=P-c(1+m)-S/e; clases 1-4,9",2021,2026,52,,,,,,,"clases={""1"": 39, ""2"": 11, ""3"": 0, ""4"": 0, ""9"": 2}"
A4_prov_2021-2025,A4_prov_2021-2025_mediana_c549_m0.25_r1.5_e1.2_s0_u0.25,"brecha=P-c(1+m)-S/e; clases 1-4,9",2021,2026,52,,,,,,,"clases={""1"": 35, ""2"": 15, ""3"": 0, ""4"": 0, ""9"": 2}"
A4_prov_2021-2025,A4_prov_2021-2025_mediana_c549_m0.25_r1.5_e1.2_s1_u0.0,"brecha=P-c(1+m)-S/e; clases 1-4,9",2021,2026,52,,,,,,,"clases={""1"": 43, ""2"": 5, ""3"": 2, ""4"": 0, ""9"": 2}"
A4_prov_2021-2025,A4_prov_2021-2025_mediana_c549_m0.25_r1.5_e1.2_s1_u0.1,"brecha=P-c(1+m)-S/e; clases 1-4,9",2021,2026,52,,,,,,,"clases={""1"": 38, ""2"": 10, ""3"": 2, ""4"": 0, ""9"": 2}"
A4_prov_2021-2025,A4_prov_2021-2025_mediana_c549_m0.25_r1.5_e1.2_s1_u0.25,"brecha=P-c(1+m)-S/e; clases 1-4,9",2021,2026,52,,,,,,,"clases={""1"": 34, ""2"": 14, ""3"": 2, ""4"": 0, ""9"": 2}"
A4_prov_2021-2025,A4_prov_2021-2025_mediana_c549_m0.25_r1.5_e1.6_s0_u0.0,"brecha=P-c(1+m)-S/e; clases 1-4,9",2021,2026,52,,,,,,,"clases={""1"": 44, ""2"": 6, ""3"": 0, ""4"": 0, ""9"": 2}"
A4_prov_2021-2025,A4_prov_2021-2025_mediana_c549_m0.25_r1.5_e1.6_s0_u0.1,"brecha=P-c(1+m)-S/e; clases 1-4,9",2021,2026,52,,,,,,,"clases={""1"": 39, ""2"": 11, ""3"": 0, ""4"": 0, ""9"": 2}"
A4_prov_2021-2025,A4_prov_2021-2025_mediana_c549_m0.25_r1.5_e1.6_s0_u0.25,"brecha=P-c(1+m)-S/e; clases 1-4,9",2021,2026,52,,,,,,,"clases={""1"": 35, ""2"": 15, ""3"": 0, ""4"": 0, ""9"": 2}"
A4_prov_2021-2025,A4_prov_2021-2025_mediana_c549_m0.25_r1.5_e1.6_s1_u0.0,"brecha=P-c(1+m)-S/e; clases 1-4,9",2021,2026,52,,,,,,,"clases={""1"": 44, ""2"": 5, ""3"": 1, ""4"": 0, ""9"": 2}"
A4_prov_2021-2025,A4_prov_2021-2025_mediana_c549_m0.25_r1.5_e1.6_s1_u0.1,"brecha=P-c(1+m)-S/e; clases 1-4,9",2021,2026,52,,,,,,,"clases={""1"": 39, ""2"": 10, ""3"": 1, ""4"": 0, ""9"": 2}"
A4_prov_2021-2025,A4_prov_2021-2025_mediana_c549_m0.25_r1.5_e1.6_s1_u0.25,"brecha=P-c(1+m)-S/e; clases 1-4,9",2021,2026,52,,,,,,,"clases={""1"": 35, ""2"": 14, ""3"": 1, ""4"": 0, ""9"": 2}"
A4_prov_2021-2025,A4_prov_2021-2025_mediana_c677_m0.15_r1.25_e0.8_s0_u0.0,"brecha=P-c(1+m)-S/e; clases 1-4,9",2021,2026,52,,,,,,,"clases={""1"": 42, ""2"": 5, ""3"": 3, ""4"": 0, ""9"": 2}"
A4_prov_2021-2025,A4_prov_2021-2025_mediana_c677_m0.15_r1.25_e0.8_s0_u0.1,"brecha=P-c(1+m)-S/e; clases 1-4,9",2021,2026,52,,,,,,,"clases={""1"": 39, ""2"": 8, ""3"": 3, ""4"": 0, ""9"": 2}"
A4_prov_2021-2025,A4_prov_2021-2025_mediana_c677_m0.15_r1.25_e0.8_s0_u0.25,"brecha=P-c(1+m)-S/e; clases 1-4,9",2021,2026,52,,,,,,,"clases={""1"": 35, ""2"": 12, ""3"": 3, ""4"": 0, ""9"": 2}"
A4_prov_2021-2025,A4_prov_2021-2025_mediana_c677_m0.15_r1.25_e0.8_s1_u0.0,"brecha=P-c(1+m)-S/e; clases 1-4,9",2021,2026,52,,,,,,,"clases={""1"": 40, ""2"": 5, ""3"": 5, ""4"": 0, ""9"": 2}"
A4_prov_2021-2025,A4_prov_2021-2025_mediana_c677_m0.15_r1.25_e0.8_s1_u0.1,"brecha=P-c(1+m)-S/e; clases 1-4,9",2021,2026,52,,,,,,,"clases={""1"": 37, ""2"": 8, ""3"": 5, ""4"": 0, ""9"": 2}"
A4_prov_2021-2025,A4_prov_2021-2025_mediana_c677_m0.15_r1.25_e0.8_s1_u0.25,"brecha=P-c(1+m)-S/e; clases 1-4,9",2021,2026,52,,,,,,,"clases={""1"": 34, ""2"": 11, ""3"": 5, ""4"": 0, ""9"": 2}"
A4_prov_2021-2025,A4_prov_2021-2025_mediana_c677_m0.15_r1.25_e1.2_s0_u0.0,"brecha=P-c(1+m)-S/e; clases 1-4,9",2021,2026,52,,,,,,,"clases={""1"": 42, ""2"": 6, ""3"": 2, ""4"": 0, ""9"": 2}"
A4_prov_2021-2025,A4_prov_2021-2025_mediana_c677_m0.15_r1.25_e1.2_s0_u0.1,"brecha=P-c(1+m)-S/e; clases 1-4,9",2021,2026,52,,,,,,,"clases={""1"": 37, ""2"": 11, ""3"": 2, ""4"": 0, ""9"": 2}"
A4_prov_2021-2025,A4_prov_2021-2025_mediana_c677_m0.15_r1.25_e1.2_s0_u0.25,"brecha=P-c(1+m)-S/e; clases 1-4,9",2021,2026,52,,,,,,,"clases={""1"": 33, ""2"": 15, ""3"": 2, ""4"": 0, ""9"": 2}"
A4_prov_2021-2025,A4_prov_2021-2025_mediana_c677_m0.15_r1.25_e1.2_s1_u0.0,"brecha=P-c(1+m)-S/e; clases 1-4,9",2021,2026,52,,,,,,,"clases={""1"": 41, ""2"": 5, ""3"": 4, ""4"": 0, ""9"": 2}"
A4_prov_2021-2025,A4_prov_2021-2025_mediana_c677_m0.15_r1.25_e1.2_s1_u0.1,"brecha=P-c(1+m)-S/e; clases 1-4,9",2021,2026,52,,,,,,,"clases={""1"": 36, ""2"": 10, ""3"": 4, ""4"": 0, ""9"": 2}"
A4_prov_2021-2025,A4_prov_2021-2025_mediana_c677_m0.15_r1.25_e1.2_s1_u0.25,"brecha=P-c(1+m)-S/e; clases 1-4,9",2021,2026,52,,,,,,,"clases={""1"": 32, ""2"": 14, ""3"": 4, ""4"": 0, ""9"": 2}"
A4_prov_2021-2025,A4_prov_2021-2025_mediana_c677_m0.15_r1.25_e1.6_s0_u0.0,"brecha=P-c(1+m)-S/e; clases 1-4,9",2021,2026,52,,,,,,,"clases={""1"": 43, ""2"": 6, ""3"": 1, ""4"": 0, ""9"": 2}"
A4_prov_2021-2025,A4_prov_2021-2025_mediana_c677_m0.15_r1.25_e1.6_s0_u0.1,"brecha=P-c(1+m)-S/e; clases 1-4,9",2021,2026,52,,,,,,,"clases={""1"": 38, ""2"": 11, ""3"": 1, ""4"": 0, ""9"": 2}"
A4_prov_2021-2025,A4_prov_2021-2025_mediana_c677_m0.15_r1.25_e1.6_s0_u0.25,"brecha=P-c(1+m)-S/e; clases 1-4,9",2021,2026,52,,,,,,,"clases={""1"": 34, ""2"": 15, ""3"": 1, ""4"": 0, ""9"": 2}"
A4_prov_2021-2025,A4_prov_2021-2025_mediana_c677_m0.15_r1.25_e1.6_s1_u0.0,"brecha=P-c(1+m)-S/e; clases 1-4,9",2021,2026,52,,,,,,,"clases={""1"": 42, ""2"": 5, ""3"": 3, ""4"": 0, ""9"": 2}"
A4_prov_2021-2025,A4_prov_2021-2025_mediana_c677_m0.15_r1.25_e1.6_s1_u0.1,"brecha=P-c(1+m)-S/e; clases 1-4,9",2021,2026,52,,,,,,,"clases={""1"": 37, ""2"": 10, ""3"": 3, ""4"": 0, ""9"": 2}"
A4_prov_2021-2025,A4_prov_2021-2025_mediana_c677_m0.15_r1.25_e1.6_s1_u0.25,"brecha=P-c(1+m)-S/e; clases 1-4,9",2021,2026,52,,,,,,,"clases={""1"": 33, ""2"": 14, ""3"": 3, ""4"": 0, ""9"": 2}"
A4_prov_2021-2025,A4_prov_2021-2025_mediana_c677_m0.15_r1.5_e0.8_s0_u0.0,"brecha=P-c(1+m)-S/e; clases 1-4,9",2021,2026,52,,,,,,,"clases={""1"": 45, ""2"": 2, ""3"": 3, ""4"": 0, ""9"": 2}"
A4_prov_2021-2025,A4_prov_2021-2025_mediana_c677_m0.15_r1.5_e0.8_s0_u0.1,"brecha=P-c(1+m)-S/e; clases 1-4,9",2021,2026,52,,,,,,,"clases={""1"": 42, ""2"": 5, ""3"": 3, ""4"": 0, ""9"": 2}"
A4_prov_2021-2025,A4_prov_2021-2025_mediana_c677_m0.15_r1.5_e0.8_s0_u0.25,"brecha=P-c(1+m)-S/e; clases 1-4,9",2021,2026,52,,,,,,,"clases={""1"": 40, ""2"": 7, ""3"": 3, ""4"": 0, ""9"": 2}"
A4_prov_2021-2025,A4_prov_2021-2025_mediana_c677_m0.15_r1.5_e0.8_s1_u0.0,"brecha=P-c(1+m)-S/e; clases 1-4,9",2021,2026,52,,,,,,,"clases={""1"": 43, ""2"": 2, ""3"": 5, ""4"": 0, ""9"": 2}"
A4_prov_2021-2025,A4_prov_2021-2025_mediana_c677_m0.15_r1.5_e0.8_s1_u0.1,"brecha=P-c(1+m)-S/e; clases 1-4,9",2021,2026,52,,,,,,,"clases={""1"": 40, ""2"": 5, ""3"": 5, ""4"": 0, ""9"": 2}"
A4_prov_2021-2025,A4_prov_2021-2025_mediana_c677_m0.15_r1.5_e0.8_s1_u0.25,"brecha=P-c(1+m)-S/e; clases 1-4,9",2021,2026,52,,,,,,,"clases={""1"": 39, ""2"": 6, ""3"": 5, ""4"": 0, ""9"": 2}"
A4_prov_2021-2025,A4_prov_2021-2025_mediana_c677_m0.15_r1.5_e1.2_s0_u0.0,"brecha=P-c(1+m)-S/e; clases 1-4,9",2021,2026,52,,,,,,,"clases={""1"": 44, ""2"": 4, ""3"": 2, ""4"": 0, ""9"": 2}"
A4_prov_2021-2025,A4_prov_2021-2025_mediana_c677_m0.15_r1.5_e1.2_s0_u0.1,"brecha=P-c(1+m)-S/e; clases 1-4,9",2021,2026,52,,,,,,,"clases={""1"": 41, ""2"": 7, ""3"": 2, ""4"": 0, ""9"": 2}"
A4_prov_2021-2025,A4_prov_2021-2025_mediana_c677_m0.15_r1.5_e1.2_s0_u0.25,"brecha=P-c(1+m)-S/e; clases 1-4,9",2021,2026,52,,,,,,,"clases={""1"": 37, ""2"": 11, ""3"": 2, ""4"": 0, ""9"": 2}"
A4_prov_2021-2025,A4_prov_2021-2025_mediana_c677_m0.15_r1.5_e1.2_s1_u0.0,"brecha=P-c(1+m)-S/e; clases 1-4,9",2021,2026,52,,,,,,,"clases={""1"": 43, ""2"": 3, ""3"": 4, ""4"": 0, ""9"": 2}"
A4_prov_2021-2025,A4_prov_2021-2025_mediana_c677_m0.15_r1.5_e1.2_s1_u0.1,"brecha=P-c(1+m)-S/e; clases 1-4,9",2021,2026,52,,,,,,,"clases={""1"": 40, ""2"": 6, ""3"": 4, ""4"": 0, ""9"": 2}"
A4_prov_2021-2025,A4_prov_2021-2025_mediana_c677_m0.15_r1.5_e1.2_s1_u0.25,"brecha=P-c(1+m)-S/e; clases 1-4,9",2021,2026,52,,,,,,,"clases={""1"": 38, ""2"": 8, ""3"": 4, ""4"": 0, ""9"": 2}"
A4_prov_2021-2025,A4_prov_2021-2025_mediana_c677_m0.15_r1.5_e1.6_s0_u0.0,"brecha=P-c(1+m)-S/e; clases 1-4,9",2021,2026,52,,,,,,,"clases={""1"": 45, ""2"": 4, ""3"": 1, ""4"": 0, ""9"": 2}"
A4_prov_2021-2025,A4_prov_2021-2025_mediana_c677_m0.15_r1.5_e1.6_s0_u0.1,"brecha=P-c(1+m)-S/e; clases 1-4,9",2021,2026,52,,,,,,,"clases={""1"": 42, ""2"": 7, ""3"": 1, ""4"": 0, ""9"": 2}"
A4_prov_2021-2025,A4_prov_2021-2025_mediana_c677_m0.15_r1.5_e1.6_s0_u0.25,"brecha=P-c(1+m)-S/e; clases 1-4,9",2021,2026,52,,,,,,,"clases={""1"": 38, ""2"": 11, ""3"": 1, ""4"": 0, ""9"": 2}"
A4_prov_2021-2025,A4_prov_2021-2025_mediana_c677_m0.15_r1.5_e1.6_s1_u0.0,"brecha=P-c(1+m)-S/e; clases 1-4,9",2021,2026,52,,,,,,,"clases={""1"": 44, ""2"": 3, ""3"": 3, ""4"": 0, ""9"": 2}"
A4_prov_2021-2025,A4_prov_2021-2025_mediana_c677_m0.15_r1.5_e1.6_s1_u0.1,"brecha=P-c(1+m)-S/e; clases 1-4,9",2021,2026,52,,,,,,,"clases={""1"": 41, ""2"": 6, ""3"": 3, ""4"": 0, ""9"": 2}"
A4_prov_2021-2025,A4_prov_2021-2025_mediana_c677_m0.15_r1.5_e1.6_s1_u0.25,"brecha=P-c(1+m)-S/e; clases 1-4,9",2021,2026,52,,,,,,,"clases={""1"": 38, ""2"": 9, ""3"": 3, ""4"": 0, ""9"": 2}"
A4_prov_2021-2025,A4_prov_2021-2025_mediana_c677_m0.2_r1.25_e0.8_s0_u0.0,"brecha=P-c(1+m)-S/e; clases 1-4,9",2021,2026,52,,,,,,,"clases={""1"": 41, ""2"": 5, ""3"": 4, ""4"": 0, ""9"": 2}"
A4_prov_2021-2025,A4_prov_2021-2025_mediana_c677_m0.2_r1.25_e0.8_s0_u0.1,"brecha=P-c(1+m)-S/e; clases 1-4,9",2021,2026,52,,,,,,,"clases={""1"": 38, ""2"": 8, ""3"": 4, ""4"": 0, ""9"": 2}"
A4_prov_2021-2025,A4_prov_2021-2025_mediana_c677_m0.2_r1.25_e0.8_s0_u0.25,"brecha=P-c(1+m)-S/e; clases 1-4,9",2021,2026,52,,,,,,,"clases={""1"": 34, ""2"": 12, ""3"": 4, ""4"": 0, ""9"": 2}"
A4_prov_2021-2025,A4_prov_2021-2025_mediana_c677_m0.2_r1.25_e0.8_s1_u0.0,"brecha=P-c(1+m)-S/e; clases 1-4,9",2021,2026,52,,,,,,,"clases={""1"": 38, ""2"": 5, ""3"": 7, ""4"": 0, ""9"": 2}"
A4_prov_2021-2025,A4_prov_2021-2025_mediana_c677_m0.2_r1.25_e0.8_s1_u0.1,"brecha=P-c(1+m)-S/e; clases 1-4,9",2021,2026,52,,,,,,,"clases={""1"": 35, ""2"": 8, ""3"": 7, ""4"": 0, ""9"": 2}"
A4_prov_2021-2025,A4_prov_2021-2025_mediana_c677_m0.2_r1.25_e0.8_s1_u0.25,"brecha=P-c(1+m)-S/e; clases 1-4,9",2021,2026,52,,,,,,,"clases={""1"": 32, ""2"": 11, ""3"": 7, ""4"": 0, ""9"": 2}"
A4_prov_2021-2025,A4_prov_2021-2025_mediana_c677_m0.2_r1.25_e1.2_s0_u0.0,"brecha=P-c(1+m)-S/e; clases 1-4,9",2021,2026,52,,,,,,,"clases={""1"": 42, ""2"": 6, ""3"": 2, ""4"": 0, ""9"": 2}"
A4_prov_2021-2025,A4_prov_2021-2025_mediana_c677_m0.2_r1.25_e1.2_s0_u0.1,"brecha=P-c(1+m)-S/e; clases 1-4,9",2021,2026,52,,,,,,,"clases={""1"": 37, ""2"": 11, ""3"": 2, ""4"": 0, ""9"": 2}"
A4_prov_2021-2025,A4_prov_2021-2025_mediana_c677_m0.2_r1.25_e1.2_s0_u0.25,"brecha=P-c(1+m)-S/e; clases 1-4,9",2021,2026,52,,,,,,,"clases={""1"": 33, ""2"": 15, ""3"": 2, ""4"": 0, ""9"": 2}"
A4_prov_2021-2025,A4_prov_2021-2025_mediana_c677_m0.2_r1.25_e1.2_s1_u0.0,"brecha=P-c(1+m)-S/e; clases 1-4,9",2021,2026,52,,,,,,,"clases={""1"": 41, ""2"": 5, ""3"": 4, ""4"": 0, ""9"": 2}"
A4_prov_2021-2025,A4_prov_2021-2025_mediana_c677_m0.2_r1.25_e1.2_s1_u0.1,"brecha=P-c(1+m)-S/e; clases 1-4,9",2021,2026,52,,,,,,,"clases={""1"": 36, ""2"": 10, ""3"": 4, ""4"": 0, ""9"": 2}"
A4_prov_2021-2025,A4_prov_2021-2025_mediana_c677_m0.2_r1.25_e1.2_s1_u0.25,"brecha=P-c(1+m)-S/e; clases 1-4,9",2021,2026,52,,,,,,,"clases={""1"": 32, ""2"": 14, ""3"": 4, ""4"": 0, ""9"": 2}"
A4_prov_2021-2025,A4_prov_2021-2025_mediana_c677_m0.2_r1.25_e1.6_s0_u0.0,"brecha=P-c(1+m)-S/e; clases 1-4,9",2021,2026,52,,,,,,,"clases={""1"": 42, ""2"": 6, ""3"": 2, ""4"": 0, ""9"": 2}"
A4_prov_2021-2025,A4_prov_2021-2025_mediana_c677_m0.2_r1.25_e1.6_s0_u0.1,"brecha=P-c(1+m)-S/e; clases 1-4,9",2021,2026,52,,,,,,,"clases={""1"": 37, ""2"": 11, ""3"": 2, ""4"": 0, ""9"": 2}"
A4_prov_2021-2025,A4_prov_2021-2025_mediana_c677_m0.2_r1.25_e1.6_s0_u0.25,"brecha=P-c(1+m)-S/e; clases 1-4,9",2021,2026,52,,,,,,,"clases={""1"": 33, ""2"": 15, ""3"": 2, ""4"": 0, ""9"": 2}"
A4_prov_2021-2025,A4_prov_2021-2025_mediana_c677_m0.2_r1.25_e1.6_s1_u0.0,"brecha=P-c(1+m)-S/e; clases 1-4,9",2021,2026,52,,,,,,,"clases={""1"": 42, ""2"": 5, ""3"": 3, ""4"": 0, ""9"": 2}"
A4_prov_2021-2025,A4_prov_2021-2025_mediana_c677_m0.2_r1.25_e1.6_s1_u0.1,"brecha=P-c(1+m)-S/e; clases 1-4,9",2021,2026,52,,,,,,,"clases={""1"": 37, ""2"": 10, ""3"": 3, ""4"": 0, ""9"": 2}"
A4_prov_2021-2025,A4_prov_2021-2025_mediana_c677_m0.2_r1.25_e1.6_s1_u0.25,"brecha=P-c(1+m)-S/e; clases 1-4,9",2021,2026,52,,,,,,,"clases={""1"": 33, ""2"": 14, ""3"": 3, ""4"": 0, ""9"": 2}"
A4_prov_2021-2025,A4_prov_2021-2025_mediana_c677_m0.2_r1.5_e0.8_s0_u0.0,"brecha=P-c(1+m)-S/e; clases 1-4,9",2021,2026,52,,,,,,,"clases={""1"": 44, ""2"": 2, ""3"": 4, ""4"": 0, ""9"": 2}"
A4_prov_2021-2025,A4_prov_2021-2025_mediana_c677_m0.2_r1.5_e0.8_s0_u0.1,"brecha=P-c(1+m)-S/e; clases 1-4,9",2021,2026,52,,,,,,,"clases={""1"": 41, ""2"": 5, ""3"": 4, ""4"": 0, ""9"": 2}"
A4_prov_2021-2025,A4_prov_2021-2025_mediana_c677_m0.2_r1.5_e0.8_s0_u0.25,"brecha=P-c(1+m)-S/e; clases 1-4,9",2021,2026,52,,,,,,,"clases={""1"": 39, ""2"": 7, ""3"": 4, ""4"": 0, ""9"": 2}"
A4_prov_2021-2025,A4_prov_2021-2025_mediana_c677_m0.2_r1.5_e0.8_s1_u0.0,"brecha=P-c(1+m)-S/e; clases 1-4,9",2021,2026,52,,,,,,,"clases={""1"": 41, ""2"": 2, ""3"": 7, ""4"": 0, ""9"": 2}"
A4_prov_2021-2025,A4_prov_2021-2025_mediana_c677_m0.2_r1.5_e0.8_s1_u0.1,"brecha=P-c(1+m)-S/e; clases 1-4,9",2021,2026,52,,,,,,,"clases={""1"": 38, ""2"": 5, ""3"": 7, ""4"": 0, ""9"": 2}"
A4_prov_2021-2025,A4_prov_2021-2025_mediana_c677_m0.2_r1.5_e0.8_s1_u0.25,"brecha=P-c(1+m)-S/e; clases 1-4,9",2021,2026,52,,,,,,,"clases={""1"": 37, ""2"": 6, ""3"": 7, ""4"": 0, ""9"": 2}"
A4_prov_2021-2025,A4_prov_2021-2025_mediana_c677_m0.2_r1.5_e1.2_s0_u0.0,"brecha=P-c(1+m)-S/e; clases 1-4,9",2021,2026,52,,,,,,,"clases={""1"": 44, ""2"": 4, ""3"": 2, ""4"": 0, ""9"": 2}"
A4_prov_2021-2025,A4_prov_2021-2025_mediana_c677_m0.2_r1.5_e1.2_s0_u0.1,"brecha=P-c(1+m)-S/e; clases 1-4,9",2021,2026,52,,,,,,,"clases={""1"": 41, ""2"": 7, ""3"": 2, ""4"": 0, ""9"": 2}"
A4_prov_2021-2025,A4_prov_2021-2025_mediana_c677_m0.2_r1.5_e1.2_s0_u0.25,"brecha=P-c(1+m)-S/e; clases 1-4,9",2021,2026,52,,,,,,,"clases={""1"": 37, ""2"": 11, ""3"": 2, ""4"": 0, ""9"": 2}"
A4_prov_2021-2025,A4_prov_2021-2025_mediana_c677_m0.2_r1.5_e1.2_s1_u0.0,"brecha=P-c(1+m)-S/e; clases 1-4,9",2021,2026,52,,,,,,,"clases={""1"": 43, ""2"": 3, ""3"": 4, ""4"": 0, ""9"": 2}"
A4_prov_2021-2025,A4_prov_2021-2025_mediana_c677_m0.2_r1.5_e1.2_s1_u0.1,"brecha=P-c(1+m)-S/e; clases 1-4,9",2021,2026,52,,,,,,,"clases={""1"": 40, ""2"": 6, ""3"": 4, ""4"": 0, ""9"": 2}"
A4_prov_2021-2025,A4_prov_2021-2025_mediana_c677_m0.2_r1.5_e1.2_s1_u0.25,"brecha=P-c(1+m)-S/e; clases 1-4,9",2021,2026,52,,,,,,,"clases={""1"": 38, ""2"": 8, ""3"": 4, ""4"": 0, ""9"": 2}"
A4_prov_2021-2025,A4_prov_2021-2025_mediana_c677_m0.2_r1.5_e1.6_s0_u0.0,"brecha=P-c(1+m)-S/e; clases 1-4,9",2021,2026,52,,,,,,,"clases={""1"": 44, ""2"": 4, ""3"": 2, ""4"": 0, ""9"": 2}"
A4_prov_2021-2025,A4_prov_2021-2025_mediana_c677_m0.2_r1.5_e1.6_s0_u0.1,"brecha=P-c(1+m)-S/e; clases 1-4,9",2021,2026,52,,,,,,,"clases={""1"": 41, ""2"": 7, ""3"": 2, ""4"": 0, ""9"": 2}"
A4_prov_2021-2025,A4_prov_2021-2025_mediana_c677_m0.2_r1.5_e1.6_s0_u0.25,"brecha=P-c(1+m)-S/e; clases 1-4,9",2021,2026,52,,,,,,,"clases={""1"": 37, ""2"": 11, ""3"": 2, ""4"": 0, ""9"": 2}"
A4_prov_2021-2025,A4_prov_2021-2025_mediana_c677_m0.2_r1.5_e1.6_s1_u0.0,"brecha=P-c(1+m)-S/e; clases 1-4,9",2021,2026,52,,,,,,,"clases={""1"": 44, ""2"": 3, ""3"": 3, ""4"": 0, ""9"": 2}"
A4_prov_2021-2025,A4_prov_2021-2025_mediana_c677_m0.2_r1.5_e1.6_s1_u0.1,"brecha=P-c(1+m)-S/e; clases 1-4,9",2021,2026,52,,,,,,,"clases={""1"": 41, ""2"": 6, ""3"": 3, ""4"": 0, ""9"": 2}"
A4_prov_2021-2025,A4_prov_2021-2025_mediana_c677_m0.2_r1.5_e1.6_s1_u0.25,"brecha=P-c(1+m)-S/e; clases 1-4,9",2021,2026,52,,,,,,,"clases={""1"": 38, ""2"": 9, ""3"": 3, ""4"": 0, ""9"": 2}"
A4_prov_2021-2025,A4_prov_2021-2025_mediana_c677_m0.25_r1.25_e0.8_s0_u0.0,"brecha=P-c(1+m)-S/e; clases 1-4,9",2021,2026,52,,,,,,,"clases={""1"": 40, ""2"": 5, ""3"": 5, ""4"": 0, ""9"": 2}"
A4_prov_2021-2025,A4_prov_2021-2025_mediana_c677_m0.25_r1.25_e0.8_s0_u0.1,"brecha=P-c(1+m)-S/e; clases 1-4,9",2021,2026,52,,,,,,,"clases={""1"": 37, ""2"": 8, ""3"": 5, ""4"": 0, ""9"": 2}"
A4_prov_2021-2025,A4_prov_2021-2025_mediana_c677_m0.25_r1.25_e0.8_s0_u0.25,"brecha=P-c(1+m)-S/e; clases 1-4,9",2021,2026,52,,,,,,,"clases={""1"": 33, ""2"": 12, ""3"": 5, ""4"": 0, ""9"": 2}"
A4_prov_2021-2025,A4_prov_2021-2025_mediana_c677_m0.25_r1.25_e0.8_s1_u0.0,"brecha=P-c(1+m)-S/e; clases 1-4,9",2021,2026,52,,,,,,,"clases={""1"": 38, ""2"": 5, ""3"": 7, ""4"": 0, ""9"": 2}"
A4_prov_2021-2025,A4_prov_2021-2025_mediana_c677_m0.25_r1.25_e0.8_s1_u0.1,"brecha=P-c(1+m)-S/e; clases 1-4,9",2021,2026,52,,,,,,,"clases={""1"": 35, ""2"": 8, ""3"": 7, ""4"": 0, ""9"": 2}"
A4_prov_2021-2025,A4_prov_2021-2025_mediana_c677_m0.25_r1.25_e0.8_s1_u0.25,"brecha=P-c(1+m)-S/e; clases 1-4,9",2021,2026,52,,,,,,,"clases={""1"": 32, ""2"": 11, ""3"": 7, ""4"": 0, ""9"": 2}"
A4_prov_2021-2025,A4_prov_2021-2025_mediana_c677_m0.25_r1.25_e1.2_s0_u0.0,"brecha=P-c(1+m)-S/e; clases 1-4,9",2021,2026,52,,,,,,,"clases={""1"": 40, ""2"": 6, ""3"": 4, ""4"": 0, ""9"": 2}"
A4_prov_2021-2025,A4_prov_2021-2025_mediana_c677_m0.25_r1.25_e1.2_s0_u0.1,"brecha=P-c(1+m)-S/e; clases 1-4,9",2021,2026,52,,,,,,,"clases={""1"": 35, ""2"": 11, ""3"": 4, ""4"": 0, ""9"": 2}"
A4_prov_2021-2025,A4_prov_2021-2025_mediana_c677_m0.25_r1.25_e1.2_s0_u0.25,"brecha=P-c(1+m)-S/e; clases 1-4,9",2021,2026,52,,,,,,,"clases={""1"": 31, ""2"": 15, ""3"": 4, ""4"": 0, ""9"": 2}"
A4_prov_2021-2025,A4_prov_2021-2025_mediana_c677_m0.25_r1.25_e1.2_s1_u0.0,"brecha=P-c(1+m)-S/e; clases 1-4,9",2021,2026,52,,,,,,,"clases={""1"": 39, ""2"": 5, ""3"": 6, ""4"": 0, ""9"": 2}"
A4_prov_2021-2025,A4_prov_2021-2025_mediana_c677_m0.25_r1.25_e1.2_s1_u0.1,"brecha=P-c(1+m)-S/e; clases 1-4,9",2021,2026,52,,,,,,,"clases={""1"": 34, ""2"": 10, ""3"": 6, ""4"": 0, ""9"": 2}"
A4_prov_2021-2025,A4_prov_2021-2025_mediana_c677_m0.25_r1.25_e1.2_s1_u0.25,"brecha=P-c(1+m)-S/e; clases 1-4,9",2021,2026,52,,,,,,,"clases={""1"": 30, ""2"": 14, ""3"": 6, ""4"": 0, ""9"": 2}"
A4_prov_2021-2025,A4_prov_2021-2025_mediana_c677_m0.25_r1.25_e1.6_s0_u0.0,"brecha=P-c(1+m)-S/e; clases 1-4,9",2021,2026,52,,,,,,,"clases={""1"": 42, ""2"": 6, ""3"": 2, ""4"": 0, ""9"": 2}"
A4_prov_2021-2025,A4_prov_2021-2025_mediana_c677_m0.25_r1.25_e1.6_s0_u0.1,"brecha=P-c(1+m)-S/e; clases 1-4,9",2021,2026,52,,,,,,,"clases={""1"": 37, ""2"": 11, ""3"": 2, ""4"": 0, ""9"": 2}"
A4_prov_2021-2025,A4_prov_2021-2025_mediana_c677_m0.25_r1.25_e1.6_s0_u0.25,"brecha=P-c(1+m)-S/e; clases 1-4,9",2021,2026,52,,,,,,,"clases={""1"": 33, ""2"": 15, ""3"": 2, ""4"": 0, ""9"": 2}"
A4_prov_2021-2025,A4_prov_2021-2025_mediana_c677_m0.25_r1.25_e1.6_s1_u0.0,"brecha=P-c(1+m)-S/e; clases 1-4,9",2021,2026,52,,,,,,,"clases={""1"": 41, ""2"": 5, ""3"": 4, ""4"": 0, ""9"": 2}"
A4_prov_2021-2025,A4_prov_2021-2025_mediana_c677_m0.25_r1.25_e1.6_s1_u0.1,"brecha=P-c(1+m)-S/e; clases 1-4,9",2021,2026,52,,,,,,,"clases={""1"": 36, ""2"": 10, ""3"": 4, ""4"": 0, ""9"": 2}"
A4_prov_2021-2025,A4_prov_2021-2025_mediana_c677_m0.25_r1.25_e1.6_s1_u0.25,"brecha=P-c(1+m)-S/e; clases 1-4,9",2021,2026,52,,,,,,,"clases={""1"": 32, ""2"": 14, ""3"": 4, ""4"": 0, ""9"": 2}"
A4_prov_2021-2025,A4_prov_2021-2025_mediana_c677_m0.25_r1.5_e0.8_s0_u0.0,"brecha=P-c(1+m)-S/e; clases 1-4,9",2021,2026,52,,,,,,,"clases={""1"": 43, ""2"": 2, ""3"": 5, ""4"": 0, ""9"": 2}"
A4_prov_2021-2025,A4_prov_2021-2025_mediana_c677_m0.25_r1.5_e0.8_s0_u0.1,"brecha=P-c(1+m)-S/e; clases 1-4,9",2021,2026,52,,,,,,,"clases={""1"": 40, ""2"": 5, ""3"": 5, ""4"": 0, ""9"": 2}"
A4_prov_2021-2025,A4_prov_2021-2025_mediana_c677_m0.25_r1.5_e0.8_s0_u0.25,"brecha=P-c(1+m)-S/e; clases 1-4,9",2021,2026,52,,,,,,,"clases={""1"": 38, ""2"": 7, ""3"": 5, ""4"": 0, ""9"": 2}"
A4_prov_2021-2025,A4_prov_2021-2025_mediana_c677_m0.25_r1.5_e0.8_s1_u0.0,"brecha=P-c(1+m)-S/e; clases 1-4,9",2021,2026,52,,,,,,,"clases={""1"": 41, ""2"": 2, ""3"": 7, ""4"": 0, ""9"": 2}"
A4_prov_2021-2025,A4_prov_2021-2025_mediana_c677_m0.25_r1.5_e0.8_s1_u0.1,"brecha=P-c(1+m)-S/e; clases 1-4,9",2021,2026,52,,,,,,,"clases={""1"": 38, ""2"": 5, ""3"": 7, ""4"": 0, ""9"": 2}"
A4_prov_2021-2025,A4_prov_2021-2025_mediana_c677_m0.25_r1.5_e0.8_s1_u0.25,"brecha=P-c(1+m)-S/e; clases 1-4,9",2021,2026,52,,,,,,,"clases={""1"": 37, ""2"": 6, ""3"": 7, ""4"": 0, ""9"": 2}"
A4_prov_2021-2025,A4_prov_2021-2025_mediana_c677_m0.25_r1.5_e1.2_s0_u0.0,"brecha=P-c(1+m)-S/e; clases 1-4,9",2021,2026,52,,,,,,,"clases={""1"": 42, ""2"": 4, ""3"": 4, ""4"": 0, ""9"": 2}"
A4_prov_2021-2025,A4_prov_2021-2025_mediana_c677_m0.25_r1.5_e1.2_s0_u0.1,"brecha=P-c(1+m)-S/e; clases 1-4,9",2021,2026,52,,,,,,,"clases={""1"": 39, ""2"": 7, ""3"": 4, ""4"": 0, ""9"": 2}"
A4_prov_2021-2025,A4_prov_2021-2025_mediana_c677_m0.25_r1.5_e1.2_s0_u0.25,"brecha=P-c(1+m)-S/e; clases 1-4,9",2021,2026,52,,,,,,,"clases={""1"": 35, ""2"": 11, ""3"": 4, ""4"": 0, ""9"": 2}"
A4_prov_2021-2025,A4_prov_2021-2025_mediana_c677_m0.25_r1.5_e1.2_s1_u0.0,"brecha=P-c(1+m)-S/e; clases 1-4,9",2021,2026,52,,,,,,,"clases={""1"": 41, ""2"": 3, ""3"": 6, ""4"": 0, ""9"": 2}"
A4_prov_2021-2025,A4_prov_2021-2025_mediana_c677_m0.25_r1.5_e1.2_s1_u0.1,"brecha=P-c(1+m)-S/e; clases 1-4,9",2021,2026,52,,,,,,,"clases={""1"": 38, ""2"": 6, ""3"": 6, ""4"": 0, ""9"": 2}"
A4_prov_2021-2025,A4_prov_2021-2025_mediana_c677_m0.25_r1.5_e1.2_s1_u0.25,"brecha=P-c(1+m)-S/e; clases 1-4,9",2021,2026,52,,,,,,,"clases={""1"": 36, ""2"": 8, ""3"": 6, ""4"": 0, ""9"": 2}"
A4_prov_2021-2025,A4_prov_2021-2025_mediana_c677_m0.25_r1.5_e1.6_s0_u0.0,"brecha=P-c(1+m)-S/e; clases 1-4,9",2021,2026,52,,,,,,,"clases={""1"": 44, ""2"": 4, ""3"": 2, ""4"": 0, ""9"": 2}"
A4_prov_2021-2025,A4_prov_2021-2025_mediana_c677_m0.25_r1.5_e1.6_s0_u0.1,"brecha=P-c(1+m)-S/e; clases 1-4,9",2021,2026,52,,,,,,,"clases={""1"": 41, ""2"": 7, ""3"": 2, ""4"": 0, ""9"": 2}"
A4_prov_2021-2025,A4_prov_2021-2025_mediana_c677_m0.25_r1.5_e1.6_s0_u0.25,"brecha=P-c(1+m)-S/e; clases 1-4,9",2021,2026,52,,,,,,,"clases={""1"": 37, ""2"": 11, ""3"": 2, ""4"": 0, ""9"": 2}"
A4_prov_2021-2025,A4_prov_2021-2025_mediana_c677_m0.25_r1.5_e1.6_s1_u0.0,"brecha=P-c(1+m)-S/e; clases 1-4,9",2021,2026,52,,,,,,,"clases={""1"": 43, ""2"": 3, ""3"": 4, ""4"": 0, ""9"": 2}"
A4_prov_2021-2025,A4_prov_2021-2025_mediana_c677_m0.25_r1.5_e1.6_s1_u0.1,"brecha=P-c(1+m)-S/e; clases 1-4,9",2021,2026,52,,,,,,,"clases={""1"": 40, ""2"": 6, ""3"": 4, ""4"": 0, ""9"": 2}"
A4_prov_2021-2025,A4_prov_2021-2025_mediana_c677_m0.25_r1.5_e1.6_s1_u0.25,"brecha=P-c(1+m)-S/e; clases 1-4,9",2021,2026,52,,,,,,,"clases={""1"": 37, ""2"": 9, ""3"": 4, ""4"": 0, ""9"": 2}"
A4_prov_2021-2025,A4_prov_2021-2025_mediana_c805_m0.15_r1.25_e0.8_s0_u0.0,"brecha=P-c(1+m)-S/e; clases 1-4,9",2021,2026,52,,,,,,,"clases={""1"": 40, ""2"": 3, ""3"": 7, ""4"": 0, ""9"": 2}"
A4_prov_2021-2025,A4_prov_2021-2025_mediana_c805_m0.15_r1.25_e0.8_s0_u0.1,"brecha=P-c(1+m)-S/e; clases 1-4,9",2021,2026,52,,,,,,,"clases={""1"": 37, ""2"": 6, ""3"": 7, ""4"": 0, ""9"": 2}"
A4_prov_2021-2025,A4_prov_2021-2025_mediana_c805_m0.15_r1.25_e0.8_s0_u0.25,"brecha=P-c(1+m)-S/e; clases 1-4,9",2021,2026,52,,,,,,,"clases={""1"": 35, ""2"": 8, ""3"": 7, ""4"": 0, ""9"": 2}"
A4_prov_2021-2025,A4_prov_2021-2025_mediana_c805_m0.15_r1.25_e0.8_s1_u0.0,"brecha=P-c(1+m)-S/e; clases 1-4,9",2021,2026,52,,,,,,,"clases={""1"": 36, ""2"": 3, ""3"": 11, ""4"": 0, ""9"": 2}"
A4_prov_2021-2025,A4_prov_2021-2025_mediana_c805_m0.15_r1.25_e0.8_s1_u0.1,"brecha=P-c(1+m)-S/e; clases 1-4,9",2021,2026,52,,,,,,,"clases={""1"": 33, ""2"": 6, ""3"": 11, ""4"": 0, ""9"": 2}"
A4_prov_2021-2025,A4_prov_2021-2025_mediana_c805_m0.15_r1.25_e0.8_s1_u0.25,"brecha=P-c(1+m)-S/e; clases 1-4,9",2021,2026,52,,,,,,,"clases={""1"": 31, ""2"": 8, ""3"": 11, ""4"": 0, ""9"": 2}"
A4_prov_2021-2025,A4_prov_2021-2025_mediana_c805_m0.15_r1.25_e1.2_s0_u0.0,"brecha=P-c(1+m)-S/e; clases 1-4,9",2021,2026,52,,,,,,,"clases={""1"": 38, ""2"": 5, ""3"": 7, ""4"": 0, ""9"": 2}"
A4_prov_2021-2025,A4_prov_2021-2025_mediana_c805_m0.15_r1.25_e1.2_s0_u0.1,"brecha=P-c(1+m)-S/e; clases 1-4,9",2021,2026,52,,,,,,,"clases={""1"": 35, ""2"": 8, ""3"": 7, ""4"": 0, ""9"": 2}"
A4_prov_2021-2025,A4_prov_2021-2025_mediana_c805_m0.15_r1.25_e1.2_s0_u0.25,"brecha=P-c(1+m)-S/e; clases 1-4,9",2021,2026,52,,,,,,,"clases={""1"": 31, ""2"": 12, ""3"": 7, ""4"": 0, ""9"": 2}"
A4_prov_2021-2025,A4_prov_2021-2025_mediana_c805_m0.15_r1.25_e1.2_s1_u0.0,"brecha=P-c(1+m)-S/e; clases 1-4,9",2021,2026,52,,,,,,,"clases={""1"": 37, ""2"": 4, ""3"": 9, ""4"": 0, ""9"": 2}"
A4_prov_2021-2025,A4_prov_2021-2025_mediana_c805_m0.15_r1.25_e1.2_s1_u0.1,"brecha=P-c(1+m)-S/e; clases 1-4,9",2021,2026,52,,,,,,,"clases={""1"": 34, ""2"": 7, ""3"": 9, ""4"": 0, ""9"": 2}"
A4_prov_2021-2025,A4_prov_2021-2025_mediana_c805_m0.15_r1.25_e1.2_s1_u0.25,"brecha=P-c(1+m)-S/e; clases 1-4,9",2021,2026,52,,,,,,,"clases={""1"": 31, ""2"": 10, ""3"": 9, ""4"": 0, ""9"": 2}"
A4_prov_2021-2025,A4_prov_2021-2025_mediana_c805_m0.15_r1.25_e1.6_s0_u0.0,"brecha=P-c(1+m)-S/e; clases 1-4,9",2021,2026,52,,,,,,,"clases={""1"": 39, ""2"": 5, ""3"": 6, ""4"": 0, ""9"": 2}"
A4_prov_2021-2025,A4_prov_2021-2025_mediana_c805_m0.15_r1.25_e1.6_s0_u0.1,"brecha=P-c(1+m)-S/e; clases 1-4,9",2021,2026,52,,,,,,,"clases={""1"": 36, ""2"": 8, ""3"": 6, ""4"": 0, ""9"": 2}"
A4_prov_2021-2025,A4_prov_2021-2025_mediana_c805_m0.15_r1.25_e1.6_s0_u0.25,"brecha=P-c(1+m)-S/e; clases 1-4,9",2021,2026,52,,,,,,,"clases={""1"": 32, ""2"": 12, ""3"": 6, ""4"": 0, ""9"": 2}"
A4_prov_2021-2025,A4_prov_2021-2025_mediana_c805_m0.15_r1.25_e1.6_s1_u0.0,"brecha=P-c(1+m)-S/e; clases 1-4,9",2021,2026,52,,,,,,,"clases={""1"": 37, ""2"": 5, ""3"": 8, ""4"": 0, ""9"": 2}"
A4_prov_2021-2025,A4_prov_2021-2025_mediana_c805_m0.15_r1.25_e1.6_s1_u0.1,"brecha=P-c(1+m)-S/e; clases 1-4,9",2021,2026,52,,,,,,,"clases={""1"": 34, ""2"": 8, ""3"": 8, ""4"": 0, ""9"": 2}"
A4_prov_2021-2025,A4_prov_2021-2025_mediana_c805_m0.15_r1.25_e1.6_s1_u0.25,"brecha=P-c(1+m)-S/e; clases 1-4,9",2021,2026,52,,,,,,,"clases={""1"": 30, ""2"": 12, ""3"": 8, ""4"": 0, ""9"": 2}"
A4_prov_2021-2025,A4_prov_2021-2025_mediana_c805_m0.15_r1.5_e0.8_s0_u0.0,"brecha=P-c(1+m)-S/e; clases 1-4,9",2021,2026,52,,,,,,,"clases={""1"": 41, ""2"": 2, ""3"": 7, ""4"": 0, ""9"": 2}"
A4_prov_2021-2025,A4_prov_2021-2025_mediana_c805_m0.15_r1.5_e0.8_s0_u0.1,"brecha=P-c(1+m)-S/e; clases 1-4,9",2021,2026,52,,,,,,,"clases={""1"": 38, ""2"": 5, ""3"": 7, ""4"": 0, ""9"": 2}"
A4_prov_2021-2025,A4_prov_2021-2025_mediana_c805_m0.15_r1.5_e0.8_s0_u0.25,"brecha=P-c(1+m)-S/e; clases 1-4,9",2021,2026,52,,,,,,,"clases={""1"": 36, ""2"": 7, ""3"": 7, ""4"": 0, ""9"": 2}"
A4_prov_2021-2025,A4_prov_2021-2025_mediana_c805_m0.15_r1.5_e0.8_s1_u0.0,"brecha=P-c(1+m)-S/e; clases 1-4,9",2021,2026,52,,,,,,,"clases={""1"": 37, ""2"": 2, ""3"": 11, ""4"": 0, ""9"": 2}"
A4_prov_2021-2025,A4_prov_2021-2025_mediana_c805_m0.15_r1.5_e0.8_s1_u0.1,"brecha=P-c(1+m)-S/e; clases 1-4,9",2021,2026,52,,,,,,,"clases={""1"": 34, ""2"": 5, ""3"": 11, ""4"": 0, ""9"": 2}"
A4_prov_2021-2025,A4_prov_2021-2025_mediana_c805_m0.15_r1.5_e0.8_s1_u0.25,"brecha=P-c(1+m)-S/e; clases 1-4,9",2021,2026,52,,,,,,,"clases={""1"": 33, ""2"": 6, ""3"": 11, ""4"": 0, ""9"": 2}"
A4_prov_2021-2025,A4_prov_2021-2025_mediana_c805_m0.15_r1.5_e1.2_s0_u0.0,"brecha=P-c(1+m)-S/e; clases 1-4,9",2021,2026,52,,,,,,,"clases={""1"": 41, ""2"": 2, ""3"": 7, ""4"": 0, ""9"": 2}"
A4_prov_2021-2025,A4_prov_2021-2025_mediana_c805_m0.15_r1.5_e1.2_s0_u0.1,"brecha=P-c(1+m)-S/e; clases 1-4,9",2021,2026,52,,,,,,,"clases={""1"": 38, ""2"": 5, ""3"": 7, ""4"": 0, ""9"": 2}"
A4_prov_2021-2025,A4_prov_2021-2025_mediana_c805_m0.15_r1.5_e1.2_s0_u0.25,"brecha=P-c(1+m)-S/e; clases 1-4,9",2021,2026,52,,,,,,,"clases={""1"": 36, ""2"": 7, ""3"": 7, ""4"": 0, ""9"": 2}"
A4_prov_2021-2025,A4_prov_2021-2025_mediana_c805_m0.15_r1.5_e1.2_s1_u0.0,"brecha=P-c(1+m)-S/e; clases 1-4,9",2021,2026,52,,,,,,,"clases={""1"": 39, ""2"": 2, ""3"": 9, ""4"": 0, ""9"": 2}"
A4_prov_2021-2025,A4_prov_2021-2025_mediana_c805_m0.15_r1.5_e1.2_s1_u0.1,"brecha=P-c(1+m)-S/e; clases 1-4,9",2021,2026,52,,,,,,,"clases={""1"": 36, ""2"": 5, ""3"": 9, ""4"": 0, ""9"": 2}"
A4_prov_2021-2025,A4_prov_2021-2025_mediana_c805_m0.15_r1.5_e1.2_s1_u0.25,"brecha=P-c(1+m)-S/e; clases 1-4,9",2021,2026,52,,,,,,,"clases={""1"": 35, ""2"": 6, ""3"": 9, ""4"": 0, ""9"": 2}"
A4_prov_2021-2025,A4_prov_2021-2025_mediana_c805_m0.15_r1.5_e1.6_s0_u0.0,"brecha=P-c(1+m)-S/e; clases 1-4,9",2021,2026,52,,,,,,,"clases={""1"": 42, ""2"": 2, ""3"": 6, ""4"": 0, ""9"": 2}"
A4_prov_2021-2025,A4_prov_2021-2025_mediana_c805_m0.15_r1.5_e1.6_s0_u0.1,"brecha=P-c(1+m)-S/e; clases 1-4,9",2021,2026,52,,,,,,,"clases={""1"": 39, ""2"": 5, ""3"": 6, ""4"": 0, ""9"": 2}"
A4_prov_2021-2025,A4_prov_2021-2025_mediana_c805_m0.15_r1.5_e1.6_s0_u0.25,"brecha=P-c(1+m)-S/e; clases 1-4,9",2021,2026,52,,,,,,,"clases={""1"": 37, ""2"": 7, ""3"": 6, ""4"": 0, ""9"": 2}"
A4_prov_2021-2025,A4_prov_2021-2025_mediana_c805_m0.15_r1.5_e1.6_s1_u0.0,"brecha=P-c(1+m)-S/e; clases 1-4,9",2021,2026,52,,,,,,,"clases={""1"": 40, ""2"": 2, ""3"": 8, ""4"": 0, ""9"": 2}"
A4_prov_2021-2025,A4_prov_2021-2025_mediana_c805_m0.15_r1.5_e1.6_s1_u0.1,"brecha=P-c(1+m)-S/e; clases 1-4,9",2021,2026,52,,,,,,,"clases={""1"": 37, ""2"": 5, ""3"": 8, ""4"": 0, ""9"": 2}"
A4_prov_2021-2025,A4_prov_2021-2025_mediana_c805_m0.15_r1.5_e1.6_s1_u0.25,"brecha=P-c(1+m)-S/e; clases 1-4,9",2021,2026,52,,,,,,,"clases={""1"": 36, ""2"": 6, ""3"": 8, ""4"": 0, ""9"": 2}"
A4_prov_2021-2025,A4_prov_2021-2025_mediana_c805_m0.2_r1.25_e0.8_s0_u0.0,"brecha=P-c(1+m)-S/e; clases 1-4,9",2021,2026,52,,,,,,,"clases={""1"": 39, ""2"": 3, ""3"": 8, ""4"": 0, ""9"": 2}"
A4_prov_2021-2025,A4_prov_2021-2025_mediana_c805_m0.2_r1.25_e0.8_s0_u0.1,"brecha=P-c(1+m)-S/e; clases 1-4,9",2021,2026,52,,,,,,,"clases={""1"": 36, ""2"": 6, ""3"": 8, ""4"": 0, ""9"": 2}"
A4_prov_2021-2025,A4_prov_2021-2025_mediana_c805_m0.2_r1.25_e0.8_s0_u0.25,"brecha=P-c(1+m)-S/e; clases 1-4,9",2021,2026,52,,,,,,,"clases={""1"": 34, ""2"": 8, ""3"": 8, ""4"": 0, ""9"": 2}"
A4_prov_2021-2025,A4_prov_2021-2025_mediana_c805_m0.2_r1.25_e0.8_s1_u0.0,"brecha=P-c(1+m)-S/e; clases 1-4,9",2021,2026,52,,,,,,,"clases={""1"": 34, ""2"": 3, ""3"": 13, ""4"": 0, ""9"": 2}"
A4_prov_2021-2025,A4_prov_2021-2025_mediana_c805_m0.2_r1.25_e0.8_s1_u0.1,"brecha=P-c(1+m)-S/e; clases 1-4,9",2021,2026,52,,,,,,,"clases={""1"": 31, ""2"": 6, ""3"": 13, ""4"": 0, ""9"": 2}"
A4_prov_2021-2025,A4_prov_2021-2025_mediana_c805_m0.2_r1.25_e0.8_s1_u0.25,"brecha=P-c(1+m)-S/e; clases 1-4,9",2021,2026,52,,,,,,,"clases={""1"": 29, ""2"": 8, ""3"": 13, ""4"": 0, ""9"": 2}"
A4_prov_2021-2025,A4_prov_2021-2025_mediana_c805_m0.2_r1.25_e1.2_s0_u0.0,"brecha=P-c(1+m)-S/e; clases 1-4,9",2021,2026,52,,,,,,,"clases={""1"": 38, ""2"": 5, ""3"": 7, ""4"": 0, ""9"": 2}"
A4_prov_2021-2025,A4_prov_2021-2025_mediana_c805_m0.2_r1.25_e1.2_s0_u0.1,"brecha=P-c(1+m)-S/e; clases 1-4,9",2021,2026,52,,,,,,,"clases={""1"": 35, ""2"": 8, ""3"": 7, ""4"": 0, ""9"": 2}"
A4_prov_2021-2025,A4_prov_2021-2025_mediana_c805_m0.2_r1.25_e1.2_s0_u0.25,"brecha=P-c(1+m)-S/e; clases 1-4,9",2021,2026,52,,,,,,,"clases={""1"": 31, ""2"": 12, ""3"": 7, ""4"": 0, ""9"": 2}"
A4_prov_2021-2025,A4_prov_2021-2025_mediana_c805_m0.2_r1.25_e1.2_s1_u0.0,"brecha=P-c(1+m)-S/e; clases 1-4,9",2021,2026,52,,,,,,,"clases={""1"": 37, ""2"": 4, ""3"": 9, ""4"": 0, ""9"": 2}"
A4_prov_2021-2025,A4_prov_2021-2025_mediana_c805_m0.2_r1.25_e1.2_s1_u0.1,"brecha=P-c(1+m)-S/e; clases 1-4,9",2021,2026,52,,,,,,,"clases={""1"": 34, ""2"": 7, ""3"": 9, ""4"": 0, ""9"": 2}"
A4_prov_2021-2025,A4_prov_2021-2025_mediana_c805_m0.2_r1.25_e1.2_s1_u0.25,"brecha=P-c(1+m)-S/e; clases 1-4,9",2021,2026,52,,,,,,,"clases={""1"": 31, ""2"": 10, ""3"": 9, ""4"": 0, ""9"": 2}"
A4_prov_2021-2025,A4_prov_2021-2025_mediana_c805_m0.2_r1.25_e1.6_s0_u0.0,"brecha=P-c(1+m)-S/e; clases 1-4,9",2021,2026,52,,,,,,,"clases={""1"": 38, ""2"": 5, ""3"": 7, ""4"": 0, ""9"": 2}"
A4_prov_2021-2025,A4_prov_2021-2025_mediana_c805_m0.2_r1.25_e1.6_s0_u0.1,"brecha=P-c(1+m)-S/e; clases 1-4,9",2021,2026,52,,,,,,,"clases={""1"": 35, ""2"": 8, ""3"": 7, ""4"": 0, ""9"": 2}"
A4_prov_2021-2025,A4_prov_2021-2025_mediana_c805_m0.2_r1.25_e1.6_s0_u0.25,"brecha=P-c(1+m)-S/e; clases 1-4,9",2021,2026,52,,,,,,,"clases={""1"": 31, ""2"": 12, ""3"": 7, ""4"": 0, ""9"": 2}"
A4_prov_2021-2025,A4_prov_2021-2025_mediana_c805_m0.2_r1.25_e1.6_s1_u0.0,"brecha=P-c(1+m)-S/e; clases 1-4,9",2021,2026,52,,,,,,,"clases={""1"": 36, ""2"": 5, ""3"": 9, ""4"": 0, ""9"": 2}"
A4_prov_2021-2025,A4_prov_2021-2025_mediana_c805_m0.2_r1.25_e1.6_s1_u0.1,"brecha=P-c(1+m)-S/e; clases 1-4,9",2021,2026,52,,,,,,,"clases={""1"": 33, ""2"": 8, ""3"": 9, ""4"": 0, ""9"": 2}"
A4_prov_2021-2025,A4_prov_2021-2025_mediana_c805_m0.2_r1.25_e1.6_s1_u0.25,"brecha=P-c(1+m)-S/e; clases 1-4,9",2021,2026,52,,,,,,,"clases={""1"": 29, ""2"": 12, ""3"": 9, ""4"": 0, ""9"": 2}"
A4_prov_2021-2025,A4_prov_2021-2025_mediana_c805_m0.2_r1.5_e0.8_s0_u0.0,"brecha=P-c(1+m)-S/e; clases 1-4,9",2021,2026,52,,,,,,,"clases={""1"": 40, ""2"": 2, ""3"": 8, ""4"": 0, ""9"": 2}"
A4_prov_2021-2025,A4_prov_2021-2025_mediana_c805_m0.2_r1.5_e0.8_s0_u0.1,"brecha=P-c(1+m)-S/e; clases 1-4,9",2021,2026,52,,,,,,,"clases={""1"": 37, ""2"": 5, ""3"": 8, ""4"": 0, ""9"": 2}"
A4_prov_2021-2025,A4_prov_2021-2025_mediana_c805_m0.2_r1.5_e0.8_s0_u0.25,"brecha=P-c(1+m)-S/e; clases 1-4,9",2021,2026,52,,,,,,,"clases={""1"": 35, ""2"": 7, ""3"": 8, ""4"": 0, ""9"": 2}"
A4_prov_2021-2025,A4_prov_2021-2025_mediana_c805_m0.2_r1.5_e0.8_s1_u0.0,"brecha=P-c(1+m)-S/e; clases 1-4,9",2021,2026,52,,,,,,,"clases={""1"": 35, ""2"": 2, ""3"": 13, ""4"": 0, ""9"": 2}"
A4_prov_2021-2025,A4_prov_2021-2025_mediana_c805_m0.2_r1.5_e0.8_s1_u0.1,"brecha=P-c(1+m)-S/e; clases 1-4,9",2021,2026,52,,,,,,,"clases={""1"": 32, ""2"": 5, ""3"": 13, ""4"": 0, ""9"": 2}"
A4_prov_2021-2025,A4_prov_2021-2025_mediana_c805_m0.2_r1.5_e0.8_s1_u0.25,"brecha=P-c(1+m)-S/e; clases 1-4,9",2021,2026,52,,,,,,,"clases={""1"": 31, ""2"": 6, ""3"": 13, ""4"": 0, ""9"": 2}"
A4_prov_2021-2025,A4_prov_2021-2025_mediana_c805_m0.2_r1.5_e1.2_s0_u0.0,"brecha=P-c(1+m)-S/e; clases 1-4,9",2021,2026,52,,,,,,,"clases={""1"": 41, ""2"": 2, ""3"": 7, ""4"": 0, ""9"": 2}"
A4_prov_2021-2025,A4_prov_2021-2025_mediana_c805_m0.2_r1.5_e1.2_s0_u0.1,"brecha=P-c(1+m)-S/e; clases 1-4,9",2021,2026,52,,,,,,,"clases={""1"": 38, ""2"": 5, ""3"": 7, ""4"": 0, ""9"": 2}"
A4_prov_2021-2025,A4_prov_2021-2025_mediana_c805_m0.2_r1.5_e1.2_s0_u0.25,"brecha=P-c(1+m)-S/e; clases 1-4,9",2021,2026,52,,,,,,,"clases={""1"": 36, ""2"": 7, ""3"": 7, ""4"": 0, ""9"": 2}"
A4_prov_2021-2025,A4_prov_2021-2025_mediana_c805_m0.2_r1.5_e1.2_s1_u0.0,"brecha=P-c(1+m)-S/e; clases 1-4,9",2021,2026,52,,,,,,,"clases={""1"": 39, ""2"": 2, ""3"": 9, ""4"": 0, ""9"": 2}"
A4_prov_2021-2025,A4_prov_2021-2025_mediana_c805_m0.2_r1.5_e1.2_s1_u0.1,"brecha=P-c(1+m)-S/e; clases 1-4,9",2021,2026,52,,,,,,,"clases={""1"": 36, ""2"": 5, ""3"": 9, ""4"": 0, ""9"": 2}"
A4_prov_2021-2025,A4_prov_2021-2025_mediana_c805_m0.2_r1.5_e1.2_s1_u0.25,"brecha=P-c(1+m)-S/e; clases 1-4,9",2021,2026,52,,,,,,,"clases={""1"": 35, ""2"": 6, ""3"": 9, ""4"": 0, ""9"": 2}"
A4_prov_2021-2025,A4_prov_2021-2025_mediana_c805_m0.2_r1.5_e1.6_s0_u0.0,"brecha=P-c(1+m)-S/e; clases 1-4,9",2021,2026,52,,,,,,,"clases={""1"": 41, ""2"": 2, ""3"": 7, ""4"": 0, ""9"": 2}"
A4_prov_2021-2025,A4_prov_2021-2025_mediana_c805_m0.2_r1.5_e1.6_s0_u0.1,"brecha=P-c(1+m)-S/e; clases 1-4,9",2021,2026,52,,,,,,,"clases={""1"": 38, ""2"": 5, ""3"": 7, ""4"": 0, ""9"": 2}"
A4_prov_2021-2025,A4_prov_2021-2025_mediana_c805_m0.2_r1.5_e1.6_s0_u0.25,"brecha=P-c(1+m)-S/e; clases 1-4,9",2021,2026,52,,,,,,,"clases={""1"": 36, ""2"": 7, ""3"": 7, ""4"": 0, ""9"": 2}"
A4_prov_2021-2025,A4_prov_2021-2025_mediana_c805_m0.2_r1.5_e1.6_s1_u0.0,"brecha=P-c(1+m)-S/e; clases 1-4,9",2021,2026,52,,,,,,,"clases={""1"": 39, ""2"": 2, ""3"": 9, ""4"": 0, ""9"": 2}"
A4_prov_2021-2025,A4_prov_2021-2025_mediana_c805_m0.2_r1.5_e1.6_s1_u0.1,"brecha=P-c(1+m)-S/e; clases 1-4,9",2021,2026,52,,,,,,,"clases={""1"": 36, ""2"": 5, ""3"": 9, ""4"": 0, ""9"": 2}"
A4_prov_2021-2025,A4_prov_2021-2025_mediana_c805_m0.2_r1.5_e1.6_s1_u0.25,"brecha=P-c(1+m)-S/e; clases 1-4,9",2021,2026,52,,,,,,,"clases={""1"": 35, ""2"": 6, ""3"": 9, ""4"": 0, ""9"": 2}"
A4_prov_2021-2025,A4_prov_2021-2025_mediana_c805_m0.25_r1.25_e0.8_s0_u0.0,"brecha=P-c(1+m)-S/e; clases 1-4,9",2021,2026,52,,,,,,,"clases={""1"": 36, ""2"": 3, ""3"": 11, ""4"": 0, ""9"": 2}"
A4_prov_2021-2025,A4_prov_2021-2025_mediana_c805_m0.25_r1.25_e0.8_s0_u0.1,"brecha=P-c(1+m)-S/e; clases 1-4,9",2021,2026,52,,,,,,,"clases={""1"": 33, ""2"": 6, ""3"": 11, ""4"": 0, ""9"": 2}"
A4_prov_2021-2025,A4_prov_2021-2025_mediana_c805_m0.25_r1.25_e0.8_s0_u0.25,"brecha=P-c(1+m)-S/e; clases 1-4,9",2021,2026,52,,,,,,,"clases={""1"": 31, ""2"": 8, ""3"": 11, ""4"": 0, ""9"": 2}"
A4_prov_2021-2025,A4_prov_2021-2025_mediana_c805_m0.25_r1.25_e0.8_s1_u0.0,"brecha=P-c(1+m)-S/e; clases 1-4,9",2021,2026,52,,,,,,,"clases={""1"": 31, ""2"": 3, ""3"": 16, ""4"": 0, ""9"": 2}"
A4_prov_2021-2025,A4_prov_2021-2025_mediana_c805_m0.25_r1.25_e0.8_s1_u0.1,"brecha=P-c(1+m)-S/e; clases 1-4,9",2021,2026,52,,,,,,,"clases={""1"": 28, ""2"": 6, ""3"": 16, ""4"": 0, ""9"": 2}"
A4_prov_2021-2025,A4_prov_2021-2025_mediana_c805_m0.25_r1.25_e0.8_s1_u0.25,"brecha=P-c(1+m)-S/e; clases 1-4,9",2021,2026,52,,,,,,,"clases={""1"": 26, ""2"": 8, ""3"": 16, ""4"": 0, ""9"": 2}"
A4_prov_2021-2025,A4_prov_2021-2025_mediana_c805_m0.25_r1.25_e1.2_s0_u0.0,"brecha=P-c(1+m)-S/e; clases 1-4,9",2021,2026,52,,,,,,,"clases={""1"": 36, ""2"": 5, ""3"": 9, ""4"": 0, ""9"": 2}"
A4_prov_2021-2025,A4_prov_2021-2025_mediana_c805_m0.25_r1.25_e1.2_s0_u0.1,"brecha=P-c(1+m)-S/e; clases 1-4,9",2021,2026,52,,,,,,,"clases={""1"": 33, ""2"": 8, ""3"": 9, ""4"": 0, ""9"": 2}"
A4_prov_2021-2025,A4_prov_2021-2025_mediana_c805_m0.25_r1.25_e1.2_s0_u0.25,"brecha=P-c(1+m)-S/e; clases 1-4,9",2021,2026,52,,,,,,,"clases={""1"": 29, ""2"": 12, ""3"": 9, ""4"": 0, ""9"": 2}"
A4_prov_2021-2025,A4_prov_2021-2025_mediana_c805_m0.25_r1.25_e1.2_s1_u0.0,"brecha=P-c(1+m)-S/e; clases 1-4,9",2021,2026,52,,,,,,,"clases={""1"": 36, ""2"": 4, ""3"": 10, ""4"": 0, ""9"": 2}"
A4_prov_2021-2025,A4_prov_2021-2025_mediana_c805_m0.25_r1.25_e1.2_s1_u0.1,"brecha=P-c(1+m)-S/e; clases 1-4,9",2021,2026,52,,,,,,,"clases={""1"": 33, ""2"": 7, ""3"": 10, ""4"": 0, ""9"": 2}"
A4_prov_2021-2025,A4_prov_2021-2025_mediana_c805_m0.25_r1.25_e1.2_s1_u0.25,"brecha=P-c(1+m)-S/e; clases 1-4,9",2021,2026,52,,,,,,,"clases={""1"": 30, ""2"": 10, ""3"": 10, ""4"": 0, ""9"": 2}"
A4_prov_2021-2025,A4_prov_2021-2025_mediana_c805_m0.25_r1.25_e1.6_s0_u0.0,"brecha=P-c(1+m)-S/e; clases 1-4,9",2021,2026,52,,,,,,,"clases={""1"": 37, ""2"": 5, ""3"": 8, ""4"": 0, ""9"": 2}"
A4_prov_2021-2025,A4_prov_2021-2025_mediana_c805_m0.25_r1.25_e1.6_s0_u0.1,"brecha=P-c(1+m)-S/e; clases 1-4,9",2021,2026,52,,,,,,,"clases={""1"": 34, ""2"": 8, ""3"": 8, ""4"": 0, ""9"": 2}"
A4_prov_2021-2025,A4_prov_2021-2025_mediana_c805_m0.25_r1.25_e1.6_s0_u0.25,"brecha=P-c(1+m)-S/e; clases 1-4,9",2021,2026,52,,,,,,,"clases={""1"": 30, ""2"": 12, ""3"": 8, ""4"": 0, ""9"": 2}"
A4_prov_2021-2025,A4_prov_2021-2025_mediana_c805_m0.25_r1.25_e1.6_s1_u0.0,"brecha=P-c(1+m)-S/e; clases 1-4,9",2021,2026,52,,,,,,,"clases={""1"": 36, ""2"": 5, ""3"": 9, ""4"": 0, ""9"": 2}"
A4_prov_2021-2025,A4_prov_2021-2025_mediana_c805_m0.25_r1.25_e1.6_s1_u0.1,"brecha=P-c(1+m)-S/e; clases 1-4,9",2021,2026,52,,,,,,,"clases={""1"": 33, ""2"": 8, ""3"": 9, ""4"": 0, ""9"": 2}"
A4_prov_2021-2025,A4_prov_2021-2025_mediana_c805_m0.25_r1.25_e1.6_s1_u0.25,"brecha=P-c(1+m)-S/e; clases 1-4,9",2021,2026,52,,,,,,,"clases={""1"": 29, ""2"": 12, ""3"": 9, ""4"": 0, ""9"": 2}"
A4_prov_2021-2025,A4_prov_2021-2025_mediana_c805_m0.25_r1.5_e0.8_s0_u0.0,"brecha=P-c(1+m)-S/e; clases 1-4,9",2021,2026,52,,,,,,,"clases={""1"": 37, ""2"": 2, ""3"": 11, ""4"": 0, ""9"": 2}"
A4_prov_2021-2025,A4_prov_2021-2025_mediana_c805_m0.25_r1.5_e0.8_s0_u0.1,"brecha=P-c(1+m)-S/e; clases 1-4,9",2021,2026,52,,,,,,,"clases={""1"": 34, ""2"": 5, ""3"": 11, ""4"": 0, ""9"": 2}"
A4_prov_2021-2025,A4_prov_2021-2025_mediana_c805_m0.25_r1.5_e0.8_s0_u0.25,"brecha=P-c(1+m)-S/e; clases 1-4,9",2021,2026,52,,,,,,,"clases={""1"": 32, ""2"": 7, ""3"": 11, ""4"": 0, ""9"": 2}"
A4_prov_2021-2025,A4_prov_2021-2025_mediana_c805_m0.25_r1.5_e0.8_s1_u0.0,"brecha=P-c(1+m)-S/e; clases 1-4,9",2021,2026,52,,,,,,,"clases={""1"": 32, ""2"": 2, ""3"": 16, ""4"": 0, ""9"": 2}"
A4_prov_2021-2025,A4_prov_2021-2025_mediana_c805_m0.25_r1.5_e0.8_s1_u0.1,"brecha=P-c(1+m)-S/e; clases 1-4,9",2021,2026,52,,,,,,,"clases={""1"": 29, ""2"": 5, ""3"": 16, ""4"": 0, ""9"": 2}"
A4_prov_2021-2025,A4_prov_2021-2025_mediana_c805_m0.25_r1.5_e0.8_s1_u0.25,"brecha=P-c(1+m)-S/e; clases 1-4,9",2021,2026,52,,,,,,,"clases={""1"": 28, ""2"": 6, ""3"": 16, ""4"": 0, ""9"": 2}"
A4_prov_2021-2025,A4_prov_2021-2025_mediana_c805_m0.25_r1.5_e1.2_s0_u0.0,"brecha=P-c(1+m)-S/e; clases 1-4,9",2021,2026,52,,,,,,,"clases={""1"": 39, ""2"": 2, ""3"": 9, ""4"": 0, ""9"": 2}"
A4_prov_2021-2025,A4_prov_2021-2025_mediana_c805_m0.25_r1.5_e1.2_s0_u0.1,"brecha=P-c(1+m)-S/e; clases 1-4,9",2021,2026,52,,,,,,,"clases={""1"": 36, ""2"": 5, ""3"": 9, ""4"": 0, ""9"": 2}"
A4_prov_2021-2025,A4_prov_2021-2025_mediana_c805_m0.25_r1.5_e1.2_s0_u0.25,"brecha=P-c(1+m)-S/e; clases 1-4,9",2021,2026,52,,,,,,,"clases={""1"": 34, ""2"": 7, ""3"": 9, ""4"": 0, ""9"": 2}"
A4_prov_2021-2025,A4_prov_2021-2025_mediana_c805_m0.25_r1.5_e1.2_s1_u0.0,"brecha=P-c(1+m)-S/e; clases 1-4,9",2021,2026,52,,,,,,,"clases={""1"": 38, ""2"": 2, ""3"": 10, ""4"": 0, ""9"": 2}"
A4_prov_2021-2025,A4_prov_2021-2025_mediana_c805_m0.25_r1.5_e1.2_s1_u0.1,"brecha=P-c(1+m)-S/e; clases 1-4,9",2021,2026,52,,,,,,,"clases={""1"": 35, ""2"": 5, ""3"": 10, ""4"": 0, ""9"": 2}"
A4_prov_2021-2025,A4_prov_2021-2025_mediana_c805_m0.25_r1.5_e1.2_s1_u0.25,"brecha=P-c(1+m)-S/e; clases 1-4,9",2021,2026,52,,,,,,,"clases={""1"": 34, ""2"": 6, ""3"": 10, ""4"": 0, ""9"": 2}"
A4_prov_2021-2025,A4_prov_2021-2025_mediana_c805_m0.25_r1.5_e1.6_s0_u0.0,"brecha=P-c(1+m)-S/e; clases 1-4,9",2021,2026,52,,,,,,,"clases={""1"": 40, ""2"": 2, ""3"": 8, ""4"": 0, ""9"": 2}"
A4_prov_2021-2025,A4_prov_2021-2025_mediana_c805_m0.25_r1.5_e1.6_s0_u0.1,"brecha=P-c(1+m)-S/e; clases 1-4,9",2021,2026,52,,,,,,,"clases={""1"": 37, ""2"": 5, ""3"": 8, ""4"": 0, ""9"": 2}"
A4_prov_2021-2025,A4_prov_2021-2025_mediana_c805_m0.25_r1.5_e1.6_s0_u0.25,"brecha=P-c(1+m)-S/e; clases 1-4,9",2021,2026,52,,,,,,,"clases={""1"": 35, ""2"": 7, ""3"": 8, ""4"": 0, ""9"": 2}"
A4_prov_2021-2025,A4_prov_2021-2025_mediana_c805_m0.25_r1.5_e1.6_s1_u0.0,"brecha=P-c(1+m)-S/e; clases 1-4,9",2021,2026,52,,,,,,,"clases={""1"": 39, ""2"": 2, ""3"": 9, ""4"": 0, ""9"": 2}"
A4_prov_2021-2025,A4_prov_2021-2025_mediana_c805_m0.25_r1.5_e1.6_s1_u0.1,"brecha=P-c(1+m)-S/e; clases 1-4,9",2021,2026,52,,,,,,,"clases={""1"": 36, ""2"": 5, ""3"": 9, ""4"": 0, ""9"": 2}"
A4_prov_2021-2025,A4_prov_2021-2025_mediana_c805_m0.25_r1.5_e1.6_s1_u0.25,"brecha=P-c(1+m)-S/e; clases 1-4,9",2021,2026,52,,,,,,,"clases={""1"": 35, ""2"": 6, ""3"": 9, ""4"": 0, ""9"": 2}"
A4_prov_2021-2025,A4_prov_2021-2025_mediana_c932_m0.15_r1.25_e0.8_s0_u0.0,"brecha=P-c(1+m)-S/e; clases 1-4,9",2021,2026,52,,,,,,,"clases={""1"": 30, ""2"": 2, ""3"": 18, ""4"": 0, ""9"": 2}"
A4_prov_2021-2025,A4_prov_2021-2025_mediana_c932_m0.15_r1.25_e0.8_s0_u0.1,"brecha=P-c(1+m)-S/e; clases 1-4,9",2021,2026,52,,,,,,,"clases={""1"": 27, ""2"": 5, ""3"": 18, ""4"": 0, ""9"": 2}"
A4_prov_2021-2025,A4_prov_2021-2025_mediana_c932_m0.15_r1.25_e0.8_s0_u0.25,"brecha=P-c(1+m)-S/e; clases 1-4,9",2021,2026,52,,,,,,,"clases={""1"": 25, ""2"": 7, ""3"": 18, ""4"": 0, ""9"": 2}"
A4_prov_2021-2025,A4_prov_2021-2025_mediana_c932_m0.15_r1.25_e0.8_s1_u0.0,"brecha=P-c(1+m)-S/e; clases 1-4,9",2021,2026,52,,,,,,,"clases={""1"": 29, ""2"": 2, ""3"": 19, ""4"": 0, ""9"": 2}"
A4_prov_2021-2025,A4_prov_2021-2025_mediana_c932_m0.15_r1.25_e0.8_s1_u0.1,"brecha=P-c(1+m)-S/e; clases 1-4,9",2021,2026,52,,,,,,,"clases={""1"": 26, ""2"": 5, ""3"": 19, ""4"": 0, ""9"": 2}"
A4_prov_2021-2025,A4_prov_2021-2025_mediana_c932_m0.15_r1.25_e0.8_s1_u0.25,"brecha=P-c(1+m)-S/e; clases 1-4,9",2021,2026,52,,,,,,,"clases={""1"": 25, ""2"": 6, ""3"": 19, ""4"": 0, ""9"": 2}"
A4_prov_2021-2025,A4_prov_2021-2025_mediana_c932_m0.15_r1.25_e1.2_s0_u0.0,"brecha=P-c(1+m)-S/e; clases 1-4,9",2021,2026,52,,,,,,,"clases={""1"": 36, ""2"": 2, ""3"": 12, ""4"": 0, ""9"": 2}"
A4_prov_2021-2025,A4_prov_2021-2025_mediana_c932_m0.15_r1.25_e1.2_s0_u0.1,"brecha=P-c(1+m)-S/e; clases 1-4,9",2021,2026,52,,,,,,,"clases={""1"": 33, ""2"": 5, ""3"": 12, ""4"": 0, ""9"": 2}"
A4_prov_2021-2025,A4_prov_2021-2025_mediana_c932_m0.15_r1.25_e1.2_s0_u0.25,"brecha=P-c(1+m)-S/e; clases 1-4,9",2021,2026,52,,,,,,,"clases={""1"": 31, ""2"": 7, ""3"": 12, ""4"": 0, ""9"": 2}"
A4_prov_2021-2025,A4_prov_2021-2025_mediana_c932_m0.15_r1.25_e1.2_s1_u0.0,"brecha=P-c(1+m)-S/e; clases 1-4,9",2021,2026,52,,,,,,,"clases={""1"": 31, ""2"": 2, ""3"": 17, ""4"": 0, ""9"": 2}"
A4_prov_2021-2025,A4_prov_2021-2025_mediana_c932_m0.15_r1.25_e1.2_s1_u0.1,"brecha=P-c(1+m)-S/e; clases 1-4,9",2021,2026,52,,,,,,,"clases={""1"": 28, ""2"": 5, ""3"": 17, ""4"": 0, ""9"": 2}"
A4_prov_2021-2025,A4_prov_2021-2025_mediana_c932_m0.15_r1.25_e1.2_s1_u0.25,"brecha=P-c(1+m)-S/e; clases 1-4,9",2021,2026,52,,,,,,,"clases={""1"": 27, ""2"": 6, ""3"": 17, ""4"": 0, ""9"": 2}"
A4_prov_2021-2025,A4_prov_2021-2025_mediana_c932_m0.15_r1.25_e1.6_s0_u0.0,"brecha=P-c(1+m)-S/e; clases 1-4,9",2021,2026,52,,,,,,,"clases={""1"": 36, ""2"": 2, ""3"": 12, ""4"": 0, ""9"": 2}"
A4_prov_2021-2025,A4_prov_2021-2025_mediana_c932_m0.15_r1.25_e1.6_s0_u0.1,"brecha=P-c(1+m)-S/e; clases 1-4,9",2021,2026,52,,,,,,,"clases={""1"": 33, ""2"": 5, ""3"": 12, ""4"": 0, ""9"": 2}"
A4_prov_2021-2025,A4_prov_2021-2025_mediana_c932_m0.15_r1.25_e1.6_s0_u0.25,"brecha=P-c(1+m)-S/e; clases 1-4,9",2021,2026,52,,,,,,,"clases={""1"": 31, ""2"": 7, ""3"": 12, ""4"": 0, ""9"": 2}"
A4_prov_2021-2025,A4_prov_2021-2025_mediana_c932_m0.15_r1.25_e1.6_s1_u0.0,"brecha=P-c(1+m)-S/e; clases 1-4,9",2021,2026,52,,,,,,,"clases={""1"": 34, ""2"": 2, ""3"": 14, ""4"": 0, ""9"": 2}"
A4_prov_2021-2025,A4_prov_2021-2025_mediana_c932_m0.15_r1.25_e1.6_s1_u0.1,"brecha=P-c(1+m)-S/e; clases 1-4,9",2021,2026,52,,,,,,,"clases={""1"": 31, ""2"": 5, ""3"": 14, ""4"": 0, ""9"": 2}"
A4_prov_2021-2025,A4_prov_2021-2025_mediana_c932_m0.15_r1.25_e1.6_s1_u0.25,"brecha=P-c(1+m)-S/e; clases 1-4,9",2021,2026,52,,,,,,,"clases={""1"": 29, ""2"": 7, ""3"": 14, ""4"": 0, ""9"": 2}"
A4_prov_2021-2025,A4_prov_2021-2025_mediana_c932_m0.15_r1.5_e0.8_s0_u0.0,"brecha=P-c(1+m)-S/e; clases 1-4,9",2021,2026,52,,,,,,,"clases={""1"": 30, ""2"": 2, ""3"": 18, ""4"": 0, ""9"": 2}"
A4_prov_2021-2025,A4_prov_2021-2025_mediana_c932_m0.15_r1.5_e0.8_s0_u0.1,"brecha=P-c(1+m)-S/e; clases 1-4,9",2021,2026,52,,,,,,,"clases={""1"": 28, ""2"": 4, ""3"": 18, ""4"": 0, ""9"": 2}"
A4_prov_2021-2025,A4_prov_2021-2025_mediana_c932_m0.15_r1.5_e0.8_s0_u0.25,"brecha=P-c(1+m)-S/e; clases 1-4,9",2021,2026,52,,,,,,,"clases={""1"": 27, ""2"": 5, ""3"": 18, ""4"": 0, ""9"": 2}"
A4_prov_2021-2025,A4_prov_2021-2025_mediana_c932_m0.15_r1.5_e0.8_s1_u0.0,"brecha=P-c(1+m)-S/e; clases 1-4,9",2021,2026,52,,,,,,,"clases={""1"": 30, ""2"": 1, ""3"": 19, ""4"": 0, ""9"": 2}"
A4_prov_2021-2025,A4_prov_2021-2025_mediana_c932_m0.15_r1.5_e0.8_s1_u0.1,"brecha=P-c(1+m)-S/e; clases 1-4,9",2021,2026,52,,,,,,,"clases={""1"": 28, ""2"": 3, ""3"": 19, ""4"": 0, ""9"": 2}"
A4_prov_2021-2025,A4_prov_2021-2025_mediana_c932_m0.15_r1.5_e0.8_s1_u0.25,"brecha=P-c(1+m)-S/e; clases 1-4,9",2021,2026,52,,,,,,,"clases={""1"": 28, ""2"": 3, ""3"": 19, ""4"": 0, ""9"": 2}"
A4_prov_2021-2025,A4_prov_2021-2025_mediana_c932_m0.15_r1.5_e1.2_s0_u0.0,"brecha=P-c(1+m)-S/e; clases 1-4,9",2021,2026,52,,,,,,,"clases={""1"": 36, ""2"": 2, ""3"": 12, ""4"": 0, ""9"": 2}"
A4_prov_2021-2025,A4_prov_2021-2025_mediana_c932_m0.15_r1.5_e1.2_s0_u0.1,"brecha=P-c(1+m)-S/e; clases 1-4,9",2021,2026,52,,,,,,,"clases={""1"": 34, ""2"": 4, ""3"": 12, ""4"": 0, ""9"": 2}"
A4_prov_2021-2025,A4_prov_2021-2025_mediana_c932_m0.15_r1.5_e1.2_s0_u0.25,"brecha=P-c(1+m)-S/e; clases 1-4,9",2021,2026,52,,,,,,,"clases={""1"": 33, ""2"": 5, ""3"": 12, ""4"": 0, ""9"": 2}"
A4_prov_2021-2025,A4_prov_2021-2025_mediana_c932_m0.15_r1.5_e1.2_s1_u0.0,"brecha=P-c(1+m)-S/e; clases 1-4,9",2021,2026,52,,,,,,,"clases={""1"": 31, ""2"": 2, ""3"": 17, ""4"": 0, ""9"": 2}"
A4_prov_2021-2025,A4_prov_2021-2025_mediana_c932_m0.15_r1.5_e1.2_s1_u0.1,"brecha=P-c(1+m)-S/e; clases 1-4,9",2021,2026,52,,,,,,,"clases={""1"": 29, ""2"": 4, ""3"": 17, ""4"": 0, ""9"": 2}"
A4_prov_2021-2025,A4_prov_2021-2025_mediana_c932_m0.15_r1.5_e1.2_s1_u0.25,"brecha=P-c(1+m)-S/e; clases 1-4,9",2021,2026,52,,,,,,,"clases={""1"": 28, ""2"": 5, ""3"": 17, ""4"": 0, ""9"": 2}"
A4_prov_2021-2025,A4_prov_2021-2025_mediana_c932_m0.15_r1.5_e1.6_s0_u0.0,"brecha=P-c(1+m)-S/e; clases 1-4,9",2021,2026,52,,,,,,,"clases={""1"": 36, ""2"": 2, ""3"": 12, ""4"": 0, ""9"": 2}"
A4_prov_2021-2025,A4_prov_2021-2025_mediana_c932_m0.15_r1.5_e1.6_s0_u0.1,"brecha=P-c(1+m)-S/e; clases 1-4,9",2021,2026,52,,,,,,,"clases={""1"": 34, ""2"": 4, ""3"": 12, ""4"": 0, ""9"": 2}"
A4_prov_2021-2025,A4_prov_2021-2025_mediana_c932_m0.15_r1.5_e1.6_s0_u0.25,"brecha=P-c(1+m)-S/e; clases 1-4,9",2021,2026,52,,,,,,,"clases={""1"": 33, ""2"": 5, ""3"": 12, ""4"": 0, ""9"": 2}"
A4_prov_2021-2025,A4_prov_2021-2025_mediana_c932_m0.15_r1.5_e1.6_s1_u0.0,"brecha=P-c(1+m)-S/e; clases 1-4,9",2021,2026,52,,,,,,,"clases={""1"": 34, ""2"": 2, ""3"": 14, ""4"": 0, ""9"": 2}"
A4_prov_2021-2025,A4_prov_2021-2025_mediana_c932_m0.15_r1.5_e1.6_s1_u0.1,"brecha=P-c(1+m)-S/e; clases 1-4,9",2021,2026,52,,,,,,,"clases={""1"": 32, ""2"": 4, ""3"": 14, ""4"": 0, ""9"": 2}"
A4_prov_2021-2025,A4_prov_2021-2025_mediana_c932_m0.15_r1.5_e1.6_s1_u0.25,"brecha=P-c(1+m)-S/e; clases 1-4,9",2021,2026,52,,,,,,,"clases={""1"": 31, ""2"": 5, ""3"": 14, ""4"": 0, ""9"": 2}"
A4_prov_2021-2025,A4_prov_2021-2025_mediana_c932_m0.2_r1.25_e0.8_s0_u0.0,"brecha=P-c(1+m)-S/e; clases 1-4,9",2021,2026,52,,,,,,,"clases={""1"": 30, ""2"": 2, ""3"": 18, ""4"": 0, ""9"": 2}"
A4_prov_2021-2025,A4_prov_2021-2025_mediana_c932_m0.2_r1.25_e0.8_s0_u0.1,"brecha=P-c(1+m)-S/e; clases 1-4,9",2021,2026,52,,,,,,,"clases={""1"": 27, ""2"": 5, ""3"": 18, ""4"": 0, ""9"": 2}"
A4_prov_2021-2025,A4_prov_2021-2025_mediana_c932_m0.2_r1.25_e0.8_s0_u0.25,"brecha=P-c(1+m)-S/e; clases 1-4,9",2021,2026,52,,,,,,,"clases={""1"": 25, ""2"": 7, ""3"": 18, ""4"": 0, ""9"": 2}"
A4_prov_2021-2025,A4_prov_2021-2025_mediana_c932_m0.2_r1.25_e0.8_s1_u0.0,"brecha=P-c(1+m)-S/e; clases 1-4,9",2021,2026,52,,,,,,,"clases={""1"": 27, ""2"": 2, ""3"": 21, ""4"": 0, ""9"": 2}"
A4_prov_2021-2025,A4_prov_2021-2025_mediana_c932_m0.2_r1.25_e0.8_s1_u0.1,"brecha=P-c(1+m)-S/e; clases 1-4,9",2021,2026,52,,,,,,,"clases={""1"": 24, ""2"": 5, ""3"": 21, ""4"": 0, ""9"": 2}"
A4_prov_2021-2025,A4_prov_2021-2025_mediana_c932_m0.2_r1.25_e0.8_s1_u0.25,"brecha=P-c(1+m)-S/e; clases 1-4,9",2021,2026,52,,,,,,,"clases={""1"": 23, ""2"": 6, ""3"": 21, ""4"": 0, ""9"": 2}"
A4_prov_2021-2025,A4_prov_2021-2025_mediana_c932_m0.2_r1.25_e1.2_s0_u0.0,"brecha=P-c(1+m)-S/e; clases 1-4,9",2021,2026,52,,,,,,,"clases={""1"": 32, ""2"": 2, ""3"": 16, ""4"": 0, ""9"": 2}"
A4_prov_2021-2025,A4_prov_2021-2025_mediana_c932_m0.2_r1.25_e1.2_s0_u0.1,"brecha=P-c(1+m)-S/e; clases 1-4,9",2021,2026,52,,,,,,,"clases={""1"": 29, ""2"": 5, ""3"": 16, ""4"": 0, ""9"": 2}"
A4_prov_2021-2025,A4_prov_2021-2025_mediana_c932_m0.2_r1.25_e1.2_s0_u0.25,"brecha=P-c(1+m)-S/e; clases 1-4,9",2021,2026,52,,,,,,,"clases={""1"": 27, ""2"": 7, ""3"": 16, ""4"": 0, ""9"": 2}"
A4_prov_2021-2025,A4_prov_2021-2025_mediana_c932_m0.2_r1.25_e1.2_s1_u0.0,"brecha=P-c(1+m)-S/e; clases 1-4,9",2021,2026,52,,,,,,,"clases={""1"": 30, ""2"": 2, ""3"": 18, ""4"": 0, ""9"": 2}"
A4_prov_2021-2025,A4_prov_2021-2025_mediana_c932_m0.2_r1.25_e1.2_s1_u0.1,"brecha=P-c(1+m)-S/e; clases 1-4,9",2021,2026,52,,,,,,,"clases={""1"": 27, ""2"": 5, ""3"": 18, ""4"": 0, ""9"": 2}"
A4_prov_2021-2025,A4_prov_2021-2025_mediana_c932_m0.2_r1.25_e1.2_s1_u0.25,"brecha=P-c(1+m)-S/e; clases 1-4,9",2021,2026,52,,,,,,,"clases={""1"": 26, ""2"": 6, ""3"": 18, ""4"": 0, ""9"": 2}"
A4_prov_2021-2025,A4_prov_2021-2025_mediana_c932_m0.2_r1.25_e1.6_s0_u0.0,"brecha=P-c(1+m)-S/e; clases 1-4,9",2021,2026,52,,,,,,,"clases={""1"": 33, ""2"": 2, ""3"": 15, ""4"": 0, ""9"": 2}"
A4_prov_2021-2025,A4_prov_2021-2025_mediana_c932_m0.2_r1.25_e1.6_s0_u0.1,"brecha=P-c(1+m)-S/e; clases 1-4,9",2021,2026,52,,,,,,,"clases={""1"": 30, ""2"": 5, ""3"": 15, ""4"": 0, ""9"": 2}"
A4_prov_2021-2025,A4_prov_2021-2025_mediana_c932_m0.2_r1.25_e1.6_s0_u0.25,"brecha=P-c(1+m)-S/e; clases 1-4,9",2021,2026,52,,,,,,,"clases={""1"": 28, ""2"": 7, ""3"": 15, ""4"": 0, ""9"": 2}"
A4_prov_2021-2025,A4_prov_2021-2025_mediana_c932_m0.2_r1.25_e1.6_s1_u0.0,"brecha=P-c(1+m)-S/e; clases 1-4,9",2021,2026,52,,,,,,,"clases={""1"": 31, ""2"": 2, ""3"": 17, ""4"": 0, ""9"": 2}"
A4_prov_2021-2025,A4_prov_2021-2025_mediana_c932_m0.2_r1.25_e1.6_s1_u0.1,"brecha=P-c(1+m)-S/e; clases 1-4,9",2021,2026,52,,,,,,,"clases={""1"": 28, ""2"": 5, ""3"": 17, ""4"": 0, ""9"": 2}"
A4_prov_2021-2025,A4_prov_2021-2025_mediana_c932_m0.2_r1.25_e1.6_s1_u0.25,"brecha=P-c(1+m)-S/e; clases 1-4,9",2021,2026,52,,,,,,,"clases={""1"": 26, ""2"": 7, ""3"": 17, ""4"": 0, ""9"": 2}"
A4_prov_2021-2025,A4_prov_2021-2025_mediana_c932_m0.2_r1.5_e0.8_s0_u0.0,"brecha=P-c(1+m)-S/e; clases 1-4,9",2021,2026,52,,,,,,,"clases={""1"": 30, ""2"": 2, ""3"": 18, ""4"": 0, ""9"": 2}"
A4_prov_2021-2025,A4_prov_2021-2025_mediana_c932_m0.2_r1.5_e0.8_s0_u0.1,"brecha=P-c(1+m)-S/e; clases 1-4,9",2021,2026,52,,,,,,,"clases={""1"": 28, ""2"": 4, ""3"": 18, ""4"": 0, ""9"": 2}"
A4_prov_2021-2025,A4_prov_2021-2025_mediana_c932_m0.2_r1.5_e0.8_s0_u0.25,"brecha=P-c(1+m)-S/e; clases 1-4,9",2021,2026,52,,,,,,,"clases={""1"": 27, ""2"": 5, ""3"": 18, ""4"": 0, ""9"": 2}"
A4_prov_2021-2025,A4_prov_2021-2025_mediana_c932_m0.2_r1.5_e0.8_s1_u0.0,"brecha=P-c(1+m)-S/e; clases 1-4,9",2021,2026,52,,,,,,,"clases={""1"": 28, ""2"": 1, ""3"": 21, ""4"": 0, ""9"": 2}"
A4_prov_2021-2025,A4_prov_2021-2025_mediana_c932_m0.2_r1.5_e0.8_s1_u0.1,"brecha=P-c(1+m)-S/e; clases 1-4,9",2021,2026,52,,,,,,,"clases={""1"": 26, ""2"": 3, ""3"": 21, ""4"": 0, ""9"": 2}"
A4_prov_2021-2025,A4_prov_2021-2025_mediana_c932_m0.2_r1.5_e0.8_s1_u0.25,"brecha=P-c(1+m)-S/e; clases 1-4,9",2021,2026,52,,,,,,,"clases={""1"": 26, ""2"": 3, ""3"": 21, ""4"": 0, ""9"": 2}"
A4_prov_2021-2025,A4_prov_2021-2025_mediana_c932_m0.2_r1.5_e1.2_s0_u0.0,"brecha=P-c(1+m)-S/e; clases 1-4,9",2021,2026,52,,,,,,,"clases={""1"": 32, ""2"": 2, ""3"": 16, ""4"": 0, ""9"": 2}"
A4_prov_2021-2025,A4_prov_2021-2025_mediana_c932_m0.2_r1.5_e1.2_s0_u0.1,"brecha=P-c(1+m)-S/e; clases 1-4,9",2021,2026,52,,,,,,,"clases={""1"": 30, ""2"": 4, ""3"": 16, ""4"": 0, ""9"": 2}"
A4_prov_2021-2025,A4_prov_2021-2025_mediana_c932_m0.2_r1.5_e1.2_s0_u0.25,"brecha=P-c(1+m)-S/e; clases 1-4,9",2021,2026,52,,,,,,,"clases={""1"": 29, ""2"": 5, ""3"": 16, ""4"": 0, ""9"": 2}"
A4_prov_2021-2025,A4_prov_2021-2025_mediana_c932_m0.2_r1.5_e1.2_s1_u0.0,"brecha=P-c(1+m)-S/e; clases 1-4,9",2021,2026,52,,,,,,,"clases={""1"": 30, ""2"": 2, ""3"": 18, ""4"": 0, ""9"": 2}"
A4_prov_2021-2025,A4_prov_2021-2025_mediana_c932_m0.2_r1.5_e1.2_s1_u0.1,"brecha=P-c(1+m)-S/e; clases 1-4,9",2021,2026,52,,,,,,,"clases={""1"": 28, ""2"": 4, ""3"": 18, ""4"": 0, ""9"": 2}"
A4_prov_2021-2025,A4_prov_2021-2025_mediana_c932_m0.2_r1.5_e1.2_s1_u0.25,"brecha=P-c(1+m)-S/e; clases 1-4,9",2021,2026,52,,,,,,,"clases={""1"": 27, ""2"": 5, ""3"": 18, ""4"": 0, ""9"": 2}"
A4_prov_2021-2025,A4_prov_2021-2025_mediana_c932_m0.2_r1.5_e1.6_s0_u0.0,"brecha=P-c(1+m)-S/e; clases 1-4,9",2021,2026,52,,,,,,,"clases={""1"": 33, ""2"": 2, ""3"": 15, ""4"": 0, ""9"": 2}"
A4_prov_2021-2025,A4_prov_2021-2025_mediana_c932_m0.2_r1.5_e1.6_s0_u0.1,"brecha=P-c(1+m)-S/e; clases 1-4,9",2021,2026,52,,,,,,,"clases={""1"": 31, ""2"": 4, ""3"": 15, ""4"": 0, ""9"": 2}"
A4_prov_2021-2025,A4_prov_2021-2025_mediana_c932_m0.2_r1.5_e1.6_s0_u0.25,"brecha=P-c(1+m)-S/e; clases 1-4,9",2021,2026,52,,,,,,,"clases={""1"": 30, ""2"": 5, ""3"": 15, ""4"": 0, ""9"": 2}"
A4_prov_2021-2025,A4_prov_2021-2025_mediana_c932_m0.2_r1.5_e1.6_s1_u0.0,"brecha=P-c(1+m)-S/e; clases 1-4,9",2021,2026,52,,,,,,,"clases={""1"": 31, ""2"": 2, ""3"": 17, ""4"": 0, ""9"": 2}"
A4_prov_2021-2025,A4_prov_2021-2025_mediana_c932_m0.2_r1.5_e1.6_s1_u0.1,"brecha=P-c(1+m)-S/e; clases 1-4,9",2021,2026,52,,,,,,,"clases={""1"": 29, ""2"": 4, ""3"": 17, ""4"": 0, ""9"": 2}"
A4_prov_2021-2025,A4_prov_2021-2025_mediana_c932_m0.2_r1.5_e1.6_s1_u0.25,"brecha=P-c(1+m)-S/e; clases 1-4,9",2021,2026,52,,,,,,,"clases={""1"": 28, ""2"": 5, ""3"": 17, ""4"": 0, ""9"": 2}"
A4_prov_2021-2025,A4_prov_2021-2025_mediana_c932_m0.25_r1.25_e0.8_s0_u0.0,"brecha=P-c(1+m)-S/e; clases 1-4,9",2021,2026,52,,,,,,,"clases={""1"": 30, ""2"": 2, ""3"": 18, ""4"": 0, ""9"": 2}"
A4_prov_2021-2025,A4_prov_2021-2025_mediana_c932_m0.25_r1.25_e0.8_s0_u0.1,"brecha=P-c(1+m)-S/e; clases 1-4,9",2021,2026,52,,,,,,,"clases={""1"": 27, ""2"": 5, ""3"": 18, ""4"": 0, ""9"": 2}"
A4_prov_2021-2025,A4_prov_2021-2025_mediana_c932_m0.25_r1.25_e0.8_s0_u0.25,"brecha=P-c(1+m)-S/e; clases 1-4,9",2021,2026,52,,,,,,,"clases={""1"": 25, ""2"": 7, ""3"": 18, ""4"": 0, ""9"": 2}"
A4_prov_2021-2025,A4_prov_2021-2025_mediana_c932_m0.25_r1.25_e0.8_s1_u0.0,"brecha=P-c(1+m)-S/e; clases 1-4,9",2021,2026,52,,,,,,,"clases={""1"": 25, ""2"": 2, ""3"": 23, ""4"": 0, ""9"": 2}"
A4_prov_2021-2025,A4_prov_2021-2025_mediana_c932_m0.25_r1.25_e0.8_s1_u0.1,"brecha=P-c(1+m)-S/e; clases 1-4,9",2021,2026,52,,,,,,,"clases={""1"": 22, ""2"": 5, ""3"": 23, ""4"": 0, ""9"": 2}"
A4_prov_2021-2025,A4_prov_2021-2025_mediana_c932_m0.25_r1.25_e0.8_s1_u0.25,"brecha=P-c(1+m)-S/e; clases 1-4,9",2021,2026,52,,,,,,,"clases={""1"": 21, ""2"": 6, ""3"": 23, ""4"": 0, ""9"": 2}"
A4_prov_2021-2025,A4_prov_2021-2025_mediana_c932_m0.25_r1.25_e1.2_s0_u0.0,"brecha=P-c(1+m)-S/e; clases 1-4,9",2021,2026,52,,,,,,,"clases={""1"": 30, ""2"": 2, ""3"": 18, ""4"": 0, ""9"": 2}"
A4_prov_2021-2025,A4_prov_2021-2025_mediana_c932_m0.25_r1.25_e1.2_s0_u0.1,"brecha=P-c(1+m)-S/e; clases 1-4,9",2021,2026,52,,,,,,,"clases={""1"": 27, ""2"": 5, ""3"": 18, ""4"": 0, ""9"": 2}"
A4_prov_2021-2025,A4_prov_2021-2025_mediana_c932_m0.25_r1.25_e1.2_s0_u0.25,"brecha=P-c(1+m)-S/e; clases 1-4,9",2021,2026,52,,,,,,,"clases={""1"": 25, ""2"": 7, ""3"": 18, ""4"": 0, ""9"": 2}"
A4_prov_2021-2025,A4_prov_2021-2025_mediana_c932_m0.25_r1.25_e1.2_s1_u0.0,"brecha=P-c(1+m)-S/e; clases 1-4,9",2021,2026,52,,,,,,,"clases={""1"": 29, ""2"": 2, ""3"": 19, ""4"": 0, ""9"": 2}"
A4_prov_2021-2025,A4_prov_2021-2025_mediana_c932_m0.25_r1.25_e1.2_s1_u0.1,"brecha=P-c(1+m)-S/e; clases 1-4,9",2021,2026,52,,,,,,,"clases={""1"": 26, ""2"": 5, ""3"": 19, ""4"": 0, ""9"": 2}"
A4_prov_2021-2025,A4_prov_2021-2025_mediana_c932_m0.25_r1.25_e1.2_s1_u0.25,"brecha=P-c(1+m)-S/e; clases 1-4,9",2021,2026,52,,,,,,,"clases={""1"": 25, ""2"": 6, ""3"": 19, ""4"": 0, ""9"": 2}"
A4_prov_2021-2025,A4_prov_2021-2025_mediana_c932_m0.25_r1.25_e1.6_s0_u0.0,"brecha=P-c(1+m)-S/e; clases 1-4,9",2021,2026,52,,,,,,,"clases={""1"": 31, ""2"": 2, ""3"": 17, ""4"": 0, ""9"": 2}"
A4_prov_2021-2025,A4_prov_2021-2025_mediana_c932_m0.25_r1.25_e1.6_s0_u0.1,"brecha=P-c(1+m)-S/e; clases 1-4,9",2021,2026,52,,,,,,,"clases={""1"": 28, ""2"": 5, ""3"": 17, ""4"": 0, ""9"": 2}"
A4_prov_2021-2025,A4_prov_2021-2025_mediana_c932_m0.25_r1.25_e1.6_s0_u0.25,"brecha=P-c(1+m)-S/e; clases 1-4,9",2021,2026,52,,,,,,,"clases={""1"": 26, ""2"": 7, ""3"": 17, ""4"": 0, ""9"": 2}"
A4_prov_2021-2025,A4_prov_2021-2025_mediana_c932_m0.25_r1.25_e1.6_s1_u0.0,"brecha=P-c(1+m)-S/e; clases 1-4,9",2021,2026,52,,,,,,,"clases={""1"": 30, ""2"": 2, ""3"": 18, ""4"": 0, ""9"": 2}"
A4_prov_2021-2025,A4_prov_2021-2025_mediana_c932_m0.25_r1.25_e1.6_s1_u0.1,"brecha=P-c(1+m)-S/e; clases 1-4,9",2021,2026,52,,,,,,,"clases={""1"": 27, ""2"": 5, ""3"": 18, ""4"": 0, ""9"": 2}"
A4_prov_2021-2025,A4_prov_2021-2025_mediana_c932_m0.25_r1.25_e1.6_s1_u0.25,"brecha=P-c(1+m)-S/e; clases 1-4,9",2021,2026,52,,,,,,,"clases={""1"": 25, ""2"": 7, ""3"": 18, ""4"": 0, ""9"": 2}"
A4_prov_2021-2025,A4_prov_2021-2025_mediana_c932_m0.25_r1.5_e0.8_s0_u0.0,"brecha=P-c(1+m)-S/e; clases 1-4,9",2021,2026,52,,,,,,,"clases={""1"": 30, ""2"": 2, ""3"": 18, ""4"": 0, ""9"": 2}"
A4_prov_2021-2025,A4_prov_2021-2025_mediana_c932_m0.25_r1.5_e0.8_s0_u0.1,"brecha=P-c(1+m)-S/e; clases 1-4,9",2021,2026,52,,,,,,,"clases={""1"": 28, ""2"": 4, ""3"": 18, ""4"": 0, ""9"": 2}"
A4_prov_2021-2025,A4_prov_2021-2025_mediana_c932_m0.25_r1.5_e0.8_s0_u0.25,"brecha=P-c(1+m)-S/e; clases 1-4,9",2021,2026,52,,,,,,,"clases={""1"": 27, ""2"": 5, ""3"": 18, ""4"": 0, ""9"": 2}"
A4_prov_2021-2025,A4_prov_2021-2025_mediana_c932_m0.25_r1.5_e0.8_s1_u0.0,"brecha=P-c(1+m)-S/e; clases 1-4,9",2021,2026,52,,,,,,,"clases={""1"": 26, ""2"": 1, ""3"": 23, ""4"": 0, ""9"": 2}"
A4_prov_2021-2025,A4_prov_2021-2025_mediana_c932_m0.25_r1.5_e0.8_s1_u0.1,"brecha=P-c(1+m)-S/e; clases 1-4,9",2021,2026,52,,,,,,,"clases={""1"": 24, ""2"": 3, ""3"": 23, ""4"": 0, ""9"": 2}"
A4_prov_2021-2025,A4_prov_2021-2025_mediana_c932_m0.25_r1.5_e0.8_s1_u0.25,"brecha=P-c(1+m)-S/e; clases 1-4,9",2021,2026,52,,,,,,,"clases={""1"": 24, ""2"": 3, ""3"": 23, ""4"": 0, ""9"": 2}"
A4_prov_2021-2025,A4_prov_2021-2025_mediana_c932_m0.25_r1.5_e1.2_s0_u0.0,"brecha=P-c(1+m)-S/e; clases 1-4,9",2021,2026,52,,,,,,,"clases={""1"": 30, ""2"": 2, ""3"": 18, ""4"": 0, ""9"": 2}"
A4_prov_2021-2025,A4_prov_2021-2025_mediana_c932_m0.25_r1.5_e1.2_s0_u0.1,"brecha=P-c(1+m)-S/e; clases 1-4,9",2021,2026,52,,,,,,,"clases={""1"": 28, ""2"": 4, ""3"": 18, ""4"": 0, ""9"": 2}"
A4_prov_2021-2025,A4_prov_2021-2025_mediana_c932_m0.25_r1.5_e1.2_s0_u0.25,"brecha=P-c(1+m)-S/e; clases 1-4,9",2021,2026,52,,,,,,,"clases={""1"": 27, ""2"": 5, ""3"": 18, ""4"": 0, ""9"": 2}"
A4_prov_2021-2025,A4_prov_2021-2025_mediana_c932_m0.25_r1.5_e1.2_s1_u0.0,"brecha=P-c(1+m)-S/e; clases 1-4,9",2021,2026,52,,,,,,,"clases={""1"": 29, ""2"": 2, ""3"": 19, ""4"": 0, ""9"": 2}"
A4_prov_2021-2025,A4_prov_2021-2025_mediana_c932_m0.25_r1.5_e1.2_s1_u0.1,"brecha=P-c(1+m)-S/e; clases 1-4,9",2021,2026,52,,,,,,,"clases={""1"": 27, ""2"": 4, ""3"": 19, ""4"": 0, ""9"": 2}"
A4_prov_2021-2025,A4_prov_2021-2025_mediana_c932_m0.25_r1.5_e1.2_s1_u0.25,"brecha=P-c(1+m)-S/e; clases 1-4,9",2021,2026,52,,,,,,,"clases={""1"": 26, ""2"": 5, ""3"": 19, ""4"": 0, ""9"": 2}"
A4_prov_2021-2025,A4_prov_2021-2025_mediana_c932_m0.25_r1.5_e1.6_s0_u0.0,"brecha=P-c(1+m)-S/e; clases 1-4,9",2021,2026,52,,,,,,,"clases={""1"": 31, ""2"": 2, ""3"": 17, ""4"": 0, ""9"": 2}"
A4_prov_2021-2025,A4_prov_2021-2025_mediana_c932_m0.25_r1.5_e1.6_s0_u0.1,"brecha=P-c(1+m)-S/e; clases 1-4,9",2021,2026,52,,,,,,,"clases={""1"": 29, ""2"": 4, ""3"": 17, ""4"": 0, ""9"": 2}"
A4_prov_2021-2025,A4_prov_2021-2025_mediana_c932_m0.25_r1.5_e1.6_s0_u0.25,"brecha=P-c(1+m)-S/e; clases 1-4,9",2021,2026,52,,,,,,,"clases={""1"": 28, ""2"": 5, ""3"": 17, ""4"": 0, ""9"": 2}"
A4_prov_2021-2025,A4_prov_2021-2025_mediana_c932_m0.25_r1.5_e1.6_s1_u0.0,"brecha=P-c(1+m)-S/e; clases 1-4,9",2021,2026,52,,,,,,,"clases={""1"": 30, ""2"": 2, ""3"": 18, ""4"": 0, ""9"": 2}"
A4_prov_2021-2025,A4_prov_2021-2025_mediana_c932_m0.25_r1.5_e1.6_s1_u0.1,"brecha=P-c(1+m)-S/e; clases 1-4,9",2021,2026,52,,,,,,,"clases={""1"": 28, ""2"": 4, ""3"": 18, ""4"": 0, ""9"": 2}"
A4_prov_2021-2025,A4_prov_2021-2025_mediana_c932_m0.25_r1.5_e1.6_s1_u0.25,"brecha=P-c(1+m)-S/e; clases 1-4,9",2021,2026,52,,,,,,,"clases={""1"": 27, ""2"": 5, ""3"": 18, ""4"": 0, ""9"": 2}"
A4_prov_2021-2025,A4_prov_2021-2025_max_c422_m0.15_r1.25_e0.8_s0_u0.0,"brecha=P-c(1+m)-S/e; clases 1-4,9",2021,2026,52,,,,,,,"clases={""1"": 44, ""2"": 6, ""3"": 0, ""4"": 0, ""9"": 2}"
A4_prov_2021-2025,A4_prov_2021-2025_max_c422_m0.15_r1.25_e0.8_s0_u0.1,"brecha=P-c(1+m)-S/e; clases 1-4,9",2021,2026,52,,,,,,,"clases={""1"": 39, ""2"": 11, ""3"": 0, ""4"": 0, ""9"": 2}"
A4_prov_2021-2025,A4_prov_2021-2025_max_c422_m0.15_r1.25_e0.8_s0_u0.25,"brecha=P-c(1+m)-S/e; clases 1-4,9",2021,2026,52,,,,,,,"clases={""1"": 33, ""2"": 17, ""3"": 0, ""4"": 0, ""9"": 2}"
A4_prov_2021-2025,A4_prov_2021-2025_max_c422_m0.15_r1.25_e0.8_s1_u0.0,"brecha=P-c(1+m)-S/e; clases 1-4,9",2021,2026,52,,,,,,,"clases={""1"": 43, ""2"": 6, ""3"": 1, ""4"": 0, ""9"": 2}"
A4_prov_2021-2025,A4_prov_2021-2025_max_c422_m0.15_r1.25_e0.8_s1_u0.1,"brecha=P-c(1+m)-S/e; clases 1-4,9",2021,2026,52,,,,,,,"clases={""1"": 38, ""2"": 11, ""3"": 1, ""4"": 0, ""9"": 2}"
A4_prov_2021-2025,A4_prov_2021-2025_max_c422_m0.15_r1.25_e0.8_s1_u0.25,"brecha=P-c(1+m)-S/e; clases 1-4,9",2021,2026,52,,,,,,,"clases={""1"": 33, ""2"": 16, ""3"": 1, ""4"": 0, ""9"": 2}"
A4_prov_2021-2025,A4_prov_2021-2025_max_c422_m0.15_r1.25_e1.2_s0_u0.0,"brecha=P-c(1+m)-S/e; clases 1-4,9",2021,2026,52,,,,,,,"clases={""1"": 44, ""2"": 6, ""3"": 0, ""4"": 0, ""9"": 2}"
A4_prov_2021-2025,A4_prov_2021-2025_max_c422_m0.15_r1.25_e1.2_s0_u0.1,"brecha=P-c(1+m)-S/e; clases 1-4,9",2021,2026,52,,,,,,,"clases={""1"": 39, ""2"": 11, ""3"": 0, ""4"": 0, ""9"": 2}"
A4_prov_2021-2025,A4_prov_2021-2025_max_c422_m0.15_r1.25_e1.2_s0_u0.25,"brecha=P-c(1+m)-S/e; clases 1-4,9",2021,2026,52,,,,,,,"clases={""1"": 33, ""2"": 17, ""3"": 0, ""4"": 0, ""9"": 2}"
A4_prov_2021-2025,A4_prov_2021-2025_max_c422_m0.15_r1.25_e1.2_s1_u0.0,"brecha=P-c(1+m)-S/e; clases 1-4,9",2021,2026,52,,,,,,,"clases={""1"": 44, ""2"": 6, ""3"": 0, ""4"": 0, ""9"": 2}"
A4_prov_2021-2025,A4_prov_2021-2025_max_c422_m0.15_r1.25_e1.2_s1_u0.1,"brecha=P-c(1+m)-S/e; clases 1-4,9",2021,2026,52,,,,,,,"clases={""1"": 39, ""2"": 11, ""3"": 0, ""4"": 0, ""9"": 2}"
A4_prov_2021-2025,A4_prov_2021-2025_max_c422_m0.15_r1.25_e1.2_s1_u0.25,"brecha=P-c(1+m)-S/e; clases 1-4,9",2021,2026,52,,,,,,,"clases={""1"": 33, ""2"": 17, ""3"": 0, ""4"": 0, ""9"": 2}"
A4_prov_2021-2025,A4_prov_2021-2025_max_c422_m0.15_r1.25_e1.6_s0_u0.0,"brecha=P-c(1+m)-S/e; clases 1-4,9",2021,2026,52,,,,,,,"clases={""1"": 44, ""2"": 6, ""3"": 0, ""4"": 0, ""9"": 2}"
A4_prov_2021-2025,A4_prov_2021-2025_max_c422_m0.15_r1.25_e1.6_s0_u0.1,"brecha=P-c(1+m)-S/e; clases 1-4,9",2021,2026,52,,,,,,,"clases={""1"": 39, ""2"": 11, ""3"": 0, ""4"": 0, ""9"": 2}"
A4_prov_2021-2025,A4_prov_2021-2025_max_c422_m0.15_r1.25_e1.6_s0_u0.25,"brecha=P-c(1+m)-S/e; clases 1-4,9",2021,2026,52,,,,,,,"clases={""1"": 33, ""2"": 17, ""3"": 0, ""4"": 0, ""9"": 2}"
A4_prov_2021-2025,A4_prov_2021-2025_max_c422_m0.15_r1.25_e1.6_s1_u0.0,"brecha=P-c(1+m)-S/e; clases 1-4,9",2021,2026,52,,,,,,,"clases={""1"": 44, ""2"": 6, ""3"": 0, ""4"": 0, ""9"": 2}"
A4_prov_2021-2025,A4_prov_2021-2025_max_c422_m0.15_r1.25_e1.6_s1_u0.1,"brecha=P-c(1+m)-S/e; clases 1-4,9",2021,2026,52,,,,,,,"clases={""1"": 39, ""2"": 11, ""3"": 0, ""4"": 0, ""9"": 2}"
A4_prov_2021-2025,A4_prov_2021-2025_max_c422_m0.15_r1.25_e1.6_s1_u0.25,"brecha=P-c(1+m)-S/e; clases 1-4,9",2021,2026,52,,,,,,,"clases={""1"": 33, ""2"": 17, ""3"": 0, ""4"": 0, ""9"": 2}"
A4_prov_2021-2025,A4_prov_2021-2025_max_c422_m0.15_r1.5_e0.8_s0_u0.0,"brecha=P-c(1+m)-S/e; clases 1-4,9",2021,2026,52,,,,,,,"clases={""1"": 44, ""2"": 6, ""3"": 0, ""4"": 0, ""9"": 2}"
A4_prov_2021-2025,A4_prov_2021-2025_max_c422_m0.15_r1.5_e0.8_s0_u0.1,"brecha=P-c(1+m)-S/e; clases 1-4,9",2021,2026,52,,,,,,,"clases={""1"": 39, ""2"": 11, ""3"": 0, ""4"": 0, ""9"": 2}"
A4_prov_2021-2025,A4_prov_2021-2025_max_c422_m0.15_r1.5_e0.8_s0_u0.25,"brecha=P-c(1+m)-S/e; clases 1-4,9",2021,2026,52,,,,,,,"clases={""1"": 34, ""2"": 16, ""3"": 0, ""4"": 0, ""9"": 2}"
A4_prov_2021-2025,A4_prov_2021-2025_max_c422_m0.15_r1.5_e0.8_s1_u0.0,"brecha=P-c(1+m)-S/e; clases 1-4,9",2021,2026,52,,,,,,,"clases={""1"": 44, ""2"": 5, ""3"": 1, ""4"": 0, ""9"": 2}"
A4_prov_2021-2025,A4_prov_2021-2025_max_c422_m0.15_r1.5_e0.8_s1_u0.1,"brecha=P-c(1+m)-S/e; clases 1-4,9",2021,2026,52,,,,,,,"clases={""1"": 39, ""2"": 10, ""3"": 1, ""4"": 0, ""9"": 2}"
A4_prov_2021-2025,A4_prov_2021-2025_max_c422_m0.15_r1.5_e0.8_s1_u0.25,"brecha=P-c(1+m)-S/e; clases 1-4,9",2021,2026,52,,,,,,,"clases={""1"": 34, ""2"": 15, ""3"": 1, ""4"": 0, ""9"": 2}"
A4_prov_2021-2025,A4_prov_2021-2025_max_c422_m0.15_r1.5_e1.2_s0_u0.0,"brecha=P-c(1+m)-S/e; clases 1-4,9",2021,2026,52,,,,,,,"clases={""1"": 44, ""2"": 6, ""3"": 0, ""4"": 0, ""9"": 2}"
A4_prov_2021-2025,A4_prov_2021-2025_max_c422_m0.15_r1.5_e1.2_s0_u0.1,"brecha=P-c(1+m)-S/e; clases 1-4,9",2021,2026,52,,,,,,,"clases={""1"": 39, ""2"": 11, ""3"": 0, ""4"": 0, ""9"": 2}"
A4_prov_2021-2025,A4_prov_2021-2025_max_c422_m0.15_r1.5_e1.2_s0_u0.25,"brecha=P-c(1+m)-S/e; clases 1-4,9",2021,2026,52,,,,,,,"clases={""1"": 33, ""2"": 17, ""3"": 0, ""4"": 0, ""9"": 2}"
A4_prov_2021-2025,A4_prov_2021-2025_max_c422_m0.15_r1.5_e1.2_s1_u0.0,"brecha=P-c(1+m)-S/e; clases 1-4,9",2021,2026,52,,,,,,,"clases={""1"": 44, ""2"": 6, ""3"": 0, ""4"": 0, ""9"": 2}"
A4_prov_2021-2025,A4_prov_2021-2025_max_c422_m0.15_r1.5_e1.2_s1_u0.1,"brecha=P-c(1+m)-S/e; clases 1-4,9",2021,2026,52,,,,,,,"clases={""1"": 39, ""2"": 11, ""3"": 0, ""4"": 0, ""9"": 2}"
A4_prov_2021-2025,A4_prov_2021-2025_max_c422_m0.15_r1.5_e1.2_s1_u0.25,"brecha=P-c(1+m)-S/e; clases 1-4,9",2021,2026,52,,,,,,,"clases={""1"": 34, ""2"": 16, ""3"": 0, ""4"": 0, ""9"": 2}"
A4_prov_2021-2025,A4_prov_2021-2025_max_c422_m0.15_r1.5_e1.6_s0_u0.0,"brecha=P-c(1+m)-S/e; clases 1-4,9",2021,2026,52,,,,,,,"clases={""1"": 44, ""2"": 6, ""3"": 0, ""4"": 0, ""9"": 2}"
A4_prov_2021-2025,A4_prov_2021-2025_max_c422_m0.15_r1.5_e1.6_s0_u0.1,"brecha=P-c(1+m)-S/e; clases 1-4,9",2021,2026,52,,,,,,,"clases={""1"": 39, ""2"": 11, ""3"": 0, ""4"": 0, ""9"": 2}"
A4_prov_2021-2025,A4_prov_2021-2025_max_c422_m0.15_r1.5_e1.6_s0_u0.25,"brecha=P-c(1+m)-S/e; clases 1-4,9",2021,2026,52,,,,,,,"clases={""1"": 33, ""2"": 17, ""3"": 0, ""4"": 0, ""9"": 2}"
A4_prov_2021-2025,A4_prov_2021-2025_max_c422_m0.15_r1.5_e1.6_s1_u0.0,"brecha=P-c(1+m)-S/e; clases 1-4,9",2021,2026,52,,,,,,,"clases={""1"": 44, ""2"": 6, ""3"": 0, ""4"": 0, ""9"": 2}"
A4_prov_2021-2025,A4_prov_2021-2025_max_c422_m0.15_r1.5_e1.6_s1_u0.1,"brecha=P-c(1+m)-S/e; clases 1-4,9",2021,2026,52,,,,,,,"clases={""1"": 39, ""2"": 11, ""3"": 0, ""4"": 0, ""9"": 2}"
A4_prov_2021-2025,A4_prov_2021-2025_max_c422_m0.15_r1.5_e1.6_s1_u0.25,"brecha=P-c(1+m)-S/e; clases 1-4,9",2021,2026,52,,,,,,,"clases={""1"": 33, ""2"": 17, ""3"": 0, ""4"": 0, ""9"": 2}"
A4_prov_2021-2025,A4_prov_2021-2025_max_c422_m0.2_r1.25_e0.8_s0_u0.0,"brecha=P-c(1+m)-S/e; clases 1-4,9",2021,2026,52,,,,,,,"clases={""1"": 44, ""2"": 6, ""3"": 0, ""4"": 0, ""9"": 2}"
A4_prov_2021-2025,A4_prov_2021-2025_max_c422_m0.2_r1.25_e0.8_s0_u0.1,"brecha=P-c(1+m)-S/e; clases 1-4,9",2021,2026,52,,,,,,,"clases={""1"": 39, ""2"": 11, ""3"": 0, ""4"": 0, ""9"": 2}"
A4_prov_2021-2025,A4_prov_2021-2025_max_c422_m0.2_r1.25_e0.8_s0_u0.25,"brecha=P-c(1+m)-S/e; clases 1-4,9",2021,2026,52,,,,,,,"clases={""1"": 33, ""2"": 17, ""3"": 0, ""4"": 0, ""9"": 2}"
A4_prov_2021-2025,A4_prov_2021-2025_max_c422_m0.2_r1.25_e0.8_s1_u0.0,"brecha=P-c(1+m)-S/e; clases 1-4,9",2021,2026,52,,,,,,,"clases={""1"": 43, ""2"": 6, ""3"": 1, ""4"": 0, ""9"": 2}"
A4_prov_2021-2025,A4_prov_2021-2025_max_c422_m0.2_r1.25_e0.8_s1_u0.1,"brecha=P-c(1+m)-S/e; clases 1-4,9",2021,2026,52,,,,,,,"clases={""1"": 38, ""2"": 11, ""3"": 1, ""4"": 0, ""9"": 2}"
A4_prov_2021-2025,A4_prov_2021-2025_max_c422_m0.2_r1.25_e0.8_s1_u0.25,"brecha=P-c(1+m)-S/e; clases 1-4,9",2021,2026,52,,,,,,,"clases={""1"": 33, ""2"": 16, ""3"": 1, ""4"": 0, ""9"": 2}"
A4_prov_2021-2025,A4_prov_2021-2025_max_c422_m0.2_r1.25_e1.2_s0_u0.0,"brecha=P-c(1+m)-S/e; clases 1-4,9",2021,2026,52,,,,,,,"clases={""1"": 44, ""2"": 6, ""3"": 0, ""4"": 0, ""9"": 2}"
A4_prov_2021-2025,A4_prov_2021-2025_max_c422_m0.2_r1.25_e1.2_s0_u0.1,"brecha=P-c(1+m)-S/e; clases 1-4,9",2021,2026,52,,,,,,,"clases={""1"": 39, ""2"": 11, ""3"": 0, ""4"": 0, ""9"": 2}"
A4_prov_2021-2025,A4_prov_2021-2025_max_c422_m0.2_r1.25_e1.2_s0_u0.25,"brecha=P-c(1+m)-S/e; clases 1-4,9",2021,2026,52,,,,,,,"clases={""1"": 33, ""2"": 17, ""3"": 0, ""4"": 0, ""9"": 2}"
A4_prov_2021-2025,A4_prov_2021-2025_max_c422_m0.2_r1.25_e1.2_s1_u0.0,"brecha=P-c(1+m)-S/e; clases 1-4,9",2021,2026,52,,,,,,,"clases={""1"": 44, ""2"": 6, ""3"": 0, ""4"": 0, ""9"": 2}"
A4_prov_2021-2025,A4_prov_2021-2025_max_c422_m0.2_r1.25_e1.2_s1_u0.1,"brecha=P-c(1+m)-S/e; clases 1-4,9",2021,2026,52,,,,,,,"clases={""1"": 39, ""2"": 11, ""3"": 0, ""4"": 0, ""9"": 2}"
A4_prov_2021-2025,A4_prov_2021-2025_max_c422_m0.2_r1.25_e1.2_s1_u0.25,"brecha=P-c(1+m)-S/e; clases 1-4,9",2021,2026,52,,,,,,,"clases={""1"": 33, ""2"": 17, ""3"": 0, ""4"": 0, ""9"": 2}"
A4_prov_2021-2025,A4_prov_2021-2025_max_c422_m0.2_r1.25_e1.6_s0_u0.0,"brecha=P-c(1+m)-S/e; clases 1-4,9",2021,2026,52,,,,,,,"clases={""1"": 44, ""2"": 6, ""3"": 0, ""4"": 0, ""9"": 2}"
A4_prov_2021-2025,A4_prov_2021-2025_max_c422_m0.2_r1.25_e1.6_s0_u0.1,"brecha=P-c(1+m)-S/e; clases 1-4,9",2021,2026,52,,,,,,,"clases={""1"": 39, ""2"": 11, ""3"": 0, ""4"": 0, ""9"": 2}"
A4_prov_2021-2025,A4_prov_2021-2025_max_c422_m0.2_r1.25_e1.6_s0_u0.25,"brecha=P-c(1+m)-S/e; clases 1-4,9",2021,2026,52,,,,,,,"clases={""1"": 33, ""2"": 17, ""3"": 0, ""4"": 0, ""9"": 2}"
A4_prov_2021-2025,A4_prov_2021-2025_max_c422_m0.2_r1.25_e1.6_s1_u0.0,"brecha=P-c(1+m)-S/e; clases 1-4,9",2021,2026,52,,,,,,,"clases={""1"": 44, ""2"": 6, ""3"": 0, ""4"": 0, ""9"": 2}"
A4_prov_2021-2025,A4_prov_2021-2025_max_c422_m0.2_r1.25_e1.6_s1_u0.1,"brecha=P-c(1+m)-S/e; clases 1-4,9",2021,2026,52,,,,,,,"clases={""1"": 39, ""2"": 11, ""3"": 0, ""4"": 0, ""9"": 2}"
A4_prov_2021-2025,A4_prov_2021-2025_max_c422_m0.2_r1.25_e1.6_s1_u0.25,"brecha=P-c(1+m)-S/e; clases 1-4,9",2021,2026,52,,,,,,,"clases={""1"": 33, ""2"": 17, ""3"": 0, ""4"": 0, ""9"": 2}"
A4_prov_2021-2025,A4_prov_2021-2025_max_c422_m0.2_r1.5_e0.8_s0_u0.0,"brecha=P-c(1+m)-S/e; clases 1-4,9",2021,2026,52,,,,,,,"clases={""1"": 44, ""2"": 6, ""3"": 0, ""4"": 0, ""9"": 2}"
A4_prov_2021-2025,A4_prov_2021-2025_max_c422_m0.2_r1.5_e0.8_s0_u0.1,"brecha=P-c(1+m)-S/e; clases 1-4,9",2021,2026,52,,,,,,,"clases={""1"": 39, ""2"": 11, ""3"": 0, ""4"": 0, ""9"": 2}"
A4_prov_2021-2025,A4_prov_2021-2025_max_c422_m0.2_r1.5_e0.8_s0_u0.25,"brecha=P-c(1+m)-S/e; clases 1-4,9",2021,2026,52,,,,,,,"clases={""1"": 34, ""2"": 16, ""3"": 0, ""4"": 0, ""9"": 2}"
A4_prov_2021-2025,A4_prov_2021-2025_max_c422_m0.2_r1.5_e0.8_s1_u0.0,"brecha=P-c(1+m)-S/e; clases 1-4,9",2021,2026,52,,,,,,,"clases={""1"": 44, ""2"": 5, ""3"": 1, ""4"": 0, ""9"": 2}"
A4_prov_2021-2025,A4_prov_2021-2025_max_c422_m0.2_r1.5_e0.8_s1_u0.1,"brecha=P-c(1+m)-S/e; clases 1-4,9",2021,2026,52,,,,,,,"clases={""1"": 39, ""2"": 10, ""3"": 1, ""4"": 0, ""9"": 2}"
A4_prov_2021-2025,A4_prov_2021-2025_max_c422_m0.2_r1.5_e0.8_s1_u0.25,"brecha=P-c(1+m)-S/e; clases 1-4,9",2021,2026,52,,,,,,,"clases={""1"": 34, ""2"": 15, ""3"": 1, ""4"": 0, ""9"": 2}"
A4_prov_2021-2025,A4_prov_2021-2025_max_c422_m0.2_r1.5_e1.2_s0_u0.0,"brecha=P-c(1+m)-S/e; clases 1-4,9",2021,2026,52,,,,,,,"clases={""1"": 44, ""2"": 6, ""3"": 0, ""4"": 0, ""9"": 2}"
A4_prov_2021-2025,A4_prov_2021-2025_max_c422_m0.2_r1.5_e1.2_s0_u0.1,"brecha=P-c(1+m)-S/e; clases 1-4,9",2021,2026,52,,,,,,,"clases={""1"": 39, ""2"": 11, ""3"": 0, ""4"": 0, ""9"": 2}"
A4_prov_2021-2025,A4_prov_2021-2025_max_c422_m0.2_r1.5_e1.2_s0_u0.25,"brecha=P-c(1+m)-S/e; clases 1-4,9",2021,2026,52,,,,,,,"clases={""1"": 33, ""2"": 17, ""3"": 0, ""4"": 0, ""9"": 2}"
A4_prov_2021-2025,A4_prov_2021-2025_max_c422_m0.2_r1.5_e1.2_s1_u0.0,"brecha=P-c(1+m)-S/e; clases 1-4,9",2021,2026,52,,,,,,,"clases={""1"": 44, ""2"": 6, ""3"": 0, ""4"": 0, ""9"": 2}"
A4_prov_2021-2025,A4_prov_2021-2025_max_c422_m0.2_r1.5_e1.2_s1_u0.1,"brecha=P-c(1+m)-S/e; clases 1-4,9",2021,2026,52,,,,,,,"clases={""1"": 39, ""2"": 11, ""3"": 0, ""4"": 0, ""9"": 2}"
A4_prov_2021-2025,A4_prov_2021-2025_max_c422_m0.2_r1.5_e1.2_s1_u0.25,"brecha=P-c(1+m)-S/e; clases 1-4,9",2021,2026,52,,,,,,,"clases={""1"": 34, ""2"": 16, ""3"": 0, ""4"": 0, ""9"": 2}"
A4_prov_2021-2025,A4_prov_2021-2025_max_c422_m0.2_r1.5_e1.6_s0_u0.0,"brecha=P-c(1+m)-S/e; clases 1-4,9",2021,2026,52,,,,,,,"clases={""1"": 44, ""2"": 6, ""3"": 0, ""4"": 0, ""9"": 2}"
A4_prov_2021-2025,A4_prov_2021-2025_max_c422_m0.2_r1.5_e1.6_s0_u0.1,"brecha=P-c(1+m)-S/e; clases 1-4,9",2021,2026,52,,,,,,,"clases={""1"": 39, ""2"": 11, ""3"": 0, ""4"": 0, ""9"": 2}"
A4_prov_2021-2025,A4_prov_2021-2025_max_c422_m0.2_r1.5_e1.6_s0_u0.25,"brecha=P-c(1+m)-S/e; clases 1-4,9",2021,2026,52,,,,,,,"clases={""1"": 33, ""2"": 17, ""3"": 0, ""4"": 0, ""9"": 2}"
A4_prov_2021-2025,A4_prov_2021-2025_max_c422_m0.2_r1.5_e1.6_s1_u0.0,"brecha=P-c(1+m)-S/e; clases 1-4,9",2021,2026,52,,,,,,,"clases={""1"": 44, ""2"": 6, ""3"": 0, ""4"": 0, ""9"": 2}"
A4_prov_2021-2025,A4_prov_2021-2025_max_c422_m0.2_r1.5_e1.6_s1_u0.1,"brecha=P-c(1+m)-S/e; clases 1-4,9",2021,2026,52,,,,,,,"clases={""1"": 39, ""2"": 11, ""3"": 0, ""4"": 0, ""9"": 2}"
A4_prov_2021-2025,A4_prov_2021-2025_max_c422_m0.2_r1.5_e1.6_s1_u0.25,"brecha=P-c(1+m)-S/e; clases 1-4,9",2021,2026,52,,,,,,,"clases={""1"": 33, ""2"": 17, ""3"": 0, ""4"": 0, ""9"": 2}"
A4_prov_2021-2025,A4_prov_2021-2025_max_c422_m0.25_r1.25_e0.8_s0_u0.0,"brecha=P-c(1+m)-S/e; clases 1-4,9",2021,2026,52,,,,,,,"clases={""1"": 44, ""2"": 6, ""3"": 0, ""4"": 0, ""9"": 2}"
A4_prov_2021-2025,A4_prov_2021-2025_max_c422_m0.25_r1.25_e0.8_s0_u0.1,"brecha=P-c(1+m)-S/e; clases 1-4,9",2021,2026,52,,,,,,,"clases={""1"": 39, ""2"": 11, ""3"": 0, ""4"": 0, ""9"": 2}"
A4_prov_2021-2025,A4_prov_2021-2025_max_c422_m0.25_r1.25_e0.8_s0_u0.25,"brecha=P-c(1+m)-S/e; clases 1-4,9",2021,2026,52,,,,,,,"clases={""1"": 33, ""2"": 17, ""3"": 0, ""4"": 0, ""9"": 2}"
A4_prov_2021-2025,A4_prov_2021-2025_max_c422_m0.25_r1.25_e0.8_s1_u0.0,"brecha=P-c(1+m)-S/e; clases 1-4,9",2021,2026,52,,,,,,,"clases={""1"": 43, ""2"": 6, ""3"": 1, ""4"": 0, ""9"": 2}"
A4_prov_2021-2025,A4_prov_2021-2025_max_c422_m0.25_r1.25_e0.8_s1_u0.1,"brecha=P-c(1+m)-S/e; clases 1-4,9",2021,2026,52,,,,,,,"clases={""1"": 38, ""2"": 11, ""3"": 1, ""4"": 0, ""9"": 2}"
A4_prov_2021-2025,A4_prov_2021-2025_max_c422_m0.25_r1.25_e0.8_s1_u0.25,"brecha=P-c(1+m)-S/e; clases 1-4,9",2021,2026,52,,,,,,,"clases={""1"": 33, ""2"": 16, ""3"": 1, ""4"": 0, ""9"": 2}"
A4_prov_2021-2025,A4_prov_2021-2025_max_c422_m0.25_r1.25_e1.2_s0_u0.0,"brecha=P-c(1+m)-S/e; clases 1-4,9",2021,2026,52,,,,,,,"clases={""1"": 44, ""2"": 6, ""3"": 0, ""4"": 0, ""9"": 2}"
A4_prov_2021-2025,A4_prov_2021-2025_max_c422_m0.25_r1.25_e1.2_s0_u0.1,"brecha=P-c(1+m)-S/e; clases 1-4,9",2021,2026,52,,,,,,,"clases={""1"": 39, ""2"": 11, ""3"": 0, ""4"": 0, ""9"": 2}"
A4_prov_2021-2025,A4_prov_2021-2025_max_c422_m0.25_r1.25_e1.2_s0_u0.25,"brecha=P-c(1+m)-S/e; clases 1-4,9",2021,2026,52,,,,,,,"clases={""1"": 33, ""2"": 17, ""3"": 0, ""4"": 0, ""9"": 2}"
A4_prov_2021-2025,A4_prov_2021-2025_max_c422_m0.25_r1.25_e1.2_s1_u0.0,"brecha=P-c(1+m)-S/e; clases 1-4,9",2021,2026,52,,,,,,,"clases={""1"": 44, ""2"": 6, ""3"": 0, ""4"": 0, ""9"": 2}"
A4_prov_2021-2025,A4_prov_2021-2025_max_c422_m0.25_r1.25_e1.2_s1_u0.1,"brecha=P-c(1+m)-S/e; clases 1-4,9",2021,2026,52,,,,,,,"clases={""1"": 39, ""2"": 11, ""3"": 0, ""4"": 0, ""9"": 2}"
A4_prov_2021-2025,A4_prov_2021-2025_max_c422_m0.25_r1.25_e1.2_s1_u0.25,"brecha=P-c(1+m)-S/e; clases 1-4,9",2021,2026,52,,,,,,,"clases={""1"": 33, ""2"": 17, ""3"": 0, ""4"": 0, ""9"": 2}"
A4_prov_2021-2025,A4_prov_2021-2025_max_c422_m0.25_r1.25_e1.6_s0_u0.0,"brecha=P-c(1+m)-S/e; clases 1-4,9",2021,2026,52,,,,,,,"clases={""1"": 44, ""2"": 6, ""3"": 0, ""4"": 0, ""9"": 2}"
A4_prov_2021-2025,A4_prov_2021-2025_max_c422_m0.25_r1.25_e1.6_s0_u0.1,"brecha=P-c(1+m)-S/e; clases 1-4,9",2021,2026,52,,,,,,,"clases={""1"": 39, ""2"": 11, ""3"": 0, ""4"": 0, ""9"": 2}"
A4_prov_2021-2025,A4_prov_2021-2025_max_c422_m0.25_r1.25_e1.6_s0_u0.25,"brecha=P-c(1+m)-S/e; clases 1-4,9",2021,2026,52,,,,,,,"clases={""1"": 33, ""2"": 17, ""3"": 0, ""4"": 0, ""9"": 2}"
A4_prov_2021-2025,A4_prov_2021-2025_max_c422_m0.25_r1.25_e1.6_s1_u0.0,"brecha=P-c(1+m)-S/e; clases 1-4,9",2021,2026,52,,,,,,,"clases={""1"": 44, ""2"": 6, ""3"": 0, ""4"": 0, ""9"": 2}"
A4_prov_2021-2025,A4_prov_2021-2025_max_c422_m0.25_r1.25_e1.6_s1_u0.1,"brecha=P-c(1+m)-S/e; clases 1-4,9",2021,2026,52,,,,,,,"clases={""1"": 39, ""2"": 11, ""3"": 0, ""4"": 0, ""9"": 2}"
A4_prov_2021-2025,A4_prov_2021-2025_max_c422_m0.25_r1.25_e1.6_s1_u0.25,"brecha=P-c(1+m)-S/e; clases 1-4,9",2021,2026,52,,,,,,,"clases={""1"": 33, ""2"": 17, ""3"": 0, ""4"": 0, ""9"": 2}"
A4_prov_2021-2025,A4_prov_2021-2025_max_c422_m0.25_r1.5_e0.8_s0_u0.0,"brecha=P-c(1+m)-S/e; clases 1-4,9",2021,2026,52,,,,,,,"clases={""1"": 44, ""2"": 6, ""3"": 0, ""4"": 0, ""9"": 2}"
A4_prov_2021-2025,A4_prov_2021-2025_max_c422_m0.25_r1.5_e0.8_s0_u0.1,"brecha=P-c(1+m)-S/e; clases 1-4,9",2021,2026,52,,,,,,,"clases={""1"": 39, ""2"": 11, ""3"": 0, ""4"": 0, ""9"": 2}"
A4_prov_2021-2025,A4_prov_2021-2025_max_c422_m0.25_r1.5_e0.8_s0_u0.25,"brecha=P-c(1+m)-S/e; clases 1-4,9",2021,2026,52,,,,,,,"clases={""1"": 34, ""2"": 16, ""3"": 0, ""4"": 0, ""9"": 2}"
A4_prov_2021-2025,A4_prov_2021-2025_max_c422_m0.25_r1.5_e0.8_s1_u0.0,"brecha=P-c(1+m)-S/e; clases 1-4,9",2021,2026,52,,,,,,,"clases={""1"": 44, ""2"": 5, ""3"": 1, ""4"": 0, ""9"": 2}"
A4_prov_2021-2025,A4_prov_2021-2025_max_c422_m0.25_r1.5_e0.8_s1_u0.1,"brecha=P-c(1+m)-S/e; clases 1-4,9",2021,2026,52,,,,,,,"clases={""1"": 39, ""2"": 10, ""3"": 1, ""4"": 0, ""9"": 2}"
A4_prov_2021-2025,A4_prov_2021-2025_max_c422_m0.25_r1.5_e0.8_s1_u0.25,"brecha=P-c(1+m)-S/e; clases 1-4,9",2021,2026,52,,,,,,,"clases={""1"": 34, ""2"": 15, ""3"": 1, ""4"": 0, ""9"": 2}"
A4_prov_2021-2025,A4_prov_2021-2025_max_c422_m0.25_r1.5_e1.2_s0_u0.0,"brecha=P-c(1+m)-S/e; clases 1-4,9",2021,2026,52,,,,,,,"clases={""1"": 44, ""2"": 6, ""3"": 0, ""4"": 0, ""9"": 2}"
A4_prov_2021-2025,A4_prov_2021-2025_max_c422_m0.25_r1.5_e1.2_s0_u0.1,"brecha=P-c(1+m)-S/e; clases 1-4,9",2021,2026,52,,,,,,,"clases={""1"": 39, ""2"": 11, ""3"": 0, ""4"": 0, ""9"": 2}"
A4_prov_2021-2025,A4_prov_2021-2025_max_c422_m0.25_r1.5_e1.2_s0_u0.25,"brecha=P-c(1+m)-S/e; clases 1-4,9",2021,2026,52,,,,,,,"clases={""1"": 33, ""2"": 17, ""3"": 0, ""4"": 0, ""9"": 2}"
A4_prov_2021-2025,A4_prov_2021-2025_max_c422_m0.25_r1.5_e1.2_s1_u0.0,"brecha=P-c(1+m)-S/e; clases 1-4,9",2021,2026,52,,,,,,,"clases={""1"": 44, ""2"": 6, ""3"": 0, ""4"": 0, ""9"": 2}"
A4_prov_2021-2025,A4_prov_2021-2025_max_c422_m0.25_r1.5_e1.2_s1_u0.1,"brecha=P-c(1+m)-S/e; clases 1-4,9",2021,2026,52,,,,,,,"clases={""1"": 39, ""2"": 11, ""3"": 0, ""4"": 0, ""9"": 2}"
A4_prov_2021-2025,A4_prov_2021-2025_max_c422_m0.25_r1.5_e1.2_s1_u0.25,"brecha=P-c(1+m)-S/e; clases 1-4,9",2021,2026,52,,,,,,,"clases={""1"": 34, ""2"": 16, ""3"": 0, ""4"": 0, ""9"": 2}"
A4_prov_2021-2025,A4_prov_2021-2025_max_c422_m0.25_r1.5_e1.6_s0_u0.0,"brecha=P-c(1+m)-S/e; clases 1-4,9",2021,2026,52,,,,,,,"clases={""1"": 44, ""2"": 6, ""3"": 0, ""4"": 0, ""9"": 2}"
A4_prov_2021-2025,A4_prov_2021-2025_max_c422_m0.25_r1.5_e1.6_s0_u0.1,"brecha=P-c(1+m)-S/e; clases 1-4,9",2021,2026,52,,,,,,,"clases={""1"": 39, ""2"": 11, ""3"": 0, ""4"": 0, ""9"": 2}"
A4_prov_2021-2025,A4_prov_2021-2025_max_c422_m0.25_r1.5_e1.6_s0_u0.25,"brecha=P-c(1+m)-S/e; clases 1-4,9",2021,2026,52,,,,,,,"clases={""1"": 33, ""2"": 17, ""3"": 0, ""4"": 0, ""9"": 2}"
A4_prov_2021-2025,A4_prov_2021-2025_max_c422_m0.25_r1.5_e1.6_s1_u0.0,"brecha=P-c(1+m)-S/e; clases 1-4,9",2021,2026,52,,,,,,,"clases={""1"": 44, ""2"": 6, ""3"": 0, ""4"": 0, ""9"": 2}"
A4_prov_2021-2025,A4_prov_2021-2025_max_c422_m0.25_r1.5_e1.6_s1_u0.1,"brecha=P-c(1+m)-S/e; clases 1-4,9",2021,2026,52,,,,,,,"clases={""1"": 39, ""2"": 11, ""3"": 0, ""4"": 0, ""9"": 2}"
A4_prov_2021-2025,A4_prov_2021-2025_max_c422_m0.25_r1.5_e1.6_s1_u0.25,"brecha=P-c(1+m)-S/e; clases 1-4,9",2021,2026,52,,,,,,,"clases={""1"": 33, ""2"": 17, ""3"": 0, ""4"": 0, ""9"": 2}"
A4_prov_2021-2025,A4_prov_2021-2025_max_c549_m0.15_r1.25_e0.8_s0_u0.0,"brecha=P-c(1+m)-S/e; clases 1-4,9",2021,2026,52,,,,,,,"clases={""1"": 44, ""2"": 6, ""3"": 0, ""4"": 0, ""9"": 2}"
A4_prov_2021-2025,A4_prov_2021-2025_max_c549_m0.15_r1.25_e0.8_s0_u0.1,"brecha=P-c(1+m)-S/e; clases 1-4,9",2021,2026,52,,,,,,,"clases={""1"": 39, ""2"": 11, ""3"": 0, ""4"": 0, ""9"": 2}"
A4_prov_2021-2025,A4_prov_2021-2025_max_c549_m0.15_r1.25_e0.8_s0_u0.25,"brecha=P-c(1+m)-S/e; clases 1-4,9",2021,2026,52,,,,,,,"clases={""1"": 34, ""2"": 16, ""3"": 0, ""4"": 0, ""9"": 2}"
A4_prov_2021-2025,A4_prov_2021-2025_max_c549_m0.15_r1.25_e0.8_s1_u0.0,"brecha=P-c(1+m)-S/e; clases 1-4,9",2021,2026,52,,,,,,,"clases={""1"": 42, ""2"": 5, ""3"": 3, ""4"": 0, ""9"": 2}"
A4_prov_2021-2025,A4_prov_2021-2025_max_c549_m0.15_r1.25_e0.8_s1_u0.1,"brecha=P-c(1+m)-S/e; clases 1-4,9",2021,2026,52,,,,,,,"clases={""1"": 37, ""2"": 10, ""3"": 3, ""4"": 0, ""9"": 2}"
A4_prov_2021-2025,A4_prov_2021-2025_max_c549_m0.15_r1.25_e0.8_s1_u0.25,"brecha=P-c(1+m)-S/e; clases 1-4,9",2021,2026,52,,,,,,,"clases={""1"": 32, ""2"": 15, ""3"": 3, ""4"": 0, ""9"": 2}"
A4_prov_2021-2025,A4_prov_2021-2025_max_c549_m0.15_r1.25_e1.2_s0_u0.0,"brecha=P-c(1+m)-S/e; clases 1-4,9",2021,2026,52,,,,,,,"clases={""1"": 44, ""2"": 6, ""3"": 0, ""4"": 0, ""9"": 2}"
A4_prov_2021-2025,A4_prov_2021-2025_max_c549_m0.15_r1.25_e1.2_s0_u0.1,"brecha=P-c(1+m)-S/e; clases 1-4,9",2021,2026,52,,,,,,,"clases={""1"": 39, ""2"": 11, ""3"": 0, ""4"": 0, ""9"": 2}"
A4_prov_2021-2025,A4_prov_2021-2025_max_c549_m0.15_r1.25_e1.2_s0_u0.25,"brecha=P-c(1+m)-S/e; clases 1-4,9",2021,2026,52,,,,,,,"clases={""1"": 33, ""2"": 17, ""3"": 0, ""4"": 0, ""9"": 2}"
A4_prov_2021-2025,A4_prov_2021-2025_max_c549_m0.15_r1.25_e1.2_s1_u0.0,"brecha=P-c(1+m)-S/e; clases 1-4,9",2021,2026,52,,,,,,,"clases={""1"": 43, ""2"": 6, ""3"": 1, ""4"": 0, ""9"": 2}"
A4_prov_2021-2025,A4_prov_2021-2025_max_c549_m0.15_r1.25_e1.2_s1_u0.1,"brecha=P-c(1+m)-S/e; clases 1-4,9",2021,2026,52,,,,,,,"clases={""1"": 38, ""2"": 11, ""3"": 1, ""4"": 0, ""9"": 2}"
A4_prov_2021-2025,A4_prov_2021-2025_max_c549_m0.15_r1.25_e1.2_s1_u0.25,"brecha=P-c(1+m)-S/e; clases 1-4,9",2021,2026,52,,,,,,,"clases={""1"": 33, ""2"": 16, ""3"": 1, ""4"": 0, ""9"": 2}"
A4_prov_2021-2025,A4_prov_2021-2025_max_c549_m0.15_r1.25_e1.6_s0_u0.0,"brecha=P-c(1+m)-S/e; clases 1-4,9",2021,2026,52,,,,,,,"clases={""1"": 44, ""2"": 6, ""3"": 0, ""4"": 0, ""9"": 2}"
A4_prov_2021-2025,A4_prov_2021-2025_max_c549_m0.15_r1.25_e1.6_s0_u0.1,"brecha=P-c(1+m)-S/e; clases 1-4,9",2021,2026,52,,,,,,,"clases={""1"": 39, ""2"": 11, ""3"": 0, ""4"": 0, ""9"": 2}"
A4_prov_2021-2025,A4_prov_2021-2025_max_c549_m0.15_r1.25_e1.6_s0_u0.25,"brecha=P-c(1+m)-S/e; clases 1-4,9",2021,2026,52,,,,,,,"clases={""1"": 33, ""2"": 17, ""3"": 0, ""4"": 0, ""9"": 2}"
A4_prov_2021-2025,A4_prov_2021-2025_max_c549_m0.15_r1.25_e1.6_s1_u0.0,"brecha=P-c(1+m)-S/e; clases 1-4,9",2021,2026,52,,,,,,,"clases={""1"": 44, ""2"": 6, ""3"": 0, ""4"": 0, ""9"": 2}"
A4_prov_2021-2025,A4_prov_2021-2025_max_c549_m0.15_r1.25_e1.6_s1_u0.1,"brecha=P-c(1+m)-S/e; clases 1-4,9",2021,2026,52,,,,,,,"clases={""1"": 39, ""2"": 11, ""3"": 0, ""4"": 0, ""9"": 2}"
A4_prov_2021-2025,A4_prov_2021-2025_max_c549_m0.15_r1.25_e1.6_s1_u0.25,"brecha=P-c(1+m)-S/e; clases 1-4,9",2021,2026,52,,,,,,,"clases={""1"": 33, ""2"": 17, ""3"": 0, ""4"": 0, ""9"": 2}"
A4_prov_2021-2025,A4_prov_2021-2025_max_c549_m0.15_r1.5_e0.8_s0_u0.0,"brecha=P-c(1+m)-S/e; clases 1-4,9",2021,2026,52,,,,,,,"clases={""1"": 45, ""2"": 5, ""3"": 0, ""4"": 0, ""9"": 2}"
A4_prov_2021-2025,A4_prov_2021-2025_max_c549_m0.15_r1.5_e0.8_s0_u0.1,"brecha=P-c(1+m)-S/e; clases 1-4,9",2021,2026,52,,,,,,,"clases={""1"": 42, ""2"": 8, ""3"": 0, ""4"": 0, ""9"": 2}"
A4_prov_2021-2025,A4_prov_2021-2025_max_c549_m0.15_r1.5_e0.8_s0_u0.25,"brecha=P-c(1+m)-S/e; clases 1-4,9",2021,2026,52,,,,,,,"clases={""1"": 38, ""2"": 12, ""3"": 0, ""4"": 0, ""9"": 2}"
A4_prov_2021-2025,A4_prov_2021-2025_max_c549_m0.15_r1.5_e0.8_s1_u0.0,"brecha=P-c(1+m)-S/e; clases 1-4,9",2021,2026,52,,,,,,,"clases={""1"": 42, ""2"": 5, ""3"": 3, ""4"": 0, ""9"": 2}"
A4_prov_2021-2025,A4_prov_2021-2025_max_c549_m0.15_r1.5_e0.8_s1_u0.1,"brecha=P-c(1+m)-S/e; clases 1-4,9",2021,2026,52,,,,,,,"clases={""1"": 39, ""2"": 8, ""3"": 3, ""4"": 0, ""9"": 2}"
A4_prov_2021-2025,A4_prov_2021-2025_max_c549_m0.15_r1.5_e0.8_s1_u0.25,"brecha=P-c(1+m)-S/e; clases 1-4,9",2021,2026,52,,,,,,,"clases={""1"": 37, ""2"": 10, ""3"": 3, ""4"": 0, ""9"": 2}"
A4_prov_2021-2025,A4_prov_2021-2025_max_c549_m0.15_r1.5_e1.2_s0_u0.0,"brecha=P-c(1+m)-S/e; clases 1-4,9",2021,2026,52,,,,,,,"clases={""1"": 44, ""2"": 6, ""3"": 0, ""4"": 0, ""9"": 2}"
A4_prov_2021-2025,A4_prov_2021-2025_max_c549_m0.15_r1.5_e1.2_s0_u0.1,"brecha=P-c(1+m)-S/e; clases 1-4,9",2021,2026,52,,,,,,,"clases={""1"": 39, ""2"": 11, ""3"": 0, ""4"": 0, ""9"": 2}"
A4_prov_2021-2025,A4_prov_2021-2025_max_c549_m0.15_r1.5_e1.2_s0_u0.25,"brecha=P-c(1+m)-S/e; clases 1-4,9",2021,2026,52,,,,,,,"clases={""1"": 35, ""2"": 15, ""3"": 0, ""4"": 0, ""9"": 2}"
A4_prov_2021-2025,A4_prov_2021-2025_max_c549_m0.15_r1.5_e1.2_s1_u0.0,"brecha=P-c(1+m)-S/e; clases 1-4,9",2021,2026,52,,,,,,,"clases={""1"": 44, ""2"": 5, ""3"": 1, ""4"": 0, ""9"": 2}"
A4_prov_2021-2025,A4_prov_2021-2025_max_c549_m0.15_r1.5_e1.2_s1_u0.1,"brecha=P-c(1+m)-S/e; clases 1-4,9",2021,2026,52,,,,,,,"clases={""1"": 39, ""2"": 10, ""3"": 1, ""4"": 0, ""9"": 2}"
A4_prov_2021-2025,A4_prov_2021-2025_max_c549_m0.15_r1.5_e1.2_s1_u0.25,"brecha=P-c(1+m)-S/e; clases 1-4,9",2021,2026,52,,,,,,,"clases={""1"": 35, ""2"": 14, ""3"": 1, ""4"": 0, ""9"": 2}"
A4_prov_2021-2025,A4_prov_2021-2025_max_c549_m0.15_r1.5_e1.6_s0_u0.0,"brecha=P-c(1+m)-S/e; clases 1-4,9",2021,2026,52,,,,,,,"clases={""1"": 44, ""2"": 6, ""3"": 0, ""4"": 0, ""9"": 2}"
A4_prov_2021-2025,A4_prov_2021-2025_max_c549_m0.15_r1.5_e1.6_s0_u0.1,"brecha=P-c(1+m)-S/e; clases 1-4,9",2021,2026,52,,,,,,,"clases={""1"": 39, ""2"": 11, ""3"": 0, ""4"": 0, ""9"": 2}"
A4_prov_2021-2025,A4_prov_2021-2025_max_c549_m0.15_r1.5_e1.6_s0_u0.25,"brecha=P-c(1+m)-S/e; clases 1-4,9",2021,2026,52,,,,,,,"clases={""1"": 35, ""2"": 15, ""3"": 0, ""4"": 0, ""9"": 2}"
A4_prov_2021-2025,A4_prov_2021-2025_max_c549_m0.15_r1.5_e1.6_s1_u0.0,"brecha=P-c(1+m)-S/e; clases 1-4,9",2021,2026,52,,,,,,,"clases={""1"": 45, ""2"": 5, ""3"": 0, ""4"": 0, ""9"": 2}"
A4_prov_2021-2025,A4_prov_2021-2025_max_c549_m0.15_r1.5_e1.6_s1_u0.1,"brecha=P-c(1+m)-S/e; clases 1-4,9",2021,2026,52,,,,,,,"clases={""1"": 40, ""2"": 10, ""3"": 0, ""4"": 0, ""9"": 2}"
A4_prov_2021-2025,A4_prov_2021-2025_max_c549_m0.15_r1.5_e1.6_s1_u0.25,"brecha=P-c(1+m)-S/e; clases 1-4,9",2021,2026,52,,,,,,,"clases={""1"": 36, ""2"": 14, ""3"": 0, ""4"": 0, ""9"": 2}"
A4_prov_2021-2025,A4_prov_2021-2025_max_c549_m0.2_r1.25_e0.8_s0_u0.0,"brecha=P-c(1+m)-S/e; clases 1-4,9",2021,2026,52,,,,,,,"clases={""1"": 43, ""2"": 6, ""3"": 1, ""4"": 0, ""9"": 2}"
A4_prov_2021-2025,A4_prov_2021-2025_max_c549_m0.2_r1.25_e0.8_s0_u0.1,"brecha=P-c(1+m)-S/e; clases 1-4,9",2021,2026,52,,,,,,,"clases={""1"": 38, ""2"": 11, ""3"": 1, ""4"": 0, ""9"": 2}"
A4_prov_2021-2025,A4_prov_2021-2025_max_c549_m0.2_r1.25_e0.8_s0_u0.25,"brecha=P-c(1+m)-S/e; clases 1-4,9",2021,2026,52,,,,,,,"clases={""1"": 33, ""2"": 16, ""3"": 1, ""4"": 0, ""9"": 2}"
A4_prov_2021-2025,A4_prov_2021-2025_max_c549_m0.2_r1.25_e0.8_s1_u0.0,"brecha=P-c(1+m)-S/e; clases 1-4,9",2021,2026,52,,,,,,,"clases={""1"": 42, ""2"": 5, ""3"": 3, ""4"": 0, ""9"": 2}"
A4_prov_2021-2025,A4_prov_2021-2025_max_c549_m0.2_r1.25_e0.8_s1_u0.1,"brecha=P-c(1+m)-S/e; clases 1-4,9",2021,2026,52,,,,,,,"clases={""1"": 37, ""2"": 10, ""3"": 3, ""4"": 0, ""9"": 2}"
A4_prov_2021-2025,A4_prov_2021-2025_max_c549_m0.2_r1.25_e0.8_s1_u0.25,"brecha=P-c(1+m)-S/e; clases 1-4,9",2021,2026,52,,,,,,,"clases={""1"": 32, ""2"": 15, ""3"": 3, ""4"": 0, ""9"": 2}"
A4_prov_2021-2025,A4_prov_2021-2025_max_c549_m0.2_r1.25_e1.2_s0_u0.0,"brecha=P-c(1+m)-S/e; clases 1-4,9",2021,2026,52,,,,,,,"clases={""1"": 44, ""2"": 6, ""3"": 0, ""4"": 0, ""9"": 2}"
A4_prov_2021-2025,A4_prov_2021-2025_max_c549_m0.2_r1.25_e1.2_s0_u0.1,"brecha=P-c(1+m)-S/e; clases 1-4,9",2021,2026,52,,,,,,,"clases={""1"": 39, ""2"": 11, ""3"": 0, ""4"": 0, ""9"": 2}"
A4_prov_2021-2025,A4_prov_2021-2025_max_c549_m0.2_r1.25_e1.2_s0_u0.25,"brecha=P-c(1+m)-S/e; clases 1-4,9",2021,2026,52,,,,,,,"clases={""1"": 33, ""2"": 17, ""3"": 0, ""4"": 0, ""9"": 2}"
A4_prov_2021-2025,A4_prov_2021-2025_max_c549_m0.2_r1.25_e1.2_s1_u0.0,"brecha=P-c(1+m)-S/e; clases 1-4,9",2021,2026,52,,,,,,,"clases={""1"": 43, ""2"": 6, ""3"": 1, ""4"": 0, ""9"": 2}"
A4_prov_2021-2025,A4_prov_2021-2025_max_c549_m0.2_r1.25_e1.2_s1_u0.1,"brecha=P-c(1+m)-S/e; clases 1-4,9",2021,2026,52,,,,,,,"clases={""1"": 38, ""2"": 11, ""3"": 1, ""4"": 0, ""9"": 2}"
A4_prov_2021-2025,A4_prov_2021-2025_max_c549_m0.2_r1.25_e1.2_s1_u0.25,"brecha=P-c(1+m)-S/e; clases 1-4,9",2021,2026,52,,,,,,,"clases={""1"": 33, ""2"": 16, ""3"": 1, ""4"": 0, ""9"": 2}"
A4_prov_2021-2025,A4_prov_2021-2025_max_c549_m0.2_r1.25_e1.6_s0_u0.0,"brecha=P-c(1+m)-S/e; clases 1-4,9",2021,2026,52,,,,,,,"clases={""1"": 44, ""2"": 6, ""3"": 0, ""4"": 0, ""9"": 2}"
A4_prov_2021-2025,A4_prov_2021-2025_max_c549_m0.2_r1.25_e1.6_s0_u0.1,"brecha=P-c(1+m)-S/e; clases 1-4,9",2021,2026,52,,,,,,,"clases={""1"": 39, ""2"": 11, ""3"": 0, ""4"": 0, ""9"": 2}"
A4_prov_2021-2025,A4_prov_2021-2025_max_c549_m0.2_r1.25_e1.6_s0_u0.25,"brecha=P-c(1+m)-S/e; clases 1-4,9",2021,2026,52,,,,,,,"clases={""1"": 33, ""2"": 17, ""3"": 0, ""4"": 0, ""9"": 2}"
A4_prov_2021-2025,A4_prov_2021-2025_max_c549_m0.2_r1.25_e1.6_s1_u0.0,"brecha=P-c(1+m)-S/e; clases 1-4,9",2021,2026,52,,,,,,,"clases={""1"": 43, ""2"": 6, ""3"": 1, ""4"": 0, ""9"": 2}"
A4_prov_2021-2025,A4_prov_2021-2025_max_c549_m0.2_r1.25_e1.6_s1_u0.1,"brecha=P-c(1+m)-S/e; clases 1-4,9",2021,2026,52,,,,,,,"clases={""1"": 38, ""2"": 11, ""3"": 1, ""4"": 0, ""9"": 2}"
A4_prov_2021-2025,A4_prov_2021-2025_max_c549_m0.2_r1.25_e1.6_s1_u0.25,"brecha=P-c(1+m)-S/e; clases 1-4,9",2021,2026,52,,,,,,,"clases={""1"": 32, ""2"": 17, ""3"": 1, ""4"": 0, ""9"": 2}"
A4_prov_2021-2025,A4_prov_2021-2025_max_c549_m0.2_r1.5_e0.8_s0_u0.0,"brecha=P-c(1+m)-S/e; clases 1-4,9",2021,2026,52,,,,,,,"clases={""1"": 44, ""2"": 5, ""3"": 1, ""4"": 0, ""9"": 2}"
A4_prov_2021-2025,A4_prov_2021-2025_max_c549_m0.2_r1.5_e0.8_s0_u0.1,"brecha=P-c(1+m)-S/e; clases 1-4,9",2021,2026,52,,,,,,,"clases={""1"": 41, ""2"": 8, ""3"": 1, ""4"": 0, ""9"": 2}"
A4_prov_2021-2025,A4_prov_2021-2025_max_c549_m0.2_r1.5_e0.8_s0_u0.25,"brecha=P-c(1+m)-S/e; clases 1-4,9",2021,2026,52,,,,,,,"clases={""1"": 37, ""2"": 12, ""3"": 1, ""4"": 0, ""9"": 2}"
A4_prov_2021-2025,A4_prov_2021-2025_max_c549_m0.2_r1.5_e0.8_s1_u0.0,"brecha=P-c(1+m)-S/e; clases 1-4,9",2021,2026,52,,,,,,,"clases={""1"": 42, ""2"": 5, ""3"": 3, ""4"": 0, ""9"": 2}"
A4_prov_2021-2025,A4_prov_2021-2025_max_c549_m0.2_r1.5_e0.8_s1_u0.1,"brecha=P-c(1+m)-S/e; clases 1-4,9",2021,2026,52,,,,,,,"clases={""1"": 39, ""2"": 8, ""3"": 3, ""4"": 0, ""9"": 2}"
A4_prov_2021-2025,A4_prov_2021-2025_max_c549_m0.2_r1.5_e0.8_s1_u0.25,"brecha=P-c(1+m)-S/e; clases 1-4,9",2021,2026,52,,,,,,,"clases={""1"": 37, ""2"": 10, ""3"": 3, ""4"": 0, ""9"": 2}"
A4_prov_2021-2025,A4_prov_2021-2025_max_c549_m0.2_r1.5_e1.2_s0_u0.0,"brecha=P-c(1+m)-S/e; clases 1-4,9",2021,2026,52,,,,,,,"clases={""1"": 44, ""2"": 6, ""3"": 0, ""4"": 0, ""9"": 2}"
A4_prov_2021-2025,A4_prov_2021-2025_max_c549_m0.2_r1.5_e1.2_s0_u0.1,"brecha=P-c(1+m)-S/e; clases 1-4,9",2021,2026,52,,,,,,,"clases={""1"": 39, ""2"": 11, ""3"": 0, ""4"": 0, ""9"": 2}"
A4_prov_2021-2025,A4_prov_2021-2025_max_c549_m0.2_r1.5_e1.2_s0_u0.25,"brecha=P-c(1+m)-S/e; clases 1-4,9",2021,2026,52,,,,,,,"clases={""1"": 35, ""2"": 15, ""3"": 0, ""4"": 0, ""9"": 2}"
A4_prov_2021-2025,A4_prov_2021-2025_max_c549_m0.2_r1.5_e1.2_s1_u0.0,"brecha=P-c(1+m)-S/e; clases 1-4,9",2021,2026,52,,,,,,,"clases={""1"": 44, ""2"": 5, ""3"": 1, ""4"": 0, ""9"": 2}"
A4_prov_2021-2025,A4_prov_2021-2025_max_c549_m0.2_r1.5_e1.2_s1_u0.1,"brecha=P-c(1+m)-S/e; clases 1-4,9",2021,2026,52,,,,,,,"clases={""1"": 39, ""2"": 10, ""3"": 1, ""4"": 0, ""9"": 2}"
A4_prov_2021-2025,A4_prov_2021-2025_max_c549_m0.2_r1.5_e1.2_s1_u0.25,"brecha=P-c(1+m)-S/e; clases 1-4,9",2021,2026,52,,,,,,,"clases={""1"": 35, ""2"": 14, ""3"": 1, ""4"": 0, ""9"": 2}"
A4_prov_2021-2025,A4_prov_2021-2025_max_c549_m0.2_r1.5_e1.6_s0_u0.0,"brecha=P-c(1+m)-S/e; clases 1-4,9",2021,2026,52,,,,,,,"clases={""1"": 44, ""2"": 6, ""3"": 0, ""4"": 0, ""9"": 2}"
A4_prov_2021-2025,A4_prov_2021-2025_max_c549_m0.2_r1.5_e1.6_s0_u0.1,"brecha=P-c(1+m)-S/e; clases 1-4,9",2021,2026,52,,,,,,,"clases={""1"": 39, ""2"": 11, ""3"": 0, ""4"": 0, ""9"": 2}"
A4_prov_2021-2025,A4_prov_2021-2025_max_c549_m0.2_r1.5_e1.6_s0_u0.25,"brecha=P-c(1+m)-S/e; clases 1-4,9",2021,2026,52,,,,,,,"clases={""1"": 35, ""2"": 15, ""3"": 0, ""4"": 0, ""9"": 2}"
A4_prov_2021-2025,A4_prov_2021-2025_max_c549_m0.2_r1.5_e1.6_s1_u0.0,"brecha=P-c(1+m)-S/e; clases 1-4,9",2021,2026,52,,,,,,,"clases={""1"": 44, ""2"": 5, ""3"": 1, ""4"": 0, ""9"": 2}"
A4_prov_2021-2025,A4_prov_2021-2025_max_c549_m0.2_r1.5_e1.6_s1_u0.1,"brecha=P-c(1+m)-S/e; clases 1-4,9",2021,2026,52,,,,,,,"clases={""1"": 39, ""2"": 10, ""3"": 1, ""4"": 0, ""9"": 2}"
A4_prov_2021-2025,A4_prov_2021-2025_max_c549_m0.2_r1.5_e1.6_s1_u0.25,"brecha=P-c(1+m)-S/e; clases 1-4,9",2021,2026,52,,,,,,,"clases={""1"": 35, ""2"": 14, ""3"": 1, ""4"": 0, ""9"": 2}"
A4_prov_2021-2025,A4_prov_2021-2025_max_c549_m0.25_r1.25_e0.8_s0_u0.0,"brecha=P-c(1+m)-S/e; clases 1-4,9",2021,2026,52,,,,,,,"clases={""1"": 43, ""2"": 6, ""3"": 1, ""4"": 0, ""9"": 2}"
A4_prov_2021-2025,A4_prov_2021-2025_max_c549_m0.25_r1.25_e0.8_s0_u0.1,"brecha=P-c(1+m)-S/e; clases 1-4,9",2021,2026,52,,,,,,,"clases={""1"": 38, ""2"": 11, ""3"": 1, ""4"": 0, ""9"": 2}"
A4_prov_2021-2025,A4_prov_2021-2025_max_c549_m0.25_r1.25_e0.8_s0_u0.25,"brecha=P-c(1+m)-S/e; clases 1-4,9",2021,2026,52,,,,,,,"clases={""1"": 33, ""2"": 16, ""3"": 1, ""4"": 0, ""9"": 2}"
A4_prov_2021-2025,A4_prov_2021-2025_max_c549_m0.25_r1.25_e0.8_s1_u0.0,"brecha=P-c(1+m)-S/e; clases 1-4,9",2021,2026,52,,,,,,,"clases={""1"": 40, ""2"": 5, ""3"": 5, ""4"": 0, ""9"": 2}"
A4_prov_2021-2025,A4_prov_2021-2025_max_c549_m0.25_r1.25_e0.8_s1_u0.1,"brecha=P-c(1+m)-S/e; clases 1-4,9",2021,2026,52,,,,,,,"clases={""1"": 35, ""2"": 10, ""3"": 5, ""4"": 0, ""9"": 2}"
A4_prov_2021-2025,A4_prov_2021-2025_max_c549_m0.25_r1.25_e0.8_s1_u0.25,"brecha=P-c(1+m)-S/e; clases 1-4,9",2021,2026,52,,,,,,,"clases={""1"": 30, ""2"": 15, ""3"": 5, ""4"": 0, ""9"": 2}"
A4_prov_2021-2025,A4_prov_2021-2025_max_c549_m0.25_r1.25_e1.2_s0_u0.0,"brecha=P-c(1+m)-S/e; clases 1-4,9",2021,2026,52,,,,,,,"clases={""1"": 44, ""2"": 6, ""3"": 0, ""4"": 0, ""9"": 2}"
A4_prov_2021-2025,A4_prov_2021-2025_max_c549_m0.25_r1.25_e1.2_s0_u0.1,"brecha=P-c(1+m)-S/e; clases 1-4,9",2021,2026,52,,,,,,,"clases={""1"": 39, ""2"": 11, ""3"": 0, ""4"": 0, ""9"": 2}"
A4_prov_2021-2025,A4_prov_2021-2025_max_c549_m0.25_r1.25_e1.2_s0_u0.25,"brecha=P-c(1+m)-S/e; clases 1-4,9",2021,2026,52,,,,,,,"clases={""1"": 33, ""2"": 17, ""3"": 0, ""4"": 0, ""9"": 2}"
A4_prov_2021-2025,A4_prov_2021-2025_max_c549_m0.25_r1.25_e1.2_s1_u0.0,"brecha=P-c(1+m)-S/e; clases 1-4,9",2021,2026,52,,,,,,,"clases={""1"": 42, ""2"": 6, ""3"": 2, ""4"": 0, ""9"": 2}"
A4_prov_2021-2025,A4_prov_2021-2025_max_c549_m0.25_r1.25_e1.2_s1_u0.1,"brecha=P-c(1+m)-S/e; clases 1-4,9",2021,2026,52,,,,,,,"clases={""1"": 37, ""2"": 11, ""3"": 2, ""4"": 0, ""9"": 2}"
A4_prov_2021-2025,A4_prov_2021-2025_max_c549_m0.25_r1.25_e1.2_s1_u0.25,"brecha=P-c(1+m)-S/e; clases 1-4,9",2021,2026,52,,,,,,,"clases={""1"": 32, ""2"": 16, ""3"": 2, ""4"": 0, ""9"": 2}"
A4_prov_2021-2025,A4_prov_2021-2025_max_c549_m0.25_r1.25_e1.6_s0_u0.0,"brecha=P-c(1+m)-S/e; clases 1-4,9",2021,2026,52,,,,,,,"clases={""1"": 44, ""2"": 6, ""3"": 0, ""4"": 0, ""9"": 2}"
A4_prov_2021-2025,A4_prov_2021-2025_max_c549_m0.25_r1.25_e1.6_s0_u0.1,"brecha=P-c(1+m)-S/e; clases 1-4,9",2021,2026,52,,,,,,,"clases={""1"": 39, ""2"": 11, ""3"": 0, ""4"": 0, ""9"": 2}"
A4_prov_2021-2025,A4_prov_2021-2025_max_c549_m0.25_r1.25_e1.6_s0_u0.25,"brecha=P-c(1+m)-S/e; clases 1-4,9",2021,2026,52,,,,,,,"clases={""1"": 33, ""2"": 17, ""3"": 0, ""4"": 0, ""9"": 2}"
A4_prov_2021-2025,A4_prov_2021-2025_max_c549_m0.25_r1.25_e1.6_s1_u0.0,"brecha=P-c(1+m)-S/e; clases 1-4,9",2021,2026,52,,,,,,,"clases={""1"": 43, ""2"": 6, ""3"": 1, ""4"": 0, ""9"": 2}"
A4_prov_2021-2025,A4_prov_2021-2025_max_c549_m0.25_r1.25_e1.6_s1_u0.1,"brecha=P-c(1+m)-S/e; clases 1-4,9",2021,2026,52,,,,,,,"clases={""1"": 38, ""2"": 11, ""3"": 1, ""4"": 0, ""9"": 2}"
A4_prov_2021-2025,A4_prov_2021-2025_max_c549_m0.25_r1.25_e1.6_s1_u0.25,"brecha=P-c(1+m)-S/e; clases 1-4,9",2021,2026,52,,,,,,,"clases={""1"": 32, ""2"": 17, ""3"": 1, ""4"": 0, ""9"": 2}"
A4_prov_2021-2025,A4_prov_2021-2025_max_c549_m0.25_r1.5_e0.8_s0_u0.0,"brecha=P-c(1+m)-S/e; clases 1-4,9",2021,2026,52,,,,,,,"clases={""1"": 44, ""2"": 5, ""3"": 1, ""4"": 0, ""9"": 2}"
A4_prov_2021-2025,A4_prov_2021-2025_max_c549_m0.25_r1.5_e0.8_s0_u0.1,"brecha=P-c(1+m)-S/e; clases 1-4,9",2021,2026,52,,,,,,,"clases={""1"": 41, ""2"": 8, ""3"": 1, ""4"": 0, ""9"": 2}"
A4_prov_2021-2025,A4_prov_2021-2025_max_c549_m0.25_r1.5_e0.8_s0_u0.25,"brecha=P-c(1+m)-S/e; clases 1-4,9",2021,2026,52,,,,,,,"clases={""1"": 37, ""2"": 12, ""3"": 1, ""4"": 0, ""9"": 2}"
A4_prov_2021-2025,A4_prov_2021-2025_max_c549_m0.25_r1.5_e0.8_s1_u0.0,"brecha=P-c(1+m)-S/e; clases 1-4,9",2021,2026,52,,,,,,,"clases={""1"": 40, ""2"": 5, ""3"": 5, ""4"": 0, ""9"": 2}"
A4_prov_2021-2025,A4_prov_2021-2025_max_c549_m0.25_r1.5_e0.8_s1_u0.1,"brecha=P-c(1+m)-S/e; clases 1-4,9",2021,2026,52,,,,,,,"clases={""1"": 37, ""2"": 8, ""3"": 5, ""4"": 0, ""9"": 2}"
A4_prov_2021-2025,A4_prov_2021-2025_max_c549_m0.25_r1.5_e0.8_s1_u0.25,"brecha=P-c(1+m)-S/e; clases 1-4,9",2021,2026,52,,,,,,,"clases={""1"": 35, ""2"": 10, ""3"": 5, ""4"": 0, ""9"": 2}"
A4_prov_2021-2025,A4_prov_2021-2025_max_c549_m0.25_r1.5_e1.2_s0_u0.0,"brecha=P-c(1+m)-S/e; clases 1-4,9",2021,2026,52,,,,,,,"clases={""1"": 44, ""2"": 6, ""3"": 0, ""4"": 0, ""9"": 2}"
A4_prov_2021-2025,A4_prov_2021-2025_max_c549_m0.25_r1.5_e1.2_s0_u0.1,"brecha=P-c(1+m)-S/e; clases 1-4,9",2021,2026,52,,,,,,,"clases={""1"": 39, ""2"": 11, ""3"": 0, ""4"": 0, ""9"": 2}"
A4_prov_2021-2025,A4_prov_2021-2025_max_c549_m0.25_r1.5_e1.2_s0_u0.25,"brecha=P-c(1+m)-S/e; clases 1-4,9",2021,2026,52,,,,,,,"clases={""1"": 35, ""2"": 15, ""3"": 0, ""4"": 0, ""9"": 2}"
A4_prov_2021-2025,A4_prov_2021-2025_max_c549_m0.25_r1.5_e1.2_s1_u0.0,"brecha=P-c(1+m)-S/e; clases 1-4,9",2021,2026,52,,,,,,,"clases={""1"": 43, ""2"": 5, ""3"": 2, ""4"": 0, ""9"": 2}"
A4_prov_2021-2025,A4_prov_2021-2025_max_c549_m0.25_r1.5_e1.2_s1_u0.1,"brecha=P-c(1+m)-S/e; clases 1-4,9",2021,2026,52,,,,,,,"clases={""1"": 38, ""2"": 10, ""3"": 2, ""4"": 0, ""9"": 2}"
A4_prov_2021-2025,A4_prov_2021-2025_max_c549_m0.25_r1.5_e1.2_s1_u0.25,"brecha=P-c(1+m)-S/e; clases 1-4,9",2021,2026,52,,,,,,,"clases={""1"": 34, ""2"": 14, ""3"": 2, ""4"": 0, ""9"": 2}"
A4_prov_2021-2025,A4_prov_2021-2025_max_c549_m0.25_r1.5_e1.6_s0_u0.0,"brecha=P-c(1+m)-S/e; clases 1-4,9",2021,2026,52,,,,,,,"clases={""1"": 44, ""2"": 6, ""3"": 0, ""4"": 0, ""9"": 2}"
A4_prov_2021-2025,A4_prov_2021-2025_max_c549_m0.25_r1.5_e1.6_s0_u0.1,"brecha=P-c(1+m)-S/e; clases 1-4,9",2021,2026,52,,,,,,,"clases={""1"": 39, ""2"": 11, ""3"": 0, ""4"": 0, ""9"": 2}"
A4_prov_2021-2025,A4_prov_2021-2025_max_c549_m0.25_r1.5_e1.6_s0_u0.25,"brecha=P-c(1+m)-S/e; clases 1-4,9",2021,2026,52,,,,,,,"clases={""1"": 35, ""2"": 15, ""3"": 0, ""4"": 0, ""9"": 2}"
A4_prov_2021-2025,A4_prov_2021-2025_max_c549_m0.25_r1.5_e1.6_s1_u0.0,"brecha=P-c(1+m)-S/e; clases 1-4,9",2021,2026,52,,,,,,,"clases={""1"": 44, ""2"": 5, ""3"": 1, ""4"": 0, ""9"": 2}"
A4_prov_2021-2025,A4_prov_2021-2025_max_c549_m0.25_r1.5_e1.6_s1_u0.1,"brecha=P-c(1+m)-S/e; clases 1-4,9",2021,2026,52,,,,,,,"clases={""1"": 39, ""2"": 10, ""3"": 1, ""4"": 0, ""9"": 2}"
A4_prov_2021-2025,A4_prov_2021-2025_max_c549_m0.25_r1.5_e1.6_s1_u0.25,"brecha=P-c(1+m)-S/e; clases 1-4,9",2021,2026,52,,,,,,,"clases={""1"": 35, ""2"": 14, ""3"": 1, ""4"": 0, ""9"": 2}"
A4_prov_2021-2025,A4_prov_2021-2025_max_c677_m0.15_r1.25_e0.8_s0_u0.0,"brecha=P-c(1+m)-S/e; clases 1-4,9",2021,2026,52,,,,,,,"clases={""1"": 42, ""2"": 5, ""3"": 3, ""4"": 0, ""9"": 2}"
A4_prov_2021-2025,A4_prov_2021-2025_max_c677_m0.15_r1.25_e0.8_s0_u0.1,"brecha=P-c(1+m)-S/e; clases 1-4,9",2021,2026,52,,,,,,,"clases={""1"": 39, ""2"": 8, ""3"": 3, ""4"": 0, ""9"": 2}"
A4_prov_2021-2025,A4_prov_2021-2025_max_c677_m0.15_r1.25_e0.8_s0_u0.25,"brecha=P-c(1+m)-S/e; clases 1-4,9",2021,2026,52,,,,,,,"clases={""1"": 35, ""2"": 12, ""3"": 3, ""4"": 0, ""9"": 2}"
A4_prov_2021-2025,A4_prov_2021-2025_max_c677_m0.15_r1.25_e0.8_s1_u0.0,"brecha=P-c(1+m)-S/e; clases 1-4,9",2021,2026,52,,,,,,,"clases={""1"": 40, ""2"": 5, ""3"": 5, ""4"": 0, ""9"": 2}"
A4_prov_2021-2025,A4_prov_2021-2025_max_c677_m0.15_r1.25_e0.8_s1_u0.1,"brecha=P-c(1+m)-S/e; clases 1-4,9",2021,2026,52,,,,,,,"clases={""1"": 37, ""2"": 8, ""3"": 5, ""4"": 0, ""9"": 2}"
A4_prov_2021-2025,A4_prov_2021-2025_max_c677_m0.15_r1.25_e0.8_s1_u0.25,"brecha=P-c(1+m)-S/e; clases 1-4,9",2021,2026,52,,,,,,,"clases={""1"": 34, ""2"": 11, ""3"": 5, ""4"": 0, ""9"": 2}"
A4_prov_2021-2025,A4_prov_2021-2025_max_c677_m0.15_r1.25_e1.2_s0_u0.0,"brecha=P-c(1+m)-S/e; clases 1-4,9",2021,2026,52,,,,,,,"clases={""1"": 42, ""2"": 6, ""3"": 2, ""4"": 0, ""9"": 2}"
A4_prov_2021-2025,A4_prov_2021-2025_max_c677_m0.15_r1.25_e1.2_s0_u0.1,"brecha=P-c(1+m)-S/e; clases 1-4,9",2021,2026,52,,,,,,,"clases={""1"": 37, ""2"": 11, ""3"": 2, ""4"": 0, ""9"": 2}"
A4_prov_2021-2025,A4_prov_2021-2025_max_c677_m0.15_r1.25_e1.2_s0_u0.25,"brecha=P-c(1+m)-S/e; clases 1-4,9",2021,2026,52,,,,,,,"clases={""1"": 33, ""2"": 15, ""3"": 2, ""4"": 0, ""9"": 2}"
A4_prov_2021-2025,A4_prov_2021-2025_max_c677_m0.15_r1.25_e1.2_s1_u0.0,"brecha=P-c(1+m)-S/e; clases 1-4,9",2021,2026,52,,,,,,,"clases={""1"": 41, ""2"": 5, ""3"": 4, ""4"": 0, ""9"": 2}"
A4_prov_2021-2025,A4_prov_2021-2025_max_c677_m0.15_r1.25_e1.2_s1_u0.1,"brecha=P-c(1+m)-S/e; clases 1-4,9",2021,2026,52,,,,,,,"clases={""1"": 36, ""2"": 10, ""3"": 4, ""4"": 0, ""9"": 2}"
A4_prov_2021-2025,A4_prov_2021-2025_max_c677_m0.15_r1.25_e1.2_s1_u0.25,"brecha=P-c(1+m)-S/e; clases 1-4,9",2021,2026,52,,,,,,,"clases={""1"": 32, ""2"": 14, ""3"": 4, ""4"": 0, ""9"": 2}"
A4_prov_2021-2025,A4_prov_2021-2025_max_c677_m0.15_r1.25_e1.6_s0_u0.0,"brecha=P-c(1+m)-S/e; clases 1-4,9",2021,2026,52,,,,,,,"clases={""1"": 43, ""2"": 6, ""3"": 1, ""4"": 0, ""9"": 2}"
A4_prov_2021-2025,A4_prov_2021-2025_max_c677_m0.15_r1.25_e1.6_s0_u0.1,"brecha=P-c(1+m)-S/e; clases 1-4,9",2021,2026,52,,,,,,,"clases={""1"": 38, ""2"": 11, ""3"": 1, ""4"": 0, ""9"": 2}"
A4_prov_2021-2025,A4_prov_2021-2025_max_c677_m0.15_r1.25_e1.6_s0_u0.25,"brecha=P-c(1+m)-S/e; clases 1-4,9",2021,2026,52,,,,,,,"clases={""1"": 34, ""2"": 15, ""3"": 1, ""4"": 0, ""9"": 2}"
A4_prov_2021-2025,A4_prov_2021-2025_max_c677_m0.15_r1.25_e1.6_s1_u0.0,"brecha=P-c(1+m)-S/e; clases 1-4,9",2021,2026,52,,,,,,,"clases={""1"": 42, ""2"": 5, ""3"": 3, ""4"": 0, ""9"": 2}"
A4_prov_2021-2025,A4_prov_2021-2025_max_c677_m0.15_r1.25_e1.6_s1_u0.1,"brecha=P-c(1+m)-S/e; clases 1-4,9",2021,2026,52,,,,,,,"clases={""1"": 37, ""2"": 10, ""3"": 3, ""4"": 0, ""9"": 2}"
A4_prov_2021-2025,A4_prov_2021-2025_max_c677_m0.15_r1.25_e1.6_s1_u0.25,"brecha=P-c(1+m)-S/e; clases 1-4,9",2021,2026,52,,,,,,,"clases={""1"": 33, ""2"": 14, ""3"": 3, ""4"": 0, ""9"": 2}"
A4_prov_2021-2025,A4_prov_2021-2025_max_c677_m0.15_r1.5_e0.8_s0_u0.0,"brecha=P-c(1+m)-S/e; clases 1-4,9",2021,2026,52,,,,,,,"clases={""1"": 45, ""2"": 2, ""3"": 3, ""4"": 0, ""9"": 2}"
A4_prov_2021-2025,A4_prov_2021-2025_max_c677_m0.15_r1.5_e0.8_s0_u0.1,"brecha=P-c(1+m)-S/e; clases 1-4,9",2021,2026,52,,,,,,,"clases={""1"": 42, ""2"": 5, ""3"": 3, ""4"": 0, ""9"": 2}"
A4_prov_2021-2025,A4_prov_2021-2025_max_c677_m0.15_r1.5_e0.8_s0_u0.25,"brecha=P-c(1+m)-S/e; clases 1-4,9",2021,2026,52,,,,,,,"clases={""1"": 40, ""2"": 7, ""3"": 3, ""4"": 0, ""9"": 2}"
A4_prov_2021-2025,A4_prov_2021-2025_max_c677_m0.15_r1.5_e0.8_s1_u0.0,"brecha=P-c(1+m)-S/e; clases 1-4,9",2021,2026,52,,,,,,,"clases={""1"": 43, ""2"": 2, ""3"": 5, ""4"": 0, ""9"": 2}"
A4_prov_2021-2025,A4_prov_2021-2025_max_c677_m0.15_r1.5_e0.8_s1_u0.1,"brecha=P-c(1+m)-S/e; clases 1-4,9",2021,2026,52,,,,,,,"clases={""1"": 40, ""2"": 5, ""3"": 5, ""4"": 0, ""9"": 2}"
A4_prov_2021-2025,A4_prov_2021-2025_max_c677_m0.15_r1.5_e0.8_s1_u0.25,"brecha=P-c(1+m)-S/e; clases 1-4,9",2021,2026,52,,,,,,,"clases={""1"": 39, ""2"": 6, ""3"": 5, ""4"": 0, ""9"": 2}"
A4_prov_2021-2025,A4_prov_2021-2025_max_c677_m0.15_r1.5_e1.2_s0_u0.0,"brecha=P-c(1+m)-S/e; clases 1-4,9",2021,2026,52,,,,,,,"clases={""1"": 44, ""2"": 4, ""3"": 2, ""4"": 0, ""9"": 2}"
A4_prov_2021-2025,A4_prov_2021-2025_max_c677_m0.15_r1.5_e1.2_s0_u0.1,"brecha=P-c(1+m)-S/e; clases 1-4,9",2021,2026,52,,,,,,,"clases={""1"": 41, ""2"": 7, ""3"": 2, ""4"": 0, ""9"": 2}"
A4_prov_2021-2025,A4_prov_2021-2025_max_c677_m0.15_r1.5_e1.2_s0_u0.25,"brecha=P-c(1+m)-S/e; clases 1-4,9",2021,2026,52,,,,,,,"clases={""1"": 37, ""2"": 11, ""3"": 2, ""4"": 0, ""9"": 2}"
A4_prov_2021-2025,A4_prov_2021-2025_max_c677_m0.15_r1.5_e1.2_s1_u0.0,"brecha=P-c(1+m)-S/e; clases 1-4,9",2021,2026,52,,,,,,,"clases={""1"": 43, ""2"": 3, ""3"": 4, ""4"": 0, ""9"": 2}"
A4_prov_2021-2025,A4_prov_2021-2025_max_c677_m0.15_r1.5_e1.2_s1_u0.1,"brecha=P-c(1+m)-S/e; clases 1-4,9",2021,2026,52,,,,,,,"clases={""1"": 40, ""2"": 6, ""3"": 4, ""4"": 0, ""9"": 2}"
A4_prov_2021-2025,A4_prov_2021-2025_max_c677_m0.15_r1.5_e1.2_s1_u0.25,"brecha=P-c(1+m)-S/e; clases 1-4,9",2021,2026,52,,,,,,,"clases={""1"": 38, ""2"": 8, ""3"": 4, ""4"": 0, ""9"": 2}"
A4_prov_2021-2025,A4_prov_2021-2025_max_c677_m0.15_r1.5_e1.6_s0_u0.0,"brecha=P-c(1+m)-S/e; clases 1-4,9",2021,2026,52,,,,,,,"clases={""1"": 45, ""2"": 4, ""3"": 1, ""4"": 0, ""9"": 2}"
A4_prov_2021-2025,A4_prov_2021-2025_max_c677_m0.15_r1.5_e1.6_s0_u0.1,"brecha=P-c(1+m)-S/e; clases 1-4,9",2021,2026,52,,,,,,,"clases={""1"": 42, ""2"": 7, ""3"": 1, ""4"": 0, ""9"": 2}"
A4_prov_2021-2025,A4_prov_2021-2025_max_c677_m0.15_r1.5_e1.6_s0_u0.25,"brecha=P-c(1+m)-S/e; clases 1-4,9",2021,2026,52,,,,,,,"clases={""1"": 38, ""2"": 11, ""3"": 1, ""4"": 0, ""9"": 2}"
A4_prov_2021-2025,A4_prov_2021-2025_max_c677_m0.15_r1.5_e1.6_s1_u0.0,"brecha=P-c(1+m)-S/e; clases 1-4,9",2021,2026,52,,,,,,,"clases={""1"": 44, ""2"": 3, ""3"": 3, ""4"": 0, ""9"": 2}"
A4_prov_2021-2025,A4_prov_2021-2025_max_c677_m0.15_r1.5_e1.6_s1_u0.1,"brecha=P-c(1+m)-S/e; clases 1-4,9",2021,2026,52,,,,,,,"clases={""1"": 41, ""2"": 6, ""3"": 3, ""4"": 0, ""9"": 2}"
A4_prov_2021-2025,A4_prov_2021-2025_max_c677_m0.15_r1.5_e1.6_s1_u0.25,"brecha=P-c(1+m)-S/e; clases 1-4,9",2021,2026,52,,,,,,,"clases={""1"": 38, ""2"": 9, ""3"": 3, ""4"": 0, ""9"": 2}"
A4_prov_2021-2025,A4_prov_2021-2025_max_c677_m0.2_r1.25_e0.8_s0_u0.0,"brecha=P-c(1+m)-S/e; clases 1-4,9",2021,2026,52,,,,,,,"clases={""1"": 41, ""2"": 5, ""3"": 4, ""4"": 0, ""9"": 2}"
A4_prov_2021-2025,A4_prov_2021-2025_max_c677_m0.2_r1.25_e0.8_s0_u0.1,"brecha=P-c(1+m)-S/e; clases 1-4,9",2021,2026,52,,,,,,,"clases={""1"": 38, ""2"": 8, ""3"": 4, ""4"": 0, ""9"": 2}"
A4_prov_2021-2025,A4_prov_2021-2025_max_c677_m0.2_r1.25_e0.8_s0_u0.25,"brecha=P-c(1+m)-S/e; clases 1-4,9",2021,2026,52,,,,,,,"clases={""1"": 34, ""2"": 12, ""3"": 4, ""4"": 0, ""9"": 2}"
A4_prov_2021-2025,A4_prov_2021-2025_max_c677_m0.2_r1.25_e0.8_s1_u0.0,"brecha=P-c(1+m)-S/e; clases 1-4,9",2021,2026,52,,,,,,,"clases={""1"": 38, ""2"": 5, ""3"": 7, ""4"": 0, ""9"": 2}"
A4_prov_2021-2025,A4_prov_2021-2025_max_c677_m0.2_r1.25_e0.8_s1_u0.1,"brecha=P-c(1+m)-S/e; clases 1-4,9",2021,2026,52,,,,,,,"clases={""1"": 35, ""2"": 8, ""3"": 7, ""4"": 0, ""9"": 2}"
A4_prov_2021-2025,A4_prov_2021-2025_max_c677_m0.2_r1.25_e0.8_s1_u0.25,"brecha=P-c(1+m)-S/e; clases 1-4,9",2021,2026,52,,,,,,,"clases={""1"": 32, ""2"": 11, ""3"": 7, ""4"": 0, ""9"": 2}"
A4_prov_2021-2025,A4_prov_2021-2025_max_c677_m0.2_r1.25_e1.2_s0_u0.0,"brecha=P-c(1+m)-S/e; clases 1-4,9",2021,2026,52,,,,,,,"clases={""1"": 42, ""2"": 6, ""3"": 2, ""4"": 0, ""9"": 2}"
A4_prov_2021-2025,A4_prov_2021-2025_max_c677_m0.2_r1.25_e1.2_s0_u0.1,"brecha=P-c(1+m)-S/e; clases 1-4,9",2021,2026,52,,,,,,,"clases={""1"": 37, ""2"": 11, ""3"": 2, ""4"": 0, ""9"": 2}"
A4_prov_2021-2025,A4_prov_2021-2025_max_c677_m0.2_r1.25_e1.2_s0_u0.25,"brecha=P-c(1+m)-S/e; clases 1-4,9",2021,2026,52,,,,,,,"clases={""1"": 33, ""2"": 15, ""3"": 2, ""4"": 0, ""9"": 2}"
A4_prov_2021-2025,A4_prov_2021-2025_max_c677_m0.2_r1.25_e1.2_s1_u0.0,"brecha=P-c(1+m)-S/e; clases 1-4,9",2021,2026,52,,,,,,,"clases={""1"": 41, ""2"": 5, ""3"": 4, ""4"": 0, ""9"": 2}"
A4_prov_2021-2025,A4_prov_2021-2025_max_c677_m0.2_r1.25_e1.2_s1_u0.1,"brecha=P-c(1+m)-S/e; clases 1-4,9",2021,2026,52,,,,,,,"clases={""1"": 36, ""2"": 10, ""3"": 4, ""4"": 0, ""9"": 2}"
A4_prov_2021-2025,A4_prov_2021-2025_max_c677_m0.2_r1.25_e1.2_s1_u0.25,"brecha=P-c(1+m)-S/e; clases 1-4,9",2021,2026,52,,,,,,,"clases={""1"": 32, ""2"": 14, ""3"": 4, ""4"": 0, ""9"": 2}"
A4_prov_2021-2025,A4_prov_2021-2025_max_c677_m0.2_r1.25_e1.6_s0_u0.0,"brecha=P-c(1+m)-S/e; clases 1-4,9",2021,2026,52,,,,,,,"clases={""1"": 42, ""2"": 6, ""3"": 2, ""4"": 0, ""9"": 2}"
A4_prov_2021-2025,A4_prov_2021-2025_max_c677_m0.2_r1.25_e1.6_s0_u0.1,"brecha=P-c(1+m)-S/e; clases 1-4,9",2021,2026,52,,,,,,,"clases={""1"": 37, ""2"": 11, ""3"": 2, ""4"": 0, ""9"": 2}"
A4_prov_2021-2025,A4_prov_2021-2025_max_c677_m0.2_r1.25_e1.6_s0_u0.25,"brecha=P-c(1+m)-S/e; clases 1-4,9",2021,2026,52,,,,,,,"clases={""1"": 33, ""2"": 15, ""3"": 2, ""4"": 0, ""9"": 2}"
A4_prov_2021-2025,A4_prov_2021-2025_max_c677_m0.2_r1.25_e1.6_s1_u0.0,"brecha=P-c(1+m)-S/e; clases 1-4,9",2021,2026,52,,,,,,,"clases={""1"": 42, ""2"": 5, ""3"": 3, ""4"": 0, ""9"": 2}"
A4_prov_2021-2025,A4_prov_2021-2025_max_c677_m0.2_r1.25_e1.6_s1_u0.1,"brecha=P-c(1+m)-S/e; clases 1-4,9",2021,2026,52,,,,,,,"clases={""1"": 37, ""2"": 10, ""3"": 3, ""4"": 0, ""9"": 2}"
A4_prov_2021-2025,A4_prov_2021-2025_max_c677_m0.2_r1.25_e1.6_s1_u0.25,"brecha=P-c(1+m)-S/e; clases 1-4,9",2021,2026,52,,,,,,,"clases={""1"": 33, ""2"": 14, ""3"": 3, ""4"": 0, ""9"": 2}"
A4_prov_2021-2025,A4_prov_2021-2025_max_c677_m0.2_r1.5_e0.8_s0_u0.0,"brecha=P-c(1+m)-S/e; clases 1-4,9",2021,2026,52,,,,,,,"clases={""1"": 44, ""2"": 2, ""3"": 4, ""4"": 0, ""9"": 2}"
A4_prov_2021-2025,A4_prov_2021-2025_max_c677_m0.2_r1.5_e0.8_s0_u0.1,"brecha=P-c(1+m)-S/e; clases 1-4,9",2021,2026,52,,,,,,,"clases={""1"": 41, ""2"": 5, ""3"": 4, ""4"": 0, ""9"": 2}"
A4_prov_2021-2025,A4_prov_2021-2025_max_c677_m0.2_r1.5_e0.8_s0_u0.25,"brecha=P-c(1+m)-S/e; clases 1-4,9",2021,2026,52,,,,,,,"clases={""1"": 39, ""2"": 7, ""3"": 4, ""4"": 0, ""9"": 2}"
A4_prov_2021-2025,A4_prov_2021-2025_max_c677_m0.2_r1.5_e0.8_s1_u0.0,"brecha=P-c(1+m)-S/e; clases 1-4,9",2021,2026,52,,,,,,,"clases={""1"": 41, ""2"": 2, ""3"": 7, ""4"": 0, ""9"": 2}"
A4_prov_2021-2025,A4_prov_2021-2025_max_c677_m0.2_r1.5_e0.8_s1_u0.1,"brecha=P-c(1+m)-S/e; clases 1-4,9",2021,2026,52,,,,,,,"clases={""1"": 38, ""2"": 5, ""3"": 7, ""4"": 0, ""9"": 2}"
A4_prov_2021-2025,A4_prov_2021-2025_max_c677_m0.2_r1.5_e0.8_s1_u0.25,"brecha=P-c(1+m)-S/e; clases 1-4,9",2021,2026,52,,,,,,,"clases={""1"": 37, ""2"": 6, ""3"": 7, ""4"": 0, ""9"": 2}"
A4_prov_2021-2025,A4_prov_2021-2025_max_c677_m0.2_r1.5_e1.2_s0_u0.0,"brecha=P-c(1+m)-S/e; clases 1-4,9",2021,2026,52,,,,,,,"clases={""1"": 44, ""2"": 4, ""3"": 2, ""4"": 0, ""9"": 2}"
A4_prov_2021-2025,A4_prov_2021-2025_max_c677_m0.2_r1.5_e1.2_s0_u0.1,"brecha=P-c(1+m)-S/e; clases 1-4,9",2021,2026,52,,,,,,,"clases={""1"": 41, ""2"": 7, ""3"": 2, ""4"": 0, ""9"": 2}"
A4_prov_2021-2025,A4_prov_2021-2025_max_c677_m0.2_r1.5_e1.2_s0_u0.25,"brecha=P-c(1+m)-S/e; clases 1-4,9",2021,2026,52,,,,,,,"clases={""1"": 37, ""2"": 11, ""3"": 2, ""4"": 0, ""9"": 2}"
A4_prov_2021-2025,A4_prov_2021-2025_max_c677_m0.2_r1.5_e1.2_s1_u0.0,"brecha=P-c(1+m)-S/e; clases 1-4,9",2021,2026,52,,,,,,,"clases={""1"": 43, ""2"": 3, ""3"": 4, ""4"": 0, ""9"": 2}"
A4_prov_2021-2025,A4_prov_2021-2025_max_c677_m0.2_r1.5_e1.2_s1_u0.1,"brecha=P-c(1+m)-S/e; clases 1-4,9",2021,2026,52,,,,,,,"clases={""1"": 40, ""2"": 6, ""3"": 4, ""4"": 0, ""9"": 2}"
A4_prov_2021-2025,A4_prov_2021-2025_max_c677_m0.2_r1.5_e1.2_s1_u0.25,"brecha=P-c(1+m)-S/e; clases 1-4,9",2021,2026,52,,,,,,,"clases={""1"": 38, ""2"": 8, ""3"": 4, ""4"": 0, ""9"": 2}"
A4_prov_2021-2025,A4_prov_2021-2025_max_c677_m0.2_r1.5_e1.6_s0_u0.0,"brecha=P-c(1+m)-S/e; clases 1-4,9",2021,2026,52,,,,,,,"clases={""1"": 44, ""2"": 4, ""3"": 2, ""4"": 0, ""9"": 2}"
A4_prov_2021-2025,A4_prov_2021-2025_max_c677_m0.2_r1.5_e1.6_s0_u0.1,"brecha=P-c(1+m)-S/e; clases 1-4,9",2021,2026,52,,,,,,,"clases={""1"": 41, ""2"": 7, ""3"": 2, ""4"": 0, ""9"": 2}"
A4_prov_2021-2025,A4_prov_2021-2025_max_c677_m0.2_r1.5_e1.6_s0_u0.25,"brecha=P-c(1+m)-S/e; clases 1-4,9",2021,2026,52,,,,,,,"clases={""1"": 37, ""2"": 11, ""3"": 2, ""4"": 0, ""9"": 2}"
A4_prov_2021-2025,A4_prov_2021-2025_max_c677_m0.2_r1.5_e1.6_s1_u0.0,"brecha=P-c(1+m)-S/e; clases 1-4,9",2021,2026,52,,,,,,,"clases={""1"": 44, ""2"": 3, ""3"": 3, ""4"": 0, ""9"": 2}"
A4_prov_2021-2025,A4_prov_2021-2025_max_c677_m0.2_r1.5_e1.6_s1_u0.1,"brecha=P-c(1+m)-S/e; clases 1-4,9",2021,2026,52,,,,,,,"clases={""1"": 41, ""2"": 6, ""3"": 3, ""4"": 0, ""9"": 2}"
A4_prov_2021-2025,A4_prov_2021-2025_max_c677_m0.2_r1.5_e1.6_s1_u0.25,"brecha=P-c(1+m)-S/e; clases 1-4,9",2021,2026,52,,,,,,,"clases={""1"": 38, ""2"": 9, ""3"": 3, ""4"": 0, ""9"": 2}"
A4_prov_2021-2025,A4_prov_2021-2025_max_c677_m0.25_r1.25_e0.8_s0_u0.0,"brecha=P-c(1+m)-S/e; clases 1-4,9",2021,2026,52,,,,,,,"clases={""1"": 40, ""2"": 5, ""3"": 5, ""4"": 0, ""9"": 2}"
A4_prov_2021-2025,A4_prov_2021-2025_max_c677_m0.25_r1.25_e0.8_s0_u0.1,"brecha=P-c(1+m)-S/e; clases 1-4,9",2021,2026,52,,,,,,,"clases={""1"": 37, ""2"": 8, ""3"": 5, ""4"": 0, ""9"": 2}"
A4_prov_2021-2025,A4_prov_2021-2025_max_c677_m0.25_r1.25_e0.8_s0_u0.25,"brecha=P-c(1+m)-S/e; clases 1-4,9",2021,2026,52,,,,,,,"clases={""1"": 33, ""2"": 12, ""3"": 5, ""4"": 0, ""9"": 2}"
A4_prov_2021-2025,A4_prov_2021-2025_max_c677_m0.25_r1.25_e0.8_s1_u0.0,"brecha=P-c(1+m)-S/e; clases 1-4,9",2021,2026,52,,,,,,,"clases={""1"": 38, ""2"": 5, ""3"": 7, ""4"": 0, ""9"": 2}"
A4_prov_2021-2025,A4_prov_2021-2025_max_c677_m0.25_r1.25_e0.8_s1_u0.1,"brecha=P-c(1+m)-S/e; clases 1-4,9",2021,2026,52,,,,,,,"clases={""1"": 35, ""2"": 8, ""3"": 7, ""4"": 0, ""9"": 2}"
A4_prov_2021-2025,A4_prov_2021-2025_max_c677_m0.25_r1.25_e0.8_s1_u0.25,"brecha=P-c(1+m)-S/e; clases 1-4,9",2021,2026,52,,,,,,,"clases={""1"": 32, ""2"": 11, ""3"": 7, ""4"": 0, ""9"": 2}"
A4_prov_2021-2025,A4_prov_2021-2025_max_c677_m0.25_r1.25_e1.2_s0_u0.0,"brecha=P-c(1+m)-S/e; clases 1-4,9",2021,2026,52,,,,,,,"clases={""1"": 40, ""2"": 6, ""3"": 4, ""4"": 0, ""9"": 2}"
A4_prov_2021-2025,A4_prov_2021-2025_max_c677_m0.25_r1.25_e1.2_s0_u0.1,"brecha=P-c(1+m)-S/e; clases 1-4,9",2021,2026,52,,,,,,,"clases={""1"": 35, ""2"": 11, ""3"": 4, ""4"": 0, ""9"": 2}"
A4_prov_2021-2025,A4_prov_2021-2025_max_c677_m0.25_r1.25_e1.2_s0_u0.25,"brecha=P-c(1+m)-S/e; clases 1-4,9",2021,2026,52,,,,,,,"clases={""1"": 31, ""2"": 15, ""3"": 4, ""4"": 0, ""9"": 2}"
A4_prov_2021-2025,A4_prov_2021-2025_max_c677_m0.25_r1.25_e1.2_s1_u0.0,"brecha=P-c(1+m)-S/e; clases 1-4,9",2021,2026,52,,,,,,,"clases={""1"": 39, ""2"": 5, ""3"": 6, ""4"": 0, ""9"": 2}"
A4_prov_2021-2025,A4_prov_2021-2025_max_c677_m0.25_r1.25_e1.2_s1_u0.1,"brecha=P-c(1+m)-S/e; clases 1-4,9",2021,2026,52,,,,,,,"clases={""1"": 34, ""2"": 10, ""3"": 6, ""4"": 0, ""9"": 2}"
A4_prov_2021-2025,A4_prov_2021-2025_max_c677_m0.25_r1.25_e1.2_s1_u0.25,"brecha=P-c(1+m)-S/e; clases 1-4,9",2021,2026,52,,,,,,,"clases={""1"": 30, ""2"": 14, ""3"": 6, ""4"": 0, ""9"": 2}"
A4_prov_2021-2025,A4_prov_2021-2025_max_c677_m0.25_r1.25_e1.6_s0_u0.0,"brecha=P-c(1+m)-S/e; clases 1-4,9",2021,2026,52,,,,,,,"clases={""1"": 42, ""2"": 6, ""3"": 2, ""4"": 0, ""9"": 2}"
A4_prov_2021-2025,A4_prov_2021-2025_max_c677_m0.25_r1.25_e1.6_s0_u0.1,"brecha=P-c(1+m)-S/e; clases 1-4,9",2021,2026,52,,,,,,,"clases={""1"": 37, ""2"": 11, ""3"": 2, ""4"": 0, ""9"": 2}"
A4_prov_2021-2025,A4_prov_2021-2025_max_c677_m0.25_r1.25_e1.6_s0_u0.25,"brecha=P-c(1+m)-S/e; clases 1-4,9",2021,2026,52,,,,,,,"clases={""1"": 33, ""2"": 15, ""3"": 2, ""4"": 0, ""9"": 2}"
A4_prov_2021-2025,A4_prov_2021-2025_max_c677_m0.25_r1.25_e1.6_s1_u0.0,"brecha=P-c(1+m)-S/e; clases 1-4,9",2021,2026,52,,,,,,,"clases={""1"": 41, ""2"": 5, ""3"": 4, ""4"": 0, ""9"": 2}"
A4_prov_2021-2025,A4_prov_2021-2025_max_c677_m0.25_r1.25_e1.6_s1_u0.1,"brecha=P-c(1+m)-S/e; clases 1-4,9",2021,2026,52,,,,,,,"clases={""1"": 36, ""2"": 10, ""3"": 4, ""4"": 0, ""9"": 2}"
A4_prov_2021-2025,A4_prov_2021-2025_max_c677_m0.25_r1.25_e1.6_s1_u0.25,"brecha=P-c(1+m)-S/e; clases 1-4,9",2021,2026,52,,,,,,,"clases={""1"": 32, ""2"": 14, ""3"": 4, ""4"": 0, ""9"": 2}"
A4_prov_2021-2025,A4_prov_2021-2025_max_c677_m0.25_r1.5_e0.8_s0_u0.0,"brecha=P-c(1+m)-S/e; clases 1-4,9",2021,2026,52,,,,,,,"clases={""1"": 43, ""2"": 2, ""3"": 5, ""4"": 0, ""9"": 2}"
A4_prov_2021-2025,A4_prov_2021-2025_max_c677_m0.25_r1.5_e0.8_s0_u0.1,"brecha=P-c(1+m)-S/e; clases 1-4,9",2021,2026,52,,,,,,,"clases={""1"": 40, ""2"": 5, ""3"": 5, ""4"": 0, ""9"": 2}"
A4_prov_2021-2025,A4_prov_2021-2025_max_c677_m0.25_r1.5_e0.8_s0_u0.25,"brecha=P-c(1+m)-S/e; clases 1-4,9",2021,2026,52,,,,,,,"clases={""1"": 38, ""2"": 7, ""3"": 5, ""4"": 0, ""9"": 2}"
A4_prov_2021-2025,A4_prov_2021-2025_max_c677_m0.25_r1.5_e0.8_s1_u0.0,"brecha=P-c(1+m)-S/e; clases 1-4,9",2021,2026,52,,,,,,,"clases={""1"": 41, ""2"": 2, ""3"": 7, ""4"": 0, ""9"": 2}"
A4_prov_2021-2025,A4_prov_2021-2025_max_c677_m0.25_r1.5_e0.8_s1_u0.1,"brecha=P-c(1+m)-S/e; clases 1-4,9",2021,2026,52,,,,,,,"clases={""1"": 38, ""2"": 5, ""3"": 7, ""4"": 0, ""9"": 2}"
A4_prov_2021-2025,A4_prov_2021-2025_max_c677_m0.25_r1.5_e0.8_s1_u0.25,"brecha=P-c(1+m)-S/e; clases 1-4,9",2021,2026,52,,,,,,,"clases={""1"": 37, ""2"": 6, ""3"": 7, ""4"": 0, ""9"": 2}"
A4_prov_2021-2025,A4_prov_2021-2025_max_c677_m0.25_r1.5_e1.2_s0_u0.0,"brecha=P-c(1+m)-S/e; clases 1-4,9",2021,2026,52,,,,,,,"clases={""1"": 42, ""2"": 4, ""3"": 4, ""4"": 0, ""9"": 2}"
A4_prov_2021-2025,A4_prov_2021-2025_max_c677_m0.25_r1.5_e1.2_s0_u0.1,"brecha=P-c(1+m)-S/e; clases 1-4,9",2021,2026,52,,,,,,,"clases={""1"": 39, ""2"": 7, ""3"": 4, ""4"": 0, ""9"": 2}"
A4_prov_2021-2025,A4_prov_2021-2025_max_c677_m0.25_r1.5_e1.2_s0_u0.25,"brecha=P-c(1+m)-S/e; clases 1-4,9",2021,2026,52,,,,,,,"clases={""1"": 35, ""2"": 11, ""3"": 4, ""4"": 0, ""9"": 2}"
A4_prov_2021-2025,A4_prov_2021-2025_max_c677_m0.25_r1.5_e1.2_s1_u0.0,"brecha=P-c(1+m)-S/e; clases 1-4,9",2021,2026,52,,,,,,,"clases={""1"": 41, ""2"": 3, ""3"": 6, ""4"": 0, ""9"": 2}"
A4_prov_2021-2025,A4_prov_2021-2025_max_c677_m0.25_r1.5_e1.2_s1_u0.1,"brecha=P-c(1+m)-S/e; clases 1-4,9",2021,2026,52,,,,,,,"clases={""1"": 38, ""2"": 6, ""3"": 6, ""4"": 0, ""9"": 2}"
A4_prov_2021-2025,A4_prov_2021-2025_max_c677_m0.25_r1.5_e1.2_s1_u0.25,"brecha=P-c(1+m)-S/e; clases 1-4,9",2021,2026,52,,,,,,,"clases={""1"": 36, ""2"": 8, ""3"": 6, ""4"": 0, ""9"": 2}"
A4_prov_2021-2025,A4_prov_2021-2025_max_c677_m0.25_r1.5_e1.6_s0_u0.0,"brecha=P-c(1+m)-S/e; clases 1-4,9",2021,2026,52,,,,,,,"clases={""1"": 44, ""2"": 4, ""3"": 2, ""4"": 0, ""9"": 2}"
A4_prov_2021-2025,A4_prov_2021-2025_max_c677_m0.25_r1.5_e1.6_s0_u0.1,"brecha=P-c(1+m)-S/e; clases 1-4,9",2021,2026,52,,,,,,,"clases={""1"": 41, ""2"": 7, ""3"": 2, ""4"": 0, ""9"": 2}"
A4_prov_2021-2025,A4_prov_2021-2025_max_c677_m0.25_r1.5_e1.6_s0_u0.25,"brecha=P-c(1+m)-S/e; clases 1-4,9",2021,2026,52,,,,,,,"clases={""1"": 37, ""2"": 11, ""3"": 2, ""4"": 0, ""9"": 2}"
A4_prov_2021-2025,A4_prov_2021-2025_max_c677_m0.25_r1.5_e1.6_s1_u0.0,"brecha=P-c(1+m)-S/e; clases 1-4,9",2021,2026,52,,,,,,,"clases={""1"": 43, ""2"": 3, ""3"": 4, ""4"": 0, ""9"": 2}"
A4_prov_2021-2025,A4_prov_2021-2025_max_c677_m0.25_r1.5_e1.6_s1_u0.1,"brecha=P-c(1+m)-S/e; clases 1-4,9",2021,2026,52,,,,,,,"clases={""1"": 40, ""2"": 6, ""3"": 4, ""4"": 0, ""9"": 2}"
A4_prov_2021-2025,A4_prov_2021-2025_max_c677_m0.25_r1.5_e1.6_s1_u0.25,"brecha=P-c(1+m)-S/e; clases 1-4,9",2021,2026,52,,,,,,,"clases={""1"": 37, ""2"": 9, ""3"": 4, ""4"": 0, ""9"": 2}"
A4_prov_2021-2025,A4_prov_2021-2025_max_c805_m0.15_r1.25_e0.8_s0_u0.0,"brecha=P-c(1+m)-S/e; clases 1-4,9",2021,2026,52,,,,,,,"clases={""1"": 40, ""2"": 3, ""3"": 7, ""4"": 0, ""9"": 2}"
A4_prov_2021-2025,A4_prov_2021-2025_max_c805_m0.15_r1.25_e0.8_s0_u0.1,"brecha=P-c(1+m)-S/e; clases 1-4,9",2021,2026,52,,,,,,,"clases={""1"": 37, ""2"": 6, ""3"": 7, ""4"": 0, ""9"": 2}"
A4_prov_2021-2025,A4_prov_2021-2025_max_c805_m0.15_r1.25_e0.8_s0_u0.25,"brecha=P-c(1+m)-S/e; clases 1-4,9",2021,2026,52,,,,,,,"clases={""1"": 35, ""2"": 8, ""3"": 7, ""4"": 0, ""9"": 2}"
A4_prov_2021-2025,A4_prov_2021-2025_max_c805_m0.15_r1.25_e0.8_s1_u0.0,"brecha=P-c(1+m)-S/e; clases 1-4,9",2021,2026,52,,,,,,,"clases={""1"": 36, ""2"": 3, ""3"": 11, ""4"": 0, ""9"": 2}"
A4_prov_2021-2025,A4_prov_2021-2025_max_c805_m0.15_r1.25_e0.8_s1_u0.1,"brecha=P-c(1+m)-S/e; clases 1-4,9",2021,2026,52,,,,,,,"clases={""1"": 33, ""2"": 6, ""3"": 11, ""4"": 0, ""9"": 2}"
A4_prov_2021-2025,A4_prov_2021-2025_max_c805_m0.15_r1.25_e0.8_s1_u0.25,"brecha=P-c(1+m)-S/e; clases 1-4,9",2021,2026,52,,,,,,,"clases={""1"": 31, ""2"": 8, ""3"": 11, ""4"": 0, ""9"": 2}"
A4_prov_2021-2025,A4_prov_2021-2025_max_c805_m0.15_r1.25_e1.2_s0_u0.0,"brecha=P-c(1+m)-S/e; clases 1-4,9",2021,2026,52,,,,,,,"clases={""1"": 38, ""2"": 5, ""3"": 7, ""4"": 0, ""9"": 2}"
A4_prov_2021-2025,A4_prov_2021-2025_max_c805_m0.15_r1.25_e1.2_s0_u0.1,"brecha=P-c(1+m)-S/e; clases 1-4,9",2021,2026,52,,,,,,,"clases={""1"": 35, ""2"": 8, ""3"": 7, ""4"": 0, ""9"": 2}"
A4_prov_2021-2025,A4_prov_2021-2025_max_c805_m0.15_r1.25_e1.2_s0_u0.25,"brecha=P-c(1+m)-S/e; clases 1-4,9",2021,2026,52,,,,,,,"clases={""1"": 31, ""2"": 12, ""3"": 7, ""4"": 0, ""9"": 2}"
A4_prov_2021-2025,A4_prov_2021-2025_max_c805_m0.15_r1.25_e1.2_s1_u0.0,"brecha=P-c(1+m)-S/e; clases 1-4,9",2021,2026,52,,,,,,,"clases={""1"": 37, ""2"": 4, ""3"": 9, ""4"": 0, ""9"": 2}"
A4_prov_2021-2025,A4_prov_2021-2025_max_c805_m0.15_r1.25_e1.2_s1_u0.1,"brecha=P-c(1+m)-S/e; clases 1-4,9",2021,2026,52,,,,,,,"clases={""1"": 34, ""2"": 7, ""3"": 9, ""4"": 0, ""9"": 2}"
A4_prov_2021-2025,A4_prov_2021-2025_max_c805_m0.15_r1.25_e1.2_s1_u0.25,"brecha=P-c(1+m)-S/e; clases 1-4,9",2021,2026,52,,,,,,,"clases={""1"": 31, ""2"": 10, ""3"": 9, ""4"": 0, ""9"": 2}"
A4_prov_2021-2025,A4_prov_2021-2025_max_c805_m0.15_r1.25_e1.6_s0_u0.0,"brecha=P-c(1+m)-S/e; clases 1-4,9",2021,2026,52,,,,,,,"clases={""1"": 39, ""2"": 5, ""3"": 6, ""4"": 0, ""9"": 2}"
A4_prov_2021-2025,A4_prov_2021-2025_max_c805_m0.15_r1.25_e1.6_s0_u0.1,"brecha=P-c(1+m)-S/e; clases 1-4,9",2021,2026,52,,,,,,,"clases={""1"": 36, ""2"": 8, ""3"": 6, ""4"": 0, ""9"": 2}"
A4_prov_2021-2025,A4_prov_2021-2025_max_c805_m0.15_r1.25_e1.6_s0_u0.25,"brecha=P-c(1+m)-S/e; clases 1-4,9",2021,2026,52,,,,,,,"clases={""1"": 32, ""2"": 12, ""3"": 6, ""4"": 0, ""9"": 2}"
A4_prov_2021-2025,A4_prov_2021-2025_max_c805_m0.15_r1.25_e1.6_s1_u0.0,"brecha=P-c(1+m)-S/e; clases 1-4,9",2021,2026,52,,,,,,,"clases={""1"": 37, ""2"": 5, ""3"": 8, ""4"": 0, ""9"": 2}"
A4_prov_2021-2025,A4_prov_2021-2025_max_c805_m0.15_r1.25_e1.6_s1_u0.1,"brecha=P-c(1+m)-S/e; clases 1-4,9",2021,2026,52,,,,,,,"clases={""1"": 34, ""2"": 8, ""3"": 8, ""4"": 0, ""9"": 2}"
A4_prov_2021-2025,A4_prov_2021-2025_max_c805_m0.15_r1.25_e1.6_s1_u0.25,"brecha=P-c(1+m)-S/e; clases 1-4,9",2021,2026,52,,,,,,,"clases={""1"": 30, ""2"": 12, ""3"": 8, ""4"": 0, ""9"": 2}"
A4_prov_2021-2025,A4_prov_2021-2025_max_c805_m0.15_r1.5_e0.8_s0_u0.0,"brecha=P-c(1+m)-S/e; clases 1-4,9",2021,2026,52,,,,,,,"clases={""1"": 41, ""2"": 2, ""3"": 7, ""4"": 0, ""9"": 2}"
A4_prov_2021-2025,A4_prov_2021-2025_max_c805_m0.15_r1.5_e0.8_s0_u0.1,"brecha=P-c(1+m)-S/e; clases 1-4,9",2021,2026,52,,,,,,,"clases={""1"": 38, ""2"": 5, ""3"": 7, ""4"": 0, ""9"": 2}"
A4_prov_2021-2025,A4_prov_2021-2025_max_c805_m0.15_r1.5_e0.8_s0_u0.25,"brecha=P-c(1+m)-S/e; clases 1-4,9",2021,2026,52,,,,,,,"clases={""1"": 36, ""2"": 7, ""3"": 7, ""4"": 0, ""9"": 2}"
A4_prov_2021-2025,A4_prov_2021-2025_max_c805_m0.15_r1.5_e0.8_s1_u0.0,"brecha=P-c(1+m)-S/e; clases 1-4,9",2021,2026,52,,,,,,,"clases={""1"": 37, ""2"": 2, ""3"": 11, ""4"": 0, ""9"": 2}"
A4_prov_2021-2025,A4_prov_2021-2025_max_c805_m0.15_r1.5_e0.8_s1_u0.1,"brecha=P-c(1+m)-S/e; clases 1-4,9",2021,2026,52,,,,,,,"clases={""1"": 34, ""2"": 5, ""3"": 11, ""4"": 0, ""9"": 2}"
A4_prov_2021-2025,A4_prov_2021-2025_max_c805_m0.15_r1.5_e0.8_s1_u0.25,"brecha=P-c(1+m)-S/e; clases 1-4,9",2021,2026,52,,,,,,,"clases={""1"": 33, ""2"": 6, ""3"": 11, ""4"": 0, ""9"": 2}"
A4_prov_2021-2025,A4_prov_2021-2025_max_c805_m0.15_r1.5_e1.2_s0_u0.0,"brecha=P-c(1+m)-S/e; clases 1-4,9",2021,2026,52,,,,,,,"clases={""1"": 41, ""2"": 2, ""3"": 7, ""4"": 0, ""9"": 2}"
A4_prov_2021-2025,A4_prov_2021-2025_max_c805_m0.15_r1.5_e1.2_s0_u0.1,"brecha=P-c(1+m)-S/e; clases 1-4,9",2021,2026,52,,,,,,,"clases={""1"": 38, ""2"": 5, ""3"": 7, ""4"": 0, ""9"": 2}"
A4_prov_2021-2025,A4_prov_2021-2025_max_c805_m0.15_r1.5_e1.2_s0_u0.25,"brecha=P-c(1+m)-S/e; clases 1-4,9",2021,2026,52,,,,,,,"clases={""1"": 36, ""2"": 7, ""3"": 7, ""4"": 0, ""9"": 2}"
A4_prov_2021-2025,A4_prov_2021-2025_max_c805_m0.15_r1.5_e1.2_s1_u0.0,"brecha=P-c(1+m)-S/e; clases 1-4,9",2021,2026,52,,,,,,,"clases={""1"": 39, ""2"": 2, ""3"": 9, ""4"": 0, ""9"": 2}"
A4_prov_2021-2025,A4_prov_2021-2025_max_c805_m0.15_r1.5_e1.2_s1_u0.1,"brecha=P-c(1+m)-S/e; clases 1-4,9",2021,2026,52,,,,,,,"clases={""1"": 36, ""2"": 5, ""3"": 9, ""4"": 0, ""9"": 2}"
A4_prov_2021-2025,A4_prov_2021-2025_max_c805_m0.15_r1.5_e1.2_s1_u0.25,"brecha=P-c(1+m)-S/e; clases 1-4,9",2021,2026,52,,,,,,,"clases={""1"": 35, ""2"": 6, ""3"": 9, ""4"": 0, ""9"": 2}"
A4_prov_2021-2025,A4_prov_2021-2025_max_c805_m0.15_r1.5_e1.6_s0_u0.0,"brecha=P-c(1+m)-S/e; clases 1-4,9",2021,2026,52,,,,,,,"clases={""1"": 42, ""2"": 2, ""3"": 6, ""4"": 0, ""9"": 2}"
A4_prov_2021-2025,A4_prov_2021-2025_max_c805_m0.15_r1.5_e1.6_s0_u0.1,"brecha=P-c(1+m)-S/e; clases 1-4,9",2021,2026,52,,,,,,,"clases={""1"": 39, ""2"": 5, ""3"": 6, ""4"": 0, ""9"": 2}"
A4_prov_2021-2025,A4_prov_2021-2025_max_c805_m0.15_r1.5_e1.6_s0_u0.25,"brecha=P-c(1+m)-S/e; clases 1-4,9",2021,2026,52,,,,,,,"clases={""1"": 37, ""2"": 7, ""3"": 6, ""4"": 0, ""9"": 2}"
A4_prov_2021-2025,A4_prov_2021-2025_max_c805_m0.15_r1.5_e1.6_s1_u0.0,"brecha=P-c(1+m)-S/e; clases 1-4,9",2021,2026,52,,,,,,,"clases={""1"": 40, ""2"": 2, ""3"": 8, ""4"": 0, ""9"": 2}"
A4_prov_2021-2025,A4_prov_2021-2025_max_c805_m0.15_r1.5_e1.6_s1_u0.1,"brecha=P-c(1+m)-S/e; clases 1-4,9",2021,2026,52,,,,,,,"clases={""1"": 37, ""2"": 5, ""3"": 8, ""4"": 0, ""9"": 2}"
A4_prov_2021-2025,A4_prov_2021-2025_max_c805_m0.15_r1.5_e1.6_s1_u0.25,"brecha=P-c(1+m)-S/e; clases 1-4,9",2021,2026,52,,,,,,,"clases={""1"": 36, ""2"": 6, ""3"": 8, ""4"": 0, ""9"": 2}"
A4_prov_2021-2025,A4_prov_2021-2025_max_c805_m0.2_r1.25_e0.8_s0_u0.0,"brecha=P-c(1+m)-S/e; clases 1-4,9",2021,2026,52,,,,,,,"clases={""1"": 39, ""2"": 3, ""3"": 8, ""4"": 0, ""9"": 2}"
A4_prov_2021-2025,A4_prov_2021-2025_max_c805_m0.2_r1.25_e0.8_s0_u0.1,"brecha=P-c(1+m)-S/e; clases 1-4,9",2021,2026,52,,,,,,,"clases={""1"": 36, ""2"": 6, ""3"": 8, ""4"": 0, ""9"": 2}"
A4_prov_2021-2025,A4_prov_2021-2025_max_c805_m0.2_r1.25_e0.8_s0_u0.25,"brecha=P-c(1+m)-S/e; clases 1-4,9",2021,2026,52,,,,,,,"clases={""1"": 34, ""2"": 8, ""3"": 8, ""4"": 0, ""9"": 2}"
A4_prov_2021-2025,A4_prov_2021-2025_max_c805_m0.2_r1.25_e0.8_s1_u0.0,"brecha=P-c(1+m)-S/e; clases 1-4,9",2021,2026,52,,,,,,,"clases={""1"": 34, ""2"": 3, ""3"": 13, ""4"": 0, ""9"": 2}"
A4_prov_2021-2025,A4_prov_2021-2025_max_c805_m0.2_r1.25_e0.8_s1_u0.1,"brecha=P-c(1+m)-S/e; clases 1-4,9",2021,2026,52,,,,,,,"clases={""1"": 31, ""2"": 6, ""3"": 13, ""4"": 0, ""9"": 2}"
A4_prov_2021-2025,A4_prov_2021-2025_max_c805_m0.2_r1.25_e0.8_s1_u0.25,"brecha=P-c(1+m)-S/e; clases 1-4,9",2021,2026,52,,,,,,,"clases={""1"": 29, ""2"": 8, ""3"": 13, ""4"": 0, ""9"": 2}"
A4_prov_2021-2025,A4_prov_2021-2025_max_c805_m0.2_r1.25_e1.2_s0_u0.0,"brecha=P-c(1+m)-S/e; clases 1-4,9",2021,2026,52,,,,,,,"clases={""1"": 38, ""2"": 5, ""3"": 7, ""4"": 0, ""9"": 2}"
A4_prov_2021-2025,A4_prov_2021-2025_max_c805_m0.2_r1.25_e1.2_s0_u0.1,"brecha=P-c(1+m)-S/e; clases 1-4,9",2021,2026,52,,,,,,,"clases={""1"": 35, ""2"": 8, ""3"": 7, ""4"": 0, ""9"": 2}"
A4_prov_2021-2025,A4_prov_2021-2025_max_c805_m0.2_r1.25_e1.2_s0_u0.25,"brecha=P-c(1+m)-S/e; clases 1-4,9",2021,2026,52,,,,,,,"clases={""1"": 31, ""2"": 12, ""3"": 7, ""4"": 0, ""9"": 2}"
A4_prov_2021-2025,A4_prov_2021-2025_max_c805_m0.2_r1.25_e1.2_s1_u0.0,"brecha=P-c(1+m)-S/e; clases 1-4,9",2021,2026,52,,,,,,,"clases={""1"": 37, ""2"": 4, ""3"": 9, ""4"": 0, ""9"": 2}"
A4_prov_2021-2025,A4_prov_2021-2025_max_c805_m0.2_r1.25_e1.2_s1_u0.1,"brecha=P-c(1+m)-S/e; clases 1-4,9",2021,2026,52,,,,,,,"clases={""1"": 34, ""2"": 7, ""3"": 9, ""4"": 0, ""9"": 2}"
A4_prov_2021-2025,A4_prov_2021-2025_max_c805_m0.2_r1.25_e1.2_s1_u0.25,"brecha=P-c(1+m)-S/e; clases 1-4,9",2021,2026,52,,,,,,,"clases={""1"": 31, ""2"": 10, ""3"": 9, ""4"": 0, ""9"": 2}"
A4_prov_2021-2025,A4_prov_2021-2025_max_c805_m0.2_r1.25_e1.6_s0_u0.0,"brecha=P-c(1+m)-S/e; clases 1-4,9",2021,2026,52,,,,,,,"clases={""1"": 38, ""2"": 5, ""3"": 7, ""4"": 0, ""9"": 2}"
A4_prov_2021-2025,A4_prov_2021-2025_max_c805_m0.2_r1.25_e1.6_s0_u0.1,"brecha=P-c(1+m)-S/e; clases 1-4,9",2021,2026,52,,,,,,,"clases={""1"": 35, ""2"": 8, ""3"": 7, ""4"": 0, ""9"": 2}"
A4_prov_2021-2025,A4_prov_2021-2025_max_c805_m0.2_r1.25_e1.6_s0_u0.25,"brecha=P-c(1+m)-S/e; clases 1-4,9",2021,2026,52,,,,,,,"clases={""1"": 31, ""2"": 12, ""3"": 7, ""4"": 0, ""9"": 2}"
A4_prov_2021-2025,A4_prov_2021-2025_max_c805_m0.2_r1.25_e1.6_s1_u0.0,"brecha=P-c(1+m)-S/e; clases 1-4,9",2021,2026,52,,,,,,,"clases={""1"": 36, ""2"": 5, ""3"": 9, ""4"": 0, ""9"": 2}"
A4_prov_2021-2025,A4_prov_2021-2025_max_c805_m0.2_r1.25_e1.6_s1_u0.1,"brecha=P-c(1+m)-S/e; clases 1-4,9",2021,2026,52,,,,,,,"clases={""1"": 33, ""2"": 8, ""3"": 9, ""4"": 0, ""9"": 2}"
A4_prov_2021-2025,A4_prov_2021-2025_max_c805_m0.2_r1.25_e1.6_s1_u0.25,"brecha=P-c(1+m)-S/e; clases 1-4,9",2021,2026,52,,,,,,,"clases={""1"": 29, ""2"": 12, ""3"": 9, ""4"": 0, ""9"": 2}"
A4_prov_2021-2025,A4_prov_2021-2025_max_c805_m0.2_r1.5_e0.8_s0_u0.0,"brecha=P-c(1+m)-S/e; clases 1-4,9",2021,2026,52,,,,,,,"clases={""1"": 40, ""2"": 2, ""3"": 8, ""4"": 0, ""9"": 2}"
A4_prov_2021-2025,A4_prov_2021-2025_max_c805_m0.2_r1.5_e0.8_s0_u0.1,"brecha=P-c(1+m)-S/e; clases 1-4,9",2021,2026,52,,,,,,,"clases={""1"": 37, ""2"": 5, ""3"": 8, ""4"": 0, ""9"": 2}"
A4_prov_2021-2025,A4_prov_2021-2025_max_c805_m0.2_r1.5_e0.8_s0_u0.25,"brecha=P-c(1+m)-S/e; clases 1-4,9",2021,2026,52,,,,,,,"clases={""1"": 35, ""2"": 7, ""3"": 8, ""4"": 0, ""9"": 2}"
A4_prov_2021-2025,A4_prov_2021-2025_max_c805_m0.2_r1.5_e0.8_s1_u0.0,"brecha=P-c(1+m)-S/e; clases 1-4,9",2021,2026,52,,,,,,,"clases={""1"": 35, ""2"": 2, ""3"": 13, ""4"": 0, ""9"": 2}"
A4_prov_2021-2025,A4_prov_2021-2025_max_c805_m0.2_r1.5_e0.8_s1_u0.1,"brecha=P-c(1+m)-S/e; clases 1-4,9",2021,2026,52,,,,,,,"clases={""1"": 32, ""2"": 5, ""3"": 13, ""4"": 0, ""9"": 2}"
A4_prov_2021-2025,A4_prov_2021-2025_max_c805_m0.2_r1.5_e0.8_s1_u0.25,"brecha=P-c(1+m)-S/e; clases 1-4,9",2021,2026,52,,,,,,,"clases={""1"": 31, ""2"": 6, ""3"": 13, ""4"": 0, ""9"": 2}"
A4_prov_2021-2025,A4_prov_2021-2025_max_c805_m0.2_r1.5_e1.2_s0_u0.0,"brecha=P-c(1+m)-S/e; clases 1-4,9",2021,2026,52,,,,,,,"clases={""1"": 41, ""2"": 2, ""3"": 7, ""4"": 0, ""9"": 2}"
A4_prov_2021-2025,A4_prov_2021-2025_max_c805_m0.2_r1.5_e1.2_s0_u0.1,"brecha=P-c(1+m)-S/e; clases 1-4,9",2021,2026,52,,,,,,,"clases={""1"": 38, ""2"": 5, ""3"": 7, ""4"": 0, ""9"": 2}"
A4_prov_2021-2025,A4_prov_2021-2025_max_c805_m0.2_r1.5_e1.2_s0_u0.25,"brecha=P-c(1+m)-S/e; clases 1-4,9",2021,2026,52,,,,,,,"clases={""1"": 36, ""2"": 7, ""3"": 7, ""4"": 0, ""9"": 2}"
A4_prov_2021-2025,A4_prov_2021-2025_max_c805_m0.2_r1.5_e1.2_s1_u0.0,"brecha=P-c(1+m)-S/e; clases 1-4,9",2021,2026,52,,,,,,,"clases={""1"": 39, ""2"": 2, ""3"": 9, ""4"": 0, ""9"": 2}"
A4_prov_2021-2025,A4_prov_2021-2025_max_c805_m0.2_r1.5_e1.2_s1_u0.1,"brecha=P-c(1+m)-S/e; clases 1-4,9",2021,2026,52,,,,,,,"clases={""1"": 36, ""2"": 5, ""3"": 9, ""4"": 0, ""9"": 2}"
A4_prov_2021-2025,A4_prov_2021-2025_max_c805_m0.2_r1.5_e1.2_s1_u0.25,"brecha=P-c(1+m)-S/e; clases 1-4,9",2021,2026,52,,,,,,,"clases={""1"": 35, ""2"": 6, ""3"": 9, ""4"": 0, ""9"": 2}"
A4_prov_2021-2025,A4_prov_2021-2025_max_c805_m0.2_r1.5_e1.6_s0_u0.0,"brecha=P-c(1+m)-S/e; clases 1-4,9",2021,2026,52,,,,,,,"clases={""1"": 41, ""2"": 2, ""3"": 7, ""4"": 0, ""9"": 2}"
A4_prov_2021-2025,A4_prov_2021-2025_max_c805_m0.2_r1.5_e1.6_s0_u0.1,"brecha=P-c(1+m)-S/e; clases 1-4,9",2021,2026,52,,,,,,,"clases={""1"": 38, ""2"": 5, ""3"": 7, ""4"": 0, ""9"": 2}"
A4_prov_2021-2025,A4_prov_2021-2025_max_c805_m0.2_r1.5_e1.6_s0_u0.25,"brecha=P-c(1+m)-S/e; clases 1-4,9",2021,2026,52,,,,,,,"clases={""1"": 36, ""2"": 7, ""3"": 7, ""4"": 0, ""9"": 2}"
A4_prov_2021-2025,A4_prov_2021-2025_max_c805_m0.2_r1.5_e1.6_s1_u0.0,"brecha=P-c(1+m)-S/e; clases 1-4,9",2021,2026,52,,,,,,,"clases={""1"": 39, ""2"": 2, ""3"": 9, ""4"": 0, ""9"": 2}"
A4_prov_2021-2025,A4_prov_2021-2025_max_c805_m0.2_r1.5_e1.6_s1_u0.1,"brecha=P-c(1+m)-S/e; clases 1-4,9",2021,2026,52,,,,,,,"clases={""1"": 36, ""2"": 5, ""3"": 9, ""4"": 0, ""9"": 2}"
A4_prov_2021-2025,A4_prov_2021-2025_max_c805_m0.2_r1.5_e1.6_s1_u0.25,"brecha=P-c(1+m)-S/e; clases 1-4,9",2021,2026,52,,,,,,,"clases={""1"": 35, ""2"": 6, ""3"": 9, ""4"": 0, ""9"": 2}"
A4_prov_2021-2025,A4_prov_2021-2025_max_c805_m0.25_r1.25_e0.8_s0_u0.0,"brecha=P-c(1+m)-S/e; clases 1-4,9",2021,2026,52,,,,,,,"clases={""1"": 36, ""2"": 3, ""3"": 11, ""4"": 0, ""9"": 2}"
A4_prov_2021-2025,A4_prov_2021-2025_max_c805_m0.25_r1.25_e0.8_s0_u0.1,"brecha=P-c(1+m)-S/e; clases 1-4,9",2021,2026,52,,,,,,,"clases={""1"": 33, ""2"": 6, ""3"": 11, ""4"": 0, ""9"": 2}"
A4_prov_2021-2025,A4_prov_2021-2025_max_c805_m0.25_r1.25_e0.8_s0_u0.25,"brecha=P-c(1+m)-S/e; clases 1-4,9",2021,2026,52,,,,,,,"clases={""1"": 31, ""2"": 8, ""3"": 11, ""4"": 0, ""9"": 2}"
A4_prov_2021-2025,A4_prov_2021-2025_max_c805_m0.25_r1.25_e0.8_s1_u0.0,"brecha=P-c(1+m)-S/e; clases 1-4,9",2021,2026,52,,,,,,,"clases={""1"": 31, ""2"": 3, ""3"": 16, ""4"": 0, ""9"": 2}"
A4_prov_2021-2025,A4_prov_2021-2025_max_c805_m0.25_r1.25_e0.8_s1_u0.1,"brecha=P-c(1+m)-S/e; clases 1-4,9",2021,2026,52,,,,,,,"clases={""1"": 28, ""2"": 6, ""3"": 16, ""4"": 0, ""9"": 2}"
A4_prov_2021-2025,A4_prov_2021-2025_max_c805_m0.25_r1.25_e0.8_s1_u0.25,"brecha=P-c(1+m)-S/e; clases 1-4,9",2021,2026,52,,,,,,,"clases={""1"": 26, ""2"": 8, ""3"": 16, ""4"": 0, ""9"": 2}"
A4_prov_2021-2025,A4_prov_2021-2025_max_c805_m0.25_r1.25_e1.2_s0_u0.0,"brecha=P-c(1+m)-S/e; clases 1-4,9",2021,2026,52,,,,,,,"clases={""1"": 36, ""2"": 5, ""3"": 9, ""4"": 0, ""9"": 2}"
A4_prov_2021-2025,A4_prov_2021-2025_max_c805_m0.25_r1.25_e1.2_s0_u0.1,"brecha=P-c(1+m)-S/e; clases 1-4,9",2021,2026,52,,,,,,,"clases={""1"": 33, ""2"": 8, ""3"": 9, ""4"": 0, ""9"": 2}"
A4_prov_2021-2025,A4_prov_2021-2025_max_c805_m0.25_r1.25_e1.2_s0_u0.25,"brecha=P-c(1+m)-S/e; clases 1-4,9",2021,2026,52,,,,,,,"clases={""1"": 29, ""2"": 12, ""3"": 9, ""4"": 0, ""9"": 2}"
A4_prov_2021-2025,A4_prov_2021-2025_max_c805_m0.25_r1.25_e1.2_s1_u0.0,"brecha=P-c(1+m)-S/e; clases 1-4,9",2021,2026,52,,,,,,,"clases={""1"": 36, ""2"": 4, ""3"": 10, ""4"": 0, ""9"": 2}"
A4_prov_2021-2025,A4_prov_2021-2025_max_c805_m0.25_r1.25_e1.2_s1_u0.1,"brecha=P-c(1+m)-S/e; clases 1-4,9",2021,2026,52,,,,,,,"clases={""1"": 33, ""2"": 7, ""3"": 10, ""4"": 0, ""9"": 2}"
A4_prov_2021-2025,A4_prov_2021-2025_max_c805_m0.25_r1.25_e1.2_s1_u0.25,"brecha=P-c(1+m)-S/e; clases 1-4,9",2021,2026,52,,,,,,,"clases={""1"": 30, ""2"": 10, ""3"": 10, ""4"": 0, ""9"": 2}"
A4_prov_2021-2025,A4_prov_2021-2025_max_c805_m0.25_r1.25_e1.6_s0_u0.0,"brecha=P-c(1+m)-S/e; clases 1-4,9",2021,2026,52,,,,,,,"clases={""1"": 37, ""2"": 5, ""3"": 8, ""4"": 0, ""9"": 2}"
A4_prov_2021-2025,A4_prov_2021-2025_max_c805_m0.25_r1.25_e1.6_s0_u0.1,"brecha=P-c(1+m)-S/e; clases 1-4,9",2021,2026,52,,,,,,,"clases={""1"": 34, ""2"": 8, ""3"": 8, ""4"": 0, ""9"": 2}"
A4_prov_2021-2025,A4_prov_2021-2025_max_c805_m0.25_r1.25_e1.6_s0_u0.25,"brecha=P-c(1+m)-S/e; clases 1-4,9",2021,2026,52,,,,,,,"clases={""1"": 30, ""2"": 12, ""3"": 8, ""4"": 0, ""9"": 2}"
A4_prov_2021-2025,A4_prov_2021-2025_max_c805_m0.25_r1.25_e1.6_s1_u0.0,"brecha=P-c(1+m)-S/e; clases 1-4,9",2021,2026,52,,,,,,,"clases={""1"": 36, ""2"": 5, ""3"": 9, ""4"": 0, ""9"": 2}"
A4_prov_2021-2025,A4_prov_2021-2025_max_c805_m0.25_r1.25_e1.6_s1_u0.1,"brecha=P-c(1+m)-S/e; clases 1-4,9",2021,2026,52,,,,,,,"clases={""1"": 33, ""2"": 8, ""3"": 9, ""4"": 0, ""9"": 2}"
A4_prov_2021-2025,A4_prov_2021-2025_max_c805_m0.25_r1.25_e1.6_s1_u0.25,"brecha=P-c(1+m)-S/e; clases 1-4,9",2021,2026,52,,,,,,,"clases={""1"": 29, ""2"": 12, ""3"": 9, ""4"": 0, ""9"": 2}"
A4_prov_2021-2025,A4_prov_2021-2025_max_c805_m0.25_r1.5_e0.8_s0_u0.0,"brecha=P-c(1+m)-S/e; clases 1-4,9",2021,2026,52,,,,,,,"clases={""1"": 37, ""2"": 2, ""3"": 11, ""4"": 0, ""9"": 2}"
A4_prov_2021-2025,A4_prov_2021-2025_max_c805_m0.25_r1.5_e0.8_s0_u0.1,"brecha=P-c(1+m)-S/e; clases 1-4,9",2021,2026,52,,,,,,,"clases={""1"": 34, ""2"": 5, ""3"": 11, ""4"": 0, ""9"": 2}"
A4_prov_2021-2025,A4_prov_2021-2025_max_c805_m0.25_r1.5_e0.8_s0_u0.25,"brecha=P-c(1+m)-S/e; clases 1-4,9",2021,2026,52,,,,,,,"clases={""1"": 32, ""2"": 7, ""3"": 11, ""4"": 0, ""9"": 2}"
A4_prov_2021-2025,A4_prov_2021-2025_max_c805_m0.25_r1.5_e0.8_s1_u0.0,"brecha=P-c(1+m)-S/e; clases 1-4,9",2021,2026,52,,,,,,,"clases={""1"": 32, ""2"": 2, ""3"": 16, ""4"": 0, ""9"": 2}"
A4_prov_2021-2025,A4_prov_2021-2025_max_c805_m0.25_r1.5_e0.8_s1_u0.1,"brecha=P-c(1+m)-S/e; clases 1-4,9",2021,2026,52,,,,,,,"clases={""1"": 29, ""2"": 5, ""3"": 16, ""4"": 0, ""9"": 2}"
A4_prov_2021-2025,A4_prov_2021-2025_max_c805_m0.25_r1.5_e0.8_s1_u0.25,"brecha=P-c(1+m)-S/e; clases 1-4,9",2021,2026,52,,,,,,,"clases={""1"": 28, ""2"": 6, ""3"": 16, ""4"": 0, ""9"": 2}"
A4_prov_2021-2025,A4_prov_2021-2025_max_c805_m0.25_r1.5_e1.2_s0_u0.0,"brecha=P-c(1+m)-S/e; clases 1-4,9",2021,2026,52,,,,,,,"clases={""1"": 39, ""2"": 2, ""3"": 9, ""4"": 0, ""9"": 2}"
A4_prov_2021-2025,A4_prov_2021-2025_max_c805_m0.25_r1.5_e1.2_s0_u0.1,"brecha=P-c(1+m)-S/e; clases 1-4,9",2021,2026,52,,,,,,,"clases={""1"": 36, ""2"": 5, ""3"": 9, ""4"": 0, ""9"": 2}"
A4_prov_2021-2025,A4_prov_2021-2025_max_c805_m0.25_r1.5_e1.2_s0_u0.25,"brecha=P-c(1+m)-S/e; clases 1-4,9",2021,2026,52,,,,,,,"clases={""1"": 34, ""2"": 7, ""3"": 9, ""4"": 0, ""9"": 2}"
A4_prov_2021-2025,A4_prov_2021-2025_max_c805_m0.25_r1.5_e1.2_s1_u0.0,"brecha=P-c(1+m)-S/e; clases 1-4,9",2021,2026,52,,,,,,,"clases={""1"": 38, ""2"": 2, ""3"": 10, ""4"": 0, ""9"": 2}"
A4_prov_2021-2025,A4_prov_2021-2025_max_c805_m0.25_r1.5_e1.2_s1_u0.1,"brecha=P-c(1+m)-S/e; clases 1-4,9",2021,2026,52,,,,,,,"clases={""1"": 35, ""2"": 5, ""3"": 10, ""4"": 0, ""9"": 2}"
A4_prov_2021-2025,A4_prov_2021-2025_max_c805_m0.25_r1.5_e1.2_s1_u0.25,"brecha=P-c(1+m)-S/e; clases 1-4,9",2021,2026,52,,,,,,,"clases={""1"": 34, ""2"": 6, ""3"": 10, ""4"": 0, ""9"": 2}"
A4_prov_2021-2025,A4_prov_2021-2025_max_c805_m0.25_r1.5_e1.6_s0_u0.0,"brecha=P-c(1+m)-S/e; clases 1-4,9",2021,2026,52,,,,,,,"clases={""1"": 40, ""2"": 2, ""3"": 8, ""4"": 0, ""9"": 2}"
A4_prov_2021-2025,A4_prov_2021-2025_max_c805_m0.25_r1.5_e1.6_s0_u0.1,"brecha=P-c(1+m)-S/e; clases 1-4,9",2021,2026,52,,,,,,,"clases={""1"": 37, ""2"": 5, ""3"": 8, ""4"": 0, ""9"": 2}"
A4_prov_2021-2025,A4_prov_2021-2025_max_c805_m0.25_r1.5_e1.6_s0_u0.25,"brecha=P-c(1+m)-S/e; clases 1-4,9",2021,2026,52,,,,,,,"clases={""1"": 35, ""2"": 7, ""3"": 8, ""4"": 0, ""9"": 2}"
A4_prov_2021-2025,A4_prov_2021-2025_max_c805_m0.25_r1.5_e1.6_s1_u0.0,"brecha=P-c(1+m)-S/e; clases 1-4,9",2021,2026,52,,,,,,,"clases={""1"": 39, ""2"": 2, ""3"": 9, ""4"": 0, ""9"": 2}"
A4_prov_2021-2025,A4_prov_2021-2025_max_c805_m0.25_r1.5_e1.6_s1_u0.1,"brecha=P-c(1+m)-S/e; clases 1-4,9",2021,2026,52,,,,,,,"clases={""1"": 36, ""2"": 5, ""3"": 9, ""4"": 0, ""9"": 2}"
A4_prov_2021-2025,A4_prov_2021-2025_max_c805_m0.25_r1.5_e1.6_s1_u0.25,"brecha=P-c(1+m)-S/e; clases 1-4,9",2021,2026,52,,,,,,,"clases={""1"": 35, ""2"": 6, ""3"": 9, ""4"": 0, ""9"": 2}"
A4_prov_2021-2025,A4_prov_2021-2025_max_c932_m0.15_r1.25_e0.8_s0_u0.0,"brecha=P-c(1+m)-S/e; clases 1-4,9",2021,2026,52,,,,,,,"clases={""1"": 30, ""2"": 2, ""3"": 18, ""4"": 0, ""9"": 2}"
A4_prov_2021-2025,A4_prov_2021-2025_max_c932_m0.15_r1.25_e0.8_s0_u0.1,"brecha=P-c(1+m)-S/e; clases 1-4,9",2021,2026,52,,,,,,,"clases={""1"": 27, ""2"": 5, ""3"": 18, ""4"": 0, ""9"": 2}"
A4_prov_2021-2025,A4_prov_2021-2025_max_c932_m0.15_r1.25_e0.8_s0_u0.25,"brecha=P-c(1+m)-S/e; clases 1-4,9",2021,2026,52,,,,,,,"clases={""1"": 25, ""2"": 7, ""3"": 18, ""4"": 0, ""9"": 2}"
A4_prov_2021-2025,A4_prov_2021-2025_max_c932_m0.15_r1.25_e0.8_s1_u0.0,"brecha=P-c(1+m)-S/e; clases 1-4,9",2021,2026,52,,,,,,,"clases={""1"": 29, ""2"": 2, ""3"": 19, ""4"": 0, ""9"": 2}"
A4_prov_2021-2025,A4_prov_2021-2025_max_c932_m0.15_r1.25_e0.8_s1_u0.1,"brecha=P-c(1+m)-S/e; clases 1-4,9",2021,2026,52,,,,,,,"clases={""1"": 26, ""2"": 5, ""3"": 19, ""4"": 0, ""9"": 2}"
A4_prov_2021-2025,A4_prov_2021-2025_max_c932_m0.15_r1.25_e0.8_s1_u0.25,"brecha=P-c(1+m)-S/e; clases 1-4,9",2021,2026,52,,,,,,,"clases={""1"": 25, ""2"": 6, ""3"": 19, ""4"": 0, ""9"": 2}"
A4_prov_2021-2025,A4_prov_2021-2025_max_c932_m0.15_r1.25_e1.2_s0_u0.0,"brecha=P-c(1+m)-S/e; clases 1-4,9",2021,2026,52,,,,,,,"clases={""1"": 36, ""2"": 2, ""3"": 12, ""4"": 0, ""9"": 2}"
A4_prov_2021-2025,A4_prov_2021-2025_max_c932_m0.15_r1.25_e1.2_s0_u0.1,"brecha=P-c(1+m)-S/e; clases 1-4,9",2021,2026,52,,,,,,,"clases={""1"": 33, ""2"": 5, ""3"": 12, ""4"": 0, ""9"": 2}"
A4_prov_2021-2025,A4_prov_2021-2025_max_c932_m0.15_r1.25_e1.2_s0_u0.25,"brecha=P-c(1+m)-S/e; clases 1-4,9",2021,2026,52,,,,,,,"clases={""1"": 31, ""2"": 7, ""3"": 12, ""4"": 0, ""9"": 2}"
A4_prov_2021-2025,A4_prov_2021-2025_max_c932_m0.15_r1.25_e1.2_s1_u0.0,"brecha=P-c(1+m)-S/e; clases 1-4,9",2021,2026,52,,,,,,,"clases={""1"": 31, ""2"": 2, ""3"": 17, ""4"": 0, ""9"": 2}"
A4_prov_2021-2025,A4_prov_2021-2025_max_c932_m0.15_r1.25_e1.2_s1_u0.1,"brecha=P-c(1+m)-S/e; clases 1-4,9",2021,2026,52,,,,,,,"clases={""1"": 28, ""2"": 5, ""3"": 17, ""4"": 0, ""9"": 2}"
A4_prov_2021-2025,A4_prov_2021-2025_max_c932_m0.15_r1.25_e1.2_s1_u0.25,"brecha=P-c(1+m)-S/e; clases 1-4,9",2021,2026,52,,,,,,,"clases={""1"": 27, ""2"": 6, ""3"": 17, ""4"": 0, ""9"": 2}"
A4_prov_2021-2025,A4_prov_2021-2025_max_c932_m0.15_r1.25_e1.6_s0_u0.0,"brecha=P-c(1+m)-S/e; clases 1-4,9",2021,2026,52,,,,,,,"clases={""1"": 36, ""2"": 2, ""3"": 12, ""4"": 0, ""9"": 2}"
A4_prov_2021-2025,A4_prov_2021-2025_max_c932_m0.15_r1.25_e1.6_s0_u0.1,"brecha=P-c(1+m)-S/e; clases 1-4,9",2021,2026,52,,,,,,,"clases={""1"": 33, ""2"": 5, ""3"": 12, ""4"": 0, ""9"": 2}"
A4_prov_2021-2025,A4_prov_2021-2025_max_c932_m0.15_r1.25_e1.6_s0_u0.25,"brecha=P-c(1+m)-S/e; clases 1-4,9",2021,2026,52,,,,,,,"clases={""1"": 31, ""2"": 7, ""3"": 12, ""4"": 0, ""9"": 2}"
A4_prov_2021-2025,A4_prov_2021-2025_max_c932_m0.15_r1.25_e1.6_s1_u0.0,"brecha=P-c(1+m)-S/e; clases 1-4,9",2021,2026,52,,,,,,,"clases={""1"": 34, ""2"": 2, ""3"": 14, ""4"": 0, ""9"": 2}"
A4_prov_2021-2025,A4_prov_2021-2025_max_c932_m0.15_r1.25_e1.6_s1_u0.1,"brecha=P-c(1+m)-S/e; clases 1-4,9",2021,2026,52,,,,,,,"clases={""1"": 31, ""2"": 5, ""3"": 14, ""4"": 0, ""9"": 2}"
A4_prov_2021-2025,A4_prov_2021-2025_max_c932_m0.15_r1.25_e1.6_s1_u0.25,"brecha=P-c(1+m)-S/e; clases 1-4,9",2021,2026,52,,,,,,,"clases={""1"": 29, ""2"": 7, ""3"": 14, ""4"": 0, ""9"": 2}"
A4_prov_2021-2025,A4_prov_2021-2025_max_c932_m0.15_r1.5_e0.8_s0_u0.0,"brecha=P-c(1+m)-S/e; clases 1-4,9",2021,2026,52,,,,,,,"clases={""1"": 30, ""2"": 2, ""3"": 18, ""4"": 0, ""9"": 2}"
A4_prov_2021-2025,A4_prov_2021-2025_max_c932_m0.15_r1.5_e0.8_s0_u0.1,"brecha=P-c(1+m)-S/e; clases 1-4,9",2021,2026,52,,,,,,,"clases={""1"": 28, ""2"": 4, ""3"": 18, ""4"": 0, ""9"": 2}"
A4_prov_2021-2025,A4_prov_2021-2025_max_c932_m0.15_r1.5_e0.8_s0_u0.25,"brecha=P-c(1+m)-S/e; clases 1-4,9",2021,2026,52,,,,,,,"clases={""1"": 27, ""2"": 5, ""3"": 18, ""4"": 0, ""9"": 2}"
A4_prov_2021-2025,A4_prov_2021-2025_max_c932_m0.15_r1.5_e0.8_s1_u0.0,"brecha=P-c(1+m)-S/e; clases 1-4,9",2021,2026,52,,,,,,,"clases={""1"": 30, ""2"": 1, ""3"": 19, ""4"": 0, ""9"": 2}"
A4_prov_2021-2025,A4_prov_2021-2025_max_c932_m0.15_r1.5_e0.8_s1_u0.1,"brecha=P-c(1+m)-S/e; clases 1-4,9",2021,2026,52,,,,,,,"clases={""1"": 28, ""2"": 3, ""3"": 19, ""4"": 0, ""9"": 2}"
A4_prov_2021-2025,A4_prov_2021-2025_max_c932_m0.15_r1.5_e0.8_s1_u0.25,"brecha=P-c(1+m)-S/e; clases 1-4,9",2021,2026,52,,,,,,,"clases={""1"": 28, ""2"": 3, ""3"": 19, ""4"": 0, ""9"": 2}"
A4_prov_2021-2025,A4_prov_2021-2025_max_c932_m0.15_r1.5_e1.2_s0_u0.0,"brecha=P-c(1+m)-S/e; clases 1-4,9",2021,2026,52,,,,,,,"clases={""1"": 36, ""2"": 2, ""3"": 12, ""4"": 0, ""9"": 2}"
A4_prov_2021-2025,A4_prov_2021-2025_max_c932_m0.15_r1.5_e1.2_s0_u0.1,"brecha=P-c(1+m)-S/e; clases 1-4,9",2021,2026,52,,,,,,,"clases={""1"": 34, ""2"": 4, ""3"": 12, ""4"": 0, ""9"": 2}"
A4_prov_2021-2025,A4_prov_2021-2025_max_c932_m0.15_r1.5_e1.2_s0_u0.25,"brecha=P-c(1+m)-S/e; clases 1-4,9",2021,2026,52,,,,,,,"clases={""1"": 33, ""2"": 5, ""3"": 12, ""4"": 0, ""9"": 2}"
A4_prov_2021-2025,A4_prov_2021-2025_max_c932_m0.15_r1.5_e1.2_s1_u0.0,"brecha=P-c(1+m)-S/e; clases 1-4,9",2021,2026,52,,,,,,,"clases={""1"": 31, ""2"": 2, ""3"": 17, ""4"": 0, ""9"": 2}"
A4_prov_2021-2025,A4_prov_2021-2025_max_c932_m0.15_r1.5_e1.2_s1_u0.1,"brecha=P-c(1+m)-S/e; clases 1-4,9",2021,2026,52,,,,,,,"clases={""1"": 29, ""2"": 4, ""3"": 17, ""4"": 0, ""9"": 2}"
A4_prov_2021-2025,A4_prov_2021-2025_max_c932_m0.15_r1.5_e1.2_s1_u0.25,"brecha=P-c(1+m)-S/e; clases 1-4,9",2021,2026,52,,,,,,,"clases={""1"": 28, ""2"": 5, ""3"": 17, ""4"": 0, ""9"": 2}"
A4_prov_2021-2025,A4_prov_2021-2025_max_c932_m0.15_r1.5_e1.6_s0_u0.0,"brecha=P-c(1+m)-S/e; clases 1-4,9",2021,2026,52,,,,,,,"clases={""1"": 36, ""2"": 2, ""3"": 12, ""4"": 0, ""9"": 2}"
A4_prov_2021-2025,A4_prov_2021-2025_max_c932_m0.15_r1.5_e1.6_s0_u0.1,"brecha=P-c(1+m)-S/e; clases 1-4,9",2021,2026,52,,,,,,,"clases={""1"": 34, ""2"": 4, ""3"": 12, ""4"": 0, ""9"": 2}"
A4_prov_2021-2025,A4_prov_2021-2025_max_c932_m0.15_r1.5_e1.6_s0_u0.25,"brecha=P-c(1+m)-S/e; clases 1-4,9",2021,2026,52,,,,,,,"clases={""1"": 33, ""2"": 5, ""3"": 12, ""4"": 0, ""9"": 2}"
A4_prov_2021-2025,A4_prov_2021-2025_max_c932_m0.15_r1.5_e1.6_s1_u0.0,"brecha=P-c(1+m)-S/e; clases 1-4,9",2021,2026,52,,,,,,,"clases={""1"": 34, ""2"": 2, ""3"": 14, ""4"": 0, ""9"": 2}"
A4_prov_2021-2025,A4_prov_2021-2025_max_c932_m0.15_r1.5_e1.6_s1_u0.1,"brecha=P-c(1+m)-S/e; clases 1-4,9",2021,2026,52,,,,,,,"clases={""1"": 32, ""2"": 4, ""3"": 14, ""4"": 0, ""9"": 2}"
A4_prov_2021-2025,A4_prov_2021-2025_max_c932_m0.15_r1.5_e1.6_s1_u0.25,"brecha=P-c(1+m)-S/e; clases 1-4,9",2021,2026,52,,,,,,,"clases={""1"": 31, ""2"": 5, ""3"": 14, ""4"": 0, ""9"": 2}"
A4_prov_2021-2025,A4_prov_2021-2025_max_c932_m0.2_r1.25_e0.8_s0_u0.0,"brecha=P-c(1+m)-S/e; clases 1-4,9",2021,2026,52,,,,,,,"clases={""1"": 30, ""2"": 2, ""3"": 18, ""4"": 0, ""9"": 2}"
A4_prov_2021-2025,A4_prov_2021-2025_max_c932_m0.2_r1.25_e0.8_s0_u0.1,"brecha=P-c(1+m)-S/e; clases 1-4,9",2021,2026,52,,,,,,,"clases={""1"": 27, ""2"": 5, ""3"": 18, ""4"": 0, ""9"": 2}"
A4_prov_2021-2025,A4_prov_2021-2025_max_c932_m0.2_r1.25_e0.8_s0_u0.25,"brecha=P-c(1+m)-S/e; clases 1-4,9",2021,2026,52,,,,,,,"clases={""1"": 25, ""2"": 7, ""3"": 18, ""4"": 0, ""9"": 2}"
A4_prov_2021-2025,A4_prov_2021-2025_max_c932_m0.2_r1.25_e0.8_s1_u0.0,"brecha=P-c(1+m)-S/e; clases 1-4,9",2021,2026,52,,,,,,,"clases={""1"": 27, ""2"": 2, ""3"": 21, ""4"": 0, ""9"": 2}"
A4_prov_2021-2025,A4_prov_2021-2025_max_c932_m0.2_r1.25_e0.8_s1_u0.1,"brecha=P-c(1+m)-S/e; clases 1-4,9",2021,2026,52,,,,,,,"clases={""1"": 24, ""2"": 5, ""3"": 21, ""4"": 0, ""9"": 2}"
A4_prov_2021-2025,A4_prov_2021-2025_max_c932_m0.2_r1.25_e0.8_s1_u0.25,"brecha=P-c(1+m)-S/e; clases 1-4,9",2021,2026,52,,,,,,,"clases={""1"": 23, ""2"": 6, ""3"": 21, ""4"": 0, ""9"": 2}"
A4_prov_2021-2025,A4_prov_2021-2025_max_c932_m0.2_r1.25_e1.2_s0_u0.0,"brecha=P-c(1+m)-S/e; clases 1-4,9",2021,2026,52,,,,,,,"clases={""1"": 32, ""2"": 2, ""3"": 16, ""4"": 0, ""9"": 2}"
A4_prov_2021-2025,A4_prov_2021-2025_max_c932_m0.2_r1.25_e1.2_s0_u0.1,"brecha=P-c(1+m)-S/e; clases 1-4,9",2021,2026,52,,,,,,,"clases={""1"": 29, ""2"": 5, ""3"": 16, ""4"": 0, ""9"": 2}"
A4_prov_2021-2025,A4_prov_2021-2025_max_c932_m0.2_r1.25_e1.2_s0_u0.25,"brecha=P-c(1+m)-S/e; clases 1-4,9",2021,2026,52,,,,,,,"clases={""1"": 27, ""2"": 7, ""3"": 16, ""4"": 0, ""9"": 2}"
A4_prov_2021-2025,A4_prov_2021-2025_max_c932_m0.2_r1.25_e1.2_s1_u0.0,"brecha=P-c(1+m)-S/e; clases 1-4,9",2021,2026,52,,,,,,,"clases={""1"": 30, ""2"": 2, ""3"": 18, ""4"": 0, ""9"": 2}"
A4_prov_2021-2025,A4_prov_2021-2025_max_c932_m0.2_r1.25_e1.2_s1_u0.1,"brecha=P-c(1+m)-S/e; clases 1-4,9",2021,2026,52,,,,,,,"clases={""1"": 27, ""2"": 5, ""3"": 18, ""4"": 0, ""9"": 2}"
A4_prov_2021-2025,A4_prov_2021-2025_max_c932_m0.2_r1.25_e1.2_s1_u0.25,"brecha=P-c(1+m)-S/e; clases 1-4,9",2021,2026,52,,,,,,,"clases={""1"": 26, ""2"": 6, ""3"": 18, ""4"": 0, ""9"": 2}"
A4_prov_2021-2025,A4_prov_2021-2025_max_c932_m0.2_r1.25_e1.6_s0_u0.0,"brecha=P-c(1+m)-S/e; clases 1-4,9",2021,2026,52,,,,,,,"clases={""1"": 33, ""2"": 2, ""3"": 15, ""4"": 0, ""9"": 2}"
A4_prov_2021-2025,A4_prov_2021-2025_max_c932_m0.2_r1.25_e1.6_s0_u0.1,"brecha=P-c(1+m)-S/e; clases 1-4,9",2021,2026,52,,,,,,,"clases={""1"": 30, ""2"": 5, ""3"": 15, ""4"": 0, ""9"": 2}"
A4_prov_2021-2025,A4_prov_2021-2025_max_c932_m0.2_r1.25_e1.6_s0_u0.25,"brecha=P-c(1+m)-S/e; clases 1-4,9",2021,2026,52,,,,,,,"clases={""1"": 28, ""2"": 7, ""3"": 15, ""4"": 0, ""9"": 2}"
A4_prov_2021-2025,A4_prov_2021-2025_max_c932_m0.2_r1.25_e1.6_s1_u0.0,"brecha=P-c(1+m)-S/e; clases 1-4,9",2021,2026,52,,,,,,,"clases={""1"": 31, ""2"": 2, ""3"": 17, ""4"": 0, ""9"": 2}"
A4_prov_2021-2025,A4_prov_2021-2025_max_c932_m0.2_r1.25_e1.6_s1_u0.1,"brecha=P-c(1+m)-S/e; clases 1-4,9",2021,2026,52,,,,,,,"clases={""1"": 28, ""2"": 5, ""3"": 17, ""4"": 0, ""9"": 2}"
A4_prov_2021-2025,A4_prov_2021-2025_max_c932_m0.2_r1.25_e1.6_s1_u0.25,"brecha=P-c(1+m)-S/e; clases 1-4,9",2021,2026,52,,,,,,,"clases={""1"": 26, ""2"": 7, ""3"": 17, ""4"": 0, ""9"": 2}"
A4_prov_2021-2025,A4_prov_2021-2025_max_c932_m0.2_r1.5_e0.8_s0_u0.0,"brecha=P-c(1+m)-S/e; clases 1-4,9",2021,2026,52,,,,,,,"clases={""1"": 30, ""2"": 2, ""3"": 18, ""4"": 0, ""9"": 2}"
A4_prov_2021-2025,A4_prov_2021-2025_max_c932_m0.2_r1.5_e0.8_s0_u0.1,"brecha=P-c(1+m)-S/e; clases 1-4,9",2021,2026,52,,,,,,,"clases={""1"": 28, ""2"": 4, ""3"": 18, ""4"": 0, ""9"": 2}"
A4_prov_2021-2025,A4_prov_2021-2025_max_c932_m0.2_r1.5_e0.8_s0_u0.25,"brecha=P-c(1+m)-S/e; clases 1-4,9",2021,2026,52,,,,,,,"clases={""1"": 27, ""2"": 5, ""3"": 18, ""4"": 0, ""9"": 2}"
A4_prov_2021-2025,A4_prov_2021-2025_max_c932_m0.2_r1.5_e0.8_s1_u0.0,"brecha=P-c(1+m)-S/e; clases 1-4,9",2021,2026,52,,,,,,,"clases={""1"": 28, ""2"": 1, ""3"": 21, ""4"": 0, ""9"": 2}"
A4_prov_2021-2025,A4_prov_2021-2025_max_c932_m0.2_r1.5_e0.8_s1_u0.1,"brecha=P-c(1+m)-S/e; clases 1-4,9",2021,2026,52,,,,,,,"clases={""1"": 26, ""2"": 3, ""3"": 21, ""4"": 0, ""9"": 2}"
A4_prov_2021-2025,A4_prov_2021-2025_max_c932_m0.2_r1.5_e0.8_s1_u0.25,"brecha=P-c(1+m)-S/e; clases 1-4,9",2021,2026,52,,,,,,,"clases={""1"": 26, ""2"": 3, ""3"": 21, ""4"": 0, ""9"": 2}"
A4_prov_2021-2025,A4_prov_2021-2025_max_c932_m0.2_r1.5_e1.2_s0_u0.0,"brecha=P-c(1+m)-S/e; clases 1-4,9",2021,2026,52,,,,,,,"clases={""1"": 32, ""2"": 2, ""3"": 16, ""4"": 0, ""9"": 2}"
A4_prov_2021-2025,A4_prov_2021-2025_max_c932_m0.2_r1.5_e1.2_s0_u0.1,"brecha=P-c(1+m)-S/e; clases 1-4,9",2021,2026,52,,,,,,,"clases={""1"": 30, ""2"": 4, ""3"": 16, ""4"": 0, ""9"": 2}"
A4_prov_2021-2025,A4_prov_2021-2025_max_c932_m0.2_r1.5_e1.2_s0_u0.25,"brecha=P-c(1+m)-S/e; clases 1-4,9",2021,2026,52,,,,,,,"clases={""1"": 29, ""2"": 5, ""3"": 16, ""4"": 0, ""9"": 2}"
A4_prov_2021-2025,A4_prov_2021-2025_max_c932_m0.2_r1.5_e1.2_s1_u0.0,"brecha=P-c(1+m)-S/e; clases 1-4,9",2021,2026,52,,,,,,,"clases={""1"": 30, ""2"": 2, ""3"": 18, ""4"": 0, ""9"": 2}"
A4_prov_2021-2025,A4_prov_2021-2025_max_c932_m0.2_r1.5_e1.2_s1_u0.1,"brecha=P-c(1+m)-S/e; clases 1-4,9",2021,2026,52,,,,,,,"clases={""1"": 28, ""2"": 4, ""3"": 18, ""4"": 0, ""9"": 2}"
A4_prov_2021-2025,A4_prov_2021-2025_max_c932_m0.2_r1.5_e1.2_s1_u0.25,"brecha=P-c(1+m)-S/e; clases 1-4,9",2021,2026,52,,,,,,,"clases={""1"": 27, ""2"": 5, ""3"": 18, ""4"": 0, ""9"": 2}"
A4_prov_2021-2025,A4_prov_2021-2025_max_c932_m0.2_r1.5_e1.6_s0_u0.0,"brecha=P-c(1+m)-S/e; clases 1-4,9",2021,2026,52,,,,,,,"clases={""1"": 33, ""2"": 2, ""3"": 15, ""4"": 0, ""9"": 2}"
A4_prov_2021-2025,A4_prov_2021-2025_max_c932_m0.2_r1.5_e1.6_s0_u0.1,"brecha=P-c(1+m)-S/e; clases 1-4,9",2021,2026,52,,,,,,,"clases={""1"": 31, ""2"": 4, ""3"": 15, ""4"": 0, ""9"": 2}"
A4_prov_2021-2025,A4_prov_2021-2025_max_c932_m0.2_r1.5_e1.6_s0_u0.25,"brecha=P-c(1+m)-S/e; clases 1-4,9",2021,2026,52,,,,,,,"clases={""1"": 30, ""2"": 5, ""3"": 15, ""4"": 0, ""9"": 2}"
A4_prov_2021-2025,A4_prov_2021-2025_max_c932_m0.2_r1.5_e1.6_s1_u0.0,"brecha=P-c(1+m)-S/e; clases 1-4,9",2021,2026,52,,,,,,,"clases={""1"": 31, ""2"": 2, ""3"": 17, ""4"": 0, ""9"": 2}"
A4_prov_2021-2025,A4_prov_2021-2025_max_c932_m0.2_r1.5_e1.6_s1_u0.1,"brecha=P-c(1+m)-S/e; clases 1-4,9",2021,2026,52,,,,,,,"clases={""1"": 29, ""2"": 4, ""3"": 17, ""4"": 0, ""9"": 2}"
A4_prov_2021-2025,A4_prov_2021-2025_max_c932_m0.2_r1.5_e1.6_s1_u0.25,"brecha=P-c(1+m)-S/e; clases 1-4,9",2021,2026,52,,,,,,,"clases={""1"": 28, ""2"": 5, ""3"": 17, ""4"": 0, ""9"": 2}"
A4_prov_2021-2025,A4_prov_2021-2025_max_c932_m0.25_r1.25_e0.8_s0_u0.0,"brecha=P-c(1+m)-S/e; clases 1-4,9",2021,2026,52,,,,,,,"clases={""1"": 30, ""2"": 2, ""3"": 18, ""4"": 0, ""9"": 2}"
A4_prov_2021-2025,A4_prov_2021-2025_max_c932_m0.25_r1.25_e0.8_s0_u0.1,"brecha=P-c(1+m)-S/e; clases 1-4,9",2021,2026,52,,,,,,,"clases={""1"": 27, ""2"": 5, ""3"": 18, ""4"": 0, ""9"": 2}"
A4_prov_2021-2025,A4_prov_2021-2025_max_c932_m0.25_r1.25_e0.8_s0_u0.25,"brecha=P-c(1+m)-S/e; clases 1-4,9",2021,2026,52,,,,,,,"clases={""1"": 25, ""2"": 7, ""3"": 18, ""4"": 0, ""9"": 2}"
A4_prov_2021-2025,A4_prov_2021-2025_max_c932_m0.25_r1.25_e0.8_s1_u0.0,"brecha=P-c(1+m)-S/e; clases 1-4,9",2021,2026,52,,,,,,,"clases={""1"": 25, ""2"": 2, ""3"": 23, ""4"": 0, ""9"": 2}"
A4_prov_2021-2025,A4_prov_2021-2025_max_c932_m0.25_r1.25_e0.8_s1_u0.1,"brecha=P-c(1+m)-S/e; clases 1-4,9",2021,2026,52,,,,,,,"clases={""1"": 22, ""2"": 5, ""3"": 23, ""4"": 0, ""9"": 2}"
A4_prov_2021-2025,A4_prov_2021-2025_max_c932_m0.25_r1.25_e0.8_s1_u0.25,"brecha=P-c(1+m)-S/e; clases 1-4,9",2021,2026,52,,,,,,,"clases={""1"": 21, ""2"": 6, ""3"": 23, ""4"": 0, ""9"": 2}"
A4_prov_2021-2025,A4_prov_2021-2025_max_c932_m0.25_r1.25_e1.2_s0_u0.0,"brecha=P-c(1+m)-S/e; clases 1-4,9",2021,2026,52,,,,,,,"clases={""1"": 30, ""2"": 2, ""3"": 18, ""4"": 0, ""9"": 2}"
A4_prov_2021-2025,A4_prov_2021-2025_max_c932_m0.25_r1.25_e1.2_s0_u0.1,"brecha=P-c(1+m)-S/e; clases 1-4,9",2021,2026,52,,,,,,,"clases={""1"": 27, ""2"": 5, ""3"": 18, ""4"": 0, ""9"": 2}"
A4_prov_2021-2025,A4_prov_2021-2025_max_c932_m0.25_r1.25_e1.2_s0_u0.25,"brecha=P-c(1+m)-S/e; clases 1-4,9",2021,2026,52,,,,,,,"clases={""1"": 25, ""2"": 7, ""3"": 18, ""4"": 0, ""9"": 2}"
A4_prov_2021-2025,A4_prov_2021-2025_max_c932_m0.25_r1.25_e1.2_s1_u0.0,"brecha=P-c(1+m)-S/e; clases 1-4,9",2021,2026,52,,,,,,,"clases={""1"": 29, ""2"": 2, ""3"": 19, ""4"": 0, ""9"": 2}"
A4_prov_2021-2025,A4_prov_2021-2025_max_c932_m0.25_r1.25_e1.2_s1_u0.1,"brecha=P-c(1+m)-S/e; clases 1-4,9",2021,2026,52,,,,,,,"clases={""1"": 26, ""2"": 5, ""3"": 19, ""4"": 0, ""9"": 2}"
A4_prov_2021-2025,A4_prov_2021-2025_max_c932_m0.25_r1.25_e1.2_s1_u0.25,"brecha=P-c(1+m)-S/e; clases 1-4,9",2021,2026,52,,,,,,,"clases={""1"": 25, ""2"": 6, ""3"": 19, ""4"": 0, ""9"": 2}"
A4_prov_2021-2025,A4_prov_2021-2025_max_c932_m0.25_r1.25_e1.6_s0_u0.0,"brecha=P-c(1+m)-S/e; clases 1-4,9",2021,2026,52,,,,,,,"clases={""1"": 31, ""2"": 2, ""3"": 17, ""4"": 0, ""9"": 2}"
A4_prov_2021-2025,A4_prov_2021-2025_max_c932_m0.25_r1.25_e1.6_s0_u0.1,"brecha=P-c(1+m)-S/e; clases 1-4,9",2021,2026,52,,,,,,,"clases={""1"": 28, ""2"": 5, ""3"": 17, ""4"": 0, ""9"": 2}"
A4_prov_2021-2025,A4_prov_2021-2025_max_c932_m0.25_r1.25_e1.6_s0_u0.25,"brecha=P-c(1+m)-S/e; clases 1-4,9",2021,2026,52,,,,,,,"clases={""1"": 26, ""2"": 7, ""3"": 17, ""4"": 0, ""9"": 2}"
A4_prov_2021-2025,A4_prov_2021-2025_max_c932_m0.25_r1.25_e1.6_s1_u0.0,"brecha=P-c(1+m)-S/e; clases 1-4,9",2021,2026,52,,,,,,,"clases={""1"": 30, ""2"": 2, ""3"": 18, ""4"": 0, ""9"": 2}"
A4_prov_2021-2025,A4_prov_2021-2025_max_c932_m0.25_r1.25_e1.6_s1_u0.1,"brecha=P-c(1+m)-S/e; clases 1-4,9",2021,2026,52,,,,,,,"clases={""1"": 27, ""2"": 5, ""3"": 18, ""4"": 0, ""9"": 2}"
A4_prov_2021-2025,A4_prov_2021-2025_max_c932_m0.25_r1.25_e1.6_s1_u0.25,"brecha=P-c(1+m)-S/e; clases 1-4,9",2021,2026,52,,,,,,,"clases={""1"": 25, ""2"": 7, ""3"": 18, ""4"": 0, ""9"": 2}"
A4_prov_2021-2025,A4_prov_2021-2025_max_c932_m0.25_r1.5_e0.8_s0_u0.0,"brecha=P-c(1+m)-S/e; clases 1-4,9",2021,2026,52,,,,,,,"clases={""1"": 30, ""2"": 2, ""3"": 18, ""4"": 0, ""9"": 2}"
A4_prov_2021-2025,A4_prov_2021-2025_max_c932_m0.25_r1.5_e0.8_s0_u0.1,"brecha=P-c(1+m)-S/e; clases 1-4,9",2021,2026,52,,,,,,,"clases={""1"": 28, ""2"": 4, ""3"": 18, ""4"": 0, ""9"": 2}"
A4_prov_2021-2025,A4_prov_2021-2025_max_c932_m0.25_r1.5_e0.8_s0_u0.25,"brecha=P-c(1+m)-S/e; clases 1-4,9",2021,2026,52,,,,,,,"clases={""1"": 27, ""2"": 5, ""3"": 18, ""4"": 0, ""9"": 2}"
A4_prov_2021-2025,A4_prov_2021-2025_max_c932_m0.25_r1.5_e0.8_s1_u0.0,"brecha=P-c(1+m)-S/e; clases 1-4,9",2021,2026,52,,,,,,,"clases={""1"": 26, ""2"": 1, ""3"": 23, ""4"": 0, ""9"": 2}"
A4_prov_2021-2025,A4_prov_2021-2025_max_c932_m0.25_r1.5_e0.8_s1_u0.1,"brecha=P-c(1+m)-S/e; clases 1-4,9",2021,2026,52,,,,,,,"clases={""1"": 24, ""2"": 3, ""3"": 23, ""4"": 0, ""9"": 2}"
A4_prov_2021-2025,A4_prov_2021-2025_max_c932_m0.25_r1.5_e0.8_s1_u0.25,"brecha=P-c(1+m)-S/e; clases 1-4,9",2021,2026,52,,,,,,,"clases={""1"": 24, ""2"": 3, ""3"": 23, ""4"": 0, ""9"": 2}"
A4_prov_2021-2025,A4_prov_2021-2025_max_c932_m0.25_r1.5_e1.2_s0_u0.0,"brecha=P-c(1+m)-S/e; clases 1-4,9",2021,2026,52,,,,,,,"clases={""1"": 30, ""2"": 2, ""3"": 18, ""4"": 0, ""9"": 2}"
A4_prov_2021-2025,A4_prov_2021-2025_max_c932_m0.25_r1.5_e1.2_s0_u0.1,"brecha=P-c(1+m)-S/e; clases 1-4,9",2021,2026,52,,,,,,,"clases={""1"": 28, ""2"": 4, ""3"": 18, ""4"": 0, ""9"": 2}"
A4_prov_2021-2025,A4_prov_2021-2025_max_c932_m0.25_r1.5_e1.2_s0_u0.25,"brecha=P-c(1+m)-S/e; clases 1-4,9",2021,2026,52,,,,,,,"clases={""1"": 27, ""2"": 5, ""3"": 18, ""4"": 0, ""9"": 2}"
A4_prov_2021-2025,A4_prov_2021-2025_max_c932_m0.25_r1.5_e1.2_s1_u0.0,"brecha=P-c(1+m)-S/e; clases 1-4,9",2021,2026,52,,,,,,,"clases={""1"": 29, ""2"": 2, ""3"": 19, ""4"": 0, ""9"": 2}"
A4_prov_2021-2025,A4_prov_2021-2025_max_c932_m0.25_r1.5_e1.2_s1_u0.1,"brecha=P-c(1+m)-S/e; clases 1-4,9",2021,2026,52,,,,,,,"clases={""1"": 27, ""2"": 4, ""3"": 19, ""4"": 0, ""9"": 2}"
A4_prov_2021-2025,A4_prov_2021-2025_max_c932_m0.25_r1.5_e1.2_s1_u0.25,"brecha=P-c(1+m)-S/e; clases 1-4,9",2021,2026,52,,,,,,,"clases={""1"": 26, ""2"": 5, ""3"": 19, ""4"": 0, ""9"": 2}"
A4_prov_2021-2025,A4_prov_2021-2025_max_c932_m0.25_r1.5_e1.6_s0_u0.0,"brecha=P-c(1+m)-S/e; clases 1-4,9",2021,2026,52,,,,,,,"clases={""1"": 31, ""2"": 2, ""3"": 17, ""4"": 0, ""9"": 2}"
A4_prov_2021-2025,A4_prov_2021-2025_max_c932_m0.25_r1.5_e1.6_s0_u0.1,"brecha=P-c(1+m)-S/e; clases 1-4,9",2021,2026,52,,,,,,,"clases={""1"": 29, ""2"": 4, ""3"": 17, ""4"": 0, ""9"": 2}"
A4_prov_2021-2025,A4_prov_2021-2025_max_c932_m0.25_r1.5_e1.6_s0_u0.25,"brecha=P-c(1+m)-S/e; clases 1-4,9",2021,2026,52,,,,,,,"clases={""1"": 28, ""2"": 5, ""3"": 17, ""4"": 0, ""9"": 2}"
A4_prov_2021-2025,A4_prov_2021-2025_max_c932_m0.25_r1.5_e1.6_s1_u0.0,"brecha=P-c(1+m)-S/e; clases 1-4,9",2021,2026,52,,,,,,,"clases={""1"": 30, ""2"": 2, ""3"": 18, ""4"": 0, ""9"": 2}"
A4_prov_2021-2025,A4_prov_2021-2025_max_c932_m0.25_r1.5_e1.6_s1_u0.1,"brecha=P-c(1+m)-S/e; clases 1-4,9",2021,2026,52,,,,,,,"clases={""1"": 28, ""2"": 4, ""3"": 18, ""4"": 0, ""9"": 2}"
A4_prov_2021-2025,A4_prov_2021-2025_max_c932_m0.25_r1.5_e1.6_s1_u0.25,"brecha=P-c(1+m)-S/e; clases 1-4,9",2021,2026,52,,,,,,,"clases={""1"": 27, ""2"": 5, ""3"": 18, ""4"": 0, ""9"": 2}"
A4_prov_2012-2025,A4_prov_2012-2025_min_c422_m0.15_r1.25_e0.8_s0_u0.0,"brecha=P-c(1+m)-S/e; clases 1-4,9",2021,2026,52,,,,,,,"clases={""1"": 15, ""2"": 1, ""3"": 0, ""4"": 34, ""9"": 2}"
A4_prov_2012-2025,A4_prov_2012-2025_min_c422_m0.15_r1.25_e0.8_s0_u0.1,"brecha=P-c(1+m)-S/e; clases 1-4,9",2021,2026,52,,,,,,,"clases={""1"": 15, ""2"": 1, ""3"": 0, ""4"": 34, ""9"": 2}"
A4_prov_2012-2025,A4_prov_2012-2025_min_c422_m0.15_r1.25_e0.8_s0_u0.25,"brecha=P-c(1+m)-S/e; clases 1-4,9",2021,2026,52,,,,,,,"clases={""1"": 15, ""2"": 1, ""3"": 0, ""4"": 34, ""9"": 2}"
A4_prov_2012-2025,A4_prov_2012-2025_min_c422_m0.15_r1.25_e0.8_s1_u0.0,"brecha=P-c(1+m)-S/e; clases 1-4,9",2021,2026,52,,,,,,,"clases={""1"": 15, ""2"": 1, ""3"": 0, ""4"": 34, ""9"": 2}"
A4_prov_2012-2025,A4_prov_2012-2025_min_c422_m0.15_r1.25_e0.8_s1_u0.1,"brecha=P-c(1+m)-S/e; clases 1-4,9",2021,2026,52,,,,,,,"clases={""1"": 15, ""2"": 1, ""3"": 0, ""4"": 34, ""9"": 2}"
A4_prov_2012-2025,A4_prov_2012-2025_min_c422_m0.15_r1.25_e0.8_s1_u0.25,"brecha=P-c(1+m)-S/e; clases 1-4,9",2021,2026,52,,,,,,,"clases={""1"": 15, ""2"": 1, ""3"": 0, ""4"": 34, ""9"": 2}"
A4_prov_2012-2025,A4_prov_2012-2025_min_c422_m0.15_r1.25_e1.2_s0_u0.0,"brecha=P-c(1+m)-S/e; clases 1-4,9",2021,2026,52,,,,,,,"clases={""1"": 15, ""2"": 1, ""3"": 0, ""4"": 34, ""9"": 2}"
A4_prov_2012-2025,A4_prov_2012-2025_min_c422_m0.15_r1.25_e1.2_s0_u0.1,"brecha=P-c(1+m)-S/e; clases 1-4,9",2021,2026,52,,,,,,,"clases={""1"": 15, ""2"": 1, ""3"": 0, ""4"": 34, ""9"": 2}"
A4_prov_2012-2025,A4_prov_2012-2025_min_c422_m0.15_r1.25_e1.2_s0_u0.25,"brecha=P-c(1+m)-S/e; clases 1-4,9",2021,2026,52,,,,,,,"clases={""1"": 15, ""2"": 1, ""3"": 0, ""4"": 34, ""9"": 2}"
A4_prov_2012-2025,A4_prov_2012-2025_min_c422_m0.15_r1.25_e1.2_s1_u0.0,"brecha=P-c(1+m)-S/e; clases 1-4,9",2021,2026,52,,,,,,,"clases={""1"": 15, ""2"": 1, ""3"": 0, ""4"": 34, ""9"": 2}"
A4_prov_2012-2025,A4_prov_2012-2025_min_c422_m0.15_r1.25_e1.2_s1_u0.1,"brecha=P-c(1+m)-S/e; clases 1-4,9",2021,2026,52,,,,,,,"clases={""1"": 15, ""2"": 1, ""3"": 0, ""4"": 34, ""9"": 2}"
A4_prov_2012-2025,A4_prov_2012-2025_min_c422_m0.15_r1.25_e1.2_s1_u0.25,"brecha=P-c(1+m)-S/e; clases 1-4,9",2021,2026,52,,,,,,,"clases={""1"": 15, ""2"": 1, ""3"": 0, ""4"": 34, ""9"": 2}"
A4_prov_2012-2025,A4_prov_2012-2025_min_c422_m0.15_r1.25_e1.6_s0_u0.0,"brecha=P-c(1+m)-S/e; clases 1-4,9",2021,2026,52,,,,,,,"clases={""1"": 15, ""2"": 1, ""3"": 0, ""4"": 34, ""9"": 2}"
A4_prov_2012-2025,A4_prov_2012-2025_min_c422_m0.15_r1.25_e1.6_s0_u0.1,"brecha=P-c(1+m)-S/e; clases 1-4,9",2021,2026,52,,,,,,,"clases={""1"": 15, ""2"": 1, ""3"": 0, ""4"": 34, ""9"": 2}"
A4_prov_2012-2025,A4_prov_2012-2025_min_c422_m0.15_r1.25_e1.6_s0_u0.25,"brecha=P-c(1+m)-S/e; clases 1-4,9",2021,2026,52,,,,,,,"clases={""1"": 15, ""2"": 1, ""3"": 0, ""4"": 34, ""9"": 2}"
A4_prov_2012-2025,A4_prov_2012-2025_min_c422_m0.15_r1.25_e1.6_s1_u0.0,"brecha=P-c(1+m)-S/e; clases 1-4,9",2021,2026,52,,,,,,,"clases={""1"": 15, ""2"": 1, ""3"": 0, ""4"": 34, ""9"": 2}"
A4_prov_2012-2025,A4_prov_2012-2025_min_c422_m0.15_r1.25_e1.6_s1_u0.1,"brecha=P-c(1+m)-S/e; clases 1-4,9",2021,2026,52,,,,,,,"clases={""1"": 15, ""2"": 1, ""3"": 0, ""4"": 34, ""9"": 2}"
A4_prov_2012-2025,A4_prov_2012-2025_min_c422_m0.15_r1.25_e1.6_s1_u0.25,"brecha=P-c(1+m)-S/e; clases 1-4,9",2021,2026,52,,,,,,,"clases={""1"": 15, ""2"": 1, ""3"": 0, ""4"": 34, ""9"": 2}"
A4_prov_2012-2025,A4_prov_2012-2025_min_c422_m0.15_r1.5_e0.8_s0_u0.0,"brecha=P-c(1+m)-S/e; clases 1-4,9",2021,2026,52,,,,,,,"clases={""1"": 15, ""2"": 1, ""3"": 0, ""4"": 34, ""9"": 2}"
A4_prov_2012-2025,A4_prov_2012-2025_min_c422_m0.15_r1.5_e0.8_s0_u0.1,"brecha=P-c(1+m)-S/e; clases 1-4,9",2021,2026,52,,,,,,,"clases={""1"": 15, ""2"": 1, ""3"": 0, ""4"": 34, ""9"": 2}"
A4_prov_2012-2025,A4_prov_2012-2025_min_c422_m0.15_r1.5_e0.8_s0_u0.25,"brecha=P-c(1+m)-S/e; clases 1-4,9",2021,2026,52,,,,,,,"clases={""1"": 15, ""2"": 1, ""3"": 0, ""4"": 34, ""9"": 2}"
A4_prov_2012-2025,A4_prov_2012-2025_min_c422_m0.15_r1.5_e0.8_s1_u0.0,"brecha=P-c(1+m)-S/e; clases 1-4,9",2021,2026,52,,,,,,,"clases={""1"": 15, ""2"": 1, ""3"": 0, ""4"": 34, ""9"": 2}"
A4_prov_2012-2025,A4_prov_2012-2025_min_c422_m0.15_r1.5_e0.8_s1_u0.1,"brecha=P-c(1+m)-S/e; clases 1-4,9",2021,2026,52,,,,,,,"clases={""1"": 15, ""2"": 1, ""3"": 0, ""4"": 34, ""9"": 2}"
A4_prov_2012-2025,A4_prov_2012-2025_min_c422_m0.15_r1.5_e0.8_s1_u0.25,"brecha=P-c(1+m)-S/e; clases 1-4,9",2021,2026,52,,,,,,,"clases={""1"": 15, ""2"": 1, ""3"": 0, ""4"": 34, ""9"": 2}"
A4_prov_2012-2025,A4_prov_2012-2025_min_c422_m0.15_r1.5_e1.2_s0_u0.0,"brecha=P-c(1+m)-S/e; clases 1-4,9",2021,2026,52,,,,,,,"clases={""1"": 15, ""2"": 1, ""3"": 0, ""4"": 34, ""9"": 2}"
A4_prov_2012-2025,A4_prov_2012-2025_min_c422_m0.15_r1.5_e1.2_s0_u0.1,"brecha=P-c(1+m)-S/e; clases 1-4,9",2021,2026,52,,,,,,,"clases={""1"": 15, ""2"": 1, ""3"": 0, ""4"": 34, ""9"": 2}"
A4_prov_2012-2025,A4_prov_2012-2025_min_c422_m0.15_r1.5_e1.2_s0_u0.25,"brecha=P-c(1+m)-S/e; clases 1-4,9",2021,2026,52,,,,,,,"clases={""1"": 15, ""2"": 1, ""3"": 0, ""4"": 34, ""9"": 2}"
A4_prov_2012-2025,A4_prov_2012-2025_min_c422_m0.15_r1.5_e1.2_s1_u0.0,"brecha=P-c(1+m)-S/e; clases 1-4,9",2021,2026,52,,,,,,,"clases={""1"": 15, ""2"": 1, ""3"": 0, ""4"": 34, ""9"": 2}"
A4_prov_2012-2025,A4_prov_2012-2025_min_c422_m0.15_r1.5_e1.2_s1_u0.1,"brecha=P-c(1+m)-S/e; clases 1-4,9",2021,2026,52,,,,,,,"clases={""1"": 15, ""2"": 1, ""3"": 0, ""4"": 34, ""9"": 2}"
A4_prov_2012-2025,A4_prov_2012-2025_min_c422_m0.15_r1.5_e1.2_s1_u0.25,"brecha=P-c(1+m)-S/e; clases 1-4,9",2021,2026,52,,,,,,,"clases={""1"": 15, ""2"": 1, ""3"": 0, ""4"": 34, ""9"": 2}"
A4_prov_2012-2025,A4_prov_2012-2025_min_c422_m0.15_r1.5_e1.6_s0_u0.0,"brecha=P-c(1+m)-S/e; clases 1-4,9",2021,2026,52,,,,,,,"clases={""1"": 15, ""2"": 1, ""3"": 0, ""4"": 34, ""9"": 2}"
A4_prov_2012-2025,A4_prov_2012-2025_min_c422_m0.15_r1.5_e1.6_s0_u0.1,"brecha=P-c(1+m)-S/e; clases 1-4,9",2021,2026,52,,,,,,,"clases={""1"": 15, ""2"": 1, ""3"": 0, ""4"": 34, ""9"": 2}"
A4_prov_2012-2025,A4_prov_2012-2025_min_c422_m0.15_r1.5_e1.6_s0_u0.25,"brecha=P-c(1+m)-S/e; clases 1-4,9",2021,2026,52,,,,,,,"clases={""1"": 15, ""2"": 1, ""3"": 0, ""4"": 34, ""9"": 2}"
A4_prov_2012-2025,A4_prov_2012-2025_min_c422_m0.15_r1.5_e1.6_s1_u0.0,"brecha=P-c(1+m)-S/e; clases 1-4,9",2021,2026,52,,,,,,,"clases={""1"": 15, ""2"": 1, ""3"": 0, ""4"": 34, ""9"": 2}"
A4_prov_2012-2025,A4_prov_2012-2025_min_c422_m0.15_r1.5_e1.6_s1_u0.1,"brecha=P-c(1+m)-S/e; clases 1-4,9",2021,2026,52,,,,,,,"clases={""1"": 15, ""2"": 1, ""3"": 0, ""4"": 34, ""9"": 2}"
A4_prov_2012-2025,A4_prov_2012-2025_min_c422_m0.15_r1.5_e1.6_s1_u0.25,"brecha=P-c(1+m)-S/e; clases 1-4,9",2021,2026,52,,,,,,,"clases={""1"": 15, ""2"": 1, ""3"": 0, ""4"": 34, ""9"": 2}"
A4_prov_2012-2025,A4_prov_2012-2025_min_c422_m0.2_r1.25_e0.8_s0_u0.0,"brecha=P-c(1+m)-S/e; clases 1-4,9",2021,2026,52,,,,,,,"clases={""1"": 15, ""2"": 1, ""3"": 0, ""4"": 34, ""9"": 2}"
A4_prov_2012-2025,A4_prov_2012-2025_min_c422_m0.2_r1.25_e0.8_s0_u0.1,"brecha=P-c(1+m)-S/e; clases 1-4,9",2021,2026,52,,,,,,,"clases={""1"": 15, ""2"": 1, ""3"": 0, ""4"": 34, ""9"": 2}"
A4_prov_2012-2025,A4_prov_2012-2025_min_c422_m0.2_r1.25_e0.8_s0_u0.25,"brecha=P-c(1+m)-S/e; clases 1-4,9",2021,2026,52,,,,,,,"clases={""1"": 15, ""2"": 1, ""3"": 0, ""4"": 34, ""9"": 2}"
A4_prov_2012-2025,A4_prov_2012-2025_min_c422_m0.2_r1.25_e0.8_s1_u0.0,"brecha=P-c(1+m)-S/e; clases 1-4,9",2021,2026,52,,,,,,,"clases={""1"": 15, ""2"": 1, ""3"": 0, ""4"": 34, ""9"": 2}"
A4_prov_2012-2025,A4_prov_2012-2025_min_c422_m0.2_r1.25_e0.8_s1_u0.1,"brecha=P-c(1+m)-S/e; clases 1-4,9",2021,2026,52,,,,,,,"clases={""1"": 15, ""2"": 1, ""3"": 0, ""4"": 34, ""9"": 2}"
A4_prov_2012-2025,A4_prov_2012-2025_min_c422_m0.2_r1.25_e0.8_s1_u0.25,"brecha=P-c(1+m)-S/e; clases 1-4,9",2021,2026,52,,,,,,,"clases={""1"": 15, ""2"": 1, ""3"": 0, ""4"": 34, ""9"": 2}"
A4_prov_2012-2025,A4_prov_2012-2025_min_c422_m0.2_r1.25_e1.2_s0_u0.0,"brecha=P-c(1+m)-S/e; clases 1-4,9",2021,2026,52,,,,,,,"clases={""1"": 15, ""2"": 1, ""3"": 0, ""4"": 34, ""9"": 2}"
A4_prov_2012-2025,A4_prov_2012-2025_min_c422_m0.2_r1.25_e1.2_s0_u0.1,"brecha=P-c(1+m)-S/e; clases 1-4,9",2021,2026,52,,,,,,,"clases={""1"": 15, ""2"": 1, ""3"": 0, ""4"": 34, ""9"": 2}"
A4_prov_2012-2025,A4_prov_2012-2025_min_c422_m0.2_r1.25_e1.2_s0_u0.25,"brecha=P-c(1+m)-S/e; clases 1-4,9",2021,2026,52,,,,,,,"clases={""1"": 15, ""2"": 1, ""3"": 0, ""4"": 34, ""9"": 2}"
A4_prov_2012-2025,A4_prov_2012-2025_min_c422_m0.2_r1.25_e1.2_s1_u0.0,"brecha=P-c(1+m)-S/e; clases 1-4,9",2021,2026,52,,,,,,,"clases={""1"": 15, ""2"": 1, ""3"": 0, ""4"": 34, ""9"": 2}"
A4_prov_2012-2025,A4_prov_2012-2025_min_c422_m0.2_r1.25_e1.2_s1_u0.1,"brecha=P-c(1+m)-S/e; clases 1-4,9",2021,2026,52,,,,,,,"clases={""1"": 15, ""2"": 1, ""3"": 0, ""4"": 34, ""9"": 2}"
A4_prov_2012-2025,A4_prov_2012-2025_min_c422_m0.2_r1.25_e1.2_s1_u0.25,"brecha=P-c(1+m)-S/e; clases 1-4,9",2021,2026,52,,,,,,,"clases={""1"": 15, ""2"": 1, ""3"": 0, ""4"": 34, ""9"": 2}"
A4_prov_2012-2025,A4_prov_2012-2025_min_c422_m0.2_r1.25_e1.6_s0_u0.0,"brecha=P-c(1+m)-S/e; clases 1-4,9",2021,2026,52,,,,,,,"clases={""1"": 15, ""2"": 1, ""3"": 0, ""4"": 34, ""9"": 2}"
A4_prov_2012-2025,A4_prov_2012-2025_min_c422_m0.2_r1.25_e1.6_s0_u0.1,"brecha=P-c(1+m)-S/e; clases 1-4,9",2021,2026,52,,,,,,,"clases={""1"": 15, ""2"": 1, ""3"": 0, ""4"": 34, ""9"": 2}"
A4_prov_2012-2025,A4_prov_2012-2025_min_c422_m0.2_r1.25_e1.6_s0_u0.25,"brecha=P-c(1+m)-S/e; clases 1-4,9",2021,2026,52,,,,,,,"clases={""1"": 15, ""2"": 1, ""3"": 0, ""4"": 34, ""9"": 2}"
A4_prov_2012-2025,A4_prov_2012-2025_min_c422_m0.2_r1.25_e1.6_s1_u0.0,"brecha=P-c(1+m)-S/e; clases 1-4,9",2021,2026,52,,,,,,,"clases={""1"": 15, ""2"": 1, ""3"": 0, ""4"": 34, ""9"": 2}"
A4_prov_2012-2025,A4_prov_2012-2025_min_c422_m0.2_r1.25_e1.6_s1_u0.1,"brecha=P-c(1+m)-S/e; clases 1-4,9",2021,2026,52,,,,,,,"clases={""1"": 15, ""2"": 1, ""3"": 0, ""4"": 34, ""9"": 2}"
A4_prov_2012-2025,A4_prov_2012-2025_min_c422_m0.2_r1.25_e1.6_s1_u0.25,"brecha=P-c(1+m)-S/e; clases 1-4,9",2021,2026,52,,,,,,,"clases={""1"": 15, ""2"": 1, ""3"": 0, ""4"": 34, ""9"": 2}"
A4_prov_2012-2025,A4_prov_2012-2025_min_c422_m0.2_r1.5_e0.8_s0_u0.0,"brecha=P-c(1+m)-S/e; clases 1-4,9",2021,2026,52,,,,,,,"clases={""1"": 15, ""2"": 1, ""3"": 0, ""4"": 34, ""9"": 2}"
A4_prov_2012-2025,A4_prov_2012-2025_min_c422_m0.2_r1.5_e0.8_s0_u0.1,"brecha=P-c(1+m)-S/e; clases 1-4,9",2021,2026,52,,,,,,,"clases={""1"": 15, ""2"": 1, ""3"": 0, ""4"": 34, ""9"": 2}"
A4_prov_2012-2025,A4_prov_2012-2025_min_c422_m0.2_r1.5_e0.8_s0_u0.25,"brecha=P-c(1+m)-S/e; clases 1-4,9",2021,2026,52,,,,,,,"clases={""1"": 15, ""2"": 1, ""3"": 0, ""4"": 34, ""9"": 2}"
A4_prov_2012-2025,A4_prov_2012-2025_min_c422_m0.2_r1.5_e0.8_s1_u0.0,"brecha=P-c(1+m)-S/e; clases 1-4,9",2021,2026,52,,,,,,,"clases={""1"": 15, ""2"": 1, ""3"": 0, ""4"": 34, ""9"": 2}"
A4_prov_2012-2025,A4_prov_2012-2025_min_c422_m0.2_r1.5_e0.8_s1_u0.1,"brecha=P-c(1+m)-S/e; clases 1-4,9",2021,2026,52,,,,,,,"clases={""1"": 15, ""2"": 1, ""3"": 0, ""4"": 34, ""9"": 2}"
A4_prov_2012-2025,A4_prov_2012-2025_min_c422_m0.2_r1.5_e0.8_s1_u0.25,"brecha=P-c(1+m)-S/e; clases 1-4,9",2021,2026,52,,,,,,,"clases={""1"": 15, ""2"": 1, ""3"": 0, ""4"": 34, ""9"": 2}"
A4_prov_2012-2025,A4_prov_2012-2025_min_c422_m0.2_r1.5_e1.2_s0_u0.0,"brecha=P-c(1+m)-S/e; clases 1-4,9",2021,2026,52,,,,,,,"clases={""1"": 15, ""2"": 1, ""3"": 0, ""4"": 34, ""9"": 2}"
A4_prov_2012-2025,A4_prov_2012-2025_min_c422_m0.2_r1.5_e1.2_s0_u0.1,"brecha=P-c(1+m)-S/e; clases 1-4,9",2021,2026,52,,,,,,,"clases={""1"": 15, ""2"": 1, ""3"": 0, ""4"": 34, ""9"": 2}"
A4_prov_2012-2025,A4_prov_2012-2025_min_c422_m0.2_r1.5_e1.2_s0_u0.25,"brecha=P-c(1+m)-S/e; clases 1-4,9",2021,2026,52,,,,,,,"clases={""1"": 15, ""2"": 1, ""3"": 0, ""4"": 34, ""9"": 2}"
A4_prov_2012-2025,A4_prov_2012-2025_min_c422_m0.2_r1.5_e1.2_s1_u0.0,"brecha=P-c(1+m)-S/e; clases 1-4,9",2021,2026,52,,,,,,,"clases={""1"": 15, ""2"": 1, ""3"": 0, ""4"": 34, ""9"": 2}"
A4_prov_2012-2025,A4_prov_2012-2025_min_c422_m0.2_r1.5_e1.2_s1_u0.1,"brecha=P-c(1+m)-S/e; clases 1-4,9",2021,2026,52,,,,,,,"clases={""1"": 15, ""2"": 1, ""3"": 0, ""4"": 34, ""9"": 2}"
A4_prov_2012-2025,A4_prov_2012-2025_min_c422_m0.2_r1.5_e1.2_s1_u0.25,"brecha=P-c(1+m)-S/e; clases 1-4,9",2021,2026,52,,,,,,,"clases={""1"": 15, ""2"": 1, ""3"": 0, ""4"": 34, ""9"": 2}"
A4_prov_2012-2025,A4_prov_2012-2025_min_c422_m0.2_r1.5_e1.6_s0_u0.0,"brecha=P-c(1+m)-S/e; clases 1-4,9",2021,2026,52,,,,,,,"clases={""1"": 15, ""2"": 1, ""3"": 0, ""4"": 34, ""9"": 2}"
A4_prov_2012-2025,A4_prov_2012-2025_min_c422_m0.2_r1.5_e1.6_s0_u0.1,"brecha=P-c(1+m)-S/e; clases 1-4,9",2021,2026,52,,,,,,,"clases={""1"": 15, ""2"": 1, ""3"": 0, ""4"": 34, ""9"": 2}"
A4_prov_2012-2025,A4_prov_2012-2025_min_c422_m0.2_r1.5_e1.6_s0_u0.25,"brecha=P-c(1+m)-S/e; clases 1-4,9",2021,2026,52,,,,,,,"clases={""1"": 15, ""2"": 1, ""3"": 0, ""4"": 34, ""9"": 2}"
A4_prov_2012-2025,A4_prov_2012-2025_min_c422_m0.2_r1.5_e1.6_s1_u0.0,"brecha=P-c(1+m)-S/e; clases 1-4,9",2021,2026,52,,,,,,,"clases={""1"": 15, ""2"": 1, ""3"": 0, ""4"": 34, ""9"": 2}"
A4_prov_2012-2025,A4_prov_2012-2025_min_c422_m0.2_r1.5_e1.6_s1_u0.1,"brecha=P-c(1+m)-S/e; clases 1-4,9",2021,2026,52,,,,,,,"clases={""1"": 15, ""2"": 1, ""3"": 0, ""4"": 34, ""9"": 2}"
A4_prov_2012-2025,A4_prov_2012-2025_min_c422_m0.2_r1.5_e1.6_s1_u0.25,"brecha=P-c(1+m)-S/e; clases 1-4,9",2021,2026,52,,,,,,,"clases={""1"": 15, ""2"": 1, ""3"": 0, ""4"": 34, ""9"": 2}"
A4_prov_2012-2025,A4_prov_2012-2025_min_c422_m0.25_r1.25_e0.8_s0_u0.0,"brecha=P-c(1+m)-S/e; clases 1-4,9",2021,2026,52,,,,,,,"clases={""1"": 15, ""2"": 1, ""3"": 0, ""4"": 34, ""9"": 2}"
A4_prov_2012-2025,A4_prov_2012-2025_min_c422_m0.25_r1.25_e0.8_s0_u0.1,"brecha=P-c(1+m)-S/e; clases 1-4,9",2021,2026,52,,,,,,,"clases={""1"": 15, ""2"": 1, ""3"": 0, ""4"": 34, ""9"": 2}"
A4_prov_2012-2025,A4_prov_2012-2025_min_c422_m0.25_r1.25_e0.8_s0_u0.25,"brecha=P-c(1+m)-S/e; clases 1-4,9",2021,2026,52,,,,,,,"clases={""1"": 15, ""2"": 1, ""3"": 0, ""4"": 34, ""9"": 2}"
A4_prov_2012-2025,A4_prov_2012-2025_min_c422_m0.25_r1.25_e0.8_s1_u0.0,"brecha=P-c(1+m)-S/e; clases 1-4,9",2021,2026,52,,,,,,,"clases={""1"": 15, ""2"": 1, ""3"": 0, ""4"": 34, ""9"": 2}"
A4_prov_2012-2025,A4_prov_2012-2025_min_c422_m0.25_r1.25_e0.8_s1_u0.1,"brecha=P-c(1+m)-S/e; clases 1-4,9",2021,2026,52,,,,,,,"clases={""1"": 15, ""2"": 1, ""3"": 0, ""4"": 34, ""9"": 2}"
A4_prov_2012-2025,A4_prov_2012-2025_min_c422_m0.25_r1.25_e0.8_s1_u0.25,"brecha=P-c(1+m)-S/e; clases 1-4,9",2021,2026,52,,,,,,,"clases={""1"": 15, ""2"": 1, ""3"": 0, ""4"": 34, ""9"": 2}"
A4_prov_2012-2025,A4_prov_2012-2025_min_c422_m0.25_r1.25_e1.2_s0_u0.0,"brecha=P-c(1+m)-S/e; clases 1-4,9",2021,2026,52,,,,,,,"clases={""1"": 15, ""2"": 1, ""3"": 0, ""4"": 34, ""9"": 2}"
A4_prov_2012-2025,A4_prov_2012-2025_min_c422_m0.25_r1.25_e1.2_s0_u0.1,"brecha=P-c(1+m)-S/e; clases 1-4,9",2021,2026,52,,,,,,,"clases={""1"": 15, ""2"": 1, ""3"": 0, ""4"": 34, ""9"": 2}"
A4_prov_2012-2025,A4_prov_2012-2025_min_c422_m0.25_r1.25_e1.2_s0_u0.25,"brecha=P-c(1+m)-S/e; clases 1-4,9",2021,2026,52,,,,,,,"clases={""1"": 15, ""2"": 1, ""3"": 0, ""4"": 34, ""9"": 2}"
A4_prov_2012-2025,A4_prov_2012-2025_min_c422_m0.25_r1.25_e1.2_s1_u0.0,"brecha=P-c(1+m)-S/e; clases 1-4,9",2021,2026,52,,,,,,,"clases={""1"": 15, ""2"": 1, ""3"": 0, ""4"": 34, ""9"": 2}"
A4_prov_2012-2025,A4_prov_2012-2025_min_c422_m0.25_r1.25_e1.2_s1_u0.1,"brecha=P-c(1+m)-S/e; clases 1-4,9",2021,2026,52,,,,,,,"clases={""1"": 15, ""2"": 1, ""3"": 0, ""4"": 34, ""9"": 2}"
A4_prov_2012-2025,A4_prov_2012-2025_min_c422_m0.25_r1.25_e1.2_s1_u0.25,"brecha=P-c(1+m)-S/e; clases 1-4,9",2021,2026,52,,,,,,,"clases={""1"": 15, ""2"": 1, ""3"": 0, ""4"": 34, ""9"": 2}"
A4_prov_2012-2025,A4_prov_2012-2025_min_c422_m0.25_r1.25_e1.6_s0_u0.0,"brecha=P-c(1+m)-S/e; clases 1-4,9",2021,2026,52,,,,,,,"clases={""1"": 15, ""2"": 1, ""3"": 0, ""4"": 34, ""9"": 2}"
A4_prov_2012-2025,A4_prov_2012-2025_min_c422_m0.25_r1.25_e1.6_s0_u0.1,"brecha=P-c(1+m)-S/e; clases 1-4,9",2021,2026,52,,,,,,,"clases={""1"": 15, ""2"": 1, ""3"": 0, ""4"": 34, ""9"": 2}"
A4_prov_2012-2025,A4_prov_2012-2025_min_c422_m0.25_r1.25_e1.6_s0_u0.25,"brecha=P-c(1+m)-S/e; clases 1-4,9",2021,2026,52,,,,,,,"clases={""1"": 15, ""2"": 1, ""3"": 0, ""4"": 34, ""9"": 2}"
A4_prov_2012-2025,A4_prov_2012-2025_min_c422_m0.25_r1.25_e1.6_s1_u0.0,"brecha=P-c(1+m)-S/e; clases 1-4,9",2021,2026,52,,,,,,,"clases={""1"": 15, ""2"": 1, ""3"": 0, ""4"": 34, ""9"": 2}"
A4_prov_2012-2025,A4_prov_2012-2025_min_c422_m0.25_r1.25_e1.6_s1_u0.1,"brecha=P-c(1+m)-S/e; clases 1-4,9",2021,2026,52,,,,,,,"clases={""1"": 15, ""2"": 1, ""3"": 0, ""4"": 34, ""9"": 2}"
A4_prov_2012-2025,A4_prov_2012-2025_min_c422_m0.25_r1.25_e1.6_s1_u0.25,"brecha=P-c(1+m)-S/e; clases 1-4,9",2021,2026,52,,,,,,,"clases={""1"": 15, ""2"": 1, ""3"": 0, ""4"": 34, ""9"": 2}"
A4_prov_2012-2025,A4_prov_2012-2025_min_c422_m0.25_r1.5_e0.8_s0_u0.0,"brecha=P-c(1+m)-S/e; clases 1-4,9",2021,2026,52,,,,,,,"clases={""1"": 15, ""2"": 1, ""3"": 0, ""4"": 34, ""9"": 2}"
A4_prov_2012-2025,A4_prov_2012-2025_min_c422_m0.25_r1.5_e0.8_s0_u0.1,"brecha=P-c(1+m)-S/e; clases 1-4,9",2021,2026,52,,,,,,,"clases={""1"": 15, ""2"": 1, ""3"": 0, ""4"": 34, ""9"": 2}"
A4_prov_2012-2025,A4_prov_2012-2025_min_c422_m0.25_r1.5_e0.8_s0_u0.25,"brecha=P-c(1+m)-S/e; clases 1-4,9",2021,2026,52,,,,,,,"clases={""1"": 15, ""2"": 1, ""3"": 0, ""4"": 34, ""9"": 2}"
A4_prov_2012-2025,A4_prov_2012-2025_min_c422_m0.25_r1.5_e0.8_s1_u0.0,"brecha=P-c(1+m)-S/e; clases 1-4,9",2021,2026,52,,,,,,,"clases={""1"": 15, ""2"": 1, ""3"": 0, ""4"": 34, ""9"": 2}"
A4_prov_2012-2025,A4_prov_2012-2025_min_c422_m0.25_r1.5_e0.8_s1_u0.1,"brecha=P-c(1+m)-S/e; clases 1-4,9",2021,2026,52,,,,,,,"clases={""1"": 15, ""2"": 1, ""3"": 0, ""4"": 34, ""9"": 2}"
A4_prov_2012-2025,A4_prov_2012-2025_min_c422_m0.25_r1.5_e0.8_s1_u0.25,"brecha=P-c(1+m)-S/e; clases 1-4,9",2021,2026,52,,,,,,,"clases={""1"": 15, ""2"": 1, ""3"": 0, ""4"": 34, ""9"": 2}"
A4_prov_2012-2025,A4_prov_2012-2025_min_c422_m0.25_r1.5_e1.2_s0_u0.0,"brecha=P-c(1+m)-S/e; clases 1-4,9",2021,2026,52,,,,,,,"clases={""1"": 15, ""2"": 1, ""3"": 0, ""4"": 34, ""9"": 2}"
A4_prov_2012-2025,A4_prov_2012-2025_min_c422_m0.25_r1.5_e1.2_s0_u0.1,"brecha=P-c(1+m)-S/e; clases 1-4,9",2021,2026,52,,,,,,,"clases={""1"": 15, ""2"": 1, ""3"": 0, ""4"": 34, ""9"": 2}"
A4_prov_2012-2025,A4_prov_2012-2025_min_c422_m0.25_r1.5_e1.2_s0_u0.25,"brecha=P-c(1+m)-S/e; clases 1-4,9",2021,2026,52,,,,,,,"clases={""1"": 15, ""2"": 1, ""3"": 0, ""4"": 34, ""9"": 2}"
A4_prov_2012-2025,A4_prov_2012-2025_min_c422_m0.25_r1.5_e1.2_s1_u0.0,"brecha=P-c(1+m)-S/e; clases 1-4,9",2021,2026,52,,,,,,,"clases={""1"": 15, ""2"": 1, ""3"": 0, ""4"": 34, ""9"": 2}"
A4_prov_2012-2025,A4_prov_2012-2025_min_c422_m0.25_r1.5_e1.2_s1_u0.1,"brecha=P-c(1+m)-S/e; clases 1-4,9",2021,2026,52,,,,,,,"clases={""1"": 15, ""2"": 1, ""3"": 0, ""4"": 34, ""9"": 2}"
A4_prov_2012-2025,A4_prov_2012-2025_min_c422_m0.25_r1.5_e1.2_s1_u0.25,"brecha=P-c(1+m)-S/e; clases 1-4,9",2021,2026,52,,,,,,,"clases={""1"": 15, ""2"": 1, ""3"": 0, ""4"": 34, ""9"": 2}"
A4_prov_2012-2025,A4_prov_2012-2025_min_c422_m0.25_r1.5_e1.6_s0_u0.0,"brecha=P-c(1+m)-S/e; clases 1-4,9",2021,2026,52,,,,,,,"clases={""1"": 15, ""2"": 1, ""3"": 0, ""4"": 34, ""9"": 2}"
A4_prov_2012-2025,A4_prov_2012-2025_min_c422_m0.25_r1.5_e1.6_s0_u0.1,"brecha=P-c(1+m)-S/e; clases 1-4,9",2021,2026,52,,,,,,,"clases={""1"": 15, ""2"": 1, ""3"": 0, ""4"": 34, ""9"": 2}"
A4_prov_2012-2025,A4_prov_2012-2025_min_c422_m0.25_r1.5_e1.6_s0_u0.25,"brecha=P-c(1+m)-S/e; clases 1-4,9",2021,2026,52,,,,,,,"clases={""1"": 15, ""2"": 1, ""3"": 0, ""4"": 34, ""9"": 2}"
A4_prov_2012-2025,A4_prov_2012-2025_min_c422_m0.25_r1.5_e1.6_s1_u0.0,"brecha=P-c(1+m)-S/e; clases 1-4,9",2021,2026,52,,,,,,,"clases={""1"": 15, ""2"": 1, ""3"": 0, ""4"": 34, ""9"": 2}"
A4_prov_2012-2025,A4_prov_2012-2025_min_c422_m0.25_r1.5_e1.6_s1_u0.1,"brecha=P-c(1+m)-S/e; clases 1-4,9",2021,2026,52,,,,,,,"clases={""1"": 15, ""2"": 1, ""3"": 0, ""4"": 34, ""9"": 2}"
A4_prov_2012-2025,A4_prov_2012-2025_min_c422_m0.25_r1.5_e1.6_s1_u0.25,"brecha=P-c(1+m)-S/e; clases 1-4,9",2021,2026,52,,,,,,,"clases={""1"": 15, ""2"": 1, ""3"": 0, ""4"": 34, ""9"": 2}"
A4_prov_2012-2025,A4_prov_2012-2025_min_c549_m0.15_r1.25_e0.8_s0_u0.0,"brecha=P-c(1+m)-S/e; clases 1-4,9",2021,2026,52,,,,,,,"clases={""1"": 15, ""2"": 1, ""3"": 0, ""4"": 34, ""9"": 2}"
A4_prov_2012-2025,A4_prov_2012-2025_min_c549_m0.15_r1.25_e0.8_s0_u0.1,"brecha=P-c(1+m)-S/e; clases 1-4,9",2021,2026,52,,,,,,,"clases={""1"": 15, ""2"": 1, ""3"": 0, ""4"": 34, ""9"": 2}"
A4_prov_2012-2025,A4_prov_2012-2025_min_c549_m0.15_r1.25_e0.8_s0_u0.25,"brecha=P-c(1+m)-S/e; clases 1-4,9",2021,2026,52,,,,,,,"clases={""1"": 15, ""2"": 1, ""3"": 0, ""4"": 34, ""9"": 2}"
A4_prov_2012-2025,A4_prov_2012-2025_min_c549_m0.15_r1.25_e0.8_s1_u0.0,"brecha=P-c(1+m)-S/e; clases 1-4,9",2021,2026,52,,,,,,,"clases={""1"": 15, ""2"": 1, ""3"": 0, ""4"": 34, ""9"": 2}"
A4_prov_2012-2025,A4_prov_2012-2025_min_c549_m0.15_r1.25_e0.8_s1_u0.1,"brecha=P-c(1+m)-S/e; clases 1-4,9",2021,2026,52,,,,,,,"clases={""1"": 15, ""2"": 1, ""3"": 0, ""4"": 34, ""9"": 2}"
A4_prov_2012-2025,A4_prov_2012-2025_min_c549_m0.15_r1.25_e0.8_s1_u0.25,"brecha=P-c(1+m)-S/e; clases 1-4,9",2021,2026,52,,,,,,,"clases={""1"": 15, ""2"": 1, ""3"": 0, ""4"": 34, ""9"": 2}"
A4_prov_2012-2025,A4_prov_2012-2025_min_c549_m0.15_r1.25_e1.2_s0_u0.0,"brecha=P-c(1+m)-S/e; clases 1-4,9",2021,2026,52,,,,,,,"clases={""1"": 15, ""2"": 1, ""3"": 0, ""4"": 34, ""9"": 2}"
A4_prov_2012-2025,A4_prov_2012-2025_min_c549_m0.15_r1.25_e1.2_s0_u0.1,"brecha=P-c(1+m)-S/e; clases 1-4,9",2021,2026,52,,,,,,,"clases={""1"": 15, ""2"": 1, ""3"": 0, ""4"": 34, ""9"": 2}"
A4_prov_2012-2025,A4_prov_2012-2025_min_c549_m0.15_r1.25_e1.2_s0_u0.25,"brecha=P-c(1+m)-S/e; clases 1-4,9",2021,2026,52,,,,,,,"clases={""1"": 15, ""2"": 1, ""3"": 0, ""4"": 34, ""9"": 2}"
A4_prov_2012-2025,A4_prov_2012-2025_min_c549_m0.15_r1.25_e1.2_s1_u0.0,"brecha=P-c(1+m)-S/e; clases 1-4,9",2021,2026,52,,,,,,,"clases={""1"": 15, ""2"": 1, ""3"": 0, ""4"": 34, ""9"": 2}"
A4_prov_2012-2025,A4_prov_2012-2025_min_c549_m0.15_r1.25_e1.2_s1_u0.1,"brecha=P-c(1+m)-S/e; clases 1-4,9",2021,2026,52,,,,,,,"clases={""1"": 15, ""2"": 1, ""3"": 0, ""4"": 34, ""9"": 2}"
A4_prov_2012-2025,A4_prov_2012-2025_min_c549_m0.15_r1.25_e1.2_s1_u0.25,"brecha=P-c(1+m)-S/e; clases 1-4,9",2021,2026,52,,,,,,,"clases={""1"": 15, ""2"": 1, ""3"": 0, ""4"": 34, ""9"": 2}"
A4_prov_2012-2025,A4_prov_2012-2025_min_c549_m0.15_r1.25_e1.6_s0_u0.0,"brecha=P-c(1+m)-S/e; clases 1-4,9",2021,2026,52,,,,,,,"clases={""1"": 15, ""2"": 1, ""3"": 0, ""4"": 34, ""9"": 2}"
A4_prov_2012-2025,A4_prov_2012-2025_min_c549_m0.15_r1.25_e1.6_s0_u0.1,"brecha=P-c(1+m)-S/e; clases 1-4,9",2021,2026,52,,,,,,,"clases={""1"": 15, ""2"": 1, ""3"": 0, ""4"": 34, ""9"": 2}"
A4_prov_2012-2025,A4_prov_2012-2025_min_c549_m0.15_r1.25_e1.6_s0_u0.25,"brecha=P-c(1+m)-S/e; clases 1-4,9",2021,2026,52,,,,,,,"clases={""1"": 15, ""2"": 1, ""3"": 0, ""4"": 34, ""9"": 2}"
A4_prov_2012-2025,A4_prov_2012-2025_min_c549_m0.15_r1.25_e1.6_s1_u0.0,"brecha=P-c(1+m)-S/e; clases 1-4,9",2021,2026,52,,,,,,,"clases={""1"": 15, ""2"": 1, ""3"": 0, ""4"": 34, ""9"": 2}"
A4_prov_2012-2025,A4_prov_2012-2025_min_c549_m0.15_r1.25_e1.6_s1_u0.1,"brecha=P-c(1+m)-S/e; clases 1-4,9",2021,2026,52,,,,,,,"clases={""1"": 15, ""2"": 1, ""3"": 0, ""4"": 34, ""9"": 2}"
A4_prov_2012-2025,A4_prov_2012-2025_min_c549_m0.15_r1.25_e1.6_s1_u0.25,"brecha=P-c(1+m)-S/e; clases 1-4,9",2021,2026,52,,,,,,,"clases={""1"": 15, ""2"": 1, ""3"": 0, ""4"": 34, ""9"": 2}"
A4_prov_2012-2025,A4_prov_2012-2025_min_c549_m0.15_r1.5_e0.8_s0_u0.0,"brecha=P-c(1+m)-S/e; clases 1-4,9",2021,2026,52,,,,,,,"clases={""1"": 15, ""2"": 1, ""3"": 0, ""4"": 34, ""9"": 2}"
A4_prov_2012-2025,A4_prov_2012-2025_min_c549_m0.15_r1.5_e0.8_s0_u0.1,"brecha=P-c(1+m)-S/e; clases 1-4,9",2021,2026,52,,,,,,,"clases={""1"": 15, ""2"": 1, ""3"": 0, ""4"": 34, ""9"": 2}"
A4_prov_2012-2025,A4_prov_2012-2025_min_c549_m0.15_r1.5_e0.8_s0_u0.25,"brecha=P-c(1+m)-S/e; clases 1-4,9",2021,2026,52,,,,,,,"clases={""1"": 15, ""2"": 1, ""3"": 0, ""4"": 34, ""9"": 2}"
A4_prov_2012-2025,A4_prov_2012-2025_min_c549_m0.15_r1.5_e0.8_s1_u0.0,"brecha=P-c(1+m)-S/e; clases 1-4,9",2021,2026,52,,,,,,,"clases={""1"": 15, ""2"": 1, ""3"": 0, ""4"": 34, ""9"": 2}"
A4_prov_2012-2025,A4_prov_2012-2025_min_c549_m0.15_r1.5_e0.8_s1_u0.1,"brecha=P-c(1+m)-S/e; clases 1-4,9",2021,2026,52,,,,,,,"clases={""1"": 15, ""2"": 1, ""3"": 0, ""4"": 34, ""9"": 2}"
A4_prov_2012-2025,A4_prov_2012-2025_min_c549_m0.15_r1.5_e0.8_s1_u0.25,"brecha=P-c(1+m)-S/e; clases 1-4,9",2021,2026,52,,,,,,,"clases={""1"": 15, ""2"": 1, ""3"": 0, ""4"": 34, ""9"": 2}"
A4_prov_2012-2025,A4_prov_2012-2025_min_c549_m0.15_r1.5_e1.2_s0_u0.0,"brecha=P-c(1+m)-S/e; clases 1-4,9",2021,2026,52,,,,,,,"clases={""1"": 15, ""2"": 1, ""3"": 0, ""4"": 34, ""9"": 2}"
A4_prov_2012-2025,A4_prov_2012-2025_min_c549_m0.15_r1.5_e1.2_s0_u0.1,"brecha=P-c(1+m)-S/e; clases 1-4,9",2021,2026,52,,,,,,,"clases={""1"": 15, ""2"": 1, ""3"": 0, ""4"": 34, ""9"": 2}"
A4_prov_2012-2025,A4_prov_2012-2025_min_c549_m0.15_r1.5_e1.2_s0_u0.25,"brecha=P-c(1+m)-S/e; clases 1-4,9",2021,2026,52,,,,,,,"clases={""1"": 15, ""2"": 1, ""3"": 0, ""4"": 34, ""9"": 2}"
A4_prov_2012-2025,A4_prov_2012-2025_min_c549_m0.15_r1.5_e1.2_s1_u0.0,"brecha=P-c(1+m)-S/e; clases 1-4,9",2021,2026,52,,,,,,,"clases={""1"": 15, ""2"": 1, ""3"": 0, ""4"": 34, ""9"": 2}"
A4_prov_2012-2025,A4_prov_2012-2025_min_c549_m0.15_r1.5_e1.2_s1_u0.1,"brecha=P-c(1+m)-S/e; clases 1-4,9",2021,2026,52,,,,,,,"clases={""1"": 15, ""2"": 1, ""3"": 0, ""4"": 34, ""9"": 2}"
A4_prov_2012-2025,A4_prov_2012-2025_min_c549_m0.15_r1.5_e1.2_s1_u0.25,"brecha=P-c(1+m)-S/e; clases 1-4,9",2021,2026,52,,,,,,,"clases={""1"": 15, ""2"": 1, ""3"": 0, ""4"": 34, ""9"": 2}"
A4_prov_2012-2025,A4_prov_2012-2025_min_c549_m0.15_r1.5_e1.6_s0_u0.0,"brecha=P-c(1+m)-S/e; clases 1-4,9",2021,2026,52,,,,,,,"clases={""1"": 15, ""2"": 1, ""3"": 0, ""4"": 34, ""9"": 2}"
A4_prov_2012-2025,A4_prov_2012-2025_min_c549_m0.15_r1.5_e1.6_s0_u0.1,"brecha=P-c(1+m)-S/e; clases 1-4,9",2021,2026,52,,,,,,,"clases={""1"": 15, ""2"": 1, ""3"": 0, ""4"": 34, ""9"": 2}"
A4_prov_2012-2025,A4_prov_2012-2025_min_c549_m0.15_r1.5_e1.6_s0_u0.25,"brecha=P-c(1+m)-S/e; clases 1-4,9",2021,2026,52,,,,,,,"clases={""1"": 15, ""2"": 1, ""3"": 0, ""4"": 34, ""9"": 2}"
A4_prov_2012-2025,A4_prov_2012-2025_min_c549_m0.15_r1.5_e1.6_s1_u0.0,"brecha=P-c(1+m)-S/e; clases 1-4,9",2021,2026,52,,,,,,,"clases={""1"": 15, ""2"": 1, ""3"": 0, ""4"": 34, ""9"": 2}"
A4_prov_2012-2025,A4_prov_2012-2025_min_c549_m0.15_r1.5_e1.6_s1_u0.1,"brecha=P-c(1+m)-S/e; clases 1-4,9",2021,2026,52,,,,,,,"clases={""1"": 15, ""2"": 1, ""3"": 0, ""4"": 34, ""9"": 2}"
A4_prov_2012-2025,A4_prov_2012-2025_min_c549_m0.15_r1.5_e1.6_s1_u0.25,"brecha=P-c(1+m)-S/e; clases 1-4,9",2021,2026,52,,,,,,,"clases={""1"": 15, ""2"": 1, ""3"": 0, ""4"": 34, ""9"": 2}"
A4_prov_2012-2025,A4_prov_2012-2025_min_c549_m0.2_r1.25_e0.8_s0_u0.0,"brecha=P-c(1+m)-S/e; clases 1-4,9",2021,2026,52,,,,,,,"clases={""1"": 15, ""2"": 1, ""3"": 0, ""4"": 34, ""9"": 2}"
A4_prov_2012-2025,A4_prov_2012-2025_min_c549_m0.2_r1.25_e0.8_s0_u0.1,"brecha=P-c(1+m)-S/e; clases 1-4,9",2021,2026,52,,,,,,,"clases={""1"": 15, ""2"": 1, ""3"": 0, ""4"": 34, ""9"": 2}"
A4_prov_2012-2025,A4_prov_2012-2025_min_c549_m0.2_r1.25_e0.8_s0_u0.25,"brecha=P-c(1+m)-S/e; clases 1-4,9",2021,2026,52,,,,,,,"clases={""1"": 15, ""2"": 1, ""3"": 0, ""4"": 34, ""9"": 2}"
A4_prov_2012-2025,A4_prov_2012-2025_min_c549_m0.2_r1.25_e0.8_s1_u0.0,"brecha=P-c(1+m)-S/e; clases 1-4,9",2021,2026,52,,,,,,,"clases={""1"": 15, ""2"": 1, ""3"": 0, ""4"": 34, ""9"": 2}"
A4_prov_2012-2025,A4_prov_2012-2025_min_c549_m0.2_r1.25_e0.8_s1_u0.1,"brecha=P-c(1+m)-S/e; clases 1-4,9",2021,2026,52,,,,,,,"clases={""1"": 15, ""2"": 1, ""3"": 0, ""4"": 34, ""9"": 2}"
A4_prov_2012-2025,A4_prov_2012-2025_min_c549_m0.2_r1.25_e0.8_s1_u0.25,"brecha=P-c(1+m)-S/e; clases 1-4,9",2021,2026,52,,,,,,,"clases={""1"": 15, ""2"": 1, ""3"": 0, ""4"": 34, ""9"": 2}"
A4_prov_2012-2025,A4_prov_2012-2025_min_c549_m0.2_r1.25_e1.2_s0_u0.0,"brecha=P-c(1+m)-S/e; clases 1-4,9",2021,2026,52,,,,,,,"clases={""1"": 15, ""2"": 1, ""3"": 0, ""4"": 34, ""9"": 2}"
A4_prov_2012-2025,A4_prov_2012-2025_min_c549_m0.2_r1.25_e1.2_s0_u0.1,"brecha=P-c(1+m)-S/e; clases 1-4,9",2021,2026,52,,,,,,,"clases={""1"": 15, ""2"": 1, ""3"": 0, ""4"": 34, ""9"": 2}"
A4_prov_2012-2025,A4_prov_2012-2025_min_c549_m0.2_r1.25_e1.2_s0_u0.25,"brecha=P-c(1+m)-S/e; clases 1-4,9",2021,2026,52,,,,,,,"clases={""1"": 15, ""2"": 1, ""3"": 0, ""4"": 34, ""9"": 2}"
A4_prov_2012-2025,A4_prov_2012-2025_min_c549_m0.2_r1.25_e1.2_s1_u0.0,"brecha=P-c(1+m)-S/e; clases 1-4,9",2021,2026,52,,,,,,,"clases={""1"": 15, ""2"": 1, ""3"": 0, ""4"": 34, ""9"": 2}"
A4_prov_2012-2025,A4_prov_2012-2025_min_c549_m0.2_r1.25_e1.2_s1_u0.1,"brecha=P-c(1+m)-S/e; clases 1-4,9",2021,2026,52,,,,,,,"clases={""1"": 15, ""2"": 1, ""3"": 0, ""4"": 34, ""9"": 2}"
A4_prov_2012-2025,A4_prov_2012-2025_min_c549_m0.2_r1.25_e1.2_s1_u0.25,"brecha=P-c(1+m)-S/e; clases 1-4,9",2021,2026,52,,,,,,,"clases={""1"": 15, ""2"": 1, ""3"": 0, ""4"": 34, ""9"": 2}"
A4_prov_2012-2025,A4_prov_2012-2025_min_c549_m0.2_r1.25_e1.6_s0_u0.0,"brecha=P-c(1+m)-S/e; clases 1-4,9",2021,2026,52,,,,,,,"clases={""1"": 15, ""2"": 1, ""3"": 0, ""4"": 34, ""9"": 2}"
A4_prov_2012-2025,A4_prov_2012-2025_min_c549_m0.2_r1.25_e1.6_s0_u0.1,"brecha=P-c(1+m)-S/e; clases 1-4,9",2021,2026,52,,,,,,,"clases={""1"": 15, ""2"": 1, ""3"": 0, ""4"": 34, ""9"": 2}"
A4_prov_2012-2025,A4_prov_2012-2025_min_c549_m0.2_r1.25_e1.6_s0_u0.25,"brecha=P-c(1+m)-S/e; clases 1-4,9",2021,2026,52,,,,,,,"clases={""1"": 15, ""2"": 1, ""3"": 0, ""4"": 34, ""9"": 2}"
A4_prov_2012-2025,A4_prov_2012-2025_min_c549_m0.2_r1.25_e1.6_s1_u0.0,"brecha=P-c(1+m)-S/e; clases 1-4,9",2021,2026,52,,,,,,,"clases={""1"": 15, ""2"": 1, ""3"": 0, ""4"": 34, ""9"": 2}"
A4_prov_2012-2025,A4_prov_2012-2025_min_c549_m0.2_r1.25_e1.6_s1_u0.1,"brecha=P-c(1+m)-S/e; clases 1-4,9",2021,2026,52,,,,,,,"clases={""1"": 15, ""2"": 1, ""3"": 0, ""4"": 34, ""9"": 2}"
A4_prov_2012-2025,A4_prov_2012-2025_min_c549_m0.2_r1.25_e1.6_s1_u0.25,"brecha=P-c(1+m)-S/e; clases 1-4,9",2021,2026,52,,,,,,,"clases={""1"": 15, ""2"": 1, ""3"": 0, ""4"": 34, ""9"": 2}"
A4_prov_2012-2025,A4_prov_2012-2025_min_c549_m0.2_r1.5_e0.8_s0_u0.0,"brecha=P-c(1+m)-S/e; clases 1-4,9",2021,2026,52,,,,,,,"clases={""1"": 15, ""2"": 1, ""3"": 0, ""4"": 34, ""9"": 2}"
A4_prov_2012-2025,A4_prov_2012-2025_min_c549_m0.2_r1.5_e0.8_s0_u0.1,"brecha=P-c(1+m)-S/e; clases 1-4,9",2021,2026,52,,,,,,,"clases={""1"": 15, ""2"": 1, ""3"": 0, ""4"": 34, ""9"": 2}"
A4_prov_2012-2025,A4_prov_2012-2025_min_c549_m0.2_r1.5_e0.8_s0_u0.25,"brecha=P-c(1+m)-S/e; clases 1-4,9",2021,2026,52,,,,,,,"clases={""1"": 15, ""2"": 1, ""3"": 0, ""4"": 34, ""9"": 2}"
A4_prov_2012-2025,A4_prov_2012-2025_min_c549_m0.2_r1.5_e0.8_s1_u0.0,"brecha=P-c(1+m)-S/e; clases 1-4,9",2021,2026,52,,,,,,,"clases={""1"": 15, ""2"": 1, ""3"": 0, ""4"": 34, ""9"": 2}"
A4_prov_2012-2025,A4_prov_2012-2025_min_c549_m0.2_r1.5_e0.8_s1_u0.1,"brecha=P-c(1+m)-S/e; clases 1-4,9",2021,2026,52,,,,,,,"clases={""1"": 15, ""2"": 1, ""3"": 0, ""4"": 34, ""9"": 2}"
A4_prov_2012-2025,A4_prov_2012-2025_min_c549_m0.2_r1.5_e0.8_s1_u0.25,"brecha=P-c(1+m)-S/e; clases 1-4,9",2021,2026,52,,,,,,,"clases={""1"": 15, ""2"": 1, ""3"": 0, ""4"": 34, ""9"": 2}"
A4_prov_2012-2025,A4_prov_2012-2025_min_c549_m0.2_r1.5_e1.2_s0_u0.0,"brecha=P-c(1+m)-S/e; clases 1-4,9",2021,2026,52,,,,,,,"clases={""1"": 15, ""2"": 1, ""3"": 0, ""4"": 34, ""9"": 2}"
A4_prov_2012-2025,A4_prov_2012-2025_min_c549_m0.2_r1.5_e1.2_s0_u0.1,"brecha=P-c(1+m)-S/e; clases 1-4,9",2021,2026,52,,,,,,,"clases={""1"": 15, ""2"": 1, ""3"": 0, ""4"": 34, ""9"": 2}"
A4_prov_2012-2025,A4_prov_2012-2025_min_c549_m0.2_r1.5_e1.2_s0_u0.25,"brecha=P-c(1+m)-S/e; clases 1-4,9",2021,2026,52,,,,,,,"clases={""1"": 15, ""2"": 1, ""3"": 0, ""4"": 34, ""9"": 2}"
A4_prov_2012-2025,A4_prov_2012-2025_min_c549_m0.2_r1.5_e1.2_s1_u0.0,"brecha=P-c(1+m)-S/e; clases 1-4,9",2021,2026,52,,,,,,,"clases={""1"": 15, ""2"": 1, ""3"": 0, ""4"": 34, ""9"": 2}"
A4_prov_2012-2025,A4_prov_2012-2025_min_c549_m0.2_r1.5_e1.2_s1_u0.1,"brecha=P-c(1+m)-S/e; clases 1-4,9",2021,2026,52,,,,,,,"clases={""1"": 15, ""2"": 1, ""3"": 0, ""4"": 34, ""9"": 2}"
A4_prov_2012-2025,A4_prov_2012-2025_min_c549_m0.2_r1.5_e1.2_s1_u0.25,"brecha=P-c(1+m)-S/e; clases 1-4,9",2021,2026,52,,,,,,,"clases={""1"": 15, ""2"": 1, ""3"": 0, ""4"": 34, ""9"": 2}"
A4_prov_2012-2025,A4_prov_2012-2025_min_c549_m0.2_r1.5_e1.6_s0_u0.0,"brecha=P-c(1+m)-S/e; clases 1-4,9",2021,2026,52,,,,,,,"clases={""1"": 15, ""2"": 1, ""3"": 0, ""4"": 34, ""9"": 2}"
A4_prov_2012-2025,A4_prov_2012-2025_min_c549_m0.2_r1.5_e1.6_s0_u0.1,"brecha=P-c(1+m)-S/e; clases 1-4,9",2021,2026,52,,,,,,,"clases={""1"": 15, ""2"": 1, ""3"": 0, ""4"": 34, ""9"": 2}"
A4_prov_2012-2025,A4_prov_2012-2025_min_c549_m0.2_r1.5_e1.6_s0_u0.25,"brecha=P-c(1+m)-S/e; clases 1-4,9",2021,2026,52,,,,,,,"clases={""1"": 15, ""2"": 1, ""3"": 0, ""4"": 34, ""9"": 2}"
A4_prov_2012-2025,A4_prov_2012-2025_min_c549_m0.2_r1.5_e1.6_s1_u0.0,"brecha=P-c(1+m)-S/e; clases 1-4,9",2021,2026,52,,,,,,,"clases={""1"": 15, ""2"": 1, ""3"": 0, ""4"": 34, ""9"": 2}"
A4_prov_2012-2025,A4_prov_2012-2025_min_c549_m0.2_r1.5_e1.6_s1_u0.1,"brecha=P-c(1+m)-S/e; clases 1-4,9",2021,2026,52,,,,,,,"clases={""1"": 15, ""2"": 1, ""3"": 0, ""4"": 34, ""9"": 2}"
A4_prov_2012-2025,A4_prov_2012-2025_min_c549_m0.2_r1.5_e1.6_s1_u0.25,"brecha=P-c(1+m)-S/e; clases 1-4,9",2021,2026,52,,,,,,,"clases={""1"": 15, ""2"": 1, ""3"": 0, ""4"": 34, ""9"": 2}"
A4_prov_2012-2025,A4_prov_2012-2025_min_c549_m0.25_r1.25_e0.8_s0_u0.0,"brecha=P-c(1+m)-S/e; clases 1-4,9",2021,2026,52,,,,,,,"clases={""1"": 15, ""2"": 1, ""3"": 0, ""4"": 34, ""9"": 2}"
A4_prov_2012-2025,A4_prov_2012-2025_min_c549_m0.25_r1.25_e0.8_s0_u0.1,"brecha=P-c(1+m)-S/e; clases 1-4,9",2021,2026,52,,,,,,,"clases={""1"": 15, ""2"": 1, ""3"": 0, ""4"": 34, ""9"": 2}"
A4_prov_2012-2025,A4_prov_2012-2025_min_c549_m0.25_r1.25_e0.8_s0_u0.25,"brecha=P-c(1+m)-S/e; clases 1-4,9",2021,2026,52,,,,,,,"clases={""1"": 15, ""2"": 1, ""3"": 0, ""4"": 34, ""9"": 2}"
A4_prov_2012-2025,A4_prov_2012-2025_min_c549_m0.25_r1.25_e0.8_s1_u0.0,"brecha=P-c(1+m)-S/e; clases 1-4,9",2021,2026,52,,,,,,,"clases={""1"": 15, ""2"": 1, ""3"": 0, ""4"": 34, ""9"": 2}"
A4_prov_2012-2025,A4_prov_2012-2025_min_c549_m0.25_r1.25_e0.8_s1_u0.1,"brecha=P-c(1+m)-S/e; clases 1-4,9",2021,2026,52,,,,,,,"clases={""1"": 15, ""2"": 1, ""3"": 0, ""4"": 34, ""9"": 2}"
A4_prov_2012-2025,A4_prov_2012-2025_min_c549_m0.25_r1.25_e0.8_s1_u0.25,"brecha=P-c(1+m)-S/e; clases 1-4,9",2021,2026,52,,,,,,,"clases={""1"": 15, ""2"": 1, ""3"": 0, ""4"": 34, ""9"": 2}"
A4_prov_2012-2025,A4_prov_2012-2025_min_c549_m0.25_r1.25_e1.2_s0_u0.0,"brecha=P-c(1+m)-S/e; clases 1-4,9",2021,2026,52,,,,,,,"clases={""1"": 15, ""2"": 1, ""3"": 0, ""4"": 34, ""9"": 2}"
A4_prov_2012-2025,A4_prov_2012-2025_min_c549_m0.25_r1.25_e1.2_s0_u0.1,"brecha=P-c(1+m)-S/e; clases 1-4,9",2021,2026,52,,,,,,,"clases={""1"": 15, ""2"": 1, ""3"": 0, ""4"": 34, ""9"": 2}"
A4_prov_2012-2025,A4_prov_2012-2025_min_c549_m0.25_r1.25_e1.2_s0_u0.25,"brecha=P-c(1+m)-S/e; clases 1-4,9",2021,2026,52,,,,,,,"clases={""1"": 15, ""2"": 1, ""3"": 0, ""4"": 34, ""9"": 2}"
A4_prov_2012-2025,A4_prov_2012-2025_min_c549_m0.25_r1.25_e1.2_s1_u0.0,"brecha=P-c(1+m)-S/e; clases 1-4,9",2021,2026,52,,,,,,,"clases={""1"": 15, ""2"": 1, ""3"": 0, ""4"": 34, ""9"": 2}"
A4_prov_2012-2025,A4_prov_2012-2025_min_c549_m0.25_r1.25_e1.2_s1_u0.1,"brecha=P-c(1+m)-S/e; clases 1-4,9",2021,2026,52,,,,,,,"clases={""1"": 15, ""2"": 1, ""3"": 0, ""4"": 34, ""9"": 2}"
A4_prov_2012-2025,A4_prov_2012-2025_min_c549_m0.25_r1.25_e1.2_s1_u0.25,"brecha=P-c(1+m)-S/e; clases 1-4,9",2021,2026,52,,,,,,,"clases={""1"": 15, ""2"": 1, ""3"": 0, ""4"": 34, ""9"": 2}"
A4_prov_2012-2025,A4_prov_2012-2025_min_c549_m0.25_r1.25_e1.6_s0_u0.0,"brecha=P-c(1+m)-S/e; clases 1-4,9",2021,2026,52,,,,,,,"clases={""1"": 15, ""2"": 1, ""3"": 0, ""4"": 34, ""9"": 2}"
A4_prov_2012-2025,A4_prov_2012-2025_min_c549_m0.25_r1.25_e1.6_s0_u0.1,"brecha=P-c(1+m)-S/e; clases 1-4,9",2021,2026,52,,,,,,,"clases={""1"": 15, ""2"": 1, ""3"": 0, ""4"": 34, ""9"": 2}"
A4_prov_2012-2025,A4_prov_2012-2025_min_c549_m0.25_r1.25_e1.6_s0_u0.25,"brecha=P-c(1+m)-S/e; clases 1-4,9",2021,2026,52,,,,,,,"clases={""1"": 15, ""2"": 1, ""3"": 0, ""4"": 34, ""9"": 2}"
A4_prov_2012-2025,A4_prov_2012-2025_min_c549_m0.25_r1.25_e1.6_s1_u0.0,"brecha=P-c(1+m)-S/e; clases 1-4,9",2021,2026,52,,,,,,,"clases={""1"": 15, ""2"": 1, ""3"": 0, ""4"": 34, ""9"": 2}"
A4_prov_2012-2025,A4_prov_2012-2025_min_c549_m0.25_r1.25_e1.6_s1_u0.1,"brecha=P-c(1+m)-S/e; clases 1-4,9",2021,2026,52,,,,,,,"clases={""1"": 15, ""2"": 1, ""3"": 0, ""4"": 34, ""9"": 2}"
A4_prov_2012-2025,A4_prov_2012-2025_min_c549_m0.25_r1.25_e1.6_s1_u0.25,"brecha=P-c(1+m)-S/e; clases 1-4,9",2021,2026,52,,,,,,,"clases={""1"": 15, ""2"": 1, ""3"": 0, ""4"": 34, ""9"": 2}"
A4_prov_2012-2025,A4_prov_2012-2025_min_c549_m0.25_r1.5_e0.8_s0_u0.0,"brecha=P-c(1+m)-S/e; clases 1-4,9",2021,2026,52,,,,,,,"clases={""1"": 15, ""2"": 1, ""3"": 0, ""4"": 34, ""9"": 2}"
A4_prov_2012-2025,A4_prov_2012-2025_min_c549_m0.25_r1.5_e0.8_s0_u0.1,"brecha=P-c(1+m)-S/e; clases 1-4,9",2021,2026,52,,,,,,,"clases={""1"": 15, ""2"": 1, ""3"": 0, ""4"": 34, ""9"": 2}"
A4_prov_2012-2025,A4_prov_2012-2025_min_c549_m0.25_r1.5_e0.8_s0_u0.25,"brecha=P-c(1+m)-S/e; clases 1-4,9",2021,2026,52,,,,,,,"clases={""1"": 15, ""2"": 1, ""3"": 0, ""4"": 34, ""9"": 2}"
A4_prov_2012-2025,A4_prov_2012-2025_min_c549_m0.25_r1.5_e0.8_s1_u0.0,"brecha=P-c(1+m)-S/e; clases 1-4,9",2021,2026,52,,,,,,,"clases={""1"": 15, ""2"": 1, ""3"": 0, ""4"": 34, ""9"": 2}"
A4_prov_2012-2025,A4_prov_2012-2025_min_c549_m0.25_r1.5_e0.8_s1_u0.1,"brecha=P-c(1+m)-S/e; clases 1-4,9",2021,2026,52,,,,,,,"clases={""1"": 15, ""2"": 1, ""3"": 0, ""4"": 34, ""9"": 2}"
A4_prov_2012-2025,A4_prov_2012-2025_min_c549_m0.25_r1.5_e0.8_s1_u0.25,"brecha=P-c(1+m)-S/e; clases 1-4,9",2021,2026,52,,,,,,,"clases={""1"": 15, ""2"": 1, ""3"": 0, ""4"": 34, ""9"": 2}"
A4_prov_2012-2025,A4_prov_2012-2025_min_c549_m0.25_r1.5_e1.2_s0_u0.0,"brecha=P-c(1+m)-S/e; clases 1-4,9",2021,2026,52,,,,,,,"clases={""1"": 15, ""2"": 1, ""3"": 0, ""4"": 34, ""9"": 2}"
A4_prov_2012-2025,A4_prov_2012-2025_min_c549_m0.25_r1.5_e1.2_s0_u0.1,"brecha=P-c(1+m)-S/e; clases 1-4,9",2021,2026,52,,,,,,,"clases={""1"": 15, ""2"": 1, ""3"": 0, ""4"": 34, ""9"": 2}"
A4_prov_2012-2025,A4_prov_2012-2025_min_c549_m0.25_r1.5_e1.2_s0_u0.25,"brecha=P-c(1+m)-S/e; clases 1-4,9",2021,2026,52,,,,,,,"clases={""1"": 15, ""2"": 1, ""3"": 0, ""4"": 34, ""9"": 2}"
A4_prov_2012-2025,A4_prov_2012-2025_min_c549_m0.25_r1.5_e1.2_s1_u0.0,"brecha=P-c(1+m)-S/e; clases 1-4,9",2021,2026,52,,,,,,,"clases={""1"": 15, ""2"": 1, ""3"": 0, ""4"": 34, ""9"": 2}"
A4_prov_2012-2025,A4_prov_2012-2025_min_c549_m0.25_r1.5_e1.2_s1_u0.1,"brecha=P-c(1+m)-S/e; clases 1-4,9",2021,2026,52,,,,,,,"clases={""1"": 15, ""2"": 1, ""3"": 0, ""4"": 34, ""9"": 2}"
A4_prov_2012-2025,A4_prov_2012-2025_min_c549_m0.25_r1.5_e1.2_s1_u0.25,"brecha=P-c(1+m)-S/e; clases 1-4,9",2021,2026,52,,,,,,,"clases={""1"": 15, ""2"": 1, ""3"": 0, ""4"": 34, ""9"": 2}"
A4_prov_2012-2025,A4_prov_2012-2025_min_c549_m0.25_r1.5_e1.6_s0_u0.0,"brecha=P-c(1+m)-S/e; clases 1-4,9",2021,2026,52,,,,,,,"clases={""1"": 15, ""2"": 1, ""3"": 0, ""4"": 34, ""9"": 2}"
A4_prov_2012-2025,A4_prov_2012-2025_min_c549_m0.25_r1.5_e1.6_s0_u0.1,"brecha=P-c(1+m)-S/e; clases 1-4,9",2021,2026,52,,,,,,,"clases={""1"": 15, ""2"": 1, ""3"": 0, ""4"": 34, ""9"": 2}"
A4_prov_2012-2025,A4_prov_2012-2025_min_c549_m0.25_r1.5_e1.6_s0_u0.25,"brecha=P-c(1+m)-S/e; clases 1-4,9",2021,2026,52,,,,,,,"clases={""1"": 15, ""2"": 1, ""3"": 0, ""4"": 34, ""9"": 2}"
A4_prov_2012-2025,A4_prov_2012-2025_min_c549_m0.25_r1.5_e1.6_s1_u0.0,"brecha=P-c(1+m)-S/e; clases 1-4,9",2021,2026,52,,,,,,,"clases={""1"": 15, ""2"": 1, ""3"": 0, ""4"": 34, ""9"": 2}"
A4_prov_2012-2025,A4_prov_2012-2025_min_c549_m0.25_r1.5_e1.6_s1_u0.1,"brecha=P-c(1+m)-S/e; clases 1-4,9",2021,2026,52,,,,,,,"clases={""1"": 15, ""2"": 1, ""3"": 0, ""4"": 34, ""9"": 2}"
A4_prov_2012-2025,A4_prov_2012-2025_min_c549_m0.25_r1.5_e1.6_s1_u0.25,"brecha=P-c(1+m)-S/e; clases 1-4,9",2021,2026,52,,,,,,,"clases={""1"": 15, ""2"": 1, ""3"": 0, ""4"": 34, ""9"": 2}"
A4_prov_2012-2025,A4_prov_2012-2025_min_c677_m0.15_r1.25_e0.8_s0_u0.0,"brecha=P-c(1+m)-S/e; clases 1-4,9",2021,2026,52,,,,,,,"clases={""1"": 15, ""2"": 1, ""3"": 0, ""4"": 34, ""9"": 2}"
A4_prov_2012-2025,A4_prov_2012-2025_min_c677_m0.15_r1.25_e0.8_s0_u0.1,"brecha=P-c(1+m)-S/e; clases 1-4,9",2021,2026,52,,,,,,,"clases={""1"": 15, ""2"": 1, ""3"": 0, ""4"": 34, ""9"": 2}"
A4_prov_2012-2025,A4_prov_2012-2025_min_c677_m0.15_r1.25_e0.8_s0_u0.25,"brecha=P-c(1+m)-S/e; clases 1-4,9",2021,2026,52,,,,,,,"clases={""1"": 15, ""2"": 1, ""3"": 0, ""4"": 34, ""9"": 2}"
A4_prov_2012-2025,A4_prov_2012-2025_min_c677_m0.15_r1.25_e0.8_s1_u0.0,"brecha=P-c(1+m)-S/e; clases 1-4,9",2021,2026,52,,,,,,,"clases={""1"": 15, ""2"": 1, ""3"": 0, ""4"": 34, ""9"": 2}"
A4_prov_2012-2025,A4_prov_2012-2025_min_c677_m0.15_r1.25_e0.8_s1_u0.1,"brecha=P-c(1+m)-S/e; clases 1-4,9",2021,2026,52,,,,,,,"clases={""1"": 15, ""2"": 1, ""3"": 0, ""4"": 34, ""9"": 2}"
A4_prov_2012-2025,A4_prov_2012-2025_min_c677_m0.15_r1.25_e0.8_s1_u0.25,"brecha=P-c(1+m)-S/e; clases 1-4,9",2021,2026,52,,,,,,,"clases={""1"": 15, ""2"": 1, ""3"": 0, ""4"": 34, ""9"": 2}"
A4_prov_2012-2025,A4_prov_2012-2025_min_c677_m0.15_r1.25_e1.2_s0_u0.0,"brecha=P-c(1+m)-S/e; clases 1-4,9",2021,2026,52,,,,,,,"clases={""1"": 15, ""2"": 1, ""3"": 0, ""4"": 34, ""9"": 2}"
A4_prov_2012-2025,A4_prov_2012-2025_min_c677_m0.15_r1.25_e1.2_s0_u0.1,"brecha=P-c(1+m)-S/e; clases 1-4,9",2021,2026,52,,,,,,,"clases={""1"": 15, ""2"": 1, ""3"": 0, ""4"": 34, ""9"": 2}"
A4_prov_2012-2025,A4_prov_2012-2025_min_c677_m0.15_r1.25_e1.2_s0_u0.25,"brecha=P-c(1+m)-S/e; clases 1-4,9",2021,2026,52,,,,,,,"clases={""1"": 15, ""2"": 1, ""3"": 0, ""4"": 34, ""9"": 2}"
A4_prov_2012-2025,A4_prov_2012-2025_min_c677_m0.15_r1.25_e1.2_s1_u0.0,"brecha=P-c(1+m)-S/e; clases 1-4,9",2021,2026,52,,,,,,,"clases={""1"": 15, ""2"": 1, ""3"": 0, ""4"": 34, ""9"": 2}"
A4_prov_2012-2025,A4_prov_2012-2025_min_c677_m0.15_r1.25_e1.2_s1_u0.1,"brecha=P-c(1+m)-S/e; clases 1-4,9",2021,2026,52,,,,,,,"clases={""1"": 15, ""2"": 1, ""3"": 0, ""4"": 34, ""9"": 2}"
A4_prov_2012-2025,A4_prov_2012-2025_min_c677_m0.15_r1.25_e1.2_s1_u0.25,"brecha=P-c(1+m)-S/e; clases 1-4,9",2021,2026,52,,,,,,,"clases={""1"": 15, ""2"": 1, ""3"": 0, ""4"": 34, ""9"": 2}"
A4_prov_2012-2025,A4_prov_2012-2025_min_c677_m0.15_r1.25_e1.6_s0_u0.0,"brecha=P-c(1+m)-S/e; clases 1-4,9",2021,2026,52,,,,,,,"clases={""1"": 15, ""2"": 1, ""3"": 0, ""4"": 34, ""9"": 2}"
A4_prov_2012-2025,A4_prov_2012-2025_min_c677_m0.15_r1.25_e1.6_s0_u0.1,"brecha=P-c(1+m)-S/e; clases 1-4,9",2021,2026,52,,,,,,,"clases={""1"": 15, ""2"": 1, ""3"": 0, ""4"": 34, ""9"": 2}"
A4_prov_2012-2025,A4_prov_2012-2025_min_c677_m0.15_r1.25_e1.6_s0_u0.25,"brecha=P-c(1+m)-S/e; clases 1-4,9",2021,2026,52,,,,,,,"clases={""1"": 15, ""2"": 1, ""3"": 0, ""4"": 34, ""9"": 2}"
A4_prov_2012-2025,A4_prov_2012-2025_min_c677_m0.15_r1.25_e1.6_s1_u0.0,"brecha=P-c(1+m)-S/e; clases 1-4,9",2021,2026,52,,,,,,,"clases={""1"": 15, ""2"": 1, ""3"": 0, ""4"": 34, ""9"": 2}"
A4_prov_2012-2025,A4_prov_2012-2025_min_c677_m0.15_r1.25_e1.6_s1_u0.1,"brecha=P-c(1+m)-S/e; clases 1-4,9",2021,2026,52,,,,,,,"clases={""1"": 15, ""2"": 1, ""3"": 0, ""4"": 34, ""9"": 2}"
A4_prov_2012-2025,A4_prov_2012-2025_min_c677_m0.15_r1.25_e1.6_s1_u0.25,"brecha=P-c(1+m)-S/e; clases 1-4,9",2021,2026,52,,,,,,,"clases={""1"": 15, ""2"": 1, ""3"": 0, ""4"": 34, ""9"": 2}"
A4_prov_2012-2025,A4_prov_2012-2025_min_c677_m0.15_r1.5_e0.8_s0_u0.0,"brecha=P-c(1+m)-S/e; clases 1-4,9",2021,2026,52,,,,,,,"clases={""1"": 15, ""2"": 1, ""3"": 0, ""4"": 34, ""9"": 2}"
A4_prov_2012-2025,A4_prov_2012-2025_min_c677_m0.15_r1.5_e0.8_s0_u0.1,"brecha=P-c(1+m)-S/e; clases 1-4,9",2021,2026,52,,,,,,,"clases={""1"": 15, ""2"": 1, ""3"": 0, ""4"": 34, ""9"": 2}"
A4_prov_2012-2025,A4_prov_2012-2025_min_c677_m0.15_r1.5_e0.8_s0_u0.25,"brecha=P-c(1+m)-S/e; clases 1-4,9",2021,2026,52,,,,,,,"clases={""1"": 15, ""2"": 1, ""3"": 0, ""4"": 34, ""9"": 2}"
A4_prov_2012-2025,A4_prov_2012-2025_min_c677_m0.15_r1.5_e0.8_s1_u0.0,"brecha=P-c(1+m)-S/e; clases 1-4,9",2021,2026,52,,,,,,,"clases={""1"": 15, ""2"": 1, ""3"": 0, ""4"": 34, ""9"": 2}"
A4_prov_2012-2025,A4_prov_2012-2025_min_c677_m0.15_r1.5_e0.8_s1_u0.1,"brecha=P-c(1+m)-S/e; clases 1-4,9",2021,2026,52,,,,,,,"clases={""1"": 15, ""2"": 1, ""3"": 0, ""4"": 34, ""9"": 2}"
A4_prov_2012-2025,A4_prov_2012-2025_min_c677_m0.15_r1.5_e0.8_s1_u0.25,"brecha=P-c(1+m)-S/e; clases 1-4,9",2021,2026,52,,,,,,,"clases={""1"": 15, ""2"": 1, ""3"": 0, ""4"": 34, ""9"": 2}"
A4_prov_2012-2025,A4_prov_2012-2025_min_c677_m0.15_r1.5_e1.2_s0_u0.0,"brecha=P-c(1+m)-S/e; clases 1-4,9",2021,2026,52,,,,,,,"clases={""1"": 15, ""2"": 1, ""3"": 0, ""4"": 34, ""9"": 2}"
A4_prov_2012-2025,A4_prov_2012-2025_min_c677_m0.15_r1.5_e1.2_s0_u0.1,"brecha=P-c(1+m)-S/e; clases 1-4,9",2021,2026,52,,,,,,,"clases={""1"": 15, ""2"": 1, ""3"": 0, ""4"": 34, ""9"": 2}"
A4_prov_2012-2025,A4_prov_2012-2025_min_c677_m0.15_r1.5_e1.2_s0_u0.25,"brecha=P-c(1+m)-S/e; clases 1-4,9",2021,2026,52,,,,,,,"clases={""1"": 15, ""2"": 1, ""3"": 0, ""4"": 34, ""9"": 2}"
A4_prov_2012-2025,A4_prov_2012-2025_min_c677_m0.15_r1.5_e1.2_s1_u0.0,"brecha=P-c(1+m)-S/e; clases 1-4,9",2021,2026,52,,,,,,,"clases={""1"": 15, ""2"": 1, ""3"": 0, ""4"": 34, ""9"": 2}"
A4_prov_2012-2025,A4_prov_2012-2025_min_c677_m0.15_r1.5_e1.2_s1_u0.1,"brecha=P-c(1+m)-S/e; clases 1-4,9",2021,2026,52,,,,,,,"clases={""1"": 15, ""2"": 1, ""3"": 0, ""4"": 34, ""9"": 2}"
A4_prov_2012-2025,A4_prov_2012-2025_min_c677_m0.15_r1.5_e1.2_s1_u0.25,"brecha=P-c(1+m)-S/e; clases 1-4,9",2021,2026,52,,,,,,,"clases={""1"": 15, ""2"": 1, ""3"": 0, ""4"": 34, ""9"": 2}"
A4_prov_2012-2025,A4_prov_2012-2025_min_c677_m0.15_r1.5_e1.6_s0_u0.0,"brecha=P-c(1+m)-S/e; clases 1-4,9",2021,2026,52,,,,,,,"clases={""1"": 15, ""2"": 1, ""3"": 0, ""4"": 34, ""9"": 2}"
A4_prov_2012-2025,A4_prov_2012-2025_min_c677_m0.15_r1.5_e1.6_s0_u0.1,"brecha=P-c(1+m)-S/e; clases 1-4,9",2021,2026,52,,,,,,,"clases={""1"": 15, ""2"": 1, ""3"": 0, ""4"": 34, ""9"": 2}"
A4_prov_2012-2025,A4_prov_2012-2025_min_c677_m0.15_r1.5_e1.6_s0_u0.25,"brecha=P-c(1+m)-S/e; clases 1-4,9",2021,2026,52,,,,,,,"clases={""1"": 15, ""2"": 1, ""3"": 0, ""4"": 34, ""9"": 2}"
A4_prov_2012-2025,A4_prov_2012-2025_min_c677_m0.15_r1.5_e1.6_s1_u0.0,"brecha=P-c(1+m)-S/e; clases 1-4,9",2021,2026,52,,,,,,,"clases={""1"": 15, ""2"": 1, ""3"": 0, ""4"": 34, ""9"": 2}"
A4_prov_2012-2025,A4_prov_2012-2025_min_c677_m0.15_r1.5_e1.6_s1_u0.1,"brecha=P-c(1+m)-S/e; clases 1-4,9",2021,2026,52,,,,,,,"clases={""1"": 15, ""2"": 1, ""3"": 0, ""4"": 34, ""9"": 2}"
A4_prov_2012-2025,A4_prov_2012-2025_min_c677_m0.15_r1.5_e1.6_s1_u0.25,"brecha=P-c(1+m)-S/e; clases 1-4,9",2021,2026,52,,,,,,,"clases={""1"": 15, ""2"": 1, ""3"": 0, ""4"": 34, ""9"": 2}"
A4_prov_2012-2025,A4_prov_2012-2025_min_c677_m0.2_r1.25_e0.8_s0_u0.0,"brecha=P-c(1+m)-S/e; clases 1-4,9",2021,2026,52,,,,,,,"clases={""1"": 15, ""2"": 1, ""3"": 0, ""4"": 34, ""9"": 2}"
A4_prov_2012-2025,A4_prov_2012-2025_min_c677_m0.2_r1.25_e0.8_s0_u0.1,"brecha=P-c(1+m)-S/e; clases 1-4,9",2021,2026,52,,,,,,,"clases={""1"": 15, ""2"": 1, ""3"": 0, ""4"": 34, ""9"": 2}"
A4_prov_2012-2025,A4_prov_2012-2025_min_c677_m0.2_r1.25_e0.8_s0_u0.25,"brecha=P-c(1+m)-S/e; clases 1-4,9",2021,2026,52,,,,,,,"clases={""1"": 15, ""2"": 1, ""3"": 0, ""4"": 34, ""9"": 2}"
A4_prov_2012-2025,A4_prov_2012-2025_min_c677_m0.2_r1.25_e0.8_s1_u0.0,"brecha=P-c(1+m)-S/e; clases 1-4,9",2021,2026,52,,,,,,,"clases={""1"": 15, ""2"": 1, ""3"": 0, ""4"": 34, ""9"": 2}"
A4_prov_2012-2025,A4_prov_2012-2025_min_c677_m0.2_r1.25_e0.8_s1_u0.1,"brecha=P-c(1+m)-S/e; clases 1-4,9",2021,2026,52,,,,,,,"clases={""1"": 15, ""2"": 1, ""3"": 0, ""4"": 34, ""9"": 2}"
A4_prov_2012-2025,A4_prov_2012-2025_min_c677_m0.2_r1.25_e0.8_s1_u0.25,"brecha=P-c(1+m)-S/e; clases 1-4,9",2021,2026,52,,,,,,,"clases={""1"": 15, ""2"": 1, ""3"": 0, ""4"": 34, ""9"": 2}"
A4_prov_2012-2025,A4_prov_2012-2025_min_c677_m0.2_r1.25_e1.2_s0_u0.0,"brecha=P-c(1+m)-S/e; clases 1-4,9",2021,2026,52,,,,,,,"clases={""1"": 15, ""2"": 1, ""3"": 0, ""4"": 34, ""9"": 2}"
A4_prov_2012-2025,A4_prov_2012-2025_min_c677_m0.2_r1.25_e1.2_s0_u0.1,"brecha=P-c(1+m)-S/e; clases 1-4,9",2021,2026,52,,,,,,,"clases={""1"": 15, ""2"": 1, ""3"": 0, ""4"": 34, ""9"": 2}"
A4_prov_2012-2025,A4_prov_2012-2025_min_c677_m0.2_r1.25_e1.2_s0_u0.25,"brecha=P-c(1+m)-S/e; clases 1-4,9",2021,2026,52,,,,,,,"clases={""1"": 15, ""2"": 1, ""3"": 0, ""4"": 34, ""9"": 2}"
A4_prov_2012-2025,A4_prov_2012-2025_min_c677_m0.2_r1.25_e1.2_s1_u0.0,"brecha=P-c(1+m)-S/e; clases 1-4,9",2021,2026,52,,,,,,,"clases={""1"": 15, ""2"": 1, ""3"": 0, ""4"": 34, ""9"": 2}"
A4_prov_2012-2025,A4_prov_2012-2025_min_c677_m0.2_r1.25_e1.2_s1_u0.1,"brecha=P-c(1+m)-S/e; clases 1-4,9",2021,2026,52,,,,,,,"clases={""1"": 15, ""2"": 1, ""3"": 0, ""4"": 34, ""9"": 2}"
A4_prov_2012-2025,A4_prov_2012-2025_min_c677_m0.2_r1.25_e1.2_s1_u0.25,"brecha=P-c(1+m)-S/e; clases 1-4,9",2021,2026,52,,,,,,,"clases={""1"": 15, ""2"": 1, ""3"": 0, ""4"": 34, ""9"": 2}"
A4_prov_2012-2025,A4_prov_2012-2025_min_c677_m0.2_r1.25_e1.6_s0_u0.0,"brecha=P-c(1+m)-S/e; clases 1-4,9",2021,2026,52,,,,,,,"clases={""1"": 15, ""2"": 1, ""3"": 0, ""4"": 34, ""9"": 2}"
A4_prov_2012-2025,A4_prov_2012-2025_min_c677_m0.2_r1.25_e1.6_s0_u0.1,"brecha=P-c(1+m)-S/e; clases 1-4,9",2021,2026,52,,,,,,,"clases={""1"": 15, ""2"": 1, ""3"": 0, ""4"": 34, ""9"": 2}"
A4_prov_2012-2025,A4_prov_2012-2025_min_c677_m0.2_r1.25_e1.6_s0_u0.25,"brecha=P-c(1+m)-S/e; clases 1-4,9",2021,2026,52,,,,,,,"clases={""1"": 15, ""2"": 1, ""3"": 0, ""4"": 34, ""9"": 2}"
A4_prov_2012-2025,A4_prov_2012-2025_min_c677_m0.2_r1.25_e1.6_s1_u0.0,"brecha=P-c(1+m)-S/e; clases 1-4,9",2021,2026,52,,,,,,,"clases={""1"": 15, ""2"": 1, ""3"": 0, ""4"": 34, ""9"": 2}"
A4_prov_2012-2025,A4_prov_2012-2025_min_c677_m0.2_r1.25_e1.6_s1_u0.1,"brecha=P-c(1+m)-S/e; clases 1-4,9",2021,2026,52,,,,,,,"clases={""1"": 15, ""2"": 1, ""3"": 0, ""4"": 34, ""9"": 2}"
A4_prov_2012-2025,A4_prov_2012-2025_min_c677_m0.2_r1.25_e1.6_s1_u0.25,"brecha=P-c(1+m)-S/e; clases 1-4,9",2021,2026,52,,,,,,,"clases={""1"": 15, ""2"": 1, ""3"": 0, ""4"": 34, ""9"": 2}"
A4_prov_2012-2025,A4_prov_2012-2025_min_c677_m0.2_r1.5_e0.8_s0_u0.0,"brecha=P-c(1+m)-S/e; clases 1-4,9",2021,2026,52,,,,,,,"clases={""1"": 15, ""2"": 1, ""3"": 0, ""4"": 34, ""9"": 2}"
A4_prov_2012-2025,A4_prov_2012-2025_min_c677_m0.2_r1.5_e0.8_s0_u0.1,"brecha=P-c(1+m)-S/e; clases 1-4,9",2021,2026,52,,,,,,,"clases={""1"": 15, ""2"": 1, ""3"": 0, ""4"": 34, ""9"": 2}"
A4_prov_2012-2025,A4_prov_2012-2025_min_c677_m0.2_r1.5_e0.8_s0_u0.25,"brecha=P-c(1+m)-S/e; clases 1-4,9",2021,2026,52,,,,,,,"clases={""1"": 15, ""2"": 1, ""3"": 0, ""4"": 34, ""9"": 2}"
A4_prov_2012-2025,A4_prov_2012-2025_min_c677_m0.2_r1.5_e0.8_s1_u0.0,"brecha=P-c(1+m)-S/e; clases 1-4,9",2021,2026,52,,,,,,,"clases={""1"": 15, ""2"": 1, ""3"": 0, ""4"": 34, ""9"": 2}"
A4_prov_2012-2025,A4_prov_2012-2025_min_c677_m0.2_r1.5_e0.8_s1_u0.1,"brecha=P-c(1+m)-S/e; clases 1-4,9",2021,2026,52,,,,,,,"clases={""1"": 15, ""2"": 1, ""3"": 0, ""4"": 34, ""9"": 2}"
A4_prov_2012-2025,A4_prov_2012-2025_min_c677_m0.2_r1.5_e0.8_s1_u0.25,"brecha=P-c(1+m)-S/e; clases 1-4,9",2021,2026,52,,,,,,,"clases={""1"": 15, ""2"": 1, ""3"": 0, ""4"": 34, ""9"": 2}"
A4_prov_2012-2025,A4_prov_2012-2025_min_c677_m0.2_r1.5_e1.2_s0_u0.0,"brecha=P-c(1+m)-S/e; clases 1-4,9",2021,2026,52,,,,,,,"clases={""1"": 15, ""2"": 1, ""3"": 0, ""4"": 34, ""9"": 2}"
A4_prov_2012-2025,A4_prov_2012-2025_min_c677_m0.2_r1.5_e1.2_s0_u0.1,"brecha=P-c(1+m)-S/e; clases 1-4,9",2021,2026,52,,,,,,,"clases={""1"": 15, ""2"": 1, ""3"": 0, ""4"": 34, ""9"": 2}"
A4_prov_2012-2025,A4_prov_2012-2025_min_c677_m0.2_r1.5_e1.2_s0_u0.25,"brecha=P-c(1+m)-S/e; clases 1-4,9",2021,2026,52,,,,,,,"clases={""1"": 15, ""2"": 1, ""3"": 0, ""4"": 34, ""9"": 2}"
A4_prov_2012-2025,A4_prov_2012-2025_min_c677_m0.2_r1.5_e1.2_s1_u0.0,"brecha=P-c(1+m)-S/e; clases 1-4,9",2021,2026,52,,,,,,,"clases={""1"": 15, ""2"": 1, ""3"": 0, ""4"": 34, ""9"": 2}"
A4_prov_2012-2025,A4_prov_2012-2025_min_c677_m0.2_r1.5_e1.2_s1_u0.1,"brecha=P-c(1+m)-S/e; clases 1-4,9",2021,2026,52,,,,,,,"clases={""1"": 15, ""2"": 1, ""3"": 0, ""4"": 34, ""9"": 2}"
A4_prov_2012-2025,A4_prov_2012-2025_min_c677_m0.2_r1.5_e1.2_s1_u0.25,"brecha=P-c(1+m)-S/e; clases 1-4,9",2021,2026,52,,,,,,,"clases={""1"": 15, ""2"": 1, ""3"": 0, ""4"": 34, ""9"": 2}"
A4_prov_2012-2025,A4_prov_2012-2025_min_c677_m0.2_r1.5_e1.6_s0_u0.0,"brecha=P-c(1+m)-S/e; clases 1-4,9",2021,2026,52,,,,,,,"clases={""1"": 15, ""2"": 1, ""3"": 0, ""4"": 34, ""9"": 2}"
A4_prov_2012-2025,A4_prov_2012-2025_min_c677_m0.2_r1.5_e1.6_s0_u0.1,"brecha=P-c(1+m)-S/e; clases 1-4,9",2021,2026,52,,,,,,,"clases={""1"": 15, ""2"": 1, ""3"": 0, ""4"": 34, ""9"": 2}"
A4_prov_2012-2025,A4_prov_2012-2025_min_c677_m0.2_r1.5_e1.6_s0_u0.25,"brecha=P-c(1+m)-S/e; clases 1-4,9",2021,2026,52,,,,,,,"clases={""1"": 15, ""2"": 1, ""3"": 0, ""4"": 34, ""9"": 2}"
A4_prov_2012-2025,A4_prov_2012-2025_min_c677_m0.2_r1.5_e1.6_s1_u0.0,"brecha=P-c(1+m)-S/e; clases 1-4,9",2021,2026,52,,,,,,,"clases={""1"": 15, ""2"": 1, ""3"": 0, ""4"": 34, ""9"": 2}"
A4_prov_2012-2025,A4_prov_2012-2025_min_c677_m0.2_r1.5_e1.6_s1_u0.1,"brecha=P-c(1+m)-S/e; clases 1-4,9",2021,2026,52,,,,,,,"clases={""1"": 15, ""2"": 1, ""3"": 0, ""4"": 34, ""9"": 2}"
A4_prov_2012-2025,A4_prov_2012-2025_min_c677_m0.2_r1.5_e1.6_s1_u0.25,"brecha=P-c(1+m)-S/e; clases 1-4,9",2021,2026,52,,,,,,,"clases={""1"": 15, ""2"": 1, ""3"": 0, ""4"": 34, ""9"": 2}"
A4_prov_2012-2025,A4_prov_2012-2025_min_c677_m0.25_r1.25_e0.8_s0_u0.0,"brecha=P-c(1+m)-S/e; clases 1-4,9",2021,2026,52,,,,,,,"clases={""1"": 15, ""2"": 1, ""3"": 0, ""4"": 34, ""9"": 2}"
A4_prov_2012-2025,A4_prov_2012-2025_min_c677_m0.25_r1.25_e0.8_s0_u0.1,"brecha=P-c(1+m)-S/e; clases 1-4,9",2021,2026,52,,,,,,,"clases={""1"": 15, ""2"": 1, ""3"": 0, ""4"": 34, ""9"": 2}"
A4_prov_2012-2025,A4_prov_2012-2025_min_c677_m0.25_r1.25_e0.8_s0_u0.25,"brecha=P-c(1+m)-S/e; clases 1-4,9",2021,2026,52,,,,,,,"clases={""1"": 15, ""2"": 1, ""3"": 0, ""4"": 34, ""9"": 2}"
A4_prov_2012-2025,A4_prov_2012-2025_min_c677_m0.25_r1.25_e0.8_s1_u0.0,"brecha=P-c(1+m)-S/e; clases 1-4,9",2021,2026,52,,,,,,,"clases={""1"": 15, ""2"": 1, ""3"": 0, ""4"": 34, ""9"": 2}"
A4_prov_2012-2025,A4_prov_2012-2025_min_c677_m0.25_r1.25_e0.8_s1_u0.1,"brecha=P-c(1+m)-S/e; clases 1-4,9",2021,2026,52,,,,,,,"clases={""1"": 15, ""2"": 1, ""3"": 0, ""4"": 34, ""9"": 2}"
A4_prov_2012-2025,A4_prov_2012-2025_min_c677_m0.25_r1.25_e0.8_s1_u0.25,"brecha=P-c(1+m)-S/e; clases 1-4,9",2021,2026,52,,,,,,,"clases={""1"": 15, ""2"": 1, ""3"": 0, ""4"": 34, ""9"": 2}"
A4_prov_2012-2025,A4_prov_2012-2025_min_c677_m0.25_r1.25_e1.2_s0_u0.0,"brecha=P-c(1+m)-S/e; clases 1-4,9",2021,2026,52,,,,,,,"clases={""1"": 15, ""2"": 1, ""3"": 0, ""4"": 34, ""9"": 2}"
A4_prov_2012-2025,A4_prov_2012-2025_min_c677_m0.25_r1.25_e1.2_s0_u0.1,"brecha=P-c(1+m)-S/e; clases 1-4,9",2021,2026,52,,,,,,,"clases={""1"": 15, ""2"": 1, ""3"": 0, ""4"": 34, ""9"": 2}"
A4_prov_2012-2025,A4_prov_2012-2025_min_c677_m0.25_r1.25_e1.2_s0_u0.25,"brecha=P-c(1+m)-S/e; clases 1-4,9",2021,2026,52,,,,,,,"clases={""1"": 15, ""2"": 1, ""3"": 0, ""4"": 34, ""9"": 2}"
A4_prov_2012-2025,A4_prov_2012-2025_min_c677_m0.25_r1.25_e1.2_s1_u0.0,"brecha=P-c(1+m)-S/e; clases 1-4,9",2021,2026,52,,,,,,,"clases={""1"": 15, ""2"": 1, ""3"": 0, ""4"": 34, ""9"": 2}"
A4_prov_2012-2025,A4_prov_2012-2025_min_c677_m0.25_r1.25_e1.2_s1_u0.1,"brecha=P-c(1+m)-S/e; clases 1-4,9",2021,2026,52,,,,,,,"clases={""1"": 15, ""2"": 1, ""3"": 0, ""4"": 34, ""9"": 2}"
A4_prov_2012-2025,A4_prov_2012-2025_min_c677_m0.25_r1.25_e1.2_s1_u0.25,"brecha=P-c(1+m)-S/e; clases 1-4,9",2021,2026,52,,,,,,,"clases={""1"": 15, ""2"": 1, ""3"": 0, ""4"": 34, ""9"": 2}"
A4_prov_2012-2025,A4_prov_2012-2025_min_c677_m0.25_r1.25_e1.6_s0_u0.0,"brecha=P-c(1+m)-S/e; clases 1-4,9",2021,2026,52,,,,,,,"clases={""1"": 15, ""2"": 1, ""3"": 0, ""4"": 34, ""9"": 2}"
A4_prov_2012-2025,A4_prov_2012-2025_min_c677_m0.25_r1.25_e1.6_s0_u0.1,"brecha=P-c(1+m)-S/e; clases 1-4,9",2021,2026,52,,,,,,,"clases={""1"": 15, ""2"": 1, ""3"": 0, ""4"": 34, ""9"": 2}"
A4_prov_2012-2025,A4_prov_2012-2025_min_c677_m0.25_r1.25_e1.6_s0_u0.25,"brecha=P-c(1+m)-S/e; clases 1-4,9",2021,2026,52,,,,,,,"clases={""1"": 15, ""2"": 1, ""3"": 0, ""4"": 34, ""9"": 2}"
A4_prov_2012-2025,A4_prov_2012-2025_min_c677_m0.25_r1.25_e1.6_s1_u0.0,"brecha=P-c(1+m)-S/e; clases 1-4,9",2021,2026,52,,,,,,,"clases={""1"": 15, ""2"": 1, ""3"": 0, ""4"": 34, ""9"": 2}"
A4_prov_2012-2025,A4_prov_2012-2025_min_c677_m0.25_r1.25_e1.6_s1_u0.1,"brecha=P-c(1+m)-S/e; clases 1-4,9",2021,2026,52,,,,,,,"clases={""1"": 15, ""2"": 1, ""3"": 0, ""4"": 34, ""9"": 2}"
A4_prov_2012-2025,A4_prov_2012-2025_min_c677_m0.25_r1.25_e1.6_s1_u0.25,"brecha=P-c(1+m)-S/e; clases 1-4,9",2021,2026,52,,,,,,,"clases={""1"": 15, ""2"": 1, ""3"": 0, ""4"": 34, ""9"": 2}"
A4_prov_2012-2025,A4_prov_2012-2025_min_c677_m0.25_r1.5_e0.8_s0_u0.0,"brecha=P-c(1+m)-S/e; clases 1-4,9",2021,2026,52,,,,,,,"clases={""1"": 15, ""2"": 1, ""3"": 0, ""4"": 34, ""9"": 2}"
A4_prov_2012-2025,A4_prov_2012-2025_min_c677_m0.25_r1.5_e0.8_s0_u0.1,"brecha=P-c(1+m)-S/e; clases 1-4,9",2021,2026,52,,,,,,,"clases={""1"": 15, ""2"": 1, ""3"": 0, ""4"": 34, ""9"": 2}"
A4_prov_2012-2025,A4_prov_2012-2025_min_c677_m0.25_r1.5_e0.8_s0_u0.25,"brecha=P-c(1+m)-S/e; clases 1-4,9",2021,2026,52,,,,,,,"clases={""1"": 15, ""2"": 1, ""3"": 0, ""4"": 34, ""9"": 2}"
A4_prov_2012-2025,A4_prov_2012-2025_min_c677_m0.25_r1.5_e0.8_s1_u0.0,"brecha=P-c(1+m)-S/e; clases 1-4,9",2021,2026,52,,,,,,,"clases={""1"": 15, ""2"": 1, ""3"": 0, ""4"": 34, ""9"": 2}"
A4_prov_2012-2025,A4_prov_2012-2025_min_c677_m0.25_r1.5_e0.8_s1_u0.1,"brecha=P-c(1+m)-S/e; clases 1-4,9",2021,2026,52,,,,,,,"clases={""1"": 15, ""2"": 1, ""3"": 0, ""4"": 34, ""9"": 2}"
A4_prov_2012-2025,A4_prov_2012-2025_min_c677_m0.25_r1.5_e0.8_s1_u0.25,"brecha=P-c(1+m)-S/e; clases 1-4,9",2021,2026,52,,,,,,,"clases={""1"": 15, ""2"": 1, ""3"": 0, ""4"": 34, ""9"": 2}"
A4_prov_2012-2025,A4_prov_2012-2025_min_c677_m0.25_r1.5_e1.2_s0_u0.0,"brecha=P-c(1+m)-S/e; clases 1-4,9",2021,2026,52,,,,,,,"clases={""1"": 15, ""2"": 1, ""3"": 0, ""4"": 34, ""9"": 2}"
A4_prov_2012-2025,A4_prov_2012-2025_min_c677_m0.25_r1.5_e1.2_s0_u0.1,"brecha=P-c(1+m)-S/e; clases 1-4,9",2021,2026,52,,,,,,,"clases={""1"": 15, ""2"": 1, ""3"": 0, ""4"": 34, ""9"": 2}"
A4_prov_2012-2025,A4_prov_2012-2025_min_c677_m0.25_r1.5_e1.2_s0_u0.25,"brecha=P-c(1+m)-S/e; clases 1-4,9",2021,2026,52,,,,,,,"clases={""1"": 15, ""2"": 1, ""3"": 0, ""4"": 34, ""9"": 2}"
A4_prov_2012-2025,A4_prov_2012-2025_min_c677_m0.25_r1.5_e1.2_s1_u0.0,"brecha=P-c(1+m)-S/e; clases 1-4,9",2021,2026,52,,,,,,,"clases={""1"": 15, ""2"": 1, ""3"": 0, ""4"": 34, ""9"": 2}"
A4_prov_2012-2025,A4_prov_2012-2025_min_c677_m0.25_r1.5_e1.2_s1_u0.1,"brecha=P-c(1+m)-S/e; clases 1-4,9",2021,2026,52,,,,,,,"clases={""1"": 15, ""2"": 1, ""3"": 0, ""4"": 34, ""9"": 2}"
A4_prov_2012-2025,A4_prov_2012-2025_min_c677_m0.25_r1.5_e1.2_s1_u0.25,"brecha=P-c(1+m)-S/e; clases 1-4,9",2021,2026,52,,,,,,,"clases={""1"": 15, ""2"": 1, ""3"": 0, ""4"": 34, ""9"": 2}"
A4_prov_2012-2025,A4_prov_2012-2025_min_c677_m0.25_r1.5_e1.6_s0_u0.0,"brecha=P-c(1+m)-S/e; clases 1-4,9",2021,2026,52,,,,,,,"clases={""1"": 15, ""2"": 1, ""3"": 0, ""4"": 34, ""9"": 2}"
A4_prov_2012-2025,A4_prov_2012-2025_min_c677_m0.25_r1.5_e1.6_s0_u0.1,"brecha=P-c(1+m)-S/e; clases 1-4,9",2021,2026,52,,,,,,,"clases={""1"": 15, ""2"": 1, ""3"": 0, ""4"": 34, ""9"": 2}"
A4_prov_2012-2025,A4_prov_2012-2025_min_c677_m0.25_r1.5_e1.6_s0_u0.25,"brecha=P-c(1+m)-S/e; clases 1-4,9",2021,2026,52,,,,,,,"clases={""1"": 15, ""2"": 1, ""3"": 0, ""4"": 34, ""9"": 2}"
A4_prov_2012-2025,A4_prov_2012-2025_min_c677_m0.25_r1.5_e1.6_s1_u0.0,"brecha=P-c(1+m)-S/e; clases 1-4,9",2021,2026,52,,,,,,,"clases={""1"": 15, ""2"": 1, ""3"": 0, ""4"": 34, ""9"": 2}"
A4_prov_2012-2025,A4_prov_2012-2025_min_c677_m0.25_r1.5_e1.6_s1_u0.1,"brecha=P-c(1+m)-S/e; clases 1-4,9",2021,2026,52,,,,,,,"clases={""1"": 15, ""2"": 1, ""3"": 0, ""4"": 34, ""9"": 2}"
A4_prov_2012-2025,A4_prov_2012-2025_min_c677_m0.25_r1.5_e1.6_s1_u0.25,"brecha=P-c(1+m)-S/e; clases 1-4,9",2021,2026,52,,,,,,,"clases={""1"": 15, ""2"": 1, ""3"": 0, ""4"": 34, ""9"": 2}"
A4_prov_2012-2025,A4_prov_2012-2025_min_c805_m0.15_r1.25_e0.8_s0_u0.0,"brecha=P-c(1+m)-S/e; clases 1-4,9",2021,2026,52,,,,,,,"clases={""1"": 15, ""2"": 1, ""3"": 0, ""4"": 34, ""9"": 2}"
A4_prov_2012-2025,A4_prov_2012-2025_min_c805_m0.15_r1.25_e0.8_s0_u0.1,"brecha=P-c(1+m)-S/e; clases 1-4,9",2021,2026,52,,,,,,,"clases={""1"": 15, ""2"": 1, ""3"": 0, ""4"": 34, ""9"": 2}"
A4_prov_2012-2025,A4_prov_2012-2025_min_c805_m0.15_r1.25_e0.8_s0_u0.25,"brecha=P-c(1+m)-S/e; clases 1-4,9",2021,2026,52,,,,,,,"clases={""1"": 15, ""2"": 1, ""3"": 0, ""4"": 34, ""9"": 2}"
A4_prov_2012-2025,A4_prov_2012-2025_min_c805_m0.15_r1.25_e0.8_s1_u0.0,"brecha=P-c(1+m)-S/e; clases 1-4,9",2021,2026,52,,,,,,,"clases={""1"": 15, ""2"": 1, ""3"": 0, ""4"": 34, ""9"": 2}"
A4_prov_2012-2025,A4_prov_2012-2025_min_c805_m0.15_r1.25_e0.8_s1_u0.1,"brecha=P-c(1+m)-S/e; clases 1-4,9",2021,2026,52,,,,,,,"clases={""1"": 15, ""2"": 1, ""3"": 0, ""4"": 34, ""9"": 2}"
A4_prov_2012-2025,A4_prov_2012-2025_min_c805_m0.15_r1.25_e0.8_s1_u0.25,"brecha=P-c(1+m)-S/e; clases 1-4,9",2021,2026,52,,,,,,,"clases={""1"": 15, ""2"": 1, ""3"": 0, ""4"": 34, ""9"": 2}"
A4_prov_2012-2025,A4_prov_2012-2025_min_c805_m0.15_r1.25_e1.2_s0_u0.0,"brecha=P-c(1+m)-S/e; clases 1-4,9",2021,2026,52,,,,,,,"clases={""1"": 15, ""2"": 1, ""3"": 0, ""4"": 34, ""9"": 2}"
A4_prov_2012-2025,A4_prov_2012-2025_min_c805_m0.15_r1.25_e1.2_s0_u0.1,"brecha=P-c(1+m)-S/e; clases 1-4,9",2021,2026,52,,,,,,,"clases={""1"": 15, ""2"": 1, ""3"": 0, ""4"": 34, ""9"": 2}"
A4_prov_2012-2025,A4_prov_2012-2025_min_c805_m0.15_r1.25_e1.2_s0_u0.25,"brecha=P-c(1+m)-S/e; clases 1-4,9",2021,2026,52,,,,,,,"clases={""1"": 15, ""2"": 1, ""3"": 0, ""4"": 34, ""9"": 2}"
A4_prov_2012-2025,A4_prov_2012-2025_min_c805_m0.15_r1.25_e1.2_s1_u0.0,"brecha=P-c(1+m)-S/e; clases 1-4,9",2021,2026,52,,,,,,,"clases={""1"": 15, ""2"": 1, ""3"": 0, ""4"": 34, ""9"": 2}"
A4_prov_2012-2025,A4_prov_2012-2025_min_c805_m0.15_r1.25_e1.2_s1_u0.1,"brecha=P-c(1+m)-S/e; clases 1-4,9",2021,2026,52,,,,,,,"clases={""1"": 15, ""2"": 1, ""3"": 0, ""4"": 34, ""9"": 2}"
A4_prov_2012-2025,A4_prov_2012-2025_min_c805_m0.15_r1.25_e1.2_s1_u0.25,"brecha=P-c(1+m)-S/e; clases 1-4,9",2021,2026,52,,,,,,,"clases={""1"": 15, ""2"": 1, ""3"": 0, ""4"": 34, ""9"": 2}"
A4_prov_2012-2025,A4_prov_2012-2025_min_c805_m0.15_r1.25_e1.6_s0_u0.0,"brecha=P-c(1+m)-S/e; clases 1-4,9",2021,2026,52,,,,,,,"clases={""1"": 15, ""2"": 1, ""3"": 0, ""4"": 34, ""9"": 2}"
A4_prov_2012-2025,A4_prov_2012-2025_min_c805_m0.15_r1.25_e1.6_s0_u0.1,"brecha=P-c(1+m)-S/e; clases 1-4,9",2021,2026,52,,,,,,,"clases={""1"": 15, ""2"": 1, ""3"": 0, ""4"": 34, ""9"": 2}"
A4_prov_2012-2025,A4_prov_2012-2025_min_c805_m0.15_r1.25_e1.6_s0_u0.25,"brecha=P-c(1+m)-S/e; clases 1-4,9",2021,2026,52,,,,,,,"clases={""1"": 15, ""2"": 1, ""3"": 0, ""4"": 34, ""9"": 2}"
A4_prov_2012-2025,A4_prov_2012-2025_min_c805_m0.15_r1.25_e1.6_s1_u0.0,"brecha=P-c(1+m)-S/e; clases 1-4,9",2021,2026,52,,,,,,,"clases={""1"": 15, ""2"": 1, ""3"": 0, ""4"": 34, ""9"": 2}"
A4_prov_2012-2025,A4_prov_2012-2025_min_c805_m0.15_r1.25_e1.6_s1_u0.1,"brecha=P-c(1+m)-S/e; clases 1-4,9",2021,2026,52,,,,,,,"clases={""1"": 15, ""2"": 1, ""3"": 0, ""4"": 34, ""9"": 2}"
A4_prov_2012-2025,A4_prov_2012-2025_min_c805_m0.15_r1.25_e1.6_s1_u0.25,"brecha=P-c(1+m)-S/e; clases 1-4,9",2021,2026,52,,,,,,,"clases={""1"": 15, ""2"": 1, ""3"": 0, ""4"": 34, ""9"": 2}"
A4_prov_2012-2025,A4_prov_2012-2025_min_c805_m0.15_r1.5_e0.8_s0_u0.0,"brecha=P-c(1+m)-S/e; clases 1-4,9",2021,2026,52,,,,,,,"clases={""1"": 15, ""2"": 1, ""3"": 0, ""4"": 34, ""9"": 2}"
A4_prov_2012-2025,A4_prov_2012-2025_min_c805_m0.15_r1.5_e0.8_s0_u0.1,"brecha=P-c(1+m)-S/e; clases 1-4,9",2021,2026,52,,,,,,,"clases={""1"": 15, ""2"": 1, ""3"": 0, ""4"": 34, ""9"": 2}"
A4_prov_2012-2025,A4_prov_2012-2025_min_c805_m0.15_r1.5_e0.8_s0_u0.25,"brecha=P-c(1+m)-S/e; clases 1-4,9",2021,2026,52,,,,,,,"clases={""1"": 15, ""2"": 1, ""3"": 0, ""4"": 34, ""9"": 2}"
A4_prov_2012-2025,A4_prov_2012-2025_min_c805_m0.15_r1.5_e0.8_s1_u0.0,"brecha=P-c(1+m)-S/e; clases 1-4,9",2021,2026,52,,,,,,,"clases={""1"": 15, ""2"": 1, ""3"": 0, ""4"": 34, ""9"": 2}"
A4_prov_2012-2025,A4_prov_2012-2025_min_c805_m0.15_r1.5_e0.8_s1_u0.1,"brecha=P-c(1+m)-S/e; clases 1-4,9",2021,2026,52,,,,,,,"clases={""1"": 15, ""2"": 1, ""3"": 0, ""4"": 34, ""9"": 2}"
A4_prov_2012-2025,A4_prov_2012-2025_min_c805_m0.15_r1.5_e0.8_s1_u0.25,"brecha=P-c(1+m)-S/e; clases 1-4,9",2021,2026,52,,,,,,,"clases={""1"": 15, ""2"": 1, ""3"": 0, ""4"": 34, ""9"": 2}"
A4_prov_2012-2025,A4_prov_2012-2025_min_c805_m0.15_r1.5_e1.2_s0_u0.0,"brecha=P-c(1+m)-S/e; clases 1-4,9",2021,2026,52,,,,,,,"clases={""1"": 15, ""2"": 1, ""3"": 0, ""4"": 34, ""9"": 2}"
A4_prov_2012-2025,A4_prov_2012-2025_min_c805_m0.15_r1.5_e1.2_s0_u0.1,"brecha=P-c(1+m)-S/e; clases 1-4,9",2021,2026,52,,,,,,,"clases={""1"": 15, ""2"": 1, ""3"": 0, ""4"": 34, ""9"": 2}"
A4_prov_2012-2025,A4_prov_2012-2025_min_c805_m0.15_r1.5_e1.2_s0_u0.25,"brecha=P-c(1+m)-S/e; clases 1-4,9",2021,2026,52,,,,,,,"clases={""1"": 15, ""2"": 1, ""3"": 0, ""4"": 34, ""9"": 2}"
A4_prov_2012-2025,A4_prov_2012-2025_min_c805_m0.15_r1.5_e1.2_s1_u0.0,"brecha=P-c(1+m)-S/e; clases 1-4,9",2021,2026,52,,,,,,,"clases={""1"": 15, ""2"": 1, ""3"": 0, ""4"": 34, ""9"": 2}"
A4_prov_2012-2025,A4_prov_2012-2025_min_c805_m0.15_r1.5_e1.2_s1_u0.1,"brecha=P-c(1+m)-S/e; clases 1-4,9",2021,2026,52,,,,,,,"clases={""1"": 15, ""2"": 1, ""3"": 0, ""4"": 34, ""9"": 2}"
A4_prov_2012-2025,A4_prov_2012-2025_min_c805_m0.15_r1.5_e1.2_s1_u0.25,"brecha=P-c(1+m)-S/e; clases 1-4,9",2021,2026,52,,,,,,,"clases={""1"": 15, ""2"": 1, ""3"": 0, ""4"": 34, ""9"": 2}"
A4_prov_2012-2025,A4_prov_2012-2025_min_c805_m0.15_r1.5_e1.6_s0_u0.0,"brecha=P-c(1+m)-S/e; clases 1-4,9",2021,2026,52,,,,,,,"clases={""1"": 15, ""2"": 1, ""3"": 0, ""4"": 34, ""9"": 2}"
A4_prov_2012-2025,A4_prov_2012-2025_min_c805_m0.15_r1.5_e1.6_s0_u0.1,"brecha=P-c(1+m)-S/e; clases 1-4,9",2021,2026,52,,,,,,,"clases={""1"": 15, ""2"": 1, ""3"": 0, ""4"": 34, ""9"": 2}"
A4_prov_2012-2025,A4_prov_2012-2025_min_c805_m0.15_r1.5_e1.6_s0_u0.25,"brecha=P-c(1+m)-S/e; clases 1-4,9",2021,2026,52,,,,,,,"clases={""1"": 15, ""2"": 1, ""3"": 0, ""4"": 34, ""9"": 2}"
A4_prov_2012-2025,A4_prov_2012-2025_min_c805_m0.15_r1.5_e1.6_s1_u0.0,"brecha=P-c(1+m)-S/e; clases 1-4,9",2021,2026,52,,,,,,,"clases={""1"": 15, ""2"": 1, ""3"": 0, ""4"": 34, ""9"": 2}"
A4_prov_2012-2025,A4_prov_2012-2025_min_c805_m0.15_r1.5_e1.6_s1_u0.1,"brecha=P-c(1+m)-S/e; clases 1-4,9",2021,2026,52,,,,,,,"clases={""1"": 15, ""2"": 1, ""3"": 0, ""4"": 34, ""9"": 2}"
A4_prov_2012-2025,A4_prov_2012-2025_min_c805_m0.15_r1.5_e1.6_s1_u0.25,"brecha=P-c(1+m)-S/e; clases 1-4,9",2021,2026,52,,,,,,,"clases={""1"": 15, ""2"": 1, ""3"": 0, ""4"": 34, ""9"": 2}"
A4_prov_2012-2025,A4_prov_2012-2025_min_c805_m0.2_r1.25_e0.8_s0_u0.0,"brecha=P-c(1+m)-S/e; clases 1-4,9",2021,2026,52,,,,,,,"clases={""1"": 15, ""2"": 1, ""3"": 0, ""4"": 34, ""9"": 2}"
A4_prov_2012-2025,A4_prov_2012-2025_min_c805_m0.2_r1.25_e0.8_s0_u0.1,"brecha=P-c(1+m)-S/e; clases 1-4,9",2021,2026,52,,,,,,,"clases={""1"": 15, ""2"": 1, ""3"": 0, ""4"": 34, ""9"": 2}"
A4_prov_2012-2025,A4_prov_2012-2025_min_c805_m0.2_r1.25_e0.8_s0_u0.25,"brecha=P-c(1+m)-S/e; clases 1-4,9",2021,2026,52,,,,,,,"clases={""1"": 15, ""2"": 1, ""3"": 0, ""4"": 34, ""9"": 2}"
A4_prov_2012-2025,A4_prov_2012-2025_min_c805_m0.2_r1.25_e0.8_s1_u0.0,"brecha=P-c(1+m)-S/e; clases 1-4,9",2021,2026,52,,,,,,,"clases={""1"": 15, ""2"": 1, ""3"": 0, ""4"": 34, ""9"": 2}"
A4_prov_2012-2025,A4_prov_2012-2025_min_c805_m0.2_r1.25_e0.8_s1_u0.1,"brecha=P-c(1+m)-S/e; clases 1-4,9",2021,2026,52,,,,,,,"clases={""1"": 15, ""2"": 1, ""3"": 0, ""4"": 34, ""9"": 2}"
A4_prov_2012-2025,A4_prov_2012-2025_min_c805_m0.2_r1.25_e0.8_s1_u0.25,"brecha=P-c(1+m)-S/e; clases 1-4,9",2021,2026,52,,,,,,,"clases={""1"": 15, ""2"": 1, ""3"": 0, ""4"": 34, ""9"": 2}"
A4_prov_2012-2025,A4_prov_2012-2025_min_c805_m0.2_r1.25_e1.2_s0_u0.0,"brecha=P-c(1+m)-S/e; clases 1-4,9",2021,2026,52,,,,,,,"clases={""1"": 15, ""2"": 1, ""3"": 0, ""4"": 34, ""9"": 2}"
A4_prov_2012-2025,A4_prov_2012-2025_min_c805_m0.2_r1.25_e1.2_s0_u0.1,"brecha=P-c(1+m)-S/e; clases 1-4,9",2021,2026,52,,,,,,,"clases={""1"": 15, ""2"": 1, ""3"": 0, ""4"": 34, ""9"": 2}"
A4_prov_2012-2025,A4_prov_2012-2025_min_c805_m0.2_r1.25_e1.2_s0_u0.25,"brecha=P-c(1+m)-S/e; clases 1-4,9",2021,2026,52,,,,,,,"clases={""1"": 15, ""2"": 1, ""3"": 0, ""4"": 34, ""9"": 2}"
A4_prov_2012-2025,A4_prov_2012-2025_min_c805_m0.2_r1.25_e1.2_s1_u0.0,"brecha=P-c(1+m)-S/e; clases 1-4,9",2021,2026,52,,,,,,,"clases={""1"": 15, ""2"": 1, ""3"": 0, ""4"": 34, ""9"": 2}"
A4_prov_2012-2025,A4_prov_2012-2025_min_c805_m0.2_r1.25_e1.2_s1_u0.1,"brecha=P-c(1+m)-S/e; clases 1-4,9",2021,2026,52,,,,,,,"clases={""1"": 15, ""2"": 1, ""3"": 0, ""4"": 34, ""9"": 2}"
A4_prov_2012-2025,A4_prov_2012-2025_min_c805_m0.2_r1.25_e1.2_s1_u0.25,"brecha=P-c(1+m)-S/e; clases 1-4,9",2021,2026,52,,,,,,,"clases={""1"": 15, ""2"": 1, ""3"": 0, ""4"": 34, ""9"": 2}"
A4_prov_2012-2025,A4_prov_2012-2025_min_c805_m0.2_r1.25_e1.6_s0_u0.0,"brecha=P-c(1+m)-S/e; clases 1-4,9",2021,2026,52,,,,,,,"clases={""1"": 15, ""2"": 1, ""3"": 0, ""4"": 34, ""9"": 2}"
A4_prov_2012-2025,A4_prov_2012-2025_min_c805_m0.2_r1.25_e1.6_s0_u0.1,"brecha=P-c(1+m)-S/e; clases 1-4,9",2021,2026,52,,,,,,,"clases={""1"": 15, ""2"": 1, ""3"": 0, ""4"": 34, ""9"": 2}"
A4_prov_2012-2025,A4_prov_2012-2025_min_c805_m0.2_r1.25_e1.6_s0_u0.25,"brecha=P-c(1+m)-S/e; clases 1-4,9",2021,2026,52,,,,,,,"clases={""1"": 15, ""2"": 1, ""3"": 0, ""4"": 34, ""9"": 2}"
A4_prov_2012-2025,A4_prov_2012-2025_min_c805_m0.2_r1.25_e1.6_s1_u0.0,"brecha=P-c(1+m)-S/e; clases 1-4,9",2021,2026,52,,,,,,,"clases={""1"": 15, ""2"": 1, ""3"": 0, ""4"": 34, ""9"": 2}"
A4_prov_2012-2025,A4_prov_2012-2025_min_c805_m0.2_r1.25_e1.6_s1_u0.1,"brecha=P-c(1+m)-S/e; clases 1-4,9",2021,2026,52,,,,,,,"clases={""1"": 15, ""2"": 1, ""3"": 0, ""4"": 34, ""9"": 2}"
A4_prov_2012-2025,A4_prov_2012-2025_min_c805_m0.2_r1.25_e1.6_s1_u0.25,"brecha=P-c(1+m)-S/e; clases 1-4,9",2021,2026,52,,,,,,,"clases={""1"": 15, ""2"": 1, ""3"": 0, ""4"": 34, ""9"": 2}"
A4_prov_2012-2025,A4_prov_2012-2025_min_c805_m0.2_r1.5_e0.8_s0_u0.0,"brecha=P-c(1+m)-S/e; clases 1-4,9",2021,2026,52,,,,,,,"clases={""1"": 15, ""2"": 1, ""3"": 0, ""4"": 34, ""9"": 2}"
A4_prov_2012-2025,A4_prov_2012-2025_min_c805_m0.2_r1.5_e0.8_s0_u0.1,"brecha=P-c(1+m)-S/e; clases 1-4,9",2021,2026,52,,,,,,,"clases={""1"": 15, ""2"": 1, ""3"": 0, ""4"": 34, ""9"": 2}"
A4_prov_2012-2025,A4_prov_2012-2025_min_c805_m0.2_r1.5_e0.8_s0_u0.25,"brecha=P-c(1+m)-S/e; clases 1-4,9",2021,2026,52,,,,,,,"clases={""1"": 15, ""2"": 1, ""3"": 0, ""4"": 34, ""9"": 2}"
A4_prov_2012-2025,A4_prov_2012-2025_min_c805_m0.2_r1.5_e0.8_s1_u0.0,"brecha=P-c(1+m)-S/e; clases 1-4,9",2021,2026,52,,,,,,,"clases={""1"": 15, ""2"": 1, ""3"": 0, ""4"": 34, ""9"": 2}"
A4_prov_2012-2025,A4_prov_2012-2025_min_c805_m0.2_r1.5_e0.8_s1_u0.1,"brecha=P-c(1+m)-S/e; clases 1-4,9",2021,2026,52,,,,,,,"clases={""1"": 15, ""2"": 1, ""3"": 0, ""4"": 34, ""9"": 2}"
A4_prov_2012-2025,A4_prov_2012-2025_min_c805_m0.2_r1.5_e0.8_s1_u0.25,"brecha=P-c(1+m)-S/e; clases 1-4,9",2021,2026,52,,,,,,,"clases={""1"": 15, ""2"": 1, ""3"": 0, ""4"": 34, ""9"": 2}"
A4_prov_2012-2025,A4_prov_2012-2025_min_c805_m0.2_r1.5_e1.2_s0_u0.0,"brecha=P-c(1+m)-S/e; clases 1-4,9",2021,2026,52,,,,,,,"clases={""1"": 15, ""2"": 1, ""3"": 0, ""4"": 34, ""9"": 2}"
A4_prov_2012-2025,A4_prov_2012-2025_min_c805_m0.2_r1.5_e1.2_s0_u0.1,"brecha=P-c(1+m)-S/e; clases 1-4,9",2021,2026,52,,,,,,,"clases={""1"": 15, ""2"": 1, ""3"": 0, ""4"": 34, ""9"": 2}"
A4_prov_2012-2025,A4_prov_2012-2025_min_c805_m0.2_r1.5_e1.2_s0_u0.25,"brecha=P-c(1+m)-S/e; clases 1-4,9",2021,2026,52,,,,,,,"clases={""1"": 15, ""2"": 1, ""3"": 0, ""4"": 34, ""9"": 2}"
A4_prov_2012-2025,A4_prov_2012-2025_min_c805_m0.2_r1.5_e1.2_s1_u0.0,"brecha=P-c(1+m)-S/e; clases 1-4,9",2021,2026,52,,,,,,,"clases={""1"": 15, ""2"": 1, ""3"": 0, ""4"": 34, ""9"": 2}"
A4_prov_2012-2025,A4_prov_2012-2025_min_c805_m0.2_r1.5_e1.2_s1_u0.1,"brecha=P-c(1+m)-S/e; clases 1-4,9",2021,2026,52,,,,,,,"clases={""1"": 15, ""2"": 1, ""3"": 0, ""4"": 34, ""9"": 2}"
A4_prov_2012-2025,A4_prov_2012-2025_min_c805_m0.2_r1.5_e1.2_s1_u0.25,"brecha=P-c(1+m)-S/e; clases 1-4,9",2021,2026,52,,,,,,,"clases={""1"": 15, ""2"": 1, ""3"": 0, ""4"": 34, ""9"": 2}"
A4_prov_2012-2025,A4_prov_2012-2025_min_c805_m0.2_r1.5_e1.6_s0_u0.0,"brecha=P-c(1+m)-S/e; clases 1-4,9",2021,2026,52,,,,,,,"clases={""1"": 15, ""2"": 1, ""3"": 0, ""4"": 34, ""9"": 2}"
A4_prov_2012-2025,A4_prov_2012-2025_min_c805_m0.2_r1.5_e1.6_s0_u0.1,"brecha=P-c(1+m)-S/e; clases 1-4,9",2021,2026,52,,,,,,,"clases={""1"": 15, ""2"": 1, ""3"": 0, ""4"": 34, ""9"": 2}"
A4_prov_2012-2025,A4_prov_2012-2025_min_c805_m0.2_r1.5_e1.6_s0_u0.25,"brecha=P-c(1+m)-S/e; clases 1-4,9",2021,2026,52,,,,,,,"clases={""1"": 15, ""2"": 1, ""3"": 0, ""4"": 34, ""9"": 2}"
A4_prov_2012-2025,A4_prov_2012-2025_min_c805_m0.2_r1.5_e1.6_s1_u0.0,"brecha=P-c(1+m)-S/e; clases 1-4,9",2021,2026,52,,,,,,,"clases={""1"": 15, ""2"": 1, ""3"": 0, ""4"": 34, ""9"": 2}"
A4_prov_2012-2025,A4_prov_2012-2025_min_c805_m0.2_r1.5_e1.6_s1_u0.1,"brecha=P-c(1+m)-S/e; clases 1-4,9",2021,2026,52,,,,,,,"clases={""1"": 15, ""2"": 1, ""3"": 0, ""4"": 34, ""9"": 2}"
A4_prov_2012-2025,A4_prov_2012-2025_min_c805_m0.2_r1.5_e1.6_s1_u0.25,"brecha=P-c(1+m)-S/e; clases 1-4,9",2021,2026,52,,,,,,,"clases={""1"": 15, ""2"": 1, ""3"": 0, ""4"": 34, ""9"": 2}"
A4_prov_2012-2025,A4_prov_2012-2025_min_c805_m0.25_r1.25_e0.8_s0_u0.0,"brecha=P-c(1+m)-S/e; clases 1-4,9",2021,2026,52,,,,,,,"clases={""1"": 15, ""2"": 1, ""3"": 0, ""4"": 34, ""9"": 2}"
A4_prov_2012-2025,A4_prov_2012-2025_min_c805_m0.25_r1.25_e0.8_s0_u0.1,"brecha=P-c(1+m)-S/e; clases 1-4,9",2021,2026,52,,,,,,,"clases={""1"": 15, ""2"": 1, ""3"": 0, ""4"": 34, ""9"": 2}"
A4_prov_2012-2025,A4_prov_2012-2025_min_c805_m0.25_r1.25_e0.8_s0_u0.25,"brecha=P-c(1+m)-S/e; clases 1-4,9",2021,2026,52,,,,,,,"clases={""1"": 15, ""2"": 1, ""3"": 0, ""4"": 34, ""9"": 2}"
A4_prov_2012-2025,A4_prov_2012-2025_min_c805_m0.25_r1.25_e0.8_s1_u0.0,"brecha=P-c(1+m)-S/e; clases 1-4,9",2021,2026,52,,,,,,,"clases={""1"": 15, ""2"": 1, ""3"": 0, ""4"": 34, ""9"": 2}"
A4_prov_2012-2025,A4_prov_2012-2025_min_c805_m0.25_r1.25_e0.8_s1_u0.1,"brecha=P-c(1+m)-S/e; clases 1-4,9",2021,2026,52,,,,,,,"clases={""1"": 15, ""2"": 1, ""3"": 0, ""4"": 34, ""9"": 2}"
A4_prov_2012-2025,A4_prov_2012-2025_min_c805_m0.25_r1.25_e0.8_s1_u0.25,"brecha=P-c(1+m)-S/e; clases 1-4,9",2021,2026,52,,,,,,,"clases={""1"": 15, ""2"": 1, ""3"": 0, ""4"": 34, ""9"": 2}"
A4_prov_2012-2025,A4_prov_2012-2025_min_c805_m0.25_r1.25_e1.2_s0_u0.0,"brecha=P-c(1+m)-S/e; clases 1-4,9",2021,2026,52,,,,,,,"clases={""1"": 15, ""2"": 1, ""3"": 0, ""4"": 34, ""9"": 2}"
A4_prov_2012-2025,A4_prov_2012-2025_min_c805_m0.25_r1.25_e1.2_s0_u0.1,"brecha=P-c(1+m)-S/e; clases 1-4,9",2021,2026,52,,,,,,,"clases={""1"": 15, ""2"": 1, ""3"": 0, ""4"": 34, ""9"": 2}"
A4_prov_2012-2025,A4_prov_2012-2025_min_c805_m0.25_r1.25_e1.2_s0_u0.25,"brecha=P-c(1+m)-S/e; clases 1-4,9",2021,2026,52,,,,,,,"clases={""1"": 15, ""2"": 1, ""3"": 0, ""4"": 34, ""9"": 2}"
A4_prov_2012-2025,A4_prov_2012-2025_min_c805_m0.25_r1.25_e1.2_s1_u0.0,"brecha=P-c(1+m)-S/e; clases 1-4,9",2021,2026,52,,,,,,,"clases={""1"": 15, ""2"": 1, ""3"": 0, ""4"": 34, ""9"": 2}"
A4_prov_2012-2025,A4_prov_2012-2025_min_c805_m0.25_r1.25_e1.2_s1_u0.1,"brecha=P-c(1+m)-S/e; clases 1-4,9",2021,2026,52,,,,,,,"clases={""1"": 15, ""2"": 1, ""3"": 0, ""4"": 34, ""9"": 2}"
A4_prov_2012-2025,A4_prov_2012-2025_min_c805_m0.25_r1.25_e1.2_s1_u0.25,"brecha=P-c(1+m)-S/e; clases 1-4,9",2021,2026,52,,,,,,,"clases={""1"": 15, ""2"": 1, ""3"": 0, ""4"": 34, ""9"": 2}"
A4_prov_2012-2025,A4_prov_2012-2025_min_c805_m0.25_r1.25_e1.6_s0_u0.0,"brecha=P-c(1+m)-S/e; clases 1-4,9",2021,2026,52,,,,,,,"clases={""1"": 15, ""2"": 1, ""3"": 0, ""4"": 34, ""9"": 2}"
A4_prov_2012-2025,A4_prov_2012-2025_min_c805_m0.25_r1.25_e1.6_s0_u0.1,"brecha=P-c(1+m)-S/e; clases 1-4,9",2021,2026,52,,,,,,,"clases={""1"": 15, ""2"": 1, ""3"": 0, ""4"": 34, ""9"": 2}"
A4_prov_2012-2025,A4_prov_2012-2025_min_c805_m0.25_r1.25_e1.6_s0_u0.25,"brecha=P-c(1+m)-S/e; clases 1-4,9",2021,2026,52,,,,,,,"clases={""1"": 15, ""2"": 1, ""3"": 0, ""4"": 34, ""9"": 2}"
A4_prov_2012-2025,A4_prov_2012-2025_min_c805_m0.25_r1.25_e1.6_s1_u0.0,"brecha=P-c(1+m)-S/e; clases 1-4,9",2021,2026,52,,,,,,,"clases={""1"": 15, ""2"": 1, ""3"": 0, ""4"": 34, ""9"": 2}"
A4_prov_2012-2025,A4_prov_2012-2025_min_c805_m0.25_r1.25_e1.6_s1_u0.1,"brecha=P-c(1+m)-S/e; clases 1-4,9",2021,2026,52,,,,,,,"clases={""1"": 15, ""2"": 1, ""3"": 0, ""4"": 34, ""9"": 2}"
A4_prov_2012-2025,A4_prov_2012-2025_min_c805_m0.25_r1.25_e1.6_s1_u0.25,"brecha=P-c(1+m)-S/e; clases 1-4,9",2021,2026,52,,,,,,,"clases={""1"": 15, ""2"": 1, ""3"": 0, ""4"": 34, ""9"": 2}"
A4_prov_2012-2025,A4_prov_2012-2025_min_c805_m0.25_r1.5_e0.8_s0_u0.0,"brecha=P-c(1+m)-S/e; clases 1-4,9",2021,2026,52,,,,,,,"clases={""1"": 15, ""2"": 1, ""3"": 0, ""4"": 34, ""9"": 2}"
A4_prov_2012-2025,A4_prov_2012-2025_min_c805_m0.25_r1.5_e0.8_s0_u0.1,"brecha=P-c(1+m)-S/e; clases 1-4,9",2021,2026,52,,,,,,,"clases={""1"": 15, ""2"": 1, ""3"": 0, ""4"": 34, ""9"": 2}"
A4_prov_2012-2025,A4_prov_2012-2025_min_c805_m0.25_r1.5_e0.8_s0_u0.25,"brecha=P-c(1+m)-S/e; clases 1-4,9",2021,2026,52,,,,,,,"clases={""1"": 15, ""2"": 1, ""3"": 0, ""4"": 34, ""9"": 2}"
A4_prov_2012-2025,A4_prov_2012-2025_min_c805_m0.25_r1.5_e0.8_s1_u0.0,"brecha=P-c(1+m)-S/e; clases 1-4,9",2021,2026,52,,,,,,,"clases={""1"": 15, ""2"": 1, ""3"": 0, ""4"": 34, ""9"": 2}"
A4_prov_2012-2025,A4_prov_2012-2025_min_c805_m0.25_r1.5_e0.8_s1_u0.1,"brecha=P-c(1+m)-S/e; clases 1-4,9",2021,2026,52,,,,,,,"clases={""1"": 15, ""2"": 1, ""3"": 0, ""4"": 34, ""9"": 2}"
A4_prov_2012-2025,A4_prov_2012-2025_min_c805_m0.25_r1.5_e0.8_s1_u0.25,"brecha=P-c(1+m)-S/e; clases 1-4,9",2021,2026,52,,,,,,,"clases={""1"": 15, ""2"": 1, ""3"": 0, ""4"": 34, ""9"": 2}"
A4_prov_2012-2025,A4_prov_2012-2025_min_c805_m0.25_r1.5_e1.2_s0_u0.0,"brecha=P-c(1+m)-S/e; clases 1-4,9",2021,2026,52,,,,,,,"clases={""1"": 15, ""2"": 1, ""3"": 0, ""4"": 34, ""9"": 2}"
A4_prov_2012-2025,A4_prov_2012-2025_min_c805_m0.25_r1.5_e1.2_s0_u0.1,"brecha=P-c(1+m)-S/e; clases 1-4,9",2021,2026,52,,,,,,,"clases={""1"": 15, ""2"": 1, ""3"": 0, ""4"": 34, ""9"": 2}"
A4_prov_2012-2025,A4_prov_2012-2025_min_c805_m0.25_r1.5_e1.2_s0_u0.25,"brecha=P-c(1+m)-S/e; clases 1-4,9",2021,2026,52,,,,,,,"clases={""1"": 15, ""2"": 1, ""3"": 0, ""4"": 34, ""9"": 2}"
A4_prov_2012-2025,A4_prov_2012-2025_min_c805_m0.25_r1.5_e1.2_s1_u0.0,"brecha=P-c(1+m)-S/e; clases 1-4,9",2021,2026,52,,,,,,,"clases={""1"": 15, ""2"": 1, ""3"": 0, ""4"": 34, ""9"": 2}"
A4_prov_2012-2025,A4_prov_2012-2025_min_c805_m0.25_r1.5_e1.2_s1_u0.1,"brecha=P-c(1+m)-S/e; clases 1-4,9",2021,2026,52,,,,,,,"clases={""1"": 15, ""2"": 1, ""3"": 0, ""4"": 34, ""9"": 2}"
A4_prov_2012-2025,A4_prov_2012-2025_min_c805_m0.25_r1.5_e1.2_s1_u0.25,"brecha=P-c(1+m)-S/e; clases 1-4,9",2021,2026,52,,,,,,,"clases={""1"": 15, ""2"": 1, ""3"": 0, ""4"": 34, ""9"": 2}"
A4_prov_2012-2025,A4_prov_2012-2025_min_c805_m0.25_r1.5_e1.6_s0_u0.0,"brecha=P-c(1+m)-S/e; clases 1-4,9",2021,2026,52,,,,,,,"clases={""1"": 15, ""2"": 1, ""3"": 0, ""4"": 34, ""9"": 2}"
A4_prov_2012-2025,A4_prov_2012-2025_min_c805_m0.25_r1.5_e1.6_s0_u0.1,"brecha=P-c(1+m)-S/e; clases 1-4,9",2021,2026,52,,,,,,,"clases={""1"": 15, ""2"": 1, ""3"": 0, ""4"": 34, ""9"": 2}"
A4_prov_2012-2025,A4_prov_2012-2025_min_c805_m0.25_r1.5_e1.6_s0_u0.25,"brecha=P-c(1+m)-S/e; clases 1-4,9",2021,2026,52,,,,,,,"clases={""1"": 15, ""2"": 1, ""3"": 0, ""4"": 34, ""9"": 2}"
A4_prov_2012-2025,A4_prov_2012-2025_min_c805_m0.25_r1.5_e1.6_s1_u0.0,"brecha=P-c(1+m)-S/e; clases 1-4,9",2021,2026,52,,,,,,,"clases={""1"": 15, ""2"": 1, ""3"": 0, ""4"": 34, ""9"": 2}"
A4_prov_2012-2025,A4_prov_2012-2025_min_c805_m0.25_r1.5_e1.6_s1_u0.1,"brecha=P-c(1+m)-S/e; clases 1-4,9",2021,2026,52,,,,,,,"clases={""1"": 15, ""2"": 1, ""3"": 0, ""4"": 34, ""9"": 2}"
A4_prov_2012-2025,A4_prov_2012-2025_min_c805_m0.25_r1.5_e1.6_s1_u0.25,"brecha=P-c(1+m)-S/e; clases 1-4,9",2021,2026,52,,,,,,,"clases={""1"": 15, ""2"": 1, ""3"": 0, ""4"": 34, ""9"": 2}"
A4_prov_2012-2025,A4_prov_2012-2025_min_c932_m0.15_r1.25_e0.8_s0_u0.0,"brecha=P-c(1+m)-S/e; clases 1-4,9",2021,2026,52,,,,,,,"clases={""1"": 13, ""2"": 1, ""3"": 2, ""4"": 34, ""9"": 2}"
A4_prov_2012-2025,A4_prov_2012-2025_min_c932_m0.15_r1.25_e0.8_s0_u0.1,"brecha=P-c(1+m)-S/e; clases 1-4,9",2021,2026,52,,,,,,,"clases={""1"": 13, ""2"": 1, ""3"": 2, ""4"": 34, ""9"": 2}"
A4_prov_2012-2025,A4_prov_2012-2025_min_c932_m0.15_r1.25_e0.8_s0_u0.25,"brecha=P-c(1+m)-S/e; clases 1-4,9",2021,2026,52,,,,,,,"clases={""1"": 13, ""2"": 1, ""3"": 2, ""4"": 34, ""9"": 2}"
A4_prov_2012-2025,A4_prov_2012-2025_min_c932_m0.15_r1.25_e0.8_s1_u0.0,"brecha=P-c(1+m)-S/e; clases 1-4,9",2021,2026,52,,,,,,,"clases={""1"": 13, ""2"": 1, ""3"": 2, ""4"": 34, ""9"": 2}"
A4_prov_2012-2025,A4_prov_2012-2025_min_c932_m0.15_r1.25_e0.8_s1_u0.1,"brecha=P-c(1+m)-S/e; clases 1-4,9",2021,2026,52,,,,,,,"clases={""1"": 13, ""2"": 1, ""3"": 2, ""4"": 34, ""9"": 2}"
A4_prov_2012-2025,A4_prov_2012-2025_min_c932_m0.15_r1.25_e0.8_s1_u0.25,"brecha=P-c(1+m)-S/e; clases 1-4,9",2021,2026,52,,,,,,,"clases={""1"": 13, ""2"": 1, ""3"": 2, ""4"": 34, ""9"": 2}"
A4_prov_2012-2025,A4_prov_2012-2025_min_c932_m0.15_r1.25_e1.2_s0_u0.0,"brecha=P-c(1+m)-S/e; clases 1-4,9",2021,2026,52,,,,,,,"clases={""1"": 15, ""2"": 1, ""3"": 0, ""4"": 34, ""9"": 2}"
A4_prov_2012-2025,A4_prov_2012-2025_min_c932_m0.15_r1.25_e1.2_s0_u0.1,"brecha=P-c(1+m)-S/e; clases 1-4,9",2021,2026,52,,,,,,,"clases={""1"": 15, ""2"": 1, ""3"": 0, ""4"": 34, ""9"": 2}"
A4_prov_2012-2025,A4_prov_2012-2025_min_c932_m0.15_r1.25_e1.2_s0_u0.25,"brecha=P-c(1+m)-S/e; clases 1-4,9",2021,2026,52,,,,,,,"clases={""1"": 15, ""2"": 1, ""3"": 0, ""4"": 34, ""9"": 2}"
A4_prov_2012-2025,A4_prov_2012-2025_min_c932_m0.15_r1.25_e1.2_s1_u0.0,"brecha=P-c(1+m)-S/e; clases 1-4,9",2021,2026,52,,,,,,,"clases={""1"": 14, ""2"": 1, ""3"": 1, ""4"": 34, ""9"": 2}"
A4_prov_2012-2025,A4_prov_2012-2025_min_c932_m0.15_r1.25_e1.2_s1_u0.1,"brecha=P-c(1+m)-S/e; clases 1-4,9",2021,2026,52,,,,,,,"clases={""1"": 14, ""2"": 1, ""3"": 1, ""4"": 34, ""9"": 2}"
A4_prov_2012-2025,A4_prov_2012-2025_min_c932_m0.15_r1.25_e1.2_s1_u0.25,"brecha=P-c(1+m)-S/e; clases 1-4,9",2021,2026,52,,,,,,,"clases={""1"": 14, ""2"": 1, ""3"": 1, ""4"": 34, ""9"": 2}"
A4_prov_2012-2025,A4_prov_2012-2025_min_c932_m0.15_r1.25_e1.6_s0_u0.0,"brecha=P-c(1+m)-S/e; clases 1-4,9",2021,2026,52,,,,,,,"clases={""1"": 15, ""2"": 1, ""3"": 0, ""4"": 34, ""9"": 2}"
A4_prov_2012-2025,A4_prov_2012-2025_min_c932_m0.15_r1.25_e1.6_s0_u0.1,"brecha=P-c(1+m)-S/e; clases 1-4,9",2021,2026,52,,,,,,,"clases={""1"": 15, ""2"": 1, ""3"": 0, ""4"": 34, ""9"": 2}"
A4_prov_2012-2025,A4_prov_2012-2025_min_c932_m0.15_r1.25_e1.6_s0_u0.25,"brecha=P-c(1+m)-S/e; clases 1-4,9",2021,2026,52,,,,,,,"clases={""1"": 15, ""2"": 1, ""3"": 0, ""4"": 34, ""9"": 2}"
A4_prov_2012-2025,A4_prov_2012-2025_min_c932_m0.15_r1.25_e1.6_s1_u0.0,"brecha=P-c(1+m)-S/e; clases 1-4,9",2021,2026,52,,,,,,,"clases={""1"": 15, ""2"": 1, ""3"": 0, ""4"": 34, ""9"": 2}"
A4_prov_2012-2025,A4_prov_2012-2025_min_c932_m0.15_r1.25_e1.6_s1_u0.1,"brecha=P-c(1+m)-S/e; clases 1-4,9",2021,2026,52,,,,,,,"clases={""1"": 15, ""2"": 1, ""3"": 0, ""4"": 34, ""9"": 2}"
A4_prov_2012-2025,A4_prov_2012-2025_min_c932_m0.15_r1.25_e1.6_s1_u0.25,"brecha=P-c(1+m)-S/e; clases 1-4,9",2021,2026,52,,,,,,,"clases={""1"": 15, ""2"": 1, ""3"": 0, ""4"": 34, ""9"": 2}"
A4_prov_2012-2025,A4_prov_2012-2025_min_c932_m0.15_r1.5_e0.8_s0_u0.0,"brecha=P-c(1+m)-S/e; clases 1-4,9",2021,2026,52,,,,,,,"clases={""1"": 13, ""2"": 1, ""3"": 2, ""4"": 34, ""9"": 2}"
A4_prov_2012-2025,A4_prov_2012-2025_min_c932_m0.15_r1.5_e0.8_s0_u0.1,"brecha=P-c(1+m)-S/e; clases 1-4,9",2021,2026,52,,,,,,,"clases={""1"": 13, ""2"": 1, ""3"": 2, ""4"": 34, ""9"": 2}"
A4_prov_2012-2025,A4_prov_2012-2025_min_c932_m0.15_r1.5_e0.8_s0_u0.25,"brecha=P-c(1+m)-S/e; clases 1-4,9",2021,2026,52,,,,,,,"clases={""1"": 13, ""2"": 1, ""3"": 2, ""4"": 34, ""9"": 2}"
A4_prov_2012-2025,A4_prov_2012-2025_min_c932_m0.15_r1.5_e0.8_s1_u0.0,"brecha=P-c(1+m)-S/e; clases 1-4,9",2021,2026,52,,,,,,,"clases={""1"": 14, ""2"": 0, ""3"": 2, ""4"": 34, ""9"": 2}"
A4_prov_2012-2025,A4_prov_2012-2025_min_c932_m0.15_r1.5_e0.8_s1_u0.1,"brecha=P-c(1+m)-S/e; clases 1-4,9",2021,2026,52,,,,,,,"clases={""1"": 14, ""2"": 0, ""3"": 2, ""4"": 34, ""9"": 2}"
A4_prov_2012-2025,A4_prov_2012-2025_min_c932_m0.15_r1.5_e0.8_s1_u0.25,"brecha=P-c(1+m)-S/e; clases 1-4,9",2021,2026,52,,,,,,,"clases={""1"": 14, ""2"": 0, ""3"": 2, ""4"": 34, ""9"": 2}"
A4_prov_2012-2025,A4_prov_2012-2025_min_c932_m0.15_r1.5_e1.2_s0_u0.0,"brecha=P-c(1+m)-S/e; clases 1-4,9",2021,2026,52,,,,,,,"clases={""1"": 15, ""2"": 1, ""3"": 0, ""4"": 34, ""9"": 2}"
A4_prov_2012-2025,A4_prov_2012-2025_min_c932_m0.15_r1.5_e1.2_s0_u0.1,"brecha=P-c(1+m)-S/e; clases 1-4,9",2021,2026,52,,,,,,,"clases={""1"": 15, ""2"": 1, ""3"": 0, ""4"": 34, ""9"": 2}"
A4_prov_2012-2025,A4_prov_2012-2025_min_c932_m0.15_r1.5_e1.2_s0_u0.25,"brecha=P-c(1+m)-S/e; clases 1-4,9",2021,2026,52,,,,,,,"clases={""1"": 15, ""2"": 1, ""3"": 0, ""4"": 34, ""9"": 2}"
A4_prov_2012-2025,A4_prov_2012-2025_min_c932_m0.15_r1.5_e1.2_s1_u0.0,"brecha=P-c(1+m)-S/e; clases 1-4,9",2021,2026,52,,,,,,,"clases={""1"": 14, ""2"": 1, ""3"": 1, ""4"": 34, ""9"": 2}"
A4_prov_2012-2025,A4_prov_2012-2025_min_c932_m0.15_r1.5_e1.2_s1_u0.1,"brecha=P-c(1+m)-S/e; clases 1-4,9",2021,2026,52,,,,,,,"clases={""1"": 14, ""2"": 1, ""3"": 1, ""4"": 34, ""9"": 2}"
A4_prov_2012-2025,A4_prov_2012-2025_min_c932_m0.15_r1.5_e1.2_s1_u0.25,"brecha=P-c(1+m)-S/e; clases 1-4,9",2021,2026,52,,,,,,,"clases={""1"": 14, ""2"": 1, ""3"": 1, ""4"": 34, ""9"": 2}"
A4_prov_2012-2025,A4_prov_2012-2025_min_c932_m0.15_r1.5_e1.6_s0_u0.0,"brecha=P-c(1+m)-S/e; clases 1-4,9",2021,2026,52,,,,,,,"clases={""1"": 15, ""2"": 1, ""3"": 0, ""4"": 34, ""9"": 2}"
A4_prov_2012-2025,A4_prov_2012-2025_min_c932_m0.15_r1.5_e1.6_s0_u0.1,"brecha=P-c(1+m)-S/e; clases 1-4,9",2021,2026,52,,,,,,,"clases={""1"": 15, ""2"": 1, ""3"": 0, ""4"": 34, ""9"": 2}"
A4_prov_2012-2025,A4_prov_2012-2025_min_c932_m0.15_r1.5_e1.6_s0_u0.25,"brecha=P-c(1+m)-S/e; clases 1-4,9",2021,2026,52,,,,,,,"clases={""1"": 15, ""2"": 1, ""3"": 0, ""4"": 34, ""9"": 2}"
A4_prov_2012-2025,A4_prov_2012-2025_min_c932_m0.15_r1.5_e1.6_s1_u0.0,"brecha=P-c(1+m)-S/e; clases 1-4,9",2021,2026,52,,,,,,,"clases={""1"": 15, ""2"": 1, ""3"": 0, ""4"": 34, ""9"": 2}"
A4_prov_2012-2025,A4_prov_2012-2025_min_c932_m0.15_r1.5_e1.6_s1_u0.1,"brecha=P-c(1+m)-S/e; clases 1-4,9",2021,2026,52,,,,,,,"clases={""1"": 15, ""2"": 1, ""3"": 0, ""4"": 34, ""9"": 2}"
A4_prov_2012-2025,A4_prov_2012-2025_min_c932_m0.15_r1.5_e1.6_s1_u0.25,"brecha=P-c(1+m)-S/e; clases 1-4,9",2021,2026,52,,,,,,,"clases={""1"": 15, ""2"": 1, ""3"": 0, ""4"": 34, ""9"": 2}"
A4_prov_2012-2025,A4_prov_2012-2025_min_c932_m0.2_r1.25_e0.8_s0_u0.0,"brecha=P-c(1+m)-S/e; clases 1-4,9",2021,2026,52,,,,,,,"clases={""1"": 13, ""2"": 1, ""3"": 2, ""4"": 34, ""9"": 2}"
A4_prov_2012-2025,A4_prov_2012-2025_min_c932_m0.2_r1.25_e0.8_s0_u0.1,"brecha=P-c(1+m)-S/e; clases 1-4,9",2021,2026,52,,,,,,,"clases={""1"": 13, ""2"": 1, ""3"": 2, ""4"": 34, ""9"": 2}"
A4_prov_2012-2025,A4_prov_2012-2025_min_c932_m0.2_r1.25_e0.8_s0_u0.25,"brecha=P-c(1+m)-S/e; clases 1-4,9",2021,2026,52,,,,,,,"clases={""1"": 13, ""2"": 1, ""3"": 2, ""4"": 34, ""9"": 2}"
A4_prov_2012-2025,A4_prov_2012-2025_min_c932_m0.2_r1.25_e0.8_s1_u0.0,"brecha=P-c(1+m)-S/e; clases 1-4,9",2021,2026,52,,,,,,,"clases={""1"": 12, ""2"": 1, ""3"": 3, ""4"": 34, ""9"": 2}"
A4_prov_2012-2025,A4_prov_2012-2025_min_c932_m0.2_r1.25_e0.8_s1_u0.1,"brecha=P-c(1+m)-S/e; clases 1-4,9",2021,2026,52,,,,,,,"clases={""1"": 12, ""2"": 1, ""3"": 3, ""4"": 34, ""9"": 2}"
A4_prov_2012-2025,A4_prov_2012-2025_min_c932_m0.2_r1.25_e0.8_s1_u0.25,"brecha=P-c(1+m)-S/e; clases 1-4,9",2021,2026,52,,,,,,,"clases={""1"": 12, ""2"": 1, ""3"": 3, ""4"": 34, ""9"": 2}"
A4_prov_2012-2025,A4_prov_2012-2025_min_c932_m0.2_r1.25_e1.2_s0_u0.0,"brecha=P-c(1+m)-S/e; clases 1-4,9",2021,2026,52,,,,,,,"clases={""1"": 14, ""2"": 1, ""3"": 1, ""4"": 34, ""9"": 2}"
A4_prov_2012-2025,A4_prov_2012-2025_min_c932_m0.2_r1.25_e1.2_s0_u0.1,"brecha=P-c(1+m)-S/e; clases 1-4,9",2021,2026,52,,,,,,,"clases={""1"": 14, ""2"": 1, ""3"": 1, ""4"": 34, ""9"": 2}"
A4_prov_2012-2025,A4_prov_2012-2025_min_c932_m0.2_r1.25_e1.2_s0_u0.25,"brecha=P-c(1+m)-S/e; clases 1-4,9",2021,2026,52,,,,,,,"clases={""1"": 14, ""2"": 1, ""3"": 1, ""4"": 34, ""9"": 2}"
A4_prov_2012-2025,A4_prov_2012-2025_min_c932_m0.2_r1.25_e1.2_s1_u0.0,"brecha=P-c(1+m)-S/e; clases 1-4,9",2021,2026,52,,,,,,,"clases={""1"": 14, ""2"": 1, ""3"": 1, ""4"": 34, ""9"": 2}"
A4_prov_2012-2025,A4_prov_2012-2025_min_c932_m0.2_r1.25_e1.2_s1_u0.1,"brecha=P-c(1+m)-S/e; clases 1-4,9",2021,2026,52,,,,,,,"clases={""1"": 14, ""2"": 1, ""3"": 1, ""4"": 34, ""9"": 2}"
A4_prov_2012-2025,A4_prov_2012-2025_min_c932_m0.2_r1.25_e1.2_s1_u0.25,"brecha=P-c(1+m)-S/e; clases 1-4,9",2021,2026,52,,,,,,,"clases={""1"": 14, ""2"": 1, ""3"": 1, ""4"": 34, ""9"": 2}"
A4_prov_2012-2025,A4_prov_2012-2025_min_c932_m0.2_r1.25_e1.6_s0_u0.0,"brecha=P-c(1+m)-S/e; clases 1-4,9",2021,2026,52,,,,,,,"clases={""1"": 14, ""2"": 1, ""3"": 1, ""4"": 34, ""9"": 2}"
A4_prov_2012-2025,A4_prov_2012-2025_min_c932_m0.2_r1.25_e1.6_s0_u0.1,"brecha=P-c(1+m)-S/e; clases 1-4,9",2021,2026,52,,,,,,,"clases={""1"": 14, ""2"": 1, ""3"": 1, ""4"": 34, ""9"": 2}"
A4_prov_2012-2025,A4_prov_2012-2025_min_c932_m0.2_r1.25_e1.6_s0_u0.25,"brecha=P-c(1+m)-S/e; clases 1-4,9",2021,2026,52,,,,,,,"clases={""1"": 14, ""2"": 1, ""3"": 1, ""4"": 34, ""9"": 2}"
A4_prov_2012-2025,A4_prov_2012-2025_min_c932_m0.2_r1.25_e1.6_s1_u0.0,"brecha=P-c(1+m)-S/e; clases 1-4,9",2021,2026,52,,,,,,,"clases={""1"": 14, ""2"": 1, ""3"": 1, ""4"": 34, ""9"": 2}"
A4_prov_2012-2025,A4_prov_2012-2025_min_c932_m0.2_r1.25_e1.6_s1_u0.1,"brecha=P-c(1+m)-S/e; clases 1-4,9",2021,2026,52,,,,,,,"clases={""1"": 14, ""2"": 1, ""3"": 1, ""4"": 34, ""9"": 2}"
A4_prov_2012-2025,A4_prov_2012-2025_min_c932_m0.2_r1.25_e1.6_s1_u0.25,"brecha=P-c(1+m)-S/e; clases 1-4,9",2021,2026,52,,,,,,,"clases={""1"": 14, ""2"": 1, ""3"": 1, ""4"": 34, ""9"": 2}"
A4_prov_2012-2025,A4_prov_2012-2025_min_c932_m0.2_r1.5_e0.8_s0_u0.0,"brecha=P-c(1+m)-S/e; clases 1-4,9",2021,2026,52,,,,,,,"clases={""1"": 13, ""2"": 1, ""3"": 2, ""4"": 34, ""9"": 2}"
A4_prov_2012-2025,A4_prov_2012-2025_min_c932_m0.2_r1.5_e0.8_s0_u0.1,"brecha=P-c(1+m)-S/e; clases 1-4,9",2021,2026,52,,,,,,,"clases={""1"": 13, ""2"": 1, ""3"": 2, ""4"": 34, ""9"": 2}"
A4_prov_2012-2025,A4_prov_2012-2025_min_c932_m0.2_r1.5_e0.8_s0_u0.25,"brecha=P-c(1+m)-S/e; clases 1-4,9",2021,2026,52,,,,,,,"clases={""1"": 13, ""2"": 1, ""3"": 2, ""4"": 34, ""9"": 2}"
A4_prov_2012-2025,A4_prov_2012-2025_min_c932_m0.2_r1.5_e0.8_s1_u0.0,"brecha=P-c(1+m)-S/e; clases 1-4,9",2021,2026,52,,,,,,,"clases={""1"": 13, ""2"": 0, ""3"": 3, ""4"": 34, ""9"": 2}"
A4_prov_2012-2025,A4_prov_2012-2025_min_c932_m0.2_r1.5_e0.8_s1_u0.1,"brecha=P-c(1+m)-S/e; clases 1-4,9",2021,2026,52,,,,,,,"clases={""1"": 13, ""2"": 0, ""3"": 3, ""4"": 34, ""9"": 2}"
A4_prov_2012-2025,A4_prov_2012-2025_min_c932_m0.2_r1.5_e0.8_s1_u0.25,"brecha=P-c(1+m)-S/e; clases 1-4,9",2021,2026,52,,,,,,,"clases={""1"": 13, ""2"": 0, ""3"": 3, ""4"": 34, ""9"": 2}"
A4_prov_2012-2025,A4_prov_2012-2025_min_c932_m0.2_r1.5_e1.2_s0_u0.0,"brecha=P-c(1+m)-S/e; clases 1-4,9",2021,2026,52,,,,,,,"clases={""1"": 14, ""2"": 1, ""3"": 1, ""4"": 34, ""9"": 2}"
A4_prov_2012-2025,A4_prov_2012-2025_min_c932_m0.2_r1.5_e1.2_s0_u0.1,"brecha=P-c(1+m)-S/e; clases 1-4,9",2021,2026,52,,,,,,,"clases={""1"": 14, ""2"": 1, ""3"": 1, ""4"": 34, ""9"": 2}"
A4_prov_2012-2025,A4_prov_2012-2025_min_c932_m0.2_r1.5_e1.2_s0_u0.25,"brecha=P-c(1+m)-S/e; clases 1-4,9",2021,2026,52,,,,,,,"clases={""1"": 14, ""2"": 1, ""3"": 1, ""4"": 34, ""9"": 2}"
A4_prov_2012-2025,A4_prov_2012-2025_min_c932_m0.2_r1.5_e1.2_s1_u0.0,"brecha=P-c(1+m)-S/e; clases 1-4,9",2021,2026,52,,,,,,,"clases={""1"": 14, ""2"": 1, ""3"": 1, ""4"": 34, ""9"": 2}"
A4_prov_2012-2025,A4_prov_2012-2025_min_c932_m0.2_r1.5_e1.2_s1_u0.1,"brecha=P-c(1+m)-S/e; clases 1-4,9",2021,2026,52,,,,,,,"clases={""1"": 14, ""2"": 1, ""3"": 1, ""4"": 34, ""9"": 2}"
A4_prov_2012-2025,A4_prov_2012-2025_min_c932_m0.2_r1.5_e1.2_s1_u0.25,"brecha=P-c(1+m)-S/e; clases 1-4,9",2021,2026,52,,,,,,,"clases={""1"": 14, ""2"": 1, ""3"": 1, ""4"": 34, ""9"": 2}"
A4_prov_2012-2025,A4_prov_2012-2025_min_c932_m0.2_r1.5_e1.6_s0_u0.0,"brecha=P-c(1+m)-S/e; clases 1-4,9",2021,2026,52,,,,,,,"clases={""1"": 14, ""2"": 1, ""3"": 1, ""4"": 34, ""9"": 2}"
A4_prov_2012-2025,A4_prov_2012-2025_min_c932_m0.2_r1.5_e1.6_s0_u0.1,"brecha=P-c(1+m)-S/e; clases 1-4,9",2021,2026,52,,,,,,,"clases={""1"": 14, ""2"": 1, ""3"": 1, ""4"": 34, ""9"": 2}"
A4_prov_2012-2025,A4_prov_2012-2025_min_c932_m0.2_r1.5_e1.6_s0_u0.25,"brecha=P-c(1+m)-S/e; clases 1-4,9",2021,2026,52,,,,,,,"clases={""1"": 14, ""2"": 1, ""3"": 1, ""4"": 34, ""9"": 2}"
A4_prov_2012-2025,A4_prov_2012-2025_min_c932_m0.2_r1.5_e1.6_s1_u0.0,"brecha=P-c(1+m)-S/e; clases 1-4,9",2021,2026,52,,,,,,,"clases={""1"": 14, ""2"": 1, ""3"": 1, ""4"": 34, ""9"": 2}"
A4_prov_2012-2025,A4_prov_2012-2025_min_c932_m0.2_r1.5_e1.6_s1_u0.1,"brecha=P-c(1+m)-S/e; clases 1-4,9",2021,2026,52,,,,,,,"clases={""1"": 14, ""2"": 1, ""3"": 1, ""4"": 34, ""9"": 2}"
A4_prov_2012-2025,A4_prov_2012-2025_min_c932_m0.2_r1.5_e1.6_s1_u0.25,"brecha=P-c(1+m)-S/e; clases 1-4,9",2021,2026,52,,,,,,,"clases={""1"": 14, ""2"": 1, ""3"": 1, ""4"": 34, ""9"": 2}"
A4_prov_2012-2025,A4_prov_2012-2025_min_c932_m0.25_r1.25_e0.8_s0_u0.0,"brecha=P-c(1+m)-S/e; clases 1-4,9",2021,2026,52,,,,,,,"clases={""1"": 13, ""2"": 1, ""3"": 2, ""4"": 34, ""9"": 2}"
A4_prov_2012-2025,A4_prov_2012-2025_min_c932_m0.25_r1.25_e0.8_s0_u0.1,"brecha=P-c(1+m)-S/e; clases 1-4,9",2021,2026,52,,,,,,,"clases={""1"": 13, ""2"": 1, ""3"": 2, ""4"": 34, ""9"": 2}"
A4_prov_2012-2025,A4_prov_2012-2025_min_c932_m0.25_r1.25_e0.8_s0_u0.25,"brecha=P-c(1+m)-S/e; clases 1-4,9",2021,2026,52,,,,,,,"clases={""1"": 13, ""2"": 1, ""3"": 2, ""4"": 34, ""9"": 2}"
A4_prov_2012-2025,A4_prov_2012-2025_min_c932_m0.25_r1.25_e0.8_s1_u0.0,"brecha=P-c(1+m)-S/e; clases 1-4,9",2021,2026,52,,,,,,,"clases={""1"": 11, ""2"": 1, ""3"": 4, ""4"": 34, ""9"": 2}"
A4_prov_2012-2025,A4_prov_2012-2025_min_c932_m0.25_r1.25_e0.8_s1_u0.1,"brecha=P-c(1+m)-S/e; clases 1-4,9",2021,2026,52,,,,,,,"clases={""1"": 11, ""2"": 1, ""3"": 4, ""4"": 34, ""9"": 2}"
A4_prov_2012-2025,A4_prov_2012-2025_min_c932_m0.25_r1.25_e0.8_s1_u0.25,"brecha=P-c(1+m)-S/e; clases 1-4,9",2021,2026,52,,,,,,,"clases={""1"": 11, ""2"": 1, ""3"": 4, ""4"": 34, ""9"": 2}"
A4_prov_2012-2025,A4_prov_2012-2025_min_c932_m0.25_r1.25_e1.2_s0_u0.0,"brecha=P-c(1+m)-S/e; clases 1-4,9",2021,2026,52,,,,,,,"clases={""1"": 13, ""2"": 1, ""3"": 2, ""4"": 34, ""9"": 2}"
A4_prov_2012-2025,A4_prov_2012-2025_min_c932_m0.25_r1.25_e1.2_s0_u0.1,"brecha=P-c(1+m)-S/e; clases 1-4,9",2021,2026,52,,,,,,,"clases={""1"": 13, ""2"": 1, ""3"": 2, ""4"": 34, ""9"": 2}"
A4_prov_2012-2025,A4_prov_2012-2025_min_c932_m0.25_r1.25_e1.2_s0_u0.25,"brecha=P-c(1+m)-S/e; clases 1-4,9",2021,2026,52,,,,,,,"clases={""1"": 13, ""2"": 1, ""3"": 2, ""4"": 34, ""9"": 2}"
A4_prov_2012-2025,A4_prov_2012-2025_min_c932_m0.25_r1.25_e1.2_s1_u0.0,"brecha=P-c(1+m)-S/e; clases 1-4,9",2021,2026,52,,,,,,,"clases={""1"": 13, ""2"": 1, ""3"": 2, ""4"": 34, ""9"": 2}"
A4_prov_2012-2025,A4_prov_2012-2025_min_c932_m0.25_r1.25_e1.2_s1_u0.1,"brecha=P-c(1+m)-S/e; clases 1-4,9",2021,2026,52,,,,,,,"clases={""1"": 13, ""2"": 1, ""3"": 2, ""4"": 34, ""9"": 2}"
A4_prov_2012-2025,A4_prov_2012-2025_min_c932_m0.25_r1.25_e1.2_s1_u0.25,"brecha=P-c(1+m)-S/e; clases 1-4,9",2021,2026,52,,,,,,,"clases={""1"": 13, ""2"": 1, ""3"": 2, ""4"": 34, ""9"": 2}"
A4_prov_2012-2025,A4_prov_2012-2025_min_c932_m0.25_r1.25_e1.6_s0_u0.0,"brecha=P-c(1+m)-S/e; clases 1-4,9",2021,2026,52,,,,,,,"clases={""1"": 14, ""2"": 1, ""3"": 1, ""4"": 34, ""9"": 2}"
A4_prov_2012-2025,A4_prov_2012-2025_min_c932_m0.25_r1.25_e1.6_s0_u0.1,"brecha=P-c(1+m)-S/e; clases 1-4,9",2021,2026,52,,,,,,,"clases={""1"": 14, ""2"": 1, ""3"": 1, ""4"": 34, ""9"": 2}"
A4_prov_2012-2025,A4_prov_2012-2025_min_c932_m0.25_r1.25_e1.6_s0_u0.25,"brecha=P-c(1+m)-S/e; clases 1-4,9",2021,2026,52,,,,,,,"clases={""1"": 14, ""2"": 1, ""3"": 1, ""4"": 34, ""9"": 2}"
A4_prov_2012-2025,A4_prov_2012-2025_min_c932_m0.25_r1.25_e1.6_s1_u0.0,"brecha=P-c(1+m)-S/e; clases 1-4,9",2021,2026,52,,,,,,,"clases={""1"": 14, ""2"": 1, ""3"": 1, ""4"": 34, ""9"": 2}"
A4_prov_2012-2025,A4_prov_2012-2025_min_c932_m0.25_r1.25_e1.6_s1_u0.1,"brecha=P-c(1+m)-S/e; clases 1-4,9",2021,2026,52,,,,,,,"clases={""1"": 14, ""2"": 1, ""3"": 1, ""4"": 34, ""9"": 2}"
A4_prov_2012-2025,A4_prov_2012-2025_min_c932_m0.25_r1.25_e1.6_s1_u0.25,"brecha=P-c(1+m)-S/e; clases 1-4,9",2021,2026,52,,,,,,,"clases={""1"": 14, ""2"": 1, ""3"": 1, ""4"": 34, ""9"": 2}"
A4_prov_2012-2025,A4_prov_2012-2025_min_c932_m0.25_r1.5_e0.8_s0_u0.0,"brecha=P-c(1+m)-S/e; clases 1-4,9",2021,2026,52,,,,,,,"clases={""1"": 13, ""2"": 1, ""3"": 2, ""4"": 34, ""9"": 2}"
A4_prov_2012-2025,A4_prov_2012-2025_min_c932_m0.25_r1.5_e0.8_s0_u0.1,"brecha=P-c(1+m)-S/e; clases 1-4,9",2021,2026,52,,,,,,,"clases={""1"": 13, ""2"": 1, ""3"": 2, ""4"": 34, ""9"": 2}"
A4_prov_2012-2025,A4_prov_2012-2025_min_c932_m0.25_r1.5_e0.8_s0_u0.25,"brecha=P-c(1+m)-S/e; clases 1-4,9",2021,2026,52,,,,,,,"clases={""1"": 13, ""2"": 1, ""3"": 2, ""4"": 34, ""9"": 2}"
A4_prov_2012-2025,A4_prov_2012-2025_min_c932_m0.25_r1.5_e0.8_s1_u0.0,"brecha=P-c(1+m)-S/e; clases 1-4,9",2021,2026,52,,,,,,,"clases={""1"": 12, ""2"": 0, ""3"": 4, ""4"": 34, ""9"": 2}"
A4_prov_2012-2025,A4_prov_2012-2025_min_c932_m0.25_r1.5_e0.8_s1_u0.1,"brecha=P-c(1+m)-S/e; clases 1-4,9",2021,2026,52,,,,,,,"clases={""1"": 12, ""2"": 0, ""3"": 4, ""4"": 34, ""9"": 2}"
A4_prov_2012-2025,A4_prov_2012-2025_min_c932_m0.25_r1.5_e0.8_s1_u0.25,"brecha=P-c(1+m)-S/e; clases 1-4,9",2021,2026,52,,,,,,,"clases={""1"": 12, ""2"": 0, ""3"": 4, ""4"": 34, ""9"": 2}"
A4_prov_2012-2025,A4_prov_2012-2025_min_c932_m0.25_r1.5_e1.2_s0_u0.0,"brecha=P-c(1+m)-S/e; clases 1-4,9",2021,2026,52,,,,,,,"clases={""1"": 13, ""2"": 1, ""3"": 2, ""4"": 34, ""9"": 2}"
A4_prov_2012-2025,A4_prov_2012-2025_min_c932_m0.25_r1.5_e1.2_s0_u0.1,"brecha=P-c(1+m)-S/e; clases 1-4,9",2021,2026,52,,,,,,,"clases={""1"": 13, ""2"": 1, ""3"": 2, ""4"": 34, ""9"": 2}"
A4_prov_2012-2025,A4_prov_2012-2025_min_c932_m0.25_r1.5_e1.2_s0_u0.25,"brecha=P-c(1+m)-S/e; clases 1-4,9",2021,2026,52,,,,,,,"clases={""1"": 13, ""2"": 1, ""3"": 2, ""4"": 34, ""9"": 2}"
A4_prov_2012-2025,A4_prov_2012-2025_min_c932_m0.25_r1.5_e1.2_s1_u0.0,"brecha=P-c(1+m)-S/e; clases 1-4,9",2021,2026,52,,,,,,,"clases={""1"": 13, ""2"": 1, ""3"": 2, ""4"": 34, ""9"": 2}"
A4_prov_2012-2025,A4_prov_2012-2025_min_c932_m0.25_r1.5_e1.2_s1_u0.1,"brecha=P-c(1+m)-S/e; clases 1-4,9",2021,2026,52,,,,,,,"clases={""1"": 13, ""2"": 1, ""3"": 2, ""4"": 34, ""9"": 2}"
A4_prov_2012-2025,A4_prov_2012-2025_min_c932_m0.25_r1.5_e1.2_s1_u0.25,"brecha=P-c(1+m)-S/e; clases 1-4,9",2021,2026,52,,,,,,,"clases={""1"": 13, ""2"": 1, ""3"": 2, ""4"": 34, ""9"": 2}"
A4_prov_2012-2025,A4_prov_2012-2025_min_c932_m0.25_r1.5_e1.6_s0_u0.0,"brecha=P-c(1+m)-S/e; clases 1-4,9",2021,2026,52,,,,,,,"clases={""1"": 14, ""2"": 1, ""3"": 1, ""4"": 34, ""9"": 2}"
A4_prov_2012-2025,A4_prov_2012-2025_min_c932_m0.25_r1.5_e1.6_s0_u0.1,"brecha=P-c(1+m)-S/e; clases 1-4,9",2021,2026,52,,,,,,,"clases={""1"": 14, ""2"": 1, ""3"": 1, ""4"": 34, ""9"": 2}"
A4_prov_2012-2025,A4_prov_2012-2025_min_c932_m0.25_r1.5_e1.6_s0_u0.25,"brecha=P-c(1+m)-S/e; clases 1-4,9",2021,2026,52,,,,,,,"clases={""1"": 14, ""2"": 1, ""3"": 1, ""4"": 34, ""9"": 2}"
A4_prov_2012-2025,A4_prov_2012-2025_min_c932_m0.25_r1.5_e1.6_s1_u0.0,"brecha=P-c(1+m)-S/e; clases 1-4,9",2021,2026,52,,,,,,,"clases={""1"": 14, ""2"": 1, ""3"": 1, ""4"": 34, ""9"": 2}"
A4_prov_2012-2025,A4_prov_2012-2025_min_c932_m0.25_r1.5_e1.6_s1_u0.1,"brecha=P-c(1+m)-S/e; clases 1-4,9",2021,2026,52,,,,,,,"clases={""1"": 14, ""2"": 1, ""3"": 1, ""4"": 34, ""9"": 2}"
A4_prov_2012-2025,A4_prov_2012-2025_min_c932_m0.25_r1.5_e1.6_s1_u0.25,"brecha=P-c(1+m)-S/e; clases 1-4,9",2021,2026,52,,,,,,,"clases={""1"": 14, ""2"": 1, ""3"": 1, ""4"": 34, ""9"": 2}"
A4_prov_2012-2025,A4_prov_2012-2025_mediana_c422_m0.15_r1.25_e0.8_s0_u0.0,"brecha=P-c(1+m)-S/e; clases 1-4,9",2021,2026,52,,,,,,,"clases={""1"": 26, ""2"": 4, ""3"": 0, ""4"": 20, ""9"": 2}"
A4_prov_2012-2025,A4_prov_2012-2025_mediana_c422_m0.15_r1.25_e0.8_s0_u0.1,"brecha=P-c(1+m)-S/e; clases 1-4,9",2021,2026,52,,,,,,,"clases={""1"": 24, ""2"": 6, ""3"": 0, ""4"": 20, ""9"": 2}"
A4_prov_2012-2025,A4_prov_2012-2025_mediana_c422_m0.15_r1.25_e0.8_s0_u0.25,"brecha=P-c(1+m)-S/e; clases 1-4,9",2021,2026,52,,,,,,,"clases={""1"": 23, ""2"": 7, ""3"": 0, ""4"": 20, ""9"": 2}"
A4_prov_2012-2025,A4_prov_2012-2025_mediana_c422_m0.15_r1.25_e0.8_s1_u0.0,"brecha=P-c(1+m)-S/e; clases 1-4,9",2021,2026,52,,,,,,,"clases={""1"": 26, ""2"": 4, ""3"": 0, ""4"": 20, ""9"": 2}"
A4_prov_2012-2025,A4_prov_2012-2025_mediana_c422_m0.15_r1.25_e0.8_s1_u0.1,"brecha=P-c(1+m)-S/e; clases 1-4,9",2021,2026,52,,,,,,,"clases={""1"": 24, ""2"": 6, ""3"": 0, ""4"": 20, ""9"": 2}"
A4_prov_2012-2025,A4_prov_2012-2025_mediana_c422_m0.15_r1.25_e0.8_s1_u0.25,"brecha=P-c(1+m)-S/e; clases 1-4,9",2021,2026,52,,,,,,,"clases={""1"": 23, ""2"": 7, ""3"": 0, ""4"": 20, ""9"": 2}"
A4_prov_2012-2025,A4_prov_2012-2025_mediana_c422_m0.15_r1.25_e1.2_s0_u0.0,"brecha=P-c(1+m)-S/e; clases 1-4,9",2021,2026,52,,,,,,,"clases={""1"": 26, ""2"": 4, ""3"": 0, ""4"": 20, ""9"": 2}"
A4_prov_2012-2025,A4_prov_2012-2025_mediana_c422_m0.15_r1.25_e1.2_s0_u0.1,"brecha=P-c(1+m)-S/e; clases 1-4,9",2021,2026,52,,,,,,,"clases={""1"": 24, ""2"": 6, ""3"": 0, ""4"": 20, ""9"": 2}"
A4_prov_2012-2025,A4_prov_2012-2025_mediana_c422_m0.15_r1.25_e1.2_s0_u0.25,"brecha=P-c(1+m)-S/e; clases 1-4,9",2021,2026,52,,,,,,,"clases={""1"": 23, ""2"": 7, ""3"": 0, ""4"": 20, ""9"": 2}"
A4_prov_2012-2025,A4_prov_2012-2025_mediana_c422_m0.15_r1.25_e1.2_s1_u0.0,"brecha=P-c(1+m)-S/e; clases 1-4,9",2021,2026,52,,,,,,,"clases={""1"": 26, ""2"": 4, ""3"": 0, ""4"": 20, ""9"": 2}"
A4_prov_2012-2025,A4_prov_2012-2025_mediana_c422_m0.15_r1.25_e1.2_s1_u0.1,"brecha=P-c(1+m)-S/e; clases 1-4,9",2021,2026,52,,,,,,,"clases={""1"": 24, ""2"": 6, ""3"": 0, ""4"": 20, ""9"": 2}"
A4_prov_2012-2025,A4_prov_2012-2025_mediana_c422_m0.15_r1.25_e1.2_s1_u0.25,"brecha=P-c(1+m)-S/e; clases 1-4,9",2021,2026,52,,,,,,,"clases={""1"": 23, ""2"": 7, ""3"": 0, ""4"": 20, ""9"": 2}"
A4_prov_2012-2025,A4_prov_2012-2025_mediana_c422_m0.15_r1.25_e1.6_s0_u0.0,"brecha=P-c(1+m)-S/e; clases 1-4,9",2021,2026,52,,,,,,,"clases={""1"": 26, ""2"": 4, ""3"": 0, ""4"": 20, ""9"": 2}"
A4_prov_2012-2025,A4_prov_2012-2025_mediana_c422_m0.15_r1.25_e1.6_s0_u0.1,"brecha=P-c(1+m)-S/e; clases 1-4,9",2021,2026,52,,,,,,,"clases={""1"": 24, ""2"": 6, ""3"": 0, ""4"": 20, ""9"": 2}"
A4_prov_2012-2025,A4_prov_2012-2025_mediana_c422_m0.15_r1.25_e1.6_s0_u0.25,"brecha=P-c(1+m)-S/e; clases 1-4,9",2021,2026,52,,,,,,,"clases={""1"": 23, ""2"": 7, ""3"": 0, ""4"": 20, ""9"": 2}"
A4_prov_2012-2025,A4_prov_2012-2025_mediana_c422_m0.15_r1.25_e1.6_s1_u0.0,"brecha=P-c(1+m)-S/e; clases 1-4,9",2021,2026,52,,,,,,,"clases={""1"": 26, ""2"": 4, ""3"": 0, ""4"": 20, ""9"": 2}"
A4_prov_2012-2025,A4_prov_2012-2025_mediana_c422_m0.15_r1.25_e1.6_s1_u0.1,"brecha=P-c(1+m)-S/e; clases 1-4,9",2021,2026,52,,,,,,,"clases={""1"": 24, ""2"": 6, ""3"": 0, ""4"": 20, ""9"": 2}"
A4_prov_2012-2025,A4_prov_2012-2025_mediana_c422_m0.15_r1.25_e1.6_s1_u0.25,"brecha=P-c(1+m)-S/e; clases 1-4,9",2021,2026,52,,,,,,,"clases={""1"": 23, ""2"": 7, ""3"": 0, ""4"": 20, ""9"": 2}"
A4_prov_2012-2025,A4_prov_2012-2025_mediana_c422_m0.15_r1.5_e0.8_s0_u0.0,"brecha=P-c(1+m)-S/e; clases 1-4,9",2021,2026,52,,,,,,,"clases={""1"": 26, ""2"": 4, ""3"": 0, ""4"": 20, ""9"": 2}"
A4_prov_2012-2025,A4_prov_2012-2025_mediana_c422_m0.15_r1.5_e0.8_s0_u0.1,"brecha=P-c(1+m)-S/e; clases 1-4,9",2021,2026,52,,,,,,,"clases={""1"": 24, ""2"": 6, ""3"": 0, ""4"": 20, ""9"": 2}"
A4_prov_2012-2025,A4_prov_2012-2025_mediana_c422_m0.15_r1.5_e0.8_s0_u0.25,"brecha=P-c(1+m)-S/e; clases 1-4,9",2021,2026,52,,,,,,,"clases={""1"": 23, ""2"": 7, ""3"": 0, ""4"": 20, ""9"": 2}"
A4_prov_2012-2025,A4_prov_2012-2025_mediana_c422_m0.15_r1.5_e0.8_s1_u0.0,"brecha=P-c(1+m)-S/e; clases 1-4,9",2021,2026,52,,,,,,,"clases={""1"": 27, ""2"": 3, ""3"": 0, ""4"": 20, ""9"": 2}"
A4_prov_2012-2025,A4_prov_2012-2025_mediana_c422_m0.15_r1.5_e0.8_s1_u0.1,"brecha=P-c(1+m)-S/e; clases 1-4,9",2021,2026,52,,,,,,,"clases={""1"": 25, ""2"": 5, ""3"": 0, ""4"": 20, ""9"": 2}"
A4_prov_2012-2025,A4_prov_2012-2025_mediana_c422_m0.15_r1.5_e0.8_s1_u0.25,"brecha=P-c(1+m)-S/e; clases 1-4,9",2021,2026,52,,,,,,,"clases={""1"": 24, ""2"": 6, ""3"": 0, ""4"": 20, ""9"": 2}"
A4_prov_2012-2025,A4_prov_2012-2025_mediana_c422_m0.15_r1.5_e1.2_s0_u0.0,"brecha=P-c(1+m)-S/e; clases 1-4,9",2021,2026,52,,,,,,,"clases={""1"": 26, ""2"": 4, ""3"": 0, ""4"": 20, ""9"": 2}"
A4_prov_2012-2025,A4_prov_2012-2025_mediana_c422_m0.15_r1.5_e1.2_s0_u0.1,"brecha=P-c(1+m)-S/e; clases 1-4,9",2021,2026,52,,,,,,,"clases={""1"": 24, ""2"": 6, ""3"": 0, ""4"": 20, ""9"": 2}"
A4_prov_2012-2025,A4_prov_2012-2025_mediana_c422_m0.15_r1.5_e1.2_s0_u0.25,"brecha=P-c(1+m)-S/e; clases 1-4,9",2021,2026,52,,,,,,,"clases={""1"": 23, ""2"": 7, ""3"": 0, ""4"": 20, ""9"": 2}"
A4_prov_2012-2025,A4_prov_2012-2025_mediana_c422_m0.15_r1.5_e1.2_s1_u0.0,"brecha=P-c(1+m)-S/e; clases 1-4,9",2021,2026,52,,,,,,,"clases={""1"": 26, ""2"": 4, ""3"": 0, ""4"": 20, ""9"": 2}"
A4_prov_2012-2025,A4_prov_2012-2025_mediana_c422_m0.15_r1.5_e1.2_s1_u0.1,"brecha=P-c(1+m)-S/e; clases 1-4,9",2021,2026,52,,,,,,,"clases={""1"": 24, ""2"": 6, ""3"": 0, ""4"": 20, ""9"": 2}"
A4_prov_2012-2025,A4_prov_2012-2025_mediana_c422_m0.15_r1.5_e1.2_s1_u0.25,"brecha=P-c(1+m)-S/e; clases 1-4,9",2021,2026,52,,,,,,,"clases={""1"": 23, ""2"": 7, ""3"": 0, ""4"": 20, ""9"": 2}"
A4_prov_2012-2025,A4_prov_2012-2025_mediana_c422_m0.15_r1.5_e1.6_s0_u0.0,"brecha=P-c(1+m)-S/e; clases 1-4,9",2021,2026,52,,,,,,,"clases={""1"": 26, ""2"": 4, ""3"": 0, ""4"": 20, ""9"": 2}"
A4_prov_2012-2025,A4_prov_2012-2025_mediana_c422_m0.15_r1.5_e1.6_s0_u0.1,"brecha=P-c(1+m)-S/e; clases 1-4,9",2021,2026,52,,,,,,,"clases={""1"": 24, ""2"": 6, ""3"": 0, ""4"": 20, ""9"": 2}"
A4_prov_2012-2025,A4_prov_2012-2025_mediana_c422_m0.15_r1.5_e1.6_s0_u0.25,"brecha=P-c(1+m)-S/e; clases 1-4,9",2021,2026,52,,,,,,,"clases={""1"": 23, ""2"": 7, ""3"": 0, ""4"": 20, ""9"": 2}"
A4_prov_2012-2025,A4_prov_2012-2025_mediana_c422_m0.15_r1.5_e1.6_s1_u0.0,"brecha=P-c(1+m)-S/e; clases 1-4,9",2021,2026,52,,,,,,,"clases={""1"": 26, ""2"": 4, ""3"": 0, ""4"": 20, ""9"": 2}"
A4_prov_2012-2025,A4_prov_2012-2025_mediana_c422_m0.15_r1.5_e1.6_s1_u0.1,"brecha=P-c(1+m)-S/e; clases 1-4,9",2021,2026,52,,,,,,,"clases={""1"": 24, ""2"": 6, ""3"": 0, ""4"": 20, ""9"": 2}"
A4_prov_2012-2025,A4_prov_2012-2025_mediana_c422_m0.15_r1.5_e1.6_s1_u0.25,"brecha=P-c(1+m)-S/e; clases 1-4,9",2021,2026,52,,,,,,,"clases={""1"": 23, ""2"": 7, ""3"": 0, ""4"": 20, ""9"": 2}"
A4_prov_2012-2025,A4_prov_2012-2025_mediana_c422_m0.2_r1.25_e0.8_s0_u0.0,"brecha=P-c(1+m)-S/e; clases 1-4,9",2021,2026,52,,,,,,,"clases={""1"": 26, ""2"": 4, ""3"": 0, ""4"": 20, ""9"": 2}"
A4_prov_2012-2025,A4_prov_2012-2025_mediana_c422_m0.2_r1.25_e0.8_s0_u0.1,"brecha=P-c(1+m)-S/e; clases 1-4,9",2021,2026,52,,,,,,,"clases={""1"": 24, ""2"": 6, ""3"": 0, ""4"": 20, ""9"": 2}"
A4_prov_2012-2025,A4_prov_2012-2025_mediana_c422_m0.2_r1.25_e0.8_s0_u0.25,"brecha=P-c(1+m)-S/e; clases 1-4,9",2021,2026,52,,,,,,,"clases={""1"": 23, ""2"": 7, ""3"": 0, ""4"": 20, ""9"": 2}"
A4_prov_2012-2025,A4_prov_2012-2025_mediana_c422_m0.2_r1.25_e0.8_s1_u0.0,"brecha=P-c(1+m)-S/e; clases 1-4,9",2021,2026,52,,,,,,,"clases={""1"": 26, ""2"": 4, ""3"": 0, ""4"": 20, ""9"": 2}"
A4_prov_2012-2025,A4_prov_2012-2025_mediana_c422_m0.2_r1.25_e0.8_s1_u0.1,"brecha=P-c(1+m)-S/e; clases 1-4,9",2021,2026,52,,,,,,,"clases={""1"": 24, ""2"": 6, ""3"": 0, ""4"": 20, ""9"": 2}"
A4_prov_2012-2025,A4_prov_2012-2025_mediana_c422_m0.2_r1.25_e0.8_s1_u0.25,"brecha=P-c(1+m)-S/e; clases 1-4,9",2021,2026,52,,,,,,,"clases={""1"": 23, ""2"": 7, ""3"": 0, ""4"": 20, ""9"": 2}"
A4_prov_2012-2025,A4_prov_2012-2025_mediana_c422_m0.2_r1.25_e1.2_s0_u0.0,"brecha=P-c(1+m)-S/e; clases 1-4,9",2021,2026,52,,,,,,,"clases={""1"": 26, ""2"": 4, ""3"": 0, ""4"": 20, ""9"": 2}"
A4_prov_2012-2025,A4_prov_2012-2025_mediana_c422_m0.2_r1.25_e1.2_s0_u0.1,"brecha=P-c(1+m)-S/e; clases 1-4,9",2021,2026,52,,,,,,,"clases={""1"": 24, ""2"": 6, ""3"": 0, ""4"": 20, ""9"": 2}"
A4_prov_2012-2025,A4_prov_2012-2025_mediana_c422_m0.2_r1.25_e1.2_s0_u0.25,"brecha=P-c(1+m)-S/e; clases 1-4,9",2021,2026,52,,,,,,,"clases={""1"": 23, ""2"": 7, ""3"": 0, ""4"": 20, ""9"": 2}"
A4_prov_2012-2025,A4_prov_2012-2025_mediana_c422_m0.2_r1.25_e1.2_s1_u0.0,"brecha=P-c(1+m)-S/e; clases 1-4,9",2021,2026,52,,,,,,,"clases={""1"": 26, ""2"": 4, ""3"": 0, ""4"": 20, ""9"": 2}"
A4_prov_2012-2025,A4_prov_2012-2025_mediana_c422_m0.2_r1.25_e1.2_s1_u0.1,"brecha=P-c(1+m)-S/e; clases 1-4,9",2021,2026,52,,,,,,,"clases={""1"": 24, ""2"": 6, ""3"": 0, ""4"": 20, ""9"": 2}"
A4_prov_2012-2025,A4_prov_2012-2025_mediana_c422_m0.2_r1.25_e1.2_s1_u0.25,"brecha=P-c(1+m)-S/e; clases 1-4,9",2021,2026,52,,,,,,,"clases={""1"": 23, ""2"": 7, ""3"": 0, ""4"": 20, ""9"": 2}"
A4_prov_2012-2025,A4_prov_2012-2025_mediana_c422_m0.2_r1.25_e1.6_s0_u0.0,"brecha=P-c(1+m)-S/e; clases 1-4,9",2021,2026,52,,,,,,,"clases={""1"": 26, ""2"": 4, ""3"": 0, ""4"": 20, ""9"": 2}"
A4_prov_2012-2025,A4_prov_2012-2025_mediana_c422_m0.2_r1.25_e1.6_s0_u0.1,"brecha=P-c(1+m)-S/e; clases 1-4,9",2021,2026,52,,,,,,,"clases={""1"": 24, ""2"": 6, ""3"": 0, ""4"": 20, ""9"": 2}"
A4_prov_2012-2025,A4_prov_2012-2025_mediana_c422_m0.2_r1.25_e1.6_s0_u0.25,"brecha=P-c(1+m)-S/e; clases 1-4,9",2021,2026,52,,,,,,,"clases={""1"": 23, ""2"": 7, ""3"": 0, ""4"": 20, ""9"": 2}"
A4_prov_2012-2025,A4_prov_2012-2025_mediana_c422_m0.2_r1.25_e1.6_s1_u0.0,"brecha=P-c(1+m)-S/e; clases 1-4,9",2021,2026,52,,,,,,,"clases={""1"": 26, ""2"": 4, ""3"": 0, ""4"": 20, ""9"": 2}"
A4_prov_2012-2025,A4_prov_2012-2025_mediana_c422_m0.2_r1.25_e1.6_s1_u0.1,"brecha=P-c(1+m)-S/e; clases 1-4,9",2021,2026,52,,,,,,,"clases={""1"": 24, ""2"": 6, ""3"": 0, ""4"": 20, ""9"": 2}"
A4_prov_2012-2025,A4_prov_2012-2025_mediana_c422_m0.2_r1.25_e1.6_s1_u0.25,"brecha=P-c(1+m)-S/e; clases 1-4,9",2021,2026,52,,,,,,,"clases={""1"": 23, ""2"": 7, ""3"": 0, ""4"": 20, ""9"": 2}"
A4_prov_2012-2025,A4_prov_2012-2025_mediana_c422_m0.2_r1.5_e0.8_s0_u0.0,"brecha=P-c(1+m)-S/e; clases 1-4,9",2021,2026,52,,,,,,,"clases={""1"": 26, ""2"": 4, ""3"": 0, ""4"": 20, ""9"": 2}"
A4_prov_2012-2025,A4_prov_2012-2025_mediana_c422_m0.2_r1.5_e0.8_s0_u0.1,"brecha=P-c(1+m)-S/e; clases 1-4,9",2021,2026,52,,,,,,,"clases={""1"": 24, ""2"": 6, ""3"": 0, ""4"": 20, ""9"": 2}"
A4_prov_2012-2025,A4_prov_2012-2025_mediana_c422_m0.2_r1.5_e0.8_s0_u0.25,"brecha=P-c(1+m)-S/e; clases 1-4,9",2021,2026,52,,,,,,,"clases={""1"": 23, ""2"": 7, ""3"": 0, ""4"": 20, ""9"": 2}"
A4_prov_2012-2025,A4_prov_2012-2025_mediana_c422_m0.2_r1.5_e0.8_s1_u0.0,"brecha=P-c(1+m)-S/e; clases 1-4,9",2021,2026,52,,,,,,,"clases={""1"": 27, ""2"": 3, ""3"": 0, ""4"": 20, ""9"": 2}"
A4_prov_2012-2025,A4_prov_2012-2025_mediana_c422_m0.2_r1.5_e0.8_s1_u0.1,"brecha=P-c(1+m)-S/e; clases 1-4,9",2021,2026,52,,,,,,,"clases={""1"": 25, ""2"": 5, ""3"": 0, ""4"": 20, ""9"": 2}"
A4_prov_2012-2025,A4_prov_2012-2025_mediana_c422_m0.2_r1.5_e0.8_s1_u0.25,"brecha=P-c(1+m)-S/e; clases 1-4,9",2021,2026,52,,,,,,,"clases={""1"": 24, ""2"": 6, ""3"": 0, ""4"": 20, ""9"": 2}"
A4_prov_2012-2025,A4_prov_2012-2025_mediana_c422_m0.2_r1.5_e1.2_s0_u0.0,"brecha=P-c(1+m)-S/e; clases 1-4,9",2021,2026,52,,,,,,,"clases={""1"": 26, ""2"": 4, ""3"": 0, ""4"": 20, ""9"": 2}"
A4_prov_2012-2025,A4_prov_2012-2025_mediana_c422_m0.2_r1.5_e1.2_s0_u0.1,"brecha=P-c(1+m)-S/e; clases 1-4,9",2021,2026,52,,,,,,,"clases={""1"": 24, ""2"": 6, ""3"": 0, ""4"": 20, ""9"": 2}"
A4_prov_2012-2025,A4_prov_2012-2025_mediana_c422_m0.2_r1.5_e1.2_s0_u0.25,"brecha=P-c(1+m)-S/e; clases 1-4,9",2021,2026,52,,,,,,,"clases={""1"": 23, ""2"": 7, ""3"": 0, ""4"": 20, ""9"": 2}"
A4_prov_2012-2025,A4_prov_2012-2025_mediana_c422_m0.2_r1.5_e1.2_s1_u0.0,"brecha=P-c(1+m)-S/e; clases 1-4,9",2021,2026,52,,,,,,,"clases={""1"": 26, ""2"": 4, ""3"": 0, ""4"": 20, ""9"": 2}"
A4_prov_2012-2025,A4_prov_2012-2025_mediana_c422_m0.2_r1.5_e1.2_s1_u0.1,"brecha=P-c(1+m)-S/e; clases 1-4,9",2021,2026,52,,,,,,,"clases={""1"": 24, ""2"": 6, ""3"": 0, ""4"": 20, ""9"": 2}"
A4_prov_2012-2025,A4_prov_2012-2025_mediana_c422_m0.2_r1.5_e1.2_s1_u0.25,"brecha=P-c(1+m)-S/e; clases 1-4,9",2021,2026,52,,,,,,,"clases={""1"": 23, ""2"": 7, ""3"": 0, ""4"": 20, ""9"": 2}"
A4_prov_2012-2025,A4_prov_2012-2025_mediana_c422_m0.2_r1.5_e1.6_s0_u0.0,"brecha=P-c(1+m)-S/e; clases 1-4,9",2021,2026,52,,,,,,,"clases={""1"": 26, ""2"": 4, ""3"": 0, ""4"": 20, ""9"": 2}"
A4_prov_2012-2025,A4_prov_2012-2025_mediana_c422_m0.2_r1.5_e1.6_s0_u0.1,"brecha=P-c(1+m)-S/e; clases 1-4,9",2021,2026,52,,,,,,,"clases={""1"": 24, ""2"": 6, ""3"": 0, ""4"": 20, ""9"": 2}"
A4_prov_2012-2025,A4_prov_2012-2025_mediana_c422_m0.2_r1.5_e1.6_s0_u0.25,"brecha=P-c(1+m)-S/e; clases 1-4,9",2021,2026,52,,,,,,,"clases={""1"": 23, ""2"": 7, ""3"": 0, ""4"": 20, ""9"": 2}"
A4_prov_2012-2025,A4_prov_2012-2025_mediana_c422_m0.2_r1.5_e1.6_s1_u0.0,"brecha=P-c(1+m)-S/e; clases 1-4,9",2021,2026,52,,,,,,,"clases={""1"": 26, ""2"": 4, ""3"": 0, ""4"": 20, ""9"": 2}"
A4_prov_2012-2025,A4_prov_2012-2025_mediana_c422_m0.2_r1.5_e1.6_s1_u0.1,"brecha=P-c(1+m)-S/e; clases 1-4,9",2021,2026,52,,,,,,,"clases={""1"": 24, ""2"": 6, ""3"": 0, ""4"": 20, ""9"": 2}"
A4_prov_2012-2025,A4_prov_2012-2025_mediana_c422_m0.2_r1.5_e1.6_s1_u0.25,"brecha=P-c(1+m)-S/e; clases 1-4,9",2021,2026,52,,,,,,,"clases={""1"": 23, ""2"": 7, ""3"": 0, ""4"": 20, ""9"": 2}"
A4_prov_2012-2025,A4_prov_2012-2025_mediana_c422_m0.25_r1.25_e0.8_s0_u0.0,"brecha=P-c(1+m)-S/e; clases 1-4,9",2021,2026,52,,,,,,,"clases={""1"": 26, ""2"": 4, ""3"": 0, ""4"": 20, ""9"": 2}"
A4_prov_2012-2025,A4_prov_2012-2025_mediana_c422_m0.25_r1.25_e0.8_s0_u0.1,"brecha=P-c(1+m)-S/e; clases 1-4,9",2021,2026,52,,,,,,,"clases={""1"": 24, ""2"": 6, ""3"": 0, ""4"": 20, ""9"": 2}"
A4_prov_2012-2025,A4_prov_2012-2025_mediana_c422_m0.25_r1.25_e0.8_s0_u0.25,"brecha=P-c(1+m)-S/e; clases 1-4,9",2021,2026,52,,,,,,,"clases={""1"": 23, ""2"": 7, ""3"": 0, ""4"": 20, ""9"": 2}"
A4_prov_2012-2025,A4_prov_2012-2025_mediana_c422_m0.25_r1.25_e0.8_s1_u0.0,"brecha=P-c(1+m)-S/e; clases 1-4,9",2021,2026,52,,,,,,,"clases={""1"": 26, ""2"": 4, ""3"": 0, ""4"": 20, ""9"": 2}"
A4_prov_2012-2025,A4_prov_2012-2025_mediana_c422_m0.25_r1.25_e0.8_s1_u0.1,"brecha=P-c(1+m)-S/e; clases 1-4,9",2021,2026,52,,,,,,,"clases={""1"": 24, ""2"": 6, ""3"": 0, ""4"": 20, ""9"": 2}"
A4_prov_2012-2025,A4_prov_2012-2025_mediana_c422_m0.25_r1.25_e0.8_s1_u0.25,"brecha=P-c(1+m)-S/e; clases 1-4,9",2021,2026,52,,,,,,,"clases={""1"": 23, ""2"": 7, ""3"": 0, ""4"": 20, ""9"": 2}"
A4_prov_2012-2025,A4_prov_2012-2025_mediana_c422_m0.25_r1.25_e1.2_s0_u0.0,"brecha=P-c(1+m)-S/e; clases 1-4,9",2021,2026,52,,,,,,,"clases={""1"": 26, ""2"": 4, ""3"": 0, ""4"": 20, ""9"": 2}"
A4_prov_2012-2025,A4_prov_2012-2025_mediana_c422_m0.25_r1.25_e1.2_s0_u0.1,"brecha=P-c(1+m)-S/e; clases 1-4,9",2021,2026,52,,,,,,,"clases={""1"": 24, ""2"": 6, ""3"": 0, ""4"": 20, ""9"": 2}"
A4_prov_2012-2025,A4_prov_2012-2025_mediana_c422_m0.25_r1.25_e1.2_s0_u0.25,"brecha=P-c(1+m)-S/e; clases 1-4,9",2021,2026,52,,,,,,,"clases={""1"": 23, ""2"": 7, ""3"": 0, ""4"": 20, ""9"": 2}"
A4_prov_2012-2025,A4_prov_2012-2025_mediana_c422_m0.25_r1.25_e1.2_s1_u0.0,"brecha=P-c(1+m)-S/e; clases 1-4,9",2021,2026,52,,,,,,,"clases={""1"": 26, ""2"": 4, ""3"": 0, ""4"": 20, ""9"": 2}"
A4_prov_2012-2025,A4_prov_2012-2025_mediana_c422_m0.25_r1.25_e1.2_s1_u0.1,"brecha=P-c(1+m)-S/e; clases 1-4,9",2021,2026,52,,,,,,,"clases={""1"": 24, ""2"": 6, ""3"": 0, ""4"": 20, ""9"": 2}"
A4_prov_2012-2025,A4_prov_2012-2025_mediana_c422_m0.25_r1.25_e1.2_s1_u0.25,"brecha=P-c(1+m)-S/e; clases 1-4,9",2021,2026,52,,,,,,,"clases={""1"": 23, ""2"": 7, ""3"": 0, ""4"": 20, ""9"": 2}"
A4_prov_2012-2025,A4_prov_2012-2025_mediana_c422_m0.25_r1.25_e1.6_s0_u0.0,"brecha=P-c(1+m)-S/e; clases 1-4,9",2021,2026,52,,,,,,,"clases={""1"": 26, ""2"": 4, ""3"": 0, ""4"": 20, ""9"": 2}"
A4_prov_2012-2025,A4_prov_2012-2025_mediana_c422_m0.25_r1.25_e1.6_s0_u0.1,"brecha=P-c(1+m)-S/e; clases 1-4,9",2021,2026,52,,,,,,,"clases={""1"": 24, ""2"": 6, ""3"": 0, ""4"": 20, ""9"": 2}"
A4_prov_2012-2025,A4_prov_2012-2025_mediana_c422_m0.25_r1.25_e1.6_s0_u0.25,"brecha=P-c(1+m)-S/e; clases 1-4,9",2021,2026,52,,,,,,,"clases={""1"": 23, ""2"": 7, ""3"": 0, ""4"": 20, ""9"": 2}"
A4_prov_2012-2025,A4_prov_2012-2025_mediana_c422_m0.25_r1.25_e1.6_s1_u0.0,"brecha=P-c(1+m)-S/e; clases 1-4,9",2021,2026,52,,,,,,,"clases={""1"": 26, ""2"": 4, ""3"": 0, ""4"": 20, ""9"": 2}"
A4_prov_2012-2025,A4_prov_2012-2025_mediana_c422_m0.25_r1.25_e1.6_s1_u0.1,"brecha=P-c(1+m)-S/e; clases 1-4,9",2021,2026,52,,,,,,,"clases={""1"": 24, ""2"": 6, ""3"": 0, ""4"": 20, ""9"": 2}"
A4_prov_2012-2025,A4_prov_2012-2025_mediana_c422_m0.25_r1.25_e1.6_s1_u0.25,"brecha=P-c(1+m)-S/e; clases 1-4,9",2021,2026,52,,,,,,,"clases={""1"": 23, ""2"": 7, ""3"": 0, ""4"": 20, ""9"": 2}"
A4_prov_2012-2025,A4_prov_2012-2025_mediana_c422_m0.25_r1.5_e0.8_s0_u0.0,"brecha=P-c(1+m)-S/e; clases 1-4,9",2021,2026,52,,,,,,,"clases={""1"": 26, ""2"": 4, ""3"": 0, ""4"": 20, ""9"": 2}"
A4_prov_2012-2025,A4_prov_2012-2025_mediana_c422_m0.25_r1.5_e0.8_s0_u0.1,"brecha=P-c(1+m)-S/e; clases 1-4,9",2021,2026,52,,,,,,,"clases={""1"": 24, ""2"": 6, ""3"": 0, ""4"": 20, ""9"": 2}"
A4_prov_2012-2025,A4_prov_2012-2025_mediana_c422_m0.25_r1.5_e0.8_s0_u0.25,"brecha=P-c(1+m)-S/e; clases 1-4,9",2021,2026,52,,,,,,,"clases={""1"": 23, ""2"": 7, ""3"": 0, ""4"": 20, ""9"": 2}"
A4_prov_2012-2025,A4_prov_2012-2025_mediana_c422_m0.25_r1.5_e0.8_s1_u0.0,"brecha=P-c(1+m)-S/e; clases 1-4,9",2021,2026,52,,,,,,,"clases={""1"": 27, ""2"": 3, ""3"": 0, ""4"": 20, ""9"": 2}"
A4_prov_2012-2025,A4_prov_2012-2025_mediana_c422_m0.25_r1.5_e0.8_s1_u0.1,"brecha=P-c(1+m)-S/e; clases 1-4,9",2021,2026,52,,,,,,,"clases={""1"": 25, ""2"": 5, ""3"": 0, ""4"": 20, ""9"": 2}"
A4_prov_2012-2025,A4_prov_2012-2025_mediana_c422_m0.25_r1.5_e0.8_s1_u0.25,"brecha=P-c(1+m)-S/e; clases 1-4,9",2021,2026,52,,,,,,,"clases={""1"": 24, ""2"": 6, ""3"": 0, ""4"": 20, ""9"": 2}"
A4_prov_2012-2025,A4_prov_2012-2025_mediana_c422_m0.25_r1.5_e1.2_s0_u0.0,"brecha=P-c(1+m)-S/e; clases 1-4,9",2021,2026,52,,,,,,,"clases={""1"": 26, ""2"": 4, ""3"": 0, ""4"": 20, ""9"": 2}"
A4_prov_2012-2025,A4_prov_2012-2025_mediana_c422_m0.25_r1.5_e1.2_s0_u0.1,"brecha=P-c(1+m)-S/e; clases 1-4,9",2021,2026,52,,,,,,,"clases={""1"": 24, ""2"": 6, ""3"": 0, ""4"": 20, ""9"": 2}"
A4_prov_2012-2025,A4_prov_2012-2025_mediana_c422_m0.25_r1.5_e1.2_s0_u0.25,"brecha=P-c(1+m)-S/e; clases 1-4,9",2021,2026,52,,,,,,,"clases={""1"": 23, ""2"": 7, ""3"": 0, ""4"": 20, ""9"": 2}"
A4_prov_2012-2025,A4_prov_2012-2025_mediana_c422_m0.25_r1.5_e1.2_s1_u0.0,"brecha=P-c(1+m)-S/e; clases 1-4,9",2021,2026,52,,,,,,,"clases={""1"": 26, ""2"": 4, ""3"": 0, ""4"": 20, ""9"": 2}"
A4_prov_2012-2025,A4_prov_2012-2025_mediana_c422_m0.25_r1.5_e1.2_s1_u0.1,"brecha=P-c(1+m)-S/e; clases 1-4,9",2021,2026,52,,,,,,,"clases={""1"": 24, ""2"": 6, ""3"": 0, ""4"": 20, ""9"": 2}"
A4_prov_2012-2025,A4_prov_2012-2025_mediana_c422_m0.25_r1.5_e1.2_s1_u0.25,"brecha=P-c(1+m)-S/e; clases 1-4,9",2021,2026,52,,,,,,,"clases={""1"": 23, ""2"": 7, ""3"": 0, ""4"": 20, ""9"": 2}"
A4_prov_2012-2025,A4_prov_2012-2025_mediana_c422_m0.25_r1.5_e1.6_s0_u0.0,"brecha=P-c(1+m)-S/e; clases 1-4,9",2021,2026,52,,,,,,,"clases={""1"": 26, ""2"": 4, ""3"": 0, ""4"": 20, ""9"": 2}"
A4_prov_2012-2025,A4_prov_2012-2025_mediana_c422_m0.25_r1.5_e1.6_s0_u0.1,"brecha=P-c(1+m)-S/e; clases 1-4,9",2021,2026,52,,,,,,,"clases={""1"": 24, ""2"": 6, ""3"": 0, ""4"": 20, ""9"": 2}"
A4_prov_2012-2025,A4_prov_2012-2025_mediana_c422_m0.25_r1.5_e1.6_s0_u0.25,"brecha=P-c(1+m)-S/e; clases 1-4,9",2021,2026,52,,,,,,,"clases={""1"": 23, ""2"": 7, ""3"": 0, ""4"": 20, ""9"": 2}"
A4_prov_2012-2025,A4_prov_2012-2025_mediana_c422_m0.25_r1.5_e1.6_s1_u0.0,"brecha=P-c(1+m)-S/e; clases 1-4,9",2021,2026,52,,,,,,,"clases={""1"": 26, ""2"": 4, ""3"": 0, ""4"": 20, ""9"": 2}"
A4_prov_2012-2025,A4_prov_2012-2025_mediana_c422_m0.25_r1.5_e1.6_s1_u0.1,"brecha=P-c(1+m)-S/e; clases 1-4,9",2021,2026,52,,,,,,,"clases={""1"": 24, ""2"": 6, ""3"": 0, ""4"": 20, ""9"": 2}"
A4_prov_2012-2025,A4_prov_2012-2025_mediana_c422_m0.25_r1.5_e1.6_s1_u0.25,"brecha=P-c(1+m)-S/e; clases 1-4,9",2021,2026,52,,,,,,,"clases={""1"": 23, ""2"": 7, ""3"": 0, ""4"": 20, ""9"": 2}"
A4_prov_2012-2025,A4_prov_2012-2025_mediana_c549_m0.15_r1.25_e0.8_s0_u0.0,"brecha=P-c(1+m)-S/e; clases 1-4,9",2021,2026,52,,,,,,,"clases={""1"": 26, ""2"": 4, ""3"": 0, ""4"": 20, ""9"": 2}"
A4_prov_2012-2025,A4_prov_2012-2025_mediana_c549_m0.15_r1.25_e0.8_s0_u0.1,"brecha=P-c(1+m)-S/e; clases 1-4,9",2021,2026,52,,,,,,,"clases={""1"": 24, ""2"": 6, ""3"": 0, ""4"": 20, ""9"": 2}"
A4_prov_2012-2025,A4_prov_2012-2025_mediana_c549_m0.15_r1.25_e0.8_s0_u0.25,"brecha=P-c(1+m)-S/e; clases 1-4,9",2021,2026,52,,,,,,,"clases={""1"": 23, ""2"": 7, ""3"": 0, ""4"": 20, ""9"": 2}"
A4_prov_2012-2025,A4_prov_2012-2025_mediana_c549_m0.15_r1.25_e0.8_s1_u0.0,"brecha=P-c(1+m)-S/e; clases 1-4,9",2021,2026,52,,,,,,,"clases={""1"": 27, ""2"": 3, ""3"": 0, ""4"": 20, ""9"": 2}"
A4_prov_2012-2025,A4_prov_2012-2025_mediana_c549_m0.15_r1.25_e0.8_s1_u0.1,"brecha=P-c(1+m)-S/e; clases 1-4,9",2021,2026,52,,,,,,,"clases={""1"": 25, ""2"": 5, ""3"": 0, ""4"": 20, ""9"": 2}"
A4_prov_2012-2025,A4_prov_2012-2025_mediana_c549_m0.15_r1.25_e0.8_s1_u0.25,"brecha=P-c(1+m)-S/e; clases 1-4,9",2021,2026,52,,,,,,,"clases={""1"": 24, ""2"": 6, ""3"": 0, ""4"": 20, ""9"": 2}"
A4_prov_2012-2025,A4_prov_2012-2025_mediana_c549_m0.15_r1.25_e1.2_s0_u0.0,"brecha=P-c(1+m)-S/e; clases 1-4,9",2021,2026,52,,,,,,,"clases={""1"": 26, ""2"": 4, ""3"": 0, ""4"": 20, ""9"": 2}"
A4_prov_2012-2025,A4_prov_2012-2025_mediana_c549_m0.15_r1.25_e1.2_s0_u0.1,"brecha=P-c(1+m)-S/e; clases 1-4,9",2021,2026,52,,,,,,,"clases={""1"": 24, ""2"": 6, ""3"": 0, ""4"": 20, ""9"": 2}"
A4_prov_2012-2025,A4_prov_2012-2025_mediana_c549_m0.15_r1.25_e1.2_s0_u0.25,"brecha=P-c(1+m)-S/e; clases 1-4,9",2021,2026,52,,,,,,,"clases={""1"": 23, ""2"": 7, ""3"": 0, ""4"": 20, ""9"": 2}"
A4_prov_2012-2025,A4_prov_2012-2025_mediana_c549_m0.15_r1.25_e1.2_s1_u0.0,"brecha=P-c(1+m)-S/e; clases 1-4,9",2021,2026,52,,,,,,,"clases={""1"": 26, ""2"": 4, ""3"": 0, ""4"": 20, ""9"": 2}"
A4_prov_2012-2025,A4_prov_2012-2025_mediana_c549_m0.15_r1.25_e1.2_s1_u0.1,"brecha=P-c(1+m)-S/e; clases 1-4,9",2021,2026,52,,,,,,,"clases={""1"": 24, ""2"": 6, ""3"": 0, ""4"": 20, ""9"": 2}"
A4_prov_2012-2025,A4_prov_2012-2025_mediana_c549_m0.15_r1.25_e1.2_s1_u0.25,"brecha=P-c(1+m)-S/e; clases 1-4,9",2021,2026,52,,,,,,,"clases={""1"": 23, ""2"": 7, ""3"": 0, ""4"": 20, ""9"": 2}"
A4_prov_2012-2025,A4_prov_2012-2025_mediana_c549_m0.15_r1.25_e1.6_s0_u0.0,"brecha=P-c(1+m)-S/e; clases 1-4,9",2021,2026,52,,,,,,,"clases={""1"": 26, ""2"": 4, ""3"": 0, ""4"": 20, ""9"": 2}"
A4_prov_2012-2025,A4_prov_2012-2025_mediana_c549_m0.15_r1.25_e1.6_s0_u0.1,"brecha=P-c(1+m)-S/e; clases 1-4,9",2021,2026,52,,,,,,,"clases={""1"": 24, ""2"": 6, ""3"": 0, ""4"": 20, ""9"": 2}"
A4_prov_2012-2025,A4_prov_2012-2025_mediana_c549_m0.15_r1.25_e1.6_s0_u0.25,"brecha=P-c(1+m)-S/e; clases 1-4,9",2021,2026,52,,,,,,,"clases={""1"": 23, ""2"": 7, ""3"": 0, ""4"": 20, ""9"": 2}"
A4_prov_2012-2025,A4_prov_2012-2025_mediana_c549_m0.15_r1.25_e1.6_s1_u0.0,"brecha=P-c(1+m)-S/e; clases 1-4,9",2021,2026,52,,,,,,,"clases={""1"": 26, ""2"": 4, ""3"": 0, ""4"": 20, ""9"": 2}"
A4_prov_2012-2025,A4_prov_2012-2025_mediana_c549_m0.15_r1.25_e1.6_s1_u0.1,"brecha=P-c(1+m)-S/e; clases 1-4,9",2021,2026,52,,,,,,,"clases={""1"": 24, ""2"": 6, ""3"": 0, ""4"": 20, ""9"": 2}"
A4_prov_2012-2025,A4_prov_2012-2025_mediana_c549_m0.15_r1.25_e1.6_s1_u0.25,"brecha=P-c(1+m)-S/e; clases 1-4,9",2021,2026,52,,,,,,,"clases={""1"": 23, ""2"": 7, ""3"": 0, ""4"": 20, ""9"": 2}"
A4_prov_2012-2025,A4_prov_2012-2025_mediana_c549_m0.15_r1.5_e0.8_s0_u0.0,"brecha=P-c(1+m)-S/e; clases 1-4,9",2021,2026,52,,,,,,,"clases={""1"": 27, ""2"": 3, ""3"": 0, ""4"": 20, ""9"": 2}"
A4_prov_2012-2025,A4_prov_2012-2025_mediana_c549_m0.15_r1.5_e0.8_s0_u0.1,"brecha=P-c(1+m)-S/e; clases 1-4,9",2021,2026,52,,,,,,,"clases={""1"": 25, ""2"": 5, ""3"": 0, ""4"": 20, ""9"": 2}"
A4_prov_2012-2025,A4_prov_2012-2025_mediana_c549_m0.15_r1.5_e0.8_s0_u0.25,"brecha=P-c(1+m)-S/e; clases 1-4,9",2021,2026,52,,,,,,,"clases={""1"": 24, ""2"": 6, ""3"": 0, ""4"": 20, ""9"": 2}"
A4_prov_2012-2025,A4_prov_2012-2025_mediana_c549_m0.15_r1.5_e0.8_s1_u0.0,"brecha=P-c(1+m)-S/e; clases 1-4,9",2021,2026,52,,,,,,,"clases={""1"": 27, ""2"": 3, ""3"": 0, ""4"": 20, ""9"": 2}"
A4_prov_2012-2025,A4_prov_2012-2025_mediana_c549_m0.15_r1.5_e0.8_s1_u0.1,"brecha=P-c(1+m)-S/e; clases 1-4,9",2021,2026,52,,,,,,,"clases={""1"": 25, ""2"": 5, ""3"": 0, ""4"": 20, ""9"": 2}"
A4_prov_2012-2025,A4_prov_2012-2025_mediana_c549_m0.15_r1.5_e0.8_s1_u0.25,"brecha=P-c(1+m)-S/e; clases 1-4,9",2021,2026,52,,,,,,,"clases={""1"": 25, ""2"": 5, ""3"": 0, ""4"": 20, ""9"": 2}"
A4_prov_2012-2025,A4_prov_2012-2025_mediana_c549_m0.15_r1.5_e1.2_s0_u0.0,"brecha=P-c(1+m)-S/e; clases 1-4,9",2021,2026,52,,,,,,,"clases={""1"": 26, ""2"": 4, ""3"": 0, ""4"": 20, ""9"": 2}"
A4_prov_2012-2025,A4_prov_2012-2025_mediana_c549_m0.15_r1.5_e1.2_s0_u0.1,"brecha=P-c(1+m)-S/e; clases 1-4,9",2021,2026,52,,,,,,,"clases={""1"": 24, ""2"": 6, ""3"": 0, ""4"": 20, ""9"": 2}"
A4_prov_2012-2025,A4_prov_2012-2025_mediana_c549_m0.15_r1.5_e1.2_s0_u0.25,"brecha=P-c(1+m)-S/e; clases 1-4,9",2021,2026,52,,,,,,,"clases={""1"": 23, ""2"": 7, ""3"": 0, ""4"": 20, ""9"": 2}"
A4_prov_2012-2025,A4_prov_2012-2025_mediana_c549_m0.15_r1.5_e1.2_s1_u0.0,"brecha=P-c(1+m)-S/e; clases 1-4,9",2021,2026,52,,,,,,,"clases={""1"": 27, ""2"": 3, ""3"": 0, ""4"": 20, ""9"": 2}"
A4_prov_2012-2025,A4_prov_2012-2025_mediana_c549_m0.15_r1.5_e1.2_s1_u0.1,"brecha=P-c(1+m)-S/e; clases 1-4,9",2021,2026,52,,,,,,,"clases={""1"": 25, ""2"": 5, ""3"": 0, ""4"": 20, ""9"": 2}"
A4_prov_2012-2025,A4_prov_2012-2025_mediana_c549_m0.15_r1.5_e1.2_s1_u0.25,"brecha=P-c(1+m)-S/e; clases 1-4,9",2021,2026,52,,,,,,,"clases={""1"": 24, ""2"": 6, ""3"": 0, ""4"": 20, ""9"": 2}"
A4_prov_2012-2025,A4_prov_2012-2025_mediana_c549_m0.15_r1.5_e1.6_s0_u0.0,"brecha=P-c(1+m)-S/e; clases 1-4,9",2021,2026,52,,,,,,,"clases={""1"": 26, ""2"": 4, ""3"": 0, ""4"": 20, ""9"": 2}"
A4_prov_2012-2025,A4_prov_2012-2025_mediana_c549_m0.15_r1.5_e1.6_s0_u0.1,"brecha=P-c(1+m)-S/e; clases 1-4,9",2021,2026,52,,,,,,,"clases={""1"": 24, ""2"": 6, ""3"": 0, ""4"": 20, ""9"": 2}"
A4_prov_2012-2025,A4_prov_2012-2025_mediana_c549_m0.15_r1.5_e1.6_s0_u0.25,"brecha=P-c(1+m)-S/e; clases 1-4,9",2021,2026,52,,,,,,,"clases={""1"": 23, ""2"": 7, ""3"": 0, ""4"": 20, ""9"": 2}"
A4_prov_2012-2025,A4_prov_2012-2025_mediana_c549_m0.15_r1.5_e1.6_s1_u0.0,"brecha=P-c(1+m)-S/e; clases 1-4,9",2021,2026,52,,,,,,,"clases={""1"": 27, ""2"": 3, ""3"": 0, ""4"": 20, ""9"": 2}"
A4_prov_2012-2025,A4_prov_2012-2025_mediana_c549_m0.15_r1.5_e1.6_s1_u0.1,"brecha=P-c(1+m)-S/e; clases 1-4,9",2021,2026,52,,,,,,,"clases={""1"": 25, ""2"": 5, ""3"": 0, ""4"": 20, ""9"": 2}"
A4_prov_2012-2025,A4_prov_2012-2025_mediana_c549_m0.15_r1.5_e1.6_s1_u0.25,"brecha=P-c(1+m)-S/e; clases 1-4,9",2021,2026,52,,,,,,,"clases={""1"": 24, ""2"": 6, ""3"": 0, ""4"": 20, ""9"": 2}"
A4_prov_2012-2025,A4_prov_2012-2025_mediana_c549_m0.2_r1.25_e0.8_s0_u0.0,"brecha=P-c(1+m)-S/e; clases 1-4,9",2021,2026,52,,,,,,,"clases={""1"": 26, ""2"": 4, ""3"": 0, ""4"": 20, ""9"": 2}"
A4_prov_2012-2025,A4_prov_2012-2025_mediana_c549_m0.2_r1.25_e0.8_s0_u0.1,"brecha=P-c(1+m)-S/e; clases 1-4,9",2021,2026,52,,,,,,,"clases={""1"": 24, ""2"": 6, ""3"": 0, ""4"": 20, ""9"": 2}"
A4_prov_2012-2025,A4_prov_2012-2025_mediana_c549_m0.2_r1.25_e0.8_s0_u0.25,"brecha=P-c(1+m)-S/e; clases 1-4,9",2021,2026,52,,,,,,,"clases={""1"": 23, ""2"": 7, ""3"": 0, ""4"": 20, ""9"": 2}"
A4_prov_2012-2025,A4_prov_2012-2025_mediana_c549_m0.2_r1.25_e0.8_s1_u0.0,"brecha=P-c(1+m)-S/e; clases 1-4,9",2021,2026,52,,,,,,,"clases={""1"": 27, ""2"": 3, ""3"": 0, ""4"": 20, ""9"": 2}"
A4_prov_2012-2025,A4_prov_2012-2025_mediana_c549_m0.2_r1.25_e0.8_s1_u0.1,"brecha=P-c(1+m)-S/e; clases 1-4,9",2021,2026,52,,,,,,,"clases={""1"": 25, ""2"": 5, ""3"": 0, ""4"": 20, ""9"": 2}"
A4_prov_2012-2025,A4_prov_2012-2025_mediana_c549_m0.2_r1.25_e0.8_s1_u0.25,"brecha=P-c(1+m)-S/e; clases 1-4,9",2021,2026,52,,,,,,,"clases={""1"": 24, ""2"": 6, ""3"": 0, ""4"": 20, ""9"": 2}"
A4_prov_2012-2025,A4_prov_2012-2025_mediana_c549_m0.2_r1.25_e1.2_s0_u0.0,"brecha=P-c(1+m)-S/e; clases 1-4,9",2021,2026,52,,,,,,,"clases={""1"": 26, ""2"": 4, ""3"": 0, ""4"": 20, ""9"": 2}"
A4_prov_2012-2025,A4_prov_2012-2025_mediana_c549_m0.2_r1.25_e1.2_s0_u0.1,"brecha=P-c(1+m)-S/e; clases 1-4,9",2021,2026,52,,,,,,,"clases={""1"": 24, ""2"": 6, ""3"": 0, ""4"": 20, ""9"": 2}"
A4_prov_2012-2025,A4_prov_2012-2025_mediana_c549_m0.2_r1.25_e1.2_s0_u0.25,"brecha=P-c(1+m)-S/e; clases 1-4,9",2021,2026,52,,,,,,,"clases={""1"": 23, ""2"": 7, ""3"": 0, ""4"": 20, ""9"": 2}"
A4_prov_2012-2025,A4_prov_2012-2025_mediana_c549_m0.2_r1.25_e1.2_s1_u0.0,"brecha=P-c(1+m)-S/e; clases 1-4,9",2021,2026,52,,,,,,,"clases={""1"": 26, ""2"": 4, ""3"": 0, ""4"": 20, ""9"": 2}"
A4_prov_2012-2025,A4_prov_2012-2025_mediana_c549_m0.2_r1.25_e1.2_s1_u0.1,"brecha=P-c(1+m)-S/e; clases 1-4,9",2021,2026,52,,,,,,,"clases={""1"": 24, ""2"": 6, ""3"": 0, ""4"": 20, ""9"": 2}"
A4_prov_2012-2025,A4_prov_2012-2025_mediana_c549_m0.2_r1.25_e1.2_s1_u0.25,"brecha=P-c(1+m)-S/e; clases 1-4,9",2021,2026,52,,,,,,,"clases={""1"": 23, ""2"": 7, ""3"": 0, ""4"": 20, ""9"": 2}"
A4_prov_2012-2025,A4_prov_2012-2025_mediana_c549_m0.2_r1.25_e1.6_s0_u0.0,"brecha=P-c(1+m)-S/e; clases 1-4,9",2021,2026,52,,,,,,,"clases={""1"": 26, ""2"": 4, ""3"": 0, ""4"": 20, ""9"": 2}"
A4_prov_2012-2025,A4_prov_2012-2025_mediana_c549_m0.2_r1.25_e1.6_s0_u0.1,"brecha=P-c(1+m)-S/e; clases 1-4,9",2021,2026,52,,,,,,,"clases={""1"": 24, ""2"": 6, ""3"": 0, ""4"": 20, ""9"": 2}"
A4_prov_2012-2025,A4_prov_2012-2025_mediana_c549_m0.2_r1.25_e1.6_s0_u0.25,"brecha=P-c(1+m)-S/e; clases 1-4,9",2021,2026,52,,,,,,,"clases={""1"": 23, ""2"": 7, ""3"": 0, ""4"": 20, ""9"": 2}"
A4_prov_2012-2025,A4_prov_2012-2025_mediana_c549_m0.2_r1.25_e1.6_s1_u0.0,"brecha=P-c(1+m)-S/e; clases 1-4,9",2021,2026,52,,,,,,,"clases={""1"": 26, ""2"": 4, ""3"": 0, ""4"": 20, ""9"": 2}"
A4_prov_2012-2025,A4_prov_2012-2025_mediana_c549_m0.2_r1.25_e1.6_s1_u0.1,"brecha=P-c(1+m)-S/e; clases 1-4,9",2021,2026,52,,,,,,,"clases={""1"": 24, ""2"": 6, ""3"": 0, ""4"": 20, ""9"": 2}"
A4_prov_2012-2025,A4_prov_2012-2025_mediana_c549_m0.2_r1.25_e1.6_s1_u0.25,"brecha=P-c(1+m)-S/e; clases 1-4,9",2021,2026,52,,,,,,,"clases={""1"": 23, ""2"": 7, ""3"": 0, ""4"": 20, ""9"": 2}"
A4_prov_2012-2025,A4_prov_2012-2025_mediana_c549_m0.2_r1.5_e0.8_s0_u0.0,"brecha=P-c(1+m)-S/e; clases 1-4,9",2021,2026,52,,,,,,,"clases={""1"": 27, ""2"": 3, ""3"": 0, ""4"": 20, ""9"": 2}"
A4_prov_2012-2025,A4_prov_2012-2025_mediana_c549_m0.2_r1.5_e0.8_s0_u0.1,"brecha=P-c(1+m)-S/e; clases 1-4,9",2021,2026,52,,,,,,,"clases={""1"": 25, ""2"": 5, ""3"": 0, ""4"": 20, ""9"": 2}"
A4_prov_2012-2025,A4_prov_2012-2025_mediana_c549_m0.2_r1.5_e0.8_s0_u0.25,"brecha=P-c(1+m)-S/e; clases 1-4,9",2021,2026,52,,,,,,,"clases={""1"": 24, ""2"": 6, ""3"": 0, ""4"": 20, ""9"": 2}"
A4_prov_2012-2025,A4_prov_2012-2025_mediana_c549_m0.2_r1.5_e0.8_s1_u0.0,"brecha=P-c(1+m)-S/e; clases 1-4,9",2021,2026,52,,,,,,,"clases={""1"": 27, ""2"": 3, ""3"": 0, ""4"": 20, ""9"": 2}"
A4_prov_2012-2025,A4_prov_2012-2025_mediana_c549_m0.2_r1.5_e0.8_s1_u0.1,"brecha=P-c(1+m)-S/e; clases 1-4,9",2021,2026,52,,,,,,,"clases={""1"": 25, ""2"": 5, ""3"": 0, ""4"": 20, ""9"": 2}"
A4_prov_2012-2025,A4_prov_2012-2025_mediana_c549_m0.2_r1.5_e0.8_s1_u0.25,"brecha=P-c(1+m)-S/e; clases 1-4,9",2021,2026,52,,,,,,,"clases={""1"": 25, ""2"": 5, ""3"": 0, ""4"": 20, ""9"": 2}"
A4_prov_2012-2025,A4_prov_2012-2025_mediana_c549_m0.2_r1.5_e1.2_s0_u0.0,"brecha=P-c(1+m)-S/e; clases 1-4,9",2021,2026,52,,,,,,,"clases={""1"": 26, ""2"": 4, ""3"": 0, ""4"": 20, ""9"": 2}"
A4_prov_2012-2025,A4_prov_2012-2025_mediana_c549_m0.2_r1.5_e1.2_s0_u0.1,"brecha=P-c(1+m)-S/e; clases 1-4,9",2021,2026,52,,,,,,,"clases={""1"": 24, ""2"": 6, ""3"": 0, ""4"": 20, ""9"": 2}"
A4_prov_2012-2025,A4_prov_2012-2025_mediana_c549_m0.2_r1.5_e1.2_s0_u0.25,"brecha=P-c(1+m)-S/e; clases 1-4,9",2021,2026,52,,,,,,,"clases={""1"": 23, ""2"": 7, ""3"": 0, ""4"": 20, ""9"": 2}"
A4_prov_2012-2025,A4_prov_2012-2025_mediana_c549_m0.2_r1.5_e1.2_s1_u0.0,"brecha=P-c(1+m)-S/e; clases 1-4,9",2021,2026,52,,,,,,,"clases={""1"": 27, ""2"": 3, ""3"": 0, ""4"": 20, ""9"": 2}"
A4_prov_2012-2025,A4_prov_2012-2025_mediana_c549_m0.2_r1.5_e1.2_s1_u0.1,"brecha=P-c(1+m)-S/e; clases 1-4,9",2021,2026,52,,,,,,,"clases={""1"": 25, ""2"": 5, ""3"": 0, ""4"": 20, ""9"": 2}"
A4_prov_2012-2025,A4_prov_2012-2025_mediana_c549_m0.2_r1.5_e1.2_s1_u0.25,"brecha=P-c(1+m)-S/e; clases 1-4,9",2021,2026,52,,,,,,,"clases={""1"": 24, ""2"": 6, ""3"": 0, ""4"": 20, ""9"": 2}"
A4_prov_2012-2025,A4_prov_2012-2025_mediana_c549_m0.2_r1.5_e1.6_s0_u0.0,"brecha=P-c(1+m)-S/e; clases 1-4,9",2021,2026,52,,,,,,,"clases={""1"": 26, ""2"": 4, ""3"": 0, ""4"": 20, ""9"": 2}"
A4_prov_2012-2025,A4_prov_2012-2025_mediana_c549_m0.2_r1.5_e1.6_s0_u0.1,"brecha=P-c(1+m)-S/e; clases 1-4,9",2021,2026,52,,,,,,,"clases={""1"": 24, ""2"": 6, ""3"": 0, ""4"": 20, ""9"": 2}"
A4_prov_2012-2025,A4_prov_2012-2025_mediana_c549_m0.2_r1.5_e1.6_s0_u0.25,"brecha=P-c(1+m)-S/e; clases 1-4,9",2021,2026,52,,,,,,,"clases={""1"": 23, ""2"": 7, ""3"": 0, ""4"": 20, ""9"": 2}"
A4_prov_2012-2025,A4_prov_2012-2025_mediana_c549_m0.2_r1.5_e1.6_s1_u0.0,"brecha=P-c(1+m)-S/e; clases 1-4,9",2021,2026,52,,,,,,,"clases={""1"": 27, ""2"": 3, ""3"": 0, ""4"": 20, ""9"": 2}"
A4_prov_2012-2025,A4_prov_2012-2025_mediana_c549_m0.2_r1.5_e1.6_s1_u0.1,"brecha=P-c(1+m)-S/e; clases 1-4,9",2021,2026,52,,,,,,,"clases={""1"": 25, ""2"": 5, ""3"": 0, ""4"": 20, ""9"": 2}"
A4_prov_2012-2025,A4_prov_2012-2025_mediana_c549_m0.2_r1.5_e1.6_s1_u0.25,"brecha=P-c(1+m)-S/e; clases 1-4,9",2021,2026,52,,,,,,,"clases={""1"": 24, ""2"": 6, ""3"": 0, ""4"": 20, ""9"": 2}"
A4_prov_2012-2025,A4_prov_2012-2025_mediana_c549_m0.25_r1.25_e0.8_s0_u0.0,"brecha=P-c(1+m)-S/e; clases 1-4,9",2021,2026,52,,,,,,,"clases={""1"": 26, ""2"": 4, ""3"": 0, ""4"": 20, ""9"": 2}"
A4_prov_2012-2025,A4_prov_2012-2025_mediana_c549_m0.25_r1.25_e0.8_s0_u0.1,"brecha=P-c(1+m)-S/e; clases 1-4,9",2021,2026,52,,,,,,,"clases={""1"": 24, ""2"": 6, ""3"": 0, ""4"": 20, ""9"": 2}"
A4_prov_2012-2025,A4_prov_2012-2025_mediana_c549_m0.25_r1.25_e0.8_s0_u0.25,"brecha=P-c(1+m)-S/e; clases 1-4,9",2021,2026,52,,,,,,,"clases={""1"": 23, ""2"": 7, ""3"": 0, ""4"": 20, ""9"": 2}"
A4_prov_2012-2025,A4_prov_2012-2025_mediana_c549_m0.25_r1.25_e0.8_s1_u0.0,"brecha=P-c(1+m)-S/e; clases 1-4,9",2021,2026,52,,,,,,,"clases={""1"": 26, ""2"": 3, ""3"": 1, ""4"": 20, ""9"": 2}"
A4_prov_2012-2025,A4_prov_2012-2025_mediana_c549_m0.25_r1.25_e0.8_s1_u0.1,"brecha=P-c(1+m)-S/e; clases 1-4,9",2021,2026,52,,,,,,,"clases={""1"": 24, ""2"": 5, ""3"": 1, ""4"": 20, ""9"": 2}"
A4_prov_2012-2025,A4_prov_2012-2025_mediana_c549_m0.25_r1.25_e0.8_s1_u0.25,"brecha=P-c(1+m)-S/e; clases 1-4,9",2021,2026,52,,,,,,,"clases={""1"": 23, ""2"": 6, ""3"": 1, ""4"": 20, ""9"": 2}"
A4_prov_2012-2025,A4_prov_2012-2025_mediana_c549_m0.25_r1.25_e1.2_s0_u0.0,"brecha=P-c(1+m)-S/e; clases 1-4,9",2021,2026,52,,,,,,,"clases={""1"": 26, ""2"": 4, ""3"": 0, ""4"": 20, ""9"": 2}"
A4_prov_2012-2025,A4_prov_2012-2025_mediana_c549_m0.25_r1.25_e1.2_s0_u0.1,"brecha=P-c(1+m)-S/e; clases 1-4,9",2021,2026,52,,,,,,,"clases={""1"": 24, ""2"": 6, ""3"": 0, ""4"": 20, ""9"": 2}"
A4_prov_2012-2025,A4_prov_2012-2025_mediana_c549_m0.25_r1.25_e1.2_s0_u0.25,"brecha=P-c(1+m)-S/e; clases 1-4,9",2021,2026,52,,,,,,,"clases={""1"": 23, ""2"": 7, ""3"": 0, ""4"": 20, ""9"": 2}"
A4_prov_2012-2025,A4_prov_2012-2025_mediana_c549_m0.25_r1.25_e1.2_s1_u0.0,"brecha=P-c(1+m)-S/e; clases 1-4,9",2021,2026,52,,,,,,,"clases={""1"": 26, ""2"": 4, ""3"": 0, ""4"": 20, ""9"": 2}"
A4_prov_2012-2025,A4_prov_2012-2025_mediana_c549_m0.25_r1.25_e1.2_s1_u0.1,"brecha=P-c(1+m)-S/e; clases 1-4,9",2021,2026,52,,,,,,,"clases={""1"": 24, ""2"": 6, ""3"": 0, ""4"": 20, ""9"": 2}"
A4_prov_2012-2025,A4_prov_2012-2025_mediana_c549_m0.25_r1.25_e1.2_s1_u0.25,"brecha=P-c(1+m)-S/e; clases 1-4,9",2021,2026,52,,,,,,,"clases={""1"": 23, ""2"": 7, ""3"": 0, ""4"": 20, ""9"": 2}"
A4_prov_2012-2025,A4_prov_2012-2025_mediana_c549_m0.25_r1.25_e1.6_s0_u0.0,"brecha=P-c(1+m)-S/e; clases 1-4,9",2021,2026,52,,,,,,,"clases={""1"": 26, ""2"": 4, ""3"": 0, ""4"": 20, ""9"": 2}"
A4_prov_2012-2025,A4_prov_2012-2025_mediana_c549_m0.25_r1.25_e1.6_s0_u0.1,"brecha=P-c(1+m)-S/e; clases 1-4,9",2021,2026,52,,,,,,,"clases={""1"": 24, ""2"": 6, ""3"": 0, ""4"": 20, ""9"": 2}"
A4_prov_2012-2025,A4_prov_2012-2025_mediana_c549_m0.25_r1.25_e1.6_s0_u0.25,"brecha=P-c(1+m)-S/e; clases 1-4,9",2021,2026,52,,,,,,,"clases={""1"": 23, ""2"": 7, ""3"": 0, ""4"": 20, ""9"": 2}"
A4_prov_2012-2025,A4_prov_2012-2025_mediana_c549_m0.25_r1.25_e1.6_s1_u0.0,"brecha=P-c(1+m)-S/e; clases 1-4,9",2021,2026,52,,,,,,,"clases={""1"": 26, ""2"": 4, ""3"": 0, ""4"": 20, ""9"": 2}"
A4_prov_2012-2025,A4_prov_2012-2025_mediana_c549_m0.25_r1.25_e1.6_s1_u0.1,"brecha=P-c(1+m)-S/e; clases 1-4,9",2021,2026,52,,,,,,,"clases={""1"": 24, ""2"": 6, ""3"": 0, ""4"": 20, ""9"": 2}"
A4_prov_2012-2025,A4_prov_2012-2025_mediana_c549_m0.25_r1.25_e1.6_s1_u0.25,"brecha=P-c(1+m)-S/e; clases 1-4,9",2021,2026,52,,,,,,,"clases={""1"": 23, ""2"": 7, ""3"": 0, ""4"": 20, ""9"": 2}"
A4_prov_2012-2025,A4_prov_2012-2025_mediana_c549_m0.25_r1.5_e0.8_s0_u0.0,"brecha=P-c(1+m)-S/e; clases 1-4,9",2021,2026,52,,,,,,,"clases={""1"": 27, ""2"": 3, ""3"": 0, ""4"": 20, ""9"": 2}"
A4_prov_2012-2025,A4_prov_2012-2025_mediana_c549_m0.25_r1.5_e0.8_s0_u0.1,"brecha=P-c(1+m)-S/e; clases 1-4,9",2021,2026,52,,,,,,,"clases={""1"": 25, ""2"": 5, ""3"": 0, ""4"": 20, ""9"": 2}"
A4_prov_2012-2025,A4_prov_2012-2025_mediana_c549_m0.25_r1.5_e0.8_s0_u0.25,"brecha=P-c(1+m)-S/e; clases 1-4,9",2021,2026,52,,,,,,,"clases={""1"": 24, ""2"": 6, ""3"": 0, ""4"": 20, ""9"": 2}"
A4_prov_2012-2025,A4_prov_2012-2025_mediana_c549_m0.25_r1.5_e0.8_s1_u0.0,"brecha=P-c(1+m)-S/e; clases 1-4,9",2021,2026,52,,,,,,,"clases={""1"": 26, ""2"": 3, ""3"": 1, ""4"": 20, ""9"": 2}"
A4_prov_2012-2025,A4_prov_2012-2025_mediana_c549_m0.25_r1.5_e0.8_s1_u0.1,"brecha=P-c(1+m)-S/e; clases 1-4,9",2021,2026,52,,,,,,,"clases={""1"": 24, ""2"": 5, ""3"": 1, ""4"": 20, ""9"": 2}"
A4_prov_2012-2025,A4_prov_2012-2025_mediana_c549_m0.25_r1.5_e0.8_s1_u0.25,"brecha=P-c(1+m)-S/e; clases 1-4,9",2021,2026,52,,,,,,,"clases={""1"": 24, ""2"": 5, ""3"": 1, ""4"": 20, ""9"": 2}"
A4_prov_2012-2025,A4_prov_2012-2025_mediana_c549_m0.25_r1.5_e1.2_s0_u0.0,"brecha=P-c(1+m)-S/e; clases 1-4,9",2021,2026,52,,,,,,,"clases={""1"": 26, ""2"": 4, ""3"": 0, ""4"": 20, ""9"": 2}"
A4_prov_2012-2025,A4_prov_2012-2025_mediana_c549_m0.25_r1.5_e1.2_s0_u0.1,"brecha=P-c(1+m)-S/e; clases 1-4,9",2021,2026,52,,,,,,,"clases={""1"": 24, ""2"": 6, ""3"": 0, ""4"": 20, ""9"": 2}"
A4_prov_2012-2025,A4_prov_2012-2025_mediana_c549_m0.25_r1.5_e1.2_s0_u0.25,"brecha=P-c(1+m)-S/e; clases 1-4,9",2021,2026,52,,,,,,,"clases={""1"": 23, ""2"": 7, ""3"": 0, ""4"": 20, ""9"": 2}"
A4_prov_2012-2025,A4_prov_2012-2025_mediana_c549_m0.25_r1.5_e1.2_s1_u0.0,"brecha=P-c(1+m)-S/e; clases 1-4,9",2021,2026,52,,,,,,,"clases={""1"": 27, ""2"": 3, ""3"": 0, ""4"": 20, ""9"": 2}"
A4_prov_2012-2025,A4_prov_2012-2025_mediana_c549_m0.25_r1.5_e1.2_s1_u0.1,"brecha=P-c(1+m)-S/e; clases 1-4,9",2021,2026,52,,,,,,,"clases={""1"": 25, ""2"": 5, ""3"": 0, ""4"": 20, ""9"": 2}"
A4_prov_2012-2025,A4_prov_2012-2025_mediana_c549_m0.25_r1.5_e1.2_s1_u0.25,"brecha=P-c(1+m)-S/e; clases 1-4,9",2021,2026,52,,,,,,,"clases={""1"": 24, ""2"": 6, ""3"": 0, ""4"": 20, ""9"": 2}"
A4_prov_2012-2025,A4_prov_2012-2025_mediana_c549_m0.25_r1.5_e1.6_s0_u0.0,"brecha=P-c(1+m)-S/e; clases 1-4,9",2021,2026,52,,,,,,,"clases={""1"": 26, ""2"": 4, ""3"": 0, ""4"": 20, ""9"": 2}"
A4_prov_2012-2025,A4_prov_2012-2025_mediana_c549_m0.25_r1.5_e1.6_s0_u0.1,"brecha=P-c(1+m)-S/e; clases 1-4,9",2021,2026,52,,,,,,,"clases={""1"": 24, ""2"": 6, ""3"": 0, ""4"": 20, ""9"": 2}"
A4_prov_2012-2025,A4_prov_2012-2025_mediana_c549_m0.25_r1.5_e1.6_s0_u0.25,"brecha=P-c(1+m)-S/e; clases 1-4,9",2021,2026,52,,,,,,,"clases={""1"": 23, ""2"": 7, ""3"": 0, ""4"": 20, ""9"": 2}"
A4_prov_2012-2025,A4_prov_2012-2025_mediana_c549_m0.25_r1.5_e1.6_s1_u0.0,"brecha=P-c(1+m)-S/e; clases 1-4,9",2021,2026,52,,,,,,,"clases={""1"": 27, ""2"": 3, ""3"": 0, ""4"": 20, ""9"": 2}"
A4_prov_2012-2025,A4_prov_2012-2025_mediana_c549_m0.25_r1.5_e1.6_s1_u0.1,"brecha=P-c(1+m)-S/e; clases 1-4,9",2021,2026,52,,,,,,,"clases={""1"": 25, ""2"": 5, ""3"": 0, ""4"": 20, ""9"": 2}"
A4_prov_2012-2025,A4_prov_2012-2025_mediana_c549_m0.25_r1.5_e1.6_s1_u0.25,"brecha=P-c(1+m)-S/e; clases 1-4,9",2021,2026,52,,,,,,,"clases={""1"": 24, ""2"": 6, ""3"": 0, ""4"": 20, ""9"": 2}"
A4_prov_2012-2025,A4_prov_2012-2025_mediana_c677_m0.15_r1.25_e0.8_s0_u0.0,"brecha=P-c(1+m)-S/e; clases 1-4,9",2021,2026,52,,,,,,,"clases={""1"": 27, ""2"": 3, ""3"": 0, ""4"": 20, ""9"": 2}"
A4_prov_2012-2025,A4_prov_2012-2025_mediana_c677_m0.15_r1.25_e0.8_s0_u0.1,"brecha=P-c(1+m)-S/e; clases 1-4,9",2021,2026,52,,,,,,,"clases={""1"": 25, ""2"": 5, ""3"": 0, ""4"": 20, ""9"": 2}"
A4_prov_2012-2025,A4_prov_2012-2025_mediana_c677_m0.15_r1.25_e0.8_s0_u0.25,"brecha=P-c(1+m)-S/e; clases 1-4,9",2021,2026,52,,,,,,,"clases={""1"": 24, ""2"": 6, ""3"": 0, ""4"": 20, ""9"": 2}"
A4_prov_2012-2025,A4_prov_2012-2025_mediana_c677_m0.15_r1.25_e0.8_s1_u0.0,"brecha=P-c(1+m)-S/e; clases 1-4,9",2021,2026,52,,,,,,,"clases={""1"": 26, ""2"": 3, ""3"": 1, ""4"": 20, ""9"": 2}"
A4_prov_2012-2025,A4_prov_2012-2025_mediana_c677_m0.15_r1.25_e0.8_s1_u0.1,"brecha=P-c(1+m)-S/e; clases 1-4,9",2021,2026,52,,,,,,,"clases={""1"": 24, ""2"": 5, ""3"": 1, ""4"": 20, ""9"": 2}"
A4_prov_2012-2025,A4_prov_2012-2025_mediana_c677_m0.15_r1.25_e0.8_s1_u0.25,"brecha=P-c(1+m)-S/e; clases 1-4,9",2021,2026,52,,,,,,,"clases={""1"": 24, ""2"": 5, ""3"": 1, ""4"": 20, ""9"": 2}"
A4_prov_2012-2025,A4_prov_2012-2025_mediana_c677_m0.15_r1.25_e1.2_s0_u0.0,"brecha=P-c(1+m)-S/e; clases 1-4,9",2021,2026,52,,,,,,,"clases={""1"": 26, ""2"": 4, ""3"": 0, ""4"": 20, ""9"": 2}"
A4_prov_2012-2025,A4_prov_2012-2025_mediana_c677_m0.15_r1.25_e1.2_s0_u0.1,"brecha=P-c(1+m)-S/e; clases 1-4,9",2021,2026,52,,,,,,,"clases={""1"": 24, ""2"": 6, ""3"": 0, ""4"": 20, ""9"": 2}"
A4_prov_2012-2025,A4_prov_2012-2025_mediana_c677_m0.15_r1.25_e1.2_s0_u0.25,"brecha=P-c(1+m)-S/e; clases 1-4,9",2021,2026,52,,,,,,,"clases={""1"": 23, ""2"": 7, ""3"": 0, ""4"": 20, ""9"": 2}"
A4_prov_2012-2025,A4_prov_2012-2025_mediana_c677_m0.15_r1.25_e1.2_s1_u0.0,"brecha=P-c(1+m)-S/e; clases 1-4,9",2021,2026,52,,,,,,,"clases={""1"": 26, ""2"": 3, ""3"": 1, ""4"": 20, ""9"": 2}"
A4_prov_2012-2025,A4_prov_2012-2025_mediana_c677_m0.15_r1.25_e1.2_s1_u0.1,"brecha=P-c(1+m)-S/e; clases 1-4,9",2021,2026,52,,,,,,,"clases={""1"": 24, ""2"": 5, ""3"": 1, ""4"": 20, ""9"": 2}"
A4_prov_2012-2025,A4_prov_2012-2025_mediana_c677_m0.15_r1.25_e1.2_s1_u0.25,"brecha=P-c(1+m)-S/e; clases 1-4,9",2021,2026,52,,,,,,,"clases={""1"": 23, ""2"": 6, ""3"": 1, ""4"": 20, ""9"": 2}"
A4_prov_2012-2025,A4_prov_2012-2025_mediana_c677_m0.15_r1.25_e1.6_s0_u0.0,"brecha=P-c(1+m)-S/e; clases 1-4,9",2021,2026,52,,,,,,,"clases={""1"": 26, ""2"": 4, ""3"": 0, ""4"": 20, ""9"": 2}"
A4_prov_2012-2025,A4_prov_2012-2025_mediana_c677_m0.15_r1.25_e1.6_s0_u0.1,"brecha=P-c(1+m)-S/e; clases 1-4,9",2021,2026,52,,,,,,,"clases={""1"": 24, ""2"": 6, ""3"": 0, ""4"": 20, ""9"": 2}"
A4_prov_2012-2025,A4_prov_2012-2025_mediana_c677_m0.15_r1.25_e1.6_s0_u0.25,"brecha=P-c(1+m)-S/e; clases 1-4,9",2021,2026,52,,,,,,,"clases={""1"": 23, ""2"": 7, ""3"": 0, ""4"": 20, ""9"": 2}"
A4_prov_2012-2025,A4_prov_2012-2025_mediana_c677_m0.15_r1.25_e1.6_s1_u0.0,"brecha=P-c(1+m)-S/e; clases 1-4,9",2021,2026,52,,,,,,,"clases={""1"": 27, ""2"": 3, ""3"": 0, ""4"": 20, ""9"": 2}"
A4_prov_2012-2025,A4_prov_2012-2025_mediana_c677_m0.15_r1.25_e1.6_s1_u0.1,"brecha=P-c(1+m)-S/e; clases 1-4,9",2021,2026,52,,,,,,,"clases={""1"": 25, ""2"": 5, ""3"": 0, ""4"": 20, ""9"": 2}"
A4_prov_2012-2025,A4_prov_2012-2025_mediana_c677_m0.15_r1.25_e1.6_s1_u0.25,"brecha=P-c(1+m)-S/e; clases 1-4,9",2021,2026,52,,,,,,,"clases={""1"": 24, ""2"": 6, ""3"": 0, ""4"": 20, ""9"": 2}"
A4_prov_2012-2025,A4_prov_2012-2025_mediana_c677_m0.15_r1.5_e0.8_s0_u0.0,"brecha=P-c(1+m)-S/e; clases 1-4,9",2021,2026,52,,,,,,,"clases={""1"": 29, ""2"": 1, ""3"": 0, ""4"": 20, ""9"": 2}"
A4_prov_2012-2025,A4_prov_2012-2025_mediana_c677_m0.15_r1.5_e0.8_s0_u0.1,"brecha=P-c(1+m)-S/e; clases 1-4,9",2021,2026,52,,,,,,,"clases={""1"": 27, ""2"": 3, ""3"": 0, ""4"": 20, ""9"": 2}"
A4_prov_2012-2025,A4_prov_2012-2025_mediana_c677_m0.15_r1.5_e0.8_s0_u0.25,"brecha=P-c(1+m)-S/e; clases 1-4,9",2021,2026,52,,,,,,,"clases={""1"": 27, ""2"": 3, ""3"": 0, ""4"": 20, ""9"": 2}"
A4_prov_2012-2025,A4_prov_2012-2025_mediana_c677_m0.15_r1.5_e0.8_s1_u0.0,"brecha=P-c(1+m)-S/e; clases 1-4,9",2021,2026,52,,,,,,,"clases={""1"": 28, ""2"": 1, ""3"": 1, ""4"": 20, ""9"": 2}"
A4_prov_2012-2025,A4_prov_2012-2025_mediana_c677_m0.15_r1.5_e0.8_s1_u0.1,"brecha=P-c(1+m)-S/e; clases 1-4,9",2021,2026,52,,,,,,,"clases={""1"": 26, ""2"": 3, ""3"": 1, ""4"": 20, ""9"": 2}"
A4_prov_2012-2025,A4_prov_2012-2025_mediana_c677_m0.15_r1.5_e0.8_s1_u0.25,"brecha=P-c(1+m)-S/e; clases 1-4,9",2021,2026,52,,,,,,,"clases={""1"": 26, ""2"": 3, ""3"": 1, ""4"": 20, ""9"": 2}"
A4_prov_2012-2025,A4_prov_2012-2025_mediana_c677_m0.15_r1.5_e1.2_s0_u0.0,"brecha=P-c(1+m)-S/e; clases 1-4,9",2021,2026,52,,,,,,,"clases={""1"": 28, ""2"": 2, ""3"": 0, ""4"": 20, ""9"": 2}"
A4_prov_2012-2025,A4_prov_2012-2025_mediana_c677_m0.15_r1.5_e1.2_s0_u0.1,"brecha=P-c(1+m)-S/e; clases 1-4,9",2021,2026,52,,,,,,,"clases={""1"": 26, ""2"": 4, ""3"": 0, ""4"": 20, ""9"": 2}"
A4_prov_2012-2025,A4_prov_2012-2025_mediana_c677_m0.15_r1.5_e1.2_s0_u0.25,"brecha=P-c(1+m)-S/e; clases 1-4,9",2021,2026,52,,,,,,,"clases={""1"": 25, ""2"": 5, ""3"": 0, ""4"": 20, ""9"": 2}"
A4_prov_2012-2025,A4_prov_2012-2025_mediana_c677_m0.15_r1.5_e1.2_s1_u0.0,"brecha=P-c(1+m)-S/e; clases 1-4,9",2021,2026,52,,,,,,,"clases={""1"": 27, ""2"": 2, ""3"": 1, ""4"": 20, ""9"": 2}"
A4_prov_2012-2025,A4_prov_2012-2025_mediana_c677_m0.15_r1.5_e1.2_s1_u0.1,"brecha=P-c(1+m)-S/e; clases 1-4,9",2021,2026,52,,,,,,,"clases={""1"": 25, ""2"": 4, ""3"": 1, ""4"": 20, ""9"": 2}"
A4_prov_2012-2025,A4_prov_2012-2025_mediana_c677_m0.15_r1.5_e1.2_s1_u0.25,"brecha=P-c(1+m)-S/e; clases 1-4,9",2021,2026,52,,,,,,,"clases={""1"": 25, ""2"": 4, ""3"": 1, ""4"": 20, ""9"": 2}"
A4_prov_2012-2025,A4_prov_2012-2025_mediana_c677_m0.15_r1.5_e1.6_s0_u0.0,"brecha=P-c(1+m)-S/e; clases 1-4,9",2021,2026,52,,,,,,,"clases={""1"": 28, ""2"": 2, ""3"": 0, ""4"": 20, ""9"": 2}"
A4_prov_2012-2025,A4_prov_2012-2025_mediana_c677_m0.15_r1.5_e1.6_s0_u0.1,"brecha=P-c(1+m)-S/e; clases 1-4,9",2021,2026,52,,,,,,,"clases={""1"": 26, ""2"": 4, ""3"": 0, ""4"": 20, ""9"": 2}"
A4_prov_2012-2025,A4_prov_2012-2025_mediana_c677_m0.15_r1.5_e1.6_s0_u0.25,"brecha=P-c(1+m)-S/e; clases 1-4,9",2021,2026,52,,,,,,,"clases={""1"": 25, ""2"": 5, ""3"": 0, ""4"": 20, ""9"": 2}"
A4_prov_2012-2025,A4_prov_2012-2025_mediana_c677_m0.15_r1.5_e1.6_s1_u0.0,"brecha=P-c(1+m)-S/e; clases 1-4,9",2021,2026,52,,,,,,,"clases={""1"": 28, ""2"": 2, ""3"": 0, ""4"": 20, ""9"": 2}"
A4_prov_2012-2025,A4_prov_2012-2025_mediana_c677_m0.15_r1.5_e1.6_s1_u0.1,"brecha=P-c(1+m)-S/e; clases 1-4,9",2021,2026,52,,,,,,,"clases={""1"": 26, ""2"": 4, ""3"": 0, ""4"": 20, ""9"": 2}"
A4_prov_2012-2025,A4_prov_2012-2025_mediana_c677_m0.15_r1.5_e1.6_s1_u0.25,"brecha=P-c(1+m)-S/e; clases 1-4,9",2021,2026,52,,,,,,,"clases={""1"": 26, ""2"": 4, ""3"": 0, ""4"": 20, ""9"": 2}"
A4_prov_2012-2025,A4_prov_2012-2025_mediana_c677_m0.2_r1.25_e0.8_s0_u0.0,"brecha=P-c(1+m)-S/e; clases 1-4,9",2021,2026,52,,,,,,,"clases={""1"": 27, ""2"": 3, ""3"": 0, ""4"": 20, ""9"": 2}"
A4_prov_2012-2025,A4_prov_2012-2025_mediana_c677_m0.2_r1.25_e0.8_s0_u0.1,"brecha=P-c(1+m)-S/e; clases 1-4,9",2021,2026,52,,,,,,,"clases={""1"": 25, ""2"": 5, ""3"": 0, ""4"": 20, ""9"": 2}"
A4_prov_2012-2025,A4_prov_2012-2025_mediana_c677_m0.2_r1.25_e0.8_s0_u0.25,"brecha=P-c(1+m)-S/e; clases 1-4,9",2021,2026,52,,,,,,,"clases={""1"": 24, ""2"": 6, ""3"": 0, ""4"": 20, ""9"": 2}"
A4_prov_2012-2025,A4_prov_2012-2025_mediana_c677_m0.2_r1.25_e0.8_s1_u0.0,"brecha=P-c(1+m)-S/e; clases 1-4,9",2021,2026,52,,,,,,,"clases={""1"": 26, ""2"": 3, ""3"": 1, ""4"": 20, ""9"": 2}"
A4_prov_2012-2025,A4_prov_2012-2025_mediana_c677_m0.2_r1.25_e0.8_s1_u0.1,"brecha=P-c(1+m)-S/e; clases 1-4,9",2021,2026,52,,,,,,,"clases={""1"": 24, ""2"": 5, ""3"": 1, ""4"": 20, ""9"": 2}"
A4_prov_2012-2025,A4_prov_2012-2025_mediana_c677_m0.2_r1.25_e0.8_s1_u0.25,"brecha=P-c(1+m)-S/e; clases 1-4,9",2021,2026,52,,,,,,,"clases={""1"": 24, ""2"": 5, ""3"": 1, ""4"": 20, ""9"": 2}"
A4_prov_2012-2025,A4_prov_2012-2025_mediana_c677_m0.2_r1.25_e1.2_s0_u0.0,"brecha=P-c(1+m)-S/e; clases 1-4,9",2021,2026,52,,,,,,,"clases={""1"": 26, ""2"": 4, ""3"": 0, ""4"": 20, ""9"": 2}"
A4_prov_2012-2025,A4_prov_2012-2025_mediana_c677_m0.2_r1.25_e1.2_s0_u0.1,"brecha=P-c(1+m)-S/e; clases 1-4,9",2021,2026,52,,,,,,,"clases={""1"": 24, ""2"": 6, ""3"": 0, ""4"": 20, ""9"": 2}"
A4_prov_2012-2025,A4_prov_2012-2025_mediana_c677_m0.2_r1.25_e1.2_s0_u0.25,"brecha=P-c(1+m)-S/e; clases 1-4,9",2021,2026,52,,,,,,,"clases={""1"": 23, ""2"": 7, ""3"": 0, ""4"": 20, ""9"": 2}"
A4_prov_2012-2025,A4_prov_2012-2025_mediana_c677_m0.2_r1.25_e1.2_s1_u0.0,"brecha=P-c(1+m)-S/e; clases 1-4,9",2021,2026,52,,,,,,,"clases={""1"": 26, ""2"": 3, ""3"": 1, ""4"": 20, ""9"": 2}"
A4_prov_2012-2025,A4_prov_2012-2025_mediana_c677_m0.2_r1.25_e1.2_s1_u0.1,"brecha=P-c(1+m)-S/e; clases 1-4,9",2021,2026,52,,,,,,,"clases={""1"": 24, ""2"": 5, ""3"": 1, ""4"": 20, ""9"": 2}"
A4_prov_2012-2025,A4_prov_2012-2025_mediana_c677_m0.2_r1.25_e1.2_s1_u0.25,"brecha=P-c(1+m)-S/e; clases 1-4,9",2021,2026,52,,,,,,,"clases={""1"": 23, ""2"": 6, ""3"": 1, ""4"": 20, ""9"": 2}"
A4_prov_2012-2025,A4_prov_2012-2025_mediana_c677_m0.2_r1.25_e1.6_s0_u0.0,"brecha=P-c(1+m)-S/e; clases 1-4,9",2021,2026,52,,,,,,,"clases={""1"": 26, ""2"": 4, ""3"": 0, ""4"": 20, ""9"": 2}"
A4_prov_2012-2025,A4_prov_2012-2025_mediana_c677_m0.2_r1.25_e1.6_s0_u0.1,"brecha=P-c(1+m)-S/e; clases 1-4,9",2021,2026,52,,,,,,,"clases={""1"": 24, ""2"": 6, ""3"": 0, ""4"": 20, ""9"": 2}"
A4_prov_2012-2025,A4_prov_2012-2025_mediana_c677_m0.2_r1.25_e1.6_s0_u0.25,"brecha=P-c(1+m)-S/e; clases 1-4,9",2021,2026,52,,,,,,,"clases={""1"": 23, ""2"": 7, ""3"": 0, ""4"": 20, ""9"": 2}"
A4_prov_2012-2025,A4_prov_2012-2025_mediana_c677_m0.2_r1.25_e1.6_s1_u0.0,"brecha=P-c(1+m)-S/e; clases 1-4,9",2021,2026,52,,,,,,,"clases={""1"": 27, ""2"": 3, ""3"": 0, ""4"": 20, ""9"": 2}"
A4_prov_2012-2025,A4_prov_2012-2025_mediana_c677_m0.2_r1.25_e1.6_s1_u0.1,"brecha=P-c(1+m)-S/e; clases 1-4,9",2021,2026,52,,,,,,,"clases={""1"": 25, ""2"": 5, ""3"": 0, ""4"": 20, ""9"": 2}"
A4_prov_2012-2025,A4_prov_2012-2025_mediana_c677_m0.2_r1.25_e1.6_s1_u0.25,"brecha=P-c(1+m)-S/e; clases 1-4,9",2021,2026,52,,,,,,,"clases={""1"": 24, ""2"": 6, ""3"": 0, ""4"": 20, ""9"": 2}"
A4_prov_2012-2025,A4_prov_2012-2025_mediana_c677_m0.2_r1.5_e0.8_s0_u0.0,"brecha=P-c(1+m)-S/e; clases 1-4,9",2021,2026,52,,,,,,,"clases={""1"": 29, ""2"": 1, ""3"": 0, ""4"": 20, ""9"": 2}"
A4_prov_2012-2025,A4_prov_2012-2025_mediana_c677_m0.2_r1.5_e0.8_s0_u0.1,"brecha=P-c(1+m)-S/e; clases 1-4,9",2021,2026,52,,,,,,,"clases={""1"": 27, ""2"": 3, ""3"": 0, ""4"": 20, ""9"": 2}"
A4_prov_2012-2025,A4_prov_2012-2025_mediana_c677_m0.2_r1.5_e0.8_s0_u0.25,"brecha=P-c(1+m)-S/e; clases 1-4,9",2021,2026,52,,,,,,,"clases={""1"": 27, ""2"": 3, ""3"": 0, ""4"": 20, ""9"": 2}"
A4_prov_2012-2025,A4_prov_2012-2025_mediana_c677_m0.2_r1.5_e0.8_s1_u0.0,"brecha=P-c(1+m)-S/e; clases 1-4,9",2021,2026,52,,,,,,,"clases={""1"": 28, ""2"": 1, ""3"": 1, ""4"": 20, ""9"": 2}"
A4_prov_2012-2025,A4_prov_2012-2025_mediana_c677_m0.2_r1.5_e0.8_s1_u0.1,"brecha=P-c(1+m)-S/e; clases 1-4,9",2021,2026,52,,,,,,,"clases={""1"": 26, ""2"": 3, ""3"": 1, ""4"": 20, ""9"": 2}"
A4_prov_2012-2025,A4_prov_2012-2025_mediana_c677_m0.2_r1.5_e0.8_s1_u0.25,"brecha=P-c(1+m)-S/e; clases 1-4,9",2021,2026,52,,,,,,,"clases={""1"": 26, ""2"": 3, ""3"": 1, ""4"": 20, ""9"": 2}"
A4_prov_2012-2025,A4_prov_2012-2025_mediana_c677_m0.2_r1.5_e1.2_s0_u0.0,"brecha=P-c(1+m)-S/e; clases 1-4,9",2021,2026,52,,,,,,,"clases={""1"": 28, ""2"": 2, ""3"": 0, ""4"": 20, ""9"": 2}"
A4_prov_2012-2025,A4_prov_2012-2025_mediana_c677_m0.2_r1.5_e1.2_s0_u0.1,"brecha=P-c(1+m)-S/e; clases 1-4,9",2021,2026,52,,,,,,,"clases={""1"": 26, ""2"": 4, ""3"": 0, ""4"": 20, ""9"": 2}"
A4_prov_2012-2025,A4_prov_2012-2025_mediana_c677_m0.2_r1.5_e1.2_s0_u0.25,"brecha=P-c(1+m)-S/e; clases 1-4,9",2021,2026,52,,,,,,,"clases={""1"": 25, ""2"": 5, ""3"": 0, ""4"": 20, ""9"": 2}"
A4_prov_2012-2025,A4_prov_2012-2025_mediana_c677_m0.2_r1.5_e1.2_s1_u0.0,"brecha=P-c(1+m)-S/e; clases 1-4,9",2021,2026,52,,,,,,,"clases={""1"": 27, ""2"": 2, ""3"": 1, ""4"": 20, ""9"": 2}"
A4_prov_2012-2025,A4_prov_2012-2025_mediana_c677_m0.2_r1.5_e1.2_s1_u0.1,"brecha=P-c(1+m)-S/e; clases 1-4,9",2021,2026,52,,,,,,,"clases={""1"": 25, ""2"": 4, ""3"": 1, ""4"": 20, ""9"": 2}"
A4_prov_2012-2025,A4_prov_2012-2025_mediana_c677_m0.2_r1.5_e1.2_s1_u0.25,"brecha=P-c(1+m)-S/e; clases 1-4,9",2021,2026,52,,,,,,,"clases={""1"": 25, ""2"": 4, ""3"": 1, ""4"": 20, ""9"": 2}"
A4_prov_2012-2025,A4_prov_2012-2025_mediana_c677_m0.2_r1.5_e1.6_s0_u0.0,"brecha=P-c(1+m)-S/e; clases 1-4,9",2021,2026,52,,,,,,,"clases={""1"": 28, ""2"": 2, ""3"": 0, ""4"": 20, ""9"": 2}"
A4_prov_2012-2025,A4_prov_2012-2025_mediana_c677_m0.2_r1.5_e1.6_s0_u0.1,"brecha=P-c(1+m)-S/e; clases 1-4,9",2021,2026,52,,,,,,,"clases={""1"": 26, ""2"": 4, ""3"": 0, ""4"": 20, ""9"": 2}"
A4_prov_2012-2025,A4_prov_2012-2025_mediana_c677_m0.2_r1.5_e1.6_s0_u0.25,"brecha=P-c(1+m)-S/e; clases 1-4,9",2021,2026,52,,,,,,,"clases={""1"": 25, ""2"": 5, ""3"": 0, ""4"": 20, ""9"": 2}"
A4_prov_2012-2025,A4_prov_2012-2025_mediana_c677_m0.2_r1.5_e1.6_s1_u0.0,"brecha=P-c(1+m)-S/e; clases 1-4,9",2021,2026,52,,,,,,,"clases={""1"": 28, ""2"": 2, ""3"": 0, ""4"": 20, ""9"": 2}"
A4_prov_2012-2025,A4_prov_2012-2025_mediana_c677_m0.2_r1.5_e1.6_s1_u0.1,"brecha=P-c(1+m)-S/e; clases 1-4,9",2021,2026,52,,,,,,,"clases={""1"": 26, ""2"": 4, ""3"": 0, ""4"": 20, ""9"": 2}"
A4_prov_2012-2025,A4_prov_2012-2025_mediana_c677_m0.2_r1.5_e1.6_s1_u0.25,"brecha=P-c(1+m)-S/e; clases 1-4,9",2021,2026,52,,,,,,,"clases={""1"": 26, ""2"": 4, ""3"": 0, ""4"": 20, ""9"": 2}"
A4_prov_2012-2025,A4_prov_2012-2025_mediana_c677_m0.25_r1.25_e0.8_s0_u0.0,"brecha=P-c(1+m)-S/e; clases 1-4,9",2021,2026,52,,,,,,,"clases={""1"": 26, ""2"": 3, ""3"": 1, ""4"": 20, ""9"": 2}"
A4_prov_2012-2025,A4_prov_2012-2025_mediana_c677_m0.25_r1.25_e0.8_s0_u0.1,"brecha=P-c(1+m)-S/e; clases 1-4,9",2021,2026,52,,,,,,,"clases={""1"": 24, ""2"": 5, ""3"": 1, ""4"": 20, ""9"": 2}"
A4_prov_2012-2025,A4_prov_2012-2025_mediana_c677_m0.25_r1.25_e0.8_s0_u0.25,"brecha=P-c(1+m)-S/e; clases 1-4,9",2021,2026,52,,,,,,,"clases={""1"": 23, ""2"": 6, ""3"": 1, ""4"": 20, ""9"": 2}"
A4_prov_2012-2025,A4_prov_2012-2025_mediana_c677_m0.25_r1.25_e0.8_s1_u0.0,"brecha=P-c(1+m)-S/e; clases 1-4,9",2021,2026,52,,,,,,,"clases={""1"": 26, ""2"": 3, ""3"": 1, ""4"": 20, ""9"": 2}"
A4_prov_2012-2025,A4_prov_2012-2025_mediana_c677_m0.25_r1.25_e0.8_s1_u0.1,"brecha=P-c(1+m)-S/e; clases 1-4,9",2021,2026,52,,,,,,,"clases={""1"": 24, ""2"": 5, ""3"": 1, ""4"": 20, ""9"": 2}"
A4_prov_2012-2025,A4_prov_2012-2025_mediana_c677_m0.25_r1.25_e0.8_s1_u0.25,"brecha=P-c(1+m)-S/e; clases 1-4,9",2021,2026,52,,,,,,,"clases={""1"": 24, ""2"": 5, ""3"": 1, ""4"": 20, ""9"": 2}"
A4_prov_2012-2025,A4_prov_2012-2025_mediana_c677_m0.25_r1.25_e1.2_s0_u0.0,"brecha=P-c(1+m)-S/e; clases 1-4,9",2021,2026,52,,,,,,,"clases={""1"": 26, ""2"": 4, ""3"": 0, ""4"": 20, ""9"": 2}"
A4_prov_2012-2025,A4_prov_2012-2025_mediana_c677_m0.25_r1.25_e1.2_s0_u0.1,"brecha=P-c(1+m)-S/e; clases 1-4,9",2021,2026,52,,,,,,,"clases={""1"": 24, ""2"": 6, ""3"": 0, ""4"": 20, ""9"": 2}"
A4_prov_2012-2025,A4_prov_2012-2025_mediana_c677_m0.25_r1.25_e1.2_s0_u0.25,"brecha=P-c(1+m)-S/e; clases 1-4,9",2021,2026,52,,,,,,,"clases={""1"": 23, ""2"": 7, ""3"": 0, ""4"": 20, ""9"": 2}"
A4_prov_2012-2025,A4_prov_2012-2025_mediana_c677_m0.25_r1.25_e1.2_s1_u0.0,"brecha=P-c(1+m)-S/e; clases 1-4,9",2021,2026,52,,,,,,,"clases={""1"": 26, ""2"": 3, ""3"": 1, ""4"": 20, ""9"": 2}"
A4_prov_2012-2025,A4_prov_2012-2025_mediana_c677_m0.25_r1.25_e1.2_s1_u0.1,"brecha=P-c(1+m)-S/e; clases 1-4,9",2021,2026,52,,,,,,,"clases={""1"": 24, ""2"": 5, ""3"": 1, ""4"": 20, ""9"": 2}"
A4_prov_2012-2025,A4_prov_2012-2025_mediana_c677_m0.25_r1.25_e1.2_s1_u0.25,"brecha=P-c(1+m)-S/e; clases 1-4,9",2021,2026,52,,,,,,,"clases={""1"": 23, ""2"": 6, ""3"": 1, ""4"": 20, ""9"": 2}"
A4_prov_2012-2025,A4_prov_2012-2025_mediana_c677_m0.25_r1.25_e1.6_s0_u0.0,"brecha=P-c(1+m)-S/e; clases 1-4,9",2021,2026,52,,,,,,,"clases={""1"": 26, ""2"": 4, ""3"": 0, ""4"": 20, ""9"": 2}"
A4_prov_2012-2025,A4_prov_2012-2025_mediana_c677_m0.25_r1.25_e1.6_s0_u0.1,"brecha=P-c(1+m)-S/e; clases 1-4,9",2021,2026,52,,,,,,,"clases={""1"": 24, ""2"": 6, ""3"": 0, ""4"": 20, ""9"": 2}"
A4_prov_2012-2025,A4_prov_2012-2025_mediana_c677_m0.25_r1.25_e1.6_s0_u0.25,"brecha=P-c(1+m)-S/e; clases 1-4,9",2021,2026,52,,,,,,,"clases={""1"": 23, ""2"": 7, ""3"": 0, ""4"": 20, ""9"": 2}"
A4_prov_2012-2025,A4_prov_2012-2025_mediana_c677_m0.25_r1.25_e1.6_s1_u0.0,"brecha=P-c(1+m)-S/e; clases 1-4,9",2021,2026,52,,,,,,,"clases={""1"": 26, ""2"": 3, ""3"": 1, ""4"": 20, ""9"": 2}"
A4_prov_2012-2025,A4_prov_2012-2025_mediana_c677_m0.25_r1.25_e1.6_s1_u0.1,"brecha=P-c(1+m)-S/e; clases 1-4,9",2021,2026,52,,,,,,,"clases={""1"": 24, ""2"": 5, ""3"": 1, ""4"": 20, ""9"": 2}"
A4_prov_2012-2025,A4_prov_2012-2025_mediana_c677_m0.25_r1.25_e1.6_s1_u0.25,"brecha=P-c(1+m)-S/e; clases 1-4,9",2021,2026,52,,,,,,,"clases={""1"": 23, ""2"": 6, ""3"": 1, ""4"": 20, ""9"": 2}"
A4_prov_2012-2025,A4_prov_2012-2025_mediana_c677_m0.25_r1.5_e0.8_s0_u0.0,"brecha=P-c(1+m)-S/e; clases 1-4,9",2021,2026,52,,,,,,,"clases={""1"": 28, ""2"": 1, ""3"": 1, ""4"": 20, ""9"": 2}"
A4_prov_2012-2025,A4_prov_2012-2025_mediana_c677_m0.25_r1.5_e0.8_s0_u0.1,"brecha=P-c(1+m)-S/e; clases 1-4,9",2021,2026,52,,,,,,,"clases={""1"": 26, ""2"": 3, ""3"": 1, ""4"": 20, ""9"": 2}"
A4_prov_2012-2025,A4_prov_2012-2025_mediana_c677_m0.25_r1.5_e0.8_s0_u0.25,"brecha=P-c(1+m)-S/e; clases 1-4,9",2021,2026,52,,,,,,,"clases={""1"": 26, ""2"": 3, ""3"": 1, ""4"": 20, ""9"": 2}"
A4_prov_2012-2025,A4_prov_2012-2025_mediana_c677_m0.25_r1.5_e0.8_s1_u0.0,"brecha=P-c(1+m)-S/e; clases 1-4,9",2021,2026,52,,,,,,,"clases={""1"": 28, ""2"": 1, ""3"": 1, ""4"": 20, ""9"": 2}"
A4_prov_2012-2025,A4_prov_2012-2025_mediana_c677_m0.25_r1.5_e0.8_s1_u0.1,"brecha=P-c(1+m)-S/e; clases 1-4,9",2021,2026,52,,,,,,,"clases={""1"": 26, ""2"": 3, ""3"": 1, ""4"": 20, ""9"": 2}"
A4_prov_2012-2025,A4_prov_2012-2025_mediana_c677_m0.25_r1.5_e0.8_s1_u0.25,"brecha=P-c(1+m)-S/e; clases 1-4,9",2021,2026,52,,,,,,,"clases={""1"": 26, ""2"": 3, ""3"": 1, ""4"": 20, ""9"": 2}"
A4_prov_2012-2025,A4_prov_2012-2025_mediana_c677_m0.25_r1.5_e1.2_s0_u0.0,"brecha=P-c(1+m)-S/e; clases 1-4,9",2021,2026,52,,,,,,,"clases={""1"": 28, ""2"": 2, ""3"": 0, ""4"": 20, ""9"": 2}"
A4_prov_2012-2025,A4_prov_2012-2025_mediana_c677_m0.25_r1.5_e1.2_s0_u0.1,"brecha=P-c(1+m)-S/e; clases 1-4,9",2021,2026,52,,,,,,,"clases={""1"": 26, ""2"": 4, ""3"": 0, ""4"": 20, ""9"": 2}"
A4_prov_2012-2025,A4_prov_2012-2025_mediana_c677_m0.25_r1.5_e1.2_s0_u0.25,"brecha=P-c(1+m)-S/e; clases 1-4,9",2021,2026,52,,,,,,,"clases={""1"": 25, ""2"": 5, ""3"": 0, ""4"": 20, ""9"": 2}"
A4_prov_2012-2025,A4_prov_2012-2025_mediana_c677_m0.25_r1.5_e1.2_s1_u0.0,"brecha=P-c(1+m)-S/e; clases 1-4,9",2021,2026,52,,,,,,,"clases={""1"": 27, ""2"": 2, ""3"": 1, ""4"": 20, ""9"": 2}"
A4_prov_2012-2025,A4_prov_2012-2025_mediana_c677_m0.25_r1.5_e1.2_s1_u0.1,"brecha=P-c(1+m)-S/e; clases 1-4,9",2021,2026,52,,,,,,,"clases={""1"": 25, ""2"": 4, ""3"": 1, ""4"": 20, ""9"": 2}"
A4_prov_2012-2025,A4_prov_2012-2025_mediana_c677_m0.25_r1.5_e1.2_s1_u0.25,"brecha=P-c(1+m)-S/e; clases 1-4,9",2021,2026,52,,,,,,,"clases={""1"": 25, ""2"": 4, ""3"": 1, ""4"": 20, ""9"": 2}"
A4_prov_2012-2025,A4_prov_2012-2025_mediana_c677_m0.25_r1.5_e1.6_s0_u0.0,"brecha=P-c(1+m)-S/e; clases 1-4,9",2021,2026,52,,,,,,,"clases={""1"": 28, ""2"": 2, ""3"": 0, ""4"": 20, ""9"": 2}"
A4_prov_2012-2025,A4_prov_2012-2025_mediana_c677_m0.25_r1.5_e1.6_s0_u0.1,"brecha=P-c(1+m)-S/e; clases 1-4,9",2021,2026,52,,,,,,,"clases={""1"": 26, ""2"": 4, ""3"": 0, ""4"": 20, ""9"": 2}"
A4_prov_2012-2025,A4_prov_2012-2025_mediana_c677_m0.25_r1.5_e1.6_s0_u0.25,"brecha=P-c(1+m)-S/e; clases 1-4,9",2021,2026,52,,,,,,,"clases={""1"": 25, ""2"": 5, ""3"": 0, ""4"": 20, ""9"": 2}"
A4_prov_2012-2025,A4_prov_2012-2025_mediana_c677_m0.25_r1.5_e1.6_s1_u0.0,"brecha=P-c(1+m)-S/e; clases 1-4,9",2021,2026,52,,,,,,,"clases={""1"": 27, ""2"": 2, ""3"": 1, ""4"": 20, ""9"": 2}"
A4_prov_2012-2025,A4_prov_2012-2025_mediana_c677_m0.25_r1.5_e1.6_s1_u0.1,"brecha=P-c(1+m)-S/e; clases 1-4,9",2021,2026,52,,,,,,,"clases={""1"": 25, ""2"": 4, ""3"": 1, ""4"": 20, ""9"": 2}"
A4_prov_2012-2025,A4_prov_2012-2025_mediana_c677_m0.25_r1.5_e1.6_s1_u0.25,"brecha=P-c(1+m)-S/e; clases 1-4,9",2021,2026,52,,,,,,,"clases={""1"": 25, ""2"": 4, ""3"": 1, ""4"": 20, ""9"": 2}"
A4_prov_2012-2025,A4_prov_2012-2025_mediana_c805_m0.15_r1.25_e0.8_s0_u0.0,"brecha=P-c(1+m)-S/e; clases 1-4,9",2021,2026,52,,,,,,,"clases={""1"": 27, ""2"": 2, ""3"": 1, ""4"": 20, ""9"": 2}"
A4_prov_2012-2025,A4_prov_2012-2025_mediana_c805_m0.15_r1.25_e0.8_s0_u0.1,"brecha=P-c(1+m)-S/e; clases 1-4,9",2021,2026,52,,,,,,,"clases={""1"": 25, ""2"": 4, ""3"": 1, ""4"": 20, ""9"": 2}"
A4_prov_2012-2025,A4_prov_2012-2025_mediana_c805_m0.15_r1.25_e0.8_s0_u0.25,"brecha=P-c(1+m)-S/e; clases 1-4,9",2021,2026,52,,,,,,,"clases={""1"": 25, ""2"": 4, ""3"": 1, ""4"": 20, ""9"": 2}"
A4_prov_2012-2025,A4_prov_2012-2025_mediana_c805_m0.15_r1.25_e0.8_s1_u0.0,"brecha=P-c(1+m)-S/e; clases 1-4,9",2021,2026,52,,,,,,,"clases={""1"": 26, ""2"": 2, ""3"": 2, ""4"": 20, ""9"": 2}"
A4_prov_2012-2025,A4_prov_2012-2025_mediana_c805_m0.15_r1.25_e0.8_s1_u0.1,"brecha=P-c(1+m)-S/e; clases 1-4,9",2021,2026,52,,,,,,,"clases={""1"": 24, ""2"": 4, ""3"": 2, ""4"": 20, ""9"": 2}"
A4_prov_2012-2025,A4_prov_2012-2025_mediana_c805_m0.15_r1.25_e0.8_s1_u0.25,"brecha=P-c(1+m)-S/e; clases 1-4,9",2021,2026,52,,,,,,,"clases={""1"": 24, ""2"": 4, ""3"": 2, ""4"": 20, ""9"": 2}"
A4_prov_2012-2025,A4_prov_2012-2025_mediana_c805_m0.15_r1.25_e1.2_s0_u0.0,"brecha=P-c(1+m)-S/e; clases 1-4,9",2021,2026,52,,,,,,,"clases={""1"": 26, ""2"": 3, ""3"": 1, ""4"": 20, ""9"": 2}"
A4_prov_2012-2025,A4_prov_2012-2025_mediana_c805_m0.15_r1.25_e1.2_s0_u0.1,"brecha=P-c(1+m)-S/e; clases 1-4,9",2021,2026,52,,,,,,,"clases={""1"": 24, ""2"": 5, ""3"": 1, ""4"": 20, ""9"": 2}"
A4_prov_2012-2025,A4_prov_2012-2025_mediana_c805_m0.15_r1.25_e1.2_s0_u0.25,"brecha=P-c(1+m)-S/e; clases 1-4,9",2021,2026,52,,,,,,,"clases={""1"": 23, ""2"": 6, ""3"": 1, ""4"": 20, ""9"": 2}"
A4_prov_2012-2025,A4_prov_2012-2025_mediana_c805_m0.15_r1.25_e1.2_s1_u0.0,"brecha=P-c(1+m)-S/e; clases 1-4,9",2021,2026,52,,,,,,,"clases={""1"": 26, ""2"": 3, ""3"": 1, ""4"": 20, ""9"": 2}"
A4_prov_2012-2025,A4_prov_2012-2025_mediana_c805_m0.15_r1.25_e1.2_s1_u0.1,"brecha=P-c(1+m)-S/e; clases 1-4,9",2021,2026,52,,,,,,,"clases={""1"": 24, ""2"": 5, ""3"": 1, ""4"": 20, ""9"": 2}"
A4_prov_2012-2025,A4_prov_2012-2025_mediana_c805_m0.15_r1.25_e1.2_s1_u0.25,"brecha=P-c(1+m)-S/e; clases 1-4,9",2021,2026,52,,,,,,,"clases={""1"": 24, ""2"": 5, ""3"": 1, ""4"": 20, ""9"": 2}"
A4_prov_2012-2025,A4_prov_2012-2025_mediana_c805_m0.15_r1.25_e1.6_s0_u0.0,"brecha=P-c(1+m)-S/e; clases 1-4,9",2021,2026,52,,,,,,,"clases={""1"": 26, ""2"": 3, ""3"": 1, ""4"": 20, ""9"": 2}"
A4_prov_2012-2025,A4_prov_2012-2025_mediana_c805_m0.15_r1.25_e1.6_s0_u0.1,"brecha=P-c(1+m)-S/e; clases 1-4,9",2021,2026,52,,,,,,,"clases={""1"": 24, ""2"": 5, ""3"": 1, ""4"": 20, ""9"": 2}"
A4_prov_2012-2025,A4_prov_2012-2025_mediana_c805_m0.15_r1.25_e1.6_s0_u0.25,"brecha=P-c(1+m)-S/e; clases 1-4,9",2021,2026,52,,,,,,,"clases={""1"": 23, ""2"": 6, ""3"": 1, ""4"": 20, ""9"": 2}"
A4_prov_2012-2025,A4_prov_2012-2025_mediana_c805_m0.15_r1.25_e1.6_s1_u0.0,"brecha=P-c(1+m)-S/e; clases 1-4,9",2021,2026,52,,,,,,,"clases={""1"": 26, ""2"": 3, ""3"": 1, ""4"": 20, ""9"": 2}"
A4_prov_2012-2025,A4_prov_2012-2025_mediana_c805_m0.15_r1.25_e1.6_s1_u0.1,"brecha=P-c(1+m)-S/e; clases 1-4,9",2021,2026,52,,,,,,,"clases={""1"": 24, ""2"": 5, ""3"": 1, ""4"": 20, ""9"": 2}"
A4_prov_2012-2025,A4_prov_2012-2025_mediana_c805_m0.15_r1.25_e1.6_s1_u0.25,"brecha=P-c(1+m)-S/e; clases 1-4,9",2021,2026,52,,,,,,,"clases={""1"": 23, ""2"": 6, ""3"": 1, ""4"": 20, ""9"": 2}"
A4_prov_2012-2025,A4_prov_2012-2025_mediana_c805_m0.15_r1.5_e0.8_s0_u0.0,"brecha=P-c(1+m)-S/e; clases 1-4,9",2021,2026,52,,,,,,,"clases={""1"": 28, ""2"": 1, ""3"": 1, ""4"": 20, ""9"": 2}"
A4_prov_2012-2025,A4_prov_2012-2025_mediana_c805_m0.15_r1.5_e0.8_s0_u0.1,"brecha=P-c(1+m)-S/e; clases 1-4,9",2021,2026,52,,,,,,,"clases={""1"": 26, ""2"": 3, ""3"": 1, ""4"": 20, ""9"": 2}"
A4_prov_2012-2025,A4_prov_2012-2025_mediana_c805_m0.15_r1.5_e0.8_s0_u0.25,"brecha=P-c(1+m)-S/e; clases 1-4,9",2021,2026,52,,,,,,,"clases={""1"": 26, ""2"": 3, ""3"": 1, ""4"": 20, ""9"": 2}"
A4_prov_2012-2025,A4_prov_2012-2025_mediana_c805_m0.15_r1.5_e0.8_s1_u0.0,"brecha=P-c(1+m)-S/e; clases 1-4,9",2021,2026,52,,,,,,,"clases={""1"": 27, ""2"": 1, ""3"": 2, ""4"": 20, ""9"": 2}"
A4_prov_2012-2025,A4_prov_2012-2025_mediana_c805_m0.15_r1.5_e0.8_s1_u0.1,"brecha=P-c(1+m)-S/e; clases 1-4,9",2021,2026,52,,,,,,,"clases={""1"": 25, ""2"": 3, ""3"": 2, ""4"": 20, ""9"": 2}"
A4_prov_2012-2025,A4_prov_2012-2025_mediana_c805_m0.15_r1.5_e0.8_s1_u0.25,"brecha=P-c(1+m)-S/e; clases 1-4,9",2021,2026,52,,,,,,,"clases={""1"": 25, ""2"": 3, ""3"": 2, ""4"": 20, ""9"": 2}"
A4_prov_2012-2025,A4_prov_2012-2025_mediana_c805_m0.15_r1.5_e1.2_s0_u0.0,"brecha=P-c(1+m)-S/e; clases 1-4,9",2021,2026,52,,,,,,,"clases={""1"": 28, ""2"": 1, ""3"": 1, ""4"": 20, ""9"": 2}"
A4_prov_2012-2025,A4_prov_2012-2025_mediana_c805_m0.15_r1.5_e1.2_s0_u0.1,"brecha=P-c(1+m)-S/e; clases 1-4,9",2021,2026,52,,,,,,,"clases={""1"": 26, ""2"": 3, ""3"": 1, ""4"": 20, ""9"": 2}"
A4_prov_2012-2025,A4_prov_2012-2025_mediana_c805_m0.15_r1.5_e1.2_s0_u0.25,"brecha=P-c(1+m)-S/e; clases 1-4,9",2021,2026,52,,,,,,,"clases={""1"": 26, ""2"": 3, ""3"": 1, ""4"": 20, ""9"": 2}"
A4_prov_2012-2025,A4_prov_2012-2025_mediana_c805_m0.15_r1.5_e1.2_s1_u0.0,"brecha=P-c(1+m)-S/e; clases 1-4,9",2021,2026,52,,,,,,,"clases={""1"": 28, ""2"": 1, ""3"": 1, ""4"": 20, ""9"": 2}"
A4_prov_2012-2025,A4_prov_2012-2025_mediana_c805_m0.15_r1.5_e1.2_s1_u0.1,"brecha=P-c(1+m)-S/e; clases 1-4,9",2021,2026,52,,,,,,,"clases={""1"": 26, ""2"": 3, ""3"": 1, ""4"": 20, ""9"": 2}"
A4_prov_2012-2025,A4_prov_2012-2025_mediana_c805_m0.15_r1.5_e1.2_s1_u0.25,"brecha=P-c(1+m)-S/e; clases 1-4,9",2021,2026,52,,,,,,,"clases={""1"": 26, ""2"": 3, ""3"": 1, ""4"": 20, ""9"": 2}"
A4_prov_2012-2025,A4_prov_2012-2025_mediana_c805_m0.15_r1.5_e1.6_s0_u0.0,"brecha=P-c(1+m)-S/e; clases 1-4,9",2021,2026,52,,,,,,,"clases={""1"": 28, ""2"": 1, ""3"": 1, ""4"": 20, ""9"": 2}"
A4_prov_2012-2025,A4_prov_2012-2025_mediana_c805_m0.15_r1.5_e1.6_s0_u0.1,"brecha=P-c(1+m)-S/e; clases 1-4,9",2021,2026,52,,,,,,,"clases={""1"": 26, ""2"": 3, ""3"": 1, ""4"": 20, ""9"": 2}"
A4_prov_2012-2025,A4_prov_2012-2025_mediana_c805_m0.15_r1.5_e1.6_s0_u0.25,"brecha=P-c(1+m)-S/e; clases 1-4,9",2021,2026,52,,,,,,,"clases={""1"": 26, ""2"": 3, ""3"": 1, ""4"": 20, ""9"": 2}"
A4_prov_2012-2025,A4_prov_2012-2025_mediana_c805_m0.15_r1.5_e1.6_s1_u0.0,"brecha=P-c(1+m)-S/e; clases 1-4,9",2021,2026,52,,,,,,,"clases={""1"": 28, ""2"": 1, ""3"": 1, ""4"": 20, ""9"": 2}"
A4_prov_2012-2025,A4_prov_2012-2025_mediana_c805_m0.15_r1.5_e1.6_s1_u0.1,"brecha=P-c(1+m)-S/e; clases 1-4,9",2021,2026,52,,,,,,,"clases={""1"": 26, ""2"": 3, ""3"": 1, ""4"": 20, ""9"": 2}"
A4_prov_2012-2025,A4_prov_2012-2025_mediana_c805_m0.15_r1.5_e1.6_s1_u0.25,"brecha=P-c(1+m)-S/e; clases 1-4,9",2021,2026,52,,,,,,,"clases={""1"": 26, ""2"": 3, ""3"": 1, ""4"": 20, ""9"": 2}"
A4_prov_2012-2025,A4_prov_2012-2025_mediana_c805_m0.2_r1.25_e0.8_s0_u0.0,"brecha=P-c(1+m)-S/e; clases 1-4,9",2021,2026,52,,,,,,,"clases={""1"": 27, ""2"": 2, ""3"": 1, ""4"": 20, ""9"": 2}"
A4_prov_2012-2025,A4_prov_2012-2025_mediana_c805_m0.2_r1.25_e0.8_s0_u0.1,"brecha=P-c(1+m)-S/e; clases 1-4,9",2021,2026,52,,,,,,,"clases={""1"": 25, ""2"": 4, ""3"": 1, ""4"": 20, ""9"": 2}"
A4_prov_2012-2025,A4_prov_2012-2025_mediana_c805_m0.2_r1.25_e0.8_s0_u0.25,"brecha=P-c(1+m)-S/e; clases 1-4,9",2021,2026,52,,,,,,,"clases={""1"": 25, ""2"": 4, ""3"": 1, ""4"": 20, ""9"": 2}"
A4_prov_2012-2025,A4_prov_2012-2025_mediana_c805_m0.2_r1.25_e0.8_s1_u0.0,"brecha=P-c(1+m)-S/e; clases 1-4,9",2021,2026,52,,,,,,,"clases={""1"": 26, ""2"": 2, ""3"": 2, ""4"": 20, ""9"": 2}"
A4_prov_2012-2025,A4_prov_2012-2025_mediana_c805_m0.2_r1.25_e0.8_s1_u0.1,"brecha=P-c(1+m)-S/e; clases 1-4,9",2021,2026,52,,,,,,,"clases={""1"": 24, ""2"": 4, ""3"": 2, ""4"": 20, ""9"": 2}"
A4_prov_2012-2025,A4_prov_2012-2025_mediana_c805_m0.2_r1.25_e0.8_s1_u0.25,"brecha=P-c(1+m)-S/e; clases 1-4,9",2021,2026,52,,,,,,,"clases={""1"": 24, ""2"": 4, ""3"": 2, ""4"": 20, ""9"": 2}"
A4_prov_2012-2025,A4_prov_2012-2025_mediana_c805_m0.2_r1.25_e1.2_s0_u0.0,"brecha=P-c(1+m)-S/e; clases 1-4,9",2021,2026,52,,,,,,,"clases={""1"": 26, ""2"": 3, ""3"": 1, ""4"": 20, ""9"": 2}"
A4_prov_2012-2025,A4_prov_2012-2025_mediana_c805_m0.2_r1.25_e1.2_s0_u0.1,"brecha=P-c(1+m)-S/e; clases 1-4,9",2021,2026,52,,,,,,,"clases={""1"": 24, ""2"": 5, ""3"": 1, ""4"": 20, ""9"": 2}"
A4_prov_2012-2025,A4_prov_2012-2025_mediana_c805_m0.2_r1.25_e1.2_s0_u0.25,"brecha=P-c(1+m)-S/e; clases 1-4,9",2021,2026,52,,,,,,,"clases={""1"": 23, ""2"": 6, ""3"": 1, ""4"": 20, ""9"": 2}"
A4_prov_2012-2025,A4_prov_2012-2025_mediana_c805_m0.2_r1.25_e1.2_s1_u0.0,"brecha=P-c(1+m)-S/e; clases 1-4,9",2021,2026,52,,,,,,,"clases={""1"": 26, ""2"": 3, ""3"": 1, ""4"": 20, ""9"": 2}"
A4_prov_2012-2025,A4_prov_2012-2025_mediana_c805_m0.2_r1.25_e1.2_s1_u0.1,"brecha=P-c(1+m)-S/e; clases 1-4,9",2021,2026,52,,,,,,,"clases={""1"": 24, ""2"": 5, ""3"": 1, ""4"": 20, ""9"": 2}"
A4_prov_2012-2025,A4_prov_2012-2025_mediana_c805_m0.2_r1.25_e1.2_s1_u0.25,"brecha=P-c(1+m)-S/e; clases 1-4,9",2021,2026,52,,,,,,,"clases={""1"": 24, ""2"": 5, ""3"": 1, ""4"": 20, ""9"": 2}"
A4_prov_2012-2025,A4_prov_2012-2025_mediana_c805_m0.2_r1.25_e1.6_s0_u0.0,"brecha=P-c(1+m)-S/e; clases 1-4,9",2021,2026,52,,,,,,,"clases={""1"": 26, ""2"": 3, ""3"": 1, ""4"": 20, ""9"": 2}"
A4_prov_2012-2025,A4_prov_2012-2025_mediana_c805_m0.2_r1.25_e1.6_s0_u0.1,"brecha=P-c(1+m)-S/e; clases 1-4,9",2021,2026,52,,,,,,,"clases={""1"": 24, ""2"": 5, ""3"": 1, ""4"": 20, ""9"": 2}"
A4_prov_2012-2025,A4_prov_2012-2025_mediana_c805_m0.2_r1.25_e1.6_s0_u0.25,"brecha=P-c(1+m)-S/e; clases 1-4,9",2021,2026,52,,,,,,,"clases={""1"": 23, ""2"": 6, ""3"": 1, ""4"": 20, ""9"": 2}"
A4_prov_2012-2025,A4_prov_2012-2025_mediana_c805_m0.2_r1.25_e1.6_s1_u0.0,"brecha=P-c(1+m)-S/e; clases 1-4,9",2021,2026,52,,,,,,,"clases={""1"": 26, ""2"": 3, ""3"": 1, ""4"": 20, ""9"": 2}"
A4_prov_2012-2025,A4_prov_2012-2025_mediana_c805_m0.2_r1.25_e1.6_s1_u0.1,"brecha=P-c(1+m)-S/e; clases 1-4,9",2021,2026,52,,,,,,,"clases={""1"": 24, ""2"": 5, ""3"": 1, ""4"": 20, ""9"": 2}"
A4_prov_2012-2025,A4_prov_2012-2025_mediana_c805_m0.2_r1.25_e1.6_s1_u0.25,"brecha=P-c(1+m)-S/e; clases 1-4,9",2021,2026,52,,,,,,,"clases={""1"": 23, ""2"": 6, ""3"": 1, ""4"": 20, ""9"": 2}"
A4_prov_2012-2025,A4_prov_2012-2025_mediana_c805_m0.2_r1.5_e0.8_s0_u0.0,"brecha=P-c(1+m)-S/e; clases 1-4,9",2021,2026,52,,,,,,,"clases={""1"": 28, ""2"": 1, ""3"": 1, ""4"": 20, ""9"": 2}"
A4_prov_2012-2025,A4_prov_2012-2025_mediana_c805_m0.2_r1.5_e0.8_s0_u0.1,"brecha=P-c(1+m)-S/e; clases 1-4,9",2021,2026,52,,,,,,,"clases={""1"": 26, ""2"": 3, ""3"": 1, ""4"": 20, ""9"": 2}"
A4_prov_2012-2025,A4_prov_2012-2025_mediana_c805_m0.2_r1.5_e0.8_s0_u0.25,"brecha=P-c(1+m)-S/e; clases 1-4,9",2021,2026,52,,,,,,,"clases={""1"": 26, ""2"": 3, ""3"": 1, ""4"": 20, ""9"": 2}"
A4_prov_2012-2025,A4_prov_2012-2025_mediana_c805_m0.2_r1.5_e0.8_s1_u0.0,"brecha=P-c(1+m)-S/e; clases 1-4,9",2021,2026,52,,,,,,,"clases={""1"": 27, ""2"": 1, ""3"": 2, ""4"": 20, ""9"": 2}"
A4_prov_2012-2025,A4_prov_2012-2025_mediana_c805_m0.2_r1.5_e0.8_s1_u0.1,"brecha=P-c(1+m)-S/e; clases 1-4,9",2021,2026,52,,,,,,,"clases={""1"": 25, ""2"": 3, ""3"": 2, ""4"": 20, ""9"": 2}"
A4_prov_2012-2025,A4_prov_2012-2025_mediana_c805_m0.2_r1.5_e0.8_s1_u0.25,"brecha=P-c(1+m)-S/e; clases 1-4,9",2021,2026,52,,,,,,,"clases={""1"": 25, ""2"": 3, ""3"": 2, ""4"": 20, ""9"": 2}"
A4_prov_2012-2025,A4_prov_2012-2025_mediana_c805_m0.2_r1.5_e1.2_s0_u0.0,"brecha=P-c(1+m)-S/e; clases 1-4,9",2021,2026,52,,,,,,,"clases={""1"": 28, ""2"": 1, ""3"": 1, ""4"": 20, ""9"": 2}"
A4_prov_2012-2025,A4_prov_2012-2025_mediana_c805_m0.2_r1.5_e1.2_s0_u0.1,"brecha=P-c(1+m)-S/e; clases 1-4,9",2021,2026,52,,,,,,,"clases={""1"": 26, ""2"": 3, ""3"": 1, ""4"": 20, ""9"": 2}"
A4_prov_2012-2025,A4_prov_2012-2025_mediana_c805_m0.2_r1.5_e1.2_s0_u0.25,"brecha=P-c(1+m)-S/e; clases 1-4,9",2021,2026,52,,,,,,,"clases={""1"": 26, ""2"": 3, ""3"": 1, ""4"": 20, ""9"": 2}"
A4_prov_2012-2025,A4_prov_2012-2025_mediana_c805_m0.2_r1.5_e1.2_s1_u0.0,"brecha=P-c(1+m)-S/e; clases 1-4,9",2021,2026,52,,,,,,,"clases={""1"": 28, ""2"": 1, ""3"": 1, ""4"": 20, ""9"": 2}"
A4_prov_2012-2025,A4_prov_2012-2025_mediana_c805_m0.2_r1.5_e1.2_s1_u0.1,"brecha=P-c(1+m)-S/e; clases 1-4,9",2021,2026,52,,,,,,,"clases={""1"": 26, ""2"": 3, ""3"": 1, ""4"": 20, ""9"": 2}"
A4_prov_2012-2025,A4_prov_2012-2025_mediana_c805_m0.2_r1.5_e1.2_s1_u0.25,"brecha=P-c(1+m)-S/e; clases 1-4,9",2021,2026,52,,,,,,,"clases={""1"": 26, ""2"": 3, ""3"": 1, ""4"": 20, ""9"": 2}"
A4_prov_2012-2025,A4_prov_2012-2025_mediana_c805_m0.2_r1.5_e1.6_s0_u0.0,"brecha=P-c(1+m)-S/e; clases 1-4,9",2021,2026,52,,,,,,,"clases={""1"": 28, ""2"": 1, ""3"": 1, ""4"": 20, ""9"": 2}"
A4_prov_2012-2025,A4_prov_2012-2025_mediana_c805_m0.2_r1.5_e1.6_s0_u0.1,"brecha=P-c(1+m)-S/e; clases 1-4,9",2021,2026,52,,,,,,,"clases={""1"": 26, ""2"": 3, ""3"": 1, ""4"": 20, ""9"": 2}"
A4_prov_2012-2025,A4_prov_2012-2025_mediana_c805_m0.2_r1.5_e1.6_s0_u0.25,"brecha=P-c(1+m)-S/e; clases 1-4,9",2021,2026,52,,,,,,,"clases={""1"": 26, ""2"": 3, ""3"": 1, ""4"": 20, ""9"": 2}"
A4_prov_2012-2025,A4_prov_2012-2025_mediana_c805_m0.2_r1.5_e1.6_s1_u0.0,"brecha=P-c(1+m)-S/e; clases 1-4,9",2021,2026,52,,,,,,,"clases={""1"": 28, ""2"": 1, ""3"": 1, ""4"": 20, ""9"": 2}"
A4_prov_2012-2025,A4_prov_2012-2025_mediana_c805_m0.2_r1.5_e1.6_s1_u0.1,"brecha=P-c(1+m)-S/e; clases 1-4,9",2021,2026,52,,,,,,,"clases={""1"": 26, ""2"": 3, ""3"": 1, ""4"": 20, ""9"": 2}"
A4_prov_2012-2025,A4_prov_2012-2025_mediana_c805_m0.2_r1.5_e1.6_s1_u0.25,"brecha=P-c(1+m)-S/e; clases 1-4,9",2021,2026,52,,,,,,,"clases={""1"": 26, ""2"": 3, ""3"": 1, ""4"": 20, ""9"": 2}"
A4_prov_2012-2025,A4_prov_2012-2025_mediana_c805_m0.25_r1.25_e0.8_s0_u0.0,"brecha=P-c(1+m)-S/e; clases 1-4,9",2021,2026,52,,,,,,,"clases={""1"": 26, ""2"": 2, ""3"": 2, ""4"": 20, ""9"": 2}"
A4_prov_2012-2025,A4_prov_2012-2025_mediana_c805_m0.25_r1.25_e0.8_s0_u0.1,"brecha=P-c(1+m)-S/e; clases 1-4,9",2021,2026,52,,,,,,,"clases={""1"": 24, ""2"": 4, ""3"": 2, ""4"": 20, ""9"": 2}"
A4_prov_2012-2025,A4_prov_2012-2025_mediana_c805_m0.25_r1.25_e0.8_s0_u0.25,"brecha=P-c(1+m)-S/e; clases 1-4,9",2021,2026,52,,,,,,,"clases={""1"": 24, ""2"": 4, ""3"": 2, ""4"": 20, ""9"": 2}"
A4_prov_2012-2025,A4_prov_2012-2025_mediana_c805_m0.25_r1.25_e0.8_s1_u0.0,"brecha=P-c(1+m)-S/e; clases 1-4,9",2021,2026,52,,,,,,,"clases={""1"": 25, ""2"": 2, ""3"": 3, ""4"": 20, ""9"": 2}"
A4_prov_2012-2025,A4_prov_2012-2025_mediana_c805_m0.25_r1.25_e0.8_s1_u0.1,"brecha=P-c(1+m)-S/e; clases 1-4,9",2021,2026,52,,,,,,,"clases={""1"": 23, ""2"": 4, ""3"": 3, ""4"": 20, ""9"": 2}"
A4_prov_2012-2025,A4_prov_2012-2025_mediana_c805_m0.25_r1.25_e0.8_s1_u0.25,"brecha=P-c(1+m)-S/e; clases 1-4,9",2021,2026,52,,,,,,,"clases={""1"": 23, ""2"": 4, ""3"": 3, ""4"": 20, ""9"": 2}"
A4_prov_2012-2025,A4_prov_2012-2025_mediana_c805_m0.25_r1.25_e1.2_s0_u0.0,"brecha=P-c(1+m)-S/e; clases 1-4,9",2021,2026,52,,,,,,,"clases={""1"": 26, ""2"": 3, ""3"": 1, ""4"": 20, ""9"": 2}"
A4_prov_2012-2025,A4_prov_2012-2025_mediana_c805_m0.25_r1.25_e1.2_s0_u0.1,"brecha=P-c(1+m)-S/e; clases 1-4,9",2021,2026,52,,,,,,,"clases={""1"": 24, ""2"": 5, ""3"": 1, ""4"": 20, ""9"": 2}"
A4_prov_2012-2025,A4_prov_2012-2025_mediana_c805_m0.25_r1.25_e1.2_s0_u0.25,"brecha=P-c(1+m)-S/e; clases 1-4,9",2021,2026,52,,,,,,,"clases={""1"": 23, ""2"": 6, ""3"": 1, ""4"": 20, ""9"": 2}"
A4_prov_2012-2025,A4_prov_2012-2025_mediana_c805_m0.25_r1.25_e1.2_s1_u0.0,"brecha=P-c(1+m)-S/e; clases 1-4,9",2021,2026,52,,,,,,,"clases={""1"": 26, ""2"": 3, ""3"": 1, ""4"": 20, ""9"": 2}"
A4_prov_2012-2025,A4_prov_2012-2025_mediana_c805_m0.25_r1.25_e1.2_s1_u0.1,"brecha=P-c(1+m)-S/e; clases 1-4,9",2021,2026,52,,,,,,,"clases={""1"": 24, ""2"": 5, ""3"": 1, ""4"": 20, ""9"": 2}"
A4_prov_2012-2025,A4_prov_2012-2025_mediana_c805_m0.25_r1.25_e1.2_s1_u0.25,"brecha=P-c(1+m)-S/e; clases 1-4,9",2021,2026,52,,,,,,,"clases={""1"": 24, ""2"": 5, ""3"": 1, ""4"": 20, ""9"": 2}"
A4_prov_2012-2025,A4_prov_2012-2025_mediana_c805_m0.25_r1.25_e1.6_s0_u0.0,"brecha=P-c(1+m)-S/e; clases 1-4,9",2021,2026,52,,,,,,,"clases={""1"": 26, ""2"": 3, ""3"": 1, ""4"": 20, ""9"": 2}"
A4_prov_2012-2025,A4_prov_2012-2025_mediana_c805_m0.25_r1.25_e1.6_s0_u0.1,"brecha=P-c(1+m)-S/e; clases 1-4,9",2021,2026,52,,,,,,,"clases={""1"": 24, ""2"": 5, ""3"": 1, ""4"": 20, ""9"": 2}"
A4_prov_2012-2025,A4_prov_2012-2025_mediana_c805_m0.25_r1.25_e1.6_s0_u0.25,"brecha=P-c(1+m)-S/e; clases 1-4,9",2021,2026,52,,,,,,,"clases={""1"": 23, ""2"": 6, ""3"": 1, ""4"": 20, ""9"": 2}"
A4_prov_2012-2025,A4_prov_2012-2025_mediana_c805_m0.25_r1.25_e1.6_s1_u0.0,"brecha=P-c(1+m)-S/e; clases 1-4,9",2021,2026,52,,,,,,,"clases={""1"": 26, ""2"": 3, ""3"": 1, ""4"": 20, ""9"": 2}"
A4_prov_2012-2025,A4_prov_2012-2025_mediana_c805_m0.25_r1.25_e1.6_s1_u0.1,"brecha=P-c(1+m)-S/e; clases 1-4,9",2021,2026,52,,,,,,,"clases={""1"": 24, ""2"": 5, ""3"": 1, ""4"": 20, ""9"": 2}"
A4_prov_2012-2025,A4_prov_2012-2025_mediana_c805_m0.25_r1.25_e1.6_s1_u0.25,"brecha=P-c(1+m)-S/e; clases 1-4,9",2021,2026,52,,,,,,,"clases={""1"": 23, ""2"": 6, ""3"": 1, ""4"": 20, ""9"": 2}"
A4_prov_2012-2025,A4_prov_2012-2025_mediana_c805_m0.25_r1.5_e0.8_s0_u0.0,"brecha=P-c(1+m)-S/e; clases 1-4,9",2021,2026,52,,,,,,,"clases={""1"": 27, ""2"": 1, ""3"": 2, ""4"": 20, ""9"": 2}"
A4_prov_2012-2025,A4_prov_2012-2025_mediana_c805_m0.25_r1.5_e0.8_s0_u0.1,"brecha=P-c(1+m)-S/e; clases 1-4,9",2021,2026,52,,,,,,,"clases={""1"": 25, ""2"": 3, ""3"": 2, ""4"": 20, ""9"": 2}"
A4_prov_2012-2025,A4_prov_2012-2025_mediana_c805_m0.25_r1.5_e0.8_s0_u0.25,"brecha=P-c(1+m)-S/e; clases 1-4,9",2021,2026,52,,,,,,,"clases={""1"": 25, ""2"": 3, ""3"": 2, ""4"": 20, ""9"": 2}"
A4_prov_2012-2025,A4_prov_2012-2025_mediana_c805_m0.25_r1.5_e0.8_s1_u0.0,"brecha=P-c(1+m)-S/e; clases 1-4,9",2021,2026,52,,,,,,,"clases={""1"": 26, ""2"": 1, ""3"": 3, ""4"": 20, ""9"": 2}"
A4_prov_2012-2025,A4_prov_2012-2025_mediana_c805_m0.25_r1.5_e0.8_s1_u0.1,"brecha=P-c(1+m)-S/e; clases 1-4,9",2021,2026,52,,,,,,,"clases={""1"": 24, ""2"": 3, ""3"": 3, ""4"": 20, ""9"": 2}"
A4_prov_2012-2025,A4_prov_2012-2025_mediana_c805_m0.25_r1.5_e0.8_s1_u0.25,"brecha=P-c(1+m)-S/e; clases 1-4,9",2021,2026,52,,,,,,,"clases={""1"": 24, ""2"": 3, ""3"": 3, ""4"": 20, ""9"": 2}"
A4_prov_2012-2025,A4_prov_2012-2025_mediana_c805_m0.25_r1.5_e1.2_s0_u0.0,"brecha=P-c(1+m)-S/e; clases 1-4,9",2021,2026,52,,,,,,,"clases={""1"": 28, ""2"": 1, ""3"": 1, ""4"": 20, ""9"": 2}"
A4_prov_2012-2025,A4_prov_2012-2025_mediana_c805_m0.25_r1.5_e1.2_s0_u0.1,"brecha=P-c(1+m)-S/e; clases 1-4,9",2021,2026,52,,,,,,,"clases={""1"": 26, ""2"": 3, ""3"": 1, ""4"": 20, ""9"": 2}"
A4_prov_2012-2025,A4_prov_2012-2025_mediana_c805_m0.25_r1.5_e1.2_s0_u0.25,"brecha=P-c(1+m)-S/e; clases 1-4,9",2021,2026,52,,,,,,,"clases={""1"": 26, ""2"": 3, ""3"": 1, ""4"": 20, ""9"": 2}"
A4_prov_2012-2025,A4_prov_2012-2025_mediana_c805_m0.25_r1.5_e1.2_s1_u0.0,"brecha=P-c(1+m)-S/e; clases 1-4,9",2021,2026,52,,,,,,,"clases={""1"": 28, ""2"": 1, ""3"": 1, ""4"": 20, ""9"": 2}"
A4_prov_2012-2025,A4_prov_2012-2025_mediana_c805_m0.25_r1.5_e1.2_s1_u0.1,"brecha=P-c(1+m)-S/e; clases 1-4,9",2021,2026,52,,,,,,,"clases={""1"": 26, ""2"": 3, ""3"": 1, ""4"": 20, ""9"": 2}"
A4_prov_2012-2025,A4_prov_2012-2025_mediana_c805_m0.25_r1.5_e1.2_s1_u0.25,"brecha=P-c(1+m)-S/e; clases 1-4,9",2021,2026,52,,,,,,,"clases={""1"": 26, ""2"": 3, ""3"": 1, ""4"": 20, ""9"": 2}"
A4_prov_2012-2025,A4_prov_2012-2025_mediana_c805_m0.25_r1.5_e1.6_s0_u0.0,"brecha=P-c(1+m)-S/e; clases 1-4,9",2021,2026,52,,,,,,,"clases={""1"": 28, ""2"": 1, ""3"": 1, ""4"": 20, ""9"": 2}"
A4_prov_2012-2025,A4_prov_2012-2025_mediana_c805_m0.25_r1.5_e1.6_s0_u0.1,"brecha=P-c(1+m)-S/e; clases 1-4,9",2021,2026,52,,,,,,,"clases={""1"": 26, ""2"": 3, ""3"": 1, ""4"": 20, ""9"": 2}"
A4_prov_2012-2025,A4_prov_2012-2025_mediana_c805_m0.25_r1.5_e1.6_s0_u0.25,"brecha=P-c(1+m)-S/e; clases 1-4,9",2021,2026,52,,,,,,,"clases={""1"": 26, ""2"": 3, ""3"": 1, ""4"": 20, ""9"": 2}"
A4_prov_2012-2025,A4_prov_2012-2025_mediana_c805_m0.25_r1.5_e1.6_s1_u0.0,"brecha=P-c(1+m)-S/e; clases 1-4,9",2021,2026,52,,,,,,,"clases={""1"": 28, ""2"": 1, ""3"": 1, ""4"": 20, ""9"": 2}"
A4_prov_2012-2025,A4_prov_2012-2025_mediana_c805_m0.25_r1.5_e1.6_s1_u0.1,"brecha=P-c(1+m)-S/e; clases 1-4,9",2021,2026,52,,,,,,,"clases={""1"": 26, ""2"": 3, ""3"": 1, ""4"": 20, ""9"": 2}"
A4_prov_2012-2025,A4_prov_2012-2025_mediana_c805_m0.25_r1.5_e1.6_s1_u0.25,"brecha=P-c(1+m)-S/e; clases 1-4,9",2021,2026,52,,,,,,,"clases={""1"": 26, ""2"": 3, ""3"": 1, ""4"": 20, ""9"": 2}"
A4_prov_2012-2025,A4_prov_2012-2025_mediana_c932_m0.15_r1.25_e0.8_s0_u0.0,"brecha=P-c(1+m)-S/e; clases 1-4,9",2021,2026,52,,,,,,,"clases={""1"": 23, ""2"": 1, ""3"": 6, ""4"": 20, ""9"": 2}"
A4_prov_2012-2025,A4_prov_2012-2025_mediana_c932_m0.15_r1.25_e0.8_s0_u0.1,"brecha=P-c(1+m)-S/e; clases 1-4,9",2021,2026,52,,,,,,,"clases={""1"": 21, ""2"": 3, ""3"": 6, ""4"": 20, ""9"": 2}"
A4_prov_2012-2025,A4_prov_2012-2025_mediana_c932_m0.15_r1.25_e0.8_s0_u0.25,"brecha=P-c(1+m)-S/e; clases 1-4,9",2021,2026,52,,,,,,,"clases={""1"": 21, ""2"": 3, ""3"": 6, ""4"": 20, ""9"": 2}"
A4_prov_2012-2025,A4_prov_2012-2025_mediana_c932_m0.15_r1.25_e0.8_s1_u0.0,"brecha=P-c(1+m)-S/e; clases 1-4,9",2021,2026,52,,,,,,,"clases={""1"": 23, ""2"": 1, ""3"": 6, ""4"": 20, ""9"": 2}"
A4_prov_2012-2025,A4_prov_2012-2025_mediana_c932_m0.15_r1.25_e0.8_s1_u0.1,"brecha=P-c(1+m)-S/e; clases 1-4,9",2021,2026,52,,,,,,,"clases={""1"": 21, ""2"": 3, ""3"": 6, ""4"": 20, ""9"": 2}"
A4_prov_2012-2025,A4_prov_2012-2025_mediana_c932_m0.15_r1.25_e0.8_s1_u0.25,"brecha=P-c(1+m)-S/e; clases 1-4,9",2021,2026,52,,,,,,,"clases={""1"": 21, ""2"": 3, ""3"": 6, ""4"": 20, ""9"": 2}"
A4_prov_2012-2025,A4_prov_2012-2025_mediana_c932_m0.15_r1.25_e1.2_s0_u0.0,"brecha=P-c(1+m)-S/e; clases 1-4,9",2021,2026,52,,,,,,,"clases={""1"": 27, ""2"": 1, ""3"": 2, ""4"": 20, ""9"": 2}"
A4_prov_2012-2025,A4_prov_2012-2025_mediana_c932_m0.15_r1.25_e1.2_s0_u0.1,"brecha=P-c(1+m)-S/e; clases 1-4,9",2021,2026,52,,,,,,,"clases={""1"": 25, ""2"": 3, ""3"": 2, ""4"": 20, ""9"": 2}"
A4_prov_2012-2025,A4_prov_2012-2025_mediana_c932_m0.15_r1.25_e1.2_s0_u0.25,"brecha=P-c(1+m)-S/e; clases 1-4,9",2021,2026,52,,,,,,,"clases={""1"": 25, ""2"": 3, ""3"": 2, ""4"": 20, ""9"": 2}"
A4_prov_2012-2025,A4_prov_2012-2025_mediana_c932_m0.15_r1.25_e1.2_s1_u0.0,"brecha=P-c(1+m)-S/e; clases 1-4,9",2021,2026,52,,,,,,,"clases={""1"": 25, ""2"": 1, ""3"": 4, ""4"": 20, ""9"": 2}"
A4_prov_2012-2025,A4_prov_2012-2025_mediana_c932_m0.15_r1.25_e1.2_s1_u0.1,"brecha=P-c(1+m)-S/e; clases 1-4,9",2021,2026,52,,,,,,,"clases={""1"": 23, ""2"": 3, ""3"": 4, ""4"": 20, ""9"": 2}"
A4_prov_2012-2025,A4_prov_2012-2025_mediana_c932_m0.15_r1.25_e1.2_s1_u0.25,"brecha=P-c(1+m)-S/e; clases 1-4,9",2021,2026,52,,,,,,,"clases={""1"": 23, ""2"": 3, ""3"": 4, ""4"": 20, ""9"": 2}"
A4_prov_2012-2025,A4_prov_2012-2025_mediana_c932_m0.15_r1.25_e1.6_s0_u0.0,"brecha=P-c(1+m)-S/e; clases 1-4,9",2021,2026,52,,,,,,,"clases={""1"": 27, ""2"": 1, ""3"": 2, ""4"": 20, ""9"": 2}"
A4_prov_2012-2025,A4_prov_2012-2025_mediana_c932_m0.15_r1.25_e1.6_s0_u0.1,"brecha=P-c(1+m)-S/e; clases 1-4,9",2021,2026,52,,,,,,,"clases={""1"": 25, ""2"": 3, ""3"": 2, ""4"": 20, ""9"": 2}"
A4_prov_2012-2025,A4_prov_2012-2025_mediana_c932_m0.15_r1.25_e1.6_s0_u0.25,"brecha=P-c(1+m)-S/e; clases 1-4,9",2021,2026,52,,,,,,,"clases={""1"": 25, ""2"": 3, ""3"": 2, ""4"": 20, ""9"": 2}"
A4_prov_2012-2025,A4_prov_2012-2025_mediana_c932_m0.15_r1.25_e1.6_s1_u0.0,"brecha=P-c(1+m)-S/e; clases 1-4,9",2021,2026,52,,,,,,,"clases={""1"": 26, ""2"": 1, ""3"": 3, ""4"": 20, ""9"": 2}"
A4_prov_2012-2025,A4_prov_2012-2025_mediana_c932_m0.15_r1.25_e1.6_s1_u0.1,"brecha=P-c(1+m)-S/e; clases 1-4,9",2021,2026,52,,,,,,,"clases={""1"": 24, ""2"": 3, ""3"": 3, ""4"": 20, ""9"": 2}"
A4_prov_2012-2025,A4_prov_2012-2025_mediana_c932_m0.15_r1.25_e1.6_s1_u0.25,"brecha=P-c(1+m)-S/e; clases 1-4,9",2021,2026,52,,,,,,,"clases={""1"": 24, ""2"": 3, ""3"": 3, ""4"": 20, ""9"": 2}"
A4_prov_2012-2025,A4_prov_2012-2025_mediana_c932_m0.15_r1.5_e0.8_s0_u0.0,"brecha=P-c(1+m)-S/e; clases 1-4,9",2021,2026,52,,,,,,,"clases={""1"": 23, ""2"": 1, ""3"": 6, ""4"": 20, ""9"": 2}"
A4_prov_2012-2025,A4_prov_2012-2025_mediana_c932_m0.15_r1.5_e0.8_s0_u0.1,"brecha=P-c(1+m)-S/e; clases 1-4,9",2021,2026,52,,,,,,,"clases={""1"": 21, ""2"": 3, ""3"": 6, ""4"": 20, ""9"": 2}"
A4_prov_2012-2025,A4_prov_2012-2025_mediana_c932_m0.15_r1.5_e0.8_s0_u0.25,"brecha=P-c(1+m)-S/e; clases 1-4,9",2021,2026,52,,,,,,,"clases={""1"": 21, ""2"": 3, ""3"": 6, ""4"": 20, ""9"": 2}"
A4_prov_2012-2025,A4_prov_2012-2025_mediana_c932_m0.15_r1.5_e0.8_s1_u0.0,"brecha=P-c(1+m)-S/e; clases 1-4,9",2021,2026,52,,,,,,,"clases={""1"": 24, ""2"": 0, ""3"": 6, ""4"": 20, ""9"": 2}"
A4_prov_2012-2025,A4_prov_2012-2025_mediana_c932_m0.15_r1.5_e0.8_s1_u0.1,"brecha=P-c(1+m)-S/e; clases 1-4,9",2021,2026,52,,,,,,,"clases={""1"": 22, ""2"": 2, ""3"": 6, ""4"": 20, ""9"": 2}"
A4_prov_2012-2025,A4_prov_2012-2025_mediana_c932_m0.15_r1.5_e0.8_s1_u0.25,"brecha=P-c(1+m)-S/e; clases 1-4,9",2021,2026,52,,,,,,,"clases={""1"": 22, ""2"": 2, ""3"": 6, ""4"": 20, ""9"": 2}"
A4_prov_2012-2025,A4_prov_2012-2025_mediana_c932_m0.15_r1.5_e1.2_s0_u0.0,"brecha=P-c(1+m)-S/e; clases 1-4,9",2021,2026,52,,,,,,,"clases={""1"": 27, ""2"": 1, ""3"": 2, ""4"": 20, ""9"": 2}"
A4_prov_2012-2025,A4_prov_2012-2025_mediana_c932_m0.15_r1.5_e1.2_s0_u0.1,"brecha=P-c(1+m)-S/e; clases 1-4,9",2021,2026,52,,,,,,,"clases={""1"": 25, ""2"": 3, ""3"": 2, ""4"": 20, ""9"": 2}"
A4_prov_2012-2025,A4_prov_2012-2025_mediana_c932_m0.15_r1.5_e1.2_s0_u0.25,"brecha=P-c(1+m)-S/e; clases 1-4,9",2021,2026,52,,,,,,,"clases={""1"": 25, ""2"": 3, ""3"": 2, ""4"": 20, ""9"": 2}"
A4_prov_2012-2025,A4_prov_2012-2025_mediana_c932_m0.15_r1.5_e1.2_s1_u0.0,"brecha=P-c(1+m)-S/e; clases 1-4,9",2021,2026,52,,,,,,,"clases={""1"": 25, ""2"": 1, ""3"": 4, ""4"": 20, ""9"": 2}"
A4_prov_2012-2025,A4_prov_2012-2025_mediana_c932_m0.15_r1.5_e1.2_s1_u0.1,"brecha=P-c(1+m)-S/e; clases 1-4,9",2021,2026,52,,,,,,,"clases={""1"": 23, ""2"": 3, ""3"": 4, ""4"": 20, ""9"": 2}"
A4_prov_2012-2025,A4_prov_2012-2025_mediana_c932_m0.15_r1.5_e1.2_s1_u0.25,"brecha=P-c(1+m)-S/e; clases 1-4,9",2021,2026,52,,,,,,,"clases={""1"": 23, ""2"": 3, ""3"": 4, ""4"": 20, ""9"": 2}"
A4_prov_2012-2025,A4_prov_2012-2025_mediana_c932_m0.15_r1.5_e1.6_s0_u0.0,"brecha=P-c(1+m)-S/e; clases 1-4,9",2021,2026,52,,,,,,,"clases={""1"": 27, ""2"": 1, ""3"": 2, ""4"": 20, ""9"": 2}"
A4_prov_2012-2025,A4_prov_2012-2025_mediana_c932_m0.15_r1.5_e1.6_s0_u0.1,"brecha=P-c(1+m)-S/e; clases 1-4,9",2021,2026,52,,,,,,,"clases={""1"": 25, ""2"": 3, ""3"": 2, ""4"": 20, ""9"": 2}"
A4_prov_2012-2025,A4_prov_2012-2025_mediana_c932_m0.15_r1.5_e1.6_s0_u0.25,"brecha=P-c(1+m)-S/e; clases 1-4,9",2021,2026,52,,,,,,,"clases={""1"": 25, ""2"": 3, ""3"": 2, ""4"": 20, ""9"": 2}"
A4_prov_2012-2025,A4_prov_2012-2025_mediana_c932_m0.15_r1.5_e1.6_s1_u0.0,"brecha=P-c(1+m)-S/e; clases 1-4,9",2021,2026,52,,,,,,,"clases={""1"": 26, ""2"": 1, ""3"": 3, ""4"": 20, ""9"": 2}"
A4_prov_2012-2025,A4_prov_2012-2025_mediana_c932_m0.15_r1.5_e1.6_s1_u0.1,"brecha=P-c(1+m)-S/e; clases 1-4,9",2021,2026,52,,,,,,,"clases={""1"": 24, ""2"": 3, ""3"": 3, ""4"": 20, ""9"": 2}"
A4_prov_2012-2025,A4_prov_2012-2025_mediana_c932_m0.15_r1.5_e1.6_s1_u0.25,"brecha=P-c(1+m)-S/e; clases 1-4,9",2021,2026,52,,,,,,,"clases={""1"": 24, ""2"": 3, ""3"": 3, ""4"": 20, ""9"": 2}"
A4_prov_2012-2025,A4_prov_2012-2025_mediana_c932_m0.2_r1.25_e0.8_s0_u0.0,"brecha=P-c(1+m)-S/e; clases 1-4,9",2021,2026,52,,,,,,,"clases={""1"": 23, ""2"": 1, ""3"": 6, ""4"": 20, ""9"": 2}"
A4_prov_2012-2025,A4_prov_2012-2025_mediana_c932_m0.2_r1.25_e0.8_s0_u0.1,"brecha=P-c(1+m)-S/e; clases 1-4,9",2021,2026,52,,,,,,,"clases={""1"": 21, ""2"": 3, ""3"": 6, ""4"": 20, ""9"": 2}"
A4_prov_2012-2025,A4_prov_2012-2025_mediana_c932_m0.2_r1.25_e0.8_s0_u0.25,"brecha=P-c(1+m)-S/e; clases 1-4,9",2021,2026,52,,,,,,,"clases={""1"": 21, ""2"": 3, ""3"": 6, ""4"": 20, ""9"": 2}"
A4_prov_2012-2025,A4_prov_2012-2025_mediana_c932_m0.2_r1.25_e0.8_s1_u0.0,"brecha=P-c(1+m)-S/e; clases 1-4,9",2021,2026,52,,,,,,,"clases={""1"": 22, ""2"": 1, ""3"": 7, ""4"": 20, ""9"": 2}"
A4_prov_2012-2025,A4_prov_2012-2025_mediana_c932_m0.2_r1.25_e0.8_s1_u0.1,"brecha=P-c(1+m)-S/e; clases 1-4,9",2021,2026,52,,,,,,,"clases={""1"": 20, ""2"": 3, ""3"": 7, ""4"": 20, ""9"": 2}"
A4_prov_2012-2025,A4_prov_2012-2025_mediana_c932_m0.2_r1.25_e0.8_s1_u0.25,"brecha=P-c(1+m)-S/e; clases 1-4,9",2021,2026,52,,,,,,,"clases={""1"": 20, ""2"": 3, ""3"": 7, ""4"": 20, ""9"": 2}"
A4_prov_2012-2025,A4_prov_2012-2025_mediana_c932_m0.2_r1.25_e1.2_s0_u0.0,"brecha=P-c(1+m)-S/e; clases 1-4,9",2021,2026,52,,,,,,,"clases={""1"": 24, ""2"": 1, ""3"": 5, ""4"": 20, ""9"": 2}"
A4_prov_2012-2025,A4_prov_2012-2025_mediana_c932_m0.2_r1.25_e1.2_s0_u0.1,"brecha=P-c(1+m)-S/e; clases 1-4,9",2021,2026,52,,,,,,,"clases={""1"": 22, ""2"": 3, ""3"": 5, ""4"": 20, ""9"": 2}"
A4_prov_2012-2025,A4_prov_2012-2025_mediana_c932_m0.2_r1.25_e1.2_s0_u0.25,"brecha=P-c(1+m)-S/e; clases 1-4,9",2021,2026,52,,,,,,,"clases={""1"": 22, ""2"": 3, ""3"": 5, ""4"": 20, ""9"": 2}"
A4_prov_2012-2025,A4_prov_2012-2025_mediana_c932_m0.2_r1.25_e1.2_s1_u0.0,"brecha=P-c(1+m)-S/e; clases 1-4,9",2021,2026,52,,,,,,,"clases={""1"": 24, ""2"": 1, ""3"": 5, ""4"": 20, ""9"": 2}"
A4_prov_2012-2025,A4_prov_2012-2025_mediana_c932_m0.2_r1.25_e1.2_s1_u0.1,"brecha=P-c(1+m)-S/e; clases 1-4,9",2021,2026,52,,,,,,,"clases={""1"": 22, ""2"": 3, ""3"": 5, ""4"": 20, ""9"": 2}"
A4_prov_2012-2025,A4_prov_2012-2025_mediana_c932_m0.2_r1.25_e1.2_s1_u0.25,"brecha=P-c(1+m)-S/e; clases 1-4,9",2021,2026,52,,,,,,,"clases={""1"": 22, ""2"": 3, ""3"": 5, ""4"": 20, ""9"": 2}"
A4_prov_2012-2025,A4_prov_2012-2025_mediana_c932_m0.2_r1.25_e1.6_s0_u0.0,"brecha=P-c(1+m)-S/e; clases 1-4,9",2021,2026,52,,,,,,,"clases={""1"": 25, ""2"": 1, ""3"": 4, ""4"": 20, ""9"": 2}"
A4_prov_2012-2025,A4_prov_2012-2025_mediana_c932_m0.2_r1.25_e1.6_s0_u0.1,"brecha=P-c(1+m)-S/e; clases 1-4,9",2021,2026,52,,,,,,,"clases={""1"": 23, ""2"": 3, ""3"": 4, ""4"": 20, ""9"": 2}"
A4_prov_2012-2025,A4_prov_2012-2025_mediana_c932_m0.2_r1.25_e1.6_s0_u0.25,"brecha=P-c(1+m)-S/e; clases 1-4,9",2021,2026,52,,,,,,,"clases={""1"": 23, ""2"": 3, ""3"": 4, ""4"": 20, ""9"": 2}"
A4_prov_2012-2025,A4_prov_2012-2025_mediana_c932_m0.2_r1.25_e1.6_s1_u0.0,"brecha=P-c(1+m)-S/e; clases 1-4,9",2021,2026,52,,,,,,,"clases={""1"": 24, ""2"": 1, ""3"": 5, ""4"": 20, ""9"": 2}"
A4_prov_2012-2025,A4_prov_2012-2025_mediana_c932_m0.2_r1.25_e1.6_s1_u0.1,"brecha=P-c(1+m)-S/e; clases 1-4,9",2021,2026,52,,,,,,,"clases={""1"": 22, ""2"": 3, ""3"": 5, ""4"": 20, ""9"": 2}"
A4_prov_2012-2025,A4_prov_2012-2025_mediana_c932_m0.2_r1.25_e1.6_s1_u0.25,"brecha=P-c(1+m)-S/e; clases 1-4,9",2021,2026,52,,,,,,,"clases={""1"": 22, ""2"": 3, ""3"": 5, ""4"": 20, ""9"": 2}"
A4_prov_2012-2025,A4_prov_2012-2025_mediana_c932_m0.2_r1.5_e0.8_s0_u0.0,"brecha=P-c(1+m)-S/e; clases 1-4,9",2021,2026,52,,,,,,,"clases={""1"": 23, ""2"": 1, ""3"": 6, ""4"": 20, ""9"": 2}"
A4_prov_2012-2025,A4_prov_2012-2025_mediana_c932_m0.2_r1.5_e0.8_s0_u0.1,"brecha=P-c(1+m)-S/e; clases 1-4,9",2021,2026,52,,,,,,,"clases={""1"": 21, ""2"": 3, ""3"": 6, ""4"": 20, ""9"": 2}"
A4_prov_2012-2025,A4_prov_2012-2025_mediana_c932_m0.2_r1.5_e0.8_s0_u0.25,"brecha=P-c(1+m)-S/e; clases 1-4,9",2021,2026,52,,,,,,,"clases={""1"": 21, ""2"": 3, ""3"": 6, ""4"": 20, ""9"": 2}"
A4_prov_2012-2025,A4_prov_2012-2025_mediana_c932_m0.2_r1.5_e0.8_s1_u0.0,"brecha=P-c(1+m)-S/e; clases 1-4,9",2021,2026,52,,,,,,,"clases={""1"": 23, ""2"": 0, ""3"": 7, ""4"": 20, ""9"": 2}"
A4_prov_2012-2025,A4_prov_2012-2025_mediana_c932_m0.2_r1.5_e0.8_s1_u0.1,"brecha=P-c(1+m)-S/e; clases 1-4,9",2021,2026,52,,,,,,,"clases={""1"": 21, ""2"": 2, ""3"": 7, ""4"": 20, ""9"": 2}"
A4_prov_2012-2025,A4_prov_2012-2025_mediana_c932_m0.2_r1.5_e0.8_s1_u0.25,"brecha=P-c(1+m)-S/e; clases 1-4,9",2021,2026,52,,,,,,,"clases={""1"": 21, ""2"": 2, ""3"": 7, ""4"": 20, ""9"": 2}"
A4_prov_2012-2025,A4_prov_2012-2025_mediana_c932_m0.2_r1.5_e1.2_s0_u0.0,"brecha=P-c(1+m)-S/e; clases 1-4,9",2021,2026,52,,,,,,,"clases={""1"": 24, ""2"": 1, ""3"": 5, ""4"": 20, ""9"": 2}"
A4_prov_2012-2025,A4_prov_2012-2025_mediana_c932_m0.2_r1.5_e1.2_s0_u0.1,"brecha=P-c(1+m)-S/e; clases 1-4,9",2021,2026,52,,,,,,,"clases={""1"": 22, ""2"": 3, ""3"": 5, ""4"": 20, ""9"": 2}"
A4_prov_2012-2025,A4_prov_2012-2025_mediana_c932_m0.2_r1.5_e1.2_s0_u0.25,"brecha=P-c(1+m)-S/e; clases 1-4,9",2021,2026,52,,,,,,,"clases={""1"": 22, ""2"": 3, ""3"": 5, ""4"": 20, ""9"": 2}"
A4_prov_2012-2025,A4_prov_2012-2025_mediana_c932_m0.2_r1.5_e1.2_s1_u0.0,"brecha=P-c(1+m)-S/e; clases 1-4,9",2021,2026,52,,,,,,,"clases={""1"": 24, ""2"": 1, ""3"": 5, ""4"": 20, ""9"": 2}"
A4_prov_2012-2025,A4_prov_2012-2025_mediana_c932_m0.2_r1.5_e1.2_s1_u0.1,"brecha=P-c(1+m)-S/e; clases 1-4,9",2021,2026,52,,,,,,,"clases={""1"": 22, ""2"": 3, ""3"": 5, ""4"": 20, ""9"": 2}"
A4_prov_2012-2025,A4_prov_2012-2025_mediana_c932_m0.2_r1.5_e1.2_s1_u0.25,"brecha=P-c(1+m)-S/e; clases 1-4,9",2021,2026,52,,,,,,,"clases={""1"": 22, ""2"": 3, ""3"": 5, ""4"": 20, ""9"": 2}"
A4_prov_2012-2025,A4_prov_2012-2025_mediana_c932_m0.2_r1.5_e1.6_s0_u0.0,"brecha=P-c(1+m)-S/e; clases 1-4,9",2021,2026,52,,,,,,,"clases={""1"": 25, ""2"": 1, ""3"": 4, ""4"": 20, ""9"": 2}"
A4_prov_2012-2025,A4_prov_2012-2025_mediana_c932_m0.2_r1.5_e1.6_s0_u0.1,"brecha=P-c(1+m)-S/e; clases 1-4,9",2021,2026,52,,,,,,,"clases={""1"": 23, ""2"": 3, ""3"": 4, ""4"": 20, ""9"": 2}"
A4_prov_2012-2025,A4_prov_2012-2025_mediana_c932_m0.2_r1.5_e1.6_s0_u0.25,"brecha=P-c(1+m)-S/e; clases 1-4,9",2021,2026,52,,,,,,,"clases={""1"": 23, ""2"": 3, ""3"": 4, ""4"": 20, ""9"": 2}"
A4_prov_2012-2025,A4_prov_2012-2025_mediana_c932_m0.2_r1.5_e1.6_s1_u0.0,"brecha=P-c(1+m)-S/e; clases 1-4,9",2021,2026,52,,,,,,,"clases={""1"": 24, ""2"": 1, ""3"": 5, ""4"": 20, ""9"": 2}"
A4_prov_2012-2025,A4_prov_2012-2025_mediana_c932_m0.2_r1.5_e1.6_s1_u0.1,"brecha=P-c(1+m)-S/e; clases 1-4,9",2021,2026,52,,,,,,,"clases={""1"": 22, ""2"": 3, ""3"": 5, ""4"": 20, ""9"": 2}"
A4_prov_2012-2025,A4_prov_2012-2025_mediana_c932_m0.2_r1.5_e1.6_s1_u0.25,"brecha=P-c(1+m)-S/e; clases 1-4,9",2021,2026,52,,,,,,,"clases={""1"": 22, ""2"": 3, ""3"": 5, ""4"": 20, ""9"": 2}"
A4_prov_2012-2025,A4_prov_2012-2025_mediana_c932_m0.25_r1.25_e0.8_s0_u0.0,"brecha=P-c(1+m)-S/e; clases 1-4,9",2021,2026,52,,,,,,,"clases={""1"": 23, ""2"": 1, ""3"": 6, ""4"": 20, ""9"": 2}"
A4_prov_2012-2025,A4_prov_2012-2025_mediana_c932_m0.25_r1.25_e0.8_s0_u0.1,"brecha=P-c(1+m)-S/e; clases 1-4,9",2021,2026,52,,,,,,,"clases={""1"": 21, ""2"": 3, ""3"": 6, ""4"": 20, ""9"": 2}"
A4_prov_2012-2025,A4_prov_2012-2025_mediana_c932_m0.25_r1.25_e0.8_s0_u0.25,"brecha=P-c(1+m)-S/e; clases 1-4,9",2021,2026,52,,,,,,,"clases={""1"": 21, ""2"": 3, ""3"": 6, ""4"": 20, ""9"": 2}"
A4_prov_2012-2025,A4_prov_2012-2025_mediana_c932_m0.25_r1.25_e0.8_s1_u0.0,"brecha=P-c(1+m)-S/e; clases 1-4,9",2021,2026,52,,,,,,,"clases={""1"": 21, ""2"": 1, ""3"": 8, ""4"": 20, ""9"": 2}"
A4_prov_2012-2025,A4_prov_2012-2025_mediana_c932_m0.25_r1.25_e0.8_s1_u0.1,"brecha=P-c(1+m)-S/e; clases 1-4,9",2021,2026,52,,,,,,,"clases={""1"": 19, ""2"": 3, ""3"": 8, ""4"": 20, ""9"": 2}"
A4_prov_2012-2025,A4_prov_2012-2025_mediana_c932_m0.25_r1.25_e0.8_s1_u0.25,"brecha=P-c(1+m)-S/e; clases 1-4,9",2021,2026,52,,,,,,,"clases={""1"": 19, ""2"": 3, ""3"": 8, ""4"": 20, ""9"": 2}"
A4_prov_2012-2025,A4_prov_2012-2025_mediana_c932_m0.25_r1.25_e1.2_s0_u0.0,"brecha=P-c(1+m)-S/e; clases 1-4,9",2021,2026,52,,,,,,,"clases={""1"": 23, ""2"": 1, ""3"": 6, ""4"": 20, ""9"": 2}"
A4_prov_2012-2025,A4_prov_2012-2025_mediana_c932_m0.25_r1.25_e1.2_s0_u0.1,"brecha=P-c(1+m)-S/e; clases 1-4,9",2021,2026,52,,,,,,,"clases={""1"": 21, ""2"": 3, ""3"": 6, ""4"": 20, ""9"": 2}"
A4_prov_2012-2025,A4_prov_2012-2025_mediana_c932_m0.25_r1.25_e1.2_s0_u0.25,"brecha=P-c(1+m)-S/e; clases 1-4,9",2021,2026,52,,,,,,,"clases={""1"": 21, ""2"": 3, ""3"": 6, ""4"": 20, ""9"": 2}"
A4_prov_2012-2025,A4_prov_2012-2025_mediana_c932_m0.25_r1.25_e1.2_s1_u0.0,"brecha=P-c(1+m)-S/e; clases 1-4,9",2021,2026,52,,,,,,,"clases={""1"": 23, ""2"": 1, ""3"": 6, ""4"": 20, ""9"": 2}"
A4_prov_2012-2025,A4_prov_2012-2025_mediana_c932_m0.25_r1.25_e1.2_s1_u0.1,"brecha=P-c(1+m)-S/e; clases 1-4,9",2021,2026,52,,,,,,,"clases={""1"": 21, ""2"": 3, ""3"": 6, ""4"": 20, ""9"": 2}"
A4_prov_2012-2025,A4_prov_2012-2025_mediana_c932_m0.25_r1.25_e1.2_s1_u0.25,"brecha=P-c(1+m)-S/e; clases 1-4,9",2021,2026,52,,,,,,,"clases={""1"": 21, ""2"": 3, ""3"": 6, ""4"": 20, ""9"": 2}"
A4_prov_2012-2025,A4_prov_2012-2025_mediana_c932_m0.25_r1.25_e1.6_s0_u0.0,"brecha=P-c(1+m)-S/e; clases 1-4,9",2021,2026,52,,,,,,,"clases={""1"": 24, ""2"": 1, ""3"": 5, ""4"": 20, ""9"": 2}"
A4_prov_2012-2025,A4_prov_2012-2025_mediana_c932_m0.25_r1.25_e1.6_s0_u0.1,"brecha=P-c(1+m)-S/e; clases 1-4,9",2021,2026,52,,,,,,,"clases={""1"": 22, ""2"": 3, ""3"": 5, ""4"": 20, ""9"": 2}"
A4_prov_2012-2025,A4_prov_2012-2025_mediana_c932_m0.25_r1.25_e1.6_s0_u0.25,"brecha=P-c(1+m)-S/e; clases 1-4,9",2021,2026,52,,,,,,,"clases={""1"": 22, ""2"": 3, ""3"": 5, ""4"": 20, ""9"": 2}"
A4_prov_2012-2025,A4_prov_2012-2025_mediana_c932_m0.25_r1.25_e1.6_s1_u0.0,"brecha=P-c(1+m)-S/e; clases 1-4,9",2021,2026,52,,,,,,,"clases={""1"": 24, ""2"": 1, ""3"": 5, ""4"": 20, ""9"": 2}"
A4_prov_2012-2025,A4_prov_2012-2025_mediana_c932_m0.25_r1.25_e1.6_s1_u0.1,"brecha=P-c(1+m)-S/e; clases 1-4,9",2021,2026,52,,,,,,,"clases={""1"": 22, ""2"": 3, ""3"": 5, ""4"": 20, ""9"": 2}"
A4_prov_2012-2025,A4_prov_2012-2025_mediana_c932_m0.25_r1.25_e1.6_s1_u0.25,"brecha=P-c(1+m)-S/e; clases 1-4,9",2021,2026,52,,,,,,,"clases={""1"": 22, ""2"": 3, ""3"": 5, ""4"": 20, ""9"": 2}"
A4_prov_2012-2025,A4_prov_2012-2025_mediana_c932_m0.25_r1.5_e0.8_s0_u0.0,"brecha=P-c(1+m)-S/e; clases 1-4,9",2021,2026,52,,,,,,,"clases={""1"": 23, ""2"": 1, ""3"": 6, ""4"": 20, ""9"": 2}"
A4_prov_2012-2025,A4_prov_2012-2025_mediana_c932_m0.25_r1.5_e0.8_s0_u0.1,"brecha=P-c(1+m)-S/e; clases 1-4,9",2021,2026,52,,,,,,,"clases={""1"": 21, ""2"": 3, ""3"": 6, ""4"": 20, ""9"": 2}"
A4_prov_2012-2025,A4_prov_2012-2025_mediana_c932_m0.25_r1.5_e0.8_s0_u0.25,"brecha=P-c(1+m)-S/e; clases 1-4,9",2021,2026,52,,,,,,,"clases={""1"": 21, ""2"": 3, ""3"": 6, ""4"": 20, ""9"": 2}"
A4_prov_2012-2025,A4_prov_2012-2025_mediana_c932_m0.25_r1.5_e0.8_s1_u0.0,"brecha=P-c(1+m)-S/e; clases 1-4,9",2021,2026,52,,,,,,,"clases={""1"": 22, ""2"": 0, ""3"": 8, ""4"": 20, ""9"": 2}"
A4_prov_2012-2025,A4_prov_2012-2025_mediana_c932_m0.25_r1.5_e0.8_s1_u0.1,"brecha=P-c(1+m)-S/e; clases 1-4,9",2021,2026,52,,,,,,,"clases={""1"": 20, ""2"": 2, ""3"": 8, ""4"": 20, ""9"": 2}"
A4_prov_2012-2025,A4_prov_2012-2025_mediana_c932_m0.25_r1.5_e0.8_s1_u0.25,"brecha=P-c(1+m)-S/e; clases 1-4,9",2021,2026,52,,,,,,,"clases={""1"": 20, ""2"": 2, ""3"": 8, ""4"": 20, ""9"": 2}"
A4_prov_2012-2025,A4_prov_2012-2025_mediana_c932_m0.25_r1.5_e1.2_s0_u0.0,"brecha=P-c(1+m)-S/e; clases 1-4,9",2021,2026,52,,,,,,,"clases={""1"": 23, ""2"": 1, ""3"": 6, ""4"": 20, ""9"": 2}"
A4_prov_2012-2025,A4_prov_2012-2025_mediana_c932_m0.25_r1.5_e1.2_s0_u0.1,"brecha=P-c(1+m)-S/e; clases 1-4,9",2021,2026,52,,,,,,,"clases={""1"": 21, ""2"": 3, ""3"": 6, ""4"": 20, ""9"": 2}"
A4_prov_2012-2025,A4_prov_2012-2025_mediana_c932_m0.25_r1.5_e1.2_s0_u0.25,"brecha=P-c(1+m)-S/e; clases 1-4,9",2021,2026,52,,,,,,,"clases={""1"": 21, ""2"": 3, ""3"": 6, ""4"": 20, ""9"": 2}"
A4_prov_2012-2025,A4_prov_2012-2025_mediana_c932_m0.25_r1.5_e1.2_s1_u0.0,"brecha=P-c(1+m)-S/e; clases 1-4,9",2021,2026,52,,,,,,,"clases={""1"": 23, ""2"": 1, ""3"": 6, ""4"": 20, ""9"": 2}"
A4_prov_2012-2025,A4_prov_2012-2025_mediana_c932_m0.25_r1.5_e1.2_s1_u0.1,"brecha=P-c(1+m)-S/e; clases 1-4,9",2021,2026,52,,,,,,,"clases={""1"": 21, ""2"": 3, ""3"": 6, ""4"": 20, ""9"": 2}"
A4_prov_2012-2025,A4_prov_2012-2025_mediana_c932_m0.25_r1.5_e1.2_s1_u0.25,"brecha=P-c(1+m)-S/e; clases 1-4,9",2021,2026,52,,,,,,,"clases={""1"": 21, ""2"": 3, ""3"": 6, ""4"": 20, ""9"": 2}"
A4_prov_2012-2025,A4_prov_2012-2025_mediana_c932_m0.25_r1.5_e1.6_s0_u0.0,"brecha=P-c(1+m)-S/e; clases 1-4,9",2021,2026,52,,,,,,,"clases={""1"": 24, ""2"": 1, ""3"": 5, ""4"": 20, ""9"": 2}"
A4_prov_2012-2025,A4_prov_2012-2025_mediana_c932_m0.25_r1.5_e1.6_s0_u0.1,"brecha=P-c(1+m)-S/e; clases 1-4,9",2021,2026,52,,,,,,,"clases={""1"": 22, ""2"": 3, ""3"": 5, ""4"": 20, ""9"": 2}"
A4_prov_2012-2025,A4_prov_2012-2025_mediana_c932_m0.25_r1.5_e1.6_s0_u0.25,"brecha=P-c(1+m)-S/e; clases 1-4,9",2021,2026,52,,,,,,,"clases={""1"": 22, ""2"": 3, ""3"": 5, ""4"": 20, ""9"": 2}"
A4_prov_2012-2025,A4_prov_2012-2025_mediana_c932_m0.25_r1.5_e1.6_s1_u0.0,"brecha=P-c(1+m)-S/e; clases 1-4,9",2021,2026,52,,,,,,,"clases={""1"": 24, ""2"": 1, ""3"": 5, ""4"": 20, ""9"": 2}"
A4_prov_2012-2025,A4_prov_2012-2025_mediana_c932_m0.25_r1.5_e1.6_s1_u0.1,"brecha=P-c(1+m)-S/e; clases 1-4,9",2021,2026,52,,,,,,,"clases={""1"": 22, ""2"": 3, ""3"": 5, ""4"": 20, ""9"": 2}"
A4_prov_2012-2025,A4_prov_2012-2025_mediana_c932_m0.25_r1.5_e1.6_s1_u0.25,"brecha=P-c(1+m)-S/e; clases 1-4,9",2021,2026,52,,,,,,,"clases={""1"": 22, ""2"": 3, ""3"": 5, ""4"": 20, ""9"": 2}"
A4_prov_2012-2025,A4_prov_2012-2025_max_c422_m0.15_r1.25_e0.8_s0_u0.0,"brecha=P-c(1+m)-S/e; clases 1-4,9",2021,2026,52,,,,,,,"clases={""1"": 36, ""2"": 6, ""3"": 0, ""4"": 8, ""9"": 2}"
A4_prov_2012-2025,A4_prov_2012-2025_max_c422_m0.15_r1.25_e0.8_s0_u0.1,"brecha=P-c(1+m)-S/e; clases 1-4,9",2021,2026,52,,,,,,,"clases={""1"": 34, ""2"": 8, ""3"": 0, ""4"": 8, ""9"": 2}"
A4_prov_2012-2025,A4_prov_2012-2025_max_c422_m0.15_r1.25_e0.8_s0_u0.25,"brecha=P-c(1+m)-S/e; clases 1-4,9",2021,2026,52,,,,,,,"clases={""1"": 29, ""2"": 13, ""3"": 0, ""4"": 8, ""9"": 2}"
A4_prov_2012-2025,A4_prov_2012-2025_max_c422_m0.15_r1.25_e0.8_s1_u0.0,"brecha=P-c(1+m)-S/e; clases 1-4,9",2021,2026,52,,,,,,,"clases={""1"": 36, ""2"": 6, ""3"": 0, ""4"": 8, ""9"": 2}"
A4_prov_2012-2025,A4_prov_2012-2025_max_c422_m0.15_r1.25_e0.8_s1_u0.1,"brecha=P-c(1+m)-S/e; clases 1-4,9",2021,2026,52,,,,,,,"clases={""1"": 34, ""2"": 8, ""3"": 0, ""4"": 8, ""9"": 2}"
A4_prov_2012-2025,A4_prov_2012-2025_max_c422_m0.15_r1.25_e0.8_s1_u0.25,"brecha=P-c(1+m)-S/e; clases 1-4,9",2021,2026,52,,,,,,,"clases={""1"": 30, ""2"": 12, ""3"": 0, ""4"": 8, ""9"": 2}"
A4_prov_2012-2025,A4_prov_2012-2025_max_c422_m0.15_r1.25_e1.2_s0_u0.0,"brecha=P-c(1+m)-S/e; clases 1-4,9",2021,2026,52,,,,,,,"clases={""1"": 36, ""2"": 6, ""3"": 0, ""4"": 8, ""9"": 2}"
A4_prov_2012-2025,A4_prov_2012-2025_max_c422_m0.15_r1.25_e1.2_s0_u0.1,"brecha=P-c(1+m)-S/e; clases 1-4,9",2021,2026,52,,,,,,,"clases={""1"": 34, ""2"": 8, ""3"": 0, ""4"": 8, ""9"": 2}"
A4_prov_2012-2025,A4_prov_2012-2025_max_c422_m0.15_r1.25_e1.2_s0_u0.25,"brecha=P-c(1+m)-S/e; clases 1-4,9",2021,2026,52,,,,,,,"clases={""1"": 29, ""2"": 13, ""3"": 0, ""4"": 8, ""9"": 2}"
A4_prov_2012-2025,A4_prov_2012-2025_max_c422_m0.15_r1.25_e1.2_s1_u0.0,"brecha=P-c(1+m)-S/e; clases 1-4,9",2021,2026,52,,,,,,,"clases={""1"": 36, ""2"": 6, ""3"": 0, ""4"": 8, ""9"": 2}"
A4_prov_2012-2025,A4_prov_2012-2025_max_c422_m0.15_r1.25_e1.2_s1_u0.1,"brecha=P-c(1+m)-S/e; clases 1-4,9",2021,2026,52,,,,,,,"clases={""1"": 34, ""2"": 8, ""3"": 0, ""4"": 8, ""9"": 2}"
A4_prov_2012-2025,A4_prov_2012-2025_max_c422_m0.15_r1.25_e1.2_s1_u0.25,"brecha=P-c(1+m)-S/e; clases 1-4,9",2021,2026,52,,,,,,,"clases={""1"": 29, ""2"": 13, ""3"": 0, ""4"": 8, ""9"": 2}"
A4_prov_2012-2025,A4_prov_2012-2025_max_c422_m0.15_r1.25_e1.6_s0_u0.0,"brecha=P-c(1+m)-S/e; clases 1-4,9",2021,2026,52,,,,,,,"clases={""1"": 36, ""2"": 6, ""3"": 0, ""4"": 8, ""9"": 2}"
A4_prov_2012-2025,A4_prov_2012-2025_max_c422_m0.15_r1.25_e1.6_s0_u0.1,"brecha=P-c(1+m)-S/e; clases 1-4,9",2021,2026,52,,,,,,,"clases={""1"": 34, ""2"": 8, ""3"": 0, ""4"": 8, ""9"": 2}"
A4_prov_2012-2025,A4_prov_2012-2025_max_c422_m0.15_r1.25_e1.6_s0_u0.25,"brecha=P-c(1+m)-S/e; clases 1-4,9",2021,2026,52,,,,,,,"clases={""1"": 29, ""2"": 13, ""3"": 0, ""4"": 8, ""9"": 2}"
A4_prov_2012-2025,A4_prov_2012-2025_max_c422_m0.15_r1.25_e1.6_s1_u0.0,"brecha=P-c(1+m)-S/e; clases 1-4,9",2021,2026,52,,,,,,,"clases={""1"": 36, ""2"": 6, ""3"": 0, ""4"": 8, ""9"": 2}"
A4_prov_2012-2025,A4_prov_2012-2025_max_c422_m0.15_r1.25_e1.6_s1_u0.1,"brecha=P-c(1+m)-S/e; clases 1-4,9",2021,2026,52,,,,,,,"clases={""1"": 34, ""2"": 8, ""3"": 0, ""4"": 8, ""9"": 2}"
A4_prov_2012-2025,A4_prov_2012-2025_max_c422_m0.15_r1.25_e1.6_s1_u0.25,"brecha=P-c(1+m)-S/e; clases 1-4,9",2021,2026,52,,,,,,,"clases={""1"": 29, ""2"": 13, ""3"": 0, ""4"": 8, ""9"": 2}"
A4_prov_2012-2025,A4_prov_2012-2025_max_c422_m0.15_r1.5_e0.8_s0_u0.0,"brecha=P-c(1+m)-S/e; clases 1-4,9",2021,2026,52,,,,,,,"clases={""1"": 36, ""2"": 6, ""3"": 0, ""4"": 8, ""9"": 2}"
A4_prov_2012-2025,A4_prov_2012-2025_max_c422_m0.15_r1.5_e0.8_s0_u0.1,"brecha=P-c(1+m)-S/e; clases 1-4,9",2021,2026,52,,,,,,,"clases={""1"": 34, ""2"": 8, ""3"": 0, ""4"": 8, ""9"": 2}"
A4_prov_2012-2025,A4_prov_2012-2025_max_c422_m0.15_r1.5_e0.8_s0_u0.25,"brecha=P-c(1+m)-S/e; clases 1-4,9",2021,2026,52,,,,,,,"clases={""1"": 30, ""2"": 12, ""3"": 0, ""4"": 8, ""9"": 2}"
A4_prov_2012-2025,A4_prov_2012-2025_max_c422_m0.15_r1.5_e0.8_s1_u0.0,"brecha=P-c(1+m)-S/e; clases 1-4,9",2021,2026,52,,,,,,,"clases={""1"": 37, ""2"": 5, ""3"": 0, ""4"": 8, ""9"": 2}"
A4_prov_2012-2025,A4_prov_2012-2025_max_c422_m0.15_r1.5_e0.8_s1_u0.1,"brecha=P-c(1+m)-S/e; clases 1-4,9",2021,2026,52,,,,,,,"clases={""1"": 35, ""2"": 7, ""3"": 0, ""4"": 8, ""9"": 2}"
A4_prov_2012-2025,A4_prov_2012-2025_max_c422_m0.15_r1.5_e0.8_s1_u0.25,"brecha=P-c(1+m)-S/e; clases 1-4,9",2021,2026,52,,,,,,,"clases={""1"": 31, ""2"": 11, ""3"": 0, ""4"": 8, ""9"": 2}"
A4_prov_2012-2025,A4_prov_2012-2025_max_c422_m0.15_r1.5_e1.2_s0_u0.0,"brecha=P-c(1+m)-S/e; clases 1-4,9",2021,2026,52,,,,,,,"clases={""1"": 36, ""2"": 6, ""3"": 0, ""4"": 8, ""9"": 2}"
A4_prov_2012-2025,A4_prov_2012-2025_max_c422_m0.15_r1.5_e1.2_s0_u0.1,"brecha=P-c(1+m)-S/e; clases 1-4,9",2021,2026,52,,,,,,,"clases={""1"": 34, ""2"": 8, ""3"": 0, ""4"": 8, ""9"": 2}"
A4_prov_2012-2025,A4_prov_2012-2025_max_c422_m0.15_r1.5_e1.2_s0_u0.25,"brecha=P-c(1+m)-S/e; clases 1-4,9",2021,2026,52,,,,,,,"clases={""1"": 29, ""2"": 13, ""3"": 0, ""4"": 8, ""9"": 2}"
A4_prov_2012-2025,A4_prov_2012-2025_max_c422_m0.15_r1.5_e1.2_s1_u0.0,"brecha=P-c(1+m)-S/e; clases 1-4,9",2021,2026,52,,,,,,,"clases={""1"": 36, ""2"": 6, ""3"": 0, ""4"": 8, ""9"": 2}"
A4_prov_2012-2025,A4_prov_2012-2025_max_c422_m0.15_r1.5_e1.2_s1_u0.1,"brecha=P-c(1+m)-S/e; clases 1-4,9",2021,2026,52,,,,,,,"clases={""1"": 34, ""2"": 8, ""3"": 0, ""4"": 8, ""9"": 2}"
A4_prov_2012-2025,A4_prov_2012-2025_max_c422_m0.15_r1.5_e1.2_s1_u0.25,"brecha=P-c(1+m)-S/e; clases 1-4,9",2021,2026,52,,,,,,,"clases={""1"": 30, ""2"": 12, ""3"": 0, ""4"": 8, ""9"": 2}"
A4_prov_2012-2025,A4_prov_2012-2025_max_c422_m0.15_r1.5_e1.6_s0_u0.0,"brecha=P-c(1+m)-S/e; clases 1-4,9",2021,2026,52,,,,,,,"clases={""1"": 36, ""2"": 6, ""3"": 0, ""4"": 8, ""9"": 2}"
A4_prov_2012-2025,A4_prov_2012-2025_max_c422_m0.15_r1.5_e1.6_s0_u0.1,"brecha=P-c(1+m)-S/e; clases 1-4,9",2021,2026,52,,,,,,,"clases={""1"": 34, ""2"": 8, ""3"": 0, ""4"": 8, ""9"": 2}"
A4_prov_2012-2025,A4_prov_2012-2025_max_c422_m0.15_r1.5_e1.6_s0_u0.25,"brecha=P-c(1+m)-S/e; clases 1-4,9",2021,2026,52,,,,,,,"clases={""1"": 29, ""2"": 13, ""3"": 0, ""4"": 8, ""9"": 2}"
A4_prov_2012-2025,A4_prov_2012-2025_max_c422_m0.15_r1.5_e1.6_s1_u0.0,"brecha=P-c(1+m)-S/e; clases 1-4,9",2021,2026,52,,,,,,,"clases={""1"": 36, ""2"": 6, ""3"": 0, ""4"": 8, ""9"": 2}"
A4_prov_2012-2025,A4_prov_2012-2025_max_c422_m0.15_r1.5_e1.6_s1_u0.1,"brecha=P-c(1+m)-S/e; clases 1-4,9",2021,2026,52,,,,,,,"clases={""1"": 34, ""2"": 8, ""3"": 0, ""4"": 8, ""9"": 2}"
A4_prov_2012-2025,A4_prov_2012-2025_max_c422_m0.15_r1.5_e1.6_s1_u0.25,"brecha=P-c(1+m)-S/e; clases 1-4,9",2021,2026,52,,,,,,,"clases={""1"": 29, ""2"": 13, ""3"": 0, ""4"": 8, ""9"": 2}"
A4_prov_2012-2025,A4_prov_2012-2025_max_c422_m0.2_r1.25_e0.8_s0_u0.0,"brecha=P-c(1+m)-S/e; clases 1-4,9",2021,2026,52,,,,,,,"clases={""1"": 36, ""2"": 6, ""3"": 0, ""4"": 8, ""9"": 2}"
A4_prov_2012-2025,A4_prov_2012-2025_max_c422_m0.2_r1.25_e0.8_s0_u0.1,"brecha=P-c(1+m)-S/e; clases 1-4,9",2021,2026,52,,,,,,,"clases={""1"": 34, ""2"": 8, ""3"": 0, ""4"": 8, ""9"": 2}"
A4_prov_2012-2025,A4_prov_2012-2025_max_c422_m0.2_r1.25_e0.8_s0_u0.25,"brecha=P-c(1+m)-S/e; clases 1-4,9",2021,2026,52,,,,,,,"clases={""1"": 29, ""2"": 13, ""3"": 0, ""4"": 8, ""9"": 2}"
A4_prov_2012-2025,A4_prov_2012-2025_max_c422_m0.2_r1.25_e0.8_s1_u0.0,"brecha=P-c(1+m)-S/e; clases 1-4,9",2021,2026,52,,,,,,,"clases={""1"": 36, ""2"": 6, ""3"": 0, ""4"": 8, ""9"": 2}"
A4_prov_2012-2025,A4_prov_2012-2025_max_c422_m0.2_r1.25_e0.8_s1_u0.1,"brecha=P-c(1+m)-S/e; clases 1-4,9",2021,2026,52,,,,,,,"clases={""1"": 34, ""2"": 8, ""3"": 0, ""4"": 8, ""9"": 2}"
A4_prov_2012-2025,A4_prov_2012-2025_max_c422_m0.2_r1.25_e0.8_s1_u0.25,"brecha=P-c(1+m)-S/e; clases 1-4,9",2021,2026,52,,,,,,,"clases={""1"": 30, ""2"": 12, ""3"": 0, ""4"": 8, ""9"": 2}"
A4_prov_2012-2025,A4_prov_2012-2025_max_c422_m0.2_r1.25_e1.2_s0_u0.0,"brecha=P-c(1+m)-S/e; clases 1-4,9",2021,2026,52,,,,,,,"clases={""1"": 36, ""2"": 6, ""3"": 0, ""4"": 8, ""9"": 2}"
A4_prov_2012-2025,A4_prov_2012-2025_max_c422_m0.2_r1.25_e1.2_s0_u0.1,"brecha=P-c(1+m)-S/e; clases 1-4,9",2021,2026,52,,,,,,,"clases={""1"": 34, ""2"": 8, ""3"": 0, ""4"": 8, ""9"": 2}"
A4_prov_2012-2025,A4_prov_2012-2025_max_c422_m0.2_r1.25_e1.2_s0_u0.25,"brecha=P-c(1+m)-S/e; clases 1-4,9",2021,2026,52,,,,,,,"clases={""1"": 29, ""2"": 13, ""3"": 0, ""4"": 8, ""9"": 2}"
A4_prov_2012-2025,A4_prov_2012-2025_max_c422_m0.2_r1.25_e1.2_s1_u0.0,"brecha=P-c(1+m)-S/e; clases 1-4,9",2021,2026,52,,,,,,,"clases={""1"": 36, ""2"": 6, ""3"": 0, ""4"": 8, ""9"": 2}"
A4_prov_2012-2025,A4_prov_2012-2025_max_c422_m0.2_r1.25_e1.2_s1_u0.1,"brecha=P-c(1+m)-S/e; clases 1-4,9",2021,2026,52,,,,,,,"clases={""1"": 34, ""2"": 8, ""3"": 0, ""4"": 8, ""9"": 2}"
A4_prov_2012-2025,A4_prov_2012-2025_max_c422_m0.2_r1.25_e1.2_s1_u0.25,"brecha=P-c(1+m)-S/e; clases 1-4,9",2021,2026,52,,,,,,,"clases={""1"": 29, ""2"": 13, ""3"": 0, ""4"": 8, ""9"": 2}"
A4_prov_2012-2025,A4_prov_2012-2025_max_c422_m0.2_r1.25_e1.6_s0_u0.0,"brecha=P-c(1+m)-S/e; clases 1-4,9",2021,2026,52,,,,,,,"clases={""1"": 36, ""2"": 6, ""3"": 0, ""4"": 8, ""9"": 2}"
A4_prov_2012-2025,A4_prov_2012-2025_max_c422_m0.2_r1.25_e1.6_s0_u0.1,"brecha=P-c(1+m)-S/e; clases 1-4,9",2021,2026,52,,,,,,,"clases={""1"": 34, ""2"": 8, ""3"": 0, ""4"": 8, ""9"": 2}"
A4_prov_2012-2025,A4_prov_2012-2025_max_c422_m0.2_r1.25_e1.6_s0_u0.25,"brecha=P-c(1+m)-S/e; clases 1-4,9",2021,2026,52,,,,,,,"clases={""1"": 29, ""2"": 13, ""3"": 0, ""4"": 8, ""9"": 2}"
A4_prov_2012-2025,A4_prov_2012-2025_max_c422_m0.2_r1.25_e1.6_s1_u0.0,"brecha=P-c(1+m)-S/e; clases 1-4,9",2021,2026,52,,,,,,,"clases={""1"": 36, ""2"": 6, ""3"": 0, ""4"": 8, ""9"": 2}"
A4_prov_2012-2025,A4_prov_2012-2025_max_c422_m0.2_r1.25_e1.6_s1_u0.1,"brecha=P-c(1+m)-S/e; clases 1-4,9",2021,2026,52,,,,,,,"clases={""1"": 34, ""2"": 8, ""3"": 0, ""4"": 8, ""9"": 2}"
A4_prov_2012-2025,A4_prov_2012-2025_max_c422_m0.2_r1.25_e1.6_s1_u0.25,"brecha=P-c(1+m)-S/e; clases 1-4,9",2021,2026,52,,,,,,,"clases={""1"": 29, ""2"": 13, ""3"": 0, ""4"": 8, ""9"": 2}"
A4_prov_2012-2025,A4_prov_2012-2025_max_c422_m0.2_r1.5_e0.8_s0_u0.0,"brecha=P-c(1+m)-S/e; clases 1-4,9",2021,2026,52,,,,,,,"clases={""1"": 36, ""2"": 6, ""3"": 0, ""4"": 8, ""9"": 2}"
A4_prov_2012-2025,A4_prov_2012-2025_max_c422_m0.2_r1.5_e0.8_s0_u0.1,"brecha=P-c(1+m)-S/e; clases 1-4,9",2021,2026,52,,,,,,,"clases={""1"": 34, ""2"": 8, ""3"": 0, ""4"": 8, ""9"": 2}"
A4_prov_2012-2025,A4_prov_2012-2025_max_c422_m0.2_r1.5_e0.8_s0_u0.25,"brecha=P-c(1+m)-S/e; clases 1-4,9",2021,2026,52,,,,,,,"clases={""1"": 30, ""2"": 12, ""3"": 0, ""4"": 8, ""9"": 2}"
A4_prov_2012-2025,A4_prov_2012-2025_max_c422_m0.2_r1.5_e0.8_s1_u0.0,"brecha=P-c(1+m)-S/e; clases 1-4,9",2021,2026,52,,,,,,,"clases={""1"": 37, ""2"": 5, ""3"": 0, ""4"": 8, ""9"": 2}"
A4_prov_2012-2025,A4_prov_2012-2025_max_c422_m0.2_r1.5_e0.8_s1_u0.1,"brecha=P-c(1+m)-S/e; clases 1-4,9",2021,2026,52,,,,,,,"clases={""1"": 35, ""2"": 7, ""3"": 0, ""4"": 8, ""9"": 2}"
A4_prov_2012-2025,A4_prov_2012-2025_max_c422_m0.2_r1.5_e0.8_s1_u0.25,"brecha=P-c(1+m)-S/e; clases 1-4,9",2021,2026,52,,,,,,,"clases={""1"": 31, ""2"": 11, ""3"": 0, ""4"": 8, ""9"": 2}"
A4_prov_2012-2025,A4_prov_2012-2025_max_c422_m0.2_r1.5_e1.2_s0_u0.0,"brecha=P-c(1+m)-S/e; clases 1-4,9",2021,2026,52,,,,,,,"clases={""1"": 36, ""2"": 6, ""3"": 0, ""4"": 8, ""9"": 2}"
A4_prov_2012-2025,A4_prov_2012-2025_max_c422_m0.2_r1.5_e1.2_s0_u0.1,"brecha=P-c(1+m)-S/e; clases 1-4,9",2021,2026,52,,,,,,,"clases={""1"": 34, ""2"": 8, ""3"": 0, ""4"": 8, ""9"": 2}"
A4_prov_2012-2025,A4_prov_2012-2025_max_c422_m0.2_r1.5_e1.2_s0_u0.25,"brecha=P-c(1+m)-S/e; clases 1-4,9",2021,2026,52,,,,,,,"clases={""1"": 29, ""2"": 13, ""3"": 0, ""4"": 8, ""9"": 2}"
A4_prov_2012-2025,A4_prov_2012-2025_max_c422_m0.2_r1.5_e1.2_s1_u0.0,"brecha=P-c(1+m)-S/e; clases 1-4,9",2021,2026,52,,,,,,,"clases={""1"": 36, ""2"": 6, ""3"": 0, ""4"": 8, ""9"": 2}"
A4_prov_2012-2025,A4_prov_2012-2025_max_c422_m0.2_r1.5_e1.2_s1_u0.1,"brecha=P-c(1+m)-S/e; clases 1-4,9",2021,2026,52,,,,,,,"clases={""1"": 34, ""2"": 8, ""3"": 0, ""4"": 8, ""9"": 2}"
A4_prov_2012-2025,A4_prov_2012-2025_max_c422_m0.2_r1.5_e1.2_s1_u0.25,"brecha=P-c(1+m)-S/e; clases 1-4,9",2021,2026,52,,,,,,,"clases={""1"": 30, ""2"": 12, ""3"": 0, ""4"": 8, ""9"": 2}"
A4_prov_2012-2025,A4_prov_2012-2025_max_c422_m0.2_r1.5_e1.6_s0_u0.0,"brecha=P-c(1+m)-S/e; clases 1-4,9",2021,2026,52,,,,,,,"clases={""1"": 36, ""2"": 6, ""3"": 0, ""4"": 8, ""9"": 2}"
A4_prov_2012-2025,A4_prov_2012-2025_max_c422_m0.2_r1.5_e1.6_s0_u0.1,"brecha=P-c(1+m)-S/e; clases 1-4,9",2021,2026,52,,,,,,,"clases={""1"": 34, ""2"": 8, ""3"": 0, ""4"": 8, ""9"": 2}"
A4_prov_2012-2025,A4_prov_2012-2025_max_c422_m0.2_r1.5_e1.6_s0_u0.25,"brecha=P-c(1+m)-S/e; clases 1-4,9",2021,2026,52,,,,,,,"clases={""1"": 29, ""2"": 13, ""3"": 0, ""4"": 8, ""9"": 2}"
A4_prov_2012-2025,A4_prov_2012-2025_max_c422_m0.2_r1.5_e1.6_s1_u0.0,"brecha=P-c(1+m)-S/e; clases 1-4,9",2021,2026,52,,,,,,,"clases={""1"": 36, ""2"": 6, ""3"": 0, ""4"": 8, ""9"": 2}"
A4_prov_2012-2025,A4_prov_2012-2025_max_c422_m0.2_r1.5_e1.6_s1_u0.1,"brecha=P-c(1+m)-S/e; clases 1-4,9",2021,2026,52,,,,,,,"clases={""1"": 34, ""2"": 8, ""3"": 0, ""4"": 8, ""9"": 2}"
A4_prov_2012-2025,A4_prov_2012-2025_max_c422_m0.2_r1.5_e1.6_s1_u0.25,"brecha=P-c(1+m)-S/e; clases 1-4,9",2021,2026,52,,,,,,,"clases={""1"": 29, ""2"": 13, ""3"": 0, ""4"": 8, ""9"": 2}"
A4_prov_2012-2025,A4_prov_2012-2025_max_c422_m0.25_r1.25_e0.8_s0_u0.0,"brecha=P-c(1+m)-S/e; clases 1-4,9",2021,2026,52,,,,,,,"clases={""1"": 36, ""2"": 6, ""3"": 0, ""4"": 8, ""9"": 2}"
A4_prov_2012-2025,A4_prov_2012-2025_max_c422_m0.25_r1.25_e0.8_s0_u0.1,"brecha=P-c(1+m)-S/e; clases 1-4,9",2021,2026,52,,,,,,,"clases={""1"": 34, ""2"": 8, ""3"": 0, ""4"": 8, ""9"": 2}"
A4_prov_2012-2025,A4_prov_2012-2025_max_c422_m0.25_r1.25_e0.8_s0_u0.25,"brecha=P-c(1+m)-S/e; clases 1-4,9",2021,2026,52,,,,,,,"clases={""1"": 29, ""2"": 13, ""3"": 0, ""4"": 8, ""9"": 2}"
A4_prov_2012-2025,A4_prov_2012-2025_max_c422_m0.25_r1.25_e0.8_s1_u0.0,"brecha=P-c(1+m)-S/e; clases 1-4,9",2021,2026,52,,,,,,,"clases={""1"": 36, ""2"": 6, ""3"": 0, ""4"": 8, ""9"": 2}"
A4_prov_2012-2025,A4_prov_2012-2025_max_c422_m0.25_r1.25_e0.8_s1_u0.1,"brecha=P-c(1+m)-S/e; clases 1-4,9",2021,2026,52,,,,,,,"clases={""1"": 34, ""2"": 8, ""3"": 0, ""4"": 8, ""9"": 2}"
A4_prov_2012-2025,A4_prov_2012-2025_max_c422_m0.25_r1.25_e0.8_s1_u0.25,"brecha=P-c(1+m)-S/e; clases 1-4,9",2021,2026,52,,,,,,,"clases={""1"": 30, ""2"": 12, ""3"": 0, ""4"": 8, ""9"": 2}"
A4_prov_2012-2025,A4_prov_2012-2025_max_c422_m0.25_r1.25_e1.2_s0_u0.0,"brecha=P-c(1+m)-S/e; clases 1-4,9",2021,2026,52,,,,,,,"clases={""1"": 36, ""2"": 6, ""3"": 0, ""4"": 8, ""9"": 2}"
A4_prov_2012-2025,A4_prov_2012-2025_max_c422_m0.25_r1.25_e1.2_s0_u0.1,"brecha=P-c(1+m)-S/e; clases 1-4,9",2021,2026,52,,,,,,,"clases={""1"": 34, ""2"": 8, ""3"": 0, ""4"": 8, ""9"": 2}"
A4_prov_2012-2025,A4_prov_2012-2025_max_c422_m0.25_r1.25_e1.2_s0_u0.25,"brecha=P-c(1+m)-S/e; clases 1-4,9",2021,2026,52,,,,,,,"clases={""1"": 29, ""2"": 13, ""3"": 0, ""4"": 8, ""9"": 2}"
A4_prov_2012-2025,A4_prov_2012-2025_max_c422_m0.25_r1.25_e1.2_s1_u0.0,"brecha=P-c(1+m)-S/e; clases 1-4,9",2021,2026,52,,,,,,,"clases={""1"": 36, ""2"": 6, ""3"": 0, ""4"": 8, ""9"": 2}"
A4_prov_2012-2025,A4_prov_2012-2025_max_c422_m0.25_r1.25_e1.2_s1_u0.1,"brecha=P-c(1+m)-S/e; clases 1-4,9",2021,2026,52,,,,,,,"clases={""1"": 34, ""2"": 8, ""3"": 0, ""4"": 8, ""9"": 2}"
A4_prov_2012-2025,A4_prov_2012-2025_max_c422_m0.25_r1.25_e1.2_s1_u0.25,"brecha=P-c(1+m)-S/e; clases 1-4,9",2021,2026,52,,,,,,,"clases={""1"": 29, ""2"": 13, ""3"": 0, ""4"": 8, ""9"": 2}"
A4_prov_2012-2025,A4_prov_2012-2025_max_c422_m0.25_r1.25_e1.6_s0_u0.0,"brecha=P-c(1+m)-S/e; clases 1-4,9",2021,2026,52,,,,,,,"clases={""1"": 36, ""2"": 6, ""3"": 0, ""4"": 8, ""9"": 2}"
A4_prov_2012-2025,A4_prov_2012-2025_max_c422_m0.25_r1.25_e1.6_s0_u0.1,"brecha=P-c(1+m)-S/e; clases 1-4,9",2021,2026,52,,,,,,,"clases={""1"": 34, ""2"": 8, ""3"": 0, ""4"": 8, ""9"": 2}"
A4_prov_2012-2025,A4_prov_2012-2025_max_c422_m0.25_r1.25_e1.6_s0_u0.25,"brecha=P-c(1+m)-S/e; clases 1-4,9",2021,2026,52,,,,,,,"clases={""1"": 29, ""2"": 13, ""3"": 0, ""4"": 8, ""9"": 2}"
A4_prov_2012-2025,A4_prov_2012-2025_max_c422_m0.25_r1.25_e1.6_s1_u0.0,"brecha=P-c(1+m)-S/e; clases 1-4,9",2021,2026,52,,,,,,,"clases={""1"": 36, ""2"": 6, ""3"": 0, ""4"": 8, ""9"": 2}"
A4_prov_2012-2025,A4_prov_2012-2025_max_c422_m0.25_r1.25_e1.6_s1_u0.1,"brecha=P-c(1+m)-S/e; clases 1-4,9",2021,2026,52,,,,,,,"clases={""1"": 34, ""2"": 8, ""3"": 0, ""4"": 8, ""9"": 2}"
A4_prov_2012-2025,A4_prov_2012-2025_max_c422_m0.25_r1.25_e1.6_s1_u0.25,"brecha=P-c(1+m)-S/e; clases 1-4,9",2021,2026,52,,,,,,,"clases={""1"": 29, ""2"": 13, ""3"": 0, ""4"": 8, ""9"": 2}"
A4_prov_2012-2025,A4_prov_2012-2025_max_c422_m0.25_r1.5_e0.8_s0_u0.0,"brecha=P-c(1+m)-S/e; clases 1-4,9",2021,2026,52,,,,,,,"clases={""1"": 36, ""2"": 6, ""3"": 0, ""4"": 8, ""9"": 2}"
A4_prov_2012-2025,A4_prov_2012-2025_max_c422_m0.25_r1.5_e0.8_s0_u0.1,"brecha=P-c(1+m)-S/e; clases 1-4,9",2021,2026,52,,,,,,,"clases={""1"": 34, ""2"": 8, ""3"": 0, ""4"": 8, ""9"": 2}"
A4_prov_2012-2025,A4_prov_2012-2025_max_c422_m0.25_r1.5_e0.8_s0_u0.25,"brecha=P-c(1+m)-S/e; clases 1-4,9",2021,2026,52,,,,,,,"clases={""1"": 30, ""2"": 12, ""3"": 0, ""4"": 8, ""9"": 2}"
A4_prov_2012-2025,A4_prov_2012-2025_max_c422_m0.25_r1.5_e0.8_s1_u0.0,"brecha=P-c(1+m)-S/e; clases 1-4,9",2021,2026,52,,,,,,,"clases={""1"": 37, ""2"": 5, ""3"": 0, ""4"": 8, ""9"": 2}"
A4_prov_2012-2025,A4_prov_2012-2025_max_c422_m0.25_r1.5_e0.8_s1_u0.1,"brecha=P-c(1+m)-S/e; clases 1-4,9",2021,2026,52,,,,,,,"clases={""1"": 35, ""2"": 7, ""3"": 0, ""4"": 8, ""9"": 2}"
A4_prov_2012-2025,A4_prov_2012-2025_max_c422_m0.25_r1.5_e0.8_s1_u0.25,"brecha=P-c(1+m)-S/e; clases 1-4,9",2021,2026,52,,,,,,,"clases={""1"": 31, ""2"": 11, ""3"": 0, ""4"": 8, ""9"": 2}"
A4_prov_2012-2025,A4_prov_2012-2025_max_c422_m0.25_r1.5_e1.2_s0_u0.0,"brecha=P-c(1+m)-S/e; clases 1-4,9",2021,2026,52,,,,,,,"clases={""1"": 36, ""2"": 6, ""3"": 0, ""4"": 8, ""9"": 2}"
A4_prov_2012-2025,A4_prov_2012-2025_max_c422_m0.25_r1.5_e1.2_s0_u0.1,"brecha=P-c(1+m)-S/e; clases 1-4,9",2021,2026,52,,,,,,,"clases={""1"": 34, ""2"": 8, ""3"": 0, ""4"": 8, ""9"": 2}"
A4_prov_2012-2025,A4_prov_2012-2025_max_c422_m0.25_r1.5_e1.2_s0_u0.25,"brecha=P-c(1+m)-S/e; clases 1-4,9",2021,2026,52,,,,,,,"clases={""1"": 29, ""2"": 13, ""3"": 0, ""4"": 8, ""9"": 2}"
A4_prov_2012-2025,A4_prov_2012-2025_max_c422_m0.25_r1.5_e1.2_s1_u0.0,"brecha=P-c(1+m)-S/e; clases 1-4,9",2021,2026,52,,,,,,,"clases={""1"": 36, ""2"": 6, ""3"": 0, ""4"": 8, ""9"": 2}"
A4_prov_2012-2025,A4_prov_2012-2025_max_c422_m0.25_r1.5_e1.2_s1_u0.1,"brecha=P-c(1+m)-S/e; clases 1-4,9",2021,2026,52,,,,,,,"clases={""1"": 34, ""2"": 8, ""3"": 0, ""4"": 8, ""9"": 2}"
A4_prov_2012-2025,A4_prov_2012-2025_max_c422_m0.25_r1.5_e1.2_s1_u0.25,"brecha=P-c(1+m)-S/e; clases 1-4,9",2021,2026,52,,,,,,,"clases={""1"": 30, ""2"": 12, ""3"": 0, ""4"": 8, ""9"": 2}"
A4_prov_2012-2025,A4_prov_2012-2025_max_c422_m0.25_r1.5_e1.6_s0_u0.0,"brecha=P-c(1+m)-S/e; clases 1-4,9",2021,2026,52,,,,,,,"clases={""1"": 36, ""2"": 6, ""3"": 0, ""4"": 8, ""9"": 2}"
A4_prov_2012-2025,A4_prov_2012-2025_max_c422_m0.25_r1.5_e1.6_s0_u0.1,"brecha=P-c(1+m)-S/e; clases 1-4,9",2021,2026,52,,,,,,,"clases={""1"": 34, ""2"": 8, ""3"": 0, ""4"": 8, ""9"": 2}"
A4_prov_2012-2025,A4_prov_2012-2025_max_c422_m0.25_r1.5_e1.6_s0_u0.25,"brecha=P-c(1+m)-S/e; clases 1-4,9",2021,2026,52,,,,,,,"clases={""1"": 29, ""2"": 13, ""3"": 0, ""4"": 8, ""9"": 2}"
A4_prov_2012-2025,A4_prov_2012-2025_max_c422_m0.25_r1.5_e1.6_s1_u0.0,"brecha=P-c(1+m)-S/e; clases 1-4,9",2021,2026,52,,,,,,,"clases={""1"": 36, ""2"": 6, ""3"": 0, ""4"": 8, ""9"": 2}"
A4_prov_2012-2025,A4_prov_2012-2025_max_c422_m0.25_r1.5_e1.6_s1_u0.1,"brecha=P-c(1+m)-S/e; clases 1-4,9",2021,2026,52,,,,,,,"clases={""1"": 34, ""2"": 8, ""3"": 0, ""4"": 8, ""9"": 2}"
A4_prov_2012-2025,A4_prov_2012-2025_max_c422_m0.25_r1.5_e1.6_s1_u0.25,"brecha=P-c(1+m)-S/e; clases 1-4,9",2021,2026,52,,,,,,,"clases={""1"": 29, ""2"": 13, ""3"": 0, ""4"": 8, ""9"": 2}"
A4_prov_2012-2025,A4_prov_2012-2025_max_c549_m0.15_r1.25_e0.8_s0_u0.0,"brecha=P-c(1+m)-S/e; clases 1-4,9",2021,2026,52,,,,,,,"clases={""1"": 36, ""2"": 6, ""3"": 0, ""4"": 8, ""9"": 2}"
A4_prov_2012-2025,A4_prov_2012-2025_max_c549_m0.15_r1.25_e0.8_s0_u0.1,"brecha=P-c(1+m)-S/e; clases 1-4,9",2021,2026,52,,,,,,,"clases={""1"": 34, ""2"": 8, ""3"": 0, ""4"": 8, ""9"": 2}"
A4_prov_2012-2025,A4_prov_2012-2025_max_c549_m0.15_r1.25_e0.8_s0_u0.25,"brecha=P-c(1+m)-S/e; clases 1-4,9",2021,2026,52,,,,,,,"clases={""1"": 30, ""2"": 12, ""3"": 0, ""4"": 8, ""9"": 2}"
A4_prov_2012-2025,A4_prov_2012-2025_max_c549_m0.15_r1.25_e0.8_s1_u0.0,"brecha=P-c(1+m)-S/e; clases 1-4,9",2021,2026,52,,,,,,,"clases={""1"": 35, ""2"": 5, ""3"": 2, ""4"": 8, ""9"": 2}"
A4_prov_2012-2025,A4_prov_2012-2025_max_c549_m0.15_r1.25_e0.8_s1_u0.1,"brecha=P-c(1+m)-S/e; clases 1-4,9",2021,2026,52,,,,,,,"clases={""1"": 33, ""2"": 7, ""3"": 2, ""4"": 8, ""9"": 2}"
A4_prov_2012-2025,A4_prov_2012-2025_max_c549_m0.15_r1.25_e0.8_s1_u0.25,"brecha=P-c(1+m)-S/e; clases 1-4,9",2021,2026,52,,,,,,,"clases={""1"": 29, ""2"": 11, ""3"": 2, ""4"": 8, ""9"": 2}"
A4_prov_2012-2025,A4_prov_2012-2025_max_c549_m0.15_r1.25_e1.2_s0_u0.0,"brecha=P-c(1+m)-S/e; clases 1-4,9",2021,2026,52,,,,,,,"clases={""1"": 36, ""2"": 6, ""3"": 0, ""4"": 8, ""9"": 2}"
A4_prov_2012-2025,A4_prov_2012-2025_max_c549_m0.15_r1.25_e1.2_s0_u0.1,"brecha=P-c(1+m)-S/e; clases 1-4,9",2021,2026,52,,,,,,,"clases={""1"": 34, ""2"": 8, ""3"": 0, ""4"": 8, ""9"": 2}"
A4_prov_2012-2025,A4_prov_2012-2025_max_c549_m0.15_r1.25_e1.2_s0_u0.25,"brecha=P-c(1+m)-S/e; clases 1-4,9",2021,2026,52,,,,,,,"clases={""1"": 29, ""2"": 13, ""3"": 0, ""4"": 8, ""9"": 2}"
A4_prov_2012-2025,A4_prov_2012-2025_max_c549_m0.15_r1.25_e1.2_s1_u0.0,"brecha=P-c(1+m)-S/e; clases 1-4,9",2021,2026,52,,,,,,,"clases={""1"": 36, ""2"": 6, ""3"": 0, ""4"": 8, ""9"": 2}"
A4_prov_2012-2025,A4_prov_2012-2025_max_c549_m0.15_r1.25_e1.2_s1_u0.1,"brecha=P-c(1+m)-S/e; clases 1-4,9",2021,2026,52,,,,,,,"clases={""1"": 34, ""2"": 8, ""3"": 0, ""4"": 8, ""9"": 2}"
A4_prov_2012-2025,A4_prov_2012-2025_max_c549_m0.15_r1.25_e1.2_s1_u0.25,"brecha=P-c(1+m)-S/e; clases 1-4,9",2021,2026,52,,,,,,,"clases={""1"": 30, ""2"": 12, ""3"": 0, ""4"": 8, ""9"": 2}"
A4_prov_2012-2025,A4_prov_2012-2025_max_c549_m0.15_r1.25_e1.6_s0_u0.0,"brecha=P-c(1+m)-S/e; clases 1-4,9",2021,2026,52,,,,,,,"clases={""1"": 36, ""2"": 6, ""3"": 0, ""4"": 8, ""9"": 2}"
A4_prov_2012-2025,A4_prov_2012-2025_max_c549_m0.15_r1.25_e1.6_s0_u0.1,"brecha=P-c(1+m)-S/e; clases 1-4,9",2021,2026,52,,,,,,,"clases={""1"": 34, ""2"": 8, ""3"": 0, ""4"": 8, ""9"": 2}"
A4_prov_2012-2025,A4_prov_2012-2025_max_c549_m0.15_r1.25_e1.6_s0_u0.25,"brecha=P-c(1+m)-S/e; clases 1-4,9",2021,2026,52,,,,,,,"clases={""1"": 29, ""2"": 13, ""3"": 0, ""4"": 8, ""9"": 2}"
A4_prov_2012-2025,A4_prov_2012-2025_max_c549_m0.15_r1.25_e1.6_s1_u0.0,"brecha=P-c(1+m)-S/e; clases 1-4,9",2021,2026,52,,,,,,,"clases={""1"": 36, ""2"": 6, ""3"": 0, ""4"": 8, ""9"": 2}"
A4_prov_2012-2025,A4_prov_2012-2025_max_c549_m0.15_r1.25_e1.6_s1_u0.1,"brecha=P-c(1+m)-S/e; clases 1-4,9",2021,2026,52,,,,,,,"clases={""1"": 34, ""2"": 8, ""3"": 0, ""4"": 8, ""9"": 2}"
A4_prov_2012-2025,A4_prov_2012-2025_max_c549_m0.15_r1.25_e1.6_s1_u0.25,"brecha=P-c(1+m)-S/e; clases 1-4,9",2021,2026,52,,,,,,,"clases={""1"": 29, ""2"": 13, ""3"": 0, ""4"": 8, ""9"": 2}"
A4_prov_2012-2025,A4_prov_2012-2025_max_c549_m0.15_r1.5_e0.8_s0_u0.0,"brecha=P-c(1+m)-S/e; clases 1-4,9",2021,2026,52,,,,,,,"clases={""1"": 37, ""2"": 5, ""3"": 0, ""4"": 8, ""9"": 2}"
A4_prov_2012-2025,A4_prov_2012-2025_max_c549_m0.15_r1.5_e0.8_s0_u0.1,"brecha=P-c(1+m)-S/e; clases 1-4,9",2021,2026,52,,,,,,,"clases={""1"": 35, ""2"": 7, ""3"": 0, ""4"": 8, ""9"": 2}"
A4_prov_2012-2025,A4_prov_2012-2025_max_c549_m0.15_r1.5_e0.8_s0_u0.25,"brecha=P-c(1+m)-S/e; clases 1-4,9",2021,2026,52,,,,,,,"clases={""1"": 31, ""2"": 11, ""3"": 0, ""4"": 8, ""9"": 2}"
A4_prov_2012-2025,A4_prov_2012-2025_max_c549_m0.15_r1.5_e0.8_s1_u0.0,"brecha=P-c(1+m)-S/e; clases 1-4,9",2021,2026,52,,,,,,,"clases={""1"": 35, ""2"": 5, ""3"": 2, ""4"": 8, ""9"": 2}"
A4_prov_2012-2025,A4_prov_2012-2025_max_c549_m0.15_r1.5_e0.8_s1_u0.1,"brecha=P-c(1+m)-S/e; clases 1-4,9",2021,2026,52,,,,,,,"clases={""1"": 33, ""2"": 7, ""3"": 2, ""4"": 8, ""9"": 2}"
A4_prov_2012-2025,A4_prov_2012-2025_max_c549_m0.15_r1.5_e0.8_s1_u0.25,"brecha=P-c(1+m)-S/e; clases 1-4,9",2021,2026,52,,,,,,,"clases={""1"": 31, ""2"": 9, ""3"": 2, ""4"": 8, ""9"": 2}"
A4_prov_2012-2025,A4_prov_2012-2025_max_c549_m0.15_r1.5_e1.2_s0_u0.0,"brecha=P-c(1+m)-S/e; clases 1-4,9",2021,2026,52,,,,,,,"clases={""1"": 36, ""2"": 6, ""3"": 0, ""4"": 8, ""9"": 2}"
A4_prov_2012-2025,A4_prov_2012-2025_max_c549_m0.15_r1.5_e1.2_s0_u0.1,"brecha=P-c(1+m)-S/e; clases 1-4,9",2021,2026,52,,,,,,,"clases={""1"": 34, ""2"": 8, ""3"": 0, ""4"": 8, ""9"": 2}"
A4_prov_2012-2025,A4_prov_2012-2025_max_c549_m0.15_r1.5_e1.2_s0_u0.25,"brecha=P-c(1+m)-S/e; clases 1-4,9",2021,2026,52,,,,,,,"clases={""1"": 30, ""2"": 12, ""3"": 0, ""4"": 8, ""9"": 2}"
A4_prov_2012-2025,A4_prov_2012-2025_max_c549_m0.15_r1.5_e1.2_s1_u0.0,"brecha=P-c(1+m)-S/e; clases 1-4,9",2021,2026,52,,,,,,,"clases={""1"": 37, ""2"": 5, ""3"": 0, ""4"": 8, ""9"": 2}"
A4_prov_2012-2025,A4_prov_2012-2025_max_c549_m0.15_r1.5_e1.2_s1_u0.1,"brecha=P-c(1+m)-S/e; clases 1-4,9",2021,2026,52,,,,,,,"clases={""1"": 35, ""2"": 7, ""3"": 0, ""4"": 8, ""9"": 2}"
A4_prov_2012-2025,A4_prov_2012-2025_max_c549_m0.15_r1.5_e1.2_s1_u0.25,"brecha=P-c(1+m)-S/e; clases 1-4,9",2021,2026,52,,,,,,,"clases={""1"": 31, ""2"": 11, ""3"": 0, ""4"": 8, ""9"": 2}"
A4_prov_2012-2025,A4_prov_2012-2025_max_c549_m0.15_r1.5_e1.6_s0_u0.0,"brecha=P-c(1+m)-S/e; clases 1-4,9",2021,2026,52,,,,,,,"clases={""1"": 36, ""2"": 6, ""3"": 0, ""4"": 8, ""9"": 2}"
A4_prov_2012-2025,A4_prov_2012-2025_max_c549_m0.15_r1.5_e1.6_s0_u0.1,"brecha=P-c(1+m)-S/e; clases 1-4,9",2021,2026,52,,,,,,,"clases={""1"": 34, ""2"": 8, ""3"": 0, ""4"": 8, ""9"": 2}"
A4_prov_2012-2025,A4_prov_2012-2025_max_c549_m0.15_r1.5_e1.6_s0_u0.25,"brecha=P-c(1+m)-S/e; clases 1-4,9",2021,2026,52,,,,,,,"clases={""1"": 30, ""2"": 12, ""3"": 0, ""4"": 8, ""9"": 2}"
A4_prov_2012-2025,A4_prov_2012-2025_max_c549_m0.15_r1.5_e1.6_s1_u0.0,"brecha=P-c(1+m)-S/e; clases 1-4,9",2021,2026,52,,,,,,,"clases={""1"": 37, ""2"": 5, ""3"": 0, ""4"": 8, ""9"": 2}"
A4_prov_2012-2025,A4_prov_2012-2025_max_c549_m0.15_r1.5_e1.6_s1_u0.1,"brecha=P-c(1+m)-S/e; clases 1-4,9",2021,2026,52,,,,,,,"clases={""1"": 35, ""2"": 7, ""3"": 0, ""4"": 8, ""9"": 2}"
A4_prov_2012-2025,A4_prov_2012-2025_max_c549_m0.15_r1.5_e1.6_s1_u0.25,"brecha=P-c(1+m)-S/e; clases 1-4,9",2021,2026,52,,,,,,,"clases={""1"": 31, ""2"": 11, ""3"": 0, ""4"": 8, ""9"": 2}"
A4_prov_2012-2025,A4_prov_2012-2025_max_c549_m0.2_r1.25_e0.8_s0_u0.0,"brecha=P-c(1+m)-S/e; clases 1-4,9",2021,2026,52,,,,,,,"clases={""1"": 36, ""2"": 6, ""3"": 0, ""4"": 8, ""9"": 2}"
A4_prov_2012-2025,A4_prov_2012-2025_max_c549_m0.2_r1.25_e0.8_s0_u0.1,"brecha=P-c(1+m)-S/e; clases 1-4,9",2021,2026,52,,,,,,,"clases={""1"": 34, ""2"": 8, ""3"": 0, ""4"": 8, ""9"": 2}"
A4_prov_2012-2025,A4_prov_2012-2025_max_c549_m0.2_r1.25_e0.8_s0_u0.25,"brecha=P-c(1+m)-S/e; clases 1-4,9",2021,2026,52,,,,,,,"clases={""1"": 30, ""2"": 12, ""3"": 0, ""4"": 8, ""9"": 2}"
A4_prov_2012-2025,A4_prov_2012-2025_max_c549_m0.2_r1.25_e0.8_s1_u0.0,"brecha=P-c(1+m)-S/e; clases 1-4,9",2021,2026,52,,,,,,,"clases={""1"": 35, ""2"": 5, ""3"": 2, ""4"": 8, ""9"": 2}"
A4_prov_2012-2025,A4_prov_2012-2025_max_c549_m0.2_r1.25_e0.8_s1_u0.1,"brecha=P-c(1+m)-S/e; clases 1-4,9",2021,2026,52,,,,,,,"clases={""1"": 33, ""2"": 7, ""3"": 2, ""4"": 8, ""9"": 2}"
A4_prov_2012-2025,A4_prov_2012-2025_max_c549_m0.2_r1.25_e0.8_s1_u0.25,"brecha=P-c(1+m)-S/e; clases 1-4,9",2021,2026,52,,,,,,,"clases={""1"": 29, ""2"": 11, ""3"": 2, ""4"": 8, ""9"": 2}"
A4_prov_2012-2025,A4_prov_2012-2025_max_c549_m0.2_r1.25_e1.2_s0_u0.0,"brecha=P-c(1+m)-S/e; clases 1-4,9",2021,2026,52,,,,,,,"clases={""1"": 36, ""2"": 6, ""3"": 0, ""4"": 8, ""9"": 2}"
A4_prov_2012-2025,A4_prov_2012-2025_max_c549_m0.2_r1.25_e1.2_s0_u0.1,"brecha=P-c(1+m)-S/e; clases 1-4,9",2021,2026,52,,,,,,,"clases={""1"": 34, ""2"": 8, ""3"": 0, ""4"": 8, ""9"": 2}"
A4_prov_2012-2025,A4_prov_2012-2025_max_c549_m0.2_r1.25_e1.2_s0_u0.25,"brecha=P-c(1+m)-S/e; clases 1-4,9",2021,2026,52,,,,,,,"clases={""1"": 29, ""2"": 13, ""3"": 0, ""4"": 8, ""9"": 2}"
A4_prov_2012-2025,A4_prov_2012-2025_max_c549_m0.2_r1.25_e1.2_s1_u0.0,"brecha=P-c(1+m)-S/e; clases 1-4,9",2021,2026,52,,,,,,,"clases={""1"": 36, ""2"": 6, ""3"": 0, ""4"": 8, ""9"": 2}"
A4_prov_2012-2025,A4_prov_2012-2025_max_c549_m0.2_r1.25_e1.2_s1_u0.1,"brecha=P-c(1+m)-S/e; clases 1-4,9",2021,2026,52,,,,,,,"clases={""1"": 34, ""2"": 8, ""3"": 0, ""4"": 8, ""9"": 2}"
A4_prov_2012-2025,A4_prov_2012-2025_max_c549_m0.2_r1.25_e1.2_s1_u0.25,"brecha=P-c(1+m)-S/e; clases 1-4,9",2021,2026,52,,,,,,,"clases={""1"": 30, ""2"": 12, ""3"": 0, ""4"": 8, ""9"": 2}"
A4_prov_2012-2025,A4_prov_2012-2025_max_c549_m0.2_r1.25_e1.6_s0_u0.0,"brecha=P-c(1+m)-S/e; clases 1-4,9",2021,2026,52,,,,,,,"clases={""1"": 36, ""2"": 6, ""3"": 0, ""4"": 8, ""9"": 2}"
A4_prov_2012-2025,A4_prov_2012-2025_max_c549_m0.2_r1.25_e1.6_s0_u0.1,"brecha=P-c(1+m)-S/e; clases 1-4,9",2021,2026,52,,,,,,,"clases={""1"": 34, ""2"": 8, ""3"": 0, ""4"": 8, ""9"": 2}"
A4_prov_2012-2025,A4_prov_2012-2025_max_c549_m0.2_r1.25_e1.6_s0_u0.25,"brecha=P-c(1+m)-S/e; clases 1-4,9",2021,2026,52,,,,,,,"clases={""1"": 29, ""2"": 13, ""3"": 0, ""4"": 8, ""9"": 2}"
A4_prov_2012-2025,A4_prov_2012-2025_max_c549_m0.2_r1.25_e1.6_s1_u0.0,"brecha=P-c(1+m)-S/e; clases 1-4,9",2021,2026,52,,,,,,,"clases={""1"": 36, ""2"": 6, ""3"": 0, ""4"": 8, ""9"": 2}"
A4_prov_2012-2025,A4_prov_2012-2025_max_c549_m0.2_r1.25_e1.6_s1_u0.1,"brecha=P-c(1+m)-S/e; clases 1-4,9",2021,2026,52,,,,,,,"clases={""1"": 34, ""2"": 8, ""3"": 0, ""4"": 8, ""9"": 2}"
A4_prov_2012-2025,A4_prov_2012-2025_max_c549_m0.2_r1.25_e1.6_s1_u0.25,"brecha=P-c(1+m)-S/e; clases 1-4,9",2021,2026,52,,,,,,,"clases={""1"": 29, ""2"": 13, ""3"": 0, ""4"": 8, ""9"": 2}"
A4_prov_2012-2025,A4_prov_2012-2025_max_c549_m0.2_r1.5_e0.8_s0_u0.0,"brecha=P-c(1+m)-S/e; clases 1-4,9",2021,2026,52,,,,,,,"clases={""1"": 37, ""2"": 5, ""3"": 0, ""4"": 8, ""9"": 2}"
A4_prov_2012-2025,A4_prov_2012-2025_max_c549_m0.2_r1.5_e0.8_s0_u0.1,"brecha=P-c(1+m)-S/e; clases 1-4,9",2021,2026,52,,,,,,,"clases={""1"": 35, ""2"": 7, ""3"": 0, ""4"": 8, ""9"": 2}"
A4_prov_2012-2025,A4_prov_2012-2025_max_c549_m0.2_r1.5_e0.8_s0_u0.25,"brecha=P-c(1+m)-S/e; clases 1-4,9",2021,2026,52,,,,,,,"clases={""1"": 31, ""2"": 11, ""3"": 0, ""4"": 8, ""9"": 2}"
A4_prov_2012-2025,A4_prov_2012-2025_max_c549_m0.2_r1.5_e0.8_s1_u0.0,"brecha=P-c(1+m)-S/e; clases 1-4,9",2021,2026,52,,,,,,,"clases={""1"": 35, ""2"": 5, ""3"": 2, ""4"": 8, ""9"": 2}"
A4_prov_2012-2025,A4_prov_2012-2025_max_c549_m0.2_r1.5_e0.8_s1_u0.1,"brecha=P-c(1+m)-S/e; clases 1-4,9",2021,2026,52,,,,,,,"clases={""1"": 33, ""2"": 7, ""3"": 2, ""4"": 8, ""9"": 2}"
A4_prov_2012-2025,A4_prov_2012-2025_max_c549_m0.2_r1.5_e0.8_s1_u0.25,"brecha=P-c(1+m)-S/e; clases 1-4,9",2021,2026,52,,,,,,,"clases={""1"": 31, ""2"": 9, ""3"": 2, ""4"": 8, ""9"": 2}"
A4_prov_2012-2025,A4_prov_2012-2025_max_c549_m0.2_r1.5_e1.2_s0_u0.0,"brecha=P-c(1+m)-S/e; clases 1-4,9",2021,2026,52,,,,,,,"clases={""1"": 36, ""2"": 6, ""3"": 0, ""4"": 8, ""9"": 2}"
A4_prov_2012-2025,A4_prov_2012-2025_max_c549_m0.2_r1.5_e1.2_s0_u0.1,"brecha=P-c(1+m)-S/e; clases 1-4,9",2021,2026,52,,,,,,,"clases={""1"": 34, ""2"": 8, ""3"": 0, ""4"": 8, ""9"": 2}"
A4_prov_2012-2025,A4_prov_2012-2025_max_c549_m0.2_r1.5_e1.2_s0_u0.25,"brecha=P-c(1+m)-S/e; clases 1-4,9",2021,2026,52,,,,,,,"clases={""1"": 30, ""2"": 12, ""3"": 0, ""4"": 8, ""9"": 2}"
A4_prov_2012-2025,A4_prov_2012-2025_max_c549_m0.2_r1.5_e1.2_s1_u0.0,"brecha=P-c(1+m)-S/e; clases 1-4,9",2021,2026,52,,,,,,,"clases={""1"": 37, ""2"": 5, ""3"": 0, ""4"": 8, ""9"": 2}"
A4_prov_2012-2025,A4_prov_2012-2025_max_c549_m0.2_r1.5_e1.2_s1_u0.1,"brecha=P-c(1+m)-S/e; clases 1-4,9",2021,2026,52,,,,,,,"clases={""1"": 35, ""2"": 7, ""3"": 0, ""4"": 8, ""9"": 2}"
A4_prov_2012-2025,A4_prov_2012-2025_max_c549_m0.2_r1.5_e1.2_s1_u0.25,"brecha=P-c(1+m)-S/e; clases 1-4,9",2021,2026,52,,,,,,,"clases={""1"": 31, ""2"": 11, ""3"": 0, ""4"": 8, ""9"": 2}"
A4_prov_2012-2025,A4_prov_2012-2025_max_c549_m0.2_r1.5_e1.6_s0_u0.0,"brecha=P-c(1+m)-S/e; clases 1-4,9",2021,2026,52,,,,,,,"clases={""1"": 36, ""2"": 6, ""3"": 0, ""4"": 8, ""9"": 2}"
A4_prov_2012-2025,A4_prov_2012-2025_max_c549_m0.2_r1.5_e1.6_s0_u0.1,"brecha=P-c(1+m)-S/e; clases 1-4,9",2021,2026,52,,,,,,,"clases={""1"": 34, ""2"": 8, ""3"": 0, ""4"": 8, ""9"": 2}"
A4_prov_2012-2025,A4_prov_2012-2025_max_c549_m0.2_r1.5_e1.6_s0_u0.25,"brecha=P-c(1+m)-S/e; clases 1-4,9",2021,2026,52,,,,,,,"clases={""1"": 30, ""2"": 12, ""3"": 0, ""4"": 8, ""9"": 2}"
A4_prov_2012-2025,A4_prov_2012-2025_max_c549_m0.2_r1.5_e1.6_s1_u0.0,"brecha=P-c(1+m)-S/e; clases 1-4,9",2021,2026,52,,,,,,,"clases={""1"": 37, ""2"": 5, ""3"": 0, ""4"": 8, ""9"": 2}"
A4_prov_2012-2025,A4_prov_2012-2025_max_c549_m0.2_r1.5_e1.6_s1_u0.1,"brecha=P-c(1+m)-S/e; clases 1-4,9",2021,2026,52,,,,,,,"clases={""1"": 35, ""2"": 7, ""3"": 0, ""4"": 8, ""9"": 2}"
A4_prov_2012-2025,A4_prov_2012-2025_max_c549_m0.2_r1.5_e1.6_s1_u0.25,"brecha=P-c(1+m)-S/e; clases 1-4,9",2021,2026,52,,,,,,,"clases={""1"": 31, ""2"": 11, ""3"": 0, ""4"": 8, ""9"": 2}"
A4_prov_2012-2025,A4_prov_2012-2025_max_c549_m0.25_r1.25_e0.8_s0_u0.0,"brecha=P-c(1+m)-S/e; clases 1-4,9",2021,2026,52,,,,,,,"clases={""1"": 36, ""2"": 6, ""3"": 0, ""4"": 8, ""9"": 2}"
A4_prov_2012-2025,A4_prov_2012-2025_max_c549_m0.25_r1.25_e0.8_s0_u0.1,"brecha=P-c(1+m)-S/e; clases 1-4,9",2021,2026,52,,,,,,,"clases={""1"": 34, ""2"": 8, ""3"": 0, ""4"": 8, ""9"": 2}"
A4_prov_2012-2025,A4_prov_2012-2025_max_c549_m0.25_r1.25_e0.8_s0_u0.25,"brecha=P-c(1+m)-S/e; clases 1-4,9",2021,2026,52,,,,,,,"clases={""1"": 30, ""2"": 12, ""3"": 0, ""4"": 8, ""9"": 2}"
A4_prov_2012-2025,A4_prov_2012-2025_max_c549_m0.25_r1.25_e0.8_s1_u0.0,"brecha=P-c(1+m)-S/e; clases 1-4,9",2021,2026,52,,,,,,,"clases={""1"": 33, ""2"": 5, ""3"": 4, ""4"": 8, ""9"": 2}"
A4_prov_2012-2025,A4_prov_2012-2025_max_c549_m0.25_r1.25_e0.8_s1_u0.1,"brecha=P-c(1+m)-S/e; clases 1-4,9",2021,2026,52,,,,,,,"clases={""1"": 31, ""2"": 7, ""3"": 4, ""4"": 8, ""9"": 2}"
A4_prov_2012-2025,A4_prov_2012-2025_max_c549_m0.25_r1.25_e0.8_s1_u0.25,"brecha=P-c(1+m)-S/e; clases 1-4,9",2021,2026,52,,,,,,,"clases={""1"": 27, ""2"": 11, ""3"": 4, ""4"": 8, ""9"": 2}"
A4_prov_2012-2025,A4_prov_2012-2025_max_c549_m0.25_r1.25_e1.2_s0_u0.0,"brecha=P-c(1+m)-S/e; clases 1-4,9",2021,2026,52,,,,,,,"clases={""1"": 36, ""2"": 6, ""3"": 0, ""4"": 8, ""9"": 2}"
A4_prov_2012-2025,A4_prov_2012-2025_max_c549_m0.25_r1.25_e1.2_s0_u0.1,"brecha=P-c(1+m)-S/e; clases 1-4,9",2021,2026,52,,,,,,,"clases={""1"": 34, ""2"": 8, ""3"": 0, ""4"": 8, ""9"": 2}"
A4_prov_2012-2025,A4_prov_2012-2025_max_c549_m0.25_r1.25_e1.2_s0_u0.25,"brecha=P-c(1+m)-S/e; clases 1-4,9",2021,2026,52,,,,,,,"clases={""1"": 29, ""2"": 13, ""3"": 0, ""4"": 8, ""9"": 2}"
A4_prov_2012-2025,A4_prov_2012-2025_max_c549_m0.25_r1.25_e1.2_s1_u0.0,"brecha=P-c(1+m)-S/e; clases 1-4,9",2021,2026,52,,,,,,,"clases={""1"": 35, ""2"": 6, ""3"": 1, ""4"": 8, ""9"": 2}"
A4_prov_2012-2025,A4_prov_2012-2025_max_c549_m0.25_r1.25_e1.2_s1_u0.1,"brecha=P-c(1+m)-S/e; clases 1-4,9",2021,2026,52,,,,,,,"clases={""1"": 33, ""2"": 8, ""3"": 1, ""4"": 8, ""9"": 2}"
A4_prov_2012-2025,A4_prov_2012-2025_max_c549_m0.25_r1.25_e1.2_s1_u0.25,"brecha=P-c(1+m)-S/e; clases 1-4,9",2021,2026,52,,,,,,,"clases={""1"": 29, ""2"": 12, ""3"": 1, ""4"": 8, ""9"": 2}"
A4_prov_2012-2025,A4_prov_2012-2025_max_c549_m0.25_r1.25_e1.6_s0_u0.0,"brecha=P-c(1+m)-S/e; clases 1-4,9",2021,2026,52,,,,,,,"clases={""1"": 36, ""2"": 6, ""3"": 0, ""4"": 8, ""9"": 2}"
A4_prov_2012-2025,A4_prov_2012-2025_max_c549_m0.25_r1.25_e1.6_s0_u0.1,"brecha=P-c(1+m)-S/e; clases 1-4,9",2021,2026,52,,,,,,,"clases={""1"": 34, ""2"": 8, ""3"": 0, ""4"": 8, ""9"": 2}"
A4_prov_2012-2025,A4_prov_2012-2025_max_c549_m0.25_r1.25_e1.6_s0_u0.25,"brecha=P-c(1+m)-S/e; clases 1-4,9",2021,2026,52,,,,,,,"clases={""1"": 29, ""2"": 13, ""3"": 0, ""4"": 8, ""9"": 2}"
A4_prov_2012-2025,A4_prov_2012-2025_max_c549_m0.25_r1.25_e1.6_s1_u0.0,"brecha=P-c(1+m)-S/e; clases 1-4,9",2021,2026,52,,,,,,,"clases={""1"": 36, ""2"": 6, ""3"": 0, ""4"": 8, ""9"": 2}"
A4_prov_2012-2025,A4_prov_2012-2025_max_c549_m0.25_r1.25_e1.6_s1_u0.1,"brecha=P-c(1+m)-S/e; clases 1-4,9",2021,2026,52,,,,,,,"clases={""1"": 34, ""2"": 8, ""3"": 0, ""4"": 8, ""9"": 2}"
A4_prov_2012-2025,A4_prov_2012-2025_max_c549_m0.25_r1.25_e1.6_s1_u0.25,"brecha=P-c(1+m)-S/e; clases 1-4,9",2021,2026,52,,,,,,,"clases={""1"": 29, ""2"": 13, ""3"": 0, ""4"": 8, ""9"": 2}"
A4_prov_2012-2025,A4_prov_2012-2025_max_c549_m0.25_r1.5_e0.8_s0_u0.0,"brecha=P-c(1+m)-S/e; clases 1-4,9",2021,2026,52,,,,,,,"clases={""1"": 37, ""2"": 5, ""3"": 0, ""4"": 8, ""9"": 2}"
A4_prov_2012-2025,A4_prov_2012-2025_max_c549_m0.25_r1.5_e0.8_s0_u0.1,"brecha=P-c(1+m)-S/e; clases 1-4,9",2021,2026,52,,,,,,,"clases={""1"": 35, ""2"": 7, ""3"": 0, ""4"": 8, ""9"": 2}"
A4_prov_2012-2025,A4_prov_2012-2025_max_c549_m0.25_r1.5_e0.8_s0_u0.25,"brecha=P-c(1+m)-S/e; clases 1-4,9",2021,2026,52,,,,,,,"clases={""1"": 31, ""2"": 11, ""3"": 0, ""4"": 8, ""9"": 2}"
A4_prov_2012-2025,A4_prov_2012-2025_max_c549_m0.25_r1.5_e0.8_s1_u0.0,"brecha=P-c(1+m)-S/e; clases 1-4,9",2021,2026,52,,,,,,,"clases={""1"": 33, ""2"": 5, ""3"": 4, ""4"": 8, ""9"": 2}"
A4_prov_2012-2025,A4_prov_2012-2025_max_c549_m0.25_r1.5_e0.8_s1_u0.1,"brecha=P-c(1+m)-S/e; clases 1-4,9",2021,2026,52,,,,,,,"clases={""1"": 31, ""2"": 7, ""3"": 4, ""4"": 8, ""9"": 2}"
A4_prov_2012-2025,A4_prov_2012-2025_max_c549_m0.25_r1.5_e0.8_s1_u0.25,"brecha=P-c(1+m)-S/e; clases 1-4,9",2021,2026,52,,,,,,,"clases={""1"": 29, ""2"": 9, ""3"": 4, ""4"": 8, ""9"": 2}"
A4_prov_2012-2025,A4_prov_2012-2025_max_c549_m0.25_r1.5_e1.2_s0_u0.0,"brecha=P-c(1+m)-S/e; clases 1-4,9",2021,2026,52,,,,,,,"clases={""1"": 36, ""2"": 6, ""3"": 0, ""4"": 8, ""9"": 2}"
A4_prov_2012-2025,A4_prov_2012-2025_max_c549_m0.25_r1.5_e1.2_s0_u0.1,"brecha=P-c(1+m)-S/e; clases 1-4,9",2021,2026,52,,,,,,,"clases={""1"": 34, ""2"": 8, ""3"": 0, ""4"": 8, ""9"": 2}"
A4_prov_2012-2025,A4_prov_2012-2025_max_c549_m0.25_r1.5_e1.2_s0_u0.25,"brecha=P-c(1+m)-S/e; clases 1-4,9",2021,2026,52,,,,,,,"clases={""1"": 30, ""2"": 12, ""3"": 0, ""4"": 8, ""9"": 2}"
A4_prov_2012-2025,A4_prov_2012-2025_max_c549_m0.25_r1.5_e1.2_s1_u0.0,"brecha=P-c(1+m)-S/e; clases 1-4,9",2021,2026,52,,,,,,,"clases={""1"": 36, ""2"": 5, ""3"": 1, ""4"": 8, ""9"": 2}"
A4_prov_2012-2025,A4_prov_2012-2025_max_c549_m0.25_r1.5_e1.2_s1_u0.1,"brecha=P-c(1+m)-S/e; clases 1-4,9",2021,2026,52,,,,,,,"clases={""1"": 34, ""2"": 7, ""3"": 1, ""4"": 8, ""9"": 2}"
A4_prov_2012-2025,A4_prov_2012-2025_max_c549_m0.25_r1.5_e1.2_s1_u0.25,"brecha=P-c(1+m)-S/e; clases 1-4,9",2021,2026,52,,,,,,,"clases={""1"": 30, ""2"": 11, ""3"": 1, ""4"": 8, ""9"": 2}"
A4_prov_2012-2025,A4_prov_2012-2025_max_c549_m0.25_r1.5_e1.6_s0_u0.0,"brecha=P-c(1+m)-S/e; clases 1-4,9",2021,2026,52,,,,,,,"clases={""1"": 36, ""2"": 6, ""3"": 0, ""4"": 8, ""9"": 2}"
A4_prov_2012-2025,A4_prov_2012-2025_max_c549_m0.25_r1.5_e1.6_s0_u0.1,"brecha=P-c(1+m)-S/e; clases 1-4,9",2021,2026,52,,,,,,,"clases={""1"": 34, ""2"": 8, ""3"": 0, ""4"": 8, ""9"": 2}"
A4_prov_2012-2025,A4_prov_2012-2025_max_c549_m0.25_r1.5_e1.6_s0_u0.25,"brecha=P-c(1+m)-S/e; clases 1-4,9",2021,2026,52,,,,,,,"clases={""1"": 30, ""2"": 12, ""3"": 0, ""4"": 8, ""9"": 2}"
A4_prov_2012-2025,A4_prov_2012-2025_max_c549_m0.25_r1.5_e1.6_s1_u0.0,"brecha=P-c(1+m)-S/e; clases 1-4,9",2021,2026,52,,,,,,,"clases={""1"": 37, ""2"": 5, ""3"": 0, ""4"": 8, ""9"": 2}"
A4_prov_2012-2025,A4_prov_2012-2025_max_c549_m0.25_r1.5_e1.6_s1_u0.1,"brecha=P-c(1+m)-S/e; clases 1-4,9",2021,2026,52,,,,,,,"clases={""1"": 35, ""2"": 7, ""3"": 0, ""4"": 8, ""9"": 2}"
A4_prov_2012-2025,A4_prov_2012-2025_max_c549_m0.25_r1.5_e1.6_s1_u0.25,"brecha=P-c(1+m)-S/e; clases 1-4,9",2021,2026,52,,,,,,,"clases={""1"": 31, ""2"": 11, ""3"": 0, ""4"": 8, ""9"": 2}"
A4_prov_2012-2025,A4_prov_2012-2025_max_c677_m0.15_r1.25_e0.8_s0_u0.0,"brecha=P-c(1+m)-S/e; clases 1-4,9",2021,2026,52,,,,,,,"clases={""1"": 35, ""2"": 5, ""3"": 2, ""4"": 8, ""9"": 2}"
A4_prov_2012-2025,A4_prov_2012-2025_max_c677_m0.15_r1.25_e0.8_s0_u0.1,"brecha=P-c(1+m)-S/e; clases 1-4,9",2021,2026,52,,,,,,,"clases={""1"": 33, ""2"": 7, ""3"": 2, ""4"": 8, ""9"": 2}"
A4_prov_2012-2025,A4_prov_2012-2025_max_c677_m0.15_r1.25_e0.8_s0_u0.25,"brecha=P-c(1+m)-S/e; clases 1-4,9",2021,2026,52,,,,,,,"clases={""1"": 29, ""2"": 11, ""3"": 2, ""4"": 8, ""9"": 2}"
A4_prov_2012-2025,A4_prov_2012-2025_max_c677_m0.15_r1.25_e0.8_s1_u0.0,"brecha=P-c(1+m)-S/e; clases 1-4,9",2021,2026,52,,,,,,,"clases={""1"": 33, ""2"": 5, ""3"": 4, ""4"": 8, ""9"": 2}"
A4_prov_2012-2025,A4_prov_2012-2025_max_c677_m0.15_r1.25_e0.8_s1_u0.1,"brecha=P-c(1+m)-S/e; clases 1-4,9",2021,2026,52,,,,,,,"clases={""1"": 31, ""2"": 7, ""3"": 4, ""4"": 8, ""9"": 2}"
A4_prov_2012-2025,A4_prov_2012-2025_max_c677_m0.15_r1.25_e0.8_s1_u0.25,"brecha=P-c(1+m)-S/e; clases 1-4,9",2021,2026,52,,,,,,,"clases={""1"": 28, ""2"": 10, ""3"": 4, ""4"": 8, ""9"": 2}"
A4_prov_2012-2025,A4_prov_2012-2025_max_c677_m0.15_r1.25_e1.2_s0_u0.0,"brecha=P-c(1+m)-S/e; clases 1-4,9",2021,2026,52,,,,,,,"clases={""1"": 35, ""2"": 6, ""3"": 1, ""4"": 8, ""9"": 2}"
A4_prov_2012-2025,A4_prov_2012-2025_max_c677_m0.15_r1.25_e1.2_s0_u0.1,"brecha=P-c(1+m)-S/e; clases 1-4,9",2021,2026,52,,,,,,,"clases={""1"": 33, ""2"": 8, ""3"": 1, ""4"": 8, ""9"": 2}"
A4_prov_2012-2025,A4_prov_2012-2025_max_c677_m0.15_r1.25_e1.2_s0_u0.25,"brecha=P-c(1+m)-S/e; clases 1-4,9",2021,2026,52,,,,,,,"clases={""1"": 29, ""2"": 12, ""3"": 1, ""4"": 8, ""9"": 2}"
A4_prov_2012-2025,A4_prov_2012-2025_max_c677_m0.15_r1.25_e1.2_s1_u0.0,"brecha=P-c(1+m)-S/e; clases 1-4,9",2021,2026,52,,,,,,,"clases={""1"": 34, ""2"": 5, ""3"": 3, ""4"": 8, ""9"": 2}"
A4_prov_2012-2025,A4_prov_2012-2025_max_c677_m0.15_r1.25_e1.2_s1_u0.1,"brecha=P-c(1+m)-S/e; clases 1-4,9",2021,2026,52,,,,,,,"clases={""1"": 32, ""2"": 7, ""3"": 3, ""4"": 8, ""9"": 2}"
A4_prov_2012-2025,A4_prov_2012-2025_max_c677_m0.15_r1.25_e1.2_s1_u0.25,"brecha=P-c(1+m)-S/e; clases 1-4,9",2021,2026,52,,,,,,,"clases={""1"": 28, ""2"": 11, ""3"": 3, ""4"": 8, ""9"": 2}"
A4_prov_2012-2025,A4_prov_2012-2025_max_c677_m0.15_r1.25_e1.6_s0_u0.0,"brecha=P-c(1+m)-S/e; clases 1-4,9",2021,2026,52,,,,,,,"clases={""1"": 36, ""2"": 6, ""3"": 0, ""4"": 8, ""9"": 2}"
A4_prov_2012-2025,A4_prov_2012-2025_max_c677_m0.15_r1.25_e1.6_s0_u0.1,"brecha=P-c(1+m)-S/e; clases 1-4,9",2021,2026,52,,,,,,,"clases={""1"": 34, ""2"": 8, ""3"": 0, ""4"": 8, ""9"": 2}"
A4_prov_2012-2025,A4_prov_2012-2025_max_c677_m0.15_r1.25_e1.6_s0_u0.25,"brecha=P-c(1+m)-S/e; clases 1-4,9",2021,2026,52,,,,,,,"clases={""1"": 30, ""2"": 12, ""3"": 0, ""4"": 8, ""9"": 2}"
A4_prov_2012-2025,A4_prov_2012-2025_max_c677_m0.15_r1.25_e1.6_s1_u0.0,"brecha=P-c(1+m)-S/e; clases 1-4,9",2021,2026,52,,,,,,,"clases={""1"": 35, ""2"": 5, ""3"": 2, ""4"": 8, ""9"": 2}"
A4_prov_2012-2025,A4_prov_2012-2025_max_c677_m0.15_r1.25_e1.6_s1_u0.1,"brecha=P-c(1+m)-S/e; clases 1-4,9",2021,2026,52,,,,,,,"clases={""1"": 33, ""2"": 7, ""3"": 2, ""4"": 8, ""9"": 2}"
A4_prov_2012-2025,A4_prov_2012-2025_max_c677_m0.15_r1.25_e1.6_s1_u0.25,"brecha=P-c(1+m)-S/e; clases 1-4,9",2021,2026,52,,,,,,,"clases={""1"": 29, ""2"": 11, ""3"": 2, ""4"": 8, ""9"": 2}"
A4_prov_2012-2025,A4_prov_2012-2025_max_c677_m0.15_r1.5_e0.8_s0_u0.0,"brecha=P-c(1+m)-S/e; clases 1-4,9",2021,2026,52,,,,,,,"clases={""1"": 38, ""2"": 2, ""3"": 2, ""4"": 8, ""9"": 2}"
A4_prov_2012-2025,A4_prov_2012-2025_max_c677_m0.15_r1.5_e0.8_s0_u0.1,"brecha=P-c(1+m)-S/e; clases 1-4,9",2021,2026,52,,,,,,,"clases={""1"": 36, ""2"": 4, ""3"": 2, ""4"": 8, ""9"": 2}"
A4_prov_2012-2025,A4_prov_2012-2025_max_c677_m0.15_r1.5_e0.8_s0_u0.25,"brecha=P-c(1+m)-S/e; clases 1-4,9",2021,2026,52,,,,,,,"clases={""1"": 34, ""2"": 6, ""3"": 2, ""4"": 8, ""9"": 2}"
A4_prov_2012-2025,A4_prov_2012-2025_max_c677_m0.15_r1.5_e0.8_s1_u0.0,"brecha=P-c(1+m)-S/e; clases 1-4,9",2021,2026,52,,,,,,,"clases={""1"": 36, ""2"": 2, ""3"": 4, ""4"": 8, ""9"": 2}"
A4_prov_2012-2025,A4_prov_2012-2025_max_c677_m0.15_r1.5_e0.8_s1_u0.1,"brecha=P-c(1+m)-S/e; clases 1-4,9",2021,2026,52,,,,,,,"clases={""1"": 34, ""2"": 4, ""3"": 4, ""4"": 8, ""9"": 2}"
A4_prov_2012-2025,A4_prov_2012-2025_max_c677_m0.15_r1.5_e0.8_s1_u0.25,"brecha=P-c(1+m)-S/e; clases 1-4,9",2021,2026,52,,,,,,,"clases={""1"": 33, ""2"": 5, ""3"": 4, ""4"": 8, ""9"": 2}"
A4_prov_2012-2025,A4_prov_2012-2025_max_c677_m0.15_r1.5_e1.2_s0_u0.0,"brecha=P-c(1+m)-S/e; clases 1-4,9",2021,2026,52,,,,,,,"clases={""1"": 37, ""2"": 4, ""3"": 1, ""4"": 8, ""9"": 2}"
A4_prov_2012-2025,A4_prov_2012-2025_max_c677_m0.15_r1.5_e1.2_s0_u0.1,"brecha=P-c(1+m)-S/e; clases 1-4,9",2021,2026,52,,,,,,,"clases={""1"": 35, ""2"": 6, ""3"": 1, ""4"": 8, ""9"": 2}"
A4_prov_2012-2025,A4_prov_2012-2025_max_c677_m0.15_r1.5_e1.2_s0_u0.25,"brecha=P-c(1+m)-S/e; clases 1-4,9",2021,2026,52,,,,,,,"clases={""1"": 31, ""2"": 10, ""3"": 1, ""4"": 8, ""9"": 2}"
A4_prov_2012-2025,A4_prov_2012-2025_max_c677_m0.15_r1.5_e1.2_s1_u0.0,"brecha=P-c(1+m)-S/e; clases 1-4,9",2021,2026,52,,,,,,,"clases={""1"": 36, ""2"": 3, ""3"": 3, ""4"": 8, ""9"": 2}"
A4_prov_2012-2025,A4_prov_2012-2025_max_c677_m0.15_r1.5_e1.2_s1_u0.1,"brecha=P-c(1+m)-S/e; clases 1-4,9",2021,2026,52,,,,,,,"clases={""1"": 34, ""2"": 5, ""3"": 3, ""4"": 8, ""9"": 2}"
A4_prov_2012-2025,A4_prov_2012-2025_max_c677_m0.15_r1.5_e1.2_s1_u0.25,"brecha=P-c(1+m)-S/e; clases 1-4,9",2021,2026,52,,,,,,,"clases={""1"": 32, ""2"": 7, ""3"": 3, ""4"": 8, ""9"": 2}"
A4_prov_2012-2025,A4_prov_2012-2025_max_c677_m0.15_r1.5_e1.6_s0_u0.0,"brecha=P-c(1+m)-S/e; clases 1-4,9",2021,2026,52,,,,,,,"clases={""1"": 38, ""2"": 4, ""3"": 0, ""4"": 8, ""9"": 2}"
A4_prov_2012-2025,A4_prov_2012-2025_max_c677_m0.15_r1.5_e1.6_s0_u0.1,"brecha=P-c(1+m)-S/e; clases 1-4,9",2021,2026,52,,,,,,,"clases={""1"": 36, ""2"": 6, ""3"": 0, ""4"": 8, ""9"": 2}"
A4_prov_2012-2025,A4_prov_2012-2025_max_c677_m0.15_r1.5_e1.6_s0_u0.25,"brecha=P-c(1+m)-S/e; clases 1-4,9",2021,2026,52,,,,,,,"clases={""1"": 32, ""2"": 10, ""3"": 0, ""4"": 8, ""9"": 2}"
A4_prov_2012-2025,A4_prov_2012-2025_max_c677_m0.15_r1.5_e1.6_s1_u0.0,"brecha=P-c(1+m)-S/e; clases 1-4,9",2021,2026,52,,,,,,,"clases={""1"": 37, ""2"": 3, ""3"": 2, ""4"": 8, ""9"": 2}"
A4_prov_2012-2025,A4_prov_2012-2025_max_c677_m0.15_r1.5_e1.6_s1_u0.1,"brecha=P-c(1+m)-S/e; clases 1-4,9",2021,2026,52,,,,,,,"clases={""1"": 35, ""2"": 5, ""3"": 2, ""4"": 8, ""9"": 2}"
A4_prov_2012-2025,A4_prov_2012-2025_max_c677_m0.15_r1.5_e1.6_s1_u0.25,"brecha=P-c(1+m)-S/e; clases 1-4,9",2021,2026,52,,,,,,,"clases={""1"": 32, ""2"": 8, ""3"": 2, ""4"": 8, ""9"": 2}"
A4_prov_2012-2025,A4_prov_2012-2025_max_c677_m0.2_r1.25_e0.8_s0_u0.0,"brecha=P-c(1+m)-S/e; clases 1-4,9",2021,2026,52,,,,,,,"clases={""1"": 35, ""2"": 5, ""3"": 2, ""4"": 8, ""9"": 2}"
A4_prov_2012-2025,A4_prov_2012-2025_max_c677_m0.2_r1.25_e0.8_s0_u0.1,"brecha=P-c(1+m)-S/e; clases 1-4,9",2021,2026,52,,,,,,,"clases={""1"": 33, ""2"": 7, ""3"": 2, ""4"": 8, ""9"": 2}"
A4_prov_2012-2025,A4_prov_2012-2025_max_c677_m0.2_r1.25_e0.8_s0_u0.25,"brecha=P-c(1+m)-S/e; clases 1-4,9",2021,2026,52,,,,,,,"clases={""1"": 29, ""2"": 11, ""3"": 2, ""4"": 8, ""9"": 2}"
A4_prov_2012-2025,A4_prov_2012-2025_max_c677_m0.2_r1.25_e0.8_s1_u0.0,"brecha=P-c(1+m)-S/e; clases 1-4,9",2021,2026,52,,,,,,,"clases={""1"": 33, ""2"": 5, ""3"": 4, ""4"": 8, ""9"": 2}"
A4_prov_2012-2025,A4_prov_2012-2025_max_c677_m0.2_r1.25_e0.8_s1_u0.1,"brecha=P-c(1+m)-S/e; clases 1-4,9",2021,2026,52,,,,,,,"clases={""1"": 31, ""2"": 7, ""3"": 4, ""4"": 8, ""9"": 2}"
A4_prov_2012-2025,A4_prov_2012-2025_max_c677_m0.2_r1.25_e0.8_s1_u0.25,"brecha=P-c(1+m)-S/e; clases 1-4,9",2021,2026,52,,,,,,,"clases={""1"": 28, ""2"": 10, ""3"": 4, ""4"": 8, ""9"": 2}"
A4_prov_2012-2025,A4_prov_2012-2025_max_c677_m0.2_r1.25_e1.2_s0_u0.0,"brecha=P-c(1+m)-S/e; clases 1-4,9",2021,2026,52,,,,,,,"clases={""1"": 35, ""2"": 6, ""3"": 1, ""4"": 8, ""9"": 2}"
A4_prov_2012-2025,A4_prov_2012-2025_max_c677_m0.2_r1.25_e1.2_s0_u0.1,"brecha=P-c(1+m)-S/e; clases 1-4,9",2021,2026,52,,,,,,,"clases={""1"": 33, ""2"": 8, ""3"": 1, ""4"": 8, ""9"": 2}"
A4_prov_2012-2025,A4_prov_2012-2025_max_c677_m0.2_r1.25_e1.2_s0_u0.25,"brecha=P-c(1+m)-S/e; clases 1-4,9",2021,2026,52,,,,,,,"clases={""1"": 29, ""2"": 12, ""3"": 1, ""4"": 8, ""9"": 2}"
A4_prov_2012-2025,A4_prov_2012-2025_max_c677_m0.2_r1.25_e1.2_s1_u0.0,"brecha=P-c(1+m)-S/e; clases 1-4,9",2021,2026,52,,,,,,,"clases={""1"": 34, ""2"": 5, ""3"": 3, ""4"": 8, ""9"": 2}"
A4_prov_2012-2025,A4_prov_2012-2025_max_c677_m0.2_r1.25_e1.2_s1_u0.1,"brecha=P-c(1+m)-S/e; clases 1-4,9",2021,2026,52,,,,,,,"clases={""1"": 32, ""2"": 7, ""3"": 3, ""4"": 8, ""9"": 2}"
A4_prov_2012-2025,A4_prov_2012-2025_max_c677_m0.2_r1.25_e1.2_s1_u0.25,"brecha=P-c(1+m)-S/e; clases 1-4,9",2021,2026,52,,,,,,,"clases={""1"": 28, ""2"": 11, ""3"": 3, ""4"": 8, ""9"": 2}"
A4_prov_2012-2025,A4_prov_2012-2025_max_c677_m0.2_r1.25_e1.6_s0_u0.0,"brecha=P-c(1+m)-S/e; clases 1-4,9",2021,2026,52,,,,,,,"clases={""1"": 35, ""2"": 6, ""3"": 1, ""4"": 8, ""9"": 2}"
A4_prov_2012-2025,A4_prov_2012-2025_max_c677_m0.2_r1.25_e1.6_s0_u0.1,"brecha=P-c(1+m)-S/e; clases 1-4,9",2021,2026,52,,,,,,,"clases={""1"": 33, ""2"": 8, ""3"": 1, ""4"": 8, ""9"": 2}"
A4_prov_2012-2025,A4_prov_2012-2025_max_c677_m0.2_r1.25_e1.6_s0_u0.25,"brecha=P-c(1+m)-S/e; clases 1-4,9",2021,2026,52,,,,,,,"clases={""1"": 29, ""2"": 12, ""3"": 1, ""4"": 8, ""9"": 2}"
A4_prov_2012-2025,A4_prov_2012-2025_max_c677_m0.2_r1.25_e1.6_s1_u0.0,"brecha=P-c(1+m)-S/e; clases 1-4,9",2021,2026,52,,,,,,,"clases={""1"": 35, ""2"": 5, ""3"": 2, ""4"": 8, ""9"": 2}"
A4_prov_2012-2025,A4_prov_2012-2025_max_c677_m0.2_r1.25_e1.6_s1_u0.1,"brecha=P-c(1+m)-S/e; clases 1-4,9",2021,2026,52,,,,,,,"clases={""1"": 33, ""2"": 7, ""3"": 2, ""4"": 8, ""9"": 2}"
A4_prov_2012-2025,A4_prov_2012-2025_max_c677_m0.2_r1.25_e1.6_s1_u0.25,"brecha=P-c(1+m)-S/e; clases 1-4,9",2021,2026,52,,,,,,,"clases={""1"": 29, ""2"": 11, ""3"": 2, ""4"": 8, ""9"": 2}"
A4_prov_2012-2025,A4_prov_2012-2025_max_c677_m0.2_r1.5_e0.8_s0_u0.0,"brecha=P-c(1+m)-S/e; clases 1-4,9",2021,2026,52,,,,,,,"clases={""1"": 38, ""2"": 2, ""3"": 2, ""4"": 8, ""9"": 2}"
A4_prov_2012-2025,A4_prov_2012-2025_max_c677_m0.2_r1.5_e0.8_s0_u0.1,"brecha=P-c(1+m)-S/e; clases 1-4,9",2021,2026,52,,,,,,,"clases={""1"": 36, ""2"": 4, ""3"": 2, ""4"": 8, ""9"": 2}"
A4_prov_2012-2025,A4_prov_2012-2025_max_c677_m0.2_r1.5_e0.8_s0_u0.25,"brecha=P-c(1+m)-S/e; clases 1-4,9",2021,2026,52,,,,,,,"clases={""1"": 34, ""2"": 6, ""3"": 2, ""4"": 8, ""9"": 2}"
A4_prov_2012-2025,A4_prov_2012-2025_max_c677_m0.2_r1.5_e0.8_s1_u0.0,"brecha=P-c(1+m)-S/e; clases 1-4,9",2021,2026,52,,,,,,,"clases={""1"": 36, ""2"": 2, ""3"": 4, ""4"": 8, ""9"": 2}"
A4_prov_2012-2025,A4_prov_2012-2025_max_c677_m0.2_r1.5_e0.8_s1_u0.1,"brecha=P-c(1+m)-S/e; clases 1-4,9",2021,2026,52,,,,,,,"clases={""1"": 34, ""2"": 4, ""3"": 4, ""4"": 8, ""9"": 2}"
A4_prov_2012-2025,A4_prov_2012-2025_max_c677_m0.2_r1.5_e0.8_s1_u0.25,"brecha=P-c(1+m)-S/e; clases 1-4,9",2021,2026,52,,,,,,,"clases={""1"": 33, ""2"": 5, ""3"": 4, ""4"": 8, ""9"": 2}"
A4_prov_2012-2025,A4_prov_2012-2025_max_c677_m0.2_r1.5_e1.2_s0_u0.0,"brecha=P-c(1+m)-S/e; clases 1-4,9",2021,2026,52,,,,,,,"clases={""1"": 37, ""2"": 4, ""3"": 1, ""4"": 8, ""9"": 2}"
A4_prov_2012-2025,A4_prov_2012-2025_max_c677_m0.2_r1.5_e1.2_s0_u0.1,"brecha=P-c(1+m)-S/e; clases 1-4,9",2021,2026,52,,,,,,,"clases={""1"": 35, ""2"": 6, ""3"": 1, ""4"": 8, ""9"": 2}"
A4_prov_2012-2025,A4_prov_2012-2025_max_c677_m0.2_r1.5_e1.2_s0_u0.25,"brecha=P-c(1+m)-S/e; clases 1-4,9",2021,2026,52,,,,,,,"clases={""1"": 31, ""2"": 10, ""3"": 1, ""4"": 8, ""9"": 2}"
A4_prov_2012-2025,A4_prov_2012-2025_max_c677_m0.2_r1.5_e1.2_s1_u0.0,"brecha=P-c(1+m)-S/e; clases 1-4,9",2021,2026,52,,,,,,,"clases={""1"": 36, ""2"": 3, ""3"": 3, ""4"": 8, ""9"": 2}"
A4_prov_2012-2025,A4_prov_2012-2025_max_c677_m0.2_r1.5_e1.2_s1_u0.1,"brecha=P-c(1+m)-S/e; clases 1-4,9",2021,2026,52,,,,,,,"clases={""1"": 34, ""2"": 5, ""3"": 3, ""4"": 8, ""9"": 2}"
A4_prov_2012-2025,A4_prov_2012-2025_max_c677_m0.2_r1.5_e1.2_s1_u0.25,"brecha=P-c(1+m)-S/e; clases 1-4,9",2021,2026,52,,,,,,,"clases={""1"": 32, ""2"": 7, ""3"": 3, ""4"": 8, ""9"": 2}"
A4_prov_2012-2025,A4_prov_2012-2025_max_c677_m0.2_r1.5_e1.6_s0_u0.0,"brecha=P-c(1+m)-S/e; clases 1-4,9",2021,2026,52,,,,,,,"clases={""1"": 37, ""2"": 4, ""3"": 1, ""4"": 8, ""9"": 2}"
A4_prov_2012-2025,A4_prov_2012-2025_max_c677_m0.2_r1.5_e1.6_s0_u0.1,"brecha=P-c(1+m)-S/e; clases 1-4,9",2021,2026,52,,,,,,,"clases={""1"": 35, ""2"": 6, ""3"": 1, ""4"": 8, ""9"": 2}"
A4_prov_2012-2025,A4_prov_2012-2025_max_c677_m0.2_r1.5_e1.6_s0_u0.25,"brecha=P-c(1+m)-S/e; clases 1-4,9",2021,2026,52,,,,,,,"clases={""1"": 31, ""2"": 10, ""3"": 1, ""4"": 8, ""9"": 2}"
A4_prov_2012-2025,A4_prov_2012-2025_max_c677_m0.2_r1.5_e1.6_s1_u0.0,"brecha=P-c(1+m)-S/e; clases 1-4,9",2021,2026,52,,,,,,,"clases={""1"": 37, ""2"": 3, ""3"": 2, ""4"": 8, ""9"": 2}"
A4_prov_2012-2025,A4_prov_2012-2025_max_c677_m0.2_r1.5_e1.6_s1_u0.1,"brecha=P-c(1+m)-S/e; clases 1-4,9",2021,2026,52,,,,,,,"clases={""1"": 35, ""2"": 5, ""3"": 2, ""4"": 8, ""9"": 2}"
A4_prov_2012-2025,A4_prov_2012-2025_max_c677_m0.2_r1.5_e1.6_s1_u0.25,"brecha=P-c(1+m)-S/e; clases 1-4,9",2021,2026,52,,,,,,,"clases={""1"": 32, ""2"": 8, ""3"": 2, ""4"": 8, ""9"": 2}"
A4_prov_2012-2025,A4_prov_2012-2025_max_c677_m0.25_r1.25_e0.8_s0_u0.0,"brecha=P-c(1+m)-S/e; clases 1-4,9",2021,2026,52,,,,,,,"clases={""1"": 34, ""2"": 5, ""3"": 3, ""4"": 8, ""9"": 2}"
A4_prov_2012-2025,A4_prov_2012-2025_max_c677_m0.25_r1.25_e0.8_s0_u0.1,"brecha=P-c(1+m)-S/e; clases 1-4,9",2021,2026,52,,,,,,,"clases={""1"": 32, ""2"": 7, ""3"": 3, ""4"": 8, ""9"": 2}"
A4_prov_2012-2025,A4_prov_2012-2025_max_c677_m0.25_r1.25_e0.8_s0_u0.25,"brecha=P-c(1+m)-S/e; clases 1-4,9",2021,2026,52,,,,,,,"clases={""1"": 28, ""2"": 11, ""3"": 3, ""4"": 8, ""9"": 2}"
A4_prov_2012-2025,A4_prov_2012-2025_max_c677_m0.25_r1.25_e0.8_s1_u0.0,"brecha=P-c(1+m)-S/e; clases 1-4,9",2021,2026,52,,,,,,,"clases={""1"": 33, ""2"": 5, ""3"": 4, ""4"": 8, ""9"": 2}"
A4_prov_2012-2025,A4_prov_2012-2025_max_c677_m0.25_r1.25_e0.8_s1_u0.1,"brecha=P-c(1+m)-S/e; clases 1-4,9",2021,2026,52,,,,,,,"clases={""1"": 31, ""2"": 7, ""3"": 4, ""4"": 8, ""9"": 2}"
A4_prov_2012-2025,A4_prov_2012-2025_max_c677_m0.25_r1.25_e0.8_s1_u0.25,"brecha=P-c(1+m)-S/e; clases 1-4,9",2021,2026,52,,,,,,,"clases={""1"": 28, ""2"": 10, ""3"": 4, ""4"": 8, ""9"": 2}"
A4_prov_2012-2025,A4_prov_2012-2025_max_c677_m0.25_r1.25_e1.2_s0_u0.0,"brecha=P-c(1+m)-S/e; clases 1-4,9",2021,2026,52,,,,,,,"clases={""1"": 34, ""2"": 6, ""3"": 2, ""4"": 8, ""9"": 2}"
A4_prov_2012-2025,A4_prov_2012-2025_max_c677_m0.25_r1.25_e1.2_s0_u0.1,"brecha=P-c(1+m)-S/e; clases 1-4,9",2021,2026,52,,,,,,,"clases={""1"": 32, ""2"": 8, ""3"": 2, ""4"": 8, ""9"": 2}"
A4_prov_2012-2025,A4_prov_2012-2025_max_c677_m0.25_r1.25_e1.2_s0_u0.25,"brecha=P-c(1+m)-S/e; clases 1-4,9",2021,2026,52,,,,,,,"clases={""1"": 28, ""2"": 12, ""3"": 2, ""4"": 8, ""9"": 2}"
A4_prov_2012-2025,A4_prov_2012-2025_max_c677_m0.25_r1.25_e1.2_s1_u0.0,"brecha=P-c(1+m)-S/e; clases 1-4,9",2021,2026,52,,,,,,,"clases={""1"": 33, ""2"": 5, ""3"": 4, ""4"": 8, ""9"": 2}"
A4_prov_2012-2025,A4_prov_2012-2025_max_c677_m0.25_r1.25_e1.2_s1_u0.1,"brecha=P-c(1+m)-S/e; clases 1-4,9",2021,2026,52,,,,,,,"clases={""1"": 31, ""2"": 7, ""3"": 4, ""4"": 8, ""9"": 2}"
A4_prov_2012-2025,A4_prov_2012-2025_max_c677_m0.25_r1.25_e1.2_s1_u0.25,"brecha=P-c(1+m)-S/e; clases 1-4,9",2021,2026,52,,,,,,,"clases={""1"": 27, ""2"": 11, ""3"": 4, ""4"": 8, ""9"": 2}"
A4_prov_2012-2025,A4_prov_2012-2025_max_c677_m0.25_r1.25_e1.6_s0_u0.0,"brecha=P-c(1+m)-S/e; clases 1-4,9",2021,2026,52,,,,,,,"clases={""1"": 35, ""2"": 6, ""3"": 1, ""4"": 8, ""9"": 2}"
A4_prov_2012-2025,A4_prov_2012-2025_max_c677_m0.25_r1.25_e1.6_s0_u0.1,"brecha=P-c(1+m)-S/e; clases 1-4,9",2021,2026,52,,,,,,,"clases={""1"": 33, ""2"": 8, ""3"": 1, ""4"": 8, ""9"": 2}"
A4_prov_2012-2025,A4_prov_2012-2025_max_c677_m0.25_r1.25_e1.6_s0_u0.25,"brecha=P-c(1+m)-S/e; clases 1-4,9",2021,2026,52,,,,,,,"clases={""1"": 29, ""2"": 12, ""3"": 1, ""4"": 8, ""9"": 2}"
A4_prov_2012-2025,A4_prov_2012-2025_max_c677_m0.25_r1.25_e1.6_s1_u0.0,"brecha=P-c(1+m)-S/e; clases 1-4,9",2021,2026,52,,,,,,,"clases={""1"": 34, ""2"": 5, ""3"": 3, ""4"": 8, ""9"": 2}"
A4_prov_2012-2025,A4_prov_2012-2025_max_c677_m0.25_r1.25_e1.6_s1_u0.1,"brecha=P-c(1+m)-S/e; clases 1-4,9",2021,2026,52,,,,,,,"clases={""1"": 32, ""2"": 7, ""3"": 3, ""4"": 8, ""9"": 2}"
A4_prov_2012-2025,A4_prov_2012-2025_max_c677_m0.25_r1.25_e1.6_s1_u0.25,"brecha=P-c(1+m)-S/e; clases 1-4,9",2021,2026,52,,,,,,,"clases={""1"": 28, ""2"": 11, ""3"": 3, ""4"": 8, ""9"": 2}"
A4_prov_2012-2025,A4_prov_2012-2025_max_c677_m0.25_r1.5_e0.8_s0_u0.0,"brecha=P-c(1+m)-S/e; clases 1-4,9",2021,2026,52,,,,,,,"clases={""1"": 37, ""2"": 2, ""3"": 3, ""4"": 8, ""9"": 2}"
A4_prov_2012-2025,A4_prov_2012-2025_max_c677_m0.25_r1.5_e0.8_s0_u0.1,"brecha=P-c(1+m)-S/e; clases 1-4,9",2021,2026,52,,,,,,,"clases={""1"": 35, ""2"": 4, ""3"": 3, ""4"": 8, ""9"": 2}"
A4_prov_2012-2025,A4_prov_2012-2025_max_c677_m0.25_r1.5_e0.8_s0_u0.25,"brecha=P-c(1+m)-S/e; clases 1-4,9",2021,2026,52,,,,,,,"clases={""1"": 33, ""2"": 6, ""3"": 3, ""4"": 8, ""9"": 2}"
A4_prov_2012-2025,A4_prov_2012-2025_max_c677_m0.25_r1.5_e0.8_s1_u0.0,"brecha=P-c(1+m)-S/e; clases 1-4,9",2021,2026,52,,,,,,,"clases={""1"": 36, ""2"": 2, ""3"": 4, ""4"": 8, ""9"": 2}"
A4_prov_2012-2025,A4_prov_2012-2025_max_c677_m0.25_r1.5_e0.8_s1_u0.1,"brecha=P-c(1+m)-S/e; clases 1-4,9",2021,2026,52,,,,,,,"clases={""1"": 34, ""2"": 4, ""3"": 4, ""4"": 8, ""9"": 2}"
A4_prov_2012-2025,A4_prov_2012-2025_max_c677_m0.25_r1.5_e0.8_s1_u0.25,"brecha=P-c(1+m)-S/e; clases 1-4,9",2021,2026,52,,,,,,,"clases={""1"": 33, ""2"": 5, ""3"": 4, ""4"": 8, ""9"": 2}"
A4_prov_2012-2025,A4_prov_2012-2025_max_c677_m0.25_r1.5_e1.2_s0_u0.0,"brecha=P-c(1+m)-S/e; clases 1-4,9",2021,2026,52,,,,,,,"clases={""1"": 36, ""2"": 4, ""3"": 2, ""4"": 8, ""9"": 2}"
A4_prov_2012-2025,A4_prov_2012-2025_max_c677_m0.25_r1.5_e1.2_s0_u0.1,"brecha=P-c(1+m)-S/e; clases 1-4,9",2021,2026,52,,,,,,,"clases={""1"": 34, ""2"": 6, ""3"": 2, ""4"": 8, ""9"": 2}"
A4_prov_2012-2025,A4_prov_2012-2025_max_c677_m0.25_r1.5_e1.2_s0_u0.25,"brecha=P-c(1+m)-S/e; clases 1-4,9",2021,2026,52,,,,,,,"clases={""1"": 30, ""2"": 10, ""3"": 2, ""4"": 8, ""9"": 2}"
A4_prov_2012-2025,A4_prov_2012-2025_max_c677_m0.25_r1.5_e1.2_s1_u0.0,"brecha=P-c(1+m)-S/e; clases 1-4,9",2021,2026,52,,,,,,,"clases={""1"": 35, ""2"": 3, ""3"": 4, ""4"": 8, ""9"": 2}"
A4_prov_2012-2025,A4_prov_2012-2025_max_c677_m0.25_r1.5_e1.2_s1_u0.1,"brecha=P-c(1+m)-S/e; clases 1-4,9",2021,2026,52,,,,,,,"clases={""1"": 33, ""2"": 5, ""3"": 4, ""4"": 8, ""9"": 2}"
A4_prov_2012-2025,A4_prov_2012-2025_max_c677_m0.25_r1.5_e1.2_s1_u0.25,"brecha=P-c(1+m)-S/e; clases 1-4,9",2021,2026,52,,,,,,,"clases={""1"": 31, ""2"": 7, ""3"": 4, ""4"": 8, ""9"": 2}"
A4_prov_2012-2025,A4_prov_2012-2025_max_c677_m0.25_r1.5_e1.6_s0_u0.0,"brecha=P-c(1+m)-S/e; clases 1-4,9",2021,2026,52,,,,,,,"clases={""1"": 37, ""2"": 4, ""3"": 1, ""4"": 8, ""9"": 2}"
A4_prov_2012-2025,A4_prov_2012-2025_max_c677_m0.25_r1.5_e1.6_s0_u0.1,"brecha=P-c(1+m)-S/e; clases 1-4,9",2021,2026,52,,,,,,,"clases={""1"": 35, ""2"": 6, ""3"": 1, ""4"": 8, ""9"": 2}"
A4_prov_2012-2025,A4_prov_2012-2025_max_c677_m0.25_r1.5_e1.6_s0_u0.25,"brecha=P-c(1+m)-S/e; clases 1-4,9",2021,2026,52,,,,,,,"clases={""1"": 31, ""2"": 10, ""3"": 1, ""4"": 8, ""9"": 2}"
A4_prov_2012-2025,A4_prov_2012-2025_max_c677_m0.25_r1.5_e1.6_s1_u0.0,"brecha=P-c(1+m)-S/e; clases 1-4,9",2021,2026,52,,,,,,,"clases={""1"": 36, ""2"": 3, ""3"": 3, ""4"": 8, ""9"": 2}"
A4_prov_2012-2025,A4_prov_2012-2025_max_c677_m0.25_r1.5_e1.6_s1_u0.1,"brecha=P-c(1+m)-S/e; clases 1-4,9",2021,2026,52,,,,,,,"clases={""1"": 34, ""2"": 5, ""3"": 3, ""4"": 8, ""9"": 2}"
A4_prov_2012-2025,A4_prov_2012-2025_max_c677_m0.25_r1.5_e1.6_s1_u0.25,"brecha=P-c(1+m)-S/e; clases 1-4,9",2021,2026,52,,,,,,,"clases={""1"": 31, ""2"": 8, ""3"": 3, ""4"": 8, ""9"": 2}"
A4_prov_2012-2025,A4_prov_2012-2025_max_c805_m0.15_r1.25_e0.8_s0_u0.0,"brecha=P-c(1+m)-S/e; clases 1-4,9",2021,2026,52,,,,,,,"clases={""1"": 36, ""2"": 3, ""3"": 3, ""4"": 8, ""9"": 2}"
A4_prov_2012-2025,A4_prov_2012-2025_max_c805_m0.15_r1.25_e0.8_s0_u0.1,"brecha=P-c(1+m)-S/e; clases 1-4,9",2021,2026,52,,,,,,,"clases={""1"": 34, ""2"": 5, ""3"": 3, ""4"": 8, ""9"": 2}"
A4_prov_2012-2025,A4_prov_2012-2025_max_c805_m0.15_r1.25_e0.8_s0_u0.25,"brecha=P-c(1+m)-S/e; clases 1-4,9",2021,2026,52,,,,,,,"clases={""1"": 32, ""2"": 7, ""3"": 3, ""4"": 8, ""9"": 2}"
A4_prov_2012-2025,A4_prov_2012-2025_max_c805_m0.15_r1.25_e0.8_s1_u0.0,"brecha=P-c(1+m)-S/e; clases 1-4,9",2021,2026,52,,,,,,,"clases={""1"": 33, ""2"": 3, ""3"": 6, ""4"": 8, ""9"": 2}"
A4_prov_2012-2025,A4_prov_2012-2025_max_c805_m0.15_r1.25_e0.8_s1_u0.1,"brecha=P-c(1+m)-S/e; clases 1-4,9",2021,2026,52,,,,,,,"clases={""1"": 31, ""2"": 5, ""3"": 6, ""4"": 8, ""9"": 2}"
A4_prov_2012-2025,A4_prov_2012-2025_max_c805_m0.15_r1.25_e0.8_s1_u0.25,"brecha=P-c(1+m)-S/e; clases 1-4,9",2021,2026,52,,,,,,,"clases={""1"": 29, ""2"": 7, ""3"": 6, ""4"": 8, ""9"": 2}"
A4_prov_2012-2025,A4_prov_2012-2025_max_c805_m0.15_r1.25_e1.2_s0_u0.0,"brecha=P-c(1+m)-S/e; clases 1-4,9",2021,2026,52,,,,,,,"clases={""1"": 34, ""2"": 5, ""3"": 3, ""4"": 8, ""9"": 2}"
A4_prov_2012-2025,A4_prov_2012-2025_max_c805_m0.15_r1.25_e1.2_s0_u0.1,"brecha=P-c(1+m)-S/e; clases 1-4,9",2021,2026,52,,,,,,,"clases={""1"": 32, ""2"": 7, ""3"": 3, ""4"": 8, ""9"": 2}"
A4_prov_2012-2025,A4_prov_2012-2025_max_c805_m0.15_r1.25_e1.2_s0_u0.25,"brecha=P-c(1+m)-S/e; clases 1-4,9",2021,2026,52,,,,,,,"clases={""1"": 28, ""2"": 11, ""3"": 3, ""4"": 8, ""9"": 2}"
A4_prov_2012-2025,A4_prov_2012-2025_max_c805_m0.15_r1.25_e1.2_s1_u0.0,"brecha=P-c(1+m)-S/e; clases 1-4,9",2021,2026,52,,,,,,,"clases={""1"": 34, ""2"": 4, ""3"": 4, ""4"": 8, ""9"": 2}"
A4_prov_2012-2025,A4_prov_2012-2025_max_c805_m0.15_r1.25_e1.2_s1_u0.1,"brecha=P-c(1+m)-S/e; clases 1-4,9",2021,2026,52,,,,,,,"clases={""1"": 32, ""2"": 6, ""3"": 4, ""4"": 8, ""9"": 2}"
A4_prov_2012-2025,A4_prov_2012-2025_max_c805_m0.15_r1.25_e1.2_s1_u0.25,"brecha=P-c(1+m)-S/e; clases 1-4,9",2021,2026,52,,,,,,,"clases={""1"": 29, ""2"": 9, ""3"": 4, ""4"": 8, ""9"": 2}"
A4_prov_2012-2025,A4_prov_2012-2025_max_c805_m0.15_r1.25_e1.6_s0_u0.0,"brecha=P-c(1+m)-S/e; clases 1-4,9",2021,2026,52,,,,,,,"clases={""1"": 34, ""2"": 5, ""3"": 3, ""4"": 8, ""9"": 2}"
A4_prov_2012-2025,A4_prov_2012-2025_max_c805_m0.15_r1.25_e1.6_s0_u0.1,"brecha=P-c(1+m)-S/e; clases 1-4,9",2021,2026,52,,,,,,,"clases={""1"": 32, ""2"": 7, ""3"": 3, ""4"": 8, ""9"": 2}"
A4_prov_2012-2025,A4_prov_2012-2025_max_c805_m0.15_r1.25_e1.6_s0_u0.25,"brecha=P-c(1+m)-S/e; clases 1-4,9",2021,2026,52,,,,,,,"clases={""1"": 28, ""2"": 11, ""3"": 3, ""4"": 8, ""9"": 2}"
A4_prov_2012-2025,A4_prov_2012-2025_max_c805_m0.15_r1.25_e1.6_s1_u0.0,"brecha=P-c(1+m)-S/e; clases 1-4,9",2021,2026,52,,,,,,,"clases={""1"": 33, ""2"": 5, ""3"": 4, ""4"": 8, ""9"": 2}"
A4_prov_2012-2025,A4_prov_2012-2025_max_c805_m0.15_r1.25_e1.6_s1_u0.1,"brecha=P-c(1+m)-S/e; clases 1-4,9",2021,2026,52,,,,,,,"clases={""1"": 31, ""2"": 7, ""3"": 4, ""4"": 8, ""9"": 2}"
A4_prov_2012-2025,A4_prov_2012-2025_max_c805_m0.15_r1.25_e1.6_s1_u0.25,"brecha=P-c(1+m)-S/e; clases 1-4,9",2021,2026,52,,,,,,,"clases={""1"": 27, ""2"": 11, ""3"": 4, ""4"": 8, ""9"": 2}"
A4_prov_2012-2025,A4_prov_2012-2025_max_c805_m0.15_r1.5_e0.8_s0_u0.0,"brecha=P-c(1+m)-S/e; clases 1-4,9",2021,2026,52,,,,,,,"clases={""1"": 37, ""2"": 2, ""3"": 3, ""4"": 8, ""9"": 2}"
A4_prov_2012-2025,A4_prov_2012-2025_max_c805_m0.15_r1.5_e0.8_s0_u0.1,"brecha=P-c(1+m)-S/e; clases 1-4,9",2021,2026,52,,,,,,,"clases={""1"": 35, ""2"": 4, ""3"": 3, ""4"": 8, ""9"": 2}"
A4_prov_2012-2025,A4_prov_2012-2025_max_c805_m0.15_r1.5_e0.8_s0_u0.25,"brecha=P-c(1+m)-S/e; clases 1-4,9",2021,2026,52,,,,,,,"clases={""1"": 33, ""2"": 6, ""3"": 3, ""4"": 8, ""9"": 2}"
A4_prov_2012-2025,A4_prov_2012-2025_max_c805_m0.15_r1.5_e0.8_s1_u0.0,"brecha=P-c(1+m)-S/e; clases 1-4,9",2021,2026,52,,,,,,,"clases={""1"": 34, ""2"": 2, ""3"": 6, ""4"": 8, ""9"": 2}"
A4_prov_2012-2025,A4_prov_2012-2025_max_c805_m0.15_r1.5_e0.8_s1_u0.1,"brecha=P-c(1+m)-S/e; clases 1-4,9",2021,2026,52,,,,,,,"clases={""1"": 32, ""2"": 4, ""3"": 6, ""4"": 8, ""9"": 2}"
A4_prov_2012-2025,A4_prov_2012-2025_max_c805_m0.15_r1.5_e0.8_s1_u0.25,"brecha=P-c(1+m)-S/e; clases 1-4,9",2021,2026,52,,,,,,,"clases={""1"": 31, ""2"": 5, ""3"": 6, ""4"": 8, ""9"": 2}"
A4_prov_2012-2025,A4_prov_2012-2025_max_c805_m0.15_r1.5_e1.2_s0_u0.0,"brecha=P-c(1+m)-S/e; clases 1-4,9",2021,2026,52,,,,,,,"clases={""1"": 37, ""2"": 2, ""3"": 3, ""4"": 8, ""9"": 2}"
A4_prov_2012-2025,A4_prov_2012-2025_max_c805_m0.15_r1.5_e1.2_s0_u0.1,"brecha=P-c(1+m)-S/e; clases 1-4,9",2021,2026,52,,,,,,,"clases={""1"": 35, ""2"": 4, ""3"": 3, ""4"": 8, ""9"": 2}"
A4_prov_2012-2025,A4_prov_2012-2025_max_c805_m0.15_r1.5_e1.2_s0_u0.25,"brecha=P-c(1+m)-S/e; clases 1-4,9",2021,2026,52,,,,,,,"clases={""1"": 33, ""2"": 6, ""3"": 3, ""4"": 8, ""9"": 2}"
A4_prov_2012-2025,A4_prov_2012-2025_max_c805_m0.15_r1.5_e1.2_s1_u0.0,"brecha=P-c(1+m)-S/e; clases 1-4,9",2021,2026,52,,,,,,,"clases={""1"": 36, ""2"": 2, ""3"": 4, ""4"": 8, ""9"": 2}"
A4_prov_2012-2025,A4_prov_2012-2025_max_c805_m0.15_r1.5_e1.2_s1_u0.1,"brecha=P-c(1+m)-S/e; clases 1-4,9",2021,2026,52,,,,,,,"clases={""1"": 34, ""2"": 4, ""3"": 4, ""4"": 8, ""9"": 2}"
A4_prov_2012-2025,A4_prov_2012-2025_max_c805_m0.15_r1.5_e1.2_s1_u0.25,"brecha=P-c(1+m)-S/e; clases 1-4,9",2021,2026,52,,,,,,,"clases={""1"": 33, ""2"": 5, ""3"": 4, ""4"": 8, ""9"": 2}"
A4_prov_2012-2025,A4_prov_2012-2025_max_c805_m0.15_r1.5_e1.6_s0_u0.0,"brecha=P-c(1+m)-S/e; clases 1-4,9",2021,2026,52,,,,,,,"clases={""1"": 37, ""2"": 2, ""3"": 3, ""4"": 8, ""9"": 2}"
A4_prov_2012-2025,A4_prov_2012-2025_max_c805_m0.15_r1.5_e1.6_s0_u0.1,"brecha=P-c(1+m)-S/e; clases 1-4,9",2021,2026,52,,,,,,,"clases={""1"": 35, ""2"": 4, ""3"": 3, ""4"": 8, ""9"": 2}"
A4_prov_2012-2025,A4_prov_2012-2025_max_c805_m0.15_r1.5_e1.6_s0_u0.25,"brecha=P-c(1+m)-S/e; clases 1-4,9",2021,2026,52,,,,,,,"clases={""1"": 33, ""2"": 6, ""3"": 3, ""4"": 8, ""9"": 2}"
A4_prov_2012-2025,A4_prov_2012-2025_max_c805_m0.15_r1.5_e1.6_s1_u0.0,"brecha=P-c(1+m)-S/e; clases 1-4,9",2021,2026,52,,,,,,,"clases={""1"": 36, ""2"": 2, ""3"": 4, ""4"": 8, ""9"": 2}"
A4_prov_2012-2025,A4_prov_2012-2025_max_c805_m0.15_r1.5_e1.6_s1_u0.1,"brecha=P-c(1+m)-S/e; clases 1-4,9",2021,2026,52,,,,,,,"clases={""1"": 34, ""2"": 4, ""3"": 4, ""4"": 8, ""9"": 2}"
A4_prov_2012-2025,A4_prov_2012-2025_max_c805_m0.15_r1.5_e1.6_s1_u0.25,"brecha=P-c(1+m)-S/e; clases 1-4,9",2021,2026,52,,,,,,,"clases={""1"": 33, ""2"": 5, ""3"": 4, ""4"": 8, ""9"": 2}"
A4_prov_2012-2025,A4_prov_2012-2025_max_c805_m0.2_r1.25_e0.8_s0_u0.0,"brecha=P-c(1+m)-S/e; clases 1-4,9",2021,2026,52,,,,,,,"clases={""1"": 36, ""2"": 3, ""3"": 3, ""4"": 8, ""9"": 2}"
A4_prov_2012-2025,A4_prov_2012-2025_max_c805_m0.2_r1.25_e0.8_s0_u0.1,"brecha=P-c(1+m)-S/e; clases 1-4,9",2021,2026,52,,,,,,,"clases={""1"": 34, ""2"": 5, ""3"": 3, ""4"": 8, ""9"": 2}"
A4_prov_2012-2025,A4_prov_2012-2025_max_c805_m0.2_r1.25_e0.8_s0_u0.25,"brecha=P-c(1+m)-S/e; clases 1-4,9",2021,2026,52,,,,,,,"clases={""1"": 32, ""2"": 7, ""3"": 3, ""4"": 8, ""9"": 2}"
A4_prov_2012-2025,A4_prov_2012-2025_max_c805_m0.2_r1.25_e0.8_s1_u0.0,"brecha=P-c(1+m)-S/e; clases 1-4,9",2021,2026,52,,,,,,,"clases={""1"": 31, ""2"": 3, ""3"": 8, ""4"": 8, ""9"": 2}"
A4_prov_2012-2025,A4_prov_2012-2025_max_c805_m0.2_r1.25_e0.8_s1_u0.1,"brecha=P-c(1+m)-S/e; clases 1-4,9",2021,2026,52,,,,,,,"clases={""1"": 29, ""2"": 5, ""3"": 8, ""4"": 8, ""9"": 2}"
A4_prov_2012-2025,A4_prov_2012-2025_max_c805_m0.2_r1.25_e0.8_s1_u0.25,"brecha=P-c(1+m)-S/e; clases 1-4,9",2021,2026,52,,,,,,,"clases={""1"": 27, ""2"": 7, ""3"": 8, ""4"": 8, ""9"": 2}"
A4_prov_2012-2025,A4_prov_2012-2025_max_c805_m0.2_r1.25_e1.2_s0_u0.0,"brecha=P-c(1+m)-S/e; clases 1-4,9",2021,2026,52,,,,,,,"clases={""1"": 34, ""2"": 5, ""3"": 3, ""4"": 8, ""9"": 2}"
A4_prov_2012-2025,A4_prov_2012-2025_max_c805_m0.2_r1.25_e1.2_s0_u0.1,"brecha=P-c(1+m)-S/e; clases 1-4,9",2021,2026,52,,,,,,,"clases={""1"": 32, ""2"": 7, ""3"": 3, ""4"": 8, ""9"": 2}"
A4_prov_2012-2025,A4_prov_2012-2025_max_c805_m0.2_r1.25_e1.2_s0_u0.25,"brecha=P-c(1+m)-S/e; clases 1-4,9",2021,2026,52,,,,,,,"clases={""1"": 28, ""2"": 11, ""3"": 3, ""4"": 8, ""9"": 2}"
A4_prov_2012-2025,A4_prov_2012-2025_max_c805_m0.2_r1.25_e1.2_s1_u0.0,"brecha=P-c(1+m)-S/e; clases 1-4,9",2021,2026,52,,,,,,,"clases={""1"": 34, ""2"": 4, ""3"": 4, ""4"": 8, ""9"": 2}"
A4_prov_2012-2025,A4_prov_2012-2025_max_c805_m0.2_r1.25_e1.2_s1_u0.1,"brecha=P-c(1+m)-S/e; clases 1-4,9",2021,2026,52,,,,,,,"clases={""1"": 32, ""2"": 6, ""3"": 4, ""4"": 8, ""9"": 2}"
A4_prov_2012-2025,A4_prov_2012-2025_max_c805_m0.2_r1.25_e1.2_s1_u0.25,"brecha=P-c(1+m)-S/e; clases 1-4,9",2021,2026,52,,,,,,,"clases={""1"": 29, ""2"": 9, ""3"": 4, ""4"": 8, ""9"": 2}"
A4_prov_2012-2025,A4_prov_2012-2025_max_c805_m0.2_r1.25_e1.6_s0_u0.0,"brecha=P-c(1+m)-S/e; clases 1-4,9",2021,2026,52,,,,,,,"clases={""1"": 34, ""2"": 5, ""3"": 3, ""4"": 8, ""9"": 2}"
A4_prov_2012-2025,A4_prov_2012-2025_max_c805_m0.2_r1.25_e1.6_s0_u0.1,"brecha=P-c(1+m)-S/e; clases 1-4,9",2021,2026,52,,,,,,,"clases={""1"": 32, ""2"": 7, ""3"": 3, ""4"": 8, ""9"": 2}"
A4_prov_2012-2025,A4_prov_2012-2025_max_c805_m0.2_r1.25_e1.6_s0_u0.25,"brecha=P-c(1+m)-S/e; clases 1-4,9",2021,2026,52,,,,,,,"clases={""1"": 28, ""2"": 11, ""3"": 3, ""4"": 8, ""9"": 2}"
A4_prov_2012-2025,A4_prov_2012-2025_max_c805_m0.2_r1.25_e1.6_s1_u0.0,"brecha=P-c(1+m)-S/e; clases 1-4,9",2021,2026,52,,,,,,,"clases={""1"": 33, ""2"": 5, ""3"": 4, ""4"": 8, ""9"": 2}"
A4_prov_2012-2025,A4_prov_2012-2025_max_c805_m0.2_r1.25_e1.6_s1_u0.1,"brecha=P-c(1+m)-S/e; clases 1-4,9",2021,2026,52,,,,,,,"clases={""1"": 31, ""2"": 7, ""3"": 4, ""4"": 8, ""9"": 2}"
A4_prov_2012-2025,A4_prov_2012-2025_max_c805_m0.2_r1.25_e1.6_s1_u0.25,"brecha=P-c(1+m)-S/e; clases 1-4,9",2021,2026,52,,,,,,,"clases={""1"": 27, ""2"": 11, ""3"": 4, ""4"": 8, ""9"": 2}"
A4_prov_2012-2025,A4_prov_2012-2025_max_c805_m0.2_r1.5_e0.8_s0_u0.0,"brecha=P-c(1+m)-S/e; clases 1-4,9",2021,2026,52,,,,,,,"clases={""1"": 37, ""2"": 2, ""3"": 3, ""4"": 8, ""9"": 2}"
A4_prov_2012-2025,A4_prov_2012-2025_max_c805_m0.2_r1.5_e0.8_s0_u0.1,"brecha=P-c(1+m)-S/e; clases 1-4,9",2021,2026,52,,,,,,,"clases={""1"": 35, ""2"": 4, ""3"": 3, ""4"": 8, ""9"": 2}"
A4_prov_2012-2025,A4_prov_2012-2025_max_c805_m0.2_r1.5_e0.8_s0_u0.25,"brecha=P-c(1+m)-S/e; clases 1-4,9",2021,2026,52,,,,,,,"clases={""1"": 33, ""2"": 6, ""3"": 3, ""4"": 8, ""9"": 2}"
A4_prov_2012-2025,A4_prov_2012-2025_max_c805_m0.2_r1.5_e0.8_s1_u0.0,"brecha=P-c(1+m)-S/e; clases 1-4,9",2021,2026,52,,,,,,,"clases={""1"": 32, ""2"": 2, ""3"": 8, ""4"": 8, ""9"": 2}"
A4_prov_2012-2025,A4_prov_2012-2025_max_c805_m0.2_r1.5_e0.8_s1_u0.1,"brecha=P-c(1+m)-S/e; clases 1-4,9",2021,2026,52,,,,,,,"clases={""1"": 30, ""2"": 4, ""3"": 8, ""4"": 8, ""9"": 2}"
A4_prov_2012-2025,A4_prov_2012-2025_max_c805_m0.2_r1.5_e0.8_s1_u0.25,"brecha=P-c(1+m)-S/e; clases 1-4,9",2021,2026,52,,,,,,,"clases={""1"": 29, ""2"": 5, ""3"": 8, ""4"": 8, ""9"": 2}"
A4_prov_2012-2025,A4_prov_2012-2025_max_c805_m0.2_r1.5_e1.2_s0_u0.0,"brecha=P-c(1+m)-S/e; clases 1-4,9",2021,2026,52,,,,,,,"clases={""1"": 37, ""2"": 2, ""3"": 3, ""4"": 8, ""9"": 2}"
A4_prov_2012-2025,A4_prov_2012-2025_max_c805_m0.2_r1.5_e1.2_s0_u0.1,"brecha=P-c(1+m)-S/e; clases 1-4,9",2021,2026,52,,,,,,,"clases={""1"": 35, ""2"": 4, ""3"": 3, ""4"": 8, ""9"": 2}"
A4_prov_2012-2025,A4_prov_2012-2025_max_c805_m0.2_r1.5_e1.2_s0_u0.25,"brecha=P-c(1+m)-S/e; clases 1-4,9",2021,2026,52,,,,,,,"clases={""1"": 33, ""2"": 6, ""3"": 3, ""4"": 8, ""9"": 2}"
A4_prov_2012-2025,A4_prov_2012-2025_max_c805_m0.2_r1.5_e1.2_s1_u0.0,"brecha=P-c(1+m)-S/e; clases 1-4,9",2021,2026,52,,,,,,,"clases={""1"": 36, ""2"": 2, ""3"": 4, ""4"": 8, ""9"": 2}"
A4_prov_2012-2025,A4_prov_2012-2025_max_c805_m0.2_r1.5_e1.2_s1_u0.1,"brecha=P-c(1+m)-S/e; clases 1-4,9",2021,2026,52,,,,,,,"clases={""1"": 34, ""2"": 4, ""3"": 4, ""4"": 8, ""9"": 2}"
A4_prov_2012-2025,A4_prov_2012-2025_max_c805_m0.2_r1.5_e1.2_s1_u0.25,"brecha=P-c(1+m)-S/e; clases 1-4,9",2021,2026,52,,,,,,,"clases={""1"": 33, ""2"": 5, ""3"": 4, ""4"": 8, ""9"": 2}"
A4_prov_2012-2025,A4_prov_2012-2025_max_c805_m0.2_r1.5_e1.6_s0_u0.0,"brecha=P-c(1+m)-S/e; clases 1-4,9",2021,2026,52,,,,,,,"clases={""1"": 37, ""2"": 2, ""3"": 3, ""4"": 8, ""9"": 2}"
A4_prov_2012-2025,A4_prov_2012-2025_max_c805_m0.2_r1.5_e1.6_s0_u0.1,"brecha=P-c(1+m)-S/e; clases 1-4,9",2021,2026,52,,,,,,,"clases={""1"": 35, ""2"": 4, ""3"": 3, ""4"": 8, ""9"": 2}"
A4_prov_2012-2025,A4_prov_2012-2025_max_c805_m0.2_r1.5_e1.6_s0_u0.25,"brecha=P-c(1+m)-S/e; clases 1-4,9",2021,2026,52,,,,,,,"clases={""1"": 33, ""2"": 6, ""3"": 3, ""4"": 8, ""9"": 2}"
A4_prov_2012-2025,A4_prov_2012-2025_max_c805_m0.2_r1.5_e1.6_s1_u0.0,"brecha=P-c(1+m)-S/e; clases 1-4,9",2021,2026,52,,,,,,,"clases={""1"": 36, ""2"": 2, ""3"": 4, ""4"": 8, ""9"": 2}"
A4_prov_2012-2025,A4_prov_2012-2025_max_c805_m0.2_r1.5_e1.6_s1_u0.1,"brecha=P-c(1+m)-S/e; clases 1-4,9",2021,2026,52,,,,,,,"clases={""1"": 34, ""2"": 4, ""3"": 4, ""4"": 8, ""9"": 2}"
A4_prov_2012-2025,A4_prov_2012-2025_max_c805_m0.2_r1.5_e1.6_s1_u0.25,"brecha=P-c(1+m)-S/e; clases 1-4,9",2021,2026,52,,,,,,,"clases={""1"": 33, ""2"": 5, ""3"": 4, ""4"": 8, ""9"": 2}"
A4_prov_2012-2025,A4_prov_2012-2025_max_c805_m0.25_r1.25_e0.8_s0_u0.0,"brecha=P-c(1+m)-S/e; clases 1-4,9",2021,2026,52,,,,,,,"clases={""1"": 34, ""2"": 3, ""3"": 5, ""4"": 8, ""9"": 2}"
A4_prov_2012-2025,A4_prov_2012-2025_max_c805_m0.25_r1.25_e0.8_s0_u0.1,"brecha=P-c(1+m)-S/e; clases 1-4,9",2021,2026,52,,,,,,,"clases={""1"": 32, ""2"": 5, ""3"": 5, ""4"": 8, ""9"": 2}"
A4_prov_2012-2025,A4_prov_2012-2025_max_c805_m0.25_r1.25_e0.8_s0_u0.25,"brecha=P-c(1+m)-S/e; clases 1-4,9",2021,2026,52,,,,,,,"clases={""1"": 30, ""2"": 7, ""3"": 5, ""4"": 8, ""9"": 2}"
A4_prov_2012-2025,A4_prov_2012-2025_max_c805_m0.25_r1.25_e0.8_s1_u0.0,"brecha=P-c(1+m)-S/e; clases 1-4,9",2021,2026,52,,,,,,,"clases={""1"": 29, ""2"": 3, ""3"": 10, ""4"": 8, ""9"": 2}"
A4_prov_2012-2025,A4_prov_2012-2025_max_c805_m0.25_r1.25_e0.8_s1_u0.1,"brecha=P-c(1+m)-S/e; clases 1-4,9",2021,2026,52,,,,,,,"clases={""1"": 27, ""2"": 5, ""3"": 10, ""4"": 8, ""9"": 2}"
A4_prov_2012-2025,A4_prov_2012-2025_max_c805_m0.25_r1.25_e0.8_s1_u0.25,"brecha=P-c(1+m)-S/e; clases 1-4,9",2021,2026,52,,,,,,,"clases={""1"": 25, ""2"": 7, ""3"": 10, ""4"": 8, ""9"": 2}"
A4_prov_2012-2025,A4_prov_2012-2025_max_c805_m0.25_r1.25_e1.2_s0_u0.0,"brecha=P-c(1+m)-S/e; clases 1-4,9",2021,2026,52,,,,,,,"clases={""1"": 33, ""2"": 5, ""3"": 4, ""4"": 8, ""9"": 2}"
A4_prov_2012-2025,A4_prov_2012-2025_max_c805_m0.25_r1.25_e1.2_s0_u0.1,"brecha=P-c(1+m)-S/e; clases 1-4,9",2021,2026,52,,,,,,,"clases={""1"": 31, ""2"": 7, ""3"": 4, ""4"": 8, ""9"": 2}"
A4_prov_2012-2025,A4_prov_2012-2025_max_c805_m0.25_r1.25_e1.2_s0_u0.25,"brecha=P-c(1+m)-S/e; clases 1-4,9",2021,2026,52,,,,,,,"clases={""1"": 27, ""2"": 11, ""3"": 4, ""4"": 8, ""9"": 2}"
A4_prov_2012-2025,A4_prov_2012-2025_max_c805_m0.25_r1.25_e1.2_s1_u0.0,"brecha=P-c(1+m)-S/e; clases 1-4,9",2021,2026,52,,,,,,,"clases={""1"": 33, ""2"": 4, ""3"": 5, ""4"": 8, ""9"": 2}"
A4_prov_2012-2025,A4_prov_2012-2025_max_c805_m0.25_r1.25_e1.2_s1_u0.1,"brecha=P-c(1+m)-S/e; clases 1-4,9",2021,2026,52,,,,,,,"clases={""1"": 31, ""2"": 6, ""3"": 5, ""4"": 8, ""9"": 2}"
A4_prov_2012-2025,A4_prov_2012-2025_max_c805_m0.25_r1.25_e1.2_s1_u0.25,"brecha=P-c(1+m)-S/e; clases 1-4,9",2021,2026,52,,,,,,,"clases={""1"": 28, ""2"": 9, ""3"": 5, ""4"": 8, ""9"": 2}"
A4_prov_2012-2025,A4_prov_2012-2025_max_c805_m0.25_r1.25_e1.6_s0_u0.0,"brecha=P-c(1+m)-S/e; clases 1-4,9",2021,2026,52,,,,,,,"clases={""1"": 34, ""2"": 5, ""3"": 3, ""4"": 8, ""9"": 2}"
A4_prov_2012-2025,A4_prov_2012-2025_max_c805_m0.25_r1.25_e1.6_s0_u0.1,"brecha=P-c(1+m)-S/e; clases 1-4,9",2021,2026,52,,,,,,,"clases={""1"": 32, ""2"": 7, ""3"": 3, ""4"": 8, ""9"": 2}"
A4_prov_2012-2025,A4_prov_2012-2025_max_c805_m0.25_r1.25_e1.6_s0_u0.25,"brecha=P-c(1+m)-S/e; clases 1-4,9",2021,2026,52,,,,,,,"clases={""1"": 28, ""2"": 11, ""3"": 3, ""4"": 8, ""9"": 2}"
A4_prov_2012-2025,A4_prov_2012-2025_max_c805_m0.25_r1.25_e1.6_s1_u0.0,"brecha=P-c(1+m)-S/e; clases 1-4,9",2021,2026,52,,,,,,,"clases={""1"": 33, ""2"": 5, ""3"": 4, ""4"": 8, ""9"": 2}"
A4_prov_2012-2025,A4_prov_2012-2025_max_c805_m0.25_r1.25_e1.6_s1_u0.1,"brecha=P-c(1+m)-S/e; clases 1-4,9",2021,2026,52,,,,,,,"clases={""1"": 31, ""2"": 7, ""3"": 4, ""4"": 8, ""9"": 2}"
A4_prov_2012-2025,A4_prov_2012-2025_max_c805_m0.25_r1.25_e1.6_s1_u0.25,"brecha=P-c(1+m)-S/e; clases 1-4,9",2021,2026,52,,,,,,,"clases={""1"": 27, ""2"": 11, ""3"": 4, ""4"": 8, ""9"": 2}"
A4_prov_2012-2025,A4_prov_2012-2025_max_c805_m0.25_r1.5_e0.8_s0_u0.0,"brecha=P-c(1+m)-S/e; clases 1-4,9",2021,2026,52,,,,,,,"clases={""1"": 35, ""2"": 2, ""3"": 5, ""4"": 8, ""9"": 2}"
A4_prov_2012-2025,A4_prov_2012-2025_max_c805_m0.25_r1.5_e0.8_s0_u0.1,"brecha=P-c(1+m)-S/e; clases 1-4,9",2021,2026,52,,,,,,,"clases={""1"": 33, ""2"": 4, ""3"": 5, ""4"": 8, ""9"": 2}"
A4_prov_2012-2025,A4_prov_2012-2025_max_c805_m0.25_r1.5_e0.8_s0_u0.25,"brecha=P-c(1+m)-S/e; clases 1-4,9",2021,2026,52,,,,,,,"clases={""1"": 31, ""2"": 6, ""3"": 5, ""4"": 8, ""9"": 2}"
A4_prov_2012-2025,A4_prov_2012-2025_max_c805_m0.25_r1.5_e0.8_s1_u0.0,"brecha=P-c(1+m)-S/e; clases 1-4,9",2021,2026,52,,,,,,,"clases={""1"": 30, ""2"": 2, ""3"": 10, ""4"": 8, ""9"": 2}"
A4_prov_2012-2025,A4_prov_2012-2025_max_c805_m0.25_r1.5_e0.8_s1_u0.1,"brecha=P-c(1+m)-S/e; clases 1-4,9",2021,2026,52,,,,,,,"clases={""1"": 28, ""2"": 4, ""3"": 10, ""4"": 8, ""9"": 2}"
A4_prov_2012-2025,A4_prov_2012-2025_max_c805_m0.25_r1.5_e0.8_s1_u0.25,"brecha=P-c(1+m)-S/e; clases 1-4,9",2021,2026,52,,,,,,,"clases={""1"": 27, ""2"": 5, ""3"": 10, ""4"": 8, ""9"": 2}"
A4_prov_2012-2025,A4_prov_2012-2025_max_c805_m0.25_r1.5_e1.2_s0_u0.0,"brecha=P-c(1+m)-S/e; clases 1-4,9",2021,2026,52,,,,,,,"clases={""1"": 36, ""2"": 2, ""3"": 4, ""4"": 8, ""9"": 2}"
A4_prov_2012-2025,A4_prov_2012-2025_max_c805_m0.25_r1.5_e1.2_s0_u0.1,"brecha=P-c(1+m)-S/e; clases 1-4,9",2021,2026,52,,,,,,,"clases={""1"": 34, ""2"": 4, ""3"": 4, ""4"": 8, ""9"": 2}"
A4_prov_2012-2025,A4_prov_2012-2025_max_c805_m0.25_r1.5_e1.2_s0_u0.25,"brecha=P-c(1+m)-S/e; clases 1-4,9",2021,2026,52,,,,,,,"clases={""1"": 32, ""2"": 6, ""3"": 4, ""4"": 8, ""9"": 2}"
A4_prov_2012-2025,A4_prov_2012-2025_max_c805_m0.25_r1.5_e1.2_s1_u0.0,"brecha=P-c(1+m)-S/e; clases 1-4,9",2021,2026,52,,,,,,,"clases={""1"": 35, ""2"": 2, ""3"": 5, ""4"": 8, ""9"": 2}"
A4_prov_2012-2025,A4_prov_2012-2025_max_c805_m0.25_r1.5_e1.2_s1_u0.1,"brecha=P-c(1+m)-S/e; clases 1-4,9",2021,2026,52,,,,,,,"clases={""1"": 33, ""2"": 4, ""3"": 5, ""4"": 8, ""9"": 2}"
A4_prov_2012-2025,A4_prov_2012-2025_max_c805_m0.25_r1.5_e1.2_s1_u0.25,"brecha=P-c(1+m)-S/e; clases 1-4,9",2021,2026,52,,,,,,,"clases={""1"": 32, ""2"": 5, ""3"": 5, ""4"": 8, ""9"": 2}"
A4_prov_2012-2025,A4_prov_2012-2025_max_c805_m0.25_r1.5_e1.6_s0_u0.0,"brecha=P-c(1+m)-S/e; clases 1-4,9",2021,2026,52,,,,,,,"clases={""1"": 37, ""2"": 2, ""3"": 3, ""4"": 8, ""9"": 2}"
A4_prov_2012-2025,A4_prov_2012-2025_max_c805_m0.25_r1.5_e1.6_s0_u0.1,"brecha=P-c(1+m)-S/e; clases 1-4,9",2021,2026,52,,,,,,,"clases={""1"": 35, ""2"": 4, ""3"": 3, ""4"": 8, ""9"": 2}"
A4_prov_2012-2025,A4_prov_2012-2025_max_c805_m0.25_r1.5_e1.6_s0_u0.25,"brecha=P-c(1+m)-S/e; clases 1-4,9",2021,2026,52,,,,,,,"clases={""1"": 33, ""2"": 6, ""3"": 3, ""4"": 8, ""9"": 2}"
A4_prov_2012-2025,A4_prov_2012-2025_max_c805_m0.25_r1.5_e1.6_s1_u0.0,"brecha=P-c(1+m)-S/e; clases 1-4,9",2021,2026,52,,,,,,,"clases={""1"": 36, ""2"": 2, ""3"": 4, ""4"": 8, ""9"": 2}"
A4_prov_2012-2025,A4_prov_2012-2025_max_c805_m0.25_r1.5_e1.6_s1_u0.1,"brecha=P-c(1+m)-S/e; clases 1-4,9",2021,2026,52,,,,,,,"clases={""1"": 34, ""2"": 4, ""3"": 4, ""4"": 8, ""9"": 2}"
A4_prov_2012-2025,A4_prov_2012-2025_max_c805_m0.25_r1.5_e1.6_s1_u0.25,"brecha=P-c(1+m)-S/e; clases 1-4,9",2021,2026,52,,,,,,,"clases={""1"": 33, ""2"": 5, ""3"": 4, ""4"": 8, ""9"": 2}"
A4_prov_2012-2025,A4_prov_2012-2025_max_c932_m0.15_r1.25_e0.8_s0_u0.0,"brecha=P-c(1+m)-S/e; clases 1-4,9",2021,2026,52,,,,,,,"clases={""1"": 28, ""2"": 2, ""3"": 12, ""4"": 8, ""9"": 2}"
A4_prov_2012-2025,A4_prov_2012-2025_max_c932_m0.15_r1.25_e0.8_s0_u0.1,"brecha=P-c(1+m)-S/e; clases 1-4,9",2021,2026,52,,,,,,,"clases={""1"": 26, ""2"": 4, ""3"": 12, ""4"": 8, ""9"": 2}"
A4_prov_2012-2025,A4_prov_2012-2025_max_c932_m0.15_r1.25_e0.8_s0_u0.25,"brecha=P-c(1+m)-S/e; clases 1-4,9",2021,2026,52,,,,,,,"clases={""1"": 24, ""2"": 6, ""3"": 12, ""4"": 8, ""9"": 2}"
A4_prov_2012-2025,A4_prov_2012-2025_max_c932_m0.15_r1.25_e0.8_s1_u0.0,"brecha=P-c(1+m)-S/e; clases 1-4,9",2021,2026,52,,,,,,,"clases={""1"": 27, ""2"": 2, ""3"": 13, ""4"": 8, ""9"": 2}"
A4_prov_2012-2025,A4_prov_2012-2025_max_c932_m0.15_r1.25_e0.8_s1_u0.1,"brecha=P-c(1+m)-S/e; clases 1-4,9",2021,2026,52,,,,,,,"clases={""1"": 25, ""2"": 4, ""3"": 13, ""4"": 8, ""9"": 2}"
A4_prov_2012-2025,A4_prov_2012-2025_max_c932_m0.15_r1.25_e0.8_s1_u0.25,"brecha=P-c(1+m)-S/e; clases 1-4,9",2021,2026,52,,,,,,,"clases={""1"": 24, ""2"": 5, ""3"": 13, ""4"": 8, ""9"": 2}"
A4_prov_2012-2025,A4_prov_2012-2025_max_c932_m0.15_r1.25_e1.2_s0_u0.0,"brecha=P-c(1+m)-S/e; clases 1-4,9",2021,2026,52,,,,,,,"clases={""1"": 34, ""2"": 2, ""3"": 6, ""4"": 8, ""9"": 2}"
A4_prov_2012-2025,A4_prov_2012-2025_max_c932_m0.15_r1.25_e1.2_s0_u0.1,"brecha=P-c(1+m)-S/e; clases 1-4,9",2021,2026,52,,,,,,,"clases={""1"": 32, ""2"": 4, ""3"": 6, ""4"": 8, ""9"": 2}"
A4_prov_2012-2025,A4_prov_2012-2025_max_c932_m0.15_r1.25_e1.2_s0_u0.25,"brecha=P-c(1+m)-S/e; clases 1-4,9",2021,2026,52,,,,,,,"clases={""1"": 30, ""2"": 6, ""3"": 6, ""4"": 8, ""9"": 2}"
A4_prov_2012-2025,A4_prov_2012-2025_max_c932_m0.15_r1.25_e1.2_s1_u0.0,"brecha=P-c(1+m)-S/e; clases 1-4,9",2021,2026,52,,,,,,,"clases={""1"": 29, ""2"": 2, ""3"": 11, ""4"": 8, ""9"": 2}"
A4_prov_2012-2025,A4_prov_2012-2025_max_c932_m0.15_r1.25_e1.2_s1_u0.1,"brecha=P-c(1+m)-S/e; clases 1-4,9",2021,2026,52,,,,,,,"clases={""1"": 27, ""2"": 4, ""3"": 11, ""4"": 8, ""9"": 2}"
A4_prov_2012-2025,A4_prov_2012-2025_max_c932_m0.15_r1.25_e1.2_s1_u0.25,"brecha=P-c(1+m)-S/e; clases 1-4,9",2021,2026,52,,,,,,,"clases={""1"": 26, ""2"": 5, ""3"": 11, ""4"": 8, ""9"": 2}"
A4_prov_2012-2025,A4_prov_2012-2025_max_c932_m0.15_r1.25_e1.6_s0_u0.0,"brecha=P-c(1+m)-S/e; clases 1-4,9",2021,2026,52,,,,,,,"clases={""1"": 34, ""2"": 2, ""3"": 6, ""4"": 8, ""9"": 2}"
A4_prov_2012-2025,A4_prov_2012-2025_max_c932_m0.15_r1.25_e1.6_s0_u0.1,"brecha=P-c(1+m)-S/e; clases 1-4,9",2021,2026,52,,,,,,,"clases={""1"": 32, ""2"": 4, ""3"": 6, ""4"": 8, ""9"": 2}"
A4_prov_2012-2025,A4_prov_2012-2025_max_c932_m0.15_r1.25_e1.6_s0_u0.25,"brecha=P-c(1+m)-S/e; clases 1-4,9",2021,2026,52,,,,,,,"clases={""1"": 30, ""2"": 6, ""3"": 6, ""4"": 8, ""9"": 2}"
A4_prov_2012-2025,A4_prov_2012-2025_max_c932_m0.15_r1.25_e1.6_s1_u0.0,"brecha=P-c(1+m)-S/e; clases 1-4,9",2021,2026,52,,,,,,,"clases={""1"": 32, ""2"": 2, ""3"": 8, ""4"": 8, ""9"": 2}"
A4_prov_2012-2025,A4_prov_2012-2025_max_c932_m0.15_r1.25_e1.6_s1_u0.1,"brecha=P-c(1+m)-S/e; clases 1-4,9",2021,2026,52,,,,,,,"clases={""1"": 30, ""2"": 4, ""3"": 8, ""4"": 8, ""9"": 2}"
A4_prov_2012-2025,A4_prov_2012-2025_max_c932_m0.15_r1.25_e1.6_s1_u0.25,"brecha=P-c(1+m)-S/e; clases 1-4,9",2021,2026,52,,,,,,,"clases={""1"": 28, ""2"": 6, ""3"": 8, ""4"": 8, ""9"": 2}"
A4_prov_2012-2025,A4_prov_2012-2025_max_c932_m0.15_r1.5_e0.8_s0_u0.0,"brecha=P-c(1+m)-S/e; clases 1-4,9",2021,2026,52,,,,,,,"clases={""1"": 28, ""2"": 2, ""3"": 12, ""4"": 8, ""9"": 2}"
A4_prov_2012-2025,A4_prov_2012-2025_max_c932_m0.15_r1.5_e0.8_s0_u0.1,"brecha=P-c(1+m)-S/e; clases 1-4,9",2021,2026,52,,,,,,,"clases={""1"": 26, ""2"": 4, ""3"": 12, ""4"": 8, ""9"": 2}"
A4_prov_2012-2025,A4_prov_2012-2025_max_c932_m0.15_r1.5_e0.8_s0_u0.25,"brecha=P-c(1+m)-S/e; clases 1-4,9",2021,2026,52,,,,,,,"clases={""1"": 25, ""2"": 5, ""3"": 12, ""4"": 8, ""9"": 2}"
A4_prov_2012-2025,A4_prov_2012-2025_max_c932_m0.15_r1.5_e0.8_s1_u0.0,"brecha=P-c(1+m)-S/e; clases 1-4,9",2021,2026,52,,,,,,,"clases={""1"": 28, ""2"": 1, ""3"": 13, ""4"": 8, ""9"": 2}"
A4_prov_2012-2025,A4_prov_2012-2025_max_c932_m0.15_r1.5_e0.8_s1_u0.1,"brecha=P-c(1+m)-S/e; clases 1-4,9",2021,2026,52,,,,,,,"clases={""1"": 26, ""2"": 3, ""3"": 13, ""4"": 8, ""9"": 2}"
A4_prov_2012-2025,A4_prov_2012-2025_max_c932_m0.15_r1.5_e0.8_s1_u0.25,"brecha=P-c(1+m)-S/e; clases 1-4,9",2021,2026,52,,,,,,,"clases={""1"": 26, ""2"": 3, ""3"": 13, ""4"": 8, ""9"": 2}"
A4_prov_2012-2025,A4_prov_2012-2025_max_c932_m0.15_r1.5_e1.2_s0_u0.0,"brecha=P-c(1+m)-S/e; clases 1-4,9",2021,2026,52,,,,,,,"clases={""1"": 34, ""2"": 2, ""3"": 6, ""4"": 8, ""9"": 2}"
A4_prov_2012-2025,A4_prov_2012-2025_max_c932_m0.15_r1.5_e1.2_s0_u0.1,"brecha=P-c(1+m)-S/e; clases 1-4,9",2021,2026,52,,,,,,,"clases={""1"": 32, ""2"": 4, ""3"": 6, ""4"": 8, ""9"": 2}"
A4_prov_2012-2025,A4_prov_2012-2025_max_c932_m0.15_r1.5_e1.2_s0_u0.25,"brecha=P-c(1+m)-S/e; clases 1-4,9",2021,2026,52,,,,,,,"clases={""1"": 31, ""2"": 5, ""3"": 6, ""4"": 8, ""9"": 2}"
A4_prov_2012-2025,A4_prov_2012-2025_max_c932_m0.15_r1.5_e1.2_s1_u0.0,"brecha=P-c(1+m)-S/e; clases 1-4,9",2021,2026,52,,,,,,,"clases={""1"": 29, ""2"": 2, ""3"": 11, ""4"": 8, ""9"": 2}"
A4_prov_2012-2025,A4_prov_2012-2025_max_c932_m0.15_r1.5_e1.2_s1_u0.1,"brecha=P-c(1+m)-S/e; clases 1-4,9",2021,2026,52,,,,,,,"clases={""1"": 27, ""2"": 4, ""3"": 11, ""4"": 8, ""9"": 2}"
A4_prov_2012-2025,A4_prov_2012-2025_max_c932_m0.15_r1.5_e1.2_s1_u0.25,"brecha=P-c(1+m)-S/e; clases 1-4,9",2021,2026,52,,,,,,,"clases={""1"": 26, ""2"": 5, ""3"": 11, ""4"": 8, ""9"": 2}"
A4_prov_2012-2025,A4_prov_2012-2025_max_c932_m0.15_r1.5_e1.6_s0_u0.0,"brecha=P-c(1+m)-S/e; clases 1-4,9",2021,2026,52,,,,,,,"clases={""1"": 34, ""2"": 2, ""3"": 6, ""4"": 8, ""9"": 2}"
A4_prov_2012-2025,A4_prov_2012-2025_max_c932_m0.15_r1.5_e1.6_s0_u0.1,"brecha=P-c(1+m)-S/e; clases 1-4,9",2021,2026,52,,,,,,,"clases={""1"": 32, ""2"": 4, ""3"": 6, ""4"": 8, ""9"": 2}"
A4_prov_2012-2025,A4_prov_2012-2025_max_c932_m0.15_r1.5_e1.6_s0_u0.25,"brecha=P-c(1+m)-S/e; clases 1-4,9",2021,2026,52,,,,,,,"clases={""1"": 31, ""2"": 5, ""3"": 6, ""4"": 8, ""9"": 2}"
A4_prov_2012-2025,A4_prov_2012-2025_max_c932_m0.15_r1.5_e1.6_s1_u0.0,"brecha=P-c(1+m)-S/e; clases 1-4,9",2021,2026,52,,,,,,,"clases={""1"": 32, ""2"": 2, ""3"": 8, ""4"": 8, ""9"": 2}"
A4_prov_2012-2025,A4_prov_2012-2025_max_c932_m0.15_r1.5_e1.6_s1_u0.1,"brecha=P-c(1+m)-S/e; clases 1-4,9",2021,2026,52,,,,,,,"clases={""1"": 30, ""2"": 4, ""3"": 8, ""4"": 8, ""9"": 2}"
A4_prov_2012-2025,A4_prov_2012-2025_max_c932_m0.15_r1.5_e1.6_s1_u0.25,"brecha=P-c(1+m)-S/e; clases 1-4,9",2021,2026,52,,,,,,,"clases={""1"": 29, ""2"": 5, ""3"": 8, ""4"": 8, ""9"": 2}"
A4_prov_2012-2025,A4_prov_2012-2025_max_c932_m0.2_r1.25_e0.8_s0_u0.0,"brecha=P-c(1+m)-S/e; clases 1-4,9",2021,2026,52,,,,,,,"clases={""1"": 28, ""2"": 2, ""3"": 12, ""4"": 8, ""9"": 2}"
A4_prov_2012-2025,A4_prov_2012-2025_max_c932_m0.2_r1.25_e0.8_s0_u0.1,"brecha=P-c(1+m)-S/e; clases 1-4,9",2021,2026,52,,,,,,,"clases={""1"": 26, ""2"": 4, ""3"": 12, ""4"": 8, ""9"": 2}"
A4_prov_2012-2025,A4_prov_2012-2025_max_c932_m0.2_r1.25_e0.8_s0_u0.25,"brecha=P-c(1+m)-S/e; clases 1-4,9",2021,2026,52,,,,,,,"clases={""1"": 24, ""2"": 6, ""3"": 12, ""4"": 8, ""9"": 2}"
A4_prov_2012-2025,A4_prov_2012-2025_max_c932_m0.2_r1.25_e0.8_s1_u0.0,"brecha=P-c(1+m)-S/e; clases 1-4,9",2021,2026,52,,,,,,,"clases={""1"": 25, ""2"": 2, ""3"": 15, ""4"": 8, ""9"": 2}"
A4_prov_2012-2025,A4_prov_2012-2025_max_c932_m0.2_r1.25_e0.8_s1_u0.1,"brecha=P-c(1+m)-S/e; clases 1-4,9",2021,2026,52,,,,,,,"clases={""1"": 23, ""2"": 4, ""3"": 15, ""4"": 8, ""9"": 2}"
A4_prov_2012-2025,A4_prov_2012-2025_max_c932_m0.2_r1.25_e0.8_s1_u0.25,"brecha=P-c(1+m)-S/e; clases 1-4,9",2021,2026,52,,,,,,,"clases={""1"": 22, ""2"": 5, ""3"": 15, ""4"": 8, ""9"": 2}"
A4_prov_2012-2025,A4_prov_2012-2025_max_c932_m0.2_r1.25_e1.2_s0_u0.0,"brecha=P-c(1+m)-S/e; clases 1-4,9",2021,2026,52,,,,,,,"clases={""1"": 30, ""2"": 2, ""3"": 10, ""4"": 8, ""9"": 2}"
A4_prov_2012-2025,A4_prov_2012-2025_max_c932_m0.2_r1.25_e1.2_s0_u0.1,"brecha=P-c(1+m)-S/e; clases 1-4,9",2021,2026,52,,,,,,,"clases={""1"": 28, ""2"": 4, ""3"": 10, ""4"": 8, ""9"": 2}"
A4_prov_2012-2025,A4_prov_2012-2025_max_c932_m0.2_r1.25_e1.2_s0_u0.25,"brecha=P-c(1+m)-S/e; clases 1-4,9",2021,2026,52,,,,,,,"clases={""1"": 26, ""2"": 6, ""3"": 10, ""4"": 8, ""9"": 2}"
A4_prov_2012-2025,A4_prov_2012-2025_max_c932_m0.2_r1.25_e1.2_s1_u0.0,"brecha=P-c(1+m)-S/e; clases 1-4,9",2021,2026,52,,,,,,,"clases={""1"": 28, ""2"": 2, ""3"": 12, ""4"": 8, ""9"": 2}"
A4_prov_2012-2025,A4_prov_2012-2025_max_c932_m0.2_r1.25_e1.2_s1_u0.1,"brecha=P-c(1+m)-S/e; clases 1-4,9",2021,2026,52,,,,,,,"clases={""1"": 26, ""2"": 4, ""3"": 12, ""4"": 8, ""9"": 2}"
A4_prov_2012-2025,A4_prov_2012-2025_max_c932_m0.2_r1.25_e1.2_s1_u0.25,"brecha=P-c(1+m)-S/e; clases 1-4,9",2021,2026,52,,,,,,,"clases={""1"": 25, ""2"": 5, ""3"": 12, ""4"": 8, ""9"": 2}"
A4_prov_2012-2025,A4_prov_2012-2025_max_c932_m0.2_r1.25_e1.6_s0_u0.0,"brecha=P-c(1+m)-S/e; clases 1-4,9",2021,2026,52,,,,,,,"clases={""1"": 31, ""2"": 2, ""3"": 9, ""4"": 8, ""9"": 2}"
A4_prov_2012-2025,A4_prov_2012-2025_max_c932_m0.2_r1.25_e1.6_s0_u0.1,"brecha=P-c(1+m)-S/e; clases 1-4,9",2021,2026,52,,,,,,,"clases={""1"": 29, ""2"": 4, ""3"": 9, ""4"": 8, ""9"": 2}"
A4_prov_2012-2025,A4_prov_2012-2025_max_c932_m0.2_r1.25_e1.6_s0_u0.25,"brecha=P-c(1+m)-S/e; clases 1-4,9",2021,2026,52,,,,,,,"clases={""1"": 27, ""2"": 6, ""3"": 9, ""4"": 8, ""9"": 2}"
A4_prov_2012-2025,A4_prov_2012-2025_max_c932_m0.2_r1.25_e1.6_s1_u0.0,"brecha=P-c(1+m)-S/e; clases 1-4,9",2021,2026,52,,,,,,,"clases={""1"": 29, ""2"": 2, ""3"": 11, ""4"": 8, ""9"": 2}"
A4_prov_2012-2025,A4_prov_2012-2025_max_c932_m0.2_r1.25_e1.6_s1_u0.1,"brecha=P-c(1+m)-S/e; clases 1-4,9",2021,2026,52,,,,,,,"clases={""1"": 27, ""2"": 4, ""3"": 11, ""4"": 8, ""9"": 2}"
A4_prov_2012-2025,A4_prov_2012-2025_max_c932_m0.2_r1.25_e1.6_s1_u0.25,"brecha=P-c(1+m)-S/e; clases 1-4,9",2021,2026,52,,,,,,,"clases={""1"": 25, ""2"": 6, ""3"": 11, ""4"": 8, ""9"": 2}"
A4_prov_2012-2025,A4_prov_2012-2025_max_c932_m0.2_r1.5_e0.8_s0_u0.0,"brecha=P-c(1+m)-S/e; clases 1-4,9",2021,2026,52,,,,,,,"clases={""1"": 28, ""2"": 2, ""3"": 12, ""4"": 8, ""9"": 2}"
A4_prov_2012-2025,A4_prov_2012-2025_max_c932_m0.2_r1.5_e0.8_s0_u0.1,"brecha=P-c(1+m)-S/e; clases 1-4,9",2021,2026,52,,,,,,,"clases={""1"": 26, ""2"": 4, ""3"": 12, ""4"": 8, ""9"": 2}"
A4_prov_2012-2025,A4_prov_2012-2025_max_c932_m0.2_r1.5_e0.8_s0_u0.25,"brecha=P-c(1+m)-S/e; clases 1-4,9",2021,2026,52,,,,,,,"clases={""1"": 25, ""2"": 5, ""3"": 12, ""4"": 8, ""9"": 2}"
A4_prov_2012-2025,A4_prov_2012-2025_max_c932_m0.2_r1.5_e0.8_s1_u0.0,"brecha=P-c(1+m)-S/e; clases 1-4,9",2021,2026,52,,,,,,,"clases={""1"": 26, ""2"": 1, ""3"": 15, ""4"": 8, ""9"": 2}"
A4_prov_2012-2025,A4_prov_2012-2025_max_c932_m0.2_r1.5_e0.8_s1_u0.1,"brecha=P-c(1+m)-S/e; clases 1-4,9",2021,2026,52,,,,,,,"clases={""1"": 24, ""2"": 3, ""3"": 15, ""4"": 8, ""9"": 2}"
A4_prov_2012-2025,A4_prov_2012-2025_max_c932_m0.2_r1.5_e0.8_s1_u0.25,"brecha=P-c(1+m)-S/e; clases 1-4,9",2021,2026,52,,,,,,,"clases={""1"": 24, ""2"": 3, ""3"": 15, ""4"": 8, ""9"": 2}"
A4_prov_2012-2025,A4_prov_2012-2025_max_c932_m0.2_r1.5_e1.2_s0_u0.0,"brecha=P-c(1+m)-S/e; clases 1-4,9",2021,2026,52,,,,,,,"clases={""1"": 30, ""2"": 2, ""3"": 10, ""4"": 8, ""9"": 2}"
A4_prov_2012-2025,A4_prov_2012-2025_max_c932_m0.2_r1.5_e1.2_s0_u0.1,"brecha=P-c(1+m)-S/e; clases 1-4,9",2021,2026,52,,,,,,,"clases={""1"": 28, ""2"": 4, ""3"": 10, ""4"": 8, ""9"": 2}"
A4_prov_2012-2025,A4_prov_2012-2025_max_c932_m0.2_r1.5_e1.2_s0_u0.25,"brecha=P-c(1+m)-S/e; clases 1-4,9",2021,2026,52,,,,,,,"clases={""1"": 27, ""2"": 5, ""3"": 10, ""4"": 8, ""9"": 2}"
A4_prov_2012-2025,A4_prov_2012-2025_max_c932_m0.2_r1.5_e1.2_s1_u0.0,"brecha=P-c(1+m)-S/e; clases 1-4,9",2021,2026,52,,,,,,,"clases={""1"": 28, ""2"": 2, ""3"": 12, ""4"": 8, ""9"": 2}"
A4_prov_2012-2025,A4_prov_2012-2025_max_c932_m0.2_r1.5_e1.2_s1_u0.1,"brecha=P-c(1+m)-S/e; clases 1-4,9",2021,2026,52,,,,,,,"clases={""1"": 26, ""2"": 4, ""3"": 12, ""4"": 8, ""9"": 2}"
A4_prov_2012-2025,A4_prov_2012-2025_max_c932_m0.2_r1.5_e1.2_s1_u0.25,"brecha=P-c(1+m)-S/e; clases 1-4,9",2021,2026,52,,,,,,,"clases={""1"": 25, ""2"": 5, ""3"": 12, ""4"": 8, ""9"": 2}"
A4_prov_2012-2025,A4_prov_2012-2025_max_c932_m0.2_r1.5_e1.6_s0_u0.0,"brecha=P-c(1+m)-S/e; clases 1-4,9",2021,2026,52,,,,,,,"clases={""1"": 31, ""2"": 2, ""3"": 9, ""4"": 8, ""9"": 2}"
A4_prov_2012-2025,A4_prov_2012-2025_max_c932_m0.2_r1.5_e1.6_s0_u0.1,"brecha=P-c(1+m)-S/e; clases 1-4,9",2021,2026,52,,,,,,,"clases={""1"": 29, ""2"": 4, ""3"": 9, ""4"": 8, ""9"": 2}"
A4_prov_2012-2025,A4_prov_2012-2025_max_c932_m0.2_r1.5_e1.6_s0_u0.25,"brecha=P-c(1+m)-S/e; clases 1-4,9",2021,2026,52,,,,,,,"clases={""1"": 28, ""2"": 5, ""3"": 9, ""4"": 8, ""9"": 2}"
A4_prov_2012-2025,A4_prov_2012-2025_max_c932_m0.2_r1.5_e1.6_s1_u0.0,"brecha=P-c(1+m)-S/e; clases 1-4,9",2021,2026,52,,,,,,,"clases={""1"": 29, ""2"": 2, ""3"": 11, ""4"": 8, ""9"": 2}"
A4_prov_2012-2025,A4_prov_2012-2025_max_c932_m0.2_r1.5_e1.6_s1_u0.1,"brecha=P-c(1+m)-S/e; clases 1-4,9",2021,2026,52,,,,,,,"clases={""1"": 27, ""2"": 4, ""3"": 11, ""4"": 8, ""9"": 2}"
A4_prov_2012-2025,A4_prov_2012-2025_max_c932_m0.2_r1.5_e1.6_s1_u0.25,"brecha=P-c(1+m)-S/e; clases 1-4,9",2021,2026,52,,,,,,,"clases={""1"": 26, ""2"": 5, ""3"": 11, ""4"": 8, ""9"": 2}"
A4_prov_2012-2025,A4_prov_2012-2025_max_c932_m0.25_r1.25_e0.8_s0_u0.0,"brecha=P-c(1+m)-S/e; clases 1-4,9",2021,2026,52,,,,,,,"clases={""1"": 28, ""2"": 2, ""3"": 12, ""4"": 8, ""9"": 2}"
A4_prov_2012-2025,A4_prov_2012-2025_max_c932_m0.25_r1.25_e0.8_s0_u0.1,"brecha=P-c(1+m)-S/e; clases 1-4,9",2021,2026,52,,,,,,,"clases={""1"": 26, ""2"": 4, ""3"": 12, ""4"": 8, ""9"": 2}"
A4_prov_2012-2025,A4_prov_2012-2025_max_c932_m0.25_r1.25_e0.8_s0_u0.25,"brecha=P-c(1+m)-S/e; clases 1-4,9",2021,2026,52,,,,,,,"clases={""1"": 24, ""2"": 6, ""3"": 12, ""4"": 8, ""9"": 2}"
A4_prov_2012-2025,A4_prov_2012-2025_max_c932_m0.25_r1.25_e0.8_s1_u0.0,"brecha=P-c(1+m)-S/e; clases 1-4,9",2021,2026,52,,,,,,,"clases={""1"": 23, ""2"": 2, ""3"": 17, ""4"": 8, ""9"": 2}"
A4_prov_2012-2025,A4_prov_2012-2025_max_c932_m0.25_r1.25_e0.8_s1_u0.1,"brecha=P-c(1+m)-S/e; clases 1-4,9",2021,2026,52,,,,,,,"clases={""1"": 21, ""2"": 4, ""3"": 17, ""4"": 8, ""9"": 2}"
A4_prov_2012-2025,A4_prov_2012-2025_max_c932_m0.25_r1.25_e0.8_s1_u0.25,"brecha=P-c(1+m)-S/e; clases 1-4,9",2021,2026,52,,,,,,,"clases={""1"": 20, ""2"": 5, ""3"": 17, ""4"": 8, ""9"": 2}"
A4_prov_2012-2025,A4_prov_2012-2025_max_c932_m0.25_r1.25_e1.2_s0_u0.0,"brecha=P-c(1+m)-S/e; clases 1-4,9",2021,2026,52,,,,,,,"clases={""1"": 28, ""2"": 2, ""3"": 12, ""4"": 8, ""9"": 2}"
A4_prov_2012-2025,A4_prov_2012-2025_max_c932_m0.25_r1.25_e1.2_s0_u0.1,"brecha=P-c(1+m)-S/e; clases 1-4,9",2021,2026,52,,,,,,,"clases={""1"": 26, ""2"": 4, ""3"": 12, ""4"": 8, ""9"": 2}"
A4_prov_2012-2025,A4_prov_2012-2025_max_c932_m0.25_r1.25_e1.2_s0_u0.25,"brecha=P-c(1+m)-S/e; clases 1-4,9",2021,2026,52,,,,,,,"clases={""1"": 24, ""2"": 6, ""3"": 12, ""4"": 8, ""9"": 2}"
A4_prov_2012-2025,A4_prov_2012-2025_max_c932_m0.25_r1.25_e1.2_s1_u0.0,"brecha=P-c(1+m)-S/e; clases 1-4,9",2021,2026,52,,,,,,,"clases={""1"": 27, ""2"": 2, ""3"": 13, ""4"": 8, ""9"": 2}"
A4_prov_2012-2025,A4_prov_2012-2025_max_c932_m0.25_r1.25_e1.2_s1_u0.1,"brecha=P-c(1+m)-S/e; clases 1-4,9",2021,2026,52,,,,,,,"clases={""1"": 25, ""2"": 4, ""3"": 13, ""4"": 8, ""9"": 2}"
A4_prov_2012-2025,A4_prov_2012-2025_max_c932_m0.25_r1.25_e1.2_s1_u0.25,"brecha=P-c(1+m)-S/e; clases 1-4,9",2021,2026,52,,,,,,,"clases={""1"": 24, ""2"": 5, ""3"": 13, ""4"": 8, ""9"": 2}"
A4_prov_2012-2025,A4_prov_2012-2025_max_c932_m0.25_r1.25_e1.6_s0_u0.0,"brecha=P-c(1+m)-S/e; clases 1-4,9",2021,2026,52,,,,,,,"clases={""1"": 29, ""2"": 2, ""3"": 11, ""4"": 8, ""9"": 2}"
A4_prov_2012-2025,A4_prov_2012-2025_max_c932_m0.25_r1.25_e1.6_s0_u0.1,"brecha=P-c(1+m)-S/e; clases 1-4,9",2021,2026,52,,,,,,,"clases={""1"": 27, ""2"": 4, ""3"": 11, ""4"": 8, ""9"": 2}"
A4_prov_2012-2025,A4_prov_2012-2025_max_c932_m0.25_r1.25_e1.6_s0_u0.25,"brecha=P-c(1+m)-S/e; clases 1-4,9",2021,2026,52,,,,,,,"clases={""1"": 25, ""2"": 6, ""3"": 11, ""4"": 8, ""9"": 2}"
A4_prov_2012-2025,A4_prov_2012-2025_max_c932_m0.25_r1.25_e1.6_s1_u0.0,"brecha=P-c(1+m)-S/e; clases 1-4,9",2021,2026,52,,,,,,,"clases={""1"": 28, ""2"": 2, ""3"": 12, ""4"": 8, ""9"": 2}"
A4_prov_2012-2025,A4_prov_2012-2025_max_c932_m0.25_r1.25_e1.6_s1_u0.1,"brecha=P-c(1+m)-S/e; clases 1-4,9",2021,2026,52,,,,,,,"clases={""1"": 26, ""2"": 4, ""3"": 12, ""4"": 8, ""9"": 2}"
A4_prov_2012-2025,A4_prov_2012-2025_max_c932_m0.25_r1.25_e1.6_s1_u0.25,"brecha=P-c(1+m)-S/e; clases 1-4,9",2021,2026,52,,,,,,,"clases={""1"": 24, ""2"": 6, ""3"": 12, ""4"": 8, ""9"": 2}"
A4_prov_2012-2025,A4_prov_2012-2025_max_c932_m0.25_r1.5_e0.8_s0_u0.0,"brecha=P-c(1+m)-S/e; clases 1-4,9",2021,2026,52,,,,,,,"clases={""1"": 28, ""2"": 2, ""3"": 12, ""4"": 8, ""9"": 2}"
A4_prov_2012-2025,A4_prov_2012-2025_max_c932_m0.25_r1.5_e0.8_s0_u0.1,"brecha=P-c(1+m)-S/e; clases 1-4,9",2021,2026,52,,,,,,,"clases={""1"": 26, ""2"": 4, ""3"": 12, ""4"": 8, ""9"": 2}"
A4_prov_2012-2025,A4_prov_2012-2025_max_c932_m0.25_r1.5_e0.8_s0_u0.25,"brecha=P-c(1+m)-S/e; clases 1-4,9",2021,2026,52,,,,,,,"clases={""1"": 25, ""2"": 5, ""3"": 12, ""4"": 8, ""9"": 2}"
A4_prov_2012-2025,A4_prov_2012-2025_max_c932_m0.25_r1.5_e0.8_s1_u0.0,"brecha=P-c(1+m)-S/e; clases 1-4,9",2021,2026,52,,,,,,,"clases={""1"": 24, ""2"": 1, ""3"": 17, ""4"": 8, ""9"": 2}"
A4_prov_2012-2025,A4_prov_2012-2025_max_c932_m0.25_r1.5_e0.8_s1_u0.1,"brecha=P-c(1+m)-S/e; clases 1-4,9",2021,2026,52,,,,,,,"clases={""1"": 22, ""2"": 3, ""3"": 17, ""4"": 8, ""9"": 2}"
A4_prov_2012-2025,A4_prov_2012-2025_max_c932_m0.25_r1.5_e0.8_s1_u0.25,"brecha=P-c(1+m)-S/e; clases 1-4,9",2021,2026,52,,,,,,,"clases={""1"": 22, ""2"": 3, ""3"": 17, ""4"": 8, ""9"": 2}"
A4_prov_2012-2025,A4_prov_2012-2025_max_c932_m0.25_r1.5_e1.2_s0_u0.0,"brecha=P-c(1+m)-S/e; clases 1-4,9",2021,2026,52,,,,,,,"clases={""1"": 28, ""2"": 2, ""3"": 12, ""4"": 8, ""9"": 2}"
A4_prov_2012-2025,A4_prov_2012-2025_max_c932_m0.25_r1.5_e1.2_s0_u0.1,"brecha=P-c(1+m)-S/e; clases 1-4,9",2021,2026,52,,,,,,,"clases={""1"": 26, ""2"": 4, ""3"": 12, ""4"": 8, ""9"": 2}"
A4_prov_2012-2025,A4_prov_2012-2025_max_c932_m0.25_r1.5_e1.2_s0_u0.25,"brecha=P-c(1+m)-S/e; clases 1-4,9",2021,2026,52,,,,,,,"clases={""1"": 25, ""2"": 5, ""3"": 12, ""4"": 8, ""9"": 2}"
A4_prov_2012-2025,A4_prov_2012-2025_max_c932_m0.25_r1.5_e1.2_s1_u0.0,"brecha=P-c(1+m)-S/e; clases 1-4,9",2021,2026,52,,,,,,,"clases={""1"": 27, ""2"": 2, ""3"": 13, ""4"": 8, ""9"": 2}"
A4_prov_2012-2025,A4_prov_2012-2025_max_c932_m0.25_r1.5_e1.2_s1_u0.1,"brecha=P-c(1+m)-S/e; clases 1-4,9",2021,2026,52,,,,,,,"clases={""1"": 25, ""2"": 4, ""3"": 13, ""4"": 8, ""9"": 2}"
A4_prov_2012-2025,A4_prov_2012-2025_max_c932_m0.25_r1.5_e1.2_s1_u0.25,"brecha=P-c(1+m)-S/e; clases 1-4,9",2021,2026,52,,,,,,,"clases={""1"": 24, ""2"": 5, ""3"": 13, ""4"": 8, ""9"": 2}"
A4_prov_2012-2025,A4_prov_2012-2025_max_c932_m0.25_r1.5_e1.6_s0_u0.0,"brecha=P-c(1+m)-S/e; clases 1-4,9",2021,2026,52,,,,,,,"clases={""1"": 29, ""2"": 2, ""3"": 11, ""4"": 8, ""9"": 2}"
A4_prov_2012-2025,A4_prov_2012-2025_max_c932_m0.25_r1.5_e1.6_s0_u0.1,"brecha=P-c(1+m)-S/e; clases 1-4,9",2021,2026,52,,,,,,,"clases={""1"": 27, ""2"": 4, ""3"": 11, ""4"": 8, ""9"": 2}"
A4_prov_2012-2025,A4_prov_2012-2025_max_c932_m0.25_r1.5_e1.6_s0_u0.25,"brecha=P-c(1+m)-S/e; clases 1-4,9",2021,2026,52,,,,,,,"clases={""1"": 26, ""2"": 5, ""3"": 11, ""4"": 8, ""9"": 2}"
A4_prov_2012-2025,A4_prov_2012-2025_max_c932_m0.25_r1.5_e1.6_s1_u0.0,"brecha=P-c(1+m)-S/e; clases 1-4,9",2021,2026,52,,,,,,,"clases={""1"": 28, ""2"": 2, ""3"": 12, ""4"": 8, ""9"": 2}"
A4_prov_2012-2025,A4_prov_2012-2025_max_c932_m0.25_r1.5_e1.6_s1_u0.1,"brecha=P-c(1+m)-S/e; clases 1-4,9",2021,2026,52,,,,,,,"clases={""1"": 26, ""2"": 4, ""3"": 12, ""4"": 8, ""9"": 2}"
A4_prov_2012-2025,A4_prov_2012-2025_max_c932_m0.25_r1.5_e1.6_s1_u0.25,"brecha=P-c(1+m)-S/e; clases 1-4,9",2021,2026,52,,,,,,,"clases={""1"": 25, ""2"": 5, ""3"": 12, ""4"": 8, ""9"": 2}"
A4_mun_2021-2025,A4_mun_2021-2025_unico_c422_m0.15_r1.25_e0.8_s0_u0.0,"brecha=P-c(1+m)-S/e; clases 1-4,9",2021,2026,703,,,,,,,"clases={""1"": 413, ""2"": 41, ""3"": 0, ""4"": 247, ""9"": 2}"
A4_mun_2021-2025,A4_mun_2021-2025_unico_c422_m0.15_r1.25_e0.8_s0_u0.1,"brecha=P-c(1+m)-S/e; clases 1-4,9",2021,2026,703,,,,,,,"clases={""1"": 394, ""2"": 60, ""3"": 0, ""4"": 247, ""9"": 2}"
A4_mun_2021-2025,A4_mun_2021-2025_unico_c422_m0.15_r1.25_e0.8_s0_u0.25,"brecha=P-c(1+m)-S/e; clases 1-4,9",2021,2026,703,,,,,,,"clases={""1"": 378, ""2"": 76, ""3"": 0, ""4"": 247, ""9"": 2}"
A4_mun_2021-2025,A4_mun_2021-2025_unico_c422_m0.15_r1.25_e0.8_s1_u0.0,"brecha=P-c(1+m)-S/e; clases 1-4,9",2021,2026,703,,,,,,,"clases={""1"": 415, ""2"": 39, ""3"": 0, ""4"": 247, ""9"": 2}"
A4_mun_2021-2025,A4_mun_2021-2025_unico_c422_m0.15_r1.25_e0.8_s1_u0.1,"brecha=P-c(1+m)-S/e; clases 1-4,9",2021,2026,703,,,,,,,"clases={""1"": 396, ""2"": 58, ""3"": 0, ""4"": 247, ""9"": 2}"
A4_mun_2021-2025,A4_mun_2021-2025_unico_c422_m0.15_r1.25_e0.8_s1_u0.25,"brecha=P-c(1+m)-S/e; clases 1-4,9",2021,2026,703,,,,,,,"clases={""1"": 380, ""2"": 74, ""3"": 0, ""4"": 247, ""9"": 2}"
A4_mun_2021-2025,A4_mun_2021-2025_unico_c422_m0.15_r1.25_e1.2_s0_u0.0,"brecha=P-c(1+m)-S/e; clases 1-4,9",2021,2026,703,,,,,,,"clases={""1"": 412, ""2"": 42, ""3"": 0, ""4"": 247, ""9"": 2}"
A4_mun_2021-2025,A4_mun_2021-2025_unico_c422_m0.15_r1.25_e1.2_s0_u0.1,"brecha=P-c(1+m)-S/e; clases 1-4,9",2021,2026,703,,,,,,,"clases={""1"": 393, ""2"": 61, ""3"": 0, ""4"": 247, ""9"": 2}"
A4_mun_2021-2025,A4_mun_2021-2025_unico_c422_m0.15_r1.25_e1.2_s0_u0.25,"brecha=P-c(1+m)-S/e; clases 1-4,9",2021,2026,703,,,,,,,"clases={""1"": 377, ""2"": 77, ""3"": 0, ""4"": 247, ""9"": 2}"
A4_mun_2021-2025,A4_mun_2021-2025_unico_c422_m0.15_r1.25_e1.2_s1_u0.0,"brecha=P-c(1+m)-S/e; clases 1-4,9",2021,2026,703,,,,,,,"clases={""1"": 412, ""2"": 42, ""3"": 0, ""4"": 247, ""9"": 2}"
A4_mun_2021-2025,A4_mun_2021-2025_unico_c422_m0.15_r1.25_e1.2_s1_u0.1,"brecha=P-c(1+m)-S/e; clases 1-4,9",2021,2026,703,,,,,,,"clases={""1"": 393, ""2"": 61, ""3"": 0, ""4"": 247, ""9"": 2}"
A4_mun_2021-2025,A4_mun_2021-2025_unico_c422_m0.15_r1.25_e1.2_s1_u0.25,"brecha=P-c(1+m)-S/e; clases 1-4,9",2021,2026,703,,,,,,,"clases={""1"": 377, ""2"": 77, ""3"": 0, ""4"": 247, ""9"": 2}"
A4_mun_2021-2025,A4_mun_2021-2025_unico_c422_m0.15_r1.25_e1.6_s0_u0.0,"brecha=P-c(1+m)-S/e; clases 1-4,9",2021,2026,703,,,,,,,"clases={""1"": 412, ""2"": 42, ""3"": 0, ""4"": 247, ""9"": 2}"
A4_mun_2021-2025,A4_mun_2021-2025_unico_c422_m0.15_r1.25_e1.6_s0_u0.1,"brecha=P-c(1+m)-S/e; clases 1-4,9",2021,2026,703,,,,,,,"clases={""1"": 393, ""2"": 61, ""3"": 0, ""4"": 247, ""9"": 2}"
A4_mun_2021-2025,A4_mun_2021-2025_unico_c422_m0.15_r1.25_e1.6_s0_u0.25,"brecha=P-c(1+m)-S/e; clases 1-4,9",2021,2026,703,,,,,,,"clases={""1"": 377, ""2"": 77, ""3"": 0, ""4"": 247, ""9"": 2}"
A4_mun_2021-2025,A4_mun_2021-2025_unico_c422_m0.15_r1.25_e1.6_s1_u0.0,"brecha=P-c(1+m)-S/e; clases 1-4,9",2021,2026,703,,,,,,,"clases={""1"": 412, ""2"": 42, ""3"": 0, ""4"": 247, ""9"": 2}"
A4_mun_2021-2025,A4_mun_2021-2025_unico_c422_m0.15_r1.25_e1.6_s1_u0.1,"brecha=P-c(1+m)-S/e; clases 1-4,9",2021,2026,703,,,,,,,"clases={""1"": 393, ""2"": 61, ""3"": 0, ""4"": 247, ""9"": 2}"
A4_mun_2021-2025,A4_mun_2021-2025_unico_c422_m0.15_r1.25_e1.6_s1_u0.25,"brecha=P-c(1+m)-S/e; clases 1-4,9",2021,2026,703,,,,,,,"clases={""1"": 377, ""2"": 77, ""3"": 0, ""4"": 247, ""9"": 2}"
A4_mun_2021-2025,A4_mun_2021-2025_unico_c422_m0.15_r1.5_e0.8_s0_u0.0,"brecha=P-c(1+m)-S/e; clases 1-4,9",2021,2026,703,,,,,,,"clases={""1"": 417, ""2"": 37, ""3"": 0, ""4"": 247, ""9"": 2}"
A4_mun_2021-2025,A4_mun_2021-2025_unico_c422_m0.15_r1.5_e0.8_s0_u0.1,"brecha=P-c(1+m)-S/e; clases 1-4,9",2021,2026,703,,,,,,,"clases={""1"": 398, ""2"": 56, ""3"": 0, ""4"": 247, ""9"": 2}"
A4_mun_2021-2025,A4_mun_2021-2025_unico_c422_m0.15_r1.5_e0.8_s0_u0.25,"brecha=P-c(1+m)-S/e; clases 1-4,9",2021,2026,703,,,,,,,"clases={""1"": 382, ""2"": 72, ""3"": 0, ""4"": 247, ""9"": 2}"
A4_mun_2021-2025,A4_mun_2021-2025_unico_c422_m0.15_r1.5_e0.8_s1_u0.0,"brecha=P-c(1+m)-S/e; clases 1-4,9",2021,2026,703,,,,,,,"clases={""1"": 417, ""2"": 37, ""3"": 0, ""4"": 247, ""9"": 2}"
A4_mun_2021-2025,A4_mun_2021-2025_unico_c422_m0.15_r1.5_e0.8_s1_u0.1,"brecha=P-c(1+m)-S/e; clases 1-4,9",2021,2026,703,,,,,,,"clases={""1"": 398, ""2"": 56, ""3"": 0, ""4"": 247, ""9"": 2}"
A4_mun_2021-2025,A4_mun_2021-2025_unico_c422_m0.15_r1.5_e0.8_s1_u0.25,"brecha=P-c(1+m)-S/e; clases 1-4,9",2021,2026,703,,,,,,,"clases={""1"": 382, ""2"": 72, ""3"": 0, ""4"": 247, ""9"": 2}"
A4_mun_2021-2025,A4_mun_2021-2025_unico_c422_m0.15_r1.5_e1.2_s0_u0.0,"brecha=P-c(1+m)-S/e; clases 1-4,9",2021,2026,703,,,,,,,"clases={""1"": 414, ""2"": 40, ""3"": 0, ""4"": 247, ""9"": 2}"
A4_mun_2021-2025,A4_mun_2021-2025_unico_c422_m0.15_r1.5_e1.2_s0_u0.1,"brecha=P-c(1+m)-S/e; clases 1-4,9",2021,2026,703,,,,,,,"clases={""1"": 395, ""2"": 59, ""3"": 0, ""4"": 247, ""9"": 2}"
A4_mun_2021-2025,A4_mun_2021-2025_unico_c422_m0.15_r1.5_e1.2_s0_u0.25,"brecha=P-c(1+m)-S/e; clases 1-4,9",2021,2026,703,,,,,,,"clases={""1"": 379, ""2"": 75, ""3"": 0, ""4"": 247, ""9"": 2}"
A4_mun_2021-2025,A4_mun_2021-2025_unico_c422_m0.15_r1.5_e1.2_s1_u0.0,"brecha=P-c(1+m)-S/e; clases 1-4,9",2021,2026,703,,,,,,,"clases={""1"": 415, ""2"": 39, ""3"": 0, ""4"": 247, ""9"": 2}"
A4_mun_2021-2025,A4_mun_2021-2025_unico_c422_m0.15_r1.5_e1.2_s1_u0.1,"brecha=P-c(1+m)-S/e; clases 1-4,9",2021,2026,703,,,,,,,"clases={""1"": 396, ""2"": 58, ""3"": 0, ""4"": 247, ""9"": 2}"
A4_mun_2021-2025,A4_mun_2021-2025_unico_c422_m0.15_r1.5_e1.2_s1_u0.25,"brecha=P-c(1+m)-S/e; clases 1-4,9",2021,2026,703,,,,,,,"clases={""1"": 380, ""2"": 74, ""3"": 0, ""4"": 247, ""9"": 2}"
A4_mun_2021-2025,A4_mun_2021-2025_unico_c422_m0.15_r1.5_e1.6_s0_u0.0,"brecha=P-c(1+m)-S/e; clases 1-4,9",2021,2026,703,,,,,,,"clases={""1"": 412, ""2"": 42, ""3"": 0, ""4"": 247, ""9"": 2}"
A4_mun_2021-2025,A4_mun_2021-2025_unico_c422_m0.15_r1.5_e1.6_s0_u0.1,"brecha=P-c(1+m)-S/e; clases 1-4,9",2021,2026,703,,,,,,,"clases={""1"": 393, ""2"": 61, ""3"": 0, ""4"": 247, ""9"": 2}"
A4_mun_2021-2025,A4_mun_2021-2025_unico_c422_m0.15_r1.5_e1.6_s0_u0.25,"brecha=P-c(1+m)-S/e; clases 1-4,9",2021,2026,703,,,,,,,"clases={""1"": 377, ""2"": 77, ""3"": 0, ""4"": 247, ""9"": 2}"
A4_mun_2021-2025,A4_mun_2021-2025_unico_c422_m0.15_r1.5_e1.6_s1_u0.0,"brecha=P-c(1+m)-S/e; clases 1-4,9",2021,2026,703,,,,,,,"clases={""1"": 413, ""2"": 41, ""3"": 0, ""4"": 247, ""9"": 2}"
A4_mun_2021-2025,A4_mun_2021-2025_unico_c422_m0.15_r1.5_e1.6_s1_u0.1,"brecha=P-c(1+m)-S/e; clases 1-4,9",2021,2026,703,,,,,,,"clases={""1"": 394, ""2"": 60, ""3"": 0, ""4"": 247, ""9"": 2}"
A4_mun_2021-2025,A4_mun_2021-2025_unico_c422_m0.15_r1.5_e1.6_s1_u0.25,"brecha=P-c(1+m)-S/e; clases 1-4,9",2021,2026,703,,,,,,,"clases={""1"": 378, ""2"": 76, ""3"": 0, ""4"": 247, ""9"": 2}"
A4_mun_2021-2025,A4_mun_2021-2025_unico_c422_m0.2_r1.25_e0.8_s0_u0.0,"brecha=P-c(1+m)-S/e; clases 1-4,9",2021,2026,703,,,,,,,"clases={""1"": 412, ""2"": 41, ""3"": 1, ""4"": 247, ""9"": 2}"
A4_mun_2021-2025,A4_mun_2021-2025_unico_c422_m0.2_r1.25_e0.8_s0_u0.1,"brecha=P-c(1+m)-S/e; clases 1-4,9",2021,2026,703,,,,,,,"clases={""1"": 393, ""2"": 60, ""3"": 1, ""4"": 247, ""9"": 2}"
A4_mun_2021-2025,A4_mun_2021-2025_unico_c422_m0.2_r1.25_e0.8_s0_u0.25,"brecha=P-c(1+m)-S/e; clases 1-4,9",2021,2026,703,,,,,,,"clases={""1"": 377, ""2"": 76, ""3"": 1, ""4"": 247, ""9"": 2}"
A4_mun_2021-2025,A4_mun_2021-2025_unico_c422_m0.2_r1.25_e0.8_s1_u0.0,"brecha=P-c(1+m)-S/e; clases 1-4,9",2021,2026,703,,,,,,,"clases={""1"": 413, ""2"": 39, ""3"": 2, ""4"": 247, ""9"": 2}"
A4_mun_2021-2025,A4_mun_2021-2025_unico_c422_m0.2_r1.25_e0.8_s1_u0.1,"brecha=P-c(1+m)-S/e; clases 1-4,9",2021,2026,703,,,,,,,"clases={""1"": 394, ""2"": 58, ""3"": 2, ""4"": 247, ""9"": 2}"
A4_mun_2021-2025,A4_mun_2021-2025_unico_c422_m0.2_r1.25_e0.8_s1_u0.25,"brecha=P-c(1+m)-S/e; clases 1-4,9",2021,2026,703,,,,,,,"clases={""1"": 378, ""2"": 74, ""3"": 2, ""4"": 247, ""9"": 2}"
A4_mun_2021-2025,A4_mun_2021-2025_unico_c422_m0.2_r1.25_e1.2_s0_u0.0,"brecha=P-c(1+m)-S/e; clases 1-4,9",2021,2026,703,,,,,,,"clases={""1"": 412, ""2"": 42, ""3"": 0, ""4"": 247, ""9"": 2}"
A4_mun_2021-2025,A4_mun_2021-2025_unico_c422_m0.2_r1.25_e1.2_s0_u0.1,"brecha=P-c(1+m)-S/e; clases 1-4,9",2021,2026,703,,,,,,,"clases={""1"": 393, ""2"": 61, ""3"": 0, ""4"": 247, ""9"": 2}"
A4_mun_2021-2025,A4_mun_2021-2025_unico_c422_m0.2_r1.25_e1.2_s0_u0.25,"brecha=P-c(1+m)-S/e; clases 1-4,9",2021,2026,703,,,,,,,"clases={""1"": 377, ""2"": 77, ""3"": 0, ""4"": 247, ""9"": 2}"
A4_mun_2021-2025,A4_mun_2021-2025_unico_c422_m0.2_r1.25_e1.2_s1_u0.0,"brecha=P-c(1+m)-S/e; clases 1-4,9",2021,2026,703,,,,,,,"clases={""1"": 412, ""2"": 42, ""3"": 0, ""4"": 247, ""9"": 2}"
A4_mun_2021-2025,A4_mun_2021-2025_unico_c422_m0.2_r1.25_e1.2_s1_u0.1,"brecha=P-c(1+m)-S/e; clases 1-4,9",2021,2026,703,,,,,,,"clases={""1"": 393, ""2"": 61, ""3"": 0, ""4"": 247, ""9"": 2}"
A4_mun_2021-2025,A4_mun_2021-2025_unico_c422_m0.2_r1.25_e1.2_s1_u0.25,"brecha=P-c(1+m)-S/e; clases 1-4,9",2021,2026,703,,,,,,,"clases={""1"": 377, ""2"": 77, ""3"": 0, ""4"": 247, ""9"": 2}"
A4_mun_2021-2025,A4_mun_2021-2025_unico_c422_m0.2_r1.25_e1.6_s0_u0.0,"brecha=P-c(1+m)-S/e; clases 1-4,9",2021,2026,703,,,,,,,"clases={""1"": 412, ""2"": 42, ""3"": 0, ""4"": 247, ""9"": 2}"
A4_mun_2021-2025,A4_mun_2021-2025_unico_c422_m0.2_r1.25_e1.6_s0_u0.1,"brecha=P-c(1+m)-S/e; clases 1-4,9",2021,2026,703,,,,,,,"clases={""1"": 393, ""2"": 61, ""3"": 0, ""4"": 247, ""9"": 2}"
A4_mun_2021-2025,A4_mun_2021-2025_unico_c422_m0.2_r1.25_e1.6_s0_u0.25,"brecha=P-c(1+m)-S/e; clases 1-4,9",2021,2026,703,,,,,,,"clases={""1"": 377, ""2"": 77, ""3"": 0, ""4"": 247, ""9"": 2}"
A4_mun_2021-2025,A4_mun_2021-2025_unico_c422_m0.2_r1.25_e1.6_s1_u0.0,"brecha=P-c(1+m)-S/e; clases 1-4,9",2021,2026,703,,,,,,,"clases={""1"": 412, ""2"": 42, ""3"": 0, ""4"": 247, ""9"": 2}"
A4_mun_2021-2025,A4_mun_2021-2025_unico_c422_m0.2_r1.25_e1.6_s1_u0.1,"brecha=P-c(1+m)-S/e; clases 1-4,9",2021,2026,703,,,,,,,"clases={""1"": 393, ""2"": 61, ""3"": 0, ""4"": 247, ""9"": 2}"
A4_mun_2021-2025,A4_mun_2021-2025_unico_c422_m0.2_r1.25_e1.6_s1_u0.25,"brecha=P-c(1+m)-S/e; clases 1-4,9",2021,2026,703,,,,,,,"clases={""1"": 377, ""2"": 77, ""3"": 0, ""4"": 247, ""9"": 2}"
A4_mun_2021-2025,A4_mun_2021-2025_unico_c422_m0.2_r1.5_e0.8_s0_u0.0,"brecha=P-c(1+m)-S/e; clases 1-4,9",2021,2026,703,,,,,,,"clases={""1"": 416, ""2"": 37, ""3"": 1, ""4"": 247, ""9"": 2}"
A4_mun_2021-2025,A4_mun_2021-2025_unico_c422_m0.2_r1.5_e0.8_s0_u0.1,"brecha=P-c(1+m)-S/e; clases 1-4,9",2021,2026,703,,,,,,,"clases={""1"": 397, ""2"": 56, ""3"": 1, ""4"": 247, ""9"": 2}"
A4_mun_2021-2025,A4_mun_2021-2025_unico_c422_m0.2_r1.5_e0.8_s0_u0.25,"brecha=P-c(1+m)-S/e; clases 1-4,9",2021,2026,703,,,,,,,"clases={""1"": 381, ""2"": 72, ""3"": 1, ""4"": 247, ""9"": 2}"
A4_mun_2021-2025,A4_mun_2021-2025_unico_c422_m0.2_r1.5_e0.8_s1_u0.0,"brecha=P-c(1+m)-S/e; clases 1-4,9",2021,2026,703,,,,,,,"clases={""1"": 415, ""2"": 37, ""3"": 2, ""4"": 247, ""9"": 2}"
A4_mun_2021-2025,A4_mun_2021-2025_unico_c422_m0.2_r1.5_e0.8_s1_u0.1,"brecha=P-c(1+m)-S/e; clases 1-4,9",2021,2026,703,,,,,,,"clases={""1"": 396, ""2"": 56, ""3"": 2, ""4"": 247, ""9"": 2}"
A4_mun_2021-2025,A4_mun_2021-2025_unico_c422_m0.2_r1.5_e0.8_s1_u0.25,"brecha=P-c(1+m)-S/e; clases 1-4,9",2021,2026,703,,,,,,,"clases={""1"": 380, ""2"": 72, ""3"": 2, ""4"": 247, ""9"": 2}"
A4_mun_2021-2025,A4_mun_2021-2025_unico_c422_m0.2_r1.5_e1.2_s0_u0.0,"brecha=P-c(1+m)-S/e; clases 1-4,9",2021,2026,703,,,,,,,"clases={""1"": 414, ""2"": 40, ""3"": 0, ""4"": 247, ""9"": 2}"
A4_mun_2021-2025,A4_mun_2021-2025_unico_c422_m0.2_r1.5_e1.2_s0_u0.1,"brecha=P-c(1+m)-S/e; clases 1-4,9",2021,2026,703,,,,,,,"clases={""1"": 395, ""2"": 59, ""3"": 0, ""4"": 247, ""9"": 2}"
A4_mun_2021-2025,A4_mun_2021-2025_unico_c422_m0.2_r1.5_e1.2_s0_u0.25,"brecha=P-c(1+m)-S/e; clases 1-4,9",2021,2026,703,,,,,,,"clases={""1"": 379, ""2"": 75, ""3"": 0, ""4"": 247, ""9"": 2}"
A4_mun_2021-2025,A4_mun_2021-2025_unico_c422_m0.2_r1.5_e1.2_s1_u0.0,"brecha=P-c(1+m)-S/e; clases 1-4,9",2021,2026,703,,,,,,,"clases={""1"": 415, ""2"": 39, ""3"": 0, ""4"": 247, ""9"": 2}"
A4_mun_2021-2025,A4_mun_2021-2025_unico_c422_m0.2_r1.5_e1.2_s1_u0.1,"brecha=P-c(1+m)-S/e; clases 1-4,9",2021,2026,703,,,,,,,"clases={""1"": 396, ""2"": 58, ""3"": 0, ""4"": 247, ""9"": 2}"
A4_mun_2021-2025,A4_mun_2021-2025_unico_c422_m0.2_r1.5_e1.2_s1_u0.25,"brecha=P-c(1+m)-S/e; clases 1-4,9",2021,2026,703,,,,,,,"clases={""1"": 380, ""2"": 74, ""3"": 0, ""4"": 247, ""9"": 2}"
A4_mun_2021-2025,A4_mun_2021-2025_unico_c422_m0.2_r1.5_e1.6_s0_u0.0,"brecha=P-c(1+m)-S/e; clases 1-4,9",2021,2026,703,,,,,,,"clases={""1"": 412, ""2"": 42, ""3"": 0, ""4"": 247, ""9"": 2}"
A4_mun_2021-2025,A4_mun_2021-2025_unico_c422_m0.2_r1.5_e1.6_s0_u0.1,"brecha=P-c(1+m)-S/e; clases 1-4,9",2021,2026,703,,,,,,,"clases={""1"": 393, ""2"": 61, ""3"": 0, ""4"": 247, ""9"": 2}"
A4_mun_2021-2025,A4_mun_2021-2025_unico_c422_m0.2_r1.5_e1.6_s0_u0.25,"brecha=P-c(1+m)-S/e; clases 1-4,9",2021,2026,703,,,,,,,"clases={""1"": 377, ""2"": 77, ""3"": 0, ""4"": 247, ""9"": 2}"
A4_mun_2021-2025,A4_mun_2021-2025_unico_c422_m0.2_r1.5_e1.6_s1_u0.0,"brecha=P-c(1+m)-S/e; clases 1-4,9",2021,2026,703,,,,,,,"clases={""1"": 413, ""2"": 41, ""3"": 0, ""4"": 247, ""9"": 2}"
A4_mun_2021-2025,A4_mun_2021-2025_unico_c422_m0.2_r1.5_e1.6_s1_u0.1,"brecha=P-c(1+m)-S/e; clases 1-4,9",2021,2026,703,,,,,,,"clases={""1"": 394, ""2"": 60, ""3"": 0, ""4"": 247, ""9"": 2}"
A4_mun_2021-2025,A4_mun_2021-2025_unico_c422_m0.2_r1.5_e1.6_s1_u0.25,"brecha=P-c(1+m)-S/e; clases 1-4,9",2021,2026,703,,,,,,,"clases={""1"": 378, ""2"": 76, ""3"": 0, ""4"": 247, ""9"": 2}"
A4_mun_2021-2025,A4_mun_2021-2025_unico_c422_m0.25_r1.25_e0.8_s0_u0.0,"brecha=P-c(1+m)-S/e; clases 1-4,9",2021,2026,703,,,,,,,"clases={""1"": 412, ""2"": 41, ""3"": 1, ""4"": 247, ""9"": 2}"
A4_mun_2021-2025,A4_mun_2021-2025_unico_c422_m0.25_r1.25_e0.8_s0_u0.1,"brecha=P-c(1+m)-S/e; clases 1-4,9",2021,2026,703,,,,,,,"clases={""1"": 393, ""2"": 60, ""3"": 1, ""4"": 247, ""9"": 2}"
A4_mun_2021-2025,A4_mun_2021-2025_unico_c422_m0.25_r1.25_e0.8_s0_u0.25,"brecha=P-c(1+m)-S/e; clases 1-4,9",2021,2026,703,,,,,,,"clases={""1"": 377, ""2"": 76, ""3"": 1, ""4"": 247, ""9"": 2}"
A4_mun_2021-2025,A4_mun_2021-2025_unico_c422_m0.25_r1.25_e0.8_s1_u0.0,"brecha=P-c(1+m)-S/e; clases 1-4,9",2021,2026,703,,,,,,,"clases={""1"": 413, ""2"": 39, ""3"": 2, ""4"": 247, ""9"": 2}"
A4_mun_2021-2025,A4_mun_2021-2025_unico_c422_m0.25_r1.25_e0.8_s1_u0.1,"brecha=P-c(1+m)-S/e; clases 1-4,9",2021,2026,703,,,,,,,"clases={""1"": 394, ""2"": 58, ""3"": 2, ""4"": 247, ""9"": 2}"
A4_mun_2021-2025,A4_mun_2021-2025_unico_c422_m0.25_r1.25_e0.8_s1_u0.25,"brecha=P-c(1+m)-S/e; clases 1-4,9",2021,2026,703,,,,,,,"clases={""1"": 378, ""2"": 74, ""3"": 2, ""4"": 247, ""9"": 2}"
A4_mun_2021-2025,A4_mun_2021-2025_unico_c422_m0.25_r1.25_e1.2_s0_u0.0,"brecha=P-c(1+m)-S/e; clases 1-4,9",2021,2026,703,,,,,,,"clases={""1"": 412, ""2"": 42, ""3"": 0, ""4"": 247, ""9"": 2}"
A4_mun_2021-2025,A4_mun_2021-2025_unico_c422_m0.25_r1.25_e1.2_s0_u0.1,"brecha=P-c(1+m)-S/e; clases 1-4,9",2021,2026,703,,,,,,,"clases={""1"": 393, ""2"": 61, ""3"": 0, ""4"": 247, ""9"": 2}"
A4_mun_2021-2025,A4_mun_2021-2025_unico_c422_m0.25_r1.25_e1.2_s0_u0.25,"brecha=P-c(1+m)-S/e; clases 1-4,9",2021,2026,703,,,,,,,"clases={""1"": 377, ""2"": 77, ""3"": 0, ""4"": 247, ""9"": 2}"
A4_mun_2021-2025,A4_mun_2021-2025_unico_c422_m0.25_r1.25_e1.2_s1_u0.0,"brecha=P-c(1+m)-S/e; clases 1-4,9",2021,2026,703,,,,,,,"clases={""1"": 412, ""2"": 42, ""3"": 0, ""4"": 247, ""9"": 2}"
A4_mun_2021-2025,A4_mun_2021-2025_unico_c422_m0.25_r1.25_e1.2_s1_u0.1,"brecha=P-c(1+m)-S/e; clases 1-4,9",2021,2026,703,,,,,,,"clases={""1"": 393, ""2"": 61, ""3"": 0, ""4"": 247, ""9"": 2}"
A4_mun_2021-2025,A4_mun_2021-2025_unico_c422_m0.25_r1.25_e1.2_s1_u0.25,"brecha=P-c(1+m)-S/e; clases 1-4,9",2021,2026,703,,,,,,,"clases={""1"": 377, ""2"": 77, ""3"": 0, ""4"": 247, ""9"": 2}"
A4_mun_2021-2025,A4_mun_2021-2025_unico_c422_m0.25_r1.25_e1.6_s0_u0.0,"brecha=P-c(1+m)-S/e; clases 1-4,9",2021,2026,703,,,,,,,"clases={""1"": 412, ""2"": 42, ""3"": 0, ""4"": 247, ""9"": 2}"
A4_mun_2021-2025,A4_mun_2021-2025_unico_c422_m0.25_r1.25_e1.6_s0_u0.1,"brecha=P-c(1+m)-S/e; clases 1-4,9",2021,2026,703,,,,,,,"clases={""1"": 393, ""2"": 61, ""3"": 0, ""4"": 247, ""9"": 2}"
A4_mun_2021-2025,A4_mun_2021-2025_unico_c422_m0.25_r1.25_e1.6_s0_u0.25,"brecha=P-c(1+m)-S/e; clases 1-4,9",2021,2026,703,,,,,,,"clases={""1"": 377, ""2"": 77, ""3"": 0, ""4"": 247, ""9"": 2}"
A4_mun_2021-2025,A4_mun_2021-2025_unico_c422_m0.25_r1.25_e1.6_s1_u0.0,"brecha=P-c(1+m)-S/e; clases 1-4,9",2021,2026,703,,,,,,,"clases={""1"": 412, ""2"": 42, ""3"": 0, ""4"": 247, ""9"": 2}"
A4_mun_2021-2025,A4_mun_2021-2025_unico_c422_m0.25_r1.25_e1.6_s1_u0.1,"brecha=P-c(1+m)-S/e; clases 1-4,9",2021,2026,703,,,,,,,"clases={""1"": 393, ""2"": 61, ""3"": 0, ""4"": 247, ""9"": 2}"
A4_mun_2021-2025,A4_mun_2021-2025_unico_c422_m0.25_r1.25_e1.6_s1_u0.25,"brecha=P-c(1+m)-S/e; clases 1-4,9",2021,2026,703,,,,,,,"clases={""1"": 377, ""2"": 77, ""3"": 0, ""4"": 247, ""9"": 2}"
A4_mun_2021-2025,A4_mun_2021-2025_unico_c422_m0.25_r1.5_e0.8_s0_u0.0,"brecha=P-c(1+m)-S/e; clases 1-4,9",2021,2026,703,,,,,,,"clases={""1"": 416, ""2"": 37, ""3"": 1, ""4"": 247, ""9"": 2}"
A4_mun_2021-2025,A4_mun_2021-2025_unico_c422_m0.25_r1.5_e0.8_s0_u0.1,"brecha=P-c(1+m)-S/e; clases 1-4,9",2021,2026,703,,,,,,,"clases={""1"": 397, ""2"": 56, ""3"": 1, ""4"": 247, ""9"": 2}"
A4_mun_2021-2025,A4_mun_2021-2025_unico_c422_m0.25_r1.5_e0.8_s0_u0.25,"brecha=P-c(1+m)-S/e; clases 1-4,9",2021,2026,703,,,,,,,"clases={""1"": 381, ""2"": 72, ""3"": 1, ""4"": 247, ""9"": 2}"
A4_mun_2021-2025,A4_mun_2021-2025_unico_c422_m0.25_r1.5_e0.8_s1_u0.0,"brecha=P-c(1+m)-S/e; clases 1-4,9",2021,2026,703,,,,,,,"clases={""1"": 415, ""2"": 37, ""3"": 2, ""4"": 247, ""9"": 2}"
A4_mun_2021-2025,A4_mun_2021-2025_unico_c422_m0.25_r1.5_e0.8_s1_u0.1,"brecha=P-c(1+m)-S/e; clases 1-4,9",2021,2026,703,,,,,,,"clases={""1"": 396, ""2"": 56, ""3"": 2, ""4"": 247, ""9"": 2}"
A4_mun_2021-2025,A4_mun_2021-2025_unico_c422_m0.25_r1.5_e0.8_s1_u0.25,"brecha=P-c(1+m)-S/e; clases 1-4,9",2021,2026,703,,,,,,,"clases={""1"": 380, ""2"": 72, ""3"": 2, ""4"": 247, ""9"": 2}"
A4_mun_2021-2025,A4_mun_2021-2025_unico_c422_m0.25_r1.5_e1.2_s0_u0.0,"brecha=P-c(1+m)-S/e; clases 1-4,9",2021,2026,703,,,,,,,"clases={""1"": 414, ""2"": 40, ""3"": 0, ""4"": 247, ""9"": 2}"
A4_mun_2021-2025,A4_mun_2021-2025_unico_c422_m0.25_r1.5_e1.2_s0_u0.1,"brecha=P-c(1+m)-S/e; clases 1-4,9",2021,2026,703,,,,,,,"clases={""1"": 395, ""2"": 59, ""3"": 0, ""4"": 247, ""9"": 2}"
A4_mun_2021-2025,A4_mun_2021-2025_unico_c422_m0.25_r1.5_e1.2_s0_u0.25,"brecha=P-c(1+m)-S/e; clases 1-4,9",2021,2026,703,,,,,,,"clases={""1"": 379, ""2"": 75, ""3"": 0, ""4"": 247, ""9"": 2}"
A4_mun_2021-2025,A4_mun_2021-2025_unico_c422_m0.25_r1.5_e1.2_s1_u0.0,"brecha=P-c(1+m)-S/e; clases 1-4,9",2021,2026,703,,,,,,,"clases={""1"": 415, ""2"": 39, ""3"": 0, ""4"": 247, ""9"": 2}"
A4_mun_2021-2025,A4_mun_2021-2025_unico_c422_m0.25_r1.5_e1.2_s1_u0.1,"brecha=P-c(1+m)-S/e; clases 1-4,9",2021,2026,703,,,,,,,"clases={""1"": 396, ""2"": 58, ""3"": 0, ""4"": 247, ""9"": 2}"
A4_mun_2021-2025,A4_mun_2021-2025_unico_c422_m0.25_r1.5_e1.2_s1_u0.25,"brecha=P-c(1+m)-S/e; clases 1-4,9",2021,2026,703,,,,,,,"clases={""1"": 380, ""2"": 74, ""3"": 0, ""4"": 247, ""9"": 2}"
A4_mun_2021-2025,A4_mun_2021-2025_unico_c422_m0.25_r1.5_e1.6_s0_u0.0,"brecha=P-c(1+m)-S/e; clases 1-4,9",2021,2026,703,,,,,,,"clases={""1"": 412, ""2"": 42, ""3"": 0, ""4"": 247, ""9"": 2}"
A4_mun_2021-2025,A4_mun_2021-2025_unico_c422_m0.25_r1.5_e1.6_s0_u0.1,"brecha=P-c(1+m)-S/e; clases 1-4,9",2021,2026,703,,,,,,,"clases={""1"": 393, ""2"": 61, ""3"": 0, ""4"": 247, ""9"": 2}"
A4_mun_2021-2025,A4_mun_2021-2025_unico_c422_m0.25_r1.5_e1.6_s0_u0.25,"brecha=P-c(1+m)-S/e; clases 1-4,9",2021,2026,703,,,,,,,"clases={""1"": 377, ""2"": 77, ""3"": 0, ""4"": 247, ""9"": 2}"
A4_mun_2021-2025,A4_mun_2021-2025_unico_c422_m0.25_r1.5_e1.6_s1_u0.0,"brecha=P-c(1+m)-S/e; clases 1-4,9",2021,2026,703,,,,,,,"clases={""1"": 413, ""2"": 41, ""3"": 0, ""4"": 247, ""9"": 2}"
A4_mun_2021-2025,A4_mun_2021-2025_unico_c422_m0.25_r1.5_e1.6_s1_u0.1,"brecha=P-c(1+m)-S/e; clases 1-4,9",2021,2026,703,,,,,,,"clases={""1"": 394, ""2"": 60, ""3"": 0, ""4"": 247, ""9"": 2}"
A4_mun_2021-2025,A4_mun_2021-2025_unico_c422_m0.25_r1.5_e1.6_s1_u0.25,"brecha=P-c(1+m)-S/e; clases 1-4,9",2021,2026,703,,,,,,,"clases={""1"": 378, ""2"": 76, ""3"": 0, ""4"": 247, ""9"": 2}"
A4_mun_2021-2025,A4_mun_2021-2025_unico_c549_m0.15_r1.25_e0.8_s0_u0.0,"brecha=P-c(1+m)-S/e; clases 1-4,9",2021,2026,703,,,,,,,"clases={""1"": 409, ""2"": 37, ""3"": 8, ""4"": 247, ""9"": 2}"
A4_mun_2021-2025,A4_mun_2021-2025_unico_c549_m0.15_r1.25_e0.8_s0_u0.1,"brecha=P-c(1+m)-S/e; clases 1-4,9",2021,2026,703,,,,,,,"clases={""1"": 390, ""2"": 56, ""3"": 8, ""4"": 247, ""9"": 2}"
A4_mun_2021-2025,A4_mun_2021-2025_unico_c549_m0.15_r1.25_e0.8_s0_u0.25,"brecha=P-c(1+m)-S/e; clases 1-4,9",2021,2026,703,,,,,,,"clases={""1"": 374, ""2"": 72, ""3"": 8, ""4"": 247, ""9"": 2}"
A4_mun_2021-2025,A4_mun_2021-2025_unico_c549_m0.15_r1.25_e0.8_s1_u0.0,"brecha=P-c(1+m)-S/e; clases 1-4,9",2021,2026,703,,,,,,,"clases={""1"": 408, ""2"": 37, ""3"": 9, ""4"": 247, ""9"": 2}"
A4_mun_2021-2025,A4_mun_2021-2025_unico_c549_m0.15_r1.25_e0.8_s1_u0.1,"brecha=P-c(1+m)-S/e; clases 1-4,9",2021,2026,703,,,,,,,"clases={""1"": 389, ""2"": 56, ""3"": 9, ""4"": 247, ""9"": 2}"
A4_mun_2021-2025,A4_mun_2021-2025_unico_c549_m0.15_r1.25_e0.8_s1_u0.25,"brecha=P-c(1+m)-S/e; clases 1-4,9",2021,2026,703,,,,,,,"clases={""1"": 373, ""2"": 72, ""3"": 9, ""4"": 247, ""9"": 2}"
A4_mun_2021-2025,A4_mun_2021-2025_unico_c549_m0.15_r1.25_e1.2_s0_u0.0,"brecha=P-c(1+m)-S/e; clases 1-4,9",2021,2026,703,,,,,,,"clases={""1"": 413, ""2"": 40, ""3"": 1, ""4"": 247, ""9"": 2}"
A4_mun_2021-2025,A4_mun_2021-2025_unico_c549_m0.15_r1.25_e1.2_s0_u0.1,"brecha=P-c(1+m)-S/e; clases 1-4,9",2021,2026,703,,,,,,,"clases={""1"": 394, ""2"": 59, ""3"": 1, ""4"": 247, ""9"": 2}"
A4_mun_2021-2025,A4_mun_2021-2025_unico_c549_m0.15_r1.25_e1.2_s0_u0.25,"brecha=P-c(1+m)-S/e; clases 1-4,9",2021,2026,703,,,,,,,"clases={""1"": 378, ""2"": 75, ""3"": 1, ""4"": 247, ""9"": 2}"
A4_mun_2021-2025,A4_mun_2021-2025_unico_c549_m0.15_r1.25_e1.2_s1_u0.0,"brecha=P-c(1+m)-S/e; clases 1-4,9",2021,2026,703,,,,,,,"clases={""1"": 414, ""2"": 39, ""3"": 1, ""4"": 247, ""9"": 2}"
A4_mun_2021-2025,A4_mun_2021-2025_unico_c549_m0.15_r1.25_e1.2_s1_u0.1,"brecha=P-c(1+m)-S/e; clases 1-4,9",2021,2026,703,,,,,,,"clases={""1"": 395, ""2"": 58, ""3"": 1, ""4"": 247, ""9"": 2}"
A4_mun_2021-2025,A4_mun_2021-2025_unico_c549_m0.15_r1.25_e1.2_s1_u0.25,"brecha=P-c(1+m)-S/e; clases 1-4,9",2021,2026,703,,,,,,,"clases={""1"": 379, ""2"": 74, ""3"": 1, ""4"": 247, ""9"": 2}"
A4_mun_2021-2025,A4_mun_2021-2025_unico_c549_m0.15_r1.25_e1.6_s0_u0.0,"brecha=P-c(1+m)-S/e; clases 1-4,9",2021,2026,703,,,,,,,"clases={""1"": 411, ""2"": 42, ""3"": 1, ""4"": 247, ""9"": 2}"
A4_mun_2021-2025,A4_mun_2021-2025_unico_c549_m0.15_r1.25_e1.6_s0_u0.1,"brecha=P-c(1+m)-S/e; clases 1-4,9",2021,2026,703,,,,,,,"clases={""1"": 392, ""2"": 61, ""3"": 1, ""4"": 247, ""9"": 2}"
A4_mun_2021-2025,A4_mun_2021-2025_unico_c549_m0.15_r1.25_e1.6_s0_u0.25,"brecha=P-c(1+m)-S/e; clases 1-4,9",2021,2026,703,,,,,,,"clases={""1"": 376, ""2"": 77, ""3"": 1, ""4"": 247, ""9"": 2}"
A4_mun_2021-2025,A4_mun_2021-2025_unico_c549_m0.15_r1.25_e1.6_s1_u0.0,"brecha=P-c(1+m)-S/e; clases 1-4,9",2021,2026,703,,,,,,,"clases={""1"": 412, ""2"": 41, ""3"": 1, ""4"": 247, ""9"": 2}"
A4_mun_2021-2025,A4_mun_2021-2025_unico_c549_m0.15_r1.25_e1.6_s1_u0.1,"brecha=P-c(1+m)-S/e; clases 1-4,9",2021,2026,703,,,,,,,"clases={""1"": 393, ""2"": 60, ""3"": 1, ""4"": 247, ""9"": 2}"
A4_mun_2021-2025,A4_mun_2021-2025_unico_c549_m0.15_r1.25_e1.6_s1_u0.25,"brecha=P-c(1+m)-S/e; clases 1-4,9",2021,2026,703,,,,,,,"clases={""1"": 377, ""2"": 76, ""3"": 1, ""4"": 247, ""9"": 2}"
A4_mun_2021-2025,A4_mun_2021-2025_unico_c549_m0.15_r1.5_e0.8_s0_u0.0,"brecha=P-c(1+m)-S/e; clases 1-4,9",2021,2026,703,,,,,,,"clases={""1"": 411, ""2"": 35, ""3"": 8, ""4"": 247, ""9"": 2}"
A4_mun_2021-2025,A4_mun_2021-2025_unico_c549_m0.15_r1.5_e0.8_s0_u0.1,"brecha=P-c(1+m)-S/e; clases 1-4,9",2021,2026,703,,,,,,,"clases={""1"": 393, ""2"": 53, ""3"": 8, ""4"": 247, ""9"": 2}"
A4_mun_2021-2025,A4_mun_2021-2025_unico_c549_m0.15_r1.5_e0.8_s0_u0.25,"brecha=P-c(1+m)-S/e; clases 1-4,9",2021,2026,703,,,,,,,"clases={""1"": 379, ""2"": 67, ""3"": 8, ""4"": 247, ""9"": 2}"
A4_mun_2021-2025,A4_mun_2021-2025_unico_c549_m0.15_r1.5_e0.8_s1_u0.0,"brecha=P-c(1+m)-S/e; clases 1-4,9",2021,2026,703,,,,,,,"clases={""1"": 410, ""2"": 35, ""3"": 9, ""4"": 247, ""9"": 2}"
A4_mun_2021-2025,A4_mun_2021-2025_unico_c549_m0.15_r1.5_e0.8_s1_u0.1,"brecha=P-c(1+m)-S/e; clases 1-4,9",2021,2026,703,,,,,,,"clases={""1"": 392, ""2"": 53, ""3"": 9, ""4"": 247, ""9"": 2}"
A4_mun_2021-2025,A4_mun_2021-2025_unico_c549_m0.15_r1.5_e0.8_s1_u0.25,"brecha=P-c(1+m)-S/e; clases 1-4,9",2021,2026,703,,,,,,,"clases={""1"": 378, ""2"": 67, ""3"": 9, ""4"": 247, ""9"": 2}"
A4_mun_2021-2025,A4_mun_2021-2025_unico_c549_m0.15_r1.5_e1.2_s0_u0.0,"brecha=P-c(1+m)-S/e; clases 1-4,9",2021,2026,703,,,,,,,"clases={""1"": 417, ""2"": 36, ""3"": 1, ""4"": 247, ""9"": 2}"
A4_mun_2021-2025,A4_mun_2021-2025_unico_c549_m0.15_r1.5_e1.2_s0_u0.1,"brecha=P-c(1+m)-S/e; clases 1-4,9",2021,2026,703,,,,,,,"clases={""1"": 398, ""2"": 55, ""3"": 1, ""4"": 247, ""9"": 2}"
A4_mun_2021-2025,A4_mun_2021-2025_unico_c549_m0.15_r1.5_e1.2_s0_u0.25,"brecha=P-c(1+m)-S/e; clases 1-4,9",2021,2026,703,,,,,,,"clases={""1"": 383, ""2"": 70, ""3"": 1, ""4"": 247, ""9"": 2}"
A4_mun_2021-2025,A4_mun_2021-2025_unico_c549_m0.15_r1.5_e1.2_s1_u0.0,"brecha=P-c(1+m)-S/e; clases 1-4,9",2021,2026,703,,,,,,,"clases={""1"": 417, ""2"": 36, ""3"": 1, ""4"": 247, ""9"": 2}"
A4_mun_2021-2025,A4_mun_2021-2025_unico_c549_m0.15_r1.5_e1.2_s1_u0.1,"brecha=P-c(1+m)-S/e; clases 1-4,9",2021,2026,703,,,,,,,"clases={""1"": 398, ""2"": 55, ""3"": 1, ""4"": 247, ""9"": 2}"
A4_mun_2021-2025,A4_mun_2021-2025_unico_c549_m0.15_r1.5_e1.2_s1_u0.25,"brecha=P-c(1+m)-S/e; clases 1-4,9",2021,2026,703,,,,,,,"clases={""1"": 383, ""2"": 70, ""3"": 1, ""4"": 247, ""9"": 2}"
A4_mun_2021-2025,A4_mun_2021-2025_unico_c549_m0.15_r1.5_e1.6_s0_u0.0,"brecha=P-c(1+m)-S/e; clases 1-4,9",2021,2026,703,,,,,,,"clases={""1"": 417, ""2"": 36, ""3"": 1, ""4"": 247, ""9"": 2}"
A4_mun_2021-2025,A4_mun_2021-2025_unico_c549_m0.15_r1.5_e1.6_s0_u0.1,"brecha=P-c(1+m)-S/e; clases 1-4,9",2021,2026,703,,,,,,,"clases={""1"": 398, ""2"": 55, ""3"": 1, ""4"": 247, ""9"": 2}"
A4_mun_2021-2025,A4_mun_2021-2025_unico_c549_m0.15_r1.5_e1.6_s0_u0.25,"brecha=P-c(1+m)-S/e; clases 1-4,9",2021,2026,703,,,,,,,"clases={""1"": 383, ""2"": 70, ""3"": 1, ""4"": 247, ""9"": 2}"
A4_mun_2021-2025,A4_mun_2021-2025_unico_c549_m0.15_r1.5_e1.6_s1_u0.0,"brecha=P-c(1+m)-S/e; clases 1-4,9",2021,2026,703,,,,,,,"clases={""1"": 417, ""2"": 36, ""3"": 1, ""4"": 247, ""9"": 2}"
A4_mun_2021-2025,A4_mun_2021-2025_unico_c549_m0.15_r1.5_e1.6_s1_u0.1,"brecha=P-c(1+m)-S/e; clases 1-4,9",2021,2026,703,,,,,,,"clases={""1"": 398, ""2"": 55, ""3"": 1, ""4"": 247, ""9"": 2}"
A4_mun_2021-2025,A4_mun_2021-2025_unico_c549_m0.15_r1.5_e1.6_s1_u0.25,"brecha=P-c(1+m)-S/e; clases 1-4,9",2021,2026,703,,,,,,,"clases={""1"": 383, ""2"": 70, ""3"": 1, ""4"": 247, ""9"": 2}"
A4_mun_2021-2025,A4_mun_2021-2025_unico_c549_m0.2_r1.25_e0.8_s0_u0.0,"brecha=P-c(1+m)-S/e; clases 1-4,9",2021,2026,703,,,,,,,"clases={""1"": 405, ""2"": 37, ""3"": 12, ""4"": 247, ""9"": 2}"
A4_mun_2021-2025,A4_mun_2021-2025_unico_c549_m0.2_r1.25_e0.8_s0_u0.1,"brecha=P-c(1+m)-S/e; clases 1-4,9",2021,2026,703,,,,,,,"clases={""1"": 386, ""2"": 56, ""3"": 12, ""4"": 247, ""9"": 2}"
A4_mun_2021-2025,A4_mun_2021-2025_unico_c549_m0.2_r1.25_e0.8_s0_u0.25,"brecha=P-c(1+m)-S/e; clases 1-4,9",2021,2026,703,,,,,,,"clases={""1"": 370, ""2"": 72, ""3"": 12, ""4"": 247, ""9"": 2}"
A4_mun_2021-2025,A4_mun_2021-2025_unico_c549_m0.2_r1.25_e0.8_s1_u0.0,"brecha=P-c(1+m)-S/e; clases 1-4,9",2021,2026,703,,,,,,,"clases={""1"": 404, ""2"": 37, ""3"": 13, ""4"": 247, ""9"": 2}"
A4_mun_2021-2025,A4_mun_2021-2025_unico_c549_m0.2_r1.25_e0.8_s1_u0.1,"brecha=P-c(1+m)-S/e; clases 1-4,9",2021,2026,703,,,,,,,"clases={""1"": 385, ""2"": 56, ""3"": 13, ""4"": 247, ""9"": 2}"
A4_mun_2021-2025,A4_mun_2021-2025_unico_c549_m0.2_r1.25_e0.8_s1_u0.25,"brecha=P-c(1+m)-S/e; clases 1-4,9",2021,2026,703,,,,,,,"clases={""1"": 369, ""2"": 72, ""3"": 13, ""4"": 247, ""9"": 2}"
A4_mun_2021-2025,A4_mun_2021-2025_unico_c549_m0.2_r1.25_e1.2_s0_u0.0,"brecha=P-c(1+m)-S/e; clases 1-4,9",2021,2026,703,,,,,,,"clases={""1"": 412, ""2"": 40, ""3"": 2, ""4"": 247, ""9"": 2}"
A4_mun_2021-2025,A4_mun_2021-2025_unico_c549_m0.2_r1.25_e1.2_s0_u0.1,"brecha=P-c(1+m)-S/e; clases 1-4,9",2021,2026,703,,,,,,,"clases={""1"": 393, ""2"": 59, ""3"": 2, ""4"": 247, ""9"": 2}"
A4_mun_2021-2025,A4_mun_2021-2025_unico_c549_m0.2_r1.25_e1.2_s0_u0.25,"brecha=P-c(1+m)-S/e; clases 1-4,9",2021,2026,703,,,,,,,"clases={""1"": 377, ""2"": 75, ""3"": 2, ""4"": 247, ""9"": 2}"
A4_mun_2021-2025,A4_mun_2021-2025_unico_c549_m0.2_r1.25_e1.2_s1_u0.0,"brecha=P-c(1+m)-S/e; clases 1-4,9",2021,2026,703,,,,,,,"clases={""1"": 412, ""2"": 39, ""3"": 3, ""4"": 247, ""9"": 2}"
A4_mun_2021-2025,A4_mun_2021-2025_unico_c549_m0.2_r1.25_e1.2_s1_u0.1,"brecha=P-c(1+m)-S/e; clases 1-4,9",2021,2026,703,,,,,,,"clases={""1"": 393, ""2"": 58, ""3"": 3, ""4"": 247, ""9"": 2}"
A4_mun_2021-2025,A4_mun_2021-2025_unico_c549_m0.2_r1.25_e1.2_s1_u0.25,"brecha=P-c(1+m)-S/e; clases 1-4,9",2021,2026,703,,,,,,,"clases={""1"": 377, ""2"": 74, ""3"": 3, ""4"": 247, ""9"": 2}"
A4_mun_2021-2025,A4_mun_2021-2025_unico_c549_m0.2_r1.25_e1.6_s0_u0.0,"brecha=P-c(1+m)-S/e; clases 1-4,9",2021,2026,703,,,,,,,"clases={""1"": 411, ""2"": 42, ""3"": 1, ""4"": 247, ""9"": 2}"
A4_mun_2021-2025,A4_mun_2021-2025_unico_c549_m0.2_r1.25_e1.6_s0_u0.1,"brecha=P-c(1+m)-S/e; clases 1-4,9",2021,2026,703,,,,,,,"clases={""1"": 392, ""2"": 61, ""3"": 1, ""4"": 247, ""9"": 2}"
A4_mun_2021-2025,A4_mun_2021-2025_unico_c549_m0.2_r1.25_e1.6_s0_u0.25,"brecha=P-c(1+m)-S/e; clases 1-4,9",2021,2026,703,,,,,,,"clases={""1"": 376, ""2"": 77, ""3"": 1, ""4"": 247, ""9"": 2}"
A4_mun_2021-2025,A4_mun_2021-2025_unico_c549_m0.2_r1.25_e1.6_s1_u0.0,"brecha=P-c(1+m)-S/e; clases 1-4,9",2021,2026,703,,,,,,,"clases={""1"": 412, ""2"": 41, ""3"": 1, ""4"": 247, ""9"": 2}"
A4_mun_2021-2025,A4_mun_2021-2025_unico_c549_m0.2_r1.25_e1.6_s1_u0.1,"brecha=P-c(1+m)-S/e; clases 1-4,9",2021,2026,703,,,,,,,"clases={""1"": 393, ""2"": 60, ""3"": 1, ""4"": 247, ""9"": 2}"
A4_mun_2021-2025,A4_mun_2021-2025_unico_c549_m0.2_r1.25_e1.6_s1_u0.25,"brecha=P-c(1+m)-S/e; clases 1-4,9",2021,2026,703,,,,,,,"clases={""1"": 377, ""2"": 76, ""3"": 1, ""4"": 247, ""9"": 2}"
A4_mun_2021-2025,A4_mun_2021-2025_unico_c549_m0.2_r1.5_e0.8_s0_u0.0,"brecha=P-c(1+m)-S/e; clases 1-4,9",2021,2026,703,,,,,,,"clases={""1"": 407, ""2"": 35, ""3"": 12, ""4"": 247, ""9"": 2}"
A4_mun_2021-2025,A4_mun_2021-2025_unico_c549_m0.2_r1.5_e0.8_s0_u0.1,"brecha=P-c(1+m)-S/e; clases 1-4,9",2021,2026,703,,,,,,,"clases={""1"": 389, ""2"": 53, ""3"": 12, ""4"": 247, ""9"": 2}"
A4_mun_2021-2025,A4_mun_2021-2025_unico_c549_m0.2_r1.5_e0.8_s0_u0.25,"brecha=P-c(1+m)-S/e; clases 1-4,9",2021,2026,703,,,,,,,"clases={""1"": 375, ""2"": 67, ""3"": 12, ""4"": 247, ""9"": 2}"
A4_mun_2021-2025,A4_mun_2021-2025_unico_c549_m0.2_r1.5_e0.8_s1_u0.0,"brecha=P-c(1+m)-S/e; clases 1-4,9",2021,2026,703,,,,,,,"clases={""1"": 406, ""2"": 35, ""3"": 13, ""4"": 247, ""9"": 2}"
A4_mun_2021-2025,A4_mun_2021-2025_unico_c549_m0.2_r1.5_e0.8_s1_u0.1,"brecha=P-c(1+m)-S/e; clases 1-4,9",2021,2026,703,,,,,,,"clases={""1"": 388, ""2"": 53, ""3"": 13, ""4"": 247, ""9"": 2}"
A4_mun_2021-2025,A4_mun_2021-2025_unico_c549_m0.2_r1.5_e0.8_s1_u0.25,"brecha=P-c(1+m)-S/e; clases 1-4,9",2021,2026,703,,,,,,,"clases={""1"": 374, ""2"": 67, ""3"": 13, ""4"": 247, ""9"": 2}"
A4_mun_2021-2025,A4_mun_2021-2025_unico_c549_m0.2_r1.5_e1.2_s0_u0.0,"brecha=P-c(1+m)-S/e; clases 1-4,9",2021,2026,703,,,,,,,"clases={""1"": 416, ""2"": 36, ""3"": 2, ""4"": 247, ""9"": 2}"
A4_mun_2021-2025,A4_mun_2021-2025_unico_c549_m0.2_r1.5_e1.2_s0_u0.1,"brecha=P-c(1+m)-S/e; clases 1-4,9",2021,2026,703,,,,,,,"clases={""1"": 397, ""2"": 55, ""3"": 2, ""4"": 247, ""9"": 2}"
A4_mun_2021-2025,A4_mun_2021-2025_unico_c549_m0.2_r1.5_e1.2_s0_u0.25,"brecha=P-c(1+m)-S/e; clases 1-4,9",2021,2026,703,,,,,,,"clases={""1"": 382, ""2"": 70, ""3"": 2, ""4"": 247, ""9"": 2}"
A4_mun_2021-2025,A4_mun_2021-2025_unico_c549_m0.2_r1.5_e1.2_s1_u0.0,"brecha=P-c(1+m)-S/e; clases 1-4,9",2021,2026,703,,,,,,,"clases={""1"": 415, ""2"": 36, ""3"": 3, ""4"": 247, ""9"": 2}"
A4_mun_2021-2025,A4_mun_2021-2025_unico_c549_m0.2_r1.5_e1.2_s1_u0.1,"brecha=P-c(1+m)-S/e; clases 1-4,9",2021,2026,703,,,,,,,"clases={""1"": 396, ""2"": 55, ""3"": 3, ""4"": 247, ""9"": 2}"
A4_mun_2021-2025,A4_mun_2021-2025_unico_c549_m0.2_r1.5_e1.2_s1_u0.25,"brecha=P-c(1+m)-S/e; clases 1-4,9",2021,2026,703,,,,,,,"clases={""1"": 381, ""2"": 70, ""3"": 3, ""4"": 247, ""9"": 2}"
A4_mun_2021-2025,A4_mun_2021-2025_unico_c549_m0.2_r1.5_e1.6_s0_u0.0,"brecha=P-c(1+m)-S/e; clases 1-4,9",2021,2026,703,,,,,,,"clases={""1"": 417, ""2"": 36, ""3"": 1, ""4"": 247, ""9"": 2}"
A4_mun_2021-2025,A4_mun_2021-2025_unico_c549_m0.2_r1.5_e1.6_s0_u0.1,"brecha=P-c(1+m)-S/e; clases 1-4,9",2021,2026,703,,,,,,,"clases={""1"": 398, ""2"": 55, ""3"": 1, ""4"": 247, ""9"": 2}"
A4_mun_2021-2025,A4_mun_2021-2025_unico_c549_m0.2_r1.5_e1.6_s0_u0.25,"brecha=P-c(1+m)-S/e; clases 1-4,9",2021,2026,703,,,,,,,"clases={""1"": 383, ""2"": 70, ""3"": 1, ""4"": 247, ""9"": 2}"
A4_mun_2021-2025,A4_mun_2021-2025_unico_c549_m0.2_r1.5_e1.6_s1_u0.0,"brecha=P-c(1+m)-S/e; clases 1-4,9",2021,2026,703,,,,,,,"clases={""1"": 417, ""2"": 36, ""3"": 1, ""4"": 247, ""9"": 2}"
A4_mun_2021-2025,A4_mun_2021-2025_unico_c549_m0.2_r1.5_e1.6_s1_u0.1,"brecha=P-c(1+m)-S/e; clases 1-4,9",2021,2026,703,,,,,,,"clases={""1"": 398, ""2"": 55, ""3"": 1, ""4"": 247, ""9"": 2}"
A4_mun_2021-2025,A4_mun_2021-2025_unico_c549_m0.2_r1.5_e1.6_s1_u0.25,"brecha=P-c(1+m)-S/e; clases 1-4,9",2021,2026,703,,,,,,,"clases={""1"": 383, ""2"": 70, ""3"": 1, ""4"": 247, ""9"": 2}"
A4_mun_2021-2025,A4_mun_2021-2025_unico_c549_m0.25_r1.25_e0.8_s0_u0.0,"brecha=P-c(1+m)-S/e; clases 1-4,9",2021,2026,703,,,,,,,"clases={""1"": 402, ""2"": 37, ""3"": 15, ""4"": 247, ""9"": 2}"
A4_mun_2021-2025,A4_mun_2021-2025_unico_c549_m0.25_r1.25_e0.8_s0_u0.1,"brecha=P-c(1+m)-S/e; clases 1-4,9",2021,2026,703,,,,,,,"clases={""1"": 383, ""2"": 56, ""3"": 15, ""4"": 247, ""9"": 2}"
A4_mun_2021-2025,A4_mun_2021-2025_unico_c549_m0.25_r1.25_e0.8_s0_u0.25,"brecha=P-c(1+m)-S/e; clases 1-4,9",2021,2026,703,,,,,,,"clases={""1"": 367, ""2"": 72, ""3"": 15, ""4"": 247, ""9"": 2}"
A4_mun_2021-2025,A4_mun_2021-2025_unico_c549_m0.25_r1.25_e0.8_s1_u0.0,"brecha=P-c(1+m)-S/e; clases 1-4,9",2021,2026,703,,,,,,,"clases={""1"": 401, ""2"": 37, ""3"": 16, ""4"": 247, ""9"": 2}"
A4_mun_2021-2025,A4_mun_2021-2025_unico_c549_m0.25_r1.25_e0.8_s1_u0.1,"brecha=P-c(1+m)-S/e; clases 1-4,9",2021,2026,703,,,,,,,"clases={""1"": 382, ""2"": 56, ""3"": 16, ""4"": 247, ""9"": 2}"
A4_mun_2021-2025,A4_mun_2021-2025_unico_c549_m0.25_r1.25_e0.8_s1_u0.25,"brecha=P-c(1+m)-S/e; clases 1-4,9",2021,2026,703,,,,,,,"clases={""1"": 366, ""2"": 72, ""3"": 16, ""4"": 247, ""9"": 2}"
A4_mun_2021-2025,A4_mun_2021-2025_unico_c549_m0.25_r1.25_e1.2_s0_u0.0,"brecha=P-c(1+m)-S/e; clases 1-4,9",2021,2026,703,,,,,,,"clases={""1"": 408, ""2"": 40, ""3"": 6, ""4"": 247, ""9"": 2}"
A4_mun_2021-2025,A4_mun_2021-2025_unico_c549_m0.25_r1.25_e1.2_s0_u0.1,"brecha=P-c(1+m)-S/e; clases 1-4,9",2021,2026,703,,,,,,,"clases={""1"": 389, ""2"": 59, ""3"": 6, ""4"": 247, ""9"": 2}"
A4_mun_2021-2025,A4_mun_2021-2025_unico_c549_m0.25_r1.25_e1.2_s0_u0.25,"brecha=P-c(1+m)-S/e; clases 1-4,9",2021,2026,703,,,,,,,"clases={""1"": 373, ""2"": 75, ""3"": 6, ""4"": 247, ""9"": 2}"
A4_mun_2021-2025,A4_mun_2021-2025_unico_c549_m0.25_r1.25_e1.2_s1_u0.0,"brecha=P-c(1+m)-S/e; clases 1-4,9",2021,2026,703,,,,,,,"clases={""1"": 408, ""2"": 39, ""3"": 7, ""4"": 247, ""9"": 2}"
A4_mun_2021-2025,A4_mun_2021-2025_unico_c549_m0.25_r1.25_e1.2_s1_u0.1,"brecha=P-c(1+m)-S/e; clases 1-4,9",2021,2026,703,,,,,,,"clases={""1"": 389, ""2"": 58, ""3"": 7, ""4"": 247, ""9"": 2}"
A4_mun_2021-2025,A4_mun_2021-2025_unico_c549_m0.25_r1.25_e1.2_s1_u0.25,"brecha=P-c(1+m)-S/e; clases 1-4,9",2021,2026,703,,,,,,,"clases={""1"": 373, ""2"": 74, ""3"": 7, ""4"": 247, ""9"": 2}"
A4_mun_2021-2025,A4_mun_2021-2025_unico_c549_m0.25_r1.25_e1.6_s0_u0.0,"brecha=P-c(1+m)-S/e; clases 1-4,9",2021,2026,703,,,,,,,"clases={""1"": 410, ""2"": 42, ""3"": 2, ""4"": 247, ""9"": 2}"
A4_mun_2021-2025,A4_mun_2021-2025_unico_c549_m0.25_r1.25_e1.6_s0_u0.1,"brecha=P-c(1+m)-S/e; clases 1-4,9",2021,2026,703,,,,,,,"clases={""1"": 391, ""2"": 61, ""3"": 2, ""4"": 247, ""9"": 2}"
A4_mun_2021-2025,A4_mun_2021-2025_unico_c549_m0.25_r1.25_e1.6_s0_u0.25,"brecha=P-c(1+m)-S/e; clases 1-4,9",2021,2026,703,,,,,,,"clases={""1"": 375, ""2"": 77, ""3"": 2, ""4"": 247, ""9"": 2}"
A4_mun_2021-2025,A4_mun_2021-2025_unico_c549_m0.25_r1.25_e1.6_s1_u0.0,"brecha=P-c(1+m)-S/e; clases 1-4,9",2021,2026,703,,,,,,,"clases={""1"": 411, ""2"": 41, ""3"": 2, ""4"": 247, ""9"": 2}"
A4_mun_2021-2025,A4_mun_2021-2025_unico_c549_m0.25_r1.25_e1.6_s1_u0.1,"brecha=P-c(1+m)-S/e; clases 1-4,9",2021,2026,703,,,,,,,"clases={""1"": 392, ""2"": 60, ""3"": 2, ""4"": 247, ""9"": 2}"
A4_mun_2021-2025,A4_mun_2021-2025_unico_c549_m0.25_r1.25_e1.6_s1_u0.25,"brecha=P-c(1+m)-S/e; clases 1-4,9",2021,2026,703,,,,,,,"clases={""1"": 376, ""2"": 76, ""3"": 2, ""4"": 247, ""9"": 2}"
A4_mun_2021-2025,A4_mun_2021-2025_unico_c549_m0.25_r1.5_e0.8_s0_u0.0,"brecha=P-c(1+m)-S/e; clases 1-4,9",2021,2026,703,,,,,,,"clases={""1"": 404, ""2"": 35, ""3"": 15, ""4"": 247, ""9"": 2}"
A4_mun_2021-2025,A4_mun_2021-2025_unico_c549_m0.25_r1.5_e0.8_s0_u0.1,"brecha=P-c(1+m)-S/e; clases 1-4,9",2021,2026,703,,,,,,,"clases={""1"": 386, ""2"": 53, ""3"": 15, ""4"": 247, ""9"": 2}"
A4_mun_2021-2025,A4_mun_2021-2025_unico_c549_m0.25_r1.5_e0.8_s0_u0.25,"brecha=P-c(1+m)-S/e; clases 1-4,9",2021,2026,703,,,,,,,"clases={""1"": 372, ""2"": 67, ""3"": 15, ""4"": 247, ""9"": 2}"
A4_mun_2021-2025,A4_mun_2021-2025_unico_c549_m0.25_r1.5_e0.8_s1_u0.0,"brecha=P-c(1+m)-S/e; clases 1-4,9",2021,2026,703,,,,,,,"clases={""1"": 403, ""2"": 35, ""3"": 16, ""4"": 247, ""9"": 2}"
A4_mun_2021-2025,A4_mun_2021-2025_unico_c549_m0.25_r1.5_e0.8_s1_u0.1,"brecha=P-c(1+m)-S/e; clases 1-4,9",2021,2026,703,,,,,,,"clases={""1"": 385, ""2"": 53, ""3"": 16, ""4"": 247, ""9"": 2}"
A4_mun_2021-2025,A4_mun_2021-2025_unico_c549_m0.25_r1.5_e0.8_s1_u0.25,"brecha=P-c(1+m)-S/e; clases 1-4,9",2021,2026,703,,,,,,,"clases={""1"": 371, ""2"": 67, ""3"": 16, ""4"": 247, ""9"": 2}"
A4_mun_2021-2025,A4_mun_2021-2025_unico_c549_m0.25_r1.5_e1.2_s0_u0.0,"brecha=P-c(1+m)-S/e; clases 1-4,9",2021,2026,703,,,,,,,"clases={""1"": 412, ""2"": 36, ""3"": 6, ""4"": 247, ""9"": 2}"
A4_mun_2021-2025,A4_mun_2021-2025_unico_c549_m0.25_r1.5_e1.2_s0_u0.1,"brecha=P-c(1+m)-S/e; clases 1-4,9",2021,2026,703,,,,,,,"clases={""1"": 393, ""2"": 55, ""3"": 6, ""4"": 247, ""9"": 2}"
A4_mun_2021-2025,A4_mun_2021-2025_unico_c549_m0.25_r1.5_e1.2_s0_u0.25,"brecha=P-c(1+m)-S/e; clases 1-4,9",2021,2026,703,,,,,,,"clases={""1"": 378, ""2"": 70, ""3"": 6, ""4"": 247, ""9"": 2}"
A4_mun_2021-2025,A4_mun_2021-2025_unico_c549_m0.25_r1.5_e1.2_s1_u0.0,"brecha=P-c(1+m)-S/e; clases 1-4,9",2021,2026,703,,,,,,,"clases={""1"": 411, ""2"": 36, ""3"": 7, ""4"": 247, ""9"": 2}"
A4_mun_2021-2025,A4_mun_2021-2025_unico_c549_m0.25_r1.5_e1.2_s1_u0.1,"brecha=P-c(1+m)-S/e; clases 1-4,9",2021,2026,703,,,,,,,"clases={""1"": 392, ""2"": 55, ""3"": 7, ""4"": 247, ""9"": 2}"
A4_mun_2021-2025,A4_mun_2021-2025_unico_c549_m0.25_r1.5_e1.2_s1_u0.25,"brecha=P-c(1+m)-S/e; clases 1-4,9",2021,2026,703,,,,,,,"clases={""1"": 377, ""2"": 70, ""3"": 7, ""4"": 247, ""9"": 2}"
A4_mun_2021-2025,A4_mun_2021-2025_unico_c549_m0.25_r1.5_e1.6_s0_u0.0,"brecha=P-c(1+m)-S/e; clases 1-4,9",2021,2026,703,,,,,,,"clases={""1"": 416, ""2"": 36, ""3"": 2, ""4"": 247, ""9"": 2}"
A4_mun_2021-2025,A4_mun_2021-2025_unico_c549_m0.25_r1.5_e1.6_s0_u0.1,"brecha=P-c(1+m)-S/e; clases 1-4,9",2021,2026,703,,,,,,,"clases={""1"": 397, ""2"": 55, ""3"": 2, ""4"": 247, ""9"": 2}"
A4_mun_2021-2025,A4_mun_2021-2025_unico_c549_m0.25_r1.5_e1.6_s0_u0.25,"brecha=P-c(1+m)-S/e; clases 1-4,9",2021,2026,703,,,,,,,"clases={""1"": 382, ""2"": 70, ""3"": 2, ""4"": 247, ""9"": 2}"
A4_mun_2021-2025,A4_mun_2021-2025_unico_c549_m0.25_r1.5_e1.6_s1_u0.0,"brecha=P-c(1+m)-S/e; clases 1-4,9",2021,2026,703,,,,,,,"clases={""1"": 416, ""2"": 36, ""3"": 2, ""4"": 247, ""9"": 2}"
A4_mun_2021-2025,A4_mun_2021-2025_unico_c549_m0.25_r1.5_e1.6_s1_u0.1,"brecha=P-c(1+m)-S/e; clases 1-4,9",2021,2026,703,,,,,,,"clases={""1"": 397, ""2"": 55, ""3"": 2, ""4"": 247, ""9"": 2}"
A4_mun_2021-2025,A4_mun_2021-2025_unico_c549_m0.25_r1.5_e1.6_s1_u0.25,"brecha=P-c(1+m)-S/e; clases 1-4,9",2021,2026,703,,,,,,,"clases={""1"": 382, ""2"": 70, ""3"": 2, ""4"": 247, ""9"": 2}"
A4_mun_2021-2025,A4_mun_2021-2025_unico_c677_m0.15_r1.25_e0.8_s0_u0.0,"brecha=P-c(1+m)-S/e; clases 1-4,9",2021,2026,703,,,,,,,"clases={""1"": 397, ""2"": 35, ""3"": 22, ""4"": 247, ""9"": 2}"
A4_mun_2021-2025,A4_mun_2021-2025_unico_c677_m0.15_r1.25_e0.8_s0_u0.1,"brecha=P-c(1+m)-S/e; clases 1-4,9",2021,2026,703,,,,,,,"clases={""1"": 379, ""2"": 53, ""3"": 22, ""4"": 247, ""9"": 2}"
A4_mun_2021-2025,A4_mun_2021-2025_unico_c677_m0.15_r1.25_e0.8_s0_u0.25,"brecha=P-c(1+m)-S/e; clases 1-4,9",2021,2026,703,,,,,,,"clases={""1"": 365, ""2"": 67, ""3"": 22, ""4"": 247, ""9"": 2}"
A4_mun_2021-2025,A4_mun_2021-2025_unico_c677_m0.15_r1.25_e0.8_s1_u0.0,"brecha=P-c(1+m)-S/e; clases 1-4,9",2021,2026,703,,,,,,,"clases={""1"": 397, ""2"": 35, ""3"": 22, ""4"": 247, ""9"": 2}"
A4_mun_2021-2025,A4_mun_2021-2025_unico_c677_m0.15_r1.25_e0.8_s1_u0.1,"brecha=P-c(1+m)-S/e; clases 1-4,9",2021,2026,703,,,,,,,"clases={""1"": 379, ""2"": 53, ""3"": 22, ""4"": 247, ""9"": 2}"
A4_mun_2021-2025,A4_mun_2021-2025_unico_c677_m0.15_r1.25_e0.8_s1_u0.25,"brecha=P-c(1+m)-S/e; clases 1-4,9",2021,2026,703,,,,,,,"clases={""1"": 365, ""2"": 67, ""3"": 22, ""4"": 247, ""9"": 2}"
A4_mun_2021-2025,A4_mun_2021-2025_unico_c677_m0.15_r1.25_e1.2_s0_u0.0,"brecha=P-c(1+m)-S/e; clases 1-4,9",2021,2026,703,,,,,,,"clases={""1"": 404, ""2"": 36, ""3"": 14, ""4"": 247, ""9"": 2}"
A4_mun_2021-2025,A4_mun_2021-2025_unico_c677_m0.15_r1.25_e1.2_s0_u0.1,"brecha=P-c(1+m)-S/e; clases 1-4,9",2021,2026,703,,,,,,,"clases={""1"": 385, ""2"": 55, ""3"": 14, ""4"": 247, ""9"": 2}"
A4_mun_2021-2025,A4_mun_2021-2025_unico_c677_m0.15_r1.25_e1.2_s0_u0.25,"brecha=P-c(1+m)-S/e; clases 1-4,9",2021,2026,703,,,,,,,"clases={""1"": 370, ""2"": 70, ""3"": 14, ""4"": 247, ""9"": 2}"
A4_mun_2021-2025,A4_mun_2021-2025_unico_c677_m0.15_r1.25_e1.2_s1_u0.0,"brecha=P-c(1+m)-S/e; clases 1-4,9",2021,2026,703,,,,,,,"clases={""1"": 403, ""2"": 36, ""3"": 15, ""4"": 247, ""9"": 2}"
A4_mun_2021-2025,A4_mun_2021-2025_unico_c677_m0.15_r1.25_e1.2_s1_u0.1,"brecha=P-c(1+m)-S/e; clases 1-4,9",2021,2026,703,,,,,,,"clases={""1"": 384, ""2"": 55, ""3"": 15, ""4"": 247, ""9"": 2}"
A4_mun_2021-2025,A4_mun_2021-2025_unico_c677_m0.15_r1.25_e1.2_s1_u0.25,"brecha=P-c(1+m)-S/e; clases 1-4,9",2021,2026,703,,,,,,,"clases={""1"": 369, ""2"": 70, ""3"": 15, ""4"": 247, ""9"": 2}"
A4_mun_2021-2025,A4_mun_2021-2025_unico_c677_m0.15_r1.25_e1.6_s0_u0.0,"brecha=P-c(1+m)-S/e; clases 1-4,9",2021,2026,703,,,,,,,"clases={""1"": 407, ""2"": 36, ""3"": 11, ""4"": 247, ""9"": 2}"
A4_mun_2021-2025,A4_mun_2021-2025_unico_c677_m0.15_r1.25_e1.6_s0_u0.1,"brecha=P-c(1+m)-S/e; clases 1-4,9",2021,2026,703,,,,,,,"clases={""1"": 388, ""2"": 55, ""3"": 11, ""4"": 247, ""9"": 2}"
A4_mun_2021-2025,A4_mun_2021-2025_unico_c677_m0.15_r1.25_e1.6_s0_u0.25,"brecha=P-c(1+m)-S/e; clases 1-4,9",2021,2026,703,,,,,,,"clases={""1"": 373, ""2"": 70, ""3"": 11, ""4"": 247, ""9"": 2}"
A4_mun_2021-2025,A4_mun_2021-2025_unico_c677_m0.15_r1.25_e1.6_s1_u0.0,"brecha=P-c(1+m)-S/e; clases 1-4,9",2021,2026,703,,,,,,,"clases={""1"": 406, ""2"": 36, ""3"": 12, ""4"": 247, ""9"": 2}"
A4_mun_2021-2025,A4_mun_2021-2025_unico_c677_m0.15_r1.25_e1.6_s1_u0.1,"brecha=P-c(1+m)-S/e; clases 1-4,9",2021,2026,703,,,,,,,"clases={""1"": 387, ""2"": 55, ""3"": 12, ""4"": 247, ""9"": 2}"
A4_mun_2021-2025,A4_mun_2021-2025_unico_c677_m0.15_r1.25_e1.6_s1_u0.25,"brecha=P-c(1+m)-S/e; clases 1-4,9",2021,2026,703,,,,,,,"clases={""1"": 372, ""2"": 70, ""3"": 12, ""4"": 247, ""9"": 2}"
A4_mun_2021-2025,A4_mun_2021-2025_unico_c677_m0.15_r1.5_e0.8_s0_u0.0,"brecha=P-c(1+m)-S/e; clases 1-4,9",2021,2026,703,,,,,,,"clases={""1"": 401, ""2"": 31, ""3"": 22, ""4"": 247, ""9"": 2}"
A4_mun_2021-2025,A4_mun_2021-2025_unico_c677_m0.15_r1.5_e0.8_s0_u0.1,"brecha=P-c(1+m)-S/e; clases 1-4,9",2021,2026,703,,,,,,,"clases={""1"": 383, ""2"": 49, ""3"": 22, ""4"": 247, ""9"": 2}"
A4_mun_2021-2025,A4_mun_2021-2025_unico_c677_m0.15_r1.5_e0.8_s0_u0.25,"brecha=P-c(1+m)-S/e; clases 1-4,9",2021,2026,703,,,,,,,"clases={""1"": 374, ""2"": 58, ""3"": 22, ""4"": 247, ""9"": 2}"
A4_mun_2021-2025,A4_mun_2021-2025_unico_c677_m0.15_r1.5_e0.8_s1_u0.0,"brecha=P-c(1+m)-S/e; clases 1-4,9",2021,2026,703,,,,,,,"clases={""1"": 402, ""2"": 30, ""3"": 22, ""4"": 247, ""9"": 2}"
A4_mun_2021-2025,A4_mun_2021-2025_unico_c677_m0.15_r1.5_e0.8_s1_u0.1,"brecha=P-c(1+m)-S/e; clases 1-4,9",2021,2026,703,,,,,,,"clases={""1"": 384, ""2"": 48, ""3"": 22, ""4"": 247, ""9"": 2}"
A4_mun_2021-2025,A4_mun_2021-2025_unico_c677_m0.15_r1.5_e0.8_s1_u0.25,"brecha=P-c(1+m)-S/e; clases 1-4,9",2021,2026,703,,,,,,,"clases={""1"": 376, ""2"": 56, ""3"": 22, ""4"": 247, ""9"": 2}"
A4_mun_2021-2025,A4_mun_2021-2025_unico_c677_m0.15_r1.5_e1.2_s0_u0.0,"brecha=P-c(1+m)-S/e; clases 1-4,9",2021,2026,703,,,,,,,"clases={""1"": 406, ""2"": 34, ""3"": 14, ""4"": 247, ""9"": 2}"
A4_mun_2021-2025,A4_mun_2021-2025_unico_c677_m0.15_r1.5_e1.2_s0_u0.1,"brecha=P-c(1+m)-S/e; clases 1-4,9",2021,2026,703,,,,,,,"clases={""1"": 388, ""2"": 52, ""3"": 14, ""4"": 247, ""9"": 2}"
A4_mun_2021-2025,A4_mun_2021-2025_unico_c677_m0.15_r1.5_e1.2_s0_u0.25,"brecha=P-c(1+m)-S/e; clases 1-4,9",2021,2026,703,,,,,,,"clases={""1"": 374, ""2"": 66, ""3"": 14, ""4"": 247, ""9"": 2}"
A4_mun_2021-2025,A4_mun_2021-2025_unico_c677_m0.15_r1.5_e1.2_s1_u0.0,"brecha=P-c(1+m)-S/e; clases 1-4,9",2021,2026,703,,,,,,,"clases={""1"": 405, ""2"": 34, ""3"": 15, ""4"": 247, ""9"": 2}"
A4_mun_2021-2025,A4_mun_2021-2025_unico_c677_m0.15_r1.5_e1.2_s1_u0.1,"brecha=P-c(1+m)-S/e; clases 1-4,9",2021,2026,703,,,,,,,"clases={""1"": 387, ""2"": 52, ""3"": 15, ""4"": 247, ""9"": 2}"
A4_mun_2021-2025,A4_mun_2021-2025_unico_c677_m0.15_r1.5_e1.2_s1_u0.25,"brecha=P-c(1+m)-S/e; clases 1-4,9",2021,2026,703,,,,,,,"clases={""1"": 373, ""2"": 66, ""3"": 15, ""4"": 247, ""9"": 2}"
A4_mun_2021-2025,A4_mun_2021-2025_unico_c677_m0.15_r1.5_e1.6_s0_u0.0,"brecha=P-c(1+m)-S/e; clases 1-4,9",2021,2026,703,,,,,,,"clases={""1"": 409, ""2"": 34, ""3"": 11, ""4"": 247, ""9"": 2}"
A4_mun_2021-2025,A4_mun_2021-2025_unico_c677_m0.15_r1.5_e1.6_s0_u0.1,"brecha=P-c(1+m)-S/e; clases 1-4,9",2021,2026,703,,,,,,,"clases={""1"": 391, ""2"": 52, ""3"": 11, ""4"": 247, ""9"": 2}"
A4_mun_2021-2025,A4_mun_2021-2025_unico_c677_m0.15_r1.5_e1.6_s0_u0.25,"brecha=P-c(1+m)-S/e; clases 1-4,9",2021,2026,703,,,,,,,"clases={""1"": 377, ""2"": 66, ""3"": 11, ""4"": 247, ""9"": 2}"
A4_mun_2021-2025,A4_mun_2021-2025_unico_c677_m0.15_r1.5_e1.6_s1_u0.0,"brecha=P-c(1+m)-S/e; clases 1-4,9",2021,2026,703,,,,,,,"clases={""1"": 408, ""2"": 34, ""3"": 12, ""4"": 247, ""9"": 2}"
A4_mun_2021-2025,A4_mun_2021-2025_unico_c677_m0.15_r1.5_e1.6_s1_u0.1,"brecha=P-c(1+m)-S/e; clases 1-4,9",2021,2026,703,,,,,,,"clases={""1"": 390, ""2"": 52, ""3"": 12, ""4"": 247, ""9"": 2}"
A4_mun_2021-2025,A4_mun_2021-2025_unico_c677_m0.15_r1.5_e1.6_s1_u0.25,"brecha=P-c(1+m)-S/e; clases 1-4,9",2021,2026,703,,,,,,,"clases={""1"": 376, ""2"": 66, ""3"": 12, ""4"": 247, ""9"": 2}"
A4_mun_2021-2025,A4_mun_2021-2025_unico_c677_m0.2_r1.25_e0.8_s0_u0.0,"brecha=P-c(1+m)-S/e; clases 1-4,9",2021,2026,703,,,,,,,"clases={""1"": 394, ""2"": 35, ""3"": 25, ""4"": 247, ""9"": 2}"
A4_mun_2021-2025,A4_mun_2021-2025_unico_c677_m0.2_r1.25_e0.8_s0_u0.1,"brecha=P-c(1+m)-S/e; clases 1-4,9",2021,2026,703,,,,,,,"clases={""1"": 376, ""2"": 53, ""3"": 25, ""4"": 247, ""9"": 2}"
A4_mun_2021-2025,A4_mun_2021-2025_unico_c677_m0.2_r1.25_e0.8_s0_u0.25,"brecha=P-c(1+m)-S/e; clases 1-4,9",2021,2026,703,,,,,,,"clases={""1"": 362, ""2"": 67, ""3"": 25, ""4"": 247, ""9"": 2}"
A4_mun_2021-2025,A4_mun_2021-2025_unico_c677_m0.2_r1.25_e0.8_s1_u0.0,"brecha=P-c(1+m)-S/e; clases 1-4,9",2021,2026,703,,,,,,,"clases={""1"": 393, ""2"": 35, ""3"": 26, ""4"": 247, ""9"": 2}"
A4_mun_2021-2025,A4_mun_2021-2025_unico_c677_m0.2_r1.25_e0.8_s1_u0.1,"brecha=P-c(1+m)-S/e; clases 1-4,9",2021,2026,703,,,,,,,"clases={""1"": 375, ""2"": 53, ""3"": 26, ""4"": 247, ""9"": 2}"
A4_mun_2021-2025,A4_mun_2021-2025_unico_c677_m0.2_r1.25_e0.8_s1_u0.25,"brecha=P-c(1+m)-S/e; clases 1-4,9",2021,2026,703,,,,,,,"clases={""1"": 361, ""2"": 67, ""3"": 26, ""4"": 247, ""9"": 2}"
A4_mun_2021-2025,A4_mun_2021-2025_unico_c677_m0.2_r1.25_e1.2_s0_u0.0,"brecha=P-c(1+m)-S/e; clases 1-4,9",2021,2026,703,,,,,,,"clases={""1"": 400, ""2"": 36, ""3"": 18, ""4"": 247, ""9"": 2}"
A4_mun_2021-2025,A4_mun_2021-2025_unico_c677_m0.2_r1.25_e1.2_s0_u0.1,"brecha=P-c(1+m)-S/e; clases 1-4,9",2021,2026,703,,,,,,,"clases={""1"": 381, ""2"": 55, ""3"": 18, ""4"": 247, ""9"": 2}"
A4_mun_2021-2025,A4_mun_2021-2025_unico_c677_m0.2_r1.25_e1.2_s0_u0.25,"brecha=P-c(1+m)-S/e; clases 1-4,9",2021,2026,703,,,,,,,"clases={""1"": 366, ""2"": 70, ""3"": 18, ""4"": 247, ""9"": 2}"
A4_mun_2021-2025,A4_mun_2021-2025_unico_c677_m0.2_r1.25_e1.2_s1_u0.0,"brecha=P-c(1+m)-S/e; clases 1-4,9",2021,2026,703,,,,,,,"clases={""1"": 400, ""2"": 36, ""3"": 18, ""4"": 247, ""9"": 2}"
A4_mun_2021-2025,A4_mun_2021-2025_unico_c677_m0.2_r1.25_e1.2_s1_u0.1,"brecha=P-c(1+m)-S/e; clases 1-4,9",2021,2026,703,,,,,,,"clases={""1"": 381, ""2"": 55, ""3"": 18, ""4"": 247, ""9"": 2}"
A4_mun_2021-2025,A4_mun_2021-2025_unico_c677_m0.2_r1.25_e1.2_s1_u0.25,"brecha=P-c(1+m)-S/e; clases 1-4,9",2021,2026,703,,,,,,,"clases={""1"": 366, ""2"": 70, ""3"": 18, ""4"": 247, ""9"": 2}"
A4_mun_2021-2025,A4_mun_2021-2025_unico_c677_m0.2_r1.25_e1.6_s0_u0.0,"brecha=P-c(1+m)-S/e; clases 1-4,9",2021,2026,703,,,,,,,"clases={""1"": 405, ""2"": 36, ""3"": 13, ""4"": 247, ""9"": 2}"
A4_mun_2021-2025,A4_mun_2021-2025_unico_c677_m0.2_r1.25_e1.6_s0_u0.1,"brecha=P-c(1+m)-S/e; clases 1-4,9",2021,2026,703,,,,,,,"clases={""1"": 386, ""2"": 55, ""3"": 13, ""4"": 247, ""9"": 2}"
A4_mun_2021-2025,A4_mun_2021-2025_unico_c677_m0.2_r1.25_e1.6_s0_u0.25,"brecha=P-c(1+m)-S/e; clases 1-4,9",2021,2026,703,,,,,,,"clases={""1"": 371, ""2"": 70, ""3"": 13, ""4"": 247, ""9"": 2}"
A4_mun_2021-2025,A4_mun_2021-2025_unico_c677_m0.2_r1.25_e1.6_s1_u0.0,"brecha=P-c(1+m)-S/e; clases 1-4,9",2021,2026,703,,,,,,,"clases={""1"": 404, ""2"": 36, ""3"": 14, ""4"": 247, ""9"": 2}"
A4_mun_2021-2025,A4_mun_2021-2025_unico_c677_m0.2_r1.25_e1.6_s1_u0.1,"brecha=P-c(1+m)-S/e; clases 1-4,9",2021,2026,703,,,,,,,"clases={""1"": 385, ""2"": 55, ""3"": 14, ""4"": 247, ""9"": 2}"
A4_mun_2021-2025,A4_mun_2021-2025_unico_c677_m0.2_r1.25_e1.6_s1_u0.25,"brecha=P-c(1+m)-S/e; clases 1-4,9",2021,2026,703,,,,,,,"clases={""1"": 370, ""2"": 70, ""3"": 14, ""4"": 247, ""9"": 2}"
A4_mun_2021-2025,A4_mun_2021-2025_unico_c677_m0.2_r1.5_e0.8_s0_u0.0,"brecha=P-c(1+m)-S/e; clases 1-4,9",2021,2026,703,,,,,,,"clases={""1"": 398, ""2"": 31, ""3"": 25, ""4"": 247, ""9"": 2}"
A4_mun_2021-2025,A4_mun_2021-2025_unico_c677_m0.2_r1.5_e0.8_s0_u0.1,"brecha=P-c(1+m)-S/e; clases 1-4,9",2021,2026,703,,,,,,,"clases={""1"": 380, ""2"": 49, ""3"": 25, ""4"": 247, ""9"": 2}"
A4_mun_2021-2025,A4_mun_2021-2025_unico_c677_m0.2_r1.5_e0.8_s0_u0.25,"brecha=P-c(1+m)-S/e; clases 1-4,9",2021,2026,703,,,,,,,"clases={""1"": 371, ""2"": 58, ""3"": 25, ""4"": 247, ""9"": 2}"
A4_mun_2021-2025,A4_mun_2021-2025_unico_c677_m0.2_r1.5_e0.8_s1_u0.0,"brecha=P-c(1+m)-S/e; clases 1-4,9",2021,2026,703,,,,,,,"clases={""1"": 398, ""2"": 30, ""3"": 26, ""4"": 247, ""9"": 2}"
A4_mun_2021-2025,A4_mun_2021-2025_unico_c677_m0.2_r1.5_e0.8_s1_u0.1,"brecha=P-c(1+m)-S/e; clases 1-4,9",2021,2026,703,,,,,,,"clases={""1"": 380, ""2"": 48, ""3"": 26, ""4"": 247, ""9"": 2}"
A4_mun_2021-2025,A4_mun_2021-2025_unico_c677_m0.2_r1.5_e0.8_s1_u0.25,"brecha=P-c(1+m)-S/e; clases 1-4,9",2021,2026,703,,,,,,,"clases={""1"": 372, ""2"": 56, ""3"": 26, ""4"": 247, ""9"": 2}"
A4_mun_2021-2025,A4_mun_2021-2025_unico_c677_m0.2_r1.5_e1.2_s0_u0.0,"brecha=P-c(1+m)-S/e; clases 1-4,9",2021,2026,703,,,,,,,"clases={""1"": 402, ""2"": 34, ""3"": 18, ""4"": 247, ""9"": 2}"
A4_mun_2021-2025,A4_mun_2021-2025_unico_c677_m0.2_r1.5_e1.2_s0_u0.1,"brecha=P-c(1+m)-S/e; clases 1-4,9",2021,2026,703,,,,,,,"clases={""1"": 384, ""2"": 52, ""3"": 18, ""4"": 247, ""9"": 2}"
A4_mun_2021-2025,A4_mun_2021-2025_unico_c677_m0.2_r1.5_e1.2_s0_u0.25,"brecha=P-c(1+m)-S/e; clases 1-4,9",2021,2026,703,,,,,,,"clases={""1"": 370, ""2"": 66, ""3"": 18, ""4"": 247, ""9"": 2}"
A4_mun_2021-2025,A4_mun_2021-2025_unico_c677_m0.2_r1.5_e1.2_s1_u0.0,"brecha=P-c(1+m)-S/e; clases 1-4,9",2021,2026,703,,,,,,,"clases={""1"": 402, ""2"": 34, ""3"": 18, ""4"": 247, ""9"": 2}"
A4_mun_2021-2025,A4_mun_2021-2025_unico_c677_m0.2_r1.5_e1.2_s1_u0.1,"brecha=P-c(1+m)-S/e; clases 1-4,9",2021,2026,703,,,,,,,"clases={""1"": 384, ""2"": 52, ""3"": 18, ""4"": 247, ""9"": 2}"
A4_mun_2021-2025,A4_mun_2021-2025_unico_c677_m0.2_r1.5_e1.2_s1_u0.25,"brecha=P-c(1+m)-S/e; clases 1-4,9",2021,2026,703,,,,,,,"clases={""1"": 370, ""2"": 66, ""3"": 18, ""4"": 247, ""9"": 2}"
A4_mun_2021-2025,A4_mun_2021-2025_unico_c677_m0.2_r1.5_e1.6_s0_u0.0,"brecha=P-c(1+m)-S/e; clases 1-4,9",2021,2026,703,,,,,,,"clases={""1"": 407, ""2"": 34, ""3"": 13, ""4"": 247, ""9"": 2}"
A4_mun_2021-2025,A4_mun_2021-2025_unico_c677_m0.2_r1.5_e1.6_s0_u0.1,"brecha=P-c(1+m)-S/e; clases 1-4,9",2021,2026,703,,,,,,,"clases={""1"": 389, ""2"": 52, ""3"": 13, ""4"": 247, ""9"": 2}"
A4_mun_2021-2025,A4_mun_2021-2025_unico_c677_m0.2_r1.5_e1.6_s0_u0.25,"brecha=P-c(1+m)-S/e; clases 1-4,9",2021,2026,703,,,,,,,"clases={""1"": 375, ""2"": 66, ""3"": 13, ""4"": 247, ""9"": 2}"
A4_mun_2021-2025,A4_mun_2021-2025_unico_c677_m0.2_r1.5_e1.6_s1_u0.0,"brecha=P-c(1+m)-S/e; clases 1-4,9",2021,2026,703,,,,,,,"clases={""1"": 406, ""2"": 34, ""3"": 14, ""4"": 247, ""9"": 2}"
A4_mun_2021-2025,A4_mun_2021-2025_unico_c677_m0.2_r1.5_e1.6_s1_u0.1,"brecha=P-c(1+m)-S/e; clases 1-4,9",2021,2026,703,,,,,,,"clases={""1"": 388, ""2"": 52, ""3"": 14, ""4"": 247, ""9"": 2}"
A4_mun_2021-2025,A4_mun_2021-2025_unico_c677_m0.2_r1.5_e1.6_s1_u0.25,"brecha=P-c(1+m)-S/e; clases 1-4,9",2021,2026,703,,,,,,,"clases={""1"": 374, ""2"": 66, ""3"": 14, ""4"": 247, ""9"": 2}"
A4_mun_2021-2025,A4_mun_2021-2025_unico_c677_m0.25_r1.25_e0.8_s0_u0.0,"brecha=P-c(1+m)-S/e; clases 1-4,9",2021,2026,703,,,,,,,"clases={""1"": 394, ""2"": 35, ""3"": 25, ""4"": 247, ""9"": 2}"
A4_mun_2021-2025,A4_mun_2021-2025_unico_c677_m0.25_r1.25_e0.8_s0_u0.1,"brecha=P-c(1+m)-S/e; clases 1-4,9",2021,2026,703,,,,,,,"clases={""1"": 376, ""2"": 53, ""3"": 25, ""4"": 247, ""9"": 2}"
A4_mun_2021-2025,A4_mun_2021-2025_unico_c677_m0.25_r1.25_e0.8_s0_u0.25,"brecha=P-c(1+m)-S/e; clases 1-4,9",2021,2026,703,,,,,,,"clases={""1"": 362, ""2"": 67, ""3"": 25, ""4"": 247, ""9"": 2}"
A4_mun_2021-2025,A4_mun_2021-2025_unico_c677_m0.25_r1.25_e0.8_s1_u0.0,"brecha=P-c(1+m)-S/e; clases 1-4,9",2021,2026,703,,,,,,,"clases={""1"": 393, ""2"": 35, ""3"": 26, ""4"": 247, ""9"": 2}"
A4_mun_2021-2025,A4_mun_2021-2025_unico_c677_m0.25_r1.25_e0.8_s1_u0.1,"brecha=P-c(1+m)-S/e; clases 1-4,9",2021,2026,703,,,,,,,"clases={""1"": 375, ""2"": 53, ""3"": 26, ""4"": 247, ""9"": 2}"
A4_mun_2021-2025,A4_mun_2021-2025_unico_c677_m0.25_r1.25_e0.8_s1_u0.25,"brecha=P-c(1+m)-S/e; clases 1-4,9",2021,2026,703,,,,,,,"clases={""1"": 361, ""2"": 67, ""3"": 26, ""4"": 247, ""9"": 2}"
A4_mun_2021-2025,A4_mun_2021-2025_unico_c677_m0.25_r1.25_e1.2_s0_u0.0,"brecha=P-c(1+m)-S/e; clases 1-4,9",2021,2026,703,,,,,,,"clases={""1"": 394, ""2"": 36, ""3"": 24, ""4"": 247, ""9"": 2}"
A4_mun_2021-2025,A4_mun_2021-2025_unico_c677_m0.25_r1.25_e1.2_s0_u0.1,"brecha=P-c(1+m)-S/e; clases 1-4,9",2021,2026,703,,,,,,,"clases={""1"": 375, ""2"": 55, ""3"": 24, ""4"": 247, ""9"": 2}"
A4_mun_2021-2025,A4_mun_2021-2025_unico_c677_m0.25_r1.25_e1.2_s0_u0.25,"brecha=P-c(1+m)-S/e; clases 1-4,9",2021,2026,703,,,,,,,"clases={""1"": 360, ""2"": 70, ""3"": 24, ""4"": 247, ""9"": 2}"
A4_mun_2021-2025,A4_mun_2021-2025_unico_c677_m0.25_r1.25_e1.2_s1_u0.0,"brecha=P-c(1+m)-S/e; clases 1-4,9",2021,2026,703,,,,,,,"clases={""1"": 394, ""2"": 36, ""3"": 24, ""4"": 247, ""9"": 2}"
A4_mun_2021-2025,A4_mun_2021-2025_unico_c677_m0.25_r1.25_e1.2_s1_u0.1,"brecha=P-c(1+m)-S/e; clases 1-4,9",2021,2026,703,,,,,,,"clases={""1"": 375, ""2"": 55, ""3"": 24, ""4"": 247, ""9"": 2}"
A4_mun_2021-2025,A4_mun_2021-2025_unico_c677_m0.25_r1.25_e1.2_s1_u0.25,"brecha=P-c(1+m)-S/e; clases 1-4,9",2021,2026,703,,,,,,,"clases={""1"": 360, ""2"": 70, ""3"": 24, ""4"": 247, ""9"": 2}"
A4_mun_2021-2025,A4_mun_2021-2025_unico_c677_m0.25_r1.25_e1.6_s0_u0.0,"brecha=P-c(1+m)-S/e; clases 1-4,9",2021,2026,703,,,,,,,"clases={""1"": 401, ""2"": 36, ""3"": 17, ""4"": 247, ""9"": 2}"
A4_mun_2021-2025,A4_mun_2021-2025_unico_c677_m0.25_r1.25_e1.6_s0_u0.1,"brecha=P-c(1+m)-S/e; clases 1-4,9",2021,2026,703,,,,,,,"clases={""1"": 382, ""2"": 55, ""3"": 17, ""4"": 247, ""9"": 2}"
A4_mun_2021-2025,A4_mun_2021-2025_unico_c677_m0.25_r1.25_e1.6_s0_u0.25,"brecha=P-c(1+m)-S/e; clases 1-4,9",2021,2026,703,,,,,,,"clases={""1"": 367, ""2"": 70, ""3"": 17, ""4"": 247, ""9"": 2}"
A4_mun_2021-2025,A4_mun_2021-2025_unico_c677_m0.25_r1.25_e1.6_s1_u0.0,"brecha=P-c(1+m)-S/e; clases 1-4,9",2021,2026,703,,,,,,,"clases={""1"": 400, ""2"": 36, ""3"": 18, ""4"": 247, ""9"": 2}"
A4_mun_2021-2025,A4_mun_2021-2025_unico_c677_m0.25_r1.25_e1.6_s1_u0.1,"brecha=P-c(1+m)-S/e; clases 1-4,9",2021,2026,703,,,,,,,"clases={""1"": 381, ""2"": 55, ""3"": 18, ""4"": 247, ""9"": 2}"
A4_mun_2021-2025,A4_mun_2021-2025_unico_c677_m0.25_r1.25_e1.6_s1_u0.25,"brecha=P-c(1+m)-S/e; clases 1-4,9",2021,2026,703,,,,,,,"clases={""1"": 366, ""2"": 70, ""3"": 18, ""4"": 247, ""9"": 2}"
A4_mun_2021-2025,A4_mun_2021-2025_unico_c677_m0.25_r1.5_e0.8_s0_u0.0,"brecha=P-c(1+m)-S/e; clases 1-4,9",2021,2026,703,,,,,,,"clases={""1"": 398, ""2"": 31, ""3"": 25, ""4"": 247, ""9"": 2}"
A4_mun_2021-2025,A4_mun_2021-2025_unico_c677_m0.25_r1.5_e0.8_s0_u0.1,"brecha=P-c(1+m)-S/e; clases 1-4,9",2021,2026,703,,,,,,,"clases={""1"": 380, ""2"": 49, ""3"": 25, ""4"": 247, ""9"": 2}"
A4_mun_2021-2025,A4_mun_2021-2025_unico_c677_m0.25_r1.5_e0.8_s0_u0.25,"brecha=P-c(1+m)-S/e; clases 1-4,9",2021,2026,703,,,,,,,"clases={""1"": 371, ""2"": 58, ""3"": 25, ""4"": 247, ""9"": 2}"
A4_mun_2021-2025,A4_mun_2021-2025_unico_c677_m0.25_r1.5_e0.8_s1_u0.0,"brecha=P-c(1+m)-S/e; clases 1-4,9",2021,2026,703,,,,,,,"clases={""1"": 398, ""2"": 30, ""3"": 26, ""4"": 247, ""9"": 2}"
A4_mun_2021-2025,A4_mun_2021-2025_unico_c677_m0.25_r1.5_e0.8_s1_u0.1,"brecha=P-c(1+m)-S/e; clases 1-4,9",2021,2026,703,,,,,,,"clases={""1"": 380, ""2"": 48, ""3"": 26, ""4"": 247, ""9"": 2}"
A4_mun_2021-2025,A4_mun_2021-2025_unico_c677_m0.25_r1.5_e0.8_s1_u0.25,"brecha=P-c(1+m)-S/e; clases 1-4,9",2021,2026,703,,,,,,,"clases={""1"": 372, ""2"": 56, ""3"": 26, ""4"": 247, ""9"": 2}"
A4_mun_2021-2025,A4_mun_2021-2025_unico_c677_m0.25_r1.5_e1.2_s0_u0.0,"brecha=P-c(1+m)-S/e; clases 1-4,9",2021,2026,703,,,,,,,"clases={""1"": 396, ""2"": 34, ""3"": 24, ""4"": 247, ""9"": 2}"
A4_mun_2021-2025,A4_mun_2021-2025_unico_c677_m0.25_r1.5_e1.2_s0_u0.1,"brecha=P-c(1+m)-S/e; clases 1-4,9",2021,2026,703,,,,,,,"clases={""1"": 378, ""2"": 52, ""3"": 24, ""4"": 247, ""9"": 2}"
A4_mun_2021-2025,A4_mun_2021-2025_unico_c677_m0.25_r1.5_e1.2_s0_u0.25,"brecha=P-c(1+m)-S/e; clases 1-4,9",2021,2026,703,,,,,,,"clases={""1"": 364, ""2"": 66, ""3"": 24, ""4"": 247, ""9"": 2}"
A4_mun_2021-2025,A4_mun_2021-2025_unico_c677_m0.25_r1.5_e1.2_s1_u0.0,"brecha=P-c(1+m)-S/e; clases 1-4,9",2021,2026,703,,,,,,,"clases={""1"": 396, ""2"": 34, ""3"": 24, ""4"": 247, ""9"": 2}"
A4_mun_2021-2025,A4_mun_2021-2025_unico_c677_m0.25_r1.5_e1.2_s1_u0.1,"brecha=P-c(1+m)-S/e; clases 1-4,9",2021,2026,703,,,,,,,"clases={""1"": 378, ""2"": 52, ""3"": 24, ""4"": 247, ""9"": 2}"
A4_mun_2021-2025,A4_mun_2021-2025_unico_c677_m0.25_r1.5_e1.2_s1_u0.25,"brecha=P-c(1+m)-S/e; clases 1-4,9",2021,2026,703,,,,,,,"clases={""1"": 364, ""2"": 66, ""3"": 24, ""4"": 247, ""9"": 2}"
A4_mun_2021-2025,A4_mun_2021-2025_unico_c677_m0.25_r1.5_e1.6_s0_u0.0,"brecha=P-c(1+m)-S/e; clases 1-4,9",2021,2026,703,,,,,,,"clases={""1"": 403, ""2"": 34, ""3"": 17, ""4"": 247, ""9"": 2}"
A4_mun_2021-2025,A4_mun_2021-2025_unico_c677_m0.25_r1.5_e1.6_s0_u0.1,"brecha=P-c(1+m)-S/e; clases 1-4,9",2021,2026,703,,,,,,,"clases={""1"": 385, ""2"": 52, ""3"": 17, ""4"": 247, ""9"": 2}"
A4_mun_2021-2025,A4_mun_2021-2025_unico_c677_m0.25_r1.5_e1.6_s0_u0.25,"brecha=P-c(1+m)-S/e; clases 1-4,9",2021,2026,703,,,,,,,"clases={""1"": 371, ""2"": 66, ""3"": 17, ""4"": 247, ""9"": 2}"
A4_mun_2021-2025,A4_mun_2021-2025_unico_c677_m0.25_r1.5_e1.6_s1_u0.0,"brecha=P-c(1+m)-S/e; clases 1-4,9",2021,2026,703,,,,,,,"clases={""1"": 402, ""2"": 34, ""3"": 18, ""4"": 247, ""9"": 2}"
A4_mun_2021-2025,A4_mun_2021-2025_unico_c677_m0.25_r1.5_e1.6_s1_u0.1,"brecha=P-c(1+m)-S/e; clases 1-4,9",2021,2026,703,,,,,,,"clases={""1"": 384, ""2"": 52, ""3"": 18, ""4"": 247, ""9"": 2}"
A4_mun_2021-2025,A4_mun_2021-2025_unico_c677_m0.25_r1.5_e1.6_s1_u0.25,"brecha=P-c(1+m)-S/e; clases 1-4,9",2021,2026,703,,,,,,,"clases={""1"": 370, ""2"": 66, ""3"": 18, ""4"": 247, ""9"": 2}"
A4_mun_2021-2025,A4_mun_2021-2025_unico_c805_m0.15_r1.25_e0.8_s0_u0.0,"brecha=P-c(1+m)-S/e; clases 1-4,9",2021,2026,703,,,,,,,"clases={""1"": 387, ""2"": 34, ""3"": 33, ""4"": 247, ""9"": 2}"
A4_mun_2021-2025,A4_mun_2021-2025_unico_c805_m0.15_r1.25_e0.8_s0_u0.1,"brecha=P-c(1+m)-S/e; clases 1-4,9",2021,2026,703,,,,,,,"clases={""1"": 369, ""2"": 52, ""3"": 33, ""4"": 247, ""9"": 2}"
A4_mun_2021-2025,A4_mun_2021-2025_unico_c805_m0.15_r1.25_e0.8_s0_u0.25,"brecha=P-c(1+m)-S/e; clases 1-4,9",2021,2026,703,,,,,,,"clases={""1"": 360, ""2"": 61, ""3"": 33, ""4"": 247, ""9"": 2}"
A4_mun_2021-2025,A4_mun_2021-2025_unico_c805_m0.15_r1.25_e0.8_s1_u0.0,"brecha=P-c(1+m)-S/e; clases 1-4,9",2021,2026,703,,,,,,,"clases={""1"": 386, ""2"": 34, ""3"": 34, ""4"": 247, ""9"": 2}"
A4_mun_2021-2025,A4_mun_2021-2025_unico_c805_m0.15_r1.25_e0.8_s1_u0.1,"brecha=P-c(1+m)-S/e; clases 1-4,9",2021,2026,703,,,,,,,"clases={""1"": 368, ""2"": 52, ""3"": 34, ""4"": 247, ""9"": 2}"
A4_mun_2021-2025,A4_mun_2021-2025_unico_c805_m0.15_r1.25_e0.8_s1_u0.25,"brecha=P-c(1+m)-S/e; clases 1-4,9",2021,2026,703,,,,,,,"clases={""1"": 360, ""2"": 60, ""3"": 34, ""4"": 247, ""9"": 2}"
A4_mun_2021-2025,A4_mun_2021-2025_unico_c805_m0.15_r1.25_e1.2_s0_u0.0,"brecha=P-c(1+m)-S/e; clases 1-4,9",2021,2026,703,,,,,,,"clases={""1"": 391, ""2"": 35, ""3"": 28, ""4"": 247, ""9"": 2}"
A4_mun_2021-2025,A4_mun_2021-2025_unico_c805_m0.15_r1.25_e1.2_s0_u0.1,"brecha=P-c(1+m)-S/e; clases 1-4,9",2021,2026,703,,,,,,,"clases={""1"": 373, ""2"": 53, ""3"": 28, ""4"": 247, ""9"": 2}"
A4_mun_2021-2025,A4_mun_2021-2025_unico_c805_m0.15_r1.25_e1.2_s0_u0.25,"brecha=P-c(1+m)-S/e; clases 1-4,9",2021,2026,703,,,,,,,"clases={""1"": 359, ""2"": 67, ""3"": 28, ""4"": 247, ""9"": 2}"
A4_mun_2021-2025,A4_mun_2021-2025_unico_c805_m0.15_r1.25_e1.2_s1_u0.0,"brecha=P-c(1+m)-S/e; clases 1-4,9",2021,2026,703,,,,,,,"clases={""1"": 390, ""2"": 35, ""3"": 29, ""4"": 247, ""9"": 2}"
A4_mun_2021-2025,A4_mun_2021-2025_unico_c805_m0.15_r1.25_e1.2_s1_u0.1,"brecha=P-c(1+m)-S/e; clases 1-4,9",2021,2026,703,,,,,,,"clases={""1"": 372, ""2"": 53, ""3"": 29, ""4"": 247, ""9"": 2}"
A4_mun_2021-2025,A4_mun_2021-2025_unico_c805_m0.15_r1.25_e1.2_s1_u0.25,"brecha=P-c(1+m)-S/e; clases 1-4,9",2021,2026,703,,,,,,,"clases={""1"": 358, ""2"": 67, ""3"": 29, ""4"": 247, ""9"": 2}"
A4_mun_2021-2025,A4_mun_2021-2025_unico_c805_m0.15_r1.25_e1.6_s0_u0.0,"brecha=P-c(1+m)-S/e; clases 1-4,9",2021,2026,703,,,,,,,"clases={""1"": 394, ""2"": 35, ""3"": 25, ""4"": 247, ""9"": 2}"
A4_mun_2021-2025,A4_mun_2021-2025_unico_c805_m0.15_r1.25_e1.6_s0_u0.1,"brecha=P-c(1+m)-S/e; clases 1-4,9",2021,2026,703,,,,,,,"clases={""1"": 376, ""2"": 53, ""3"": 25, ""4"": 247, ""9"": 2}"
A4_mun_2021-2025,A4_mun_2021-2025_unico_c805_m0.15_r1.25_e1.6_s0_u0.25,"brecha=P-c(1+m)-S/e; clases 1-4,9",2021,2026,703,,,,,,,"clases={""1"": 362, ""2"": 67, ""3"": 25, ""4"": 247, ""9"": 2}"
A4_mun_2021-2025,A4_mun_2021-2025_unico_c805_m0.15_r1.25_e1.6_s1_u0.0,"brecha=P-c(1+m)-S/e; clases 1-4,9",2021,2026,703,,,,,,,"clases={""1"": 394, ""2"": 35, ""3"": 25, ""4"": 247, ""9"": 2}"
A4_mun_2021-2025,A4_mun_2021-2025_unico_c805_m0.15_r1.25_e1.6_s1_u0.1,"brecha=P-c(1+m)-S/e; clases 1-4,9",2021,2026,703,,,,,,,"clases={""1"": 376, ""2"": 53, ""3"": 25, ""4"": 247, ""9"": 2}"
A4_mun_2021-2025,A4_mun_2021-2025_unico_c805_m0.15_r1.25_e1.6_s1_u0.25,"brecha=P-c(1+m)-S/e; clases 1-4,9",2021,2026,703,,,,,,,"clases={""1"": 362, ""2"": 67, ""3"": 25, ""4"": 247, ""9"": 2}"
A4_mun_2021-2025,A4_mun_2021-2025_unico_c805_m0.15_r1.5_e0.8_s0_u0.0,"brecha=P-c(1+m)-S/e; clases 1-4,9",2021,2026,703,,,,,,,"clases={""1"": 391, ""2"": 30, ""3"": 33, ""4"": 247, ""9"": 2}"
A4_mun_2021-2025,A4_mun_2021-2025_unico_c805_m0.15_r1.5_e0.8_s0_u0.1,"brecha=P-c(1+m)-S/e; clases 1-4,9",2021,2026,703,,,,,,,"clases={""1"": 373, ""2"": 48, ""3"": 33, ""4"": 247, ""9"": 2}"
A4_mun_2021-2025,A4_mun_2021-2025_unico_c805_m0.15_r1.5_e0.8_s0_u0.25,"brecha=P-c(1+m)-S/e; clases 1-4,9",2021,2026,703,,,,,,,"clases={""1"": 365, ""2"": 56, ""3"": 33, ""4"": 247, ""9"": 2}"
A4_mun_2021-2025,A4_mun_2021-2025_unico_c805_m0.15_r1.5_e0.8_s1_u0.0,"brecha=P-c(1+m)-S/e; clases 1-4,9",2021,2026,703,,,,,,,"clases={""1"": 390, ""2"": 30, ""3"": 34, ""4"": 247, ""9"": 2}"
A4_mun_2021-2025,A4_mun_2021-2025_unico_c805_m0.15_r1.5_e0.8_s1_u0.1,"brecha=P-c(1+m)-S/e; clases 1-4,9",2021,2026,703,,,,,,,"clases={""1"": 372, ""2"": 48, ""3"": 34, ""4"": 247, ""9"": 2}"
A4_mun_2021-2025,A4_mun_2021-2025_unico_c805_m0.15_r1.5_e0.8_s1_u0.25,"brecha=P-c(1+m)-S/e; clases 1-4,9",2021,2026,703,,,,,,,"clases={""1"": 364, ""2"": 56, ""3"": 34, ""4"": 247, ""9"": 2}"
A4_mun_2021-2025,A4_mun_2021-2025_unico_c805_m0.15_r1.5_e1.2_s0_u0.0,"brecha=P-c(1+m)-S/e; clases 1-4,9",2021,2026,703,,,,,,,"clases={""1"": 395, ""2"": 31, ""3"": 28, ""4"": 247, ""9"": 2}"
A4_mun_2021-2025,A4_mun_2021-2025_unico_c805_m0.15_r1.5_e1.2_s0_u0.1,"brecha=P-c(1+m)-S/e; clases 1-4,9",2021,2026,703,,,,,,,"clases={""1"": 377, ""2"": 49, ""3"": 28, ""4"": 247, ""9"": 2}"
A4_mun_2021-2025,A4_mun_2021-2025_unico_c805_m0.15_r1.5_e1.2_s0_u0.25,"brecha=P-c(1+m)-S/e; clases 1-4,9",2021,2026,703,,,,,,,"clases={""1"": 369, ""2"": 57, ""3"": 28, ""4"": 247, ""9"": 2}"
A4_mun_2021-2025,A4_mun_2021-2025_unico_c805_m0.15_r1.5_e1.2_s1_u0.0,"brecha=P-c(1+m)-S/e; clases 1-4,9",2021,2026,703,,,,,,,"clases={""1"": 395, ""2"": 30, ""3"": 29, ""4"": 247, ""9"": 2}"
A4_mun_2021-2025,A4_mun_2021-2025_unico_c805_m0.15_r1.5_e1.2_s1_u0.1,"brecha=P-c(1+m)-S/e; clases 1-4,9",2021,2026,703,,,,,,,"clases={""1"": 377, ""2"": 48, ""3"": 29, ""4"": 247, ""9"": 2}"
A4_mun_2021-2025,A4_mun_2021-2025_unico_c805_m0.15_r1.5_e1.2_s1_u0.25,"brecha=P-c(1+m)-S/e; clases 1-4,9",2021,2026,703,,,,,,,"clases={""1"": 369, ""2"": 56, ""3"": 29, ""4"": 247, ""9"": 2}"
A4_mun_2021-2025,A4_mun_2021-2025_unico_c805_m0.15_r1.5_e1.6_s0_u0.0,"brecha=P-c(1+m)-S/e; clases 1-4,9",2021,2026,703,,,,,,,"clases={""1"": 398, ""2"": 31, ""3"": 25, ""4"": 247, ""9"": 2}"
A4_mun_2021-2025,A4_mun_2021-2025_unico_c805_m0.15_r1.5_e1.6_s0_u0.1,"brecha=P-c(1+m)-S/e; clases 1-4,9",2021,2026,703,,,,,,,"clases={""1"": 380, ""2"": 49, ""3"": 25, ""4"": 247, ""9"": 2}"
A4_mun_2021-2025,A4_mun_2021-2025_unico_c805_m0.15_r1.5_e1.6_s0_u0.25,"brecha=P-c(1+m)-S/e; clases 1-4,9",2021,2026,703,,,,,,,"clases={""1"": 371, ""2"": 58, ""3"": 25, ""4"": 247, ""9"": 2}"
A4_mun_2021-2025,A4_mun_2021-2025_unico_c805_m0.15_r1.5_e1.6_s1_u0.0,"brecha=P-c(1+m)-S/e; clases 1-4,9",2021,2026,703,,,,,,,"clases={""1"": 398, ""2"": 31, ""3"": 25, ""4"": 247, ""9"": 2}"
A4_mun_2021-2025,A4_mun_2021-2025_unico_c805_m0.15_r1.5_e1.6_s1_u0.1,"brecha=P-c(1+m)-S/e; clases 1-4,9",2021,2026,703,,,,,,,"clases={""1"": 380, ""2"": 49, ""3"": 25, ""4"": 247, ""9"": 2}"
A4_mun_2021-2025,A4_mun_2021-2025_unico_c805_m0.15_r1.5_e1.6_s1_u0.25,"brecha=P-c(1+m)-S/e; clases 1-4,9",2021,2026,703,,,,,,,"clases={""1"": 372, ""2"": 57, ""3"": 25, ""4"": 247, ""9"": 2}"
A4_mun_2021-2025,A4_mun_2021-2025_unico_c805_m0.2_r1.25_e0.8_s0_u0.0,"brecha=P-c(1+m)-S/e; clases 1-4,9",2021,2026,703,,,,,,,"clases={""1"": 382, ""2"": 34, ""3"": 38, ""4"": 247, ""9"": 2}"
A4_mun_2021-2025,A4_mun_2021-2025_unico_c805_m0.2_r1.25_e0.8_s0_u0.1,"brecha=P-c(1+m)-S/e; clases 1-4,9",2021,2026,703,,,,,,,"clases={""1"": 364, ""2"": 52, ""3"": 38, ""4"": 247, ""9"": 2}"
A4_mun_2021-2025,A4_mun_2021-2025_unico_c805_m0.2_r1.25_e0.8_s0_u0.25,"brecha=P-c(1+m)-S/e; clases 1-4,9",2021,2026,703,,,,,,,"clases={""1"": 355, ""2"": 61, ""3"": 38, ""4"": 247, ""9"": 2}"
A4_mun_2021-2025,A4_mun_2021-2025_unico_c805_m0.2_r1.25_e0.8_s1_u0.0,"brecha=P-c(1+m)-S/e; clases 1-4,9",2021,2026,703,,,,,,,"clases={""1"": 381, ""2"": 34, ""3"": 39, ""4"": 247, ""9"": 2}"
A4_mun_2021-2025,A4_mun_2021-2025_unico_c805_m0.2_r1.25_e0.8_s1_u0.1,"brecha=P-c(1+m)-S/e; clases 1-4,9",2021,2026,703,,,,,,,"clases={""1"": 363, ""2"": 52, ""3"": 39, ""4"": 247, ""9"": 2}"
A4_mun_2021-2025,A4_mun_2021-2025_unico_c805_m0.2_r1.25_e0.8_s1_u0.25,"brecha=P-c(1+m)-S/e; clases 1-4,9",2021,2026,703,,,,,,,"clases={""1"": 355, ""2"": 60, ""3"": 39, ""4"": 247, ""9"": 2}"
A4_mun_2021-2025,A4_mun_2021-2025_unico_c805_m0.2_r1.25_e1.2_s0_u0.0,"brecha=P-c(1+m)-S/e; clases 1-4,9",2021,2026,703,,,,,,,"clases={""1"": 388, ""2"": 35, ""3"": 31, ""4"": 247, ""9"": 2}"
A4_mun_2021-2025,A4_mun_2021-2025_unico_c805_m0.2_r1.25_e1.2_s0_u0.1,"brecha=P-c(1+m)-S/e; clases 1-4,9",2021,2026,703,,,,,,,"clases={""1"": 370, ""2"": 53, ""3"": 31, ""4"": 247, ""9"": 2}"
A4_mun_2021-2025,A4_mun_2021-2025_unico_c805_m0.2_r1.25_e1.2_s0_u0.25,"brecha=P-c(1+m)-S/e; clases 1-4,9",2021,2026,703,,,,,,,"clases={""1"": 356, ""2"": 67, ""3"": 31, ""4"": 247, ""9"": 2}"
A4_mun_2021-2025,A4_mun_2021-2025_unico_c805_m0.2_r1.25_e1.2_s1_u0.0,"brecha=P-c(1+m)-S/e; clases 1-4,9",2021,2026,703,,,,,,,"clases={""1"": 387, ""2"": 35, ""3"": 32, ""4"": 247, ""9"": 2}"
A4_mun_2021-2025,A4_mun_2021-2025_unico_c805_m0.2_r1.25_e1.2_s1_u0.1,"brecha=P-c(1+m)-S/e; clases 1-4,9",2021,2026,703,,,,,,,"clases={""1"": 369, ""2"": 53, ""3"": 32, ""4"": 247, ""9"": 2}"
A4_mun_2021-2025,A4_mun_2021-2025_unico_c805_m0.2_r1.25_e1.2_s1_u0.25,"brecha=P-c(1+m)-S/e; clases 1-4,9",2021,2026,703,,,,,,,"clases={""1"": 355, ""2"": 67, ""3"": 32, ""4"": 247, ""9"": 2}"
A4_mun_2021-2025,A4_mun_2021-2025_unico_c805_m0.2_r1.25_e1.6_s0_u0.0,"brecha=P-c(1+m)-S/e; clases 1-4,9",2021,2026,703,,,,,,,"clases={""1"": 390, ""2"": 35, ""3"": 29, ""4"": 247, ""9"": 2}"
A4_mun_2021-2025,A4_mun_2021-2025_unico_c805_m0.2_r1.25_e1.6_s0_u0.1,"brecha=P-c(1+m)-S/e; clases 1-4,9",2021,2026,703,,,,,,,"clases={""1"": 372, ""2"": 53, ""3"": 29, ""4"": 247, ""9"": 2}"
A4_mun_2021-2025,A4_mun_2021-2025_unico_c805_m0.2_r1.25_e1.6_s0_u0.25,"brecha=P-c(1+m)-S/e; clases 1-4,9",2021,2026,703,,,,,,,"clases={""1"": 358, ""2"": 67, ""3"": 29, ""4"": 247, ""9"": 2}"
A4_mun_2021-2025,A4_mun_2021-2025_unico_c805_m0.2_r1.25_e1.6_s1_u0.0,"brecha=P-c(1+m)-S/e; clases 1-4,9",2021,2026,703,,,,,,,"clases={""1"": 389, ""2"": 35, ""3"": 30, ""4"": 247, ""9"": 2}"
A4_mun_2021-2025,A4_mun_2021-2025_unico_c805_m0.2_r1.25_e1.6_s1_u0.1,"brecha=P-c(1+m)-S/e; clases 1-4,9",2021,2026,703,,,,,,,"clases={""1"": 371, ""2"": 53, ""3"": 30, ""4"": 247, ""9"": 2}"
A4_mun_2021-2025,A4_mun_2021-2025_unico_c805_m0.2_r1.25_e1.6_s1_u0.25,"brecha=P-c(1+m)-S/e; clases 1-4,9",2021,2026,703,,,,,,,"clases={""1"": 357, ""2"": 67, ""3"": 30, ""4"": 247, ""9"": 2}"
A4_mun_2021-2025,A4_mun_2021-2025_unico_c805_m0.2_r1.5_e0.8_s0_u0.0,"brecha=P-c(1+m)-S/e; clases 1-4,9",2021,2026,703,,,,,,,"clases={""1"": 386, ""2"": 30, ""3"": 38, ""4"": 247, ""9"": 2}"
A4_mun_2021-2025,A4_mun_2021-2025_unico_c805_m0.2_r1.5_e0.8_s0_u0.1,"brecha=P-c(1+m)-S/e; clases 1-4,9",2021,2026,703,,,,,,,"clases={""1"": 368, ""2"": 48, ""3"": 38, ""4"": 247, ""9"": 2}"
A4_mun_2021-2025,A4_mun_2021-2025_unico_c805_m0.2_r1.5_e0.8_s0_u0.25,"brecha=P-c(1+m)-S/e; clases 1-4,9",2021,2026,703,,,,,,,"clases={""1"": 360, ""2"": 56, ""3"": 38, ""4"": 247, ""9"": 2}"
A4_mun_2021-2025,A4_mun_2021-2025_unico_c805_m0.2_r1.5_e0.8_s1_u0.0,"brecha=P-c(1+m)-S/e; clases 1-4,9",2021,2026,703,,,,,,,"clases={""1"": 385, ""2"": 30, ""3"": 39, ""4"": 247, ""9"": 2}"
A4_mun_2021-2025,A4_mun_2021-2025_unico_c805_m0.2_r1.5_e0.8_s1_u0.1,"brecha=P-c(1+m)-S/e; clases 1-4,9",2021,2026,703,,,,,,,"clases={""1"": 367, ""2"": 48, ""3"": 39, ""4"": 247, ""9"": 2}"
A4_mun_2021-2025,A4_mun_2021-2025_unico_c805_m0.2_r1.5_e0.8_s1_u0.25,"brecha=P-c(1+m)-S/e; clases 1-4,9",2021,2026,703,,,,,,,"clases={""1"": 359, ""2"": 56, ""3"": 39, ""4"": 247, ""9"": 2}"
A4_mun_2021-2025,A4_mun_2021-2025_unico_c805_m0.2_r1.5_e1.2_s0_u0.0,"brecha=P-c(1+m)-S/e; clases 1-4,9",2021,2026,703,,,,,,,"clases={""1"": 392, ""2"": 31, ""3"": 31, ""4"": 247, ""9"": 2}"
A4_mun_2021-2025,A4_mun_2021-2025_unico_c805_m0.2_r1.5_e1.2_s0_u0.1,"brecha=P-c(1+m)-S/e; clases 1-4,9",2021,2026,703,,,,,,,"clases={""1"": 374, ""2"": 49, ""3"": 31, ""4"": 247, ""9"": 2}"
A4_mun_2021-2025,A4_mun_2021-2025_unico_c805_m0.2_r1.5_e1.2_s0_u0.25,"brecha=P-c(1+m)-S/e; clases 1-4,9",2021,2026,703,,,,,,,"clases={""1"": 366, ""2"": 57, ""3"": 31, ""4"": 247, ""9"": 2}"
A4_mun_2021-2025,A4_mun_2021-2025_unico_c805_m0.2_r1.5_e1.2_s1_u0.0,"brecha=P-c(1+m)-S/e; clases 1-4,9",2021,2026,703,,,,,,,"clases={""1"": 392, ""2"": 30, ""3"": 32, ""4"": 247, ""9"": 2}"
A4_mun_2021-2025,A4_mun_2021-2025_unico_c805_m0.2_r1.5_e1.2_s1_u0.1,"brecha=P-c(1+m)-S/e; clases 1-4,9",2021,2026,703,,,,,,,"clases={""1"": 374, ""2"": 48, ""3"": 32, ""4"": 247, ""9"": 2}"
A4_mun_2021-2025,A4_mun_2021-2025_unico_c805_m0.2_r1.5_e1.2_s1_u0.25,"brecha=P-c(1+m)-S/e; clases 1-4,9",2021,2026,703,,,,,,,"clases={""1"": 366, ""2"": 56, ""3"": 32, ""4"": 247, ""9"": 2}"
A4_mun_2021-2025,A4_mun_2021-2025_unico_c805_m0.2_r1.5_e1.6_s0_u0.0,"brecha=P-c(1+m)-S/e; clases 1-4,9",2021,2026,703,,,,,,,"clases={""1"": 394, ""2"": 31, ""3"": 29, ""4"": 247, ""9"": 2}"
A4_mun_2021-2025,A4_mun_2021-2025_unico_c805_m0.2_r1.5_e1.6_s0_u0.1,"brecha=P-c(1+m)-S/e; clases 1-4,9",2021,2026,703,,,,,,,"clases={""1"": 376, ""2"": 49, ""3"": 29, ""4"": 247, ""9"": 2}"
A4_mun_2021-2025,A4_mun_2021-2025_unico_c805_m0.2_r1.5_e1.6_s0_u0.25,"brecha=P-c(1+m)-S/e; clases 1-4,9",2021,2026,703,,,,,,,"clases={""1"": 367, ""2"": 58, ""3"": 29, ""4"": 247, ""9"": 2}"
A4_mun_2021-2025,A4_mun_2021-2025_unico_c805_m0.2_r1.5_e1.6_s1_u0.0,"brecha=P-c(1+m)-S/e; clases 1-4,9",2021,2026,703,,,,,,,"clases={""1"": 393, ""2"": 31, ""3"": 30, ""4"": 247, ""9"": 2}"
A4_mun_2021-2025,A4_mun_2021-2025_unico_c805_m0.2_r1.5_e1.6_s1_u0.1,"brecha=P-c(1+m)-S/e; clases 1-4,9",2021,2026,703,,,,,,,"clases={""1"": 375, ""2"": 49, ""3"": 30, ""4"": 247, ""9"": 2}"
A4_mun_2021-2025,A4_mun_2021-2025_unico_c805_m0.2_r1.5_e1.6_s1_u0.25,"brecha=P-c(1+m)-S/e; clases 1-4,9",2021,2026,703,,,,,,,"clases={""1"": 367, ""2"": 57, ""3"": 30, ""4"": 247, ""9"": 2}"
A4_mun_2021-2025,A4_mun_2021-2025_unico_c805_m0.25_r1.25_e0.8_s0_u0.0,"brecha=P-c(1+m)-S/e; clases 1-4,9",2021,2026,703,,,,,,,"clases={""1"": 379, ""2"": 34, ""3"": 41, ""4"": 247, ""9"": 2}"
A4_mun_2021-2025,A4_mun_2021-2025_unico_c805_m0.25_r1.25_e0.8_s0_u0.1,"brecha=P-c(1+m)-S/e; clases 1-4,9",2021,2026,703,,,,,,,"clases={""1"": 361, ""2"": 52, ""3"": 41, ""4"": 247, ""9"": 2}"
A4_mun_2021-2025,A4_mun_2021-2025_unico_c805_m0.25_r1.25_e0.8_s0_u0.25,"brecha=P-c(1+m)-S/e; clases 1-4,9",2021,2026,703,,,,,,,"clases={""1"": 352, ""2"": 61, ""3"": 41, ""4"": 247, ""9"": 2}"
A4_mun_2021-2025,A4_mun_2021-2025_unico_c805_m0.25_r1.25_e0.8_s1_u0.0,"brecha=P-c(1+m)-S/e; clases 1-4,9",2021,2026,703,,,,,,,"clases={""1"": 377, ""2"": 34, ""3"": 43, ""4"": 247, ""9"": 2}"
A4_mun_2021-2025,A4_mun_2021-2025_unico_c805_m0.25_r1.25_e0.8_s1_u0.1,"brecha=P-c(1+m)-S/e; clases 1-4,9",2021,2026,703,,,,,,,"clases={""1"": 359, ""2"": 52, ""3"": 43, ""4"": 247, ""9"": 2}"
A4_mun_2021-2025,A4_mun_2021-2025_unico_c805_m0.25_r1.25_e0.8_s1_u0.25,"brecha=P-c(1+m)-S/e; clases 1-4,9",2021,2026,703,,,,,,,"clases={""1"": 351, ""2"": 60, ""3"": 43, ""4"": 247, ""9"": 2}"
A4_mun_2021-2025,A4_mun_2021-2025_unico_c805_m0.25_r1.25_e1.2_s0_u0.0,"brecha=P-c(1+m)-S/e; clases 1-4,9",2021,2026,703,,,,,,,"clases={""1"": 382, ""2"": 35, ""3"": 37, ""4"": 247, ""9"": 2}"
A4_mun_2021-2025,A4_mun_2021-2025_unico_c805_m0.25_r1.25_e1.2_s0_u0.1,"brecha=P-c(1+m)-S/e; clases 1-4,9",2021,2026,703,,,,,,,"clases={""1"": 364, ""2"": 53, ""3"": 37, ""4"": 247, ""9"": 2}"
A4_mun_2021-2025,A4_mun_2021-2025_unico_c805_m0.25_r1.25_e1.2_s0_u0.25,"brecha=P-c(1+m)-S/e; clases 1-4,9",2021,2026,703,,,,,,,"clases={""1"": 350, ""2"": 67, ""3"": 37, ""4"": 247, ""9"": 2}"
A4_mun_2021-2025,A4_mun_2021-2025_unico_c805_m0.25_r1.25_e1.2_s1_u0.0,"brecha=P-c(1+m)-S/e; clases 1-4,9",2021,2026,703,,,,,,,"clases={""1"": 382, ""2"": 35, ""3"": 37, ""4"": 247, ""9"": 2}"
A4_mun_2021-2025,A4_mun_2021-2025_unico_c805_m0.25_r1.25_e1.2_s1_u0.1,"brecha=P-c(1+m)-S/e; clases 1-4,9",2021,2026,703,,,,,,,"clases={""1"": 364, ""2"": 53, ""3"": 37, ""4"": 247, ""9"": 2}"
A4_mun_2021-2025,A4_mun_2021-2025_unico_c805_m0.25_r1.25_e1.2_s1_u0.25,"brecha=P-c(1+m)-S/e; clases 1-4,9",2021,2026,703,,,,,,,"clases={""1"": 350, ""2"": 67, ""3"": 37, ""4"": 247, ""9"": 2}"
A4_mun_2021-2025,A4_mun_2021-2025_unico_c805_m0.25_r1.25_e1.6_s0_u0.0,"brecha=P-c(1+m)-S/e; clases 1-4,9",2021,2026,703,,,,,,,"clases={""1"": 387, ""2"": 35, ""3"": 32, ""4"": 247, ""9"": 2}"
A4_mun_2021-2025,A4_mun_2021-2025_unico_c805_m0.25_r1.25_e1.6_s0_u0.1,"brecha=P-c(1+m)-S/e; clases 1-4,9",2021,2026,703,,,,,,,"clases={""1"": 369, ""2"": 53, ""3"": 32, ""4"": 247, ""9"": 2}"
A4_mun_2021-2025,A4_mun_2021-2025_unico_c805_m0.25_r1.25_e1.6_s0_u0.25,"brecha=P-c(1+m)-S/e; clases 1-4,9",2021,2026,703,,,,,,,"clases={""1"": 355, ""2"": 67, ""3"": 32, ""4"": 247, ""9"": 2}"
A4_mun_2021-2025,A4_mun_2021-2025_unico_c805_m0.25_r1.25_e1.6_s1_u0.0,"brecha=P-c(1+m)-S/e; clases 1-4,9",2021,2026,703,,,,,,,"clases={""1"": 386, ""2"": 35, ""3"": 33, ""4"": 247, ""9"": 2}"
A4_mun_2021-2025,A4_mun_2021-2025_unico_c805_m0.25_r1.25_e1.6_s1_u0.1,"brecha=P-c(1+m)-S/e; clases 1-4,9",2021,2026,703,,,,,,,"clases={""1"": 368, ""2"": 53, ""3"": 33, ""4"": 247, ""9"": 2}"
A4_mun_2021-2025,A4_mun_2021-2025_unico_c805_m0.25_r1.25_e1.6_s1_u0.25,"brecha=P-c(1+m)-S/e; clases 1-4,9",2021,2026,703,,,,,,,"clases={""1"": 354, ""2"": 67, ""3"": 33, ""4"": 247, ""9"": 2}"
A4_mun_2021-2025,A4_mun_2021-2025_unico_c805_m0.25_r1.5_e0.8_s0_u0.0,"brecha=P-c(1+m)-S/e; clases 1-4,9",2021,2026,703,,,,,,,"clases={""1"": 383, ""2"": 30, ""3"": 41, ""4"": 247, ""9"": 2}"
A4_mun_2021-2025,A4_mun_2021-2025_unico_c805_m0.25_r1.5_e0.8_s0_u0.1,"brecha=P-c(1+m)-S/e; clases 1-4,9",2021,2026,703,,,,,,,"clases={""1"": 365, ""2"": 48, ""3"": 41, ""4"": 247, ""9"": 2}"
A4_mun_2021-2025,A4_mun_2021-2025_unico_c805_m0.25_r1.5_e0.8_s0_u0.25,"brecha=P-c(1+m)-S/e; clases 1-4,9",2021,2026,703,,,,,,,"clases={""1"": 357, ""2"": 56, ""3"": 41, ""4"": 247, ""9"": 2}"
A4_mun_2021-2025,A4_mun_2021-2025_unico_c805_m0.25_r1.5_e0.8_s1_u0.0,"brecha=P-c(1+m)-S/e; clases 1-4,9",2021,2026,703,,,,,,,"clases={""1"": 381, ""2"": 30, ""3"": 43, ""4"": 247, ""9"": 2}"
A4_mun_2021-2025,A4_mun_2021-2025_unico_c805_m0.25_r1.5_e0.8_s1_u0.1,"brecha=P-c(1+m)-S/e; clases 1-4,9",2021,2026,703,,,,,,,"clases={""1"": 363, ""2"": 48, ""3"": 43, ""4"": 247, ""9"": 2}"
A4_mun_2021-2025,A4_mun_2021-2025_unico_c805_m0.25_r1.5_e0.8_s1_u0.25,"brecha=P-c(1+m)-S/e; clases 1-4,9",2021,2026,703,,,,,,,"clases={""1"": 355, ""2"": 56, ""3"": 43, ""4"": 247, ""9"": 2}"
A4_mun_2021-2025,A4_mun_2021-2025_unico_c805_m0.25_r1.5_e1.2_s0_u0.0,"brecha=P-c(1+m)-S/e; clases 1-4,9",2021,2026,703,,,,,,,"clases={""1"": 386, ""2"": 31, ""3"": 37, ""4"": 247, ""9"": 2}"
A4_mun_2021-2025,A4_mun_2021-2025_unico_c805_m0.25_r1.5_e1.2_s0_u0.1,"brecha=P-c(1+m)-S/e; clases 1-4,9",2021,2026,703,,,,,,,"clases={""1"": 368, ""2"": 49, ""3"": 37, ""4"": 247, ""9"": 2}"
A4_mun_2021-2025,A4_mun_2021-2025_unico_c805_m0.25_r1.5_e1.2_s0_u0.25,"brecha=P-c(1+m)-S/e; clases 1-4,9",2021,2026,703,,,,,,,"clases={""1"": 360, ""2"": 57, ""3"": 37, ""4"": 247, ""9"": 2}"
A4_mun_2021-2025,A4_mun_2021-2025_unico_c805_m0.25_r1.5_e1.2_s1_u0.0,"brecha=P-c(1+m)-S/e; clases 1-4,9",2021,2026,703,,,,,,,"clases={""1"": 387, ""2"": 30, ""3"": 37, ""4"": 247, ""9"": 2}"
A4_mun_2021-2025,A4_mun_2021-2025_unico_c805_m0.25_r1.5_e1.2_s1_u0.1,"brecha=P-c(1+m)-S/e; clases 1-4,9",2021,2026,703,,,,,,,"clases={""1"": 369, ""2"": 48, ""3"": 37, ""4"": 247, ""9"": 2}"
A4_mun_2021-2025,A4_mun_2021-2025_unico_c805_m0.25_r1.5_e1.2_s1_u0.25,"brecha=P-c(1+m)-S/e; clases 1-4,9",2021,2026,703,,,,,,,"clases={""1"": 361, ""2"": 56, ""3"": 37, ""4"": 247, ""9"": 2}"
A4_mun_2021-2025,A4_mun_2021-2025_unico_c805_m0.25_r1.5_e1.6_s0_u0.0,"brecha=P-c(1+m)-S/e; clases 1-4,9",2021,2026,703,,,,,,,"clases={""1"": 391, ""2"": 31, ""3"": 32, ""4"": 247, ""9"": 2}"
A4_mun_2021-2025,A4_mun_2021-2025_unico_c805_m0.25_r1.5_e1.6_s0_u0.1,"brecha=P-c(1+m)-S/e; clases 1-4,9",2021,2026,703,,,,,,,"clases={""1"": 373, ""2"": 49, ""3"": 32, ""4"": 247, ""9"": 2}"
A4_mun_2021-2025,A4_mun_2021-2025_unico_c805_m0.25_r1.5_e1.6_s0_u0.25,"brecha=P-c(1+m)-S/e; clases 1-4,9",2021,2026,703,,,,,,,"clases={""1"": 364, ""2"": 58, ""3"": 32, ""4"": 247, ""9"": 2}"
A4_mun_2021-2025,A4_mun_2021-2025_unico_c805_m0.25_r1.5_e1.6_s1_u0.0,"brecha=P-c(1+m)-S/e; clases 1-4,9",2021,2026,703,,,,,,,"clases={""1"": 390, ""2"": 31, ""3"": 33, ""4"": 247, ""9"": 2}"
A4_mun_2021-2025,A4_mun_2021-2025_unico_c805_m0.25_r1.5_e1.6_s1_u0.1,"brecha=P-c(1+m)-S/e; clases 1-4,9",2021,2026,703,,,,,,,"clases={""1"": 372, ""2"": 49, ""3"": 33, ""4"": 247, ""9"": 2}"
A4_mun_2021-2025,A4_mun_2021-2025_unico_c805_m0.25_r1.5_e1.6_s1_u0.25,"brecha=P-c(1+m)-S/e; clases 1-4,9",2021,2026,703,,,,,,,"clases={""1"": 364, ""2"": 57, ""3"": 33, ""4"": 247, ""9"": 2}"
A4_mun_2021-2025,A4_mun_2021-2025_unico_c932_m0.15_r1.25_e0.8_s0_u0.0,"brecha=P-c(1+m)-S/e; clases 1-4,9",2021,2026,703,,,,,,,"clases={""1"": 343, ""2"": 31, ""3"": 80, ""4"": 247, ""9"": 2}"
A4_mun_2021-2025,A4_mun_2021-2025_unico_c932_m0.15_r1.25_e0.8_s0_u0.1,"brecha=P-c(1+m)-S/e; clases 1-4,9",2021,2026,703,,,,,,,"clases={""1"": 325, ""2"": 49, ""3"": 80, ""4"": 247, ""9"": 2}"
A4_mun_2021-2025,A4_mun_2021-2025_unico_c932_m0.15_r1.25_e0.8_s0_u0.25,"brecha=P-c(1+m)-S/e; clases 1-4,9",2021,2026,703,,,,,,,"clases={""1"": 317, ""2"": 57, ""3"": 80, ""4"": 247, ""9"": 2}"
A4_mun_2021-2025,A4_mun_2021-2025_unico_c932_m0.15_r1.25_e0.8_s1_u0.0,"brecha=P-c(1+m)-S/e; clases 1-4,9",2021,2026,703,,,,,,,"clases={""1"": 342, ""2"": 30, ""3"": 82, ""4"": 247, ""9"": 2}"
A4_mun_2021-2025,A4_mun_2021-2025_unico_c932_m0.15_r1.25_e0.8_s1_u0.1,"brecha=P-c(1+m)-S/e; clases 1-4,9",2021,2026,703,,,,,,,"clases={""1"": 324, ""2"": 48, ""3"": 82, ""4"": 247, ""9"": 2}"
A4_mun_2021-2025,A4_mun_2021-2025_unico_c932_m0.15_r1.25_e0.8_s1_u0.25,"brecha=P-c(1+m)-S/e; clases 1-4,9",2021,2026,703,,,,,,,"clases={""1"": 316, ""2"": 56, ""3"": 82, ""4"": 247, ""9"": 2}"
A4_mun_2021-2025,A4_mun_2021-2025_unico_c932_m0.15_r1.25_e1.2_s0_u0.0,"brecha=P-c(1+m)-S/e; clases 1-4,9",2021,2026,703,,,,,,,"clases={""1"": 382, ""2"": 31, ""3"": 41, ""4"": 247, ""9"": 2}"
A4_mun_2021-2025,A4_mun_2021-2025_unico_c932_m0.15_r1.25_e1.2_s0_u0.1,"brecha=P-c(1+m)-S/e; clases 1-4,9",2021,2026,703,,,,,,,"clases={""1"": 364, ""2"": 49, ""3"": 41, ""4"": 247, ""9"": 2}"
A4_mun_2021-2025,A4_mun_2021-2025_unico_c932_m0.15_r1.25_e1.2_s0_u0.25,"brecha=P-c(1+m)-S/e; clases 1-4,9",2021,2026,703,,,,,,,"clases={""1"": 355, ""2"": 58, ""3"": 41, ""4"": 247, ""9"": 2}"
A4_mun_2021-2025,A4_mun_2021-2025_unico_c932_m0.15_r1.25_e1.2_s1_u0.0,"brecha=P-c(1+m)-S/e; clases 1-4,9",2021,2026,703,,,,,,,"clases={""1"": 380, ""2"": 31, ""3"": 43, ""4"": 247, ""9"": 2}"
A4_mun_2021-2025,A4_mun_2021-2025_unico_c932_m0.15_r1.25_e1.2_s1_u0.1,"brecha=P-c(1+m)-S/e; clases 1-4,9",2021,2026,703,,,,,,,"clases={""1"": 362, ""2"": 49, ""3"": 43, ""4"": 247, ""9"": 2}"
A4_mun_2021-2025,A4_mun_2021-2025_unico_c932_m0.15_r1.25_e1.2_s1_u0.25,"brecha=P-c(1+m)-S/e; clases 1-4,9",2021,2026,703,,,,,,,"clases={""1"": 354, ""2"": 57, ""3"": 43, ""4"": 247, ""9"": 2}"
A4_mun_2021-2025,A4_mun_2021-2025_unico_c932_m0.15_r1.25_e1.6_s0_u0.0,"brecha=P-c(1+m)-S/e; clases 1-4,9",2021,2026,703,,,,,,,"clases={""1"": 384, ""2"": 31, ""3"": 39, ""4"": 247, ""9"": 2}"
A4_mun_2021-2025,A4_mun_2021-2025_unico_c932_m0.15_r1.25_e1.6_s0_u0.1,"brecha=P-c(1+m)-S/e; clases 1-4,9",2021,2026,703,,,,,,,"clases={""1"": 366, ""2"": 49, ""3"": 39, ""4"": 247, ""9"": 2}"
A4_mun_2021-2025,A4_mun_2021-2025_unico_c932_m0.15_r1.25_e1.6_s0_u0.25,"brecha=P-c(1+m)-S/e; clases 1-4,9",2021,2026,703,,,,,,,"clases={""1"": 357, ""2"": 58, ""3"": 39, ""4"": 247, ""9"": 2}"
A4_mun_2021-2025,A4_mun_2021-2025_unico_c932_m0.15_r1.25_e1.6_s1_u0.0,"brecha=P-c(1+m)-S/e; clases 1-4,9",2021,2026,703,,,,,,,"clases={""1"": 384, ""2"": 31, ""3"": 39, ""4"": 247, ""9"": 2}"
A4_mun_2021-2025,A4_mun_2021-2025_unico_c932_m0.15_r1.25_e1.6_s1_u0.1,"brecha=P-c(1+m)-S/e; clases 1-4,9",2021,2026,703,,,,,,,"clases={""1"": 366, ""2"": 49, ""3"": 39, ""4"": 247, ""9"": 2}"
A4_mun_2021-2025,A4_mun_2021-2025_unico_c932_m0.15_r1.25_e1.6_s1_u0.25,"brecha=P-c(1+m)-S/e; clases 1-4,9",2021,2026,703,,,,,,,"clases={""1"": 358, ""2"": 57, ""3"": 39, ""4"": 247, ""9"": 2}"
A4_mun_2021-2025,A4_mun_2021-2025_unico_c932_m0.15_r1.5_e0.8_s0_u0.0,"brecha=P-c(1+m)-S/e; clases 1-4,9",2021,2026,703,,,,,,,"clases={""1"": 346, ""2"": 28, ""3"": 80, ""4"": 247, ""9"": 2}"
A4_mun_2021-2025,A4_mun_2021-2025_unico_c932_m0.15_r1.5_e0.8_s0_u0.1,"brecha=P-c(1+m)-S/e; clases 1-4,9",2021,2026,703,,,,,,,"clases={""1"": 329, ""2"": 45, ""3"": 80, ""4"": 247, ""9"": 2}"
A4_mun_2021-2025,A4_mun_2021-2025_unico_c932_m0.15_r1.5_e0.8_s0_u0.25,"brecha=P-c(1+m)-S/e; clases 1-4,9",2021,2026,703,,,,,,,"clases={""1"": 322, ""2"": 52, ""3"": 80, ""4"": 247, ""9"": 2}"
A4_mun_2021-2025,A4_mun_2021-2025_unico_c932_m0.15_r1.5_e0.8_s1_u0.0,"brecha=P-c(1+m)-S/e; clases 1-4,9",2021,2026,703,,,,,,,"clases={""1"": 346, ""2"": 26, ""3"": 82, ""4"": 247, ""9"": 2}"
A4_mun_2021-2025,A4_mun_2021-2025_unico_c932_m0.15_r1.5_e0.8_s1_u0.1,"brecha=P-c(1+m)-S/e; clases 1-4,9",2021,2026,703,,,,,,,"clases={""1"": 329, ""2"": 43, ""3"": 82, ""4"": 247, ""9"": 2}"
A4_mun_2021-2025,A4_mun_2021-2025_unico_c932_m0.15_r1.5_e0.8_s1_u0.25,"brecha=P-c(1+m)-S/e; clases 1-4,9",2021,2026,703,,,,,,,"clases={""1"": 322, ""2"": 50, ""3"": 82, ""4"": 247, ""9"": 2}"
A4_mun_2021-2025,A4_mun_2021-2025_unico_c932_m0.15_r1.5_e1.2_s0_u0.0,"brecha=P-c(1+m)-S/e; clases 1-4,9",2021,2026,703,,,,,,,"clases={""1"": 384, ""2"": 29, ""3"": 41, ""4"": 247, ""9"": 2}"
A4_mun_2021-2025,A4_mun_2021-2025_unico_c932_m0.15_r1.5_e1.2_s0_u0.1,"brecha=P-c(1+m)-S/e; clases 1-4,9",2021,2026,703,,,,,,,"clases={""1"": 366, ""2"": 47, ""3"": 41, ""4"": 247, ""9"": 2}"
A4_mun_2021-2025,A4_mun_2021-2025_unico_c932_m0.15_r1.5_e1.2_s0_u0.25,"brecha=P-c(1+m)-S/e; clases 1-4,9",2021,2026,703,,,,,,,"clases={""1"": 359, ""2"": 54, ""3"": 41, ""4"": 247, ""9"": 2}"
A4_mun_2021-2025,A4_mun_2021-2025_unico_c932_m0.15_r1.5_e1.2_s1_u0.0,"brecha=P-c(1+m)-S/e; clases 1-4,9",2021,2026,703,,,,,,,"clases={""1"": 382, ""2"": 29, ""3"": 43, ""4"": 247, ""9"": 2}"
A4_mun_2021-2025,A4_mun_2021-2025_unico_c932_m0.15_r1.5_e1.2_s1_u0.1,"brecha=P-c(1+m)-S/e; clases 1-4,9",2021,2026,703,,,,,,,"clases={""1"": 364, ""2"": 47, ""3"": 43, ""4"": 247, ""9"": 2}"
A4_mun_2021-2025,A4_mun_2021-2025_unico_c932_m0.15_r1.5_e1.2_s1_u0.25,"brecha=P-c(1+m)-S/e; clases 1-4,9",2021,2026,703,,,,,,,"clases={""1"": 357, ""2"": 54, ""3"": 43, ""4"": 247, ""9"": 2}"
A4_mun_2021-2025,A4_mun_2021-2025_unico_c932_m0.15_r1.5_e1.6_s0_u0.0,"brecha=P-c(1+m)-S/e; clases 1-4,9",2021,2026,703,,,,,,,"clases={""1"": 386, ""2"": 29, ""3"": 39, ""4"": 247, ""9"": 2}"
A4_mun_2021-2025,A4_mun_2021-2025_unico_c932_m0.15_r1.5_e1.6_s0_u0.1,"brecha=P-c(1+m)-S/e; clases 1-4,9",2021,2026,703,,,,,,,"clases={""1"": 368, ""2"": 47, ""3"": 39, ""4"": 247, ""9"": 2}"
A4_mun_2021-2025,A4_mun_2021-2025_unico_c932_m0.15_r1.5_e1.6_s0_u0.25,"brecha=P-c(1+m)-S/e; clases 1-4,9",2021,2026,703,,,,,,,"clases={""1"": 361, ""2"": 54, ""3"": 39, ""4"": 247, ""9"": 2}"
A4_mun_2021-2025,A4_mun_2021-2025_unico_c932_m0.15_r1.5_e1.6_s1_u0.0,"brecha=P-c(1+m)-S/e; clases 1-4,9",2021,2026,703,,,,,,,"clases={""1"": 386, ""2"": 29, ""3"": 39, ""4"": 247, ""9"": 2}"
A4_mun_2021-2025,A4_mun_2021-2025_unico_c932_m0.15_r1.5_e1.6_s1_u0.1,"brecha=P-c(1+m)-S/e; clases 1-4,9",2021,2026,703,,,,,,,"clases={""1"": 368, ""2"": 47, ""3"": 39, ""4"": 247, ""9"": 2}"
A4_mun_2021-2025,A4_mun_2021-2025_unico_c932_m0.15_r1.5_e1.6_s1_u0.25,"brecha=P-c(1+m)-S/e; clases 1-4,9",2021,2026,703,,,,,,,"clases={""1"": 361, ""2"": 54, ""3"": 39, ""4"": 247, ""9"": 2}"
A4_mun_2021-2025,A4_mun_2021-2025_unico_c932_m0.2_r1.25_e0.8_s0_u0.0,"brecha=P-c(1+m)-S/e; clases 1-4,9",2021,2026,703,,,,,,,"clases={""1"": 340, ""2"": 31, ""3"": 83, ""4"": 247, ""9"": 2}"
A4_mun_2021-2025,A4_mun_2021-2025_unico_c932_m0.2_r1.25_e0.8_s0_u0.1,"brecha=P-c(1+m)-S/e; clases 1-4,9",2021,2026,703,,,,,,,"clases={""1"": 322, ""2"": 49, ""3"": 83, ""4"": 247, ""9"": 2}"
A4_mun_2021-2025,A4_mun_2021-2025_unico_c932_m0.2_r1.25_e0.8_s0_u0.25,"brecha=P-c(1+m)-S/e; clases 1-4,9",2021,2026,703,,,,,,,"clases={""1"": 314, ""2"": 57, ""3"": 83, ""4"": 247, ""9"": 2}"
A4_mun_2021-2025,A4_mun_2021-2025_unico_c932_m0.2_r1.25_e0.8_s1_u0.0,"brecha=P-c(1+m)-S/e; clases 1-4,9",2021,2026,703,,,,,,,"clases={""1"": 337, ""2"": 30, ""3"": 87, ""4"": 247, ""9"": 2}"
A4_mun_2021-2025,A4_mun_2021-2025_unico_c932_m0.2_r1.25_e0.8_s1_u0.1,"brecha=P-c(1+m)-S/e; clases 1-4,9",2021,2026,703,,,,,,,"clases={""1"": 319, ""2"": 48, ""3"": 87, ""4"": 247, ""9"": 2}"
A4_mun_2021-2025,A4_mun_2021-2025_unico_c932_m0.2_r1.25_e0.8_s1_u0.25,"brecha=P-c(1+m)-S/e; clases 1-4,9",2021,2026,703,,,,,,,"clases={""1"": 311, ""2"": 56, ""3"": 87, ""4"": 247, ""9"": 2}"
A4_mun_2021-2025,A4_mun_2021-2025_unico_c932_m0.2_r1.25_e1.2_s0_u0.0,"brecha=P-c(1+m)-S/e; clases 1-4,9",2021,2026,703,,,,,,,"clases={""1"": 363, ""2"": 31, ""3"": 60, ""4"": 247, ""9"": 2}"
A4_mun_2021-2025,A4_mun_2021-2025_unico_c932_m0.2_r1.25_e1.2_s0_u0.1,"brecha=P-c(1+m)-S/e; clases 1-4,9",2021,2026,703,,,,,,,"clases={""1"": 345, ""2"": 49, ""3"": 60, ""4"": 247, ""9"": 2}"
A4_mun_2021-2025,A4_mun_2021-2025_unico_c932_m0.2_r1.25_e1.2_s0_u0.25,"brecha=P-c(1+m)-S/e; clases 1-4,9",2021,2026,703,,,,,,,"clases={""1"": 336, ""2"": 58, ""3"": 60, ""4"": 247, ""9"": 2}"
A4_mun_2021-2025,A4_mun_2021-2025_unico_c932_m0.2_r1.25_e1.2_s1_u0.0,"brecha=P-c(1+m)-S/e; clases 1-4,9",2021,2026,703,,,,,,,"clases={""1"": 363, ""2"": 31, ""3"": 60, ""4"": 247, ""9"": 2}"
A4_mun_2021-2025,A4_mun_2021-2025_unico_c932_m0.2_r1.25_e1.2_s1_u0.1,"brecha=P-c(1+m)-S/e; clases 1-4,9",2021,2026,703,,,,,,,"clases={""1"": 345, ""2"": 49, ""3"": 60, ""4"": 247, ""9"": 2}"
A4_mun_2021-2025,A4_mun_2021-2025_unico_c932_m0.2_r1.25_e1.2_s1_u0.25,"brecha=P-c(1+m)-S/e; clases 1-4,9",2021,2026,703,,,,,,,"clases={""1"": 337, ""2"": 57, ""3"": 60, ""4"": 247, ""9"": 2}"
A4_mun_2021-2025,A4_mun_2021-2025_unico_c932_m0.2_r1.25_e1.6_s0_u0.0,"brecha=P-c(1+m)-S/e; clases 1-4,9",2021,2026,703,,,,,,,"clases={""1"": 368, ""2"": 31, ""3"": 55, ""4"": 247, ""9"": 2}"
A4_mun_2021-2025,A4_mun_2021-2025_unico_c932_m0.2_r1.25_e1.6_s0_u0.1,"brecha=P-c(1+m)-S/e; clases 1-4,9",2021,2026,703,,,,,,,"clases={""1"": 350, ""2"": 49, ""3"": 55, ""4"": 247, ""9"": 2}"
A4_mun_2021-2025,A4_mun_2021-2025_unico_c932_m0.2_r1.25_e1.6_s0_u0.25,"brecha=P-c(1+m)-S/e; clases 1-4,9",2021,2026,703,,,,,,,"clases={""1"": 341, ""2"": 58, ""3"": 55, ""4"": 247, ""9"": 2}"
A4_mun_2021-2025,A4_mun_2021-2025_unico_c932_m0.2_r1.25_e1.6_s1_u0.0,"brecha=P-c(1+m)-S/e; clases 1-4,9",2021,2026,703,,,,,,,"clases={""1"": 367, ""2"": 31, ""3"": 56, ""4"": 247, ""9"": 2}"
A4_mun_2021-2025,A4_mun_2021-2025_unico_c932_m0.2_r1.25_e1.6_s1_u0.1,"brecha=P-c(1+m)-S/e; clases 1-4,9",2021,2026,703,,,,,,,"clases={""1"": 349, ""2"": 49, ""3"": 56, ""4"": 247, ""9"": 2}"
A4_mun_2021-2025,A4_mun_2021-2025_unico_c932_m0.2_r1.25_e1.6_s1_u0.25,"brecha=P-c(1+m)-S/e; clases 1-4,9",2021,2026,703,,,,,,,"clases={""1"": 341, ""2"": 57, ""3"": 56, ""4"": 247, ""9"": 2}"
A4_mun_2021-2025,A4_mun_2021-2025_unico_c932_m0.2_r1.5_e0.8_s0_u0.0,"brecha=P-c(1+m)-S/e; clases 1-4,9",2021,2026,703,,,,,,,"clases={""1"": 343, ""2"": 28, ""3"": 83, ""4"": 247, ""9"": 2}"
A4_mun_2021-2025,A4_mun_2021-2025_unico_c932_m0.2_r1.5_e0.8_s0_u0.1,"brecha=P-c(1+m)-S/e; clases 1-4,9",2021,2026,703,,,,,,,"clases={""1"": 326, ""2"": 45, ""3"": 83, ""4"": 247, ""9"": 2}"
A4_mun_2021-2025,A4_mun_2021-2025_unico_c932_m0.2_r1.5_e0.8_s0_u0.25,"brecha=P-c(1+m)-S/e; clases 1-4,9",2021,2026,703,,,,,,,"clases={""1"": 319, ""2"": 52, ""3"": 83, ""4"": 247, ""9"": 2}"
A4_mun_2021-2025,A4_mun_2021-2025_unico_c932_m0.2_r1.5_e0.8_s1_u0.0,"brecha=P-c(1+m)-S/e; clases 1-4,9",2021,2026,703,,,,,,,"clases={""1"": 341, ""2"": 26, ""3"": 87, ""4"": 247, ""9"": 2}"
A4_mun_2021-2025,A4_mun_2021-2025_unico_c932_m0.2_r1.5_e0.8_s1_u0.1,"brecha=P-c(1+m)-S/e; clases 1-4,9",2021,2026,703,,,,,,,"clases={""1"": 324, ""2"": 43, ""3"": 87, ""4"": 247, ""9"": 2}"
A4_mun_2021-2025,A4_mun_2021-2025_unico_c932_m0.2_r1.5_e0.8_s1_u0.25,"brecha=P-c(1+m)-S/e; clases 1-4,9",2021,2026,703,,,,,,,"clases={""1"": 317, ""2"": 50, ""3"": 87, ""4"": 247, ""9"": 2}"
A4_mun_2021-2025,A4_mun_2021-2025_unico_c932_m0.2_r1.5_e1.2_s0_u0.0,"brecha=P-c(1+m)-S/e; clases 1-4,9",2021,2026,703,,,,,,,"clases={""1"": 365, ""2"": 29, ""3"": 60, ""4"": 247, ""9"": 2}"
A4_mun_2021-2025,A4_mun_2021-2025_unico_c932_m0.2_r1.5_e1.2_s0_u0.1,"brecha=P-c(1+m)-S/e; clases 1-4,9",2021,2026,703,,,,,,,"clases={""1"": 347, ""2"": 47, ""3"": 60, ""4"": 247, ""9"": 2}"
A4_mun_2021-2025,A4_mun_2021-2025_unico_c932_m0.2_r1.5_e1.2_s0_u0.25,"brecha=P-c(1+m)-S/e; clases 1-4,9",2021,2026,703,,,,,,,"clases={""1"": 340, ""2"": 54, ""3"": 60, ""4"": 247, ""9"": 2}"
A4_mun_2021-2025,A4_mun_2021-2025_unico_c932_m0.2_r1.5_e1.2_s1_u0.0,"brecha=P-c(1+m)-S/e; clases 1-4,9",2021,2026,703,,,,,,,"clases={""1"": 365, ""2"": 29, ""3"": 60, ""4"": 247, ""9"": 2}"
A4_mun_2021-2025,A4_mun_2021-2025_unico_c932_m0.2_r1.5_e1.2_s1_u0.1,"brecha=P-c(1+m)-S/e; clases 1-4,9",2021,2026,703,,,,,,,"clases={""1"": 347, ""2"": 47, ""3"": 60, ""4"": 247, ""9"": 2}"
A4_mun_2021-2025,A4_mun_2021-2025_unico_c932_m0.2_r1.5_e1.2_s1_u0.25,"brecha=P-c(1+m)-S/e; clases 1-4,9",2021,2026,703,,,,,,,"clases={""1"": 340, ""2"": 54, ""3"": 60, ""4"": 247, ""9"": 2}"
A4_mun_2021-2025,A4_mun_2021-2025_unico_c932_m0.2_r1.5_e1.6_s0_u0.0,"brecha=P-c(1+m)-S/e; clases 1-4,9",2021,2026,703,,,,,,,"clases={""1"": 370, ""2"": 29, ""3"": 55, ""4"": 247, ""9"": 2}"
A4_mun_2021-2025,A4_mun_2021-2025_unico_c932_m0.2_r1.5_e1.6_s0_u0.1,"brecha=P-c(1+m)-S/e; clases 1-4,9",2021,2026,703,,,,,,,"clases={""1"": 352, ""2"": 47, ""3"": 55, ""4"": 247, ""9"": 2}"
A4_mun_2021-2025,A4_mun_2021-2025_unico_c932_m0.2_r1.5_e1.6_s0_u0.25,"brecha=P-c(1+m)-S/e; clases 1-4,9",2021,2026,703,,,,,,,"clases={""1"": 345, ""2"": 54, ""3"": 55, ""4"": 247, ""9"": 2}"
A4_mun_2021-2025,A4_mun_2021-2025_unico_c932_m0.2_r1.5_e1.6_s1_u0.0,"brecha=P-c(1+m)-S/e; clases 1-4,9",2021,2026,703,,,,,,,"clases={""1"": 369, ""2"": 29, ""3"": 56, ""4"": 247, ""9"": 2}"
A4_mun_2021-2025,A4_mun_2021-2025_unico_c932_m0.2_r1.5_e1.6_s1_u0.1,"brecha=P-c(1+m)-S/e; clases 1-4,9",2021,2026,703,,,,,,,"clases={""1"": 351, ""2"": 47, ""3"": 56, ""4"": 247, ""9"": 2}"
A4_mun_2021-2025,A4_mun_2021-2025_unico_c932_m0.2_r1.5_e1.6_s1_u0.25,"brecha=P-c(1+m)-S/e; clases 1-4,9",2021,2026,703,,,,,,,"clases={""1"": 344, ""2"": 54, ""3"": 56, ""4"": 247, ""9"": 2}"
A4_mun_2021-2025,A4_mun_2021-2025_unico_c932_m0.25_r1.25_e0.8_s0_u0.0,"brecha=P-c(1+m)-S/e; clases 1-4,9",2021,2026,703,,,,,,,"clases={""1"": 338, ""2"": 31, ""3"": 85, ""4"": 247, ""9"": 2}"
A4_mun_2021-2025,A4_mun_2021-2025_unico_c932_m0.25_r1.25_e0.8_s0_u0.1,"brecha=P-c(1+m)-S/e; clases 1-4,9",2021,2026,703,,,,,,,"clases={""1"": 320, ""2"": 49, ""3"": 85, ""4"": 247, ""9"": 2}"
A4_mun_2021-2025,A4_mun_2021-2025_unico_c932_m0.25_r1.25_e0.8_s0_u0.25,"brecha=P-c(1+m)-S/e; clases 1-4,9",2021,2026,703,,,,,,,"clases={""1"": 312, ""2"": 57, ""3"": 85, ""4"": 247, ""9"": 2}"
A4_mun_2021-2025,A4_mun_2021-2025_unico_c932_m0.25_r1.25_e0.8_s1_u0.0,"brecha=P-c(1+m)-S/e; clases 1-4,9",2021,2026,703,,,,,,,"clases={""1"": 333, ""2"": 30, ""3"": 91, ""4"": 247, ""9"": 2}"
A4_mun_2021-2025,A4_mun_2021-2025_unico_c932_m0.25_r1.25_e0.8_s1_u0.1,"brecha=P-c(1+m)-S/e; clases 1-4,9",2021,2026,703,,,,,,,"clases={""1"": 315, ""2"": 48, ""3"": 91, ""4"": 247, ""9"": 2}"
A4_mun_2021-2025,A4_mun_2021-2025_unico_c932_m0.25_r1.25_e0.8_s1_u0.25,"brecha=P-c(1+m)-S/e; clases 1-4,9",2021,2026,703,,,,,,,"clases={""1"": 307, ""2"": 56, ""3"": 91, ""4"": 247, ""9"": 2}"
A4_mun_2021-2025,A4_mun_2021-2025_unico_c932_m0.25_r1.25_e1.2_s0_u0.0,"brecha=P-c(1+m)-S/e; clases 1-4,9",2021,2026,703,,,,,,,"clases={""1"": 343, ""2"": 31, ""3"": 80, ""4"": 247, ""9"": 2}"
A4_mun_2021-2025,A4_mun_2021-2025_unico_c932_m0.25_r1.25_e1.2_s0_u0.1,"brecha=P-c(1+m)-S/e; clases 1-4,9",2021,2026,703,,,,,,,"clases={""1"": 325, ""2"": 49, ""3"": 80, ""4"": 247, ""9"": 2}"
A4_mun_2021-2025,A4_mun_2021-2025_unico_c932_m0.25_r1.25_e1.2_s0_u0.25,"brecha=P-c(1+m)-S/e; clases 1-4,9",2021,2026,703,,,,,,,"clases={""1"": 316, ""2"": 58, ""3"": 80, ""4"": 247, ""9"": 2}"
A4_mun_2021-2025,A4_mun_2021-2025_unico_c932_m0.25_r1.25_e1.2_s1_u0.0,"brecha=P-c(1+m)-S/e; clases 1-4,9",2021,2026,703,,,,,,,"clases={""1"": 341, ""2"": 31, ""3"": 82, ""4"": 247, ""9"": 2}"
A4_mun_2021-2025,A4_mun_2021-2025_unico_c932_m0.25_r1.25_e1.2_s1_u0.1,"brecha=P-c(1+m)-S/e; clases 1-4,9",2021,2026,703,,,,,,,"clases={""1"": 323, ""2"": 49, ""3"": 82, ""4"": 247, ""9"": 2}"
A4_mun_2021-2025,A4_mun_2021-2025_unico_c932_m0.25_r1.25_e1.2_s1_u0.25,"brecha=P-c(1+m)-S/e; clases 1-4,9",2021,2026,703,,,,,,,"clases={""1"": 315, ""2"": 57, ""3"": 82, ""4"": 247, ""9"": 2}"
A4_mun_2021-2025,A4_mun_2021-2025_unico_c932_m0.25_r1.25_e1.6_s0_u0.0,"brecha=P-c(1+m)-S/e; clases 1-4,9",2021,2026,703,,,,,,,"clases={""1"": 362, ""2"": 31, ""3"": 61, ""4"": 247, ""9"": 2}"
A4_mun_2021-2025,A4_mun_2021-2025_unico_c932_m0.25_r1.25_e1.6_s0_u0.1,"brecha=P-c(1+m)-S/e; clases 1-4,9",2021,2026,703,,,,,,,"clases={""1"": 344, ""2"": 49, ""3"": 61, ""4"": 247, ""9"": 2}"
A4_mun_2021-2025,A4_mun_2021-2025_unico_c932_m0.25_r1.25_e1.6_s0_u0.25,"brecha=P-c(1+m)-S/e; clases 1-4,9",2021,2026,703,,,,,,,"clases={""1"": 335, ""2"": 58, ""3"": 61, ""4"": 247, ""9"": 2}"
A4_mun_2021-2025,A4_mun_2021-2025_unico_c932_m0.25_r1.25_e1.6_s1_u0.0,"brecha=P-c(1+m)-S/e; clases 1-4,9",2021,2026,703,,,,,,,"clases={""1"": 362, ""2"": 31, ""3"": 61, ""4"": 247, ""9"": 2}"
A4_mun_2021-2025,A4_mun_2021-2025_unico_c932_m0.25_r1.25_e1.6_s1_u0.1,"brecha=P-c(1+m)-S/e; clases 1-4,9",2021,2026,703,,,,,,,"clases={""1"": 344, ""2"": 49, ""3"": 61, ""4"": 247, ""9"": 2}"
A4_mun_2021-2025,A4_mun_2021-2025_unico_c932_m0.25_r1.25_e1.6_s1_u0.25,"brecha=P-c(1+m)-S/e; clases 1-4,9",2021,2026,703,,,,,,,"clases={""1"": 336, ""2"": 57, ""3"": 61, ""4"": 247, ""9"": 2}"
A4_mun_2021-2025,A4_mun_2021-2025_unico_c932_m0.25_r1.5_e0.8_s0_u0.0,"brecha=P-c(1+m)-S/e; clases 1-4,9",2021,2026,703,,,,,,,"clases={""1"": 341, ""2"": 28, ""3"": 85, ""4"": 247, ""9"": 2}"
A4_mun_2021-2025,A4_mun_2021-2025_unico_c932_m0.25_r1.5_e0.8_s0_u0.1,"brecha=P-c(1+m)-S/e; clases 1-4,9",2021,2026,703,,,,,,,"clases={""1"": 324, ""2"": 45, ""3"": 85, ""4"": 247, ""9"": 2}"
A4_mun_2021-2025,A4_mun_2021-2025_unico_c932_m0.25_r1.5_e0.8_s0_u0.25,"brecha=P-c(1+m)-S/e; clases 1-4,9",2021,2026,703,,,,,,,"clases={""1"": 317, ""2"": 52, ""3"": 85, ""4"": 247, ""9"": 2}"
A4_mun_2021-2025,A4_mun_2021-2025_unico_c932_m0.25_r1.5_e0.8_s1_u0.0,"brecha=P-c(1+m)-S/e; clases 1-4,9",2021,2026,703,,,,,,,"clases={""1"": 337, ""2"": 26, ""3"": 91, ""4"": 247, ""9"": 2}"
A4_mun_2021-2025,A4_mun_2021-2025_unico_c932_m0.25_r1.5_e0.8_s1_u0.1,"brecha=P-c(1+m)-S/e; clases 1-4,9",2021,2026,703,,,,,,,"clases={""1"": 320, ""2"": 43, ""3"": 91, ""4"": 247, ""9"": 2}"
A4_mun_2021-2025,A4_mun_2021-2025_unico_c932_m0.25_r1.5_e0.8_s1_u0.25,"brecha=P-c(1+m)-S/e; clases 1-4,9",2021,2026,703,,,,,,,"clases={""1"": 313, ""2"": 50, ""3"": 91, ""4"": 247, ""9"": 2}"
A4_mun_2021-2025,A4_mun_2021-2025_unico_c932_m0.25_r1.5_e1.2_s0_u0.0,"brecha=P-c(1+m)-S/e; clases 1-4,9",2021,2026,703,,,,,,,"clases={""1"": 345, ""2"": 29, ""3"": 80, ""4"": 247, ""9"": 2}"
A4_mun_2021-2025,A4_mun_2021-2025_unico_c932_m0.25_r1.5_e1.2_s0_u0.1,"brecha=P-c(1+m)-S/e; clases 1-4,9",2021,2026,703,,,,,,,"clases={""1"": 327, ""2"": 47, ""3"": 80, ""4"": 247, ""9"": 2}"
A4_mun_2021-2025,A4_mun_2021-2025_unico_c932_m0.25_r1.5_e1.2_s0_u0.25,"brecha=P-c(1+m)-S/e; clases 1-4,9",2021,2026,703,,,,,,,"clases={""1"": 320, ""2"": 54, ""3"": 80, ""4"": 247, ""9"": 2}"
A4_mun_2021-2025,A4_mun_2021-2025_unico_c932_m0.25_r1.5_e1.2_s1_u0.0,"brecha=P-c(1+m)-S/e; clases 1-4,9",2021,2026,703,,,,,,,"clases={""1"": 343, ""2"": 29, ""3"": 82, ""4"": 247, ""9"": 2}"
A4_mun_2021-2025,A4_mun_2021-2025_unico_c932_m0.25_r1.5_e1.2_s1_u0.1,"brecha=P-c(1+m)-S/e; clases 1-4,9",2021,2026,703,,,,,,,"clases={""1"": 325, ""2"": 47, ""3"": 82, ""4"": 247, ""9"": 2}"
A4_mun_2021-2025,A4_mun_2021-2025_unico_c932_m0.25_r1.5_e1.2_s1_u0.25,"brecha=P-c(1+m)-S/e; clases 1-4,9",2021,2026,703,,,,,,,"clases={""1"": 318, ""2"": 54, ""3"": 82, ""4"": 247, ""9"": 2}"
A4_mun_2021-2025,A4_mun_2021-2025_unico_c932_m0.25_r1.5_e1.6_s0_u0.0,"brecha=P-c(1+m)-S/e; clases 1-4,9",2021,2026,703,,,,,,,"clases={""1"": 364, ""2"": 29, ""3"": 61, ""4"": 247, ""9"": 2}"
A4_mun_2021-2025,A4_mun_2021-2025_unico_c932_m0.25_r1.5_e1.6_s0_u0.1,"brecha=P-c(1+m)-S/e; clases 1-4,9",2021,2026,703,,,,,,,"clases={""1"": 346, ""2"": 47, ""3"": 61, ""4"": 247, ""9"": 2}"
A4_mun_2021-2025,A4_mun_2021-2025_unico_c932_m0.25_r1.5_e1.6_s0_u0.25,"brecha=P-c(1+m)-S/e; clases 1-4,9",2021,2026,703,,,,,,,"clases={""1"": 339, ""2"": 54, ""3"": 61, ""4"": 247, ""9"": 2}"
A4_mun_2021-2025,A4_mun_2021-2025_unico_c932_m0.25_r1.5_e1.6_s1_u0.0,"brecha=P-c(1+m)-S/e; clases 1-4,9",2021,2026,703,,,,,,,"clases={""1"": 364, ""2"": 29, ""3"": 61, ""4"": 247, ""9"": 2}"
A4_mun_2021-2025,A4_mun_2021-2025_unico_c932_m0.25_r1.5_e1.6_s1_u0.1,"brecha=P-c(1+m)-S/e; clases 1-4,9",2021,2026,703,,,,,,,"clases={""1"": 346, ""2"": 47, ""3"": 61, ""4"": 247, ""9"": 2}"
A4_mun_2021-2025,A4_mun_2021-2025_unico_c932_m0.25_r1.5_e1.6_s1_u0.25,"brecha=P-c(1+m)-S/e; clases 1-4,9",2021,2026,703,,,,,,,"clases={""1"": 339, ""2"": 54, ""3"": 61, ""4"": 247, ""9"": 2}"
A4_mun_2012-2025,A4_mun_2012-2025_unico_c422_m0.15_r1.25_e0.8_s0_u0.0,"brecha=P-c(1+m)-S/e; clases 1-4,9",2021,2026,703,,,,,,,"clases={""1"": 333, ""2"": 28, ""3"": 0, ""4"": 332, ""9"": 10}"
A4_mun_2012-2025,A4_mun_2012-2025_unico_c422_m0.15_r1.25_e0.8_s0_u0.1,"brecha=P-c(1+m)-S/e; clases 1-4,9",2021,2026,703,,,,,,,"clases={""1"": 326, ""2"": 35, ""3"": 0, ""4"": 332, ""9"": 10}"
A4_mun_2012-2025,A4_mun_2012-2025_unico_c422_m0.15_r1.25_e0.8_s0_u0.25,"brecha=P-c(1+m)-S/e; clases 1-4,9",2021,2026,703,,,,,,,"clases={""1"": 319, ""2"": 42, ""3"": 0, ""4"": 332, ""9"": 10}"
A4_mun_2012-2025,A4_mun_2012-2025_unico_c422_m0.15_r1.25_e0.8_s1_u0.0,"brecha=P-c(1+m)-S/e; clases 1-4,9",2021,2026,703,,,,,,,"clases={""1"": 335, ""2"": 26, ""3"": 0, ""4"": 332, ""9"": 10}"
A4_mun_2012-2025,A4_mun_2012-2025_unico_c422_m0.15_r1.25_e0.8_s1_u0.1,"brecha=P-c(1+m)-S/e; clases 1-4,9",2021,2026,703,,,,,,,"clases={""1"": 328, ""2"": 33, ""3"": 0, ""4"": 332, ""9"": 10}"
A4_mun_2012-2025,A4_mun_2012-2025_unico_c422_m0.15_r1.25_e0.8_s1_u0.25,"brecha=P-c(1+m)-S/e; clases 1-4,9",2021,2026,703,,,,,,,"clases={""1"": 321, ""2"": 40, ""3"": 0, ""4"": 332, ""9"": 10}"
A4_mun_2012-2025,A4_mun_2012-2025_unico_c422_m0.15_r1.25_e1.2_s0_u0.0,"brecha=P-c(1+m)-S/e; clases 1-4,9",2021,2026,703,,,,,,,"clases={""1"": 333, ""2"": 28, ""3"": 0, ""4"": 332, ""9"": 10}"
A4_mun_2012-2025,A4_mun_2012-2025_unico_c422_m0.15_r1.25_e1.2_s0_u0.1,"brecha=P-c(1+m)-S/e; clases 1-4,9",2021,2026,703,,,,,,,"clases={""1"": 326, ""2"": 35, ""3"": 0, ""4"": 332, ""9"": 10}"
A4_mun_2012-2025,A4_mun_2012-2025_unico_c422_m0.15_r1.25_e1.2_s0_u0.25,"brecha=P-c(1+m)-S/e; clases 1-4,9",2021,2026,703,,,,,,,"clases={""1"": 319, ""2"": 42, ""3"": 0, ""4"": 332, ""9"": 10}"
A4_mun_2012-2025,A4_mun_2012-2025_unico_c422_m0.15_r1.25_e1.2_s1_u0.0,"brecha=P-c(1+m)-S/e; clases 1-4,9",2021,2026,703,,,,,,,"clases={""1"": 333, ""2"": 28, ""3"": 0, ""4"": 332, ""9"": 10}"
A4_mun_2012-2025,A4_mun_2012-2025_unico_c422_m0.15_r1.25_e1.2_s1_u0.1,"brecha=P-c(1+m)-S/e; clases 1-4,9",2021,2026,703,,,,,,,"clases={""1"": 326, ""2"": 35, ""3"": 0, ""4"": 332, ""9"": 10}"
A4_mun_2012-2025,A4_mun_2012-2025_unico_c422_m0.15_r1.25_e1.2_s1_u0.25,"brecha=P-c(1+m)-S/e; clases 1-4,9",2021,2026,703,,,,,,,"clases={""1"": 319, ""2"": 42, ""3"": 0, ""4"": 332, ""9"": 10}"
A4_mun_2012-2025,A4_mun_2012-2025_unico_c422_m0.15_r1.25_e1.6_s0_u0.0,"brecha=P-c(1+m)-S/e; clases 1-4,9",2021,2026,703,,,,,,,"clases={""1"": 333, ""2"": 28, ""3"": 0, ""4"": 332, ""9"": 10}"
A4_mun_2012-2025,A4_mun_2012-2025_unico_c422_m0.15_r1.25_e1.6_s0_u0.1,"brecha=P-c(1+m)-S/e; clases 1-4,9",2021,2026,703,,,,,,,"clases={""1"": 326, ""2"": 35, ""3"": 0, ""4"": 332, ""9"": 10}"
A4_mun_2012-2025,A4_mun_2012-2025_unico_c422_m0.15_r1.25_e1.6_s0_u0.25,"brecha=P-c(1+m)-S/e; clases 1-4,9",2021,2026,703,,,,,,,"clases={""1"": 319, ""2"": 42, ""3"": 0, ""4"": 332, ""9"": 10}"
A4_mun_2012-2025,A4_mun_2012-2025_unico_c422_m0.15_r1.25_e1.6_s1_u0.0,"brecha=P-c(1+m)-S/e; clases 1-4,9",2021,2026,703,,,,,,,"clases={""1"": 333, ""2"": 28, ""3"": 0, ""4"": 332, ""9"": 10}"
A4_mun_2012-2025,A4_mun_2012-2025_unico_c422_m0.15_r1.25_e1.6_s1_u0.1,"brecha=P-c(1+m)-S/e; clases 1-4,9",2021,2026,703,,,,,,,"clases={""1"": 326, ""2"": 35, ""3"": 0, ""4"": 332, ""9"": 10}"
A4_mun_2012-2025,A4_mun_2012-2025_unico_c422_m0.15_r1.25_e1.6_s1_u0.25,"brecha=P-c(1+m)-S/e; clases 1-4,9",2021,2026,703,,,,,,,"clases={""1"": 319, ""2"": 42, ""3"": 0, ""4"": 332, ""9"": 10}"
A4_mun_2012-2025,A4_mun_2012-2025_unico_c422_m0.15_r1.5_e0.8_s0_u0.0,"brecha=P-c(1+m)-S/e; clases 1-4,9",2021,2026,703,,,,,,,"clases={""1"": 336, ""2"": 25, ""3"": 0, ""4"": 332, ""9"": 10}"
A4_mun_2012-2025,A4_mun_2012-2025_unico_c422_m0.15_r1.5_e0.8_s0_u0.1,"brecha=P-c(1+m)-S/e; clases 1-4,9",2021,2026,703,,,,,,,"clases={""1"": 329, ""2"": 32, ""3"": 0, ""4"": 332, ""9"": 10}"
A4_mun_2012-2025,A4_mun_2012-2025_unico_c422_m0.15_r1.5_e0.8_s0_u0.25,"brecha=P-c(1+m)-S/e; clases 1-4,9",2021,2026,703,,,,,,,"clases={""1"": 322, ""2"": 39, ""3"": 0, ""4"": 332, ""9"": 10}"
A4_mun_2012-2025,A4_mun_2012-2025_unico_c422_m0.15_r1.5_e0.8_s1_u0.0,"brecha=P-c(1+m)-S/e; clases 1-4,9",2021,2026,703,,,,,,,"clases={""1"": 337, ""2"": 24, ""3"": 0, ""4"": 332, ""9"": 10}"
A4_mun_2012-2025,A4_mun_2012-2025_unico_c422_m0.15_r1.5_e0.8_s1_u0.1,"brecha=P-c(1+m)-S/e; clases 1-4,9",2021,2026,703,,,,,,,"clases={""1"": 330, ""2"": 31, ""3"": 0, ""4"": 332, ""9"": 10}"
A4_mun_2012-2025,A4_mun_2012-2025_unico_c422_m0.15_r1.5_e0.8_s1_u0.25,"brecha=P-c(1+m)-S/e; clases 1-4,9",2021,2026,703,,,,,,,"clases={""1"": 323, ""2"": 38, ""3"": 0, ""4"": 332, ""9"": 10}"
A4_mun_2012-2025,A4_mun_2012-2025_unico_c422_m0.15_r1.5_e1.2_s0_u0.0,"brecha=P-c(1+m)-S/e; clases 1-4,9",2021,2026,703,,,,,,,"clases={""1"": 334, ""2"": 27, ""3"": 0, ""4"": 332, ""9"": 10}"
A4_mun_2012-2025,A4_mun_2012-2025_unico_c422_m0.15_r1.5_e1.2_s0_u0.1,"brecha=P-c(1+m)-S/e; clases 1-4,9",2021,2026,703,,,,,,,"clases={""1"": 327, ""2"": 34, ""3"": 0, ""4"": 332, ""9"": 10}"
A4_mun_2012-2025,A4_mun_2012-2025_unico_c422_m0.15_r1.5_e1.2_s0_u0.25,"brecha=P-c(1+m)-S/e; clases 1-4,9",2021,2026,703,,,,,,,"clases={""1"": 320, ""2"": 41, ""3"": 0, ""4"": 332, ""9"": 10}"
A4_mun_2012-2025,A4_mun_2012-2025_unico_c422_m0.15_r1.5_e1.2_s1_u0.0,"brecha=P-c(1+m)-S/e; clases 1-4,9",2021,2026,703,,,,,,,"clases={""1"": 335, ""2"": 26, ""3"": 0, ""4"": 332, ""9"": 10}"
A4_mun_2012-2025,A4_mun_2012-2025_unico_c422_m0.15_r1.5_e1.2_s1_u0.1,"brecha=P-c(1+m)-S/e; clases 1-4,9",2021,2026,703,,,,,,,"clases={""1"": 328, ""2"": 33, ""3"": 0, ""4"": 332, ""9"": 10}"
A4_mun_2012-2025,A4_mun_2012-2025_unico_c422_m0.15_r1.5_e1.2_s1_u0.25,"brecha=P-c(1+m)-S/e; clases 1-4,9",2021,2026,703,,,,,,,"clases={""1"": 321, ""2"": 40, ""3"": 0, ""4"": 332, ""9"": 10}"
A4_mun_2012-2025,A4_mun_2012-2025_unico_c422_m0.15_r1.5_e1.6_s0_u0.0,"brecha=P-c(1+m)-S/e; clases 1-4,9",2021,2026,703,,,,,,,"clases={""1"": 333, ""2"": 28, ""3"": 0, ""4"": 332, ""9"": 10}"
A4_mun_2012-2025,A4_mun_2012-2025_unico_c422_m0.15_r1.5_e1.6_s0_u0.1,"brecha=P-c(1+m)-S/e; clases 1-4,9",2021,2026,703,,,,,,,"clases={""1"": 326, ""2"": 35, ""3"": 0, ""4"": 332, ""9"": 10}"
A4_mun_2012-2025,A4_mun_2012-2025_unico_c422_m0.15_r1.5_e1.6_s0_u0.25,"brecha=P-c(1+m)-S/e; clases 1-4,9",2021,2026,703,,,,,,,"clases={""1"": 319, ""2"": 42, ""3"": 0, ""4"": 332, ""9"": 10}"
A4_mun_2012-2025,A4_mun_2012-2025_unico_c422_m0.15_r1.5_e1.6_s1_u0.0,"brecha=P-c(1+m)-S/e; clases 1-4,9",2021,2026,703,,,,,,,"clases={""1"": 334, ""2"": 27, ""3"": 0, ""4"": 332, ""9"": 10}"
A4_mun_2012-2025,A4_mun_2012-2025_unico_c422_m0.15_r1.5_e1.6_s1_u0.1,"brecha=P-c(1+m)-S/e; clases 1-4,9",2021,2026,703,,,,,,,"clases={""1"": 327, ""2"": 34, ""3"": 0, ""4"": 332, ""9"": 10}"
A4_mun_2012-2025,A4_mun_2012-2025_unico_c422_m0.15_r1.5_e1.6_s1_u0.25,"brecha=P-c(1+m)-S/e; clases 1-4,9",2021,2026,703,,,,,,,"clases={""1"": 320, ""2"": 41, ""3"": 0, ""4"": 332, ""9"": 10}"
A4_mun_2012-2025,A4_mun_2012-2025_unico_c422_m0.2_r1.25_e0.8_s0_u0.0,"brecha=P-c(1+m)-S/e; clases 1-4,9",2021,2026,703,,,,,,,"clases={""1"": 333, ""2"": 28, ""3"": 0, ""4"": 332, ""9"": 10}"
A4_mun_2012-2025,A4_mun_2012-2025_unico_c422_m0.2_r1.25_e0.8_s0_u0.1,"brecha=P-c(1+m)-S/e; clases 1-4,9",2021,2026,703,,,,,,,"clases={""1"": 326, ""2"": 35, ""3"": 0, ""4"": 332, ""9"": 10}"
A4_mun_2012-2025,A4_mun_2012-2025_unico_c422_m0.2_r1.25_e0.8_s0_u0.25,"brecha=P-c(1+m)-S/e; clases 1-4,9",2021,2026,703,,,,,,,"clases={""1"": 319, ""2"": 42, ""3"": 0, ""4"": 332, ""9"": 10}"
A4_mun_2012-2025,A4_mun_2012-2025_unico_c422_m0.2_r1.25_e0.8_s1_u0.0,"brecha=P-c(1+m)-S/e; clases 1-4,9",2021,2026,703,,,,,,,"clases={""1"": 334, ""2"": 26, ""3"": 1, ""4"": 332, ""9"": 10}"
A4_mun_2012-2025,A4_mun_2012-2025_unico_c422_m0.2_r1.25_e0.8_s1_u0.1,"brecha=P-c(1+m)-S/e; clases 1-4,9",2021,2026,703,,,,,,,"clases={""1"": 327, ""2"": 33, ""3"": 1, ""4"": 332, ""9"": 10}"
A4_mun_2012-2025,A4_mun_2012-2025_unico_c422_m0.2_r1.25_e0.8_s1_u0.25,"brecha=P-c(1+m)-S/e; clases 1-4,9",2021,2026,703,,,,,,,"clases={""1"": 320, ""2"": 40, ""3"": 1, ""4"": 332, ""9"": 10}"
A4_mun_2012-2025,A4_mun_2012-2025_unico_c422_m0.2_r1.25_e1.2_s0_u0.0,"brecha=P-c(1+m)-S/e; clases 1-4,9",2021,2026,703,,,,,,,"clases={""1"": 333, ""2"": 28, ""3"": 0, ""4"": 332, ""9"": 10}"
A4_mun_2012-2025,A4_mun_2012-2025_unico_c422_m0.2_r1.25_e1.2_s0_u0.1,"brecha=P-c(1+m)-S/e; clases 1-4,9",2021,2026,703,,,,,,,"clases={""1"": 326, ""2"": 35, ""3"": 0, ""4"": 332, ""9"": 10}"
A4_mun_2012-2025,A4_mun_2012-2025_unico_c422_m0.2_r1.25_e1.2_s0_u0.25,"brecha=P-c(1+m)-S/e; clases 1-4,9",2021,2026,703,,,,,,,"clases={""1"": 319, ""2"": 42, ""3"": 0, ""4"": 332, ""9"": 10}"
A4_mun_2012-2025,A4_mun_2012-2025_unico_c422_m0.2_r1.25_e1.2_s1_u0.0,"brecha=P-c(1+m)-S/e; clases 1-4,9",2021,2026,703,,,,,,,"clases={""1"": 333, ""2"": 28, ""3"": 0, ""4"": 332, ""9"": 10}"
A4_mun_2012-2025,A4_mun_2012-2025_unico_c422_m0.2_r1.25_e1.2_s1_u0.1,"brecha=P-c(1+m)-S/e; clases 1-4,9",2021,2026,703,,,,,,,"clases={""1"": 326, ""2"": 35, ""3"": 0, ""4"": 332, ""9"": 10}"
A4_mun_2012-2025,A4_mun_2012-2025_unico_c422_m0.2_r1.25_e1.2_s1_u0.25,"brecha=P-c(1+m)-S/e; clases 1-4,9",2021,2026,703,,,,,,,"clases={""1"": 319, ""2"": 42, ""3"": 0, ""4"": 332, ""9"": 10}"
A4_mun_2012-2025,A4_mun_2012-2025_unico_c422_m0.2_r1.25_e1.6_s0_u0.0,"brecha=P-c(1+m)-S/e; clases 1-4,9",2021,2026,703,,,,,,,"clases={""1"": 333, ""2"": 28, ""3"": 0, ""4"": 332, ""9"": 10}"
A4_mun_2012-2025,A4_mun_2012-2025_unico_c422_m0.2_r1.25_e1.6_s0_u0.1,"brecha=P-c(1+m)-S/e; clases 1-4,9",2021,2026,703,,,,,,,"clases={""1"": 326, ""2"": 35, ""3"": 0, ""4"": 332, ""9"": 10}"
A4_mun_2012-2025,A4_mun_2012-2025_unico_c422_m0.2_r1.25_e1.6_s0_u0.25,"brecha=P-c(1+m)-S/e; clases 1-4,9",2021,2026,703,,,,,,,"clases={""1"": 319, ""2"": 42, ""3"": 0, ""4"": 332, ""9"": 10}"
A4_mun_2012-2025,A4_mun_2012-2025_unico_c422_m0.2_r1.25_e1.6_s1_u0.0,"brecha=P-c(1+m)-S/e; clases 1-4,9",2021,2026,703,,,,,,,"clases={""1"": 333, ""2"": 28, ""3"": 0, ""4"": 332, ""9"": 10}"
A4_mun_2012-2025,A4_mun_2012-2025_unico_c422_m0.2_r1.25_e1.6_s1_u0.1,"brecha=P-c(1+m)-S/e; clases 1-4,9",2021,2026,703,,,,,,,"clases={""1"": 326, ""2"": 35, ""3"": 0, ""4"": 332, ""9"": 10}"
A4_mun_2012-2025,A4_mun_2012-2025_unico_c422_m0.2_r1.25_e1.6_s1_u0.25,"brecha=P-c(1+m)-S/e; clases 1-4,9",2021,2026,703,,,,,,,"clases={""1"": 319, ""2"": 42, ""3"": 0, ""4"": 332, ""9"": 10}"
A4_mun_2012-2025,A4_mun_2012-2025_unico_c422_m0.2_r1.5_e0.8_s0_u0.0,"brecha=P-c(1+m)-S/e; clases 1-4,9",2021,2026,703,,,,,,,"clases={""1"": 336, ""2"": 25, ""3"": 0, ""4"": 332, ""9"": 10}"
A4_mun_2012-2025,A4_mun_2012-2025_unico_c422_m0.2_r1.5_e0.8_s0_u0.1,"brecha=P-c(1+m)-S/e; clases 1-4,9",2021,2026,703,,,,,,,"clases={""1"": 329, ""2"": 32, ""3"": 0, ""4"": 332, ""9"": 10}"
A4_mun_2012-2025,A4_mun_2012-2025_unico_c422_m0.2_r1.5_e0.8_s0_u0.25,"brecha=P-c(1+m)-S/e; clases 1-4,9",2021,2026,703,,,,,,,"clases={""1"": 322, ""2"": 39, ""3"": 0, ""4"": 332, ""9"": 10}"
A4_mun_2012-2025,A4_mun_2012-2025_unico_c422_m0.2_r1.5_e0.8_s1_u0.0,"brecha=P-c(1+m)-S/e; clases 1-4,9",2021,2026,703,,,,,,,"clases={""1"": 336, ""2"": 24, ""3"": 1, ""4"": 332, ""9"": 10}"
A4_mun_2012-2025,A4_mun_2012-2025_unico_c422_m0.2_r1.5_e0.8_s1_u0.1,"brecha=P-c(1+m)-S/e; clases 1-4,9",2021,2026,703,,,,,,,"clases={""1"": 329, ""2"": 31, ""3"": 1, ""4"": 332, ""9"": 10}"
A4_mun_2012-2025,A4_mun_2012-2025_unico_c422_m0.2_r1.5_e0.8_s1_u0.25,"brecha=P-c(1+m)-S/e; clases 1-4,9",2021,2026,703,,,,,,,"clases={""1"": 322, ""2"": 38, ""3"": 1, ""4"": 332, ""9"": 10}"
A4_mun_2012-2025,A4_mun_2012-2025_unico_c422_m0.2_r1.5_e1.2_s0_u0.0,"brecha=P-c(1+m)-S/e; clases 1-4,9",2021,2026,703,,,,,,,"clases={""1"": 334, ""2"": 27, ""3"": 0, ""4"": 332, ""9"": 10}"
A4_mun_2012-2025,A4_mun_2012-2025_unico_c422_m0.2_r1.5_e1.2_s0_u0.1,"brecha=P-c(1+m)-S/e; clases 1-4,9",2021,2026,703,,,,,,,"clases={""1"": 327, ""2"": 34, ""3"": 0, ""4"": 332, ""9"": 10}"
A4_mun_2012-2025,A4_mun_2012-2025_unico_c422_m0.2_r1.5_e1.2_s0_u0.25,"brecha=P-c(1+m)-S/e; clases 1-4,9",2021,2026,703,,,,,,,"clases={""1"": 320, ""2"": 41, ""3"": 0, ""4"": 332, ""9"": 10}"
A4_mun_2012-2025,A4_mun_2012-2025_unico_c422_m0.2_r1.5_e1.2_s1_u0.0,"brecha=P-c(1+m)-S/e; clases 1-4,9",2021,2026,703,,,,,,,"clases={""1"": 335, ""2"": 26, ""3"": 0, ""4"": 332, ""9"": 10}"
A4_mun_2012-2025,A4_mun_2012-2025_unico_c422_m0.2_r1.5_e1.2_s1_u0.1,"brecha=P-c(1+m)-S/e; clases 1-4,9",2021,2026,703,,,,,,,"clases={""1"": 328, ""2"": 33, ""3"": 0, ""4"": 332, ""9"": 10}"
A4_mun_2012-2025,A4_mun_2012-2025_unico_c422_m0.2_r1.5_e1.2_s1_u0.25,"brecha=P-c(1+m)-S/e; clases 1-4,9",2021,2026,703,,,,,,,"clases={""1"": 321, ""2"": 40, ""3"": 0, ""4"": 332, ""9"": 10}"
A4_mun_2012-2025,A4_mun_2012-2025_unico_c422_m0.2_r1.5_e1.6_s0_u0.0,"brecha=P-c(1+m)-S/e; clases 1-4,9",2021,2026,703,,,,,,,"clases={""1"": 333, ""2"": 28, ""3"": 0, ""4"": 332, ""9"": 10}"
A4_mun_2012-2025,A4_mun_2012-2025_unico_c422_m0.2_r1.5_e1.6_s0_u0.1,"brecha=P-c(1+m)-S/e; clases 1-4,9",2021,2026,703,,,,,,,"clases={""1"": 326, ""2"": 35, ""3"": 0, ""4"": 332, ""9"": 10}"
A4_mun_2012-2025,A4_mun_2012-2025_unico_c422_m0.2_r1.5_e1.6_s0_u0.25,"brecha=P-c(1+m)-S/e; clases 1-4,9",2021,2026,703,,,,,,,"clases={""1"": 319, ""2"": 42, ""3"": 0, ""4"": 332, ""9"": 10}"
A4_mun_2012-2025,A4_mun_2012-2025_unico_c422_m0.2_r1.5_e1.6_s1_u0.0,"brecha=P-c(1+m)-S/e; clases 1-4,9",2021,2026,703,,,,,,,"clases={""1"": 334, ""2"": 27, ""3"": 0, ""4"": 332, ""9"": 10}"
A4_mun_2012-2025,A4_mun_2012-2025_unico_c422_m0.2_r1.5_e1.6_s1_u0.1,"brecha=P-c(1+m)-S/e; clases 1-4,9",2021,2026,703,,,,,,,"clases={""1"": 327, ""2"": 34, ""3"": 0, ""4"": 332, ""9"": 10}"
A4_mun_2012-2025,A4_mun_2012-2025_unico_c422_m0.2_r1.5_e1.6_s1_u0.25,"brecha=P-c(1+m)-S/e; clases 1-4,9",2021,2026,703,,,,,,,"clases={""1"": 320, ""2"": 41, ""3"": 0, ""4"": 332, ""9"": 10}"
A4_mun_2012-2025,A4_mun_2012-2025_unico_c422_m0.25_r1.25_e0.8_s0_u0.0,"brecha=P-c(1+m)-S/e; clases 1-4,9",2021,2026,703,,,,,,,"clases={""1"": 333, ""2"": 28, ""3"": 0, ""4"": 332, ""9"": 10}"
A4_mun_2012-2025,A4_mun_2012-2025_unico_c422_m0.25_r1.25_e0.8_s0_u0.1,"brecha=P-c(1+m)-S/e; clases 1-4,9",2021,2026,703,,,,,,,"clases={""1"": 326, ""2"": 35, ""3"": 0, ""4"": 332, ""9"": 10}"
A4_mun_2012-2025,A4_mun_2012-2025_unico_c422_m0.25_r1.25_e0.8_s0_u0.25,"brecha=P-c(1+m)-S/e; clases 1-4,9",2021,2026,703,,,,,,,"clases={""1"": 319, ""2"": 42, ""3"": 0, ""4"": 332, ""9"": 10}"
A4_mun_2012-2025,A4_mun_2012-2025_unico_c422_m0.25_r1.25_e0.8_s1_u0.0,"brecha=P-c(1+m)-S/e; clases 1-4,9",2021,2026,703,,,,,,,"clases={""1"": 334, ""2"": 26, ""3"": 1, ""4"": 332, ""9"": 10}"
A4_mun_2012-2025,A4_mun_2012-2025_unico_c422_m0.25_r1.25_e0.8_s1_u0.1,"brecha=P-c(1+m)-S/e; clases 1-4,9",2021,2026,703,,,,,,,"clases={""1"": 327, ""2"": 33, ""3"": 1, ""4"": 332, ""9"": 10}"
A4_mun_2012-2025,A4_mun_2012-2025_unico_c422_m0.25_r1.25_e0.8_s1_u0.25,"brecha=P-c(1+m)-S/e; clases 1-4,9",2021,2026,703,,,,,,,"clases={""1"": 320, ""2"": 40, ""3"": 1, ""4"": 332, ""9"": 10}"
A4_mun_2012-2025,A4_mun_2012-2025_unico_c422_m0.25_r1.25_e1.2_s0_u0.0,"brecha=P-c(1+m)-S/e; clases 1-4,9",2021,2026,703,,,,,,,"clases={""1"": 333, ""2"": 28, ""3"": 0, ""4"": 332, ""9"": 10}"
A4_mun_2012-2025,A4_mun_2012-2025_unico_c422_m0.25_r1.25_e1.2_s0_u0.1,"brecha=P-c(1+m)-S/e; clases 1-4,9",2021,2026,703,,,,,,,"clases={""1"": 326, ""2"": 35, ""3"": 0, ""4"": 332, ""9"": 10}"
A4_mun_2012-2025,A4_mun_2012-2025_unico_c422_m0.25_r1.25_e1.2_s0_u0.25,"brecha=P-c(1+m)-S/e; clases 1-4,9",2021,2026,703,,,,,,,"clases={""1"": 319, ""2"": 42, ""3"": 0, ""4"": 332, ""9"": 10}"
A4_mun_2012-2025,A4_mun_2012-2025_unico_c422_m0.25_r1.25_e1.2_s1_u0.0,"brecha=P-c(1+m)-S/e; clases 1-4,9",2021,2026,703,,,,,,,"clases={""1"": 333, ""2"": 28, ""3"": 0, ""4"": 332, ""9"": 10}"
A4_mun_2012-2025,A4_mun_2012-2025_unico_c422_m0.25_r1.25_e1.2_s1_u0.1,"brecha=P-c(1+m)-S/e; clases 1-4,9",2021,2026,703,,,,,,,"clases={""1"": 326, ""2"": 35, ""3"": 0, ""4"": 332, ""9"": 10}"
A4_mun_2012-2025,A4_mun_2012-2025_unico_c422_m0.25_r1.25_e1.2_s1_u0.25,"brecha=P-c(1+m)-S/e; clases 1-4,9",2021,2026,703,,,,,,,"clases={""1"": 319, ""2"": 42, ""3"": 0, ""4"": 332, ""9"": 10}"
A4_mun_2012-2025,A4_mun_2012-2025_unico_c422_m0.25_r1.25_e1.6_s0_u0.0,"brecha=P-c(1+m)-S/e; clases 1-4,9",2021,2026,703,,,,,,,"clases={""1"": 333, ""2"": 28, ""3"": 0, ""4"": 332, ""9"": 10}"
A4_mun_2012-2025,A4_mun_2012-2025_unico_c422_m0.25_r1.25_e1.6_s0_u0.1,"brecha=P-c(1+m)-S/e; clases 1-4,9",2021,2026,703,,,,,,,"clases={""1"": 326, ""2"": 35, ""3"": 0, ""4"": 332, ""9"": 10}"
A4_mun_2012-2025,A4_mun_2012-2025_unico_c422_m0.25_r1.25_e1.6_s0_u0.25,"brecha=P-c(1+m)-S/e; clases 1-4,9",2021,2026,703,,,,,,,"clases={""1"": 319, ""2"": 42, ""3"": 0, ""4"": 332, ""9"": 10}"
A4_mun_2012-2025,A4_mun_2012-2025_unico_c422_m0.25_r1.25_e1.6_s1_u0.0,"brecha=P-c(1+m)-S/e; clases 1-4,9",2021,2026,703,,,,,,,"clases={""1"": 333, ""2"": 28, ""3"": 0, ""4"": 332, ""9"": 10}"
A4_mun_2012-2025,A4_mun_2012-2025_unico_c422_m0.25_r1.25_e1.6_s1_u0.1,"brecha=P-c(1+m)-S/e; clases 1-4,9",2021,2026,703,,,,,,,"clases={""1"": 326, ""2"": 35, ""3"": 0, ""4"": 332, ""9"": 10}"
A4_mun_2012-2025,A4_mun_2012-2025_unico_c422_m0.25_r1.25_e1.6_s1_u0.25,"brecha=P-c(1+m)-S/e; clases 1-4,9",2021,2026,703,,,,,,,"clases={""1"": 319, ""2"": 42, ""3"": 0, ""4"": 332, ""9"": 10}"
A4_mun_2012-2025,A4_mun_2012-2025_unico_c422_m0.25_r1.5_e0.8_s0_u0.0,"brecha=P-c(1+m)-S/e; clases 1-4,9",2021,2026,703,,,,,,,"clases={""1"": 336, ""2"": 25, ""3"": 0, ""4"": 332, ""9"": 10}"
A4_mun_2012-2025,A4_mun_2012-2025_unico_c422_m0.25_r1.5_e0.8_s0_u0.1,"brecha=P-c(1+m)-S/e; clases 1-4,9",2021,2026,703,,,,,,,"clases={""1"": 329, ""2"": 32, ""3"": 0, ""4"": 332, ""9"": 10}"
A4_mun_2012-2025,A4_mun_2012-2025_unico_c422_m0.25_r1.5_e0.8_s0_u0.25,"brecha=P-c(1+m)-S/e; clases 1-4,9",2021,2026,703,,,,,,,"clases={""1"": 322, ""2"": 39, ""3"": 0, ""4"": 332, ""9"": 10}"
A4_mun_2012-2025,A4_mun_2012-2025_unico_c422_m0.25_r1.5_e0.8_s1_u0.0,"brecha=P-c(1+m)-S/e; clases 1-4,9",2021,2026,703,,,,,,,"clases={""1"": 336, ""2"": 24, ""3"": 1, ""4"": 332, ""9"": 10}"
A4_mun_2012-2025,A4_mun_2012-2025_unico_c422_m0.25_r1.5_e0.8_s1_u0.1,"brecha=P-c(1+m)-S/e; clases 1-4,9",2021,2026,703,,,,,,,"clases={""1"": 329, ""2"": 31, ""3"": 1, ""4"": 332, ""9"": 10}"
A4_mun_2012-2025,A4_mun_2012-2025_unico_c422_m0.25_r1.5_e0.8_s1_u0.25,"brecha=P-c(1+m)-S/e; clases 1-4,9",2021,2026,703,,,,,,,"clases={""1"": 322, ""2"": 38, ""3"": 1, ""4"": 332, ""9"": 10}"
A4_mun_2012-2025,A4_mun_2012-2025_unico_c422_m0.25_r1.5_e1.2_s0_u0.0,"brecha=P-c(1+m)-S/e; clases 1-4,9",2021,2026,703,,,,,,,"clases={""1"": 334, ""2"": 27, ""3"": 0, ""4"": 332, ""9"": 10}"
A4_mun_2012-2025,A4_mun_2012-2025_unico_c422_m0.25_r1.5_e1.2_s0_u0.1,"brecha=P-c(1+m)-S/e; clases 1-4,9",2021,2026,703,,,,,,,"clases={""1"": 327, ""2"": 34, ""3"": 0, ""4"": 332, ""9"": 10}"
A4_mun_2012-2025,A4_mun_2012-2025_unico_c422_m0.25_r1.5_e1.2_s0_u0.25,"brecha=P-c(1+m)-S/e; clases 1-4,9",2021,2026,703,,,,,,,"clases={""1"": 320, ""2"": 41, ""3"": 0, ""4"": 332, ""9"": 10}"
A4_mun_2012-2025,A4_mun_2012-2025_unico_c422_m0.25_r1.5_e1.2_s1_u0.0,"brecha=P-c(1+m)-S/e; clases 1-4,9",2021,2026,703,,,,,,,"clases={""1"": 335, ""2"": 26, ""3"": 0, ""4"": 332, ""9"": 10}"
A4_mun_2012-2025,A4_mun_2012-2025_unico_c422_m0.25_r1.5_e1.2_s1_u0.1,"brecha=P-c(1+m)-S/e; clases 1-4,9",2021,2026,703,,,,,,,"clases={""1"": 328, ""2"": 33, ""3"": 0, ""4"": 332, ""9"": 10}"
A4_mun_2012-2025,A4_mun_2012-2025_unico_c422_m0.25_r1.5_e1.2_s1_u0.25,"brecha=P-c(1+m)-S/e; clases 1-4,9",2021,2026,703,,,,,,,"clases={""1"": 321, ""2"": 40, ""3"": 0, ""4"": 332, ""9"": 10}"
A4_mun_2012-2025,A4_mun_2012-2025_unico_c422_m0.25_r1.5_e1.6_s0_u0.0,"brecha=P-c(1+m)-S/e; clases 1-4,9",2021,2026,703,,,,,,,"clases={""1"": 333, ""2"": 28, ""3"": 0, ""4"": 332, ""9"": 10}"
A4_mun_2012-2025,A4_mun_2012-2025_unico_c422_m0.25_r1.5_e1.6_s0_u0.1,"brecha=P-c(1+m)-S/e; clases 1-4,9",2021,2026,703,,,,,,,"clases={""1"": 326, ""2"": 35, ""3"": 0, ""4"": 332, ""9"": 10}"
A4_mun_2012-2025,A4_mun_2012-2025_unico_c422_m0.25_r1.5_e1.6_s0_u0.25,"brecha=P-c(1+m)-S/e; clases 1-4,9",2021,2026,703,,,,,,,"clases={""1"": 319, ""2"": 42, ""3"": 0, ""4"": 332, ""9"": 10}"
A4_mun_2012-2025,A4_mun_2012-2025_unico_c422_m0.25_r1.5_e1.6_s1_u0.0,"brecha=P-c(1+m)-S/e; clases 1-4,9",2021,2026,703,,,,,,,"clases={""1"": 334, ""2"": 27, ""3"": 0, ""4"": 332, ""9"": 10}"
A4_mun_2012-2025,A4_mun_2012-2025_unico_c422_m0.25_r1.5_e1.6_s1_u0.1,"brecha=P-c(1+m)-S/e; clases 1-4,9",2021,2026,703,,,,,,,"clases={""1"": 327, ""2"": 34, ""3"": 0, ""4"": 332, ""9"": 10}"
A4_mun_2012-2025,A4_mun_2012-2025_unico_c422_m0.25_r1.5_e1.6_s1_u0.25,"brecha=P-c(1+m)-S/e; clases 1-4,9",2021,2026,703,,,,,,,"clases={""1"": 320, ""2"": 41, ""3"": 0, ""4"": 332, ""9"": 10}"
A4_mun_2012-2025,A4_mun_2012-2025_unico_c549_m0.15_r1.25_e0.8_s0_u0.0,"brecha=P-c(1+m)-S/e; clases 1-4,9",2021,2026,703,,,,,,,"clases={""1"": 333, ""2"": 25, ""3"": 3, ""4"": 332, ""9"": 10}"
A4_mun_2012-2025,A4_mun_2012-2025_unico_c549_m0.15_r1.25_e0.8_s0_u0.1,"brecha=P-c(1+m)-S/e; clases 1-4,9",2021,2026,703,,,,,,,"clases={""1"": 326, ""2"": 32, ""3"": 3, ""4"": 332, ""9"": 10}"
A4_mun_2012-2025,A4_mun_2012-2025_unico_c549_m0.15_r1.25_e0.8_s0_u0.25,"brecha=P-c(1+m)-S/e; clases 1-4,9",2021,2026,703,,,,,,,"clases={""1"": 319, ""2"": 39, ""3"": 3, ""4"": 332, ""9"": 10}"
A4_mun_2012-2025,A4_mun_2012-2025_unico_c549_m0.15_r1.25_e0.8_s1_u0.0,"brecha=P-c(1+m)-S/e; clases 1-4,9",2021,2026,703,,,,,,,"clases={""1"": 332, ""2"": 25, ""3"": 4, ""4"": 332, ""9"": 10}"
A4_mun_2012-2025,A4_mun_2012-2025_unico_c549_m0.15_r1.25_e0.8_s1_u0.1,"brecha=P-c(1+m)-S/e; clases 1-4,9",2021,2026,703,,,,,,,"clases={""1"": 325, ""2"": 32, ""3"": 4, ""4"": 332, ""9"": 10}"
A4_mun_2012-2025,A4_mun_2012-2025_unico_c549_m0.15_r1.25_e0.8_s1_u0.25,"brecha=P-c(1+m)-S/e; clases 1-4,9",2021,2026,703,,,,,,,"clases={""1"": 318, ""2"": 39, ""3"": 4, ""4"": 332, ""9"": 10}"
A4_mun_2012-2025,A4_mun_2012-2025_unico_c549_m0.15_r1.25_e1.2_s0_u0.0,"brecha=P-c(1+m)-S/e; clases 1-4,9",2021,2026,703,,,,,,,"clases={""1"": 334, ""2"": 27, ""3"": 0, ""4"": 332, ""9"": 10}"
A4_mun_2012-2025,A4_mun_2012-2025_unico_c549_m0.15_r1.25_e1.2_s0_u0.1,"brecha=P-c(1+m)-S/e; clases 1-4,9",2021,2026,703,,,,,,,"clases={""1"": 327, ""2"": 34, ""3"": 0, ""4"": 332, ""9"": 10}"
A4_mun_2012-2025,A4_mun_2012-2025_unico_c549_m0.15_r1.25_e1.2_s0_u0.25,"brecha=P-c(1+m)-S/e; clases 1-4,9",2021,2026,703,,,,,,,"clases={""1"": 320, ""2"": 41, ""3"": 0, ""4"": 332, ""9"": 10}"
A4_mun_2012-2025,A4_mun_2012-2025_unico_c549_m0.15_r1.25_e1.2_s1_u0.0,"brecha=P-c(1+m)-S/e; clases 1-4,9",2021,2026,703,,,,,,,"clases={""1"": 335, ""2"": 26, ""3"": 0, ""4"": 332, ""9"": 10}"
A4_mun_2012-2025,A4_mun_2012-2025_unico_c549_m0.15_r1.25_e1.2_s1_u0.1,"brecha=P-c(1+m)-S/e; clases 1-4,9",2021,2026,703,,,,,,,"clases={""1"": 328, ""2"": 33, ""3"": 0, ""4"": 332, ""9"": 10}"
A4_mun_2012-2025,A4_mun_2012-2025_unico_c549_m0.15_r1.25_e1.2_s1_u0.25,"brecha=P-c(1+m)-S/e; clases 1-4,9",2021,2026,703,,,,,,,"clases={""1"": 321, ""2"": 40, ""3"": 0, ""4"": 332, ""9"": 10}"
A4_mun_2012-2025,A4_mun_2012-2025_unico_c549_m0.15_r1.25_e1.6_s0_u0.0,"brecha=P-c(1+m)-S/e; clases 1-4,9",2021,2026,703,,,,,,,"clases={""1"": 333, ""2"": 28, ""3"": 0, ""4"": 332, ""9"": 10}"
A4_mun_2012-2025,A4_mun_2012-2025_unico_c549_m0.15_r1.25_e1.6_s0_u0.1,"brecha=P-c(1+m)-S/e; clases 1-4,9",2021,2026,703,,,,,,,"clases={""1"": 326, ""2"": 35, ""3"": 0, ""4"": 332, ""9"": 10}"
A4_mun_2012-2025,A4_mun_2012-2025_unico_c549_m0.15_r1.25_e1.6_s0_u0.25,"brecha=P-c(1+m)-S/e; clases 1-4,9",2021,2026,703,,,,,,,"clases={""1"": 319, ""2"": 42, ""3"": 0, ""4"": 332, ""9"": 10}"
A4_mun_2012-2025,A4_mun_2012-2025_unico_c549_m0.15_r1.25_e1.6_s1_u0.0,"brecha=P-c(1+m)-S/e; clases 1-4,9",2021,2026,703,,,,,,,"clases={""1"": 334, ""2"": 27, ""3"": 0, ""4"": 332, ""9"": 10}"
A4_mun_2012-2025,A4_mun_2012-2025_unico_c549_m0.15_r1.25_e1.6_s1_u0.1,"brecha=P-c(1+m)-S/e; clases 1-4,9",2021,2026,703,,,,,,,"clases={""1"": 327, ""2"": 34, ""3"": 0, ""4"": 332, ""9"": 10}"
A4_mun_2012-2025,A4_mun_2012-2025_unico_c549_m0.15_r1.25_e1.6_s1_u0.25,"brecha=P-c(1+m)-S/e; clases 1-4,9",2021,2026,703,,,,,,,"clases={""1"": 320, ""2"": 41, ""3"": 0, ""4"": 332, ""9"": 10}"
A4_mun_2012-2025,A4_mun_2012-2025_unico_c549_m0.15_r1.5_e0.8_s0_u0.0,"brecha=P-c(1+m)-S/e; clases 1-4,9",2021,2026,703,,,,,,,"clases={""1"": 333, ""2"": 25, ""3"": 3, ""4"": 332, ""9"": 10}"
A4_mun_2012-2025,A4_mun_2012-2025_unico_c549_m0.15_r1.5_e0.8_s0_u0.1,"brecha=P-c(1+m)-S/e; clases 1-4,9",2021,2026,703,,,,,,,"clases={""1"": 326, ""2"": 32, ""3"": 3, ""4"": 332, ""9"": 10}"
A4_mun_2012-2025,A4_mun_2012-2025_unico_c549_m0.15_r1.5_e0.8_s0_u0.25,"brecha=P-c(1+m)-S/e; clases 1-4,9",2021,2026,703,,,,,,,"clases={""1"": 319, ""2"": 39, ""3"": 3, ""4"": 332, ""9"": 10}"
A4_mun_2012-2025,A4_mun_2012-2025_unico_c549_m0.15_r1.5_e0.8_s1_u0.0,"brecha=P-c(1+m)-S/e; clases 1-4,9",2021,2026,703,,,,,,,"clases={""1"": 333, ""2"": 24, ""3"": 4, ""4"": 332, ""9"": 10}"
A4_mun_2012-2025,A4_mun_2012-2025_unico_c549_m0.15_r1.5_e0.8_s1_u0.1,"brecha=P-c(1+m)-S/e; clases 1-4,9",2021,2026,703,,,,,,,"clases={""1"": 326, ""2"": 31, ""3"": 4, ""4"": 332, ""9"": 10}"
A4_mun_2012-2025,A4_mun_2012-2025_unico_c549_m0.15_r1.5_e0.8_s1_u0.25,"brecha=P-c(1+m)-S/e; clases 1-4,9",2021,2026,703,,,,,,,"clases={""1"": 319, ""2"": 38, ""3"": 4, ""4"": 332, ""9"": 10}"
A4_mun_2012-2025,A4_mun_2012-2025_unico_c549_m0.15_r1.5_e1.2_s0_u0.0,"brecha=P-c(1+m)-S/e; clases 1-4,9",2021,2026,703,,,,,,,"clases={""1"": 336, ""2"": 25, ""3"": 0, ""4"": 332, ""9"": 10}"
A4_mun_2012-2025,A4_mun_2012-2025_unico_c549_m0.15_r1.5_e1.2_s0_u0.1,"brecha=P-c(1+m)-S/e; clases 1-4,9",2021,2026,703,,,,,,,"clases={""1"": 329, ""2"": 32, ""3"": 0, ""4"": 332, ""9"": 10}"
A4_mun_2012-2025,A4_mun_2012-2025_unico_c549_m0.15_r1.5_e1.2_s0_u0.25,"brecha=P-c(1+m)-S/e; clases 1-4,9",2021,2026,703,,,,,,,"clases={""1"": 322, ""2"": 39, ""3"": 0, ""4"": 332, ""9"": 10}"
A4_mun_2012-2025,A4_mun_2012-2025_unico_c549_m0.15_r1.5_e1.2_s1_u0.0,"brecha=P-c(1+m)-S/e; clases 1-4,9",2021,2026,703,,,,,,,"clases={""1"": 337, ""2"": 24, ""3"": 0, ""4"": 332, ""9"": 10}"
A4_mun_2012-2025,A4_mun_2012-2025_unico_c549_m0.15_r1.5_e1.2_s1_u0.1,"brecha=P-c(1+m)-S/e; clases 1-4,9",2021,2026,703,,,,,,,"clases={""1"": 330, ""2"": 31, ""3"": 0, ""4"": 332, ""9"": 10}"
A4_mun_2012-2025,A4_mun_2012-2025_unico_c549_m0.15_r1.5_e1.2_s1_u0.25,"brecha=P-c(1+m)-S/e; clases 1-4,9",2021,2026,703,,,,,,,"clases={""1"": 323, ""2"": 38, ""3"": 0, ""4"": 332, ""9"": 10}"
A4_mun_2012-2025,A4_mun_2012-2025_unico_c549_m0.15_r1.5_e1.6_s0_u0.0,"brecha=P-c(1+m)-S/e; clases 1-4,9",2021,2026,703,,,,,,,"clases={""1"": 336, ""2"": 25, ""3"": 0, ""4"": 332, ""9"": 10}"
A4_mun_2012-2025,A4_mun_2012-2025_unico_c549_m0.15_r1.5_e1.6_s0_u0.1,"brecha=P-c(1+m)-S/e; clases 1-4,9",2021,2026,703,,,,,,,"clases={""1"": 329, ""2"": 32, ""3"": 0, ""4"": 332, ""9"": 10}"
A4_mun_2012-2025,A4_mun_2012-2025_unico_c549_m0.15_r1.5_e1.6_s0_u0.25,"brecha=P-c(1+m)-S/e; clases 1-4,9",2021,2026,703,,,,,,,"clases={""1"": 322, ""2"": 39, ""3"": 0, ""4"": 332, ""9"": 10}"
A4_mun_2012-2025,A4_mun_2012-2025_unico_c549_m0.15_r1.5_e1.6_s1_u0.0,"brecha=P-c(1+m)-S/e; clases 1-4,9",2021,2026,703,,,,,,,"clases={""1"": 336, ""2"": 25, ""3"": 0, ""4"": 332, ""9"": 10}"
A4_mun_2012-2025,A4_mun_2012-2025_unico_c549_m0.15_r1.5_e1.6_s1_u0.1,"brecha=P-c(1+m)-S/e; clases 1-4,9",2021,2026,703,,,,,,,"clases={""1"": 329, ""2"": 32, ""3"": 0, ""4"": 332, ""9"": 10}"
A4_mun_2012-2025,A4_mun_2012-2025_unico_c549_m0.15_r1.5_e1.6_s1_u0.25,"brecha=P-c(1+m)-S/e; clases 1-4,9",2021,2026,703,,,,,,,"clases={""1"": 322, ""2"": 39, ""3"": 0, ""4"": 332, ""9"": 10}"
A4_mun_2012-2025,A4_mun_2012-2025_unico_c549_m0.2_r1.25_e0.8_s0_u0.0,"brecha=P-c(1+m)-S/e; clases 1-4,9",2021,2026,703,,,,,,,"clases={""1"": 332, ""2"": 25, ""3"": 4, ""4"": 332, ""9"": 10}"
A4_mun_2012-2025,A4_mun_2012-2025_unico_c549_m0.2_r1.25_e0.8_s0_u0.1,"brecha=P-c(1+m)-S/e; clases 1-4,9",2021,2026,703,,,,,,,"clases={""1"": 325, ""2"": 32, ""3"": 4, ""4"": 332, ""9"": 10}"
A4_mun_2012-2025,A4_mun_2012-2025_unico_c549_m0.2_r1.25_e0.8_s0_u0.25,"brecha=P-c(1+m)-S/e; clases 1-4,9",2021,2026,703,,,,,,,"clases={""1"": 318, ""2"": 39, ""3"": 4, ""4"": 332, ""9"": 10}"
A4_mun_2012-2025,A4_mun_2012-2025_unico_c549_m0.2_r1.25_e0.8_s1_u0.0,"brecha=P-c(1+m)-S/e; clases 1-4,9",2021,2026,703,,,,,,,"clases={""1"": 331, ""2"": 25, ""3"": 5, ""4"": 332, ""9"": 10}"
A4_mun_2012-2025,A4_mun_2012-2025_unico_c549_m0.2_r1.25_e0.8_s1_u0.1,"brecha=P-c(1+m)-S/e; clases 1-4,9",2021,2026,703,,,,,,,"clases={""1"": 324, ""2"": 32, ""3"": 5, ""4"": 332, ""9"": 10}"
A4_mun_2012-2025,A4_mun_2012-2025_unico_c549_m0.2_r1.25_e0.8_s1_u0.25,"brecha=P-c(1+m)-S/e; clases 1-4,9",2021,2026,703,,,,,,,"clases={""1"": 317, ""2"": 39, ""3"": 5, ""4"": 332, ""9"": 10}"
A4_mun_2012-2025,A4_mun_2012-2025_unico_c549_m0.2_r1.25_e1.2_s0_u0.0,"brecha=P-c(1+m)-S/e; clases 1-4,9",2021,2026,703,,,,,,,"clases={""1"": 333, ""2"": 27, ""3"": 1, ""4"": 332, ""9"": 10}"
A4_mun_2012-2025,A4_mun_2012-2025_unico_c549_m0.2_r1.25_e1.2_s0_u0.1,"brecha=P-c(1+m)-S/e; clases 1-4,9",2021,2026,703,,,,,,,"clases={""1"": 326, ""2"": 34, ""3"": 1, ""4"": 332, ""9"": 10}"
A4_mun_2012-2025,A4_mun_2012-2025_unico_c549_m0.2_r1.25_e1.2_s0_u0.25,"brecha=P-c(1+m)-S/e; clases 1-4,9",2021,2026,703,,,,,,,"clases={""1"": 319, ""2"": 41, ""3"": 1, ""4"": 332, ""9"": 10}"
A4_mun_2012-2025,A4_mun_2012-2025_unico_c549_m0.2_r1.25_e1.2_s1_u0.0,"brecha=P-c(1+m)-S/e; clases 1-4,9",2021,2026,703,,,,,,,"clases={""1"": 333, ""2"": 26, ""3"": 2, ""4"": 332, ""9"": 10}"
A4_mun_2012-2025,A4_mun_2012-2025_unico_c549_m0.2_r1.25_e1.2_s1_u0.1,"brecha=P-c(1+m)-S/e; clases 1-4,9",2021,2026,703,,,,,,,"clases={""1"": 326, ""2"": 33, ""3"": 2, ""4"": 332, ""9"": 10}"
A4_mun_2012-2025,A4_mun_2012-2025_unico_c549_m0.2_r1.25_e1.2_s1_u0.25,"brecha=P-c(1+m)-S/e; clases 1-4,9",2021,2026,703,,,,,,,"clases={""1"": 319, ""2"": 40, ""3"": 2, ""4"": 332, ""9"": 10}"
A4_mun_2012-2025,A4_mun_2012-2025_unico_c549_m0.2_r1.25_e1.6_s0_u0.0,"brecha=P-c(1+m)-S/e; clases 1-4,9",2021,2026,703,,,,,,,"clases={""1"": 333, ""2"": 28, ""3"": 0, ""4"": 332, ""9"": 10}"
A4_mun_2012-2025,A4_mun_2012-2025_unico_c549_m0.2_r1.25_e1.6_s0_u0.1,"brecha=P-c(1+m)-S/e; clases 1-4,9",2021,2026,703,,,,,,,"clases={""1"": 326, ""2"": 35, ""3"": 0, ""4"": 332, ""9"": 10}"
A4_mun_2012-2025,A4_mun_2012-2025_unico_c549_m0.2_r1.25_e1.6_s0_u0.25,"brecha=P-c(1+m)-S/e; clases 1-4,9",2021,2026,703,,,,,,,"clases={""1"": 319, ""2"": 42, ""3"": 0, ""4"": 332, ""9"": 10}"
A4_mun_2012-2025,A4_mun_2012-2025_unico_c549_m0.2_r1.25_e1.6_s1_u0.0,"brecha=P-c(1+m)-S/e; clases 1-4,9",2021,2026,703,,,,,,,"clases={""1"": 334, ""2"": 27, ""3"": 0, ""4"": 332, ""9"": 10}"
A4_mun_2012-2025,A4_mun_2012-2025_unico_c549_m0.2_r1.25_e1.6_s1_u0.1,"brecha=P-c(1+m)-S/e; clases 1-4,9",2021,2026,703,,,,,,,"clases={""1"": 327, ""2"": 34, ""3"": 0, ""4"": 332, ""9"": 10}"
A4_mun_2012-2025,A4_mun_2012-2025_unico_c549_m0.2_r1.25_e1.6_s1_u0.25,"brecha=P-c(1+m)-S/e; clases 1-4,9",2021,2026,703,,,,,,,"clases={""1"": 320, ""2"": 41, ""3"": 0, ""4"": 332, ""9"": 10}"
A4_mun_2012-2025,A4_mun_2012-2025_unico_c549_m0.2_r1.5_e0.8_s0_u0.0,"brecha=P-c(1+m)-S/e; clases 1-4,9",2021,2026,703,,,,,,,"clases={""1"": 332, ""2"": 25, ""3"": 4, ""4"": 332, ""9"": 10}"
A4_mun_2012-2025,A4_mun_2012-2025_unico_c549_m0.2_r1.5_e0.8_s0_u0.1,"brecha=P-c(1+m)-S/e; clases 1-4,9",2021,2026,703,,,,,,,"clases={""1"": 325, ""2"": 32, ""3"": 4, ""4"": 332, ""9"": 10}"
A4_mun_2012-2025,A4_mun_2012-2025_unico_c549_m0.2_r1.5_e0.8_s0_u0.25,"brecha=P-c(1+m)-S/e; clases 1-4,9",2021,2026,703,,,,,,,"clases={""1"": 318, ""2"": 39, ""3"": 4, ""4"": 332, ""9"": 10}"
A4_mun_2012-2025,A4_mun_2012-2025_unico_c549_m0.2_r1.5_e0.8_s1_u0.0,"brecha=P-c(1+m)-S/e; clases 1-4,9",2021,2026,703,,,,,,,"clases={""1"": 332, ""2"": 24, ""3"": 5, ""4"": 332, ""9"": 10}"
A4_mun_2012-2025,A4_mun_2012-2025_unico_c549_m0.2_r1.5_e0.8_s1_u0.1,"brecha=P-c(1+m)-S/e; clases 1-4,9",2021,2026,703,,,,,,,"clases={""1"": 325, ""2"": 31, ""3"": 5, ""4"": 332, ""9"": 10}"
A4_mun_2012-2025,A4_mun_2012-2025_unico_c549_m0.2_r1.5_e0.8_s1_u0.25,"brecha=P-c(1+m)-S/e; clases 1-4,9",2021,2026,703,,,,,,,"clases={""1"": 318, ""2"": 38, ""3"": 5, ""4"": 332, ""9"": 10}"
A4_mun_2012-2025,A4_mun_2012-2025_unico_c549_m0.2_r1.5_e1.2_s0_u0.0,"brecha=P-c(1+m)-S/e; clases 1-4,9",2021,2026,703,,,,,,,"clases={""1"": 335, ""2"": 25, ""3"": 1, ""4"": 332, ""9"": 10}"
A4_mun_2012-2025,A4_mun_2012-2025_unico_c549_m0.2_r1.5_e1.2_s0_u0.1,"brecha=P-c(1+m)-S/e; clases 1-4,9",2021,2026,703,,,,,,,"clases={""1"": 328, ""2"": 32, ""3"": 1, ""4"": 332, ""9"": 10}"
A4_mun_2012-2025,A4_mun_2012-2025_unico_c549_m0.2_r1.5_e1.2_s0_u0.25,"brecha=P-c(1+m)-S/e; clases 1-4,9",2021,2026,703,,,,,,,"clases={""1"": 321, ""2"": 39, ""3"": 1, ""4"": 332, ""9"": 10}"
A4_mun_2012-2025,A4_mun_2012-2025_unico_c549_m0.2_r1.5_e1.2_s1_u0.0,"brecha=P-c(1+m)-S/e; clases 1-4,9",2021,2026,703,,,,,,,"clases={""1"": 335, ""2"": 24, ""3"": 2, ""4"": 332, ""9"": 10}"
A4_mun_2012-2025,A4_mun_2012-2025_unico_c549_m0.2_r1.5_e1.2_s1_u0.1,"brecha=P-c(1+m)-S/e; clases 1-4,9",2021,2026,703,,,,,,,"clases={""1"": 328, ""2"": 31, ""3"": 2, ""4"": 332, ""9"": 10}"
A4_mun_2012-2025,A4_mun_2012-2025_unico_c549_m0.2_r1.5_e1.2_s1_u0.25,"brecha=P-c(1+m)-S/e; clases 1-4,9",2021,2026,703,,,,,,,"clases={""1"": 321, ""2"": 38, ""3"": 2, ""4"": 332, ""9"": 10}"
A4_mun_2012-2025,A4_mun_2012-2025_unico_c549_m0.2_r1.5_e1.6_s0_u0.0,"brecha=P-c(1+m)-S/e; clases 1-4,9",2021,2026,703,,,,,,,"clases={""1"": 336, ""2"": 25, ""3"": 0, ""4"": 332, ""9"": 10}"
A4_mun_2012-2025,A4_mun_2012-2025_unico_c549_m0.2_r1.5_e1.6_s0_u0.1,"brecha=P-c(1+m)-S/e; clases 1-4,9",2021,2026,703,,,,,,,"clases={""1"": 329, ""2"": 32, ""3"": 0, ""4"": 332, ""9"": 10}"
A4_mun_2012-2025,A4_mun_2012-2025_unico_c549_m0.2_r1.5_e1.6_s0_u0.25,"brecha=P-c(1+m)-S/e; clases 1-4,9",2021,2026,703,,,,,,,"clases={""1"": 322, ""2"": 39, ""3"": 0, ""4"": 332, ""9"": 10}"
A4_mun_2012-2025,A4_mun_2012-2025_unico_c549_m0.2_r1.5_e1.6_s1_u0.0,"brecha=P-c(1+m)-S/e; clases 1-4,9",2021,2026,703,,,,,,,"clases={""1"": 336, ""2"": 25, ""3"": 0, ""4"": 332, ""9"": 10}"
A4_mun_2012-2025,A4_mun_2012-2025_unico_c549_m0.2_r1.5_e1.6_s1_u0.1,"brecha=P-c(1+m)-S/e; clases 1-4,9",2021,2026,703,,,,,,,"clases={""1"": 329, ""2"": 32, ""3"": 0, ""4"": 332, ""9"": 10}"
A4_mun_2012-2025,A4_mun_2012-2025_unico_c549_m0.2_r1.5_e1.6_s1_u0.25,"brecha=P-c(1+m)-S/e; clases 1-4,9",2021,2026,703,,,,,,,"clases={""1"": 322, ""2"": 39, ""3"": 0, ""4"": 332, ""9"": 10}"
A4_mun_2012-2025,A4_mun_2012-2025_unico_c549_m0.25_r1.25_e0.8_s0_u0.0,"brecha=P-c(1+m)-S/e; clases 1-4,9",2021,2026,703,,,,,,,"clases={""1"": 329, ""2"": 25, ""3"": 7, ""4"": 332, ""9"": 10}"
A4_mun_2012-2025,A4_mun_2012-2025_unico_c549_m0.25_r1.25_e0.8_s0_u0.1,"brecha=P-c(1+m)-S/e; clases 1-4,9",2021,2026,703,,,,,,,"clases={""1"": 322, ""2"": 32, ""3"": 7, ""4"": 332, ""9"": 10}"
A4_mun_2012-2025,A4_mun_2012-2025_unico_c549_m0.25_r1.25_e0.8_s0_u0.25,"brecha=P-c(1+m)-S/e; clases 1-4,9",2021,2026,703,,,,,,,"clases={""1"": 315, ""2"": 39, ""3"": 7, ""4"": 332, ""9"": 10}"
A4_mun_2012-2025,A4_mun_2012-2025_unico_c549_m0.25_r1.25_e0.8_s1_u0.0,"brecha=P-c(1+m)-S/e; clases 1-4,9",2021,2026,703,,,,,,,"clases={""1"": 328, ""2"": 25, ""3"": 8, ""4"": 332, ""9"": 10}"
A4_mun_2012-2025,A4_mun_2012-2025_unico_c549_m0.25_r1.25_e0.8_s1_u0.1,"brecha=P-c(1+m)-S/e; clases 1-4,9",2021,2026,703,,,,,,,"clases={""1"": 321, ""2"": 32, ""3"": 8, ""4"": 332, ""9"": 10}"
A4_mun_2012-2025,A4_mun_2012-2025_unico_c549_m0.25_r1.25_e0.8_s1_u0.25,"brecha=P-c(1+m)-S/e; clases 1-4,9",2021,2026,703,,,,,,,"clases={""1"": 314, ""2"": 39, ""3"": 8, ""4"": 332, ""9"": 10}"
A4_mun_2012-2025,A4_mun_2012-2025_unico_c549_m0.25_r1.25_e1.2_s0_u0.0,"brecha=P-c(1+m)-S/e; clases 1-4,9",2021,2026,703,,,,,,,"clases={""1"": 332, ""2"": 27, ""3"": 2, ""4"": 332, ""9"": 10}"
A4_mun_2012-2025,A4_mun_2012-2025_unico_c549_m0.25_r1.25_e1.2_s0_u0.1,"brecha=P-c(1+m)-S/e; clases 1-4,9",2021,2026,703,,,,,,,"clases={""1"": 325, ""2"": 34, ""3"": 2, ""4"": 332, ""9"": 10}"
A4_mun_2012-2025,A4_mun_2012-2025_unico_c549_m0.25_r1.25_e1.2_s0_u0.25,"brecha=P-c(1+m)-S/e; clases 1-4,9",2021,2026,703,,,,,,,"clases={""1"": 318, ""2"": 41, ""3"": 2, ""4"": 332, ""9"": 10}"
A4_mun_2012-2025,A4_mun_2012-2025_unico_c549_m0.25_r1.25_e1.2_s1_u0.0,"brecha=P-c(1+m)-S/e; clases 1-4,9",2021,2026,703,,,,,,,"clases={""1"": 332, ""2"": 26, ""3"": 3, ""4"": 332, ""9"": 10}"
A4_mun_2012-2025,A4_mun_2012-2025_unico_c549_m0.25_r1.25_e1.2_s1_u0.1,"brecha=P-c(1+m)-S/e; clases 1-4,9",2021,2026,703,,,,,,,"clases={""1"": 325, ""2"": 33, ""3"": 3, ""4"": 332, ""9"": 10}"
A4_mun_2012-2025,A4_mun_2012-2025_unico_c549_m0.25_r1.25_e1.2_s1_u0.25,"brecha=P-c(1+m)-S/e; clases 1-4,9",2021,2026,703,,,,,,,"clases={""1"": 318, ""2"": 40, ""3"": 3, ""4"": 332, ""9"": 10}"
A4_mun_2012-2025,A4_mun_2012-2025_unico_c549_m0.25_r1.25_e1.6_s0_u0.0,"brecha=P-c(1+m)-S/e; clases 1-4,9",2021,2026,703,,,,,,,"clases={""1"": 332, ""2"": 28, ""3"": 1, ""4"": 332, ""9"": 10}"
A4_mun_2012-2025,A4_mun_2012-2025_unico_c549_m0.25_r1.25_e1.6_s0_u0.1,"brecha=P-c(1+m)-S/e; clases 1-4,9",2021,2026,703,,,,,,,"clases={""1"": 325, ""2"": 35, ""3"": 1, ""4"": 332, ""9"": 10}"
A4_mun_2012-2025,A4_mun_2012-2025_unico_c549_m0.25_r1.25_e1.6_s0_u0.25,"brecha=P-c(1+m)-S/e; clases 1-4,9",2021,2026,703,,,,,,,"clases={""1"": 318, ""2"": 42, ""3"": 1, ""4"": 332, ""9"": 10}"
A4_mun_2012-2025,A4_mun_2012-2025_unico_c549_m0.25_r1.25_e1.6_s1_u0.0,"brecha=P-c(1+m)-S/e; clases 1-4,9",2021,2026,703,,,,,,,"clases={""1"": 333, ""2"": 27, ""3"": 1, ""4"": 332, ""9"": 10}"
A4_mun_2012-2025,A4_mun_2012-2025_unico_c549_m0.25_r1.25_e1.6_s1_u0.1,"brecha=P-c(1+m)-S/e; clases 1-4,9",2021,2026,703,,,,,,,"clases={""1"": 326, ""2"": 34, ""3"": 1, ""4"": 332, ""9"": 10}"
A4_mun_2012-2025,A4_mun_2012-2025_unico_c549_m0.25_r1.25_e1.6_s1_u0.25,"brecha=P-c(1+m)-S/e; clases 1-4,9",2021,2026,703,,,,,,,"clases={""1"": 319, ""2"": 41, ""3"": 1, ""4"": 332, ""9"": 10}"
A4_mun_2012-2025,A4_mun_2012-2025_unico_c549_m0.25_r1.5_e0.8_s0_u0.0,"brecha=P-c(1+m)-S/e; clases 1-4,9",2021,2026,703,,,,,,,"clases={""1"": 329, ""2"": 25, ""3"": 7, ""4"": 332, ""9"": 10}"
A4_mun_2012-2025,A4_mun_2012-2025_unico_c549_m0.25_r1.5_e0.8_s0_u0.1,"brecha=P-c(1+m)-S/e; clases 1-4,9",2021,2026,703,,,,,,,"clases={""1"": 322, ""2"": 32, ""3"": 7, ""4"": 332, ""9"": 10}"
A4_mun_2012-2025,A4_mun_2012-2025_unico_c549_m0.25_r1.5_e0.8_s0_u0.25,"brecha=P-c(1+m)-S/e; clases 1-4,9",2021,2026,703,,,,,,,"clases={""1"": 315, ""2"": 39, ""3"": 7, ""4"": 332, ""9"": 10}"
A4_mun_2012-2025,A4_mun_2012-2025_unico_c549_m0.25_r1.5_e0.8_s1_u0.0,"brecha=P-c(1+m)-S/e; clases 1-4,9",2021,2026,703,,,,,,,"clases={""1"": 329, ""2"": 24, ""3"": 8, ""4"": 332, ""9"": 10}"
A4_mun_2012-2025,A4_mun_2012-2025_unico_c549_m0.25_r1.5_e0.8_s1_u0.1,"brecha=P-c(1+m)-S/e; clases 1-4,9",2021,2026,703,,,,,,,"clases={""1"": 322, ""2"": 31, ""3"": 8, ""4"": 332, ""9"": 10}"
A4_mun_2012-2025,A4_mun_2012-2025_unico_c549_m0.25_r1.5_e0.8_s1_u0.25,"brecha=P-c(1+m)-S/e; clases 1-4,9",2021,2026,703,,,,,,,"clases={""1"": 315, ""2"": 38, ""3"": 8, ""4"": 332, ""9"": 10}"
A4_mun_2012-2025,A4_mun_2012-2025_unico_c549_m0.25_r1.5_e1.2_s0_u0.0,"brecha=P-c(1+m)-S/e; clases 1-4,9",2021,2026,703,,,,,,,"clases={""1"": 334, ""2"": 25, ""3"": 2, ""4"": 332, ""9"": 10}"
A4_mun_2012-2025,A4_mun_2012-2025_unico_c549_m0.25_r1.5_e1.2_s0_u0.1,"brecha=P-c(1+m)-S/e; clases 1-4,9",2021,2026,703,,,,,,,"clases={""1"": 327, ""2"": 32, ""3"": 2, ""4"": 332, ""9"": 10}"
A4_mun_2012-2025,A4_mun_2012-2025_unico_c549_m0.25_r1.5_e1.2_s0_u0.25,"brecha=P-c(1+m)-S/e; clases 1-4,9",2021,2026,703,,,,,,,"clases={""1"": 320, ""2"": 39, ""3"": 2, ""4"": 332, ""9"": 10}"
A4_mun_2012-2025,A4_mun_2012-2025_unico_c549_m0.25_r1.5_e1.2_s1_u0.0,"brecha=P-c(1+m)-S/e; clases 1-4,9",2021,2026,703,,,,,,,"clases={""1"": 334, ""2"": 24, ""3"": 3, ""4"": 332, ""9"": 10}"
A4_mun_2012-2025,A4_mun_2012-2025_unico_c549_m0.25_r1.5_e1.2_s1_u0.1,"brecha=P-c(1+m)-S/e; clases 1-4,9",2021,2026,703,,,,,,,"clases={""1"": 327, ""2"": 31, ""3"": 3, ""4"": 332, ""9"": 10}"
A4_mun_2012-2025,A4_mun_2012-2025_unico_c549_m0.25_r1.5_e1.2_s1_u0.25,"brecha=P-c(1+m)-S/e; clases 1-4,9",2021,2026,703,,,,,,,"clases={""1"": 320, ""2"": 38, ""3"": 3, ""4"": 332, ""9"": 10}"
A4_mun_2012-2025,A4_mun_2012-2025_unico_c549_m0.25_r1.5_e1.6_s0_u0.0,"brecha=P-c(1+m)-S/e; clases 1-4,9",2021,2026,703,,,,,,,"clases={""1"": 335, ""2"": 25, ""3"": 1, ""4"": 332, ""9"": 10}"
A4_mun_2012-2025,A4_mun_2012-2025_unico_c549_m0.25_r1.5_e1.6_s0_u0.1,"brecha=P-c(1+m)-S/e; clases 1-4,9",2021,2026,703,,,,,,,"clases={""1"": 328, ""2"": 32, ""3"": 1, ""4"": 332, ""9"": 10}"
A4_mun_2012-2025,A4_mun_2012-2025_unico_c549_m0.25_r1.5_e1.6_s0_u0.25,"brecha=P-c(1+m)-S/e; clases 1-4,9",2021,2026,703,,,,,,,"clases={""1"": 321, ""2"": 39, ""3"": 1, ""4"": 332, ""9"": 10}"
A4_mun_2012-2025,A4_mun_2012-2025_unico_c549_m0.25_r1.5_e1.6_s1_u0.0,"brecha=P-c(1+m)-S/e; clases 1-4,9",2021,2026,703,,,,,,,"clases={""1"": 335, ""2"": 25, ""3"": 1, ""4"": 332, ""9"": 10}"
A4_mun_2012-2025,A4_mun_2012-2025_unico_c549_m0.25_r1.5_e1.6_s1_u0.1,"brecha=P-c(1+m)-S/e; clases 1-4,9",2021,2026,703,,,,,,,"clases={""1"": 328, ""2"": 32, ""3"": 1, ""4"": 332, ""9"": 10}"
A4_mun_2012-2025,A4_mun_2012-2025_unico_c549_m0.25_r1.5_e1.6_s1_u0.25,"brecha=P-c(1+m)-S/e; clases 1-4,9",2021,2026,703,,,,,,,"clases={""1"": 321, ""2"": 39, ""3"": 1, ""4"": 332, ""9"": 10}"
A4_mun_2012-2025,A4_mun_2012-2025_unico_c677_m0.15_r1.25_e0.8_s0_u0.0,"brecha=P-c(1+m)-S/e; clases 1-4,9",2021,2026,703,,,,,,,"clases={""1"": 326, ""2"": 25, ""3"": 10, ""4"": 332, ""9"": 10}"
A4_mun_2012-2025,A4_mun_2012-2025_unico_c677_m0.15_r1.25_e0.8_s0_u0.1,"brecha=P-c(1+m)-S/e; clases 1-4,9",2021,2026,703,,,,,,,"clases={""1"": 319, ""2"": 32, ""3"": 10, ""4"": 332, ""9"": 10}"
A4_mun_2012-2025,A4_mun_2012-2025_unico_c677_m0.15_r1.25_e0.8_s0_u0.25,"brecha=P-c(1+m)-S/e; clases 1-4,9",2021,2026,703,,,,,,,"clases={""1"": 312, ""2"": 39, ""3"": 10, ""4"": 332, ""9"": 10}"
A4_mun_2012-2025,A4_mun_2012-2025_unico_c677_m0.15_r1.25_e0.8_s1_u0.0,"brecha=P-c(1+m)-S/e; clases 1-4,9",2021,2026,703,,,,,,,"clases={""1"": 327, ""2"": 24, ""3"": 10, ""4"": 332, ""9"": 10}"
A4_mun_2012-2025,A4_mun_2012-2025_unico_c677_m0.15_r1.25_e0.8_s1_u0.1,"brecha=P-c(1+m)-S/e; clases 1-4,9",2021,2026,703,,,,,,,"clases={""1"": 320, ""2"": 31, ""3"": 10, ""4"": 332, ""9"": 10}"
A4_mun_2012-2025,A4_mun_2012-2025_unico_c677_m0.15_r1.25_e0.8_s1_u0.25,"brecha=P-c(1+m)-S/e; clases 1-4,9",2021,2026,703,,,,,,,"clases={""1"": 313, ""2"": 38, ""3"": 10, ""4"": 332, ""9"": 10}"
A4_mun_2012-2025,A4_mun_2012-2025_unico_c677_m0.15_r1.25_e1.2_s0_u0.0,"brecha=P-c(1+m)-S/e; clases 1-4,9",2021,2026,703,,,,,,,"clases={""1"": 330, ""2"": 25, ""3"": 6, ""4"": 332, ""9"": 10}"
A4_mun_2012-2025,A4_mun_2012-2025_unico_c677_m0.15_r1.25_e1.2_s0_u0.1,"brecha=P-c(1+m)-S/e; clases 1-4,9",2021,2026,703,,,,,,,"clases={""1"": 323, ""2"": 32, ""3"": 6, ""4"": 332, ""9"": 10}"
A4_mun_2012-2025,A4_mun_2012-2025_unico_c677_m0.15_r1.25_e1.2_s0_u0.25,"brecha=P-c(1+m)-S/e; clases 1-4,9",2021,2026,703,,,,,,,"clases={""1"": 316, ""2"": 39, ""3"": 6, ""4"": 332, ""9"": 10}"
A4_mun_2012-2025,A4_mun_2012-2025_unico_c677_m0.15_r1.25_e1.2_s1_u0.0,"brecha=P-c(1+m)-S/e; clases 1-4,9",2021,2026,703,,,,,,,"clases={""1"": 330, ""2"": 24, ""3"": 7, ""4"": 332, ""9"": 10}"
A4_mun_2012-2025,A4_mun_2012-2025_unico_c677_m0.15_r1.25_e1.2_s1_u0.1,"brecha=P-c(1+m)-S/e; clases 1-4,9",2021,2026,703,,,,,,,"clases={""1"": 323, ""2"": 31, ""3"": 7, ""4"": 332, ""9"": 10}"
A4_mun_2012-2025,A4_mun_2012-2025_unico_c677_m0.15_r1.25_e1.2_s1_u0.25,"brecha=P-c(1+m)-S/e; clases 1-4,9",2021,2026,703,,,,,,,"clases={""1"": 316, ""2"": 38, ""3"": 7, ""4"": 332, ""9"": 10}"
A4_mun_2012-2025,A4_mun_2012-2025_unico_c677_m0.15_r1.25_e1.6_s0_u0.0,"brecha=P-c(1+m)-S/e; clases 1-4,9",2021,2026,703,,,,,,,"clases={""1"": 332, ""2"": 25, ""3"": 4, ""4"": 332, ""9"": 10}"
A4_mun_2012-2025,A4_mun_2012-2025_unico_c677_m0.15_r1.25_e1.6_s0_u0.1,"brecha=P-c(1+m)-S/e; clases 1-4,9",2021,2026,703,,,,,,,"clases={""1"": 325, ""2"": 32, ""3"": 4, ""4"": 332, ""9"": 10}"
A4_mun_2012-2025,A4_mun_2012-2025_unico_c677_m0.15_r1.25_e1.6_s0_u0.25,"brecha=P-c(1+m)-S/e; clases 1-4,9",2021,2026,703,,,,,,,"clases={""1"": 318, ""2"": 39, ""3"": 4, ""4"": 332, ""9"": 10}"
A4_mun_2012-2025,A4_mun_2012-2025_unico_c677_m0.15_r1.25_e1.6_s1_u0.0,"brecha=P-c(1+m)-S/e; clases 1-4,9",2021,2026,703,,,,,,,"clases={""1"": 331, ""2"": 25, ""3"": 5, ""4"": 332, ""9"": 10}"
A4_mun_2012-2025,A4_mun_2012-2025_unico_c677_m0.15_r1.25_e1.6_s1_u0.1,"brecha=P-c(1+m)-S/e; clases 1-4,9",2021,2026,703,,,,,,,"clases={""1"": 324, ""2"": 32, ""3"": 5, ""4"": 332, ""9"": 10}"
A4_mun_2012-2025,A4_mun_2012-2025_unico_c677_m0.15_r1.25_e1.6_s1_u0.25,"brecha=P-c(1+m)-S/e; clases 1-4,9",2021,2026,703,,,,,,,"clases={""1"": 317, ""2"": 39, ""3"": 5, ""4"": 332, ""9"": 10}"
A4_mun_2012-2025,A4_mun_2012-2025_unico_c677_m0.15_r1.5_e0.8_s0_u0.0,"brecha=P-c(1+m)-S/e; clases 1-4,9",2021,2026,703,,,,,,,"clases={""1"": 329, ""2"": 22, ""3"": 10, ""4"": 332, ""9"": 10}"
A4_mun_2012-2025,A4_mun_2012-2025_unico_c677_m0.15_r1.5_e0.8_s0_u0.1,"brecha=P-c(1+m)-S/e; clases 1-4,9",2021,2026,703,,,,,,,"clases={""1"": 322, ""2"": 29, ""3"": 10, ""4"": 332, ""9"": 10}"
A4_mun_2012-2025,A4_mun_2012-2025_unico_c677_m0.15_r1.5_e0.8_s0_u0.25,"brecha=P-c(1+m)-S/e; clases 1-4,9",2021,2026,703,,,,,,,"clases={""1"": 319, ""2"": 32, ""3"": 10, ""4"": 332, ""9"": 10}"
A4_mun_2012-2025,A4_mun_2012-2025_unico_c677_m0.15_r1.5_e0.8_s1_u0.0,"brecha=P-c(1+m)-S/e; clases 1-4,9",2021,2026,703,,,,,,,"clases={""1"": 330, ""2"": 21, ""3"": 10, ""4"": 332, ""9"": 10}"
A4_mun_2012-2025,A4_mun_2012-2025_unico_c677_m0.15_r1.5_e0.8_s1_u0.1,"brecha=P-c(1+m)-S/e; clases 1-4,9",2021,2026,703,,,,,,,"clases={""1"": 323, ""2"": 28, ""3"": 10, ""4"": 332, ""9"": 10}"
A4_mun_2012-2025,A4_mun_2012-2025_unico_c677_m0.15_r1.5_e0.8_s1_u0.25,"brecha=P-c(1+m)-S/e; clases 1-4,9",2021,2026,703,,,,,,,"clases={""1"": 320, ""2"": 31, ""3"": 10, ""4"": 332, ""9"": 10}"
A4_mun_2012-2025,A4_mun_2012-2025_unico_c677_m0.15_r1.5_e1.2_s0_u0.0,"brecha=P-c(1+m)-S/e; clases 1-4,9",2021,2026,703,,,,,,,"clases={""1"": 331, ""2"": 24, ""3"": 6, ""4"": 332, ""9"": 10}"
A4_mun_2012-2025,A4_mun_2012-2025_unico_c677_m0.15_r1.5_e1.2_s0_u0.1,"brecha=P-c(1+m)-S/e; clases 1-4,9",2021,2026,703,,,,,,,"clases={""1"": 324, ""2"": 31, ""3"": 6, ""4"": 332, ""9"": 10}"
A4_mun_2012-2025,A4_mun_2012-2025_unico_c677_m0.15_r1.5_e1.2_s0_u0.25,"brecha=P-c(1+m)-S/e; clases 1-4,9",2021,2026,703,,,,,,,"clases={""1"": 317, ""2"": 38, ""3"": 6, ""4"": 332, ""9"": 10}"
A4_mun_2012-2025,A4_mun_2012-2025_unico_c677_m0.15_r1.5_e1.2_s1_u0.0,"brecha=P-c(1+m)-S/e; clases 1-4,9",2021,2026,703,,,,,,,"clases={""1"": 330, ""2"": 24, ""3"": 7, ""4"": 332, ""9"": 10}"
A4_mun_2012-2025,A4_mun_2012-2025_unico_c677_m0.15_r1.5_e1.2_s1_u0.1,"brecha=P-c(1+m)-S/e; clases 1-4,9",2021,2026,703,,,,,,,"clases={""1"": 323, ""2"": 31, ""3"": 7, ""4"": 332, ""9"": 10}"
A4_mun_2012-2025,A4_mun_2012-2025_unico_c677_m0.15_r1.5_e1.2_s1_u0.25,"brecha=P-c(1+m)-S/e; clases 1-4,9",2021,2026,703,,,,,,,"clases={""1"": 316, ""2"": 38, ""3"": 7, ""4"": 332, ""9"": 10}"
A4_mun_2012-2025,A4_mun_2012-2025_unico_c677_m0.15_r1.5_e1.6_s0_u0.0,"brecha=P-c(1+m)-S/e; clases 1-4,9",2021,2026,703,,,,,,,"clases={""1"": 333, ""2"": 24, ""3"": 4, ""4"": 332, ""9"": 10}"
A4_mun_2012-2025,A4_mun_2012-2025_unico_c677_m0.15_r1.5_e1.6_s0_u0.1,"brecha=P-c(1+m)-S/e; clases 1-4,9",2021,2026,703,,,,,,,"clases={""1"": 326, ""2"": 31, ""3"": 4, ""4"": 332, ""9"": 10}"
A4_mun_2012-2025,A4_mun_2012-2025_unico_c677_m0.15_r1.5_e1.6_s0_u0.25,"brecha=P-c(1+m)-S/e; clases 1-4,9",2021,2026,703,,,,,,,"clases={""1"": 319, ""2"": 38, ""3"": 4, ""4"": 332, ""9"": 10}"
A4_mun_2012-2025,A4_mun_2012-2025_unico_c677_m0.15_r1.5_e1.6_s1_u0.0,"brecha=P-c(1+m)-S/e; clases 1-4,9",2021,2026,703,,,,,,,"clases={""1"": 332, ""2"": 24, ""3"": 5, ""4"": 332, ""9"": 10}"
A4_mun_2012-2025,A4_mun_2012-2025_unico_c677_m0.15_r1.5_e1.6_s1_u0.1,"brecha=P-c(1+m)-S/e; clases 1-4,9",2021,2026,703,,,,,,,"clases={""1"": 325, ""2"": 31, ""3"": 5, ""4"": 332, ""9"": 10}"
A4_mun_2012-2025,A4_mun_2012-2025_unico_c677_m0.15_r1.5_e1.6_s1_u0.25,"brecha=P-c(1+m)-S/e; clases 1-4,9",2021,2026,703,,,,,,,"clases={""1"": 318, ""2"": 38, ""3"": 5, ""4"": 332, ""9"": 10}"
A4_mun_2012-2025,A4_mun_2012-2025_unico_c677_m0.2_r1.25_e0.8_s0_u0.0,"brecha=P-c(1+m)-S/e; clases 1-4,9",2021,2026,703,,,,,,,"clases={""1"": 325, ""2"": 25, ""3"": 11, ""4"": 332, ""9"": 10}"
A4_mun_2012-2025,A4_mun_2012-2025_unico_c677_m0.2_r1.25_e0.8_s0_u0.1,"brecha=P-c(1+m)-S/e; clases 1-4,9",2021,2026,703,,,,,,,"clases={""1"": 318, ""2"": 32, ""3"": 11, ""4"": 332, ""9"": 10}"
A4_mun_2012-2025,A4_mun_2012-2025_unico_c677_m0.2_r1.25_e0.8_s0_u0.25,"brecha=P-c(1+m)-S/e; clases 1-4,9",2021,2026,703,,,,,,,"clases={""1"": 311, ""2"": 39, ""3"": 11, ""4"": 332, ""9"": 10}"
A4_mun_2012-2025,A4_mun_2012-2025_unico_c677_m0.2_r1.25_e0.8_s1_u0.0,"brecha=P-c(1+m)-S/e; clases 1-4,9",2021,2026,703,,,,,,,"clases={""1"": 324, ""2"": 24, ""3"": 13, ""4"": 332, ""9"": 10}"
A4_mun_2012-2025,A4_mun_2012-2025_unico_c677_m0.2_r1.25_e0.8_s1_u0.1,"brecha=P-c(1+m)-S/e; clases 1-4,9",2021,2026,703,,,,,,,"clases={""1"": 317, ""2"": 31, ""3"": 13, ""4"": 332, ""9"": 10}"
A4_mun_2012-2025,A4_mun_2012-2025_unico_c677_m0.2_r1.25_e0.8_s1_u0.25,"brecha=P-c(1+m)-S/e; clases 1-4,9",2021,2026,703,,,,,,,"clases={""1"": 310, ""2"": 38, ""3"": 13, ""4"": 332, ""9"": 10}"
A4_mun_2012-2025,A4_mun_2012-2025_unico_c677_m0.2_r1.25_e1.2_s0_u0.0,"brecha=P-c(1+m)-S/e; clases 1-4,9",2021,2026,703,,,,,,,"clases={""1"": 328, ""2"": 25, ""3"": 8, ""4"": 332, ""9"": 10}"
A4_mun_2012-2025,A4_mun_2012-2025_unico_c677_m0.2_r1.25_e1.2_s0_u0.1,"brecha=P-c(1+m)-S/e; clases 1-4,9",2021,2026,703,,,,,,,"clases={""1"": 321, ""2"": 32, ""3"": 8, ""4"": 332, ""9"": 10}"
A4_mun_2012-2025,A4_mun_2012-2025_unico_c677_m0.2_r1.25_e1.2_s0_u0.25,"brecha=P-c(1+m)-S/e; clases 1-4,9",2021,2026,703,,,,,,,"clases={""1"": 314, ""2"": 39, ""3"": 8, ""4"": 332, ""9"": 10}"
A4_mun_2012-2025,A4_mun_2012-2025_unico_c677_m0.2_r1.25_e1.2_s1_u0.0,"brecha=P-c(1+m)-S/e; clases 1-4,9",2021,2026,703,,,,,,,"clases={""1"": 329, ""2"": 24, ""3"": 8, ""4"": 332, ""9"": 10}"
A4_mun_2012-2025,A4_mun_2012-2025_unico_c677_m0.2_r1.25_e1.2_s1_u0.1,"brecha=P-c(1+m)-S/e; clases 1-4,9",2021,2026,703,,,,,,,"clases={""1"": 322, ""2"": 31, ""3"": 8, ""4"": 332, ""9"": 10}"
A4_mun_2012-2025,A4_mun_2012-2025_unico_c677_m0.2_r1.25_e1.2_s1_u0.25,"brecha=P-c(1+m)-S/e; clases 1-4,9",2021,2026,703,,,,,,,"clases={""1"": 315, ""2"": 38, ""3"": 8, ""4"": 332, ""9"": 10}"
A4_mun_2012-2025,A4_mun_2012-2025_unico_c677_m0.2_r1.25_e1.6_s0_u0.0,"brecha=P-c(1+m)-S/e; clases 1-4,9",2021,2026,703,,,,,,,"clases={""1"": 331, ""2"": 25, ""3"": 5, ""4"": 332, ""9"": 10}"
A4_mun_2012-2025,A4_mun_2012-2025_unico_c677_m0.2_r1.25_e1.6_s0_u0.1,"brecha=P-c(1+m)-S/e; clases 1-4,9",2021,2026,703,,,,,,,"clases={""1"": 324, ""2"": 32, ""3"": 5, ""4"": 332, ""9"": 10}"
A4_mun_2012-2025,A4_mun_2012-2025_unico_c677_m0.2_r1.25_e1.6_s0_u0.25,"brecha=P-c(1+m)-S/e; clases 1-4,9",2021,2026,703,,,,,,,"clases={""1"": 317, ""2"": 39, ""3"": 5, ""4"": 332, ""9"": 10}"
A4_mun_2012-2025,A4_mun_2012-2025_unico_c677_m0.2_r1.25_e1.6_s1_u0.0,"brecha=P-c(1+m)-S/e; clases 1-4,9",2021,2026,703,,,,,,,"clases={""1"": 330, ""2"": 25, ""3"": 6, ""4"": 332, ""9"": 10}"
A4_mun_2012-2025,A4_mun_2012-2025_unico_c677_m0.2_r1.25_e1.6_s1_u0.1,"brecha=P-c(1+m)-S/e; clases 1-4,9",2021,2026,703,,,,,,,"clases={""1"": 323, ""2"": 32, ""3"": 6, ""4"": 332, ""9"": 10}"
A4_mun_2012-2025,A4_mun_2012-2025_unico_c677_m0.2_r1.25_e1.6_s1_u0.25,"brecha=P-c(1+m)-S/e; clases 1-4,9",2021,2026,703,,,,,,,"clases={""1"": 316, ""2"": 39, ""3"": 6, ""4"": 332, ""9"": 10}"
A4_mun_2012-2025,A4_mun_2012-2025_unico_c677_m0.2_r1.5_e0.8_s0_u0.0,"brecha=P-c(1+m)-S/e; clases 1-4,9",2021,2026,703,,,,,,,"clases={""1"": 328, ""2"": 22, ""3"": 11, ""4"": 332, ""9"": 10}"
A4_mun_2012-2025,A4_mun_2012-2025_unico_c677_m0.2_r1.5_e0.8_s0_u0.1,"brecha=P-c(1+m)-S/e; clases 1-4,9",2021,2026,703,,,,,,,"clases={""1"": 321, ""2"": 29, ""3"": 11, ""4"": 332, ""9"": 10}"
A4_mun_2012-2025,A4_mun_2012-2025_unico_c677_m0.2_r1.5_e0.8_s0_u0.25,"brecha=P-c(1+m)-S/e; clases 1-4,9",2021,2026,703,,,,,,,"clases={""1"": 318, ""2"": 32, ""3"": 11, ""4"": 332, ""9"": 10}"
A4_mun_2012-2025,A4_mun_2012-2025_unico_c677_m0.2_r1.5_e0.8_s1_u0.0,"brecha=P-c(1+m)-S/e; clases 1-4,9",2021,2026,703,,,,,,,"clases={""1"": 327, ""2"": 21, ""3"": 13, ""4"": 332, ""9"": 10}"
A4_mun_2012-2025,A4_mun_2012-2025_unico_c677_m0.2_r1.5_e0.8_s1_u0.1,"brecha=P-c(1+m)-S/e; clases 1-4,9",2021,2026,703,,,,,,,"clases={""1"": 320, ""2"": 28, ""3"": 13, ""4"": 332, ""9"": 10}"
A4_mun_2012-2025,A4_mun_2012-2025_unico_c677_m0.2_r1.5_e0.8_s1_u0.25,"brecha=P-c(1+m)-S/e; clases 1-4,9",2021,2026,703,,,,,,,"clases={""1"": 317, ""2"": 31, ""3"": 13, ""4"": 332, ""9"": 10}"
A4_mun_2012-2025,A4_mun_2012-2025_unico_c677_m0.2_r1.5_e1.2_s0_u0.0,"brecha=P-c(1+m)-S/e; clases 1-4,9",2021,2026,703,,,,,,,"clases={""1"": 329, ""2"": 24, ""3"": 8, ""4"": 332, ""9"": 10}"
A4_mun_2012-2025,A4_mun_2012-2025_unico_c677_m0.2_r1.5_e1.2_s0_u0.1,"brecha=P-c(1+m)-S/e; clases 1-4,9",2021,2026,703,,,,,,,"clases={""1"": 322, ""2"": 31, ""3"": 8, ""4"": 332, ""9"": 10}"
A4_mun_2012-2025,A4_mun_2012-2025_unico_c677_m0.2_r1.5_e1.2_s0_u0.25,"brecha=P-c(1+m)-S/e; clases 1-4,9",2021,2026,703,,,,,,,"clases={""1"": 315, ""2"": 38, ""3"": 8, ""4"": 332, ""9"": 10}"
A4_mun_2012-2025,A4_mun_2012-2025_unico_c677_m0.2_r1.5_e1.2_s1_u0.0,"brecha=P-c(1+m)-S/e; clases 1-4,9",2021,2026,703,,,,,,,"clases={""1"": 329, ""2"": 24, ""3"": 8, ""4"": 332, ""9"": 10}"
A4_mun_2012-2025,A4_mun_2012-2025_unico_c677_m0.2_r1.5_e1.2_s1_u0.1,"brecha=P-c(1+m)-S/e; clases 1-4,9",2021,2026,703,,,,,,,"clases={""1"": 322, ""2"": 31, ""3"": 8, ""4"": 332, ""9"": 10}"
A4_mun_2012-2025,A4_mun_2012-2025_unico_c677_m0.2_r1.5_e1.2_s1_u0.25,"brecha=P-c(1+m)-S/e; clases 1-4,9",2021,2026,703,,,,,,,"clases={""1"": 315, ""2"": 38, ""3"": 8, ""4"": 332, ""9"": 10}"
A4_mun_2012-2025,A4_mun_2012-2025_unico_c677_m0.2_r1.5_e1.6_s0_u0.0,"brecha=P-c(1+m)-S/e; clases 1-4,9",2021,2026,703,,,,,,,"clases={""1"": 332, ""2"": 24, ""3"": 5, ""4"": 332, ""9"": 10}"
A4_mun_2012-2025,A4_mun_2012-2025_unico_c677_m0.2_r1.5_e1.6_s0_u0.1,"brecha=P-c(1+m)-S/e; clases 1-4,9",2021,2026,703,,,,,,,"clases={""1"": 325, ""2"": 31, ""3"": 5, ""4"": 332, ""9"": 10}"
A4_mun_2012-2025,A4_mun_2012-2025_unico_c677_m0.2_r1.5_e1.6_s0_u0.25,"brecha=P-c(1+m)-S/e; clases 1-4,9",2021,2026,703,,,,,,,"clases={""1"": 318, ""2"": 38, ""3"": 5, ""4"": 332, ""9"": 10}"
A4_mun_2012-2025,A4_mun_2012-2025_unico_c677_m0.2_r1.5_e1.6_s1_u0.0,"brecha=P-c(1+m)-S/e; clases 1-4,9",2021,2026,703,,,,,,,"clases={""1"": 331, ""2"": 24, ""3"": 6, ""4"": 332, ""9"": 10}"
A4_mun_2012-2025,A4_mun_2012-2025_unico_c677_m0.2_r1.5_e1.6_s1_u0.1,"brecha=P-c(1+m)-S/e; clases 1-4,9",2021,2026,703,,,,,,,"clases={""1"": 324, ""2"": 31, ""3"": 6, ""4"": 332, ""9"": 10}"
A4_mun_2012-2025,A4_mun_2012-2025_unico_c677_m0.2_r1.5_e1.6_s1_u0.25,"brecha=P-c(1+m)-S/e; clases 1-4,9",2021,2026,703,,,,,,,"clases={""1"": 317, ""2"": 38, ""3"": 6, ""4"": 332, ""9"": 10}"
A4_mun_2012-2025,A4_mun_2012-2025_unico_c677_m0.25_r1.25_e0.8_s0_u0.0,"brecha=P-c(1+m)-S/e; clases 1-4,9",2021,2026,703,,,,,,,"clases={""1"": 325, ""2"": 25, ""3"": 11, ""4"": 332, ""9"": 10}"
A4_mun_2012-2025,A4_mun_2012-2025_unico_c677_m0.25_r1.25_e0.8_s0_u0.1,"brecha=P-c(1+m)-S/e; clases 1-4,9",2021,2026,703,,,,,,,"clases={""1"": 318, ""2"": 32, ""3"": 11, ""4"": 332, ""9"": 10}"
A4_mun_2012-2025,A4_mun_2012-2025_unico_c677_m0.25_r1.25_e0.8_s0_u0.25,"brecha=P-c(1+m)-S/e; clases 1-4,9",2021,2026,703,,,,,,,"clases={""1"": 311, ""2"": 39, ""3"": 11, ""4"": 332, ""9"": 10}"
A4_mun_2012-2025,A4_mun_2012-2025_unico_c677_m0.25_r1.25_e0.8_s1_u0.0,"brecha=P-c(1+m)-S/e; clases 1-4,9",2021,2026,703,,,,,,,"clases={""1"": 324, ""2"": 24, ""3"": 13, ""4"": 332, ""9"": 10}"
A4_mun_2012-2025,A4_mun_2012-2025_unico_c677_m0.25_r1.25_e0.8_s1_u0.1,"brecha=P-c(1+m)-S/e; clases 1-4,9",2021,2026,703,,,,,,,"clases={""1"": 317, ""2"": 31, ""3"": 13, ""4"": 332, ""9"": 10}"
A4_mun_2012-2025,A4_mun_2012-2025_unico_c677_m0.25_r1.25_e0.8_s1_u0.25,"brecha=P-c(1+m)-S/e; clases 1-4,9",2021,2026,703,,,,,,,"clases={""1"": 310, ""2"": 38, ""3"": 13, ""4"": 332, ""9"": 10}"
A4_mun_2012-2025,A4_mun_2012-2025_unico_c677_m0.25_r1.25_e1.2_s0_u0.0,"brecha=P-c(1+m)-S/e; clases 1-4,9",2021,2026,703,,,,,,,"clases={""1"": 326, ""2"": 25, ""3"": 10, ""4"": 332, ""9"": 10}"
A4_mun_2012-2025,A4_mun_2012-2025_unico_c677_m0.25_r1.25_e1.2_s0_u0.1,"brecha=P-c(1+m)-S/e; clases 1-4,9",2021,2026,703,,,,,,,"clases={""1"": 319, ""2"": 32, ""3"": 10, ""4"": 332, ""9"": 10}"
A4_mun_2012-2025,A4_mun_2012-2025_unico_c677_m0.25_r1.25_e1.2_s0_u0.25,"brecha=P-c(1+m)-S/e; clases 1-4,9",2021,2026,703,,,,,,,"clases={""1"": 312, ""2"": 39, ""3"": 10, ""4"": 332, ""9"": 10}"
A4_mun_2012-2025,A4_mun_2012-2025_unico_c677_m0.25_r1.25_e1.2_s1_u0.0,"brecha=P-c(1+m)-S/e; clases 1-4,9",2021,2026,703,,,,,,,"clases={""1"": 327, ""2"": 24, ""3"": 10, ""4"": 332, ""9"": 10}"
A4_mun_2012-2025,A4_mun_2012-2025_unico_c677_m0.25_r1.25_e1.2_s1_u0.1,"brecha=P-c(1+m)-S/e; clases 1-4,9",2021,2026,703,,,,,,,"clases={""1"": 320, ""2"": 31, ""3"": 10, ""4"": 332, ""9"": 10}"
A4_mun_2012-2025,A4_mun_2012-2025_unico_c677_m0.25_r1.25_e1.2_s1_u0.25,"brecha=P-c(1+m)-S/e; clases 1-4,9",2021,2026,703,,,,,,,"clases={""1"": 313, ""2"": 38, ""3"": 10, ""4"": 332, ""9"": 10}"
A4_mun_2012-2025,A4_mun_2012-2025_unico_c677_m0.25_r1.25_e1.6_s0_u0.0,"brecha=P-c(1+m)-S/e; clases 1-4,9",2021,2026,703,,,,,,,"clases={""1"": 329, ""2"": 25, ""3"": 7, ""4"": 332, ""9"": 10}"
A4_mun_2012-2025,A4_mun_2012-2025_unico_c677_m0.25_r1.25_e1.6_s0_u0.1,"brecha=P-c(1+m)-S/e; clases 1-4,9",2021,2026,703,,,,,,,"clases={""1"": 322, ""2"": 32, ""3"": 7, ""4"": 332, ""9"": 10}"
A4_mun_2012-2025,A4_mun_2012-2025_unico_c677_m0.25_r1.25_e1.6_s0_u0.25,"brecha=P-c(1+m)-S/e; clases 1-4,9",2021,2026,703,,,,,,,"clases={""1"": 315, ""2"": 39, ""3"": 7, ""4"": 332, ""9"": 10}"
A4_mun_2012-2025,A4_mun_2012-2025_unico_c677_m0.25_r1.25_e1.6_s1_u0.0,"brecha=P-c(1+m)-S/e; clases 1-4,9",2021,2026,703,,,,,,,"clases={""1"": 328, ""2"": 25, ""3"": 8, ""4"": 332, ""9"": 10}"
A4_mun_2012-2025,A4_mun_2012-2025_unico_c677_m0.25_r1.25_e1.6_s1_u0.1,"brecha=P-c(1+m)-S/e; clases 1-4,9",2021,2026,703,,,,,,,"clases={""1"": 321, ""2"": 32, ""3"": 8, ""4"": 332, ""9"": 10}"
A4_mun_2012-2025,A4_mun_2012-2025_unico_c677_m0.25_r1.25_e1.6_s1_u0.25,"brecha=P-c(1+m)-S/e; clases 1-4,9",2021,2026,703,,,,,,,"clases={""1"": 314, ""2"": 39, ""3"": 8, ""4"": 332, ""9"": 10}"
A4_mun_2012-2025,A4_mun_2012-2025_unico_c677_m0.25_r1.5_e0.8_s0_u0.0,"brecha=P-c(1+m)-S/e; clases 1-4,9",2021,2026,703,,,,,,,"clases={""1"": 328, ""2"": 22, ""3"": 11, ""4"": 332, ""9"": 10}"
A4_mun_2012-2025,A4_mun_2012-2025_unico_c677_m0.25_r1.5_e0.8_s0_u0.1,"brecha=P-c(1+m)-S/e; clases 1-4,9",2021,2026,703,,,,,,,"clases={""1"": 321, ""2"": 29, ""3"": 11, ""4"": 332, ""9"": 10}"
A4_mun_2012-2025,A4_mun_2012-2025_unico_c677_m0.25_r1.5_e0.8_s0_u0.25,"brecha=P-c(1+m)-S/e; clases 1-4,9",2021,2026,703,,,,,,,"clases={""1"": 318, ""2"": 32, ""3"": 11, ""4"": 332, ""9"": 10}"
A4_mun_2012-2025,A4_mun_2012-2025_unico_c677_m0.25_r1.5_e0.8_s1_u0.0,"brecha=P-c(1+m)-S/e; clases 1-4,9",2021,2026,703,,,,,,,"clases={""1"": 327, ""2"": 21, ""3"": 13, ""4"": 332, ""9"": 10}"
A4_mun_2012-2025,A4_mun_2012-2025_unico_c677_m0.25_r1.5_e0.8_s1_u0.1,"brecha=P-c(1+m)-S/e; clases 1-4,9",2021,2026,703,,,,,,,"clases={""1"": 320, ""2"": 28, ""3"": 13, ""4"": 332, ""9"": 10}"
A4_mun_2012-2025,A4_mun_2012-2025_unico_c677_m0.25_r1.5_e0.8_s1_u0.25,"brecha=P-c(1+m)-S/e; clases 1-4,9",2021,2026,703,,,,,,,"clases={""1"": 317, ""2"": 31, ""3"": 13, ""4"": 332, ""9"": 10}"
A4_mun_2012-2025,A4_mun_2012-2025_unico_c677_m0.25_r1.5_e1.2_s0_u0.0,"brecha=P-c(1+m)-S/e; clases 1-4,9",2021,2026,703,,,,,,,"clases={""1"": 327, ""2"": 24, ""3"": 10, ""4"": 332, ""9"": 10}"
A4_mun_2012-2025,A4_mun_2012-2025_unico_c677_m0.25_r1.5_e1.2_s0_u0.1,"brecha=P-c(1+m)-S/e; clases 1-4,9",2021,2026,703,,,,,,,"clases={""1"": 320, ""2"": 31, ""3"": 10, ""4"": 332, ""9"": 10}"
A4_mun_2012-2025,A4_mun_2012-2025_unico_c677_m0.25_r1.5_e1.2_s0_u0.25,"brecha=P-c(1+m)-S/e; clases 1-4,9",2021,2026,703,,,,,,,"clases={""1"": 313, ""2"": 38, ""3"": 10, ""4"": 332, ""9"": 10}"
A4_mun_2012-2025,A4_mun_2012-2025_unico_c677_m0.25_r1.5_e1.2_s1_u0.0,"brecha=P-c(1+m)-S/e; clases 1-4,9",2021,2026,703,,,,,,,"clases={""1"": 327, ""2"": 24, ""3"": 10, ""4"": 332, ""9"": 10}"
A4_mun_2012-2025,A4_mun_2012-2025_unico_c677_m0.25_r1.5_e1.2_s1_u0.1,"brecha=P-c(1+m)-S/e; clases 1-4,9",2021,2026,703,,,,,,,"clases={""1"": 320, ""2"": 31, ""3"": 10, ""4"": 332, ""9"": 10}"
A4_mun_2012-2025,A4_mun_2012-2025_unico_c677_m0.25_r1.5_e1.2_s1_u0.25,"brecha=P-c(1+m)-S/e; clases 1-4,9",2021,2026,703,,,,,,,"clases={""1"": 313, ""2"": 38, ""3"": 10, ""4"": 332, ""9"": 10}"
A4_mun_2012-2025,A4_mun_2012-2025_unico_c677_m0.25_r1.5_e1.6_s0_u0.0,"brecha=P-c(1+m)-S/e; clases 1-4,9",2021,2026,703,,,,,,,"clases={""1"": 330, ""2"": 24, ""3"": 7, ""4"": 332, ""9"": 10}"
A4_mun_2012-2025,A4_mun_2012-2025_unico_c677_m0.25_r1.5_e1.6_s0_u0.1,"brecha=P-c(1+m)-S/e; clases 1-4,9",2021,2026,703,,,,,,,"clases={""1"": 323, ""2"": 31, ""3"": 7, ""4"": 332, ""9"": 10}"
A4_mun_2012-2025,A4_mun_2012-2025_unico_c677_m0.25_r1.5_e1.6_s0_u0.25,"brecha=P-c(1+m)-S/e; clases 1-4,9",2021,2026,703,,,,,,,"clases={""1"": 316, ""2"": 38, ""3"": 7, ""4"": 332, ""9"": 10}"
A4_mun_2012-2025,A4_mun_2012-2025_unico_c677_m0.25_r1.5_e1.6_s1_u0.0,"brecha=P-c(1+m)-S/e; clases 1-4,9",2021,2026,703,,,,,,,"clases={""1"": 329, ""2"": 24, ""3"": 8, ""4"": 332, ""9"": 10}"
A4_mun_2012-2025,A4_mun_2012-2025_unico_c677_m0.25_r1.5_e1.6_s1_u0.1,"brecha=P-c(1+m)-S/e; clases 1-4,9",2021,2026,703,,,,,,,"clases={""1"": 322, ""2"": 31, ""3"": 8, ""4"": 332, ""9"": 10}"
A4_mun_2012-2025,A4_mun_2012-2025_unico_c677_m0.25_r1.5_e1.6_s1_u0.25,"brecha=P-c(1+m)-S/e; clases 1-4,9",2021,2026,703,,,,,,,"clases={""1"": 315, ""2"": 38, ""3"": 8, ""4"": 332, ""9"": 10}"
A4_mun_2012-2025,A4_mun_2012-2025_unico_c805_m0.15_r1.25_e0.8_s0_u0.0,"brecha=P-c(1+m)-S/e; clases 1-4,9",2021,2026,703,,,,,,,"clases={""1"": 323, ""2"": 24, ""3"": 14, ""4"": 332, ""9"": 10}"
A4_mun_2012-2025,A4_mun_2012-2025_unico_c805_m0.15_r1.25_e0.8_s0_u0.1,"brecha=P-c(1+m)-S/e; clases 1-4,9",2021,2026,703,,,,,,,"clases={""1"": 316, ""2"": 31, ""3"": 14, ""4"": 332, ""9"": 10}"
A4_mun_2012-2025,A4_mun_2012-2025_unico_c805_m0.15_r1.25_e0.8_s0_u0.25,"brecha=P-c(1+m)-S/e; clases 1-4,9",2021,2026,703,,,,,,,"clases={""1"": 313, ""2"": 34, ""3"": 14, ""4"": 332, ""9"": 10}"
A4_mun_2012-2025,A4_mun_2012-2025_unico_c805_m0.15_r1.25_e0.8_s1_u0.0,"brecha=P-c(1+m)-S/e; clases 1-4,9",2021,2026,703,,,,,,,"clases={""1"": 321, ""2"": 24, ""3"": 16, ""4"": 332, ""9"": 10}"
A4_mun_2012-2025,A4_mun_2012-2025_unico_c805_m0.15_r1.25_e0.8_s1_u0.1,"brecha=P-c(1+m)-S/e; clases 1-4,9",2021,2026,703,,,,,,,"clases={""1"": 314, ""2"": 31, ""3"": 16, ""4"": 332, ""9"": 10}"
A4_mun_2012-2025,A4_mun_2012-2025_unico_c805_m0.15_r1.25_e0.8_s1_u0.25,"brecha=P-c(1+m)-S/e; clases 1-4,9",2021,2026,703,,,,,,,"clases={""1"": 311, ""2"": 34, ""3"": 16, ""4"": 332, ""9"": 10}"
A4_mun_2012-2025,A4_mun_2012-2025_unico_c805_m0.15_r1.25_e1.2_s0_u0.0,"brecha=P-c(1+m)-S/e; clases 1-4,9",2021,2026,703,,,,,,,"clases={""1"": 326, ""2"": 24, ""3"": 11, ""4"": 332, ""9"": 10}"
A4_mun_2012-2025,A4_mun_2012-2025_unico_c805_m0.15_r1.25_e1.2_s0_u0.1,"brecha=P-c(1+m)-S/e; clases 1-4,9",2021,2026,703,,,,,,,"clases={""1"": 319, ""2"": 31, ""3"": 11, ""4"": 332, ""9"": 10}"
A4_mun_2012-2025,A4_mun_2012-2025_unico_c805_m0.15_r1.25_e1.2_s0_u0.25,"brecha=P-c(1+m)-S/e; clases 1-4,9",2021,2026,703,,,,,,,"clases={""1"": 312, ""2"": 38, ""3"": 11, ""4"": 332, ""9"": 10}"
A4_mun_2012-2025,A4_mun_2012-2025_unico_c805_m0.15_r1.25_e1.2_s1_u0.0,"brecha=P-c(1+m)-S/e; clases 1-4,9",2021,2026,703,,,,,,,"clases={""1"": 324, ""2"": 24, ""3"": 13, ""4"": 332, ""9"": 10}"
A4_mun_2012-2025,A4_mun_2012-2025_unico_c805_m0.15_r1.25_e1.2_s1_u0.1,"brecha=P-c(1+m)-S/e; clases 1-4,9",2021,2026,703,,,,,,,"clases={""1"": 317, ""2"": 31, ""3"": 13, ""4"": 332, ""9"": 10}"
A4_mun_2012-2025,A4_mun_2012-2025_unico_c805_m0.15_r1.25_e1.2_s1_u0.25,"brecha=P-c(1+m)-S/e; clases 1-4,9",2021,2026,703,,,,,,,"clases={""1"": 310, ""2"": 38, ""3"": 13, ""4"": 332, ""9"": 10}"
A4_mun_2012-2025,A4_mun_2012-2025_unico_c805_m0.15_r1.25_e1.6_s0_u0.0,"brecha=P-c(1+m)-S/e; clases 1-4,9",2021,2026,703,,,,,,,"clases={""1"": 326, ""2"": 24, ""3"": 11, ""4"": 332, ""9"": 10}"
A4_mun_2012-2025,A4_mun_2012-2025_unico_c805_m0.15_r1.25_e1.6_s0_u0.1,"brecha=P-c(1+m)-S/e; clases 1-4,9",2021,2026,703,,,,,,,"clases={""1"": 319, ""2"": 31, ""3"": 11, ""4"": 332, ""9"": 10}"
A4_mun_2012-2025,A4_mun_2012-2025_unico_c805_m0.15_r1.25_e1.6_s0_u0.25,"brecha=P-c(1+m)-S/e; clases 1-4,9",2021,2026,703,,,,,,,"clases={""1"": 312, ""2"": 38, ""3"": 11, ""4"": 332, ""9"": 10}"
A4_mun_2012-2025,A4_mun_2012-2025_unico_c805_m0.15_r1.25_e1.6_s1_u0.0,"brecha=P-c(1+m)-S/e; clases 1-4,9",2021,2026,703,,,,,,,"clases={""1"": 326, ""2"": 24, ""3"": 11, ""4"": 332, ""9"": 10}"
A4_mun_2012-2025,A4_mun_2012-2025_unico_c805_m0.15_r1.25_e1.6_s1_u0.1,"brecha=P-c(1+m)-S/e; clases 1-4,9",2021,2026,703,,,,,,,"clases={""1"": 319, ""2"": 31, ""3"": 11, ""4"": 332, ""9"": 10}"
A4_mun_2012-2025,A4_mun_2012-2025_unico_c805_m0.15_r1.25_e1.6_s1_u0.25,"brecha=P-c(1+m)-S/e; clases 1-4,9",2021,2026,703,,,,,,,"clases={""1"": 312, ""2"": 38, ""3"": 11, ""4"": 332, ""9"": 10}"
A4_mun_2012-2025,A4_mun_2012-2025_unico_c805_m0.15_r1.5_e0.8_s0_u0.0,"brecha=P-c(1+m)-S/e; clases 1-4,9",2021,2026,703,,,,,,,"clases={""1"": 326, ""2"": 21, ""3"": 14, ""4"": 332, ""9"": 10}"
A4_mun_2012-2025,A4_mun_2012-2025_unico_c805_m0.15_r1.5_e0.8_s0_u0.1,"brecha=P-c(1+m)-S/e; clases 1-4,9",2021,2026,703,,,,,,,"clases={""1"": 319, ""2"": 28, ""3"": 14, ""4"": 332, ""9"": 10}"
A4_mun_2012-2025,A4_mun_2012-2025_unico_c805_m0.15_r1.5_e0.8_s0_u0.25,"brecha=P-c(1+m)-S/e; clases 1-4,9",2021,2026,703,,,,,,,"clases={""1"": 316, ""2"": 31, ""3"": 14, ""4"": 332, ""9"": 10}"
A4_mun_2012-2025,A4_mun_2012-2025_unico_c805_m0.15_r1.5_e0.8_s1_u0.0,"brecha=P-c(1+m)-S/e; clases 1-4,9",2021,2026,703,,,,,,,"clases={""1"": 324, ""2"": 21, ""3"": 16, ""4"": 332, ""9"": 10}"
A4_mun_2012-2025,A4_mun_2012-2025_unico_c805_m0.15_r1.5_e0.8_s1_u0.1,"brecha=P-c(1+m)-S/e; clases 1-4,9",2021,2026,703,,,,,,,"clases={""1"": 317, ""2"": 28, ""3"": 16, ""4"": 332, ""9"": 10}"
A4_mun_2012-2025,A4_mun_2012-2025_unico_c805_m0.15_r1.5_e0.8_s1_u0.25,"brecha=P-c(1+m)-S/e; clases 1-4,9",2021,2026,703,,,,,,,"clases={""1"": 314, ""2"": 31, ""3"": 16, ""4"": 332, ""9"": 10}"
A4_mun_2012-2025,A4_mun_2012-2025_unico_c805_m0.15_r1.5_e1.2_s0_u0.0,"brecha=P-c(1+m)-S/e; clases 1-4,9",2021,2026,703,,,,,,,"clases={""1"": 328, ""2"": 22, ""3"": 11, ""4"": 332, ""9"": 10}"
A4_mun_2012-2025,A4_mun_2012-2025_unico_c805_m0.15_r1.5_e1.2_s0_u0.1,"brecha=P-c(1+m)-S/e; clases 1-4,9",2021,2026,703,,,,,,,"clases={""1"": 321, ""2"": 29, ""3"": 11, ""4"": 332, ""9"": 10}"
A4_mun_2012-2025,A4_mun_2012-2025_unico_c805_m0.15_r1.5_e1.2_s0_u0.25,"brecha=P-c(1+m)-S/e; clases 1-4,9",2021,2026,703,,,,,,,"clases={""1"": 318, ""2"": 32, ""3"": 11, ""4"": 332, ""9"": 10}"
A4_mun_2012-2025,A4_mun_2012-2025_unico_c805_m0.15_r1.5_e1.2_s1_u0.0,"brecha=P-c(1+m)-S/e; clases 1-4,9",2021,2026,703,,,,,,,"clases={""1"": 327, ""2"": 21, ""3"": 13, ""4"": 332, ""9"": 10}"
A4_mun_2012-2025,A4_mun_2012-2025_unico_c805_m0.15_r1.5_e1.2_s1_u0.1,"brecha=P-c(1+m)-S/e; clases 1-4,9",2021,2026,703,,,,,,,"clases={""1"": 320, ""2"": 28, ""3"": 13, ""4"": 332, ""9"": 10}"
A4_mun_2012-2025,A4_mun_2012-2025_unico_c805_m0.15_r1.5_e1.2_s1_u0.25,"brecha=P-c(1+m)-S/e; clases 1-4,9",2021,2026,703,,,,,,,"clases={""1"": 317, ""2"": 31, ""3"": 13, ""4"": 332, ""9"": 10}"
A4_mun_2012-2025,A4_mun_2012-2025_unico_c805_m0.15_r1.5_e1.6_s0_u0.0,"brecha=P-c(1+m)-S/e; clases 1-4,9",2021,2026,703,,,,,,,"clases={""1"": 328, ""2"": 22, ""3"": 11, ""4"": 332, ""9"": 10}"
A4_mun_2012-2025,A4_mun_2012-2025_unico_c805_m0.15_r1.5_e1.6_s0_u0.1,"brecha=P-c(1+m)-S/e; clases 1-4,9",2021,2026,703,,,,,,,"clases={""1"": 321, ""2"": 29, ""3"": 11, ""4"": 332, ""9"": 10}"
A4_mun_2012-2025,A4_mun_2012-2025_unico_c805_m0.15_r1.5_e1.6_s0_u0.25,"brecha=P-c(1+m)-S/e; clases 1-4,9",2021,2026,703,,,,,,,"clases={""1"": 318, ""2"": 32, ""3"": 11, ""4"": 332, ""9"": 10}"
A4_mun_2012-2025,A4_mun_2012-2025_unico_c805_m0.15_r1.5_e1.6_s1_u0.0,"brecha=P-c(1+m)-S/e; clases 1-4,9",2021,2026,703,,,,,,,"clases={""1"": 328, ""2"": 22, ""3"": 11, ""4"": 332, ""9"": 10}"
A4_mun_2012-2025,A4_mun_2012-2025_unico_c805_m0.15_r1.5_e1.6_s1_u0.1,"brecha=P-c(1+m)-S/e; clases 1-4,9",2021,2026,703,,,,,,,"clases={""1"": 321, ""2"": 29, ""3"": 11, ""4"": 332, ""9"": 10}"
A4_mun_2012-2025,A4_mun_2012-2025_unico_c805_m0.15_r1.5_e1.6_s1_u0.25,"brecha=P-c(1+m)-S/e; clases 1-4,9",2021,2026,703,,,,,,,"clases={""1"": 318, ""2"": 32, ""3"": 11, ""4"": 332, ""9"": 10}"
A4_mun_2012-2025,A4_mun_2012-2025_unico_c805_m0.2_r1.25_e0.8_s0_u0.0,"brecha=P-c(1+m)-S/e; clases 1-4,9",2021,2026,703,,,,,,,"clases={""1"": 316, ""2"": 24, ""3"": 21, ""4"": 332, ""9"": 10}"
A4_mun_2012-2025,A4_mun_2012-2025_unico_c805_m0.2_r1.25_e0.8_s0_u0.1,"brecha=P-c(1+m)-S/e; clases 1-4,9",2021,2026,703,,,,,,,"clases={""1"": 309, ""2"": 31, ""3"": 21, ""4"": 332, ""9"": 10}"
A4_mun_2012-2025,A4_mun_2012-2025_unico_c805_m0.2_r1.25_e0.8_s0_u0.25,"brecha=P-c(1+m)-S/e; clases 1-4,9",2021,2026,703,,,,,,,"clases={""1"": 306, ""2"": 34, ""3"": 21, ""4"": 332, ""9"": 10}"
A4_mun_2012-2025,A4_mun_2012-2025_unico_c805_m0.2_r1.25_e0.8_s1_u0.0,"brecha=P-c(1+m)-S/e; clases 1-4,9",2021,2026,703,,,,,,,"clases={""1"": 315, ""2"": 24, ""3"": 22, ""4"": 332, ""9"": 10}"
A4_mun_2012-2025,A4_mun_2012-2025_unico_c805_m0.2_r1.25_e0.8_s1_u0.1,"brecha=P-c(1+m)-S/e; clases 1-4,9",2021,2026,703,,,,,,,"clases={""1"": 308, ""2"": 31, ""3"": 22, ""4"": 332, ""9"": 10}"
A4_mun_2012-2025,A4_mun_2012-2025_unico_c805_m0.2_r1.25_e0.8_s1_u0.25,"brecha=P-c(1+m)-S/e; clases 1-4,9",2021,2026,703,,,,,,,"clases={""1"": 305, ""2"": 34, ""3"": 22, ""4"": 332, ""9"": 10}"
A4_mun_2012-2025,A4_mun_2012-2025_unico_c805_m0.2_r1.25_e1.2_s0_u0.0,"brecha=P-c(1+m)-S/e; clases 1-4,9",2021,2026,703,,,,,,,"clases={""1"": 324, ""2"": 24, ""3"": 13, ""4"": 332, ""9"": 10}"
A4_mun_2012-2025,A4_mun_2012-2025_unico_c805_m0.2_r1.25_e1.2_s0_u0.1,"brecha=P-c(1+m)-S/e; clases 1-4,9",2021,2026,703,,,,,,,"clases={""1"": 317, ""2"": 31, ""3"": 13, ""4"": 332, ""9"": 10}"
A4_mun_2012-2025,A4_mun_2012-2025_unico_c805_m0.2_r1.25_e1.2_s0_u0.25,"brecha=P-c(1+m)-S/e; clases 1-4,9",2021,2026,703,,,,,,,"clases={""1"": 310, ""2"": 38, ""3"": 13, ""4"": 332, ""9"": 10}"
A4_mun_2012-2025,A4_mun_2012-2025_unico_c805_m0.2_r1.25_e1.2_s1_u0.0,"brecha=P-c(1+m)-S/e; clases 1-4,9",2021,2026,703,,,,,,,"clases={""1"": 322, ""2"": 24, ""3"": 15, ""4"": 332, ""9"": 10}"
A4_mun_2012-2025,A4_mun_2012-2025_unico_c805_m0.2_r1.25_e1.2_s1_u0.1,"brecha=P-c(1+m)-S/e; clases 1-4,9",2021,2026,703,,,,,,,"clases={""1"": 315, ""2"": 31, ""3"": 15, ""4"": 332, ""9"": 10}"
A4_mun_2012-2025,A4_mun_2012-2025_unico_c805_m0.2_r1.25_e1.2_s1_u0.25,"brecha=P-c(1+m)-S/e; clases 1-4,9",2021,2026,703,,,,,,,"clases={""1"": 308, ""2"": 38, ""3"": 15, ""4"": 332, ""9"": 10}"
A4_mun_2012-2025,A4_mun_2012-2025_unico_c805_m0.2_r1.25_e1.6_s0_u0.0,"brecha=P-c(1+m)-S/e; clases 1-4,9",2021,2026,703,,,,,,,"clases={""1"": 325, ""2"": 24, ""3"": 12, ""4"": 332, ""9"": 10}"
A4_mun_2012-2025,A4_mun_2012-2025_unico_c805_m0.2_r1.25_e1.6_s0_u0.1,"brecha=P-c(1+m)-S/e; clases 1-4,9",2021,2026,703,,,,,,,"clases={""1"": 318, ""2"": 31, ""3"": 12, ""4"": 332, ""9"": 10}"
A4_mun_2012-2025,A4_mun_2012-2025_unico_c805_m0.2_r1.25_e1.6_s0_u0.25,"brecha=P-c(1+m)-S/e; clases 1-4,9",2021,2026,703,,,,,,,"clases={""1"": 311, ""2"": 38, ""3"": 12, ""4"": 332, ""9"": 10}"
A4_mun_2012-2025,A4_mun_2012-2025_unico_c805_m0.2_r1.25_e1.6_s1_u0.0,"brecha=P-c(1+m)-S/e; clases 1-4,9",2021,2026,703,,,,,,,"clases={""1"": 323, ""2"": 24, ""3"": 14, ""4"": 332, ""9"": 10}"
A4_mun_2012-2025,A4_mun_2012-2025_unico_c805_m0.2_r1.25_e1.6_s1_u0.1,"brecha=P-c(1+m)-S/e; clases 1-4,9",2021,2026,703,,,,,,,"clases={""1"": 316, ""2"": 31, ""3"": 14, ""4"": 332, ""9"": 10}"
A4_mun_2012-2025,A4_mun_2012-2025_unico_c805_m0.2_r1.25_e1.6_s1_u0.25,"brecha=P-c(1+m)-S/e; clases 1-4,9",2021,2026,703,,,,,,,"clases={""1"": 309, ""2"": 38, ""3"": 14, ""4"": 332, ""9"": 10}"
A4_mun_2012-2025,A4_mun_2012-2025_unico_c805_m0.2_r1.5_e0.8_s0_u0.0,"brecha=P-c(1+m)-S/e; clases 1-4,9",2021,2026,703,,,,,,,"clases={""1"": 319, ""2"": 21, ""3"": 21, ""4"": 332, ""9"": 10}"
A4_mun_2012-2025,A4_mun_2012-2025_unico_c805_m0.2_r1.5_e0.8_s0_u0.1,"brecha=P-c(1+m)-S/e; clases 1-4,9",2021,2026,703,,,,,,,"clases={""1"": 312, ""2"": 28, ""3"": 21, ""4"": 332, ""9"": 10}"
A4_mun_2012-2025,A4_mun_2012-2025_unico_c805_m0.2_r1.5_e0.8_s0_u0.25,"brecha=P-c(1+m)-S/e; clases 1-4,9",2021,2026,703,,,,,,,"clases={""1"": 309, ""2"": 31, ""3"": 21, ""4"": 332, ""9"": 10}"
A4_mun_2012-2025,A4_mun_2012-2025_unico_c805_m0.2_r1.5_e0.8_s1_u0.0,"brecha=P-c(1+m)-S/e; clases 1-4,9",2021,2026,703,,,,,,,"clases={""1"": 318, ""2"": 21, ""3"": 22, ""4"": 332, ""9"": 10}"
A4_mun_2012-2025,A4_mun_2012-2025_unico_c805_m0.2_r1.5_e0.8_s1_u0.1,"brecha=P-c(1+m)-S/e; clases 1-4,9",2021,2026,703,,,,,,,"clases={""1"": 311, ""2"": 28, ""3"": 22, ""4"": 332, ""9"": 10}"
A4_mun_2012-2025,A4_mun_2012-2025_unico_c805_m0.2_r1.5_e0.8_s1_u0.25,"brecha=P-c(1+m)-S/e; clases 1-4,9",2021,2026,703,,,,,,,"clases={""1"": 308, ""2"": 31, ""3"": 22, ""4"": 332, ""9"": 10}"
A4_mun_2012-2025,A4_mun_2012-2025_unico_c805_m0.2_r1.5_e1.2_s0_u0.0,"brecha=P-c(1+m)-S/e; clases 1-4,9",2021,2026,703,,,,,,,"clases={""1"": 326, ""2"": 22, ""3"": 13, ""4"": 332, ""9"": 10}"
A4_mun_2012-2025,A4_mun_2012-2025_unico_c805_m0.2_r1.5_e1.2_s0_u0.1,"brecha=P-c(1+m)-S/e; clases 1-4,9",2021,2026,703,,,,,,,"clases={""1"": 319, ""2"": 29, ""3"": 13, ""4"": 332, ""9"": 10}"
A4_mun_2012-2025,A4_mun_2012-2025_unico_c805_m0.2_r1.5_e1.2_s0_u0.25,"brecha=P-c(1+m)-S/e; clases 1-4,9",2021,2026,703,,,,,,,"clases={""1"": 316, ""2"": 32, ""3"": 13, ""4"": 332, ""9"": 10}"
A4_mun_2012-2025,A4_mun_2012-2025_unico_c805_m0.2_r1.5_e1.2_s1_u0.0,"brecha=P-c(1+m)-S/e; clases 1-4,9",2021,2026,703,,,,,,,"clases={""1"": 325, ""2"": 21, ""3"": 15, ""4"": 332, ""9"": 10}"
A4_mun_2012-2025,A4_mun_2012-2025_unico_c805_m0.2_r1.5_e1.2_s1_u0.1,"brecha=P-c(1+m)-S/e; clases 1-4,9",2021,2026,703,,,,,,,"clases={""1"": 318, ""2"": 28, ""3"": 15, ""4"": 332, ""9"": 10}"
A4_mun_2012-2025,A4_mun_2012-2025_unico_c805_m0.2_r1.5_e1.2_s1_u0.25,"brecha=P-c(1+m)-S/e; clases 1-4,9",2021,2026,703,,,,,,,"clases={""1"": 315, ""2"": 31, ""3"": 15, ""4"": 332, ""9"": 10}"
A4_mun_2012-2025,A4_mun_2012-2025_unico_c805_m0.2_r1.5_e1.6_s0_u0.0,"brecha=P-c(1+m)-S/e; clases 1-4,9",2021,2026,703,,,,,,,"clases={""1"": 327, ""2"": 22, ""3"": 12, ""4"": 332, ""9"": 10}"
A4_mun_2012-2025,A4_mun_2012-2025_unico_c805_m0.2_r1.5_e1.6_s0_u0.1,"brecha=P-c(1+m)-S/e; clases 1-4,9",2021,2026,703,,,,,,,"clases={""1"": 320, ""2"": 29, ""3"": 12, ""4"": 332, ""9"": 10}"
A4_mun_2012-2025,A4_mun_2012-2025_unico_c805_m0.2_r1.5_e1.6_s0_u0.25,"brecha=P-c(1+m)-S/e; clases 1-4,9",2021,2026,703,,,,,,,"clases={""1"": 317, ""2"": 32, ""3"": 12, ""4"": 332, ""9"": 10}"
A4_mun_2012-2025,A4_mun_2012-2025_unico_c805_m0.2_r1.5_e1.6_s1_u0.0,"brecha=P-c(1+m)-S/e; clases 1-4,9",2021,2026,703,,,,,,,"clases={""1"": 325, ""2"": 22, ""3"": 14, ""4"": 332, ""9"": 10}"
A4_mun_2012-2025,A4_mun_2012-2025_unico_c805_m0.2_r1.5_e1.6_s1_u0.1,"brecha=P-c(1+m)-S/e; clases 1-4,9",2021,2026,703,,,,,,,"clases={""1"": 318, ""2"": 29, ""3"": 14, ""4"": 332, ""9"": 10}"
A4_mun_2012-2025,A4_mun_2012-2025_unico_c805_m0.2_r1.5_e1.6_s1_u0.25,"brecha=P-c(1+m)-S/e; clases 1-4,9",2021,2026,703,,,,,,,"clases={""1"": 315, ""2"": 32, ""3"": 14, ""4"": 332, ""9"": 10}"
A4_mun_2012-2025,A4_mun_2012-2025_unico_c805_m0.25_r1.25_e0.8_s0_u0.0,"brecha=P-c(1+m)-S/e; clases 1-4,9",2021,2026,703,,,,,,,"clases={""1"": 314, ""2"": 24, ""3"": 23, ""4"": 332, ""9"": 10}"
A4_mun_2012-2025,A4_mun_2012-2025_unico_c805_m0.25_r1.25_e0.8_s0_u0.1,"brecha=P-c(1+m)-S/e; clases 1-4,9",2021,2026,703,,,,,,,"clases={""1"": 307, ""2"": 31, ""3"": 23, ""4"": 332, ""9"": 10}"
A4_mun_2012-2025,A4_mun_2012-2025_unico_c805_m0.25_r1.25_e0.8_s0_u0.25,"brecha=P-c(1+m)-S/e; clases 1-4,9",2021,2026,703,,,,,,,"clases={""1"": 304, ""2"": 34, ""3"": 23, ""4"": 332, ""9"": 10}"
A4_mun_2012-2025,A4_mun_2012-2025_unico_c805_m0.25_r1.25_e0.8_s1_u0.0,"brecha=P-c(1+m)-S/e; clases 1-4,9",2021,2026,703,,,,,,,"clases={""1"": 312, ""2"": 24, ""3"": 25, ""4"": 332, ""9"": 10}"
A4_mun_2012-2025,A4_mun_2012-2025_unico_c805_m0.25_r1.25_e0.8_s1_u0.1,"brecha=P-c(1+m)-S/e; clases 1-4,9",2021,2026,703,,,,,,,"clases={""1"": 305, ""2"": 31, ""3"": 25, ""4"": 332, ""9"": 10}"
A4_mun_2012-2025,A4_mun_2012-2025_unico_c805_m0.25_r1.25_e0.8_s1_u0.25,"brecha=P-c(1+m)-S/e; clases 1-4,9",2021,2026,703,,,,,,,"clases={""1"": 302, ""2"": 34, ""3"": 25, ""4"": 332, ""9"": 10}"
A4_mun_2012-2025,A4_mun_2012-2025_unico_c805_m0.25_r1.25_e1.2_s0_u0.0,"brecha=P-c(1+m)-S/e; clases 1-4,9",2021,2026,703,,,,,,,"clases={""1"": 317, ""2"": 24, ""3"": 20, ""4"": 332, ""9"": 10}"
A4_mun_2012-2025,A4_mun_2012-2025_unico_c805_m0.25_r1.25_e1.2_s0_u0.1,"brecha=P-c(1+m)-S/e; clases 1-4,9",2021,2026,703,,,,,,,"clases={""1"": 310, ""2"": 31, ""3"": 20, ""4"": 332, ""9"": 10}"
A4_mun_2012-2025,A4_mun_2012-2025_unico_c805_m0.25_r1.25_e1.2_s0_u0.25,"brecha=P-c(1+m)-S/e; clases 1-4,9",2021,2026,703,,,,,,,"clases={""1"": 303, ""2"": 38, ""3"": 20, ""4"": 332, ""9"": 10}"
A4_mun_2012-2025,A4_mun_2012-2025_unico_c805_m0.25_r1.25_e1.2_s1_u0.0,"brecha=P-c(1+m)-S/e; clases 1-4,9",2021,2026,703,,,,,,,"clases={""1"": 317, ""2"": 24, ""3"": 20, ""4"": 332, ""9"": 10}"
A4_mun_2012-2025,A4_mun_2012-2025_unico_c805_m0.25_r1.25_e1.2_s1_u0.1,"brecha=P-c(1+m)-S/e; clases 1-4,9",2021,2026,703,,,,,,,"clases={""1"": 310, ""2"": 31, ""3"": 20, ""4"": 332, ""9"": 10}"
A4_mun_2012-2025,A4_mun_2012-2025_unico_c805_m0.25_r1.25_e1.2_s1_u0.25,"brecha=P-c(1+m)-S/e; clases 1-4,9",2021,2026,703,,,,,,,"clases={""1"": 303, ""2"": 38, ""3"": 20, ""4"": 332, ""9"": 10}"
A4_mun_2012-2025,A4_mun_2012-2025_unico_c805_m0.25_r1.25_e1.6_s0_u0.0,"brecha=P-c(1+m)-S/e; clases 1-4,9",2021,2026,703,,,,,,,"clases={""1"": 323, ""2"": 24, ""3"": 14, ""4"": 332, ""9"": 10}"
A4_mun_2012-2025,A4_mun_2012-2025_unico_c805_m0.25_r1.25_e1.6_s0_u0.1,"brecha=P-c(1+m)-S/e; clases 1-4,9",2021,2026,703,,,,,,,"clases={""1"": 316, ""2"": 31, ""3"": 14, ""4"": 332, ""9"": 10}"
A4_mun_2012-2025,A4_mun_2012-2025_unico_c805_m0.25_r1.25_e1.6_s0_u0.25,"brecha=P-c(1+m)-S/e; clases 1-4,9",2021,2026,703,,,,,,,"clases={""1"": 309, ""2"": 38, ""3"": 14, ""4"": 332, ""9"": 10}"
A4_mun_2012-2025,A4_mun_2012-2025_unico_c805_m0.25_r1.25_e1.6_s1_u0.0,"brecha=P-c(1+m)-S/e; clases 1-4,9",2021,2026,703,,,,,,,"clases={""1"": 321, ""2"": 24, ""3"": 16, ""4"": 332, ""9"": 10}"
A4_mun_2012-2025,A4_mun_2012-2025_unico_c805_m0.25_r1.25_e1.6_s1_u0.1,"brecha=P-c(1+m)-S/e; clases 1-4,9",2021,2026,703,,,,,,,"clases={""1"": 314, ""2"": 31, ""3"": 16, ""4"": 332, ""9"": 10}"
A4_mun_2012-2025,A4_mun_2012-2025_unico_c805_m0.25_r1.25_e1.6_s1_u0.25,"brecha=P-c(1+m)-S/e; clases 1-4,9",2021,2026,703,,,,,,,"clases={""1"": 307, ""2"": 38, ""3"": 16, ""4"": 332, ""9"": 10}"
A4_mun_2012-2025,A4_mun_2012-2025_unico_c805_m0.25_r1.5_e0.8_s0_u0.0,"brecha=P-c(1+m)-S/e; clases 1-4,9",2021,2026,703,,,,,,,"clases={""1"": 317, ""2"": 21, ""3"": 23, ""4"": 332, ""9"": 10}"
A4_mun_2012-2025,A4_mun_2012-2025_unico_c805_m0.25_r1.5_e0.8_s0_u0.1,"brecha=P-c(1+m)-S/e; clases 1-4,9",2021,2026,703,,,,,,,"clases={""1"": 310, ""2"": 28, ""3"": 23, ""4"": 332, ""9"": 10}"
A4_mun_2012-2025,A4_mun_2012-2025_unico_c805_m0.25_r1.5_e0.8_s0_u0.25,"brecha=P-c(1+m)-S/e; clases 1-4,9",2021,2026,703,,,,,,,"clases={""1"": 307, ""2"": 31, ""3"": 23, ""4"": 332, ""9"": 10}"
A4_mun_2012-2025,A4_mun_2012-2025_unico_c805_m0.25_r1.5_e0.8_s1_u0.0,"brecha=P-c(1+m)-S/e; clases 1-4,9",2021,2026,703,,,,,,,"clases={""1"": 315, ""2"": 21, ""3"": 25, ""4"": 332, ""9"": 10}"
A4_mun_2012-2025,A4_mun_2012-2025_unico_c805_m0.25_r1.5_e0.8_s1_u0.1,"brecha=P-c(1+m)-S/e; clases 1-4,9",2021,2026,703,,,,,,,"clases={""1"": 308, ""2"": 28, ""3"": 25, ""4"": 332, ""9"": 10}"
A4_mun_2012-2025,A4_mun_2012-2025_unico_c805_m0.25_r1.5_e0.8_s1_u0.25,"brecha=P-c(1+m)-S/e; clases 1-4,9",2021,2026,703,,,,,,,"clases={""1"": 305, ""2"": 31, ""3"": 25, ""4"": 332, ""9"": 10}"
A4_mun_2012-2025,A4_mun_2012-2025_unico_c805_m0.25_r1.5_e1.2_s0_u0.0,"brecha=P-c(1+m)-S/e; clases 1-4,9",2021,2026,703,,,,,,,"clases={""1"": 319, ""2"": 22, ""3"": 20, ""4"": 332, ""9"": 10}"
A4_mun_2012-2025,A4_mun_2012-2025_unico_c805_m0.25_r1.5_e1.2_s0_u0.1,"brecha=P-c(1+m)-S/e; clases 1-4,9",2021,2026,703,,,,,,,"clases={""1"": 312, ""2"": 29, ""3"": 20, ""4"": 332, ""9"": 10}"
A4_mun_2012-2025,A4_mun_2012-2025_unico_c805_m0.25_r1.5_e1.2_s0_u0.25,"brecha=P-c(1+m)-S/e; clases 1-4,9",2021,2026,703,,,,,,,"clases={""1"": 309, ""2"": 32, ""3"": 20, ""4"": 332, ""9"": 10}"
A4_mun_2012-2025,A4_mun_2012-2025_unico_c805_m0.25_r1.5_e1.2_s1_u0.0,"brecha=P-c(1+m)-S/e; clases 1-4,9",2021,2026,703,,,,,,,"clases={""1"": 320, ""2"": 21, ""3"": 20, ""4"": 332, ""9"": 10}"
A4_mun_2012-2025,A4_mun_2012-2025_unico_c805_m0.25_r1.5_e1.2_s1_u0.1,"brecha=P-c(1+m)-S/e; clases 1-4,9",2021,2026,703,,,,,,,"clases={""1"": 313, ""2"": 28, ""3"": 20, ""4"": 332, ""9"": 10}"
A4_mun_2012-2025,A4_mun_2012-2025_unico_c805_m0.25_r1.5_e1.2_s1_u0.25,"brecha=P-c(1+m)-S/e; clases 1-4,9",2021,2026,703,,,,,,,"clases={""1"": 310, ""2"": 31, ""3"": 20, ""4"": 332, ""9"": 10}"
A4_mun_2012-2025,A4_mun_2012-2025_unico_c805_m0.25_r1.5_e1.6_s0_u0.0,"brecha=P-c(1+m)-S/e; clases 1-4,9",2021,2026,703,,,,,,,"clases={""1"": 325, ""2"": 22, ""3"": 14, ""4"": 332, ""9"": 10}"
A4_mun_2012-2025,A4_mun_2012-2025_unico_c805_m0.25_r1.5_e1.6_s0_u0.1,"brecha=P-c(1+m)-S/e; clases 1-4,9",2021,2026,703,,,,,,,"clases={""1"": 318, ""2"": 29, ""3"": 14, ""4"": 332, ""9"": 10}"
A4_mun_2012-2025,A4_mun_2012-2025_unico_c805_m0.25_r1.5_e1.6_s0_u0.25,"brecha=P-c(1+m)-S/e; clases 1-4,9",2021,2026,703,,,,,,,"clases={""1"": 315, ""2"": 32, ""3"": 14, ""4"": 332, ""9"": 10}"
A4_mun_2012-2025,A4_mun_2012-2025_unico_c805_m0.25_r1.5_e1.6_s1_u0.0,"brecha=P-c(1+m)-S/e; clases 1-4,9",2021,2026,703,,,,,,,"clases={""1"": 323, ""2"": 22, ""3"": 16, ""4"": 332, ""9"": 10}"
A4_mun_2012-2025,A4_mun_2012-2025_unico_c805_m0.25_r1.5_e1.6_s1_u0.1,"brecha=P-c(1+m)-S/e; clases 1-4,9",2021,2026,703,,,,,,,"clases={""1"": 316, ""2"": 29, ""3"": 16, ""4"": 332, ""9"": 10}"
A4_mun_2012-2025,A4_mun_2012-2025_unico_c805_m0.25_r1.5_e1.6_s1_u0.25,"brecha=P-c(1+m)-S/e; clases 1-4,9",2021,2026,703,,,,,,,"clases={""1"": 313, ""2"": 32, ""3"": 16, ""4"": 332, ""9"": 10}"
A4_mun_2012-2025,A4_mun_2012-2025_unico_c932_m0.15_r1.25_e0.8_s0_u0.0,"brecha=P-c(1+m)-S/e; clases 1-4,9",2021,2026,703,,,,,,,"clases={""1"": 288, ""2"": 22, ""3"": 51, ""4"": 332, ""9"": 10}"
A4_mun_2012-2025,A4_mun_2012-2025_unico_c932_m0.15_r1.25_e0.8_s0_u0.1,"brecha=P-c(1+m)-S/e; clases 1-4,9",2021,2026,703,,,,,,,"clases={""1"": 281, ""2"": 29, ""3"": 51, ""4"": 332, ""9"": 10}"
A4_mun_2012-2025,A4_mun_2012-2025_unico_c932_m0.15_r1.25_e0.8_s0_u0.25,"brecha=P-c(1+m)-S/e; clases 1-4,9",2021,2026,703,,,,,,,"clases={""1"": 278, ""2"": 32, ""3"": 51, ""4"": 332, ""9"": 10}"
A4_mun_2012-2025,A4_mun_2012-2025_unico_c932_m0.15_r1.25_e0.8_s1_u0.0,"brecha=P-c(1+m)-S/e; clases 1-4,9",2021,2026,703,,,,,,,"clases={""1"": 288, ""2"": 21, ""3"": 52, ""4"": 332, ""9"": 10}"
A4_mun_2012-2025,A4_mun_2012-2025_unico_c932_m0.15_r1.25_e0.8_s1_u0.1,"brecha=P-c(1+m)-S/e; clases 1-4,9",2021,2026,703,,,,,,,"clases={""1"": 281, ""2"": 28, ""3"": 52, ""4"": 332, ""9"": 10}"
A4_mun_2012-2025,A4_mun_2012-2025_unico_c932_m0.15_r1.25_e0.8_s1_u0.25,"brecha=P-c(1+m)-S/e; clases 1-4,9",2021,2026,703,,,,,,,"clases={""1"": 278, ""2"": 31, ""3"": 52, ""4"": 332, ""9"": 10}"
A4_mun_2012-2025,A4_mun_2012-2025_unico_c932_m0.15_r1.25_e1.2_s0_u0.0,"brecha=P-c(1+m)-S/e; clases 1-4,9",2021,2026,703,,,,,,,"clases={""1"": 316, ""2"": 22, ""3"": 23, ""4"": 332, ""9"": 10}"
A4_mun_2012-2025,A4_mun_2012-2025_unico_c932_m0.15_r1.25_e1.2_s0_u0.1,"brecha=P-c(1+m)-S/e; clases 1-4,9",2021,2026,703,,,,,,,"clases={""1"": 309, ""2"": 29, ""3"": 23, ""4"": 332, ""9"": 10}"
A4_mun_2012-2025,A4_mun_2012-2025_unico_c932_m0.15_r1.25_e1.2_s0_u0.25,"brecha=P-c(1+m)-S/e; clases 1-4,9",2021,2026,703,,,,,,,"clases={""1"": 306, ""2"": 32, ""3"": 23, ""4"": 332, ""9"": 10}"
A4_mun_2012-2025,A4_mun_2012-2025_unico_c932_m0.15_r1.25_e1.2_s1_u0.0,"brecha=P-c(1+m)-S/e; clases 1-4,9",2021,2026,703,,,,,,,"clases={""1"": 314, ""2"": 22, ""3"": 25, ""4"": 332, ""9"": 10}"
A4_mun_2012-2025,A4_mun_2012-2025_unico_c932_m0.15_r1.25_e1.2_s1_u0.1,"brecha=P-c(1+m)-S/e; clases 1-4,9",2021,2026,703,,,,,,,"clases={""1"": 307, ""2"": 29, ""3"": 25, ""4"": 332, ""9"": 10}"
A4_mun_2012-2025,A4_mun_2012-2025_unico_c932_m0.15_r1.25_e1.2_s1_u0.25,"brecha=P-c(1+m)-S/e; clases 1-4,9",2021,2026,703,,,,,,,"clases={""1"": 304, ""2"": 32, ""3"": 25, ""4"": 332, ""9"": 10}"
A4_mun_2012-2025,A4_mun_2012-2025_unico_c932_m0.15_r1.25_e1.6_s0_u0.0,"brecha=P-c(1+m)-S/e; clases 1-4,9",2021,2026,703,,,,,,,"clases={""1"": 318, ""2"": 22, ""3"": 21, ""4"": 332, ""9"": 10}"
A4_mun_2012-2025,A4_mun_2012-2025_unico_c932_m0.15_r1.25_e1.6_s0_u0.1,"brecha=P-c(1+m)-S/e; clases 1-4,9",2021,2026,703,,,,,,,"clases={""1"": 311, ""2"": 29, ""3"": 21, ""4"": 332, ""9"": 10}"
A4_mun_2012-2025,A4_mun_2012-2025_unico_c932_m0.15_r1.25_e1.6_s0_u0.25,"brecha=P-c(1+m)-S/e; clases 1-4,9",2021,2026,703,,,,,,,"clases={""1"": 308, ""2"": 32, ""3"": 21, ""4"": 332, ""9"": 10}"
A4_mun_2012-2025,A4_mun_2012-2025_unico_c932_m0.15_r1.25_e1.6_s1_u0.0,"brecha=P-c(1+m)-S/e; clases 1-4,9",2021,2026,703,,,,,,,"clases={""1"": 318, ""2"": 22, ""3"": 21, ""4"": 332, ""9"": 10}"
A4_mun_2012-2025,A4_mun_2012-2025_unico_c932_m0.15_r1.25_e1.6_s1_u0.1,"brecha=P-c(1+m)-S/e; clases 1-4,9",2021,2026,703,,,,,,,"clases={""1"": 311, ""2"": 29, ""3"": 21, ""4"": 332, ""9"": 10}"
A4_mun_2012-2025,A4_mun_2012-2025_unico_c932_m0.15_r1.25_e1.6_s1_u0.25,"brecha=P-c(1+m)-S/e; clases 1-4,9",2021,2026,703,,,,,,,"clases={""1"": 308, ""2"": 32, ""3"": 21, ""4"": 332, ""9"": 10}"
A4_mun_2012-2025,A4_mun_2012-2025_unico_c932_m0.15_r1.5_e0.8_s0_u0.0,"brecha=P-c(1+m)-S/e; clases 1-4,9",2021,2026,703,,,,,,,"clases={""1"": 290, ""2"": 20, ""3"": 51, ""4"": 332, ""9"": 10}"
A4_mun_2012-2025,A4_mun_2012-2025_unico_c932_m0.15_r1.5_e0.8_s0_u0.1,"brecha=P-c(1+m)-S/e; clases 1-4,9",2021,2026,703,,,,,,,"clases={""1"": 283, ""2"": 27, ""3"": 51, ""4"": 332, ""9"": 10}"
A4_mun_2012-2025,A4_mun_2012-2025_unico_c932_m0.15_r1.5_e0.8_s0_u0.25,"brecha=P-c(1+m)-S/e; clases 1-4,9",2021,2026,703,,,,,,,"clases={""1"": 281, ""2"": 29, ""3"": 51, ""4"": 332, ""9"": 10}"
A4_mun_2012-2025,A4_mun_2012-2025_unico_c932_m0.15_r1.5_e0.8_s1_u0.0,"brecha=P-c(1+m)-S/e; clases 1-4,9",2021,2026,703,,,,,,,"clases={""1"": 291, ""2"": 18, ""3"": 52, ""4"": 332, ""9"": 10}"
A4_mun_2012-2025,A4_mun_2012-2025_unico_c932_m0.15_r1.5_e0.8_s1_u0.1,"brecha=P-c(1+m)-S/e; clases 1-4,9",2021,2026,703,,,,,,,"clases={""1"": 284, ""2"": 25, ""3"": 52, ""4"": 332, ""9"": 10}"
A4_mun_2012-2025,A4_mun_2012-2025_unico_c932_m0.15_r1.5_e0.8_s1_u0.25,"brecha=P-c(1+m)-S/e; clases 1-4,9",2021,2026,703,,,,,,,"clases={""1"": 282, ""2"": 27, ""3"": 52, ""4"": 332, ""9"": 10}"
A4_mun_2012-2025,A4_mun_2012-2025_unico_c932_m0.15_r1.5_e1.2_s0_u0.0,"brecha=P-c(1+m)-S/e; clases 1-4,9",2021,2026,703,,,,,,,"clases={""1"": 317, ""2"": 21, ""3"": 23, ""4"": 332, ""9"": 10}"
A4_mun_2012-2025,A4_mun_2012-2025_unico_c932_m0.15_r1.5_e1.2_s0_u0.1,"brecha=P-c(1+m)-S/e; clases 1-4,9",2021,2026,703,,,,,,,"clases={""1"": 310, ""2"": 28, ""3"": 23, ""4"": 332, ""9"": 10}"
A4_mun_2012-2025,A4_mun_2012-2025_unico_c932_m0.15_r1.5_e1.2_s0_u0.25,"brecha=P-c(1+m)-S/e; clases 1-4,9",2021,2026,703,,,,,,,"clases={""1"": 308, ""2"": 30, ""3"": 23, ""4"": 332, ""9"": 10}"
A4_mun_2012-2025,A4_mun_2012-2025_unico_c932_m0.15_r1.5_e1.2_s1_u0.0,"brecha=P-c(1+m)-S/e; clases 1-4,9",2021,2026,703,,,,,,,"clases={""1"": 315, ""2"": 21, ""3"": 25, ""4"": 332, ""9"": 10}"
A4_mun_2012-2025,A4_mun_2012-2025_unico_c932_m0.15_r1.5_e1.2_s1_u0.1,"brecha=P-c(1+m)-S/e; clases 1-4,9",2021,2026,703,,,,,,,"clases={""1"": 308, ""2"": 28, ""3"": 25, ""4"": 332, ""9"": 10}"
A4_mun_2012-2025,A4_mun_2012-2025_unico_c932_m0.15_r1.5_e1.2_s1_u0.25,"brecha=P-c(1+m)-S/e; clases 1-4,9",2021,2026,703,,,,,,,"clases={""1"": 306, ""2"": 30, ""3"": 25, ""4"": 332, ""9"": 10}"
A4_mun_2012-2025,A4_mun_2012-2025_unico_c932_m0.15_r1.5_e1.6_s0_u0.0,"brecha=P-c(1+m)-S/e; clases 1-4,9",2021,2026,703,,,,,,,"clases={""1"": 319, ""2"": 21, ""3"": 21, ""4"": 332, ""9"": 10}"
A4_mun_2012-2025,A4_mun_2012-2025_unico_c932_m0.15_r1.5_e1.6_s0_u0.1,"brecha=P-c(1+m)-S/e; clases 1-4,9",2021,2026,703,,,,,,,"clases={""1"": 312, ""2"": 28, ""3"": 21, ""4"": 332, ""9"": 10}"
A4_mun_2012-2025,A4_mun_2012-2025_unico_c932_m0.15_r1.5_e1.6_s0_u0.25,"brecha=P-c(1+m)-S/e; clases 1-4,9",2021,2026,703,,,,,,,"clases={""1"": 310, ""2"": 30, ""3"": 21, ""4"": 332, ""9"": 10}"
A4_mun_2012-2025,A4_mun_2012-2025_unico_c932_m0.15_r1.5_e1.6_s1_u0.0,"brecha=P-c(1+m)-S/e; clases 1-4,9",2021,2026,703,,,,,,,"clases={""1"": 319, ""2"": 21, ""3"": 21, ""4"": 332, ""9"": 10}"
A4_mun_2012-2025,A4_mun_2012-2025_unico_c932_m0.15_r1.5_e1.6_s1_u0.1,"brecha=P-c(1+m)-S/e; clases 1-4,9",2021,2026,703,,,,,,,"clases={""1"": 312, ""2"": 28, ""3"": 21, ""4"": 332, ""9"": 10}"
A4_mun_2012-2025,A4_mun_2012-2025_unico_c932_m0.15_r1.5_e1.6_s1_u0.25,"brecha=P-c(1+m)-S/e; clases 1-4,9",2021,2026,703,,,,,,,"clases={""1"": 310, ""2"": 30, ""3"": 21, ""4"": 332, ""9"": 10}"
A4_mun_2012-2025,A4_mun_2012-2025_unico_c932_m0.2_r1.25_e0.8_s0_u0.0,"brecha=P-c(1+m)-S/e; clases 1-4,9",2021,2026,703,,,,,,,"clases={""1"": 285, ""2"": 22, ""3"": 54, ""4"": 332, ""9"": 10}"
A4_mun_2012-2025,A4_mun_2012-2025_unico_c932_m0.2_r1.25_e0.8_s0_u0.1,"brecha=P-c(1+m)-S/e; clases 1-4,9",2021,2026,703,,,,,,,"clases={""1"": 278, ""2"": 29, ""3"": 54, ""4"": 332, ""9"": 10}"
A4_mun_2012-2025,A4_mun_2012-2025_unico_c932_m0.2_r1.25_e0.8_s0_u0.25,"brecha=P-c(1+m)-S/e; clases 1-4,9",2021,2026,703,,,,,,,"clases={""1"": 275, ""2"": 32, ""3"": 54, ""4"": 332, ""9"": 10}"
A4_mun_2012-2025,A4_mun_2012-2025_unico_c932_m0.2_r1.25_e0.8_s1_u0.0,"brecha=P-c(1+m)-S/e; clases 1-4,9",2021,2026,703,,,,,,,"clases={""1"": 284, ""2"": 21, ""3"": 56, ""4"": 332, ""9"": 10}"
A4_mun_2012-2025,A4_mun_2012-2025_unico_c932_m0.2_r1.25_e0.8_s1_u0.1,"brecha=P-c(1+m)-S/e; clases 1-4,9",2021,2026,703,,,,,,,"clases={""1"": 277, ""2"": 28, ""3"": 56, ""4"": 332, ""9"": 10}"
A4_mun_2012-2025,A4_mun_2012-2025_unico_c932_m0.2_r1.25_e0.8_s1_u0.25,"brecha=P-c(1+m)-S/e; clases 1-4,9",2021,2026,703,,,,,,,"clases={""1"": 274, ""2"": 31, ""3"": 56, ""4"": 332, ""9"": 10}"
A4_mun_2012-2025,A4_mun_2012-2025_unico_c932_m0.2_r1.25_e1.2_s0_u0.0,"brecha=P-c(1+m)-S/e; clases 1-4,9",2021,2026,703,,,,,,,"clases={""1"": 303, ""2"": 22, ""3"": 36, ""4"": 332, ""9"": 10}"
A4_mun_2012-2025,A4_mun_2012-2025_unico_c932_m0.2_r1.25_e1.2_s0_u0.1,"brecha=P-c(1+m)-S/e; clases 1-4,9",2021,2026,703,,,,,,,"clases={""1"": 296, ""2"": 29, ""3"": 36, ""4"": 332, ""9"": 10}"
A4_mun_2012-2025,A4_mun_2012-2025_unico_c932_m0.2_r1.25_e1.2_s0_u0.25,"brecha=P-c(1+m)-S/e; clases 1-4,9",2021,2026,703,,,,,,,"clases={""1"": 293, ""2"": 32, ""3"": 36, ""4"": 332, ""9"": 10}"
A4_mun_2012-2025,A4_mun_2012-2025_unico_c932_m0.2_r1.25_e1.2_s1_u0.0,"brecha=P-c(1+m)-S/e; clases 1-4,9",2021,2026,703,,,,,,,"clases={""1"": 303, ""2"": 22, ""3"": 36, ""4"": 332, ""9"": 10}"
A4_mun_2012-2025,A4_mun_2012-2025_unico_c932_m0.2_r1.25_e1.2_s1_u0.1,"brecha=P-c(1+m)-S/e; clases 1-4,9",2021,2026,703,,,,,,,"clases={""1"": 296, ""2"": 29, ""3"": 36, ""4"": 332, ""9"": 10}"
A4_mun_2012-2025,A4_mun_2012-2025_unico_c932_m0.2_r1.25_e1.2_s1_u0.25,"brecha=P-c(1+m)-S/e; clases 1-4,9",2021,2026,703,,,,,,,"clases={""1"": 293, ""2"": 32, ""3"": 36, ""4"": 332, ""9"": 10}"
A4_mun_2012-2025,A4_mun_2012-2025_unico_c932_m0.2_r1.25_e1.6_s0_u0.0,"brecha=P-c(1+m)-S/e; clases 1-4,9",2021,2026,703,,,,,,,"clases={""1"": 307, ""2"": 22, ""3"": 32, ""4"": 332, ""9"": 10}"
A4_mun_2012-2025,A4_mun_2012-2025_unico_c932_m0.2_r1.25_e1.6_s0_u0.1,"brecha=P-c(1+m)-S/e; clases 1-4,9",2021,2026,703,,,,,,,"clases={""1"": 300, ""2"": 29, ""3"": 32, ""4"": 332, ""9"": 10}"
A4_mun_2012-2025,A4_mun_2012-2025_unico_c932_m0.2_r1.25_e1.6_s0_u0.25,"brecha=P-c(1+m)-S/e; clases 1-4,9",2021,2026,703,,,,,,,"clases={""1"": 297, ""2"": 32, ""3"": 32, ""4"": 332, ""9"": 10}"
A4_mun_2012-2025,A4_mun_2012-2025_unico_c932_m0.2_r1.25_e1.6_s1_u0.0,"brecha=P-c(1+m)-S/e; clases 1-4,9",2021,2026,703,,,,,,,"clases={""1"": 306, ""2"": 22, ""3"": 33, ""4"": 332, ""9"": 10}"
A4_mun_2012-2025,A4_mun_2012-2025_unico_c932_m0.2_r1.25_e1.6_s1_u0.1,"brecha=P-c(1+m)-S/e; clases 1-4,9",2021,2026,703,,,,,,,"clases={""1"": 299, ""2"": 29, ""3"": 33, ""4"": 332, ""9"": 10}"
A4_mun_2012-2025,A4_mun_2012-2025_unico_c932_m0.2_r1.25_e1.6_s1_u0.25,"brecha=P-c(1+m)-S/e; clases 1-4,9",2021,2026,703,,,,,,,"clases={""1"": 296, ""2"": 32, ""3"": 33, ""4"": 332, ""9"": 10}"
A4_mun_2012-2025,A4_mun_2012-2025_unico_c932_m0.2_r1.5_e0.8_s0_u0.0,"brecha=P-c(1+m)-S/e; clases 1-4,9",2021,2026,703,,,,,,,"clases={""1"": 287, ""2"": 20, ""3"": 54, ""4"": 332, ""9"": 10}"
A4_mun_2012-2025,A4_mun_2012-2025_unico_c932_m0.2_r1.5_e0.8_s0_u0.1,"brecha=P-c(1+m)-S/e; clases 1-4,9",2021,2026,703,,,,,,,"clases={""1"": 280, ""2"": 27, ""3"": 54, ""4"": 332, ""9"": 10}"
A4_mun_2012-2025,A4_mun_2012-2025_unico_c932_m0.2_r1.5_e0.8_s0_u0.25,"brecha=P-c(1+m)-S/e; clases 1-4,9",2021,2026,703,,,,,,,"clases={""1"": 278, ""2"": 29, ""3"": 54, ""4"": 332, ""9"": 10}"
A4_mun_2012-2025,A4_mun_2012-2025_unico_c932_m0.2_r1.5_e0.8_s1_u0.0,"brecha=P-c(1+m)-S/e; clases 1-4,9",2021,2026,703,,,,,,,"clases={""1"": 287, ""2"": 18, ""3"": 56, ""4"": 332, ""9"": 10}"
A4_mun_2012-2025,A4_mun_2012-2025_unico_c932_m0.2_r1.5_e0.8_s1_u0.1,"brecha=P-c(1+m)-S/e; clases 1-4,9",2021,2026,703,,,,,,,"clases={""1"": 280, ""2"": 25, ""3"": 56, ""4"": 332, ""9"": 10}"
A4_mun_2012-2025,A4_mun_2012-2025_unico_c932_m0.2_r1.5_e0.8_s1_u0.25,"brecha=P-c(1+m)-S/e; clases 1-4,9",2021,2026,703,,,,,,,"clases={""1"": 278, ""2"": 27, ""3"": 56, ""4"": 332, ""9"": 10}"
A4_mun_2012-2025,A4_mun_2012-2025_unico_c932_m0.2_r1.5_e1.2_s0_u0.0,"brecha=P-c(1+m)-S/e; clases 1-4,9",2021,2026,703,,,,,,,"clases={""1"": 304, ""2"": 21, ""3"": 36, ""4"": 332, ""9"": 10}"
A4_mun_2012-2025,A4_mun_2012-2025_unico_c932_m0.2_r1.5_e1.2_s0_u0.1,"brecha=P-c(1+m)-S/e; clases 1-4,9",2021,2026,703,,,,,,,"clases={""1"": 297, ""2"": 28, ""3"": 36, ""4"": 332, ""9"": 10}"
A4_mun_2012-2025,A4_mun_2012-2025_unico_c932_m0.2_r1.5_e1.2_s0_u0.25,"brecha=P-c(1+m)-S/e; clases 1-4,9",2021,2026,703,,,,,,,"clases={""1"": 295, ""2"": 30, ""3"": 36, ""4"": 332, ""9"": 10}"
A4_mun_2012-2025,A4_mun_2012-2025_unico_c932_m0.2_r1.5_e1.2_s1_u0.0,"brecha=P-c(1+m)-S/e; clases 1-4,9",2021,2026,703,,,,,,,"clases={""1"": 304, ""2"": 21, ""3"": 36, ""4"": 332, ""9"": 10}"
A4_mun_2012-2025,A4_mun_2012-2025_unico_c932_m0.2_r1.5_e1.2_s1_u0.1,"brecha=P-c(1+m)-S/e; clases 1-4,9",2021,2026,703,,,,,,,"clases={""1"": 297, ""2"": 28, ""3"": 36, ""4"": 332, ""9"": 10}"
A4_mun_2012-2025,A4_mun_2012-2025_unico_c932_m0.2_r1.5_e1.2_s1_u0.25,"brecha=P-c(1+m)-S/e; clases 1-4,9",2021,2026,703,,,,,,,"clases={""1"": 295, ""2"": 30, ""3"": 36, ""4"": 332, ""9"": 10}"
A4_mun_2012-2025,A4_mun_2012-2025_unico_c932_m0.2_r1.5_e1.6_s0_u0.0,"brecha=P-c(1+m)-S/e; clases 1-4,9",2021,2026,703,,,,,,,"clases={""1"": 308, ""2"": 21, ""3"": 32, ""4"": 332, ""9"": 10}"
A4_mun_2012-2025,A4_mun_2012-2025_unico_c932_m0.2_r1.5_e1.6_s0_u0.1,"brecha=P-c(1+m)-S/e; clases 1-4,9",2021,2026,703,,,,,,,"clases={""1"": 301, ""2"": 28, ""3"": 32, ""4"": 332, ""9"": 10}"
A4_mun_2012-2025,A4_mun_2012-2025_unico_c932_m0.2_r1.5_e1.6_s0_u0.25,"brecha=P-c(1+m)-S/e; clases 1-4,9",2021,2026,703,,,,,,,"clases={""1"": 299, ""2"": 30, ""3"": 32, ""4"": 332, ""9"": 10}"
A4_mun_2012-2025,A4_mun_2012-2025_unico_c932_m0.2_r1.5_e1.6_s1_u0.0,"brecha=P-c(1+m)-S/e; clases 1-4,9",2021,2026,703,,,,,,,"clases={""1"": 307, ""2"": 21, ""3"": 33, ""4"": 332, ""9"": 10}"
A4_mun_2012-2025,A4_mun_2012-2025_unico_c932_m0.2_r1.5_e1.6_s1_u0.1,"brecha=P-c(1+m)-S/e; clases 1-4,9",2021,2026,703,,,,,,,"clases={""1"": 300, ""2"": 28, ""3"": 33, ""4"": 332, ""9"": 10}"
A4_mun_2012-2025,A4_mun_2012-2025_unico_c932_m0.2_r1.5_e1.6_s1_u0.25,"brecha=P-c(1+m)-S/e; clases 1-4,9",2021,2026,703,,,,,,,"clases={""1"": 298, ""2"": 30, ""3"": 33, ""4"": 332, ""9"": 10}"
A4_mun_2012-2025,A4_mun_2012-2025_unico_c932_m0.25_r1.25_e0.8_s0_u0.0,"brecha=P-c(1+m)-S/e; clases 1-4,9",2021,2026,703,,,,,,,"clases={""1"": 283, ""2"": 22, ""3"": 56, ""4"": 332, ""9"": 10}"
A4_mun_2012-2025,A4_mun_2012-2025_unico_c932_m0.25_r1.25_e0.8_s0_u0.1,"brecha=P-c(1+m)-S/e; clases 1-4,9",2021,2026,703,,,,,,,"clases={""1"": 276, ""2"": 29, ""3"": 56, ""4"": 332, ""9"": 10}"
A4_mun_2012-2025,A4_mun_2012-2025_unico_c932_m0.25_r1.25_e0.8_s0_u0.25,"brecha=P-c(1+m)-S/e; clases 1-4,9",2021,2026,703,,,,,,,"clases={""1"": 273, ""2"": 32, ""3"": 56, ""4"": 332, ""9"": 10}"
A4_mun_2012-2025,A4_mun_2012-2025_unico_c932_m0.25_r1.25_e0.8_s1_u0.0,"brecha=P-c(1+m)-S/e; clases 1-4,9",2021,2026,703,,,,,,,"clases={""1"": 279, ""2"": 21, ""3"": 61, ""4"": 332, ""9"": 10}"
A4_mun_2012-2025,A4_mun_2012-2025_unico_c932_m0.25_r1.25_e0.8_s1_u0.1,"brecha=P-c(1+m)-S/e; clases 1-4,9",2021,2026,703,,,,,,,"clases={""1"": 272, ""2"": 28, ""3"": 61, ""4"": 332, ""9"": 10}"
A4_mun_2012-2025,A4_mun_2012-2025_unico_c932_m0.25_r1.25_e0.8_s1_u0.25,"brecha=P-c(1+m)-S/e; clases 1-4,9",2021,2026,703,,,,,,,"clases={""1"": 269, ""2"": 31, ""3"": 61, ""4"": 332, ""9"": 10}"
A4_mun_2012-2025,A4_mun_2012-2025_unico_c932_m0.25_r1.25_e1.2_s0_u0.0,"brecha=P-c(1+m)-S/e; clases 1-4,9",2021,2026,703,,,,,,,"clases={""1"": 288, ""2"": 22, ""3"": 51, ""4"": 332, ""9"": 10}"
A4_mun_2012-2025,A4_mun_2012-2025_unico_c932_m0.25_r1.25_e1.2_s0_u0.1,"brecha=P-c(1+m)-S/e; clases 1-4,9",2021,2026,703,,,,,,,"clases={""1"": 281, ""2"": 29, ""3"": 51, ""4"": 332, ""9"": 10}"
A4_mun_2012-2025,A4_mun_2012-2025_unico_c932_m0.25_r1.25_e1.2_s0_u0.25,"brecha=P-c(1+m)-S/e; clases 1-4,9",2021,2026,703,,,,,,,"clases={""1"": 278, ""2"": 32, ""3"": 51, ""4"": 332, ""9"": 10}"
A4_mun_2012-2025,A4_mun_2012-2025_unico_c932_m0.25_r1.25_e1.2_s1_u0.0,"brecha=P-c(1+m)-S/e; clases 1-4,9",2021,2026,703,,,,,,,"clases={""1"": 287, ""2"": 22, ""3"": 52, ""4"": 332, ""9"": 10}"
A4_mun_2012-2025,A4_mun_2012-2025_unico_c932_m0.25_r1.25_e1.2_s1_u0.1,"brecha=P-c(1+m)-S/e; clases 1-4,9",2021,2026,703,,,,,,,"clases={""1"": 280, ""2"": 29, ""3"": 52, ""4"": 332, ""9"": 10}"
A4_mun_2012-2025,A4_mun_2012-2025_unico_c932_m0.25_r1.25_e1.2_s1_u0.25,"brecha=P-c(1+m)-S/e; clases 1-4,9",2021,2026,703,,,,,,,"clases={""1"": 277, ""2"": 32, ""3"": 52, ""4"": 332, ""9"": 10}"
A4_mun_2012-2025,A4_mun_2012-2025_unico_c932_m0.25_r1.25_e1.6_s0_u0.0,"brecha=P-c(1+m)-S/e; clases 1-4,9",2021,2026,703,,,,,,,"clases={""1"": 302, ""2"": 22, ""3"": 37, ""4"": 332, ""9"": 10}"
A4_mun_2012-2025,A4_mun_2012-2025_unico_c932_m0.25_r1.25_e1.6_s0_u0.1,"brecha=P-c(1+m)-S/e; clases 1-4,9",2021,2026,703,,,,,,,"clases={""1"": 295, ""2"": 29, ""3"": 37, ""4"": 332, ""9"": 10}"
A4_mun_2012-2025,A4_mun_2012-2025_unico_c932_m0.25_r1.25_e1.6_s0_u0.25,"brecha=P-c(1+m)-S/e; clases 1-4,9",2021,2026,703,,,,,,,"clases={""1"": 292, ""2"": 32, ""3"": 37, ""4"": 332, ""9"": 10}"
A4_mun_2012-2025,A4_mun_2012-2025_unico_c932_m0.25_r1.25_e1.6_s1_u0.0,"brecha=P-c(1+m)-S/e; clases 1-4,9",2021,2026,703,,,,,,,"clases={""1"": 302, ""2"": 22, ""3"": 37, ""4"": 332, ""9"": 10}"
A4_mun_2012-2025,A4_mun_2012-2025_unico_c932_m0.25_r1.25_e1.6_s1_u0.1,"brecha=P-c(1+m)-S/e; clases 1-4,9",2021,2026,703,,,,,,,"clases={""1"": 295, ""2"": 29, ""3"": 37, ""4"": 332, ""9"": 10}"
A4_mun_2012-2025,A4_mun_2012-2025_unico_c932_m0.25_r1.25_e1.6_s1_u0.25,"brecha=P-c(1+m)-S/e; clases 1-4,9",2021,2026,703,,,,,,,"clases={""1"": 292, ""2"": 32, ""3"": 37, ""4"": 332, ""9"": 10}"
A4_mun_2012-2025,A4_mun_2012-2025_unico_c932_m0.25_r1.5_e0.8_s0_u0.0,"brecha=P-c(1+m)-S/e; clases 1-4,9",2021,2026,703,,,,,,,"clases={""1"": 285, ""2"": 20, ""3"": 56, ""4"": 332, ""9"": 10}"
A4_mun_2012-2025,A4_mun_2012-2025_unico_c932_m0.25_r1.5_e0.8_s0_u0.1,"brecha=P-c(1+m)-S/e; clases 1-4,9",2021,2026,703,,,,,,,"clases={""1"": 278, ""2"": 27, ""3"": 56, ""4"": 332, ""9"": 10}"
A4_mun_2012-2025,A4_mun_2012-2025_unico_c932_m0.25_r1.5_e0.8_s0_u0.25,"brecha=P-c(1+m)-S/e; clases 1-4,9",2021,2026,703,,,,,,,"clases={""1"": 276, ""2"": 29, ""3"": 56, ""4"": 332, ""9"": 10}"
A4_mun_2012-2025,A4_mun_2012-2025_unico_c932_m0.25_r1.5_e0.8_s1_u0.0,"brecha=P-c(1+m)-S/e; clases 1-4,9",2021,2026,703,,,,,,,"clases={""1"": 282, ""2"": 18, ""3"": 61, ""4"": 332, ""9"": 10}"
A4_mun_2012-2025,A4_mun_2012-2025_unico_c932_m0.25_r1.5_e0.8_s1_u0.1,"brecha=P-c(1+m)-S/e; clases 1-4,9",2021,2026,703,,,,,,,"clases={""1"": 275, ""2"": 25, ""3"": 61, ""4"": 332, ""9"": 10}"
A4_mun_2012-2025,A4_mun_2012-2025_unico_c932_m0.25_r1.5_e0.8_s1_u0.25,"brecha=P-c(1+m)-S/e; clases 1-4,9",2021,2026,703,,,,,,,"clases={""1"": 273, ""2"": 27, ""3"": 61, ""4"": 332, ""9"": 10}"
A4_mun_2012-2025,A4_mun_2012-2025_unico_c932_m0.25_r1.5_e1.2_s0_u0.0,"brecha=P-c(1+m)-S/e; clases 1-4,9",2021,2026,703,,,,,,,"clases={""1"": 289, ""2"": 21, ""3"": 51, ""4"": 332, ""9"": 10}"
A4_mun_2012-2025,A4_mun_2012-2025_unico_c932_m0.25_r1.5_e1.2_s0_u0.1,"brecha=P-c(1+m)-S/e; clases 1-4,9",2021,2026,703,,,,,,,"clases={""1"": 282, ""2"": 28, ""3"": 51, ""4"": 332, ""9"": 10}"
A4_mun_2012-2025,A4_mun_2012-2025_unico_c932_m0.25_r1.5_e1.2_s0_u0.25,"brecha=P-c(1+m)-S/e; clases 1-4,9",2021,2026,703,,,,,,,"clases={""1"": 280, ""2"": 30, ""3"": 51, ""4"": 332, ""9"": 10}"
A4_mun_2012-2025,A4_mun_2012-2025_unico_c932_m0.25_r1.5_e1.2_s1_u0.0,"brecha=P-c(1+m)-S/e; clases 1-4,9",2021,2026,703,,,,,,,"clases={""1"": 288, ""2"": 21, ""3"": 52, ""4"": 332, ""9"": 10}"
A4_mun_2012-2025,A4_mun_2012-2025_unico_c932_m0.25_r1.5_e1.2_s1_u0.1,"brecha=P-c(1+m)-S/e; clases 1-4,9",2021,2026,703,,,,,,,"clases={""1"": 281, ""2"": 28, ""3"": 52, ""4"": 332, ""9"": 10}"
A4_mun_2012-2025,A4_mun_2012-2025_unico_c932_m0.25_r1.5_e1.2_s1_u0.25,"brecha=P-c(1+m)-S/e; clases 1-4,9",2021,2026,703,,,,,,,"clases={""1"": 279, ""2"": 30, ""3"": 52, ""4"": 332, ""9"": 10}"
A4_mun_2012-2025,A4_mun_2012-2025_unico_c932_m0.25_r1.5_e1.6_s0_u0.0,"brecha=P-c(1+m)-S/e; clases 1-4,9",2021,2026,703,,,,,,,"clases={""1"": 303, ""2"": 21, ""3"": 37, ""4"": 332, ""9"": 10}"
A4_mun_2012-2025,A4_mun_2012-2025_unico_c932_m0.25_r1.5_e1.6_s0_u0.1,"brecha=P-c(1+m)-S/e; clases 1-4,9",2021,2026,703,,,,,,,"clases={""1"": 296, ""2"": 28, ""3"": 37, ""4"": 332, ""9"": 10}"
A4_mun_2012-2025,A4_mun_2012-2025_unico_c932_m0.25_r1.5_e1.6_s0_u0.25,"brecha=P-c(1+m)-S/e; clases 1-4,9",2021,2026,703,,,,,,,"clases={""1"": 294, ""2"": 30, ""3"": 37, ""4"": 332, ""9"": 10}"
A4_mun_2012-2025,A4_mun_2012-2025_unico_c932_m0.25_r1.5_e1.6_s1_u0.0,"brecha=P-c(1+m)-S/e; clases 1-4,9",2021,2026,703,,,,,,,"clases={""1"": 303, ""2"": 21, ""3"": 37, ""4"": 332, ""9"": 10}"
A4_mun_2012-2025,A4_mun_2012-2025_unico_c932_m0.25_r1.5_e1.6_s1_u0.1,"brecha=P-c(1+m)-S/e; clases 1-4,9",2021,2026,703,,,,,,,"clases={""1"": 296, ""2"": 28, ""3"": 37, ""4"": 332, ""9"": 10}"
A4_mun_2012-2025,A4_mun_2012-2025_unico_c932_m0.25_r1.5_e1.6_s1_u0.25,"brecha=P-c(1+m)-S/e; clases 1-4,9",2021,2026,703,,,,,,,"clases={""1"": 294, ""2"": 30, ""3"": 37, ""4"": 332, ""9"": 10}"
