fase,modelo_id,formula,muestra_ini,muestra_fin,n,r2_adj,aic,bic,rmse_oos,coef_interes,p_interes,notas
M1_prov,M1prov_01_2012-2025_Censo+ECP_MIVAU _con_0.0,D = Δhogares − altas,2012,2025,1,,,,,11247.0,,Censos 2011-2021 + ECP 2021T4-2025T4
M1_prov,M1prov_01_2012-2025_Censo+ECP_MIVAU _con_0.1,D = Δhogares − altas,2012,2025,1,,,,,13429.362000000001,,Censos 2011-2021 + ECP 2021T4-2025T4
M1_prov,M1prov_01_2012-2025_Censo+ECP_MIVAU _con_0.2,D = Δhogares − altas,2012,2025,1,,,,,15611.724,,Censos 2011-2021 + ECP 2021T4-2025T4
M1_prov,M1prov_01_2012-2025_Censo+ECP_MIVAU _sin_0.0,D = Δhogares − altas,2012,2025,1,,,,,11247.0,,Censos 2011-2021 + ECP 2021T4-2025T4
M1_prov,M1prov_01_2012-2025_Censo+ECP_MIVAU _sin_0.1,D = Δhogares − altas,2012,2025,1,,,,,13429.362000000001,,Censos 2011-2021 + ECP 2021T4-2025T4
M1_prov,M1prov_01_2012-2025_Censo+ECP_MIVAU _sin_0.2,D = Δhogares − altas,2012,2025,1,,,,,15611.724,,Censos 2011-2021 + ECP 2021T4-2025T4
M1_prov,M1prov_01_2012-2025_Censo+Censo anual_MIVAU _con_0.0,D = Δhogares − altas,2012,2025,1,,,,,8674.841756000998,,Censo 2011 (viv. principales) y Censo anual 1-ene-2025 / tamaño medio 2021 (supuesto)
M1_prov,M1prov_01_2012-2025_Censo+Censo anual_MIVAU _con_0.1,D = Δhogares − altas,2012,2025,1,,,,,10701.320756000998,,Censo 2011 (viv. principales) y Censo anual 1-ene-2025 / tamaño medio 2021 (supuesto)
M1_prov,M1prov_01_2012-2025_Censo+Censo anual_MIVAU _con_0.2,D = Δhogares − altas,2012,2025,1,,,,,12727.799756000999,,Censo 2011 (viv. principales) y Censo anual 1-ene-2025 / tamaño medio 2021 (supuesto)
M1_prov,M1prov_01_2012-2025_Censo+Censo anual_MIVAU _sin_0.0,D = Δhogares − altas,2012,2025,1,,,,,8674.841756000998,,Censo 2011 (viv. principales) y Censo anual 1-ene-2025 / tamaño medio 2021 (supuesto)
M1_prov,M1prov_01_2012-2025_Censo+Censo anual_MIVAU _sin_0.1,D = Δhogares − altas,2012,2025,1,,,,,10701.320756000998,,Censo 2011 (viv. principales) y Censo anual 1-ene-2025 / tamaño medio 2021 (supuesto)
M1_prov,M1prov_01_2012-2025_Censo+Censo anual_MIVAU _sin_0.2,D = Δhogares − altas,2012,2025,1,,,,,12727.799756000999,,Censo 2011 (viv. principales) y Censo anual 1-ene-2025 / tamaño medio 2021 (supuesto)
M1_prov,M1prov_01_2021-2025_ECP_MIVAU _con_0.0,D = Δhogares − altas,2021,2025,1,,,,,7352.0,,ECP 2021T1-2025T4
M1_prov,M1prov_01_2021-2025_ECP_MIVAU _con_0.1,D = Δhogares − altas,2021,2025,1,,,,,8192.43,,ECP 2021T1-2025T4
M1_prov,M1prov_01_2021-2025_ECP_MIVAU _con_0.2,D = Δhogares − altas,2021,2025,1,,,,,9032.86,,ECP 2021T1-2025T4
M1_prov,M1prov_01_2021-2025_ECP_MIVAU _sin_0.0,D = Δhogares − altas,2021,2025,1,,,,,7352.0,,ECP 2021T1-2025T4
M1_prov,M1prov_01_2021-2025_ECP_MIVAU _sin_0.1,D = Δhogares − altas,2021,2025,1,,,,,8192.43,,ECP 2021T1-2025T4
M1_prov,M1prov_01_2021-2025_ECP_MIVAU _sin_0.2,D = Δhogares − altas,2021,2025,1,,,,,9032.86,,ECP 2021T1-2025T4
M1_prov,M1prov_01_2021-2025_Censo anual_MIVAU _con_0.0,D = Δhogares − altas,2021,2025,1,,,,,3563.8417560009984,,Censo anual 1-ene-2021 a 1-ene-2025; hogares = personas/tamaño medio Censo 2021 (supuesto)
M1_prov,M1prov_01_2021-2025_Censo anual_MIVAU _con_0.1,D = Δhogares − altas,2021,2025,1,,,,,4236.1857560009985,,Censo anual 1-ene-2021 a 1-ene-2025; hogares = personas/tamaño medio Censo 2021 (supuesto)
M1_prov,M1prov_01_2021-2025_Censo anual_MIVAU _con_0.2,D = Δhogares − altas,2021,2025,1,,,,,4908.5297560009985,,Censo anual 1-ene-2021 a 1-ene-2025; hogares = personas/tamaño medio Censo 2021 (supuesto)
M1_prov,M1prov_01_2021-2025_Censo anual_MIVAU _sin_0.0,D = Δhogares − altas,2021,2025,1,,,,,3563.8417560009984,,Censo anual 1-ene-2021 a 1-ene-2025; hogares = personas/tamaño medio Censo 2021 (supuesto)
M1_prov,M1prov_01_2021-2025_Censo anual_MIVAU _sin_0.1,D = Δhogares − altas,2021,2025,1,,,,,4236.1857560009985,,Censo anual 1-ene-2021 a 1-ene-2025; hogares = personas/tamaño medio Censo 2021 (supuesto)
M1_prov,M1prov_01_2021-2025_Censo anual_MIVAU _sin_0.2,D = Δhogares − altas,2021,2025,1,,,,,4908.5297560009985,,Censo anual 1-ene-2021 a 1-ene-2025; hogares = personas/tamaño medio Censo 2021 (supuesto)
M1_prov,M1prov_02_2012-2025_Censo+ECP_MIVAU _con_0.0,D = Δhogares − altas,2012,2025,1,,,,,7616.0,,Censos 2011-2021 + ECP 2021T4-2025T4
M1_prov,M1prov_02_2012-2025_Censo+ECP_MIVAU _con_0.1,D = Δhogares − altas,2012,2025,1,,,,,10640.7,,Censos 2011-2021 + ECP 2021T4-2025T4
M1_prov,M1prov_02_2012-2025_Censo+ECP_MIVAU _con_0.2,D = Δhogares − altas,2012,2025,1,,,,,13665.400000000001,,Censos 2011-2021 + ECP 2021T4-2025T4
M1_prov,M1prov_02_2012-2025_Censo+ECP_MIVAU _sin_0.0,D = Δhogares − altas,2012,2025,1,,,,,7616.0,,Censos 2011-2021 + ECP 2021T4-2025T4
M1_prov,M1prov_02_2012-2025_Censo+ECP_MIVAU _sin_0.1,D = Δhogares − altas,2012,2025,1,,,,,10640.7,,Censos 2011-2021 + ECP 2021T4-2025T4
M1_prov,M1prov_02_2012-2025_Censo+ECP_MIVAU _sin_0.2,D = Δhogares − altas,2012,2025,1,,,,,13665.400000000001,,Censos 2011-2021 + ECP 2021T4-2025T4
M1_prov,M1prov_02_2012-2025_Censo+ECP_Catast_incluida_nan,D = Δhogares − altas,2012,2025,1,,,,,-4911.0,,Censos 2011-2021 + ECP 2021T4-2025T4
M1_prov,M1prov_02_2012-2025_Censo+Censo anual_MIVAU _con_0.0,D = Δhogares − altas,2012,2025,1,,,,,3435.026183913171,,Censo 2011 (viv. principales) y Censo anual 1-ene-2025 / tamaño medio 2021 (supuesto)
M1_prov,M1prov_02_2012-2025_Censo+Censo anual_MIVAU _con_0.1,D = Δhogares − altas,2012,2025,1,,,,,6243.6761839131705,,Censo 2011 (viv. principales) y Censo anual 1-ene-2025 / tamaño medio 2021 (supuesto)
M1_prov,M1prov_02_2012-2025_Censo+Censo anual_MIVAU _con_0.2,D = Δhogares − altas,2012,2025,1,,,,,9052.32618391317,,Censo 2011 (viv. principales) y Censo anual 1-ene-2025 / tamaño medio 2021 (supuesto)
M1_prov,M1prov_02_2012-2025_Censo+Censo anual_MIVAU _sin_0.0,D = Δhogares − altas,2012,2025,1,,,,,3435.026183913171,,Censo 2011 (viv. principales) y Censo anual 1-ene-2025 / tamaño medio 2021 (supuesto)
M1_prov,M1prov_02_2012-2025_Censo+Censo anual_MIVAU _sin_0.1,D = Δhogares − altas,2012,2025,1,,,,,6243.6761839131705,,Censo 2011 (viv. principales) y Censo anual 1-ene-2025 / tamaño medio 2021 (supuesto)
M1_prov,M1prov_02_2012-2025_Censo+Censo anual_MIVAU _sin_0.2,D = Δhogares − altas,2012,2025,1,,,,,9052.32618391317,,Censo 2011 (viv. principales) y Censo anual 1-ene-2025 / tamaño medio 2021 (supuesto)
M1_prov,M1prov_02_2012-2025_Censo+Censo anual_Catast_incluida_nan,D = Δhogares − altas,2012,2025,1,,,,,-8591.97381608683,,Censo 2011 (viv. principales) y Censo anual 1-ene-2025 / tamaño medio 2021 (supuesto)
M1_prov,M1prov_02_2021-2025_ECP_MIVAU _con_0.0,D = Δhogares − altas,2021,2025,1,,,,,7190.0,,ECP 2021T1-2025T4
M1_prov,M1prov_02_2021-2025_ECP_MIVAU _con_0.1,D = Δhogares − altas,2021,2025,1,,,,,8396.565,,ECP 2021T1-2025T4
M1_prov,M1prov_02_2021-2025_ECP_MIVAU _con_0.2,D = Δhogares − altas,2021,2025,1,,,,,9603.130000000001,,ECP 2021T1-2025T4
M1_prov,M1prov_02_2021-2025_ECP_MIVAU _sin_0.0,D = Δhogares − altas,2021,2025,1,,,,,7190.0,,ECP 2021T1-2025T4
M1_prov,M1prov_02_2021-2025_ECP_MIVAU _sin_0.1,D = Δhogares − altas,2021,2025,1,,,,,8396.565,,ECP 2021T1-2025T4
M1_prov,M1prov_02_2021-2025_ECP_MIVAU _sin_0.2,D = Δhogares − altas,2021,2025,1,,,,,9603.130000000001,,ECP 2021T1-2025T4
M1_prov,M1prov_02_2021-2025_ECP_Catast_incluida_nan,D = Δhogares − altas,2021,2025,1,,,,,4587.0,,ECP 2021T1-2025T4
M1_prov,M1prov_02_2021-2025_Censo anual_MIVAU _con_0.0,D = Δhogares − altas,2021,2025,1,,,,,1574.0261839131708,,Censo anual 1-ene-2021 a 1-ene-2025; hogares = personas/tamaño medio Censo 2021 (supuesto)
M1_prov,M1prov_02_2021-2025_Censo anual_MIVAU _con_0.1,D = Δhogares − altas,2021,2025,1,,,,,2539.278183913171,,Censo anual 1-ene-2021 a 1-ene-2025; hogares = personas/tamaño medio Censo 2021 (supuesto)
M1_prov,M1prov_02_2021-2025_Censo anual_MIVAU _con_0.2,D = Δhogares − altas,2021,2025,1,,,,,3504.5301839131707,,Censo anual 1-ene-2021 a 1-ene-2025; hogares = personas/tamaño medio Censo 2021 (supuesto)
M1_prov,M1prov_02_2021-2025_Censo anual_MIVAU _sin_0.0,D = Δhogares − altas,2021,2025,1,,,,,1574.0261839131708,,Censo anual 1-ene-2021 a 1-ene-2025; hogares = personas/tamaño medio Censo 2021 (supuesto)
M1_prov,M1prov_02_2021-2025_Censo anual_MIVAU _sin_0.1,D = Δhogares − altas,2021,2025,1,,,,,2539.278183913171,,Censo anual 1-ene-2021 a 1-ene-2025; hogares = personas/tamaño medio Censo 2021 (supuesto)
M1_prov,M1prov_02_2021-2025_Censo anual_MIVAU _sin_0.2,D = Δhogares − altas,2021,2025,1,,,,,3504.5301839131707,,Censo anual 1-ene-2021 a 1-ene-2025; hogares = personas/tamaño medio Censo 2021 (supuesto)
M1_prov,M1prov_02_2021-2025_Censo anual_Catast_incluida_nan,D = Δhogares − altas,2021,2025,1,,,,,-528.9738160868292,,Censo anual 1-ene-2021 a 1-ene-2025; hogares = personas/tamaño medio Censo 2021 (supuesto)
M1_prov,M1prov_03_2012-2025_Censo+ECP_MIVAU _con_0.0,D = Δhogares − altas,2012,2025,1,,,,,79505.0,,Censos 2011-2021 + ECP 2021T4-2025T4
M1_prov,M1prov_03_2012-2025_Censo+ECP_MIVAU _con_0.1,D = Δhogares − altas,2012,2025,1,,,,,97345.55,,Censos 2011-2021 + ECP 2021T4-2025T4
M1_prov,M1prov_03_2012-2025_Censo+ECP_MIVAU _con_0.2,D = Δhogares − altas,2012,2025,1,,,,,115186.1,,Censos 2011-2021 + ECP 2021T4-2025T4
M1_prov,M1prov_03_2012-2025_Censo+ECP_MIVAU _sin_0.0,D = Δhogares − altas,2012,2025,1,,,,,79505.0,,Censos 2011-2021 + ECP 2021T4-2025T4
M1_prov,M1prov_03_2012-2025_Censo+ECP_MIVAU _sin_0.1,D = Δhogares − altas,2012,2025,1,,,,,97345.55,,Censos 2011-2021 + ECP 2021T4-2025T4
M1_prov,M1prov_03_2012-2025_Censo+ECP_MIVAU _sin_0.2,D = Δhogares − altas,2012,2025,1,,,,,115186.1,,Censos 2011-2021 + ECP 2021T4-2025T4
M1_prov,M1prov_03_2012-2025_Censo+ECP_Catast_incluida_nan,D = Δhogares − altas,2012,2025,1,,,,,2107.0,,Censos 2011-2021 + ECP 2021T4-2025T4
M1_prov,M1prov_03_2012-2025_Censo+Censo anual_MIVAU _con_0.0,D = Δhogares − altas,2012,2025,1,,,,,74288.44856271951,,Censo 2011 (viv. principales) y Censo anual 1-ene-2025 / tamaño medio 2021 (supuesto)
M1_prov,M1prov_03_2012-2025_Censo+Censo anual_MIVAU _con_0.1,D = Δhogares − altas,2012,2025,1,,,,,90854.67356271952,,Censo 2011 (viv. principales) y Censo anual 1-ene-2025 / tamaño medio 2021 (supuesto)
M1_prov,M1prov_03_2012-2025_Censo+Censo anual_MIVAU _con_0.2,D = Δhogares − altas,2012,2025,1,,,,,107420.89856271952,,Censo 2011 (viv. principales) y Censo anual 1-ene-2025 / tamaño medio 2021 (supuesto)
M1_prov,M1prov_03_2012-2025_Censo+Censo anual_MIVAU _sin_0.0,D = Δhogares − altas,2012,2025,1,,,,,74288.44856271951,,Censo 2011 (viv. principales) y Censo anual 1-ene-2025 / tamaño medio 2021 (supuesto)
M1_prov,M1prov_03_2012-2025_Censo+Censo anual_MIVAU _sin_0.1,D = Δhogares − altas,2012,2025,1,,,,,90854.67356271952,,Censo 2011 (viv. principales) y Censo anual 1-ene-2025 / tamaño medio 2021 (supuesto)
M1_prov,M1prov_03_2012-2025_Censo+Censo anual_MIVAU _sin_0.2,D = Δhogares − altas,2012,2025,1,,,,,107420.89856271952,,Censo 2011 (viv. principales) y Censo anual 1-ene-2025 / tamaño medio 2021 (supuesto)
M1_prov,M1prov_03_2012-2025_Censo+Censo anual_Catast_incluida_nan,D = Δhogares − altas,2012,2025,1,,,,,3990.44856271951,,Censo 2011 (viv. principales) y Censo anual 1-ene-2025 / tamaño medio 2021 (supuesto)
M1_prov,M1prov_03_2021-2025_ECP_MIVAU _con_0.0,D = Δhogares − altas,2021,2025,1,,,,,77982.0,,ECP 2021T1-2025T4
M1_prov,M1prov_03_2021-2025_ECP_MIVAU _con_0.1,D = Δhogares − altas,2021,2025,1,,,,,84732.03,,ECP 2021T1-2025T4
M1_prov,M1prov_03_2021-2025_ECP_MIVAU _con_0.2,D = Δhogares − altas,2021,2025,1,,,,,91482.06,,ECP 2021T1-2025T4
M1_prov,M1prov_03_2021-2025_ECP_MIVAU _sin_0.0,D = Δhogares − altas,2021,2025,1,,,,,77982.0,,ECP 2021T1-2025T4
M1_prov,M1prov_03_2021-2025_ECP_MIVAU _sin_0.1,D = Δhogares − altas,2021,2025,1,,,,,84732.03,,ECP 2021T1-2025T4
M1_prov,M1prov_03_2021-2025_ECP_MIVAU _sin_0.2,D = Δhogares − altas,2021,2025,1,,,,,91482.06,,ECP 2021T1-2025T4
M1_prov,M1prov_03_2021-2025_ECP_Catast_incluida_nan,D = Δhogares − altas,2021,2025,1,,,,,49860.0,,ECP 2021T1-2025T4
M1_prov,M1prov_03_2021-2025_Censo anual_MIVAU _con_0.0,D = Δhogares − altas,2021,2025,1,,,,,58556.44856271951,,Censo anual 1-ene-2021 a 1-ene-2025; hogares = personas/tamaño medio Censo 2021 (supuesto)
M1_prov,M1prov_03_2021-2025_Censo anual_MIVAU _con_0.1,D = Δhogares − altas,2021,2025,1,,,,,63956.47256271951,,Censo anual 1-ene-2021 a 1-ene-2025; hogares = personas/tamaño medio Censo 2021 (supuesto)
M1_prov,M1prov_03_2021-2025_Censo anual_MIVAU _con_0.2,D = Δhogares − altas,2021,2025,1,,,,,69356.4965627195,,Censo anual 1-ene-2021 a 1-ene-2025; hogares = personas/tamaño medio Censo 2021 (supuesto)
M1_prov,M1prov_03_2021-2025_Censo anual_MIVAU _sin_0.0,D = Δhogares − altas,2021,2025,1,,,,,58556.44856271951,,Censo anual 1-ene-2021 a 1-ene-2025; hogares = personas/tamaño medio Censo 2021 (supuesto)
M1_prov,M1prov_03_2021-2025_Censo anual_MIVAU _sin_0.1,D = Δhogares − altas,2021,2025,1,,,,,63956.47256271951,,Censo anual 1-ene-2021 a 1-ene-2025; hogares = personas/tamaño medio Censo 2021 (supuesto)
M1_prov,M1prov_03_2021-2025_Censo anual_MIVAU _sin_0.2,D = Δhogares − altas,2021,2025,1,,,,,69356.4965627195,,Censo anual 1-ene-2021 a 1-ene-2025; hogares = personas/tamaño medio Censo 2021 (supuesto)
M1_prov,M1prov_03_2021-2025_Censo anual_Catast_incluida_nan,D = Δhogares − altas,2021,2025,1,,,,,37534.44856271951,,Censo anual 1-ene-2021 a 1-ene-2025; hogares = personas/tamaño medio Censo 2021 (supuesto)
M1_prov,M1prov_04_2012-2025_Censo+ECP_MIVAU _con_0.0,D = Δhogares − altas,2012,2025,1,,,,,45534.0,,Censos 2011-2021 + ECP 2021T4-2025T4
M1_prov,M1prov_04_2012-2025_Censo+ECP_MIVAU _con_0.1,D = Δhogares − altas,2012,2025,1,,,,,51066.17,,Censos 2011-2021 + ECP 2021T4-2025T4
M1_prov,M1prov_04_2012-2025_Censo+ECP_MIVAU _con_0.2,D = Δhogares − altas,2012,2025,1,,,,,56598.34,,Censos 2011-2021 + ECP 2021T4-2025T4
M1_prov,M1prov_04_2012-2025_Censo+ECP_MIVAU _sin_0.0,D = Δhogares − altas,2012,2025,1,,,,,45534.0,,Censos 2011-2021 + ECP 2021T4-2025T4
M1_prov,M1prov_04_2012-2025_Censo+ECP_MIVAU _sin_0.1,D = Δhogares − altas,2012,2025,1,,,,,51066.17,,Censos 2011-2021 + ECP 2021T4-2025T4
M1_prov,M1prov_04_2012-2025_Censo+ECP_MIVAU _sin_0.2,D = Δhogares − altas,2012,2025,1,,,,,56598.34,,Censos 2011-2021 + ECP 2021T4-2025T4
M1_prov,M1prov_04_2012-2025_Censo+ECP_Catast_incluida_nan,D = Δhogares − altas,2012,2025,1,,,,,13045.0,,Censos 2011-2021 + ECP 2021T4-2025T4
M1_prov,M1prov_04_2012-2025_Censo+Censo anual_MIVAU _con_0.0,D = Δhogares − altas,2012,2025,1,,,,,40737.17611817701,,Censo 2011 (viv. principales) y Censo anual 1-ene-2025 / tamaño medio 2021 (supuesto)
M1_prov,M1prov_04_2012-2025_Censo+Censo anual_MIVAU _con_0.1,D = Δhogares − altas,2012,2025,1,,,,,45874.19111817701,,Censo 2011 (viv. principales) y Censo anual 1-ene-2025 / tamaño medio 2021 (supuesto)
M1_prov,M1prov_04_2012-2025_Censo+Censo anual_MIVAU _con_0.2,D = Δhogares − altas,2012,2025,1,,,,,51011.20611817701,,Censo 2011 (viv. principales) y Censo anual 1-ene-2025 / tamaño medio 2021 (supuesto)
M1_prov,M1prov_04_2012-2025_Censo+Censo anual_MIVAU _sin_0.0,D = Δhogares − altas,2012,2025,1,,,,,40737.17611817701,,Censo 2011 (viv. principales) y Censo anual 1-ene-2025 / tamaño medio 2021 (supuesto)
M1_prov,M1prov_04_2012-2025_Censo+Censo anual_MIVAU _sin_0.1,D = Δhogares − altas,2012,2025,1,,,,,45874.19111817701,,Censo 2011 (viv. principales) y Censo anual 1-ene-2025 / tamaño medio 2021 (supuesto)
M1_prov,M1prov_04_2012-2025_Censo+Censo anual_MIVAU _sin_0.2,D = Δhogares − altas,2012,2025,1,,,,,51011.20611817701,,Censo 2011 (viv. principales) y Censo anual 1-ene-2025 / tamaño medio 2021 (supuesto)
M1_prov,M1prov_04_2012-2025_Censo+Censo anual_Catast_incluida_nan,D = Δhogares − altas,2012,2025,1,,,,,11027.176118177013,,Censo 2011 (viv. principales) y Censo anual 1-ene-2025 / tamaño medio 2021 (supuesto)
M1_prov,M1prov_04_2021-2025_ECP_MIVAU _con_0.0,D = Δhogares − altas,2021,2025,1,,,,,24130.0,,ECP 2021T1-2025T4
M1_prov,M1prov_04_2021-2025_ECP_MIVAU _con_0.1,D = Δhogares − altas,2021,2025,1,,,,,26298.815,,ECP 2021T1-2025T4
M1_prov,M1prov_04_2021-2025_ECP_MIVAU _con_0.2,D = Δhogares − altas,2021,2025,1,,,,,28467.63,,ECP 2021T1-2025T4
M1_prov,M1prov_04_2021-2025_ECP_MIVAU _sin_0.0,D = Δhogares − altas,2021,2025,1,,,,,24130.0,,ECP 2021T1-2025T4
M1_prov,M1prov_04_2021-2025_ECP_MIVAU _sin_0.1,D = Δhogares − altas,2021,2025,1,,,,,26298.815,,ECP 2021T1-2025T4
M1_prov,M1prov_04_2021-2025_ECP_MIVAU _sin_0.2,D = Δhogares − altas,2021,2025,1,,,,,28467.63,,ECP 2021T1-2025T4
M1_prov,M1prov_04_2021-2025_ECP_Catast_incluida_nan,D = Δhogares − altas,2021,2025,1,,,,,17251.0,,ECP 2021T1-2025T4
M1_prov,M1prov_04_2021-2025_Censo anual_MIVAU _con_0.0,D = Δhogares − altas,2021,2025,1,,,,,15103.176118177013,,Censo anual 1-ene-2021 a 1-ene-2025; hogares = personas/tamaño medio Censo 2021 (supuesto)
M1_prov,M1prov_04_2021-2025_Censo anual_MIVAU _con_0.1,D = Δhogares − altas,2021,2025,1,,,,,16838.228118177012,,Censo anual 1-ene-2021 a 1-ene-2025; hogares = personas/tamaño medio Censo 2021 (supuesto)
M1_prov,M1prov_04_2021-2025_Censo anual_MIVAU _con_0.2,D = Δhogares − altas,2021,2025,1,,,,,18573.280118177012,,Censo anual 1-ene-2021 a 1-ene-2025; hogares = personas/tamaño medio Censo 2021 (supuesto)
M1_prov,M1prov_04_2021-2025_Censo anual_MIVAU _sin_0.0,D = Δhogares − altas,2021,2025,1,,,,,15103.176118177013,,Censo anual 1-ene-2021 a 1-ene-2025; hogares = personas/tamaño medio Censo 2021 (supuesto)
M1_prov,M1prov_04_2021-2025_Censo anual_MIVAU _sin_0.1,D = Δhogares − altas,2021,2025,1,,,,,16838.228118177012,,Censo anual 1-ene-2021 a 1-ene-2025; hogares = personas/tamaño medio Censo 2021 (supuesto)
M1_prov,M1prov_04_2021-2025_Censo anual_MIVAU _sin_0.2,D = Δhogares − altas,2021,2025,1,,,,,18573.280118177012,,Censo anual 1-ene-2021 a 1-ene-2025; hogares = personas/tamaño medio Censo 2021 (supuesto)
M1_prov,M1prov_04_2021-2025_Censo anual_Catast_incluida_nan,D = Δhogares − altas,2021,2025,1,,,,,11003.176118177013,,Censo anual 1-ene-2021 a 1-ene-2025; hogares = personas/tamaño medio Censo 2021 (supuesto)
M1_prov,M1prov_05_2012-2025_Censo+ECP_MIVAU _con_0.0,D = Δhogares − altas,2012,2025,1,,,,,2344.0,,Censos 2011-2021 + ECP 2021T4-2025T4
M1_prov,M1prov_05_2012-2025_Censo+ECP_MIVAU _con_0.1,D = Δhogares − altas,2012,2025,1,,,,,4634.666,,Censos 2011-2021 + ECP 2021T4-2025T4
M1_prov,M1prov_05_2012-2025_Censo+ECP_MIVAU _con_0.2,D = Δhogares − altas,2012,2025,1,,,,,6925.332,,Censos 2011-2021 + ECP 2021T4-2025T4
M1_prov,M1prov_05_2012-2025_Censo+ECP_MIVAU _sin_0.0,D = Δhogares − altas,2012,2025,1,,,,,2344.0,,Censos 2011-2021 + ECP 2021T4-2025T4
M1_prov,M1prov_05_2012-2025_Censo+ECP_MIVAU _sin_0.1,D = Δhogares − altas,2012,2025,1,,,,,4634.666,,Censos 2011-2021 + ECP 2021T4-2025T4
M1_prov,M1prov_05_2012-2025_Censo+ECP_MIVAU _sin_0.2,D = Δhogares − altas,2012,2025,1,,,,,6925.332,,Censos 2011-2021 + ECP 2021T4-2025T4
M1_prov,M1prov_05_2012-2025_Censo+ECP_Catast_incluida_nan,D = Δhogares − altas,2012,2025,1,,,,,-8615.0,,Censos 2011-2021 + ECP 2021T4-2025T4
M1_prov,M1prov_05_2012-2025_Censo+Censo anual_MIVAU _con_0.0,D = Δhogares − altas,2012,2025,1,,,,,1259.8963863610697,,Censo 2011 (viv. principales) y Censo anual 1-ene-2025 / tamaño medio 2021 (supuesto)
M1_prov,M1prov_05_2012-2025_Censo+Censo anual_MIVAU _con_0.1,D = Δhogares − altas,2012,2025,1,,,,,3386.9433863610698,,Censo 2011 (viv. principales) y Censo anual 1-ene-2025 / tamaño medio 2021 (supuesto)
M1_prov,M1prov_05_2012-2025_Censo+Censo anual_MIVAU _con_0.2,D = Δhogares − altas,2012,2025,1,,,,,5513.99038636107,,Censo 2011 (viv. principales) y Censo anual 1-ene-2025 / tamaño medio 2021 (supuesto)
M1_prov,M1prov_05_2012-2025_Censo+Censo anual_MIVAU _sin_0.0,D = Δhogares − altas,2012,2025,1,,,,,1259.8963863610697,,Censo 2011 (viv. principales) y Censo anual 1-ene-2025 / tamaño medio 2021 (supuesto)
M1_prov,M1prov_05_2012-2025_Censo+Censo anual_MIVAU _sin_0.1,D = Δhogares − altas,2012,2025,1,,,,,3386.9433863610698,,Censo 2011 (viv. principales) y Censo anual 1-ene-2025 / tamaño medio 2021 (supuesto)
M1_prov,M1prov_05_2012-2025_Censo+Censo anual_MIVAU _sin_0.2,D = Δhogares − altas,2012,2025,1,,,,,5513.99038636107,,Censo 2011 (viv. principales) y Censo anual 1-ene-2025 / tamaño medio 2021 (supuesto)
M1_prov,M1prov_05_2012-2025_Censo+Censo anual_Catast_incluida_nan,D = Δhogares − altas,2012,2025,1,,,,,-9283.10361363893,,Censo 2011 (viv. principales) y Censo anual 1-ene-2025 / tamaño medio 2021 (supuesto)
M1_prov,M1prov_05_2021-2025_ECP_MIVAU _con_0.0,D = Δhogares − altas,2021,2025,1,,,,,2577.0,,ECP 2021T1-2025T4
M1_prov,M1prov_05_2021-2025_ECP_MIVAU _con_0.1,D = Δhogares − altas,2021,2025,1,,,,,3436.735,,ECP 2021T1-2025T4
M1_prov,M1prov_05_2021-2025_ECP_MIVAU _con_0.2,D = Δhogares − altas,2021,2025,1,,,,,4296.47,,ECP 2021T1-2025T4
M1_prov,M1prov_05_2021-2025_ECP_MIVAU _sin_0.0,D = Δhogares − altas,2021,2025,1,,,,,2577.0,,ECP 2021T1-2025T4
M1_prov,M1prov_05_2021-2025_ECP_MIVAU _sin_0.1,D = Δhogares − altas,2021,2025,1,,,,,3436.735,,ECP 2021T1-2025T4
M1_prov,M1prov_05_2021-2025_ECP_MIVAU _sin_0.2,D = Δhogares − altas,2021,2025,1,,,,,4296.47,,ECP 2021T1-2025T4
M1_prov,M1prov_05_2021-2025_ECP_Catast_incluida_nan,D = Δhogares − altas,2021,2025,1,,,,,1007.0,,ECP 2021T1-2025T4
M1_prov,M1prov_05_2021-2025_Censo anual_MIVAU _con_0.0,D = Δhogares − altas,2021,2025,1,,,,,807.8963863610697,,Censo anual 1-ene-2021 a 1-ene-2025; hogares = personas/tamaño medio Censo 2021 (supuesto)
M1_prov,M1prov_05_2021-2025_Censo anual_MIVAU _con_0.1,D = Δhogares − altas,2021,2025,1,,,,,1495.6843863610698,,Censo anual 1-ene-2021 a 1-ene-2025; hogares = personas/tamaño medio Censo 2021 (supuesto)
M1_prov,M1prov_05_2021-2025_Censo anual_MIVAU _con_0.2,D = Δhogares − altas,2021,2025,1,,,,,2183.4723863610698,,Censo anual 1-ene-2021 a 1-ene-2025; hogares = personas/tamaño medio Censo 2021 (supuesto)
M1_prov,M1prov_05_2021-2025_Censo anual_MIVAU _sin_0.0,D = Δhogares − altas,2021,2025,1,,,,,807.8963863610697,,Censo anual 1-ene-2021 a 1-ene-2025; hogares = personas/tamaño medio Censo 2021 (supuesto)
M1_prov,M1prov_05_2021-2025_Censo anual_MIVAU _sin_0.1,D = Δhogares − altas,2021,2025,1,,,,,1495.6843863610698,,Censo anual 1-ene-2021 a 1-ene-2025; hogares = personas/tamaño medio Censo 2021 (supuesto)
M1_prov,M1prov_05_2021-2025_Censo anual_MIVAU _sin_0.2,D = Δhogares − altas,2021,2025,1,,,,,2183.4723863610698,,Censo anual 1-ene-2021 a 1-ene-2025; hogares = personas/tamaño medio Censo 2021 (supuesto)
M1_prov,M1prov_05_2021-2025_Censo anual_Catast_incluida_nan,D = Δhogares − altas,2021,2025,1,,,,,-346.10361363893026,,Censo anual 1-ene-2021 a 1-ene-2025; hogares = personas/tamaño medio Censo 2021 (supuesto)
M1_prov,M1prov_06_2012-2025_Censo+ECP_MIVAU _con_0.0,D = Δhogares − altas,2012,2025,1,,,,,13785.0,,Censos 2011-2021 + ECP 2021T4-2025T4
M1_prov,M1prov_06_2012-2025_Censo+ECP_MIVAU _con_0.1,D = Δhogares − altas,2012,2025,1,,,,,19001.54,,Censos 2011-2021 + ECP 2021T4-2025T4
M1_prov,M1prov_06_2012-2025_Censo+ECP_MIVAU _con_0.2,D = Δhogares − altas,2012,2025,1,,,,,24218.08,,Censos 2011-2021 + ECP 2021T4-2025T4
M1_prov,M1prov_06_2012-2025_Censo+ECP_MIVAU _sin_0.0,D = Δhogares − altas,2012,2025,1,,,,,13785.0,,Censos 2011-2021 + ECP 2021T4-2025T4
M1_prov,M1prov_06_2012-2025_Censo+ECP_MIVAU _sin_0.1,D = Δhogares − altas,2012,2025,1,,,,,19001.54,,Censos 2011-2021 + ECP 2021T4-2025T4
M1_prov,M1prov_06_2012-2025_Censo+ECP_MIVAU _sin_0.2,D = Δhogares − altas,2012,2025,1,,,,,24218.08,,Censos 2011-2021 + ECP 2021T4-2025T4
M1_prov,M1prov_06_2012-2025_Censo+ECP_Catast_incluida_nan,D = Δhogares − altas,2012,2025,1,,,,,-15278.0,,Censos 2011-2021 + ECP 2021T4-2025T4
M1_prov,M1prov_06_2012-2025_Censo+Censo anual_MIVAU _con_0.0,D = Δhogares − altas,2012,2025,1,,,,,3847.3688778885407,,Censo 2011 (viv. principales) y Censo anual 1-ene-2025 / tamaño medio 2021 (supuesto)
M1_prov,M1prov_06_2012-2025_Censo+Censo anual_MIVAU _con_0.1,D = Δhogares − altas,2012,2025,1,,,,,8691.298877888541,,Censo 2011 (viv. principales) y Censo anual 1-ene-2025 / tamaño medio 2021 (supuesto)
M1_prov,M1prov_06_2012-2025_Censo+Censo anual_MIVAU _con_0.2,D = Δhogares − altas,2012,2025,1,,,,,13535.228877888541,,Censo 2011 (viv. principales) y Censo anual 1-ene-2025 / tamaño medio 2021 (supuesto)
M1_prov,M1prov_06_2012-2025_Censo+Censo anual_MIVAU _sin_0.0,D = Δhogares − altas,2012,2025,1,,,,,3847.3688778885407,,Censo 2011 (viv. principales) y Censo anual 1-ene-2025 / tamaño medio 2021 (supuesto)
M1_prov,M1prov_06_2012-2025_Censo+Censo anual_MIVAU _sin_0.1,D = Δhogares − altas,2012,2025,1,,,,,8691.298877888541,,Censo 2011 (viv. principales) y Censo anual 1-ene-2025 / tamaño medio 2021 (supuesto)
M1_prov,M1prov_06_2012-2025_Censo+Censo anual_MIVAU _sin_0.2,D = Δhogares − altas,2012,2025,1,,,,,13535.228877888541,,Censo 2011 (viv. principales) y Censo anual 1-ene-2025 / tamaño medio 2021 (supuesto)
M1_prov,M1prov_06_2012-2025_Censo+Censo anual_Catast_incluida_nan,D = Δhogares − altas,2012,2025,1,,,,,-24226.63112211146,,Censo 2011 (viv. principales) y Censo anual 1-ene-2025 / tamaño medio 2021 (supuesto)
M1_prov,M1prov_06_2021-2025_ECP_MIVAU _con_0.0,D = Δhogares − altas,2021,2025,1,,,,,9481.0,,ECP 2021T1-2025T4
M1_prov,M1prov_06_2021-2025_ECP_MIVAU _con_0.1,D = Δhogares − altas,2021,2025,1,,,,,11472.74,,ECP 2021T1-2025T4
M1_prov,M1prov_06_2021-2025_ECP_MIVAU _con_0.2,D = Δhogares − altas,2021,2025,1,,,,,13464.48,,ECP 2021T1-2025T4
M1_prov,M1prov_06_2021-2025_ECP_MIVAU _sin_0.0,D = Δhogares − altas,2021,2025,1,,,,,9481.0,,ECP 2021T1-2025T4
M1_prov,M1prov_06_2021-2025_ECP_MIVAU _sin_0.1,D = Δhogares − altas,2021,2025,1,,,,,11472.74,,ECP 2021T1-2025T4
M1_prov,M1prov_06_2021-2025_ECP_MIVAU _sin_0.2,D = Δhogares − altas,2021,2025,1,,,,,13464.48,,ECP 2021T1-2025T4
M1_prov,M1prov_06_2021-2025_ECP_Catast_incluida_nan,D = Δhogares − altas,2021,2025,1,,,,,3025.0,,ECP 2021T1-2025T4
M1_prov,M1prov_06_2021-2025_Censo anual_MIVAU _con_0.0,D = Δhogares − altas,2021,2025,1,,,,,-2354.6311221114593,,Censo anual 1-ene-2021 a 1-ene-2025; hogares = personas/tamaño medio Censo 2021 (supuesto)
M1_prov,M1prov_06_2021-2025_Censo anual_MIVAU _con_0.1,D = Δhogares − altas,2021,2025,1,,,,,-761.2391221114592,,Censo anual 1-ene-2021 a 1-ene-2025; hogares = personas/tamaño medio Censo 2021 (supuesto)
M1_prov,M1prov_06_2021-2025_Censo anual_MIVAU _con_0.2,D = Δhogares − altas,2021,2025,1,,,,,832.1528778885408,,Censo anual 1-ene-2021 a 1-ene-2025; hogares = personas/tamaño medio Censo 2021 (supuesto)
M1_prov,M1prov_06_2021-2025_Censo anual_MIVAU _sin_0.0,D = Δhogares − altas,2021,2025,1,,,,,-2354.6311221114593,,Censo anual 1-ene-2021 a 1-ene-2025; hogares = personas/tamaño medio Censo 2021 (supuesto)
M1_prov,M1prov_06_2021-2025_Censo anual_MIVAU _sin_0.1,D = Δhogares − altas,2021,2025,1,,,,,-761.2391221114592,,Censo anual 1-ene-2021 a 1-ene-2025; hogares = personas/tamaño medio Censo 2021 (supuesto)
M1_prov,M1prov_06_2021-2025_Censo anual_MIVAU _sin_0.2,D = Δhogares − altas,2021,2025,1,,,,,832.1528778885408,,Censo anual 1-ene-2021 a 1-ene-2025; hogares = personas/tamaño medio Censo 2021 (supuesto)
M1_prov,M1prov_06_2021-2025_Censo anual_Catast_incluida_nan,D = Δhogares − altas,2021,2025,1,,,,,-7821.631122111459,,Censo anual 1-ene-2021 a 1-ene-2025; hogares = personas/tamaño medio Censo 2021 (supuesto)
M1_prov,M1prov_07_2012-2025_Censo+ECP_MIVAU _con_0.0,D = Δhogares − altas,2012,2025,1,,,,,34928.0,,Censos 2011-2021 + ECP 2021T4-2025T4
M1_prov,M1prov_07_2012-2025_Censo+ECP_MIVAU _con_0.1,D = Δhogares − altas,2012,2025,1,,,,,43144.362,,Censos 2011-2021 + ECP 2021T4-2025T4
M1_prov,M1prov_07_2012-2025_Censo+ECP_MIVAU _con_0.2,D = Δhogares − altas,2012,2025,1,,,,,51360.724,,Censos 2011-2021 + ECP 2021T4-2025T4
M1_prov,M1prov_07_2012-2025_Censo+ECP_MIVAU _sin_0.0,D = Δhogares − altas,2012,2025,1,,,,,34928.0,,Censos 2011-2021 + ECP 2021T4-2025T4
M1_prov,M1prov_07_2012-2025_Censo+ECP_MIVAU _sin_0.1,D = Δhogares − altas,2012,2025,1,,,,,43144.362,,Censos 2011-2021 + ECP 2021T4-2025T4
M1_prov,M1prov_07_2012-2025_Censo+ECP_MIVAU _sin_0.2,D = Δhogares − altas,2012,2025,1,,,,,51360.724,,Censos 2011-2021 + ECP 2021T4-2025T4
M1_prov,M1prov_07_2012-2025_Censo+ECP_Catast_incluida_nan,D = Δhogares − altas,2012,2025,1,,,,,14358.0,,Censos 2011-2021 + ECP 2021T4-2025T4
M1_prov,M1prov_07_2012-2025_Censo+Censo anual_MIVAU _con_0.0,D = Δhogares − altas,2012,2025,1,,,,,36583.87677103974,,Censo 2011 (viv. principales) y Censo anual 1-ene-2025 / tamaño medio 2021 (supuesto)
M1_prov,M1prov_07_2012-2025_Censo+Censo anual_MIVAU _con_0.1,D = Δhogares − altas,2012,2025,1,,,,,44213.355771039736,,Censo 2011 (viv. principales) y Censo anual 1-ene-2025 / tamaño medio 2021 (supuesto)
M1_prov,M1prov_07_2012-2025_Censo+Censo anual_MIVAU _con_0.2,D = Δhogares − altas,2012,2025,1,,,,,51842.834771039736,,Censo 2011 (viv. principales) y Censo anual 1-ene-2025 / tamaño medio 2021 (supuesto)
M1_prov,M1prov_07_2012-2025_Censo+Censo anual_MIVAU _sin_0.0,D = Δhogares − altas,2012,2025,1,,,,,36583.87677103974,,Censo 2011 (viv. principales) y Censo anual 1-ene-2025 / tamaño medio 2021 (supuesto)
M1_prov,M1prov_07_2012-2025_Censo+Censo anual_MIVAU _sin_0.1,D = Δhogares − altas,2012,2025,1,,,,,44213.355771039736,,Censo 2011 (viv. principales) y Censo anual 1-ene-2025 / tamaño medio 2021 (supuesto)
M1_prov,M1prov_07_2012-2025_Censo+Censo anual_MIVAU _sin_0.2,D = Δhogares − altas,2012,2025,1,,,,,51842.834771039736,,Censo 2011 (viv. principales) y Censo anual 1-ene-2025 / tamaño medio 2021 (supuesto)
M1_prov,M1prov_07_2012-2025_Censo+Censo anual_Catast_incluida_nan,D = Δhogares − altas,2012,2025,1,,,,,19128.876771039737,,Censo 2011 (viv. principales) y Censo anual 1-ene-2025 / tamaño medio 2021 (supuesto)
M1_prov,M1prov_07_2021-2025_ECP_MIVAU _con_0.0,D = Δhogares − altas,2021,2025,1,,,,,28519.0,,ECP 2021T1-2025T4
M1_prov,M1prov_07_2021-2025_ECP_MIVAU _con_0.1,D = Δhogares − altas,2021,2025,1,,,,,31779.615,,ECP 2021T1-2025T4
M1_prov,M1prov_07_2021-2025_ECP_MIVAU _con_0.2,D = Δhogares − altas,2021,2025,1,,,,,35040.23,,ECP 2021T1-2025T4
M1_prov,M1prov_07_2021-2025_ECP_MIVAU _sin_0.0,D = Δhogares − altas,2021,2025,1,,,,,28519.0,,ECP 2021T1-2025T4
M1_prov,M1prov_07_2021-2025_ECP_MIVAU _sin_0.1,D = Δhogares − altas,2021,2025,1,,,,,31779.615,,ECP 2021T1-2025T4
M1_prov,M1prov_07_2021-2025_ECP_MIVAU _sin_0.2,D = Δhogares − altas,2021,2025,1,,,,,35040.23,,ECP 2021T1-2025T4
M1_prov,M1prov_07_2021-2025_ECP_Catast_incluida_nan,D = Δhogares − altas,2021,2025,1,,,,,14781.0,,ECP 2021T1-2025T4
M1_prov,M1prov_07_2021-2025_Censo anual_MIVAU _con_0.0,D = Δhogares − altas,2021,2025,1,,,,,24784.876771039737,,Censo anual 1-ene-2021 a 1-ene-2025; hogares = personas/tamaño medio Censo 2021 (supuesto)
M1_prov,M1prov_07_2021-2025_Censo anual_MIVAU _con_0.1,D = Δhogares − altas,2021,2025,1,,,,,27393.368771039735,,Censo anual 1-ene-2021 a 1-ene-2025; hogares = personas/tamaño medio Censo 2021 (supuesto)
M1_prov,M1prov_07_2021-2025_Censo anual_MIVAU _con_0.2,D = Δhogares − altas,2021,2025,1,,,,,30001.860771039737,,Censo anual 1-ene-2021 a 1-ene-2025; hogares = personas/tamaño medio Censo 2021 (supuesto)
M1_prov,M1prov_07_2021-2025_Censo anual_MIVAU _sin_0.0,D = Δhogares − altas,2021,2025,1,,,,,24784.876771039737,,Censo anual 1-ene-2021 a 1-ene-2025; hogares = personas/tamaño medio Censo 2021 (supuesto)
M1_prov,M1prov_07_2021-2025_Censo anual_MIVAU _sin_0.1,D = Δhogares − altas,2021,2025,1,,,,,27393.368771039735,,Censo anual 1-ene-2021 a 1-ene-2025; hogares = personas/tamaño medio Censo 2021 (supuesto)
M1_prov,M1prov_07_2021-2025_Censo anual_MIVAU _sin_0.2,D = Δhogares − altas,2021,2025,1,,,,,30001.860771039737,,Censo anual 1-ene-2021 a 1-ene-2025; hogares = personas/tamaño medio Censo 2021 (supuesto)
M1_prov,M1prov_07_2021-2025_Censo anual_Catast_incluida_nan,D = Δhogares − altas,2021,2025,1,,,,,14161.876771039737,,Censo anual 1-ene-2021 a 1-ene-2025; hogares = personas/tamaño medio Censo 2021 (supuesto)
M1_prov,M1prov_08_2012-2025_Censo+ECP_MIVAU _con_0.0,D = Δhogares − altas,2012,2025,1,,,,,137746.0,,Censos 2011-2021 + ECP 2021T4-2025T4
M1_prov,M1prov_08_2012-2025_Censo+ECP_MIVAU _con_0.1,D = Δhogares − altas,2012,2025,1,,,,,174207.152,,Censos 2011-2021 + ECP 2021T4-2025T4
M1_prov,M1prov_08_2012-2025_Censo+ECP_MIVAU _con_0.2,D = Δhogares − altas,2012,2025,1,,,,,210668.304,,Censos 2011-2021 + ECP 2021T4-2025T4
M1_prov,M1prov_08_2012-2025_Censo+ECP_MIVAU _sin_0.0,D = Δhogares − altas,2012,2025,1,,,,,137746.0,,Censos 2011-2021 + ECP 2021T4-2025T4
M1_prov,M1prov_08_2012-2025_Censo+ECP_MIVAU _sin_0.1,D = Δhogares − altas,2012,2025,1,,,,,174207.152,,Censos 2011-2021 + ECP 2021T4-2025T4
M1_prov,M1prov_08_2012-2025_Censo+ECP_MIVAU _sin_0.2,D = Δhogares − altas,2012,2025,1,,,,,210668.304,,Censos 2011-2021 + ECP 2021T4-2025T4
M1_prov,M1prov_08_2012-2025_Censo+ECP_Catast_incluida_nan,D = Δhogares − altas,2012,2025,1,,,,,8797.0,,Censos 2011-2021 + ECP 2021T4-2025T4
M1_prov,M1prov_08_2012-2025_Censo+Censo anual_MIVAU _con_0.0,D = Δhogares − altas,2012,2025,1,,,,,128536.35964675108,,Censo 2011 (viv. principales) y Censo anual 1-ene-2025 / tamaño medio 2021 (supuesto)
M1_prov,M1prov_08_2012-2025_Censo+Censo anual_MIVAU _con_0.1,D = Δhogares − altas,2012,2025,1,,,,,162393.14364675106,,Censo 2011 (viv. principales) y Censo anual 1-ene-2025 / tamaño medio 2021 (supuesto)
M1_prov,M1prov_08_2012-2025_Censo+Censo anual_MIVAU _con_0.2,D = Δhogares − altas,2012,2025,1,,,,,196249.92764675108,,Censo 2011 (viv. principales) y Censo anual 1-ene-2025 / tamaño medio 2021 (supuesto)
M1_prov,M1prov_08_2012-2025_Censo+Censo anual_MIVAU _sin_0.0,D = Δhogares − altas,2012,2025,1,,,,,128536.35964675108,,Censo 2011 (viv. principales) y Censo anual 1-ene-2025 / tamaño medio 2021 (supuesto)
M1_prov,M1prov_08_2012-2025_Censo+Censo anual_MIVAU _sin_0.1,D = Δhogares − altas,2012,2025,1,,,,,162393.14364675106,,Censo 2011 (viv. principales) y Censo anual 1-ene-2025 / tamaño medio 2021 (supuesto)
M1_prov,M1prov_08_2012-2025_Censo+Censo anual_MIVAU _sin_0.2,D = Δhogares − altas,2012,2025,1,,,,,196249.92764675108,,Censo 2011 (viv. principales) y Censo anual 1-ene-2025 / tamaño medio 2021 (supuesto)
M1_prov,M1prov_08_2012-2025_Censo+Censo anual_Catast_incluida_nan,D = Δhogares − altas,2012,2025,1,,,,,11918.35964675108,,Censo 2011 (viv. principales) y Censo anual 1-ene-2025 / tamaño medio 2021 (supuesto)
M1_prov,M1prov_08_2021-2025_ECP_MIVAU _con_0.0,D = Δhogares − altas,2021,2025,1,,,,,131668.0,,ECP 2021T1-2025T4
M1_prov,M1prov_08_2021-2025_ECP_MIVAU _con_0.1,D = Δhogares − altas,2021,2025,1,,,,,144653.23,,ECP 2021T1-2025T4
M1_prov,M1prov_08_2021-2025_ECP_MIVAU _con_0.2,D = Δhogares − altas,2021,2025,1,,,,,157638.46,,ECP 2021T1-2025T4
M1_prov,M1prov_08_2021-2025_ECP_MIVAU _sin_0.0,D = Δhogares − altas,2021,2025,1,,,,,131668.0,,ECP 2021T1-2025T4
M1_prov,M1prov_08_2021-2025_ECP_MIVAU _sin_0.1,D = Δhogares − altas,2021,2025,1,,,,,144653.23,,ECP 2021T1-2025T4
M1_prov,M1prov_08_2021-2025_ECP_MIVAU _sin_0.2,D = Δhogares − altas,2021,2025,1,,,,,157638.46,,ECP 2021T1-2025T4
M1_prov,M1prov_08_2021-2025_ECP_Catast_incluida_nan,D = Δhogares − altas,2021,2025,1,,,,,76854.0,,ECP 2021T1-2025T4
M1_prov,M1prov_08_2021-2025_Censo anual_MIVAU _con_0.0,D = Δhogares − altas,2021,2025,1,,,,,99317.35964675108,,Censo anual 1-ene-2021 a 1-ene-2025; hogares = personas/tamaño medio Censo 2021 (supuesto)
M1_prov,M1prov_08_2021-2025_Censo anual_MIVAU _con_0.1,D = Δhogares − altas,2021,2025,1,,,,,109705.54364675109,,Censo anual 1-ene-2021 a 1-ene-2025; hogares = personas/tamaño medio Censo 2021 (supuesto)
M1_prov,M1prov_08_2021-2025_Censo anual_MIVAU _con_0.2,D = Δhogares − altas,2021,2025,1,,,,,120093.72764675108,,Censo anual 1-ene-2021 a 1-ene-2025; hogares = personas/tamaño medio Censo 2021 (supuesto)
M1_prov,M1prov_08_2021-2025_Censo anual_MIVAU _sin_0.0,D = Δhogares − altas,2021,2025,1,,,,,99317.35964675108,,Censo anual 1-ene-2021 a 1-ene-2025; hogares = personas/tamaño medio Censo 2021 (supuesto)
M1_prov,M1prov_08_2021-2025_Censo anual_MIVAU _sin_0.1,D = Δhogares − altas,2021,2025,1,,,,,109705.54364675109,,Censo anual 1-ene-2021 a 1-ene-2025; hogares = personas/tamaño medio Censo 2021 (supuesto)
M1_prov,M1prov_08_2021-2025_Censo anual_MIVAU _sin_0.2,D = Δhogares − altas,2021,2025,1,,,,,120093.72764675108,,Censo anual 1-ene-2021 a 1-ene-2025; hogares = personas/tamaño medio Censo 2021 (supuesto)
M1_prov,M1prov_08_2021-2025_Censo anual_Catast_incluida_nan,D = Δhogares − altas,2021,2025,1,,,,,56834.35964675108,,Censo anual 1-ene-2021 a 1-ene-2025; hogares = personas/tamaño medio Censo 2021 (supuesto)
M1_prov,M1prov_09_2012-2025_Censo+ECP_MIVAU _con_0.0,D = Δhogares − altas,2012,2025,1,,,,,7335.0,,Censos 2011-2021 + ECP 2021T4-2025T4
M1_prov,M1prov_09_2012-2025_Censo+ECP_MIVAU _con_0.1,D = Δhogares − altas,2012,2025,1,,,,,10886.422,,Censos 2011-2021 + ECP 2021T4-2025T4
M1_prov,M1prov_09_2012-2025_Censo+ECP_MIVAU _con_0.2,D = Δhogares − altas,2012,2025,1,,,,,14437.844000000001,,Censos 2011-2021 + ECP 2021T4-2025T4
M1_prov,M1prov_09_2012-2025_Censo+ECP_MIVAU _sin_0.0,D = Δhogares − altas,2012,2025,1,,,,,7335.0,,Censos 2011-2021 + ECP 2021T4-2025T4
M1_prov,M1prov_09_2012-2025_Censo+ECP_MIVAU _sin_0.1,D = Δhogares − altas,2012,2025,1,,,,,10886.422,,Censos 2011-2021 + ECP 2021T4-2025T4
M1_prov,M1prov_09_2012-2025_Censo+ECP_MIVAU _sin_0.2,D = Δhogares − altas,2012,2025,1,,,,,14437.844000000001,,Censos 2011-2021 + ECP 2021T4-2025T4
M1_prov,M1prov_09_2012-2025_Censo+ECP_Catast_incluida_nan,D = Δhogares − altas,2012,2025,1,,,,,-3907.0,,Censos 2011-2021 + ECP 2021T4-2025T4
M1_prov,M1prov_09_2012-2025_Censo+Censo anual_MIVAU _con_0.0,D = Δhogares − altas,2012,2025,1,,,,,3300.170583807543,,Censo 2011 (viv. principales) y Censo anual 1-ene-2025 / tamaño medio 2021 (supuesto)
M1_prov,M1prov_09_2012-2025_Censo+Censo anual_MIVAU _con_0.1,D = Δhogares − altas,2012,2025,1,,,,,6597.919583807543,,Censo 2011 (viv. principales) y Censo anual 1-ene-2025 / tamaño medio 2021 (supuesto)
M1_prov,M1prov_09_2012-2025_Censo+Censo anual_MIVAU _con_0.2,D = Δhogares − altas,2012,2025,1,,,,,9895.668583807543,,Censo 2011 (viv. principales) y Censo anual 1-ene-2025 / tamaño medio 2021 (supuesto)
M1_prov,M1prov_09_2012-2025_Censo+Censo anual_MIVAU _sin_0.0,D = Δhogares − altas,2012,2025,1,,,,,3300.170583807543,,Censo 2011 (viv. principales) y Censo anual 1-ene-2025 / tamaño medio 2021 (supuesto)
M1_prov,M1prov_09_2012-2025_Censo+Censo anual_MIVAU _sin_0.1,D = Δhogares − altas,2012,2025,1,,,,,6597.919583807543,,Censo 2011 (viv. principales) y Censo anual 1-ene-2025 / tamaño medio 2021 (supuesto)
M1_prov,M1prov_09_2012-2025_Censo+Censo anual_MIVAU _sin_0.2,D = Δhogares − altas,2012,2025,1,,,,,9895.668583807543,,Censo 2011 (viv. principales) y Censo anual 1-ene-2025 / tamaño medio 2021 (supuesto)
M1_prov,M1prov_09_2012-2025_Censo+Censo anual_Catast_incluida_nan,D = Δhogares − altas,2012,2025,1,,,,,-7165.829416192457,,Censo 2011 (viv. principales) y Censo anual 1-ene-2025 / tamaño medio 2021 (supuesto)
M1_prov,M1prov_09_2021-2025_ECP_MIVAU _con_0.0,D = Δhogares − altas,2021,2025,1,,,,,7793.0,,ECP 2021T1-2025T4
M1_prov,M1prov_09_2021-2025_ECP_MIVAU _con_0.1,D = Δhogares − altas,2021,2025,1,,,,,9171.195,,ECP 2021T1-2025T4
M1_prov,M1prov_09_2021-2025_ECP_MIVAU _con_0.2,D = Δhogares − altas,2021,2025,1,,,,,10549.39,,ECP 2021T1-2025T4
M1_prov,M1prov_09_2021-2025_ECP_MIVAU _sin_0.0,D = Δhogares − altas,2021,2025,1,,,,,7793.0,,ECP 2021T1-2025T4
M1_prov,M1prov_09_2021-2025_ECP_MIVAU _sin_0.1,D = Δhogares − altas,2021,2025,1,,,,,9171.195,,ECP 2021T1-2025T4
M1_prov,M1prov_09_2021-2025_ECP_MIVAU _sin_0.2,D = Δhogares − altas,2021,2025,1,,,,,10549.39,,ECP 2021T1-2025T4
M1_prov,M1prov_09_2021-2025_ECP_Catast_incluida_nan,D = Δhogares − altas,2021,2025,1,,,,,3855.0,,ECP 2021T1-2025T4
M1_prov,M1prov_09_2021-2025_Censo anual_MIVAU _con_0.0,D = Δhogares − altas,2021,2025,1,,,,,2832.170583807543,,Censo anual 1-ene-2021 a 1-ene-2025; hogares = personas/tamaño medio Censo 2021 (supuesto)
M1_prov,M1prov_09_2021-2025_Censo anual_MIVAU _con_0.1,D = Δhogares − altas,2021,2025,1,,,,,3934.726583807543,,Censo anual 1-ene-2021 a 1-ene-2025; hogares = personas/tamaño medio Censo 2021 (supuesto)
M1_prov,M1prov_09_2021-2025_Censo anual_MIVAU _con_0.2,D = Δhogares − altas,2021,2025,1,,,,,5037.282583807543,,Censo anual 1-ene-2021 a 1-ene-2025; hogares = personas/tamaño medio Censo 2021 (supuesto)
M1_prov,M1prov_09_2021-2025_Censo anual_MIVAU _sin_0.0,D = Δhogares − altas,2021,2025,1,,,,,2832.170583807543,,Censo anual 1-ene-2021 a 1-ene-2025; hogares = personas/tamaño medio Censo 2021 (supuesto)
M1_prov,M1prov_09_2021-2025_Censo anual_MIVAU _sin_0.1,D = Δhogares − altas,2021,2025,1,,,,,3934.726583807543,,Censo anual 1-ene-2021 a 1-ene-2025; hogares = personas/tamaño medio Censo 2021 (supuesto)
M1_prov,M1prov_09_2021-2025_Censo anual_MIVAU _sin_0.2,D = Δhogares − altas,2021,2025,1,,,,,5037.282583807543,,Censo anual 1-ene-2021 a 1-ene-2025; hogares = personas/tamaño medio Censo 2021 (supuesto)
M1_prov,M1prov_09_2021-2025_Censo anual_Catast_incluida_nan,D = Δhogares − altas,2021,2025,1,,,,,-329.82941619245685,,Censo anual 1-ene-2021 a 1-ene-2025; hogares = personas/tamaño medio Censo 2021 (supuesto)
M1_prov,M1prov_10_2012-2025_Censo+ECP_MIVAU _con_0.0,D = Δhogares − altas,2012,2025,1,,,,,6808.0,,Censos 2011-2021 + ECP 2021T4-2025T4
M1_prov,M1prov_10_2012-2025_Censo+ECP_MIVAU _con_0.1,D = Δhogares − altas,2012,2025,1,,,,,10671.902,,Censos 2011-2021 + ECP 2021T4-2025T4
M1_prov,M1prov_10_2012-2025_Censo+ECP_MIVAU _con_0.2,D = Δhogares − altas,2012,2025,1,,,,,14535.804,,Censos 2011-2021 + ECP 2021T4-2025T4
M1_prov,M1prov_10_2012-2025_Censo+ECP_MIVAU _sin_0.0,D = Δhogares − altas,2012,2025,1,,,,,6808.0,,Censos 2011-2021 + ECP 2021T4-2025T4
M1_prov,M1prov_10_2012-2025_Censo+ECP_MIVAU _sin_0.1,D = Δhogares − altas,2012,2025,1,,,,,10671.902,,Censos 2011-2021 + ECP 2021T4-2025T4
M1_prov,M1prov_10_2012-2025_Censo+ECP_MIVAU _sin_0.2,D = Δhogares − altas,2012,2025,1,,,,,14535.804,,Censos 2011-2021 + ECP 2021T4-2025T4
M1_prov,M1prov_10_2012-2025_Censo+ECP_Catast_incluida_nan,D = Δhogares − altas,2012,2025,1,,,,,-14251.0,,Censos 2011-2021 + ECP 2021T4-2025T4
M1_prov,M1prov_10_2012-2025_Censo+Censo anual_MIVAU _con_0.0,D = Δhogares − altas,2012,2025,1,,,,,2168.1340130689496,,Censo 2011 (viv. principales) y Censo anual 1-ene-2025 / tamaño medio 2021 (supuesto)
M1_prov,M1prov_10_2012-2025_Censo+Censo anual_MIVAU _con_0.1,D = Δhogares − altas,2012,2025,1,,,,,5756.043013068949,,Censo 2011 (viv. principales) y Censo anual 1-ene-2025 / tamaño medio 2021 (supuesto)
M1_prov,M1prov_10_2012-2025_Censo+Censo anual_MIVAU _con_0.2,D = Δhogares − altas,2012,2025,1,,,,,9343.952013068949,,Censo 2011 (viv. principales) y Censo anual 1-ene-2025 / tamaño medio 2021 (supuesto)
M1_prov,M1prov_10_2012-2025_Censo+Censo anual_MIVAU _sin_0.0,D = Δhogares − altas,2012,2025,1,,,,,2168.1340130689496,,Censo 2011 (viv. principales) y Censo anual 1-ene-2025 / tamaño medio 2021 (supuesto)
M1_prov,M1prov_10_2012-2025_Censo+Censo anual_MIVAU _sin_0.1,D = Δhogares − altas,2012,2025,1,,,,,5756.043013068949,,Censo 2011 (viv. principales) y Censo anual 1-ene-2025 / tamaño medio 2021 (supuesto)
M1_prov,M1prov_10_2012-2025_Censo+Censo anual_MIVAU _sin_0.2,D = Δhogares − altas,2012,2025,1,,,,,9343.952013068949,,Censo 2011 (viv. principales) y Censo anual 1-ene-2025 / tamaño medio 2021 (supuesto)
M1_prov,M1prov_10_2012-2025_Censo+Censo anual_Catast_incluida_nan,D = Δhogares − altas,2012,2025,1,,,,,-17980.86598693105,,Censo 2011 (viv. principales) y Censo anual 1-ene-2025 / tamaño medio 2021 (supuesto)
M1_prov,M1prov_10_2021-2025_ECP_MIVAU _con_0.0,D = Δhogares − altas,2021,2025,1,,,,,4602.0,,ECP 2021T1-2025T4
M1_prov,M1prov_10_2021-2025_ECP_MIVAU _con_0.1,D = Δhogares − altas,2021,2025,1,,,,,6102.785,,ECP 2021T1-2025T4
M1_prov,M1prov_10_2021-2025_ECP_MIVAU _con_0.2,D = Δhogares − altas,2021,2025,1,,,,,7603.57,,ECP 2021T1-2025T4
M1_prov,M1prov_10_2021-2025_ECP_MIVAU _sin_0.0,D = Δhogares − altas,2021,2025,1,,,,,4602.0,,ECP 2021T1-2025T4
M1_prov,M1prov_10_2021-2025_ECP_MIVAU _sin_0.1,D = Δhogares − altas,2021,2025,1,,,,,6102.785,,ECP 2021T1-2025T4
M1_prov,M1prov_10_2021-2025_ECP_MIVAU _sin_0.2,D = Δhogares − altas,2021,2025,1,,,,,7603.57,,ECP 2021T1-2025T4
M1_prov,M1prov_10_2021-2025_ECP_Catast_incluida_nan,D = Δhogares − altas,2021,2025,1,,,,,729.0,,ECP 2021T1-2025T4
M1_prov,M1prov_10_2021-2025_Censo anual_MIVAU _con_0.0,D = Δhogares − altas,2021,2025,1,,,,,-1013.8659869310504,,Censo anual 1-ene-2021 a 1-ene-2025; hogares = personas/tamaño medio Censo 2021 (supuesto)
M1_prov,M1prov_10_2021-2025_Censo anual_MIVAU _con_0.1,D = Δhogares − altas,2021,2025,1,,,,,186.7620130689495,,Censo anual 1-ene-2021 a 1-ene-2025; hogares = personas/tamaño medio Censo 2021 (supuesto)
M1_prov,M1prov_10_2021-2025_Censo anual_MIVAU _con_0.2,D = Δhogares − altas,2021,2025,1,,,,,1387.3900130689494,,Censo anual 1-ene-2021 a 1-ene-2025; hogares = personas/tamaño medio Censo 2021 (supuesto)
M1_prov,M1prov_10_2021-2025_Censo anual_MIVAU _sin_0.0,D = Δhogares − altas,2021,2025,1,,,,,-1013.8659869310504,,Censo anual 1-ene-2021 a 1-ene-2025; hogares = personas/tamaño medio Censo 2021 (supuesto)
M1_prov,M1prov_10_2021-2025_Censo anual_MIVAU _sin_0.1,D = Δhogares − altas,2021,2025,1,,,,,186.7620130689495,,Censo anual 1-ene-2021 a 1-ene-2025; hogares = personas/tamaño medio Censo 2021 (supuesto)
M1_prov,M1prov_10_2021-2025_Censo anual_MIVAU _sin_0.2,D = Δhogares − altas,2021,2025,1,,,,,1387.3900130689494,,Censo anual 1-ene-2021 a 1-ene-2025; hogares = personas/tamaño medio Censo 2021 (supuesto)
M1_prov,M1prov_10_2021-2025_Censo anual_Catast_incluida_nan,D = Δhogares − altas,2021,2025,1,,,,,-3976.8659869310504,,Censo anual 1-ene-2021 a 1-ene-2025; hogares = personas/tamaño medio Censo 2021 (supuesto)
M1_prov,M1prov_11_2012-2025_Censo+ECP_MIVAU _con_0.0,D = Δhogares − altas,2012,2025,1,,,,,41305.0,,Censos 2011-2021 + ECP 2021T4-2025T4
M1_prov,M1prov_11_2012-2025_Censo+ECP_MIVAU _con_0.1,D = Δhogares − altas,2012,2025,1,,,,,49967.094,,Censos 2011-2021 + ECP 2021T4-2025T4
M1_prov,M1prov_11_2012-2025_Censo+ECP_MIVAU _con_0.2,D = Δhogares − altas,2012,2025,1,,,,,58629.188,,Censos 2011-2021 + ECP 2021T4-2025T4
M1_prov,M1prov_11_2012-2025_Censo+ECP_MIVAU _sin_0.0,D = Δhogares − altas,2012,2025,1,,,,,41305.0,,Censos 2011-2021 + ECP 2021T4-2025T4
M1_prov,M1prov_11_2012-2025_Censo+ECP_MIVAU _sin_0.1,D = Δhogares − altas,2012,2025,1,,,,,49967.094,,Censos 2011-2021 + ECP 2021T4-2025T4
M1_prov,M1prov_11_2012-2025_Censo+ECP_MIVAU _sin_0.2,D = Δhogares − altas,2012,2025,1,,,,,58629.188,,Censos 2011-2021 + ECP 2021T4-2025T4
M1_prov,M1prov_11_2012-2025_Censo+ECP_Catast_incluida_nan,D = Δhogares − altas,2012,2025,1,,,,,-2380.0,,Censos 2011-2021 + ECP 2021T4-2025T4
M1_prov,M1prov_11_2012-2025_Censo+Censo anual_MIVAU _con_0.0,D = Δhogares − altas,2012,2025,1,,,,,24831.05210289365,,Censo 2011 (viv. principales) y Censo anual 1-ene-2025 / tamaño medio 2021 (supuesto)
M1_prov,M1prov_11_2012-2025_Censo+Censo anual_MIVAU _con_0.1,D = Δhogares − altas,2012,2025,1,,,,,32874.42510289365,,Censo 2011 (viv. principales) y Censo anual 1-ene-2025 / tamaño medio 2021 (supuesto)
M1_prov,M1prov_11_2012-2025_Censo+Censo anual_MIVAU _con_0.2,D = Δhogares − altas,2012,2025,1,,,,,40917.79810289365,,Censo 2011 (viv. principales) y Censo anual 1-ene-2025 / tamaño medio 2021 (supuesto)
M1_prov,M1prov_11_2012-2025_Censo+Censo anual_MIVAU _sin_0.0,D = Δhogares − altas,2012,2025,1,,,,,24831.05210289365,,Censo 2011 (viv. principales) y Censo anual 1-ene-2025 / tamaño medio 2021 (supuesto)
M1_prov,M1prov_11_2012-2025_Censo+Censo anual_MIVAU _sin_0.1,D = Δhogares − altas,2012,2025,1,,,,,32874.42510289365,,Censo 2011 (viv. principales) y Censo anual 1-ene-2025 / tamaño medio 2021 (supuesto)
M1_prov,M1prov_11_2012-2025_Censo+Censo anual_MIVAU _sin_0.2,D = Δhogares − altas,2012,2025,1,,,,,40917.79810289365,,Censo 2011 (viv. principales) y Censo anual 1-ene-2025 / tamaño medio 2021 (supuesto)
M1_prov,M1prov_11_2012-2025_Censo+Censo anual_Catast_incluida_nan,D = Δhogares − altas,2012,2025,1,,,,,-15527.94789710635,,Censo 2011 (viv. principales) y Censo anual 1-ene-2025 / tamaño medio 2021 (supuesto)
M1_prov,M1prov_11_2021-2025_ECP_MIVAU _con_0.0,D = Δhogares − altas,2021,2025,1,,,,,26198.0,,ECP 2021T1-2025T4
M1_prov,M1prov_11_2021-2025_ECP_MIVAU _con_0.1,D = Δhogares − altas,2021,2025,1,,,,,29439.53,,ECP 2021T1-2025T4
M1_prov,M1prov_11_2021-2025_ECP_MIVAU _con_0.2,D = Δhogares − altas,2021,2025,1,,,,,32681.06,,ECP 2021T1-2025T4
M1_prov,M1prov_11_2021-2025_ECP_MIVAU _sin_0.0,D = Δhogares − altas,2021,2025,1,,,,,26198.0,,ECP 2021T1-2025T4
M1_prov,M1prov_11_2021-2025_ECP_MIVAU _sin_0.1,D = Δhogares − altas,2021,2025,1,,,,,29439.53,,ECP 2021T1-2025T4
M1_prov,M1prov_11_2021-2025_ECP_MIVAU _sin_0.2,D = Δhogares − altas,2021,2025,1,,,,,32681.06,,ECP 2021T1-2025T4
M1_prov,M1prov_11_2021-2025_ECP_Catast_incluida_nan,D = Δhogares − altas,2021,2025,1,,,,,11855.0,,ECP 2021T1-2025T4
M1_prov,M1prov_11_2021-2025_Censo anual_MIVAU _con_0.0,D = Δhogares − altas,2021,2025,1,,,,,4328.052102893649,,Censo anual 1-ene-2021 a 1-ene-2025; hogares = personas/tamaño medio Censo 2021 (supuesto)
M1_prov,M1prov_11_2021-2025_Censo anual_MIVAU _con_0.1,D = Δhogares − altas,2021,2025,1,,,,,6921.276102893649,,Censo anual 1-ene-2021 a 1-ene-2025; hogares = personas/tamaño medio Censo 2021 (supuesto)
M1_prov,M1prov_11_2021-2025_Censo anual_MIVAU _con_0.2,D = Δhogares − altas,2021,2025,1,,,,,9514.50010289365,,Censo anual 1-ene-2021 a 1-ene-2025; hogares = personas/tamaño medio Censo 2021 (supuesto)
M1_prov,M1prov_11_2021-2025_Censo anual_MIVAU _sin_0.0,D = Δhogares − altas,2021,2025,1,,,,,4328.052102893649,,Censo anual 1-ene-2021 a 1-ene-2025; hogares = personas/tamaño medio Censo 2021 (supuesto)
M1_prov,M1prov_11_2021-2025_Censo anual_MIVAU _sin_0.1,D = Δhogares − altas,2021,2025,1,,,,,6921.276102893649,,Censo anual 1-ene-2021 a 1-ene-2025; hogares = personas/tamaño medio Censo 2021 (supuesto)
M1_prov,M1prov_11_2021-2025_Censo anual_MIVAU _sin_0.2,D = Δhogares − altas,2021,2025,1,,,,,9514.50010289365,,Censo anual 1-ene-2021 a 1-ene-2025; hogares = personas/tamaño medio Censo 2021 (supuesto)
M1_prov,M1prov_11_2021-2025_Censo anual_Catast_incluida_nan,D = Δhogares − altas,2021,2025,1,,,,,-6688.947897106351,,Censo anual 1-ene-2021 a 1-ene-2025; hogares = personas/tamaño medio Censo 2021 (supuesto)
M1_prov,M1prov_12_2012-2025_Censo+ECP_MIVAU _con_0.0,D = Δhogares − altas,2012,2025,1,,,,,23215.0,,Censos 2011-2021 + ECP 2021T4-2025T4
M1_prov,M1prov_12_2012-2025_Censo+ECP_MIVAU _con_0.1,D = Δhogares − altas,2012,2025,1,,,,,29102.224000000002,,Censos 2011-2021 + ECP 2021T4-2025T4
M1_prov,M1prov_12_2012-2025_Censo+ECP_MIVAU _con_0.2,D = Δhogares − altas,2012,2025,1,,,,,34989.448000000004,,Censos 2011-2021 + ECP 2021T4-2025T4
M1_prov,M1prov_12_2012-2025_Censo+ECP_MIVAU _sin_0.0,D = Δhogares − altas,2012,2025,1,,,,,23215.0,,Censos 2011-2021 + ECP 2021T4-2025T4
M1_prov,M1prov_12_2012-2025_Censo+ECP_MIVAU _sin_0.1,D = Δhogares − altas,2012,2025,1,,,,,29102.224000000002,,Censos 2011-2021 + ECP 2021T4-2025T4
M1_prov,M1prov_12_2012-2025_Censo+ECP_MIVAU _sin_0.2,D = Δhogares − altas,2012,2025,1,,,,,34989.448000000004,,Censos 2011-2021 + ECP 2021T4-2025T4
M1_prov,M1prov_12_2012-2025_Censo+ECP_Catast_incluida_nan,D = Δhogares − altas,2012,2025,1,,,,,5307.0,,Censos 2011-2021 + ECP 2021T4-2025T4
M1_prov,M1prov_12_2012-2025_Censo+Censo anual_MIVAU _con_0.0,D = Δhogares − altas,2012,2025,1,,,,,20678.279515070637,,Censo 2011 (viv. principales) y Censo anual 1-ene-2025 / tamaño medio 2021 (supuesto)
M1_prov,M1prov_12_2012-2025_Censo+Censo anual_MIVAU _con_0.1,D = Δhogares − altas,2012,2025,1,,,,,26144.987515070636,,Censo 2011 (viv. principales) y Censo anual 1-ene-2025 / tamaño medio 2021 (supuesto)
M1_prov,M1prov_12_2012-2025_Censo+Censo anual_MIVAU _con_0.2,D = Δhogares − altas,2012,2025,1,,,,,31611.695515070638,,Censo 2011 (viv. principales) y Censo anual 1-ene-2025 / tamaño medio 2021 (supuesto)
M1_prov,M1prov_12_2012-2025_Censo+Censo anual_MIVAU _sin_0.0,D = Δhogares − altas,2012,2025,1,,,,,20678.279515070637,,Censo 2011 (viv. principales) y Censo anual 1-ene-2025 / tamaño medio 2021 (supuesto)
M1_prov,M1prov_12_2012-2025_Censo+Censo anual_MIVAU _sin_0.1,D = Δhogares − altas,2012,2025,1,,,,,26144.987515070636,,Censo 2011 (viv. principales) y Censo anual 1-ene-2025 / tamaño medio 2021 (supuesto)
M1_prov,M1prov_12_2012-2025_Censo+Censo anual_MIVAU _sin_0.2,D = Δhogares − altas,2012,2025,1,,,,,31611.695515070638,,Censo 2011 (viv. principales) y Censo anual 1-ene-2025 / tamaño medio 2021 (supuesto)
M1_prov,M1prov_12_2012-2025_Censo+Censo anual_Catast_incluida_nan,D = Δhogares − altas,2012,2025,1,,,,,4162.279515070637,,Censo 2011 (viv. principales) y Censo anual 1-ene-2025 / tamaño medio 2021 (supuesto)
M1_prov,M1prov_12_2021-2025_ECP_MIVAU _con_0.0,D = Δhogares − altas,2021,2025,1,,,,,22033.0,,ECP 2021T1-2025T4
M1_prov,M1prov_12_2021-2025_ECP_MIVAU _con_0.1,D = Δhogares − altas,2021,2025,1,,,,,24267.36,,ECP 2021T1-2025T4
M1_prov,M1prov_12_2021-2025_ECP_MIVAU _con_0.2,D = Δhogares − altas,2021,2025,1,,,,,26501.72,,ECP 2021T1-2025T4
M1_prov,M1prov_12_2021-2025_ECP_MIVAU _sin_0.0,D = Δhogares − altas,2021,2025,1,,,,,22033.0,,ECP 2021T1-2025T4
M1_prov,M1prov_12_2021-2025_ECP_MIVAU _sin_0.1,D = Δhogares − altas,2021,2025,1,,,,,24267.36,,ECP 2021T1-2025T4
M1_prov,M1prov_12_2021-2025_ECP_MIVAU _sin_0.2,D = Δhogares − altas,2021,2025,1,,,,,26501.72,,ECP 2021T1-2025T4
M1_prov,M1prov_12_2021-2025_ECP_Catast_incluida_nan,D = Δhogares − altas,2021,2025,1,,,,,16673.0,,ECP 2021T1-2025T4
M1_prov,M1prov_12_2021-2025_Censo anual_MIVAU _con_0.0,D = Δhogares − altas,2021,2025,1,,,,,16218.279515070637,,Censo anual 1-ene-2021 a 1-ene-2025; hogares = personas/tamaño medio Censo 2021 (supuesto)
M1_prov,M1prov_12_2021-2025_Censo anual_MIVAU _con_0.1,D = Δhogares − altas,2021,2025,1,,,,,18005.76751507064,,Censo anual 1-ene-2021 a 1-ene-2025; hogares = personas/tamaño medio Censo 2021 (supuesto)
M1_prov,M1prov_12_2021-2025_Censo anual_MIVAU _con_0.2,D = Δhogares − altas,2021,2025,1,,,,,19793.255515070636,,Censo anual 1-ene-2021 a 1-ene-2025; hogares = personas/tamaño medio Censo 2021 (supuesto)
M1_prov,M1prov_12_2021-2025_Censo anual_MIVAU _sin_0.0,D = Δhogares − altas,2021,2025,1,,,,,16218.279515070637,,Censo anual 1-ene-2021 a 1-ene-2025; hogares = personas/tamaño medio Censo 2021 (supuesto)
M1_prov,M1prov_12_2021-2025_Censo anual_MIVAU _sin_0.1,D = Δhogares − altas,2021,2025,1,,,,,18005.76751507064,,Censo anual 1-ene-2021 a 1-ene-2025; hogares = personas/tamaño medio Censo 2021 (supuesto)
M1_prov,M1prov_12_2021-2025_Censo anual_MIVAU _sin_0.2,D = Δhogares − altas,2021,2025,1,,,,,19793.255515070636,,Censo anual 1-ene-2021 a 1-ene-2025; hogares = personas/tamaño medio Censo 2021 (supuesto)
M1_prov,M1prov_12_2021-2025_Censo anual_Catast_incluida_nan,D = Δhogares − altas,2021,2025,1,,,,,12250.279515070637,,Censo anual 1-ene-2021 a 1-ene-2025; hogares = personas/tamaño medio Censo 2021 (supuesto)
M1_prov,M1prov_13_2012-2025_Censo+ECP_MIVAU _con_0.0,D = Δhogares − altas,2012,2025,1,,,,,2846.0,,Censos 2011-2021 + ECP 2021T4-2025T4
M1_prov,M1prov_13_2012-2025_Censo+ECP_MIVAU _con_0.1,D = Δhogares − altas,2012,2025,1,,,,,6852.002,,Censos 2011-2021 + ECP 2021T4-2025T4
M1_prov,M1prov_13_2012-2025_Censo+ECP_MIVAU _con_0.2,D = Δhogares − altas,2012,2025,1,,,,,10858.004,,Censos 2011-2021 + ECP 2021T4-2025T4
M1_prov,M1prov_13_2012-2025_Censo+ECP_MIVAU _sin_0.0,D = Δhogares − altas,2012,2025,1,,,,,2846.0,,Censos 2011-2021 + ECP 2021T4-2025T4
M1_prov,M1prov_13_2012-2025_Censo+ECP_MIVAU _sin_0.1,D = Δhogares − altas,2012,2025,1,,,,,6852.002,,Censos 2011-2021 + ECP 2021T4-2025T4
M1_prov,M1prov_13_2012-2025_Censo+ECP_MIVAU _sin_0.2,D = Δhogares − altas,2012,2025,1,,,,,10858.004,,Censos 2011-2021 + ECP 2021T4-2025T4
M1_prov,M1prov_13_2012-2025_Censo+ECP_Catast_incluida_nan,D = Δhogares − altas,2012,2025,1,,,,,-17457.0,,Censos 2011-2021 + ECP 2021T4-2025T4
M1_prov,M1prov_13_2012-2025_Censo+Censo anual_MIVAU _con_0.0,D = Δhogares − altas,2012,2025,1,,,,,-3368.7550497058255,,Censo 2011 (viv. principales) y Censo anual 1-ene-2025 / tamaño medio 2021 (supuesto)
M1_prov,M1prov_13_2012-2025_Censo+Censo anual_MIVAU _con_0.1,D = Δhogares − altas,2012,2025,1,,,,,351.10395029417487,,Censo 2011 (viv. principales) y Censo anual 1-ene-2025 / tamaño medio 2021 (supuesto)
M1_prov,M1prov_13_2012-2025_Censo+Censo anual_MIVAU _con_0.2,D = Δhogares − altas,2012,2025,1,,,,,4070.9629502941752,,Censo 2011 (viv. principales) y Censo anual 1-ene-2025 / tamaño medio 2021 (supuesto)
M1_prov,M1prov_13_2012-2025_Censo+Censo anual_MIVAU _sin_0.0,D = Δhogares − altas,2012,2025,1,,,,,-3368.7550497058255,,Censo 2011 (viv. principales) y Censo anual 1-ene-2025 / tamaño medio 2021 (supuesto)
M1_prov,M1prov_13_2012-2025_Censo+Censo anual_MIVAU _sin_0.1,D = Δhogares − altas,2012,2025,1,,,,,351.10395029417487,,Censo 2011 (viv. principales) y Censo anual 1-ene-2025 / tamaño medio 2021 (supuesto)
M1_prov,M1prov_13_2012-2025_Censo+Censo anual_MIVAU _sin_0.2,D = Δhogares − altas,2012,2025,1,,,,,4070.9629502941752,,Censo 2011 (viv. principales) y Censo anual 1-ene-2025 / tamaño medio 2021 (supuesto)
M1_prov,M1prov_13_2012-2025_Censo+Censo anual_Catast_incluida_nan,D = Δhogares − altas,2012,2025,1,,,,,-23181.755049705826,,Censo 2011 (viv. principales) y Censo anual 1-ene-2025 / tamaño medio 2021 (supuesto)
M1_prov,M1prov_13_2021-2025_ECP_MIVAU _con_0.0,D = Δhogares − altas,2021,2025,1,,,,,8281.0,,ECP 2021T1-2025T4
M1_prov,M1prov_13_2021-2025_ECP_MIVAU _con_0.1,D = Δhogares − altas,2021,2025,1,,,,,9846.9,,ECP 2021T1-2025T4
M1_prov,M1prov_13_2021-2025_ECP_MIVAU _con_0.2,D = Δhogares − altas,2021,2025,1,,,,,11412.8,,ECP 2021T1-2025T4
M1_prov,M1prov_13_2021-2025_ECP_MIVAU _sin_0.0,D = Δhogares − altas,2021,2025,1,,,,,8281.0,,ECP 2021T1-2025T4
M1_prov,M1prov_13_2021-2025_ECP_MIVAU _sin_0.1,D = Δhogares − altas,2021,2025,1,,,,,9846.9,,ECP 2021T1-2025T4
M1_prov,M1prov_13_2021-2025_ECP_MIVAU _sin_0.2,D = Δhogares − altas,2021,2025,1,,,,,11412.8,,ECP 2021T1-2025T4
M1_prov,M1prov_13_2021-2025_ECP_Catast_incluida_nan,D = Δhogares − altas,2021,2025,1,,,,,6165.0,,ECP 2021T1-2025T4
M1_prov,M1prov_13_2021-2025_Censo anual_MIVAU _con_0.0,D = Δhogares − altas,2021,2025,1,,,,,766.2449502941745,,Censo anual 1-ene-2021 a 1-ene-2025; hogares = personas/tamaño medio Censo 2021 (supuesto)
M1_prov,M1prov_13_2021-2025_Censo anual_MIVAU _con_0.1,D = Δhogares − altas,2021,2025,1,,,,,2018.9649502941745,,Censo anual 1-ene-2021 a 1-ene-2025; hogares = personas/tamaño medio Censo 2021 (supuesto)
M1_prov,M1prov_13_2021-2025_Censo anual_MIVAU _con_0.2,D = Δhogares − altas,2021,2025,1,,,,,3271.6849502941745,,Censo anual 1-ene-2021 a 1-ene-2025; hogares = personas/tamaño medio Censo 2021 (supuesto)
M1_prov,M1prov_13_2021-2025_Censo anual_MIVAU _sin_0.0,D = Δhogares − altas,2021,2025,1,,,,,766.2449502941745,,Censo anual 1-ene-2021 a 1-ene-2025; hogares = personas/tamaño medio Censo 2021 (supuesto)
M1_prov,M1prov_13_2021-2025_Censo anual_MIVAU _sin_0.1,D = Δhogares − altas,2021,2025,1,,,,,2018.9649502941745,,Censo anual 1-ene-2021 a 1-ene-2025; hogares = personas/tamaño medio Censo 2021 (supuesto)
M1_prov,M1prov_13_2021-2025_Censo anual_MIVAU _sin_0.2,D = Δhogares − altas,2021,2025,1,,,,,3271.6849502941745,,Censo anual 1-ene-2021 a 1-ene-2025; hogares = personas/tamaño medio Censo 2021 (supuesto)
M1_prov,M1prov_13_2021-2025_Censo anual_Catast_incluida_nan,D = Δhogares − altas,2021,2025,1,,,,,-859.7550497058255,,Censo anual 1-ene-2021 a 1-ene-2025; hogares = personas/tamaño medio Censo 2021 (supuesto)
M1_prov,M1prov_14_2012-2025_Censo+ECP_MIVAU _con_0.0,D = Δhogares − altas,2012,2025,1,,,,,11166.0,,Censos 2011-2021 + ECP 2021T4-2025T4
M1_prov,M1prov_14_2012-2025_Censo+ECP_MIVAU _con_0.1,D = Δhogares − altas,2012,2025,1,,,,,16713.416,,Censos 2011-2021 + ECP 2021T4-2025T4
M1_prov,M1prov_14_2012-2025_Censo+ECP_MIVAU _con_0.2,D = Δhogares − altas,2012,2025,1,,,,,22260.832000000002,,Censos 2011-2021 + ECP 2021T4-2025T4
M1_prov,M1prov_14_2012-2025_Censo+ECP_MIVAU _sin_0.0,D = Δhogares − altas,2012,2025,1,,,,,11166.0,,Censos 2011-2021 + ECP 2021T4-2025T4
M1_prov,M1prov_14_2012-2025_Censo+ECP_MIVAU _sin_0.1,D = Δhogares − altas,2012,2025,1,,,,,16713.416,,Censos 2011-2021 + ECP 2021T4-2025T4
M1_prov,M1prov_14_2012-2025_Censo+ECP_MIVAU _sin_0.2,D = Δhogares − altas,2012,2025,1,,,,,22260.832000000002,,Censos 2011-2021 + ECP 2021T4-2025T4
M1_prov,M1prov_14_2012-2025_Censo+ECP_Catast_incluida_nan,D = Δhogares − altas,2012,2025,1,,,,,-24511.0,,Censos 2011-2021 + ECP 2021T4-2025T4
M1_prov,M1prov_14_2012-2025_Censo+Censo anual_MIVAU _con_0.0,D = Δhogares − altas,2012,2025,1,,,,,941.5055926915375,,Censo 2011 (viv. principales) y Censo anual 1-ene-2025 / tamaño medio 2021 (supuesto)
M1_prov,M1prov_14_2012-2025_Censo+Censo anual_MIVAU _con_0.1,D = Δhogares − altas,2012,2025,1,,,,,6092.677592691538,,Censo 2011 (viv. principales) y Censo anual 1-ene-2025 / tamaño medio 2021 (supuesto)
M1_prov,M1prov_14_2012-2025_Censo+Censo anual_MIVAU _con_0.2,D = Δhogares − altas,2012,2025,1,,,,,11243.849592691538,,Censo 2011 (viv. principales) y Censo anual 1-ene-2025 / tamaño medio 2021 (supuesto)
M1_prov,M1prov_14_2012-2025_Censo+Censo anual_MIVAU _sin_0.0,D = Δhogares − altas,2012,2025,1,,,,,941.5055926915375,,Censo 2011 (viv. principales) y Censo anual 1-ene-2025 / tamaño medio 2021 (supuesto)
M1_prov,M1prov_14_2012-2025_Censo+Censo anual_MIVAU _sin_0.1,D = Δhogares − altas,2012,2025,1,,,,,6092.677592691538,,Censo 2011 (viv. principales) y Censo anual 1-ene-2025 / tamaño medio 2021 (supuesto)
M1_prov,M1prov_14_2012-2025_Censo+Censo anual_MIVAU _sin_0.2,D = Δhogares − altas,2012,2025,1,,,,,11243.849592691538,,Censo 2011 (viv. principales) y Censo anual 1-ene-2025 / tamaño medio 2021 (supuesto)
M1_prov,M1prov_14_2012-2025_Censo+Censo anual_Catast_incluida_nan,D = Δhogares − altas,2012,2025,1,,,,,-33260.49440730846,,Censo 2011 (viv. principales) y Censo anual 1-ene-2025 / tamaño medio 2021 (supuesto)
M1_prov,M1prov_14_2021-2025_ECP_MIVAU _con_0.0,D = Δhogares − altas,2021,2025,1,,,,,10556.0,,ECP 2021T1-2025T4
M1_prov,M1prov_14_2021-2025_ECP_MIVAU _con_0.1,D = Δhogares − altas,2021,2025,1,,,,,12626.125,,ECP 2021T1-2025T4
M1_prov,M1prov_14_2021-2025_ECP_MIVAU _con_0.2,D = Δhogares − altas,2021,2025,1,,,,,14696.25,,ECP 2021T1-2025T4
M1_prov,M1prov_14_2021-2025_ECP_MIVAU _sin_0.0,D = Δhogares − altas,2021,2025,1,,,,,10556.0,,ECP 2021T1-2025T4
M1_prov,M1prov_14_2021-2025_ECP_MIVAU _sin_0.1,D = Δhogares − altas,2021,2025,1,,,,,12626.125,,ECP 2021T1-2025T4
M1_prov,M1prov_14_2021-2025_ECP_MIVAU _sin_0.2,D = Δhogares − altas,2021,2025,1,,,,,14696.25,,ECP 2021T1-2025T4
M1_prov,M1prov_14_2021-2025_ECP_Catast_incluida_nan,D = Δhogares − altas,2021,2025,1,,,,,1135.0,,ECP 2021T1-2025T4
M1_prov,M1prov_14_2021-2025_Censo anual_MIVAU _con_0.0,D = Δhogares − altas,2021,2025,1,,,,,-1716.4944073084625,,Censo anual 1-ene-2021 a 1-ene-2025; hogares = personas/tamaño medio Censo 2021 (supuesto)
M1_prov,M1prov_14_2021-2025_Censo anual_MIVAU _con_0.1,D = Δhogares − altas,2021,2025,1,,,,,-60.394407308462405,,Censo anual 1-ene-2021 a 1-ene-2025; hogares = personas/tamaño medio Censo 2021 (supuesto)
M1_prov,M1prov_14_2021-2025_Censo anual_MIVAU _con_0.2,D = Δhogares − altas,2021,2025,1,,,,,1595.7055926915377,,Censo anual 1-ene-2021 a 1-ene-2025; hogares = personas/tamaño medio Censo 2021 (supuesto)
M1_prov,M1prov_14_2021-2025_Censo anual_MIVAU _sin_0.0,D = Δhogares − altas,2021,2025,1,,,,,-1716.4944073084625,,Censo anual 1-ene-2021 a 1-ene-2025; hogares = personas/tamaño medio Censo 2021 (supuesto)
M1_prov,M1prov_14_2021-2025_Censo anual_MIVAU _sin_0.1,D = Δhogares − altas,2021,2025,1,,,,,-60.394407308462405,,Censo anual 1-ene-2021 a 1-ene-2025; hogares = personas/tamaño medio Censo 2021 (supuesto)
M1_prov,M1prov_14_2021-2025_Censo anual_MIVAU _sin_0.2,D = Δhogares − altas,2021,2025,1,,,,,1595.7055926915377,,Censo anual 1-ene-2021 a 1-ene-2025; hogares = personas/tamaño medio Censo 2021 (supuesto)
M1_prov,M1prov_14_2021-2025_Censo anual_Catast_incluida_nan,D = Δhogares − altas,2021,2025,1,,,,,-9662.494407308463,,Censo anual 1-ene-2021 a 1-ene-2025; hogares = personas/tamaño medio Censo 2021 (supuesto)
M1_prov,M1prov_15_2012-2025_Censo+ECP_MIVAU _con_0.0,D = Δhogares − altas,2012,2025,1,,,,,30970.0,,Censos 2011-2021 + ECP 2021T4-2025T4
M1_prov,M1prov_15_2012-2025_Censo+ECP_MIVAU _con_0.1,D = Δhogares − altas,2012,2025,1,,,,,40025.144,,Censos 2011-2021 + ECP 2021T4-2025T4
M1_prov,M1prov_15_2012-2025_Censo+ECP_MIVAU _con_0.2,D = Δhogares − altas,2012,2025,1,,,,,49080.288,,Censos 2011-2021 + ECP 2021T4-2025T4
M1_prov,M1prov_15_2012-2025_Censo+ECP_MIVAU _sin_0.0,D = Δhogares − altas,2012,2025,1,,,,,30970.0,,Censos 2011-2021 + ECP 2021T4-2025T4
M1_prov,M1prov_15_2012-2025_Censo+ECP_MIVAU _sin_0.1,D = Δhogares − altas,2012,2025,1,,,,,40025.144,,Censos 2011-2021 + ECP 2021T4-2025T4
M1_prov,M1prov_15_2012-2025_Censo+ECP_MIVAU _sin_0.2,D = Δhogares − altas,2012,2025,1,,,,,49080.288,,Censos 2011-2021 + ECP 2021T4-2025T4
M1_prov,M1prov_15_2012-2025_Censo+ECP_Catast_incluida_nan,D = Δhogares − altas,2012,2025,1,,,,,4449.0,,Censos 2011-2021 + ECP 2021T4-2025T4
M1_prov,M1prov_15_2012-2025_Censo+Censo anual_MIVAU _con_0.0,D = Δhogares − altas,2012,2025,1,,,,,19116.284212151484,,Censo 2011 (viv. principales) y Censo anual 1-ene-2025 / tamaño medio 2021 (supuesto)
M1_prov,M1prov_15_2012-2025_Censo+Censo anual_MIVAU _con_0.1,D = Δhogares − altas,2012,2025,1,,,,,27524.632212151482,,Censo 2011 (viv. principales) y Censo anual 1-ene-2025 / tamaño medio 2021 (supuesto)
M1_prov,M1prov_15_2012-2025_Censo+Censo anual_MIVAU _con_0.2,D = Δhogares − altas,2012,2025,1,,,,,35932.98021215148,,Censo 2011 (viv. principales) y Censo anual 1-ene-2025 / tamaño medio 2021 (supuesto)
M1_prov,M1prov_15_2012-2025_Censo+Censo anual_MIVAU _sin_0.0,D = Δhogares − altas,2012,2025,1,,,,,19116.284212151484,,Censo 2011 (viv. principales) y Censo anual 1-ene-2025 / tamaño medio 2021 (supuesto)
M1_prov,M1prov_15_2012-2025_Censo+Censo anual_MIVAU _sin_0.1,D = Δhogares − altas,2012,2025,1,,,,,27524.632212151482,,Censo 2011 (viv. principales) y Censo anual 1-ene-2025 / tamaño medio 2021 (supuesto)
M1_prov,M1prov_15_2012-2025_Censo+Censo anual_MIVAU _sin_0.2,D = Δhogares − altas,2012,2025,1,,,,,35932.98021215148,,Censo 2011 (viv. principales) y Censo anual 1-ene-2025 / tamaño medio 2021 (supuesto)
M1_prov,M1prov_15_2012-2025_Censo+Censo anual_Catast_incluida_nan,D = Δhogares − altas,2012,2025,1,,,,,-5128.715787848516,,Censo 2011 (viv. principales) y Censo anual 1-ene-2025 / tamaño medio 2021 (supuesto)
M1_prov,M1prov_15_2021-2025_ECP_MIVAU _con_0.0,D = Δhogares − altas,2021,2025,1,,,,,21752.0,,ECP 2021T1-2025T4
M1_prov,M1prov_15_2021-2025_ECP_MIVAU _con_0.1,D = Δhogares − altas,2021,2025,1,,,,,25186.805,,ECP 2021T1-2025T4
M1_prov,M1prov_15_2021-2025_ECP_MIVAU _con_0.2,D = Δhogares − altas,2021,2025,1,,,,,28621.61,,ECP 2021T1-2025T4
M1_prov,M1prov_15_2021-2025_ECP_MIVAU _sin_0.0,D = Δhogares − altas,2021,2025,1,,,,,21752.0,,ECP 2021T1-2025T4
M1_prov,M1prov_15_2021-2025_ECP_MIVAU _sin_0.1,D = Δhogares − altas,2021,2025,1,,,,,25186.805,,ECP 2021T1-2025T4
M1_prov,M1prov_15_2021-2025_ECP_MIVAU _sin_0.2,D = Δhogares − altas,2021,2025,1,,,,,28621.61,,ECP 2021T1-2025T4
M1_prov,M1prov_15_2021-2025_ECP_Catast_incluida_nan,D = Δhogares − altas,2021,2025,1,,,,,9965.0,,ECP 2021T1-2025T4
M1_prov,M1prov_15_2021-2025_Censo anual_MIVAU _con_0.0,D = Δhogares − altas,2021,2025,1,,,,,6118.284212151484,,Censo anual 1-ene-2021 a 1-ene-2025; hogares = personas/tamaño medio Censo 2021 (supuesto)
M1_prov,M1prov_15_2021-2025_Censo anual_MIVAU _con_0.1,D = Δhogares − altas,2021,2025,1,,,,,8866.128212151485,,Censo anual 1-ene-2021 a 1-ene-2025; hogares = personas/tamaño medio Censo 2021 (supuesto)
M1_prov,M1prov_15_2021-2025_Censo anual_MIVAU _con_0.2,D = Δhogares − altas,2021,2025,1,,,,,11613.972212151484,,Censo anual 1-ene-2021 a 1-ene-2025; hogares = personas/tamaño medio Censo 2021 (supuesto)
M1_prov,M1prov_15_2021-2025_Censo anual_MIVAU _sin_0.0,D = Δhogares − altas,2021,2025,1,,,,,6118.284212151484,,Censo anual 1-ene-2021 a 1-ene-2025; hogares = personas/tamaño medio Censo 2021 (supuesto)
M1_prov,M1prov_15_2021-2025_Censo anual_MIVAU _sin_0.1,D = Δhogares − altas,2021,2025,1,,,,,8866.128212151485,,Censo anual 1-ene-2021 a 1-ene-2025; hogares = personas/tamaño medio Censo 2021 (supuesto)
M1_prov,M1prov_15_2021-2025_Censo anual_MIVAU _sin_0.2,D = Δhogares − altas,2021,2025,1,,,,,11613.972212151484,,Censo anual 1-ene-2021 a 1-ene-2025; hogares = personas/tamaño medio Censo 2021 (supuesto)
M1_prov,M1prov_15_2021-2025_Censo anual_Catast_incluida_nan,D = Δhogares − altas,2021,2025,1,,,,,-3392.715787848516,,Censo anual 1-ene-2021 a 1-ene-2025; hogares = personas/tamaño medio Censo 2021 (supuesto)
M1_prov,M1prov_16_2012-2025_Censo+ECP_MIVAU _con_0.0,D = Δhogares − altas,2012,2025,1,,,,,308.0,,Censos 2011-2021 + ECP 2021T4-2025T4
M1_prov,M1prov_16_2012-2025_Censo+ECP_MIVAU _con_0.1,D = Δhogares − altas,2012,2025,1,,,,,2500.6800000000003,,Censos 2011-2021 + ECP 2021T4-2025T4
M1_prov,M1prov_16_2012-2025_Censo+ECP_MIVAU _con_0.2,D = Δhogares − altas,2012,2025,1,,,,,4693.360000000001,,Censos 2011-2021 + ECP 2021T4-2025T4
M1_prov,M1prov_16_2012-2025_Censo+ECP_MIVAU _sin_0.0,D = Δhogares − altas,2012,2025,1,,,,,308.0,,Censos 2011-2021 + ECP 2021T4-2025T4
M1_prov,M1prov_16_2012-2025_Censo+ECP_MIVAU _sin_0.1,D = Δhogares − altas,2012,2025,1,,,,,2500.6800000000003,,Censos 2011-2021 + ECP 2021T4-2025T4
M1_prov,M1prov_16_2012-2025_Censo+ECP_MIVAU _sin_0.2,D = Δhogares − altas,2012,2025,1,,,,,4693.360000000001,,Censos 2011-2021 + ECP 2021T4-2025T4
M1_prov,M1prov_16_2012-2025_Censo+ECP_Catast_incluida_nan,D = Δhogares − altas,2012,2025,1,,,,,-11976.0,,Censos 2011-2021 + ECP 2021T4-2025T4
M1_prov,M1prov_16_2012-2025_Censo+Censo anual_MIVAU _con_0.0,D = Δhogares − altas,2012,2025,1,,,,,-1065.168418909976,,Censo 2011 (viv. principales) y Censo anual 1-ene-2025 / tamaño medio 2021 (supuesto)
M1_prov,M1prov_16_2012-2025_Censo+Censo anual_MIVAU _con_0.1,D = Δhogares − altas,2012,2025,1,,,,,970.8915810900239,,Censo 2011 (viv. principales) y Censo anual 1-ene-2025 / tamaño medio 2021 (supuesto)
M1_prov,M1prov_16_2012-2025_Censo+Censo anual_MIVAU _con_0.2,D = Δhogares − altas,2012,2025,1,,,,,3006.951581090024,,Censo 2011 (viv. principales) y Censo anual 1-ene-2025 / tamaño medio 2021 (supuesto)
M1_prov,M1prov_16_2012-2025_Censo+Censo anual_MIVAU _sin_0.0,D = Δhogares − altas,2012,2025,1,,,,,-1065.168418909976,,Censo 2011 (viv. principales) y Censo anual 1-ene-2025 / tamaño medio 2021 (supuesto)
M1_prov,M1prov_16_2012-2025_Censo+Censo anual_MIVAU _sin_0.1,D = Δhogares − altas,2012,2025,1,,,,,970.8915810900239,,Censo 2011 (viv. principales) y Censo anual 1-ene-2025 / tamaño medio 2021 (supuesto)
M1_prov,M1prov_16_2012-2025_Censo+Censo anual_MIVAU _sin_0.2,D = Δhogares − altas,2012,2025,1,,,,,3006.951581090024,,Censo 2011 (viv. principales) y Censo anual 1-ene-2025 / tamaño medio 2021 (supuesto)
M1_prov,M1prov_16_2012-2025_Censo+Censo anual_Catast_incluida_nan,D = Δhogares − altas,2012,2025,1,,,,,-12870.168418909976,,Censo 2011 (viv. principales) y Censo anual 1-ene-2025 / tamaño medio 2021 (supuesto)
M1_prov,M1prov_16_2021-2025_ECP_MIVAU _con_0.0,D = Δhogares − altas,2021,2025,1,,,,,3348.0,,ECP 2021T1-2025T4
M1_prov,M1prov_16_2021-2025_ECP_MIVAU _con_0.1,D = Δhogares − altas,2021,2025,1,,,,,4176.08,,ECP 2021T1-2025T4
M1_prov,M1prov_16_2021-2025_ECP_MIVAU _con_0.2,D = Δhogares − altas,2021,2025,1,,,,,5004.16,,ECP 2021T1-2025T4
M1_prov,M1prov_16_2021-2025_ECP_MIVAU _sin_0.0,D = Δhogares − altas,2021,2025,1,,,,,3348.0,,ECP 2021T1-2025T4
M1_prov,M1prov_16_2021-2025_ECP_MIVAU _sin_0.1,D = Δhogares − altas,2021,2025,1,,,,,4176.08,,ECP 2021T1-2025T4
M1_prov,M1prov_16_2021-2025_ECP_MIVAU _sin_0.2,D = Δhogares − altas,2021,2025,1,,,,,5004.16,,ECP 2021T1-2025T4
M1_prov,M1prov_16_2021-2025_ECP_Catast_incluida_nan,D = Δhogares − altas,2021,2025,1,,,,,2413.0,,ECP 2021T1-2025T4
M1_prov,M1prov_16_2021-2025_Censo anual_MIVAU _con_0.0,D = Δhogares − altas,2021,2025,1,,,,,1378.831581090024,,Censo anual 1-ene-2021 a 1-ene-2025; hogares = personas/tamaño medio Censo 2021 (supuesto)
M1_prov,M1prov_16_2021-2025_Censo anual_MIVAU _con_0.1,D = Δhogares − altas,2021,2025,1,,,,,2041.295581090024,,Censo anual 1-ene-2021 a 1-ene-2025; hogares = personas/tamaño medio Censo 2021 (supuesto)
M1_prov,M1prov_16_2021-2025_Censo anual_MIVAU _con_0.2,D = Δhogares − altas,2021,2025,1,,,,,2703.759581090024,,Censo anual 1-ene-2021 a 1-ene-2025; hogares = personas/tamaño medio Censo 2021 (supuesto)
M1_prov,M1prov_16_2021-2025_Censo anual_MIVAU _sin_0.0,D = Δhogares − altas,2021,2025,1,,,,,1378.831581090024,,Censo anual 1-ene-2021 a 1-ene-2025; hogares = personas/tamaño medio Censo 2021 (supuesto)
M1_prov,M1prov_16_2021-2025_Censo anual_MIVAU _sin_0.1,D = Δhogares − altas,2021,2025,1,,,,,2041.295581090024,,Censo anual 1-ene-2021 a 1-ene-2025; hogares = personas/tamaño medio Censo 2021 (supuesto)
M1_prov,M1prov_16_2021-2025_Censo anual_MIVAU _sin_0.2,D = Δhogares − altas,2021,2025,1,,,,,2703.759581090024,,Censo anual 1-ene-2021 a 1-ene-2025; hogares = personas/tamaño medio Censo 2021 (supuesto)
M1_prov,M1prov_16_2021-2025_Censo anual_Catast_incluida_nan,D = Δhogares − altas,2021,2025,1,,,,,922.831581090024,,Censo anual 1-ene-2021 a 1-ene-2025; hogares = personas/tamaño medio Censo 2021 (supuesto)
M1_prov,M1prov_17_2012-2025_Censo+ECP_MIVAU _con_0.0,D = Δhogares − altas,2012,2025,1,,,,,25657.0,,Censos 2011-2021 + ECP 2021T4-2025T4
M1_prov,M1prov_17_2012-2025_Censo+ECP_MIVAU _con_0.1,D = Δhogares − altas,2012,2025,1,,,,,32510.224000000002,,Censos 2011-2021 + ECP 2021T4-2025T4
M1_prov,M1prov_17_2012-2025_Censo+ECP_MIVAU _con_0.2,D = Δhogares − altas,2012,2025,1,,,,,39363.448000000004,,Censos 2011-2021 + ECP 2021T4-2025T4
M1_prov,M1prov_17_2012-2025_Censo+ECP_MIVAU _sin_0.0,D = Δhogares − altas,2012,2025,1,,,,,25657.0,,Censos 2011-2021 + ECP 2021T4-2025T4
M1_prov,M1prov_17_2012-2025_Censo+ECP_MIVAU _sin_0.1,D = Δhogares − altas,2012,2025,1,,,,,32510.224000000002,,Censos 2011-2021 + ECP 2021T4-2025T4
M1_prov,M1prov_17_2012-2025_Censo+ECP_MIVAU _sin_0.2,D = Δhogares − altas,2012,2025,1,,,,,39363.448000000004,,Censos 2011-2021 + ECP 2021T4-2025T4
M1_prov,M1prov_17_2012-2025_Censo+ECP_Catast_incluida_nan,D = Δhogares − altas,2012,2025,1,,,,,10509.0,,Censos 2011-2021 + ECP 2021T4-2025T4
M1_prov,M1prov_17_2012-2025_Censo+Censo anual_MIVAU _con_0.0,D = Δhogares − altas,2012,2025,1,,,,,24192.90058998065,,Censo 2011 (viv. principales) y Censo anual 1-ene-2025 / tamaño medio 2021 (supuesto)
M1_prov,M1prov_17_2012-2025_Censo+Censo anual_MIVAU _con_0.1,D = Δhogares − altas,2012,2025,1,,,,,30556.60858998065,,Censo 2011 (viv. principales) y Censo anual 1-ene-2025 / tamaño medio 2021 (supuesto)
M1_prov,M1prov_17_2012-2025_Censo+Censo anual_MIVAU _con_0.2,D = Δhogares − altas,2012,2025,1,,,,,36920.31658998065,,Censo 2011 (viv. principales) y Censo anual 1-ene-2025 / tamaño medio 2021 (supuesto)
M1_prov,M1prov_17_2012-2025_Censo+Censo anual_MIVAU _sin_0.0,D = Δhogares − altas,2012,2025,1,,,,,24192.90058998065,,Censo 2011 (viv. principales) y Censo anual 1-ene-2025 / tamaño medio 2021 (supuesto)
M1_prov,M1prov_17_2012-2025_Censo+Censo anual_MIVAU _sin_0.1,D = Δhogares − altas,2012,2025,1,,,,,30556.60858998065,,Censo 2011 (viv. principales) y Censo anual 1-ene-2025 / tamaño medio 2021 (supuesto)
M1_prov,M1prov_17_2012-2025_Censo+Censo anual_MIVAU _sin_0.2,D = Δhogares − altas,2012,2025,1,,,,,36920.31658998065,,Censo 2011 (viv. principales) y Censo anual 1-ene-2025 / tamaño medio 2021 (supuesto)
M1_prov,M1prov_17_2012-2025_Censo+Censo anual_Catast_incluida_nan,D = Δhogares − altas,2012,2025,1,,,,,10719.90058998065,,Censo 2011 (viv. principales) y Censo anual 1-ene-2025 / tamaño medio 2021 (supuesto)
M1_prov,M1prov_17_2021-2025_ECP_MIVAU _con_0.0,D = Δhogares − altas,2021,2025,1,,,,,23772.0,,ECP 2021T1-2025T4
M1_prov,M1prov_17_2021-2025_ECP_MIVAU _con_0.1,D = Δhogares − altas,2021,2025,1,,,,,26309.105,,ECP 2021T1-2025T4
M1_prov,M1prov_17_2021-2025_ECP_MIVAU _con_0.2,D = Δhogares − altas,2021,2025,1,,,,,28846.21,,ECP 2021T1-2025T4
M1_prov,M1prov_17_2021-2025_ECP_MIVAU _sin_0.0,D = Δhogares − altas,2021,2025,1,,,,,23772.0,,ECP 2021T1-2025T4
M1_prov,M1prov_17_2021-2025_ECP_MIVAU _sin_0.1,D = Δhogares − altas,2021,2025,1,,,,,26309.105,,ECP 2021T1-2025T4
M1_prov,M1prov_17_2021-2025_ECP_MIVAU _sin_0.2,D = Δhogares − altas,2021,2025,1,,,,,28846.21,,ECP 2021T1-2025T4
M1_prov,M1prov_17_2021-2025_ECP_Catast_incluida_nan,D = Δhogares − altas,2021,2025,1,,,,,18727.0,,ECP 2021T1-2025T4
M1_prov,M1prov_17_2021-2025_Censo anual_MIVAU _con_0.0,D = Δhogares − altas,2021,2025,1,,,,,17322.90058998065,,Censo anual 1-ene-2021 a 1-ene-2025; hogares = personas/tamaño medio Censo 2021 (supuesto)
M1_prov,M1prov_17_2021-2025_Censo anual_MIVAU _con_0.1,D = Δhogares − altas,2021,2025,1,,,,,19352.58458998065,,Censo anual 1-ene-2021 a 1-ene-2025; hogares = personas/tamaño medio Censo 2021 (supuesto)
M1_prov,M1prov_17_2021-2025_Censo anual_MIVAU _con_0.2,D = Δhogares − altas,2021,2025,1,,,,,21382.26858998065,,Censo anual 1-ene-2021 a 1-ene-2025; hogares = personas/tamaño medio Censo 2021 (supuesto)
M1_prov,M1prov_17_2021-2025_Censo anual_MIVAU _sin_0.0,D = Δhogares − altas,2021,2025,1,,,,,17322.90058998065,,Censo anual 1-ene-2021 a 1-ene-2025; hogares = personas/tamaño medio Censo 2021 (supuesto)
M1_prov,M1prov_17_2021-2025_Censo anual_MIVAU _sin_0.1,D = Δhogares − altas,2021,2025,1,,,,,19352.58458998065,,Censo anual 1-ene-2021 a 1-ene-2025; hogares = personas/tamaño medio Censo 2021 (supuesto)
M1_prov,M1prov_17_2021-2025_Censo anual_MIVAU _sin_0.2,D = Δhogares − altas,2021,2025,1,,,,,21382.26858998065,,Censo anual 1-ene-2021 a 1-ene-2025; hogares = personas/tamaño medio Censo 2021 (supuesto)
M1_prov,M1prov_17_2021-2025_Censo anual_Catast_incluida_nan,D = Δhogares − altas,2021,2025,1,,,,,13952.90058998065,,Censo anual 1-ene-2021 a 1-ene-2025; hogares = personas/tamaño medio Censo 2021 (supuesto)
M1_prov,M1prov_18_2012-2025_Censo+ECP_MIVAU _con_0.0,D = Δhogares − altas,2012,2025,1,,,,,38850.0,,Censos 2011-2021 + ECP 2021T4-2025T4
M1_prov,M1prov_18_2012-2025_Censo+ECP_MIVAU _con_0.1,D = Δhogares − altas,2012,2025,1,,,,,46301.738,,Censos 2011-2021 + ECP 2021T4-2025T4
M1_prov,M1prov_18_2012-2025_Censo+ECP_MIVAU _con_0.2,D = Δhogares − altas,2012,2025,1,,,,,53753.476,,Censos 2011-2021 + ECP 2021T4-2025T4
M1_prov,M1prov_18_2012-2025_Censo+ECP_MIVAU _sin_0.0,D = Δhogares − altas,2012,2025,1,,,,,38850.0,,Censos 2011-2021 + ECP 2021T4-2025T4
M1_prov,M1prov_18_2012-2025_Censo+ECP_MIVAU _sin_0.1,D = Δhogares − altas,2012,2025,1,,,,,46301.738,,Censos 2011-2021 + ECP 2021T4-2025T4
M1_prov,M1prov_18_2012-2025_Censo+ECP_MIVAU _sin_0.2,D = Δhogares − altas,2012,2025,1,,,,,53753.476,,Censos 2011-2021 + ECP 2021T4-2025T4
M1_prov,M1prov_18_2012-2025_Censo+ECP_Catast_incluida_nan,D = Δhogares − altas,2012,2025,1,,,,,1234.0,,Censos 2011-2021 + ECP 2021T4-2025T4
M1_prov,M1prov_18_2012-2025_Censo+Censo anual_MIVAU _con_0.0,D = Δhogares − altas,2012,2025,1,,,,,26054.8083943933,,Censo 2011 (viv. principales) y Censo anual 1-ene-2025 / tamaño medio 2021 (supuesto)
M1_prov,M1prov_18_2012-2025_Censo+Censo anual_MIVAU _con_0.1,D = Δhogares − altas,2012,2025,1,,,,,32974.2793943933,,Censo 2011 (viv. principales) y Censo anual 1-ene-2025 / tamaño medio 2021 (supuesto)
M1_prov,M1prov_18_2012-2025_Censo+Censo anual_MIVAU _con_0.2,D = Δhogares − altas,2012,2025,1,,,,,39893.750394393304,,Censo 2011 (viv. principales) y Censo anual 1-ene-2025 / tamaño medio 2021 (supuesto)
M1_prov,M1prov_18_2012-2025_Censo+Censo anual_MIVAU _sin_0.0,D = Δhogares − altas,2012,2025,1,,,,,26054.8083943933,,Censo 2011 (viv. principales) y Censo anual 1-ene-2025 / tamaño medio 2021 (supuesto)
M1_prov,M1prov_18_2012-2025_Censo+Censo anual_MIVAU _sin_0.1,D = Δhogares − altas,2012,2025,1,,,,,32974.2793943933,,Censo 2011 (viv. principales) y Censo anual 1-ene-2025 / tamaño medio 2021 (supuesto)
M1_prov,M1prov_18_2012-2025_Censo+Censo anual_MIVAU _sin_0.2,D = Δhogares − altas,2012,2025,1,,,,,39893.750394393304,,Censo 2011 (viv. principales) y Censo anual 1-ene-2025 / tamaño medio 2021 (supuesto)
M1_prov,M1prov_18_2012-2025_Censo+Censo anual_Catast_incluida_nan,D = Δhogares − altas,2012,2025,1,,,,,-10379.191605606698,,Censo 2011 (viv. principales) y Censo anual 1-ene-2025 / tamaño medio 2021 (supuesto)
M1_prov,M1prov_18_2021-2025_ECP_MIVAU _con_0.0,D = Δhogares − altas,2021,2025,1,,,,,25432.0,,ECP 2021T1-2025T4
M1_prov,M1prov_18_2021-2025_ECP_MIVAU _con_0.1,D = Δhogares − altas,2021,2025,1,,,,,28300.46,,ECP 2021T1-2025T4
M1_prov,M1prov_18_2021-2025_ECP_MIVAU _con_0.2,D = Δhogares − altas,2021,2025,1,,,,,31168.92,,ECP 2021T1-2025T4
M1_prov,M1prov_18_2021-2025_ECP_MIVAU _sin_0.0,D = Δhogares − altas,2021,2025,1,,,,,25432.0,,ECP 2021T1-2025T4
M1_prov,M1prov_18_2021-2025_ECP_MIVAU _sin_0.1,D = Δhogares − altas,2021,2025,1,,,,,28300.46,,ECP 2021T1-2025T4
M1_prov,M1prov_18_2021-2025_ECP_MIVAU _sin_0.2,D = Δhogares − altas,2021,2025,1,,,,,31168.92,,ECP 2021T1-2025T4
M1_prov,M1prov_18_2021-2025_ECP_Catast_incluida_nan,D = Δhogares − altas,2021,2025,1,,,,,16665.0,,ECP 2021T1-2025T4
M1_prov,M1prov_18_2021-2025_Censo anual_MIVAU _con_0.0,D = Δhogares − altas,2021,2025,1,,,,,8254.80839439336,,Censo anual 1-ene-2021 a 1-ene-2025; hogares = personas/tamaño medio Censo 2021 (supuesto)
M1_prov,M1prov_18_2021-2025_Censo anual_MIVAU _con_0.1,D = Δhogares − altas,2021,2025,1,,,,,10549.57639439336,,Censo anual 1-ene-2021 a 1-ene-2025; hogares = personas/tamaño medio Censo 2021 (supuesto)
M1_prov,M1prov_18_2021-2025_Censo anual_MIVAU _con_0.2,D = Δhogares − altas,2021,2025,1,,,,,12844.34439439336,,Censo anual 1-ene-2021 a 1-ene-2025; hogares = personas/tamaño medio Censo 2021 (supuesto)
M1_prov,M1prov_18_2021-2025_Censo anual_MIVAU _sin_0.0,D = Δhogares − altas,2021,2025,1,,,,,8254.80839439336,,Censo anual 1-ene-2021 a 1-ene-2025; hogares = personas/tamaño medio Censo 2021 (supuesto)
M1_prov,M1prov_18_2021-2025_Censo anual_MIVAU _sin_0.1,D = Δhogares − altas,2021,2025,1,,,,,10549.57639439336,,Censo anual 1-ene-2021 a 1-ene-2025; hogares = personas/tamaño medio Censo 2021 (supuesto)
M1_prov,M1prov_18_2021-2025_Censo anual_MIVAU _sin_0.2,D = Δhogares − altas,2021,2025,1,,,,,12844.34439439336,,Censo anual 1-ene-2021 a 1-ene-2025; hogares = personas/tamaño medio Censo 2021 (supuesto)
M1_prov,M1prov_18_2021-2025_Censo anual_Catast_incluida_nan,D = Δhogares − altas,2021,2025,1,,,,,669.8083943933598,,Censo anual 1-ene-2021 a 1-ene-2025; hogares = personas/tamaño medio Censo 2021 (supuesto)
M1_prov,M1prov_19_2012-2025_Censo+ECP_MIVAU _con_0.0,D = Δhogares − altas,2012,2025,1,,,,,13793.0,,Censos 2011-2021 + ECP 2021T4-2025T4
M1_prov,M1prov_19_2012-2025_Censo+ECP_MIVAU _con_0.1,D = Δhogares − altas,2012,2025,1,,,,,16217.45,,Censos 2011-2021 + ECP 2021T4-2025T4
M1_prov,M1prov_19_2012-2025_Censo+ECP_MIVAU _con_0.2,D = Δhogares − altas,2012,2025,1,,,,,18641.9,,Censos 2011-2021 + ECP 2021T4-2025T4
M1_prov,M1prov_19_2012-2025_Censo+ECP_MIVAU _sin_0.0,D = Δhogares − altas,2012,2025,1,,,,,13793.0,,Censos 2011-2021 + ECP 2021T4-2025T4
M1_prov,M1prov_19_2012-2025_Censo+ECP_MIVAU _sin_0.1,D = Δhogares − altas,2012,2025,1,,,,,16217.45,,Censos 2011-2021 + ECP 2021T4-2025T4
M1_prov,M1prov_19_2012-2025_Censo+ECP_MIVAU _sin_0.2,D = Δhogares − altas,2012,2025,1,,,,,18641.9,,Censos 2011-2021 + ECP 2021T4-2025T4
M1_prov,M1prov_19_2012-2025_Censo+ECP_Catast_incluida_nan,D = Δhogares − altas,2012,2025,1,,,,,-2.0,,Censos 2011-2021 + ECP 2021T4-2025T4
M1_prov,M1prov_19_2012-2025_Censo+Censo anual_MIVAU _con_0.0,D = Δhogares − altas,2012,2025,1,,,,,13172.861461298118,,Censo 2011 (viv. principales) y Censo anual 1-ene-2025 / tamaño medio 2021 (supuesto)
M1_prov,M1prov_19_2012-2025_Censo+Censo anual_MIVAU _con_0.1,D = Δhogares − altas,2012,2025,1,,,,,15424.136461298118,,Censo 2011 (viv. principales) y Censo anual 1-ene-2025 / tamaño medio 2021 (supuesto)
M1_prov,M1prov_19_2012-2025_Censo+Censo anual_MIVAU _con_0.2,D = Δhogares − altas,2012,2025,1,,,,,17675.411461298118,,Censo 2011 (viv. principales) y Censo anual 1-ene-2025 / tamaño medio 2021 (supuesto)
M1_prov,M1prov_19_2012-2025_Censo+Censo anual_MIVAU _sin_0.0,D = Δhogares − altas,2012,2025,1,,,,,13172.861461298118,,Censo 2011 (viv. principales) y Censo anual 1-ene-2025 / tamaño medio 2021 (supuesto)
M1_prov,M1prov_19_2012-2025_Censo+Censo anual_MIVAU _sin_0.1,D = Δhogares − altas,2012,2025,1,,,,,15424.136461298118,,Censo 2011 (viv. principales) y Censo anual 1-ene-2025 / tamaño medio 2021 (supuesto)
M1_prov,M1prov_19_2012-2025_Censo+Censo anual_MIVAU _sin_0.2,D = Δhogares − altas,2012,2025,1,,,,,17675.411461298118,,Censo 2011 (viv. principales) y Censo anual 1-ene-2025 / tamaño medio 2021 (supuesto)
M1_prov,M1prov_19_2012-2025_Censo+Censo anual_Catast_incluida_nan,D = Δhogares − altas,2012,2025,1,,,,,232.86146129811823,,Censo 2011 (viv. principales) y Censo anual 1-ene-2025 / tamaño medio 2021 (supuesto)
M1_prov,M1prov_19_2021-2025_ECP_MIVAU _con_0.0,D = Δhogares − altas,2021,2025,1,,,,,9883.0,,ECP 2021T1-2025T4
M1_prov,M1prov_19_2021-2025_ECP_MIVAU _con_0.1,D = Δhogares − altas,2021,2025,1,,,,,10821.895,,ECP 2021T1-2025T4
M1_prov,M1prov_19_2021-2025_ECP_MIVAU _con_0.2,D = Δhogares − altas,2021,2025,1,,,,,11760.79,,ECP 2021T1-2025T4
M1_prov,M1prov_19_2021-2025_ECP_MIVAU _sin_0.0,D = Δhogares − altas,2021,2025,1,,,,,9883.0,,ECP 2021T1-2025T4
M1_prov,M1prov_19_2021-2025_ECP_MIVAU _sin_0.1,D = Δhogares − altas,2021,2025,1,,,,,10821.895,,ECP 2021T1-2025T4
M1_prov,M1prov_19_2021-2025_ECP_MIVAU _sin_0.2,D = Δhogares − altas,2021,2025,1,,,,,11760.79,,ECP 2021T1-2025T4
M1_prov,M1prov_19_2021-2025_ECP_Catast_incluida_nan,D = Δhogares − altas,2021,2025,1,,,,,6376.0,,ECP 2021T1-2025T4
M1_prov,M1prov_19_2021-2025_Censo anual_MIVAU _con_0.0,D = Δhogares − altas,2021,2025,1,,,,,7792.861461298133,,Censo anual 1-ene-2021 a 1-ene-2025; hogares = personas/tamaño medio Censo 2021 (supuesto)
M1_prov,M1prov_19_2021-2025_Censo anual_MIVAU _con_0.1,D = Δhogares − altas,2021,2025,1,,,,,8543.977461298133,,Censo anual 1-ene-2021 a 1-ene-2025; hogares = personas/tamaño medio Censo 2021 (supuesto)
M1_prov,M1prov_19_2021-2025_Censo anual_MIVAU _con_0.2,D = Δhogares − altas,2021,2025,1,,,,,9295.093461298133,,Censo anual 1-ene-2021 a 1-ene-2025; hogares = personas/tamaño medio Censo 2021 (supuesto)
M1_prov,M1prov_19_2021-2025_Censo anual_MIVAU _sin_0.0,D = Δhogares − altas,2021,2025,1,,,,,7792.861461298133,,Censo anual 1-ene-2021 a 1-ene-2025; hogares = personas/tamaño medio Censo 2021 (supuesto)
M1_prov,M1prov_19_2021-2025_Censo anual_MIVAU _sin_0.1,D = Δhogares − altas,2021,2025,1,,,,,8543.977461298133,,Censo anual 1-ene-2021 a 1-ene-2025; hogares = personas/tamaño medio Censo 2021 (supuesto)
M1_prov,M1prov_19_2021-2025_Censo anual_MIVAU _sin_0.2,D = Δhogares − altas,2021,2025,1,,,,,9295.093461298133,,Censo anual 1-ene-2021 a 1-ene-2025; hogares = personas/tamaño medio Censo 2021 (supuesto)
M1_prov,M1prov_19_2021-2025_Censo anual_Catast_incluida_nan,D = Δhogares − altas,2021,2025,1,,,,,5140.861461298133,,Censo anual 1-ene-2021 a 1-ene-2025; hogares = personas/tamaño medio Censo 2021 (supuesto)
M1_prov,M1prov_20_2012-2025_Censo+ECP_MIVAU _con_0.0,D = Δhogares − altas,2012,2025,1,,,,,20404.0,,Censos 2011-2021 + ECP 2021T4-2025T4
M1_prov,M1prov_20_2012-2025_Censo+ECP_MIVAU _con_0.1,D = Δhogares − altas,2012,2025,1,,,,,24997.946,,Censos 2011-2021 + ECP 2021T4-2025T4
M1_prov,M1prov_20_2012-2025_Censo+ECP_MIVAU _con_0.2,D = Δhogares − altas,2012,2025,1,,,,,29591.892,,Censos 2011-2021 + ECP 2021T4-2025T4
M1_prov,M1prov_20_2012-2025_Censo+ECP_MIVAU _sin_0.0,D = Δhogares − altas,2012,2025,1,,,,,20404.0,,Censos 2011-2021 + ECP 2021T4-2025T4
M1_prov,M1prov_20_2012-2025_Censo+ECP_MIVAU _sin_0.1,D = Δhogares − altas,2012,2025,1,,,,,24997.946,,Censos 2011-2021 + ECP 2021T4-2025T4
M1_prov,M1prov_20_2012-2025_Censo+ECP_MIVAU _sin_0.2,D = Δhogares − altas,2012,2025,1,,,,,29591.892,,Censos 2011-2021 + ECP 2021T4-2025T4
M1_prov,M1prov_20_2012-2025_Censo+Censo anual_MIVAU _con_0.0,D = Δhogares − altas,2012,2025,1,,,,,15014.822917183512,,Censo 2011 (viv. principales) y Censo anual 1-ene-2025 / tamaño medio 2021 (supuesto)
M1_prov,M1prov_20_2012-2025_Censo+Censo anual_MIVAU _con_0.1,D = Δhogares − altas,2012,2025,1,,,,,19280.629917183513,,Censo 2011 (viv. principales) y Censo anual 1-ene-2025 / tamaño medio 2021 (supuesto)
M1_prov,M1prov_20_2012-2025_Censo+Censo anual_MIVAU _con_0.2,D = Δhogares − altas,2012,2025,1,,,,,23546.436917183513,,Censo 2011 (viv. principales) y Censo anual 1-ene-2025 / tamaño medio 2021 (supuesto)
M1_prov,M1prov_20_2012-2025_Censo+Censo anual_MIVAU _sin_0.0,D = Δhogares − altas,2012,2025,1,,,,,15014.822917183512,,Censo 2011 (viv. principales) y Censo anual 1-ene-2025 / tamaño medio 2021 (supuesto)
M1_prov,M1prov_20_2012-2025_Censo+Censo anual_MIVAU _sin_0.1,D = Δhogares − altas,2012,2025,1,,,,,19280.629917183513,,Censo 2011 (viv. principales) y Censo anual 1-ene-2025 / tamaño medio 2021 (supuesto)
M1_prov,M1prov_20_2012-2025_Censo+Censo anual_MIVAU _sin_0.2,D = Δhogares − altas,2012,2025,1,,,,,23546.436917183513,,Censo 2011 (viv. principales) y Censo anual 1-ene-2025 / tamaño medio 2021 (supuesto)
M1_prov,M1prov_20_2021-2025_ECP_MIVAU _con_0.0,D = Δhogares − altas,2021,2025,1,,,,,10292.0,,ECP 2021T1-2025T4
M1_prov,M1prov_20_2021-2025_ECP_MIVAU _con_0.1,D = Δhogares − altas,2021,2025,1,,,,,12043.43,,ECP 2021T1-2025T4
M1_prov,M1prov_20_2021-2025_ECP_MIVAU _con_0.2,D = Δhogares − altas,2021,2025,1,,,,,13794.86,,ECP 2021T1-2025T4
M1_prov,M1prov_20_2021-2025_ECP_MIVAU _sin_0.0,D = Δhogares − altas,2021,2025,1,,,,,10292.0,,ECP 2021T1-2025T4
M1_prov,M1prov_20_2021-2025_ECP_MIVAU _sin_0.1,D = Δhogares − altas,2021,2025,1,,,,,12043.43,,ECP 2021T1-2025T4
M1_prov,M1prov_20_2021-2025_ECP_MIVAU _sin_0.2,D = Δhogares − altas,2021,2025,1,,,,,13794.86,,ECP 2021T1-2025T4
M1_prov,M1prov_20_2021-2025_Censo anual_MIVAU _con_0.0,D = Δhogares − altas,2021,2025,1,,,,,3142.822917183512,,Censo anual 1-ene-2021 a 1-ene-2025; hogares = personas/tamaño medio Censo 2021 (supuesto)
M1_prov,M1prov_20_2021-2025_Censo anual_MIVAU _con_0.1,D = Δhogares − altas,2021,2025,1,,,,,4543.966917183512,,Censo anual 1-ene-2021 a 1-ene-2025; hogares = personas/tamaño medio Censo 2021 (supuesto)
M1_prov,M1prov_20_2021-2025_Censo anual_MIVAU _con_0.2,D = Δhogares − altas,2021,2025,1,,,,,5945.110917183512,,Censo anual 1-ene-2021 a 1-ene-2025; hogares = personas/tamaño medio Censo 2021 (supuesto)
M1_prov,M1prov_20_2021-2025_Censo anual_MIVAU _sin_0.0,D = Δhogares − altas,2021,2025,1,,,,,3142.822917183512,,Censo anual 1-ene-2021 a 1-ene-2025; hogares = personas/tamaño medio Censo 2021 (supuesto)
M1_prov,M1prov_20_2021-2025_Censo anual_MIVAU _sin_0.1,D = Δhogares − altas,2021,2025,1,,,,,4543.966917183512,,Censo anual 1-ene-2021 a 1-ene-2025; hogares = personas/tamaño medio Censo 2021 (supuesto)
M1_prov,M1prov_20_2021-2025_Censo anual_MIVAU _sin_0.2,D = Δhogares − altas,2021,2025,1,,,,,5945.110917183512,,Censo anual 1-ene-2021 a 1-ene-2025; hogares = personas/tamaño medio Censo 2021 (supuesto)
M1_prov,M1prov_21_2012-2025_Censo+ECP_MIVAU _con_0.0,D = Δhogares − altas,2012,2025,1,,,,,18848.0,,Censos 2011-2021 + ECP 2021T4-2025T4
M1_prov,M1prov_21_2012-2025_Censo+ECP_MIVAU _con_0.1,D = Δhogares − altas,2012,2025,1,,,,,22878.124,,Censos 2011-2021 + ECP 2021T4-2025T4
M1_prov,M1prov_21_2012-2025_Censo+ECP_MIVAU _con_0.2,D = Δhogares − altas,2012,2025,1,,,,,26908.248,,Censos 2011-2021 + ECP 2021T4-2025T4
M1_prov,M1prov_21_2012-2025_Censo+ECP_MIVAU _sin_0.0,D = Δhogares − altas,2012,2025,1,,,,,18848.0,,Censos 2011-2021 + ECP 2021T4-2025T4
M1_prov,M1prov_21_2012-2025_Censo+ECP_MIVAU _sin_0.1,D = Δhogares − altas,2012,2025,1,,,,,22878.124,,Censos 2011-2021 + ECP 2021T4-2025T4
M1_prov,M1prov_21_2012-2025_Censo+ECP_MIVAU _sin_0.2,D = Δhogares − altas,2012,2025,1,,,,,26908.248,,Censos 2011-2021 + ECP 2021T4-2025T4
M1_prov,M1prov_21_2012-2025_Censo+ECP_Catast_incluida_nan,D = Δhogares − altas,2012,2025,1,,,,,3428.0,,Censos 2011-2021 + ECP 2021T4-2025T4
M1_prov,M1prov_21_2012-2025_Censo+Censo anual_MIVAU _con_0.0,D = Δhogares − altas,2012,2025,1,,,,,15314.307718860364,,Censo 2011 (viv. principales) y Censo anual 1-ene-2025 / tamaño medio 2021 (supuesto)
M1_prov,M1prov_21_2012-2025_Censo+Censo anual_MIVAU _con_0.1,D = Δhogares − altas,2012,2025,1,,,,,19056.565718860365,,Censo 2011 (viv. principales) y Censo anual 1-ene-2025 / tamaño medio 2021 (supuesto)
M1_prov,M1prov_21_2012-2025_Censo+Censo anual_MIVAU _con_0.2,D = Δhogares − altas,2012,2025,1,,,,,22798.823718860363,,Censo 2011 (viv. principales) y Censo anual 1-ene-2025 / tamaño medio 2021 (supuesto)
M1_prov,M1prov_21_2012-2025_Censo+Censo anual_MIVAU _sin_0.0,D = Δhogares − altas,2012,2025,1,,,,,15314.307718860364,,Censo 2011 (viv. principales) y Censo anual 1-ene-2025 / tamaño medio 2021 (supuesto)
M1_prov,M1prov_21_2012-2025_Censo+Censo anual_MIVAU _sin_0.1,D = Δhogares − altas,2012,2025,1,,,,,19056.565718860365,,Censo 2011 (viv. principales) y Censo anual 1-ene-2025 / tamaño medio 2021 (supuesto)
M1_prov,M1prov_21_2012-2025_Censo+Censo anual_MIVAU _sin_0.2,D = Δhogares − altas,2012,2025,1,,,,,22798.823718860363,,Censo 2011 (viv. principales) y Censo anual 1-ene-2025 / tamaño medio 2021 (supuesto)
M1_prov,M1prov_21_2012-2025_Censo+Censo anual_Catast_incluida_nan,D = Δhogares − altas,2012,2025,1,,,,,927.3077188603638,,Censo 2011 (viv. principales) y Censo anual 1-ene-2025 / tamaño medio 2021 (supuesto)
M1_prov,M1prov_21_2021-2025_ECP_MIVAU _con_0.0,D = Δhogares − altas,2021,2025,1,,,,,10330.0,,ECP 2021T1-2025T4
M1_prov,M1prov_21_2021-2025_ECP_MIVAU _con_0.1,D = Δhogares − altas,2021,2025,1,,,,,11930.225,,ECP 2021T1-2025T4
M1_prov,M1prov_21_2021-2025_ECP_MIVAU _con_0.2,D = Δhogares − altas,2021,2025,1,,,,,13530.45,,ECP 2021T1-2025T4
M1_prov,M1prov_21_2021-2025_ECP_MIVAU _sin_0.0,D = Δhogares − altas,2021,2025,1,,,,,10330.0,,ECP 2021T1-2025T4
M1_prov,M1prov_21_2021-2025_ECP_MIVAU _sin_0.1,D = Δhogares − altas,2021,2025,1,,,,,11930.225,,ECP 2021T1-2025T4
M1_prov,M1prov_21_2021-2025_ECP_MIVAU _sin_0.2,D = Δhogares − altas,2021,2025,1,,,,,13530.45,,ECP 2021T1-2025T4
M1_prov,M1prov_21_2021-2025_ECP_Catast_incluida_nan,D = Δhogares − altas,2021,2025,1,,,,,5316.0,,ECP 2021T1-2025T4
M1_prov,M1prov_21_2021-2025_Censo anual_MIVAU _con_0.0,D = Δhogares − altas,2021,2025,1,,,,,4386.307718860364,,Censo anual 1-ene-2021 a 1-ene-2025; hogares = personas/tamaño medio Censo 2021 (supuesto)
M1_prov,M1prov_21_2021-2025_Censo anual_MIVAU _con_0.1,D = Δhogares − altas,2021,2025,1,,,,,5666.487718860364,,Censo anual 1-ene-2021 a 1-ene-2025; hogares = personas/tamaño medio Censo 2021 (supuesto)
M1_prov,M1prov_21_2021-2025_Censo anual_MIVAU _con_0.2,D = Δhogares − altas,2021,2025,1,,,,,6946.667718860364,,Censo anual 1-ene-2021 a 1-ene-2025; hogares = personas/tamaño medio Censo 2021 (supuesto)
M1_prov,M1prov_21_2021-2025_Censo anual_MIVAU _sin_0.0,D = Δhogares − altas,2021,2025,1,,,,,4386.307718860364,,Censo anual 1-ene-2021 a 1-ene-2025; hogares = personas/tamaño medio Censo 2021 (supuesto)
M1_prov,M1prov_21_2021-2025_Censo anual_MIVAU _sin_0.1,D = Δhogares − altas,2021,2025,1,,,,,5666.487718860364,,Censo anual 1-ene-2021 a 1-ene-2025; hogares = personas/tamaño medio Censo 2021 (supuesto)
M1_prov,M1prov_21_2021-2025_Censo anual_MIVAU _sin_0.2,D = Δhogares − altas,2021,2025,1,,,,,6946.667718860364,,Censo anual 1-ene-2021 a 1-ene-2025; hogares = personas/tamaño medio Censo 2021 (supuesto)
M1_prov,M1prov_21_2021-2025_Censo anual_Catast_incluida_nan,D = Δhogares − altas,2021,2025,1,,,,,405.3077188603638,,Censo anual 1-ene-2021 a 1-ene-2025; hogares = personas/tamaño medio Censo 2021 (supuesto)
M1_prov,M1prov_22_2012-2025_Censo+ECP_MIVAU _con_0.0,D = Δhogares − altas,2012,2025,1,,,,,4945.0,,Censos 2011-2021 + ECP 2021T4-2025T4
M1_prov,M1prov_22_2012-2025_Censo+ECP_MIVAU _con_0.1,D = Δhogares − altas,2012,2025,1,,,,,7131.464,,Censos 2011-2021 + ECP 2021T4-2025T4
M1_prov,M1prov_22_2012-2025_Censo+ECP_MIVAU _con_0.2,D = Δhogares − altas,2012,2025,1,,,,,9317.928,,Censos 2011-2021 + ECP 2021T4-2025T4
M1_prov,M1prov_22_2012-2025_Censo+ECP_MIVAU _sin_0.0,D = Δhogares − altas,2012,2025,1,,,,,4945.0,,Censos 2011-2021 + ECP 2021T4-2025T4
M1_prov,M1prov_22_2012-2025_Censo+ECP_MIVAU _sin_0.1,D = Δhogares − altas,2012,2025,1,,,,,7131.464,,Censos 2011-2021 + ECP 2021T4-2025T4
M1_prov,M1prov_22_2012-2025_Censo+ECP_MIVAU _sin_0.2,D = Δhogares − altas,2012,2025,1,,,,,9317.928,,Censos 2011-2021 + ECP 2021T4-2025T4
M1_prov,M1prov_22_2012-2025_Censo+ECP_Catast_incluida_nan,D = Δhogares − altas,2012,2025,1,,,,,-1234.0,,Censos 2011-2021 + ECP 2021T4-2025T4
M1_prov,M1prov_22_2012-2025_Censo+Censo anual_MIVAU _con_0.0,D = Δhogares − altas,2012,2025,1,,,,,3518.369285028675,,Censo 2011 (viv. principales) y Censo anual 1-ene-2025 / tamaño medio 2021 (supuesto)
M1_prov,M1prov_22_2012-2025_Censo+Censo anual_MIVAU _con_0.1,D = Δhogares − altas,2012,2025,1,,,,,5548.657285028676,,Censo 2011 (viv. principales) y Censo anual 1-ene-2025 / tamaño medio 2021 (supuesto)
M1_prov,M1prov_22_2012-2025_Censo+Censo anual_MIVAU _con_0.2,D = Δhogares − altas,2012,2025,1,,,,,7578.945285028676,,Censo 2011 (viv. principales) y Censo anual 1-ene-2025 / tamaño medio 2021 (supuesto)
M1_prov,M1prov_22_2012-2025_Censo+Censo anual_MIVAU _sin_0.0,D = Δhogares − altas,2012,2025,1,,,,,3518.369285028675,,Censo 2011 (viv. principales) y Censo anual 1-ene-2025 / tamaño medio 2021 (supuesto)
M1_prov,M1prov_22_2012-2025_Censo+Censo anual_MIVAU _sin_0.1,D = Δhogares − altas,2012,2025,1,,,,,5548.657285028676,,Censo 2011 (viv. principales) y Censo anual 1-ene-2025 / tamaño medio 2021 (supuesto)
M1_prov,M1prov_22_2012-2025_Censo+Censo anual_MIVAU _sin_0.2,D = Δhogares − altas,2012,2025,1,,,,,7578.945285028676,,Censo 2011 (viv. principales) y Censo anual 1-ene-2025 / tamaño medio 2021 (supuesto)
M1_prov,M1prov_22_2012-2025_Censo+Censo anual_Catast_incluida_nan,D = Δhogares − altas,2012,2025,1,,,,,-2094.630714971325,,Censo 2011 (viv. principales) y Censo anual 1-ene-2025 / tamaño medio 2021 (supuesto)
M1_prov,M1prov_22_2021-2025_ECP_MIVAU _con_0.0,D = Δhogares − altas,2021,2025,1,,,,,4943.0,,ECP 2021T1-2025T4
M1_prov,M1prov_22_2021-2025_ECP_MIVAU _con_0.1,D = Δhogares − altas,2021,2025,1,,,,,5802.215,,ECP 2021T1-2025T4
M1_prov,M1prov_22_2021-2025_ECP_MIVAU _con_0.2,D = Δhogares − altas,2021,2025,1,,,,,6661.43,,ECP 2021T1-2025T4
M1_prov,M1prov_22_2021-2025_ECP_MIVAU _sin_0.0,D = Δhogares − altas,2021,2025,1,,,,,4943.0,,ECP 2021T1-2025T4
M1_prov,M1prov_22_2021-2025_ECP_MIVAU _sin_0.1,D = Δhogares − altas,2021,2025,1,,,,,5802.215,,ECP 2021T1-2025T4
M1_prov,M1prov_22_2021-2025_ECP_MIVAU _sin_0.2,D = Δhogares − altas,2021,2025,1,,,,,6661.43,,ECP 2021T1-2025T4
M1_prov,M1prov_22_2021-2025_ECP_Catast_incluida_nan,D = Δhogares − altas,2021,2025,1,,,,,3004.0,,ECP 2021T1-2025T4
M1_prov,M1prov_22_2021-2025_Censo anual_MIVAU _con_0.0,D = Δhogares − altas,2021,2025,1,,,,,2454.369285028675,,Censo anual 1-ene-2021 a 1-ene-2025; hogares = personas/tamaño medio Censo 2021 (supuesto)
M1_prov,M1prov_22_2021-2025_Censo anual_MIVAU _con_0.1,D = Δhogares − altas,2021,2025,1,,,,,3141.7412850286755,,Censo anual 1-ene-2021 a 1-ene-2025; hogares = personas/tamaño medio Censo 2021 (supuesto)
M1_prov,M1prov_22_2021-2025_Censo anual_MIVAU _con_0.2,D = Δhogares − altas,2021,2025,1,,,,,3829.1132850286754,,Censo anual 1-ene-2021 a 1-ene-2025; hogares = personas/tamaño medio Censo 2021 (supuesto)
M1_prov,M1prov_22_2021-2025_Censo anual_MIVAU _sin_0.0,D = Δhogares − altas,2021,2025,1,,,,,2454.369285028675,,Censo anual 1-ene-2021 a 1-ene-2025; hogares = personas/tamaño medio Censo 2021 (supuesto)
M1_prov,M1prov_22_2021-2025_Censo anual_MIVAU _sin_0.1,D = Δhogares − altas,2021,2025,1,,,,,3141.7412850286755,,Censo anual 1-ene-2021 a 1-ene-2025; hogares = personas/tamaño medio Censo 2021 (supuesto)
M1_prov,M1prov_22_2021-2025_Censo anual_MIVAU _sin_0.2,D = Δhogares − altas,2021,2025,1,,,,,3829.1132850286754,,Censo anual 1-ene-2021 a 1-ene-2025; hogares = personas/tamaño medio Censo 2021 (supuesto)
M1_prov,M1prov_22_2021-2025_Censo anual_Catast_incluida_nan,D = Δhogares − altas,2021,2025,1,,,,,1081.3692850286752,,Censo anual 1-ene-2021 a 1-ene-2025; hogares = personas/tamaño medio Censo 2021 (supuesto)
M1_prov,M1prov_23_2012-2025_Censo+ECP_MIVAU _con_0.0,D = Δhogares − altas,2012,2025,1,,,,,3995.0,,Censos 2011-2021 + ECP 2021T4-2025T4
M1_prov,M1prov_23_2012-2025_Censo+ECP_MIVAU _con_0.1,D = Δhogares − altas,2012,2025,1,,,,,8811.35,,Censos 2011-2021 + ECP 2021T4-2025T4
M1_prov,M1prov_23_2012-2025_Censo+ECP_MIVAU _con_0.2,D = Δhogares − altas,2012,2025,1,,,,,13627.7,,Censos 2011-2021 + ECP 2021T4-2025T4
M1_prov,M1prov_23_2012-2025_Censo+ECP_MIVAU _sin_0.0,D = Δhogares − altas,2012,2025,1,,,,,3995.0,,Censos 2011-2021 + ECP 2021T4-2025T4
M1_prov,M1prov_23_2012-2025_Censo+ECP_MIVAU _sin_0.1,D = Δhogares − altas,2012,2025,1,,,,,8811.35,,Censos 2011-2021 + ECP 2021T4-2025T4
M1_prov,M1prov_23_2012-2025_Censo+ECP_MIVAU _sin_0.2,D = Δhogares − altas,2012,2025,1,,,,,13627.7,,Censos 2011-2021 + ECP 2021T4-2025T4
M1_prov,M1prov_23_2012-2025_Censo+ECP_Catast_incluida_nan,D = Δhogares − altas,2012,2025,1,,,,,-19890.0,,Censos 2011-2021 + ECP 2021T4-2025T4
M1_prov,M1prov_23_2012-2025_Censo+Censo anual_MIVAU _con_0.0,D = Δhogares − altas,2012,2025,1,,,,,-5521.038129732566,,Censo 2011 (viv. principales) y Censo anual 1-ene-2025 / tamaño medio 2021 (supuesto)
M1_prov,M1prov_23_2012-2025_Censo+Censo anual_MIVAU _con_0.1,D = Δhogares − altas,2012,2025,1,,,,,-1048.713129732565,,Censo 2011 (viv. principales) y Censo anual 1-ene-2025 / tamaño medio 2021 (supuesto)
M1_prov,M1prov_23_2012-2025_Censo+Censo anual_MIVAU _con_0.2,D = Δhogares − altas,2012,2025,1,,,,,3423.6118702674357,,Censo 2011 (viv. principales) y Censo anual 1-ene-2025 / tamaño medio 2021 (supuesto)
M1_prov,M1prov_23_2012-2025_Censo+Censo anual_MIVAU _sin_0.0,D = Δhogares − altas,2012,2025,1,,,,,-5521.038129732566,,Censo 2011 (viv. principales) y Censo anual 1-ene-2025 / tamaño medio 2021 (supuesto)
M1_prov,M1prov_23_2012-2025_Censo+Censo anual_MIVAU _sin_0.1,D = Δhogares − altas,2012,2025,1,,,,,-1048.713129732565,,Censo 2011 (viv. principales) y Censo anual 1-ene-2025 / tamaño medio 2021 (supuesto)
M1_prov,M1prov_23_2012-2025_Censo+Censo anual_MIVAU _sin_0.2,D = Δhogares − altas,2012,2025,1,,,,,3423.6118702674357,,Censo 2011 (viv. principales) y Censo anual 1-ene-2025 / tamaño medio 2021 (supuesto)
M1_prov,M1prov_23_2012-2025_Censo+Censo anual_Catast_incluida_nan,D = Δhogares − altas,2012,2025,1,,,,,-28915.038129732566,,Censo 2011 (viv. principales) y Censo anual 1-ene-2025 / tamaño medio 2021 (supuesto)
M1_prov,M1prov_23_2021-2025_ECP_MIVAU _con_0.0,D = Δhogares − altas,2021,2025,1,,,,,7433.0,,ECP 2021T1-2025T4
M1_prov,M1prov_23_2021-2025_ECP_MIVAU _con_0.1,D = Δhogares − altas,2021,2025,1,,,,,9301.6,,ECP 2021T1-2025T4
M1_prov,M1prov_23_2021-2025_ECP_MIVAU _con_0.2,D = Δhogares − altas,2021,2025,1,,,,,11170.2,,ECP 2021T1-2025T4
M1_prov,M1prov_23_2021-2025_ECP_MIVAU _sin_0.0,D = Δhogares − altas,2021,2025,1,,,,,7433.0,,ECP 2021T1-2025T4
M1_prov,M1prov_23_2021-2025_ECP_MIVAU _sin_0.1,D = Δhogares − altas,2021,2025,1,,,,,9301.6,,ECP 2021T1-2025T4
M1_prov,M1prov_23_2021-2025_ECP_MIVAU _sin_0.2,D = Δhogares − altas,2021,2025,1,,,,,11170.2,,ECP 2021T1-2025T4
M1_prov,M1prov_23_2021-2025_ECP_Catast_incluida_nan,D = Δhogares − altas,2021,2025,1,,,,,4594.0,,ECP 2021T1-2025T4
M1_prov,M1prov_23_2021-2025_Censo anual_MIVAU _con_0.0,D = Δhogares − altas,2021,2025,1,,,,,-3697.0381297325657,,Censo anual 1-ene-2021 a 1-ene-2025; hogares = personas/tamaño medio Censo 2021 (supuesto)
M1_prov,M1prov_23_2021-2025_Censo anual_MIVAU _con_0.1,D = Δhogares − altas,2021,2025,1,,,,,-2202.1581297325656,,Censo anual 1-ene-2021 a 1-ene-2025; hogares = personas/tamaño medio Censo 2021 (supuesto)
M1_prov,M1prov_23_2021-2025_Censo anual_MIVAU _con_0.2,D = Δhogares − altas,2021,2025,1,,,,,-707.2781297325655,,Censo anual 1-ene-2021 a 1-ene-2025; hogares = personas/tamaño medio Censo 2021 (supuesto)
M1_prov,M1prov_23_2021-2025_Censo anual_MIVAU _sin_0.0,D = Δhogares − altas,2021,2025,1,,,,,-3697.0381297325657,,Censo anual 1-ene-2021 a 1-ene-2025; hogares = personas/tamaño medio Censo 2021 (supuesto)
M1_prov,M1prov_23_2021-2025_Censo anual_MIVAU _sin_0.1,D = Δhogares − altas,2021,2025,1,,,,,-2202.1581297325656,,Censo anual 1-ene-2021 a 1-ene-2025; hogares = personas/tamaño medio Censo 2021 (supuesto)
M1_prov,M1prov_23_2021-2025_Censo anual_MIVAU _sin_0.2,D = Δhogares − altas,2021,2025,1,,,,,-707.2781297325655,,Censo anual 1-ene-2021 a 1-ene-2025; hogares = personas/tamaño medio Censo 2021 (supuesto)
M1_prov,M1prov_23_2021-2025_Censo anual_Catast_incluida_nan,D = Δhogares − altas,2021,2025,1,,,,,-6045.038129732566,,Censo anual 1-ene-2021 a 1-ene-2025; hogares = personas/tamaño medio Censo 2021 (supuesto)
M1_prov,M1prov_24_2012-2025_Censo+ECP_MIVAU _con_0.0,D = Δhogares − altas,2012,2025,1,,,,,-2916.0,,Censos 2011-2021 + ECP 2021T4-2025T4
M1_prov,M1prov_24_2012-2025_Censo+ECP_MIVAU _con_0.1,D = Δhogares − altas,2012,2025,1,,,,,1638.1999999999998,,Censos 2011-2021 + ECP 2021T4-2025T4
M1_prov,M1prov_24_2012-2025_Censo+ECP_MIVAU _con_0.2,D = Δhogares − altas,2012,2025,1,,,,,6192.4,,Censos 2011-2021 + ECP 2021T4-2025T4
M1_prov,M1prov_24_2012-2025_Censo+ECP_MIVAU _sin_0.0,D = Δhogares − altas,2012,2025,1,,,,,-2916.0,,Censos 2011-2021 + ECP 2021T4-2025T4
M1_prov,M1prov_24_2012-2025_Censo+ECP_MIVAU _sin_0.1,D = Δhogares − altas,2012,2025,1,,,,,1638.1999999999998,,Censos 2011-2021 + ECP 2021T4-2025T4
M1_prov,M1prov_24_2012-2025_Censo+ECP_MIVAU _sin_0.2,D = Δhogares − altas,2012,2025,1,,,,,6192.4,,Censos 2011-2021 + ECP 2021T4-2025T4
M1_prov,M1prov_24_2012-2025_Censo+ECP_Catast_incluida_nan,D = Δhogares − altas,2012,2025,1,,,,,-19300.0,,Censos 2011-2021 + ECP 2021T4-2025T4
M1_prov,M1prov_24_2012-2025_Censo+Censo anual_MIVAU _con_0.0,D = Δhogares − altas,2012,2025,1,,,,,-9443.123542608315,,Censo 2011 (viv. principales) y Censo anual 1-ene-2025 / tamaño medio 2021 (supuesto)
M1_prov,M1prov_24_2012-2025_Censo+Censo anual_MIVAU _con_0.1,D = Δhogares − altas,2012,2025,1,,,,,-5214.223542608314,,Censo 2011 (viv. principales) y Censo anual 1-ene-2025 / tamaño medio 2021 (supuesto)
M1_prov,M1prov_24_2012-2025_Censo+Censo anual_MIVAU _con_0.2,D = Δhogares − altas,2012,2025,1,,,,,-985.3235426083138,,Censo 2011 (viv. principales) y Censo anual 1-ene-2025 / tamaño medio 2021 (supuesto)
M1_prov,M1prov_24_2012-2025_Censo+Censo anual_MIVAU _sin_0.0,D = Δhogares − altas,2012,2025,1,,,,,-9443.123542608315,,Censo 2011 (viv. principales) y Censo anual 1-ene-2025 / tamaño medio 2021 (supuesto)
M1_prov,M1prov_24_2012-2025_Censo+Censo anual_MIVAU _sin_0.1,D = Δhogares − altas,2012,2025,1,,,,,-5214.223542608314,,Censo 2011 (viv. principales) y Censo anual 1-ene-2025 / tamaño medio 2021 (supuesto)
M1_prov,M1prov_24_2012-2025_Censo+Censo anual_MIVAU _sin_0.2,D = Δhogares − altas,2012,2025,1,,,,,-985.3235426083138,,Censo 2011 (viv. principales) y Censo anual 1-ene-2025 / tamaño medio 2021 (supuesto)
M1_prov,M1prov_24_2012-2025_Censo+Censo anual_Catast_incluida_nan,D = Δhogares − altas,2012,2025,1,,,,,-25075.123542608315,,Censo 2011 (viv. principales) y Censo anual 1-ene-2025 / tamaño medio 2021 (supuesto)
M1_prov,M1prov_24_2021-2025_ECP_MIVAU _con_0.0,D = Δhogares − altas,2021,2025,1,,,,,5560.0,,ECP 2021T1-2025T4
M1_prov,M1prov_24_2021-2025_ECP_MIVAU _con_0.1,D = Δhogares − altas,2021,2025,1,,,,,7333.625,,ECP 2021T1-2025T4
M1_prov,M1prov_24_2021-2025_ECP_MIVAU _con_0.2,D = Δhogares − altas,2021,2025,1,,,,,9107.25,,ECP 2021T1-2025T4
M1_prov,M1prov_24_2021-2025_ECP_MIVAU _sin_0.0,D = Δhogares − altas,2021,2025,1,,,,,5560.0,,ECP 2021T1-2025T4
M1_prov,M1prov_24_2021-2025_ECP_MIVAU _sin_0.1,D = Δhogares − altas,2021,2025,1,,,,,7333.625,,ECP 2021T1-2025T4
M1_prov,M1prov_24_2021-2025_ECP_MIVAU _sin_0.2,D = Δhogares − altas,2021,2025,1,,,,,9107.25,,ECP 2021T1-2025T4
M1_prov,M1prov_24_2021-2025_ECP_Catast_incluida_nan,D = Δhogares − altas,2021,2025,1,,,,,2714.0,,ECP 2021T1-2025T4
M1_prov,M1prov_24_2021-2025_Censo anual_MIVAU _con_0.0,D = Δhogares − altas,2021,2025,1,,,,,-1933.123542608344,,Censo anual 1-ene-2021 a 1-ene-2025; hogares = personas/tamaño medio Censo 2021 (supuesto)
M1_prov,M1prov_24_2021-2025_Censo anual_MIVAU _con_0.1,D = Δhogares − altas,2021,2025,1,,,,,-514.2235426083439,,Censo anual 1-ene-2021 a 1-ene-2025; hogares = personas/tamaño medio Censo 2021 (supuesto)
M1_prov,M1prov_24_2021-2025_Censo anual_MIVAU _con_0.2,D = Δhogares − altas,2021,2025,1,,,,,904.6764573916562,,Censo anual 1-ene-2021 a 1-ene-2025; hogares = personas/tamaño medio Censo 2021 (supuesto)
M1_prov,M1prov_24_2021-2025_Censo anual_MIVAU _sin_0.0,D = Δhogares − altas,2021,2025,1,,,,,-1933.123542608344,,Censo anual 1-ene-2021 a 1-ene-2025; hogares = personas/tamaño medio Censo 2021 (supuesto)
M1_prov,M1prov_24_2021-2025_Censo anual_MIVAU _sin_0.1,D = Δhogares − altas,2021,2025,1,,,,,-514.2235426083439,,Censo anual 1-ene-2021 a 1-ene-2025; hogares = personas/tamaño medio Censo 2021 (supuesto)
M1_prov,M1prov_24_2021-2025_Censo anual_MIVAU _sin_0.2,D = Δhogares − altas,2021,2025,1,,,,,904.6764573916562,,Censo anual 1-ene-2021 a 1-ene-2025; hogares = personas/tamaño medio Censo 2021 (supuesto)
M1_prov,M1prov_24_2021-2025_Censo anual_Catast_incluida_nan,D = Δhogares − altas,2021,2025,1,,,,,-4027.123542608344,,Censo anual 1-ene-2021 a 1-ene-2025; hogares = personas/tamaño medio Censo 2021 (supuesto)
M1_prov,M1prov_25_2012-2025_Censo+ECP_MIVAU _con_0.0,D = Δhogares − altas,2012,2025,1,,,,,7655.0,,Censos 2011-2021 + ECP 2021T4-2025T4
M1_prov,M1prov_25_2012-2025_Censo+ECP_MIVAU _con_0.1,D = Δhogares − altas,2012,2025,1,,,,,11086.526,,Censos 2011-2021 + ECP 2021T4-2025T4
M1_prov,M1prov_25_2012-2025_Censo+ECP_MIVAU _con_0.2,D = Δhogares − altas,2012,2025,1,,,,,14518.052,,Censos 2011-2021 + ECP 2021T4-2025T4
M1_prov,M1prov_25_2012-2025_Censo+ECP_MIVAU _sin_0.0,D = Δhogares − altas,2012,2025,1,,,,,7655.0,,Censos 2011-2021 + ECP 2021T4-2025T4
M1_prov,M1prov_25_2012-2025_Censo+ECP_MIVAU _sin_0.1,D = Δhogares − altas,2012,2025,1,,,,,11086.526,,Censos 2011-2021 + ECP 2021T4-2025T4
M1_prov,M1prov_25_2012-2025_Censo+ECP_MIVAU _sin_0.2,D = Δhogares − altas,2012,2025,1,,,,,14518.052,,Censos 2011-2021 + ECP 2021T4-2025T4
M1_prov,M1prov_25_2012-2025_Censo+ECP_Catast_incluida_nan,D = Δhogares − altas,2012,2025,1,,,,,-5130.0,,Censos 2011-2021 + ECP 2021T4-2025T4
M1_prov,M1prov_25_2012-2025_Censo+Censo anual_MIVAU _con_0.0,D = Δhogares − altas,2012,2025,1,,,,,5913.69081041211,,Censo 2011 (viv. principales) y Censo anual 1-ene-2025 / tamaño medio 2021 (supuesto)
M1_prov,M1prov_25_2012-2025_Censo+Censo anual_MIVAU _con_0.1,D = Δhogares − altas,2012,2025,1,,,,,9100.10781041211,,Censo 2011 (viv. principales) y Censo anual 1-ene-2025 / tamaño medio 2021 (supuesto)
M1_prov,M1prov_25_2012-2025_Censo+Censo anual_MIVAU _con_0.2,D = Δhogares − altas,2012,2025,1,,,,,12286.52481041211,,Censo 2011 (viv. principales) y Censo anual 1-ene-2025 / tamaño medio 2021 (supuesto)
M1_prov,M1prov_25_2012-2025_Censo+Censo anual_MIVAU _sin_0.0,D = Δhogares − altas,2012,2025,1,,,,,5913.69081041211,,Censo 2011 (viv. principales) y Censo anual 1-ene-2025 / tamaño medio 2021 (supuesto)
M1_prov,M1prov_25_2012-2025_Censo+Censo anual_MIVAU _sin_0.1,D = Δhogares − altas,2012,2025,1,,,,,9100.10781041211,,Censo 2011 (viv. principales) y Censo anual 1-ene-2025 / tamaño medio 2021 (supuesto)
M1_prov,M1prov_25_2012-2025_Censo+Censo anual_MIVAU _sin_0.2,D = Δhogares − altas,2012,2025,1,,,,,12286.52481041211,,Censo 2011 (viv. principales) y Censo anual 1-ene-2025 / tamaño medio 2021 (supuesto)
M1_prov,M1prov_25_2012-2025_Censo+Censo anual_Catast_incluida_nan,D = Δhogares − altas,2012,2025,1,,,,,-5997.30918958789,,Censo 2011 (viv. principales) y Censo anual 1-ene-2025 / tamaño medio 2021 (supuesto)
M1_prov,M1prov_25_2021-2025_ECP_MIVAU _con_0.0,D = Δhogares − altas,2021,2025,1,,,,,10583.0,,ECP 2021T1-2025T4
M1_prov,M1prov_25_2021-2025_ECP_MIVAU _con_0.1,D = Δhogares − altas,2021,2025,1,,,,,11863.405,,ECP 2021T1-2025T4
M1_prov,M1prov_25_2021-2025_ECP_MIVAU _con_0.2,D = Δhogares − altas,2021,2025,1,,,,,13143.810000000001,,ECP 2021T1-2025T4
M1_prov,M1prov_25_2021-2025_ECP_MIVAU _sin_0.0,D = Δhogares − altas,2021,2025,1,,,,,10583.0,,ECP 2021T1-2025T4
M1_prov,M1prov_25_2021-2025_ECP_MIVAU _sin_0.1,D = Δhogares − altas,2021,2025,1,,,,,11863.405,,ECP 2021T1-2025T4
M1_prov,M1prov_25_2021-2025_ECP_MIVAU _sin_0.2,D = Δhogares − altas,2021,2025,1,,,,,13143.810000000001,,ECP 2021T1-2025T4
M1_prov,M1prov_25_2021-2025_ECP_Catast_incluida_nan,D = Δhogares − altas,2021,2025,1,,,,,7034.0,,ECP 2021T1-2025T4
M1_prov,M1prov_25_2021-2025_Censo anual_MIVAU _con_0.0,D = Δhogares − altas,2021,2025,1,,,,,7330.69081041211,,Censo anual 1-ene-2021 a 1-ene-2025; hogares = personas/tamaño medio Censo 2021 (supuesto)
M1_prov,M1prov_25_2021-2025_Censo anual_MIVAU _con_0.1,D = Δhogares − altas,2021,2025,1,,,,,8355.01481041211,,Censo anual 1-ene-2021 a 1-ene-2025; hogares = personas/tamaño medio Censo 2021 (supuesto)
M1_prov,M1prov_25_2021-2025_Censo anual_MIVAU _con_0.2,D = Δhogares − altas,2021,2025,1,,,,,9379.338810412111,,Censo anual 1-ene-2021 a 1-ene-2025; hogares = personas/tamaño medio Censo 2021 (supuesto)
M1_prov,M1prov_25_2021-2025_Censo anual_MIVAU _sin_0.0,D = Δhogares − altas,2021,2025,1,,,,,7330.69081041211,,Censo anual 1-ene-2021 a 1-ene-2025; hogares = personas/tamaño medio Censo 2021 (supuesto)
M1_prov,M1prov_25_2021-2025_Censo anual_MIVAU _sin_0.1,D = Δhogares − altas,2021,2025,1,,,,,8355.01481041211,,Censo anual 1-ene-2021 a 1-ene-2025; hogares = personas/tamaño medio Censo 2021 (supuesto)
M1_prov,M1prov_25_2021-2025_Censo anual_MIVAU _sin_0.2,D = Δhogares − altas,2021,2025,1,,,,,9379.338810412111,,Censo anual 1-ene-2021 a 1-ene-2025; hogares = personas/tamaño medio Censo 2021 (supuesto)
M1_prov,M1prov_25_2021-2025_Censo anual_Catast_incluida_nan,D = Δhogares − altas,2021,2025,1,,,,,4655.69081041211,,Censo anual 1-ene-2021 a 1-ene-2025; hogares = personas/tamaño medio Censo 2021 (supuesto)
M1_prov,M1prov_26_2012-2025_Censo+ECP_MIVAU _con_0.0,D = Δhogares − altas,2012,2025,1,,,,,8328.0,,Censos 2011-2021 + ECP 2021T4-2025T4
M1_prov,M1prov_26_2012-2025_Censo+ECP_MIVAU _con_0.1,D = Δhogares − altas,2012,2025,1,,,,,11110.626,,Censos 2011-2021 + ECP 2021T4-2025T4
M1_prov,M1prov_26_2012-2025_Censo+ECP_MIVAU _con_0.2,D = Δhogares − altas,2012,2025,1,,,,,13893.252,,Censos 2011-2021 + ECP 2021T4-2025T4
M1_prov,M1prov_26_2012-2025_Censo+ECP_MIVAU _sin_0.0,D = Δhogares − altas,2012,2025,1,,,,,8328.0,,Censos 2011-2021 + ECP 2021T4-2025T4
M1_prov,M1prov_26_2012-2025_Censo+ECP_MIVAU _sin_0.1,D = Δhogares − altas,2012,2025,1,,,,,11110.626,,Censos 2011-2021 + ECP 2021T4-2025T4
M1_prov,M1prov_26_2012-2025_Censo+ECP_MIVAU _sin_0.2,D = Δhogares − altas,2012,2025,1,,,,,13893.252,,Censos 2011-2021 + ECP 2021T4-2025T4
M1_prov,M1prov_26_2012-2025_Censo+ECP_Catast_incluida_nan,D = Δhogares − altas,2012,2025,1,,,,,-1417.0,,Censos 2011-2021 + ECP 2021T4-2025T4
M1_prov,M1prov_26_2012-2025_Censo+Censo anual_MIVAU _con_0.0,D = Δhogares − altas,2012,2025,1,,,,,5303.422906675347,,Censo 2011 (viv. principales) y Censo anual 1-ene-2025 / tamaño medio 2021 (supuesto)
M1_prov,M1prov_26_2012-2025_Censo+Censo anual_MIVAU _con_0.1,D = Δhogares − altas,2012,2025,1,,,,,7887.289906675347,,Censo 2011 (viv. principales) y Censo anual 1-ene-2025 / tamaño medio 2021 (supuesto)
M1_prov,M1prov_26_2012-2025_Censo+Censo anual_MIVAU _con_0.2,D = Δhogares − altas,2012,2025,1,,,,,10471.156906675347,,Censo 2011 (viv. principales) y Censo anual 1-ene-2025 / tamaño medio 2021 (supuesto)
M1_prov,M1prov_26_2012-2025_Censo+Censo anual_MIVAU _sin_0.0,D = Δhogares − altas,2012,2025,1,,,,,5303.422906675347,,Censo 2011 (viv. principales) y Censo anual 1-ene-2025 / tamaño medio 2021 (supuesto)
M1_prov,M1prov_26_2012-2025_Censo+Censo anual_MIVAU _sin_0.1,D = Δhogares − altas,2012,2025,1,,,,,7887.289906675347,,Censo 2011 (viv. principales) y Censo anual 1-ene-2025 / tamaño medio 2021 (supuesto)
M1_prov,M1prov_26_2012-2025_Censo+Censo anual_MIVAU _sin_0.2,D = Δhogares − altas,2012,2025,1,,,,,10471.156906675347,,Censo 2011 (viv. principales) y Censo anual 1-ene-2025 / tamaño medio 2021 (supuesto)
M1_prov,M1prov_26_2012-2025_Censo+Censo anual_Catast_incluida_nan,D = Δhogares − altas,2012,2025,1,,,,,-3901.577093324653,,Censo 2011 (viv. principales) y Censo anual 1-ene-2025 / tamaño medio 2021 (supuesto)
M1_prov,M1prov_26_2021-2025_ECP_MIVAU _con_0.0,D = Δhogares − altas,2021,2025,1,,,,,7224.0,,ECP 2021T1-2025T4
M1_prov,M1prov_26_2021-2025_ECP_MIVAU _con_0.1,D = Δhogares − altas,2021,2025,1,,,,,8280.665,,ECP 2021T1-2025T4
M1_prov,M1prov_26_2021-2025_ECP_MIVAU _con_0.2,D = Δhogares − altas,2021,2025,1,,,,,9337.33,,ECP 2021T1-2025T4
M1_prov,M1prov_26_2021-2025_ECP_MIVAU _sin_0.0,D = Δhogares − altas,2021,2025,1,,,,,7224.0,,ECP 2021T1-2025T4
M1_prov,M1prov_26_2021-2025_ECP_MIVAU _sin_0.1,D = Δhogares − altas,2021,2025,1,,,,,8280.665,,ECP 2021T1-2025T4
M1_prov,M1prov_26_2021-2025_ECP_MIVAU _sin_0.2,D = Δhogares − altas,2021,2025,1,,,,,9337.33,,ECP 2021T1-2025T4
M1_prov,M1prov_26_2021-2025_ECP_Catast_incluida_nan,D = Δhogares − altas,2021,2025,1,,,,,4786.0,,ECP 2021T1-2025T4
M1_prov,M1prov_26_2021-2025_Censo anual_MIVAU _con_0.0,D = Δhogares − altas,2021,2025,1,,,,,3046.422906675347,,Censo anual 1-ene-2021 a 1-ene-2025; hogares = personas/tamaño medio Censo 2021 (supuesto)
M1_prov,M1prov_26_2021-2025_Censo anual_MIVAU _con_0.1,D = Δhogares − altas,2021,2025,1,,,,,3891.754906675347,,Censo anual 1-ene-2021 a 1-ene-2025; hogares = personas/tamaño medio Censo 2021 (supuesto)
M1_prov,M1prov_26_2021-2025_Censo anual_MIVAU _con_0.2,D = Δhogares − altas,2021,2025,1,,,,,4737.086906675347,,Censo anual 1-ene-2021 a 1-ene-2025; hogares = personas/tamaño medio Censo 2021 (supuesto)
M1_prov,M1prov_26_2021-2025_Censo anual_MIVAU _sin_0.0,D = Δhogares − altas,2021,2025,1,,,,,3046.422906675347,,Censo anual 1-ene-2021 a 1-ene-2025; hogares = personas/tamaño medio Censo 2021 (supuesto)
M1_prov,M1prov_26_2021-2025_Censo anual_MIVAU _sin_0.1,D = Δhogares − altas,2021,2025,1,,,,,3891.754906675347,,Censo anual 1-ene-2021 a 1-ene-2025; hogares = personas/tamaño medio Censo 2021 (supuesto)
M1_prov,M1prov_26_2021-2025_Censo anual_MIVAU _sin_0.2,D = Δhogares − altas,2021,2025,1,,,,,4737.086906675347,,Censo anual 1-ene-2021 a 1-ene-2025; hogares = personas/tamaño medio Censo 2021 (supuesto)
M1_prov,M1prov_26_2021-2025_Censo anual_Catast_incluida_nan,D = Δhogares − altas,2021,2025,1,,,,,1148.422906675347,,Censo anual 1-ene-2021 a 1-ene-2025; hogares = personas/tamaño medio Censo 2021 (supuesto)
M1_prov,M1prov_27_2012-2025_Censo+ECP_MIVAU _con_0.0,D = Δhogares − altas,2012,2025,1,,,,,5314.0,,Censos 2011-2021 + ECP 2021T4-2025T4
M1_prov,M1prov_27_2012-2025_Censo+ECP_MIVAU _con_0.1,D = Δhogares − altas,2012,2025,1,,,,,8452.128,,Censos 2011-2021 + ECP 2021T4-2025T4
M1_prov,M1prov_27_2012-2025_Censo+ECP_MIVAU _con_0.2,D = Δhogares − altas,2012,2025,1,,,,,11590.256000000001,,Censos 2011-2021 + ECP 2021T4-2025T4
M1_prov,M1prov_27_2012-2025_Censo+ECP_MIVAU _sin_0.0,D = Δhogares − altas,2012,2025,1,,,,,5314.0,,Censos 2011-2021 + ECP 2021T4-2025T4
M1_prov,M1prov_27_2012-2025_Censo+ECP_MIVAU _sin_0.1,D = Δhogares − altas,2012,2025,1,,,,,8452.128,,Censos 2011-2021 + ECP 2021T4-2025T4
M1_prov,M1prov_27_2012-2025_Censo+ECP_MIVAU _sin_0.2,D = Δhogares − altas,2012,2025,1,,,,,11590.256000000001,,Censos 2011-2021 + ECP 2021T4-2025T4
M1_prov,M1prov_27_2012-2025_Censo+ECP_Catast_incluida_nan,D = Δhogares − altas,2012,2025,1,,,,,-15266.0,,Censos 2011-2021 + ECP 2021T4-2025T4
M1_prov,M1prov_27_2012-2025_Censo+Censo anual_MIVAU _con_0.0,D = Δhogares − altas,2012,2025,1,,,,,1644.5944465571374,,Censo 2011 (viv. principales) y Censo anual 1-ene-2025 / tamaño medio 2021 (supuesto)
M1_prov,M1prov_27_2012-2025_Censo+Censo anual_MIVAU _con_0.1,D = Δhogares − altas,2012,2025,1,,,,,4558.570446557138,,Censo 2011 (viv. principales) y Censo anual 1-ene-2025 / tamaño medio 2021 (supuesto)
M1_prov,M1prov_27_2012-2025_Censo+Censo anual_MIVAU _con_0.2,D = Δhogares − altas,2012,2025,1,,,,,7472.546446557138,,Censo 2011 (viv. principales) y Censo anual 1-ene-2025 / tamaño medio 2021 (supuesto)
M1_prov,M1prov_27_2012-2025_Censo+Censo anual_MIVAU _sin_0.0,D = Δhogares − altas,2012,2025,1,,,,,1644.5944465571374,,Censo 2011 (viv. principales) y Censo anual 1-ene-2025 / tamaño medio 2021 (supuesto)
M1_prov,M1prov_27_2012-2025_Censo+Censo anual_MIVAU _sin_0.1,D = Δhogares − altas,2012,2025,1,,,,,4558.570446557138,,Censo 2011 (viv. principales) y Censo anual 1-ene-2025 / tamaño medio 2021 (supuesto)
M1_prov,M1prov_27_2012-2025_Censo+Censo anual_MIVAU _sin_0.2,D = Δhogares − altas,2012,2025,1,,,,,7472.546446557138,,Censo 2011 (viv. principales) y Censo anual 1-ene-2025 / tamaño medio 2021 (supuesto)
M1_prov,M1prov_27_2012-2025_Censo+Censo anual_Catast_incluida_nan,D = Δhogares − altas,2012,2025,1,,,,,-19340.405553442863,,Censo 2011 (viv. principales) y Censo anual 1-ene-2025 / tamaño medio 2021 (supuesto)
M1_prov,M1prov_27_2021-2025_ECP_MIVAU _con_0.0,D = Δhogares − altas,2021,2025,1,,,,,4553.0,,ECP 2021T1-2025T4
M1_prov,M1prov_27_2021-2025_ECP_MIVAU _con_0.1,D = Δhogares − altas,2021,2025,1,,,,,5898.335,,ECP 2021T1-2025T4
M1_prov,M1prov_27_2021-2025_ECP_MIVAU _con_0.2,D = Δhogares − altas,2021,2025,1,,,,,7243.67,,ECP 2021T1-2025T4
M1_prov,M1prov_27_2021-2025_ECP_MIVAU _sin_0.0,D = Δhogares − altas,2021,2025,1,,,,,4553.0,,ECP 2021T1-2025T4
M1_prov,M1prov_27_2021-2025_ECP_MIVAU _sin_0.1,D = Δhogares − altas,2021,2025,1,,,,,5898.335,,ECP 2021T1-2025T4
M1_prov,M1prov_27_2021-2025_ECP_MIVAU _sin_0.2,D = Δhogares − altas,2021,2025,1,,,,,7243.67,,ECP 2021T1-2025T4
M1_prov,M1prov_27_2021-2025_ECP_Catast_incluida_nan,D = Δhogares − altas,2021,2025,1,,,,,4873.0,,ECP 2021T1-2025T4
M1_prov,M1prov_27_2021-2025_Censo anual_MIVAU _con_0.0,D = Δhogares − altas,2021,2025,1,,,,,-19.405553442862583,,Censo anual 1-ene-2021 a 1-ene-2025; hogares = personas/tamaño medio Censo 2021 (supuesto)
M1_prov,M1prov_27_2021-2025_Censo anual_MIVAU _con_0.1,D = Δhogares − altas,2021,2025,1,,,,,1056.8624465571374,,Censo anual 1-ene-2021 a 1-ene-2025; hogares = personas/tamaño medio Censo 2021 (supuesto)
M1_prov,M1prov_27_2021-2025_Censo anual_MIVAU _con_0.2,D = Δhogares − altas,2021,2025,1,,,,,2133.1304465571375,,Censo anual 1-ene-2021 a 1-ene-2025; hogares = personas/tamaño medio Censo 2021 (supuesto)
M1_prov,M1prov_27_2021-2025_Censo anual_MIVAU _sin_0.0,D = Δhogares − altas,2021,2025,1,,,,,-19.405553442862583,,Censo anual 1-ene-2021 a 1-ene-2025; hogares = personas/tamaño medio Censo 2021 (supuesto)
M1_prov,M1prov_27_2021-2025_Censo anual_MIVAU _sin_0.1,D = Δhogares − altas,2021,2025,1,,,,,1056.8624465571374,,Censo anual 1-ene-2021 a 1-ene-2025; hogares = personas/tamaño medio Censo 2021 (supuesto)
M1_prov,M1prov_27_2021-2025_Censo anual_MIVAU _sin_0.2,D = Δhogares − altas,2021,2025,1,,,,,2133.1304465571375,,Censo anual 1-ene-2021 a 1-ene-2025; hogares = personas/tamaño medio Censo 2021 (supuesto)
M1_prov,M1prov_27_2021-2025_Censo anual_Catast_incluida_nan,D = Δhogares − altas,2021,2025,1,,,,,-104.40555344286258,,Censo anual 1-ene-2021 a 1-ene-2025; hogares = personas/tamaño medio Censo 2021 (supuesto)
M1_prov,M1prov_28_2012-2025_Censo+ECP_MIVAU _con_0.0,D = Δhogares − altas,2012,2025,1,,,,,237391.0,,Censos 2011-2021 + ECP 2021T4-2025T4
M1_prov,M1prov_28_2012-2025_Censo+ECP_MIVAU _con_0.1,D = Δhogares − altas,2012,2025,1,,,,,277930.24,,Censos 2011-2021 + ECP 2021T4-2025T4
M1_prov,M1prov_28_2012-2025_Censo+ECP_MIVAU _con_0.2,D = Δhogares − altas,2012,2025,1,,,,,318469.48,,Censos 2011-2021 + ECP 2021T4-2025T4
M1_prov,M1prov_28_2012-2025_Censo+ECP_MIVAU _sin_0.0,D = Δhogares − altas,2012,2025,1,,,,,237391.0,,Censos 2011-2021 + ECP 2021T4-2025T4
M1_prov,M1prov_28_2012-2025_Censo+ECP_MIVAU _sin_0.1,D = Δhogares − altas,2012,2025,1,,,,,277930.24,,Censos 2011-2021 + ECP 2021T4-2025T4
M1_prov,M1prov_28_2012-2025_Censo+ECP_MIVAU _sin_0.2,D = Δhogares − altas,2012,2025,1,,,,,318469.48,,Censos 2011-2021 + ECP 2021T4-2025T4
M1_prov,M1prov_28_2012-2025_Censo+ECP_Catast_incluida_nan,D = Δhogares − altas,2012,2025,1,,,,,4454.0,,Censos 2011-2021 + ECP 2021T4-2025T4
M1_prov,M1prov_28_2012-2025_Censo+Censo anual_MIVAU _con_0.0,D = Δhogares − altas,2012,2025,1,,,,,223709.84865162987,,Censo 2011 (viv. principales) y Censo anual 1-ene-2025 / tamaño medio 2021 (supuesto)
M1_prov,M1prov_28_2012-2025_Censo+Censo anual_MIVAU _con_0.1,D = Δhogares − altas,2012,2025,1,,,,,261353.4286516299,,Censo 2011 (viv. principales) y Censo anual 1-ene-2025 / tamaño medio 2021 (supuesto)
M1_prov,M1prov_28_2012-2025_Censo+Censo anual_MIVAU _con_0.2,D = Δhogares − altas,2012,2025,1,,,,,298997.0086516299,,Censo 2011 (viv. principales) y Censo anual 1-ene-2025 / tamaño medio 2021 (supuesto)
M1_prov,M1prov_28_2012-2025_Censo+Censo anual_MIVAU _sin_0.0,D = Δhogares − altas,2012,2025,1,,,,,223709.84865162987,,Censo 2011 (viv. principales) y Censo anual 1-ene-2025 / tamaño medio 2021 (supuesto)
M1_prov,M1prov_28_2012-2025_Censo+Censo anual_MIVAU _sin_0.1,D = Δhogares − altas,2012,2025,1,,,,,261353.4286516299,,Censo 2011 (viv. principales) y Censo anual 1-ene-2025 / tamaño medio 2021 (supuesto)
M1_prov,M1prov_28_2012-2025_Censo+Censo anual_MIVAU _sin_0.2,D = Δhogares − altas,2012,2025,1,,,,,298997.0086516299,,Censo 2011 (viv. principales) y Censo anual 1-ene-2025 / tamaño medio 2021 (supuesto)
M1_prov,M1prov_28_2012-2025_Censo+Censo anual_Catast_incluida_nan,D = Δhogares − altas,2012,2025,1,,,,,4992.848651629873,,Censo 2011 (viv. principales) y Censo anual 1-ene-2025 / tamaño medio 2021 (supuesto)
M1_prov,M1prov_28_2021-2025_ECP_MIVAU _con_0.0,D = Δhogares − altas,2021,2025,1,,,,,192205.0,,ECP 2021T1-2025T4
M1_prov,M1prov_28_2021-2025_ECP_MIVAU _con_0.1,D = Δhogares − altas,2021,2025,1,,,,,206989.70500000002,,ECP 2021T1-2025T4
M1_prov,M1prov_28_2021-2025_ECP_MIVAU _con_0.2,D = Δhogares − altas,2021,2025,1,,,,,221774.41,,ECP 2021T1-2025T4
M1_prov,M1prov_28_2021-2025_ECP_MIVAU _sin_0.0,D = Δhogares − altas,2021,2025,1,,,,,192205.0,,ECP 2021T1-2025T4
M1_prov,M1prov_28_2021-2025_ECP_MIVAU _sin_0.1,D = Δhogares − altas,2021,2025,1,,,,,206989.70500000002,,ECP 2021T1-2025T4
M1_prov,M1prov_28_2021-2025_ECP_MIVAU _sin_0.2,D = Δhogares − altas,2021,2025,1,,,,,221774.41,,ECP 2021T1-2025T4
M1_prov,M1prov_28_2021-2025_ECP_Catast_incluida_nan,D = Δhogares − altas,2021,2025,1,,,,,104054.0,,ECP 2021T1-2025T4
M1_prov,M1prov_28_2021-2025_Censo anual_MIVAU _con_0.0,D = Δhogares − altas,2021,2025,1,,,,,146598.84865162987,,Censo anual 1-ene-2021 a 1-ene-2025; hogares = personas/tamaño medio Censo 2021 (supuesto)
M1_prov,M1prov_28_2021-2025_Censo anual_MIVAU _con_0.1,D = Δhogares − altas,2021,2025,1,,,,,158426.61265162987,,Censo anual 1-ene-2021 a 1-ene-2025; hogares = personas/tamaño medio Censo 2021 (supuesto)
M1_prov,M1prov_28_2021-2025_Censo anual_MIVAU _con_0.2,D = Δhogares − altas,2021,2025,1,,,,,170254.37665162986,,Censo anual 1-ene-2021 a 1-ene-2025; hogares = personas/tamaño medio Censo 2021 (supuesto)
M1_prov,M1prov_28_2021-2025_Censo anual_MIVAU _sin_0.0,D = Δhogares − altas,2021,2025,1,,,,,146598.84865162987,,Censo anual 1-ene-2021 a 1-ene-2025; hogares = personas/tamaño medio Censo 2021 (supuesto)
M1_prov,M1prov_28_2021-2025_Censo anual_MIVAU _sin_0.1,D = Δhogares − altas,2021,2025,1,,,,,158426.61265162987,,Censo anual 1-ene-2021 a 1-ene-2025; hogares = personas/tamaño medio Censo 2021 (supuesto)
M1_prov,M1prov_28_2021-2025_Censo anual_MIVAU _sin_0.2,D = Δhogares − altas,2021,2025,1,,,,,170254.37665162986,,Censo anual 1-ene-2021 a 1-ene-2025; hogares = personas/tamaño medio Censo 2021 (supuesto)
M1_prov,M1prov_28_2021-2025_Censo anual_Catast_incluida_nan,D = Δhogares − altas,2021,2025,1,,,,,72667.84865162987,,Censo anual 1-ene-2021 a 1-ene-2025; hogares = personas/tamaño medio Censo 2021 (supuesto)
M1_prov,M1prov_29_2012-2025_Censo+ECP_MIVAU _con_0.0,D = Δhogares − altas,2012,2025,1,,,,,96325.0,,Censos 2011-2021 + ECP 2021T4-2025T4
M1_prov,M1prov_29_2012-2025_Censo+ECP_MIVAU _con_0.1,D = Δhogares − altas,2012,2025,1,,,,,108892.058,,Censos 2011-2021 + ECP 2021T4-2025T4
M1_prov,M1prov_29_2012-2025_Censo+ECP_MIVAU _con_0.2,D = Δhogares − altas,2012,2025,1,,,,,121459.11600000001,,Censos 2011-2021 + ECP 2021T4-2025T4
M1_prov,M1prov_29_2012-2025_Censo+ECP_MIVAU _sin_0.0,D = Δhogares − altas,2012,2025,1,,,,,96325.0,,Censos 2011-2021 + ECP 2021T4-2025T4
M1_prov,M1prov_29_2012-2025_Censo+ECP_MIVAU _sin_0.1,D = Δhogares − altas,2012,2025,1,,,,,108892.058,,Censos 2011-2021 + ECP 2021T4-2025T4
M1_prov,M1prov_29_2012-2025_Censo+ECP_MIVAU _sin_0.2,D = Δhogares − altas,2012,2025,1,,,,,121459.11600000001,,Censos 2011-2021 + ECP 2021T4-2025T4
M1_prov,M1prov_29_2012-2025_Censo+ECP_Catast_incluida_nan,D = Δhogares − altas,2012,2025,1,,,,,33988.0,,Censos 2011-2021 + ECP 2021T4-2025T4
M1_prov,M1prov_29_2012-2025_Censo+Censo anual_MIVAU _con_0.0,D = Δhogares − altas,2012,2025,1,,,,,90650.88060673384,,Censo 2011 (viv. principales) y Censo anual 1-ene-2025 / tamaño medio 2021 (supuesto)
M1_prov,M1prov_29_2012-2025_Censo+Censo anual_MIVAU _con_0.1,D = Δhogares − altas,2012,2025,1,,,,,102320.29160673384,,Censo 2011 (viv. principales) y Censo anual 1-ene-2025 / tamaño medio 2021 (supuesto)
M1_prov,M1prov_29_2012-2025_Censo+Censo anual_MIVAU _con_0.2,D = Δhogares − altas,2012,2025,1,,,,,113989.70260673384,,Censo 2011 (viv. principales) y Censo anual 1-ene-2025 / tamaño medio 2021 (supuesto)
M1_prov,M1prov_29_2012-2025_Censo+Censo anual_MIVAU _sin_0.0,D = Δhogares − altas,2012,2025,1,,,,,90650.88060673384,,Censo 2011 (viv. principales) y Censo anual 1-ene-2025 / tamaño medio 2021 (supuesto)
M1_prov,M1prov_29_2012-2025_Censo+Censo anual_MIVAU _sin_0.1,D = Δhogares − altas,2012,2025,1,,,,,102320.29160673384,,Censo 2011 (viv. principales) y Censo anual 1-ene-2025 / tamaño medio 2021 (supuesto)
M1_prov,M1prov_29_2012-2025_Censo+Censo anual_MIVAU _sin_0.2,D = Δhogares − altas,2012,2025,1,,,,,113989.70260673384,,Censo 2011 (viv. principales) y Censo anual 1-ene-2025 / tamaño medio 2021 (supuesto)
M1_prov,M1prov_29_2012-2025_Censo+Censo anual_Catast_incluida_nan,D = Δhogares − altas,2012,2025,1,,,,,35622.880606733845,,Censo 2011 (viv. principales) y Censo anual 1-ene-2025 / tamaño medio 2021 (supuesto)
M1_prov,M1prov_29_2021-2025_ECP_MIVAU _con_0.0,D = Δhogares − altas,2021,2025,1,,,,,53742.0,,ECP 2021T1-2025T4
M1_prov,M1prov_29_2021-2025_ECP_MIVAU _con_0.1,D = Δhogares − altas,2021,2025,1,,,,,58724.785,,ECP 2021T1-2025T4
M1_prov,M1prov_29_2021-2025_ECP_MIVAU _con_0.2,D = Δhogares − altas,2021,2025,1,,,,,63707.57,,ECP 2021T1-2025T4
M1_prov,M1prov_29_2021-2025_ECP_MIVAU _sin_0.0,D = Δhogares − altas,2021,2025,1,,,,,53742.0,,ECP 2021T1-2025T4
M1_prov,M1prov_29_2021-2025_ECP_MIVAU _sin_0.1,D = Δhogares − altas,2021,2025,1,,,,,58724.785,,ECP 2021T1-2025T4
M1_prov,M1prov_29_2021-2025_ECP_MIVAU _sin_0.2,D = Δhogares − altas,2021,2025,1,,,,,63707.57,,ECP 2021T1-2025T4
M1_prov,M1prov_29_2021-2025_ECP_Catast_incluida_nan,D = Δhogares − altas,2021,2025,1,,,,,23982.0,,ECP 2021T1-2025T4
M1_prov,M1prov_29_2021-2025_Censo anual_MIVAU _con_0.0,D = Δhogares − altas,2021,2025,1,,,,,36666.880606733845,,Censo anual 1-ene-2021 a 1-ene-2025; hogares = personas/tamaño medio Censo 2021 (supuesto)
M1_prov,M1prov_29_2021-2025_Censo anual_MIVAU _con_0.1,D = Δhogares − altas,2021,2025,1,,,,,40653.10860673385,,Censo anual 1-ene-2021 a 1-ene-2025; hogares = personas/tamaño medio Censo 2021 (supuesto)
M1_prov,M1prov_29_2021-2025_Censo anual_MIVAU _con_0.2,D = Δhogares − altas,2021,2025,1,,,,,44639.33660673384,,Censo anual 1-ene-2021 a 1-ene-2025; hogares = personas/tamaño medio Censo 2021 (supuesto)
M1_prov,M1prov_29_2021-2025_Censo anual_MIVAU _sin_0.0,D = Δhogares − altas,2021,2025,1,,,,,36666.880606733845,,Censo anual 1-ene-2021 a 1-ene-2025; hogares = personas/tamaño medio Censo 2021 (supuesto)
M1_prov,M1prov_29_2021-2025_Censo anual_MIVAU _sin_0.1,D = Δhogares − altas,2021,2025,1,,,,,40653.10860673385,,Censo anual 1-ene-2021 a 1-ene-2025; hogares = personas/tamaño medio Censo 2021 (supuesto)
M1_prov,M1prov_29_2021-2025_Censo anual_MIVAU _sin_0.2,D = Δhogares − altas,2021,2025,1,,,,,44639.33660673384,,Censo anual 1-ene-2021 a 1-ene-2025; hogares = personas/tamaño medio Censo 2021 (supuesto)
M1_prov,M1prov_29_2021-2025_Censo anual_Catast_incluida_nan,D = Δhogares − altas,2021,2025,1,,,,,14215.880606733845,,Censo anual 1-ene-2021 a 1-ene-2025; hogares = personas/tamaño medio Censo 2021 (supuesto)
M1_prov,M1prov_30_2012-2025_Censo+ECP_MIVAU _con_0.0,D = Δhogares − altas,2012,2025,1,,,,,63918.0,,Censos 2011-2021 + ECP 2021T4-2025T4
M1_prov,M1prov_30_2012-2025_Censo+ECP_MIVAU _con_0.1,D = Δhogares − altas,2012,2025,1,,,,,74793.942,,Censos 2011-2021 + ECP 2021T4-2025T4
M1_prov,M1prov_30_2012-2025_Censo+ECP_MIVAU _con_0.2,D = Δhogares − altas,2012,2025,1,,,,,85669.884,,Censos 2011-2021 + ECP 2021T4-2025T4
M1_prov,M1prov_30_2012-2025_Censo+ECP_MIVAU _sin_0.0,D = Δhogares − altas,2012,2025,1,,,,,63918.0,,Censos 2011-2021 + ECP 2021T4-2025T4
M1_prov,M1prov_30_2012-2025_Censo+ECP_MIVAU _sin_0.1,D = Δhogares − altas,2012,2025,1,,,,,74793.942,,Censos 2011-2021 + ECP 2021T4-2025T4
M1_prov,M1prov_30_2012-2025_Censo+ECP_MIVAU _sin_0.2,D = Δhogares − altas,2012,2025,1,,,,,85669.884,,Censos 2011-2021 + ECP 2021T4-2025T4
M1_prov,M1prov_30_2012-2025_Censo+ECP_Catast_incluida_nan,D = Δhogares − altas,2012,2025,1,,,,,36376.0,,Censos 2011-2021 + ECP 2021T4-2025T4
M1_prov,M1prov_30_2012-2025_Censo+Censo anual_MIVAU _con_0.0,D = Δhogares − altas,2012,2025,1,,,,,49590.292785449885,,Censo 2011 (viv. principales) y Censo anual 1-ene-2025 / tamaño medio 2021 (supuesto)
M1_prov,M1prov_30_2012-2025_Censo+Censo anual_MIVAU _con_0.1,D = Δhogares − altas,2012,2025,1,,,,,59689.381785449885,,Censo 2011 (viv. principales) y Censo anual 1-ene-2025 / tamaño medio 2021 (supuesto)
M1_prov,M1prov_30_2012-2025_Censo+Censo anual_MIVAU _con_0.2,D = Δhogares − altas,2012,2025,1,,,,,69788.47078544988,,Censo 2011 (viv. principales) y Censo anual 1-ene-2025 / tamaño medio 2021 (supuesto)
M1_prov,M1prov_30_2012-2025_Censo+Censo anual_MIVAU _sin_0.0,D = Δhogares − altas,2012,2025,1,,,,,49590.292785449885,,Censo 2011 (viv. principales) y Censo anual 1-ene-2025 / tamaño medio 2021 (supuesto)
M1_prov,M1prov_30_2012-2025_Censo+Censo anual_MIVAU _sin_0.1,D = Δhogares − altas,2012,2025,1,,,,,59689.381785449885,,Censo 2011 (viv. principales) y Censo anual 1-ene-2025 / tamaño medio 2021 (supuesto)
M1_prov,M1prov_30_2012-2025_Censo+Censo anual_MIVAU _sin_0.2,D = Δhogares − altas,2012,2025,1,,,,,69788.47078544988,,Censo 2011 (viv. principales) y Censo anual 1-ene-2025 / tamaño medio 2021 (supuesto)
M1_prov,M1prov_30_2012-2025_Censo+Censo anual_Catast_incluida_nan,D = Δhogares − altas,2012,2025,1,,,,,23653.292785449885,,Censo 2011 (viv. principales) y Censo anual 1-ene-2025 / tamaño medio 2021 (supuesto)
M1_prov,M1prov_30_2021-2025_ECP_MIVAU _con_0.0,D = Δhogares − altas,2021,2025,1,,,,,47146.0,,ECP 2021T1-2025T4
M1_prov,M1prov_30_2021-2025_ECP_MIVAU _con_0.1,D = Δhogares − altas,2021,2025,1,,,,,51366.5,,ECP 2021T1-2025T4
M1_prov,M1prov_30_2021-2025_ECP_MIVAU _con_0.2,D = Δhogares − altas,2021,2025,1,,,,,55587.0,,ECP 2021T1-2025T4
M1_prov,M1prov_30_2021-2025_ECP_MIVAU _sin_0.0,D = Δhogares − altas,2021,2025,1,,,,,47146.0,,ECP 2021T1-2025T4
M1_prov,M1prov_30_2021-2025_ECP_MIVAU _sin_0.1,D = Δhogares − altas,2021,2025,1,,,,,51366.5,,ECP 2021T1-2025T4
M1_prov,M1prov_30_2021-2025_ECP_MIVAU _sin_0.2,D = Δhogares − altas,2021,2025,1,,,,,55587.0,,ECP 2021T1-2025T4
M1_prov,M1prov_30_2021-2025_ECP_Catast_incluida_nan,D = Δhogares − altas,2021,2025,1,,,,,37858.0,,ECP 2021T1-2025T4
M1_prov,M1prov_30_2021-2025_Censo anual_MIVAU _con_0.0,D = Δhogares − altas,2021,2025,1,,,,,24460.292785449885,,Censo anual 1-ene-2021 a 1-ene-2025; hogares = personas/tamaño medio Censo 2021 (supuesto)
M1_prov,M1prov_30_2021-2025_Censo anual_MIVAU _con_0.1,D = Δhogares − altas,2021,2025,1,,,,,27836.692785449886,,Censo anual 1-ene-2021 a 1-ene-2025; hogares = personas/tamaño medio Censo 2021 (supuesto)
M1_prov,M1prov_30_2021-2025_Censo anual_MIVAU _con_0.2,D = Δhogares − altas,2021,2025,1,,,,,31213.092785449884,,Censo anual 1-ene-2021 a 1-ene-2025; hogares = personas/tamaño medio Censo 2021 (supuesto)
M1_prov,M1prov_30_2021-2025_Censo anual_MIVAU _sin_0.0,D = Δhogares − altas,2021,2025,1,,,,,24460.292785449885,,Censo anual 1-ene-2021 a 1-ene-2025; hogares = personas/tamaño medio Censo 2021 (supuesto)
M1_prov,M1prov_30_2021-2025_Censo anual_MIVAU _sin_0.1,D = Δhogares − altas,2021,2025,1,,,,,27836.692785449886,,Censo anual 1-ene-2021 a 1-ene-2025; hogares = personas/tamaño medio Censo 2021 (supuesto)
M1_prov,M1prov_30_2021-2025_Censo anual_MIVAU _sin_0.2,D = Δhogares − altas,2021,2025,1,,,,,31213.092785449884,,Censo anual 1-ene-2021 a 1-ene-2025; hogares = personas/tamaño medio Censo 2021 (supuesto)
M1_prov,M1prov_30_2021-2025_Censo anual_Catast_incluida_nan,D = Δhogares − altas,2021,2025,1,,,,,16777.292785449885,,Censo anual 1-ene-2021 a 1-ene-2025; hogares = personas/tamaño medio Censo 2021 (supuesto)
M1_prov,M1prov_31_2012-2025_Censo+ECP_MIVAU _con_0.0,D = Δhogares − altas,2012,2025,1,,,,,20155.0,,Censos 2011-2021 + ECP 2021T4-2025T4
M1_prov,M1prov_31_2012-2025_Censo+ECP_MIVAU _con_0.1,D = Δhogares − altas,2012,2025,1,,,,,24478.2,,Censos 2011-2021 + ECP 2021T4-2025T4
M1_prov,M1prov_31_2012-2025_Censo+ECP_MIVAU _con_0.2,D = Δhogares − altas,2012,2025,1,,,,,28801.4,,Censos 2011-2021 + ECP 2021T4-2025T4
M1_prov,M1prov_31_2012-2025_Censo+ECP_MIVAU _sin_0.0,D = Δhogares − altas,2012,2025,1,,,,,20155.0,,Censos 2011-2021 + ECP 2021T4-2025T4
M1_prov,M1prov_31_2012-2025_Censo+ECP_MIVAU _sin_0.1,D = Δhogares − altas,2012,2025,1,,,,,24478.2,,Censos 2011-2021 + ECP 2021T4-2025T4
M1_prov,M1prov_31_2012-2025_Censo+ECP_MIVAU _sin_0.2,D = Δhogares − altas,2012,2025,1,,,,,28801.4,,Censos 2011-2021 + ECP 2021T4-2025T4
M1_prov,M1prov_31_2012-2025_Censo+Censo anual_MIVAU _con_0.0,D = Δhogares − altas,2012,2025,1,,,,,16183.188649491232,,Censo 2011 (viv. principales) y Censo anual 1-ene-2025 / tamaño medio 2021 (supuesto)
M1_prov,M1prov_31_2012-2025_Censo+Censo anual_MIVAU _con_0.1,D = Δhogares − altas,2012,2025,1,,,,,20197.588649491234,,Censo 2011 (viv. principales) y Censo anual 1-ene-2025 / tamaño medio 2021 (supuesto)
M1_prov,M1prov_31_2012-2025_Censo+Censo anual_MIVAU _con_0.2,D = Δhogares − altas,2012,2025,1,,,,,24211.98864949123,,Censo 2011 (viv. principales) y Censo anual 1-ene-2025 / tamaño medio 2021 (supuesto)
M1_prov,M1prov_31_2012-2025_Censo+Censo anual_MIVAU _sin_0.0,D = Δhogares − altas,2012,2025,1,,,,,16183.188649491232,,Censo 2011 (viv. principales) y Censo anual 1-ene-2025 / tamaño medio 2021 (supuesto)
M1_prov,M1prov_31_2012-2025_Censo+Censo anual_MIVAU _sin_0.1,D = Δhogares − altas,2012,2025,1,,,,,20197.588649491234,,Censo 2011 (viv. principales) y Censo anual 1-ene-2025 / tamaño medio 2021 (supuesto)
M1_prov,M1prov_31_2012-2025_Censo+Censo anual_MIVAU _sin_0.2,D = Δhogares − altas,2012,2025,1,,,,,24211.98864949123,,Censo 2011 (viv. principales) y Censo anual 1-ene-2025 / tamaño medio 2021 (supuesto)
M1_prov,M1prov_31_2021-2025_ECP_MIVAU _con_0.0,D = Δhogares − altas,2021,2025,1,,,,,15762.0,,ECP 2021T1-2025T4
M1_prov,M1prov_31_2021-2025_ECP_MIVAU _con_0.1,D = Δhogares − altas,2021,2025,1,,,,,17417.52,,ECP 2021T1-2025T4
M1_prov,M1prov_31_2021-2025_ECP_MIVAU _con_0.2,D = Δhogares − altas,2021,2025,1,,,,,19073.04,,ECP 2021T1-2025T4
M1_prov,M1prov_31_2021-2025_ECP_MIVAU _sin_0.0,D = Δhogares − altas,2021,2025,1,,,,,15762.0,,ECP 2021T1-2025T4
M1_prov,M1prov_31_2021-2025_ECP_MIVAU _sin_0.1,D = Δhogares − altas,2021,2025,1,,,,,17417.52,,ECP 2021T1-2025T4
M1_prov,M1prov_31_2021-2025_ECP_MIVAU _sin_0.2,D = Δhogares − altas,2021,2025,1,,,,,19073.04,,ECP 2021T1-2025T4
M1_prov,M1prov_31_2021-2025_Censo anual_MIVAU _con_0.0,D = Δhogares − altas,2021,2025,1,,,,,8449.188649491261,,Censo anual 1-ene-2021 a 1-ene-2025; hogares = personas/tamaño medio Censo 2021 (supuesto)
M1_prov,M1prov_31_2021-2025_Censo anual_MIVAU _con_0.1,D = Δhogares − altas,2021,2025,1,,,,,9773.60464949126,,Censo anual 1-ene-2021 a 1-ene-2025; hogares = personas/tamaño medio Censo 2021 (supuesto)
M1_prov,M1prov_31_2021-2025_Censo anual_MIVAU _con_0.2,D = Δhogares − altas,2021,2025,1,,,,,11098.020649491262,,Censo anual 1-ene-2021 a 1-ene-2025; hogares = personas/tamaño medio Censo 2021 (supuesto)
M1_prov,M1prov_31_2021-2025_Censo anual_MIVAU _sin_0.0,D = Δhogares − altas,2021,2025,1,,,,,8449.188649491261,,Censo anual 1-ene-2021 a 1-ene-2025; hogares = personas/tamaño medio Censo 2021 (supuesto)
M1_prov,M1prov_31_2021-2025_Censo anual_MIVAU _sin_0.1,D = Δhogares − altas,2021,2025,1,,,,,9773.60464949126,,Censo anual 1-ene-2021 a 1-ene-2025; hogares = personas/tamaño medio Censo 2021 (supuesto)
M1_prov,M1prov_31_2021-2025_Censo anual_MIVAU _sin_0.2,D = Δhogares − altas,2021,2025,1,,,,,11098.020649491262,,Censo anual 1-ene-2021 a 1-ene-2025; hogares = personas/tamaño medio Censo 2021 (supuesto)
M1_prov,M1prov_32_2012-2025_Censo+ECP_MIVAU _con_0.0,D = Δhogares − altas,2012,2025,1,,,,,2759.0,,Censos 2011-2021 + ECP 2021T4-2025T4
M1_prov,M1prov_32_2012-2025_Censo+ECP_MIVAU _con_0.1,D = Δhogares − altas,2012,2025,1,,,,,6204.05,,Censos 2011-2021 + ECP 2021T4-2025T4
M1_prov,M1prov_32_2012-2025_Censo+ECP_MIVAU _con_0.2,D = Δhogares − altas,2012,2025,1,,,,,9649.1,,Censos 2011-2021 + ECP 2021T4-2025T4
M1_prov,M1prov_32_2012-2025_Censo+ECP_MIVAU _sin_0.0,D = Δhogares − altas,2012,2025,1,,,,,2759.0,,Censos 2011-2021 + ECP 2021T4-2025T4
M1_prov,M1prov_32_2012-2025_Censo+ECP_MIVAU _sin_0.1,D = Δhogares − altas,2012,2025,1,,,,,6204.05,,Censos 2011-2021 + ECP 2021T4-2025T4
M1_prov,M1prov_32_2012-2025_Censo+ECP_MIVAU _sin_0.2,D = Δhogares − altas,2012,2025,1,,,,,9649.1,,Censos 2011-2021 + ECP 2021T4-2025T4
M1_prov,M1prov_32_2012-2025_Censo+ECP_Catast_incluida_nan,D = Δhogares − altas,2012,2025,1,,,,,-16753.0,,Censos 2011-2021 + ECP 2021T4-2025T4
M1_prov,M1prov_32_2012-2025_Censo+Censo anual_MIVAU _con_0.0,D = Δhogares − altas,2012,2025,1,,,,,-362.3164557791315,,Censo 2011 (viv. principales) y Censo anual 1-ene-2025 / tamaño medio 2021 (supuesto)
M1_prov,M1prov_32_2012-2025_Censo+Censo anual_MIVAU _con_0.1,D = Δhogares − altas,2012,2025,1,,,,,2836.658544220869,,Censo 2011 (viv. principales) y Censo anual 1-ene-2025 / tamaño medio 2021 (supuesto)
M1_prov,M1prov_32_2012-2025_Censo+Censo anual_MIVAU _con_0.2,D = Δhogares − altas,2012,2025,1,,,,,6035.633544220869,,Censo 2011 (viv. principales) y Censo anual 1-ene-2025 / tamaño medio 2021 (supuesto)
M1_prov,M1prov_32_2012-2025_Censo+Censo anual_MIVAU _sin_0.0,D = Δhogares − altas,2012,2025,1,,,,,-362.3164557791315,,Censo 2011 (viv. principales) y Censo anual 1-ene-2025 / tamaño medio 2021 (supuesto)
M1_prov,M1prov_32_2012-2025_Censo+Censo anual_MIVAU _sin_0.1,D = Δhogares − altas,2012,2025,1,,,,,2836.658544220869,,Censo 2011 (viv. principales) y Censo anual 1-ene-2025 / tamaño medio 2021 (supuesto)
M1_prov,M1prov_32_2012-2025_Censo+Censo anual_MIVAU _sin_0.2,D = Δhogares − altas,2012,2025,1,,,,,6035.633544220869,,Censo 2011 (viv. principales) y Censo anual 1-ene-2025 / tamaño medio 2021 (supuesto)
M1_prov,M1prov_32_2012-2025_Censo+Censo anual_Catast_incluida_nan,D = Δhogares − altas,2012,2025,1,,,,,-20364.31645577913,,Censo 2011 (viv. principales) y Censo anual 1-ene-2025 / tamaño medio 2021 (supuesto)
M1_prov,M1prov_32_2021-2025_ECP_MIVAU _con_0.0,D = Δhogares − altas,2021,2025,1,,,,,3962.0,,ECP 2021T1-2025T4
M1_prov,M1prov_32_2021-2025_ECP_MIVAU _con_0.1,D = Δhogares − altas,2021,2025,1,,,,,5326.415,,ECP 2021T1-2025T4
M1_prov,M1prov_32_2021-2025_ECP_MIVAU _con_0.2,D = Δhogares − altas,2021,2025,1,,,,,6690.83,,ECP 2021T1-2025T4
M1_prov,M1prov_32_2021-2025_ECP_MIVAU _sin_0.0,D = Δhogares − altas,2021,2025,1,,,,,3962.0,,ECP 2021T1-2025T4
M1_prov,M1prov_32_2021-2025_ECP_MIVAU _sin_0.1,D = Δhogares − altas,2021,2025,1,,,,,5326.415,,ECP 2021T1-2025T4
M1_prov,M1prov_32_2021-2025_ECP_MIVAU _sin_0.2,D = Δhogares − altas,2021,2025,1,,,,,6690.83,,ECP 2021T1-2025T4
M1_prov,M1prov_32_2021-2025_ECP_Catast_incluida_nan,D = Δhogares − altas,2021,2025,1,,,,,4363.0,,ECP 2021T1-2025T4
M1_prov,M1prov_32_2021-2025_Censo anual_MIVAU _con_0.0,D = Δhogares − altas,2021,2025,1,,,,,-8.316455779131502,,Censo anual 1-ene-2021 a 1-ene-2025; hogares = personas/tamaño medio Censo 2021 (supuesto)
M1_prov,M1prov_32_2021-2025_Censo anual_MIVAU _con_0.1,D = Δhogares − altas,2021,2025,1,,,,,1083.2155442208684,,Censo anual 1-ene-2021 a 1-ene-2025; hogares = personas/tamaño medio Censo 2021 (supuesto)
M1_prov,M1prov_32_2021-2025_Censo anual_MIVAU _con_0.2,D = Δhogares − altas,2021,2025,1,,,,,2174.7475442208683,,Censo anual 1-ene-2021 a 1-ene-2025; hogares = personas/tamaño medio Censo 2021 (supuesto)
M1_prov,M1prov_32_2021-2025_Censo anual_MIVAU _sin_0.0,D = Δhogares − altas,2021,2025,1,,,,,-8.316455779131502,,Censo anual 1-ene-2021 a 1-ene-2025; hogares = personas/tamaño medio Censo 2021 (supuesto)
M1_prov,M1prov_32_2021-2025_Censo anual_MIVAU _sin_0.1,D = Δhogares − altas,2021,2025,1,,,,,1083.2155442208684,,Censo anual 1-ene-2021 a 1-ene-2025; hogares = personas/tamaño medio Censo 2021 (supuesto)
M1_prov,M1prov_32_2021-2025_Censo anual_MIVAU _sin_0.2,D = Δhogares − altas,2021,2025,1,,,,,2174.7475442208683,,Censo anual 1-ene-2021 a 1-ene-2025; hogares = personas/tamaño medio Censo 2021 (supuesto)
M1_prov,M1prov_32_2021-2025_Censo anual_Catast_incluida_nan,D = Δhogares − altas,2021,2025,1,,,,,-97.3164557791315,,Censo anual 1-ene-2021 a 1-ene-2025; hogares = personas/tamaño medio Censo 2021 (supuesto)
M1_prov,M1prov_33_2012-2025_Censo+ECP_MIVAU _con_0.0,D = Δhogares − altas,2012,2025,1,,,,,695.0,,Censos 2011-2021 + ECP 2021T4-2025T4
M1_prov,M1prov_33_2012-2025_Censo+ECP_MIVAU _con_0.1,D = Δhogares − altas,2012,2025,1,,,,,9293.38,,Censos 2011-2021 + ECP 2021T4-2025T4
M1_prov,M1prov_33_2012-2025_Censo+ECP_MIVAU _con_0.2,D = Δhogares − altas,2012,2025,1,,,,,17891.76,,Censos 2011-2021 + ECP 2021T4-2025T4
M1_prov,M1prov_33_2012-2025_Censo+ECP_MIVAU _sin_0.0,D = Δhogares − altas,2012,2025,1,,,,,695.0,,Censos 2011-2021 + ECP 2021T4-2025T4
M1_prov,M1prov_33_2012-2025_Censo+ECP_MIVAU _sin_0.1,D = Δhogares − altas,2012,2025,1,,,,,9293.38,,Censos 2011-2021 + ECP 2021T4-2025T4
M1_prov,M1prov_33_2012-2025_Censo+ECP_MIVAU _sin_0.2,D = Δhogares − altas,2012,2025,1,,,,,17891.76,,Censos 2011-2021 + ECP 2021T4-2025T4
M1_prov,M1prov_33_2012-2025_Censo+ECP_Catast_incluida_nan,D = Δhogares − altas,2012,2025,1,,,,,-26962.0,,Censos 2011-2021 + ECP 2021T4-2025T4
M1_prov,M1prov_33_2012-2025_Censo+Censo anual_MIVAU _con_0.0,D = Δhogares − altas,2012,2025,1,,,,,-9900.478436781501,,Censo 2011 (viv. principales) y Censo anual 1-ene-2025 / tamaño medio 2021 (supuesto)
M1_prov,M1prov_33_2012-2025_Censo+Censo anual_MIVAU _con_0.1,D = Δhogares − altas,2012,2025,1,,,,,-1916.2684367815018,,Censo 2011 (viv. principales) y Censo anual 1-ene-2025 / tamaño medio 2021 (supuesto)
M1_prov,M1prov_33_2012-2025_Censo+Censo anual_MIVAU _con_0.2,D = Δhogares − altas,2012,2025,1,,,,,6067.941563218497,,Censo 2011 (viv. principales) y Censo anual 1-ene-2025 / tamaño medio 2021 (supuesto)
M1_prov,M1prov_33_2012-2025_Censo+Censo anual_MIVAU _sin_0.0,D = Δhogares − altas,2012,2025,1,,,,,-9900.478436781501,,Censo 2011 (viv. principales) y Censo anual 1-ene-2025 / tamaño medio 2021 (supuesto)
M1_prov,M1prov_33_2012-2025_Censo+Censo anual_MIVAU _sin_0.1,D = Δhogares − altas,2012,2025,1,,,,,-1916.2684367815018,,Censo 2011 (viv. principales) y Censo anual 1-ene-2025 / tamaño medio 2021 (supuesto)
M1_prov,M1prov_33_2012-2025_Censo+Censo anual_MIVAU _sin_0.2,D = Δhogares − altas,2012,2025,1,,,,,6067.941563218497,,Censo 2011 (viv. principales) y Censo anual 1-ene-2025 / tamaño medio 2021 (supuesto)
M1_prov,M1prov_33_2012-2025_Censo+Censo anual_Catast_incluida_nan,D = Δhogares − altas,2012,2025,1,,,,,-35672.4784367815,,Censo 2011 (viv. principales) y Censo anual 1-ene-2025 / tamaño medio 2021 (supuesto)
M1_prov,M1prov_33_2021-2025_ECP_MIVAU _con_0.0,D = Δhogares − altas,2021,2025,1,,,,,14035.0,,ECP 2021T1-2025T4
M1_prov,M1prov_33_2021-2025_ECP_MIVAU _con_0.1,D = Δhogares − altas,2021,2025,1,,,,,17406.71,,ECP 2021T1-2025T4
M1_prov,M1prov_33_2021-2025_ECP_MIVAU _con_0.2,D = Δhogares − altas,2021,2025,1,,,,,20778.42,,ECP 2021T1-2025T4
M1_prov,M1prov_33_2021-2025_ECP_MIVAU _sin_0.0,D = Δhogares − altas,2021,2025,1,,,,,14035.0,,ECP 2021T1-2025T4
M1_prov,M1prov_33_2021-2025_ECP_MIVAU _sin_0.1,D = Δhogares − altas,2021,2025,1,,,,,17406.71,,ECP 2021T1-2025T4
M1_prov,M1prov_33_2021-2025_ECP_MIVAU _sin_0.2,D = Δhogares − altas,2021,2025,1,,,,,20778.42,,ECP 2021T1-2025T4
M1_prov,M1prov_33_2021-2025_ECP_Catast_incluida_nan,D = Δhogares − altas,2021,2025,1,,,,,4136.0,,ECP 2021T1-2025T4
M1_prov,M1prov_33_2021-2025_Censo anual_MIVAU _con_0.0,D = Δhogares − altas,2021,2025,1,,,,,1328.521563218499,,Censo anual 1-ene-2021 a 1-ene-2025; hogares = personas/tamaño medio Censo 2021 (supuesto)
M1_prov,M1prov_33_2021-2025_Censo anual_MIVAU _con_0.1,D = Δhogares − altas,2021,2025,1,,,,,4025.889563218499,,Censo anual 1-ene-2021 a 1-ene-2025; hogares = personas/tamaño medio Censo 2021 (supuesto)
M1_prov,M1prov_33_2021-2025_Censo anual_MIVAU _con_0.2,D = Δhogares − altas,2021,2025,1,,,,,6723.257563218499,,Censo anual 1-ene-2021 a 1-ene-2025; hogares = personas/tamaño medio Censo 2021 (supuesto)
M1_prov,M1prov_33_2021-2025_Censo anual_MIVAU _sin_0.0,D = Δhogares − altas,2021,2025,1,,,,,1328.521563218499,,Censo anual 1-ene-2021 a 1-ene-2025; hogares = personas/tamaño medio Censo 2021 (supuesto)
M1_prov,M1prov_33_2021-2025_Censo anual_MIVAU _sin_0.1,D = Δhogares − altas,2021,2025,1,,,,,4025.889563218499,,Censo anual 1-ene-2021 a 1-ene-2025; hogares = personas/tamaño medio Censo 2021 (supuesto)
M1_prov,M1prov_33_2021-2025_Censo anual_MIVAU _sin_0.2,D = Δhogares − altas,2021,2025,1,,,,,6723.257563218499,,Censo anual 1-ene-2021 a 1-ene-2025; hogares = personas/tamaño medio Censo 2021 (supuesto)
M1_prov,M1prov_33_2021-2025_Censo anual_Catast_incluida_nan,D = Δhogares − altas,2021,2025,1,,,,,-6685.478436781501,,Censo anual 1-ene-2021 a 1-ene-2025; hogares = personas/tamaño medio Censo 2021 (supuesto)
M1_prov,M1prov_34_2012-2025_Censo+ECP_MIVAU _con_0.0,D = Δhogares − altas,2012,2025,1,,,,,636.0,,Censos 2011-2021 + ECP 2021T4-2025T4
M1_prov,M1prov_34_2012-2025_Censo+ECP_MIVAU _con_0.1,D = Δhogares − altas,2012,2025,1,,,,,2208.368,,Censos 2011-2021 + ECP 2021T4-2025T4
M1_prov,M1prov_34_2012-2025_Censo+ECP_MIVAU _con_0.2,D = Δhogares − altas,2012,2025,1,,,,,3780.736,,Censos 2011-2021 + ECP 2021T4-2025T4
M1_prov,M1prov_34_2012-2025_Censo+ECP_MIVAU _sin_0.0,D = Δhogares − altas,2012,2025,1,,,,,636.0,,Censos 2011-2021 + ECP 2021T4-2025T4
M1_prov,M1prov_34_2012-2025_Censo+ECP_MIVAU _sin_0.1,D = Δhogares − altas,2012,2025,1,,,,,2208.368,,Censos 2011-2021 + ECP 2021T4-2025T4
M1_prov,M1prov_34_2012-2025_Censo+ECP_MIVAU _sin_0.2,D = Δhogares − altas,2012,2025,1,,,,,3780.736,,Censos 2011-2021 + ECP 2021T4-2025T4
M1_prov,M1prov_34_2012-2025_Censo+ECP_Catast_incluida_nan,D = Δhogares − altas,2012,2025,1,,,,,-2618.0,,Censos 2011-2021 + ECP 2021T4-2025T4
M1_prov,M1prov_34_2012-2025_Censo+Censo anual_MIVAU _con_0.0,D = Δhogares − altas,2012,2025,1,,,,,-1033.7002123835991,,Censo 2011 (viv. principales) y Censo anual 1-ene-2025 / tamaño medio 2021 (supuesto)
M1_prov,M1prov_34_2012-2025_Censo+Censo anual_MIVAU _con_0.1,D = Δhogares − altas,2012,2025,1,,,,,426.3557876164009,,Censo 2011 (viv. principales) y Censo anual 1-ene-2025 / tamaño medio 2021 (supuesto)
M1_prov,M1prov_34_2012-2025_Censo+Censo anual_MIVAU _con_0.2,D = Δhogares − altas,2012,2025,1,,,,,1886.411787616401,,Censo 2011 (viv. principales) y Censo anual 1-ene-2025 / tamaño medio 2021 (supuesto)
M1_prov,M1prov_34_2012-2025_Censo+Censo anual_MIVAU _sin_0.0,D = Δhogares − altas,2012,2025,1,,,,,-1033.7002123835991,,Censo 2011 (viv. principales) y Censo anual 1-ene-2025 / tamaño medio 2021 (supuesto)
M1_prov,M1prov_34_2012-2025_Censo+Censo anual_MIVAU _sin_0.1,D = Δhogares − altas,2012,2025,1,,,,,426.3557876164009,,Censo 2011 (viv. principales) y Censo anual 1-ene-2025 / tamaño medio 2021 (supuesto)
M1_prov,M1prov_34_2012-2025_Censo+Censo anual_MIVAU _sin_0.2,D = Δhogares − altas,2012,2025,1,,,,,1886.411787616401,,Censo 2011 (viv. principales) y Censo anual 1-ene-2025 / tamaño medio 2021 (supuesto)
M1_prov,M1prov_34_2012-2025_Censo+Censo anual_Catast_incluida_nan,D = Δhogares − altas,2012,2025,1,,,,,-4001.700212383599,,Censo 2011 (viv. principales) y Censo anual 1-ene-2025 / tamaño medio 2021 (supuesto)
M1_prov,M1prov_34_2021-2025_ECP_MIVAU _con_0.0,D = Δhogares − altas,2021,2025,1,,,,,1768.0,,ECP 2021T1-2025T4
M1_prov,M1prov_34_2021-2025_ECP_MIVAU _con_0.1,D = Δhogares − altas,2021,2025,1,,,,,2350.1549999999997,,ECP 2021T1-2025T4
M1_prov,M1prov_34_2021-2025_ECP_MIVAU _con_0.2,D = Δhogares − altas,2021,2025,1,,,,,2932.31,,ECP 2021T1-2025T4
M1_prov,M1prov_34_2021-2025_ECP_MIVAU _sin_0.0,D = Δhogares − altas,2021,2025,1,,,,,1768.0,,ECP 2021T1-2025T4
M1_prov,M1prov_34_2021-2025_ECP_MIVAU _sin_0.1,D = Δhogares − altas,2021,2025,1,,,,,2350.1549999999997,,ECP 2021T1-2025T4
M1_prov,M1prov_34_2021-2025_ECP_MIVAU _sin_0.2,D = Δhogares − altas,2021,2025,1,,,,,2932.31,,ECP 2021T1-2025T4
M1_prov,M1prov_34_2021-2025_ECP_Catast_incluida_nan,D = Δhogares − altas,2021,2025,1,,,,,1637.0,,ECP 2021T1-2025T4
M1_prov,M1prov_34_2021-2025_Censo anual_MIVAU _con_0.0,D = Δhogares − altas,2021,2025,1,,,,,-190.70021238359914,,Censo anual 1-ene-2021 a 1-ene-2025; hogares = personas/tamaño medio Censo 2021 (supuesto)
M1_prov,M1prov_34_2021-2025_Censo anual_MIVAU _con_0.1,D = Δhogares − altas,2021,2025,1,,,,,275.02378761640085,,Censo anual 1-ene-2021 a 1-ene-2025; hogares = personas/tamaño medio Censo 2021 (supuesto)
M1_prov,M1prov_34_2021-2025_Censo anual_MIVAU _con_0.2,D = Δhogares − altas,2021,2025,1,,,,,740.7477876164008,,Censo anual 1-ene-2021 a 1-ene-2025; hogares = personas/tamaño medio Censo 2021 (supuesto)
M1_prov,M1prov_34_2021-2025_Censo anual_MIVAU _sin_0.0,D = Δhogares − altas,2021,2025,1,,,,,-190.70021238359914,,Censo anual 1-ene-2021 a 1-ene-2025; hogares = personas/tamaño medio Censo 2021 (supuesto)
M1_prov,M1prov_34_2021-2025_Censo anual_MIVAU _sin_0.1,D = Δhogares − altas,2021,2025,1,,,,,275.02378761640085,,Censo anual 1-ene-2021 a 1-ene-2025; hogares = personas/tamaño medio Censo 2021 (supuesto)
M1_prov,M1prov_34_2021-2025_Censo anual_MIVAU _sin_0.2,D = Δhogares − altas,2021,2025,1,,,,,740.7477876164008,,Censo anual 1-ene-2021 a 1-ene-2025; hogares = personas/tamaño medio Censo 2021 (supuesto)
M1_prov,M1prov_34_2021-2025_Censo anual_Catast_incluida_nan,D = Δhogares − altas,2021,2025,1,,,,,-35.70021238359914,,Censo anual 1-ene-2021 a 1-ene-2025; hogares = personas/tamaño medio Censo 2021 (supuesto)
M1_prov,M1prov_35_2012-2025_Censo+ECP_MIVAU _con_0.0,D = Δhogares − altas,2012,2025,1,,,,,35494.0,,Censos 2011-2021 + ECP 2021T4-2025T4
M1_prov,M1prov_35_2012-2025_Censo+ECP_MIVAU _con_0.1,D = Δhogares − altas,2012,2025,1,,,,,42944.618,,Censos 2011-2021 + ECP 2021T4-2025T4
M1_prov,M1prov_35_2012-2025_Censo+ECP_MIVAU _con_0.2,D = Δhogares − altas,2012,2025,1,,,,,50395.236000000004,,Censos 2011-2021 + ECP 2021T4-2025T4
M1_prov,M1prov_35_2012-2025_Censo+ECP_MIVAU _sin_0.0,D = Δhogares − altas,2012,2025,1,,,,,35494.0,,Censos 2011-2021 + ECP 2021T4-2025T4
M1_prov,M1prov_35_2012-2025_Censo+ECP_MIVAU _sin_0.1,D = Δhogares − altas,2012,2025,1,,,,,42944.618,,Censos 2011-2021 + ECP 2021T4-2025T4
M1_prov,M1prov_35_2012-2025_Censo+ECP_MIVAU _sin_0.2,D = Δhogares − altas,2012,2025,1,,,,,50395.236000000004,,Censos 2011-2021 + ECP 2021T4-2025T4
M1_prov,M1prov_35_2012-2025_Censo+ECP_Catast_incluida_nan,D = Δhogares − altas,2012,2025,1,,,,,-7444.0,,Censos 2011-2021 + ECP 2021T4-2025T4
M1_prov,M1prov_35_2012-2025_Censo+Censo anual_MIVAU _con_0.0,D = Δhogares − altas,2012,2025,1,,,,,28581.81282157119,,Censo 2011 (viv. principales) y Censo anual 1-ene-2025 / tamaño medio 2021 (supuesto)
M1_prov,M1prov_35_2012-2025_Censo+Censo anual_MIVAU _con_0.1,D = Δhogares − altas,2012,2025,1,,,,,35500.24382157119,,Censo 2011 (viv. principales) y Censo anual 1-ene-2025 / tamaño medio 2021 (supuesto)
M1_prov,M1prov_35_2012-2025_Censo+Censo anual_MIVAU _con_0.2,D = Δhogares − altas,2012,2025,1,,,,,42418.67482157119,,Censo 2011 (viv. principales) y Censo anual 1-ene-2025 / tamaño medio 2021 (supuesto)
M1_prov,M1prov_35_2012-2025_Censo+Censo anual_MIVAU _sin_0.0,D = Δhogares − altas,2012,2025,1,,,,,28581.81282157119,,Censo 2011 (viv. principales) y Censo anual 1-ene-2025 / tamaño medio 2021 (supuesto)
M1_prov,M1prov_35_2012-2025_Censo+Censo anual_MIVAU _sin_0.1,D = Δhogares − altas,2012,2025,1,,,,,35500.24382157119,,Censo 2011 (viv. principales) y Censo anual 1-ene-2025 / tamaño medio 2021 (supuesto)
M1_prov,M1prov_35_2012-2025_Censo+Censo anual_MIVAU _sin_0.2,D = Δhogares − altas,2012,2025,1,,,,,42418.67482157119,,Censo 2011 (viv. principales) y Censo anual 1-ene-2025 / tamaño medio 2021 (supuesto)
M1_prov,M1prov_35_2012-2025_Censo+Censo anual_Catast_incluida_nan,D = Δhogares − altas,2012,2025,1,,,,,-11070.187178428809,,Censo 2011 (viv. principales) y Censo anual 1-ene-2025 / tamaño medio 2021 (supuesto)
M1_prov,M1prov_35_2021-2025_ECP_MIVAU _con_0.0,D = Δhogares − altas,2021,2025,1,,,,,26461.0,,ECP 2021T1-2025T4
M1_prov,M1prov_35_2021-2025_ECP_MIVAU _con_0.1,D = Δhogares − altas,2021,2025,1,,,,,29217.185,,ECP 2021T1-2025T4
M1_prov,M1prov_35_2021-2025_ECP_MIVAU _con_0.2,D = Δhogares − altas,2021,2025,1,,,,,31973.37,,ECP 2021T1-2025T4
M1_prov,M1prov_35_2021-2025_ECP_MIVAU _sin_0.0,D = Δhogares − altas,2021,2025,1,,,,,26461.0,,ECP 2021T1-2025T4
M1_prov,M1prov_35_2021-2025_ECP_MIVAU _sin_0.1,D = Δhogares − altas,2021,2025,1,,,,,29217.185,,ECP 2021T1-2025T4
M1_prov,M1prov_35_2021-2025_ECP_MIVAU _sin_0.2,D = Δhogares − altas,2021,2025,1,,,,,31973.37,,ECP 2021T1-2025T4
M1_prov,M1prov_35_2021-2025_ECP_Catast_incluida_nan,D = Δhogares − altas,2021,2025,1,,,,,12065.0,,ECP 2021T1-2025T4
M1_prov,M1prov_35_2021-2025_Censo anual_MIVAU _con_0.0,D = Δhogares − altas,2021,2025,1,,,,,15021.812821571191,,Censo anual 1-ene-2021 a 1-ene-2025; hogares = personas/tamaño medio Censo 2021 (supuesto)
M1_prov,M1prov_35_2021-2025_Censo anual_MIVAU _con_0.1,D = Δhogares − altas,2021,2025,1,,,,,17226.76082157119,,Censo anual 1-ene-2021 a 1-ene-2025; hogares = personas/tamaño medio Censo 2021 (supuesto)
M1_prov,M1prov_35_2021-2025_Censo anual_MIVAU _con_0.2,D = Δhogares − altas,2021,2025,1,,,,,19431.708821571192,,Censo anual 1-ene-2021 a 1-ene-2025; hogares = personas/tamaño medio Censo 2021 (supuesto)
M1_prov,M1prov_35_2021-2025_Censo anual_MIVAU _sin_0.0,D = Δhogares − altas,2021,2025,1,,,,,15021.812821571191,,Censo anual 1-ene-2021 a 1-ene-2025; hogares = personas/tamaño medio Censo 2021 (supuesto)
M1_prov,M1prov_35_2021-2025_Censo anual_MIVAU _sin_0.1,D = Δhogares − altas,2021,2025,1,,,,,17226.76082157119,,Censo anual 1-ene-2021 a 1-ene-2025; hogares = personas/tamaño medio Censo 2021 (supuesto)
M1_prov,M1prov_35_2021-2025_Censo anual_MIVAU _sin_0.2,D = Δhogares − altas,2021,2025,1,,,,,19431.708821571192,,Censo anual 1-ene-2021 a 1-ene-2025; hogares = personas/tamaño medio Censo 2021 (supuesto)
M1_prov,M1prov_35_2021-2025_Censo anual_Catast_incluida_nan,D = Δhogares − altas,2021,2025,1,,,,,3911.8128215711913,,Censo anual 1-ene-2021 a 1-ene-2025; hogares = personas/tamaño medio Censo 2021 (supuesto)
M1_prov,M1prov_36_2012-2025_Censo+ECP_MIVAU _con_0.0,D = Δhogares − altas,2012,2025,1,,,,,27502.0,,Censos 2011-2021 + ECP 2021T4-2025T4
M1_prov,M1prov_36_2012-2025_Censo+ECP_MIVAU _con_0.1,D = Δhogares − altas,2012,2025,1,,,,,34347.692,,Censos 2011-2021 + ECP 2021T4-2025T4
M1_prov,M1prov_36_2012-2025_Censo+ECP_MIVAU _con_0.2,D = Δhogares − altas,2012,2025,1,,,,,41193.384,,Censos 2011-2021 + ECP 2021T4-2025T4
M1_prov,M1prov_36_2012-2025_Censo+ECP_MIVAU _sin_0.0,D = Δhogares − altas,2012,2025,1,,,,,27502.0,,Censos 2011-2021 + ECP 2021T4-2025T4
M1_prov,M1prov_36_2012-2025_Censo+ECP_MIVAU _sin_0.1,D = Δhogares − altas,2012,2025,1,,,,,34347.692,,Censos 2011-2021 + ECP 2021T4-2025T4
M1_prov,M1prov_36_2012-2025_Censo+ECP_MIVAU _sin_0.2,D = Δhogares − altas,2012,2025,1,,,,,41193.384,,Censos 2011-2021 + ECP 2021T4-2025T4
M1_prov,M1prov_36_2012-2025_Censo+ECP_Catast_incluida_nan,D = Δhogares − altas,2012,2025,1,,,,,-953.0,,Censos 2011-2021 + ECP 2021T4-2025T4
M1_prov,M1prov_36_2012-2025_Censo+Censo anual_MIVAU _con_0.0,D = Δhogares − altas,2012,2025,1,,,,,18084.660701397283,,Censo 2011 (viv. principales) y Censo anual 1-ene-2025 / tamaño medio 2021 (supuesto)
M1_prov,M1prov_36_2012-2025_Censo+Censo anual_MIVAU _con_0.1,D = Δhogares − altas,2012,2025,1,,,,,24441.374701397282,,Censo 2011 (viv. principales) y Censo anual 1-ene-2025 / tamaño medio 2021 (supuesto)
M1_prov,M1prov_36_2012-2025_Censo+Censo anual_MIVAU _con_0.2,D = Δhogares − altas,2012,2025,1,,,,,30798.088701397282,,Censo 2011 (viv. principales) y Censo anual 1-ene-2025 / tamaño medio 2021 (supuesto)
M1_prov,M1prov_36_2012-2025_Censo+Censo anual_MIVAU _sin_0.0,D = Δhogares − altas,2012,2025,1,,,,,18084.660701397283,,Censo 2011 (viv. principales) y Censo anual 1-ene-2025 / tamaño medio 2021 (supuesto)
M1_prov,M1prov_36_2012-2025_Censo+Censo anual_MIVAU _sin_0.1,D = Δhogares − altas,2012,2025,1,,,,,24441.374701397282,,Censo 2011 (viv. principales) y Censo anual 1-ene-2025 / tamaño medio 2021 (supuesto)
M1_prov,M1prov_36_2012-2025_Censo+Censo anual_MIVAU _sin_0.2,D = Δhogares − altas,2012,2025,1,,,,,30798.088701397282,,Censo 2011 (viv. principales) y Censo anual 1-ene-2025 / tamaño medio 2021 (supuesto)
M1_prov,M1prov_36_2012-2025_Censo+Censo anual_Catast_incluida_nan,D = Δhogares − altas,2012,2025,1,,,,,-7382.3392986027175,,Censo 2011 (viv. principales) y Censo anual 1-ene-2025 / tamaño medio 2021 (supuesto)
M1_prov,M1prov_36_2021-2025_ECP_MIVAU _con_0.0,D = Δhogares − altas,2021,2025,1,,,,,12942.0,,ECP 2021T1-2025T4
M1_prov,M1prov_36_2021-2025_ECP_MIVAU _con_0.1,D = Δhogares − altas,2021,2025,1,,,,,15586.14,,ECP 2021T1-2025T4
M1_prov,M1prov_36_2021-2025_ECP_MIVAU _con_0.2,D = Δhogares − altas,2021,2025,1,,,,,18230.28,,ECP 2021T1-2025T4
M1_prov,M1prov_36_2021-2025_ECP_MIVAU _sin_0.0,D = Δhogares − altas,2021,2025,1,,,,,12942.0,,ECP 2021T1-2025T4
M1_prov,M1prov_36_2021-2025_ECP_MIVAU _sin_0.1,D = Δhogares − altas,2021,2025,1,,,,,15586.14,,ECP 2021T1-2025T4
M1_prov,M1prov_36_2021-2025_ECP_MIVAU _sin_0.2,D = Δhogares − altas,2021,2025,1,,,,,18230.28,,ECP 2021T1-2025T4
M1_prov,M1prov_36_2021-2025_ECP_Catast_incluida_nan,D = Δhogares − altas,2021,2025,1,,,,,3991.0,,ECP 2021T1-2025T4
M1_prov,M1prov_36_2021-2025_Censo anual_MIVAU _con_0.0,D = Δhogares − altas,2021,2025,1,,,,,583.6607013972825,,Censo anual 1-ene-2021 a 1-ene-2025; hogares = personas/tamaño medio Censo 2021 (supuesto)
M1_prov,M1prov_36_2021-2025_Censo anual_MIVAU _con_0.1,D = Δhogares − altas,2021,2025,1,,,,,2698.9727013972824,,Censo anual 1-ene-2021 a 1-ene-2025; hogares = personas/tamaño medio Censo 2021 (supuesto)
M1_prov,M1prov_36_2021-2025_Censo anual_MIVAU _con_0.2,D = Δhogares − altas,2021,2025,1,,,,,4814.284701397282,,Censo anual 1-ene-2021 a 1-ene-2025; hogares = personas/tamaño medio Censo 2021 (supuesto)
M1_prov,M1prov_36_2021-2025_Censo anual_MIVAU _sin_0.0,D = Δhogares − altas,2021,2025,1,,,,,583.6607013972825,,Censo anual 1-ene-2021 a 1-ene-2025; hogares = personas/tamaño medio Censo 2021 (supuesto)
M1_prov,M1prov_36_2021-2025_Censo anual_MIVAU _sin_0.1,D = Δhogares − altas,2021,2025,1,,,,,2698.9727013972824,,Censo anual 1-ene-2021 a 1-ene-2025; hogares = personas/tamaño medio Censo 2021 (supuesto)
M1_prov,M1prov_36_2021-2025_Censo anual_MIVAU _sin_0.2,D = Δhogares − altas,2021,2025,1,,,,,4814.284701397282,,Censo anual 1-ene-2021 a 1-ene-2025; hogares = personas/tamaño medio Censo 2021 (supuesto)
M1_prov,M1prov_36_2021-2025_Censo anual_Catast_incluida_nan,D = Δhogares − altas,2021,2025,1,,,,,-5379.3392986027175,,Censo anual 1-ene-2021 a 1-ene-2025; hogares = personas/tamaño medio Censo 2021 (supuesto)
M1_prov,M1prov_37_2012-2025_Censo+ECP_MIVAU _con_0.0,D = Δhogares − altas,2012,2025,1,,,,,4467.0,,Censos 2011-2021 + ECP 2021T4-2025T4
M1_prov,M1prov_37_2012-2025_Censo+ECP_MIVAU _con_0.1,D = Δhogares − altas,2012,2025,1,,,,,7785.336,,Censos 2011-2021 + ECP 2021T4-2025T4
M1_prov,M1prov_37_2012-2025_Censo+ECP_MIVAU _con_0.2,D = Δhogares − altas,2012,2025,1,,,,,11103.672,,Censos 2011-2021 + ECP 2021T4-2025T4
M1_prov,M1prov_37_2012-2025_Censo+ECP_MIVAU _sin_0.0,D = Δhogares − altas,2012,2025,1,,,,,4467.0,,Censos 2011-2021 + ECP 2021T4-2025T4
M1_prov,M1prov_37_2012-2025_Censo+ECP_MIVAU _sin_0.1,D = Δhogares − altas,2012,2025,1,,,,,7785.336,,Censos 2011-2021 + ECP 2021T4-2025T4
M1_prov,M1prov_37_2012-2025_Censo+ECP_MIVAU _sin_0.2,D = Δhogares − altas,2012,2025,1,,,,,11103.672,,Censos 2011-2021 + ECP 2021T4-2025T4
M1_prov,M1prov_37_2012-2025_Censo+ECP_Catast_incluida_nan,D = Δhogares − altas,2012,2025,1,,,,,-1605.0,,Censos 2011-2021 + ECP 2021T4-2025T4
M1_prov,M1prov_37_2012-2025_Censo+Censo anual_MIVAU _con_0.0,D = Δhogares − altas,2012,2025,1,,,,,-170.26522037622635,,Censo 2011 (viv. principales) y Censo anual 1-ene-2025 / tamaño medio 2021 (supuesto)
M1_prov,M1prov_37_2012-2025_Censo+Censo anual_MIVAU _con_0.1,D = Δhogares − altas,2012,2025,1,,,,,2911.0467796237735,,Censo 2011 (viv. principales) y Censo anual 1-ene-2025 / tamaño medio 2021 (supuesto)
M1_prov,M1prov_37_2012-2025_Censo+Censo anual_MIVAU _con_0.2,D = Δhogares − altas,2012,2025,1,,,,,5992.358779623773,,Censo 2011 (viv. principales) y Censo anual 1-ene-2025 / tamaño medio 2021 (supuesto)
M1_prov,M1prov_37_2012-2025_Censo+Censo anual_MIVAU _sin_0.0,D = Δhogares − altas,2012,2025,1,,,,,-170.26522037622635,,Censo 2011 (viv. principales) y Censo anual 1-ene-2025 / tamaño medio 2021 (supuesto)
M1_prov,M1prov_37_2012-2025_Censo+Censo anual_MIVAU _sin_0.1,D = Δhogares − altas,2012,2025,1,,,,,2911.0467796237735,,Censo 2011 (viv. principales) y Censo anual 1-ene-2025 / tamaño medio 2021 (supuesto)
M1_prov,M1prov_37_2012-2025_Censo+Censo anual_MIVAU _sin_0.2,D = Δhogares − altas,2012,2025,1,,,,,5992.358779623773,,Censo 2011 (viv. principales) y Censo anual 1-ene-2025 / tamaño medio 2021 (supuesto)
M1_prov,M1prov_37_2012-2025_Censo+Censo anual_Catast_incluida_nan,D = Δhogares − altas,2012,2025,1,,,,,-5489.265220376226,,Censo 2011 (viv. principales) y Censo anual 1-ene-2025 / tamaño medio 2021 (supuesto)
M1_prov,M1prov_37_2021-2025_ECP_MIVAU _con_0.0,D = Δhogares − altas,2021,2025,1,,,,,5772.0,,ECP 2021T1-2025T4
M1_prov,M1prov_37_2021-2025_ECP_MIVAU _con_0.1,D = Δhogares − altas,2021,2025,1,,,,,7002.615,,ECP 2021T1-2025T4
M1_prov,M1prov_37_2021-2025_ECP_MIVAU _con_0.2,D = Δhogares − altas,2021,2025,1,,,,,8233.23,,ECP 2021T1-2025T4
M1_prov,M1prov_37_2021-2025_ECP_MIVAU _sin_0.0,D = Δhogares − altas,2021,2025,1,,,,,5772.0,,ECP 2021T1-2025T4
M1_prov,M1prov_37_2021-2025_ECP_MIVAU _sin_0.1,D = Δhogares − altas,2021,2025,1,,,,,7002.615,,ECP 2021T1-2025T4
M1_prov,M1prov_37_2021-2025_ECP_MIVAU _sin_0.2,D = Δhogares − altas,2021,2025,1,,,,,8233.23,,ECP 2021T1-2025T4
M1_prov,M1prov_37_2021-2025_ECP_Catast_incluida_nan,D = Δhogares − altas,2021,2025,1,,,,,3444.0,,ECP 2021T1-2025T4
M1_prov,M1prov_37_2021-2025_Censo anual_MIVAU _con_0.0,D = Δhogares − altas,2021,2025,1,,,,,310.73477962377365,,Censo anual 1-ene-2021 a 1-ene-2025; hogares = personas/tamaño medio Censo 2021 (supuesto)
M1_prov,M1prov_37_2021-2025_Censo anual_MIVAU _con_0.1,D = Δhogares − altas,2021,2025,1,,,,,1295.2267796237738,,Censo anual 1-ene-2021 a 1-ene-2025; hogares = personas/tamaño medio Censo 2021 (supuesto)
M1_prov,M1prov_37_2021-2025_Censo anual_MIVAU _con_0.2,D = Δhogares − altas,2021,2025,1,,,,,2279.718779623774,,Censo anual 1-ene-2021 a 1-ene-2025; hogares = personas/tamaño medio Censo 2021 (supuesto)
M1_prov,M1prov_37_2021-2025_Censo anual_MIVAU _sin_0.0,D = Δhogares − altas,2021,2025,1,,,,,310.73477962377365,,Censo anual 1-ene-2021 a 1-ene-2025; hogares = personas/tamaño medio Censo 2021 (supuesto)
M1_prov,M1prov_37_2021-2025_Censo anual_MIVAU _sin_0.1,D = Δhogares − altas,2021,2025,1,,,,,1295.2267796237738,,Censo anual 1-ene-2021 a 1-ene-2025; hogares = personas/tamaño medio Censo 2021 (supuesto)
M1_prov,M1prov_37_2021-2025_Censo anual_MIVAU _sin_0.2,D = Δhogares − altas,2021,2025,1,,,,,2279.718779623774,,Censo anual 1-ene-2021 a 1-ene-2025; hogares = personas/tamaño medio Censo 2021 (supuesto)
M1_prov,M1prov_37_2021-2025_Censo anual_Catast_incluida_nan,D = Δhogares − altas,2021,2025,1,,,,,-1264.2652203762264,,Censo anual 1-ene-2021 a 1-ene-2025; hogares = personas/tamaño medio Censo 2021 (supuesto)
M1_prov,M1prov_38_2012-2025_Censo+ECP_MIVAU _con_0.0,D = Δhogares − altas,2012,2025,1,,,,,35049.0,,Censos 2011-2021 + ECP 2021T4-2025T4
M1_prov,M1prov_38_2012-2025_Censo+ECP_MIVAU _con_0.1,D = Δhogares − altas,2012,2025,1,,,,,42175.28,,Censos 2011-2021 + ECP 2021T4-2025T4
M1_prov,M1prov_38_2012-2025_Censo+ECP_MIVAU _con_0.2,D = Δhogares − altas,2012,2025,1,,,,,49301.56,,Censos 2011-2021 + ECP 2021T4-2025T4
M1_prov,M1prov_38_2012-2025_Censo+ECP_MIVAU _sin_0.0,D = Δhogares − altas,2012,2025,1,,,,,35049.0,,Censos 2011-2021 + ECP 2021T4-2025T4
M1_prov,M1prov_38_2012-2025_Censo+ECP_MIVAU _sin_0.1,D = Δhogares − altas,2012,2025,1,,,,,42175.28,,Censos 2011-2021 + ECP 2021T4-2025T4
M1_prov,M1prov_38_2012-2025_Censo+ECP_MIVAU _sin_0.2,D = Δhogares − altas,2012,2025,1,,,,,49301.56,,Censos 2011-2021 + ECP 2021T4-2025T4
M1_prov,M1prov_38_2012-2025_Censo+ECP_Catast_incluida_nan,D = Δhogares − altas,2012,2025,1,,,,,-2777.0,,Censos 2011-2021 + ECP 2021T4-2025T4
M1_prov,M1prov_38_2012-2025_Censo+Censo anual_MIVAU _con_0.0,D = Δhogares − altas,2012,2025,1,,,,,31883.902511061402,,Censo 2011 (viv. principales) y Censo anual 1-ene-2025 / tamaño medio 2021 (supuesto)
M1_prov,M1prov_38_2012-2025_Censo+Censo anual_MIVAU _con_0.1,D = Δhogares − altas,2012,2025,1,,,,,38501.162511061404,,Censo 2011 (viv. principales) y Censo anual 1-ene-2025 / tamaño medio 2021 (supuesto)
M1_prov,M1prov_38_2012-2025_Censo+Censo anual_MIVAU _con_0.2,D = Δhogares − altas,2012,2025,1,,,,,45118.422511061406,,Censo 2011 (viv. principales) y Censo anual 1-ene-2025 / tamaño medio 2021 (supuesto)
M1_prov,M1prov_38_2012-2025_Censo+Censo anual_MIVAU _sin_0.0,D = Δhogares − altas,2012,2025,1,,,,,31883.902511061402,,Censo 2011 (viv. principales) y Censo anual 1-ene-2025 / tamaño medio 2021 (supuesto)
M1_prov,M1prov_38_2012-2025_Censo+Censo anual_MIVAU _sin_0.1,D = Δhogares − altas,2012,2025,1,,,,,38501.162511061404,,Censo 2011 (viv. principales) y Censo anual 1-ene-2025 / tamaño medio 2021 (supuesto)
M1_prov,M1prov_38_2012-2025_Censo+Censo anual_MIVAU _sin_0.2,D = Δhogares − altas,2012,2025,1,,,,,45118.422511061406,,Censo 2011 (viv. principales) y Censo anual 1-ene-2025 / tamaño medio 2021 (supuesto)
M1_prov,M1prov_38_2012-2025_Censo+Censo anual_Catast_incluida_nan,D = Δhogares − altas,2012,2025,1,,,,,-3614.097488938598,,Censo 2011 (viv. principales) y Censo anual 1-ene-2025 / tamaño medio 2021 (supuesto)
M1_prov,M1prov_38_2021-2025_ECP_MIVAU _con_0.0,D = Δhogares − altas,2021,2025,1,,,,,22643.0,,ECP 2021T1-2025T4
M1_prov,M1prov_38_2021-2025_ECP_MIVAU _con_0.1,D = Δhogares − altas,2021,2025,1,,,,,25330.315,,ECP 2021T1-2025T4
M1_prov,M1prov_38_2021-2025_ECP_MIVAU _con_0.2,D = Δhogares − altas,2021,2025,1,,,,,28017.629999999997,,ECP 2021T1-2025T4
M1_prov,M1prov_38_2021-2025_ECP_MIVAU _sin_0.0,D = Δhogares − altas,2021,2025,1,,,,,22643.0,,ECP 2021T1-2025T4
M1_prov,M1prov_38_2021-2025_ECP_MIVAU _sin_0.1,D = Δhogares − altas,2021,2025,1,,,,,25330.315,,ECP 2021T1-2025T4
M1_prov,M1prov_38_2021-2025_ECP_MIVAU _sin_0.2,D = Δhogares − altas,2021,2025,1,,,,,28017.629999999997,,ECP 2021T1-2025T4
M1_prov,M1prov_38_2021-2025_ECP_Catast_incluida_nan,D = Δhogares − altas,2021,2025,1,,,,,12948.0,,ECP 2021T1-2025T4
M1_prov,M1prov_38_2021-2025_Censo anual_MIVAU _con_0.0,D = Δhogares − altas,2021,2025,1,,,,,15081.902511061344,,Censo anual 1-ene-2021 a 1-ene-2025; hogares = personas/tamaño medio Censo 2021 (supuesto)
M1_prov,M1prov_38_2021-2025_Censo anual_MIVAU _con_0.1,D = Δhogares − altas,2021,2025,1,,,,,17231.754511061343,,Censo anual 1-ene-2021 a 1-ene-2025; hogares = personas/tamaño medio Censo 2021 (supuesto)
M1_prov,M1prov_38_2021-2025_Censo anual_MIVAU _con_0.2,D = Δhogares − altas,2021,2025,1,,,,,19381.60651106134,,Censo anual 1-ene-2021 a 1-ene-2025; hogares = personas/tamaño medio Censo 2021 (supuesto)
M1_prov,M1prov_38_2021-2025_Censo anual_MIVAU _sin_0.0,D = Δhogares − altas,2021,2025,1,,,,,15081.902511061344,,Censo anual 1-ene-2021 a 1-ene-2025; hogares = personas/tamaño medio Censo 2021 (supuesto)
M1_prov,M1prov_38_2021-2025_Censo anual_MIVAU _sin_0.1,D = Δhogares − altas,2021,2025,1,,,,,17231.754511061343,,Censo anual 1-ene-2021 a 1-ene-2025; hogares = personas/tamaño medio Censo 2021 (supuesto)
M1_prov,M1prov_38_2021-2025_Censo anual_MIVAU _sin_0.2,D = Δhogares − altas,2021,2025,1,,,,,19381.60651106134,,Censo anual 1-ene-2021 a 1-ene-2025; hogares = personas/tamaño medio Censo 2021 (supuesto)
M1_prov,M1prov_38_2021-2025_Censo anual_Catast_incluida_nan,D = Δhogares − altas,2021,2025,1,,,,,7714.902511061344,,Censo anual 1-ene-2021 a 1-ene-2025; hogares = personas/tamaño medio Censo 2021 (supuesto)
M1_prov,M1prov_39_2012-2025_Censo+ECP_MIVAU _con_0.0,D = Δhogares − altas,2012,2025,1,,,,,9910.0,,Censos 2011-2021 + ECP 2021T4-2025T4
M1_prov,M1prov_39_2012-2025_Censo+ECP_MIVAU _con_0.1,D = Δhogares − altas,2012,2025,1,,,,,14930.652,,Censos 2011-2021 + ECP 2021T4-2025T4
M1_prov,M1prov_39_2012-2025_Censo+ECP_MIVAU _con_0.2,D = Δhogares − altas,2012,2025,1,,,,,19951.304,,Censos 2011-2021 + ECP 2021T4-2025T4
M1_prov,M1prov_39_2012-2025_Censo+ECP_MIVAU _sin_0.0,D = Δhogares − altas,2012,2025,1,,,,,9910.0,,Censos 2011-2021 + ECP 2021T4-2025T4
M1_prov,M1prov_39_2012-2025_Censo+ECP_MIVAU _sin_0.1,D = Δhogares − altas,2012,2025,1,,,,,14930.652,,Censos 2011-2021 + ECP 2021T4-2025T4
M1_prov,M1prov_39_2012-2025_Censo+ECP_MIVAU _sin_0.2,D = Δhogares − altas,2012,2025,1,,,,,19951.304,,Censos 2011-2021 + ECP 2021T4-2025T4
M1_prov,M1prov_39_2012-2025_Censo+ECP_Catast_incluida_nan,D = Δhogares − altas,2012,2025,1,,,,,1224.0,,Censos 2011-2021 + ECP 2021T4-2025T4
M1_prov,M1prov_39_2012-2025_Censo+Censo anual_MIVAU _con_0.0,D = Δhogares − altas,2012,2025,1,,,,,5119.275340853928,,Censo 2011 (viv. principales) y Censo anual 1-ene-2025 / tamaño medio 2021 (supuesto)
M1_prov,M1prov_39_2012-2025_Censo+Censo anual_MIVAU _con_0.1,D = Δhogares − altas,2012,2025,1,,,,,9781.309340853928,,Censo 2011 (viv. principales) y Censo anual 1-ene-2025 / tamaño medio 2021 (supuesto)
M1_prov,M1prov_39_2012-2025_Censo+Censo anual_MIVAU _con_0.2,D = Δhogares − altas,2012,2025,1,,,,,14443.343340853928,,Censo 2011 (viv. principales) y Censo anual 1-ene-2025 / tamaño medio 2021 (supuesto)
M1_prov,M1prov_39_2012-2025_Censo+Censo anual_MIVAU _sin_0.0,D = Δhogares − altas,2012,2025,1,,,,,5119.275340853928,,Censo 2011 (viv. principales) y Censo anual 1-ene-2025 / tamaño medio 2021 (supuesto)
M1_prov,M1prov_39_2012-2025_Censo+Censo anual_MIVAU _sin_0.1,D = Δhogares − altas,2012,2025,1,,,,,9781.309340853928,,Censo 2011 (viv. principales) y Censo anual 1-ene-2025 / tamaño medio 2021 (supuesto)
M1_prov,M1prov_39_2012-2025_Censo+Censo anual_MIVAU _sin_0.2,D = Δhogares − altas,2012,2025,1,,,,,14443.343340853928,,Censo 2011 (viv. principales) y Censo anual 1-ene-2025 / tamaño medio 2021 (supuesto)
M1_prov,M1prov_39_2012-2025_Censo+Censo anual_Catast_incluida_nan,D = Δhogares − altas,2012,2025,1,,,,,-2527.7246591460716,,Censo 2011 (viv. principales) y Censo anual 1-ene-2025 / tamaño medio 2021 (supuesto)
M1_prov,M1prov_39_2021-2025_ECP_MIVAU _con_0.0,D = Δhogares − altas,2021,2025,1,,,,,10883.0,,ECP 2021T1-2025T4
M1_prov,M1prov_39_2021-2025_ECP_MIVAU _con_0.1,D = Δhogares − altas,2021,2025,1,,,,,12801.21,,ECP 2021T1-2025T4
M1_prov,M1prov_39_2021-2025_ECP_MIVAU _con_0.2,D = Δhogares − altas,2021,2025,1,,,,,14719.42,,ECP 2021T1-2025T4
M1_prov,M1prov_39_2021-2025_ECP_MIVAU _sin_0.0,D = Δhogares − altas,2021,2025,1,,,,,10883.0,,ECP 2021T1-2025T4
M1_prov,M1prov_39_2021-2025_ECP_MIVAU _sin_0.1,D = Δhogares − altas,2021,2025,1,,,,,12801.21,,ECP 2021T1-2025T4
M1_prov,M1prov_39_2021-2025_ECP_MIVAU _sin_0.2,D = Δhogares − altas,2021,2025,1,,,,,14719.42,,ECP 2021T1-2025T4
M1_prov,M1prov_39_2021-2025_ECP_Catast_incluida_nan,D = Δhogares − altas,2021,2025,1,,,,,7014.0,,ECP 2021T1-2025T4
M1_prov,M1prov_39_2021-2025_Censo anual_MIVAU _con_0.0,D = Δhogares − altas,2021,2025,1,,,,,3632.2753408538993,,Censo anual 1-ene-2021 a 1-ene-2025; hogares = personas/tamaño medio Censo 2021 (supuesto)
M1_prov,M1prov_39_2021-2025_Censo anual_MIVAU _con_0.1,D = Δhogares − altas,2021,2025,1,,,,,5166.8433408538995,,Censo anual 1-ene-2021 a 1-ene-2025; hogares = personas/tamaño medio Censo 2021 (supuesto)
M1_prov,M1prov_39_2021-2025_Censo anual_MIVAU _con_0.2,D = Δhogares − altas,2021,2025,1,,,,,6701.4113408539,,Censo anual 1-ene-2021 a 1-ene-2025; hogares = personas/tamaño medio Censo 2021 (supuesto)
M1_prov,M1prov_39_2021-2025_Censo anual_MIVAU _sin_0.0,D = Δhogares − altas,2021,2025,1,,,,,3632.2753408538993,,Censo anual 1-ene-2021 a 1-ene-2025; hogares = personas/tamaño medio Censo 2021 (supuesto)
M1_prov,M1prov_39_2021-2025_Censo anual_MIVAU _sin_0.1,D = Δhogares − altas,2021,2025,1,,,,,5166.8433408538995,,Censo anual 1-ene-2021 a 1-ene-2025; hogares = personas/tamaño medio Censo 2021 (supuesto)
M1_prov,M1prov_39_2021-2025_Censo anual_MIVAU _sin_0.2,D = Δhogares − altas,2021,2025,1,,,,,6701.4113408539,,Censo anual 1-ene-2021 a 1-ene-2025; hogares = personas/tamaño medio Censo 2021 (supuesto)
M1_prov,M1prov_39_2021-2025_Censo anual_Catast_incluida_nan,D = Δhogares − altas,2021,2025,1,,,,,802.2753408538993,,Censo anual 1-ene-2021 a 1-ene-2025; hogares = personas/tamaño medio Censo 2021 (supuesto)
M1_prov,M1prov_40_2012-2025_Censo+ECP_MIVAU _con_0.0,D = Δhogares − altas,2012,2025,1,,,,,2138.0,,Censos 2011-2021 + ECP 2021T4-2025T4
M1_prov,M1prov_40_2012-2025_Censo+ECP_MIVAU _con_0.1,D = Δhogares − altas,2012,2025,1,,,,,3876.072,,Censos 2011-2021 + ECP 2021T4-2025T4
M1_prov,M1prov_40_2012-2025_Censo+ECP_MIVAU _con_0.2,D = Δhogares − altas,2012,2025,1,,,,,5614.144,,Censos 2011-2021 + ECP 2021T4-2025T4
M1_prov,M1prov_40_2012-2025_Censo+ECP_MIVAU _sin_0.0,D = Δhogares − altas,2012,2025,1,,,,,2138.0,,Censos 2011-2021 + ECP 2021T4-2025T4
M1_prov,M1prov_40_2012-2025_Censo+ECP_MIVAU _sin_0.1,D = Δhogares − altas,2012,2025,1,,,,,3876.072,,Censos 2011-2021 + ECP 2021T4-2025T4
M1_prov,M1prov_40_2012-2025_Censo+ECP_MIVAU _sin_0.2,D = Δhogares − altas,2012,2025,1,,,,,5614.144,,Censos 2011-2021 + ECP 2021T4-2025T4
M1_prov,M1prov_40_2012-2025_Censo+ECP_Catast_incluida_nan,D = Δhogares − altas,2012,2025,1,,,,,-5392.0,,Censos 2011-2021 + ECP 2021T4-2025T4
M1_prov,M1prov_40_2012-2025_Censo+Censo anual_MIVAU _con_0.0,D = Δhogares − altas,2012,2025,1,,,,,1003.2788785752346,,Censo 2011 (viv. principales) y Censo anual 1-ene-2025 / tamaño medio 2021 (supuesto)
M1_prov,M1prov_40_2012-2025_Censo+Censo anual_MIVAU _con_0.1,D = Δhogares − altas,2012,2025,1,,,,,2617.2028785752345,,Censo 2011 (viv. principales) y Censo anual 1-ene-2025 / tamaño medio 2021 (supuesto)
M1_prov,M1prov_40_2012-2025_Censo+Censo anual_MIVAU _con_0.2,D = Δhogares − altas,2012,2025,1,,,,,4231.1268785752345,,Censo 2011 (viv. principales) y Censo anual 1-ene-2025 / tamaño medio 2021 (supuesto)
M1_prov,M1prov_40_2012-2025_Censo+Censo anual_MIVAU _sin_0.0,D = Δhogares − altas,2012,2025,1,,,,,1003.2788785752346,,Censo 2011 (viv. principales) y Censo anual 1-ene-2025 / tamaño medio 2021 (supuesto)
M1_prov,M1prov_40_2012-2025_Censo+Censo anual_MIVAU _sin_0.1,D = Δhogares − altas,2012,2025,1,,,,,2617.2028785752345,,Censo 2011 (viv. principales) y Censo anual 1-ene-2025 / tamaño medio 2021 (supuesto)
M1_prov,M1prov_40_2012-2025_Censo+Censo anual_MIVAU _sin_0.2,D = Δhogares − altas,2012,2025,1,,,,,4231.1268785752345,,Censo 2011 (viv. principales) y Censo anual 1-ene-2025 / tamaño medio 2021 (supuesto)
M1_prov,M1prov_40_2012-2025_Censo+Censo anual_Catast_incluida_nan,D = Δhogares − altas,2012,2025,1,,,,,-6083.721121424765,,Censo 2011 (viv. principales) y Censo anual 1-ene-2025 / tamaño medio 2021 (supuesto)
M1_prov,M1prov_40_2021-2025_ECP_MIVAU _con_0.0,D = Δhogares − altas,2021,2025,1,,,,,3827.0,,ECP 2021T1-2025T4
M1_prov,M1prov_40_2021-2025_ECP_MIVAU _con_0.1,D = Δhogares − altas,2021,2025,1,,,,,4468.275,,ECP 2021T1-2025T4
M1_prov,M1prov_40_2021-2025_ECP_MIVAU _con_0.2,D = Δhogares − altas,2021,2025,1,,,,,5109.55,,ECP 2021T1-2025T4
M1_prov,M1prov_40_2021-2025_ECP_MIVAU _sin_0.0,D = Δhogares − altas,2021,2025,1,,,,,3827.0,,ECP 2021T1-2025T4
M1_prov,M1prov_40_2021-2025_ECP_MIVAU _sin_0.1,D = Δhogares − altas,2021,2025,1,,,,,4468.275,,ECP 2021T1-2025T4
M1_prov,M1prov_40_2021-2025_ECP_MIVAU _sin_0.2,D = Δhogares − altas,2021,2025,1,,,,,5109.55,,ECP 2021T1-2025T4
M1_prov,M1prov_40_2021-2025_ECP_Catast_incluida_nan,D = Δhogares − altas,2021,2025,1,,,,,2093.0,,ECP 2021T1-2025T4
M1_prov,M1prov_40_2021-2025_Censo anual_MIVAU _con_0.0,D = Δhogares − altas,2021,2025,1,,,,,1907.2788785752418,,Censo anual 1-ene-2021 a 1-ene-2025; hogares = personas/tamaño medio Censo 2021 (supuesto)
M1_prov,M1prov_40_2021-2025_Censo anual_MIVAU _con_0.1,D = Δhogares − altas,2021,2025,1,,,,,2420.298878575242,,Censo anual 1-ene-2021 a 1-ene-2025; hogares = personas/tamaño medio Censo 2021 (supuesto)
M1_prov,M1prov_40_2021-2025_Censo anual_MIVAU _con_0.2,D = Δhogares − altas,2021,2025,1,,,,,2933.318878575242,,Censo anual 1-ene-2021 a 1-ene-2025; hogares = personas/tamaño medio Censo 2021 (supuesto)
M1_prov,M1prov_40_2021-2025_Censo anual_MIVAU _sin_0.0,D = Δhogares − altas,2021,2025,1,,,,,1907.2788785752418,,Censo anual 1-ene-2021 a 1-ene-2025; hogares = personas/tamaño medio Censo 2021 (supuesto)
M1_prov,M1prov_40_2021-2025_Censo anual_MIVAU _sin_0.1,D = Δhogares − altas,2021,2025,1,,,,,2420.298878575242,,Censo anual 1-ene-2021 a 1-ene-2025; hogares = personas/tamaño medio Censo 2021 (supuesto)
M1_prov,M1prov_40_2021-2025_Censo anual_MIVAU _sin_0.2,D = Δhogares − altas,2021,2025,1,,,,,2933.318878575242,,Censo anual 1-ene-2021 a 1-ene-2025; hogares = personas/tamaño medio Censo 2021 (supuesto)
M1_prov,M1prov_40_2021-2025_Censo anual_Catast_incluida_nan,D = Δhogares − altas,2021,2025,1,,,,,616.2788785752418,,Censo anual 1-ene-2021 a 1-ene-2025; hogares = personas/tamaño medio Censo 2021 (supuesto)
M1_prov,M1prov_41_2012-2025_Censo+ECP_MIVAU _con_0.0,D = Δhogares − altas,2012,2025,1,,,,,56280.0,,Censos 2011-2021 + ECP 2021T4-2025T4
M1_prov,M1prov_41_2012-2025_Censo+ECP_MIVAU _con_0.1,D = Δhogares − altas,2012,2025,1,,,,,68634.076,,Censos 2011-2021 + ECP 2021T4-2025T4
M1_prov,M1prov_41_2012-2025_Censo+ECP_MIVAU _con_0.2,D = Δhogares − altas,2012,2025,1,,,,,80988.152,,Censos 2011-2021 + ECP 2021T4-2025T4
M1_prov,M1prov_41_2012-2025_Censo+ECP_MIVAU _sin_0.0,D = Δhogares − altas,2012,2025,1,,,,,56280.0,,Censos 2011-2021 + ECP 2021T4-2025T4
M1_prov,M1prov_41_2012-2025_Censo+ECP_MIVAU _sin_0.1,D = Δhogares − altas,2012,2025,1,,,,,68634.076,,Censos 2011-2021 + ECP 2021T4-2025T4
M1_prov,M1prov_41_2012-2025_Censo+ECP_MIVAU _sin_0.2,D = Δhogares − altas,2012,2025,1,,,,,80988.152,,Censos 2011-2021 + ECP 2021T4-2025T4
M1_prov,M1prov_41_2012-2025_Censo+ECP_Catast_incluida_nan,D = Δhogares − altas,2012,2025,1,,,,,-8286.0,,Censos 2011-2021 + ECP 2021T4-2025T4
M1_prov,M1prov_41_2012-2025_Censo+Censo anual_MIVAU _con_0.0,D = Δhogares − altas,2012,2025,1,,,,,34466.2686774123,,Censo 2011 (viv. principales) y Censo anual 1-ene-2025 / tamaño medio 2021 (supuesto)
M1_prov,M1prov_41_2012-2025_Censo+Censo anual_MIVAU _con_0.1,D = Δhogares − altas,2012,2025,1,,,,,45937.9106774123,,Censo 2011 (viv. principales) y Censo anual 1-ene-2025 / tamaño medio 2021 (supuesto)
M1_prov,M1prov_41_2012-2025_Censo+Censo anual_MIVAU _con_0.2,D = Δhogares − altas,2012,2025,1,,,,,57409.5526774123,,Censo 2011 (viv. principales) y Censo anual 1-ene-2025 / tamaño medio 2021 (supuesto)
M1_prov,M1prov_41_2012-2025_Censo+Censo anual_MIVAU _sin_0.0,D = Δhogares − altas,2012,2025,1,,,,,34466.2686774123,,Censo 2011 (viv. principales) y Censo anual 1-ene-2025 / tamaño medio 2021 (supuesto)
M1_prov,M1prov_41_2012-2025_Censo+Censo anual_MIVAU _sin_0.1,D = Δhogares − altas,2012,2025,1,,,,,45937.9106774123,,Censo 2011 (viv. principales) y Censo anual 1-ene-2025 / tamaño medio 2021 (supuesto)
M1_prov,M1prov_41_2012-2025_Censo+Censo anual_MIVAU _sin_0.2,D = Δhogares − altas,2012,2025,1,,,,,57409.5526774123,,Censo 2011 (viv. principales) y Censo anual 1-ene-2025 / tamaño medio 2021 (supuesto)
M1_prov,M1prov_41_2012-2025_Censo+Censo anual_Catast_incluida_nan,D = Δhogares − altas,2012,2025,1,,,,,-23956.7313225877,,Censo 2011 (viv. principales) y Censo anual 1-ene-2025 / tamaño medio 2021 (supuesto)
M1_prov,M1prov_41_2021-2025_ECP_MIVAU _con_0.0,D = Δhogares − altas,2021,2025,1,,,,,39405.0,,ECP 2021T1-2025T4
M1_prov,M1prov_41_2021-2025_ECP_MIVAU _con_0.1,D = Δhogares − altas,2021,2025,1,,,,,43969.495,,ECP 2021T1-2025T4
M1_prov,M1prov_41_2021-2025_ECP_MIVAU _con_0.2,D = Δhogares − altas,2021,2025,1,,,,,48533.99,,ECP 2021T1-2025T4
M1_prov,M1prov_41_2021-2025_ECP_MIVAU _sin_0.0,D = Δhogares − altas,2021,2025,1,,,,,39405.0,,ECP 2021T1-2025T4
M1_prov,M1prov_41_2021-2025_ECP_MIVAU _sin_0.1,D = Δhogares − altas,2021,2025,1,,,,,43969.495,,ECP 2021T1-2025T4
M1_prov,M1prov_41_2021-2025_ECP_MIVAU _sin_0.2,D = Δhogares − altas,2021,2025,1,,,,,48533.99,,ECP 2021T1-2025T4
M1_prov,M1prov_41_2021-2025_ECP_Catast_incluida_nan,D = Δhogares − altas,2021,2025,1,,,,,16182.0,,ECP 2021T1-2025T4
M1_prov,M1prov_41_2021-2025_Censo anual_MIVAU _con_0.0,D = Δhogares − altas,2021,2025,1,,,,,10241.2686774123,,Censo anual 1-ene-2021 a 1-ene-2025; hogares = personas/tamaño medio Censo 2021 (supuesto)
M1_prov,M1prov_41_2021-2025_Censo anual_MIVAU _con_0.1,D = Δhogares − altas,2021,2025,1,,,,,13892.864677412299,,Censo anual 1-ene-2021 a 1-ene-2025; hogares = personas/tamaño medio Censo 2021 (supuesto)
M1_prov,M1prov_41_2021-2025_Censo anual_MIVAU _con_0.2,D = Δhogares − altas,2021,2025,1,,,,,17544.4606774123,,Censo anual 1-ene-2021 a 1-ene-2025; hogares = personas/tamaño medio Censo 2021 (supuesto)
M1_prov,M1prov_41_2021-2025_Censo anual_MIVAU _sin_0.0,D = Δhogares − altas,2021,2025,1,,,,,10241.2686774123,,Censo anual 1-ene-2021 a 1-ene-2025; hogares = personas/tamaño medio Censo 2021 (supuesto)
M1_prov,M1prov_41_2021-2025_Censo anual_MIVAU _sin_0.1,D = Δhogares − altas,2021,2025,1,,,,,13892.864677412299,,Censo anual 1-ene-2021 a 1-ene-2025; hogares = personas/tamaño medio Censo 2021 (supuesto)
M1_prov,M1prov_41_2021-2025_Censo anual_MIVAU _sin_0.2,D = Δhogares − altas,2021,2025,1,,,,,17544.4606774123,,Censo anual 1-ene-2021 a 1-ene-2025; hogares = personas/tamaño medio Censo 2021 (supuesto)
M1_prov,M1prov_41_2021-2025_Censo anual_Catast_incluida_nan,D = Δhogares − altas,2021,2025,1,,,,,-6838.731322587701,,Censo anual 1-ene-2021 a 1-ene-2025; hogares = personas/tamaño medio Censo 2021 (supuesto)
M1_prov,M1prov_42_2012-2025_Censo+ECP_MIVAU _con_0.0,D = Δhogares − altas,2012,2025,1,,,,,1068.0,,Censos 2011-2021 + ECP 2021T4-2025T4
M1_prov,M1prov_42_2012-2025_Censo+ECP_MIVAU _con_0.1,D = Δhogares − altas,2012,2025,1,,,,,2141.996,,Censos 2011-2021 + ECP 2021T4-2025T4
M1_prov,M1prov_42_2012-2025_Censo+ECP_MIVAU _con_0.2,D = Δhogares − altas,2012,2025,1,,,,,3215.992,,Censos 2011-2021 + ECP 2021T4-2025T4
M1_prov,M1prov_42_2012-2025_Censo+ECP_MIVAU _sin_0.0,D = Δhogares − altas,2012,2025,1,,,,,1068.0,,Censos 2011-2021 + ECP 2021T4-2025T4
M1_prov,M1prov_42_2012-2025_Censo+ECP_MIVAU _sin_0.1,D = Δhogares − altas,2012,2025,1,,,,,2141.996,,Censos 2011-2021 + ECP 2021T4-2025T4
M1_prov,M1prov_42_2012-2025_Censo+ECP_MIVAU _sin_0.2,D = Δhogares − altas,2012,2025,1,,,,,3215.992,,Censos 2011-2021 + ECP 2021T4-2025T4
M1_prov,M1prov_42_2012-2025_Censo+ECP_Catast_incluida_nan,D = Δhogares − altas,2012,2025,1,,,,,-3396.0,,Censos 2011-2021 + ECP 2021T4-2025T4
M1_prov,M1prov_42_2012-2025_Censo+Censo anual_MIVAU _con_0.0,D = Δhogares − altas,2012,2025,1,,,,,291.10979098157986,,Censo 2011 (viv. principales) y Censo anual 1-ene-2025 / tamaño medio 2021 (supuesto)
M1_prov,M1prov_42_2012-2025_Censo+Censo anual_MIVAU _con_0.1,D = Δhogares − altas,2012,2025,1,,,,,1288.3917909815798,,Censo 2011 (viv. principales) y Censo anual 1-ene-2025 / tamaño medio 2021 (supuesto)
M1_prov,M1prov_42_2012-2025_Censo+Censo anual_MIVAU _con_0.2,D = Δhogares − altas,2012,2025,1,,,,,2285.6737909815797,,Censo 2011 (viv. principales) y Censo anual 1-ene-2025 / tamaño medio 2021 (supuesto)
M1_prov,M1prov_42_2012-2025_Censo+Censo anual_MIVAU _sin_0.0,D = Δhogares − altas,2012,2025,1,,,,,291.10979098157986,,Censo 2011 (viv. principales) y Censo anual 1-ene-2025 / tamaño medio 2021 (supuesto)
M1_prov,M1prov_42_2012-2025_Censo+Censo anual_MIVAU _sin_0.1,D = Δhogares − altas,2012,2025,1,,,,,1288.3917909815798,,Censo 2011 (viv. principales) y Censo anual 1-ene-2025 / tamaño medio 2021 (supuesto)
M1_prov,M1prov_42_2012-2025_Censo+Censo anual_MIVAU _sin_0.2,D = Δhogares − altas,2012,2025,1,,,,,2285.6737909815797,,Censo 2011 (viv. principales) y Censo anual 1-ene-2025 / tamaño medio 2021 (supuesto)
M1_prov,M1prov_42_2012-2025_Censo+Censo anual_Catast_incluida_nan,D = Δhogares − altas,2012,2025,1,,,,,-4059.89020901842,,Censo 2011 (viv. principales) y Censo anual 1-ene-2025 / tamaño medio 2021 (supuesto)
M1_prov,M1prov_42_2021-2025_ECP_MIVAU _con_0.0,D = Δhogares − altas,2021,2025,1,,,,,1657.0,,ECP 2021T1-2025T4
M1_prov,M1prov_42_2021-2025_ECP_MIVAU _con_0.1,D = Δhogares − altas,2021,2025,1,,,,,2078.275,,ECP 2021T1-2025T4
M1_prov,M1prov_42_2021-2025_ECP_MIVAU _con_0.2,D = Δhogares − altas,2021,2025,1,,,,,2499.55,,ECP 2021T1-2025T4
M1_prov,M1prov_42_2021-2025_ECP_MIVAU _sin_0.0,D = Δhogares − altas,2021,2025,1,,,,,1657.0,,ECP 2021T1-2025T4
M1_prov,M1prov_42_2021-2025_ECP_MIVAU _sin_0.1,D = Δhogares − altas,2021,2025,1,,,,,2078.275,,ECP 2021T1-2025T4
M1_prov,M1prov_42_2021-2025_ECP_MIVAU _sin_0.2,D = Δhogares − altas,2021,2025,1,,,,,2499.55,,ECP 2021T1-2025T4
M1_prov,M1prov_42_2021-2025_ECP_Catast_incluida_nan,D = Δhogares − altas,2021,2025,1,,,,,785.0,,ECP 2021T1-2025T4
M1_prov,M1prov_42_2021-2025_Censo anual_MIVAU _con_0.0,D = Δhogares − altas,2021,2025,1,,,,,593.1097909815799,,Censo anual 1-ene-2021 a 1-ene-2025; hogares = personas/tamaño medio Censo 2021 (supuesto)
M1_prov,M1prov_42_2021-2025_Censo anual_MIVAU _con_0.1,D = Δhogares − altas,2021,2025,1,,,,,930.1297909815798,,Censo anual 1-ene-2021 a 1-ene-2025; hogares = personas/tamaño medio Censo 2021 (supuesto)
M1_prov,M1prov_42_2021-2025_Censo anual_MIVAU _con_0.2,D = Δhogares − altas,2021,2025,1,,,,,1267.1497909815798,,Censo anual 1-ene-2021 a 1-ene-2025; hogares = personas/tamaño medio Censo 2021 (supuesto)
M1_prov,M1prov_42_2021-2025_Censo anual_MIVAU _sin_0.0,D = Δhogares − altas,2021,2025,1,,,,,593.1097909815799,,Censo anual 1-ene-2021 a 1-ene-2025; hogares = personas/tamaño medio Censo 2021 (supuesto)
M1_prov,M1prov_42_2021-2025_Censo anual_MIVAU _sin_0.1,D = Δhogares − altas,2021,2025,1,,,,,930.1297909815798,,Censo anual 1-ene-2021 a 1-ene-2025; hogares = personas/tamaño medio Censo 2021 (supuesto)
M1_prov,M1prov_42_2021-2025_Censo anual_MIVAU _sin_0.2,D = Δhogares − altas,2021,2025,1,,,,,1267.1497909815798,,Censo anual 1-ene-2021 a 1-ene-2025; hogares = personas/tamaño medio Censo 2021 (supuesto)
M1_prov,M1prov_42_2021-2025_Censo anual_Catast_incluida_nan,D = Δhogares − altas,2021,2025,1,,,,,-165.89020901842014,,Censo anual 1-ene-2021 a 1-ene-2025; hogares = personas/tamaño medio Censo 2021 (supuesto)
M1_prov,M1prov_43_2012-2025_Censo+ECP_MIVAU _con_0.0,D = Δhogares − altas,2012,2025,1,,,,,36152.0,,Censos 2011-2021 + ECP 2021T4-2025T4
M1_prov,M1prov_43_2012-2025_Censo+ECP_MIVAU _con_0.1,D = Δhogares − altas,2012,2025,1,,,,,43521.586,,Censos 2011-2021 + ECP 2021T4-2025T4
M1_prov,M1prov_43_2012-2025_Censo+ECP_MIVAU _con_0.2,D = Δhogares − altas,2012,2025,1,,,,,50891.172,,Censos 2011-2021 + ECP 2021T4-2025T4
M1_prov,M1prov_43_2012-2025_Censo+ECP_MIVAU _sin_0.0,D = Δhogares − altas,2012,2025,1,,,,,36152.0,,Censos 2011-2021 + ECP 2021T4-2025T4
M1_prov,M1prov_43_2012-2025_Censo+ECP_MIVAU _sin_0.1,D = Δhogares − altas,2012,2025,1,,,,,43521.586,,Censos 2011-2021 + ECP 2021T4-2025T4
M1_prov,M1prov_43_2012-2025_Censo+ECP_MIVAU _sin_0.2,D = Δhogares − altas,2012,2025,1,,,,,50891.172,,Censos 2011-2021 + ECP 2021T4-2025T4
M1_prov,M1prov_43_2012-2025_Censo+ECP_Catast_incluida_nan,D = Δhogares − altas,2012,2025,1,,,,,8300.0,,Censos 2011-2021 + ECP 2021T4-2025T4
M1_prov,M1prov_43_2012-2025_Censo+Censo anual_MIVAU _con_0.0,D = Δhogares − altas,2012,2025,1,,,,,30165.87649905577,,Censo 2011 (viv. principales) y Censo anual 1-ene-2025 / tamaño medio 2021 (supuesto)
M1_prov,M1prov_43_2012-2025_Censo+Censo anual_MIVAU _con_0.1,D = Δhogares − altas,2012,2025,1,,,,,37009.06349905577,,Censo 2011 (viv. principales) y Censo anual 1-ene-2025 / tamaño medio 2021 (supuesto)
M1_prov,M1prov_43_2012-2025_Censo+Censo anual_MIVAU _con_0.2,D = Δhogares − altas,2012,2025,1,,,,,43852.250499055765,,Censo 2011 (viv. principales) y Censo anual 1-ene-2025 / tamaño medio 2021 (supuesto)
M1_prov,M1prov_43_2012-2025_Censo+Censo anual_MIVAU _sin_0.0,D = Δhogares − altas,2012,2025,1,,,,,30165.87649905577,,Censo 2011 (viv. principales) y Censo anual 1-ene-2025 / tamaño medio 2021 (supuesto)
M1_prov,M1prov_43_2012-2025_Censo+Censo anual_MIVAU _sin_0.1,D = Δhogares − altas,2012,2025,1,,,,,37009.06349905577,,Censo 2011 (viv. principales) y Censo anual 1-ene-2025 / tamaño medio 2021 (supuesto)
M1_prov,M1prov_43_2012-2025_Censo+Censo anual_MIVAU _sin_0.2,D = Δhogares − altas,2012,2025,1,,,,,43852.250499055765,,Censo 2011 (viv. principales) y Censo anual 1-ene-2025 / tamaño medio 2021 (supuesto)
M1_prov,M1prov_43_2012-2025_Censo+Censo anual_Catast_incluida_nan,D = Δhogares − altas,2012,2025,1,,,,,4111.876499055768,,Censo 2011 (viv. principales) y Censo anual 1-ene-2025 / tamaño medio 2021 (supuesto)
M1_prov,M1prov_43_2021-2025_ECP_MIVAU _con_0.0,D = Δhogares − altas,2021,2025,1,,,,,32170.0,,ECP 2021T1-2025T4
M1_prov,M1prov_43_2021-2025_ECP_MIVAU _con_0.1,D = Δhogares − altas,2021,2025,1,,,,,34942.895000000004,,ECP 2021T1-2025T4
M1_prov,M1prov_43_2021-2025_ECP_MIVAU _con_0.2,D = Δhogares − altas,2021,2025,1,,,,,37715.79,,ECP 2021T1-2025T4
M1_prov,M1prov_43_2021-2025_ECP_MIVAU _sin_0.0,D = Δhogares − altas,2021,2025,1,,,,,32170.0,,ECP 2021T1-2025T4
M1_prov,M1prov_43_2021-2025_ECP_MIVAU _sin_0.1,D = Δhogares − altas,2021,2025,1,,,,,34942.895000000004,,ECP 2021T1-2025T4
M1_prov,M1prov_43_2021-2025_ECP_MIVAU _sin_0.2,D = Δhogares − altas,2021,2025,1,,,,,37715.79,,ECP 2021T1-2025T4
M1_prov,M1prov_43_2021-2025_ECP_Catast_incluida_nan,D = Δhogares − altas,2021,2025,1,,,,,25310.0,,ECP 2021T1-2025T4
M1_prov,M1prov_43_2021-2025_Censo anual_MIVAU _con_0.0,D = Δhogares − altas,2021,2025,1,,,,,20424.87649905577,,Censo anual 1-ene-2021 a 1-ene-2025; hogares = personas/tamaño medio Censo 2021 (supuesto)
M1_prov,M1prov_43_2021-2025_Censo anual_MIVAU _con_0.1,D = Δhogares − altas,2021,2025,1,,,,,22643.192499055767,,Censo anual 1-ene-2021 a 1-ene-2025; hogares = personas/tamaño medio Censo 2021 (supuesto)
M1_prov,M1prov_43_2021-2025_Censo anual_MIVAU _con_0.2,D = Δhogares − altas,2021,2025,1,,,,,24861.50849905577,,Censo anual 1-ene-2021 a 1-ene-2025; hogares = personas/tamaño medio Censo 2021 (supuesto)
M1_prov,M1prov_43_2021-2025_Censo anual_MIVAU _sin_0.0,D = Δhogares − altas,2021,2025,1,,,,,20424.87649905577,,Censo anual 1-ene-2021 a 1-ene-2025; hogares = personas/tamaño medio Censo 2021 (supuesto)
M1_prov,M1prov_43_2021-2025_Censo anual_MIVAU _sin_0.1,D = Δhogares − altas,2021,2025,1,,,,,22643.192499055767,,Censo anual 1-ene-2021 a 1-ene-2025; hogares = personas/tamaño medio Censo 2021 (supuesto)
M1_prov,M1prov_43_2021-2025_Censo anual_MIVAU _sin_0.2,D = Δhogares − altas,2021,2025,1,,,,,24861.50849905577,,Censo anual 1-ene-2021 a 1-ene-2025; hogares = personas/tamaño medio Censo 2021 (supuesto)
M1_prov,M1prov_43_2021-2025_Censo anual_Catast_incluida_nan,D = Δhogares − altas,2021,2025,1,,,,,15362.876499055768,,Censo anual 1-ene-2021 a 1-ene-2025; hogares = personas/tamaño medio Censo 2021 (supuesto)
M1_prov,M1prov_44_2012-2025_Censo+ECP_MIVAU _con_0.0,D = Δhogares − altas,2012,2025,1,,,,,277.0,,Censos 2011-2021 + ECP 2021T4-2025T4
M1_prov,M1prov_44_2012-2025_Censo+ECP_MIVAU _con_0.1,D = Δhogares − altas,2012,2025,1,,,,,1848.3600000000001,,Censos 2011-2021 + ECP 2021T4-2025T4
M1_prov,M1prov_44_2012-2025_Censo+ECP_MIVAU _con_0.2,D = Δhogares − altas,2012,2025,1,,,,,3419.7200000000003,,Censos 2011-2021 + ECP 2021T4-2025T4
M1_prov,M1prov_44_2012-2025_Censo+ECP_MIVAU _sin_0.0,D = Δhogares − altas,2012,2025,1,,,,,277.0,,Censos 2011-2021 + ECP 2021T4-2025T4
M1_prov,M1prov_44_2012-2025_Censo+ECP_MIVAU _sin_0.1,D = Δhogares − altas,2012,2025,1,,,,,1848.3600000000001,,Censos 2011-2021 + ECP 2021T4-2025T4
M1_prov,M1prov_44_2012-2025_Censo+ECP_MIVAU _sin_0.2,D = Δhogares − altas,2012,2025,1,,,,,3419.7200000000003,,Censos 2011-2021 + ECP 2021T4-2025T4
M1_prov,M1prov_44_2012-2025_Censo+ECP_Catast_incluida_nan,D = Δhogares − altas,2012,2025,1,,,,,-6778.0,,Censos 2011-2021 + ECP 2021T4-2025T4
M1_prov,M1prov_44_2012-2025_Censo+Censo anual_MIVAU _con_0.0,D = Δhogares − altas,2012,2025,1,,,,,-738.6272503146902,,Censo 2011 (viv. principales) y Censo anual 1-ene-2025 / tamaño medio 2021 (supuesto)
M1_prov,M1prov_44_2012-2025_Censo+Censo anual_MIVAU _con_0.1,D = Δhogares − altas,2012,2025,1,,,,,720.49274968531,,Censo 2011 (viv. principales) y Censo anual 1-ene-2025 / tamaño medio 2021 (supuesto)
M1_prov,M1prov_44_2012-2025_Censo+Censo anual_MIVAU _con_0.2,D = Δhogares − altas,2012,2025,1,,,,,2179.61274968531,,Censo 2011 (viv. principales) y Censo anual 1-ene-2025 / tamaño medio 2021 (supuesto)
M1_prov,M1prov_44_2012-2025_Censo+Censo anual_MIVAU _sin_0.0,D = Δhogares − altas,2012,2025,1,,,,,-738.6272503146902,,Censo 2011 (viv. principales) y Censo anual 1-ene-2025 / tamaño medio 2021 (supuesto)
M1_prov,M1prov_44_2012-2025_Censo+Censo anual_MIVAU _sin_0.1,D = Δhogares − altas,2012,2025,1,,,,,720.49274968531,,Censo 2011 (viv. principales) y Censo anual 1-ene-2025 / tamaño medio 2021 (supuesto)
M1_prov,M1prov_44_2012-2025_Censo+Censo anual_MIVAU _sin_0.2,D = Δhogares − altas,2012,2025,1,,,,,2179.61274968531,,Censo 2011 (viv. principales) y Censo anual 1-ene-2025 / tamaño medio 2021 (supuesto)
M1_prov,M1prov_44_2012-2025_Censo+Censo anual_Catast_incluida_nan,D = Δhogares − altas,2012,2025,1,,,,,-7706.62725031469,,Censo 2011 (viv. principales) y Censo anual 1-ene-2025 / tamaño medio 2021 (supuesto)
M1_prov,M1prov_44_2021-2025_ECP_MIVAU _con_0.0,D = Δhogares − altas,2021,2025,1,,,,,2157.0,,ECP 2021T1-2025T4
M1_prov,M1prov_44_2021-2025_ECP_MIVAU _con_0.1,D = Δhogares − altas,2021,2025,1,,,,,2785.555,,ECP 2021T1-2025T4
M1_prov,M1prov_44_2021-2025_ECP_MIVAU _con_0.2,D = Δhogares − altas,2021,2025,1,,,,,3414.1099999999997,,ECP 2021T1-2025T4
M1_prov,M1prov_44_2021-2025_ECP_MIVAU _sin_0.0,D = Δhogares − altas,2021,2025,1,,,,,2157.0,,ECP 2021T1-2025T4
M1_prov,M1prov_44_2021-2025_ECP_MIVAU _sin_0.1,D = Δhogares − altas,2021,2025,1,,,,,2785.555,,ECP 2021T1-2025T4
M1_prov,M1prov_44_2021-2025_ECP_MIVAU _sin_0.2,D = Δhogares − altas,2021,2025,1,,,,,3414.1099999999997,,ECP 2021T1-2025T4
M1_prov,M1prov_44_2021-2025_ECP_Catast_incluida_nan,D = Δhogares − altas,2021,2025,1,,,,,1530.0,,ECP 2021T1-2025T4
M1_prov,M1prov_44_2021-2025_Censo anual_MIVAU _con_0.0,D = Δhogares − altas,2021,2025,1,,,,,745.3727496853098,,Censo anual 1-ene-2021 a 1-ene-2025; hogares = personas/tamaño medio Censo 2021 (supuesto)
M1_prov,M1prov_44_2021-2025_Censo anual_MIVAU _con_0.1,D = Δhogares − altas,2021,2025,1,,,,,1248.2167496853099,,Censo anual 1-ene-2021 a 1-ene-2025; hogares = personas/tamaño medio Censo 2021 (supuesto)
M1_prov,M1prov_44_2021-2025_Censo anual_MIVAU _con_0.2,D = Δhogares − altas,2021,2025,1,,,,,1751.06074968531,,Censo anual 1-ene-2021 a 1-ene-2025; hogares = personas/tamaño medio Censo 2021 (supuesto)
M1_prov,M1prov_44_2021-2025_Censo anual_MIVAU _sin_0.0,D = Δhogares − altas,2021,2025,1,,,,,745.3727496853098,,Censo anual 1-ene-2021 a 1-ene-2025; hogares = personas/tamaño medio Censo 2021 (supuesto)
M1_prov,M1prov_44_2021-2025_Censo anual_MIVAU _sin_0.1,D = Δhogares − altas,2021,2025,1,,,,,1248.2167496853099,,Censo anual 1-ene-2021 a 1-ene-2025; hogares = personas/tamaño medio Censo 2021 (supuesto)
M1_prov,M1prov_44_2021-2025_Censo anual_MIVAU _sin_0.2,D = Δhogares − altas,2021,2025,1,,,,,1751.06074968531,,Censo anual 1-ene-2021 a 1-ene-2025; hogares = personas/tamaño medio Censo 2021 (supuesto)
M1_prov,M1prov_44_2021-2025_Censo anual_Catast_incluida_nan,D = Δhogares − altas,2021,2025,1,,,,,205.37274968530983,,Censo anual 1-ene-2021 a 1-ene-2025; hogares = personas/tamaño medio Censo 2021 (supuesto)
M1_prov,M1prov_45_2012-2025_Censo+ECP_MIVAU _con_0.0,D = Δhogares − altas,2012,2025,1,,,,,32821.0,,Censos 2011-2021 + ECP 2021T4-2025T4
M1_prov,M1prov_45_2012-2025_Censo+ECP_MIVAU _con_0.1,D = Δhogares − altas,2012,2025,1,,,,,38613.304000000004,,Censos 2011-2021 + ECP 2021T4-2025T4
M1_prov,M1prov_45_2012-2025_Censo+ECP_MIVAU _con_0.2,D = Δhogares − altas,2012,2025,1,,,,,44405.608,,Censos 2011-2021 + ECP 2021T4-2025T4
M1_prov,M1prov_45_2012-2025_Censo+ECP_MIVAU _sin_0.0,D = Δhogares − altas,2012,2025,1,,,,,32821.0,,Censos 2011-2021 + ECP 2021T4-2025T4
M1_prov,M1prov_45_2012-2025_Censo+ECP_MIVAU _sin_0.1,D = Δhogares − altas,2012,2025,1,,,,,38613.304000000004,,Censos 2011-2021 + ECP 2021T4-2025T4
M1_prov,M1prov_45_2012-2025_Censo+ECP_MIVAU _sin_0.2,D = Δhogares − altas,2012,2025,1,,,,,44405.608,,Censos 2011-2021 + ECP 2021T4-2025T4
M1_prov,M1prov_45_2012-2025_Censo+ECP_Catast_incluida_nan,D = Δhogares − altas,2012,2025,1,,,,,1124.0,,Censos 2011-2021 + ECP 2021T4-2025T4
M1_prov,M1prov_45_2012-2025_Censo+Censo anual_MIVAU _con_0.0,D = Δhogares − altas,2012,2025,1,,,,,28458.671624436975,,Censo 2011 (viv. principales) y Censo anual 1-ene-2025 / tamaño medio 2021 (supuesto)
M1_prov,M1prov_45_2012-2025_Censo+Censo anual_MIVAU _con_0.1,D = Δhogares − altas,2012,2025,1,,,,,33837.239624436974,,Censo 2011 (viv. principales) y Censo anual 1-ene-2025 / tamaño medio 2021 (supuesto)
M1_prov,M1prov_45_2012-2025_Censo+Censo anual_MIVAU _con_0.2,D = Δhogares − altas,2012,2025,1,,,,,39215.80762443697,,Censo 2011 (viv. principales) y Censo anual 1-ene-2025 / tamaño medio 2021 (supuesto)
M1_prov,M1prov_45_2012-2025_Censo+Censo anual_MIVAU _sin_0.0,D = Δhogares − altas,2012,2025,1,,,,,28458.671624436975,,Censo 2011 (viv. principales) y Censo anual 1-ene-2025 / tamaño medio 2021 (supuesto)
M1_prov,M1prov_45_2012-2025_Censo+Censo anual_MIVAU _sin_0.1,D = Δhogares − altas,2012,2025,1,,,,,33837.239624436974,,Censo 2011 (viv. principales) y Censo anual 1-ene-2025 / tamaño medio 2021 (supuesto)
M1_prov,M1prov_45_2012-2025_Censo+Censo anual_MIVAU _sin_0.2,D = Δhogares − altas,2012,2025,1,,,,,39215.80762443697,,Censo 2011 (viv. principales) y Censo anual 1-ene-2025 / tamaño medio 2021 (supuesto)
M1_prov,M1prov_45_2012-2025_Censo+Censo anual_Catast_incluida_nan,D = Δhogares − altas,2012,2025,1,,,,,-1605.3283755630255,,Censo 2011 (viv. principales) y Censo anual 1-ene-2025 / tamaño medio 2021 (supuesto)
M1_prov,M1prov_45_2021-2025_ECP_MIVAU _con_0.0,D = Δhogares − altas,2021,2025,1,,,,,24696.0,,ECP 2021T1-2025T4
M1_prov,M1prov_45_2021-2025_ECP_MIVAU _con_0.1,D = Δhogares − altas,2021,2025,1,,,,,26892.925,,ECP 2021T1-2025T4
M1_prov,M1prov_45_2021-2025_ECP_MIVAU _con_0.2,D = Δhogares − altas,2021,2025,1,,,,,29089.85,,ECP 2021T1-2025T4
M1_prov,M1prov_45_2021-2025_ECP_MIVAU _sin_0.0,D = Δhogares − altas,2021,2025,1,,,,,24696.0,,ECP 2021T1-2025T4
M1_prov,M1prov_45_2021-2025_ECP_MIVAU _sin_0.1,D = Δhogares − altas,2021,2025,1,,,,,26892.925,,ECP 2021T1-2025T4
M1_prov,M1prov_45_2021-2025_ECP_MIVAU _sin_0.2,D = Δhogares − altas,2021,2025,1,,,,,29089.85,,ECP 2021T1-2025T4
M1_prov,M1prov_45_2021-2025_ECP_Catast_incluida_nan,D = Δhogares − altas,2021,2025,1,,,,,18610.0,,ECP 2021T1-2025T4
M1_prov,M1prov_45_2021-2025_Censo anual_MIVAU _con_0.0,D = Δhogares − altas,2021,2025,1,,,,,16941.671624436975,,Censo anual 1-ene-2021 a 1-ene-2025; hogares = personas/tamaño medio Censo 2021 (supuesto)
M1_prov,M1prov_45_2021-2025_Censo anual_MIVAU _con_0.1,D = Δhogares − altas,2021,2025,1,,,,,18699.211624436975,,Censo anual 1-ene-2021 a 1-ene-2025; hogares = personas/tamaño medio Censo 2021 (supuesto)
M1_prov,M1prov_45_2021-2025_Censo anual_MIVAU _con_0.2,D = Δhogares − altas,2021,2025,1,,,,,20456.751624436976,,Censo anual 1-ene-2021 a 1-ene-2025; hogares = personas/tamaño medio Censo 2021 (supuesto)
M1_prov,M1prov_45_2021-2025_Censo anual_MIVAU _sin_0.0,D = Δhogares − altas,2021,2025,1,,,,,16941.671624436975,,Censo anual 1-ene-2021 a 1-ene-2025; hogares = personas/tamaño medio Censo 2021 (supuesto)
M1_prov,M1prov_45_2021-2025_Censo anual_MIVAU _sin_0.1,D = Δhogares − altas,2021,2025,1,,,,,18699.211624436975,,Censo anual 1-ene-2021 a 1-ene-2025; hogares = personas/tamaño medio Censo 2021 (supuesto)
M1_prov,M1prov_45_2021-2025_Censo anual_MIVAU _sin_0.2,D = Δhogares − altas,2021,2025,1,,,,,20456.751624436976,,Censo anual 1-ene-2021 a 1-ene-2025; hogares = personas/tamaño medio Censo 2021 (supuesto)
M1_prov,M1prov_45_2021-2025_Censo anual_Catast_incluida_nan,D = Δhogares − altas,2021,2025,1,,,,,12488.671624436975,,Censo anual 1-ene-2021 a 1-ene-2025; hogares = personas/tamaño medio Censo 2021 (supuesto)
M1_prov,M1prov_46_2012-2025_Censo+ECP_MIVAU _con_0.0,D = Δhogares − altas,2012,2025,1,,,,,87172.0,,Censos 2011-2021 + ECP 2021T4-2025T4
M1_prov,M1prov_46_2012-2025_Censo+ECP_MIVAU _con_0.1,D = Δhogares − altas,2012,2025,1,,,,,107511.732,,Censos 2011-2021 + ECP 2021T4-2025T4
M1_prov,M1prov_46_2012-2025_Censo+ECP_MIVAU _con_0.2,D = Δhogares − altas,2012,2025,1,,,,,127851.464,,Censos 2011-2021 + ECP 2021T4-2025T4
M1_prov,M1prov_46_2012-2025_Censo+ECP_MIVAU _sin_0.0,D = Δhogares − altas,2012,2025,1,,,,,87172.0,,Censos 2011-2021 + ECP 2021T4-2025T4
M1_prov,M1prov_46_2012-2025_Censo+ECP_MIVAU _sin_0.1,D = Δhogares − altas,2012,2025,1,,,,,107511.732,,Censos 2011-2021 + ECP 2021T4-2025T4
M1_prov,M1prov_46_2012-2025_Censo+ECP_MIVAU _sin_0.2,D = Δhogares − altas,2012,2025,1,,,,,127851.464,,Censos 2011-2021 + ECP 2021T4-2025T4
M1_prov,M1prov_46_2012-2025_Censo+ECP_Catast_incluida_nan,D = Δhogares − altas,2012,2025,1,,,,,36816.0,,Censos 2011-2021 + ECP 2021T4-2025T4
M1_prov,M1prov_46_2012-2025_Censo+Censo anual_MIVAU _con_0.0,D = Δhogares − altas,2012,2025,1,,,,,83238.38831224083,,Censo 2011 (viv. principales) y Censo anual 1-ene-2025 / tamaño medio 2021 (supuesto)
M1_prov,M1prov_46_2012-2025_Censo+Censo anual_MIVAU _con_0.1,D = Δhogares − altas,2012,2025,1,,,,,102125.28231224083,,Censo 2011 (viv. principales) y Censo anual 1-ene-2025 / tamaño medio 2021 (supuesto)
M1_prov,M1prov_46_2012-2025_Censo+Censo anual_MIVAU _con_0.2,D = Δhogares − altas,2012,2025,1,,,,,121012.17631224083,,Censo 2011 (viv. principales) y Censo anual 1-ene-2025 / tamaño medio 2021 (supuesto)
M1_prov,M1prov_46_2012-2025_Censo+Censo anual_MIVAU _sin_0.0,D = Δhogares − altas,2012,2025,1,,,,,83238.38831224083,,Censo 2011 (viv. principales) y Censo anual 1-ene-2025 / tamaño medio 2021 (supuesto)
M1_prov,M1prov_46_2012-2025_Censo+Censo anual_MIVAU _sin_0.1,D = Δhogares − altas,2012,2025,1,,,,,102125.28231224083,,Censo 2011 (viv. principales) y Censo anual 1-ene-2025 / tamaño medio 2021 (supuesto)
M1_prov,M1prov_46_2012-2025_Censo+Censo anual_MIVAU _sin_0.2,D = Δhogares − altas,2012,2025,1,,,,,121012.17631224083,,Censo 2011 (viv. principales) y Censo anual 1-ene-2025 / tamaño medio 2021 (supuesto)
M1_prov,M1prov_46_2012-2025_Censo+Censo anual_Catast_incluida_nan,D = Δhogares − altas,2012,2025,1,,,,,38371.38831224083,,Censo 2011 (viv. principales) y Censo anual 1-ene-2025 / tamaño medio 2021 (supuesto)
M1_prov,M1prov_46_2021-2025_ECP_MIVAU _con_0.0,D = Δhogares − altas,2021,2025,1,,,,,84064.0,,ECP 2021T1-2025T4
M1_prov,M1prov_46_2021-2025_ECP_MIVAU _con_0.1,D = Δhogares − altas,2021,2025,1,,,,,91508.54000000001,,ECP 2021T1-2025T4
M1_prov,M1prov_46_2021-2025_ECP_MIVAU _con_0.2,D = Δhogares − altas,2021,2025,1,,,,,98953.08,,ECP 2021T1-2025T4
M1_prov,M1prov_46_2021-2025_ECP_MIVAU _sin_0.0,D = Δhogares − altas,2021,2025,1,,,,,84064.0,,ECP 2021T1-2025T4
M1_prov,M1prov_46_2021-2025_ECP_MIVAU _sin_0.1,D = Δhogares − altas,2021,2025,1,,,,,91508.54000000001,,ECP 2021T1-2025T4
M1_prov,M1prov_46_2021-2025_ECP_MIVAU _sin_0.2,D = Δhogares − altas,2021,2025,1,,,,,98953.08,,ECP 2021T1-2025T4
M1_prov,M1prov_46_2021-2025_ECP_Catast_incluida_nan,D = Δhogares − altas,2021,2025,1,,,,,59206.0,,ECP 2021T1-2025T4
M1_prov,M1prov_46_2021-2025_Censo anual_MIVAU _con_0.0,D = Δhogares − altas,2021,2025,1,,,,,67825.38831224071,,Censo anual 1-ene-2021 a 1-ene-2025; hogares = personas/tamaño medio Censo 2021 (supuesto)
M1_prov,M1prov_46_2021-2025_Censo anual_MIVAU _con_0.1,D = Δhogares − altas,2021,2025,1,,,,,73781.02031224071,,Censo anual 1-ene-2021 a 1-ene-2025; hogares = personas/tamaño medio Censo 2021 (supuesto)
M1_prov,M1prov_46_2021-2025_Censo anual_MIVAU _con_0.2,D = Δhogares − altas,2021,2025,1,,,,,79736.65231224071,,Censo anual 1-ene-2021 a 1-ene-2025; hogares = personas/tamaño medio Censo 2021 (supuesto)
M1_prov,M1prov_46_2021-2025_Censo anual_MIVAU _sin_0.0,D = Δhogares − altas,2021,2025,1,,,,,67825.38831224071,,Censo anual 1-ene-2021 a 1-ene-2025; hogares = personas/tamaño medio Censo 2021 (supuesto)
M1_prov,M1prov_46_2021-2025_Censo anual_MIVAU _sin_0.1,D = Δhogares − altas,2021,2025,1,,,,,73781.02031224071,,Censo anual 1-ene-2021 a 1-ene-2025; hogares = personas/tamaño medio Censo 2021 (supuesto)
M1_prov,M1prov_46_2021-2025_Censo anual_MIVAU _sin_0.2,D = Δhogares − altas,2021,2025,1,,,,,79736.65231224071,,Censo anual 1-ene-2021 a 1-ene-2025; hogares = personas/tamaño medio Censo 2021 (supuesto)
M1_prov,M1prov_46_2021-2025_Censo anual_Catast_incluida_nan,D = Δhogares − altas,2021,2025,1,,,,,48456.38831224071,,Censo anual 1-ene-2021 a 1-ene-2025; hogares = personas/tamaño medio Censo 2021 (supuesto)
M1_prov,M1prov_47_2012-2025_Censo+ECP_MIVAU _con_0.0,D = Δhogares − altas,2012,2025,1,,,,,10157.0,,Censos 2011-2021 + ECP 2021T4-2025T4
M1_prov,M1prov_47_2012-2025_Censo+ECP_MIVAU _con_0.1,D = Δhogares − altas,2012,2025,1,,,,,14190.736,,Censos 2011-2021 + ECP 2021T4-2025T4
M1_prov,M1prov_47_2012-2025_Censo+ECP_MIVAU _con_0.2,D = Δhogares − altas,2012,2025,1,,,,,18224.472,,Censos 2011-2021 + ECP 2021T4-2025T4
M1_prov,M1prov_47_2012-2025_Censo+ECP_MIVAU _sin_0.0,D = Δhogares − altas,2012,2025,1,,,,,10157.0,,Censos 2011-2021 + ECP 2021T4-2025T4
M1_prov,M1prov_47_2012-2025_Censo+ECP_MIVAU _sin_0.1,D = Δhogares − altas,2012,2025,1,,,,,14190.736,,Censos 2011-2021 + ECP 2021T4-2025T4
M1_prov,M1prov_47_2012-2025_Censo+ECP_MIVAU _sin_0.2,D = Δhogares − altas,2012,2025,1,,,,,18224.472,,Censos 2011-2021 + ECP 2021T4-2025T4
M1_prov,M1prov_47_2012-2025_Censo+ECP_Catast_incluida_nan,D = Δhogares − altas,2012,2025,1,,,,,-3229.0,,Censos 2011-2021 + ECP 2021T4-2025T4
M1_prov,M1prov_47_2012-2025_Censo+Censo anual_MIVAU _con_0.0,D = Δhogares − altas,2012,2025,1,,,,,4133.803588894458,,Censo 2011 (viv. principales) y Censo anual 1-ene-2025 / tamaño medio 2021 (supuesto)
M1_prov,M1prov_47_2012-2025_Censo+Censo anual_MIVAU _con_0.1,D = Δhogares − altas,2012,2025,1,,,,,7879.415588894458,,Censo 2011 (viv. principales) y Censo anual 1-ene-2025 / tamaño medio 2021 (supuesto)
M1_prov,M1prov_47_2012-2025_Censo+Censo anual_MIVAU _con_0.2,D = Δhogares − altas,2012,2025,1,,,,,11625.027588894458,,Censo 2011 (viv. principales) y Censo anual 1-ene-2025 / tamaño medio 2021 (supuesto)
M1_prov,M1prov_47_2012-2025_Censo+Censo anual_MIVAU _sin_0.0,D = Δhogares − altas,2012,2025,1,,,,,4133.803588894458,,Censo 2011 (viv. principales) y Censo anual 1-ene-2025 / tamaño medio 2021 (supuesto)
M1_prov,M1prov_47_2012-2025_Censo+Censo anual_MIVAU _sin_0.1,D = Δhogares − altas,2012,2025,1,,,,,7879.415588894458,,Censo 2011 (viv. principales) y Censo anual 1-ene-2025 / tamaño medio 2021 (supuesto)
M1_prov,M1prov_47_2012-2025_Censo+Censo anual_MIVAU _sin_0.2,D = Δhogares − altas,2012,2025,1,,,,,11625.027588894458,,Censo 2011 (viv. principales) y Censo anual 1-ene-2025 / tamaño medio 2021 (supuesto)
M1_prov,M1prov_47_2012-2025_Censo+Censo anual_Catast_incluida_nan,D = Δhogares − altas,2012,2025,1,,,,,-7646.196411105542,,Censo 2011 (viv. principales) y Censo anual 1-ene-2025 / tamaño medio 2021 (supuesto)
M1_prov,M1prov_47_2021-2025_ECP_MIVAU _con_0.0,D = Δhogares − altas,2021,2025,1,,,,,11733.0,,ECP 2021T1-2025T4
M1_prov,M1prov_47_2021-2025_ECP_MIVAU _con_0.1,D = Δhogares − altas,2021,2025,1,,,,,13217.55,,ECP 2021T1-2025T4
M1_prov,M1prov_47_2021-2025_ECP_MIVAU _con_0.2,D = Δhogares − altas,2021,2025,1,,,,,14702.1,,ECP 2021T1-2025T4
M1_prov,M1prov_47_2021-2025_ECP_MIVAU _sin_0.0,D = Δhogares − altas,2021,2025,1,,,,,11733.0,,ECP 2021T1-2025T4
M1_prov,M1prov_47_2021-2025_ECP_MIVAU _sin_0.1,D = Δhogares − altas,2021,2025,1,,,,,13217.55,,ECP 2021T1-2025T4
M1_prov,M1prov_47_2021-2025_ECP_MIVAU _sin_0.2,D = Δhogares − altas,2021,2025,1,,,,,14702.1,,ECP 2021T1-2025T4
M1_prov,M1prov_47_2021-2025_ECP_Catast_incluida_nan,D = Δhogares − altas,2021,2025,1,,,,,5383.0,,ECP 2021T1-2025T4
M1_prov,M1prov_47_2021-2025_Censo anual_MIVAU _con_0.0,D = Δhogares − altas,2021,2025,1,,,,,3854.803588894458,,Censo anual 1-ene-2021 a 1-ene-2025; hogares = personas/tamaño medio Censo 2021 (supuesto)
M1_prov,M1prov_47_2021-2025_Censo anual_MIVAU _con_0.1,D = Δhogares − altas,2021,2025,1,,,,,5042.443588894458,,Censo anual 1-ene-2021 a 1-ene-2025; hogares = personas/tamaño medio Censo 2021 (supuesto)
M1_prov,M1prov_47_2021-2025_Censo anual_MIVAU _con_0.2,D = Δhogares − altas,2021,2025,1,,,,,6230.083588894458,,Censo anual 1-ene-2021 a 1-ene-2025; hogares = personas/tamaño medio Censo 2021 (supuesto)
M1_prov,M1prov_47_2021-2025_Censo anual_MIVAU _sin_0.0,D = Δhogares − altas,2021,2025,1,,,,,3854.803588894458,,Censo anual 1-ene-2021 a 1-ene-2025; hogares = personas/tamaño medio Censo 2021 (supuesto)
M1_prov,M1prov_47_2021-2025_Censo anual_MIVAU _sin_0.1,D = Δhogares − altas,2021,2025,1,,,,,5042.443588894458,,Censo anual 1-ene-2021 a 1-ene-2025; hogares = personas/tamaño medio Censo 2021 (supuesto)
M1_prov,M1prov_47_2021-2025_Censo anual_MIVAU _sin_0.2,D = Δhogares − altas,2021,2025,1,,,,,6230.083588894458,,Censo anual 1-ene-2021 a 1-ene-2025; hogares = personas/tamaño medio Censo 2021 (supuesto)
M1_prov,M1prov_47_2021-2025_Censo anual_Catast_incluida_nan,D = Δhogares − altas,2021,2025,1,,,,,-889.1964111055422,,Censo anual 1-ene-2021 a 1-ene-2025; hogares = personas/tamaño medio Censo 2021 (supuesto)
M1_prov,M1prov_48_2012-2025_Censo+ECP_MIVAU _con_0.0,D = Δhogares − altas,2012,2025,1,,,,,29807.0,,Censos 2011-2021 + ECP 2021T4-2025T4
M1_prov,M1prov_48_2012-2025_Censo+ECP_MIVAU _con_0.1,D = Δhogares − altas,2012,2025,1,,,,,37285.24,,Censos 2011-2021 + ECP 2021T4-2025T4
M1_prov,M1prov_48_2012-2025_Censo+ECP_MIVAU _con_0.2,D = Δhogares − altas,2012,2025,1,,,,,44763.479999999996,,Censos 2011-2021 + ECP 2021T4-2025T4
M1_prov,M1prov_48_2012-2025_Censo+ECP_MIVAU _sin_0.0,D = Δhogares − altas,2012,2025,1,,,,,29807.0,,Censos 2011-2021 + ECP 2021T4-2025T4
M1_prov,M1prov_48_2012-2025_Censo+ECP_MIVAU _sin_0.1,D = Δhogares − altas,2012,2025,1,,,,,37285.24,,Censos 2011-2021 + ECP 2021T4-2025T4
M1_prov,M1prov_48_2012-2025_Censo+ECP_MIVAU _sin_0.2,D = Δhogares − altas,2012,2025,1,,,,,44763.479999999996,,Censos 2011-2021 + ECP 2021T4-2025T4
M1_prov,M1prov_48_2012-2025_Censo+Censo anual_MIVAU _con_0.0,D = Δhogares − altas,2012,2025,1,,,,,19249.128869183012,,Censo 2011 (viv. principales) y Censo anual 1-ene-2025 / tamaño medio 2021 (supuesto)
M1_prov,M1prov_48_2012-2025_Censo+Censo anual_MIVAU _con_0.1,D = Δhogares − altas,2012,2025,1,,,,,26193.208869183014,,Censo 2011 (viv. principales) y Censo anual 1-ene-2025 / tamaño medio 2021 (supuesto)
M1_prov,M1prov_48_2012-2025_Censo+Censo anual_MIVAU _con_0.2,D = Δhogares − altas,2012,2025,1,,,,,33137.288869183016,,Censo 2011 (viv. principales) y Censo anual 1-ene-2025 / tamaño medio 2021 (supuesto)
M1_prov,M1prov_48_2012-2025_Censo+Censo anual_MIVAU _sin_0.0,D = Δhogares − altas,2012,2025,1,,,,,19249.128869183012,,Censo 2011 (viv. principales) y Censo anual 1-ene-2025 / tamaño medio 2021 (supuesto)
M1_prov,M1prov_48_2012-2025_Censo+Censo anual_MIVAU _sin_0.1,D = Δhogares − altas,2012,2025,1,,,,,26193.208869183014,,Censo 2011 (viv. principales) y Censo anual 1-ene-2025 / tamaño medio 2021 (supuesto)
M1_prov,M1prov_48_2012-2025_Censo+Censo anual_MIVAU _sin_0.2,D = Δhogares − altas,2012,2025,1,,,,,33137.288869183016,,Censo 2011 (viv. principales) y Censo anual 1-ene-2025 / tamaño medio 2021 (supuesto)
M1_prov,M1prov_48_2021-2025_ECP_MIVAU _con_0.0,D = Δhogares − altas,2021,2025,1,,,,,19930.0,,ECP 2021T1-2025T4
M1_prov,M1prov_48_2021-2025_ECP_MIVAU _con_0.1,D = Δhogares − altas,2021,2025,1,,,,,22713.52,,ECP 2021T1-2025T4
M1_prov,M1prov_48_2021-2025_ECP_MIVAU _con_0.2,D = Δhogares − altas,2021,2025,1,,,,,25497.04,,ECP 2021T1-2025T4
M1_prov,M1prov_48_2021-2025_ECP_MIVAU _sin_0.0,D = Δhogares − altas,2021,2025,1,,,,,19930.0,,ECP 2021T1-2025T4
M1_prov,M1prov_48_2021-2025_ECP_MIVAU _sin_0.1,D = Δhogares − altas,2021,2025,1,,,,,22713.52,,ECP 2021T1-2025T4
M1_prov,M1prov_48_2021-2025_ECP_MIVAU _sin_0.2,D = Δhogares − altas,2021,2025,1,,,,,25497.04,,ECP 2021T1-2025T4
M1_prov,M1prov_48_2021-2025_Censo anual_MIVAU _con_0.0,D = Δhogares − altas,2021,2025,1,,,,,5668.128869183012,,Censo anual 1-ene-2021 a 1-ene-2025; hogares = personas/tamaño medio Censo 2021 (supuesto)
M1_prov,M1prov_48_2021-2025_Censo anual_MIVAU _con_0.1,D = Δhogares − altas,2021,2025,1,,,,,7894.944869183013,,Censo anual 1-ene-2021 a 1-ene-2025; hogares = personas/tamaño medio Censo 2021 (supuesto)
M1_prov,M1prov_48_2021-2025_Censo anual_MIVAU _con_0.2,D = Δhogares − altas,2021,2025,1,,,,,10121.760869183014,,Censo anual 1-ene-2021 a 1-ene-2025; hogares = personas/tamaño medio Censo 2021 (supuesto)
M1_prov,M1prov_48_2021-2025_Censo anual_MIVAU _sin_0.0,D = Δhogares − altas,2021,2025,1,,,,,5668.128869183012,,Censo anual 1-ene-2021 a 1-ene-2025; hogares = personas/tamaño medio Censo 2021 (supuesto)
M1_prov,M1prov_48_2021-2025_Censo anual_MIVAU _sin_0.1,D = Δhogares − altas,2021,2025,1,,,,,7894.944869183013,,Censo anual 1-ene-2021 a 1-ene-2025; hogares = personas/tamaño medio Censo 2021 (supuesto)
M1_prov,M1prov_48_2021-2025_Censo anual_MIVAU _sin_0.2,D = Δhogares − altas,2021,2025,1,,,,,10121.760869183014,,Censo anual 1-ene-2021 a 1-ene-2025; hogares = personas/tamaño medio Censo 2021 (supuesto)
M1_prov,M1prov_49_2012-2025_Censo+ECP_MIVAU _con_0.0,D = Δhogares − altas,2012,2025,1,,,,,-2471.0,,Censos 2011-2021 + ECP 2021T4-2025T4
M1_prov,M1prov_49_2012-2025_Censo+ECP_MIVAU _con_0.1,D = Δhogares − altas,2012,2025,1,,,,,-526.75,,Censos 2011-2021 + ECP 2021T4-2025T4
M1_prov,M1prov_49_2012-2025_Censo+ECP_MIVAU _con_0.2,D = Δhogares − altas,2012,2025,1,,,,,1417.5,,Censos 2011-2021 + ECP 2021T4-2025T4
M1_prov,M1prov_49_2012-2025_Censo+ECP_MIVAU _sin_0.0,D = Δhogares − altas,2012,2025,1,,,,,-2471.0,,Censos 2011-2021 + ECP 2021T4-2025T4
M1_prov,M1prov_49_2012-2025_Censo+ECP_MIVAU _sin_0.1,D = Δhogares − altas,2012,2025,1,,,,,-526.75,,Censos 2011-2021 + ECP 2021T4-2025T4
M1_prov,M1prov_49_2012-2025_Censo+ECP_MIVAU _sin_0.2,D = Δhogares − altas,2012,2025,1,,,,,1417.5,,Censos 2011-2021 + ECP 2021T4-2025T4
M1_prov,M1prov_49_2012-2025_Censo+ECP_Catast_incluida_nan,D = Δhogares − altas,2012,2025,1,,,,,-2407.0,,Censos 2011-2021 + ECP 2021T4-2025T4
M1_prov,M1prov_49_2012-2025_Censo+Censo anual_MIVAU _con_0.0,D = Δhogares − altas,2012,2025,1,,,,,-5064.528856441932,,Censo 2011 (viv. principales) y Censo anual 1-ene-2025 / tamaño medio 2021 (supuesto)
M1_prov,M1prov_49_2012-2025_Censo+Censo anual_MIVAU _con_0.1,D = Δhogares − altas,2012,2025,1,,,,,-3259.1538564419316,,Censo 2011 (viv. principales) y Censo anual 1-ene-2025 / tamaño medio 2021 (supuesto)
M1_prov,M1prov_49_2012-2025_Censo+Censo anual_MIVAU _con_0.2,D = Δhogares − altas,2012,2025,1,,,,,-1453.7788564419316,,Censo 2011 (viv. principales) y Censo anual 1-ene-2025 / tamaño medio 2021 (supuesto)
M1_prov,M1prov_49_2012-2025_Censo+Censo anual_MIVAU _sin_0.0,D = Δhogares − altas,2012,2025,1,,,,,-5064.528856441932,,Censo 2011 (viv. principales) y Censo anual 1-ene-2025 / tamaño medio 2021 (supuesto)
M1_prov,M1prov_49_2012-2025_Censo+Censo anual_MIVAU _sin_0.1,D = Δhogares − altas,2012,2025,1,,,,,-3259.1538564419316,,Censo 2011 (viv. principales) y Censo anual 1-ene-2025 / tamaño medio 2021 (supuesto)
M1_prov,M1prov_49_2012-2025_Censo+Censo anual_MIVAU _sin_0.2,D = Δhogares − altas,2012,2025,1,,,,,-1453.7788564419316,,Censo 2011 (viv. principales) y Censo anual 1-ene-2025 / tamaño medio 2021 (supuesto)
M1_prov,M1prov_49_2012-2025_Censo+Censo anual_Catast_incluida_nan,D = Δhogares − altas,2012,2025,1,,,,,-4875.528856441932,,Censo 2011 (viv. principales) y Censo anual 1-ene-2025 / tamaño medio 2021 (supuesto)
M1_prov,M1prov_49_2021-2025_ECP_MIVAU _con_0.0,D = Δhogares − altas,2021,2025,1,,,,,1276.0,,ECP 2021T1-2025T4
M1_prov,M1prov_49_2021-2025_ECP_MIVAU _con_0.1,D = Δhogares − altas,2021,2025,1,,,,,2054.05,,ECP 2021T1-2025T4
M1_prov,M1prov_49_2021-2025_ECP_MIVAU _con_0.2,D = Δhogares − altas,2021,2025,1,,,,,2832.1000000000004,,ECP 2021T1-2025T4
M1_prov,M1prov_49_2021-2025_ECP_MIVAU _sin_0.0,D = Δhogares − altas,2021,2025,1,,,,,1276.0,,ECP 2021T1-2025T4
M1_prov,M1prov_49_2021-2025_ECP_MIVAU _sin_0.1,D = Δhogares − altas,2021,2025,1,,,,,2054.05,,ECP 2021T1-2025T4
M1_prov,M1prov_49_2021-2025_ECP_MIVAU _sin_0.2,D = Δhogares − altas,2021,2025,1,,,,,2832.1000000000004,,ECP 2021T1-2025T4
M1_prov,M1prov_49_2021-2025_ECP_Catast_incluida_nan,D = Δhogares − altas,2021,2025,1,,,,,1708.0,,ECP 2021T1-2025T4
M1_prov,M1prov_49_2021-2025_Censo anual_MIVAU _con_0.0,D = Δhogares − altas,2021,2025,1,,,,,-1618.5288564419316,,Censo anual 1-ene-2021 a 1-ene-2025; hogares = personas/tamaño medio Censo 2021 (supuesto)
M1_prov,M1prov_49_2021-2025_Censo anual_MIVAU _con_0.1,D = Δhogares − altas,2021,2025,1,,,,,-996.0888564419315,,Censo anual 1-ene-2021 a 1-ene-2025; hogares = personas/tamaño medio Censo 2021 (supuesto)
M1_prov,M1prov_49_2021-2025_Censo anual_MIVAU _con_0.2,D = Δhogares − altas,2021,2025,1,,,,,-373.64885644193146,,Censo anual 1-ene-2021 a 1-ene-2025; hogares = personas/tamaño medio Censo 2021 (supuesto)
M1_prov,M1prov_49_2021-2025_Censo anual_MIVAU _sin_0.0,D = Δhogares − altas,2021,2025,1,,,,,-1618.5288564419316,,Censo anual 1-ene-2021 a 1-ene-2025; hogares = personas/tamaño medio Censo 2021 (supuesto)
M1_prov,M1prov_49_2021-2025_Censo anual_MIVAU _sin_0.1,D = Δhogares − altas,2021,2025,1,,,,,-996.0888564419315,,Censo anual 1-ene-2021 a 1-ene-2025; hogares = personas/tamaño medio Censo 2021 (supuesto)
M1_prov,M1prov_49_2021-2025_Censo anual_MIVAU _sin_0.2,D = Δhogares − altas,2021,2025,1,,,,,-373.64885644193146,,Censo anual 1-ene-2021 a 1-ene-2025; hogares = personas/tamaño medio Censo 2021 (supuesto)
M1_prov,M1prov_49_2021-2025_Censo anual_Catast_incluida_nan,D = Δhogares − altas,2021,2025,1,,,,,-1061.5288564419316,,Censo anual 1-ene-2021 a 1-ene-2025; hogares = personas/tamaño medio Censo 2021 (supuesto)
M1_prov,M1prov_50_2012-2025_Censo+ECP_MIVAU _con_0.0,D = Δhogares − altas,2012,2025,1,,,,,18464.0,,Censos 2011-2021 + ECP 2021T4-2025T4
M1_prov,M1prov_50_2012-2025_Censo+ECP_MIVAU _con_0.1,D = Δhogares − altas,2012,2025,1,,,,,25611.42,,Censos 2011-2021 + ECP 2021T4-2025T4
M1_prov,M1prov_50_2012-2025_Censo+ECP_MIVAU _con_0.2,D = Δhogares − altas,2012,2025,1,,,,,32758.84,,Censos 2011-2021 + ECP 2021T4-2025T4
M1_prov,M1prov_50_2012-2025_Censo+ECP_MIVAU _sin_0.0,D = Δhogares − altas,2012,2025,1,,,,,18464.0,,Censos 2011-2021 + ECP 2021T4-2025T4
M1_prov,M1prov_50_2012-2025_Censo+ECP_MIVAU _sin_0.1,D = Δhogares − altas,2012,2025,1,,,,,25611.42,,Censos 2011-2021 + ECP 2021T4-2025T4
M1_prov,M1prov_50_2012-2025_Censo+ECP_MIVAU _sin_0.2,D = Δhogares − altas,2012,2025,1,,,,,32758.84,,Censos 2011-2021 + ECP 2021T4-2025T4
M1_prov,M1prov_50_2012-2025_Censo+ECP_Catast_incluida_nan,D = Δhogares − altas,2012,2025,1,,,,,-5600.0,,Censos 2011-2021 + ECP 2021T4-2025T4
M1_prov,M1prov_50_2012-2025_Censo+Censo anual_MIVAU _con_0.0,D = Δhogares − altas,2012,2025,1,,,,,11827.178653444047,,Censo 2011 (viv. principales) y Censo anual 1-ene-2025 / tamaño medio 2021 (supuesto)
M1_prov,M1prov_50_2012-2025_Censo+Censo anual_MIVAU _con_0.1,D = Δhogares − altas,2012,2025,1,,,,,18464.068653444047,,Censo 2011 (viv. principales) y Censo anual 1-ene-2025 / tamaño medio 2021 (supuesto)
M1_prov,M1prov_50_2012-2025_Censo+Censo anual_MIVAU _con_0.2,D = Δhogares − altas,2012,2025,1,,,,,25100.958653444046,,Censo 2011 (viv. principales) y Censo anual 1-ene-2025 / tamaño medio 2021 (supuesto)
M1_prov,M1prov_50_2012-2025_Censo+Censo anual_MIVAU _sin_0.0,D = Δhogares − altas,2012,2025,1,,,,,11827.178653444047,,Censo 2011 (viv. principales) y Censo anual 1-ene-2025 / tamaño medio 2021 (supuesto)
M1_prov,M1prov_50_2012-2025_Censo+Censo anual_MIVAU _sin_0.1,D = Δhogares − altas,2012,2025,1,,,,,18464.068653444047,,Censo 2011 (viv. principales) y Censo anual 1-ene-2025 / tamaño medio 2021 (supuesto)
M1_prov,M1prov_50_2012-2025_Censo+Censo anual_MIVAU _sin_0.2,D = Δhogares − altas,2012,2025,1,,,,,25100.958653444046,,Censo 2011 (viv. principales) y Censo anual 1-ene-2025 / tamaño medio 2021 (supuesto)
M1_prov,M1prov_50_2012-2025_Censo+Censo anual_Catast_incluida_nan,D = Δhogares − altas,2012,2025,1,,,,,-10606.821346555953,,Censo 2011 (viv. principales) y Censo anual 1-ene-2025 / tamaño medio 2021 (supuesto)
M1_prov,M1prov_50_2021-2025_ECP_MIVAU _con_0.0,D = Δhogares − altas,2021,2025,1,,,,,24546.0,,ECP 2021T1-2025T4
M1_prov,M1prov_50_2021-2025_ECP_MIVAU _con_0.1,D = Δhogares − altas,2021,2025,1,,,,,27264.995,,ECP 2021T1-2025T4
M1_prov,M1prov_50_2021-2025_ECP_MIVAU _con_0.2,D = Δhogares − altas,2021,2025,1,,,,,29983.989999999998,,ECP 2021T1-2025T4
M1_prov,M1prov_50_2021-2025_ECP_MIVAU _sin_0.0,D = Δhogares − altas,2021,2025,1,,,,,24546.0,,ECP 2021T1-2025T4
M1_prov,M1prov_50_2021-2025_ECP_MIVAU _sin_0.1,D = Δhogares − altas,2021,2025,1,,,,,27264.995,,ECP 2021T1-2025T4
M1_prov,M1prov_50_2021-2025_ECP_MIVAU _sin_0.2,D = Δhogares − altas,2021,2025,1,,,,,29983.989999999998,,ECP 2021T1-2025T4
M1_prov,M1prov_50_2021-2025_ECP_Catast_incluida_nan,D = Δhogares − altas,2021,2025,1,,,,,16669.0,,ECP 2021T1-2025T4
M1_prov,M1prov_50_2021-2025_Censo anual_MIVAU _con_0.0,D = Δhogares − altas,2021,2025,1,,,,,10053.178653444047,,Censo anual 1-ene-2021 a 1-ene-2025; hogares = personas/tamaño medio Censo 2021 (supuesto)
M1_prov,M1prov_50_2021-2025_Censo anual_MIVAU _con_0.1,D = Δhogares − altas,2021,2025,1,,,,,12228.374653444047,,Censo anual 1-ene-2021 a 1-ene-2025; hogares = personas/tamaño medio Censo 2021 (supuesto)
M1_prov,M1prov_50_2021-2025_Censo anual_MIVAU _con_0.2,D = Δhogares − altas,2021,2025,1,,,,,14403.570653444047,,Censo anual 1-ene-2021 a 1-ene-2025; hogares = personas/tamaño medio Censo 2021 (supuesto)
M1_prov,M1prov_50_2021-2025_Censo anual_MIVAU _sin_0.0,D = Δhogares − altas,2021,2025,1,,,,,10053.178653444047,,Censo anual 1-ene-2021 a 1-ene-2025; hogares = personas/tamaño medio Censo 2021 (supuesto)
M1_prov,M1prov_50_2021-2025_Censo anual_MIVAU _sin_0.1,D = Δhogares − altas,2021,2025,1,,,,,12228.374653444047,,Censo anual 1-ene-2021 a 1-ene-2025; hogares = personas/tamaño medio Censo 2021 (supuesto)
M1_prov,M1prov_50_2021-2025_Censo anual_MIVAU _sin_0.2,D = Δhogares − altas,2021,2025,1,,,,,14403.570653444047,,Censo anual 1-ene-2021 a 1-ene-2025; hogares = personas/tamaño medio Censo 2021 (supuesto)
M1_prov,M1prov_50_2021-2025_Censo anual_Catast_incluida_nan,D = Δhogares − altas,2021,2025,1,,,,,3806.178653444047,,Censo anual 1-ene-2021 a 1-ene-2025; hogares = personas/tamaño medio Censo 2021 (supuesto)
M1_prov,M1prov_51_2012-2025_Censo+ECP_MIVAU _con_0.0,D = Δhogares − altas,2012,2025,1,,,,,1660.0,,Censos 2011-2021 + ECP 2021T4-2025T4
M1_prov,M1prov_51_2012-2025_Censo+ECP_MIVAU _con_0.1,D = Δhogares − altas,2012,2025,1,,,,,2033.296,,Censos 2011-2021 + ECP 2021T4-2025T4
M1_prov,M1prov_51_2012-2025_Censo+ECP_MIVAU _con_0.2,D = Δhogares − altas,2012,2025,1,,,,,2406.592,,Censos 2011-2021 + ECP 2021T4-2025T4
M1_prov,M1prov_51_2012-2025_Censo+ECP_MIVAU _sin_0.0,D = Δhogares − altas,2012,2025,1,,,,,1660.0,,Censos 2011-2021 + ECP 2021T4-2025T4
M1_prov,M1prov_51_2012-2025_Censo+ECP_MIVAU _sin_0.1,D = Δhogares − altas,2012,2025,1,,,,,2033.296,,Censos 2011-2021 + ECP 2021T4-2025T4
M1_prov,M1prov_51_2012-2025_Censo+ECP_MIVAU _sin_0.2,D = Δhogares − altas,2012,2025,1,,,,,2406.592,,Censos 2011-2021 + ECP 2021T4-2025T4
M1_prov,M1prov_51_2012-2025_Censo+ECP_Catast_incluida_nan,D = Δhogares − altas,2012,2025,1,,,,,-945.0,,Censos 2011-2021 + ECP 2021T4-2025T4
M1_prov,M1prov_51_2012-2025_Censo+Censo anual_MIVAU _con_0.0,D = Δhogares − altas,2012,2025,1,,,,,323.8486041560136,,Censo 2011 (viv. principales) y Censo anual 1-ene-2025 / tamaño medio 2021 (supuesto)
M1_prov,M1prov_51_2012-2025_Censo+Censo anual_MIVAU _con_0.1,D = Δhogares − altas,2012,2025,1,,,,,670.4806041560137,,Censo 2011 (viv. principales) y Censo anual 1-ene-2025 / tamaño medio 2021 (supuesto)
M1_prov,M1prov_51_2012-2025_Censo+Censo anual_MIVAU _con_0.2,D = Δhogares − altas,2012,2025,1,,,,,1017.1126041560136,,Censo 2011 (viv. principales) y Censo anual 1-ene-2025 / tamaño medio 2021 (supuesto)
M1_prov,M1prov_51_2012-2025_Censo+Censo anual_MIVAU _sin_0.0,D = Δhogares − altas,2012,2025,1,,,,,323.8486041560136,,Censo 2011 (viv. principales) y Censo anual 1-ene-2025 / tamaño medio 2021 (supuesto)
M1_prov,M1prov_51_2012-2025_Censo+Censo anual_MIVAU _sin_0.1,D = Δhogares − altas,2012,2025,1,,,,,670.4806041560137,,Censo 2011 (viv. principales) y Censo anual 1-ene-2025 / tamaño medio 2021 (supuesto)
M1_prov,M1prov_51_2012-2025_Censo+Censo anual_MIVAU _sin_0.2,D = Δhogares − altas,2012,2025,1,,,,,1017.1126041560136,,Censo 2011 (viv. principales) y Censo anual 1-ene-2025 / tamaño medio 2021 (supuesto)
M1_prov,M1prov_51_2012-2025_Censo+Censo anual_Catast_incluida_nan,D = Δhogares − altas,2012,2025,1,,,,,-2154.1513958439864,,Censo 2011 (viv. principales) y Censo anual 1-ene-2025 / tamaño medio 2021 (supuesto)
M1_prov,M1prov_51_2021-2025_ECP_MIVAU _con_0.0,D = Δhogares − altas,2021,2025,1,,,,,1238.0,,ECP 2021T1-2025T4
M1_prov,M1prov_51_2021-2025_ECP_MIVAU _con_0.1,D = Δhogares − altas,2021,2025,1,,,,,1379.575,,ECP 2021T1-2025T4
M1_prov,M1prov_51_2021-2025_ECP_MIVAU _con_0.2,D = Δhogares − altas,2021,2025,1,,,,,1521.15,,ECP 2021T1-2025T4
M1_prov,M1prov_51_2021-2025_ECP_MIVAU _sin_0.0,D = Δhogares − altas,2021,2025,1,,,,,1238.0,,ECP 2021T1-2025T4
M1_prov,M1prov_51_2021-2025_ECP_MIVAU _sin_0.1,D = Δhogares − altas,2021,2025,1,,,,,1379.575,,ECP 2021T1-2025T4
M1_prov,M1prov_51_2021-2025_ECP_MIVAU _sin_0.2,D = Δhogares − altas,2021,2025,1,,,,,1521.15,,ECP 2021T1-2025T4
M1_prov,M1prov_51_2021-2025_ECP_Catast_incluida_nan,D = Δhogares − altas,2021,2025,1,,,,,28.0,,ECP 2021T1-2025T4
M1_prov,M1prov_51_2021-2025_Censo anual_MIVAU _con_0.0,D = Δhogares − altas,2021,2025,1,,,,,-152.1513958439864,,Censo anual 1-ene-2021 a 1-ene-2025; hogares = personas/tamaño medio Censo 2021 (supuesto)
M1_prov,M1prov_51_2021-2025_Censo anual_MIVAU _con_0.1,D = Δhogares − altas,2021,2025,1,,,,,-38.89139584398639,,Censo anual 1-ene-2021 a 1-ene-2025; hogares = personas/tamaño medio Censo 2021 (supuesto)
M1_prov,M1prov_51_2021-2025_Censo anual_MIVAU _con_0.2,D = Δhogares − altas,2021,2025,1,,,,,74.36860415601362,,Censo anual 1-ene-2021 a 1-ene-2025; hogares = personas/tamaño medio Censo 2021 (supuesto)
M1_prov,M1prov_51_2021-2025_Censo anual_MIVAU _sin_0.0,D = Δhogares − altas,2021,2025,1,,,,,-152.1513958439864,,Censo anual 1-ene-2021 a 1-ene-2025; hogares = personas/tamaño medio Censo 2021 (supuesto)
M1_prov,M1prov_51_2021-2025_Censo anual_MIVAU _sin_0.1,D = Δhogares − altas,2021,2025,1,,,,,-38.89139584398639,,Censo anual 1-ene-2021 a 1-ene-2025; hogares = personas/tamaño medio Censo 2021 (supuesto)
M1_prov,M1prov_51_2021-2025_Censo anual_MIVAU _sin_0.2,D = Δhogares − altas,2021,2025,1,,,,,74.36860415601362,,Censo anual 1-ene-2021 a 1-ene-2025; hogares = personas/tamaño medio Censo 2021 (supuesto)
M1_prov,M1prov_51_2021-2025_Censo anual_Catast_incluida_nan,D = Δhogares − altas,2021,2025,1,,,,,-1235.1513958439864,,Censo anual 1-ene-2021 a 1-ene-2025; hogares = personas/tamaño medio Censo 2021 (supuesto)
M1_prov,M1prov_52_2012-2025_Censo+ECP_MIVAU _con_0.0,D = Δhogares − altas,2012,2025,1,,,,,2268.0,,Censos 2011-2021 + ECP 2021T4-2025T4
M1_prov,M1prov_52_2012-2025_Censo+ECP_MIVAU _con_0.1,D = Δhogares − altas,2012,2025,1,,,,,2635.444,,Censos 2011-2021 + ECP 2021T4-2025T4
M1_prov,M1prov_52_2012-2025_Censo+ECP_MIVAU _con_0.2,D = Δhogares − altas,2012,2025,1,,,,,3002.888,,Censos 2011-2021 + ECP 2021T4-2025T4
M1_prov,M1prov_52_2012-2025_Censo+ECP_MIVAU _sin_0.0,D = Δhogares − altas,2012,2025,1,,,,,2268.0,,Censos 2011-2021 + ECP 2021T4-2025T4
M1_prov,M1prov_52_2012-2025_Censo+ECP_MIVAU _sin_0.1,D = Δhogares − altas,2012,2025,1,,,,,2635.444,,Censos 2011-2021 + ECP 2021T4-2025T4
M1_prov,M1prov_52_2012-2025_Censo+ECP_MIVAU _sin_0.2,D = Δhogares − altas,2012,2025,1,,,,,3002.888,,Censos 2011-2021 + ECP 2021T4-2025T4
M1_prov,M1prov_52_2012-2025_Censo+ECP_Catast_incluida_nan,D = Δhogares − altas,2012,2025,1,,,,,-1881.0,,Censos 2011-2021 + ECP 2021T4-2025T4
M1_prov,M1prov_52_2012-2025_Censo+Censo anual_MIVAU _con_0.0,D = Δhogares − altas,2012,2025,1,,,,,1050.2380335454,,Censo 2011 (viv. principales) y Censo anual 1-ene-2025 / tamaño medio 2021 (supuesto)
M1_prov,M1prov_52_2012-2025_Censo+Censo anual_MIVAU _con_0.1,D = Δhogares − altas,2012,2025,1,,,,,1391.4360335454,,Censo 2011 (viv. principales) y Censo anual 1-ene-2025 / tamaño medio 2021 (supuesto)
M1_prov,M1prov_52_2012-2025_Censo+Censo anual_MIVAU _con_0.2,D = Δhogares − altas,2012,2025,1,,,,,1732.6340335454001,,Censo 2011 (viv. principales) y Censo anual 1-ene-2025 / tamaño medio 2021 (supuesto)
M1_prov,M1prov_52_2012-2025_Censo+Censo anual_MIVAU _sin_0.0,D = Δhogares − altas,2012,2025,1,,,,,1050.2380335454,,Censo 2011 (viv. principales) y Censo anual 1-ene-2025 / tamaño medio 2021 (supuesto)
M1_prov,M1prov_52_2012-2025_Censo+Censo anual_MIVAU _sin_0.1,D = Δhogares − altas,2012,2025,1,,,,,1391.4360335454,,Censo 2011 (viv. principales) y Censo anual 1-ene-2025 / tamaño medio 2021 (supuesto)
M1_prov,M1prov_52_2012-2025_Censo+Censo anual_MIVAU _sin_0.2,D = Δhogares − altas,2012,2025,1,,,,,1732.6340335454001,,Censo 2011 (viv. principales) y Censo anual 1-ene-2025 / tamaño medio 2021 (supuesto)
M1_prov,M1prov_52_2012-2025_Censo+Censo anual_Catast_incluida_nan,D = Δhogares − altas,2012,2025,1,,,,,-2910.7619664546,,Censo 2011 (viv. principales) y Censo anual 1-ene-2025 / tamaño medio 2021 (supuesto)
M1_prov,M1prov_52_2021-2025_ECP_MIVAU _con_0.0,D = Δhogares − altas,2021,2025,1,,,,,1670.0,,ECP 2021T1-2025T4
M1_prov,M1prov_52_2021-2025_ECP_MIVAU _con_0.1,D = Δhogares − altas,2021,2025,1,,,,,1816.7350000000001,,ECP 2021T1-2025T4
M1_prov,M1prov_52_2021-2025_ECP_MIVAU _con_0.2,D = Δhogares − altas,2021,2025,1,,,,,1963.47,,ECP 2021T1-2025T4
M1_prov,M1prov_52_2021-2025_ECP_MIVAU _sin_0.0,D = Δhogares − altas,2021,2025,1,,,,,1670.0,,ECP 2021T1-2025T4
M1_prov,M1prov_52_2021-2025_ECP_MIVAU _sin_0.1,D = Δhogares − altas,2021,2025,1,,,,,1816.7350000000001,,ECP 2021T1-2025T4
M1_prov,M1prov_52_2021-2025_ECP_MIVAU _sin_0.2,D = Δhogares − altas,2021,2025,1,,,,,1963.47,,ECP 2021T1-2025T4
M1_prov,M1prov_52_2021-2025_ECP_Catast_incluida_nan,D = Δhogares − altas,2021,2025,1,,,,,-181.0,,ECP 2021T1-2025T4
M1_prov,M1prov_52_2021-2025_Censo anual_MIVAU _con_0.0,D = Δhogares − altas,2021,2025,1,,,,,182.23803354539996,,Censo anual 1-ene-2021 a 1-ene-2025; hogares = personas/tamaño medio Censo 2021 (supuesto)
M1_prov,M1prov_52_2021-2025_Censo anual_MIVAU _con_0.1,D = Δhogares − altas,2021,2025,1,,,,,299.6260335454,,Censo anual 1-ene-2021 a 1-ene-2025; hogares = personas/tamaño medio Censo 2021 (supuesto)
M1_prov,M1prov_52_2021-2025_Censo anual_MIVAU _con_0.2,D = Δhogares − altas,2021,2025,1,,,,,417.01403354539997,,Censo anual 1-ene-2021 a 1-ene-2025; hogares = personas/tamaño medio Censo 2021 (supuesto)
M1_prov,M1prov_52_2021-2025_Censo anual_MIVAU _sin_0.0,D = Δhogares − altas,2021,2025,1,,,,,182.23803354539996,,Censo anual 1-ene-2021 a 1-ene-2025; hogares = personas/tamaño medio Censo 2021 (supuesto)
M1_prov,M1prov_52_2021-2025_Censo anual_MIVAU _sin_0.1,D = Δhogares − altas,2021,2025,1,,,,,299.6260335454,,Censo anual 1-ene-2021 a 1-ene-2025; hogares = personas/tamaño medio Censo 2021 (supuesto)
M1_prov,M1prov_52_2021-2025_Censo anual_MIVAU _sin_0.2,D = Δhogares − altas,2021,2025,1,,,,,417.01403354539997,,Censo anual 1-ene-2021 a 1-ene-2025; hogares = personas/tamaño medio Censo 2021 (supuesto)
M1_prov,M1prov_52_2021-2025_Censo anual_Catast_incluida_nan,D = Δhogares − altas,2021,2025,1,,,,,-1480.7619664546,,Censo anual 1-ene-2021 a 1-ene-2025; hogares = personas/tamaño medio Censo 2021 (supuesto)
M1_mun,M1mun_2012-2025,D municipal (Catastro; hogares Censo anual / tamaño 2021),2012,2025,695,,,,,7608.612303789418,,C4 fuente única; suma de municipios >10000 hab
M1_mun,M1mun_2021-2025,D municipal (Catastro; hogares Censo anual / tamaño 2021),2021,2025,703,,,,,254754.9814342886,,C4 fuente única; suma de municipios >10000 hab
