fecha,periodo,serie,valor,unidad,fuente,url,freq,citizen,agedef,age,unit,sex,geo
1998-01-01,1998,A|AD|REACH|TOTAL|NR|T|ES,35.0,Number,Eurostat,https://ec.europa.eu/eurostat/api/dissemination/statistics/1.0/data/migr_imm1ctz?geo=ES&age=TOTAL&sex=T&agedef=REACH,A,AD,REACH,TOTAL,NR,T,ES
1999-01-01,1999,A|AD|REACH|TOTAL|NR|T|ES,39.0,Number,Eurostat,https://ec.europa.eu/eurostat/api/dissemination/statistics/1.0/data/migr_imm1ctz?geo=ES&age=TOTAL&sex=T&agedef=REACH,A,AD,REACH,TOTAL,NR,T,ES
2000-01-01,2000,A|AD|REACH|TOTAL|NR|T|ES,61.0,Number,Eurostat,https://ec.europa.eu/eurostat/api/dissemination/statistics/1.0/data/migr_imm1ctz?geo=ES&age=TOTAL&sex=T&agedef=REACH,A,AD,REACH,TOTAL,NR,T,ES
2001-01-01,2001,A|AD|REACH|TOTAL|NR|T|ES,65.0,Number,Eurostat,https://ec.europa.eu/eurostat/api/dissemination/statistics/1.0/data/migr_imm1ctz?geo=ES&age=TOTAL&sex=T&agedef=REACH,A,AD,REACH,TOTAL,NR,T,ES
2002-01-01,2002,A|AD|REACH|TOTAL|NR|T|ES,64.0,Number,Eurostat,https://ec.europa.eu/eurostat/api/dissemination/statistics/1.0/data/migr_imm1ctz?geo=ES&age=TOTAL&sex=T&agedef=REACH,A,AD,REACH,TOTAL,NR,T,ES
2003-01-01,2003,A|AD|REACH|TOTAL|NR|T|ES,,Number,Eurostat,https://ec.europa.eu/eurostat/api/dissemination/statistics/1.0/data/migr_imm1ctz?geo=ES&age=TOTAL&sex=T&agedef=REACH,A,AD,REACH,TOTAL,NR,T,ES
2004-01-01,2004,A|AD|REACH|TOTAL|NR|T|ES,186.0,Number,Eurostat,https://ec.europa.eu/eurostat/api/dissemination/statistics/1.0/data/migr_imm1ctz?geo=ES&age=TOTAL&sex=T&agedef=REACH,A,AD,REACH,TOTAL,NR,T,ES
2005-01-01,2005,A|AD|REACH|TOTAL|NR|T|ES,227.0,Number,Eurostat,https://ec.europa.eu/eurostat/api/dissemination/statistics/1.0/data/migr_imm1ctz?geo=ES&age=TOTAL&sex=T&agedef=REACH,A,AD,REACH,TOTAL,NR,T,ES
2006-01-01,2006,A|AD|REACH|TOTAL|NR|T|ES,254.0,Number,Eurostat,https://ec.europa.eu/eurostat/api/dissemination/statistics/1.0/data/migr_imm1ctz?geo=ES&age=TOTAL&sex=T&agedef=REACH,A,AD,REACH,TOTAL,NR,T,ES
2007-01-01,2007,A|AD|REACH|TOTAL|NR|T|ES,261.0,Number,Eurostat,https://ec.europa.eu/eurostat/api/dissemination/statistics/1.0/data/migr_imm1ctz?geo=ES&age=TOTAL&sex=T&agedef=REACH,A,AD,REACH,TOTAL,NR,T,ES
1998-01-01,1998,A|AE|REACH|TOTAL|NR|T|ES,1.0,Number,Eurostat,https://ec.europa.eu/eurostat/api/dissemination/statistics/1.0/data/migr_imm1ctz?geo=ES&age=TOTAL&sex=T&agedef=REACH,A,AE,REACH,TOTAL,NR,T,ES
1999-01-01,1999,A|AE|REACH|TOTAL|NR|T|ES,0.0,Number,Eurostat,https://ec.europa.eu/eurostat/api/dissemination/statistics/1.0/data/migr_imm1ctz?geo=ES&age=TOTAL&sex=T&agedef=REACH,A,AE,REACH,TOTAL,NR,T,ES
2000-01-01,2000,A|AE|REACH|TOTAL|NR|T|ES,3.0,Number,Eurostat,https://ec.europa.eu/eurostat/api/dissemination/statistics/1.0/data/migr_imm1ctz?geo=ES&age=TOTAL&sex=T&agedef=REACH,A,AE,REACH,TOTAL,NR,T,ES
2001-01-01,2001,A|AE|REACH|TOTAL|NR|T|ES,0.0,Number,Eurostat,https://ec.europa.eu/eurostat/api/dissemination/statistics/1.0/data/migr_imm1ctz?geo=ES&age=TOTAL&sex=T&agedef=REACH,A,AE,REACH,TOTAL,NR,T,ES
2002-01-01,2002,A|AE|REACH|TOTAL|NR|T|ES,4.0,Number,Eurostat,https://ec.europa.eu/eurostat/api/dissemination/statistics/1.0/data/migr_imm1ctz?geo=ES&age=TOTAL&sex=T&agedef=REACH,A,AE,REACH,TOTAL,NR,T,ES
2003-01-01,2003,A|AE|REACH|TOTAL|NR|T|ES,,Number,Eurostat,https://ec.europa.eu/eurostat/api/dissemination/statistics/1.0/data/migr_imm1ctz?geo=ES&age=TOTAL&sex=T&agedef=REACH,A,AE,REACH,TOTAL,NR,T,ES
2004-01-01,2004,A|AE|REACH|TOTAL|NR|T|ES,1.0,Number,Eurostat,https://ec.europa.eu/eurostat/api/dissemination/statistics/1.0/data/migr_imm1ctz?geo=ES&age=TOTAL&sex=T&agedef=REACH,A,AE,REACH,TOTAL,NR,T,ES
2005-01-01,2005,A|AE|REACH|TOTAL|NR|T|ES,2.0,Number,Eurostat,https://ec.europa.eu/eurostat/api/dissemination/statistics/1.0/data/migr_imm1ctz?geo=ES&age=TOTAL&sex=T&agedef=REACH,A,AE,REACH,TOTAL,NR,T,ES
2006-01-01,2006,A|AE|REACH|TOTAL|NR|T|ES,4.0,Number,Eurostat,https://ec.europa.eu/eurostat/api/dissemination/statistics/1.0/data/migr_imm1ctz?geo=ES&age=TOTAL&sex=T&agedef=REACH,A,AE,REACH,TOTAL,NR,T,ES
2007-01-01,2007,A|AE|REACH|TOTAL|NR|T|ES,2.0,Number,Eurostat,https://ec.europa.eu/eurostat/api/dissemination/statistics/1.0/data/migr_imm1ctz?geo=ES&age=TOTAL&sex=T&agedef=REACH,A,AE,REACH,TOTAL,NR,T,ES
1998-01-01,1998,A|AFR_C|REACH|TOTAL|NR|T|ES,533.0,Number,Eurostat,https://ec.europa.eu/eurostat/api/dissemination/statistics/1.0/data/migr_imm1ctz?geo=ES&age=TOTAL&sex=T&agedef=REACH,A,AFR_C,REACH,TOTAL,NR,T,ES
1999-01-01,1999,A|AFR_C|REACH|TOTAL|NR|T|ES,1087.0,Number,Eurostat,https://ec.europa.eu/eurostat/api/dissemination/statistics/1.0/data/migr_imm1ctz?geo=ES&age=TOTAL&sex=T&agedef=REACH,A,AFR_C,REACH,TOTAL,NR,T,ES
2000-01-01,2000,A|AFR_C|REACH|TOTAL|NR|T|ES,2573.0,Number,Eurostat,https://ec.europa.eu/eurostat/api/dissemination/statistics/1.0/data/migr_imm1ctz?geo=ES&age=TOTAL&sex=T&agedef=REACH,A,AFR_C,REACH,TOTAL,NR,T,ES
2001-01-01,2001,A|AFR_C|REACH|TOTAL|NR|T|ES,1823.0,Number,Eurostat,https://ec.europa.eu/eurostat/api/dissemination/statistics/1.0/data/migr_imm1ctz?geo=ES&age=TOTAL&sex=T&agedef=REACH,A,AFR_C,REACH,TOTAL,NR,T,ES
2002-01-01,2002,A|AFR_C|REACH|TOTAL|NR|T|ES,,Number,Eurostat,https://ec.europa.eu/eurostat/api/dissemination/statistics/1.0/data/migr_imm1ctz?geo=ES&age=TOTAL&sex=T&agedef=REACH,A,AFR_C,REACH,TOTAL,NR,T,ES
2003-01-01,2003,A|AFR_C|REACH|TOTAL|NR|T|ES,,Number,Eurostat,https://ec.europa.eu/eurostat/api/dissemination/statistics/1.0/data/migr_imm1ctz?geo=ES&age=TOTAL&sex=T&agedef=REACH,A,AFR_C,REACH,TOTAL,NR,T,ES
2004-01-01,2004,A|AFR_C|REACH|TOTAL|NR|T|ES,,Number,Eurostat,https://ec.europa.eu/eurostat/api/dissemination/statistics/1.0/data/migr_imm1ctz?geo=ES&age=TOTAL&sex=T&agedef=REACH,A,AFR_C,REACH,TOTAL,NR,T,ES
2005-01-01,2005,A|AFR_C|REACH|TOTAL|NR|T|ES,,Number,Eurostat,https://ec.europa.eu/eurostat/api/dissemination/statistics/1.0/data/migr_imm1ctz?geo=ES&age=TOTAL&sex=T&agedef=REACH,A,AFR_C,REACH,TOTAL,NR,T,ES
2006-01-01,2006,A|AFR_C|REACH|TOTAL|NR|T|ES,,Number,Eurostat,https://ec.europa.eu/eurostat/api/dissemination/statistics/1.0/data/migr_imm1ctz?geo=ES&age=TOTAL&sex=T&agedef=REACH,A,AFR_C,REACH,TOTAL,NR,T,ES
2007-01-01,2007,A|AFR_C|REACH|TOTAL|NR|T|ES,,Number,Eurostat,https://ec.europa.eu/eurostat/api/dissemination/statistics/1.0/data/migr_imm1ctz?geo=ES&age=TOTAL&sex=T&agedef=REACH,A,AFR_C,REACH,TOTAL,NR,T,ES
2008-01-01,2008,A|AFR_C|REACH|TOTAL|NR|T|ES,3513.0,Number,Eurostat,https://ec.europa.eu/eurostat/api/dissemination/statistics/1.0/data/migr_imm1ctz?geo=ES&age=TOTAL&sex=T&agedef=REACH,A,AFR_C,REACH,TOTAL,NR,T,ES
2009-01-01,2009,A|AFR_C|REACH|TOTAL|NR|T|ES,2505.0,Number,Eurostat,https://ec.europa.eu/eurostat/api/dissemination/statistics/1.0/data/migr_imm1ctz?geo=ES&age=TOTAL&sex=T&agedef=REACH,A,AFR_C,REACH,TOTAL,NR,T,ES
2010-01-01,2010,A|AFR_C|REACH|TOTAL|NR|T|ES,2194.0,Number,Eurostat,https://ec.europa.eu/eurostat/api/dissemination/statistics/1.0/data/migr_imm1ctz?geo=ES&age=TOTAL&sex=T&agedef=REACH,A,AFR_C,REACH,TOTAL,NR,T,ES
2011-01-01,2011,A|AFR_C|REACH|TOTAL|NR|T|ES,2051.0,Number,Eurostat,https://ec.europa.eu/eurostat/api/dissemination/statistics/1.0/data/migr_imm1ctz?geo=ES&age=TOTAL&sex=T&agedef=REACH,A,AFR_C,REACH,TOTAL,NR,T,ES
2012-01-01,2012,A|AFR_C|REACH|TOTAL|NR|T|ES,1980.0,Number,Eurostat,https://ec.europa.eu/eurostat/api/dissemination/statistics/1.0/data/migr_imm1ctz?geo=ES&age=TOTAL&sex=T&agedef=REACH,A,AFR_C,REACH,TOTAL,NR,T,ES
2013-01-01,2013,A|AFR_C|REACH|TOTAL|NR|T|ES,1935.0,Number,Eurostat,https://ec.europa.eu/eurostat/api/dissemination/statistics/1.0/data/migr_imm1ctz?geo=ES&age=TOTAL&sex=T&agedef=REACH,A,AFR_C,REACH,TOTAL,NR,T,ES
2014-01-01,2014,A|AFR_C|REACH|TOTAL|NR|T|ES,2103.0,Number,Eurostat,https://ec.europa.eu/eurostat/api/dissemination/statistics/1.0/data/migr_imm1ctz?geo=ES&age=TOTAL&sex=T&agedef=REACH,A,AFR_C,REACH,TOTAL,NR,T,ES
2015-01-01,2015,A|AFR_C|REACH|TOTAL|NR|T|ES,,Number,Eurostat,https://ec.europa.eu/eurostat/api/dissemination/statistics/1.0/data/migr_imm1ctz?geo=ES&age=TOTAL&sex=T&agedef=REACH,A,AFR_C,REACH,TOTAL,NR,T,ES
2016-01-01,2016,A|AFR_C|REACH|TOTAL|NR|T|ES,1691.0,Number,Eurostat,https://ec.europa.eu/eurostat/api/dissemination/statistics/1.0/data/migr_imm1ctz?geo=ES&age=TOTAL&sex=T&agedef=REACH,A,AFR_C,REACH,TOTAL,NR,T,ES
1998-01-01,1998,A|AFR_E|REACH|TOTAL|NR|T|ES,84.0,Number,Eurostat,https://ec.europa.eu/eurostat/api/dissemination/statistics/1.0/data/migr_imm1ctz?geo=ES&age=TOTAL&sex=T&agedef=REACH,A,AFR_E,REACH,TOTAL,NR,T,ES
1999-01-01,1999,A|AFR_E|REACH|TOTAL|NR|T|ES,133.0,Number,Eurostat,https://ec.europa.eu/eurostat/api/dissemination/statistics/1.0/data/migr_imm1ctz?geo=ES&age=TOTAL&sex=T&agedef=REACH,A,AFR_E,REACH,TOTAL,NR,T,ES
2000-01-01,2000,A|AFR_E|REACH|TOTAL|NR|T|ES,321.0,Number,Eurostat,https://ec.europa.eu/eurostat/api/dissemination/statistics/1.0/data/migr_imm1ctz?geo=ES&age=TOTAL&sex=T&agedef=REACH,A,AFR_E,REACH,TOTAL,NR,T,ES
2001-01-01,2001,A|AFR_E|REACH|TOTAL|NR|T|ES,254.0,Number,Eurostat,https://ec.europa.eu/eurostat/api/dissemination/statistics/1.0/data/migr_imm1ctz?geo=ES&age=TOTAL&sex=T&agedef=REACH,A,AFR_E,REACH,TOTAL,NR,T,ES
2002-01-01,2002,A|AFR_E|REACH|TOTAL|NR|T|ES,,Number,Eurostat,https://ec.europa.eu/eurostat/api/dissemination/statistics/1.0/data/migr_imm1ctz?geo=ES&age=TOTAL&sex=T&agedef=REACH,A,AFR_E,REACH,TOTAL,NR,T,ES
2003-01-01,2003,A|AFR_E|REACH|TOTAL|NR|T|ES,,Number,Eurostat,https://ec.europa.eu/eurostat/api/dissemination/statistics/1.0/data/migr_imm1ctz?geo=ES&age=TOTAL&sex=T&agedef=REACH,A,AFR_E,REACH,TOTAL,NR,T,ES
2004-01-01,2004,A|AFR_E|REACH|TOTAL|NR|T|ES,,Number,Eurostat,https://ec.europa.eu/eurostat/api/dissemination/statistics/1.0/data/migr_imm1ctz?geo=ES&age=TOTAL&sex=T&agedef=REACH,A,AFR_E,REACH,TOTAL,NR,T,ES
2005-01-01,2005,A|AFR_E|REACH|TOTAL|NR|T|ES,,Number,Eurostat,https://ec.europa.eu/eurostat/api/dissemination/statistics/1.0/data/migr_imm1ctz?geo=ES&age=TOTAL&sex=T&agedef=REACH,A,AFR_E,REACH,TOTAL,NR,T,ES
2006-01-01,2006,A|AFR_E|REACH|TOTAL|NR|T|ES,,Number,Eurostat,https://ec.europa.eu/eurostat/api/dissemination/statistics/1.0/data/migr_imm1ctz?geo=ES&age=TOTAL&sex=T&agedef=REACH,A,AFR_E,REACH,TOTAL,NR,T,ES
2007-01-01,2007,A|AFR_E|REACH|TOTAL|NR|T|ES,,Number,Eurostat,https://ec.europa.eu/eurostat/api/dissemination/statistics/1.0/data/migr_imm1ctz?geo=ES&age=TOTAL&sex=T&agedef=REACH,A,AFR_E,REACH,TOTAL,NR,T,ES
2008-01-01,2008,A|AFR_E|REACH|TOTAL|NR|T|ES,739.0,Number,Eurostat,https://ec.europa.eu/eurostat/api/dissemination/statistics/1.0/data/migr_imm1ctz?geo=ES&age=TOTAL&sex=T&agedef=REACH,A,AFR_E,REACH,TOTAL,NR,T,ES
2009-01-01,2009,A|AFR_E|REACH|TOTAL|NR|T|ES,756.0,Number,Eurostat,https://ec.europa.eu/eurostat/api/dissemination/statistics/1.0/data/migr_imm1ctz?geo=ES&age=TOTAL&sex=T&agedef=REACH,A,AFR_E,REACH,TOTAL,NR,T,ES
2010-01-01,2010,A|AFR_E|REACH|TOTAL|NR|T|ES,587.0,Number,Eurostat,https://ec.europa.eu/eurostat/api/dissemination/statistics/1.0/data/migr_imm1ctz?geo=ES&age=TOTAL&sex=T&agedef=REACH,A,AFR_E,REACH,TOTAL,NR,T,ES
2011-01-01,2011,A|AFR_E|REACH|TOTAL|NR|T|ES,570.0,Number,Eurostat,https://ec.europa.eu/eurostat/api/dissemination/statistics/1.0/data/migr_imm1ctz?geo=ES&age=TOTAL&sex=T&agedef=REACH,A,AFR_E,REACH,TOTAL,NR,T,ES
2012-01-01,2012,A|AFR_E|REACH|TOTAL|NR|T|ES,525.0,Number,Eurostat,https://ec.europa.eu/eurostat/api/dissemination/statistics/1.0/data/migr_imm1ctz?geo=ES&age=TOTAL&sex=T&agedef=REACH,A,AFR_E,REACH,TOTAL,NR,T,ES
2013-01-01,2013,A|AFR_E|REACH|TOTAL|NR|T|ES,457.0,Number,Eurostat,https://ec.europa.eu/eurostat/api/dissemination/statistics/1.0/data/migr_imm1ctz?geo=ES&age=TOTAL&sex=T&agedef=REACH,A,AFR_E,REACH,TOTAL,NR,T,ES
2014-01-01,2014,A|AFR_E|REACH|TOTAL|NR|T|ES,393.0,Number,Eurostat,https://ec.europa.eu/eurostat/api/dissemination/statistics/1.0/data/migr_imm1ctz?geo=ES&age=TOTAL&sex=T&agedef=REACH,A,AFR_E,REACH,TOTAL,NR,T,ES
1998-01-01,1998,A|AFR_N|REACH|TOTAL|NR|T|ES,11314.0,Number,Eurostat,https://ec.europa.eu/eurostat/api/dissemination/statistics/1.0/data/migr_imm1ctz?geo=ES&age=TOTAL&sex=T&agedef=REACH,A,AFR_N,REACH,TOTAL,NR,T,ES
1999-01-01,1999,A|AFR_N|REACH|TOTAL|NR|T|ES,16216.0,Number,Eurostat,https://ec.europa.eu/eurostat/api/dissemination/statistics/1.0/data/migr_imm1ctz?geo=ES&age=TOTAL&sex=T&agedef=REACH,A,AFR_N,REACH,TOTAL,NR,T,ES
2000-01-01,2000,A|AFR_N|REACH|TOTAL|NR|T|ES,42583.0,Number,Eurostat,https://ec.europa.eu/eurostat/api/dissemination/statistics/1.0/data/migr_imm1ctz?geo=ES&age=TOTAL&sex=T&agedef=REACH,A,AFR_N,REACH,TOTAL,NR,T,ES
2001-01-01,2001,A|AFR_N|REACH|TOTAL|NR|T|ES,45215.0,Number,Eurostat,https://ec.europa.eu/eurostat/api/dissemination/statistics/1.0/data/migr_imm1ctz?geo=ES&age=TOTAL&sex=T&agedef=REACH,A,AFR_N,REACH,TOTAL,NR,T,ES
2002-01-01,2002,A|AFR_N|REACH|TOTAL|NR|T|ES,,Number,Eurostat,https://ec.europa.eu/eurostat/api/dissemination/statistics/1.0/data/migr_imm1ctz?geo=ES&age=TOTAL&sex=T&agedef=REACH,A,AFR_N,REACH,TOTAL,NR,T,ES
2003-01-01,2003,A|AFR_N|REACH|TOTAL|NR|T|ES,,Number,Eurostat,https://ec.europa.eu/eurostat/api/dissemination/statistics/1.0/data/migr_imm1ctz?geo=ES&age=TOTAL&sex=T&agedef=REACH,A,AFR_N,REACH,TOTAL,NR,T,ES
2004-01-01,2004,A|AFR_N|REACH|TOTAL|NR|T|ES,,Number,Eurostat,https://ec.europa.eu/eurostat/api/dissemination/statistics/1.0/data/migr_imm1ctz?geo=ES&age=TOTAL&sex=T&agedef=REACH,A,AFR_N,REACH,TOTAL,NR,T,ES
2005-01-01,2005,A|AFR_N|REACH|TOTAL|NR|T|ES,,Number,Eurostat,https://ec.europa.eu/eurostat/api/dissemination/statistics/1.0/data/migr_imm1ctz?geo=ES&age=TOTAL&sex=T&agedef=REACH,A,AFR_N,REACH,TOTAL,NR,T,ES
2006-01-01,2006,A|AFR_N|REACH|TOTAL|NR|T|ES,,Number,Eurostat,https://ec.europa.eu/eurostat/api/dissemination/statistics/1.0/data/migr_imm1ctz?geo=ES&age=TOTAL&sex=T&agedef=REACH,A,AFR_N,REACH,TOTAL,NR,T,ES
2007-01-01,2007,A|AFR_N|REACH|TOTAL|NR|T|ES,,Number,Eurostat,https://ec.europa.eu/eurostat/api/dissemination/statistics/1.0/data/migr_imm1ctz?geo=ES&age=TOTAL&sex=T&agedef=REACH,A,AFR_N,REACH,TOTAL,NR,T,ES
2008-01-01,2008,A|AFR_N|REACH|TOTAL|NR|T|ES,78039.0,Number,Eurostat,https://ec.europa.eu/eurostat/api/dissemination/statistics/1.0/data/migr_imm1ctz?geo=ES&age=TOTAL&sex=T&agedef=REACH,A,AFR_N,REACH,TOTAL,NR,T,ES
2009-01-01,2009,A|AFR_N|REACH|TOTAL|NR|T|ES,48059.0,Number,Eurostat,https://ec.europa.eu/eurostat/api/dissemination/statistics/1.0/data/migr_imm1ctz?geo=ES&age=TOTAL&sex=T&agedef=REACH,A,AFR_N,REACH,TOTAL,NR,T,ES
2010-01-01,2010,A|AFR_N|REACH|TOTAL|NR|T|ES,34474.0,Number,Eurostat,https://ec.europa.eu/eurostat/api/dissemination/statistics/1.0/data/migr_imm1ctz?geo=ES&age=TOTAL&sex=T&agedef=REACH,A,AFR_N,REACH,TOTAL,NR,T,ES
2011-01-01,2011,A|AFR_N|REACH|TOTAL|NR|T|ES,32935.0,Number,Eurostat,https://ec.europa.eu/eurostat/api/dissemination/statistics/1.0/data/migr_imm1ctz?geo=ES&age=TOTAL&sex=T&agedef=REACH,A,AFR_N,REACH,TOTAL,NR,T,ES
2012-01-01,2012,A|AFR_N|REACH|TOTAL|NR|T|ES,27742.0,Number,Eurostat,https://ec.europa.eu/eurostat/api/dissemination/statistics/1.0/data/migr_imm1ctz?geo=ES&age=TOTAL&sex=T&agedef=REACH,A,AFR_N,REACH,TOTAL,NR,T,ES
2013-01-01,2013,A|AFR_N|REACH|TOTAL|NR|T|ES,26150.0,Number,Eurostat,https://ec.europa.eu/eurostat/api/dissemination/statistics/1.0/data/migr_imm1ctz?geo=ES&age=TOTAL&sex=T&agedef=REACH,A,AFR_N,REACH,TOTAL,NR,T,ES
2014-01-01,2014,A|AFR_N|REACH|TOTAL|NR|T|ES,25627.0,Number,Eurostat,https://ec.europa.eu/eurostat/api/dissemination/statistics/1.0/data/migr_imm1ctz?geo=ES&age=TOTAL&sex=T&agedef=REACH,A,AFR_N,REACH,TOTAL,NR,T,ES
2015-01-01,2015,A|AFR_N|REACH|TOTAL|NR|T|ES,,Number,Eurostat,https://ec.europa.eu/eurostat/api/dissemination/statistics/1.0/data/migr_imm1ctz?geo=ES&age=TOTAL&sex=T&agedef=REACH,A,AFR_N,REACH,TOTAL,NR,T,ES
2016-01-01,2016,A|AFR_N|REACH|TOTAL|NR|T|ES,34147.0,Number,Eurostat,https://ec.europa.eu/eurostat/api/dissemination/statistics/1.0/data/migr_imm1ctz?geo=ES&age=TOTAL&sex=T&agedef=REACH,A,AFR_N,REACH,TOTAL,NR,T,ES
1998-01-01,1998,A|AFR_OTH|REACH|TOTAL|NR|T|ES,2.0,Number,Eurostat,https://ec.europa.eu/eurostat/api/dissemination/statistics/1.0/data/migr_imm1ctz?geo=ES&age=TOTAL&sex=T&agedef=REACH,A,AFR_OTH,REACH,TOTAL,NR,T,ES
1999-01-01,1999,A|AFR_OTH|REACH|TOTAL|NR|T|ES,3.0,Number,Eurostat,https://ec.europa.eu/eurostat/api/dissemination/statistics/1.0/data/migr_imm1ctz?geo=ES&age=TOTAL&sex=T&agedef=REACH,A,AFR_OTH,REACH,TOTAL,NR,T,ES
2000-01-01,2000,A|AFR_OTH|REACH|TOTAL|NR|T|ES,0.0,Number,Eurostat,https://ec.europa.eu/eurostat/api/dissemination/statistics/1.0/data/migr_imm1ctz?geo=ES&age=TOTAL&sex=T&agedef=REACH,A,AFR_OTH,REACH,TOTAL,NR,T,ES
2001-01-01,2001,A|AFR_OTH|REACH|TOTAL|NR|T|ES,0.0,Number,Eurostat,https://ec.europa.eu/eurostat/api/dissemination/statistics/1.0/data/migr_imm1ctz?geo=ES&age=TOTAL&sex=T&agedef=REACH,A,AFR_OTH,REACH,TOTAL,NR,T,ES
2002-01-01,2002,A|AFR_OTH|REACH|TOTAL|NR|T|ES,,Number,Eurostat,https://ec.europa.eu/eurostat/api/dissemination/statistics/1.0/data/migr_imm1ctz?geo=ES&age=TOTAL&sex=T&agedef=REACH,A,AFR_OTH,REACH,TOTAL,NR,T,ES
2003-01-01,2003,A|AFR_OTH|REACH|TOTAL|NR|T|ES,,Number,Eurostat,https://ec.europa.eu/eurostat/api/dissemination/statistics/1.0/data/migr_imm1ctz?geo=ES&age=TOTAL&sex=T&agedef=REACH,A,AFR_OTH,REACH,TOTAL,NR,T,ES
2004-01-01,2004,A|AFR_OTH|REACH|TOTAL|NR|T|ES,44.0,Number,Eurostat,https://ec.europa.eu/eurostat/api/dissemination/statistics/1.0/data/migr_imm1ctz?geo=ES&age=TOTAL&sex=T&agedef=REACH,A,AFR_OTH,REACH,TOTAL,NR,T,ES
2005-01-01,2005,A|AFR_OTH|REACH|TOTAL|NR|T|ES,24.0,Number,Eurostat,https://ec.europa.eu/eurostat/api/dissemination/statistics/1.0/data/migr_imm1ctz?geo=ES&age=TOTAL&sex=T&agedef=REACH,A,AFR_OTH,REACH,TOTAL,NR,T,ES
2006-01-01,2006,A|AFR_OTH|REACH|TOTAL|NR|T|ES,11.0,Number,Eurostat,https://ec.europa.eu/eurostat/api/dissemination/statistics/1.0/data/migr_imm1ctz?geo=ES&age=TOTAL&sex=T&agedef=REACH,A,AFR_OTH,REACH,TOTAL,NR,T,ES
2007-01-01,2007,A|AFR_OTH|REACH|TOTAL|NR|T|ES,15.0,Number,Eurostat,https://ec.europa.eu/eurostat/api/dissemination/statistics/1.0/data/migr_imm1ctz?geo=ES&age=TOTAL&sex=T&agedef=REACH,A,AFR_OTH,REACH,TOTAL,NR,T,ES
1998-01-01,1998,A|AFR_S|REACH|TOTAL|NR|T|ES,35.0,Number,Eurostat,https://ec.europa.eu/eurostat/api/dissemination/statistics/1.0/data/migr_imm1ctz?geo=ES&age=TOTAL&sex=T&agedef=REACH,A,AFR_S,REACH,TOTAL,NR,T,ES
1999-01-01,1999,A|AFR_S|REACH|TOTAL|NR|T|ES,42.0,Number,Eurostat,https://ec.europa.eu/eurostat/api/dissemination/statistics/1.0/data/migr_imm1ctz?geo=ES&age=TOTAL&sex=T&agedef=REACH,A,AFR_S,REACH,TOTAL,NR,T,ES
2000-01-01,2000,A|AFR_S|REACH|TOTAL|NR|T|ES,60.0,Number,Eurostat,https://ec.europa.eu/eurostat/api/dissemination/statistics/1.0/data/migr_imm1ctz?geo=ES&age=TOTAL&sex=T&agedef=REACH,A,AFR_S,REACH,TOTAL,NR,T,ES
2001-01-01,2001,A|AFR_S|REACH|TOTAL|NR|T|ES,73.0,Number,Eurostat,https://ec.europa.eu/eurostat/api/dissemination/statistics/1.0/data/migr_imm1ctz?geo=ES&age=TOTAL&sex=T&agedef=REACH,A,AFR_S,REACH,TOTAL,NR,T,ES
2002-01-01,2002,A|AFR_S|REACH|TOTAL|NR|T|ES,,Number,Eurostat,https://ec.europa.eu/eurostat/api/dissemination/statistics/1.0/data/migr_imm1ctz?geo=ES&age=TOTAL&sex=T&agedef=REACH,A,AFR_S,REACH,TOTAL,NR,T,ES
2003-01-01,2003,A|AFR_S|REACH|TOTAL|NR|T|ES,,Number,Eurostat,https://ec.europa.eu/eurostat/api/dissemination/statistics/1.0/data/migr_imm1ctz?geo=ES&age=TOTAL&sex=T&agedef=REACH,A,AFR_S,REACH,TOTAL,NR,T,ES
2004-01-01,2004,A|AFR_S|REACH|TOTAL|NR|T|ES,,Number,Eurostat,https://ec.europa.eu/eurostat/api/dissemination/statistics/1.0/data/migr_imm1ctz?geo=ES&age=TOTAL&sex=T&agedef=REACH,A,AFR_S,REACH,TOTAL,NR,T,ES
2005-01-01,2005,A|AFR_S|REACH|TOTAL|NR|T|ES,,Number,Eurostat,https://ec.europa.eu/eurostat/api/dissemination/statistics/1.0/data/migr_imm1ctz?geo=ES&age=TOTAL&sex=T&agedef=REACH,A,AFR_S,REACH,TOTAL,NR,T,ES
2006-01-01,2006,A|AFR_S|REACH|TOTAL|NR|T|ES,,Number,Eurostat,https://ec.europa.eu/eurostat/api/dissemination/statistics/1.0/data/migr_imm1ctz?geo=ES&age=TOTAL&sex=T&agedef=REACH,A,AFR_S,REACH,TOTAL,NR,T,ES
2007-01-01,2007,A|AFR_S|REACH|TOTAL|NR|T|ES,,Number,Eurostat,https://ec.europa.eu/eurostat/api/dissemination/statistics/1.0/data/migr_imm1ctz?geo=ES&age=TOTAL&sex=T&agedef=REACH,A,AFR_S,REACH,TOTAL,NR,T,ES
2008-01-01,2008,A|AFR_S|REACH|TOTAL|NR|T|ES,142.0,Number,Eurostat,https://ec.europa.eu/eurostat/api/dissemination/statistics/1.0/data/migr_imm1ctz?geo=ES&age=TOTAL&sex=T&agedef=REACH,A,AFR_S,REACH,TOTAL,NR,T,ES
2009-01-01,2009,A|AFR_S|REACH|TOTAL|NR|T|ES,94.0,Number,Eurostat,https://ec.europa.eu/eurostat/api/dissemination/statistics/1.0/data/migr_imm1ctz?geo=ES&age=TOTAL&sex=T&agedef=REACH,A,AFR_S,REACH,TOTAL,NR,T,ES
2010-01-01,2010,A|AFR_S|REACH|TOTAL|NR|T|ES,109.0,Number,Eurostat,https://ec.europa.eu/eurostat/api/dissemination/statistics/1.0/data/migr_imm1ctz?geo=ES&age=TOTAL&sex=T&agedef=REACH,A,AFR_S,REACH,TOTAL,NR,T,ES
2011-01-01,2011,A|AFR_S|REACH|TOTAL|NR|T|ES,170.0,Number,Eurostat,https://ec.europa.eu/eurostat/api/dissemination/statistics/1.0/data/migr_imm1ctz?geo=ES&age=TOTAL&sex=T&agedef=REACH,A,AFR_S,REACH,TOTAL,NR,T,ES
2012-01-01,2012,A|AFR_S|REACH|TOTAL|NR|T|ES,173.0,Number,Eurostat,https://ec.europa.eu/eurostat/api/dissemination/statistics/1.0/data/migr_imm1ctz?geo=ES&age=TOTAL&sex=T&agedef=REACH,A,AFR_S,REACH,TOTAL,NR,T,ES
2013-01-01,2013,A|AFR_S|REACH|TOTAL|NR|T|ES,177.0,Number,Eurostat,https://ec.europa.eu/eurostat/api/dissemination/statistics/1.0/data/migr_imm1ctz?geo=ES&age=TOTAL&sex=T&agedef=REACH,A,AFR_S,REACH,TOTAL,NR,T,ES
2014-01-01,2014,A|AFR_S|REACH|TOTAL|NR|T|ES,161.0,Number,Eurostat,https://ec.europa.eu/eurostat/api/dissemination/statistics/1.0/data/migr_imm1ctz?geo=ES&age=TOTAL&sex=T&agedef=REACH,A,AFR_S,REACH,TOTAL,NR,T,ES
1998-01-01,1998,A|AFR_W|REACH|TOTAL|NR|T|ES,1174.0,Number,Eurostat,https://ec.europa.eu/eurostat/api/dissemination/statistics/1.0/data/migr_imm1ctz?geo=ES&age=TOTAL&sex=T&agedef=REACH,A,AFR_W,REACH,TOTAL,NR,T,ES
1999-01-01,1999,A|AFR_W|REACH|TOTAL|NR|T|ES,2865.0,Number,Eurostat,https://ec.europa.eu/eurostat/api/dissemination/statistics/1.0/data/migr_imm1ctz?geo=ES&age=TOTAL&sex=T&agedef=REACH,A,AFR_W,REACH,TOTAL,NR,T,ES
2000-01-01,2000,A|AFR_W|REACH|TOTAL|NR|T|ES,9051.0,Number,Eurostat,https://ec.europa.eu/eurostat/api/dissemination/statistics/1.0/data/migr_imm1ctz?geo=ES&age=TOTAL&sex=T&agedef=REACH,A,AFR_W,REACH,TOTAL,NR,T,ES
2001-01-01,2001,A|AFR_W|REACH|TOTAL|NR|T|ES,8823.0,Number,Eurostat,https://ec.europa.eu/eurostat/api/dissemination/statistics/1.0/data/migr_imm1ctz?geo=ES&age=TOTAL&sex=T&agedef=REACH,A,AFR_W,REACH,TOTAL,NR,T,ES
2002-01-01,2002,A|AFR_W|REACH|TOTAL|NR|T|ES,,Number,Eurostat,https://ec.europa.eu/eurostat/api/dissemination/statistics/1.0/data/migr_imm1ctz?geo=ES&age=TOTAL&sex=T&agedef=REACH,A,AFR_W,REACH,TOTAL,NR,T,ES
2003-01-01,2003,A|AFR_W|REACH|TOTAL|NR|T|ES,,Number,Eurostat,https://ec.europa.eu/eurostat/api/dissemination/statistics/1.0/data/migr_imm1ctz?geo=ES&age=TOTAL&sex=T&agedef=REACH,A,AFR_W,REACH,TOTAL,NR,T,ES
2004-01-01,2004,A|AFR_W|REACH|TOTAL|NR|T|ES,,Number,Eurostat,https://ec.europa.eu/eurostat/api/dissemination/statistics/1.0/data/migr_imm1ctz?geo=ES&age=TOTAL&sex=T&agedef=REACH,A,AFR_W,REACH,TOTAL,NR,T,ES
2005-01-01,2005,A|AFR_W|REACH|TOTAL|NR|T|ES,,Number,Eurostat,https://ec.europa.eu/eurostat/api/dissemination/statistics/1.0/data/migr_imm1ctz?geo=ES&age=TOTAL&sex=T&agedef=REACH,A,AFR_W,REACH,TOTAL,NR,T,ES
2006-01-01,2006,A|AFR_W|REACH|TOTAL|NR|T|ES,,Number,Eurostat,https://ec.europa.eu/eurostat/api/dissemination/statistics/1.0/data/migr_imm1ctz?geo=ES&age=TOTAL&sex=T&agedef=REACH,A,AFR_W,REACH,TOTAL,NR,T,ES
2007-01-01,2007,A|AFR_W|REACH|TOTAL|NR|T|ES,,Number,Eurostat,https://ec.europa.eu/eurostat/api/dissemination/statistics/1.0/data/migr_imm1ctz?geo=ES&age=TOTAL&sex=T&agedef=REACH,A,AFR_W,REACH,TOTAL,NR,T,ES
2008-01-01,2008,A|AFR_W|REACH|TOTAL|NR|T|ES,28952.0,Number,Eurostat,https://ec.europa.eu/eurostat/api/dissemination/statistics/1.0/data/migr_imm1ctz?geo=ES&age=TOTAL&sex=T&agedef=REACH,A,AFR_W,REACH,TOTAL,NR,T,ES
2009-01-01,2009,A|AFR_W|REACH|TOTAL|NR|T|ES,19008.0,Number,Eurostat,https://ec.europa.eu/eurostat/api/dissemination/statistics/1.0/data/migr_imm1ctz?geo=ES&age=TOTAL&sex=T&agedef=REACH,A,AFR_W,REACH,TOTAL,NR,T,ES
2010-01-01,2010,A|AFR_W|REACH|TOTAL|NR|T|ES,12870.0,Number,Eurostat,https://ec.europa.eu/eurostat/api/dissemination/statistics/1.0/data/migr_imm1ctz?geo=ES&age=TOTAL&sex=T&agedef=REACH,A,AFR_W,REACH,TOTAL,NR,T,ES
2011-01-01,2011,A|AFR_W|REACH|TOTAL|NR|T|ES,12102.0,Number,Eurostat,https://ec.europa.eu/eurostat/api/dissemination/statistics/1.0/data/migr_imm1ctz?geo=ES&age=TOTAL&sex=T&agedef=REACH,A,AFR_W,REACH,TOTAL,NR,T,ES
2012-01-01,2012,A|AFR_W|REACH|TOTAL|NR|T|ES,10321.0,Number,Eurostat,https://ec.europa.eu/eurostat/api/dissemination/statistics/1.0/data/migr_imm1ctz?geo=ES&age=TOTAL&sex=T&agedef=REACH,A,AFR_W,REACH,TOTAL,NR,T,ES
2013-01-01,2013,A|AFR_W|REACH|TOTAL|NR|T|ES,10092.0,Number,Eurostat,https://ec.europa.eu/eurostat/api/dissemination/statistics/1.0/data/migr_imm1ctz?geo=ES&age=TOTAL&sex=T&agedef=REACH,A,AFR_W,REACH,TOTAL,NR,T,ES
2014-01-01,2014,A|AFR_W|REACH|TOTAL|NR|T|ES,9681.0,Number,Eurostat,https://ec.europa.eu/eurostat/api/dissemination/statistics/1.0/data/migr_imm1ctz?geo=ES&age=TOTAL&sex=T&agedef=REACH,A,AFR_W,REACH,TOTAL,NR,T,ES
2015-01-01,2015,A|AFR_W|REACH|TOTAL|NR|T|ES,,Number,Eurostat,https://ec.europa.eu/eurostat/api/dissemination/statistics/1.0/data/migr_imm1ctz?geo=ES&age=TOTAL&sex=T&agedef=REACH,A,AFR_W,REACH,TOTAL,NR,T,ES
2016-01-01,2016,A|AFR_W|REACH|TOTAL|NR|T|ES,10058.0,Number,Eurostat,https://ec.europa.eu/eurostat/api/dissemination/statistics/1.0/data/migr_imm1ctz?geo=ES&age=TOTAL&sex=T&agedef=REACH,A,AFR_W,REACH,TOTAL,NR,T,ES
1998-01-01,1998,A|AFR|REACH|TOTAL|NR|T|ES,13142.0,Number,Eurostat,https://ec.europa.eu/eurostat/api/dissemination/statistics/1.0/data/migr_imm1ctz?geo=ES&age=TOTAL&sex=T&agedef=REACH,A,AFR,REACH,TOTAL,NR,T,ES
1999-01-01,1999,A|AFR|REACH|TOTAL|NR|T|ES,20346.0,Number,Eurostat,https://ec.europa.eu/eurostat/api/dissemination/statistics/1.0/data/migr_imm1ctz?geo=ES&age=TOTAL&sex=T&agedef=REACH,A,AFR,REACH,TOTAL,NR,T,ES
2000-01-01,2000,A|AFR|REACH|TOTAL|NR|T|ES,54588.0,Number,Eurostat,https://ec.europa.eu/eurostat/api/dissemination/statistics/1.0/data/migr_imm1ctz?geo=ES&age=TOTAL&sex=T&agedef=REACH,A,AFR,REACH,TOTAL,NR,T,ES
2001-01-01,2001,A|AFR|REACH|TOTAL|NR|T|ES,56188.0,Number,Eurostat,https://ec.europa.eu/eurostat/api/dissemination/statistics/1.0/data/migr_imm1ctz?geo=ES&age=TOTAL&sex=T&agedef=REACH,A,AFR,REACH,TOTAL,NR,T,ES
2002-01-01,2002,A|AFR|REACH|TOTAL|NR|T|ES,55652.0,Number,Eurostat,https://ec.europa.eu/eurostat/api/dissemination/statistics/1.0/data/migr_imm1ctz?geo=ES&age=TOTAL&sex=T&agedef=REACH,A,AFR,REACH,TOTAL,NR,T,ES
2003-01-01,2003,A|AFR|REACH|TOTAL|NR|T|ES,,Number,Eurostat,https://ec.europa.eu/eurostat/api/dissemination/statistics/1.0/data/migr_imm1ctz?geo=ES&age=TOTAL&sex=T&agedef=REACH,A,AFR,REACH,TOTAL,NR,T,ES
2004-01-01,2004,A|AFR|REACH|TOTAL|NR|T|ES,110940.0,Number,Eurostat,https://ec.europa.eu/eurostat/api/dissemination/statistics/1.0/data/migr_imm1ctz?geo=ES&age=TOTAL&sex=T&agedef=REACH,A,AFR,REACH,TOTAL,NR,T,ES
2005-01-01,2005,A|AFR|REACH|TOTAL|NR|T|ES,121118.0,Number,Eurostat,https://ec.europa.eu/eurostat/api/dissemination/statistics/1.0/data/migr_imm1ctz?geo=ES&age=TOTAL&sex=T&agedef=REACH,A,AFR,REACH,TOTAL,NR,T,ES
2006-01-01,2006,A|AFR|REACH|TOTAL|NR|T|ES,116733.0,Number,Eurostat,https://ec.europa.eu/eurostat/api/dissemination/statistics/1.0/data/migr_imm1ctz?geo=ES&age=TOTAL&sex=T&agedef=REACH,A,AFR,REACH,TOTAL,NR,T,ES
2007-01-01,2007,A|AFR|REACH|TOTAL|NR|T|ES,130795.0,Number,Eurostat,https://ec.europa.eu/eurostat/api/dissemination/statistics/1.0/data/migr_imm1ctz?geo=ES&age=TOTAL&sex=T&agedef=REACH,A,AFR,REACH,TOTAL,NR,T,ES
2008-01-01,2008,A|AFR|REACH|TOTAL|NR|T|ES,111385.0,Number,Eurostat,https://ec.europa.eu/eurostat/api/dissemination/statistics/1.0/data/migr_imm1ctz?geo=ES&age=TOTAL&sex=T&agedef=REACH,A,AFR,REACH,TOTAL,NR,T,ES
2009-01-01,2009,A|AFR|REACH|TOTAL|NR|T|ES,70422.0,Number,Eurostat,https://ec.europa.eu/eurostat/api/dissemination/statistics/1.0/data/migr_imm1ctz?geo=ES&age=TOTAL&sex=T&agedef=REACH,A,AFR,REACH,TOTAL,NR,T,ES
2010-01-01,2010,A|AFR|REACH|TOTAL|NR|T|ES,50234.0,Number,Eurostat,https://ec.europa.eu/eurostat/api/dissemination/statistics/1.0/data/migr_imm1ctz?geo=ES&age=TOTAL&sex=T&agedef=REACH,A,AFR,REACH,TOTAL,NR,T,ES
2011-01-01,2011,A|AFR|REACH|TOTAL|NR|T|ES,47828.0,Number,Eurostat,https://ec.europa.eu/eurostat/api/dissemination/statistics/1.0/data/migr_imm1ctz?geo=ES&age=TOTAL&sex=T&agedef=REACH,A,AFR,REACH,TOTAL,NR,T,ES
2012-01-01,2012,A|AFR|REACH|TOTAL|NR|T|ES,40741.0,Number,Eurostat,https://ec.europa.eu/eurostat/api/dissemination/statistics/1.0/data/migr_imm1ctz?geo=ES&age=TOTAL&sex=T&agedef=REACH,A,AFR,REACH,TOTAL,NR,T,ES
2013-01-01,2013,A|AFR|REACH|TOTAL|NR|T|ES,38811.0,Number,Eurostat,https://ec.europa.eu/eurostat/api/dissemination/statistics/1.0/data/migr_imm1ctz?geo=ES&age=TOTAL&sex=T&agedef=REACH,A,AFR,REACH,TOTAL,NR,T,ES
2014-01-01,2014,A|AFR|REACH|TOTAL|NR|T|ES,37965.0,Number,Eurostat,https://ec.europa.eu/eurostat/api/dissemination/statistics/1.0/data/migr_imm1ctz?geo=ES&age=TOTAL&sex=T&agedef=REACH,A,AFR,REACH,TOTAL,NR,T,ES
2015-01-01,2015,A|AFR|REACH|TOTAL|NR|T|ES,,Number,Eurostat,https://ec.europa.eu/eurostat/api/dissemination/statistics/1.0/data/migr_imm1ctz?geo=ES&age=TOTAL&sex=T&agedef=REACH,A,AFR,REACH,TOTAL,NR,T,ES
2016-01-01,2016,A|AFR|REACH|TOTAL|NR|T|ES,45896.0,Number,Eurostat,https://ec.europa.eu/eurostat/api/dissemination/statistics/1.0/data/migr_imm1ctz?geo=ES&age=TOTAL&sex=T&agedef=REACH,A,AFR,REACH,TOTAL,NR,T,ES
1998-01-01,1998,A|AF|REACH|TOTAL|NR|T|ES,4.0,Number,Eurostat,https://ec.europa.eu/eurostat/api/dissemination/statistics/1.0/data/migr_imm1ctz?geo=ES&age=TOTAL&sex=T&agedef=REACH,A,AF,REACH,TOTAL,NR,T,ES
1999-01-01,1999,A|AF|REACH|TOTAL|NR|T|ES,7.0,Number,Eurostat,https://ec.europa.eu/eurostat/api/dissemination/statistics/1.0/data/migr_imm1ctz?geo=ES&age=TOTAL&sex=T&agedef=REACH,A,AF,REACH,TOTAL,NR,T,ES
2000-01-01,2000,A|AF|REACH|TOTAL|NR|T|ES,34.0,Number,Eurostat,https://ec.europa.eu/eurostat/api/dissemination/statistics/1.0/data/migr_imm1ctz?geo=ES&age=TOTAL&sex=T&agedef=REACH,A,AF,REACH,TOTAL,NR,T,ES
2001-01-01,2001,A|AF|REACH|TOTAL|NR|T|ES,26.0,Number,Eurostat,https://ec.europa.eu/eurostat/api/dissemination/statistics/1.0/data/migr_imm1ctz?geo=ES&age=TOTAL&sex=T&agedef=REACH,A,AF,REACH,TOTAL,NR,T,ES
2002-01-01,2002,A|AF|REACH|TOTAL|NR|T|ES,28.0,Number,Eurostat,https://ec.europa.eu/eurostat/api/dissemination/statistics/1.0/data/migr_imm1ctz?geo=ES&age=TOTAL&sex=T&agedef=REACH,A,AF,REACH,TOTAL,NR,T,ES
2003-01-01,2003,A|AF|REACH|TOTAL|NR|T|ES,,Number,Eurostat,https://ec.europa.eu/eurostat/api/dissemination/statistics/1.0/data/migr_imm1ctz?geo=ES&age=TOTAL&sex=T&agedef=REACH,A,AF,REACH,TOTAL,NR,T,ES
2004-01-01,2004,A|AF|REACH|TOTAL|NR|T|ES,31.0,Number,Eurostat,https://ec.europa.eu/eurostat/api/dissemination/statistics/1.0/data/migr_imm1ctz?geo=ES&age=TOTAL&sex=T&agedef=REACH,A,AF,REACH,TOTAL,NR,T,ES
2005-01-01,2005,A|AF|REACH|TOTAL|NR|T|ES,34.0,Number,Eurostat,https://ec.europa.eu/eurostat/api/dissemination/statistics/1.0/data/migr_imm1ctz?geo=ES&age=TOTAL&sex=T&agedef=REACH,A,AF,REACH,TOTAL,NR,T,ES
2006-01-01,2006,A|AF|REACH|TOTAL|NR|T|ES,50.0,Number,Eurostat,https://ec.europa.eu/eurostat/api/dissemination/statistics/1.0/data/migr_imm1ctz?geo=ES&age=TOTAL&sex=T&agedef=REACH,A,AF,REACH,TOTAL,NR,T,ES
2007-01-01,2007,A|AF|REACH|TOTAL|NR|T|ES,60.0,Number,Eurostat,https://ec.europa.eu/eurostat/api/dissemination/statistics/1.0/data/migr_imm1ctz?geo=ES&age=TOTAL&sex=T&agedef=REACH,A,AF,REACH,TOTAL,NR,T,ES
1998-01-01,1998,A|AG|REACH|TOTAL|NR|T|ES,1.0,Number,Eurostat,https://ec.europa.eu/eurostat/api/dissemination/statistics/1.0/data/migr_imm1ctz?geo=ES&age=TOTAL&sex=T&agedef=REACH,A,AG,REACH,TOTAL,NR,T,ES
1999-01-01,1999,A|AG|REACH|TOTAL|NR|T|ES,0.0,Number,Eurostat,https://ec.europa.eu/eurostat/api/dissemination/statistics/1.0/data/migr_imm1ctz?geo=ES&age=TOTAL&sex=T&agedef=REACH,A,AG,REACH,TOTAL,NR,T,ES
2000-01-01,2000,A|AG|REACH|TOTAL|NR|T|ES,0.0,Number,Eurostat,https://ec.europa.eu/eurostat/api/dissemination/statistics/1.0/data/migr_imm1ctz?geo=ES&age=TOTAL&sex=T&agedef=REACH,A,AG,REACH,TOTAL,NR,T,ES
2001-01-01,2001,A|AG|REACH|TOTAL|NR|T|ES,0.0,Number,Eurostat,https://ec.europa.eu/eurostat/api/dissemination/statistics/1.0/data/migr_imm1ctz?geo=ES&age=TOTAL&sex=T&agedef=REACH,A,AG,REACH,TOTAL,NR,T,ES
2002-01-01,2002,A|AG|REACH|TOTAL|NR|T|ES,0.0,Number,Eurostat,https://ec.europa.eu/eurostat/api/dissemination/statistics/1.0/data/migr_imm1ctz?geo=ES&age=TOTAL&sex=T&agedef=REACH,A,AG,REACH,TOTAL,NR,T,ES
2003-01-01,2003,A|AG|REACH|TOTAL|NR|T|ES,,Number,Eurostat,https://ec.europa.eu/eurostat/api/dissemination/statistics/1.0/data/migr_imm1ctz?geo=ES&age=TOTAL&sex=T&agedef=REACH,A,AG,REACH,TOTAL,NR,T,ES
2004-01-01,2004,A|AG|REACH|TOTAL|NR|T|ES,0.0,Number,Eurostat,https://ec.europa.eu/eurostat/api/dissemination/statistics/1.0/data/migr_imm1ctz?geo=ES&age=TOTAL&sex=T&agedef=REACH,A,AG,REACH,TOTAL,NR,T,ES
2005-01-01,2005,A|AG|REACH|TOTAL|NR|T|ES,0.0,Number,Eurostat,https://ec.europa.eu/eurostat/api/dissemination/statistics/1.0/data/migr_imm1ctz?geo=ES&age=TOTAL&sex=T&agedef=REACH,A,AG,REACH,TOTAL,NR,T,ES
2006-01-01,2006,A|AG|REACH|TOTAL|NR|T|ES,1.0,Number,Eurostat,https://ec.europa.eu/eurostat/api/dissemination/statistics/1.0/data/migr_imm1ctz?geo=ES&age=TOTAL&sex=T&agedef=REACH,A,AG,REACH,TOTAL,NR,T,ES
2007-01-01,2007,A|AG|REACH|TOTAL|NR|T|ES,7.0,Number,Eurostat,https://ec.europa.eu/eurostat/api/dissemination/statistics/1.0/data/migr_imm1ctz?geo=ES&age=TOTAL&sex=T&agedef=REACH,A,AG,REACH,TOTAL,NR,T,ES
1998-01-01,1998,A|AI|REACH|TOTAL|NR|T|ES,0.0,Number,Eurostat,https://ec.europa.eu/eurostat/api/dissemination/statistics/1.0/data/migr_imm1ctz?geo=ES&age=TOTAL&sex=T&agedef=REACH,A,AI,REACH,TOTAL,NR,T,ES
1999-01-01,1999,A|AI|REACH|TOTAL|NR|T|ES,0.0,Number,Eurostat,https://ec.europa.eu/eurostat/api/dissemination/statistics/1.0/data/migr_imm1ctz?geo=ES&age=TOTAL&sex=T&agedef=REACH,A,AI,REACH,TOTAL,NR,T,ES
2000-01-01,2000,A|AI|REACH|TOTAL|NR|T|ES,0.0,Number,Eurostat,https://ec.europa.eu/eurostat/api/dissemination/statistics/1.0/data/migr_imm1ctz?geo=ES&age=TOTAL&sex=T&agedef=REACH,A,AI,REACH,TOTAL,NR,T,ES
2001-01-01,2001,A|AI|REACH|TOTAL|NR|T|ES,0.0,Number,Eurostat,https://ec.europa.eu/eurostat/api/dissemination/statistics/1.0/data/migr_imm1ctz?geo=ES&age=TOTAL&sex=T&agedef=REACH,A,AI,REACH,TOTAL,NR,T,ES
2002-01-01,2002,A|AI|REACH|TOTAL|NR|T|ES,,Number,Eurostat,https://ec.europa.eu/eurostat/api/dissemination/statistics/1.0/data/migr_imm1ctz?geo=ES&age=TOTAL&sex=T&agedef=REACH,A,AI,REACH,TOTAL,NR,T,ES
2003-01-01,2003,A|AI|REACH|TOTAL|NR|T|ES,,Number,Eurostat,https://ec.europa.eu/eurostat/api/dissemination/statistics/1.0/data/migr_imm1ctz?geo=ES&age=TOTAL&sex=T&agedef=REACH,A,AI,REACH,TOTAL,NR,T,ES
2004-01-01,2004,A|AI|REACH|TOTAL|NR|T|ES,,Number,Eurostat,https://ec.europa.eu/eurostat/api/dissemination/statistics/1.0/data/migr_imm1ctz?geo=ES&age=TOTAL&sex=T&agedef=REACH,A,AI,REACH,TOTAL,NR,T,ES
2005-01-01,2005,A|AI|REACH|TOTAL|NR|T|ES,,Number,Eurostat,https://ec.europa.eu/eurostat/api/dissemination/statistics/1.0/data/migr_imm1ctz?geo=ES&age=TOTAL&sex=T&agedef=REACH,A,AI,REACH,TOTAL,NR,T,ES
2006-01-01,2006,A|AI|REACH|TOTAL|NR|T|ES,,Number,Eurostat,https://ec.europa.eu/eurostat/api/dissemination/statistics/1.0/data/migr_imm1ctz?geo=ES&age=TOTAL&sex=T&agedef=REACH,A,AI,REACH,TOTAL,NR,T,ES
2007-01-01,2007,A|AI|REACH|TOTAL|NR|T|ES,,Number,Eurostat,https://ec.europa.eu/eurostat/api/dissemination/statistics/1.0/data/migr_imm1ctz?geo=ES&age=TOTAL&sex=T&agedef=REACH,A,AI,REACH,TOTAL,NR,T,ES
2008-01-01,2008,A|AI|REACH|TOTAL|NR|T|ES,0.0,Number,Eurostat,https://ec.europa.eu/eurostat/api/dissemination/statistics/1.0/data/migr_imm1ctz?geo=ES&age=TOTAL&sex=T&agedef=REACH,A,AI,REACH,TOTAL,NR,T,ES
2009-01-01,2009,A|AI|REACH|TOTAL|NR|T|ES,0.0,Number,Eurostat,https://ec.europa.eu/eurostat/api/dissemination/statistics/1.0/data/migr_imm1ctz?geo=ES&age=TOTAL&sex=T&agedef=REACH,A,AI,REACH,TOTAL,NR,T,ES
2010-01-01,2010,A|AI|REACH|TOTAL|NR|T|ES,0.0,Number,Eurostat,https://ec.europa.eu/eurostat/api/dissemination/statistics/1.0/data/migr_imm1ctz?geo=ES&age=TOTAL&sex=T&agedef=REACH,A,AI,REACH,TOTAL,NR,T,ES
2011-01-01,2011,A|AI|REACH|TOTAL|NR|T|ES,0.0,Number,Eurostat,https://ec.europa.eu/eurostat/api/dissemination/statistics/1.0/data/migr_imm1ctz?geo=ES&age=TOTAL&sex=T&agedef=REACH,A,AI,REACH,TOTAL,NR,T,ES
2012-01-01,2012,A|AI|REACH|TOTAL|NR|T|ES,0.0,Number,Eurostat,https://ec.europa.eu/eurostat/api/dissemination/statistics/1.0/data/migr_imm1ctz?geo=ES&age=TOTAL&sex=T&agedef=REACH,A,AI,REACH,TOTAL,NR,T,ES
2013-01-01,2013,A|AI|REACH|TOTAL|NR|T|ES,0.0,Number,Eurostat,https://ec.europa.eu/eurostat/api/dissemination/statistics/1.0/data/migr_imm1ctz?geo=ES&age=TOTAL&sex=T&agedef=REACH,A,AI,REACH,TOTAL,NR,T,ES
2014-01-01,2014,A|AI|REACH|TOTAL|NR|T|ES,0.0,Number,Eurostat,https://ec.europa.eu/eurostat/api/dissemination/statistics/1.0/data/migr_imm1ctz?geo=ES&age=TOTAL&sex=T&agedef=REACH,A,AI,REACH,TOTAL,NR,T,ES
1998-01-01,1998,A|AL|REACH|TOTAL|NR|T|ES,48.0,Number,Eurostat,https://ec.europa.eu/eurostat/api/dissemination/statistics/1.0/data/migr_imm1ctz?geo=ES&age=TOTAL&sex=T&agedef=REACH,A,AL,REACH,TOTAL,NR,T,ES
1999-01-01,1999,A|AL|REACH|TOTAL|NR|T|ES,16.0,Number,Eurostat,https://ec.europa.eu/eurostat/api/dissemination/statistics/1.0/data/migr_imm1ctz?geo=ES&age=TOTAL&sex=T&agedef=REACH,A,AL,REACH,TOTAL,NR,T,ES
2000-01-01,2000,A|AL|REACH|TOTAL|NR|T|ES,85.0,Number,Eurostat,https://ec.europa.eu/eurostat/api/dissemination/statistics/1.0/data/migr_imm1ctz?geo=ES&age=TOTAL&sex=T&agedef=REACH,A,AL,REACH,TOTAL,NR,T,ES
2001-01-01,2001,A|AL|REACH|TOTAL|NR|T|ES,94.0,Number,Eurostat,https://ec.europa.eu/eurostat/api/dissemination/statistics/1.0/data/migr_imm1ctz?geo=ES&age=TOTAL&sex=T&agedef=REACH,A,AL,REACH,TOTAL,NR,T,ES
2002-01-01,2002,A|AL|REACH|TOTAL|NR|T|ES,131.0,Number,Eurostat,https://ec.europa.eu/eurostat/api/dissemination/statistics/1.0/data/migr_imm1ctz?geo=ES&age=TOTAL&sex=T&agedef=REACH,A,AL,REACH,TOTAL,NR,T,ES
2003-01-01,2003,A|AL|REACH|TOTAL|NR|T|ES,,Number,Eurostat,https://ec.europa.eu/eurostat/api/dissemination/statistics/1.0/data/migr_imm1ctz?geo=ES&age=TOTAL&sex=T&agedef=REACH,A,AL,REACH,TOTAL,NR,T,ES
2004-01-01,2004,A|AL|REACH|TOTAL|NR|T|ES,218.0,Number,Eurostat,https://ec.europa.eu/eurostat/api/dissemination/statistics/1.0/data/migr_imm1ctz?geo=ES&age=TOTAL&sex=T&agedef=REACH,A,AL,REACH,TOTAL,NR,T,ES
2005-01-01,2005,A|AL|REACH|TOTAL|NR|T|ES,330.0,Number,Eurostat,https://ec.europa.eu/eurostat/api/dissemination/statistics/1.0/data/migr_imm1ctz?geo=ES&age=TOTAL&sex=T&agedef=REACH,A,AL,REACH,TOTAL,NR,T,ES
2006-01-01,2006,A|AL|REACH|TOTAL|NR|T|ES,310.0,Number,Eurostat,https://ec.europa.eu/eurostat/api/dissemination/statistics/1.0/data/migr_imm1ctz?geo=ES&age=TOTAL&sex=T&agedef=REACH,A,AL,REACH,TOTAL,NR,T,ES
2007-01-01,2007,A|AL|REACH|TOTAL|NR|T|ES,324.0,Number,Eurostat,https://ec.europa.eu/eurostat/api/dissemination/statistics/1.0/data/migr_imm1ctz?geo=ES&age=TOTAL&sex=T&agedef=REACH,A,AL,REACH,TOTAL,NR,T,ES
1998-01-01,1998,A|AME_C|REACH|TOTAL|NR|T|ES,628.0,Number,Eurostat,https://ec.europa.eu/eurostat/api/dissemination/statistics/1.0/data/migr_imm1ctz?geo=ES&age=TOTAL&sex=T&agedef=REACH,A,AME_C,REACH,TOTAL,NR,T,ES
1999-01-01,1999,A|AME_C|REACH|TOTAL|NR|T|ES,1223.0,Number,Eurostat,https://ec.europa.eu/eurostat/api/dissemination/statistics/1.0/data/migr_imm1ctz?geo=ES&age=TOTAL&sex=T&agedef=REACH,A,AME_C,REACH,TOTAL,NR,T,ES
2000-01-01,2000,A|AME_C|REACH|TOTAL|NR|T|ES,2610.0,Number,Eurostat,https://ec.europa.eu/eurostat/api/dissemination/statistics/1.0/data/migr_imm1ctz?geo=ES&age=TOTAL&sex=T&agedef=REACH,A,AME_C,REACH,TOTAL,NR,T,ES
2001-01-01,2001,A|AME_C|REACH|TOTAL|NR|T|ES,3225.0,Number,Eurostat,https://ec.europa.eu/eurostat/api/dissemination/statistics/1.0/data/migr_imm1ctz?geo=ES&age=TOTAL&sex=T&agedef=REACH,A,AME_C,REACH,TOTAL,NR,T,ES
2002-01-01,2002,A|AME_C|REACH|TOTAL|NR|T|ES,,Number,Eurostat,https://ec.europa.eu/eurostat/api/dissemination/statistics/1.0/data/migr_imm1ctz?geo=ES&age=TOTAL&sex=T&agedef=REACH,A,AME_C,REACH,TOTAL,NR,T,ES
2003-01-01,2003,A|AME_C|REACH|TOTAL|NR|T|ES,,Number,Eurostat,https://ec.europa.eu/eurostat/api/dissemination/statistics/1.0/data/migr_imm1ctz?geo=ES&age=TOTAL&sex=T&agedef=REACH,A,AME_C,REACH,TOTAL,NR,T,ES
2004-01-01,2004,A|AME_C|REACH|TOTAL|NR|T|ES,,Number,Eurostat,https://ec.europa.eu/eurostat/api/dissemination/statistics/1.0/data/migr_imm1ctz?geo=ES&age=TOTAL&sex=T&agedef=REACH,A,AME_C,REACH,TOTAL,NR,T,ES
2005-01-01,2005,A|AME_C|REACH|TOTAL|NR|T|ES,,Number,Eurostat,https://ec.europa.eu/eurostat/api/dissemination/statistics/1.0/data/migr_imm1ctz?geo=ES&age=TOTAL&sex=T&agedef=REACH,A,AME_C,REACH,TOTAL,NR,T,ES
2006-01-01,2006,A|AME_C|REACH|TOTAL|NR|T|ES,,Number,Eurostat,https://ec.europa.eu/eurostat/api/dissemination/statistics/1.0/data/migr_imm1ctz?geo=ES&age=TOTAL&sex=T&agedef=REACH,A,AME_C,REACH,TOTAL,NR,T,ES
2007-01-01,2007,A|AME_C|REACH|TOTAL|NR|T|ES,,Number,Eurostat,https://ec.europa.eu/eurostat/api/dissemination/statistics/1.0/data/migr_imm1ctz?geo=ES&age=TOTAL&sex=T&agedef=REACH,A,AME_C,REACH,TOTAL,NR,T,ES
2008-01-01,2008,A|AME_C|REACH|TOTAL|NR|T|ES,15087.0,Number,Eurostat,https://ec.europa.eu/eurostat/api/dissemination/statistics/1.0/data/migr_imm1ctz?geo=ES&age=TOTAL&sex=T&agedef=REACH,A,AME_C,REACH,TOTAL,NR,T,ES
2009-01-01,2009,A|AME_C|REACH|TOTAL|NR|T|ES,11904.0,Number,Eurostat,https://ec.europa.eu/eurostat/api/dissemination/statistics/1.0/data/migr_imm1ctz?geo=ES&age=TOTAL&sex=T&agedef=REACH,A,AME_C,REACH,TOTAL,NR,T,ES
2010-01-01,2010,A|AME_C|REACH|TOTAL|NR|T|ES,13725.0,Number,Eurostat,https://ec.europa.eu/eurostat/api/dissemination/statistics/1.0/data/migr_imm1ctz?geo=ES&age=TOTAL&sex=T&agedef=REACH,A,AME_C,REACH,TOTAL,NR,T,ES
2011-01-01,2011,A|AME_C|REACH|TOTAL|NR|T|ES,16978.0,Number,Eurostat,https://ec.europa.eu/eurostat/api/dissemination/statistics/1.0/data/migr_imm1ctz?geo=ES&age=TOTAL&sex=T&agedef=REACH,A,AME_C,REACH,TOTAL,NR,T,ES
2012-01-01,2012,A|AME_C|REACH|TOTAL|NR|T|ES,14495.0,Number,Eurostat,https://ec.europa.eu/eurostat/api/dissemination/statistics/1.0/data/migr_imm1ctz?geo=ES&age=TOTAL&sex=T&agedef=REACH,A,AME_C,REACH,TOTAL,NR,T,ES
2013-01-01,2013,A|AME_C|REACH|TOTAL|NR|T|ES,11722.0,Number,Eurostat,https://ec.europa.eu/eurostat/api/dissemination/statistics/1.0/data/migr_imm1ctz?geo=ES&age=TOTAL&sex=T&agedef=REACH,A,AME_C,REACH,TOTAL,NR,T,ES
2014-01-01,2014,A|AME_C|REACH|TOTAL|NR|T|ES,14346.0,Number,Eurostat,https://ec.europa.eu/eurostat/api/dissemination/statistics/1.0/data/migr_imm1ctz?geo=ES&age=TOTAL&sex=T&agedef=REACH,A,AME_C,REACH,TOTAL,NR,T,ES
2015-01-01,2015,A|AME_C|REACH|TOTAL|NR|T|ES,,Number,Eurostat,https://ec.europa.eu/eurostat/api/dissemination/statistics/1.0/data/migr_imm1ctz?geo=ES&age=TOTAL&sex=T&agedef=REACH,A,AME_C,REACH,TOTAL,NR,T,ES
2016-01-01,2016,A|AME_C|REACH|TOTAL|NR|T|ES,18854.0,Number,Eurostat,https://ec.europa.eu/eurostat/api/dissemination/statistics/1.0/data/migr_imm1ctz?geo=ES&age=TOTAL&sex=T&agedef=REACH,A,AME_C,REACH,TOTAL,NR,T,ES
1998-01-01,1998,A|AME_N|REACH|TOTAL|NR|T|ES,663.0,Number,Eurostat,https://ec.europa.eu/eurostat/api/dissemination/statistics/1.0/data/migr_imm1ctz?geo=ES&age=TOTAL&sex=T&agedef=REACH,A,AME_N,REACH,TOTAL,NR,T,ES
1999-01-01,1999,A|AME_N|REACH|TOTAL|NR|T|ES,1096.0,Number,Eurostat,https://ec.europa.eu/eurostat/api/dissemination/statistics/1.0/data/migr_imm1ctz?geo=ES&age=TOTAL&sex=T&agedef=REACH,A,AME_N,REACH,TOTAL,NR,T,ES
2000-01-01,2000,A|AME_N|REACH|TOTAL|NR|T|ES,1511.0,Number,Eurostat,https://ec.europa.eu/eurostat/api/dissemination/statistics/1.0/data/migr_imm1ctz?geo=ES&age=TOTAL&sex=T&agedef=REACH,A,AME_N,REACH,TOTAL,NR,T,ES
2001-01-01,2001,A|AME_N|REACH|TOTAL|NR|T|ES,1822.0,Number,Eurostat,https://ec.europa.eu/eurostat/api/dissemination/statistics/1.0/data/migr_imm1ctz?geo=ES&age=TOTAL&sex=T&agedef=REACH,A,AME_N,REACH,TOTAL,NR,T,ES
2002-01-01,2002,A|AME_N|REACH|TOTAL|NR|T|ES,,Number,Eurostat,https://ec.europa.eu/eurostat/api/dissemination/statistics/1.0/data/migr_imm1ctz?geo=ES&age=TOTAL&sex=T&agedef=REACH,A,AME_N,REACH,TOTAL,NR,T,ES
2003-01-01,2003,A|AME_N|REACH|TOTAL|NR|T|ES,,Number,Eurostat,https://ec.europa.eu/eurostat/api/dissemination/statistics/1.0/data/migr_imm1ctz?geo=ES&age=TOTAL&sex=T&agedef=REACH,A,AME_N,REACH,TOTAL,NR,T,ES
2004-01-01,2004,A|AME_N|REACH|TOTAL|NR|T|ES,,Number,Eurostat,https://ec.europa.eu/eurostat/api/dissemination/statistics/1.0/data/migr_imm1ctz?geo=ES&age=TOTAL&sex=T&agedef=REACH,A,AME_N,REACH,TOTAL,NR,T,ES
2005-01-01,2005,A|AME_N|REACH|TOTAL|NR|T|ES,,Number,Eurostat,https://ec.europa.eu/eurostat/api/dissemination/statistics/1.0/data/migr_imm1ctz?geo=ES&age=TOTAL&sex=T&agedef=REACH,A,AME_N,REACH,TOTAL,NR,T,ES
2006-01-01,2006,A|AME_N|REACH|TOTAL|NR|T|ES,,Number,Eurostat,https://ec.europa.eu/eurostat/api/dissemination/statistics/1.0/data/migr_imm1ctz?geo=ES&age=TOTAL&sex=T&agedef=REACH,A,AME_N,REACH,TOTAL,NR,T,ES
2007-01-01,2007,A|AME_N|REACH|TOTAL|NR|T|ES,,Number,Eurostat,https://ec.europa.eu/eurostat/api/dissemination/statistics/1.0/data/migr_imm1ctz?geo=ES&age=TOTAL&sex=T&agedef=REACH,A,AME_N,REACH,TOTAL,NR,T,ES
2008-01-01,2008,A|AME_N|REACH|TOTAL|NR|T|ES,4101.0,Number,Eurostat,https://ec.europa.eu/eurostat/api/dissemination/statistics/1.0/data/migr_imm1ctz?geo=ES&age=TOTAL&sex=T&agedef=REACH,A,AME_N,REACH,TOTAL,NR,T,ES
2009-01-01,2009,A|AME_N|REACH|TOTAL|NR|T|ES,3897.0,Number,Eurostat,https://ec.europa.eu/eurostat/api/dissemination/statistics/1.0/data/migr_imm1ctz?geo=ES&age=TOTAL&sex=T&agedef=REACH,A,AME_N,REACH,TOTAL,NR,T,ES
2010-01-01,2010,A|AME_N|REACH|TOTAL|NR|T|ES,4190.0,Number,Eurostat,https://ec.europa.eu/eurostat/api/dissemination/statistics/1.0/data/migr_imm1ctz?geo=ES&age=TOTAL&sex=T&agedef=REACH,A,AME_N,REACH,TOTAL,NR,T,ES
2011-01-01,2011,A|AME_N|REACH|TOTAL|NR|T|ES,5681.0,Number,Eurostat,https://ec.europa.eu/eurostat/api/dissemination/statistics/1.0/data/migr_imm1ctz?geo=ES&age=TOTAL&sex=T&agedef=REACH,A,AME_N,REACH,TOTAL,NR,T,ES
2012-01-01,2012,A|AME_N|REACH|TOTAL|NR|T|ES,5582.0,Number,Eurostat,https://ec.europa.eu/eurostat/api/dissemination/statistics/1.0/data/migr_imm1ctz?geo=ES&age=TOTAL&sex=T&agedef=REACH,A,AME_N,REACH,TOTAL,NR,T,ES
2013-01-01,2013,A|AME_N|REACH|TOTAL|NR|T|ES,6205.0,Number,Eurostat,https://ec.europa.eu/eurostat/api/dissemination/statistics/1.0/data/migr_imm1ctz?geo=ES&age=TOTAL&sex=T&agedef=REACH,A,AME_N,REACH,TOTAL,NR,T,ES
2014-01-01,2014,A|AME_N|REACH|TOTAL|NR|T|ES,5974.0,Number,Eurostat,https://ec.europa.eu/eurostat/api/dissemination/statistics/1.0/data/migr_imm1ctz?geo=ES&age=TOTAL&sex=T&agedef=REACH,A,AME_N,REACH,TOTAL,NR,T,ES
2015-01-01,2015,A|AME_N|REACH|TOTAL|NR|T|ES,,Number,Eurostat,https://ec.europa.eu/eurostat/api/dissemination/statistics/1.0/data/migr_imm1ctz?geo=ES&age=TOTAL&sex=T&agedef=REACH,A,AME_N,REACH,TOTAL,NR,T,ES
2016-01-01,2016,A|AME_N|REACH|TOTAL|NR|T|ES,5918.0,Number,Eurostat,https://ec.europa.eu/eurostat/api/dissemination/statistics/1.0/data/migr_imm1ctz?geo=ES&age=TOTAL&sex=T&agedef=REACH,A,AME_N,REACH,TOTAL,NR,T,ES
1998-01-01,1998,A|AME_OTH|REACH|TOTAL|NR|T|ES,1.0,Number,Eurostat,https://ec.europa.eu/eurostat/api/dissemination/statistics/1.0/data/migr_imm1ctz?geo=ES&age=TOTAL&sex=T&agedef=REACH,A,AME_OTH,REACH,TOTAL,NR,T,ES
1999-01-01,1999,A|AME_OTH|REACH|TOTAL|NR|T|ES,0.0,Number,Eurostat,https://ec.europa.eu/eurostat/api/dissemination/statistics/1.0/data/migr_imm1ctz?geo=ES&age=TOTAL&sex=T&agedef=REACH,A,AME_OTH,REACH,TOTAL,NR,T,ES
2000-01-01,2000,A|AME_OTH|REACH|TOTAL|NR|T|ES,0.0,Number,Eurostat,https://ec.europa.eu/eurostat/api/dissemination/statistics/1.0/data/migr_imm1ctz?geo=ES&age=TOTAL&sex=T&agedef=REACH,A,AME_OTH,REACH,TOTAL,NR,T,ES
2001-01-01,2001,A|AME_OTH|REACH|TOTAL|NR|T|ES,0.0,Number,Eurostat,https://ec.europa.eu/eurostat/api/dissemination/statistics/1.0/data/migr_imm1ctz?geo=ES&age=TOTAL&sex=T&agedef=REACH,A,AME_OTH,REACH,TOTAL,NR,T,ES
2002-01-01,2002,A|AME_OTH|REACH|TOTAL|NR|T|ES,,Number,Eurostat,https://ec.europa.eu/eurostat/api/dissemination/statistics/1.0/data/migr_imm1ctz?geo=ES&age=TOTAL&sex=T&agedef=REACH,A,AME_OTH,REACH,TOTAL,NR,T,ES
2003-01-01,2003,A|AME_OTH|REACH|TOTAL|NR|T|ES,,Number,Eurostat,https://ec.europa.eu/eurostat/api/dissemination/statistics/1.0/data/migr_imm1ctz?geo=ES&age=TOTAL&sex=T&agedef=REACH,A,AME_OTH,REACH,TOTAL,NR,T,ES
2004-01-01,2004,A|AME_OTH|REACH|TOTAL|NR|T|ES,2.0,Number,Eurostat,https://ec.europa.eu/eurostat/api/dissemination/statistics/1.0/data/migr_imm1ctz?geo=ES&age=TOTAL&sex=T&agedef=REACH,A,AME_OTH,REACH,TOTAL,NR,T,ES
2005-01-01,2005,A|AME_OTH|REACH|TOTAL|NR|T|ES,2.0,Number,Eurostat,https://ec.europa.eu/eurostat/api/dissemination/statistics/1.0/data/migr_imm1ctz?geo=ES&age=TOTAL&sex=T&agedef=REACH,A,AME_OTH,REACH,TOTAL,NR,T,ES
2006-01-01,2006,A|AME_OTH|REACH|TOTAL|NR|T|ES,1.0,Number,Eurostat,https://ec.europa.eu/eurostat/api/dissemination/statistics/1.0/data/migr_imm1ctz?geo=ES&age=TOTAL&sex=T&agedef=REACH,A,AME_OTH,REACH,TOTAL,NR,T,ES
2007-01-01,2007,A|AME_OTH|REACH|TOTAL|NR|T|ES,0.0,Number,Eurostat,https://ec.europa.eu/eurostat/api/dissemination/statistics/1.0/data/migr_imm1ctz?geo=ES&age=TOTAL&sex=T&agedef=REACH,A,AME_OTH,REACH,TOTAL,NR,T,ES
1998-01-01,1998,A|AME_S|REACH|TOTAL|NR|T|ES,10165.0,Number,Eurostat,https://ec.europa.eu/eurostat/api/dissemination/statistics/1.0/data/migr_imm1ctz?geo=ES&age=TOTAL&sex=T&agedef=REACH,A,AME_S,REACH,TOTAL,NR,T,ES
1999-01-01,1999,A|AME_S|REACH|TOTAL|NR|T|ES,26263.0,Number,Eurostat,https://ec.europa.eu/eurostat/api/dissemination/statistics/1.0/data/migr_imm1ctz?geo=ES&age=TOTAL&sex=T&agedef=REACH,A,AME_S,REACH,TOTAL,NR,T,ES
2000-01-01,2000,A|AME_S|REACH|TOTAL|NR|T|ES,164447.0,Number,Eurostat,https://ec.europa.eu/eurostat/api/dissemination/statistics/1.0/data/migr_imm1ctz?geo=ES&age=TOTAL&sex=T&agedef=REACH,A,AME_S,REACH,TOTAL,NR,T,ES
2001-01-01,2001,A|AME_S|REACH|TOTAL|NR|T|ES,196328.0,Number,Eurostat,https://ec.europa.eu/eurostat/api/dissemination/statistics/1.0/data/migr_imm1ctz?geo=ES&age=TOTAL&sex=T&agedef=REACH,A,AME_S,REACH,TOTAL,NR,T,ES
2002-01-01,2002,A|AME_S|REACH|TOTAL|NR|T|ES,,Number,Eurostat,https://ec.europa.eu/eurostat/api/dissemination/statistics/1.0/data/migr_imm1ctz?geo=ES&age=TOTAL&sex=T&agedef=REACH,A,AME_S,REACH,TOTAL,NR,T,ES
2003-01-01,2003,A|AME_S|REACH|TOTAL|NR|T|ES,,Number,Eurostat,https://ec.europa.eu/eurostat/api/dissemination/statistics/1.0/data/migr_imm1ctz?geo=ES&age=TOTAL&sex=T&agedef=REACH,A,AME_S,REACH,TOTAL,NR,T,ES
2004-01-01,2004,A|AME_S|REACH|TOTAL|NR|T|ES,,Number,Eurostat,https://ec.europa.eu/eurostat/api/dissemination/statistics/1.0/data/migr_imm1ctz?geo=ES&age=TOTAL&sex=T&agedef=REACH,A,AME_S,REACH,TOTAL,NR,T,ES
2005-01-01,2005,A|AME_S|REACH|TOTAL|NR|T|ES,,Number,Eurostat,https://ec.europa.eu/eurostat/api/dissemination/statistics/1.0/data/migr_imm1ctz?geo=ES&age=TOTAL&sex=T&agedef=REACH,A,AME_S,REACH,TOTAL,NR,T,ES
2006-01-01,2006,A|AME_S|REACH|TOTAL|NR|T|ES,,Number,Eurostat,https://ec.europa.eu/eurostat/api/dissemination/statistics/1.0/data/migr_imm1ctz?geo=ES&age=TOTAL&sex=T&agedef=REACH,A,AME_S,REACH,TOTAL,NR,T,ES
2007-01-01,2007,A|AME_S|REACH|TOTAL|NR|T|ES,,Number,Eurostat,https://ec.europa.eu/eurostat/api/dissemination/statistics/1.0/data/migr_imm1ctz?geo=ES&age=TOTAL&sex=T&agedef=REACH,A,AME_S,REACH,TOTAL,NR,T,ES
2008-01-01,2008,A|AME_S|REACH|TOTAL|NR|T|ES,175931.0,Number,Eurostat,https://ec.europa.eu/eurostat/api/dissemination/statistics/1.0/data/migr_imm1ctz?geo=ES&age=TOTAL&sex=T&agedef=REACH,A,AME_S,REACH,TOTAL,NR,T,ES
2009-01-01,2009,A|AME_S|REACH|TOTAL|NR|T|ES,91862.0,Number,Eurostat,https://ec.europa.eu/eurostat/api/dissemination/statistics/1.0/data/migr_imm1ctz?geo=ES&age=TOTAL&sex=T&agedef=REACH,A,AME_S,REACH,TOTAL,NR,T,ES
2010-01-01,2010,A|AME_S|REACH|TOTAL|NR|T|ES,66853.0,Number,Eurostat,https://ec.europa.eu/eurostat/api/dissemination/statistics/1.0/data/migr_imm1ctz?geo=ES&age=TOTAL&sex=T&agedef=REACH,A,AME_S,REACH,TOTAL,NR,T,ES
2011-01-01,2011,A|AME_S|REACH|TOTAL|NR|T|ES,63791.0,Number,Eurostat,https://ec.europa.eu/eurostat/api/dissemination/statistics/1.0/data/migr_imm1ctz?geo=ES&age=TOTAL&sex=T&agedef=REACH,A,AME_S,REACH,TOTAL,NR,T,ES
2012-01-01,2012,A|AME_S|REACH|TOTAL|NR|T|ES,47433.0,Number,Eurostat,https://ec.europa.eu/eurostat/api/dissemination/statistics/1.0/data/migr_imm1ctz?geo=ES&age=TOTAL&sex=T&agedef=REACH,A,AME_S,REACH,TOTAL,NR,T,ES
2013-01-01,2013,A|AME_S|REACH|TOTAL|NR|T|ES,42244.0,Number,Eurostat,https://ec.europa.eu/eurostat/api/dissemination/statistics/1.0/data/migr_imm1ctz?geo=ES&age=TOTAL&sex=T&agedef=REACH,A,AME_S,REACH,TOTAL,NR,T,ES
2014-01-01,2014,A|AME_S|REACH|TOTAL|NR|T|ES,46378.0,Number,Eurostat,https://ec.europa.eu/eurostat/api/dissemination/statistics/1.0/data/migr_imm1ctz?geo=ES&age=TOTAL&sex=T&agedef=REACH,A,AME_S,REACH,TOTAL,NR,T,ES
2015-01-01,2015,A|AME_S|REACH|TOTAL|NR|T|ES,,Number,Eurostat,https://ec.europa.eu/eurostat/api/dissemination/statistics/1.0/data/migr_imm1ctz?geo=ES&age=TOTAL&sex=T&agedef=REACH,A,AME_S,REACH,TOTAL,NR,T,ES
2016-01-01,2016,A|AME_S|REACH|TOTAL|NR|T|ES,88881.0,Number,Eurostat,https://ec.europa.eu/eurostat/api/dissemination/statistics/1.0/data/migr_imm1ctz?geo=ES&age=TOTAL&sex=T&agedef=REACH,A,AME_S,REACH,TOTAL,NR,T,ES
1998-01-01,1998,A|AME|REACH|TOTAL|NR|T|ES,15547.0,Number,Eurostat,https://ec.europa.eu/eurostat/api/dissemination/statistics/1.0/data/migr_imm1ctz?geo=ES&age=TOTAL&sex=T&agedef=REACH,A,AME,REACH,TOTAL,NR,T,ES
1999-01-01,1999,A|AME|REACH|TOTAL|NR|T|ES,34657.0,Number,Eurostat,https://ec.europa.eu/eurostat/api/dissemination/statistics/1.0/data/migr_imm1ctz?geo=ES&age=TOTAL&sex=T&agedef=REACH,A,AME,REACH,TOTAL,NR,T,ES
2000-01-01,2000,A|AME|REACH|TOTAL|NR|T|ES,179618.0,Number,Eurostat,https://ec.europa.eu/eurostat/api/dissemination/statistics/1.0/data/migr_imm1ctz?geo=ES&age=TOTAL&sex=T&agedef=REACH,A,AME,REACH,TOTAL,NR,T,ES
2001-01-01,2001,A|AME|REACH|TOTAL|NR|T|ES,212050.0,Number,Eurostat,https://ec.europa.eu/eurostat/api/dissemination/statistics/1.0/data/migr_imm1ctz?geo=ES&age=TOTAL&sex=T&agedef=REACH,A,AME,REACH,TOTAL,NR,T,ES
2002-01-01,2002,A|AME|REACH|TOTAL|NR|T|ES,215597.0,Number,Eurostat,https://ec.europa.eu/eurostat/api/dissemination/statistics/1.0/data/migr_imm1ctz?geo=ES&age=TOTAL&sex=T&agedef=REACH,A,AME,REACH,TOTAL,NR,T,ES
2003-01-01,2003,A|AME|REACH|TOTAL|NR|T|ES,,Number,Eurostat,https://ec.europa.eu/eurostat/api/dissemination/statistics/1.0/data/migr_imm1ctz?geo=ES&age=TOTAL&sex=T&agedef=REACH,A,AME,REACH,TOTAL,NR,T,ES
2004-01-01,2004,A|AME|REACH|TOTAL|NR|T|ES,214213.0,Number,Eurostat,https://ec.europa.eu/eurostat/api/dissemination/statistics/1.0/data/migr_imm1ctz?geo=ES&age=TOTAL&sex=T&agedef=REACH,A,AME,REACH,TOTAL,NR,T,ES
2005-01-01,2005,A|AME|REACH|TOTAL|NR|T|ES,230704.0,Number,Eurostat,https://ec.europa.eu/eurostat/api/dissemination/statistics/1.0/data/migr_imm1ctz?geo=ES&age=TOTAL&sex=T&agedef=REACH,A,AME,REACH,TOTAL,NR,T,ES
2006-01-01,2006,A|AME|REACH|TOTAL|NR|T|ES,310968.0,Number,Eurostat,https://ec.europa.eu/eurostat/api/dissemination/statistics/1.0/data/migr_imm1ctz?geo=ES&age=TOTAL&sex=T&agedef=REACH,A,AME,REACH,TOTAL,NR,T,ES
2007-01-01,2007,A|AME|REACH|TOTAL|NR|T|ES,319145.0,Number,Eurostat,https://ec.europa.eu/eurostat/api/dissemination/statistics/1.0/data/migr_imm1ctz?geo=ES&age=TOTAL&sex=T&agedef=REACH,A,AME,REACH,TOTAL,NR,T,ES
2008-01-01,2008,A|AME|REACH|TOTAL|NR|T|ES,220514.0,Number,Eurostat,https://ec.europa.eu/eurostat/api/dissemination/statistics/1.0/data/migr_imm1ctz?geo=ES&age=TOTAL&sex=T&agedef=REACH,A,AME,REACH,TOTAL,NR,T,ES
2009-01-01,2009,A|AME|REACH|TOTAL|NR|T|ES,122964.0,Number,Eurostat,https://ec.europa.eu/eurostat/api/dissemination/statistics/1.0/data/migr_imm1ctz?geo=ES&age=TOTAL&sex=T&agedef=REACH,A,AME,REACH,TOTAL,NR,T,ES
2010-01-01,2010,A|AME|REACH|TOTAL|NR|T|ES,97934.0,Number,Eurostat,https://ec.europa.eu/eurostat/api/dissemination/statistics/1.0/data/migr_imm1ctz?geo=ES&age=TOTAL&sex=T&agedef=REACH,A,AME,REACH,TOTAL,NR,T,ES
2011-01-01,2011,A|AME|REACH|TOTAL|NR|T|ES,104395.0,Number,Eurostat,https://ec.europa.eu/eurostat/api/dissemination/statistics/1.0/data/migr_imm1ctz?geo=ES&age=TOTAL&sex=T&agedef=REACH,A,AME,REACH,TOTAL,NR,T,ES
2012-01-01,2012,A|AME|REACH|TOTAL|NR|T|ES,83439.0,Number,Eurostat,https://ec.europa.eu/eurostat/api/dissemination/statistics/1.0/data/migr_imm1ctz?geo=ES&age=TOTAL&sex=T&agedef=REACH,A,AME,REACH,TOTAL,NR,T,ES
2013-01-01,2013,A|AME|REACH|TOTAL|NR|T|ES,73598.0,Number,Eurostat,https://ec.europa.eu/eurostat/api/dissemination/statistics/1.0/data/migr_imm1ctz?geo=ES&age=TOTAL&sex=T&agedef=REACH,A,AME,REACH,TOTAL,NR,T,ES
2014-01-01,2014,A|AME|REACH|TOTAL|NR|T|ES,79137.0,Number,Eurostat,https://ec.europa.eu/eurostat/api/dissemination/statistics/1.0/data/migr_imm1ctz?geo=ES&age=TOTAL&sex=T&agedef=REACH,A,AME,REACH,TOTAL,NR,T,ES
2015-01-01,2015,A|AME|REACH|TOTAL|NR|T|ES,,Number,Eurostat,https://ec.europa.eu/eurostat/api/dissemination/statistics/1.0/data/migr_imm1ctz?geo=ES&age=TOTAL&sex=T&agedef=REACH,A,AME,REACH,TOTAL,NR,T,ES
2016-01-01,2016,A|AME|REACH|TOTAL|NR|T|ES,127582.0,Number,Eurostat,https://ec.europa.eu/eurostat/api/dissemination/statistics/1.0/data/migr_imm1ctz?geo=ES&age=TOTAL&sex=T&agedef=REACH,A,AME,REACH,TOTAL,NR,T,ES
1998-01-01,1998,A|AM|REACH|TOTAL|NR|T|ES,94.0,Number,Eurostat,https://ec.europa.eu/eurostat/api/dissemination/statistics/1.0/data/migr_imm1ctz?geo=ES&age=TOTAL&sex=T&agedef=REACH,A,AM,REACH,TOTAL,NR,T,ES
1999-01-01,1999,A|AM|REACH|TOTAL|NR|T|ES,322.0,Number,Eurostat,https://ec.europa.eu/eurostat/api/dissemination/statistics/1.0/data/migr_imm1ctz?geo=ES&age=TOTAL&sex=T&agedef=REACH,A,AM,REACH,TOTAL,NR,T,ES
2000-01-01,2000,A|AM|REACH|TOTAL|NR|T|ES,939.0,Number,Eurostat,https://ec.europa.eu/eurostat/api/dissemination/statistics/1.0/data/migr_imm1ctz?geo=ES&age=TOTAL&sex=T&agedef=REACH,A,AM,REACH,TOTAL,NR,T,ES
2001-01-01,2001,A|AM|REACH|TOTAL|NR|T|ES,719.0,Number,Eurostat,https://ec.europa.eu/eurostat/api/dissemination/statistics/1.0/data/migr_imm1ctz?geo=ES&age=TOTAL&sex=T&agedef=REACH,A,AM,REACH,TOTAL,NR,T,ES
2002-01-01,2002,A|AM|REACH|TOTAL|NR|T|ES,803.0,Number,Eurostat,https://ec.europa.eu/eurostat/api/dissemination/statistics/1.0/data/migr_imm1ctz?geo=ES&age=TOTAL&sex=T&agedef=REACH,A,AM,REACH,TOTAL,NR,T,ES
2003-01-01,2003,A|AM|REACH|TOTAL|NR|T|ES,,Number,Eurostat,https://ec.europa.eu/eurostat/api/dissemination/statistics/1.0/data/migr_imm1ctz?geo=ES&age=TOTAL&sex=T&agedef=REACH,A,AM,REACH,TOTAL,NR,T,ES
2004-01-01,2004,A|AM|REACH|TOTAL|NR|T|ES,1609.0,Number,Eurostat,https://ec.europa.eu/eurostat/api/dissemination/statistics/1.0/data/migr_imm1ctz?geo=ES&age=TOTAL&sex=T&agedef=REACH,A,AM,REACH,TOTAL,NR,T,ES
2005-01-01,2005,A|AM|REACH|TOTAL|NR|T|ES,1788.0,Number,Eurostat,https://ec.europa.eu/eurostat/api/dissemination/statistics/1.0/data/migr_imm1ctz?geo=ES&age=TOTAL&sex=T&agedef=REACH,A,AM,REACH,TOTAL,NR,T,ES
2006-01-01,2006,A|AM|REACH|TOTAL|NR|T|ES,2020.0,Number,Eurostat,https://ec.europa.eu/eurostat/api/dissemination/statistics/1.0/data/migr_imm1ctz?geo=ES&age=TOTAL&sex=T&agedef=REACH,A,AM,REACH,TOTAL,NR,T,ES
2007-01-01,2007,A|AM|REACH|TOTAL|NR|T|ES,1990.0,Number,Eurostat,https://ec.europa.eu/eurostat/api/dissemination/statistics/1.0/data/migr_imm1ctz?geo=ES&age=TOTAL&sex=T&agedef=REACH,A,AM,REACH,TOTAL,NR,T,ES
2008-01-01,2008,A|AN|REACH|TOTAL|NR|T|ES,0.0,Number,Eurostat,https://ec.europa.eu/eurostat/api/dissemination/statistics/1.0/data/migr_imm1ctz?geo=ES&age=TOTAL&sex=T&agedef=REACH,A,AN,REACH,TOTAL,NR,T,ES
2009-01-01,2009,A|AN|REACH|TOTAL|NR|T|ES,0.0,Number,Eurostat,https://ec.europa.eu/eurostat/api/dissemination/statistics/1.0/data/migr_imm1ctz?geo=ES&age=TOTAL&sex=T&agedef=REACH,A,AN,REACH,TOTAL,NR,T,ES
2010-01-01,2010,A|AN|REACH|TOTAL|NR|T|ES,0.0,Number,Eurostat,https://ec.europa.eu/eurostat/api/dissemination/statistics/1.0/data/migr_imm1ctz?geo=ES&age=TOTAL&sex=T&agedef=REACH,A,AN,REACH,TOTAL,NR,T,ES
2011-01-01,2011,A|AN|REACH|TOTAL|NR|T|ES,0.0,Number,Eurostat,https://ec.europa.eu/eurostat/api/dissemination/statistics/1.0/data/migr_imm1ctz?geo=ES&age=TOTAL&sex=T&agedef=REACH,A,AN,REACH,TOTAL,NR,T,ES
2012-01-01,2012,A|AN|REACH|TOTAL|NR|T|ES,0.0,Number,Eurostat,https://ec.europa.eu/eurostat/api/dissemination/statistics/1.0/data/migr_imm1ctz?geo=ES&age=TOTAL&sex=T&agedef=REACH,A,AN,REACH,TOTAL,NR,T,ES
2013-01-01,2013,A|AN|REACH|TOTAL|NR|T|ES,0.0,Number,Eurostat,https://ec.europa.eu/eurostat/api/dissemination/statistics/1.0/data/migr_imm1ctz?geo=ES&age=TOTAL&sex=T&agedef=REACH,A,AN,REACH,TOTAL,NR,T,ES
2014-01-01,2014,A|AN|REACH|TOTAL|NR|T|ES,0.0,Number,Eurostat,https://ec.europa.eu/eurostat/api/dissemination/statistics/1.0/data/migr_imm1ctz?geo=ES&age=TOTAL&sex=T&agedef=REACH,A,AN,REACH,TOTAL,NR,T,ES
1998-01-01,1998,A|AO|REACH|TOTAL|NR|T|ES,56.0,Number,Eurostat,https://ec.europa.eu/eurostat/api/dissemination/statistics/1.0/data/migr_imm1ctz?geo=ES&age=TOTAL&sex=T&agedef=REACH,A,AO,REACH,TOTAL,NR,T,ES
1999-01-01,1999,A|AO|REACH|TOTAL|NR|T|ES,128.0,Number,Eurostat,https://ec.europa.eu/eurostat/api/dissemination/statistics/1.0/data/migr_imm1ctz?geo=ES&age=TOTAL&sex=T&agedef=REACH,A,AO,REACH,TOTAL,NR,T,ES
2000-01-01,2000,A|AO|REACH|TOTAL|NR|T|ES,273.0,Number,Eurostat,https://ec.europa.eu/eurostat/api/dissemination/statistics/1.0/data/migr_imm1ctz?geo=ES&age=TOTAL&sex=T&agedef=REACH,A,AO,REACH,TOTAL,NR,T,ES
2001-01-01,2001,A|AO|REACH|TOTAL|NR|T|ES,210.0,Number,Eurostat,https://ec.europa.eu/eurostat/api/dissemination/statistics/1.0/data/migr_imm1ctz?geo=ES&age=TOTAL&sex=T&agedef=REACH,A,AO,REACH,TOTAL,NR,T,ES
2002-01-01,2002,A|AO|REACH|TOTAL|NR|T|ES,219.0,Number,Eurostat,https://ec.europa.eu/eurostat/api/dissemination/statistics/1.0/data/migr_imm1ctz?geo=ES&age=TOTAL&sex=T&agedef=REACH,A,AO,REACH,TOTAL,NR,T,ES
2003-01-01,2003,A|AO|REACH|TOTAL|NR|T|ES,,Number,Eurostat,https://ec.europa.eu/eurostat/api/dissemination/statistics/1.0/data/migr_imm1ctz?geo=ES&age=TOTAL&sex=T&agedef=REACH,A,AO,REACH,TOTAL,NR,T,ES
2004-01-01,2004,A|AO|REACH|TOTAL|NR|T|ES,213.0,Number,Eurostat,https://ec.europa.eu/eurostat/api/dissemination/statistics/1.0/data/migr_imm1ctz?geo=ES&age=TOTAL&sex=T&agedef=REACH,A,AO,REACH,TOTAL,NR,T,ES
2005-01-01,2005,A|AO|REACH|TOTAL|NR|T|ES,222.0,Number,Eurostat,https://ec.europa.eu/eurostat/api/dissemination/statistics/1.0/data/migr_imm1ctz?geo=ES&age=TOTAL&sex=T&agedef=REACH,A,AO,REACH,TOTAL,NR,T,ES
2006-01-01,2006,A|AO|REACH|TOTAL|NR|T|ES,269.0,Number,Eurostat,https://ec.europa.eu/eurostat/api/dissemination/statistics/1.0/data/migr_imm1ctz?geo=ES&age=TOTAL&sex=T&agedef=REACH,A,AO,REACH,TOTAL,NR,T,ES
2007-01-01,2007,A|AO|REACH|TOTAL|NR|T|ES,316.0,Number,Eurostat,https://ec.europa.eu/eurostat/api/dissemination/statistics/1.0/data/migr_imm1ctz?geo=ES&age=TOTAL&sex=T&agedef=REACH,A,AO,REACH,TOTAL,NR,T,ES
1998-01-01,1998,A|AR|REACH|TOTAL|NR|T|ES,1161.0,Number,Eurostat,https://ec.europa.eu/eurostat/api/dissemination/statistics/1.0/data/migr_imm1ctz?geo=ES&age=TOTAL&sex=T&agedef=REACH,A,AR,REACH,TOTAL,NR,T,ES
1999-01-01,1999,A|AR|REACH|TOTAL|NR|T|ES,1928.0,Number,Eurostat,https://ec.europa.eu/eurostat/api/dissemination/statistics/1.0/data/migr_imm1ctz?geo=ES&age=TOTAL&sex=T&agedef=REACH,A,AR,REACH,TOTAL,NR,T,ES
2000-01-01,2000,A|AR|REACH|TOTAL|NR|T|ES,6668.0,Number,Eurostat,https://ec.europa.eu/eurostat/api/dissemination/statistics/1.0/data/migr_imm1ctz?geo=ES&age=TOTAL&sex=T&agedef=REACH,A,AR,REACH,TOTAL,NR,T,ES
2001-01-01,2001,A|AR|REACH|TOTAL|NR|T|ES,15976.0,Number,Eurostat,https://ec.europa.eu/eurostat/api/dissemination/statistics/1.0/data/migr_imm1ctz?geo=ES&age=TOTAL&sex=T&agedef=REACH,A,AR,REACH,TOTAL,NR,T,ES
2002-01-01,2002,A|AR|REACH|TOTAL|NR|T|ES,35405.0,Number,Eurostat,https://ec.europa.eu/eurostat/api/dissemination/statistics/1.0/data/migr_imm1ctz?geo=ES&age=TOTAL&sex=T&agedef=REACH,A,AR,REACH,TOTAL,NR,T,ES
2003-01-01,2003,A|AR|REACH|TOTAL|NR|T|ES,,Number,Eurostat,https://ec.europa.eu/eurostat/api/dissemination/statistics/1.0/data/migr_imm1ctz?geo=ES&age=TOTAL&sex=T&agedef=REACH,A,AR,REACH,TOTAL,NR,T,ES
2004-01-01,2004,A|AR|REACH|TOTAL|NR|T|ES,25609.0,Number,Eurostat,https://ec.europa.eu/eurostat/api/dissemination/statistics/1.0/data/migr_imm1ctz?geo=ES&age=TOTAL&sex=T&agedef=REACH,A,AR,REACH,TOTAL,NR,T,ES
2005-01-01,2005,A|AR|REACH|TOTAL|NR|T|ES,24659.0,Number,Eurostat,https://ec.europa.eu/eurostat/api/dissemination/statistics/1.0/data/migr_imm1ctz?geo=ES&age=TOTAL&sex=T&agedef=REACH,A,AR,REACH,TOTAL,NR,T,ES
2006-01-01,2006,A|AR|REACH|TOTAL|NR|T|ES,24191.0,Number,Eurostat,https://ec.europa.eu/eurostat/api/dissemination/statistics/1.0/data/migr_imm1ctz?geo=ES&age=TOTAL&sex=T&agedef=REACH,A,AR,REACH,TOTAL,NR,T,ES
2007-01-01,2007,A|AR|REACH|TOTAL|NR|T|ES,21462.0,Number,Eurostat,https://ec.europa.eu/eurostat/api/dissemination/statistics/1.0/data/migr_imm1ctz?geo=ES&age=TOTAL&sex=T&agedef=REACH,A,AR,REACH,TOTAL,NR,T,ES
2008-01-01,2008,A|AR|REACH|TOTAL|NR|T|ES,13369.0,Number,Eurostat,https://ec.europa.eu/eurostat/api/dissemination/statistics/1.0/data/migr_imm1ctz?geo=ES&age=TOTAL&sex=T&agedef=REACH,A,AR,REACH,TOTAL,NR,T,ES
2009-01-01,2009,A|AR|REACH|TOTAL|NR|T|ES,6679.0,Number,Eurostat,https://ec.europa.eu/eurostat/api/dissemination/statistics/1.0/data/migr_imm1ctz?geo=ES&age=TOTAL&sex=T&agedef=REACH,A,AR,REACH,TOTAL,NR,T,ES
2010-01-01,2010,A|AR|REACH|TOTAL|NR|T|ES,5423.0,Number,Eurostat,https://ec.europa.eu/eurostat/api/dissemination/statistics/1.0/data/migr_imm1ctz?geo=ES&age=TOTAL&sex=T&agedef=REACH,A,AR,REACH,TOTAL,NR,T,ES
2011-01-01,2011,A|AR|REACH|TOTAL|NR|T|ES,4925.0,Number,Eurostat,https://ec.europa.eu/eurostat/api/dissemination/statistics/1.0/data/migr_imm1ctz?geo=ES&age=TOTAL&sex=T&agedef=REACH,A,AR,REACH,TOTAL,NR,T,ES
2012-01-01,2012,A|AR|REACH|TOTAL|NR|T|ES,3606.0,Number,Eurostat,https://ec.europa.eu/eurostat/api/dissemination/statistics/1.0/data/migr_imm1ctz?geo=ES&age=TOTAL&sex=T&agedef=REACH,A,AR,REACH,TOTAL,NR,T,ES
2013-01-01,2013,A|AR|REACH|TOTAL|NR|T|ES,3758.0,Number,Eurostat,https://ec.europa.eu/eurostat/api/dissemination/statistics/1.0/data/migr_imm1ctz?geo=ES&age=TOTAL&sex=T&agedef=REACH,A,AR,REACH,TOTAL,NR,T,ES
2014-01-01,2014,A|AR|REACH|TOTAL|NR|T|ES,4173.0,Number,Eurostat,https://ec.europa.eu/eurostat/api/dissemination/statistics/1.0/data/migr_imm1ctz?geo=ES&age=TOTAL&sex=T&agedef=REACH,A,AR,REACH,TOTAL,NR,T,ES
2015-01-01,2015,A|AR|REACH|TOTAL|NR|T|ES,4986.0,Number,Eurostat,https://ec.europa.eu/eurostat/api/dissemination/statistics/1.0/data/migr_imm1ctz?geo=ES&age=TOTAL&sex=T&agedef=REACH,A,AR,REACH,TOTAL,NR,T,ES
2016-01-01,2016,A|AR|REACH|TOTAL|NR|T|ES,6352.0,Number,Eurostat,https://ec.europa.eu/eurostat/api/dissemination/statistics/1.0/data/migr_imm1ctz?geo=ES&age=TOTAL&sex=T&agedef=REACH,A,AR,REACH,TOTAL,NR,T,ES
2017-01-01,2017,A|AR|REACH|TOTAL|NR|T|ES,8783.0,Number,Eurostat,https://ec.europa.eu/eurostat/api/dissemination/statistics/1.0/data/migr_imm1ctz?geo=ES&age=TOTAL&sex=T&agedef=REACH,A,AR,REACH,TOTAL,NR,T,ES
2018-01-01,2018,A|AR|REACH|TOTAL|NR|T|ES,11085.0,Number,Eurostat,https://ec.europa.eu/eurostat/api/dissemination/statistics/1.0/data/migr_imm1ctz?geo=ES&age=TOTAL&sex=T&agedef=REACH,A,AR,REACH,TOTAL,NR,T,ES
2019-01-01,2019,A|AR|REACH|TOTAL|NR|T|ES,17947.0,Number,Eurostat,https://ec.europa.eu/eurostat/api/dissemination/statistics/1.0/data/migr_imm1ctz?geo=ES&age=TOTAL&sex=T&agedef=REACH,A,AR,REACH,TOTAL,NR,T,ES
2020-01-01,2020,A|AR|REACH|TOTAL|NR|T|ES,10738.0,Number,Eurostat,https://ec.europa.eu/eurostat/api/dissemination/statistics/1.0/data/migr_imm1ctz?geo=ES&age=TOTAL&sex=T&agedef=REACH,A,AR,REACH,TOTAL,NR,T,ES
2021-01-01,2021,A|AR|REACH|TOTAL|NR|T|ES,20772.0,Number,Eurostat,https://ec.europa.eu/eurostat/api/dissemination/statistics/1.0/data/migr_imm1ctz?geo=ES&age=TOTAL&sex=T&agedef=REACH,A,AR,REACH,TOTAL,NR,T,ES
2022-01-01,2022,A|AR|REACH|TOTAL|NR|T|ES,33909.0,Number,Eurostat,https://ec.europa.eu/eurostat/api/dissemination/statistics/1.0/data/migr_imm1ctz?geo=ES&age=TOTAL&sex=T&agedef=REACH,A,AR,REACH,TOTAL,NR,T,ES
2023-01-01,2023,A|AR|REACH|TOTAL|NR|T|ES,35041.0,Number,Eurostat,https://ec.europa.eu/eurostat/api/dissemination/statistics/1.0/data/migr_imm1ctz?geo=ES&age=TOTAL&sex=T&agedef=REACH,A,AR,REACH,TOTAL,NR,T,ES
2024-01-01,2024,A|AR|REACH|TOTAL|NR|T|ES,32539.0,Number,Eurostat,https://ec.europa.eu/eurostat/api/dissemination/statistics/1.0/data/migr_imm1ctz?geo=ES&age=TOTAL&sex=T&agedef=REACH,A,AR,REACH,TOTAL,NR,T,ES
2008-01-01,2008,A|ASI_C|REACH|TOTAL|NR|T|ES,268.0,Number,Eurostat,https://ec.europa.eu/eurostat/api/dissemination/statistics/1.0/data/migr_imm1ctz?geo=ES&age=TOTAL&sex=T&agedef=REACH,A,ASI_C,REACH,TOTAL,NR,T,ES
2009-01-01,2009,A|ASI_C|REACH|TOTAL|NR|T|ES,296.0,Number,Eurostat,https://ec.europa.eu/eurostat/api/dissemination/statistics/1.0/data/migr_imm1ctz?geo=ES&age=TOTAL&sex=T&agedef=REACH,A,ASI_C,REACH,TOTAL,NR,T,ES
2010-01-01,2010,A|ASI_C|REACH|TOTAL|NR|T|ES,301.0,Number,Eurostat,https://ec.europa.eu/eurostat/api/dissemination/statistics/1.0/data/migr_imm1ctz?geo=ES&age=TOTAL&sex=T&agedef=REACH,A,ASI_C,REACH,TOTAL,NR,T,ES
2011-01-01,2011,A|ASI_C|REACH|TOTAL|NR|T|ES,357.0,Number,Eurostat,https://ec.europa.eu/eurostat/api/dissemination/statistics/1.0/data/migr_imm1ctz?geo=ES&age=TOTAL&sex=T&agedef=REACH,A,ASI_C,REACH,TOTAL,NR,T,ES
2012-01-01,2012,A|ASI_C|REACH|TOTAL|NR|T|ES,377.0,Number,Eurostat,https://ec.europa.eu/eurostat/api/dissemination/statistics/1.0/data/migr_imm1ctz?geo=ES&age=TOTAL&sex=T&agedef=REACH,A,ASI_C,REACH,TOTAL,NR,T,ES
2013-01-01,2013,A|ASI_C|REACH|TOTAL|NR|T|ES,394.0,Number,Eurostat,https://ec.europa.eu/eurostat/api/dissemination/statistics/1.0/data/migr_imm1ctz?geo=ES&age=TOTAL&sex=T&agedef=REACH,A,ASI_C,REACH,TOTAL,NR,T,ES
2014-01-01,2014,A|ASI_C|REACH|TOTAL|NR|T|ES,480.0,Number,Eurostat,https://ec.europa.eu/eurostat/api/dissemination/statistics/1.0/data/migr_imm1ctz?geo=ES&age=TOTAL&sex=T&agedef=REACH,A,ASI_C,REACH,TOTAL,NR,T,ES
1998-01-01,1998,A|ASI_E|REACH|TOTAL|NR|T|ES,1195.0,Number,Eurostat,https://ec.europa.eu/eurostat/api/dissemination/statistics/1.0/data/migr_imm1ctz?geo=ES&age=TOTAL&sex=T&agedef=REACH,A,ASI_E,REACH,TOTAL,NR,T,ES
1999-01-01,1999,A|ASI_E|REACH|TOTAL|NR|T|ES,1889.0,Number,Eurostat,https://ec.europa.eu/eurostat/api/dissemination/statistics/1.0/data/migr_imm1ctz?geo=ES&age=TOTAL&sex=T&agedef=REACH,A,ASI_E,REACH,TOTAL,NR,T,ES
2000-01-01,2000,A|ASI_E|REACH|TOTAL|NR|T|ES,5246.0,Number,Eurostat,https://ec.europa.eu/eurostat/api/dissemination/statistics/1.0/data/migr_imm1ctz?geo=ES&age=TOTAL&sex=T&agedef=REACH,A,ASI_E,REACH,TOTAL,NR,T,ES
2001-01-01,2001,A|ASI_E|REACH|TOTAL|NR|T|ES,5670.0,Number,Eurostat,https://ec.europa.eu/eurostat/api/dissemination/statistics/1.0/data/migr_imm1ctz?geo=ES&age=TOTAL&sex=T&agedef=REACH,A,ASI_E,REACH,TOTAL,NR,T,ES
2002-01-01,2002,A|ASI_E|REACH|TOTAL|NR|T|ES,,Number,Eurostat,https://ec.europa.eu/eurostat/api/dissemination/statistics/1.0/data/migr_imm1ctz?geo=ES&age=TOTAL&sex=T&agedef=REACH,A,ASI_E,REACH,TOTAL,NR,T,ES
2003-01-01,2003,A|ASI_E|REACH|TOTAL|NR|T|ES,,Number,Eurostat,https://ec.europa.eu/eurostat/api/dissemination/statistics/1.0/data/migr_imm1ctz?geo=ES&age=TOTAL&sex=T&agedef=REACH,A,ASI_E,REACH,TOTAL,NR,T,ES
2004-01-01,2004,A|ASI_E|REACH|TOTAL|NR|T|ES,,Number,Eurostat,https://ec.europa.eu/eurostat/api/dissemination/statistics/1.0/data/migr_imm1ctz?geo=ES&age=TOTAL&sex=T&agedef=REACH,A,ASI_E,REACH,TOTAL,NR,T,ES
2005-01-01,2005,A|ASI_E|REACH|TOTAL|NR|T|ES,,Number,Eurostat,https://ec.europa.eu/eurostat/api/dissemination/statistics/1.0/data/migr_imm1ctz?geo=ES&age=TOTAL&sex=T&agedef=REACH,A,ASI_E,REACH,TOTAL,NR,T,ES
2006-01-01,2006,A|ASI_E|REACH|TOTAL|NR|T|ES,,Number,Eurostat,https://ec.europa.eu/eurostat/api/dissemination/statistics/1.0/data/migr_imm1ctz?geo=ES&age=TOTAL&sex=T&agedef=REACH,A,ASI_E,REACH,TOTAL,NR,T,ES
2007-01-01,2007,A|ASI_E|REACH|TOTAL|NR|T|ES,,Number,Eurostat,https://ec.europa.eu/eurostat/api/dissemination/statistics/1.0/data/migr_imm1ctz?geo=ES&age=TOTAL&sex=T&agedef=REACH,A,ASI_E,REACH,TOTAL,NR,T,ES
2008-01-01,2008,A|ASI_E|REACH|TOTAL|NR|T|ES,21095.0,Number,Eurostat,https://ec.europa.eu/eurostat/api/dissemination/statistics/1.0/data/migr_imm1ctz?geo=ES&age=TOTAL&sex=T&agedef=REACH,A,ASI_E,REACH,TOTAL,NR,T,ES
2009-01-01,2009,A|ASI_E|REACH|TOTAL|NR|T|ES,12829.0,Number,Eurostat,https://ec.europa.eu/eurostat/api/dissemination/statistics/1.0/data/migr_imm1ctz?geo=ES&age=TOTAL&sex=T&agedef=REACH,A,ASI_E,REACH,TOTAL,NR,T,ES
2010-01-01,2010,A|ASI_E|REACH|TOTAL|NR|T|ES,11510.0,Number,Eurostat,https://ec.europa.eu/eurostat/api/dissemination/statistics/1.0/data/migr_imm1ctz?geo=ES&age=TOTAL&sex=T&agedef=REACH,A,ASI_E,REACH,TOTAL,NR,T,ES
2011-01-01,2011,A|ASI_E|REACH|TOTAL|NR|T|ES,12140.0,Number,Eurostat,https://ec.europa.eu/eurostat/api/dissemination/statistics/1.0/data/migr_imm1ctz?geo=ES&age=TOTAL&sex=T&agedef=REACH,A,ASI_E,REACH,TOTAL,NR,T,ES
2012-01-01,2012,A|ASI_E|REACH|TOTAL|NR|T|ES,10723.0,Number,Eurostat,https://ec.europa.eu/eurostat/api/dissemination/statistics/1.0/data/migr_imm1ctz?geo=ES&age=TOTAL&sex=T&agedef=REACH,A,ASI_E,REACH,TOTAL,NR,T,ES
2013-01-01,2013,A|ASI_E|REACH|TOTAL|NR|T|ES,10573.0,Number,Eurostat,https://ec.europa.eu/eurostat/api/dissemination/statistics/1.0/data/migr_imm1ctz?geo=ES&age=TOTAL&sex=T&agedef=REACH,A,ASI_E,REACH,TOTAL,NR,T,ES
2014-01-01,2014,A|ASI_E|REACH|TOTAL|NR|T|ES,10795.0,Number,Eurostat,https://ec.europa.eu/eurostat/api/dissemination/statistics/1.0/data/migr_imm1ctz?geo=ES&age=TOTAL&sex=T&agedef=REACH,A,ASI_E,REACH,TOTAL,NR,T,ES
2015-01-01,2015,A|ASI_E|REACH|TOTAL|NR|T|ES,,Number,Eurostat,https://ec.europa.eu/eurostat/api/dissemination/statistics/1.0/data/migr_imm1ctz?geo=ES&age=TOTAL&sex=T&agedef=REACH,A,ASI_E,REACH,TOTAL,NR,T,ES
2016-01-01,2016,A|ASI_E|REACH|TOTAL|NR|T|ES,10215.0,Number,Eurostat,https://ec.europa.eu/eurostat/api/dissemination/statistics/1.0/data/migr_imm1ctz?geo=ES&age=TOTAL&sex=T&agedef=REACH,A,ASI_E,REACH,TOTAL,NR,T,ES
1998-01-01,1998,A|ASI_OTH|REACH|TOTAL|NR|T|ES,3.0,Number,Eurostat,https://ec.europa.eu/eurostat/api/dissemination/statistics/1.0/data/migr_imm1ctz?geo=ES&age=TOTAL&sex=T&agedef=REACH,A,ASI_OTH,REACH,TOTAL,NR,T,ES
1999-01-01,1999,A|ASI_OTH|REACH|TOTAL|NR|T|ES,5.0,Number,Eurostat,https://ec.europa.eu/eurostat/api/dissemination/statistics/1.0/data/migr_imm1ctz?geo=ES&age=TOTAL&sex=T&agedef=REACH,A,ASI_OTH,REACH,TOTAL,NR,T,ES
2000-01-01,2000,A|ASI_OTH|REACH|TOTAL|NR|T|ES,0.0,Number,Eurostat,https://ec.europa.eu/eurostat/api/dissemination/statistics/1.0/data/migr_imm1ctz?geo=ES&age=TOTAL&sex=T&agedef=REACH,A,ASI_OTH,REACH,TOTAL,NR,T,ES
2001-01-01,2001,A|ASI_OTH|REACH|TOTAL|NR|T|ES,33.0,Number,Eurostat,https://ec.europa.eu/eurostat/api/dissemination/statistics/1.0/data/migr_imm1ctz?geo=ES&age=TOTAL&sex=T&agedef=REACH,A,ASI_OTH,REACH,TOTAL,NR,T,ES
2002-01-01,2002,A|ASI_OTH|REACH|TOTAL|NR|T|ES,,Number,Eurostat,https://ec.europa.eu/eurostat/api/dissemination/statistics/1.0/data/migr_imm1ctz?geo=ES&age=TOTAL&sex=T&agedef=REACH,A,ASI_OTH,REACH,TOTAL,NR,T,ES
2003-01-01,2003,A|ASI_OTH|REACH|TOTAL|NR|T|ES,,Number,Eurostat,https://ec.europa.eu/eurostat/api/dissemination/statistics/1.0/data/migr_imm1ctz?geo=ES&age=TOTAL&sex=T&agedef=REACH,A,ASI_OTH,REACH,TOTAL,NR,T,ES
2004-01-01,2004,A|ASI_OTH|REACH|TOTAL|NR|T|ES,17.0,Number,Eurostat,https://ec.europa.eu/eurostat/api/dissemination/statistics/1.0/data/migr_imm1ctz?geo=ES&age=TOTAL&sex=T&agedef=REACH,A,ASI_OTH,REACH,TOTAL,NR,T,ES
2005-01-01,2005,A|ASI_OTH|REACH|TOTAL|NR|T|ES,21.0,Number,Eurostat,https://ec.europa.eu/eurostat/api/dissemination/statistics/1.0/data/migr_imm1ctz?geo=ES&age=TOTAL&sex=T&agedef=REACH,A,ASI_OTH,REACH,TOTAL,NR,T,ES
2006-01-01,2006,A|ASI_OTH|REACH|TOTAL|NR|T|ES,53.0,Number,Eurostat,https://ec.europa.eu/eurostat/api/dissemination/statistics/1.0/data/migr_imm1ctz?geo=ES&age=TOTAL&sex=T&agedef=REACH,A,ASI_OTH,REACH,TOTAL,NR,T,ES
2007-01-01,2007,A|ASI_OTH|REACH|TOTAL|NR|T|ES,49.0,Number,Eurostat,https://ec.europa.eu/eurostat/api/dissemination/statistics/1.0/data/migr_imm1ctz?geo=ES&age=TOTAL&sex=T&agedef=REACH,A,ASI_OTH,REACH,TOTAL,NR,T,ES
1998-01-01,1998,A|ASI_S_E|REACH|TOTAL|NR|T|ES,444.0,Number,Eurostat,https://ec.europa.eu/eurostat/api/dissemination/statistics/1.0/data/migr_imm1ctz?geo=ES&age=TOTAL&sex=T&agedef=REACH,A,ASI_S_E,REACH,TOTAL,NR,T,ES
1999-01-01,1999,A|ASI_S_E|REACH|TOTAL|NR|T|ES,576.0,Number,Eurostat,https://ec.europa.eu/eurostat/api/dissemination/statistics/1.0/data/migr_imm1ctz?geo=ES&age=TOTAL&sex=T&agedef=REACH,A,ASI_S_E,REACH,TOTAL,NR,T,ES
2000-01-01,2000,A|ASI_S_E|REACH|TOTAL|NR|T|ES,1221.0,Number,Eurostat,https://ec.europa.eu/eurostat/api/dissemination/statistics/1.0/data/migr_imm1ctz?geo=ES&age=TOTAL&sex=T&agedef=REACH,A,ASI_S_E,REACH,TOTAL,NR,T,ES
2001-01-01,2001,A|ASI_S_E|REACH|TOTAL|NR|T|ES,1342.0,Number,Eurostat,https://ec.europa.eu/eurostat/api/dissemination/statistics/1.0/data/migr_imm1ctz?geo=ES&age=TOTAL&sex=T&agedef=REACH,A,ASI_S_E,REACH,TOTAL,NR,T,ES
2002-01-01,2002,A|ASI_S_E|REACH|TOTAL|NR|T|ES,,Number,Eurostat,https://ec.europa.eu/eurostat/api/dissemination/statistics/1.0/data/migr_imm1ctz?geo=ES&age=TOTAL&sex=T&agedef=REACH,A,ASI_S_E,REACH,TOTAL,NR,T,ES
2003-01-01,2003,A|ASI_S_E|REACH|TOTAL|NR|T|ES,,Number,Eurostat,https://ec.europa.eu/eurostat/api/dissemination/statistics/1.0/data/migr_imm1ctz?geo=ES&age=TOTAL&sex=T&agedef=REACH,A,ASI_S_E,REACH,TOTAL,NR,T,ES
2004-01-01,2004,A|ASI_S_E|REACH|TOTAL|NR|T|ES,,Number,Eurostat,https://ec.europa.eu/eurostat/api/dissemination/statistics/1.0/data/migr_imm1ctz?geo=ES&age=TOTAL&sex=T&agedef=REACH,A,ASI_S_E,REACH,TOTAL,NR,T,ES
2005-01-01,2005,A|ASI_S_E|REACH|TOTAL|NR|T|ES,,Number,Eurostat,https://ec.europa.eu/eurostat/api/dissemination/statistics/1.0/data/migr_imm1ctz?geo=ES&age=TOTAL&sex=T&agedef=REACH,A,ASI_S_E,REACH,TOTAL,NR,T,ES
2006-01-01,2006,A|ASI_S_E|REACH|TOTAL|NR|T|ES,,Number,Eurostat,https://ec.europa.eu/eurostat/api/dissemination/statistics/1.0/data/migr_imm1ctz?geo=ES&age=TOTAL&sex=T&agedef=REACH,A,ASI_S_E,REACH,TOTAL,NR,T,ES
2007-01-01,2007,A|ASI_S_E|REACH|TOTAL|NR|T|ES,,Number,Eurostat,https://ec.europa.eu/eurostat/api/dissemination/statistics/1.0/data/migr_imm1ctz?geo=ES&age=TOTAL&sex=T&agedef=REACH,A,ASI_S_E,REACH,TOTAL,NR,T,ES
2008-01-01,2008,A|ASI_S_E|REACH|TOTAL|NR|T|ES,5624.0,Number,Eurostat,https://ec.europa.eu/eurostat/api/dissemination/statistics/1.0/data/migr_imm1ctz?geo=ES&age=TOTAL&sex=T&agedef=REACH,A,ASI_S_E,REACH,TOTAL,NR,T,ES
2009-01-01,2009,A|ASI_S_E|REACH|TOTAL|NR|T|ES,3619.0,Number,Eurostat,https://ec.europa.eu/eurostat/api/dissemination/statistics/1.0/data/migr_imm1ctz?geo=ES&age=TOTAL&sex=T&agedef=REACH,A,ASI_S_E,REACH,TOTAL,NR,T,ES
2010-01-01,2010,A|ASI_S_E|REACH|TOTAL|NR|T|ES,2595.0,Number,Eurostat,https://ec.europa.eu/eurostat/api/dissemination/statistics/1.0/data/migr_imm1ctz?geo=ES&age=TOTAL&sex=T&agedef=REACH,A,ASI_S_E,REACH,TOTAL,NR,T,ES
2011-01-01,2011,A|ASI_S_E|REACH|TOTAL|NR|T|ES,3025.0,Number,Eurostat,https://ec.europa.eu/eurostat/api/dissemination/statistics/1.0/data/migr_imm1ctz?geo=ES&age=TOTAL&sex=T&agedef=REACH,A,ASI_S_E,REACH,TOTAL,NR,T,ES
2012-01-01,2012,A|ASI_S_E|REACH|TOTAL|NR|T|ES,2738.0,Number,Eurostat,https://ec.europa.eu/eurostat/api/dissemination/statistics/1.0/data/migr_imm1ctz?geo=ES&age=TOTAL&sex=T&agedef=REACH,A,ASI_S_E,REACH,TOTAL,NR,T,ES
2013-01-01,2013,A|ASI_S_E|REACH|TOTAL|NR|T|ES,2614.0,Number,Eurostat,https://ec.europa.eu/eurostat/api/dissemination/statistics/1.0/data/migr_imm1ctz?geo=ES&age=TOTAL&sex=T&agedef=REACH,A,ASI_S_E,REACH,TOTAL,NR,T,ES
2014-01-01,2014,A|ASI_S_E|REACH|TOTAL|NR|T|ES,2632.0,Number,Eurostat,https://ec.europa.eu/eurostat/api/dissemination/statistics/1.0/data/migr_imm1ctz?geo=ES&age=TOTAL&sex=T&agedef=REACH,A,ASI_S_E,REACH,TOTAL,NR,T,ES
2015-01-01,2015,A|ASI_S_E|REACH|TOTAL|NR|T|ES,,Number,Eurostat,https://ec.europa.eu/eurostat/api/dissemination/statistics/1.0/data/migr_imm1ctz?geo=ES&age=TOTAL&sex=T&agedef=REACH,A,ASI_S_E,REACH,TOTAL,NR,T,ES
2016-01-01,2016,A|ASI_S_E|REACH|TOTAL|NR|T|ES,2525.0,Number,Eurostat,https://ec.europa.eu/eurostat/api/dissemination/statistics/1.0/data/migr_imm1ctz?geo=ES&age=TOTAL&sex=T&agedef=REACH,A,ASI_S_E,REACH,TOTAL,NR,T,ES
1998-01-01,1998,A|ASI_S|REACH|TOTAL|NR|T|ES,675.0,Number,Eurostat,https://ec.europa.eu/eurostat/api/dissemination/statistics/1.0/data/migr_imm1ctz?geo=ES&age=TOTAL&sex=T&agedef=REACH,A,ASI_S,REACH,TOTAL,NR,T,ES
1999-01-01,1999,A|ASI_S|REACH|TOTAL|NR|T|ES,823.0,Number,Eurostat,https://ec.europa.eu/eurostat/api/dissemination/statistics/1.0/data/migr_imm1ctz?geo=ES&age=TOTAL&sex=T&agedef=REACH,A,ASI_S,REACH,TOTAL,NR,T,ES
2000-01-01,2000,A|ASI_S|REACH|TOTAL|NR|T|ES,2909.0,Number,Eurostat,https://ec.europa.eu/eurostat/api/dissemination/statistics/1.0/data/migr_imm1ctz?geo=ES&age=TOTAL&sex=T&agedef=REACH,A,ASI_S,REACH,TOTAL,NR,T,ES
2001-01-01,2001,A|ASI_S|REACH|TOTAL|NR|T|ES,3351.0,Number,Eurostat,https://ec.europa.eu/eurostat/api/dissemination/statistics/1.0/data/migr_imm1ctz?geo=ES&age=TOTAL&sex=T&agedef=REACH,A,ASI_S,REACH,TOTAL,NR,T,ES
2002-01-01,2002,A|ASI_S|REACH|TOTAL|NR|T|ES,,Number,Eurostat,https://ec.europa.eu/eurostat/api/dissemination/statistics/1.0/data/migr_imm1ctz?geo=ES&age=TOTAL&sex=T&agedef=REACH,A,ASI_S,REACH,TOTAL,NR,T,ES
2003-01-01,2003,A|ASI_S|REACH|TOTAL|NR|T|ES,,Number,Eurostat,https://ec.europa.eu/eurostat/api/dissemination/statistics/1.0/data/migr_imm1ctz?geo=ES&age=TOTAL&sex=T&agedef=REACH,A,ASI_S,REACH,TOTAL,NR,T,ES
2004-01-01,2004,A|ASI_S|REACH|TOTAL|NR|T|ES,,Number,Eurostat,https://ec.europa.eu/eurostat/api/dissemination/statistics/1.0/data/migr_imm1ctz?geo=ES&age=TOTAL&sex=T&agedef=REACH,A,ASI_S,REACH,TOTAL,NR,T,ES
2005-01-01,2005,A|ASI_S|REACH|TOTAL|NR|T|ES,,Number,Eurostat,https://ec.europa.eu/eurostat/api/dissemination/statistics/1.0/data/migr_imm1ctz?geo=ES&age=TOTAL&sex=T&agedef=REACH,A,ASI_S,REACH,TOTAL,NR,T,ES
2006-01-01,2006,A|ASI_S|REACH|TOTAL|NR|T|ES,,Number,Eurostat,https://ec.europa.eu/eurostat/api/dissemination/statistics/1.0/data/migr_imm1ctz?geo=ES&age=TOTAL&sex=T&agedef=REACH,A,ASI_S,REACH,TOTAL,NR,T,ES
2007-01-01,2007,A|ASI_S|REACH|TOTAL|NR|T|ES,,Number,Eurostat,https://ec.europa.eu/eurostat/api/dissemination/statistics/1.0/data/migr_imm1ctz?geo=ES&age=TOTAL&sex=T&agedef=REACH,A,ASI_S,REACH,TOTAL,NR,T,ES
2008-01-01,2008,A|ASI_S|REACH|TOTAL|NR|T|ES,16541.0,Number,Eurostat,https://ec.europa.eu/eurostat/api/dissemination/statistics/1.0/data/migr_imm1ctz?geo=ES&age=TOTAL&sex=T&agedef=REACH,A,ASI_S,REACH,TOTAL,NR,T,ES
2009-01-01,2009,A|ASI_S|REACH|TOTAL|NR|T|ES,13207.0,Number,Eurostat,https://ec.europa.eu/eurostat/api/dissemination/statistics/1.0/data/migr_imm1ctz?geo=ES&age=TOTAL&sex=T&agedef=REACH,A,ASI_S,REACH,TOTAL,NR,T,ES
2010-01-01,2010,A|ASI_S|REACH|TOTAL|NR|T|ES,20942.0,Number,Eurostat,https://ec.europa.eu/eurostat/api/dissemination/statistics/1.0/data/migr_imm1ctz?geo=ES&age=TOTAL&sex=T&agedef=REACH,A,ASI_S,REACH,TOTAL,NR,T,ES
2011-01-01,2011,A|ASI_S|REACH|TOTAL|NR|T|ES,17732.0,Number,Eurostat,https://ec.europa.eu/eurostat/api/dissemination/statistics/1.0/data/migr_imm1ctz?geo=ES&age=TOTAL&sex=T&agedef=REACH,A,ASI_S,REACH,TOTAL,NR,T,ES
2012-01-01,2012,A|ASI_S|REACH|TOTAL|NR|T|ES,14441.0,Number,Eurostat,https://ec.europa.eu/eurostat/api/dissemination/statistics/1.0/data/migr_imm1ctz?geo=ES&age=TOTAL&sex=T&agedef=REACH,A,ASI_S,REACH,TOTAL,NR,T,ES
2013-01-01,2013,A|ASI_S|REACH|TOTAL|NR|T|ES,11710.0,Number,Eurostat,https://ec.europa.eu/eurostat/api/dissemination/statistics/1.0/data/migr_imm1ctz?geo=ES&age=TOTAL&sex=T&agedef=REACH,A,ASI_S,REACH,TOTAL,NR,T,ES
2014-01-01,2014,A|ASI_S|REACH|TOTAL|NR|T|ES,10231.0,Number,Eurostat,https://ec.europa.eu/eurostat/api/dissemination/statistics/1.0/data/migr_imm1ctz?geo=ES&age=TOTAL&sex=T&agedef=REACH,A,ASI_S,REACH,TOTAL,NR,T,ES
2015-01-01,2015,A|ASI_S|REACH|TOTAL|NR|T|ES,,Number,Eurostat,https://ec.europa.eu/eurostat/api/dissemination/statistics/1.0/data/migr_imm1ctz?geo=ES&age=TOTAL&sex=T&agedef=REACH,A,ASI_S,REACH,TOTAL,NR,T,ES
2016-01-01,2016,A|ASI_S|REACH|TOTAL|NR|T|ES,11836.0,Number,Eurostat,https://ec.europa.eu/eurostat/api/dissemination/statistics/1.0/data/migr_imm1ctz?geo=ES&age=TOTAL&sex=T&agedef=REACH,A,ASI_S,REACH,TOTAL,NR,T,ES
1998-01-01,1998,A|ASI_W|REACH|TOTAL|NR|T|ES,381.0,Number,Eurostat,https://ec.europa.eu/eurostat/api/dissemination/statistics/1.0/data/migr_imm1ctz?geo=ES&age=TOTAL&sex=T&agedef=REACH,A,ASI_W,REACH,TOTAL,NR,T,ES
1999-01-01,1999,A|ASI_W|REACH|TOTAL|NR|T|ES,745.0,Number,Eurostat,https://ec.europa.eu/eurostat/api/dissemination/statistics/1.0/data/migr_imm1ctz?geo=ES&age=TOTAL&sex=T&agedef=REACH,A,ASI_W,REACH,TOTAL,NR,T,ES
2000-01-01,2000,A|ASI_W|REACH|TOTAL|NR|T|ES,2084.0,Number,Eurostat,https://ec.europa.eu/eurostat/api/dissemination/statistics/1.0/data/migr_imm1ctz?geo=ES&age=TOTAL&sex=T&agedef=REACH,A,ASI_W,REACH,TOTAL,NR,T,ES
2001-01-01,2001,A|ASI_W|REACH|TOTAL|NR|T|ES,2028.0,Number,Eurostat,https://ec.europa.eu/eurostat/api/dissemination/statistics/1.0/data/migr_imm1ctz?geo=ES&age=TOTAL&sex=T&agedef=REACH,A,ASI_W,REACH,TOTAL,NR,T,ES
2002-01-01,2002,A|ASI_W|REACH|TOTAL|NR|T|ES,,Number,Eurostat,https://ec.europa.eu/eurostat/api/dissemination/statistics/1.0/data/migr_imm1ctz?geo=ES&age=TOTAL&sex=T&agedef=REACH,A,ASI_W,REACH,TOTAL,NR,T,ES
2003-01-01,2003,A|ASI_W|REACH|TOTAL|NR|T|ES,,Number,Eurostat,https://ec.europa.eu/eurostat/api/dissemination/statistics/1.0/data/migr_imm1ctz?geo=ES&age=TOTAL&sex=T&agedef=REACH,A,ASI_W,REACH,TOTAL,NR,T,ES
2004-01-01,2004,A|ASI_W|REACH|TOTAL|NR|T|ES,,Number,Eurostat,https://ec.europa.eu/eurostat/api/dissemination/statistics/1.0/data/migr_imm1ctz?geo=ES&age=TOTAL&sex=T&agedef=REACH,A,ASI_W,REACH,TOTAL,NR,T,ES
2005-01-01,2005,A|ASI_W|REACH|TOTAL|NR|T|ES,,Number,Eurostat,https://ec.europa.eu/eurostat/api/dissemination/statistics/1.0/data/migr_imm1ctz?geo=ES&age=TOTAL&sex=T&agedef=REACH,A,ASI_W,REACH,TOTAL,NR,T,ES
2006-01-01,2006,A|ASI_W|REACH|TOTAL|NR|T|ES,,Number,Eurostat,https://ec.europa.eu/eurostat/api/dissemination/statistics/1.0/data/migr_imm1ctz?geo=ES&age=TOTAL&sex=T&agedef=REACH,A,ASI_W,REACH,TOTAL,NR,T,ES
2007-01-01,2007,A|ASI_W|REACH|TOTAL|NR|T|ES,,Number,Eurostat,https://ec.europa.eu/eurostat/api/dissemination/statistics/1.0/data/migr_imm1ctz?geo=ES&age=TOTAL&sex=T&agedef=REACH,A,ASI_W,REACH,TOTAL,NR,T,ES
2008-01-01,2008,A|ASI_W|REACH|TOTAL|NR|T|ES,3965.0,Number,Eurostat,https://ec.europa.eu/eurostat/api/dissemination/statistics/1.0/data/migr_imm1ctz?geo=ES&age=TOTAL&sex=T&agedef=REACH,A,ASI_W,REACH,TOTAL,NR,T,ES
2009-01-01,2009,A|ASI_W|REACH|TOTAL|NR|T|ES,2521.0,Number,Eurostat,https://ec.europa.eu/eurostat/api/dissemination/statistics/1.0/data/migr_imm1ctz?geo=ES&age=TOTAL&sex=T&agedef=REACH,A,ASI_W,REACH,TOTAL,NR,T,ES
2010-01-01,2010,A|ASI_W|REACH|TOTAL|NR|T|ES,2366.0,Number,Eurostat,https://ec.europa.eu/eurostat/api/dissemination/statistics/1.0/data/migr_imm1ctz?geo=ES&age=TOTAL&sex=T&agedef=REACH,A,ASI_W,REACH,TOTAL,NR,T,ES
2011-01-01,2011,A|ASI_W|REACH|TOTAL|NR|T|ES,2848.0,Number,Eurostat,https://ec.europa.eu/eurostat/api/dissemination/statistics/1.0/data/migr_imm1ctz?geo=ES&age=TOTAL&sex=T&agedef=REACH,A,ASI_W,REACH,TOTAL,NR,T,ES
2012-01-01,2012,A|ASI_W|REACH|TOTAL|NR|T|ES,2794.0,Number,Eurostat,https://ec.europa.eu/eurostat/api/dissemination/statistics/1.0/data/migr_imm1ctz?geo=ES&age=TOTAL&sex=T&agedef=REACH,A,ASI_W,REACH,TOTAL,NR,T,ES
2013-01-01,2013,A|ASI_W|REACH|TOTAL|NR|T|ES,3256.0,Number,Eurostat,https://ec.europa.eu/eurostat/api/dissemination/statistics/1.0/data/migr_imm1ctz?geo=ES&age=TOTAL&sex=T&agedef=REACH,A,ASI_W,REACH,TOTAL,NR,T,ES
2014-01-01,2014,A|ASI_W|REACH|TOTAL|NR|T|ES,3742.0,Number,Eurostat,https://ec.europa.eu/eurostat/api/dissemination/statistics/1.0/data/migr_imm1ctz?geo=ES&age=TOTAL&sex=T&agedef=REACH,A,ASI_W,REACH,TOTAL,NR,T,ES
1998-01-01,1998,A|ASI|REACH|TOTAL|NR|T|ES,2698.0,Number,Eurostat,https://ec.europa.eu/eurostat/api/dissemination/statistics/1.0/data/migr_imm1ctz?geo=ES&age=TOTAL&sex=T&agedef=REACH,A,ASI,REACH,TOTAL,NR,T,ES
1999-01-01,1999,A|ASI|REACH|TOTAL|NR|T|ES,4038.0,Number,Eurostat,https://ec.europa.eu/eurostat/api/dissemination/statistics/1.0/data/migr_imm1ctz?geo=ES&age=TOTAL&sex=T&agedef=REACH,A,ASI,REACH,TOTAL,NR,T,ES
2000-01-01,2000,A|ASI|REACH|TOTAL|NR|T|ES,11460.0,Number,Eurostat,https://ec.europa.eu/eurostat/api/dissemination/statistics/1.0/data/migr_imm1ctz?geo=ES&age=TOTAL&sex=T&agedef=REACH,A,ASI,REACH,TOTAL,NR,T,ES
2001-01-01,2001,A|ASI|REACH|TOTAL|NR|T|ES,12424.0,Number,Eurostat,https://ec.europa.eu/eurostat/api/dissemination/statistics/1.0/data/migr_imm1ctz?geo=ES&age=TOTAL&sex=T&agedef=REACH,A,ASI,REACH,TOTAL,NR,T,ES
2002-01-01,2002,A|ASI|REACH|TOTAL|NR|T|ES,13098.0,Number,Eurostat,https://ec.europa.eu/eurostat/api/dissemination/statistics/1.0/data/migr_imm1ctz?geo=ES&age=TOTAL&sex=T&agedef=REACH,A,ASI,REACH,TOTAL,NR,T,ES
2003-01-01,2003,A|ASI|REACH|TOTAL|NR|T|ES,,Number,Eurostat,https://ec.europa.eu/eurostat/api/dissemination/statistics/1.0/data/migr_imm1ctz?geo=ES&age=TOTAL&sex=T&agedef=REACH,A,ASI,REACH,TOTAL,NR,T,ES
2004-01-01,2004,A|ASI|REACH|TOTAL|NR|T|ES,43618.0,Number,Eurostat,https://ec.europa.eu/eurostat/api/dissemination/statistics/1.0/data/migr_imm1ctz?geo=ES&age=TOTAL&sex=T&agedef=REACH,A,ASI,REACH,TOTAL,NR,T,ES
2005-01-01,2005,A|ASI|REACH|TOTAL|NR|T|ES,46784.0,Number,Eurostat,https://ec.europa.eu/eurostat/api/dissemination/statistics/1.0/data/migr_imm1ctz?geo=ES&age=TOTAL&sex=T&agedef=REACH,A,ASI,REACH,TOTAL,NR,T,ES
2006-01-01,2006,A|ASI|REACH|TOTAL|NR|T|ES,42696.0,Number,Eurostat,https://ec.europa.eu/eurostat/api/dissemination/statistics/1.0/data/migr_imm1ctz?geo=ES&age=TOTAL&sex=T&agedef=REACH,A,ASI,REACH,TOTAL,NR,T,ES
2007-01-01,2007,A|ASI|REACH|TOTAL|NR|T|ES,53219.0,Number,Eurostat,https://ec.europa.eu/eurostat/api/dissemination/statistics/1.0/data/migr_imm1ctz?geo=ES&age=TOTAL&sex=T&agedef=REACH,A,ASI,REACH,TOTAL,NR,T,ES
2008-01-01,2008,A|ASI|REACH|TOTAL|NR|T|ES,47493.0,Number,Eurostat,https://ec.europa.eu/eurostat/api/dissemination/statistics/1.0/data/migr_imm1ctz?geo=ES&age=TOTAL&sex=T&agedef=REACH,A,ASI,REACH,TOTAL,NR,T,ES
2009-01-01,2009,A|ASI|REACH|TOTAL|NR|T|ES,32472.0,Number,Eurostat,https://ec.europa.eu/eurostat/api/dissemination/statistics/1.0/data/migr_imm1ctz?geo=ES&age=TOTAL&sex=T&agedef=REACH,A,ASI,REACH,TOTAL,NR,T,ES
2010-01-01,2010,A|ASI|REACH|TOTAL|NR|T|ES,37714.0,Number,Eurostat,https://ec.europa.eu/eurostat/api/dissemination/statistics/1.0/data/migr_imm1ctz?geo=ES&age=TOTAL&sex=T&agedef=REACH,A,ASI,REACH,TOTAL,NR,T,ES
2011-01-01,2011,A|ASI|REACH|TOTAL|NR|T|ES,36102.0,Number,Eurostat,https://ec.europa.eu/eurostat/api/dissemination/statistics/1.0/data/migr_imm1ctz?geo=ES&age=TOTAL&sex=T&agedef=REACH,A,ASI,REACH,TOTAL,NR,T,ES
2012-01-01,2012,A|ASI|REACH|TOTAL|NR|T|ES,31073.0,Number,Eurostat,https://ec.europa.eu/eurostat/api/dissemination/statistics/1.0/data/migr_imm1ctz?geo=ES&age=TOTAL&sex=T&agedef=REACH,A,ASI,REACH,TOTAL,NR,T,ES
2013-01-01,2013,A|ASI|REACH|TOTAL|NR|T|ES,28547.0,Number,Eurostat,https://ec.europa.eu/eurostat/api/dissemination/statistics/1.0/data/migr_imm1ctz?geo=ES&age=TOTAL&sex=T&agedef=REACH,A,ASI,REACH,TOTAL,NR,T,ES
2014-01-01,2014,A|ASI|REACH|TOTAL|NR|T|ES,27880.0,Number,Eurostat,https://ec.europa.eu/eurostat/api/dissemination/statistics/1.0/data/migr_imm1ctz?geo=ES&age=TOTAL&sex=T&agedef=REACH,A,ASI,REACH,TOTAL,NR,T,ES
2015-01-01,2015,A|ASI|REACH|TOTAL|NR|T|ES,,Number,Eurostat,https://ec.europa.eu/eurostat/api/dissemination/statistics/1.0/data/migr_imm1ctz?geo=ES&age=TOTAL&sex=T&agedef=REACH,A,ASI,REACH,TOTAL,NR,T,ES
2016-01-01,2016,A|ASI|REACH|TOTAL|NR|T|ES,24576.0,Number,Eurostat,https://ec.europa.eu/eurostat/api/dissemination/statistics/1.0/data/migr_imm1ctz?geo=ES&age=TOTAL&sex=T&agedef=REACH,A,ASI,REACH,TOTAL,NR,T,ES
1998-01-01,1998,A|AT|REACH|TOTAL|NR|T|ES,331.0,Number,Eurostat,https://ec.europa.eu/eurostat/api/dissemination/statistics/1.0/data/migr_imm1ctz?geo=ES&age=TOTAL&sex=T&agedef=REACH,A,AT,REACH,TOTAL,NR,T,ES
1999-01-01,1999,A|AT|REACH|TOTAL|NR|T|ES,485.0,Number,Eurostat,https://ec.europa.eu/eurostat/api/dissemination/statistics/1.0/data/migr_imm1ctz?geo=ES&age=TOTAL&sex=T&agedef=REACH,A,AT,REACH,TOTAL,NR,T,ES
2000-01-01,2000,A|AT|REACH|TOTAL|NR|T|ES,451.0,Number,Eurostat,https://ec.europa.eu/eurostat/api/dissemination/statistics/1.0/data/migr_imm1ctz?geo=ES&age=TOTAL&sex=T&agedef=REACH,A,AT,REACH,TOTAL,NR,T,ES
2001-01-01,2001,A|AT|REACH|TOTAL|NR|T|ES,492.0,Number,Eurostat,https://ec.europa.eu/eurostat/api/dissemination/statistics/1.0/data/migr_imm1ctz?geo=ES&age=TOTAL&sex=T&agedef=REACH,A,AT,REACH,TOTAL,NR,T,ES
2002-01-01,2002,A|AT|REACH|TOTAL|NR|T|ES,563.0,Number,Eurostat,https://ec.europa.eu/eurostat/api/dissemination/statistics/1.0/data/migr_imm1ctz?geo=ES&age=TOTAL&sex=T&agedef=REACH,A,AT,REACH,TOTAL,NR,T,ES
2003-01-01,2003,A|AT|REACH|TOTAL|NR|T|ES,,Number,Eurostat,https://ec.europa.eu/eurostat/api/dissemination/statistics/1.0/data/migr_imm1ctz?geo=ES&age=TOTAL&sex=T&agedef=REACH,A,AT,REACH,TOTAL,NR,T,ES
2004-01-01,2004,A|AT|REACH|TOTAL|NR|T|ES,777.0,Number,Eurostat,https://ec.europa.eu/eurostat/api/dissemination/statistics/1.0/data/migr_imm1ctz?geo=ES&age=TOTAL&sex=T&agedef=REACH,A,AT,REACH,TOTAL,NR,T,ES
2005-01-01,2005,A|AT|REACH|TOTAL|NR|T|ES,914.0,Number,Eurostat,https://ec.europa.eu/eurostat/api/dissemination/statistics/1.0/data/migr_imm1ctz?geo=ES&age=TOTAL&sex=T&agedef=REACH,A,AT,REACH,TOTAL,NR,T,ES
2006-01-01,2006,A|AT|REACH|TOTAL|NR|T|ES,1016.0,Number,Eurostat,https://ec.europa.eu/eurostat/api/dissemination/statistics/1.0/data/migr_imm1ctz?geo=ES&age=TOTAL&sex=T&agedef=REACH,A,AT,REACH,TOTAL,NR,T,ES
2007-01-01,2007,A|AT|REACH|TOTAL|NR|T|ES,1170.0,Number,Eurostat,https://ec.europa.eu/eurostat/api/dissemination/statistics/1.0/data/migr_imm1ctz?geo=ES&age=TOTAL&sex=T&agedef=REACH,A,AT,REACH,TOTAL,NR,T,ES
2008-01-01,2008,A|AU_NZ|REACH|TOTAL|NR|T|ES,404.0,Number,Eurostat,https://ec.europa.eu/eurostat/api/dissemination/statistics/1.0/data/migr_imm1ctz?geo=ES&age=TOTAL&sex=T&agedef=REACH,A,AU_NZ,REACH,TOTAL,NR,T,ES
2009-01-01,2009,A|AU_NZ|REACH|TOTAL|NR|T|ES,326.0,Number,Eurostat,https://ec.europa.eu/eurostat/api/dissemination/statistics/1.0/data/migr_imm1ctz?geo=ES&age=TOTAL&sex=T&agedef=REACH,A,AU_NZ,REACH,TOTAL,NR,T,ES
2010-01-01,2010,A|AU_NZ|REACH|TOTAL|NR|T|ES,326.0,Number,Eurostat,https://ec.europa.eu/eurostat/api/dissemination/statistics/1.0/data/migr_imm1ctz?geo=ES&age=TOTAL&sex=T&agedef=REACH,A,AU_NZ,REACH,TOTAL,NR,T,ES
2011-01-01,2011,A|AU_NZ|REACH|TOTAL|NR|T|ES,452.0,Number,Eurostat,https://ec.europa.eu/eurostat/api/dissemination/statistics/1.0/data/migr_imm1ctz?geo=ES&age=TOTAL&sex=T&agedef=REACH,A,AU_NZ,REACH,TOTAL,NR,T,ES
2012-01-01,2012,A|AU_NZ|REACH|TOTAL|NR|T|ES,452.0,Number,Eurostat,https://ec.europa.eu/eurostat/api/dissemination/statistics/1.0/data/migr_imm1ctz?geo=ES&age=TOTAL&sex=T&agedef=REACH,A,AU_NZ,REACH,TOTAL,NR,T,ES
2013-01-01,2013,A|AU_NZ|REACH|TOTAL|NR|T|ES,460.0,Number,Eurostat,https://ec.europa.eu/eurostat/api/dissemination/statistics/1.0/data/migr_imm1ctz?geo=ES&age=TOTAL&sex=T&agedef=REACH,A,AU_NZ,REACH,TOTAL,NR,T,ES
2014-01-01,2014,A|AU_NZ|REACH|TOTAL|NR|T|ES,448.0,Number,Eurostat,https://ec.europa.eu/eurostat/api/dissemination/statistics/1.0/data/migr_imm1ctz?geo=ES&age=TOTAL&sex=T&agedef=REACH,A,AU_NZ,REACH,TOTAL,NR,T,ES
1998-01-01,1998,A|AU|REACH|TOTAL|NR|T|ES,48.0,Number,Eurostat,https://ec.europa.eu/eurostat/api/dissemination/statistics/1.0/data/migr_imm1ctz?geo=ES&age=TOTAL&sex=T&agedef=REACH,A,AU,REACH,TOTAL,NR,T,ES
1999-01-01,1999,A|AU|REACH|TOTAL|NR|T|ES,62.0,Number,Eurostat,https://ec.europa.eu/eurostat/api/dissemination/statistics/1.0/data/migr_imm1ctz?geo=ES&age=TOTAL&sex=T&agedef=REACH,A,AU,REACH,TOTAL,NR,T,ES
2000-01-01,2000,A|AU|REACH|TOTAL|NR|T|ES,92.0,Number,Eurostat,https://ec.europa.eu/eurostat/api/dissemination/statistics/1.0/data/migr_imm1ctz?geo=ES&age=TOTAL&sex=T&agedef=REACH,A,AU,REACH,TOTAL,NR,T,ES
2001-01-01,2001,A|AU|REACH|TOTAL|NR|T|ES,108.0,Number,Eurostat,https://ec.europa.eu/eurostat/api/dissemination/statistics/1.0/data/migr_imm1ctz?geo=ES&age=TOTAL&sex=T&agedef=REACH,A,AU,REACH,TOTAL,NR,T,ES
2002-01-01,2002,A|AU|REACH|TOTAL|NR|T|ES,126.0,Number,Eurostat,https://ec.europa.eu/eurostat/api/dissemination/statistics/1.0/data/migr_imm1ctz?geo=ES&age=TOTAL&sex=T&agedef=REACH,A,AU,REACH,TOTAL,NR,T,ES
2003-01-01,2003,A|AU|REACH|TOTAL|NR|T|ES,,Number,Eurostat,https://ec.europa.eu/eurostat/api/dissemination/statistics/1.0/data/migr_imm1ctz?geo=ES&age=TOTAL&sex=T&agedef=REACH,A,AU,REACH,TOTAL,NR,T,ES
2004-01-01,2004,A|AU|REACH|TOTAL|NR|T|ES,268.0,Number,Eurostat,https://ec.europa.eu/eurostat/api/dissemination/statistics/1.0/data/migr_imm1ctz?geo=ES&age=TOTAL&sex=T&agedef=REACH,A,AU,REACH,TOTAL,NR,T,ES
2005-01-01,2005,A|AU|REACH|TOTAL|NR|T|ES,385.0,Number,Eurostat,https://ec.europa.eu/eurostat/api/dissemination/statistics/1.0/data/migr_imm1ctz?geo=ES&age=TOTAL&sex=T&agedef=REACH,A,AU,REACH,TOTAL,NR,T,ES
2006-01-01,2006,A|AU|REACH|TOTAL|NR|T|ES,327.0,Number,Eurostat,https://ec.europa.eu/eurostat/api/dissemination/statistics/1.0/data/migr_imm1ctz?geo=ES&age=TOTAL&sex=T&agedef=REACH,A,AU,REACH,TOTAL,NR,T,ES
2007-01-01,2007,A|AU|REACH|TOTAL|NR|T|ES,334.0,Number,Eurostat,https://ec.europa.eu/eurostat/api/dissemination/statistics/1.0/data/migr_imm1ctz?geo=ES&age=TOTAL&sex=T&agedef=REACH,A,AU,REACH,TOTAL,NR,T,ES
2008-01-01,2008,A|AU|REACH|TOTAL|NR|T|ES,306.0,Number,Eurostat,https://ec.europa.eu/eurostat/api/dissemination/statistics/1.0/data/migr_imm1ctz?geo=ES&age=TOTAL&sex=T&agedef=REACH,A,AU,REACH,TOTAL,NR,T,ES
2009-01-01,2009,A|AU|REACH|TOTAL|NR|T|ES,273.0,Number,Eurostat,https://ec.europa.eu/eurostat/api/dissemination/statistics/1.0/data/migr_imm1ctz?geo=ES&age=TOTAL&sex=T&agedef=REACH,A,AU,REACH,TOTAL,NR,T,ES
2010-01-01,2010,A|AU|REACH|TOTAL|NR|T|ES,242.0,Number,Eurostat,https://ec.europa.eu/eurostat/api/dissemination/statistics/1.0/data/migr_imm1ctz?geo=ES&age=TOTAL&sex=T&agedef=REACH,A,AU,REACH,TOTAL,NR,T,ES
2011-01-01,2011,A|AU|REACH|TOTAL|NR|T|ES,350.0,Number,Eurostat,https://ec.europa.eu/eurostat/api/dissemination/statistics/1.0/data/migr_imm1ctz?geo=ES&age=TOTAL&sex=T&agedef=REACH,A,AU,REACH,TOTAL,NR,T,ES
2012-01-01,2012,A|AU|REACH|TOTAL|NR|T|ES,342.0,Number,Eurostat,https://ec.europa.eu/eurostat/api/dissemination/statistics/1.0/data/migr_imm1ctz?geo=ES&age=TOTAL&sex=T&agedef=REACH,A,AU,REACH,TOTAL,NR,T,ES
2013-01-01,2013,A|AU|REACH|TOTAL|NR|T|ES,351.0,Number,Eurostat,https://ec.europa.eu/eurostat/api/dissemination/statistics/1.0/data/migr_imm1ctz?geo=ES&age=TOTAL&sex=T&agedef=REACH,A,AU,REACH,TOTAL,NR,T,ES
2014-01-01,2014,A|AU|REACH|TOTAL|NR|T|ES,367.0,Number,Eurostat,https://ec.europa.eu/eurostat/api/dissemination/statistics/1.0/data/migr_imm1ctz?geo=ES&age=TOTAL&sex=T&agedef=REACH,A,AU,REACH,TOTAL,NR,T,ES
1998-01-01,1998,A|AW|REACH|TOTAL|NR|T|ES,0.0,Number,Eurostat,https://ec.europa.eu/eurostat/api/dissemination/statistics/1.0/data/migr_imm1ctz?geo=ES&age=TOTAL&sex=T&agedef=REACH,A,AW,REACH,TOTAL,NR,T,ES
1999-01-01,1999,A|AW|REACH|TOTAL|NR|T|ES,0.0,Number,Eurostat,https://ec.europa.eu/eurostat/api/dissemination/statistics/1.0/data/migr_imm1ctz?geo=ES&age=TOTAL&sex=T&agedef=REACH,A,AW,REACH,TOTAL,NR,T,ES
2000-01-01,2000,A|AW|REACH|TOTAL|NR|T|ES,0.0,Number,Eurostat,https://ec.europa.eu/eurostat/api/dissemination/statistics/1.0/data/migr_imm1ctz?geo=ES&age=TOTAL&sex=T&agedef=REACH,A,AW,REACH,TOTAL,NR,T,ES
2001-01-01,2001,A|AW|REACH|TOTAL|NR|T|ES,0.0,Number,Eurostat,https://ec.europa.eu/eurostat/api/dissemination/statistics/1.0/data/migr_imm1ctz?geo=ES&age=TOTAL&sex=T&agedef=REACH,A,AW,REACH,TOTAL,NR,T,ES
2002-01-01,2002,A|AW|REACH|TOTAL|NR|T|ES,,Number,Eurostat,https://ec.europa.eu/eurostat/api/dissemination/statistics/1.0/data/migr_imm1ctz?geo=ES&age=TOTAL&sex=T&agedef=REACH,A,AW,REACH,TOTAL,NR,T,ES
2003-01-01,2003,A|AW|REACH|TOTAL|NR|T|ES,,Number,Eurostat,https://ec.europa.eu/eurostat/api/dissemination/statistics/1.0/data/migr_imm1ctz?geo=ES&age=TOTAL&sex=T&agedef=REACH,A,AW,REACH,TOTAL,NR,T,ES
2004-01-01,2004,A|AW|REACH|TOTAL|NR|T|ES,,Number,Eurostat,https://ec.europa.eu/eurostat/api/dissemination/statistics/1.0/data/migr_imm1ctz?geo=ES&age=TOTAL&sex=T&agedef=REACH,A,AW,REACH,TOTAL,NR,T,ES
2005-01-01,2005,A|AW|REACH|TOTAL|NR|T|ES,,Number,Eurostat,https://ec.europa.eu/eurostat/api/dissemination/statistics/1.0/data/migr_imm1ctz?geo=ES&age=TOTAL&sex=T&agedef=REACH,A,AW,REACH,TOTAL,NR,T,ES
2006-01-01,2006,A|AW|REACH|TOTAL|NR|T|ES,,Number,Eurostat,https://ec.europa.eu/eurostat/api/dissemination/statistics/1.0/data/migr_imm1ctz?geo=ES&age=TOTAL&sex=T&agedef=REACH,A,AW,REACH,TOTAL,NR,T,ES
2007-01-01,2007,A|AW|REACH|TOTAL|NR|T|ES,,Number,Eurostat,https://ec.europa.eu/eurostat/api/dissemination/statistics/1.0/data/migr_imm1ctz?geo=ES&age=TOTAL&sex=T&agedef=REACH,A,AW,REACH,TOTAL,NR,T,ES
2008-01-01,2008,A|AW|REACH|TOTAL|NR|T|ES,0.0,Number,Eurostat,https://ec.europa.eu/eurostat/api/dissemination/statistics/1.0/data/migr_imm1ctz?geo=ES&age=TOTAL&sex=T&agedef=REACH,A,AW,REACH,TOTAL,NR,T,ES
2009-01-01,2009,A|AW|REACH|TOTAL|NR|T|ES,0.0,Number,Eurostat,https://ec.europa.eu/eurostat/api/dissemination/statistics/1.0/data/migr_imm1ctz?geo=ES&age=TOTAL&sex=T&agedef=REACH,A,AW,REACH,TOTAL,NR,T,ES
2010-01-01,2010,A|AW|REACH|TOTAL|NR|T|ES,0.0,Number,Eurostat,https://ec.europa.eu/eurostat/api/dissemination/statistics/1.0/data/migr_imm1ctz?geo=ES&age=TOTAL&sex=T&agedef=REACH,A,AW,REACH,TOTAL,NR,T,ES
2011-01-01,2011,A|AW|REACH|TOTAL|NR|T|ES,0.0,Number,Eurostat,https://ec.europa.eu/eurostat/api/dissemination/statistics/1.0/data/migr_imm1ctz?geo=ES&age=TOTAL&sex=T&agedef=REACH,A,AW,REACH,TOTAL,NR,T,ES
2012-01-01,2012,A|AW|REACH|TOTAL|NR|T|ES,0.0,Number,Eurostat,https://ec.europa.eu/eurostat/api/dissemination/statistics/1.0/data/migr_imm1ctz?geo=ES&age=TOTAL&sex=T&agedef=REACH,A,AW,REACH,TOTAL,NR,T,ES
2013-01-01,2013,A|AW|REACH|TOTAL|NR|T|ES,0.0,Number,Eurostat,https://ec.europa.eu/eurostat/api/dissemination/statistics/1.0/data/migr_imm1ctz?geo=ES&age=TOTAL&sex=T&agedef=REACH,A,AW,REACH,TOTAL,NR,T,ES
2014-01-01,2014,A|AW|REACH|TOTAL|NR|T|ES,0.0,Number,Eurostat,https://ec.europa.eu/eurostat/api/dissemination/statistics/1.0/data/migr_imm1ctz?geo=ES&age=TOTAL&sex=T&agedef=REACH,A,AW,REACH,TOTAL,NR,T,ES
1998-01-01,1998,A|AZ|REACH|TOTAL|NR|T|ES,16.0,Number,Eurostat,https://ec.europa.eu/eurostat/api/dissemination/statistics/1.0/data/migr_imm1ctz?geo=ES&age=TOTAL&sex=T&agedef=REACH,A,AZ,REACH,TOTAL,NR,T,ES
1999-01-01,1999,A|AZ|REACH|TOTAL|NR|T|ES,29.0,Number,Eurostat,https://ec.europa.eu/eurostat/api/dissemination/statistics/1.0/data/migr_imm1ctz?geo=ES&age=TOTAL&sex=T&agedef=REACH,A,AZ,REACH,TOTAL,NR,T,ES
2000-01-01,2000,A|AZ|REACH|TOTAL|NR|T|ES,47.0,Number,Eurostat,https://ec.europa.eu/eurostat/api/dissemination/statistics/1.0/data/migr_imm1ctz?geo=ES&age=TOTAL&sex=T&agedef=REACH,A,AZ,REACH,TOTAL,NR,T,ES
2001-01-01,2001,A|AZ|REACH|TOTAL|NR|T|ES,34.0,Number,Eurostat,https://ec.europa.eu/eurostat/api/dissemination/statistics/1.0/data/migr_imm1ctz?geo=ES&age=TOTAL&sex=T&agedef=REACH,A,AZ,REACH,TOTAL,NR,T,ES
2002-01-01,2002,A|AZ|REACH|TOTAL|NR|T|ES,17.0,Number,Eurostat,https://ec.europa.eu/eurostat/api/dissemination/statistics/1.0/data/migr_imm1ctz?geo=ES&age=TOTAL&sex=T&agedef=REACH,A,AZ,REACH,TOTAL,NR,T,ES
2003-01-01,2003,A|AZ|REACH|TOTAL|NR|T|ES,,Number,Eurostat,https://ec.europa.eu/eurostat/api/dissemination/statistics/1.0/data/migr_imm1ctz?geo=ES&age=TOTAL&sex=T&agedef=REACH,A,AZ,REACH,TOTAL,NR,T,ES
2004-01-01,2004,A|AZ|REACH|TOTAL|NR|T|ES,31.0,Number,Eurostat,https://ec.europa.eu/eurostat/api/dissemination/statistics/1.0/data/migr_imm1ctz?geo=ES&age=TOTAL&sex=T&agedef=REACH,A,AZ,REACH,TOTAL,NR,T,ES
2005-01-01,2005,A|AZ|REACH|TOTAL|NR|T|ES,37.0,Number,Eurostat,https://ec.europa.eu/eurostat/api/dissemination/statistics/1.0/data/migr_imm1ctz?geo=ES&age=TOTAL&sex=T&agedef=REACH,A,AZ,REACH,TOTAL,NR,T,ES
2006-01-01,2006,A|AZ|REACH|TOTAL|NR|T|ES,56.0,Number,Eurostat,https://ec.europa.eu/eurostat/api/dissemination/statistics/1.0/data/migr_imm1ctz?geo=ES&age=TOTAL&sex=T&agedef=REACH,A,AZ,REACH,TOTAL,NR,T,ES
2007-01-01,2007,A|AZ|REACH|TOTAL|NR|T|ES,56.0,Number,Eurostat,https://ec.europa.eu/eurostat/api/dissemination/statistics/1.0/data/migr_imm1ctz?geo=ES&age=TOTAL&sex=T&agedef=REACH,A,AZ,REACH,TOTAL,NR,T,ES
1998-01-01,1998,A|BA|REACH|TOTAL|NR|T|ES,70.0,Number,Eurostat,https://ec.europa.eu/eurostat/api/dissemination/statistics/1.0/data/migr_imm1ctz?geo=ES&age=TOTAL&sex=T&agedef=REACH,A,BA,REACH,TOTAL,NR,T,ES
1999-01-01,1999,A|BA|REACH|TOTAL|NR|T|ES,77.0,Number,Eurostat,https://ec.europa.eu/eurostat/api/dissemination/statistics/1.0/data/migr_imm1ctz?geo=ES&age=TOTAL&sex=T&agedef=REACH,A,BA,REACH,TOTAL,NR,T,ES
2000-01-01,2000,A|BA|REACH|TOTAL|NR|T|ES,143.0,Number,Eurostat,https://ec.europa.eu/eurostat/api/dissemination/statistics/1.0/data/migr_imm1ctz?geo=ES&age=TOTAL&sex=T&agedef=REACH,A,BA,REACH,TOTAL,NR,T,ES
2001-01-01,2001,A|BA|REACH|TOTAL|NR|T|ES,121.0,Number,Eurostat,https://ec.europa.eu/eurostat/api/dissemination/statistics/1.0/data/migr_imm1ctz?geo=ES&age=TOTAL&sex=T&agedef=REACH,A,BA,REACH,TOTAL,NR,T,ES
2002-01-01,2002,A|BA|REACH|TOTAL|NR|T|ES,98.0,Number,Eurostat,https://ec.europa.eu/eurostat/api/dissemination/statistics/1.0/data/migr_imm1ctz?geo=ES&age=TOTAL&sex=T&agedef=REACH,A,BA,REACH,TOTAL,NR,T,ES
2003-01-01,2003,A|BA|REACH|TOTAL|NR|T|ES,,Number,Eurostat,https://ec.europa.eu/eurostat/api/dissemination/statistics/1.0/data/migr_imm1ctz?geo=ES&age=TOTAL&sex=T&agedef=REACH,A,BA,REACH,TOTAL,NR,T,ES
2004-01-01,2004,A|BA|REACH|TOTAL|NR|T|ES,191.0,Number,Eurostat,https://ec.europa.eu/eurostat/api/dissemination/statistics/1.0/data/migr_imm1ctz?geo=ES&age=TOTAL&sex=T&agedef=REACH,A,BA,REACH,TOTAL,NR,T,ES
2005-01-01,2005,A|BA|REACH|TOTAL|NR|T|ES,164.0,Number,Eurostat,https://ec.europa.eu/eurostat/api/dissemination/statistics/1.0/data/migr_imm1ctz?geo=ES&age=TOTAL&sex=T&agedef=REACH,A,BA,REACH,TOTAL,NR,T,ES
2006-01-01,2006,A|BA|REACH|TOTAL|NR|T|ES,188.0,Number,Eurostat,https://ec.europa.eu/eurostat/api/dissemination/statistics/1.0/data/migr_imm1ctz?geo=ES&age=TOTAL&sex=T&agedef=REACH,A,BA,REACH,TOTAL,NR,T,ES
2007-01-01,2007,A|BA|REACH|TOTAL|NR|T|ES,157.0,Number,Eurostat,https://ec.europa.eu/eurostat/api/dissemination/statistics/1.0/data/migr_imm1ctz?geo=ES&age=TOTAL&sex=T&agedef=REACH,A,BA,REACH,TOTAL,NR,T,ES
1998-01-01,1998,A|BB|REACH|TOTAL|NR|T|ES,1.0,Number,Eurostat,https://ec.europa.eu/eurostat/api/dissemination/statistics/1.0/data/migr_imm1ctz?geo=ES&age=TOTAL&sex=T&agedef=REACH,A,BB,REACH,TOTAL,NR,T,ES
1999-01-01,1999,A|BB|REACH|TOTAL|NR|T|ES,1.0,Number,Eurostat,https://ec.europa.eu/eurostat/api/dissemination/statistics/1.0/data/migr_imm1ctz?geo=ES&age=TOTAL&sex=T&agedef=REACH,A,BB,REACH,TOTAL,NR,T,ES
2000-01-01,2000,A|BB|REACH|TOTAL|NR|T|ES,2.0,Number,Eurostat,https://ec.europa.eu/eurostat/api/dissemination/statistics/1.0/data/migr_imm1ctz?geo=ES&age=TOTAL&sex=T&agedef=REACH,A,BB,REACH,TOTAL,NR,T,ES
2001-01-01,2001,A|BB|REACH|TOTAL|NR|T|ES,1.0,Number,Eurostat,https://ec.europa.eu/eurostat/api/dissemination/statistics/1.0/data/migr_imm1ctz?geo=ES&age=TOTAL&sex=T&agedef=REACH,A,BB,REACH,TOTAL,NR,T,ES
2002-01-01,2002,A|BB|REACH|TOTAL|NR|T|ES,1.0,Number,Eurostat,https://ec.europa.eu/eurostat/api/dissemination/statistics/1.0/data/migr_imm1ctz?geo=ES&age=TOTAL&sex=T&agedef=REACH,A,BB,REACH,TOTAL,NR,T,ES
2003-01-01,2003,A|BB|REACH|TOTAL|NR|T|ES,,Number,Eurostat,https://ec.europa.eu/eurostat/api/dissemination/statistics/1.0/data/migr_imm1ctz?geo=ES&age=TOTAL&sex=T&agedef=REACH,A,BB,REACH,TOTAL,NR,T,ES
2004-01-01,2004,A|BB|REACH|TOTAL|NR|T|ES,3.0,Number,Eurostat,https://ec.europa.eu/eurostat/api/dissemination/statistics/1.0/data/migr_imm1ctz?geo=ES&age=TOTAL&sex=T&agedef=REACH,A,BB,REACH,TOTAL,NR,T,ES
2005-01-01,2005,A|BB|REACH|TOTAL|NR|T|ES,2.0,Number,Eurostat,https://ec.europa.eu/eurostat/api/dissemination/statistics/1.0/data/migr_imm1ctz?geo=ES&age=TOTAL&sex=T&agedef=REACH,A,BB,REACH,TOTAL,NR,T,ES
2006-01-01,2006,A|BB|REACH|TOTAL|NR|T|ES,6.0,Number,Eurostat,https://ec.europa.eu/eurostat/api/dissemination/statistics/1.0/data/migr_imm1ctz?geo=ES&age=TOTAL&sex=T&agedef=REACH,A,BB,REACH,TOTAL,NR,T,ES
2007-01-01,2007,A|BB|REACH|TOTAL|NR|T|ES,1.0,Number,Eurostat,https://ec.europa.eu/eurostat/api/dissemination/statistics/1.0/data/migr_imm1ctz?geo=ES&age=TOTAL&sex=T&agedef=REACH,A,BB,REACH,TOTAL,NR,T,ES
1998-01-01,1998,A|BD|REACH|TOTAL|NR|T|ES,43.0,Number,Eurostat,https://ec.europa.eu/eurostat/api/dissemination/statistics/1.0/data/migr_imm1ctz?geo=ES&age=TOTAL&sex=T&agedef=REACH,A,BD,REACH,TOTAL,NR,T,ES
1999-01-01,1999,A|BD|REACH|TOTAL|NR|T|ES,36.0,Number,Eurostat,https://ec.europa.eu/eurostat/api/dissemination/statistics/1.0/data/migr_imm1ctz?geo=ES&age=TOTAL&sex=T&agedef=REACH,A,BD,REACH,TOTAL,NR,T,ES
2000-01-01,2000,A|BD|REACH|TOTAL|NR|T|ES,233.0,Number,Eurostat,https://ec.europa.eu/eurostat/api/dissemination/statistics/1.0/data/migr_imm1ctz?geo=ES&age=TOTAL&sex=T&agedef=REACH,A,BD,REACH,TOTAL,NR,T,ES
2001-01-01,2001,A|BD|REACH|TOTAL|NR|T|ES,270.0,Number,Eurostat,https://ec.europa.eu/eurostat/api/dissemination/statistics/1.0/data/migr_imm1ctz?geo=ES&age=TOTAL&sex=T&agedef=REACH,A,BD,REACH,TOTAL,NR,T,ES
2002-01-01,2002,A|BD|REACH|TOTAL|NR|T|ES,260.0,Number,Eurostat,https://ec.europa.eu/eurostat/api/dissemination/statistics/1.0/data/migr_imm1ctz?geo=ES&age=TOTAL&sex=T&agedef=REACH,A,BD,REACH,TOTAL,NR,T,ES
2003-01-01,2003,A|BD|REACH|TOTAL|NR|T|ES,,Number,Eurostat,https://ec.europa.eu/eurostat/api/dissemination/statistics/1.0/data/migr_imm1ctz?geo=ES&age=TOTAL&sex=T&agedef=REACH,A,BD,REACH,TOTAL,NR,T,ES
2004-01-01,2004,A|BD|REACH|TOTAL|NR|T|ES,1589.0,Number,Eurostat,https://ec.europa.eu/eurostat/api/dissemination/statistics/1.0/data/migr_imm1ctz?geo=ES&age=TOTAL&sex=T&agedef=REACH,A,BD,REACH,TOTAL,NR,T,ES
2005-01-01,2005,A|BD|REACH|TOTAL|NR|T|ES,1852.0,Number,Eurostat,https://ec.europa.eu/eurostat/api/dissemination/statistics/1.0/data/migr_imm1ctz?geo=ES&age=TOTAL&sex=T&agedef=REACH,A,BD,REACH,TOTAL,NR,T,ES
2006-01-01,2006,A|BD|REACH|TOTAL|NR|T|ES,1266.0,Number,Eurostat,https://ec.europa.eu/eurostat/api/dissemination/statistics/1.0/data/migr_imm1ctz?geo=ES&age=TOTAL&sex=T&agedef=REACH,A,BD,REACH,TOTAL,NR,T,ES
2007-01-01,2007,A|BD|REACH|TOTAL|NR|T|ES,1828.0,Number,Eurostat,https://ec.europa.eu/eurostat/api/dissemination/statistics/1.0/data/migr_imm1ctz?geo=ES&age=TOTAL&sex=T&agedef=REACH,A,BD,REACH,TOTAL,NR,T,ES
2008-01-01,2008,A|BD|REACH|TOTAL|NR|T|ES,1615.0,Number,Eurostat,https://ec.europa.eu/eurostat/api/dissemination/statistics/1.0/data/migr_imm1ctz?geo=ES&age=TOTAL&sex=T&agedef=REACH,A,BD,REACH,TOTAL,NR,T,ES
2009-01-01,2009,A|BD|REACH|TOTAL|NR|T|ES,1672.0,Number,Eurostat,https://ec.europa.eu/eurostat/api/dissemination/statistics/1.0/data/migr_imm1ctz?geo=ES&age=TOTAL&sex=T&agedef=REACH,A,BD,REACH,TOTAL,NR,T,ES
2010-01-01,2010,A|BD|REACH|TOTAL|NR|T|ES,1407.0,Number,Eurostat,https://ec.europa.eu/eurostat/api/dissemination/statistics/1.0/data/migr_imm1ctz?geo=ES&age=TOTAL&sex=T&agedef=REACH,A,BD,REACH,TOTAL,NR,T,ES
2011-01-01,2011,A|BD|REACH|TOTAL|NR|T|ES,1559.0,Number,Eurostat,https://ec.europa.eu/eurostat/api/dissemination/statistics/1.0/data/migr_imm1ctz?geo=ES&age=TOTAL&sex=T&agedef=REACH,A,BD,REACH,TOTAL,NR,T,ES
2012-01-01,2012,A|BD|REACH|TOTAL|NR|T|ES,1892.0,Number,Eurostat,https://ec.europa.eu/eurostat/api/dissemination/statistics/1.0/data/migr_imm1ctz?geo=ES&age=TOTAL&sex=T&agedef=REACH,A,BD,REACH,TOTAL,NR,T,ES
2013-01-01,2013,A|BD|REACH|TOTAL|NR|T|ES,1343.0,Number,Eurostat,https://ec.europa.eu/eurostat/api/dissemination/statistics/1.0/data/migr_imm1ctz?geo=ES&age=TOTAL&sex=T&agedef=REACH,A,BD,REACH,TOTAL,NR,T,ES
2014-01-01,2014,A|BD|REACH|TOTAL|NR|T|ES,1024.0,Number,Eurostat,https://ec.europa.eu/eurostat/api/dissemination/statistics/1.0/data/migr_imm1ctz?geo=ES&age=TOTAL&sex=T&agedef=REACH,A,BD,REACH,TOTAL,NR,T,ES
2015-01-01,2015,A|BD|REACH|TOTAL|NR|T|ES,1277.0,Number,Eurostat,https://ec.europa.eu/eurostat/api/dissemination/statistics/1.0/data/migr_imm1ctz?geo=ES&age=TOTAL&sex=T&agedef=REACH,A,BD,REACH,TOTAL,NR,T,ES
2016-01-01,2016,A|BD|REACH|TOTAL|NR|T|ES,1673.0,Number,Eurostat,https://ec.europa.eu/eurostat/api/dissemination/statistics/1.0/data/migr_imm1ctz?geo=ES&age=TOTAL&sex=T&agedef=REACH,A,BD,REACH,TOTAL,NR,T,ES
2017-01-01,2017,A|BD|REACH|TOTAL|NR|T|ES,2039.0,Number,Eurostat,https://ec.europa.eu/eurostat/api/dissemination/statistics/1.0/data/migr_imm1ctz?geo=ES&age=TOTAL&sex=T&agedef=REACH,A,BD,REACH,TOTAL,NR,T,ES
2018-01-01,2018,A|BD|REACH|TOTAL|NR|T|ES,2521.0,Number,Eurostat,https://ec.europa.eu/eurostat/api/dissemination/statistics/1.0/data/migr_imm1ctz?geo=ES&age=TOTAL&sex=T&agedef=REACH,A,BD,REACH,TOTAL,NR,T,ES
2019-01-01,2019,A|BD|REACH|TOTAL|NR|T|ES,2546.0,Number,Eurostat,https://ec.europa.eu/eurostat/api/dissemination/statistics/1.0/data/migr_imm1ctz?geo=ES&age=TOTAL&sex=T&agedef=REACH,A,BD,REACH,TOTAL,NR,T,ES
2020-01-01,2020,A|BD|REACH|TOTAL|NR|T|ES,1240.0,Number,Eurostat,https://ec.europa.eu/eurostat/api/dissemination/statistics/1.0/data/migr_imm1ctz?geo=ES&age=TOTAL&sex=T&agedef=REACH,A,BD,REACH,TOTAL,NR,T,ES
2021-01-01,2021,A|BD|REACH|TOTAL|NR|T|ES,2091.0,Number,Eurostat,https://ec.europa.eu/eurostat/api/dissemination/statistics/1.0/data/migr_imm1ctz?geo=ES&age=TOTAL&sex=T&agedef=REACH,A,BD,REACH,TOTAL,NR,T,ES
2022-01-01,2022,A|BD|REACH|TOTAL|NR|T|ES,2558.0,Number,Eurostat,https://ec.europa.eu/eurostat/api/dissemination/statistics/1.0/data/migr_imm1ctz?geo=ES&age=TOTAL&sex=T&agedef=REACH,A,BD,REACH,TOTAL,NR,T,ES
2023-01-01,2023,A|BD|REACH|TOTAL|NR|T|ES,3559.0,Number,Eurostat,https://ec.europa.eu/eurostat/api/dissemination/statistics/1.0/data/migr_imm1ctz?geo=ES&age=TOTAL&sex=T&agedef=REACH,A,BD,REACH,TOTAL,NR,T,ES
2024-01-01,2024,A|BD|REACH|TOTAL|NR|T|ES,5952.0,Number,Eurostat,https://ec.europa.eu/eurostat/api/dissemination/statistics/1.0/data/migr_imm1ctz?geo=ES&age=TOTAL&sex=T&agedef=REACH,A,BD,REACH,TOTAL,NR,T,ES
1998-01-01,1998,A|BE|REACH|TOTAL|NR|T|ES,1278.0,Number,Eurostat,https://ec.europa.eu/eurostat/api/dissemination/statistics/1.0/data/migr_imm1ctz?geo=ES&age=TOTAL&sex=T&agedef=REACH,A,BE,REACH,TOTAL,NR,T,ES
1999-01-01,1999,A|BE|REACH|TOTAL|NR|T|ES,1751.0,Number,Eurostat,https://ec.europa.eu/eurostat/api/dissemination/statistics/1.0/data/migr_imm1ctz?geo=ES&age=TOTAL&sex=T&agedef=REACH,A,BE,REACH,TOTAL,NR,T,ES
2000-01-01,2000,A|BE|REACH|TOTAL|NR|T|ES,2175.0,Number,Eurostat,https://ec.europa.eu/eurostat/api/dissemination/statistics/1.0/data/migr_imm1ctz?geo=ES&age=TOTAL&sex=T&agedef=REACH,A,BE,REACH,TOTAL,NR,T,ES
2001-01-01,2001,A|BE|REACH|TOTAL|NR|T|ES,2244.0,Number,Eurostat,https://ec.europa.eu/eurostat/api/dissemination/statistics/1.0/data/migr_imm1ctz?geo=ES&age=TOTAL&sex=T&agedef=REACH,A,BE,REACH,TOTAL,NR,T,ES
2002-01-01,2002,A|BE|REACH|TOTAL|NR|T|ES,2261.0,Number,Eurostat,https://ec.europa.eu/eurostat/api/dissemination/statistics/1.0/data/migr_imm1ctz?geo=ES&age=TOTAL&sex=T&agedef=REACH,A,BE,REACH,TOTAL,NR,T,ES
2003-01-01,2003,A|BE|REACH|TOTAL|NR|T|ES,,Number,Eurostat,https://ec.europa.eu/eurostat/api/dissemination/statistics/1.0/data/migr_imm1ctz?geo=ES&age=TOTAL&sex=T&agedef=REACH,A,BE,REACH,TOTAL,NR,T,ES
2004-01-01,2004,A|BE|REACH|TOTAL|NR|T|ES,2583.0,Number,Eurostat,https://ec.europa.eu/eurostat/api/dissemination/statistics/1.0/data/migr_imm1ctz?geo=ES&age=TOTAL&sex=T&agedef=REACH,A,BE,REACH,TOTAL,NR,T,ES
2005-01-01,2005,A|BE|REACH|TOTAL|NR|T|ES,2728.0,Number,Eurostat,https://ec.europa.eu/eurostat/api/dissemination/statistics/1.0/data/migr_imm1ctz?geo=ES&age=TOTAL&sex=T&agedef=REACH,A,BE,REACH,TOTAL,NR,T,ES
2006-01-01,2006,A|BE|REACH|TOTAL|NR|T|ES,2677.0,Number,Eurostat,https://ec.europa.eu/eurostat/api/dissemination/statistics/1.0/data/migr_imm1ctz?geo=ES&age=TOTAL&sex=T&agedef=REACH,A,BE,REACH,TOTAL,NR,T,ES
2007-01-01,2007,A|BE|REACH|TOTAL|NR|T|ES,2743.0,Number,Eurostat,https://ec.europa.eu/eurostat/api/dissemination/statistics/1.0/data/migr_imm1ctz?geo=ES&age=TOTAL&sex=T&agedef=REACH,A,BE,REACH,TOTAL,NR,T,ES
2008-01-01,2008,A|BE|REACH|TOTAL|NR|T|ES,1911.0,Number,Eurostat,https://ec.europa.eu/eurostat/api/dissemination/statistics/1.0/data/migr_imm1ctz?geo=ES&age=TOTAL&sex=T&agedef=REACH,A,BE,REACH,TOTAL,NR,T,ES
2009-01-01,2009,A|BE|REACH|TOTAL|NR|T|ES,1722.0,Number,Eurostat,https://ec.europa.eu/eurostat/api/dissemination/statistics/1.0/data/migr_imm1ctz?geo=ES&age=TOTAL&sex=T&agedef=REACH,A,BE,REACH,TOTAL,NR,T,ES
2010-01-01,2010,A|BE|REACH|TOTAL|NR|T|ES,1840.0,Number,Eurostat,https://ec.europa.eu/eurostat/api/dissemination/statistics/1.0/data/migr_imm1ctz?geo=ES&age=TOTAL&sex=T&agedef=REACH,A,BE,REACH,TOTAL,NR,T,ES
2011-01-01,2011,A|BE|REACH|TOTAL|NR|T|ES,1979.0,Number,Eurostat,https://ec.europa.eu/eurostat/api/dissemination/statistics/1.0/data/migr_imm1ctz?geo=ES&age=TOTAL&sex=T&agedef=REACH,A,BE,REACH,TOTAL,NR,T,ES
2012-01-01,2012,A|BE|REACH|TOTAL|NR|T|ES,2200.0,Number,Eurostat,https://ec.europa.eu/eurostat/api/dissemination/statistics/1.0/data/migr_imm1ctz?geo=ES&age=TOTAL&sex=T&agedef=REACH,A,BE,REACH,TOTAL,NR,T,ES
2013-01-01,2013,A|BE|REACH|TOTAL|NR|T|ES,2319.0,Number,Eurostat,https://ec.europa.eu/eurostat/api/dissemination/statistics/1.0/data/migr_imm1ctz?geo=ES&age=TOTAL&sex=T&agedef=REACH,A,BE,REACH,TOTAL,NR,T,ES
2014-01-01,2014,A|BE|REACH|TOTAL|NR|T|ES,2266.0,Number,Eurostat,https://ec.europa.eu/eurostat/api/dissemination/statistics/1.0/data/migr_imm1ctz?geo=ES&age=TOTAL&sex=T&agedef=REACH,A,BE,REACH,TOTAL,NR,T,ES
2015-01-01,2015,A|BE|REACH|TOTAL|NR|T|ES,2705.0,Number,Eurostat,https://ec.europa.eu/eurostat/api/dissemination/statistics/1.0/data/migr_imm1ctz?geo=ES&age=TOTAL&sex=T&agedef=REACH,A,BE,REACH,TOTAL,NR,T,ES
2016-01-01,2016,A|BE|REACH|TOTAL|NR|T|ES,2964.0,Number,Eurostat,https://ec.europa.eu/eurostat/api/dissemination/statistics/1.0/data/migr_imm1ctz?geo=ES&age=TOTAL&sex=T&agedef=REACH,A,BE,REACH,TOTAL,NR,T,ES
2017-01-01,2017,A|BE|REACH|TOTAL|NR|T|ES,3811.0,Number,Eurostat,https://ec.europa.eu/eurostat/api/dissemination/statistics/1.0/data/migr_imm1ctz?geo=ES&age=TOTAL&sex=T&agedef=REACH,A,BE,REACH,TOTAL,NR,T,ES
2018-01-01,2018,A|BE|REACH|TOTAL|NR|T|ES,3767.0,Number,Eurostat,https://ec.europa.eu/eurostat/api/dissemination/statistics/1.0/data/migr_imm1ctz?geo=ES&age=TOTAL&sex=T&agedef=REACH,A,BE,REACH,TOTAL,NR,T,ES
2019-01-01,2019,A|BE|REACH|TOTAL|NR|T|ES,4007.0,Number,Eurostat,https://ec.europa.eu/eurostat/api/dissemination/statistics/1.0/data/migr_imm1ctz?geo=ES&age=TOTAL&sex=T&agedef=REACH,A,BE,REACH,TOTAL,NR,T,ES
2020-01-01,2020,A|BE|REACH|TOTAL|NR|T|ES,3223.0,Number,Eurostat,https://ec.europa.eu/eurostat/api/dissemination/statistics/1.0/data/migr_imm1ctz?geo=ES&age=TOTAL&sex=T&agedef=REACH,A,BE,REACH,TOTAL,NR,T,ES
2021-01-01,2021,A|BE|REACH|TOTAL|NR|T|ES,6524.0,Number,Eurostat,https://ec.europa.eu/eurostat/api/dissemination/statistics/1.0/data/migr_imm1ctz?geo=ES&age=TOTAL&sex=T&agedef=REACH,A,BE,REACH,TOTAL,NR,T,ES
2022-01-01,2022,A|BE|REACH|TOTAL|NR|T|ES,5853.0,Number,Eurostat,https://ec.europa.eu/eurostat/api/dissemination/statistics/1.0/data/migr_imm1ctz?geo=ES&age=TOTAL&sex=T&agedef=REACH,A,BE,REACH,TOTAL,NR,T,ES
2023-01-01,2023,A|BE|REACH|TOTAL|NR|T|ES,5920.0,Number,Eurostat,https://ec.europa.eu/eurostat/api/dissemination/statistics/1.0/data/migr_imm1ctz?geo=ES&age=TOTAL&sex=T&agedef=REACH,A,BE,REACH,TOTAL,NR,T,ES
2024-01-01,2024,A|BE|REACH|TOTAL|NR|T|ES,6010.0,Number,Eurostat,https://ec.europa.eu/eurostat/api/dissemination/statistics/1.0/data/migr_imm1ctz?geo=ES&age=TOTAL&sex=T&agedef=REACH,A,BE,REACH,TOTAL,NR,T,ES
1998-01-01,1998,A|BF|REACH|TOTAL|NR|T|ES,10.0,Number,Eurostat,https://ec.europa.eu/eurostat/api/dissemination/statistics/1.0/data/migr_imm1ctz?geo=ES&age=TOTAL&sex=T&agedef=REACH,A,BF,REACH,TOTAL,NR,T,ES
1999-01-01,1999,A|BF|REACH|TOTAL|NR|T|ES,13.0,Number,Eurostat,https://ec.europa.eu/eurostat/api/dissemination/statistics/1.0/data/migr_imm1ctz?geo=ES&age=TOTAL&sex=T&agedef=REACH,A,BF,REACH,TOTAL,NR,T,ES
2000-01-01,2000,A|BF|REACH|TOTAL|NR|T|ES,26.0,Number,Eurostat,https://ec.europa.eu/eurostat/api/dissemination/statistics/1.0/data/migr_imm1ctz?geo=ES&age=TOTAL&sex=T&agedef=REACH,A,BF,REACH,TOTAL,NR,T,ES
2001-01-01,2001,A|BF|REACH|TOTAL|NR|T|ES,44.0,Number,Eurostat,https://ec.europa.eu/eurostat/api/dissemination/statistics/1.0/data/migr_imm1ctz?geo=ES&age=TOTAL&sex=T&agedef=REACH,A,BF,REACH,TOTAL,NR,T,ES
2002-01-01,2002,A|BF|REACH|TOTAL|NR|T|ES,37.0,Number,Eurostat,https://ec.europa.eu/eurostat/api/dissemination/statistics/1.0/data/migr_imm1ctz?geo=ES&age=TOTAL&sex=T&agedef=REACH,A,BF,REACH,TOTAL,NR,T,ES
2003-01-01,2003,A|BF|REACH|TOTAL|NR|T|ES,,Number,Eurostat,https://ec.europa.eu/eurostat/api/dissemination/statistics/1.0/data/migr_imm1ctz?geo=ES&age=TOTAL&sex=T&agedef=REACH,A,BF,REACH,TOTAL,NR,T,ES
2004-01-01,2004,A|BF|REACH|TOTAL|NR|T|ES,140.0,Number,Eurostat,https://ec.europa.eu/eurostat/api/dissemination/statistics/1.0/data/migr_imm1ctz?geo=ES&age=TOTAL&sex=T&agedef=REACH,A,BF,REACH,TOTAL,NR,T,ES
2005-01-01,2005,A|BF|REACH|TOTAL|NR|T|ES,148.0,Number,Eurostat,https://ec.europa.eu/eurostat/api/dissemination/statistics/1.0/data/migr_imm1ctz?geo=ES&age=TOTAL&sex=T&agedef=REACH,A,BF,REACH,TOTAL,NR,T,ES
2006-01-01,2006,A|BF|REACH|TOTAL|NR|T|ES,148.0,Number,Eurostat,https://ec.europa.eu/eurostat/api/dissemination/statistics/1.0/data/migr_imm1ctz?geo=ES&age=TOTAL&sex=T&agedef=REACH,A,BF,REACH,TOTAL,NR,T,ES
2007-01-01,2007,A|BF|REACH|TOTAL|NR|T|ES,168.0,Number,Eurostat,https://ec.europa.eu/eurostat/api/dissemination/statistics/1.0/data/migr_imm1ctz?geo=ES&age=TOTAL&sex=T&agedef=REACH,A,BF,REACH,TOTAL,NR,T,ES
1998-01-01,1998,A|BG|REACH|TOTAL|NR|T|ES,248.0,Number,Eurostat,https://ec.europa.eu/eurostat/api/dissemination/statistics/1.0/data/migr_imm1ctz?geo=ES&age=TOTAL&sex=T&agedef=REACH,A,BG,REACH,TOTAL,NR,T,ES
1999-01-01,1999,A|BG|REACH|TOTAL|NR|T|ES,658.0,Number,Eurostat,https://ec.europa.eu/eurostat/api/dissemination/statistics/1.0/data/migr_imm1ctz?geo=ES&age=TOTAL&sex=T&agedef=REACH,A,BG,REACH,TOTAL,NR,T,ES
2000-01-01,2000,A|BG|REACH|TOTAL|NR|T|ES,6494.0,Number,Eurostat,https://ec.europa.eu/eurostat/api/dissemination/statistics/1.0/data/migr_imm1ctz?geo=ES&age=TOTAL&sex=T&agedef=REACH,A,BG,REACH,TOTAL,NR,T,ES
2001-01-01,2001,A|BG|REACH|TOTAL|NR|T|ES,11771.0,Number,Eurostat,https://ec.europa.eu/eurostat/api/dissemination/statistics/1.0/data/migr_imm1ctz?geo=ES&age=TOTAL&sex=T&agedef=REACH,A,BG,REACH,TOTAL,NR,T,ES
2002-01-01,2002,A|BG|REACH|TOTAL|NR|T|ES,15872.0,Number,Eurostat,https://ec.europa.eu/eurostat/api/dissemination/statistics/1.0/data/migr_imm1ctz?geo=ES&age=TOTAL&sex=T&agedef=REACH,A,BG,REACH,TOTAL,NR,T,ES
2003-01-01,2003,A|BG|REACH|TOTAL|NR|T|ES,,Number,Eurostat,https://ec.europa.eu/eurostat/api/dissemination/statistics/1.0/data/migr_imm1ctz?geo=ES&age=TOTAL&sex=T&agedef=REACH,A,BG,REACH,TOTAL,NR,T,ES
2004-01-01,2004,A|BG|REACH|TOTAL|NR|T|ES,20997.0,Number,Eurostat,https://ec.europa.eu/eurostat/api/dissemination/statistics/1.0/data/migr_imm1ctz?geo=ES&age=TOTAL&sex=T&agedef=REACH,A,BG,REACH,TOTAL,NR,T,ES
2005-01-01,2005,A|BG|REACH|TOTAL|NR|T|ES,18377.0,Number,Eurostat,https://ec.europa.eu/eurostat/api/dissemination/statistics/1.0/data/migr_imm1ctz?geo=ES&age=TOTAL&sex=T&agedef=REACH,A,BG,REACH,TOTAL,NR,T,ES
2006-01-01,2006,A|BG|REACH|TOTAL|NR|T|ES,21748.0,Number,Eurostat,https://ec.europa.eu/eurostat/api/dissemination/statistics/1.0/data/migr_imm1ctz?geo=ES&age=TOTAL&sex=T&agedef=REACH,A,BG,REACH,TOTAL,NR,T,ES
2007-01-01,2007,A|BG|REACH|TOTAL|NR|T|ES,31331.0,Number,Eurostat,https://ec.europa.eu/eurostat/api/dissemination/statistics/1.0/data/migr_imm1ctz?geo=ES&age=TOTAL&sex=T&agedef=REACH,A,BG,REACH,TOTAL,NR,T,ES
2008-01-01,2008,A|BG|REACH|TOTAL|NR|T|ES,10771.0,Number,Eurostat,https://ec.europa.eu/eurostat/api/dissemination/statistics/1.0/data/migr_imm1ctz?geo=ES&age=TOTAL&sex=T&agedef=REACH,A,BG,REACH,TOTAL,NR,T,ES
2009-01-01,2009,A|BG|REACH|TOTAL|NR|T|ES,7686.0,Number,Eurostat,https://ec.europa.eu/eurostat/api/dissemination/statistics/1.0/data/migr_imm1ctz?geo=ES&age=TOTAL&sex=T&agedef=REACH,A,BG,REACH,TOTAL,NR,T,ES
2010-01-01,2010,A|BG|REACH|TOTAL|NR|T|ES,8389.0,Number,Eurostat,https://ec.europa.eu/eurostat/api/dissemination/statistics/1.0/data/migr_imm1ctz?geo=ES&age=TOTAL&sex=T&agedef=REACH,A,BG,REACH,TOTAL,NR,T,ES
2011-01-01,2011,A|BG|REACH|TOTAL|NR|T|ES,9893.0,Number,Eurostat,https://ec.europa.eu/eurostat/api/dissemination/statistics/1.0/data/migr_imm1ctz?geo=ES&age=TOTAL&sex=T&agedef=REACH,A,BG,REACH,TOTAL,NR,T,ES
2012-01-01,2012,A|BG|REACH|TOTAL|NR|T|ES,6224.0,Number,Eurostat,https://ec.europa.eu/eurostat/api/dissemination/statistics/1.0/data/migr_imm1ctz?geo=ES&age=TOTAL&sex=T&agedef=REACH,A,BG,REACH,TOTAL,NR,T,ES
2013-01-01,2013,A|BG|REACH|TOTAL|NR|T|ES,4947.0,Number,Eurostat,https://ec.europa.eu/eurostat/api/dissemination/statistics/1.0/data/migr_imm1ctz?geo=ES&age=TOTAL&sex=T&agedef=REACH,A,BG,REACH,TOTAL,NR,T,ES
2014-01-01,2014,A|BG|REACH|TOTAL|NR|T|ES,4699.0,Number,Eurostat,https://ec.europa.eu/eurostat/api/dissemination/statistics/1.0/data/migr_imm1ctz?geo=ES&age=TOTAL&sex=T&agedef=REACH,A,BG,REACH,TOTAL,NR,T,ES
2015-01-01,2015,A|BG|REACH|TOTAL|NR|T|ES,4921.0,Number,Eurostat,https://ec.europa.eu/eurostat/api/dissemination/statistics/1.0/data/migr_imm1ctz?geo=ES&age=TOTAL&sex=T&agedef=REACH,A,BG,REACH,TOTAL,NR,T,ES
2016-01-01,2016,A|BG|REACH|TOTAL|NR|T|ES,5150.0,Number,Eurostat,https://ec.europa.eu/eurostat/api/dissemination/statistics/1.0/data/migr_imm1ctz?geo=ES&age=TOTAL&sex=T&agedef=REACH,A,BG,REACH,TOTAL,NR,T,ES
2017-01-01,2017,A|BG|REACH|TOTAL|NR|T|ES,6050.0,Number,Eurostat,https://ec.europa.eu/eurostat/api/dissemination/statistics/1.0/data/migr_imm1ctz?geo=ES&age=TOTAL&sex=T&agedef=REACH,A,BG,REACH,TOTAL,NR,T,ES
2018-01-01,2018,A|BG|REACH|TOTAL|NR|T|ES,5363.0,Number,Eurostat,https://ec.europa.eu/eurostat/api/dissemination/statistics/1.0/data/migr_imm1ctz?geo=ES&age=TOTAL&sex=T&agedef=REACH,A,BG,REACH,TOTAL,NR,T,ES
2019-01-01,2019,A|BG|REACH|TOTAL|NR|T|ES,5600.0,Number,Eurostat,https://ec.europa.eu/eurostat/api/dissemination/statistics/1.0/data/migr_imm1ctz?geo=ES&age=TOTAL&sex=T&agedef=REACH,A,BG,REACH,TOTAL,NR,T,ES
2020-01-01,2020,A|BG|REACH|TOTAL|NR|T|ES,3357.0,Number,Eurostat,https://ec.europa.eu/eurostat/api/dissemination/statistics/1.0/data/migr_imm1ctz?geo=ES&age=TOTAL&sex=T&agedef=REACH,A,BG,REACH,TOTAL,NR,T,ES
2021-01-01,2021,A|BG|REACH|TOTAL|NR|T|ES,8738.0,Number,Eurostat,https://ec.europa.eu/eurostat/api/dissemination/statistics/1.0/data/migr_imm1ctz?geo=ES&age=TOTAL&sex=T&agedef=REACH,A,BG,REACH,TOTAL,NR,T,ES
2022-01-01,2022,A|BG|REACH|TOTAL|NR|T|ES,8610.0,Number,Eurostat,https://ec.europa.eu/eurostat/api/dissemination/statistics/1.0/data/migr_imm1ctz?geo=ES&age=TOTAL&sex=T&agedef=REACH,A,BG,REACH,TOTAL,NR,T,ES
2023-01-01,2023,A|BG|REACH|TOTAL|NR|T|ES,8469.0,Number,Eurostat,https://ec.europa.eu/eurostat/api/dissemination/statistics/1.0/data/migr_imm1ctz?geo=ES&age=TOTAL&sex=T&agedef=REACH,A,BG,REACH,TOTAL,NR,T,ES
2024-01-01,2024,A|BG|REACH|TOTAL|NR|T|ES,6615.0,Number,Eurostat,https://ec.europa.eu/eurostat/api/dissemination/statistics/1.0/data/migr_imm1ctz?geo=ES&age=TOTAL&sex=T&agedef=REACH,A,BG,REACH,TOTAL,NR,T,ES
1998-01-01,1998,A|BH|REACH|TOTAL|NR|T|ES,1.0,Number,Eurostat,https://ec.europa.eu/eurostat/api/dissemination/statistics/1.0/data/migr_imm1ctz?geo=ES&age=TOTAL&sex=T&agedef=REACH,A,BH,REACH,TOTAL,NR,T,ES
1999-01-01,1999,A|BH|REACH|TOTAL|NR|T|ES,0.0,Number,Eurostat,https://ec.europa.eu/eurostat/api/dissemination/statistics/1.0/data/migr_imm1ctz?geo=ES&age=TOTAL&sex=T&agedef=REACH,A,BH,REACH,TOTAL,NR,T,ES
2000-01-01,2000,A|BH|REACH|TOTAL|NR|T|ES,0.0,Number,Eurostat,https://ec.europa.eu/eurostat/api/dissemination/statistics/1.0/data/migr_imm1ctz?geo=ES&age=TOTAL&sex=T&agedef=REACH,A,BH,REACH,TOTAL,NR,T,ES
2001-01-01,2001,A|BH|REACH|TOTAL|NR|T|ES,0.0,Number,Eurostat,https://ec.europa.eu/eurostat/api/dissemination/statistics/1.0/data/migr_imm1ctz?geo=ES&age=TOTAL&sex=T&agedef=REACH,A,BH,REACH,TOTAL,NR,T,ES
2002-01-01,2002,A|BH|REACH|TOTAL|NR|T|ES,4.0,Number,Eurostat,https://ec.europa.eu/eurostat/api/dissemination/statistics/1.0/data/migr_imm1ctz?geo=ES&age=TOTAL&sex=T&agedef=REACH,A,BH,REACH,TOTAL,NR,T,ES
2003-01-01,2003,A|BH|REACH|TOTAL|NR|T|ES,,Number,Eurostat,https://ec.europa.eu/eurostat/api/dissemination/statistics/1.0/data/migr_imm1ctz?geo=ES&age=TOTAL&sex=T&agedef=REACH,A,BH,REACH,TOTAL,NR,T,ES
2004-01-01,2004,A|BH|REACH|TOTAL|NR|T|ES,1.0,Number,Eurostat,https://ec.europa.eu/eurostat/api/dissemination/statistics/1.0/data/migr_imm1ctz?geo=ES&age=TOTAL&sex=T&agedef=REACH,A,BH,REACH,TOTAL,NR,T,ES
2005-01-01,2005,A|BH|REACH|TOTAL|NR|T|ES,2.0,Number,Eurostat,https://ec.europa.eu/eurostat/api/dissemination/statistics/1.0/data/migr_imm1ctz?geo=ES&age=TOTAL&sex=T&agedef=REACH,A,BH,REACH,TOTAL,NR,T,ES
2006-01-01,2006,A|BH|REACH|TOTAL|NR|T|ES,0.0,Number,Eurostat,https://ec.europa.eu/eurostat/api/dissemination/statistics/1.0/data/migr_imm1ctz?geo=ES&age=TOTAL&sex=T&agedef=REACH,A,BH,REACH,TOTAL,NR,T,ES
2007-01-01,2007,A|BH|REACH|TOTAL|NR|T|ES,1.0,Number,Eurostat,https://ec.europa.eu/eurostat/api/dissemination/statistics/1.0/data/migr_imm1ctz?geo=ES&age=TOTAL&sex=T&agedef=REACH,A,BH,REACH,TOTAL,NR,T,ES
1998-01-01,1998,A|BI|REACH|TOTAL|NR|T|ES,2.0,Number,Eurostat,https://ec.europa.eu/eurostat/api/dissemination/statistics/1.0/data/migr_imm1ctz?geo=ES&age=TOTAL&sex=T&agedef=REACH,A,BI,REACH,TOTAL,NR,T,ES
1999-01-01,1999,A|BI|REACH|TOTAL|NR|T|ES,2.0,Number,Eurostat,https://ec.europa.eu/eurostat/api/dissemination/statistics/1.0/data/migr_imm1ctz?geo=ES&age=TOTAL&sex=T&agedef=REACH,A,BI,REACH,TOTAL,NR,T,ES
2000-01-01,2000,A|BI|REACH|TOTAL|NR|T|ES,2.0,Number,Eurostat,https://ec.europa.eu/eurostat/api/dissemination/statistics/1.0/data/migr_imm1ctz?geo=ES&age=TOTAL&sex=T&agedef=REACH,A,BI,REACH,TOTAL,NR,T,ES
2001-01-01,2001,A|BI|REACH|TOTAL|NR|T|ES,6.0,Number,Eurostat,https://ec.europa.eu/eurostat/api/dissemination/statistics/1.0/data/migr_imm1ctz?geo=ES&age=TOTAL&sex=T&agedef=REACH,A,BI,REACH,TOTAL,NR,T,ES
2002-01-01,2002,A|BI|REACH|TOTAL|NR|T|ES,0.0,Number,Eurostat,https://ec.europa.eu/eurostat/api/dissemination/statistics/1.0/data/migr_imm1ctz?geo=ES&age=TOTAL&sex=T&agedef=REACH,A,BI,REACH,TOTAL,NR,T,ES
2003-01-01,2003,A|BI|REACH|TOTAL|NR|T|ES,,Number,Eurostat,https://ec.europa.eu/eurostat/api/dissemination/statistics/1.0/data/migr_imm1ctz?geo=ES&age=TOTAL&sex=T&agedef=REACH,A,BI,REACH,TOTAL,NR,T,ES
2004-01-01,2004,A|BI|REACH|TOTAL|NR|T|ES,6.0,Number,Eurostat,https://ec.europa.eu/eurostat/api/dissemination/statistics/1.0/data/migr_imm1ctz?geo=ES&age=TOTAL&sex=T&agedef=REACH,A,BI,REACH,TOTAL,NR,T,ES
2005-01-01,2005,A|BI|REACH|TOTAL|NR|T|ES,19.0,Number,Eurostat,https://ec.europa.eu/eurostat/api/dissemination/statistics/1.0/data/migr_imm1ctz?geo=ES&age=TOTAL&sex=T&agedef=REACH,A,BI,REACH,TOTAL,NR,T,ES
2006-01-01,2006,A|BI|REACH|TOTAL|NR|T|ES,14.0,Number,Eurostat,https://ec.europa.eu/eurostat/api/dissemination/statistics/1.0/data/migr_imm1ctz?geo=ES&age=TOTAL&sex=T&agedef=REACH,A,BI,REACH,TOTAL,NR,T,ES
2007-01-01,2007,A|BI|REACH|TOTAL|NR|T|ES,4.0,Number,Eurostat,https://ec.europa.eu/eurostat/api/dissemination/statistics/1.0/data/migr_imm1ctz?geo=ES&age=TOTAL&sex=T&agedef=REACH,A,BI,REACH,TOTAL,NR,T,ES
1998-01-01,1998,A|BJ|REACH|TOTAL|NR|T|ES,2.0,Number,Eurostat,https://ec.europa.eu/eurostat/api/dissemination/statistics/1.0/data/migr_imm1ctz?geo=ES&age=TOTAL&sex=T&agedef=REACH,A,BJ,REACH,TOTAL,NR,T,ES
1999-01-01,1999,A|BJ|REACH|TOTAL|NR|T|ES,3.0,Number,Eurostat,https://ec.europa.eu/eurostat/api/dissemination/statistics/1.0/data/migr_imm1ctz?geo=ES&age=TOTAL&sex=T&agedef=REACH,A,BJ,REACH,TOTAL,NR,T,ES
2000-01-01,2000,A|BJ|REACH|TOTAL|NR|T|ES,28.0,Number,Eurostat,https://ec.europa.eu/eurostat/api/dissemination/statistics/1.0/data/migr_imm1ctz?geo=ES&age=TOTAL&sex=T&agedef=REACH,A,BJ,REACH,TOTAL,NR,T,ES
2001-01-01,2001,A|BJ|REACH|TOTAL|NR|T|ES,36.0,Number,Eurostat,https://ec.europa.eu/eurostat/api/dissemination/statistics/1.0/data/migr_imm1ctz?geo=ES&age=TOTAL&sex=T&agedef=REACH,A,BJ,REACH,TOTAL,NR,T,ES
2002-01-01,2002,A|BJ|REACH|TOTAL|NR|T|ES,20.0,Number,Eurostat,https://ec.europa.eu/eurostat/api/dissemination/statistics/1.0/data/migr_imm1ctz?geo=ES&age=TOTAL&sex=T&agedef=REACH,A,BJ,REACH,TOTAL,NR,T,ES
2003-01-01,2003,A|BJ|REACH|TOTAL|NR|T|ES,,Number,Eurostat,https://ec.europa.eu/eurostat/api/dissemination/statistics/1.0/data/migr_imm1ctz?geo=ES&age=TOTAL&sex=T&agedef=REACH,A,BJ,REACH,TOTAL,NR,T,ES
2004-01-01,2004,A|BJ|REACH|TOTAL|NR|T|ES,63.0,Number,Eurostat,https://ec.europa.eu/eurostat/api/dissemination/statistics/1.0/data/migr_imm1ctz?geo=ES&age=TOTAL&sex=T&agedef=REACH,A,BJ,REACH,TOTAL,NR,T,ES
2005-01-01,2005,A|BJ|REACH|TOTAL|NR|T|ES,59.0,Number,Eurostat,https://ec.europa.eu/eurostat/api/dissemination/statistics/1.0/data/migr_imm1ctz?geo=ES&age=TOTAL&sex=T&agedef=REACH,A,BJ,REACH,TOTAL,NR,T,ES
2006-01-01,2006,A|BJ|REACH|TOTAL|NR|T|ES,67.0,Number,Eurostat,https://ec.europa.eu/eurostat/api/dissemination/statistics/1.0/data/migr_imm1ctz?geo=ES&age=TOTAL&sex=T&agedef=REACH,A,BJ,REACH,TOTAL,NR,T,ES
2007-01-01,2007,A|BJ|REACH|TOTAL|NR|T|ES,65.0,Number,Eurostat,https://ec.europa.eu/eurostat/api/dissemination/statistics/1.0/data/migr_imm1ctz?geo=ES&age=TOTAL&sex=T&agedef=REACH,A,BJ,REACH,TOTAL,NR,T,ES
2008-01-01,2008,A|BL|REACH|TOTAL|NR|T|ES,0.0,Number,Eurostat,https://ec.europa.eu/eurostat/api/dissemination/statistics/1.0/data/migr_imm1ctz?geo=ES&age=TOTAL&sex=T&agedef=REACH,A,BL,REACH,TOTAL,NR,T,ES
2009-01-01,2009,A|BL|REACH|TOTAL|NR|T|ES,0.0,Number,Eurostat,https://ec.europa.eu/eurostat/api/dissemination/statistics/1.0/data/migr_imm1ctz?geo=ES&age=TOTAL&sex=T&agedef=REACH,A,BL,REACH,TOTAL,NR,T,ES
2010-01-01,2010,A|BL|REACH|TOTAL|NR|T|ES,0.0,Number,Eurostat,https://ec.europa.eu/eurostat/api/dissemination/statistics/1.0/data/migr_imm1ctz?geo=ES&age=TOTAL&sex=T&agedef=REACH,A,BL,REACH,TOTAL,NR,T,ES
2011-01-01,2011,A|BL|REACH|TOTAL|NR|T|ES,0.0,Number,Eurostat,https://ec.europa.eu/eurostat/api/dissemination/statistics/1.0/data/migr_imm1ctz?geo=ES&age=TOTAL&sex=T&agedef=REACH,A,BL,REACH,TOTAL,NR,T,ES
2012-01-01,2012,A|BL|REACH|TOTAL|NR|T|ES,0.0,Number,Eurostat,https://ec.europa.eu/eurostat/api/dissemination/statistics/1.0/data/migr_imm1ctz?geo=ES&age=TOTAL&sex=T&agedef=REACH,A,BL,REACH,TOTAL,NR,T,ES
2013-01-01,2013,A|BL|REACH|TOTAL|NR|T|ES,0.0,Number,Eurostat,https://ec.europa.eu/eurostat/api/dissemination/statistics/1.0/data/migr_imm1ctz?geo=ES&age=TOTAL&sex=T&agedef=REACH,A,BL,REACH,TOTAL,NR,T,ES
2014-01-01,2014,A|BL|REACH|TOTAL|NR|T|ES,0.0,Number,Eurostat,https://ec.europa.eu/eurostat/api/dissemination/statistics/1.0/data/migr_imm1ctz?geo=ES&age=TOTAL&sex=T&agedef=REACH,A,BL,REACH,TOTAL,NR,T,ES
1998-01-01,1998,A|BM|REACH|TOTAL|NR|T|ES,0.0,Number,Eurostat,https://ec.europa.eu/eurostat/api/dissemination/statistics/1.0/data/migr_imm1ctz?geo=ES&age=TOTAL&sex=T&agedef=REACH,A,BM,REACH,TOTAL,NR,T,ES
1999-01-01,1999,A|BM|REACH|TOTAL|NR|T|ES,0.0,Number,Eurostat,https://ec.europa.eu/eurostat/api/dissemination/statistics/1.0/data/migr_imm1ctz?geo=ES&age=TOTAL&sex=T&agedef=REACH,A,BM,REACH,TOTAL,NR,T,ES
2000-01-01,2000,A|BM|REACH|TOTAL|NR|T|ES,0.0,Number,Eurostat,https://ec.europa.eu/eurostat/api/dissemination/statistics/1.0/data/migr_imm1ctz?geo=ES&age=TOTAL&sex=T&agedef=REACH,A,BM,REACH,TOTAL,NR,T,ES
2001-01-01,2001,A|BM|REACH|TOTAL|NR|T|ES,0.0,Number,Eurostat,https://ec.europa.eu/eurostat/api/dissemination/statistics/1.0/data/migr_imm1ctz?geo=ES&age=TOTAL&sex=T&agedef=REACH,A,BM,REACH,TOTAL,NR,T,ES
2002-01-01,2002,A|BM|REACH|TOTAL|NR|T|ES,,Number,Eurostat,https://ec.europa.eu/eurostat/api/dissemination/statistics/1.0/data/migr_imm1ctz?geo=ES&age=TOTAL&sex=T&agedef=REACH,A,BM,REACH,TOTAL,NR,T,ES
2003-01-01,2003,A|BM|REACH|TOTAL|NR|T|ES,,Number,Eurostat,https://ec.europa.eu/eurostat/api/dissemination/statistics/1.0/data/migr_imm1ctz?geo=ES&age=TOTAL&sex=T&agedef=REACH,A,BM,REACH,TOTAL,NR,T,ES
2004-01-01,2004,A|BM|REACH|TOTAL|NR|T|ES,,Number,Eurostat,https://ec.europa.eu/eurostat/api/dissemination/statistics/1.0/data/migr_imm1ctz?geo=ES&age=TOTAL&sex=T&agedef=REACH,A,BM,REACH,TOTAL,NR,T,ES
2005-01-01,2005,A|BM|REACH|TOTAL|NR|T|ES,,Number,Eurostat,https://ec.europa.eu/eurostat/api/dissemination/statistics/1.0/data/migr_imm1ctz?geo=ES&age=TOTAL&sex=T&agedef=REACH,A,BM,REACH,TOTAL,NR,T,ES
2006-01-01,2006,A|BM|REACH|TOTAL|NR|T|ES,,Number,Eurostat,https://ec.europa.eu/eurostat/api/dissemination/statistics/1.0/data/migr_imm1ctz?geo=ES&age=TOTAL&sex=T&agedef=REACH,A,BM,REACH,TOTAL,NR,T,ES
2007-01-01,2007,A|BM|REACH|TOTAL|NR|T|ES,,Number,Eurostat,https://ec.europa.eu/eurostat/api/dissemination/statistics/1.0/data/migr_imm1ctz?geo=ES&age=TOTAL&sex=T&agedef=REACH,A,BM,REACH,TOTAL,NR,T,ES
2008-01-01,2008,A|BM|REACH|TOTAL|NR|T|ES,0.0,Number,Eurostat,https://ec.europa.eu/eurostat/api/dissemination/statistics/1.0/data/migr_imm1ctz?geo=ES&age=TOTAL&sex=T&agedef=REACH,A,BM,REACH,TOTAL,NR,T,ES
2009-01-01,2009,A|BM|REACH|TOTAL|NR|T|ES,0.0,Number,Eurostat,https://ec.europa.eu/eurostat/api/dissemination/statistics/1.0/data/migr_imm1ctz?geo=ES&age=TOTAL&sex=T&agedef=REACH,A,BM,REACH,TOTAL,NR,T,ES
2010-01-01,2010,A|BM|REACH|TOTAL|NR|T|ES,0.0,Number,Eurostat,https://ec.europa.eu/eurostat/api/dissemination/statistics/1.0/data/migr_imm1ctz?geo=ES&age=TOTAL&sex=T&agedef=REACH,A,BM,REACH,TOTAL,NR,T,ES
2011-01-01,2011,A|BM|REACH|TOTAL|NR|T|ES,0.0,Number,Eurostat,https://ec.europa.eu/eurostat/api/dissemination/statistics/1.0/data/migr_imm1ctz?geo=ES&age=TOTAL&sex=T&agedef=REACH,A,BM,REACH,TOTAL,NR,T,ES
2012-01-01,2012,A|BM|REACH|TOTAL|NR|T|ES,0.0,Number,Eurostat,https://ec.europa.eu/eurostat/api/dissemination/statistics/1.0/data/migr_imm1ctz?geo=ES&age=TOTAL&sex=T&agedef=REACH,A,BM,REACH,TOTAL,NR,T,ES
2013-01-01,2013,A|BM|REACH|TOTAL|NR|T|ES,0.0,Number,Eurostat,https://ec.europa.eu/eurostat/api/dissemination/statistics/1.0/data/migr_imm1ctz?geo=ES&age=TOTAL&sex=T&agedef=REACH,A,BM,REACH,TOTAL,NR,T,ES
2014-01-01,2014,A|BM|REACH|TOTAL|NR|T|ES,0.0,Number,Eurostat,https://ec.europa.eu/eurostat/api/dissemination/statistics/1.0/data/migr_imm1ctz?geo=ES&age=TOTAL&sex=T&agedef=REACH,A,BM,REACH,TOTAL,NR,T,ES
1998-01-01,1998,A|BN|REACH|TOTAL|NR|T|ES,0.0,Number,Eurostat,https://ec.europa.eu/eurostat/api/dissemination/statistics/1.0/data/migr_imm1ctz?geo=ES&age=TOTAL&sex=T&agedef=REACH,A,BN,REACH,TOTAL,NR,T,ES
1999-01-01,1999,A|BN|REACH|TOTAL|NR|T|ES,3.0,Number,Eurostat,https://ec.europa.eu/eurostat/api/dissemination/statistics/1.0/data/migr_imm1ctz?geo=ES&age=TOTAL&sex=T&agedef=REACH,A,BN,REACH,TOTAL,NR,T,ES
2000-01-01,2000,A|BN|REACH|TOTAL|NR|T|ES,0.0,Number,Eurostat,https://ec.europa.eu/eurostat/api/dissemination/statistics/1.0/data/migr_imm1ctz?geo=ES&age=TOTAL&sex=T&agedef=REACH,A,BN,REACH,TOTAL,NR,T,ES
2001-01-01,2001,A|BN|REACH|TOTAL|NR|T|ES,1.0,Number,Eurostat,https://ec.europa.eu/eurostat/api/dissemination/statistics/1.0/data/migr_imm1ctz?geo=ES&age=TOTAL&sex=T&agedef=REACH,A,BN,REACH,TOTAL,NR,T,ES
2002-01-01,2002,A|BN|REACH|TOTAL|NR|T|ES,1.0,Number,Eurostat,https://ec.europa.eu/eurostat/api/dissemination/statistics/1.0/data/migr_imm1ctz?geo=ES&age=TOTAL&sex=T&agedef=REACH,A,BN,REACH,TOTAL,NR,T,ES
2003-01-01,2003,A|BN|REACH|TOTAL|NR|T|ES,,Number,Eurostat,https://ec.europa.eu/eurostat/api/dissemination/statistics/1.0/data/migr_imm1ctz?geo=ES&age=TOTAL&sex=T&agedef=REACH,A,BN,REACH,TOTAL,NR,T,ES
2004-01-01,2004,A|BN|REACH|TOTAL|NR|T|ES,2.0,Number,Eurostat,https://ec.europa.eu/eurostat/api/dissemination/statistics/1.0/data/migr_imm1ctz?geo=ES&age=TOTAL&sex=T&agedef=REACH,A,BN,REACH,TOTAL,NR,T,ES
2005-01-01,2005,A|BN|REACH|TOTAL|NR|T|ES,2.0,Number,Eurostat,https://ec.europa.eu/eurostat/api/dissemination/statistics/1.0/data/migr_imm1ctz?geo=ES&age=TOTAL&sex=T&agedef=REACH,A,BN,REACH,TOTAL,NR,T,ES
2006-01-01,2006,A|BN|REACH|TOTAL|NR|T|ES,1.0,Number,Eurostat,https://ec.europa.eu/eurostat/api/dissemination/statistics/1.0/data/migr_imm1ctz?geo=ES&age=TOTAL&sex=T&agedef=REACH,A,BN,REACH,TOTAL,NR,T,ES
2007-01-01,2007,A|BN|REACH|TOTAL|NR|T|ES,1.0,Number,Eurostat,https://ec.europa.eu/eurostat/api/dissemination/statistics/1.0/data/migr_imm1ctz?geo=ES&age=TOTAL&sex=T&agedef=REACH,A,BN,REACH,TOTAL,NR,T,ES
1998-01-01,1998,A|BO|REACH|TOTAL|NR|T|ES,153.0,Number,Eurostat,https://ec.europa.eu/eurostat/api/dissemination/statistics/1.0/data/migr_imm1ctz?geo=ES&age=TOTAL&sex=T&agedef=REACH,A,BO,REACH,TOTAL,NR,T,ES
1999-01-01,1999,A|BO|REACH|TOTAL|NR|T|ES,498.0,Number,Eurostat,https://ec.europa.eu/eurostat/api/dissemination/statistics/1.0/data/migr_imm1ctz?geo=ES&age=TOTAL&sex=T&agedef=REACH,A,BO,REACH,TOTAL,NR,T,ES
2000-01-01,2000,A|BO|REACH|TOTAL|NR|T|ES,3335.0,Number,Eurostat,https://ec.europa.eu/eurostat/api/dissemination/statistics/1.0/data/migr_imm1ctz?geo=ES&age=TOTAL&sex=T&agedef=REACH,A,BO,REACH,TOTAL,NR,T,ES
2001-01-01,2001,A|BO|REACH|TOTAL|NR|T|ES,4863.0,Number,Eurostat,https://ec.europa.eu/eurostat/api/dissemination/statistics/1.0/data/migr_imm1ctz?geo=ES&age=TOTAL&sex=T&agedef=REACH,A,BO,REACH,TOTAL,NR,T,ES
2002-01-01,2002,A|BO|REACH|TOTAL|NR|T|ES,10625.0,Number,Eurostat,https://ec.europa.eu/eurostat/api/dissemination/statistics/1.0/data/migr_imm1ctz?geo=ES&age=TOTAL&sex=T&agedef=REACH,A,BO,REACH,TOTAL,NR,T,ES
2003-01-01,2003,A|BO|REACH|TOTAL|NR|T|ES,,Number,Eurostat,https://ec.europa.eu/eurostat/api/dissemination/statistics/1.0/data/migr_imm1ctz?geo=ES&age=TOTAL&sex=T&agedef=REACH,A,BO,REACH,TOTAL,NR,T,ES
2004-01-01,2004,A|BO|REACH|TOTAL|NR|T|ES,44049.0,Number,Eurostat,https://ec.europa.eu/eurostat/api/dissemination/statistics/1.0/data/migr_imm1ctz?geo=ES&age=TOTAL&sex=T&agedef=REACH,A,BO,REACH,TOTAL,NR,T,ES
2005-01-01,2005,A|BO|REACH|TOTAL|NR|T|ES,44985.0,Number,Eurostat,https://ec.europa.eu/eurostat/api/dissemination/statistics/1.0/data/migr_imm1ctz?geo=ES&age=TOTAL&sex=T&agedef=REACH,A,BO,REACH,TOTAL,NR,T,ES
2006-01-01,2006,A|BO|REACH|TOTAL|NR|T|ES,77755.0,Number,Eurostat,https://ec.europa.eu/eurostat/api/dissemination/statistics/1.0/data/migr_imm1ctz?geo=ES&age=TOTAL&sex=T&agedef=REACH,A,BO,REACH,TOTAL,NR,T,ES
2007-01-01,2007,A|BO|REACH|TOTAL|NR|T|ES,51797.0,Number,Eurostat,https://ec.europa.eu/eurostat/api/dissemination/statistics/1.0/data/migr_imm1ctz?geo=ES&age=TOTAL&sex=T&agedef=REACH,A,BO,REACH,TOTAL,NR,T,ES
2008-01-01,2008,A|BO|REACH|TOTAL|NR|T|ES,10394.0,Number,Eurostat,https://ec.europa.eu/eurostat/api/dissemination/statistics/1.0/data/migr_imm1ctz?geo=ES&age=TOTAL&sex=T&agedef=REACH,A,BO,REACH,TOTAL,NR,T,ES
2009-01-01,2009,A|BO|REACH|TOTAL|NR|T|ES,5873.0,Number,Eurostat,https://ec.europa.eu/eurostat/api/dissemination/statistics/1.0/data/migr_imm1ctz?geo=ES&age=TOTAL&sex=T&agedef=REACH,A,BO,REACH,TOTAL,NR,T,ES
2010-01-01,2010,A|BO|REACH|TOTAL|NR|T|ES,4045.0,Number,Eurostat,https://ec.europa.eu/eurostat/api/dissemination/statistics/1.0/data/migr_imm1ctz?geo=ES&age=TOTAL&sex=T&agedef=REACH,A,BO,REACH,TOTAL,NR,T,ES
2011-01-01,2011,A|BO|REACH|TOTAL|NR|T|ES,4562.0,Number,Eurostat,https://ec.europa.eu/eurostat/api/dissemination/statistics/1.0/data/migr_imm1ctz?geo=ES&age=TOTAL&sex=T&agedef=REACH,A,BO,REACH,TOTAL,NR,T,ES
2012-01-01,2012,A|BO|REACH|TOTAL|NR|T|ES,3872.0,Number,Eurostat,https://ec.europa.eu/eurostat/api/dissemination/statistics/1.0/data/migr_imm1ctz?geo=ES&age=TOTAL&sex=T&agedef=REACH,A,BO,REACH,TOTAL,NR,T,ES
2013-01-01,2013,A|BO|REACH|TOTAL|NR|T|ES,3589.0,Number,Eurostat,https://ec.europa.eu/eurostat/api/dissemination/statistics/1.0/data/migr_imm1ctz?geo=ES&age=TOTAL&sex=T&agedef=REACH,A,BO,REACH,TOTAL,NR,T,ES
2014-01-01,2014,A|BO|REACH|TOTAL|NR|T|ES,4138.0,Number,Eurostat,https://ec.europa.eu/eurostat/api/dissemination/statistics/1.0/data/migr_imm1ctz?geo=ES&age=TOTAL&sex=T&agedef=REACH,A,BO,REACH,TOTAL,NR,T,ES
2015-01-01,2015,A|BO|REACH|TOTAL|NR|T|ES,4284.0,Number,Eurostat,https://ec.europa.eu/eurostat/api/dissemination/statistics/1.0/data/migr_imm1ctz?geo=ES&age=TOTAL&sex=T&agedef=REACH,A,BO,REACH,TOTAL,NR,T,ES
2016-01-01,2016,A|BO|REACH|TOTAL|NR|T|ES,5272.0,Number,Eurostat,https://ec.europa.eu/eurostat/api/dissemination/statistics/1.0/data/migr_imm1ctz?geo=ES&age=TOTAL&sex=T&agedef=REACH,A,BO,REACH,TOTAL,NR,T,ES
2017-01-01,2017,A|BO|REACH|TOTAL|NR|T|ES,6349.0,Number,Eurostat,https://ec.europa.eu/eurostat/api/dissemination/statistics/1.0/data/migr_imm1ctz?geo=ES&age=TOTAL&sex=T&agedef=REACH,A,BO,REACH,TOTAL,NR,T,ES
2018-01-01,2018,A|BO|REACH|TOTAL|NR|T|ES,6074.0,Number,Eurostat,https://ec.europa.eu/eurostat/api/dissemination/statistics/1.0/data/migr_imm1ctz?geo=ES&age=TOTAL&sex=T&agedef=REACH,A,BO,REACH,TOTAL,NR,T,ES
2019-01-01,2019,A|BO|REACH|TOTAL|NR|T|ES,6171.0,Number,Eurostat,https://ec.europa.eu/eurostat/api/dissemination/statistics/1.0/data/migr_imm1ctz?geo=ES&age=TOTAL&sex=T&agedef=REACH,A,BO,REACH,TOTAL,NR,T,ES
2020-01-01,2020,A|BO|REACH|TOTAL|NR|T|ES,3057.0,Number,Eurostat,https://ec.europa.eu/eurostat/api/dissemination/statistics/1.0/data/migr_imm1ctz?geo=ES&age=TOTAL&sex=T&agedef=REACH,A,BO,REACH,TOTAL,NR,T,ES
2021-01-01,2021,A|BO|REACH|TOTAL|NR|T|ES,7713.0,Number,Eurostat,https://ec.europa.eu/eurostat/api/dissemination/statistics/1.0/data/migr_imm1ctz?geo=ES&age=TOTAL&sex=T&agedef=REACH,A,BO,REACH,TOTAL,NR,T,ES
2022-01-01,2022,A|BO|REACH|TOTAL|NR|T|ES,8700.0,Number,Eurostat,https://ec.europa.eu/eurostat/api/dissemination/statistics/1.0/data/migr_imm1ctz?geo=ES&age=TOTAL&sex=T&agedef=REACH,A,BO,REACH,TOTAL,NR,T,ES
2023-01-01,2023,A|BO|REACH|TOTAL|NR|T|ES,8999.0,Number,Eurostat,https://ec.europa.eu/eurostat/api/dissemination/statistics/1.0/data/migr_imm1ctz?geo=ES&age=TOTAL&sex=T&agedef=REACH,A,BO,REACH,TOTAL,NR,T,ES
2024-01-01,2024,A|BO|REACH|TOTAL|NR|T|ES,7612.0,Number,Eurostat,https://ec.europa.eu/eurostat/api/dissemination/statistics/1.0/data/migr_imm1ctz?geo=ES&age=TOTAL&sex=T&agedef=REACH,A,BO,REACH,TOTAL,NR,T,ES
2013-01-01,2013,A|BQ|REACH|TOTAL|NR|T|ES,0.0,Number,Eurostat,https://ec.europa.eu/eurostat/api/dissemination/statistics/1.0/data/migr_imm1ctz?geo=ES&age=TOTAL&sex=T&agedef=REACH,A,BQ,REACH,TOTAL,NR,T,ES
2014-01-01,2014,A|BQ|REACH|TOTAL|NR|T|ES,0.0,Number,Eurostat,https://ec.europa.eu/eurostat/api/dissemination/statistics/1.0/data/migr_imm1ctz?geo=ES&age=TOTAL&sex=T&agedef=REACH,A,BQ,REACH,TOTAL,NR,T,ES
1998-01-01,1998,A|BR|REACH|TOTAL|NR|T|ES,885.0,Number,Eurostat,https://ec.europa.eu/eurostat/api/dissemination/statistics/1.0/data/migr_imm1ctz?geo=ES&age=TOTAL&sex=T&agedef=REACH,A,BR,REACH,TOTAL,NR,T,ES
1999-01-01,1999,A|BR|REACH|TOTAL|NR|T|ES,1612.0,Number,Eurostat,https://ec.europa.eu/eurostat/api/dissemination/statistics/1.0/data/migr_imm1ctz?geo=ES&age=TOTAL&sex=T&agedef=REACH,A,BR,REACH,TOTAL,NR,T,ES
2000-01-01,2000,A|BR|REACH|TOTAL|NR|T|ES,4116.0,Number,Eurostat,https://ec.europa.eu/eurostat/api/dissemination/statistics/1.0/data/migr_imm1ctz?geo=ES&age=TOTAL&sex=T&agedef=REACH,A,BR,REACH,TOTAL,NR,T,ES
2001-01-01,2001,A|BR|REACH|TOTAL|NR|T|ES,4298.0,Number,Eurostat,https://ec.europa.eu/eurostat/api/dissemination/statistics/1.0/data/migr_imm1ctz?geo=ES&age=TOTAL&sex=T&agedef=REACH,A,BR,REACH,TOTAL,NR,T,ES
2002-01-01,2002,A|BR|REACH|TOTAL|NR|T|ES,4670.0,Number,Eurostat,https://ec.europa.eu/eurostat/api/dissemination/statistics/1.0/data/migr_imm1ctz?geo=ES&age=TOTAL&sex=T&agedef=REACH,A,BR,REACH,TOTAL,NR,T,ES
2003-01-01,2003,A|BR|REACH|TOTAL|NR|T|ES,,Number,Eurostat,https://ec.europa.eu/eurostat/api/dissemination/statistics/1.0/data/migr_imm1ctz?geo=ES&age=TOTAL&sex=T&agedef=REACH,A,BR,REACH,TOTAL,NR,T,ES
2004-01-01,2004,A|BR|REACH|TOTAL|NR|T|ES,16483.0,Number,Eurostat,https://ec.europa.eu/eurostat/api/dissemination/statistics/1.0/data/migr_imm1ctz?geo=ES&age=TOTAL&sex=T&agedef=REACH,A,BR,REACH,TOTAL,NR,T,ES
2005-01-01,2005,A|BR|REACH|TOTAL|NR|T|ES,24575.0,Number,Eurostat,https://ec.europa.eu/eurostat/api/dissemination/statistics/1.0/data/migr_imm1ctz?geo=ES&age=TOTAL&sex=T&agedef=REACH,A,BR,REACH,TOTAL,NR,T,ES
2006-01-01,2006,A|BR|REACH|TOTAL|NR|T|ES,32586.0,Number,Eurostat,https://ec.europa.eu/eurostat/api/dissemination/statistics/1.0/data/migr_imm1ctz?geo=ES&age=TOTAL&sex=T&agedef=REACH,A,BR,REACH,TOTAL,NR,T,ES
2007-01-01,2007,A|BR|REACH|TOTAL|NR|T|ES,36134.0,Number,Eurostat,https://ec.europa.eu/eurostat/api/dissemination/statistics/1.0/data/migr_imm1ctz?geo=ES&age=TOTAL&sex=T&agedef=REACH,A,BR,REACH,TOTAL,NR,T,ES
2008-01-01,2008,A|BR|REACH|TOTAL|NR|T|ES,20488.0,Number,Eurostat,https://ec.europa.eu/eurostat/api/dissemination/statistics/1.0/data/migr_imm1ctz?geo=ES&age=TOTAL&sex=T&agedef=REACH,A,BR,REACH,TOTAL,NR,T,ES
2009-01-01,2009,A|BR|REACH|TOTAL|NR|T|ES,10473.0,Number,Eurostat,https://ec.europa.eu/eurostat/api/dissemination/statistics/1.0/data/migr_imm1ctz?geo=ES&age=TOTAL&sex=T&agedef=REACH,A,BR,REACH,TOTAL,NR,T,ES
2010-01-01,2010,A|BR|REACH|TOTAL|NR|T|ES,8696.0,Number,Eurostat,https://ec.europa.eu/eurostat/api/dissemination/statistics/1.0/data/migr_imm1ctz?geo=ES&age=TOTAL&sex=T&agedef=REACH,A,BR,REACH,TOTAL,NR,T,ES
2011-01-01,2011,A|BR|REACH|TOTAL|NR|T|ES,7946.0,Number,Eurostat,https://ec.europa.eu/eurostat/api/dissemination/statistics/1.0/data/migr_imm1ctz?geo=ES&age=TOTAL&sex=T&agedef=REACH,A,BR,REACH,TOTAL,NR,T,ES
2012-01-01,2012,A|BR|REACH|TOTAL|NR|T|ES,6399.0,Number,Eurostat,https://ec.europa.eu/eurostat/api/dissemination/statistics/1.0/data/migr_imm1ctz?geo=ES&age=TOTAL&sex=T&agedef=REACH,A,BR,REACH,TOTAL,NR,T,ES
2013-01-01,2013,A|BR|REACH|TOTAL|NR|T|ES,5076.0,Number,Eurostat,https://ec.europa.eu/eurostat/api/dissemination/statistics/1.0/data/migr_imm1ctz?geo=ES&age=TOTAL&sex=T&agedef=REACH,A,BR,REACH,TOTAL,NR,T,ES
2014-01-01,2014,A|BR|REACH|TOTAL|NR|T|ES,5644.0,Number,Eurostat,https://ec.europa.eu/eurostat/api/dissemination/statistics/1.0/data/migr_imm1ctz?geo=ES&age=TOTAL&sex=T&agedef=REACH,A,BR,REACH,TOTAL,NR,T,ES
2015-01-01,2015,A|BR|REACH|TOTAL|NR|T|ES,7086.0,Number,Eurostat,https://ec.europa.eu/eurostat/api/dissemination/statistics/1.0/data/migr_imm1ctz?geo=ES&age=TOTAL&sex=T&agedef=REACH,A,BR,REACH,TOTAL,NR,T,ES
2016-01-01,2016,A|BR|REACH|TOTAL|NR|T|ES,9715.0,Number,Eurostat,https://ec.europa.eu/eurostat/api/dissemination/statistics/1.0/data/migr_imm1ctz?geo=ES&age=TOTAL&sex=T&agedef=REACH,A,BR,REACH,TOTAL,NR,T,ES
2017-01-01,2017,A|BR|REACH|TOTAL|NR|T|ES,12503.0,Number,Eurostat,https://ec.europa.eu/eurostat/api/dissemination/statistics/1.0/data/migr_imm1ctz?geo=ES&age=TOTAL&sex=T&agedef=REACH,A,BR,REACH,TOTAL,NR,T,ES
2018-01-01,2018,A|BR|REACH|TOTAL|NR|T|ES,15504.0,Number,Eurostat,https://ec.europa.eu/eurostat/api/dissemination/statistics/1.0/data/migr_imm1ctz?geo=ES&age=TOTAL&sex=T&agedef=REACH,A,BR,REACH,TOTAL,NR,T,ES
2019-01-01,2019,A|BR|REACH|TOTAL|NR|T|ES,16545.0,Number,Eurostat,https://ec.europa.eu/eurostat/api/dissemination/statistics/1.0/data/migr_imm1ctz?geo=ES&age=TOTAL&sex=T&agedef=REACH,A,BR,REACH,TOTAL,NR,T,ES
2020-01-01,2020,A|BR|REACH|TOTAL|NR|T|ES,8738.0,Number,Eurostat,https://ec.europa.eu/eurostat/api/dissemination/statistics/1.0/data/migr_imm1ctz?geo=ES&age=TOTAL&sex=T&agedef=REACH,A,BR,REACH,TOTAL,NR,T,ES
2021-01-01,2021,A|BR|REACH|TOTAL|NR|T|ES,12802.0,Number,Eurostat,https://ec.europa.eu/eurostat/api/dissemination/statistics/1.0/data/migr_imm1ctz?geo=ES&age=TOTAL&sex=T&agedef=REACH,A,BR,REACH,TOTAL,NR,T,ES
2022-01-01,2022,A|BR|REACH|TOTAL|NR|T|ES,20234.0,Number,Eurostat,https://ec.europa.eu/eurostat/api/dissemination/statistics/1.0/data/migr_imm1ctz?geo=ES&age=TOTAL&sex=T&agedef=REACH,A,BR,REACH,TOTAL,NR,T,ES
2023-01-01,2023,A|BR|REACH|TOTAL|NR|T|ES,19553.0,Number,Eurostat,https://ec.europa.eu/eurostat/api/dissemination/statistics/1.0/data/migr_imm1ctz?geo=ES&age=TOTAL&sex=T&agedef=REACH,A,BR,REACH,TOTAL,NR,T,ES
2024-01-01,2024,A|BR|REACH|TOTAL|NR|T|ES,20085.0,Number,Eurostat,https://ec.europa.eu/eurostat/api/dissemination/statistics/1.0/data/migr_imm1ctz?geo=ES&age=TOTAL&sex=T&agedef=REACH,A,BR,REACH,TOTAL,NR,T,ES
1998-01-01,1998,A|BS|REACH|TOTAL|NR|T|ES,2.0,Number,Eurostat,https://ec.europa.eu/eurostat/api/dissemination/statistics/1.0/data/migr_imm1ctz?geo=ES&age=TOTAL&sex=T&agedef=REACH,A,BS,REACH,TOTAL,NR,T,ES
1999-01-01,1999,A|BS|REACH|TOTAL|NR|T|ES,0.0,Number,Eurostat,https://ec.europa.eu/eurostat/api/dissemination/statistics/1.0/data/migr_imm1ctz?geo=ES&age=TOTAL&sex=T&agedef=REACH,A,BS,REACH,TOTAL,NR,T,ES
2000-01-01,2000,A|BS|REACH|TOTAL|NR|T|ES,2.0,Number,Eurostat,https://ec.europa.eu/eurostat/api/dissemination/statistics/1.0/data/migr_imm1ctz?geo=ES&age=TOTAL&sex=T&agedef=REACH,A,BS,REACH,TOTAL,NR,T,ES
2001-01-01,2001,A|BS|REACH|TOTAL|NR|T|ES,2.0,Number,Eurostat,https://ec.europa.eu/eurostat/api/dissemination/statistics/1.0/data/migr_imm1ctz?geo=ES&age=TOTAL&sex=T&agedef=REACH,A,BS,REACH,TOTAL,NR,T,ES
2002-01-01,2002,A|BS|REACH|TOTAL|NR|T|ES,0.0,Number,Eurostat,https://ec.europa.eu/eurostat/api/dissemination/statistics/1.0/data/migr_imm1ctz?geo=ES&age=TOTAL&sex=T&agedef=REACH,A,BS,REACH,TOTAL,NR,T,ES
2003-01-01,2003,A|BS|REACH|TOTAL|NR|T|ES,,Number,Eurostat,https://ec.europa.eu/eurostat/api/dissemination/statistics/1.0/data/migr_imm1ctz?geo=ES&age=TOTAL&sex=T&agedef=REACH,A,BS,REACH,TOTAL,NR,T,ES
2004-01-01,2004,A|BS|REACH|TOTAL|NR|T|ES,3.0,Number,Eurostat,https://ec.europa.eu/eurostat/api/dissemination/statistics/1.0/data/migr_imm1ctz?geo=ES&age=TOTAL&sex=T&agedef=REACH,A,BS,REACH,TOTAL,NR,T,ES
2005-01-01,2005,A|BS|REACH|TOTAL|NR|T|ES,3.0,Number,Eurostat,https://ec.europa.eu/eurostat/api/dissemination/statistics/1.0/data/migr_imm1ctz?geo=ES&age=TOTAL&sex=T&agedef=REACH,A,BS,REACH,TOTAL,NR,T,ES
2006-01-01,2006,A|BS|REACH|TOTAL|NR|T|ES,3.0,Number,Eurostat,https://ec.europa.eu/eurostat/api/dissemination/statistics/1.0/data/migr_imm1ctz?geo=ES&age=TOTAL&sex=T&agedef=REACH,A,BS,REACH,TOTAL,NR,T,ES
2007-01-01,2007,A|BS|REACH|TOTAL|NR|T|ES,4.0,Number,Eurostat,https://ec.europa.eu/eurostat/api/dissemination/statistics/1.0/data/migr_imm1ctz?geo=ES&age=TOTAL&sex=T&agedef=REACH,A,BS,REACH,TOTAL,NR,T,ES
1998-01-01,1998,A|BT|REACH|TOTAL|NR|T|ES,0.0,Number,Eurostat,https://ec.europa.eu/eurostat/api/dissemination/statistics/1.0/data/migr_imm1ctz?geo=ES&age=TOTAL&sex=T&agedef=REACH,A,BT,REACH,TOTAL,NR,T,ES
1999-01-01,1999,A|BT|REACH|TOTAL|NR|T|ES,0.0,Number,Eurostat,https://ec.europa.eu/eurostat/api/dissemination/statistics/1.0/data/migr_imm1ctz?geo=ES&age=TOTAL&sex=T&agedef=REACH,A,BT,REACH,TOTAL,NR,T,ES
2000-01-01,2000,A|BT|REACH|TOTAL|NR|T|ES,0.0,Number,Eurostat,https://ec.europa.eu/eurostat/api/dissemination/statistics/1.0/data/migr_imm1ctz?geo=ES&age=TOTAL&sex=T&agedef=REACH,A,BT,REACH,TOTAL,NR,T,ES
2001-01-01,2001,A|BT|REACH|TOTAL|NR|T|ES,0.0,Number,Eurostat,https://ec.europa.eu/eurostat/api/dissemination/statistics/1.0/data/migr_imm1ctz?geo=ES&age=TOTAL&sex=T&agedef=REACH,A,BT,REACH,TOTAL,NR,T,ES
2002-01-01,2002,A|BT|REACH|TOTAL|NR|T|ES,0.0,Number,Eurostat,https://ec.europa.eu/eurostat/api/dissemination/statistics/1.0/data/migr_imm1ctz?geo=ES&age=TOTAL&sex=T&agedef=REACH,A,BT,REACH,TOTAL,NR,T,ES
2003-01-01,2003,A|BT|REACH|TOTAL|NR|T|ES,,Number,Eurostat,https://ec.europa.eu/eurostat/api/dissemination/statistics/1.0/data/migr_imm1ctz?geo=ES&age=TOTAL&sex=T&agedef=REACH,A,BT,REACH,TOTAL,NR,T,ES
2004-01-01,2004,A|BT|REACH|TOTAL|NR|T|ES,3.0,Number,Eurostat,https://ec.europa.eu/eurostat/api/dissemination/statistics/1.0/data/migr_imm1ctz?geo=ES&age=TOTAL&sex=T&agedef=REACH,A,BT,REACH,TOTAL,NR,T,ES
2005-01-01,2005,A|BT|REACH|TOTAL|NR|T|ES,0.0,Number,Eurostat,https://ec.europa.eu/eurostat/api/dissemination/statistics/1.0/data/migr_imm1ctz?geo=ES&age=TOTAL&sex=T&agedef=REACH,A,BT,REACH,TOTAL,NR,T,ES
2006-01-01,2006,A|BT|REACH|TOTAL|NR|T|ES,0.0,Number,Eurostat,https://ec.europa.eu/eurostat/api/dissemination/statistics/1.0/data/migr_imm1ctz?geo=ES&age=TOTAL&sex=T&agedef=REACH,A,BT,REACH,TOTAL,NR,T,ES
1998-01-01,1998,A|BW|REACH|TOTAL|NR|T|ES,1.0,Number,Eurostat,https://ec.europa.eu/eurostat/api/dissemination/statistics/1.0/data/migr_imm1ctz?geo=ES&age=TOTAL&sex=T&agedef=REACH,A,BW,REACH,TOTAL,NR,T,ES
1999-01-01,1999,A|BW|REACH|TOTAL|NR|T|ES,0.0,Number,Eurostat,https://ec.europa.eu/eurostat/api/dissemination/statistics/1.0/data/migr_imm1ctz?geo=ES&age=TOTAL&sex=T&agedef=REACH,A,BW,REACH,TOTAL,NR,T,ES
2000-01-01,2000,A|BW|REACH|TOTAL|NR|T|ES,1.0,Number,Eurostat,https://ec.europa.eu/eurostat/api/dissemination/statistics/1.0/data/migr_imm1ctz?geo=ES&age=TOTAL&sex=T&agedef=REACH,A,BW,REACH,TOTAL,NR,T,ES
2001-01-01,2001,A|BW|REACH|TOTAL|NR|T|ES,0.0,Number,Eurostat,https://ec.europa.eu/eurostat/api/dissemination/statistics/1.0/data/migr_imm1ctz?geo=ES&age=TOTAL&sex=T&agedef=REACH,A,BW,REACH,TOTAL,NR,T,ES
2002-01-01,2002,A|BW|REACH|TOTAL|NR|T|ES,1.0,Number,Eurostat,https://ec.europa.eu/eurostat/api/dissemination/statistics/1.0/data/migr_imm1ctz?geo=ES&age=TOTAL&sex=T&agedef=REACH,A,BW,REACH,TOTAL,NR,T,ES
2003-01-01,2003,A|BW|REACH|TOTAL|NR|T|ES,,Number,Eurostat,https://ec.europa.eu/eurostat/api/dissemination/statistics/1.0/data/migr_imm1ctz?geo=ES&age=TOTAL&sex=T&agedef=REACH,A,BW,REACH,TOTAL,NR,T,ES
2004-01-01,2004,A|BW|REACH|TOTAL|NR|T|ES,1.0,Number,Eurostat,https://ec.europa.eu/eurostat/api/dissemination/statistics/1.0/data/migr_imm1ctz?geo=ES&age=TOTAL&sex=T&agedef=REACH,A,BW,REACH,TOTAL,NR,T,ES
2005-01-01,2005,A|BW|REACH|TOTAL|NR|T|ES,1.0,Number,Eurostat,https://ec.europa.eu/eurostat/api/dissemination/statistics/1.0/data/migr_imm1ctz?geo=ES&age=TOTAL&sex=T&agedef=REACH,A,BW,REACH,TOTAL,NR,T,ES
2006-01-01,2006,A|BW|REACH|TOTAL|NR|T|ES,2.0,Number,Eurostat,https://ec.europa.eu/eurostat/api/dissemination/statistics/1.0/data/migr_imm1ctz?geo=ES&age=TOTAL&sex=T&agedef=REACH,A,BW,REACH,TOTAL,NR,T,ES
2007-01-01,2007,A|BW|REACH|TOTAL|NR|T|ES,0.0,Number,Eurostat,https://ec.europa.eu/eurostat/api/dissemination/statistics/1.0/data/migr_imm1ctz?geo=ES&age=TOTAL&sex=T&agedef=REACH,A,BW,REACH,TOTAL,NR,T,ES
1998-01-01,1998,A|BY|REACH|TOTAL|NR|T|ES,19.0,Number,Eurostat,https://ec.europa.eu/eurostat/api/dissemination/statistics/1.0/data/migr_imm1ctz?geo=ES&age=TOTAL&sex=T&agedef=REACH,A,BY,REACH,TOTAL,NR,T,ES
1999-01-01,1999,A|BY|REACH|TOTAL|NR|T|ES,55.0,Number,Eurostat,https://ec.europa.eu/eurostat/api/dissemination/statistics/1.0/data/migr_imm1ctz?geo=ES&age=TOTAL&sex=T&agedef=REACH,A,BY,REACH,TOTAL,NR,T,ES
2000-01-01,2000,A|BY|REACH|TOTAL|NR|T|ES,138.0,Number,Eurostat,https://ec.europa.eu/eurostat/api/dissemination/statistics/1.0/data/migr_imm1ctz?geo=ES&age=TOTAL&sex=T&agedef=REACH,A,BY,REACH,TOTAL,NR,T,ES
2001-01-01,2001,A|BY|REACH|TOTAL|NR|T|ES,335.0,Number,Eurostat,https://ec.europa.eu/eurostat/api/dissemination/statistics/1.0/data/migr_imm1ctz?geo=ES&age=TOTAL&sex=T&agedef=REACH,A,BY,REACH,TOTAL,NR,T,ES
2002-01-01,2002,A|BY|REACH|TOTAL|NR|T|ES,419.0,Number,Eurostat,https://ec.europa.eu/eurostat/api/dissemination/statistics/1.0/data/migr_imm1ctz?geo=ES&age=TOTAL&sex=T&agedef=REACH,A,BY,REACH,TOTAL,NR,T,ES
2003-01-01,2003,A|BY|REACH|TOTAL|NR|T|ES,,Number,Eurostat,https://ec.europa.eu/eurostat/api/dissemination/statistics/1.0/data/migr_imm1ctz?geo=ES&age=TOTAL&sex=T&agedef=REACH,A,BY,REACH,TOTAL,NR,T,ES
2004-01-01,2004,A|BY|REACH|TOTAL|NR|T|ES,664.0,Number,Eurostat,https://ec.europa.eu/eurostat/api/dissemination/statistics/1.0/data/migr_imm1ctz?geo=ES&age=TOTAL&sex=T&agedef=REACH,A,BY,REACH,TOTAL,NR,T,ES
2005-01-01,2005,A|BY|REACH|TOTAL|NR|T|ES,539.0,Number,Eurostat,https://ec.europa.eu/eurostat/api/dissemination/statistics/1.0/data/migr_imm1ctz?geo=ES&age=TOTAL&sex=T&agedef=REACH,A,BY,REACH,TOTAL,NR,T,ES
2006-01-01,2006,A|BY|REACH|TOTAL|NR|T|ES,525.0,Number,Eurostat,https://ec.europa.eu/eurostat/api/dissemination/statistics/1.0/data/migr_imm1ctz?geo=ES&age=TOTAL&sex=T&agedef=REACH,A,BY,REACH,TOTAL,NR,T,ES
2007-01-01,2007,A|BY|REACH|TOTAL|NR|T|ES,482.0,Number,Eurostat,https://ec.europa.eu/eurostat/api/dissemination/statistics/1.0/data/migr_imm1ctz?geo=ES&age=TOTAL&sex=T&agedef=REACH,A,BY,REACH,TOTAL,NR,T,ES
1998-01-01,1998,A|BZ|REACH|TOTAL|NR|T|ES,0.0,Number,Eurostat,https://ec.europa.eu/eurostat/api/dissemination/statistics/1.0/data/migr_imm1ctz?geo=ES&age=TOTAL&sex=T&agedef=REACH,A,BZ,REACH,TOTAL,NR,T,ES
1999-01-01,1999,A|BZ|REACH|TOTAL|NR|T|ES,2.0,Number,Eurostat,https://ec.europa.eu/eurostat/api/dissemination/statistics/1.0/data/migr_imm1ctz?geo=ES&age=TOTAL&sex=T&agedef=REACH,A,BZ,REACH,TOTAL,NR,T,ES
2000-01-01,2000,A|BZ|REACH|TOTAL|NR|T|ES,3.0,Number,Eurostat,https://ec.europa.eu/eurostat/api/dissemination/statistics/1.0/data/migr_imm1ctz?geo=ES&age=TOTAL&sex=T&agedef=REACH,A,BZ,REACH,TOTAL,NR,T,ES
2001-01-01,2001,A|BZ|REACH|TOTAL|NR|T|ES,1.0,Number,Eurostat,https://ec.europa.eu/eurostat/api/dissemination/statistics/1.0/data/migr_imm1ctz?geo=ES&age=TOTAL&sex=T&agedef=REACH,A,BZ,REACH,TOTAL,NR,T,ES
2002-01-01,2002,A|BZ|REACH|TOTAL|NR|T|ES,2.0,Number,Eurostat,https://ec.europa.eu/eurostat/api/dissemination/statistics/1.0/data/migr_imm1ctz?geo=ES&age=TOTAL&sex=T&agedef=REACH,A,BZ,REACH,TOTAL,NR,T,ES
2003-01-01,2003,A|BZ|REACH|TOTAL|NR|T|ES,,Number,Eurostat,https://ec.europa.eu/eurostat/api/dissemination/statistics/1.0/data/migr_imm1ctz?geo=ES&age=TOTAL&sex=T&agedef=REACH,A,BZ,REACH,TOTAL,NR,T,ES
2004-01-01,2004,A|BZ|REACH|TOTAL|NR|T|ES,9.0,Number,Eurostat,https://ec.europa.eu/eurostat/api/dissemination/statistics/1.0/data/migr_imm1ctz?geo=ES&age=TOTAL&sex=T&agedef=REACH,A,BZ,REACH,TOTAL,NR,T,ES
2005-01-01,2005,A|BZ|REACH|TOTAL|NR|T|ES,2.0,Number,Eurostat,https://ec.europa.eu/eurostat/api/dissemination/statistics/1.0/data/migr_imm1ctz?geo=ES&age=TOTAL&sex=T&agedef=REACH,A,BZ,REACH,TOTAL,NR,T,ES
2006-01-01,2006,A|BZ|REACH|TOTAL|NR|T|ES,5.0,Number,Eurostat,https://ec.europa.eu/eurostat/api/dissemination/statistics/1.0/data/migr_imm1ctz?geo=ES&age=TOTAL&sex=T&agedef=REACH,A,BZ,REACH,TOTAL,NR,T,ES
2007-01-01,2007,A|BZ|REACH|TOTAL|NR|T|ES,3.0,Number,Eurostat,https://ec.europa.eu/eurostat/api/dissemination/statistics/1.0/data/migr_imm1ctz?geo=ES&age=TOTAL&sex=T&agedef=REACH,A,BZ,REACH,TOTAL,NR,T,ES
1998-01-01,1998,A|CA|REACH|TOTAL|NR|T|ES,82.0,Number,Eurostat,https://ec.europa.eu/eurostat/api/dissemination/statistics/1.0/data/migr_imm1ctz?geo=ES&age=TOTAL&sex=T&agedef=REACH,A,CA,REACH,TOTAL,NR,T,ES
1999-01-01,1999,A|CA|REACH|TOTAL|NR|T|ES,126.0,Number,Eurostat,https://ec.europa.eu/eurostat/api/dissemination/statistics/1.0/data/migr_imm1ctz?geo=ES&age=TOTAL&sex=T&agedef=REACH,A,CA,REACH,TOTAL,NR,T,ES
2000-01-01,2000,A|CA|REACH|TOTAL|NR|T|ES,162.0,Number,Eurostat,https://ec.europa.eu/eurostat/api/dissemination/statistics/1.0/data/migr_imm1ctz?geo=ES&age=TOTAL&sex=T&agedef=REACH,A,CA,REACH,TOTAL,NR,T,ES
2001-01-01,2001,A|CA|REACH|TOTAL|NR|T|ES,234.0,Number,Eurostat,https://ec.europa.eu/eurostat/api/dissemination/statistics/1.0/data/migr_imm1ctz?geo=ES&age=TOTAL&sex=T&agedef=REACH,A,CA,REACH,TOTAL,NR,T,ES
2002-01-01,2002,A|CA|REACH|TOTAL|NR|T|ES,259.0,Number,Eurostat,https://ec.europa.eu/eurostat/api/dissemination/statistics/1.0/data/migr_imm1ctz?geo=ES&age=TOTAL&sex=T&agedef=REACH,A,CA,REACH,TOTAL,NR,T,ES
2003-01-01,2003,A|CA|REACH|TOTAL|NR|T|ES,,Number,Eurostat,https://ec.europa.eu/eurostat/api/dissemination/statistics/1.0/data/migr_imm1ctz?geo=ES&age=TOTAL&sex=T&agedef=REACH,A,CA,REACH,TOTAL,NR,T,ES
2004-01-01,2004,A|CA|REACH|TOTAL|NR|T|ES,439.0,Number,Eurostat,https://ec.europa.eu/eurostat/api/dissemination/statistics/1.0/data/migr_imm1ctz?geo=ES&age=TOTAL&sex=T&agedef=REACH,A,CA,REACH,TOTAL,NR,T,ES
2005-01-01,2005,A|CA|REACH|TOTAL|NR|T|ES,514.0,Number,Eurostat,https://ec.europa.eu/eurostat/api/dissemination/statistics/1.0/data/migr_imm1ctz?geo=ES&age=TOTAL&sex=T&agedef=REACH,A,CA,REACH,TOTAL,NR,T,ES
2006-01-01,2006,A|CA|REACH|TOTAL|NR|T|ES,521.0,Number,Eurostat,https://ec.europa.eu/eurostat/api/dissemination/statistics/1.0/data/migr_imm1ctz?geo=ES&age=TOTAL&sex=T&agedef=REACH,A,CA,REACH,TOTAL,NR,T,ES
2007-01-01,2007,A|CA|REACH|TOTAL|NR|T|ES,610.0,Number,Eurostat,https://ec.europa.eu/eurostat/api/dissemination/statistics/1.0/data/migr_imm1ctz?geo=ES&age=TOTAL&sex=T&agedef=REACH,A,CA,REACH,TOTAL,NR,T,ES
2008-01-01,2008,A|CA|REACH|TOTAL|NR|T|ES,416.0,Number,Eurostat,https://ec.europa.eu/eurostat/api/dissemination/statistics/1.0/data/migr_imm1ctz?geo=ES&age=TOTAL&sex=T&agedef=REACH,A,CA,REACH,TOTAL,NR,T,ES
2009-01-01,2009,A|CA|REACH|TOTAL|NR|T|ES,406.0,Number,Eurostat,https://ec.europa.eu/eurostat/api/dissemination/statistics/1.0/data/migr_imm1ctz?geo=ES&age=TOTAL&sex=T&agedef=REACH,A,CA,REACH,TOTAL,NR,T,ES
2010-01-01,2010,A|CA|REACH|TOTAL|NR|T|ES,491.0,Number,Eurostat,https://ec.europa.eu/eurostat/api/dissemination/statistics/1.0/data/migr_imm1ctz?geo=ES&age=TOTAL&sex=T&agedef=REACH,A,CA,REACH,TOTAL,NR,T,ES
2011-01-01,2011,A|CA|REACH|TOTAL|NR|T|ES,660.0,Number,Eurostat,https://ec.europa.eu/eurostat/api/dissemination/statistics/1.0/data/migr_imm1ctz?geo=ES&age=TOTAL&sex=T&agedef=REACH,A,CA,REACH,TOTAL,NR,T,ES
2012-01-01,2012,A|CA|REACH|TOTAL|NR|T|ES,633.0,Number,Eurostat,https://ec.europa.eu/eurostat/api/dissemination/statistics/1.0/data/migr_imm1ctz?geo=ES&age=TOTAL&sex=T&agedef=REACH,A,CA,REACH,TOTAL,NR,T,ES
2013-01-01,2013,A|CA|REACH|TOTAL|NR|T|ES,678.0,Number,Eurostat,https://ec.europa.eu/eurostat/api/dissemination/statistics/1.0/data/migr_imm1ctz?geo=ES&age=TOTAL&sex=T&agedef=REACH,A,CA,REACH,TOTAL,NR,T,ES
2014-01-01,2014,A|CA|REACH|TOTAL|NR|T|ES,684.0,Number,Eurostat,https://ec.europa.eu/eurostat/api/dissemination/statistics/1.0/data/migr_imm1ctz?geo=ES&age=TOTAL&sex=T&agedef=REACH,A,CA,REACH,TOTAL,NR,T,ES
2008-01-01,2008,A|CC3_07|REACH|TOTAL|NR|T|ES,755.0,Number,Eurostat,https://ec.europa.eu/eurostat/api/dissemination/statistics/1.0/data/migr_imm1ctz?geo=ES&age=TOTAL&sex=T&agedef=REACH,A,CC3_07,REACH,TOTAL,NR,T,ES
2009-01-01,2009,A|CC3_07|REACH|TOTAL|NR|T|ES,675.0,Number,Eurostat,https://ec.europa.eu/eurostat/api/dissemination/statistics/1.0/data/migr_imm1ctz?geo=ES&age=TOTAL&sex=T&agedef=REACH,A,CC3_07,REACH,TOTAL,NR,T,ES
2010-01-01,2010,A|CC3_07|REACH|TOTAL|NR|T|ES,660.0,Number,Eurostat,https://ec.europa.eu/eurostat/api/dissemination/statistics/1.0/data/migr_imm1ctz?geo=ES&age=TOTAL&sex=T&agedef=REACH,A,CC3_07,REACH,TOTAL,NR,T,ES
2011-01-01,2011,A|CC3_07|REACH|TOTAL|NR|T|ES,875.0,Number,Eurostat,https://ec.europa.eu/eurostat/api/dissemination/statistics/1.0/data/migr_imm1ctz?geo=ES&age=TOTAL&sex=T&agedef=REACH,A,CC3_07,REACH,TOTAL,NR,T,ES
2012-01-01,2012,A|CC3_07|REACH|TOTAL|NR|T|ES,830.0,Number,Eurostat,https://ec.europa.eu/eurostat/api/dissemination/statistics/1.0/data/migr_imm1ctz?geo=ES&age=TOTAL&sex=T&agedef=REACH,A,CC3_07,REACH,TOTAL,NR,T,ES
2008-01-01,2008,A|CC4_10|REACH|TOTAL|NR|T|ES,783.0,Number,Eurostat,https://ec.europa.eu/eurostat/api/dissemination/statistics/1.0/data/migr_imm1ctz?geo=ES&age=TOTAL&sex=T&agedef=REACH,A,CC4_10,REACH,TOTAL,NR,T,ES
2009-01-01,2009,A|CC4_10|REACH|TOTAL|NR|T|ES,690.0,Number,Eurostat,https://ec.europa.eu/eurostat/api/dissemination/statistics/1.0/data/migr_imm1ctz?geo=ES&age=TOTAL&sex=T&agedef=REACH,A,CC4_10,REACH,TOTAL,NR,T,ES
2010-01-01,2010,A|CC4_10|REACH|TOTAL|NR|T|ES,689.0,Number,Eurostat,https://ec.europa.eu/eurostat/api/dissemination/statistics/1.0/data/migr_imm1ctz?geo=ES&age=TOTAL&sex=T&agedef=REACH,A,CC4_10,REACH,TOTAL,NR,T,ES
2011-01-01,2011,A|CC4_10|REACH|TOTAL|NR|T|ES,904.0,Number,Eurostat,https://ec.europa.eu/eurostat/api/dissemination/statistics/1.0/data/migr_imm1ctz?geo=ES&age=TOTAL&sex=T&agedef=REACH,A,CC4_10,REACH,TOTAL,NR,T,ES
2012-01-01,2012,A|CC4_10|REACH|TOTAL|NR|T|ES,855.0,Number,Eurostat,https://ec.europa.eu/eurostat/api/dissemination/statistics/1.0/data/migr_imm1ctz?geo=ES&age=TOTAL&sex=T&agedef=REACH,A,CC4_10,REACH,TOTAL,NR,T,ES
2023-01-01,2023,A|CC9_23_FOR|REACH|TOTAL|NR|T|ES,43852.0,Number,Eurostat,https://ec.europa.eu/eurostat/api/dissemination/statistics/1.0/data/migr_imm1ctz?geo=ES&age=TOTAL&sex=T&agedef=REACH,A,CC9_23_FOR,REACH,TOTAL,NR,T,ES
2024-01-01,2024,A|CC9_23_FOR|REACH|TOTAL|NR|T|ES,40143.0,Number,Eurostat,https://ec.europa.eu/eurostat/api/dissemination/statistics/1.0/data/migr_imm1ctz?geo=ES&age=TOTAL&sex=T&agedef=REACH,A,CC9_23_FOR,REACH,TOTAL,NR,T,ES
1998-01-01,1998,A|CD|REACH|TOTAL|NR|T|ES,43.0,Number,Eurostat,https://ec.europa.eu/eurostat/api/dissemination/statistics/1.0/data/migr_imm1ctz?geo=ES&age=TOTAL&sex=T&agedef=REACH,A,CD,REACH,TOTAL,NR,T,ES
1999-01-01,1999,A|CD|REACH|TOTAL|NR|T|ES,22.0,Number,Eurostat,https://ec.europa.eu/eurostat/api/dissemination/statistics/1.0/data/migr_imm1ctz?geo=ES&age=TOTAL&sex=T&agedef=REACH,A,CD,REACH,TOTAL,NR,T,ES
2000-01-01,2000,A|CD|REACH|TOTAL|NR|T|ES,0.0,Number,Eurostat,https://ec.europa.eu/eurostat/api/dissemination/statistics/1.0/data/migr_imm1ctz?geo=ES&age=TOTAL&sex=T&agedef=REACH,A,CD,REACH,TOTAL,NR,T,ES
2001-01-01,2001,A|CD|REACH|TOTAL|NR|T|ES,0.0,Number,Eurostat,https://ec.europa.eu/eurostat/api/dissemination/statistics/1.0/data/migr_imm1ctz?geo=ES&age=TOTAL&sex=T&agedef=REACH,A,CD,REACH,TOTAL,NR,T,ES
2002-01-01,2002,A|CD|REACH|TOTAL|NR|T|ES,63.0,Number,Eurostat,https://ec.europa.eu/eurostat/api/dissemination/statistics/1.0/data/migr_imm1ctz?geo=ES&age=TOTAL&sex=T&agedef=REACH,A,CD,REACH,TOTAL,NR,T,ES
2003-01-01,2003,A|CD|REACH|TOTAL|NR|T|ES,,Number,Eurostat,https://ec.europa.eu/eurostat/api/dissemination/statistics/1.0/data/migr_imm1ctz?geo=ES&age=TOTAL&sex=T&agedef=REACH,A,CD,REACH,TOTAL,NR,T,ES
2004-01-01,2004,A|CD|REACH|TOTAL|NR|T|ES,97.0,Number,Eurostat,https://ec.europa.eu/eurostat/api/dissemination/statistics/1.0/data/migr_imm1ctz?geo=ES&age=TOTAL&sex=T&agedef=REACH,A,CD,REACH,TOTAL,NR,T,ES
2005-01-01,2005,A|CD|REACH|TOTAL|NR|T|ES,139.0,Number,Eurostat,https://ec.europa.eu/eurostat/api/dissemination/statistics/1.0/data/migr_imm1ctz?geo=ES&age=TOTAL&sex=T&agedef=REACH,A,CD,REACH,TOTAL,NR,T,ES
2006-01-01,2006,A|CD|REACH|TOTAL|NR|T|ES,100.0,Number,Eurostat,https://ec.europa.eu/eurostat/api/dissemination/statistics/1.0/data/migr_imm1ctz?geo=ES&age=TOTAL&sex=T&agedef=REACH,A,CD,REACH,TOTAL,NR,T,ES
2007-01-01,2007,A|CD|REACH|TOTAL|NR|T|ES,106.0,Number,Eurostat,https://ec.europa.eu/eurostat/api/dissemination/statistics/1.0/data/migr_imm1ctz?geo=ES&age=TOTAL&sex=T&agedef=REACH,A,CD,REACH,TOTAL,NR,T,ES
1998-01-01,1998,A|CF|REACH|TOTAL|NR|T|ES,3.0,Number,Eurostat,https://ec.europa.eu/eurostat/api/dissemination/statistics/1.0/data/migr_imm1ctz?geo=ES&age=TOTAL&sex=T&agedef=REACH,A,CF,REACH,TOTAL,NR,T,ES
1999-01-01,1999,A|CF|REACH|TOTAL|NR|T|ES,1.0,Number,Eurostat,https://ec.europa.eu/eurostat/api/dissemination/statistics/1.0/data/migr_imm1ctz?geo=ES&age=TOTAL&sex=T&agedef=REACH,A,CF,REACH,TOTAL,NR,T,ES
2000-01-01,2000,A|CF|REACH|TOTAL|NR|T|ES,12.0,Number,Eurostat,https://ec.europa.eu/eurostat/api/dissemination/statistics/1.0/data/migr_imm1ctz?geo=ES&age=TOTAL&sex=T&agedef=REACH,A,CF,REACH,TOTAL,NR,T,ES
2001-01-01,2001,A|CF|REACH|TOTAL|NR|T|ES,4.0,Number,Eurostat,https://ec.europa.eu/eurostat/api/dissemination/statistics/1.0/data/migr_imm1ctz?geo=ES&age=TOTAL&sex=T&agedef=REACH,A,CF,REACH,TOTAL,NR,T,ES
2002-01-01,2002,A|CF|REACH|TOTAL|NR|T|ES,8.0,Number,Eurostat,https://ec.europa.eu/eurostat/api/dissemination/statistics/1.0/data/migr_imm1ctz?geo=ES&age=TOTAL&sex=T&agedef=REACH,A,CF,REACH,TOTAL,NR,T,ES
2003-01-01,2003,A|CF|REACH|TOTAL|NR|T|ES,,Number,Eurostat,https://ec.europa.eu/eurostat/api/dissemination/statistics/1.0/data/migr_imm1ctz?geo=ES&age=TOTAL&sex=T&agedef=REACH,A,CF,REACH,TOTAL,NR,T,ES
2004-01-01,2004,A|CF|REACH|TOTAL|NR|T|ES,17.0,Number,Eurostat,https://ec.europa.eu/eurostat/api/dissemination/statistics/1.0/data/migr_imm1ctz?geo=ES&age=TOTAL&sex=T&agedef=REACH,A,CF,REACH,TOTAL,NR,T,ES
2005-01-01,2005,A|CF|REACH|TOTAL|NR|T|ES,7.0,Number,Eurostat,https://ec.europa.eu/eurostat/api/dissemination/statistics/1.0/data/migr_imm1ctz?geo=ES&age=TOTAL&sex=T&agedef=REACH,A,CF,REACH,TOTAL,NR,T,ES
2006-01-01,2006,A|CF|REACH|TOTAL|NR|T|ES,13.0,Number,Eurostat,https://ec.europa.eu/eurostat/api/dissemination/statistics/1.0/data/migr_imm1ctz?geo=ES&age=TOTAL&sex=T&agedef=REACH,A,CF,REACH,TOTAL,NR,T,ES
2007-01-01,2007,A|CF|REACH|TOTAL|NR|T|ES,19.0,Number,Eurostat,https://ec.europa.eu/eurostat/api/dissemination/statistics/1.0/data/migr_imm1ctz?geo=ES&age=TOTAL&sex=T&agedef=REACH,A,CF,REACH,TOTAL,NR,T,ES
1998-01-01,1998,A|CG|REACH|TOTAL|NR|T|ES,32.0,Number,Eurostat,https://ec.europa.eu/eurostat/api/dissemination/statistics/1.0/data/migr_imm1ctz?geo=ES&age=TOTAL&sex=T&agedef=REACH,A,CG,REACH,TOTAL,NR,T,ES
1999-01-01,1999,A|CG|REACH|TOTAL|NR|T|ES,109.0,Number,Eurostat,https://ec.europa.eu/eurostat/api/dissemination/statistics/1.0/data/migr_imm1ctz?geo=ES&age=TOTAL&sex=T&agedef=REACH,A,CG,REACH,TOTAL,NR,T,ES
2000-01-01,2000,A|CG|REACH|TOTAL|NR|T|ES,224.0,Number,Eurostat,https://ec.europa.eu/eurostat/api/dissemination/statistics/1.0/data/migr_imm1ctz?geo=ES&age=TOTAL&sex=T&agedef=REACH,A,CG,REACH,TOTAL,NR,T,ES
2001-01-01,2001,A|CG|REACH|TOTAL|NR|T|ES,151.0,Number,Eurostat,https://ec.europa.eu/eurostat/api/dissemination/statistics/1.0/data/migr_imm1ctz?geo=ES&age=TOTAL&sex=T&agedef=REACH,A,CG,REACH,TOTAL,NR,T,ES
2002-01-01,2002,A|CG|REACH|TOTAL|NR|T|ES,172.0,Number,Eurostat,https://ec.europa.eu/eurostat/api/dissemination/statistics/1.0/data/migr_imm1ctz?geo=ES&age=TOTAL&sex=T&agedef=REACH,A,CG,REACH,TOTAL,NR,T,ES
2003-01-01,2003,A|CG|REACH|TOTAL|NR|T|ES,,Number,Eurostat,https://ec.europa.eu/eurostat/api/dissemination/statistics/1.0/data/migr_imm1ctz?geo=ES&age=TOTAL&sex=T&agedef=REACH,A,CG,REACH,TOTAL,NR,T,ES
2004-01-01,2004,A|CG|REACH|TOTAL|NR|T|ES,240.0,Number,Eurostat,https://ec.europa.eu/eurostat/api/dissemination/statistics/1.0/data/migr_imm1ctz?geo=ES&age=TOTAL&sex=T&agedef=REACH,A,CG,REACH,TOTAL,NR,T,ES
2005-01-01,2005,A|CG|REACH|TOTAL|NR|T|ES,234.0,Number,Eurostat,https://ec.europa.eu/eurostat/api/dissemination/statistics/1.0/data/migr_imm1ctz?geo=ES&age=TOTAL&sex=T&agedef=REACH,A,CG,REACH,TOTAL,NR,T,ES
2006-01-01,2006,A|CG|REACH|TOTAL|NR|T|ES,202.0,Number,Eurostat,https://ec.europa.eu/eurostat/api/dissemination/statistics/1.0/data/migr_imm1ctz?geo=ES&age=TOTAL&sex=T&agedef=REACH,A,CG,REACH,TOTAL,NR,T,ES
2007-01-01,2007,A|CG|REACH|TOTAL|NR|T|ES,193.0,Number,Eurostat,https://ec.europa.eu/eurostat/api/dissemination/statistics/1.0/data/migr_imm1ctz?geo=ES&age=TOTAL&sex=T&agedef=REACH,A,CG,REACH,TOTAL,NR,T,ES
1998-01-01,1998,A|CH|REACH|TOTAL|NR|T|ES,584.0,Number,Eurostat,https://ec.europa.eu/eurostat/api/dissemination/statistics/1.0/data/migr_imm1ctz?geo=ES&age=TOTAL&sex=T&agedef=REACH,A,CH,REACH,TOTAL,NR,T,ES
1999-01-01,1999,A|CH|REACH|TOTAL|NR|T|ES,751.0,Number,Eurostat,https://ec.europa.eu/eurostat/api/dissemination/statistics/1.0/data/migr_imm1ctz?geo=ES&age=TOTAL&sex=T&agedef=REACH,A,CH,REACH,TOTAL,NR,T,ES
2000-01-01,2000,A|CH|REACH|TOTAL|NR|T|ES,1001.0,Number,Eurostat,https://ec.europa.eu/eurostat/api/dissemination/statistics/1.0/data/migr_imm1ctz?geo=ES&age=TOTAL&sex=T&agedef=REACH,A,CH,REACH,TOTAL,NR,T,ES
2001-01-01,2001,A|CH|REACH|TOTAL|NR|T|ES,907.0,Number,Eurostat,https://ec.europa.eu/eurostat/api/dissemination/statistics/1.0/data/migr_imm1ctz?geo=ES&age=TOTAL&sex=T&agedef=REACH,A,CH,REACH,TOTAL,NR,T,ES
2002-01-01,2002,A|CH|REACH|TOTAL|NR|T|ES,943.0,Number,Eurostat,https://ec.europa.eu/eurostat/api/dissemination/statistics/1.0/data/migr_imm1ctz?geo=ES&age=TOTAL&sex=T&agedef=REACH,A,CH,REACH,TOTAL,NR,T,ES
2003-01-01,2003,A|CH|REACH|TOTAL|NR|T|ES,,Number,Eurostat,https://ec.europa.eu/eurostat/api/dissemination/statistics/1.0/data/migr_imm1ctz?geo=ES&age=TOTAL&sex=T&agedef=REACH,A,CH,REACH,TOTAL,NR,T,ES
2004-01-01,2004,A|CH|REACH|TOTAL|NR|T|ES,1294.0,Number,Eurostat,https://ec.europa.eu/eurostat/api/dissemination/statistics/1.0/data/migr_imm1ctz?geo=ES&age=TOTAL&sex=T&agedef=REACH,A,CH,REACH,TOTAL,NR,T,ES
2005-01-01,2005,A|CH|REACH|TOTAL|NR|T|ES,1412.0,Number,Eurostat,https://ec.europa.eu/eurostat/api/dissemination/statistics/1.0/data/migr_imm1ctz?geo=ES&age=TOTAL&sex=T&agedef=REACH,A,CH,REACH,TOTAL,NR,T,ES
2006-01-01,2006,A|CH|REACH|TOTAL|NR|T|ES,1557.0,Number,Eurostat,https://ec.europa.eu/eurostat/api/dissemination/statistics/1.0/data/migr_imm1ctz?geo=ES&age=TOTAL&sex=T&agedef=REACH,A,CH,REACH,TOTAL,NR,T,ES
2007-01-01,2007,A|CH|REACH|TOTAL|NR|T|ES,1454.0,Number,Eurostat,https://ec.europa.eu/eurostat/api/dissemination/statistics/1.0/data/migr_imm1ctz?geo=ES&age=TOTAL&sex=T&agedef=REACH,A,CH,REACH,TOTAL,NR,T,ES
2008-01-01,2008,A|CH|REACH|TOTAL|NR|T|ES,904.0,Number,Eurostat,https://ec.europa.eu/eurostat/api/dissemination/statistics/1.0/data/migr_imm1ctz?geo=ES&age=TOTAL&sex=T&agedef=REACH,A,CH,REACH,TOTAL,NR,T,ES
2009-01-01,2009,A|CH|REACH|TOTAL|NR|T|ES,869.0,Number,Eurostat,https://ec.europa.eu/eurostat/api/dissemination/statistics/1.0/data/migr_imm1ctz?geo=ES&age=TOTAL&sex=T&agedef=REACH,A,CH,REACH,TOTAL,NR,T,ES
2010-01-01,2010,A|CH|REACH|TOTAL|NR|T|ES,886.0,Number,Eurostat,https://ec.europa.eu/eurostat/api/dissemination/statistics/1.0/data/migr_imm1ctz?geo=ES&age=TOTAL&sex=T&agedef=REACH,A,CH,REACH,TOTAL,NR,T,ES
2011-01-01,2011,A|CH|REACH|TOTAL|NR|T|ES,870.0,Number,Eurostat,https://ec.europa.eu/eurostat/api/dissemination/statistics/1.0/data/migr_imm1ctz?geo=ES&age=TOTAL&sex=T&agedef=REACH,A,CH,REACH,TOTAL,NR,T,ES
2012-01-01,2012,A|CH|REACH|TOTAL|NR|T|ES,933.0,Number,Eurostat,https://ec.europa.eu/eurostat/api/dissemination/statistics/1.0/data/migr_imm1ctz?geo=ES&age=TOTAL&sex=T&agedef=REACH,A,CH,REACH,TOTAL,NR,T,ES
2013-01-01,2013,A|CH|REACH|TOTAL|NR|T|ES,869.0,Number,Eurostat,https://ec.europa.eu/eurostat/api/dissemination/statistics/1.0/data/migr_imm1ctz?geo=ES&age=TOTAL&sex=T&agedef=REACH,A,CH,REACH,TOTAL,NR,T,ES
2014-01-01,2014,A|CH|REACH|TOTAL|NR|T|ES,910.0,Number,Eurostat,https://ec.europa.eu/eurostat/api/dissemination/statistics/1.0/data/migr_imm1ctz?geo=ES&age=TOTAL&sex=T&agedef=REACH,A,CH,REACH,TOTAL,NR,T,ES
2015-01-01,2015,A|CH|REACH|TOTAL|NR|T|ES,1031.0,Number,Eurostat,https://ec.europa.eu/eurostat/api/dissemination/statistics/1.0/data/migr_imm1ctz?geo=ES&age=TOTAL&sex=T&agedef=REACH,A,CH,REACH,TOTAL,NR,T,ES
2016-01-01,2016,A|CH|REACH|TOTAL|NR|T|ES,1119.0,Number,Eurostat,https://ec.europa.eu/eurostat/api/dissemination/statistics/1.0/data/migr_imm1ctz?geo=ES&age=TOTAL&sex=T&agedef=REACH,A,CH,REACH,TOTAL,NR,T,ES
2017-01-01,2017,A|CH|REACH|TOTAL|NR|T|ES,1494.0,Number,Eurostat,https://ec.europa.eu/eurostat/api/dissemination/statistics/1.0/data/migr_imm1ctz?geo=ES&age=TOTAL&sex=T&agedef=REACH,A,CH,REACH,TOTAL,NR,T,ES
2018-01-01,2018,A|CH|REACH|TOTAL|NR|T|ES,1409.0,Number,Eurostat,https://ec.europa.eu/eurostat/api/dissemination/statistics/1.0/data/migr_imm1ctz?geo=ES&age=TOTAL&sex=T&agedef=REACH,A,CH,REACH,TOTAL,NR,T,ES
2019-01-01,2019,A|CH|REACH|TOTAL|NR|T|ES,1412.0,Number,Eurostat,https://ec.europa.eu/eurostat/api/dissemination/statistics/1.0/data/migr_imm1ctz?geo=ES&age=TOTAL&sex=T&agedef=REACH,A,CH,REACH,TOTAL,NR,T,ES
2020-01-01,2020,A|CH|REACH|TOTAL|NR|T|ES,1236.0,Number,Eurostat,https://ec.europa.eu/eurostat/api/dissemination/statistics/1.0/data/migr_imm1ctz?geo=ES&age=TOTAL&sex=T&agedef=REACH,A,CH,REACH,TOTAL,NR,T,ES
2021-01-01,2021,A|CH|REACH|TOTAL|NR|T|ES,2570.0,Number,Eurostat,https://ec.europa.eu/eurostat/api/dissemination/statistics/1.0/data/migr_imm1ctz?geo=ES&age=TOTAL&sex=T&agedef=REACH,A,CH,REACH,TOTAL,NR,T,ES
2022-01-01,2022,A|CH|REACH|TOTAL|NR|T|ES,2133.0,Number,Eurostat,https://ec.europa.eu/eurostat/api/dissemination/statistics/1.0/data/migr_imm1ctz?geo=ES&age=TOTAL&sex=T&agedef=REACH,A,CH,REACH,TOTAL,NR,T,ES
2023-01-01,2023,A|CH|REACH|TOTAL|NR|T|ES,2113.0,Number,Eurostat,https://ec.europa.eu/eurostat/api/dissemination/statistics/1.0/data/migr_imm1ctz?geo=ES&age=TOTAL&sex=T&agedef=REACH,A,CH,REACH,TOTAL,NR,T,ES
2024-01-01,2024,A|CH|REACH|TOTAL|NR|T|ES,2139.0,Number,Eurostat,https://ec.europa.eu/eurostat/api/dissemination/statistics/1.0/data/migr_imm1ctz?geo=ES&age=TOTAL&sex=T&agedef=REACH,A,CH,REACH,TOTAL,NR,T,ES
1998-01-01,1998,A|CI|REACH|TOTAL|NR|T|ES,19.0,Number,Eurostat,https://ec.europa.eu/eurostat/api/dissemination/statistics/1.0/data/migr_imm1ctz?geo=ES&age=TOTAL&sex=T&agedef=REACH,A,CI,REACH,TOTAL,NR,T,ES
1999-01-01,1999,A|CI|REACH|TOTAL|NR|T|ES,35.0,Number,Eurostat,https://ec.europa.eu/eurostat/api/dissemination/statistics/1.0/data/migr_imm1ctz?geo=ES&age=TOTAL&sex=T&agedef=REACH,A,CI,REACH,TOTAL,NR,T,ES
2000-01-01,2000,A|CI|REACH|TOTAL|NR|T|ES,96.0,Number,Eurostat,https://ec.europa.eu/eurostat/api/dissemination/statistics/1.0/data/migr_imm1ctz?geo=ES&age=TOTAL&sex=T&agedef=REACH,A,CI,REACH,TOTAL,NR,T,ES
2001-01-01,2001,A|CI|REACH|TOTAL|NR|T|ES,77.0,Number,Eurostat,https://ec.europa.eu/eurostat/api/dissemination/statistics/1.0/data/migr_imm1ctz?geo=ES&age=TOTAL&sex=T&agedef=REACH,A,CI,REACH,TOTAL,NR,T,ES
2002-01-01,2002,A|CI|REACH|TOTAL|NR|T|ES,107.0,Number,Eurostat,https://ec.europa.eu/eurostat/api/dissemination/statistics/1.0/data/migr_imm1ctz?geo=ES&age=TOTAL&sex=T&agedef=REACH,A,CI,REACH,TOTAL,NR,T,ES
2003-01-01,2003,A|CI|REACH|TOTAL|NR|T|ES,,Number,Eurostat,https://ec.europa.eu/eurostat/api/dissemination/statistics/1.0/data/migr_imm1ctz?geo=ES&age=TOTAL&sex=T&agedef=REACH,A,CI,REACH,TOTAL,NR,T,ES
2004-01-01,2004,A|CI|REACH|TOTAL|NR|T|ES,299.0,Number,Eurostat,https://ec.europa.eu/eurostat/api/dissemination/statistics/1.0/data/migr_imm1ctz?geo=ES&age=TOTAL&sex=T&agedef=REACH,A,CI,REACH,TOTAL,NR,T,ES
2005-01-01,2005,A|CI|REACH|TOTAL|NR|T|ES,339.0,Number,Eurostat,https://ec.europa.eu/eurostat/api/dissemination/statistics/1.0/data/migr_imm1ctz?geo=ES&age=TOTAL&sex=T&agedef=REACH,A,CI,REACH,TOTAL,NR,T,ES
2006-01-01,2006,A|CI|REACH|TOTAL|NR|T|ES,350.0,Number,Eurostat,https://ec.europa.eu/eurostat/api/dissemination/statistics/1.0/data/migr_imm1ctz?geo=ES&age=TOTAL&sex=T&agedef=REACH,A,CI,REACH,TOTAL,NR,T,ES
2007-01-01,2007,A|CI|REACH|TOTAL|NR|T|ES,455.0,Number,Eurostat,https://ec.europa.eu/eurostat/api/dissemination/statistics/1.0/data/migr_imm1ctz?geo=ES&age=TOTAL&sex=T&agedef=REACH,A,CI,REACH,TOTAL,NR,T,ES
1998-01-01,1998,A|CL|REACH|TOTAL|NR|T|ES,444.0,Number,Eurostat,https://ec.europa.eu/eurostat/api/dissemination/statistics/1.0/data/migr_imm1ctz?geo=ES&age=TOTAL&sex=T&agedef=REACH,A,CL,REACH,TOTAL,NR,T,ES
1999-01-01,1999,A|CL|REACH|TOTAL|NR|T|ES,750.0,Number,Eurostat,https://ec.europa.eu/eurostat/api/dissemination/statistics/1.0/data/migr_imm1ctz?geo=ES&age=TOTAL&sex=T&agedef=REACH,A,CL,REACH,TOTAL,NR,T,ES
2000-01-01,2000,A|CL|REACH|TOTAL|NR|T|ES,2264.0,Number,Eurostat,https://ec.europa.eu/eurostat/api/dissemination/statistics/1.0/data/migr_imm1ctz?geo=ES&age=TOTAL&sex=T&agedef=REACH,A,CL,REACH,TOTAL,NR,T,ES
2001-01-01,2001,A|CL|REACH|TOTAL|NR|T|ES,3049.0,Number,Eurostat,https://ec.europa.eu/eurostat/api/dissemination/statistics/1.0/data/migr_imm1ctz?geo=ES&age=TOTAL&sex=T&agedef=REACH,A,CL,REACH,TOTAL,NR,T,ES
2002-01-01,2002,A|CL|REACH|TOTAL|NR|T|ES,3930.0,Number,Eurostat,https://ec.europa.eu/eurostat/api/dissemination/statistics/1.0/data/migr_imm1ctz?geo=ES&age=TOTAL&sex=T&agedef=REACH,A,CL,REACH,TOTAL,NR,T,ES
2003-01-01,2003,A|CL|REACH|TOTAL|NR|T|ES,,Number,Eurostat,https://ec.europa.eu/eurostat/api/dissemination/statistics/1.0/data/migr_imm1ctz?geo=ES&age=TOTAL&sex=T&agedef=REACH,A,CL,REACH,TOTAL,NR,T,ES
2004-01-01,2004,A|CL|REACH|TOTAL|NR|T|ES,7800.0,Number,Eurostat,https://ec.europa.eu/eurostat/api/dissemination/statistics/1.0/data/migr_imm1ctz?geo=ES&age=TOTAL&sex=T&agedef=REACH,A,CL,REACH,TOTAL,NR,T,ES
2005-01-01,2005,A|CL|REACH|TOTAL|NR|T|ES,8856.0,Number,Eurostat,https://ec.europa.eu/eurostat/api/dissemination/statistics/1.0/data/migr_imm1ctz?geo=ES&age=TOTAL&sex=T&agedef=REACH,A,CL,REACH,TOTAL,NR,T,ES
2006-01-01,2006,A|CL|REACH|TOTAL|NR|T|ES,9884.0,Number,Eurostat,https://ec.europa.eu/eurostat/api/dissemination/statistics/1.0/data/migr_imm1ctz?geo=ES&age=TOTAL&sex=T&agedef=REACH,A,CL,REACH,TOTAL,NR,T,ES
2007-01-01,2007,A|CL|REACH|TOTAL|NR|T|ES,9633.0,Number,Eurostat,https://ec.europa.eu/eurostat/api/dissemination/statistics/1.0/data/migr_imm1ctz?geo=ES&age=TOTAL&sex=T&agedef=REACH,A,CL,REACH,TOTAL,NR,T,ES
2008-01-01,2008,A|CL|REACH|TOTAL|NR|T|ES,5197.0,Number,Eurostat,https://ec.europa.eu/eurostat/api/dissemination/statistics/1.0/data/migr_imm1ctz?geo=ES&age=TOTAL&sex=T&agedef=REACH,A,CL,REACH,TOTAL,NR,T,ES
2009-01-01,2009,A|CL|REACH|TOTAL|NR|T|ES,3060.0,Number,Eurostat,https://ec.europa.eu/eurostat/api/dissemination/statistics/1.0/data/migr_imm1ctz?geo=ES&age=TOTAL&sex=T&agedef=REACH,A,CL,REACH,TOTAL,NR,T,ES
2010-01-01,2010,A|CL|REACH|TOTAL|NR|T|ES,2757.0,Number,Eurostat,https://ec.europa.eu/eurostat/api/dissemination/statistics/1.0/data/migr_imm1ctz?geo=ES&age=TOTAL&sex=T&agedef=REACH,A,CL,REACH,TOTAL,NR,T,ES
2011-01-01,2011,A|CL|REACH|TOTAL|NR|T|ES,2674.0,Number,Eurostat,https://ec.europa.eu/eurostat/api/dissemination/statistics/1.0/data/migr_imm1ctz?geo=ES&age=TOTAL&sex=T&agedef=REACH,A,CL,REACH,TOTAL,NR,T,ES
2012-01-01,2012,A|CL|REACH|TOTAL|NR|T|ES,2008.0,Number,Eurostat,https://ec.europa.eu/eurostat/api/dissemination/statistics/1.0/data/migr_imm1ctz?geo=ES&age=TOTAL&sex=T&agedef=REACH,A,CL,REACH,TOTAL,NR,T,ES
2013-01-01,2013,A|CL|REACH|TOTAL|NR|T|ES,1647.0,Number,Eurostat,https://ec.europa.eu/eurostat/api/dissemination/statistics/1.0/data/migr_imm1ctz?geo=ES&age=TOTAL&sex=T&agedef=REACH,A,CL,REACH,TOTAL,NR,T,ES
2014-01-01,2014,A|CL|REACH|TOTAL|NR|T|ES,1885.0,Number,Eurostat,https://ec.europa.eu/eurostat/api/dissemination/statistics/1.0/data/migr_imm1ctz?geo=ES&age=TOTAL&sex=T&agedef=REACH,A,CL,REACH,TOTAL,NR,T,ES
2015-01-01,2015,A|CL|REACH|TOTAL|NR|T|ES,2122.0,Number,Eurostat,https://ec.europa.eu/eurostat/api/dissemination/statistics/1.0/data/migr_imm1ctz?geo=ES&age=TOTAL&sex=T&agedef=REACH,A,CL,REACH,TOTAL,NR,T,ES
2016-01-01,2016,A|CL|REACH|TOTAL|NR|T|ES,2705.0,Number,Eurostat,https://ec.europa.eu/eurostat/api/dissemination/statistics/1.0/data/migr_imm1ctz?geo=ES&age=TOTAL&sex=T&agedef=REACH,A,CL,REACH,TOTAL,NR,T,ES
2017-01-01,2017,A|CL|REACH|TOTAL|NR|T|ES,3412.0,Number,Eurostat,https://ec.europa.eu/eurostat/api/dissemination/statistics/1.0/data/migr_imm1ctz?geo=ES&age=TOTAL&sex=T&agedef=REACH,A,CL,REACH,TOTAL,NR,T,ES
2018-01-01,2018,A|CL|REACH|TOTAL|NR|T|ES,3794.0,Number,Eurostat,https://ec.europa.eu/eurostat/api/dissemination/statistics/1.0/data/migr_imm1ctz?geo=ES&age=TOTAL&sex=T&agedef=REACH,A,CL,REACH,TOTAL,NR,T,ES
2019-01-01,2019,A|CL|REACH|TOTAL|NR|T|ES,4378.0,Number,Eurostat,https://ec.europa.eu/eurostat/api/dissemination/statistics/1.0/data/migr_imm1ctz?geo=ES&age=TOTAL&sex=T&agedef=REACH,A,CL,REACH,TOTAL,NR,T,ES
2020-01-01,2020,A|CL|REACH|TOTAL|NR|T|ES,2710.0,Number,Eurostat,https://ec.europa.eu/eurostat/api/dissemination/statistics/1.0/data/migr_imm1ctz?geo=ES&age=TOTAL&sex=T&agedef=REACH,A,CL,REACH,TOTAL,NR,T,ES
2021-01-01,2021,A|CL|REACH|TOTAL|NR|T|ES,5674.0,Number,Eurostat,https://ec.europa.eu/eurostat/api/dissemination/statistics/1.0/data/migr_imm1ctz?geo=ES&age=TOTAL&sex=T&agedef=REACH,A,CL,REACH,TOTAL,NR,T,ES
2022-01-01,2022,A|CL|REACH|TOTAL|NR|T|ES,7686.0,Number,Eurostat,https://ec.europa.eu/eurostat/api/dissemination/statistics/1.0/data/migr_imm1ctz?geo=ES&age=TOTAL&sex=T&agedef=REACH,A,CL,REACH,TOTAL,NR,T,ES
2023-01-01,2023,A|CL|REACH|TOTAL|NR|T|ES,8599.0,Number,Eurostat,https://ec.europa.eu/eurostat/api/dissemination/statistics/1.0/data/migr_imm1ctz?geo=ES&age=TOTAL&sex=T&agedef=REACH,A,CL,REACH,TOTAL,NR,T,ES
2024-01-01,2024,A|CL|REACH|TOTAL|NR|T|ES,8589.0,Number,Eurostat,https://ec.europa.eu/eurostat/api/dissemination/statistics/1.0/data/migr_imm1ctz?geo=ES&age=TOTAL&sex=T&agedef=REACH,A,CL,REACH,TOTAL,NR,T,ES
1998-01-01,1998,A|CM|REACH|TOTAL|NR|T|ES,70.0,Number,Eurostat,https://ec.europa.eu/eurostat/api/dissemination/statistics/1.0/data/migr_imm1ctz?geo=ES&age=TOTAL&sex=T&agedef=REACH,A,CM,REACH,TOTAL,NR,T,ES
1999-01-01,1999,A|CM|REACH|TOTAL|NR|T|ES,147.0,Number,Eurostat,https://ec.europa.eu/eurostat/api/dissemination/statistics/1.0/data/migr_imm1ctz?geo=ES&age=TOTAL&sex=T&agedef=REACH,A,CM,REACH,TOTAL,NR,T,ES
2000-01-01,2000,A|CM|REACH|TOTAL|NR|T|ES,277.0,Number,Eurostat,https://ec.europa.eu/eurostat/api/dissemination/statistics/1.0/data/migr_imm1ctz?geo=ES&age=TOTAL&sex=T&agedef=REACH,A,CM,REACH,TOTAL,NR,T,ES
2001-01-01,2001,A|CM|REACH|TOTAL|NR|T|ES,283.0,Number,Eurostat,https://ec.europa.eu/eurostat/api/dissemination/statistics/1.0/data/migr_imm1ctz?geo=ES&age=TOTAL&sex=T&agedef=REACH,A,CM,REACH,TOTAL,NR,T,ES
2002-01-01,2002,A|CM|REACH|TOTAL|NR|T|ES,324.0,Number,Eurostat,https://ec.europa.eu/eurostat/api/dissemination/statistics/1.0/data/migr_imm1ctz?geo=ES&age=TOTAL&sex=T&agedef=REACH,A,CM,REACH,TOTAL,NR,T,ES
2003-01-01,2003,A|CM|REACH|TOTAL|NR|T|ES,,Number,Eurostat,https://ec.europa.eu/eurostat/api/dissemination/statistics/1.0/data/migr_imm1ctz?geo=ES&age=TOTAL&sex=T&agedef=REACH,A,CM,REACH,TOTAL,NR,T,ES
2004-01-01,2004,A|CM|REACH|TOTAL|NR|T|ES,642.0,Number,Eurostat,https://ec.europa.eu/eurostat/api/dissemination/statistics/1.0/data/migr_imm1ctz?geo=ES&age=TOTAL&sex=T&agedef=REACH,A,CM,REACH,TOTAL,NR,T,ES
2005-01-01,2005,A|CM|REACH|TOTAL|NR|T|ES,767.0,Number,Eurostat,https://ec.europa.eu/eurostat/api/dissemination/statistics/1.0/data/migr_imm1ctz?geo=ES&age=TOTAL&sex=T&agedef=REACH,A,CM,REACH,TOTAL,NR,T,ES
2006-01-01,2006,A|CM|REACH|TOTAL|NR|T|ES,808.0,Number,Eurostat,https://ec.europa.eu/eurostat/api/dissemination/statistics/1.0/data/migr_imm1ctz?geo=ES&age=TOTAL&sex=T&agedef=REACH,A,CM,REACH,TOTAL,NR,T,ES
2007-01-01,2007,A|CM|REACH|TOTAL|NR|T|ES,910.0,Number,Eurostat,https://ec.europa.eu/eurostat/api/dissemination/statistics/1.0/data/migr_imm1ctz?geo=ES&age=TOTAL&sex=T&agedef=REACH,A,CM,REACH,TOTAL,NR,T,ES
2002-01-01,2002,A|CN|REACH|TOTAL|NR|T|ES,5716.0,Number,Eurostat,https://ec.europa.eu/eurostat/api/dissemination/statistics/1.0/data/migr_imm1ctz?geo=ES&age=TOTAL&sex=T&agedef=REACH,A,CN,REACH,TOTAL,NR,T,ES
2003-01-01,2003,A|CN|REACH|TOTAL|NR|T|ES,,Number,Eurostat,https://ec.europa.eu/eurostat/api/dissemination/statistics/1.0/data/migr_imm1ctz?geo=ES&age=TOTAL&sex=T&agedef=REACH,A,CN,REACH,TOTAL,NR,T,ES
2004-01-01,2004,A|CN|REACH|TOTAL|NR|T|ES,20296.0,Number,Eurostat,https://ec.europa.eu/eurostat/api/dissemination/statistics/1.0/data/migr_imm1ctz?geo=ES&age=TOTAL&sex=T&agedef=REACH,A,CN,REACH,TOTAL,NR,T,ES
2005-01-01,2005,A|CN|REACH|TOTAL|NR|T|ES,18406.0,Number,Eurostat,https://ec.europa.eu/eurostat/api/dissemination/statistics/1.0/data/migr_imm1ctz?geo=ES&age=TOTAL&sex=T&agedef=REACH,A,CN,REACH,TOTAL,NR,T,ES
2006-01-01,2006,A|CN|REACH|TOTAL|NR|T|ES,16882.0,Number,Eurostat,https://ec.europa.eu/eurostat/api/dissemination/statistics/1.0/data/migr_imm1ctz?geo=ES&age=TOTAL&sex=T&agedef=REACH,A,CN,REACH,TOTAL,NR,T,ES
2007-01-01,2007,A|CN|REACH|TOTAL|NR|T|ES,20394.0,Number,Eurostat,https://ec.europa.eu/eurostat/api/dissemination/statistics/1.0/data/migr_imm1ctz?geo=ES&age=TOTAL&sex=T&agedef=REACH,A,CN,REACH,TOTAL,NR,T,ES
2008-01-01,2008,A|CN|REACH|TOTAL|NR|T|ES,20084.0,Number,Eurostat,https://ec.europa.eu/eurostat/api/dissemination/statistics/1.0/data/migr_imm1ctz?geo=ES&age=TOTAL&sex=T&agedef=REACH,A,CN,REACH,TOTAL,NR,T,ES
2009-01-01,2009,A|CN|REACH|TOTAL|NR|T|ES,11882.0,Number,Eurostat,https://ec.europa.eu/eurostat/api/dissemination/statistics/1.0/data/migr_imm1ctz?geo=ES&age=TOTAL&sex=T&agedef=REACH,A,CN,REACH,TOTAL,NR,T,ES
2010-01-01,2010,A|CN|REACH|TOTAL|NR|T|ES,10475.0,Number,Eurostat,https://ec.europa.eu/eurostat/api/dissemination/statistics/1.0/data/migr_imm1ctz?geo=ES&age=TOTAL&sex=T&agedef=REACH,A,CN,REACH,TOTAL,NR,T,ES
2011-01-01,2011,A|CN|REACH|TOTAL|NR|T|ES,10709.0,Number,Eurostat,https://ec.europa.eu/eurostat/api/dissemination/statistics/1.0/data/migr_imm1ctz?geo=ES&age=TOTAL&sex=T&agedef=REACH,A,CN,REACH,TOTAL,NR,T,ES
2012-01-01,2012,A|CN|REACH|TOTAL|NR|T|ES,9187.0,Number,Eurostat,https://ec.europa.eu/eurostat/api/dissemination/statistics/1.0/data/migr_imm1ctz?geo=ES&age=TOTAL&sex=T&agedef=REACH,A,CN,REACH,TOTAL,NR,T,ES
2013-01-01,2013,A|CN|REACH|TOTAL|NR|T|ES,9128.0,Number,Eurostat,https://ec.europa.eu/eurostat/api/dissemination/statistics/1.0/data/migr_imm1ctz?geo=ES&age=TOTAL&sex=T&agedef=REACH,A,CN,REACH,TOTAL,NR,T,ES
2014-01-01,2014,A|CN|REACH|TOTAL|NR|T|ES,9410.0,Number,Eurostat,https://ec.europa.eu/eurostat/api/dissemination/statistics/1.0/data/migr_imm1ctz?geo=ES&age=TOTAL&sex=T&agedef=REACH,A,CN,REACH,TOTAL,NR,T,ES
2015-01-01,2015,A|CN|REACH|TOTAL|NR|T|ES,10133.0,Number,Eurostat,https://ec.europa.eu/eurostat/api/dissemination/statistics/1.0/data/migr_imm1ctz?geo=ES&age=TOTAL&sex=T&agedef=REACH,A,CN,REACH,TOTAL,NR,T,ES
2016-01-01,2016,A|CN|REACH|TOTAL|NR|T|ES,10215.0,Number,Eurostat,https://ec.europa.eu/eurostat/api/dissemination/statistics/1.0/data/migr_imm1ctz?geo=ES&age=TOTAL&sex=T&agedef=REACH,A,CN,REACH,TOTAL,NR,T,ES
2017-01-01,2017,A|CN|REACH|TOTAL|NR|T|ES,11424.0,Number,Eurostat,https://ec.europa.eu/eurostat/api/dissemination/statistics/1.0/data/migr_imm1ctz?geo=ES&age=TOTAL&sex=T&agedef=REACH,A,CN,REACH,TOTAL,NR,T,ES
2018-01-01,2018,A|CN|REACH|TOTAL|NR|T|ES,11945.0,Number,Eurostat,https://ec.europa.eu/eurostat/api/dissemination/statistics/1.0/data/migr_imm1ctz?geo=ES&age=TOTAL&sex=T&agedef=REACH,A,CN,REACH,TOTAL,NR,T,ES
2019-01-01,2019,A|CN|REACH|TOTAL|NR|T|ES,12097.0,Number,Eurostat,https://ec.europa.eu/eurostat/api/dissemination/statistics/1.0/data/migr_imm1ctz?geo=ES&age=TOTAL&sex=T&agedef=REACH,A,CN,REACH,TOTAL,NR,T,ES
2020-01-01,2020,A|CN|REACH|TOTAL|NR|T|ES,5064.0,Number,Eurostat,https://ec.europa.eu/eurostat/api/dissemination/statistics/1.0/data/migr_imm1ctz?geo=ES&age=TOTAL&sex=T&agedef=REACH,A,CN,REACH,TOTAL,NR,T,ES
2021-01-01,2021,A|CN|REACH|TOTAL|NR|T|ES,18249.0,Number,Eurostat,https://ec.europa.eu/eurostat/api/dissemination/statistics/1.0/data/migr_imm1ctz?geo=ES&age=TOTAL&sex=T&agedef=REACH,A,CN,REACH,TOTAL,NR,T,ES
2022-01-01,2022,A|CN|REACH|TOTAL|NR|T|ES,14320.0,Number,Eurostat,https://ec.europa.eu/eurostat/api/dissemination/statistics/1.0/data/migr_imm1ctz?geo=ES&age=TOTAL&sex=T&agedef=REACH,A,CN,REACH,TOTAL,NR,T,ES
2023-01-01,2023,A|CN|REACH|TOTAL|NR|T|ES,20471.0,Number,Eurostat,https://ec.europa.eu/eurostat/api/dissemination/statistics/1.0/data/migr_imm1ctz?geo=ES&age=TOTAL&sex=T&agedef=REACH,A,CN,REACH,TOTAL,NR,T,ES
2024-01-01,2024,A|CN|REACH|TOTAL|NR|T|ES,24293.0,Number,Eurostat,https://ec.europa.eu/eurostat/api/dissemination/statistics/1.0/data/migr_imm1ctz?geo=ES&age=TOTAL&sex=T&agedef=REACH,A,CN,REACH,TOTAL,NR,T,ES
1998-01-01,1998,A|CO|REACH|TOTAL|NR|T|ES,2337.0,Number,Eurostat,https://ec.europa.eu/eurostat/api/dissemination/statistics/1.0/data/migr_imm1ctz?geo=ES&age=TOTAL&sex=T&agedef=REACH,A,CO,REACH,TOTAL,NR,T,ES
1999-01-01,1999,A|CO|REACH|TOTAL|NR|T|ES,7535.0,Number,Eurostat,https://ec.europa.eu/eurostat/api/dissemination/statistics/1.0/data/migr_imm1ctz?geo=ES&age=TOTAL&sex=T&agedef=REACH,A,CO,REACH,TOTAL,NR,T,ES
2000-01-01,2000,A|CO|REACH|TOTAL|NR|T|ES,46063.0,Number,Eurostat,https://ec.europa.eu/eurostat/api/dissemination/statistics/1.0/data/migr_imm1ctz?geo=ES&age=TOTAL&sex=T&agedef=REACH,A,CO,REACH,TOTAL,NR,T,ES
2001-01-01,2001,A|CO|REACH|TOTAL|NR|T|ES,71220.0,Number,Eurostat,https://ec.europa.eu/eurostat/api/dissemination/statistics/1.0/data/migr_imm1ctz?geo=ES&age=TOTAL&sex=T&agedef=REACH,A,CO,REACH,TOTAL,NR,T,ES
2002-01-01,2002,A|CO|REACH|TOTAL|NR|T|ES,34235.0,Number,Eurostat,https://ec.europa.eu/eurostat/api/dissemination/statistics/1.0/data/migr_imm1ctz?geo=ES&age=TOTAL&sex=T&agedef=REACH,A,CO,REACH,TOTAL,NR,T,ES
2003-01-01,2003,A|CO|REACH|TOTAL|NR|T|ES,,Number,Eurostat,https://ec.europa.eu/eurostat/api/dissemination/statistics/1.0/data/migr_imm1ctz?geo=ES&age=TOTAL&sex=T&agedef=REACH,A,CO,REACH,TOTAL,NR,T,ES
2004-01-01,2004,A|CO|REACH|TOTAL|NR|T|ES,21502.0,Number,Eurostat,https://ec.europa.eu/eurostat/api/dissemination/statistics/1.0/data/migr_imm1ctz?geo=ES&age=TOTAL&sex=T&agedef=REACH,A,CO,REACH,TOTAL,NR,T,ES
2005-01-01,2005,A|CO|REACH|TOTAL|NR|T|ES,24945.0,Number,Eurostat,https://ec.europa.eu/eurostat/api/dissemination/statistics/1.0/data/migr_imm1ctz?geo=ES&age=TOTAL&sex=T&agedef=REACH,A,CO,REACH,TOTAL,NR,T,ES
2006-01-01,2006,A|CO|REACH|TOTAL|NR|T|ES,35621.0,Number,Eurostat,https://ec.europa.eu/eurostat/api/dissemination/statistics/1.0/data/migr_imm1ctz?geo=ES&age=TOTAL&sex=T&agedef=REACH,A,CO,REACH,TOTAL,NR,T,ES
2007-01-01,2007,A|CO|REACH|TOTAL|NR|T|ES,41725.0,Number,Eurostat,https://ec.europa.eu/eurostat/api/dissemination/statistics/1.0/data/migr_imm1ctz?geo=ES&age=TOTAL&sex=T&agedef=REACH,A,CO,REACH,TOTAL,NR,T,ES
2008-01-01,2008,A|CO|REACH|TOTAL|NR|T|ES,36044.0,Number,Eurostat,https://ec.europa.eu/eurostat/api/dissemination/statistics/1.0/data/migr_imm1ctz?geo=ES&age=TOTAL&sex=T&agedef=REACH,A,CO,REACH,TOTAL,NR,T,ES
2009-01-01,2009,A|CO|REACH|TOTAL|NR|T|ES,20413.0,Number,Eurostat,https://ec.europa.eu/eurostat/api/dissemination/statistics/1.0/data/migr_imm1ctz?geo=ES&age=TOTAL&sex=T&agedef=REACH,A,CO,REACH,TOTAL,NR,T,ES
2010-01-01,2010,A|CO|REACH|TOTAL|NR|T|ES,13666.0,Number,Eurostat,https://ec.europa.eu/eurostat/api/dissemination/statistics/1.0/data/migr_imm1ctz?geo=ES&age=TOTAL&sex=T&agedef=REACH,A,CO,REACH,TOTAL,NR,T,ES
2011-01-01,2011,A|CO|REACH|TOTAL|NR|T|ES,13165.0,Number,Eurostat,https://ec.europa.eu/eurostat/api/dissemination/statistics/1.0/data/migr_imm1ctz?geo=ES&age=TOTAL&sex=T&agedef=REACH,A,CO,REACH,TOTAL,NR,T,ES
2012-01-01,2012,A|CO|REACH|TOTAL|NR|T|ES,9957.0,Number,Eurostat,https://ec.europa.eu/eurostat/api/dissemination/statistics/1.0/data/migr_imm1ctz?geo=ES&age=TOTAL&sex=T&agedef=REACH,A,CO,REACH,TOTAL,NR,T,ES
2013-01-01,2013,A|CO|REACH|TOTAL|NR|T|ES,8689.0,Number,Eurostat,https://ec.europa.eu/eurostat/api/dissemination/statistics/1.0/data/migr_imm1ctz?geo=ES&age=TOTAL&sex=T&agedef=REACH,A,CO,REACH,TOTAL,NR,T,ES
2014-01-01,2014,A|CO|REACH|TOTAL|NR|T|ES,8451.0,Number,Eurostat,https://ec.europa.eu/eurostat/api/dissemination/statistics/1.0/data/migr_imm1ctz?geo=ES&age=TOTAL&sex=T&agedef=REACH,A,CO,REACH,TOTAL,NR,T,ES
2015-01-01,2015,A|CO|REACH|TOTAL|NR|T|ES,9367.0,Number,Eurostat,https://ec.europa.eu/eurostat/api/dissemination/statistics/1.0/data/migr_imm1ctz?geo=ES&age=TOTAL&sex=T&agedef=REACH,A,CO,REACH,TOTAL,NR,T,ES
2016-01-01,2016,A|CO|REACH|TOTAL|NR|T|ES,22594.0,Number,Eurostat,https://ec.europa.eu/eurostat/api/dissemination/statistics/1.0/data/migr_imm1ctz?geo=ES&age=TOTAL&sex=T&agedef=REACH,A,CO,REACH,TOTAL,NR,T,ES
2017-01-01,2017,A|CO|REACH|TOTAL|NR|T|ES,34106.0,Number,Eurostat,https://ec.europa.eu/eurostat/api/dissemination/statistics/1.0/data/migr_imm1ctz?geo=ES&age=TOTAL&sex=T&agedef=REACH,A,CO,REACH,TOTAL,NR,T,ES
2018-01-01,2018,A|CO|REACH|TOTAL|NR|T|ES,53302.0,Number,Eurostat,https://ec.europa.eu/eurostat/api/dissemination/statistics/1.0/data/migr_imm1ctz?geo=ES&age=TOTAL&sex=T&agedef=REACH,A,CO,REACH,TOTAL,NR,T,ES
2019-01-01,2019,A|CO|REACH|TOTAL|NR|T|ES,76816.0,Number,Eurostat,https://ec.europa.eu/eurostat/api/dissemination/statistics/1.0/data/migr_imm1ctz?geo=ES&age=TOTAL&sex=T&agedef=REACH,A,CO,REACH,TOTAL,NR,T,ES
2020-01-01,2020,A|CO|REACH|TOTAL|NR|T|ES,51408.0,Number,Eurostat,https://ec.europa.eu/eurostat/api/dissemination/statistics/1.0/data/migr_imm1ctz?geo=ES&age=TOTAL&sex=T&agedef=REACH,A,CO,REACH,TOTAL,NR,T,ES
2021-01-01,2021,A|CO|REACH|TOTAL|NR|T|ES,64535.0,Number,Eurostat,https://ec.europa.eu/eurostat/api/dissemination/statistics/1.0/data/migr_imm1ctz?geo=ES&age=TOTAL&sex=T&agedef=REACH,A,CO,REACH,TOTAL,NR,T,ES
2022-01-01,2022,A|CO|REACH|TOTAL|NR|T|ES,172241.0,Number,Eurostat,https://ec.europa.eu/eurostat/api/dissemination/statistics/1.0/data/migr_imm1ctz?geo=ES&age=TOTAL&sex=T&agedef=REACH,A,CO,REACH,TOTAL,NR,T,ES
2023-01-01,2023,A|CO|REACH|TOTAL|NR|T|ES,170722.0,Number,Eurostat,https://ec.europa.eu/eurostat/api/dissemination/statistics/1.0/data/migr_imm1ctz?geo=ES&age=TOTAL&sex=T&agedef=REACH,A,CO,REACH,TOTAL,NR,T,ES
2024-01-01,2024,A|CO|REACH|TOTAL|NR|T|ES,168122.0,Number,Eurostat,https://ec.europa.eu/eurostat/api/dissemination/statistics/1.0/data/migr_imm1ctz?geo=ES&age=TOTAL&sex=T&agedef=REACH,A,CO,REACH,TOTAL,NR,T,ES
2008-01-01,2008,A|CRB|REACH|TOTAL|NR|T|ES,25395.0,Number,Eurostat,https://ec.europa.eu/eurostat/api/dissemination/statistics/1.0/data/migr_imm1ctz?geo=ES&age=TOTAL&sex=T&agedef=REACH,A,CRB,REACH,TOTAL,NR,T,ES
2009-01-01,2009,A|CRB|REACH|TOTAL|NR|T|ES,15301.0,Number,Eurostat,https://ec.europa.eu/eurostat/api/dissemination/statistics/1.0/data/migr_imm1ctz?geo=ES&age=TOTAL&sex=T&agedef=REACH,A,CRB,REACH,TOTAL,NR,T,ES
2010-01-01,2010,A|CRB|REACH|TOTAL|NR|T|ES,13166.0,Number,Eurostat,https://ec.europa.eu/eurostat/api/dissemination/statistics/1.0/data/migr_imm1ctz?geo=ES&age=TOTAL&sex=T&agedef=REACH,A,CRB,REACH,TOTAL,NR,T,ES
2011-01-01,2011,A|CRB|REACH|TOTAL|NR|T|ES,17945.0,Number,Eurostat,https://ec.europa.eu/eurostat/api/dissemination/statistics/1.0/data/migr_imm1ctz?geo=ES&age=TOTAL&sex=T&agedef=REACH,A,CRB,REACH,TOTAL,NR,T,ES
2012-01-01,2012,A|CRB|REACH|TOTAL|NR|T|ES,15929.0,Number,Eurostat,https://ec.europa.eu/eurostat/api/dissemination/statistics/1.0/data/migr_imm1ctz?geo=ES&age=TOTAL&sex=T&agedef=REACH,A,CRB,REACH,TOTAL,NR,T,ES
2013-01-01,2013,A|CRB|REACH|TOTAL|NR|T|ES,13427.0,Number,Eurostat,https://ec.europa.eu/eurostat/api/dissemination/statistics/1.0/data/migr_imm1ctz?geo=ES&age=TOTAL&sex=T&agedef=REACH,A,CRB,REACH,TOTAL,NR,T,ES
2014-01-01,2014,A|CRB|REACH|TOTAL|NR|T|ES,12439.0,Number,Eurostat,https://ec.europa.eu/eurostat/api/dissemination/statistics/1.0/data/migr_imm1ctz?geo=ES&age=TOTAL&sex=T&agedef=REACH,A,CRB,REACH,TOTAL,NR,T,ES
2015-01-01,2015,A|CRB|REACH|TOTAL|NR|T|ES,,Number,Eurostat,https://ec.europa.eu/eurostat/api/dissemination/statistics/1.0/data/migr_imm1ctz?geo=ES&age=TOTAL&sex=T&agedef=REACH,A,CRB,REACH,TOTAL,NR,T,ES
2016-01-01,2016,A|CRB|REACH|TOTAL|NR|T|ES,13929.0,Number,Eurostat,https://ec.europa.eu/eurostat/api/dissemination/statistics/1.0/data/migr_imm1ctz?geo=ES&age=TOTAL&sex=T&agedef=REACH,A,CRB,REACH,TOTAL,NR,T,ES
1998-01-01,1998,A|CR|REACH|TOTAL|NR|T|ES,23.0,Number,Eurostat,https://ec.europa.eu/eurostat/api/dissemination/statistics/1.0/data/migr_imm1ctz?geo=ES&age=TOTAL&sex=T&agedef=REACH,A,CR,REACH,TOTAL,NR,T,ES
1999-01-01,1999,A|CR|REACH|TOTAL|NR|T|ES,43.0,Number,Eurostat,https://ec.europa.eu/eurostat/api/dissemination/statistics/1.0/data/migr_imm1ctz?geo=ES&age=TOTAL&sex=T&agedef=REACH,A,CR,REACH,TOTAL,NR,T,ES
2000-01-01,2000,A|CR|REACH|TOTAL|NR|T|ES,88.0,Number,Eurostat,https://ec.europa.eu/eurostat/api/dissemination/statistics/1.0/data/migr_imm1ctz?geo=ES&age=TOTAL&sex=T&agedef=REACH,A,CR,REACH,TOTAL,NR,T,ES
2001-01-01,2001,A|CR|REACH|TOTAL|NR|T|ES,97.0,Number,Eurostat,https://ec.europa.eu/eurostat/api/dissemination/statistics/1.0/data/migr_imm1ctz?geo=ES&age=TOTAL&sex=T&agedef=REACH,A,CR,REACH,TOTAL,NR,T,ES
2002-01-01,2002,A|CR|REACH|TOTAL|NR|T|ES,164.0,Number,Eurostat,https://ec.europa.eu/eurostat/api/dissemination/statistics/1.0/data/migr_imm1ctz?geo=ES&age=TOTAL&sex=T&agedef=REACH,A,CR,REACH,TOTAL,NR,T,ES
2003-01-01,2003,A|CR|REACH|TOTAL|NR|T|ES,,Number,Eurostat,https://ec.europa.eu/eurostat/api/dissemination/statistics/1.0/data/migr_imm1ctz?geo=ES&age=TOTAL&sex=T&agedef=REACH,A,CR,REACH,TOTAL,NR,T,ES
2004-01-01,2004,A|CR|REACH|TOTAL|NR|T|ES,279.0,Number,Eurostat,https://ec.europa.eu/eurostat/api/dissemination/statistics/1.0/data/migr_imm1ctz?geo=ES&age=TOTAL&sex=T&agedef=REACH,A,CR,REACH,TOTAL,NR,T,ES
2005-01-01,2005,A|CR|REACH|TOTAL|NR|T|ES,297.0,Number,Eurostat,https://ec.europa.eu/eurostat/api/dissemination/statistics/1.0/data/migr_imm1ctz?geo=ES&age=TOTAL&sex=T&agedef=REACH,A,CR,REACH,TOTAL,NR,T,ES
2006-01-01,2006,A|CR|REACH|TOTAL|NR|T|ES,446.0,Number,Eurostat,https://ec.europa.eu/eurostat/api/dissemination/statistics/1.0/data/migr_imm1ctz?geo=ES&age=TOTAL&sex=T&agedef=REACH,A,CR,REACH,TOTAL,NR,T,ES
2007-01-01,2007,A|CR|REACH|TOTAL|NR|T|ES,562.0,Number,Eurostat,https://ec.europa.eu/eurostat/api/dissemination/statistics/1.0/data/migr_imm1ctz?geo=ES&age=TOTAL&sex=T&agedef=REACH,A,CR,REACH,TOTAL,NR,T,ES
1998-01-01,1998,A|CU|REACH|TOTAL|NR|T|ES,1911.0,Number,Eurostat,https://ec.europa.eu/eurostat/api/dissemination/statistics/1.0/data/migr_imm1ctz?geo=ES&age=TOTAL&sex=T&agedef=REACH,A,CU,REACH,TOTAL,NR,T,ES
1999-01-01,1999,A|CU|REACH|TOTAL|NR|T|ES,3164.0,Number,Eurostat,https://ec.europa.eu/eurostat/api/dissemination/statistics/1.0/data/migr_imm1ctz?geo=ES&age=TOTAL&sex=T&agedef=REACH,A,CU,REACH,TOTAL,NR,T,ES
2000-01-01,2000,A|CU|REACH|TOTAL|NR|T|ES,5373.0,Number,Eurostat,https://ec.europa.eu/eurostat/api/dissemination/statistics/1.0/data/migr_imm1ctz?geo=ES&age=TOTAL&sex=T&agedef=REACH,A,CU,REACH,TOTAL,NR,T,ES
2001-01-01,2001,A|CU|REACH|TOTAL|NR|T|ES,5156.0,Number,Eurostat,https://ec.europa.eu/eurostat/api/dissemination/statistics/1.0/data/migr_imm1ctz?geo=ES&age=TOTAL&sex=T&agedef=REACH,A,CU,REACH,TOTAL,NR,T,ES
2002-01-01,2002,A|CU|REACH|TOTAL|NR|T|ES,5069.0,Number,Eurostat,https://ec.europa.eu/eurostat/api/dissemination/statistics/1.0/data/migr_imm1ctz?geo=ES&age=TOTAL&sex=T&agedef=REACH,A,CU,REACH,TOTAL,NR,T,ES
2003-01-01,2003,A|CU|REACH|TOTAL|NR|T|ES,,Number,Eurostat,https://ec.europa.eu/eurostat/api/dissemination/statistics/1.0/data/migr_imm1ctz?geo=ES&age=TOTAL&sex=T&agedef=REACH,A,CU,REACH,TOTAL,NR,T,ES
2004-01-01,2004,A|CU|REACH|TOTAL|NR|T|ES,6260.0,Number,Eurostat,https://ec.europa.eu/eurostat/api/dissemination/statistics/1.0/data/migr_imm1ctz?geo=ES&age=TOTAL&sex=T&agedef=REACH,A,CU,REACH,TOTAL,NR,T,ES
2005-01-01,2005,A|CU|REACH|TOTAL|NR|T|ES,6586.0,Number,Eurostat,https://ec.europa.eu/eurostat/api/dissemination/statistics/1.0/data/migr_imm1ctz?geo=ES&age=TOTAL&sex=T&agedef=REACH,A,CU,REACH,TOTAL,NR,T,ES
2006-01-01,2006,A|CU|REACH|TOTAL|NR|T|ES,8875.0,Number,Eurostat,https://ec.europa.eu/eurostat/api/dissemination/statistics/1.0/data/migr_imm1ctz?geo=ES&age=TOTAL&sex=T&agedef=REACH,A,CU,REACH,TOTAL,NR,T,ES
2007-01-01,2007,A|CU|REACH|TOTAL|NR|T|ES,9645.0,Number,Eurostat,https://ec.europa.eu/eurostat/api/dissemination/statistics/1.0/data/migr_imm1ctz?geo=ES&age=TOTAL&sex=T&agedef=REACH,A,CU,REACH,TOTAL,NR,T,ES
2008-01-01,2008,A|CU|REACH|TOTAL|NR|T|ES,8914.0,Number,Eurostat,https://ec.europa.eu/eurostat/api/dissemination/statistics/1.0/data/migr_imm1ctz?geo=ES&age=TOTAL&sex=T&agedef=REACH,A,CU,REACH,TOTAL,NR,T,ES
2009-01-01,2009,A|CU|REACH|TOTAL|NR|T|ES,5638.0,Number,Eurostat,https://ec.europa.eu/eurostat/api/dissemination/statistics/1.0/data/migr_imm1ctz?geo=ES&age=TOTAL&sex=T&agedef=REACH,A,CU,REACH,TOTAL,NR,T,ES
2010-01-01,2010,A|CU|REACH|TOTAL|NR|T|ES,6119.0,Number,Eurostat,https://ec.europa.eu/eurostat/api/dissemination/statistics/1.0/data/migr_imm1ctz?geo=ES&age=TOTAL&sex=T&agedef=REACH,A,CU,REACH,TOTAL,NR,T,ES
2011-01-01,2011,A|CU|REACH|TOTAL|NR|T|ES,7402.0,Number,Eurostat,https://ec.europa.eu/eurostat/api/dissemination/statistics/1.0/data/migr_imm1ctz?geo=ES&age=TOTAL&sex=T&agedef=REACH,A,CU,REACH,TOTAL,NR,T,ES
2012-01-01,2012,A|CU|REACH|TOTAL|NR|T|ES,5735.0,Number,Eurostat,https://ec.europa.eu/eurostat/api/dissemination/statistics/1.0/data/migr_imm1ctz?geo=ES&age=TOTAL&sex=T&agedef=REACH,A,CU,REACH,TOTAL,NR,T,ES
2013-01-01,2013,A|CU|REACH|TOTAL|NR|T|ES,5116.0,Number,Eurostat,https://ec.europa.eu/eurostat/api/dissemination/statistics/1.0/data/migr_imm1ctz?geo=ES&age=TOTAL&sex=T&agedef=REACH,A,CU,REACH,TOTAL,NR,T,ES
2014-01-01,2014,A|CU|REACH|TOTAL|NR|T|ES,4608.0,Number,Eurostat,https://ec.europa.eu/eurostat/api/dissemination/statistics/1.0/data/migr_imm1ctz?geo=ES&age=TOTAL&sex=T&agedef=REACH,A,CU,REACH,TOTAL,NR,T,ES
2015-01-01,2015,A|CU|REACH|TOTAL|NR|T|ES,4853.0,Number,Eurostat,https://ec.europa.eu/eurostat/api/dissemination/statistics/1.0/data/migr_imm1ctz?geo=ES&age=TOTAL&sex=T&agedef=REACH,A,CU,REACH,TOTAL,NR,T,ES
2016-01-01,2016,A|CU|REACH|TOTAL|NR|T|ES,5871.0,Number,Eurostat,https://ec.europa.eu/eurostat/api/dissemination/statistics/1.0/data/migr_imm1ctz?geo=ES&age=TOTAL&sex=T&agedef=REACH,A,CU,REACH,TOTAL,NR,T,ES
2017-01-01,2017,A|CU|REACH|TOTAL|NR|T|ES,8006.0,Number,Eurostat,https://ec.europa.eu/eurostat/api/dissemination/statistics/1.0/data/migr_imm1ctz?geo=ES&age=TOTAL&sex=T&agedef=REACH,A,CU,REACH,TOTAL,NR,T,ES
2018-01-01,2018,A|CU|REACH|TOTAL|NR|T|ES,11328.0,Number,Eurostat,https://ec.europa.eu/eurostat/api/dissemination/statistics/1.0/data/migr_imm1ctz?geo=ES&age=TOTAL&sex=T&agedef=REACH,A,CU,REACH,TOTAL,NR,T,ES
2019-01-01,2019,A|CU|REACH|TOTAL|NR|T|ES,14162.0,Number,Eurostat,https://ec.europa.eu/eurostat/api/dissemination/statistics/1.0/data/migr_imm1ctz?geo=ES&age=TOTAL&sex=T&agedef=REACH,A,CU,REACH,TOTAL,NR,T,ES
2020-01-01,2020,A|CU|REACH|TOTAL|NR|T|ES,6429.0,Number,Eurostat,https://ec.europa.eu/eurostat/api/dissemination/statistics/1.0/data/migr_imm1ctz?geo=ES&age=TOTAL&sex=T&agedef=REACH,A,CU,REACH,TOTAL,NR,T,ES
2021-01-01,2021,A|CU|REACH|TOTAL|NR|T|ES,11960.0,Number,Eurostat,https://ec.europa.eu/eurostat/api/dissemination/statistics/1.0/data/migr_imm1ctz?geo=ES&age=TOTAL&sex=T&agedef=REACH,A,CU,REACH,TOTAL,NR,T,ES
2022-01-01,2022,A|CU|REACH|TOTAL|NR|T|ES,18168.0,Number,Eurostat,https://ec.europa.eu/eurostat/api/dissemination/statistics/1.0/data/migr_imm1ctz?geo=ES&age=TOTAL&sex=T&agedef=REACH,A,CU,REACH,TOTAL,NR,T,ES
2023-01-01,2023,A|CU|REACH|TOTAL|NR|T|ES,20373.0,Number,Eurostat,https://ec.europa.eu/eurostat/api/dissemination/statistics/1.0/data/migr_imm1ctz?geo=ES&age=TOTAL&sex=T&agedef=REACH,A,CU,REACH,TOTAL,NR,T,ES
2024-01-01,2024,A|CU|REACH|TOTAL|NR|T|ES,22122.0,Number,Eurostat,https://ec.europa.eu/eurostat/api/dissemination/statistics/1.0/data/migr_imm1ctz?geo=ES&age=TOTAL&sex=T&agedef=REACH,A,CU,REACH,TOTAL,NR,T,ES
1998-01-01,1998,A|CV|REACH|TOTAL|NR|T|ES,60.0,Number,Eurostat,https://ec.europa.eu/eurostat/api/dissemination/statistics/1.0/data/migr_imm1ctz?geo=ES&age=TOTAL&sex=T&agedef=REACH,A,CV,REACH,TOTAL,NR,T,ES
1999-01-01,1999,A|CV|REACH|TOTAL|NR|T|ES,73.0,Number,Eurostat,https://ec.europa.eu/eurostat/api/dissemination/statistics/1.0/data/migr_imm1ctz?geo=ES&age=TOTAL&sex=T&agedef=REACH,A,CV,REACH,TOTAL,NR,T,ES
2000-01-01,2000,A|CV|REACH|TOTAL|NR|T|ES,177.0,Number,Eurostat,https://ec.europa.eu/eurostat/api/dissemination/statistics/1.0/data/migr_imm1ctz?geo=ES&age=TOTAL&sex=T&agedef=REACH,A,CV,REACH,TOTAL,NR,T,ES
2001-01-01,2001,A|CV|REACH|TOTAL|NR|T|ES,203.0,Number,Eurostat,https://ec.europa.eu/eurostat/api/dissemination/statistics/1.0/data/migr_imm1ctz?geo=ES&age=TOTAL&sex=T&agedef=REACH,A,CV,REACH,TOTAL,NR,T,ES
2002-01-01,2002,A|CV|REACH|TOTAL|NR|T|ES,202.0,Number,Eurostat,https://ec.europa.eu/eurostat/api/dissemination/statistics/1.0/data/migr_imm1ctz?geo=ES&age=TOTAL&sex=T&agedef=REACH,A,CV,REACH,TOTAL,NR,T,ES
2003-01-01,2003,A|CV|REACH|TOTAL|NR|T|ES,,Number,Eurostat,https://ec.europa.eu/eurostat/api/dissemination/statistics/1.0/data/migr_imm1ctz?geo=ES&age=TOTAL&sex=T&agedef=REACH,A,CV,REACH,TOTAL,NR,T,ES
2004-01-01,2004,A|CV|REACH|TOTAL|NR|T|ES,338.0,Number,Eurostat,https://ec.europa.eu/eurostat/api/dissemination/statistics/1.0/data/migr_imm1ctz?geo=ES&age=TOTAL&sex=T&agedef=REACH,A,CV,REACH,TOTAL,NR,T,ES
2005-01-01,2005,A|CV|REACH|TOTAL|NR|T|ES,394.0,Number,Eurostat,https://ec.europa.eu/eurostat/api/dissemination/statistics/1.0/data/migr_imm1ctz?geo=ES&age=TOTAL&sex=T&agedef=REACH,A,CV,REACH,TOTAL,NR,T,ES
2006-01-01,2006,A|CV|REACH|TOTAL|NR|T|ES,553.0,Number,Eurostat,https://ec.europa.eu/eurostat/api/dissemination/statistics/1.0/data/migr_imm1ctz?geo=ES&age=TOTAL&sex=T&agedef=REACH,A,CV,REACH,TOTAL,NR,T,ES
2007-01-01,2007,A|CV|REACH|TOTAL|NR|T|ES,589.0,Number,Eurostat,https://ec.europa.eu/eurostat/api/dissemination/statistics/1.0/data/migr_imm1ctz?geo=ES&age=TOTAL&sex=T&agedef=REACH,A,CV,REACH,TOTAL,NR,T,ES
2013-01-01,2013,A|CW|REACH|TOTAL|NR|T|ES,0.0,Number,Eurostat,https://ec.europa.eu/eurostat/api/dissemination/statistics/1.0/data/migr_imm1ctz?geo=ES&age=TOTAL&sex=T&agedef=REACH,A,CW,REACH,TOTAL,NR,T,ES
2014-01-01,2014,A|CW|REACH|TOTAL|NR|T|ES,0.0,Number,Eurostat,https://ec.europa.eu/eurostat/api/dissemination/statistics/1.0/data/migr_imm1ctz?geo=ES&age=TOTAL&sex=T&agedef=REACH,A,CW,REACH,TOTAL,NR,T,ES
1998-01-01,1998,A|CY|REACH|TOTAL|NR|T|ES,1.0,Number,Eurostat,https://ec.europa.eu/eurostat/api/dissemination/statistics/1.0/data/migr_imm1ctz?geo=ES&age=TOTAL&sex=T&agedef=REACH,A,CY,REACH,TOTAL,NR,T,ES
1999-01-01,1999,A|CY|REACH|TOTAL|NR|T|ES,1.0,Number,Eurostat,https://ec.europa.eu/eurostat/api/dissemination/statistics/1.0/data/migr_imm1ctz?geo=ES&age=TOTAL&sex=T&agedef=REACH,A,CY,REACH,TOTAL,NR,T,ES
2000-01-01,2000,A|CY|REACH|TOTAL|NR|T|ES,10.0,Number,Eurostat,https://ec.europa.eu/eurostat/api/dissemination/statistics/1.0/data/migr_imm1ctz?geo=ES&age=TOTAL&sex=T&agedef=REACH,A,CY,REACH,TOTAL,NR,T,ES
2001-01-01,2001,A|CY|REACH|TOTAL|NR|T|ES,8.0,Number,Eurostat,https://ec.europa.eu/eurostat/api/dissemination/statistics/1.0/data/migr_imm1ctz?geo=ES&age=TOTAL&sex=T&agedef=REACH,A,CY,REACH,TOTAL,NR,T,ES
2002-01-01,2002,A|CY|REACH|TOTAL|NR|T|ES,5.0,Number,Eurostat,https://ec.europa.eu/eurostat/api/dissemination/statistics/1.0/data/migr_imm1ctz?geo=ES&age=TOTAL&sex=T&agedef=REACH,A,CY,REACH,TOTAL,NR,T,ES
2003-01-01,2003,A|CY|REACH|TOTAL|NR|T|ES,,Number,Eurostat,https://ec.europa.eu/eurostat/api/dissemination/statistics/1.0/data/migr_imm1ctz?geo=ES&age=TOTAL&sex=T&agedef=REACH,A,CY,REACH,TOTAL,NR,T,ES
2004-01-01,2004,A|CY|REACH|TOTAL|NR|T|ES,19.0,Number,Eurostat,https://ec.europa.eu/eurostat/api/dissemination/statistics/1.0/data/migr_imm1ctz?geo=ES&age=TOTAL&sex=T&agedef=REACH,A,CY,REACH,TOTAL,NR,T,ES
2005-01-01,2005,A|CY|REACH|TOTAL|NR|T|ES,24.0,Number,Eurostat,https://ec.europa.eu/eurostat/api/dissemination/statistics/1.0/data/migr_imm1ctz?geo=ES&age=TOTAL&sex=T&agedef=REACH,A,CY,REACH,TOTAL,NR,T,ES
2006-01-01,2006,A|CY|REACH|TOTAL|NR|T|ES,21.0,Number,Eurostat,https://ec.europa.eu/eurostat/api/dissemination/statistics/1.0/data/migr_imm1ctz?geo=ES&age=TOTAL&sex=T&agedef=REACH,A,CY,REACH,TOTAL,NR,T,ES
2007-01-01,2007,A|CY|REACH|TOTAL|NR|T|ES,29.0,Number,Eurostat,https://ec.europa.eu/eurostat/api/dissemination/statistics/1.0/data/migr_imm1ctz?geo=ES&age=TOTAL&sex=T&agedef=REACH,A,CY,REACH,TOTAL,NR,T,ES
1998-01-01,1998,A|CZ_SK|REACH|TOTAL|NR|T|ES,116.0,Number,Eurostat,https://ec.europa.eu/eurostat/api/dissemination/statistics/1.0/data/migr_imm1ctz?geo=ES&age=TOTAL&sex=T&agedef=REACH,A,CZ_SK,REACH,TOTAL,NR,T,ES
1999-01-01,1999,A|CZ_SK|REACH|TOTAL|NR|T|ES,248.0,Number,Eurostat,https://ec.europa.eu/eurostat/api/dissemination/statistics/1.0/data/migr_imm1ctz?geo=ES&age=TOTAL&sex=T&agedef=REACH,A,CZ_SK,REACH,TOTAL,NR,T,ES
2000-01-01,2000,A|CZ_SK|REACH|TOTAL|NR|T|ES,795.0,Number,Eurostat,https://ec.europa.eu/eurostat/api/dissemination/statistics/1.0/data/migr_imm1ctz?geo=ES&age=TOTAL&sex=T&agedef=REACH,A,CZ_SK,REACH,TOTAL,NR,T,ES
2001-01-01,2001,A|CZ_SK|REACH|TOTAL|NR|T|ES,894.0,Number,Eurostat,https://ec.europa.eu/eurostat/api/dissemination/statistics/1.0/data/migr_imm1ctz?geo=ES&age=TOTAL&sex=T&agedef=REACH,A,CZ_SK,REACH,TOTAL,NR,T,ES
2002-01-01,2002,A|CZ_SK|REACH|TOTAL|NR|T|ES,,Number,Eurostat,https://ec.europa.eu/eurostat/api/dissemination/statistics/1.0/data/migr_imm1ctz?geo=ES&age=TOTAL&sex=T&agedef=REACH,A,CZ_SK,REACH,TOTAL,NR,T,ES
2003-01-01,2003,A|CZ_SK|REACH|TOTAL|NR|T|ES,,Number,Eurostat,https://ec.europa.eu/eurostat/api/dissemination/statistics/1.0/data/migr_imm1ctz?geo=ES&age=TOTAL&sex=T&agedef=REACH,A,CZ_SK,REACH,TOTAL,NR,T,ES
2004-01-01,2004,A|CZ_SK|REACH|TOTAL|NR|T|ES,,Number,Eurostat,https://ec.europa.eu/eurostat/api/dissemination/statistics/1.0/data/migr_imm1ctz?geo=ES&age=TOTAL&sex=T&agedef=REACH,A,CZ_SK,REACH,TOTAL,NR,T,ES
2005-01-01,2005,A|CZ_SK|REACH|TOTAL|NR|T|ES,,Number,Eurostat,https://ec.europa.eu/eurostat/api/dissemination/statistics/1.0/data/migr_imm1ctz?geo=ES&age=TOTAL&sex=T&agedef=REACH,A,CZ_SK,REACH,TOTAL,NR,T,ES
2006-01-01,2006,A|CZ_SK|REACH|TOTAL|NR|T|ES,,Number,Eurostat,https://ec.europa.eu/eurostat/api/dissemination/statistics/1.0/data/migr_imm1ctz?geo=ES&age=TOTAL&sex=T&agedef=REACH,A,CZ_SK,REACH,TOTAL,NR,T,ES
2007-01-01,2007,A|CZ_SK|REACH|TOTAL|NR|T|ES,,Number,Eurostat,https://ec.europa.eu/eurostat/api/dissemination/statistics/1.0/data/migr_imm1ctz?geo=ES&age=TOTAL&sex=T&agedef=REACH,A,CZ_SK,REACH,TOTAL,NR,T,ES
2008-01-01,2008,A|CZ_SK|REACH|TOTAL|NR|T|ES,0.0,Number,Eurostat,https://ec.europa.eu/eurostat/api/dissemination/statistics/1.0/data/migr_imm1ctz?geo=ES&age=TOTAL&sex=T&agedef=REACH,A,CZ_SK,REACH,TOTAL,NR,T,ES
2009-01-01,2009,A|CZ_SK|REACH|TOTAL|NR|T|ES,0.0,Number,Eurostat,https://ec.europa.eu/eurostat/api/dissemination/statistics/1.0/data/migr_imm1ctz?geo=ES&age=TOTAL&sex=T&agedef=REACH,A,CZ_SK,REACH,TOTAL,NR,T,ES
2010-01-01,2010,A|CZ_SK|REACH|TOTAL|NR|T|ES,0.0,Number,Eurostat,https://ec.europa.eu/eurostat/api/dissemination/statistics/1.0/data/migr_imm1ctz?geo=ES&age=TOTAL&sex=T&agedef=REACH,A,CZ_SK,REACH,TOTAL,NR,T,ES
2011-01-01,2011,A|CZ_SK|REACH|TOTAL|NR|T|ES,0.0,Number,Eurostat,https://ec.europa.eu/eurostat/api/dissemination/statistics/1.0/data/migr_imm1ctz?geo=ES&age=TOTAL&sex=T&agedef=REACH,A,CZ_SK,REACH,TOTAL,NR,T,ES
2012-01-01,2012,A|CZ_SK|REACH|TOTAL|NR|T|ES,0.0,Number,Eurostat,https://ec.europa.eu/eurostat/api/dissemination/statistics/1.0/data/migr_imm1ctz?geo=ES&age=TOTAL&sex=T&agedef=REACH,A,CZ_SK,REACH,TOTAL,NR,T,ES
2013-01-01,2013,A|CZ_SK|REACH|TOTAL|NR|T|ES,0.0,Number,Eurostat,https://ec.europa.eu/eurostat/api/dissemination/statistics/1.0/data/migr_imm1ctz?geo=ES&age=TOTAL&sex=T&agedef=REACH,A,CZ_SK,REACH,TOTAL,NR,T,ES
2014-01-01,2014,A|CZ_SK|REACH|TOTAL|NR|T|ES,0.0,Number,Eurostat,https://ec.europa.eu/eurostat/api/dissemination/statistics/1.0/data/migr_imm1ctz?geo=ES&age=TOTAL&sex=T&agedef=REACH,A,CZ_SK,REACH,TOTAL,NR,T,ES
1998-01-01,1998,A|CZ|REACH|TOTAL|NR|T|ES,64.0,Number,Eurostat,https://ec.europa.eu/eurostat/api/dissemination/statistics/1.0/data/migr_imm1ctz?geo=ES&age=TOTAL&sex=T&agedef=REACH,A,CZ,REACH,TOTAL,NR,T,ES
1999-01-01,1999,A|CZ|REACH|TOTAL|NR|T|ES,115.0,Number,Eurostat,https://ec.europa.eu/eurostat/api/dissemination/statistics/1.0/data/migr_imm1ctz?geo=ES&age=TOTAL&sex=T&agedef=REACH,A,CZ,REACH,TOTAL,NR,T,ES
2000-01-01,2000,A|CZ|REACH|TOTAL|NR|T|ES,435.0,Number,Eurostat,https://ec.europa.eu/eurostat/api/dissemination/statistics/1.0/data/migr_imm1ctz?geo=ES&age=TOTAL&sex=T&agedef=REACH,A,CZ,REACH,TOTAL,NR,T,ES
2001-01-01,2001,A|CZ|REACH|TOTAL|NR|T|ES,504.0,Number,Eurostat,https://ec.europa.eu/eurostat/api/dissemination/statistics/1.0/data/migr_imm1ctz?geo=ES&age=TOTAL&sex=T&agedef=REACH,A,CZ,REACH,TOTAL,NR,T,ES
2002-01-01,2002,A|CZ|REACH|TOTAL|NR|T|ES,427.0,Number,Eurostat,https://ec.europa.eu/eurostat/api/dissemination/statistics/1.0/data/migr_imm1ctz?geo=ES&age=TOTAL&sex=T&agedef=REACH,A,CZ,REACH,TOTAL,NR,T,ES
2003-01-01,2003,A|CZ|REACH|TOTAL|NR|T|ES,,Number,Eurostat,https://ec.europa.eu/eurostat/api/dissemination/statistics/1.0/data/migr_imm1ctz?geo=ES&age=TOTAL&sex=T&agedef=REACH,A,CZ,REACH,TOTAL,NR,T,ES
2004-01-01,2004,A|CZ|REACH|TOTAL|NR|T|ES,873.0,Number,Eurostat,https://ec.europa.eu/eurostat/api/dissemination/statistics/1.0/data/migr_imm1ctz?geo=ES&age=TOTAL&sex=T&agedef=REACH,A,CZ,REACH,TOTAL,NR,T,ES
2005-01-01,2005,A|CZ|REACH|TOTAL|NR|T|ES,951.0,Number,Eurostat,https://ec.europa.eu/eurostat/api/dissemination/statistics/1.0/data/migr_imm1ctz?geo=ES&age=TOTAL&sex=T&agedef=REACH,A,CZ,REACH,TOTAL,NR,T,ES
2006-01-01,2006,A|CZ|REACH|TOTAL|NR|T|ES,1346.0,Number,Eurostat,https://ec.europa.eu/eurostat/api/dissemination/statistics/1.0/data/migr_imm1ctz?geo=ES&age=TOTAL&sex=T&agedef=REACH,A,CZ,REACH,TOTAL,NR,T,ES
2007-01-01,2007,A|CZ|REACH|TOTAL|NR|T|ES,1595.0,Number,Eurostat,https://ec.europa.eu/eurostat/api/dissemination/statistics/1.0/data/migr_imm1ctz?geo=ES&age=TOTAL&sex=T&agedef=REACH,A,CZ,REACH,TOTAL,NR,T,ES
1998-01-01,1998,A|DE|REACH|TOTAL|NR|T|ES,7072.0,Number,Eurostat,https://ec.europa.eu/eurostat/api/dissemination/statistics/1.0/data/migr_imm1ctz?geo=ES&age=TOTAL&sex=T&agedef=REACH,A,DE,REACH,TOTAL,NR,T,ES
1999-01-01,1999,A|DE|REACH|TOTAL|NR|T|ES,9251.0,Number,Eurostat,https://ec.europa.eu/eurostat/api/dissemination/statistics/1.0/data/migr_imm1ctz?geo=ES&age=TOTAL&sex=T&agedef=REACH,A,DE,REACH,TOTAL,NR,T,ES
2000-01-01,2000,A|DE|REACH|TOTAL|NR|T|ES,10247.0,Number,Eurostat,https://ec.europa.eu/eurostat/api/dissemination/statistics/1.0/data/migr_imm1ctz?geo=ES&age=TOTAL&sex=T&agedef=REACH,A,DE,REACH,TOTAL,NR,T,ES
2001-01-01,2001,A|DE|REACH|TOTAL|NR|T|ES,10712.0,Number,Eurostat,https://ec.europa.eu/eurostat/api/dissemination/statistics/1.0/data/migr_imm1ctz?geo=ES&age=TOTAL&sex=T&agedef=REACH,A,DE,REACH,TOTAL,NR,T,ES
2002-01-01,2002,A|DE|REACH|TOTAL|NR|T|ES,11191.0,Number,Eurostat,https://ec.europa.eu/eurostat/api/dissemination/statistics/1.0/data/migr_imm1ctz?geo=ES&age=TOTAL&sex=T&agedef=REACH,A,DE,REACH,TOTAL,NR,T,ES
2003-01-01,2003,A|DE|REACH|TOTAL|NR|T|ES,,Number,Eurostat,https://ec.europa.eu/eurostat/api/dissemination/statistics/1.0/data/migr_imm1ctz?geo=ES&age=TOTAL&sex=T&agedef=REACH,A,DE,REACH,TOTAL,NR,T,ES
2004-01-01,2004,A|DE|REACH|TOTAL|NR|T|ES,13967.0,Number,Eurostat,https://ec.europa.eu/eurostat/api/dissemination/statistics/1.0/data/migr_imm1ctz?geo=ES&age=TOTAL&sex=T&agedef=REACH,A,DE,REACH,TOTAL,NR,T,ES
2005-01-01,2005,A|DE|REACH|TOTAL|NR|T|ES,15220.0,Number,Eurostat,https://ec.europa.eu/eurostat/api/dissemination/statistics/1.0/data/migr_imm1ctz?geo=ES&age=TOTAL&sex=T&agedef=REACH,A,DE,REACH,TOTAL,NR,T,ES
2006-01-01,2006,A|DE|REACH|TOTAL|NR|T|ES,16906.0,Number,Eurostat,https://ec.europa.eu/eurostat/api/dissemination/statistics/1.0/data/migr_imm1ctz?geo=ES&age=TOTAL&sex=T&agedef=REACH,A,DE,REACH,TOTAL,NR,T,ES
2007-01-01,2007,A|DE|REACH|TOTAL|NR|T|ES,17815.0,Number,Eurostat,https://ec.europa.eu/eurostat/api/dissemination/statistics/1.0/data/migr_imm1ctz?geo=ES&age=TOTAL&sex=T&agedef=REACH,A,DE,REACH,TOTAL,NR,T,ES
2008-01-01,2008,A|DE|REACH|TOTAL|NR|T|ES,11289.0,Number,Eurostat,https://ec.europa.eu/eurostat/api/dissemination/statistics/1.0/data/migr_imm1ctz?geo=ES&age=TOTAL&sex=T&agedef=REACH,A,DE,REACH,TOTAL,NR,T,ES
2009-01-01,2009,A|DE|REACH|TOTAL|NR|T|ES,9271.0,Number,Eurostat,https://ec.europa.eu/eurostat/api/dissemination/statistics/1.0/data/migr_imm1ctz?geo=ES&age=TOTAL&sex=T&agedef=REACH,A,DE,REACH,TOTAL,NR,T,ES
2010-01-01,2010,A|DE|REACH|TOTAL|NR|T|ES,8323.0,Number,Eurostat,https://ec.europa.eu/eurostat/api/dissemination/statistics/1.0/data/migr_imm1ctz?geo=ES&age=TOTAL&sex=T&agedef=REACH,A,DE,REACH,TOTAL,NR,T,ES
2011-01-01,2011,A|DE|REACH|TOTAL|NR|T|ES,8270.0,Number,Eurostat,https://ec.europa.eu/eurostat/api/dissemination/statistics/1.0/data/migr_imm1ctz?geo=ES&age=TOTAL&sex=T&agedef=REACH,A,DE,REACH,TOTAL,NR,T,ES
2012-01-01,2012,A|DE|REACH|TOTAL|NR|T|ES,8008.0,Number,Eurostat,https://ec.europa.eu/eurostat/api/dissemination/statistics/1.0/data/migr_imm1ctz?geo=ES&age=TOTAL&sex=T&agedef=REACH,A,DE,REACH,TOTAL,NR,T,ES
2013-01-01,2013,A|DE|REACH|TOTAL|NR|T|ES,7241.0,Number,Eurostat,https://ec.europa.eu/eurostat/api/dissemination/statistics/1.0/data/migr_imm1ctz?geo=ES&age=TOTAL&sex=T&agedef=REACH,A,DE,REACH,TOTAL,NR,T,ES
2014-01-01,2014,A|DE|REACH|TOTAL|NR|T|ES,6823.0,Number,Eurostat,https://ec.europa.eu/eurostat/api/dissemination/statistics/1.0/data/migr_imm1ctz?geo=ES&age=TOTAL&sex=T&agedef=REACH,A,DE,REACH,TOTAL,NR,T,ES
2015-01-01,2015,A|DE|REACH|TOTAL|NR|T|ES,6745.0,Number,Eurostat,https://ec.europa.eu/eurostat/api/dissemination/statistics/1.0/data/migr_imm1ctz?geo=ES&age=TOTAL&sex=T&agedef=REACH,A,DE,REACH,TOTAL,NR,T,ES
2016-01-01,2016,A|DE|REACH|TOTAL|NR|T|ES,7253.0,Number,Eurostat,https://ec.europa.eu/eurostat/api/dissemination/statistics/1.0/data/migr_imm1ctz?geo=ES&age=TOTAL&sex=T&agedef=REACH,A,DE,REACH,TOTAL,NR,T,ES
2017-01-01,2017,A|DE|REACH|TOTAL|NR|T|ES,9085.0,Number,Eurostat,https://ec.europa.eu/eurostat/api/dissemination/statistics/1.0/data/migr_imm1ctz?geo=ES&age=TOTAL&sex=T&agedef=REACH,A,DE,REACH,TOTAL,NR,T,ES
2018-01-01,2018,A|DE|REACH|TOTAL|NR|T|ES,9414.0,Number,Eurostat,https://ec.europa.eu/eurostat/api/dissemination/statistics/1.0/data/migr_imm1ctz?geo=ES&age=TOTAL&sex=T&agedef=REACH,A,DE,REACH,TOTAL,NR,T,ES
2019-01-01,2019,A|DE|REACH|TOTAL|NR|T|ES,9428.0,Number,Eurostat,https://ec.europa.eu/eurostat/api/dissemination/statistics/1.0/data/migr_imm1ctz?geo=ES&age=TOTAL&sex=T&agedef=REACH,A,DE,REACH,TOTAL,NR,T,ES
2020-01-01,2020,A|DE|REACH|TOTAL|NR|T|ES,7855.0,Number,Eurostat,https://ec.europa.eu/eurostat/api/dissemination/statistics/1.0/data/migr_imm1ctz?geo=ES&age=TOTAL&sex=T&agedef=REACH,A,DE,REACH,TOTAL,NR,T,ES
2021-01-01,2021,A|DE|REACH|TOTAL|NR|T|ES,19985.0,Number,Eurostat,https://ec.europa.eu/eurostat/api/dissemination/statistics/1.0/data/migr_imm1ctz?geo=ES&age=TOTAL&sex=T&agedef=REACH,A,DE,REACH,TOTAL,NR,T,ES
2022-01-01,2022,A|DE|REACH|TOTAL|NR|T|ES,17110.0,Number,Eurostat,https://ec.europa.eu/eurostat/api/dissemination/statistics/1.0/data/migr_imm1ctz?geo=ES&age=TOTAL&sex=T&agedef=REACH,A,DE,REACH,TOTAL,NR,T,ES
2023-01-01,2023,A|DE|REACH|TOTAL|NR|T|ES,17445.0,Number,Eurostat,https://ec.europa.eu/eurostat/api/dissemination/statistics/1.0/data/migr_imm1ctz?geo=ES&age=TOTAL&sex=T&agedef=REACH,A,DE,REACH,TOTAL,NR,T,ES
2024-01-01,2024,A|DE|REACH|TOTAL|NR|T|ES,16886.0,Number,Eurostat,https://ec.europa.eu/eurostat/api/dissemination/statistics/1.0/data/migr_imm1ctz?geo=ES&age=TOTAL&sex=T&agedef=REACH,A,DE,REACH,TOTAL,NR,T,ES
1998-01-01,1998,A|DJ|REACH|TOTAL|NR|T|ES,0.0,Number,Eurostat,https://ec.europa.eu/eurostat/api/dissemination/statistics/1.0/data/migr_imm1ctz?geo=ES&age=TOTAL&sex=T&agedef=REACH,A,DJ,REACH,TOTAL,NR,T,ES
1999-01-01,1999,A|DJ|REACH|TOTAL|NR|T|ES,1.0,Number,Eurostat,https://ec.europa.eu/eurostat/api/dissemination/statistics/1.0/data/migr_imm1ctz?geo=ES&age=TOTAL&sex=T&agedef=REACH,A,DJ,REACH,TOTAL,NR,T,ES
2000-01-01,2000,A|DJ|REACH|TOTAL|NR|T|ES,2.0,Number,Eurostat,https://ec.europa.eu/eurostat/api/dissemination/statistics/1.0/data/migr_imm1ctz?geo=ES&age=TOTAL&sex=T&agedef=REACH,A,DJ,REACH,TOTAL,NR,T,ES
2001-01-01,2001,A|DJ|REACH|TOTAL|NR|T|ES,2.0,Number,Eurostat,https://ec.europa.eu/eurostat/api/dissemination/statistics/1.0/data/migr_imm1ctz?geo=ES&age=TOTAL&sex=T&agedef=REACH,A,DJ,REACH,TOTAL,NR,T,ES
2002-01-01,2002,A|DJ|REACH|TOTAL|NR|T|ES,5.0,Number,Eurostat,https://ec.europa.eu/eurostat/api/dissemination/statistics/1.0/data/migr_imm1ctz?geo=ES&age=TOTAL&sex=T&agedef=REACH,A,DJ,REACH,TOTAL,NR,T,ES
2003-01-01,2003,A|DJ|REACH|TOTAL|NR|T|ES,,Number,Eurostat,https://ec.europa.eu/eurostat/api/dissemination/statistics/1.0/data/migr_imm1ctz?geo=ES&age=TOTAL&sex=T&agedef=REACH,A,DJ,REACH,TOTAL,NR,T,ES
2004-01-01,2004,A|DJ|REACH|TOTAL|NR|T|ES,0.0,Number,Eurostat,https://ec.europa.eu/eurostat/api/dissemination/statistics/1.0/data/migr_imm1ctz?geo=ES&age=TOTAL&sex=T&agedef=REACH,A,DJ,REACH,TOTAL,NR,T,ES
2005-01-01,2005,A|DJ|REACH|TOTAL|NR|T|ES,1.0,Number,Eurostat,https://ec.europa.eu/eurostat/api/dissemination/statistics/1.0/data/migr_imm1ctz?geo=ES&age=TOTAL&sex=T&agedef=REACH,A,DJ,REACH,TOTAL,NR,T,ES
2006-01-01,2006,A|DJ|REACH|TOTAL|NR|T|ES,0.0,Number,Eurostat,https://ec.europa.eu/eurostat/api/dissemination/statistics/1.0/data/migr_imm1ctz?geo=ES&age=TOTAL&sex=T&agedef=REACH,A,DJ,REACH,TOTAL,NR,T,ES
2007-01-01,2007,A|DJ|REACH|TOTAL|NR|T|ES,1.0,Number,Eurostat,https://ec.europa.eu/eurostat/api/dissemination/statistics/1.0/data/migr_imm1ctz?geo=ES&age=TOTAL&sex=T&agedef=REACH,A,DJ,REACH,TOTAL,NR,T,ES
1998-01-01,1998,A|DK|REACH|TOTAL|NR|T|ES,311.0,Number,Eurostat,https://ec.europa.eu/eurostat/api/dissemination/statistics/1.0/data/migr_imm1ctz?geo=ES&age=TOTAL&sex=T&agedef=REACH,A,DK,REACH,TOTAL,NR,T,ES
1999-01-01,1999,A|DK|REACH|TOTAL|NR|T|ES,437.0,Number,Eurostat,https://ec.europa.eu/eurostat/api/dissemination/statistics/1.0/data/migr_imm1ctz?geo=ES&age=TOTAL&sex=T&agedef=REACH,A,DK,REACH,TOTAL,NR,T,ES
2000-01-01,2000,A|DK|REACH|TOTAL|NR|T|ES,516.0,Number,Eurostat,https://ec.europa.eu/eurostat/api/dissemination/statistics/1.0/data/migr_imm1ctz?geo=ES&age=TOTAL&sex=T&agedef=REACH,A,DK,REACH,TOTAL,NR,T,ES
2001-01-01,2001,A|DK|REACH|TOTAL|NR|T|ES,608.0,Number,Eurostat,https://ec.europa.eu/eurostat/api/dissemination/statistics/1.0/data/migr_imm1ctz?geo=ES&age=TOTAL&sex=T&agedef=REACH,A,DK,REACH,TOTAL,NR,T,ES
2002-01-01,2002,A|DK|REACH|TOTAL|NR|T|ES,691.0,Number,Eurostat,https://ec.europa.eu/eurostat/api/dissemination/statistics/1.0/data/migr_imm1ctz?geo=ES&age=TOTAL&sex=T&agedef=REACH,A,DK,REACH,TOTAL,NR,T,ES
2003-01-01,2003,A|DK|REACH|TOTAL|NR|T|ES,,Number,Eurostat,https://ec.europa.eu/eurostat/api/dissemination/statistics/1.0/data/migr_imm1ctz?geo=ES&age=TOTAL&sex=T&agedef=REACH,A,DK,REACH,TOTAL,NR,T,ES
2004-01-01,2004,A|DK|REACH|TOTAL|NR|T|ES,1056.0,Number,Eurostat,https://ec.europa.eu/eurostat/api/dissemination/statistics/1.0/data/migr_imm1ctz?geo=ES&age=TOTAL&sex=T&agedef=REACH,A,DK,REACH,TOTAL,NR,T,ES
2005-01-01,2005,A|DK|REACH|TOTAL|NR|T|ES,1100.0,Number,Eurostat,https://ec.europa.eu/eurostat/api/dissemination/statistics/1.0/data/migr_imm1ctz?geo=ES&age=TOTAL&sex=T&agedef=REACH,A,DK,REACH,TOTAL,NR,T,ES
2006-01-01,2006,A|DK|REACH|TOTAL|NR|T|ES,1135.0,Number,Eurostat,https://ec.europa.eu/eurostat/api/dissemination/statistics/1.0/data/migr_imm1ctz?geo=ES&age=TOTAL&sex=T&agedef=REACH,A,DK,REACH,TOTAL,NR,T,ES
2007-01-01,2007,A|DK|REACH|TOTAL|NR|T|ES,1319.0,Number,Eurostat,https://ec.europa.eu/eurostat/api/dissemination/statistics/1.0/data/migr_imm1ctz?geo=ES&age=TOTAL&sex=T&agedef=REACH,A,DK,REACH,TOTAL,NR,T,ES
2008-01-01,2008,A|DK|REACH|TOTAL|NR|T|ES,727.0,Number,Eurostat,https://ec.europa.eu/eurostat/api/dissemination/statistics/1.0/data/migr_imm1ctz?geo=ES&age=TOTAL&sex=T&agedef=REACH,A,DK,REACH,TOTAL,NR,T,ES
2009-01-01,2009,A|DK|REACH|TOTAL|NR|T|ES,585.0,Number,Eurostat,https://ec.europa.eu/eurostat/api/dissemination/statistics/1.0/data/migr_imm1ctz?geo=ES&age=TOTAL&sex=T&agedef=REACH,A,DK,REACH,TOTAL,NR,T,ES
2010-01-01,2010,A|DK|REACH|TOTAL|NR|T|ES,637.0,Number,Eurostat,https://ec.europa.eu/eurostat/api/dissemination/statistics/1.0/data/migr_imm1ctz?geo=ES&age=TOTAL&sex=T&agedef=REACH,A,DK,REACH,TOTAL,NR,T,ES
2011-01-01,2011,A|DK|REACH|TOTAL|NR|T|ES,654.0,Number,Eurostat,https://ec.europa.eu/eurostat/api/dissemination/statistics/1.0/data/migr_imm1ctz?geo=ES&age=TOTAL&sex=T&agedef=REACH,A,DK,REACH,TOTAL,NR,T,ES
2012-01-01,2012,A|DK|REACH|TOTAL|NR|T|ES,771.0,Number,Eurostat,https://ec.europa.eu/eurostat/api/dissemination/statistics/1.0/data/migr_imm1ctz?geo=ES&age=TOTAL&sex=T&agedef=REACH,A,DK,REACH,TOTAL,NR,T,ES
2013-01-01,2013,A|DK|REACH|TOTAL|NR|T|ES,668.0,Number,Eurostat,https://ec.europa.eu/eurostat/api/dissemination/statistics/1.0/data/migr_imm1ctz?geo=ES&age=TOTAL&sex=T&agedef=REACH,A,DK,REACH,TOTAL,NR,T,ES
2014-01-01,2014,A|DK|REACH|TOTAL|NR|T|ES,707.0,Number,Eurostat,https://ec.europa.eu/eurostat/api/dissemination/statistics/1.0/data/migr_imm1ctz?geo=ES&age=TOTAL&sex=T&agedef=REACH,A,DK,REACH,TOTAL,NR,T,ES
2015-01-01,2015,A|DK|REACH|TOTAL|NR|T|ES,707.0,Number,Eurostat,https://ec.europa.eu/eurostat/api/dissemination/statistics/1.0/data/migr_imm1ctz?geo=ES&age=TOTAL&sex=T&agedef=REACH,A,DK,REACH,TOTAL,NR,T,ES
2016-01-01,2016,A|DK|REACH|TOTAL|NR|T|ES,737.0,Number,Eurostat,https://ec.europa.eu/eurostat/api/dissemination/statistics/1.0/data/migr_imm1ctz?geo=ES&age=TOTAL&sex=T&agedef=REACH,A,DK,REACH,TOTAL,NR,T,ES
2017-01-01,2017,A|DK|REACH|TOTAL|NR|T|ES,882.0,Number,Eurostat,https://ec.europa.eu/eurostat/api/dissemination/statistics/1.0/data/migr_imm1ctz?geo=ES&age=TOTAL&sex=T&agedef=REACH,A,DK,REACH,TOTAL,NR,T,ES
2018-01-01,2018,A|DK|REACH|TOTAL|NR|T|ES,922.0,Number,Eurostat,https://ec.europa.eu/eurostat/api/dissemination/statistics/1.0/data/migr_imm1ctz?geo=ES&age=TOTAL&sex=T&agedef=REACH,A,DK,REACH,TOTAL,NR,T,ES
2019-01-01,2019,A|DK|REACH|TOTAL|NR|T|ES,901.0,Number,Eurostat,https://ec.europa.eu/eurostat/api/dissemination/statistics/1.0/data/migr_imm1ctz?geo=ES&age=TOTAL&sex=T&agedef=REACH,A,DK,REACH,TOTAL,NR,T,ES
2020-01-01,2020,A|DK|REACH|TOTAL|NR|T|ES,601.0,Number,Eurostat,https://ec.europa.eu/eurostat/api/dissemination/statistics/1.0/data/migr_imm1ctz?geo=ES&age=TOTAL&sex=T&agedef=REACH,A,DK,REACH,TOTAL,NR,T,ES
2021-01-01,2021,A|DK|REACH|TOTAL|NR|T|ES,1491.0,Number,Eurostat,https://ec.europa.eu/eurostat/api/dissemination/statistics/1.0/data/migr_imm1ctz?geo=ES&age=TOTAL&sex=T&agedef=REACH,A,DK,REACH,TOTAL,NR,T,ES
2022-01-01,2022,A|DK|REACH|TOTAL|NR|T|ES,1278.0,Number,Eurostat,https://ec.europa.eu/eurostat/api/dissemination/statistics/1.0/data/migr_imm1ctz?geo=ES&age=TOTAL&sex=T&agedef=REACH,A,DK,REACH,TOTAL,NR,T,ES
2023-01-01,2023,A|DK|REACH|TOTAL|NR|T|ES,1192.0,Number,Eurostat,https://ec.europa.eu/eurostat/api/dissemination/statistics/1.0/data/migr_imm1ctz?geo=ES&age=TOTAL&sex=T&agedef=REACH,A,DK,REACH,TOTAL,NR,T,ES
2024-01-01,2024,A|DK|REACH|TOTAL|NR|T|ES,1181.0,Number,Eurostat,https://ec.europa.eu/eurostat/api/dissemination/statistics/1.0/data/migr_imm1ctz?geo=ES&age=TOTAL&sex=T&agedef=REACH,A,DK,REACH,TOTAL,NR,T,ES
1998-01-01,1998,A|DM|REACH|TOTAL|NR|T|ES,0.0,Number,Eurostat,https://ec.europa.eu/eurostat/api/dissemination/statistics/1.0/data/migr_imm1ctz?geo=ES&age=TOTAL&sex=T&agedef=REACH,A,DM,REACH,TOTAL,NR,T,ES
1999-01-01,1999,A|DM|REACH|TOTAL|NR|T|ES,0.0,Number,Eurostat,https://ec.europa.eu/eurostat/api/dissemination/statistics/1.0/data/migr_imm1ctz?geo=ES&age=TOTAL&sex=T&agedef=REACH,A,DM,REACH,TOTAL,NR,T,ES
2000-01-01,2000,A|DM|REACH|TOTAL|NR|T|ES,118.0,Number,Eurostat,https://ec.europa.eu/eurostat/api/dissemination/statistics/1.0/data/migr_imm1ctz?geo=ES&age=TOTAL&sex=T&agedef=REACH,A,DM,REACH,TOTAL,NR,T,ES
2001-01-01,2001,A|DM|REACH|TOTAL|NR|T|ES,105.0,Number,Eurostat,https://ec.europa.eu/eurostat/api/dissemination/statistics/1.0/data/migr_imm1ctz?geo=ES&age=TOTAL&sex=T&agedef=REACH,A,DM,REACH,TOTAL,NR,T,ES
2002-01-01,2002,A|DM|REACH|TOTAL|NR|T|ES,47.0,Number,Eurostat,https://ec.europa.eu/eurostat/api/dissemination/statistics/1.0/data/migr_imm1ctz?geo=ES&age=TOTAL&sex=T&agedef=REACH,A,DM,REACH,TOTAL,NR,T,ES
2003-01-01,2003,A|DM|REACH|TOTAL|NR|T|ES,,Number,Eurostat,https://ec.europa.eu/eurostat/api/dissemination/statistics/1.0/data/migr_imm1ctz?geo=ES&age=TOTAL&sex=T&agedef=REACH,A,DM,REACH,TOTAL,NR,T,ES
2004-01-01,2004,A|DM|REACH|TOTAL|NR|T|ES,127.0,Number,Eurostat,https://ec.europa.eu/eurostat/api/dissemination/statistics/1.0/data/migr_imm1ctz?geo=ES&age=TOTAL&sex=T&agedef=REACH,A,DM,REACH,TOTAL,NR,T,ES
2005-01-01,2005,A|DM|REACH|TOTAL|NR|T|ES,126.0,Number,Eurostat,https://ec.europa.eu/eurostat/api/dissemination/statistics/1.0/data/migr_imm1ctz?geo=ES&age=TOTAL&sex=T&agedef=REACH,A,DM,REACH,TOTAL,NR,T,ES
2006-01-01,2006,A|DM|REACH|TOTAL|NR|T|ES,87.0,Number,Eurostat,https://ec.europa.eu/eurostat/api/dissemination/statistics/1.0/data/migr_imm1ctz?geo=ES&age=TOTAL&sex=T&agedef=REACH,A,DM,REACH,TOTAL,NR,T,ES
2007-01-01,2007,A|DM|REACH|TOTAL|NR|T|ES,163.0,Number,Eurostat,https://ec.europa.eu/eurostat/api/dissemination/statistics/1.0/data/migr_imm1ctz?geo=ES&age=TOTAL&sex=T&agedef=REACH,A,DM,REACH,TOTAL,NR,T,ES
1998-01-01,1998,A|DO|REACH|TOTAL|NR|T|ES,2163.0,Number,Eurostat,https://ec.europa.eu/eurostat/api/dissemination/statistics/1.0/data/migr_imm1ctz?geo=ES&age=TOTAL&sex=T&agedef=REACH,A,DO,REACH,TOTAL,NR,T,ES
1999-01-01,1999,A|DO|REACH|TOTAL|NR|T|ES,2899.0,Number,Eurostat,https://ec.europa.eu/eurostat/api/dissemination/statistics/1.0/data/migr_imm1ctz?geo=ES&age=TOTAL&sex=T&agedef=REACH,A,DO,REACH,TOTAL,NR,T,ES
2000-01-01,2000,A|DO|REACH|TOTAL|NR|T|ES,5537.0,Number,Eurostat,https://ec.europa.eu/eurostat/api/dissemination/statistics/1.0/data/migr_imm1ctz?geo=ES&age=TOTAL&sex=T&agedef=REACH,A,DO,REACH,TOTAL,NR,T,ES
2001-01-01,2001,A|DO|REACH|TOTAL|NR|T|ES,5375.0,Number,Eurostat,https://ec.europa.eu/eurostat/api/dissemination/statistics/1.0/data/migr_imm1ctz?geo=ES&age=TOTAL&sex=T&agedef=REACH,A,DO,REACH,TOTAL,NR,T,ES
2002-01-01,2002,A|DO|REACH|TOTAL|NR|T|ES,5458.0,Number,Eurostat,https://ec.europa.eu/eurostat/api/dissemination/statistics/1.0/data/migr_imm1ctz?geo=ES&age=TOTAL&sex=T&agedef=REACH,A,DO,REACH,TOTAL,NR,T,ES
2003-01-01,2003,A|DO|REACH|TOTAL|NR|T|ES,,Number,Eurostat,https://ec.europa.eu/eurostat/api/dissemination/statistics/1.0/data/migr_imm1ctz?geo=ES&age=TOTAL&sex=T&agedef=REACH,A,DO,REACH,TOTAL,NR,T,ES
2004-01-01,2004,A|DO|REACH|TOTAL|NR|T|ES,10299.0,Number,Eurostat,https://ec.europa.eu/eurostat/api/dissemination/statistics/1.0/data/migr_imm1ctz?geo=ES&age=TOTAL&sex=T&agedef=REACH,A,DO,REACH,TOTAL,NR,T,ES
2005-01-01,2005,A|DO|REACH|TOTAL|NR|T|ES,12208.0,Number,Eurostat,https://ec.europa.eu/eurostat/api/dissemination/statistics/1.0/data/migr_imm1ctz?geo=ES&age=TOTAL&sex=T&agedef=REACH,A,DO,REACH,TOTAL,NR,T,ES
2006-01-01,2006,A|DO|REACH|TOTAL|NR|T|ES,14652.0,Number,Eurostat,https://ec.europa.eu/eurostat/api/dissemination/statistics/1.0/data/migr_imm1ctz?geo=ES&age=TOTAL&sex=T&agedef=REACH,A,DO,REACH,TOTAL,NR,T,ES
2007-01-01,2007,A|DO|REACH|TOTAL|NR|T|ES,18068.0,Number,Eurostat,https://ec.europa.eu/eurostat/api/dissemination/statistics/1.0/data/migr_imm1ctz?geo=ES&age=TOTAL&sex=T&agedef=REACH,A,DO,REACH,TOTAL,NR,T,ES
2008-01-01,2008,A|DO|REACH|TOTAL|NR|T|ES,16211.0,Number,Eurostat,https://ec.europa.eu/eurostat/api/dissemination/statistics/1.0/data/migr_imm1ctz?geo=ES&age=TOTAL&sex=T&agedef=REACH,A,DO,REACH,TOTAL,NR,T,ES
2009-01-01,2009,A|DO|REACH|TOTAL|NR|T|ES,9486.0,Number,Eurostat,https://ec.europa.eu/eurostat/api/dissemination/statistics/1.0/data/migr_imm1ctz?geo=ES&age=TOTAL&sex=T&agedef=REACH,A,DO,REACH,TOTAL,NR,T,ES
2010-01-01,2010,A|DO|REACH|TOTAL|NR|T|ES,6911.0,Number,Eurostat,https://ec.europa.eu/eurostat/api/dissemination/statistics/1.0/data/migr_imm1ctz?geo=ES&age=TOTAL&sex=T&agedef=REACH,A,DO,REACH,TOTAL,NR,T,ES
2011-01-01,2011,A|DO|REACH|TOTAL|NR|T|ES,10361.0,Number,Eurostat,https://ec.europa.eu/eurostat/api/dissemination/statistics/1.0/data/migr_imm1ctz?geo=ES&age=TOTAL&sex=T&agedef=REACH,A,DO,REACH,TOTAL,NR,T,ES
2012-01-01,2012,A|DO|REACH|TOTAL|NR|T|ES,9977.0,Number,Eurostat,https://ec.europa.eu/eurostat/api/dissemination/statistics/1.0/data/migr_imm1ctz?geo=ES&age=TOTAL&sex=T&agedef=REACH,A,DO,REACH,TOTAL,NR,T,ES
2013-01-01,2013,A|DO|REACH|TOTAL|NR|T|ES,8118.0,Number,Eurostat,https://ec.europa.eu/eurostat/api/dissemination/statistics/1.0/data/migr_imm1ctz?geo=ES&age=TOTAL&sex=T&agedef=REACH,A,DO,REACH,TOTAL,NR,T,ES
2014-01-01,2014,A|DO|REACH|TOTAL|NR|T|ES,7675.0,Number,Eurostat,https://ec.europa.eu/eurostat/api/dissemination/statistics/1.0/data/migr_imm1ctz?geo=ES&age=TOTAL&sex=T&agedef=REACH,A,DO,REACH,TOTAL,NR,T,ES
2015-01-01,2015,A|DO|REACH|TOTAL|NR|T|ES,6705.0,Number,Eurostat,https://ec.europa.eu/eurostat/api/dissemination/statistics/1.0/data/migr_imm1ctz?geo=ES&age=TOTAL&sex=T&agedef=REACH,A,DO,REACH,TOTAL,NR,T,ES
2016-01-01,2016,A|DO|REACH|TOTAL|NR|T|ES,8058.0,Number,Eurostat,https://ec.europa.eu/eurostat/api/dissemination/statistics/1.0/data/migr_imm1ctz?geo=ES&age=TOTAL&sex=T&agedef=REACH,A,DO,REACH,TOTAL,NR,T,ES
2017-01-01,2017,A|DO|REACH|TOTAL|NR|T|ES,9284.0,Number,Eurostat,https://ec.europa.eu/eurostat/api/dissemination/statistics/1.0/data/migr_imm1ctz?geo=ES&age=TOTAL&sex=T&agedef=REACH,A,DO,REACH,TOTAL,NR,T,ES
2018-01-01,2018,A|DO|REACH|TOTAL|NR|T|ES,8482.0,Number,Eurostat,https://ec.europa.eu/eurostat/api/dissemination/statistics/1.0/data/migr_imm1ctz?geo=ES&age=TOTAL&sex=T&agedef=REACH,A,DO,REACH,TOTAL,NR,T,ES
2019-01-01,2019,A|DO|REACH|TOTAL|NR|T|ES,8657.0,Number,Eurostat,https://ec.europa.eu/eurostat/api/dissemination/statistics/1.0/data/migr_imm1ctz?geo=ES&age=TOTAL&sex=T&agedef=REACH,A,DO,REACH,TOTAL,NR,T,ES
2020-01-01,2020,A|DO|REACH|TOTAL|NR|T|ES,5144.0,Number,Eurostat,https://ec.europa.eu/eurostat/api/dissemination/statistics/1.0/data/migr_imm1ctz?geo=ES&age=TOTAL&sex=T&agedef=REACH,A,DO,REACH,TOTAL,NR,T,ES
2021-01-01,2021,A|DO|REACH|TOTAL|NR|T|ES,9619.0,Number,Eurostat,https://ec.europa.eu/eurostat/api/dissemination/statistics/1.0/data/migr_imm1ctz?geo=ES&age=TOTAL&sex=T&agedef=REACH,A,DO,REACH,TOTAL,NR,T,ES
2022-01-01,2022,A|DO|REACH|TOTAL|NR|T|ES,10877.0,Number,Eurostat,https://ec.europa.eu/eurostat/api/dissemination/statistics/1.0/data/migr_imm1ctz?geo=ES&age=TOTAL&sex=T&agedef=REACH,A,DO,REACH,TOTAL,NR,T,ES
2023-01-01,2023,A|DO|REACH|TOTAL|NR|T|ES,11578.0,Number,Eurostat,https://ec.europa.eu/eurostat/api/dissemination/statistics/1.0/data/migr_imm1ctz?geo=ES&age=TOTAL&sex=T&agedef=REACH,A,DO,REACH,TOTAL,NR,T,ES
2024-01-01,2024,A|DO|REACH|TOTAL|NR|T|ES,11013.0,Number,Eurostat,https://ec.europa.eu/eurostat/api/dissemination/statistics/1.0/data/migr_imm1ctz?geo=ES&age=TOTAL&sex=T&agedef=REACH,A,DO,REACH,TOTAL,NR,T,ES
1998-01-01,1998,A|DZ|REACH|TOTAL|NR|T|ES,661.0,Number,Eurostat,https://ec.europa.eu/eurostat/api/dissemination/statistics/1.0/data/migr_imm1ctz?geo=ES&age=TOTAL&sex=T&agedef=REACH,A,DZ,REACH,TOTAL,NR,T,ES
1999-01-01,1999,A|DZ|REACH|TOTAL|NR|T|ES,1188.0,Number,Eurostat,https://ec.europa.eu/eurostat/api/dissemination/statistics/1.0/data/migr_imm1ctz?geo=ES&age=TOTAL&sex=T&agedef=REACH,A,DZ,REACH,TOTAL,NR,T,ES
2000-01-01,2000,A|DZ|REACH|TOTAL|NR|T|ES,3915.0,Number,Eurostat,https://ec.europa.eu/eurostat/api/dissemination/statistics/1.0/data/migr_imm1ctz?geo=ES&age=TOTAL&sex=T&agedef=REACH,A,DZ,REACH,TOTAL,NR,T,ES
2001-01-01,2001,A|DZ|REACH|TOTAL|NR|T|ES,5209.0,Number,Eurostat,https://ec.europa.eu/eurostat/api/dissemination/statistics/1.0/data/migr_imm1ctz?geo=ES&age=TOTAL&sex=T&agedef=REACH,A,DZ,REACH,TOTAL,NR,T,ES
2002-01-01,2002,A|DZ|REACH|TOTAL|NR|T|ES,3919.0,Number,Eurostat,https://ec.europa.eu/eurostat/api/dissemination/statistics/1.0/data/migr_imm1ctz?geo=ES&age=TOTAL&sex=T&agedef=REACH,A,DZ,REACH,TOTAL,NR,T,ES
2003-01-01,2003,A|DZ|REACH|TOTAL|NR|T|ES,,Number,Eurostat,https://ec.europa.eu/eurostat/api/dissemination/statistics/1.0/data/migr_imm1ctz?geo=ES&age=TOTAL&sex=T&agedef=REACH,A,DZ,REACH,TOTAL,NR,T,ES
2004-01-01,2004,A|DZ|REACH|TOTAL|NR|T|ES,5908.0,Number,Eurostat,https://ec.europa.eu/eurostat/api/dissemination/statistics/1.0/data/migr_imm1ctz?geo=ES&age=TOTAL&sex=T&agedef=REACH,A,DZ,REACH,TOTAL,NR,T,ES
2005-01-01,2005,A|DZ|REACH|TOTAL|NR|T|ES,6397.0,Number,Eurostat,https://ec.europa.eu/eurostat/api/dissemination/statistics/1.0/data/migr_imm1ctz?geo=ES&age=TOTAL&sex=T&agedef=REACH,A,DZ,REACH,TOTAL,NR,T,ES
2006-01-01,2006,A|DZ|REACH|TOTAL|NR|T|ES,7144.0,Number,Eurostat,https://ec.europa.eu/eurostat/api/dissemination/statistics/1.0/data/migr_imm1ctz?geo=ES&age=TOTAL&sex=T&agedef=REACH,A,DZ,REACH,TOTAL,NR,T,ES
2007-01-01,2007,A|DZ|REACH|TOTAL|NR|T|ES,8007.0,Number,Eurostat,https://ec.europa.eu/eurostat/api/dissemination/statistics/1.0/data/migr_imm1ctz?geo=ES&age=TOTAL&sex=T&agedef=REACH,A,DZ,REACH,TOTAL,NR,T,ES
2008-01-01,2008,A|DZ|REACH|TOTAL|NR|T|ES,5523.0,Number,Eurostat,https://ec.europa.eu/eurostat/api/dissemination/statistics/1.0/data/migr_imm1ctz?geo=ES&age=TOTAL&sex=T&agedef=REACH,A,DZ,REACH,TOTAL,NR,T,ES
2009-01-01,2009,A|DZ|REACH|TOTAL|NR|T|ES,4314.0,Number,Eurostat,https://ec.europa.eu/eurostat/api/dissemination/statistics/1.0/data/migr_imm1ctz?geo=ES&age=TOTAL&sex=T&agedef=REACH,A,DZ,REACH,TOTAL,NR,T,ES
2010-01-01,2010,A|DZ|REACH|TOTAL|NR|T|ES,3763.0,Number,Eurostat,https://ec.europa.eu/eurostat/api/dissemination/statistics/1.0/data/migr_imm1ctz?geo=ES&age=TOTAL&sex=T&agedef=REACH,A,DZ,REACH,TOTAL,NR,T,ES
2011-01-01,2011,A|DZ|REACH|TOTAL|NR|T|ES,4259.0,Number,Eurostat,https://ec.europa.eu/eurostat/api/dissemination/statistics/1.0/data/migr_imm1ctz?geo=ES&age=TOTAL&sex=T&agedef=REACH,A,DZ,REACH,TOTAL,NR,T,ES
2012-01-01,2012,A|DZ|REACH|TOTAL|NR|T|ES,4523.0,Number,Eurostat,https://ec.europa.eu/eurostat/api/dissemination/statistics/1.0/data/migr_imm1ctz?geo=ES&age=TOTAL&sex=T&agedef=REACH,A,DZ,REACH,TOTAL,NR,T,ES
2013-01-01,2013,A|DZ|REACH|TOTAL|NR|T|ES,4762.0,Number,Eurostat,https://ec.europa.eu/eurostat/api/dissemination/statistics/1.0/data/migr_imm1ctz?geo=ES&age=TOTAL&sex=T&agedef=REACH,A,DZ,REACH,TOTAL,NR,T,ES
2014-01-01,2014,A|DZ|REACH|TOTAL|NR|T|ES,4534.0,Number,Eurostat,https://ec.europa.eu/eurostat/api/dissemination/statistics/1.0/data/migr_imm1ctz?geo=ES&age=TOTAL&sex=T&agedef=REACH,A,DZ,REACH,TOTAL,NR,T,ES
2015-01-01,2015,A|DZ|REACH|TOTAL|NR|T|ES,4154.0,Number,Eurostat,https://ec.europa.eu/eurostat/api/dissemination/statistics/1.0/data/migr_imm1ctz?geo=ES&age=TOTAL&sex=T&agedef=REACH,A,DZ,REACH,TOTAL,NR,T,ES
2016-01-01,2016,A|DZ|REACH|TOTAL|NR|T|ES,4434.0,Number,Eurostat,https://ec.europa.eu/eurostat/api/dissemination/statistics/1.0/data/migr_imm1ctz?geo=ES&age=TOTAL&sex=T&agedef=REACH,A,DZ,REACH,TOTAL,NR,T,ES
2017-01-01,2017,A|DZ|REACH|TOTAL|NR|T|ES,4774.0,Number,Eurostat,https://ec.europa.eu/eurostat/api/dissemination/statistics/1.0/data/migr_imm1ctz?geo=ES&age=TOTAL&sex=T&agedef=REACH,A,DZ,REACH,TOTAL,NR,T,ES
2018-01-01,2018,A|DZ|REACH|TOTAL|NR|T|ES,6477.0,Number,Eurostat,https://ec.europa.eu/eurostat/api/dissemination/statistics/1.0/data/migr_imm1ctz?geo=ES&age=TOTAL&sex=T&agedef=REACH,A,DZ,REACH,TOTAL,NR,T,ES
2019-01-01,2019,A|DZ|REACH|TOTAL|NR|T|ES,7402.0,Number,Eurostat,https://ec.europa.eu/eurostat/api/dissemination/statistics/1.0/data/migr_imm1ctz?geo=ES&age=TOTAL&sex=T&agedef=REACH,A,DZ,REACH,TOTAL,NR,T,ES
2020-01-01,2020,A|DZ|REACH|TOTAL|NR|T|ES,4287.0,Number,Eurostat,https://ec.europa.eu/eurostat/api/dissemination/statistics/1.0/data/migr_imm1ctz?geo=ES&age=TOTAL&sex=T&agedef=REACH,A,DZ,REACH,TOTAL,NR,T,ES
2021-01-01,2021,A|DZ|REACH|TOTAL|NR|T|ES,9465.0,Number,Eurostat,https://ec.europa.eu/eurostat/api/dissemination/statistics/1.0/data/migr_imm1ctz?geo=ES&age=TOTAL&sex=T&agedef=REACH,A,DZ,REACH,TOTAL,NR,T,ES
2022-01-01,2022,A|DZ|REACH|TOTAL|NR|T|ES,12434.0,Number,Eurostat,https://ec.europa.eu/eurostat/api/dissemination/statistics/1.0/data/migr_imm1ctz?geo=ES&age=TOTAL&sex=T&agedef=REACH,A,DZ,REACH,TOTAL,NR,T,ES
2023-01-01,2023,A|DZ|REACH|TOTAL|NR|T|ES,15064.0,Number,Eurostat,https://ec.europa.eu/eurostat/api/dissemination/statistics/1.0/data/migr_imm1ctz?geo=ES&age=TOTAL&sex=T&agedef=REACH,A,DZ,REACH,TOTAL,NR,T,ES
2024-01-01,2024,A|DZ|REACH|TOTAL|NR|T|ES,22982.0,Number,Eurostat,https://ec.europa.eu/eurostat/api/dissemination/statistics/1.0/data/migr_imm1ctz?geo=ES&age=TOTAL&sex=T&agedef=REACH,A,DZ,REACH,TOTAL,NR,T,ES
1998-01-01,1998,A|EC|REACH|TOTAL|NR|T|ES,1957.0,Number,Eurostat,https://ec.europa.eu/eurostat/api/dissemination/statistics/1.0/data/migr_imm1ctz?geo=ES&age=TOTAL&sex=T&agedef=REACH,A,EC,REACH,TOTAL,NR,T,ES
1999-01-01,1999,A|EC|REACH|TOTAL|NR|T|ES,8992.0,Number,Eurostat,https://ec.europa.eu/eurostat/api/dissemination/statistics/1.0/data/migr_imm1ctz?geo=ES&age=TOTAL&sex=T&agedef=REACH,A,EC,REACH,TOTAL,NR,T,ES
2000-01-01,2000,A|EC|REACH|TOTAL|NR|T|ES,91141.0,Number,Eurostat,https://ec.europa.eu/eurostat/api/dissemination/statistics/1.0/data/migr_imm1ctz?geo=ES&age=TOTAL&sex=T&agedef=REACH,A,EC,REACH,TOTAL,NR,T,ES
2001-01-01,2001,A|EC|REACH|TOTAL|NR|T|ES,82639.0,Number,Eurostat,https://ec.europa.eu/eurostat/api/dissemination/statistics/1.0/data/migr_imm1ctz?geo=ES&age=TOTAL&sex=T&agedef=REACH,A,EC,REACH,TOTAL,NR,T,ES
2002-01-01,2002,A|EC|REACH|TOTAL|NR|T|ES,88967.0,Number,Eurostat,https://ec.europa.eu/eurostat/api/dissemination/statistics/1.0/data/migr_imm1ctz?geo=ES&age=TOTAL&sex=T&agedef=REACH,A,EC,REACH,TOTAL,NR,T,ES
2003-01-01,2003,A|EC|REACH|TOTAL|NR|T|ES,,Number,Eurostat,https://ec.europa.eu/eurostat/api/dissemination/statistics/1.0/data/migr_imm1ctz?geo=ES&age=TOTAL&sex=T&agedef=REACH,A,EC,REACH,TOTAL,NR,T,ES
2004-01-01,2004,A|EC|REACH|TOTAL|NR|T|ES,17202.0,Number,Eurostat,https://ec.europa.eu/eurostat/api/dissemination/statistics/1.0/data/migr_imm1ctz?geo=ES&age=TOTAL&sex=T&agedef=REACH,A,EC,REACH,TOTAL,NR,T,ES
2005-01-01,2005,A|EC|REACH|TOTAL|NR|T|ES,15234.0,Number,Eurostat,https://ec.europa.eu/eurostat/api/dissemination/statistics/1.0/data/migr_imm1ctz?geo=ES&age=TOTAL&sex=T&agedef=REACH,A,EC,REACH,TOTAL,NR,T,ES
2006-01-01,2006,A|EC|REACH|TOTAL|NR|T|ES,21387.0,Number,Eurostat,https://ec.europa.eu/eurostat/api/dissemination/statistics/1.0/data/migr_imm1ctz?geo=ES&age=TOTAL&sex=T&agedef=REACH,A,EC,REACH,TOTAL,NR,T,ES
2007-01-01,2007,A|EC|REACH|TOTAL|NR|T|ES,30162.0,Number,Eurostat,https://ec.europa.eu/eurostat/api/dissemination/statistics/1.0/data/migr_imm1ctz?geo=ES&age=TOTAL&sex=T&agedef=REACH,A,EC,REACH,TOTAL,NR,T,ES
2008-01-01,2008,A|EC|REACH|TOTAL|NR|T|ES,32468.0,Number,Eurostat,https://ec.europa.eu/eurostat/api/dissemination/statistics/1.0/data/migr_imm1ctz?geo=ES&age=TOTAL&sex=T&agedef=REACH,A,EC,REACH,TOTAL,NR,T,ES
2009-01-01,2009,A|EC|REACH|TOTAL|NR|T|ES,13514.0,Number,Eurostat,https://ec.europa.eu/eurostat/api/dissemination/statistics/1.0/data/migr_imm1ctz?geo=ES&age=TOTAL&sex=T&agedef=REACH,A,EC,REACH,TOTAL,NR,T,ES
2010-01-01,2010,A|EC|REACH|TOTAL|NR|T|ES,6941.0,Number,Eurostat,https://ec.europa.eu/eurostat/api/dissemination/statistics/1.0/data/migr_imm1ctz?geo=ES&age=TOTAL&sex=T&agedef=REACH,A,EC,REACH,TOTAL,NR,T,ES
2011-01-01,2011,A|EC|REACH|TOTAL|NR|T|ES,6526.0,Number,Eurostat,https://ec.europa.eu/eurostat/api/dissemination/statistics/1.0/data/migr_imm1ctz?geo=ES&age=TOTAL&sex=T&agedef=REACH,A,EC,REACH,TOTAL,NR,T,ES
2012-01-01,2012,A|EC|REACH|TOTAL|NR|T|ES,5582.0,Number,Eurostat,https://ec.europa.eu/eurostat/api/dissemination/statistics/1.0/data/migr_imm1ctz?geo=ES&age=TOTAL&sex=T&agedef=REACH,A,EC,REACH,TOTAL,NR,T,ES
2013-01-01,2013,A|EC|REACH|TOTAL|NR|T|ES,5262.0,Number,Eurostat,https://ec.europa.eu/eurostat/api/dissemination/statistics/1.0/data/migr_imm1ctz?geo=ES&age=TOTAL&sex=T&agedef=REACH,A,EC,REACH,TOTAL,NR,T,ES
2014-01-01,2014,A|EC|REACH|TOTAL|NR|T|ES,4943.0,Number,Eurostat,https://ec.europa.eu/eurostat/api/dissemination/statistics/1.0/data/migr_imm1ctz?geo=ES&age=TOTAL&sex=T&agedef=REACH,A,EC,REACH,TOTAL,NR,T,ES
2015-01-01,2015,A|EC|REACH|TOTAL|NR|T|ES,5252.0,Number,Eurostat,https://ec.europa.eu/eurostat/api/dissemination/statistics/1.0/data/migr_imm1ctz?geo=ES&age=TOTAL&sex=T&agedef=REACH,A,EC,REACH,TOTAL,NR,T,ES
2016-01-01,2016,A|EC|REACH|TOTAL|NR|T|ES,6762.0,Number,Eurostat,https://ec.europa.eu/eurostat/api/dissemination/statistics/1.0/data/migr_imm1ctz?geo=ES&age=TOTAL&sex=T&agedef=REACH,A,EC,REACH,TOTAL,NR,T,ES
2017-01-01,2017,A|EC|REACH|TOTAL|NR|T|ES,8844.0,Number,Eurostat,https://ec.europa.eu/eurostat/api/dissemination/statistics/1.0/data/migr_imm1ctz?geo=ES&age=TOTAL&sex=T&agedef=REACH,A,EC,REACH,TOTAL,NR,T,ES
2018-01-01,2018,A|EC|REACH|TOTAL|NR|T|ES,9286.0,Number,Eurostat,https://ec.europa.eu/eurostat/api/dissemination/statistics/1.0/data/migr_imm1ctz?geo=ES&age=TOTAL&sex=T&agedef=REACH,A,EC,REACH,TOTAL,NR,T,ES
2019-01-01,2019,A|EC|REACH|TOTAL|NR|T|ES,10654.0,Number,Eurostat,https://ec.europa.eu/eurostat/api/dissemination/statistics/1.0/data/migr_imm1ctz?geo=ES&age=TOTAL&sex=T&agedef=REACH,A,EC,REACH,TOTAL,NR,T,ES
2020-01-01,2020,A|EC|REACH|TOTAL|NR|T|ES,5813.0,Number,Eurostat,https://ec.europa.eu/eurostat/api/dissemination/statistics/1.0/data/migr_imm1ctz?geo=ES&age=TOTAL&sex=T&agedef=REACH,A,EC,REACH,TOTAL,NR,T,ES
2021-01-01,2021,A|EC|REACH|TOTAL|NR|T|ES,12785.0,Number,Eurostat,https://ec.europa.eu/eurostat/api/dissemination/statistics/1.0/data/migr_imm1ctz?geo=ES&age=TOTAL&sex=T&agedef=REACH,A,EC,REACH,TOTAL,NR,T,ES
2022-01-01,2022,A|EC|REACH|TOTAL|NR|T|ES,17996.0,Number,Eurostat,https://ec.europa.eu/eurostat/api/dissemination/statistics/1.0/data/migr_imm1ctz?geo=ES&age=TOTAL&sex=T&agedef=REACH,A,EC,REACH,TOTAL,NR,T,ES
2023-01-01,2023,A|EC|REACH|TOTAL|NR|T|ES,21762.0,Number,Eurostat,https://ec.europa.eu/eurostat/api/dissemination/statistics/1.0/data/migr_imm1ctz?geo=ES&age=TOTAL&sex=T&agedef=REACH,A,EC,REACH,TOTAL,NR,T,ES
2024-01-01,2024,A|EC|REACH|TOTAL|NR|T|ES,24637.0,Number,Eurostat,https://ec.europa.eu/eurostat/api/dissemination/statistics/1.0/data/migr_imm1ctz?geo=ES&age=TOTAL&sex=T&agedef=REACH,A,EC,REACH,TOTAL,NR,T,ES
1998-01-01,1998,A|EE|REACH|TOTAL|NR|T|ES,9.0,Number,Eurostat,https://ec.europa.eu/eurostat/api/dissemination/statistics/1.0/data/migr_imm1ctz?geo=ES&age=TOTAL&sex=T&agedef=REACH,A,EE,REACH,TOTAL,NR,T,ES
1999-01-01,1999,A|EE|REACH|TOTAL|NR|T|ES,17.0,Number,Eurostat,https://ec.europa.eu/eurostat/api/dissemination/statistics/1.0/data/migr_imm1ctz?geo=ES&age=TOTAL&sex=T&agedef=REACH,A,EE,REACH,TOTAL,NR,T,ES
2000-01-01,2000,A|EE|REACH|TOTAL|NR|T|ES,28.0,Number,Eurostat,https://ec.europa.eu/eurostat/api/dissemination/statistics/1.0/data/migr_imm1ctz?geo=ES&age=TOTAL&sex=T&agedef=REACH,A,EE,REACH,TOTAL,NR,T,ES
2001-01-01,2001,A|EE|REACH|TOTAL|NR|T|ES,71.0,Number,Eurostat,https://ec.europa.eu/eurostat/api/dissemination/statistics/1.0/data/migr_imm1ctz?geo=ES&age=TOTAL&sex=T&agedef=REACH,A,EE,REACH,TOTAL,NR,T,ES
2002-01-01,2002,A|EE|REACH|TOTAL|NR|T|ES,99.0,Number,Eurostat,https://ec.europa.eu/eurostat/api/dissemination/statistics/1.0/data/migr_imm1ctz?geo=ES&age=TOTAL&sex=T&agedef=REACH,A,EE,REACH,TOTAL,NR,T,ES
2003-01-01,2003,A|EE|REACH|TOTAL|NR|T|ES,,Number,Eurostat,https://ec.europa.eu/eurostat/api/dissemination/statistics/1.0/data/migr_imm1ctz?geo=ES&age=TOTAL&sex=T&agedef=REACH,A,EE,REACH,TOTAL,NR,T,ES
2004-01-01,2004,A|EE|REACH|TOTAL|NR|T|ES,139.0,Number,Eurostat,https://ec.europa.eu/eurostat/api/dissemination/statistics/1.0/data/migr_imm1ctz?geo=ES&age=TOTAL&sex=T&agedef=REACH,A,EE,REACH,TOTAL,NR,T,ES
2005-01-01,2005,A|EE|REACH|TOTAL|NR|T|ES,144.0,Number,Eurostat,https://ec.europa.eu/eurostat/api/dissemination/statistics/1.0/data/migr_imm1ctz?geo=ES&age=TOTAL&sex=T&agedef=REACH,A,EE,REACH,TOTAL,NR,T,ES
2006-01-01,2006,A|EE|REACH|TOTAL|NR|T|ES,210.0,Number,Eurostat,https://ec.europa.eu/eurostat/api/dissemination/statistics/1.0/data/migr_imm1ctz?geo=ES&age=TOTAL&sex=T&agedef=REACH,A,EE,REACH,TOTAL,NR,T,ES
2007-01-01,2007,A|EE|REACH|TOTAL|NR|T|ES,189.0,Number,Eurostat,https://ec.europa.eu/eurostat/api/dissemination/statistics/1.0/data/migr_imm1ctz?geo=ES&age=TOTAL&sex=T&agedef=REACH,A,EE,REACH,TOTAL,NR,T,ES
2008-01-01,2008,A|EFTA_FOR|REACH|TOTAL|NR|T|ES,2128.0,Number,Eurostat,https://ec.europa.eu/eurostat/api/dissemination/statistics/1.0/data/migr_imm1ctz?geo=ES&age=TOTAL&sex=T&agedef=REACH,A,EFTA_FOR,REACH,TOTAL,NR,T,ES
2009-01-01,2009,A|EFTA_FOR|REACH|TOTAL|NR|T|ES,2106.0,Number,Eurostat,https://ec.europa.eu/eurostat/api/dissemination/statistics/1.0/data/migr_imm1ctz?geo=ES&age=TOTAL&sex=T&agedef=REACH,A,EFTA_FOR,REACH,TOTAL,NR,T,ES
2010-01-01,2010,A|EFTA_FOR|REACH|TOTAL|NR|T|ES,2318.0,Number,Eurostat,https://ec.europa.eu/eurostat/api/dissemination/statistics/1.0/data/migr_imm1ctz?geo=ES&age=TOTAL&sex=T&agedef=REACH,A,EFTA_FOR,REACH,TOTAL,NR,T,ES
2011-01-01,2011,A|EFTA_FOR|REACH|TOTAL|NR|T|ES,2388.0,Number,Eurostat,https://ec.europa.eu/eurostat/api/dissemination/statistics/1.0/data/migr_imm1ctz?geo=ES&age=TOTAL&sex=T&agedef=REACH,A,EFTA_FOR,REACH,TOTAL,NR,T,ES
2012-01-01,2012,A|EFTA_FOR|REACH|TOTAL|NR|T|ES,2356.0,Number,Eurostat,https://ec.europa.eu/eurostat/api/dissemination/statistics/1.0/data/migr_imm1ctz?geo=ES&age=TOTAL&sex=T&agedef=REACH,A,EFTA_FOR,REACH,TOTAL,NR,T,ES
2013-01-01,2013,A|EFTA_FOR|REACH|TOTAL|NR|T|ES,2198.0,Number,Eurostat,https://ec.europa.eu/eurostat/api/dissemination/statistics/1.0/data/migr_imm1ctz?geo=ES&age=TOTAL&sex=T&agedef=REACH,A,EFTA_FOR,REACH,TOTAL,NR,T,ES
2014-01-01,2014,A|EFTA_FOR|REACH|TOTAL|NR|T|ES,2273.0,Number,Eurostat,https://ec.europa.eu/eurostat/api/dissemination/statistics/1.0/data/migr_imm1ctz?geo=ES&age=TOTAL&sex=T&agedef=REACH,A,EFTA_FOR,REACH,TOTAL,NR,T,ES
2015-01-01,2015,A|EFTA_FOR|REACH|TOTAL|NR|T|ES,2241.0,Number,Eurostat,https://ec.europa.eu/eurostat/api/dissemination/statistics/1.0/data/migr_imm1ctz?geo=ES&age=TOTAL&sex=T&agedef=REACH,A,EFTA_FOR,REACH,TOTAL,NR,T,ES
2016-01-01,2016,A|EFTA_FOR|REACH|TOTAL|NR|T|ES,2352.0,Number,Eurostat,https://ec.europa.eu/eurostat/api/dissemination/statistics/1.0/data/migr_imm1ctz?geo=ES&age=TOTAL&sex=T&agedef=REACH,A,EFTA_FOR,REACH,TOTAL,NR,T,ES
2017-01-01,2017,A|EFTA_FOR|REACH|TOTAL|NR|T|ES,2922.0,Number,Eurostat,https://ec.europa.eu/eurostat/api/dissemination/statistics/1.0/data/migr_imm1ctz?geo=ES&age=TOTAL&sex=T&agedef=REACH,A,EFTA_FOR,REACH,TOTAL,NR,T,ES
2018-01-01,2018,A|EFTA_FOR|REACH|TOTAL|NR|T|ES,3049.0,Number,Eurostat,https://ec.europa.eu/eurostat/api/dissemination/statistics/1.0/data/migr_imm1ctz?geo=ES&age=TOTAL&sex=T&agedef=REACH,A,EFTA_FOR,REACH,TOTAL,NR,T,ES
2019-01-01,2019,A|EFTA_FOR|REACH|TOTAL|NR|T|ES,3123.0,Number,Eurostat,https://ec.europa.eu/eurostat/api/dissemination/statistics/1.0/data/migr_imm1ctz?geo=ES&age=TOTAL&sex=T&agedef=REACH,A,EFTA_FOR,REACH,TOTAL,NR,T,ES
2020-01-01,2020,A|EFTA_FOR|REACH|TOTAL|NR|T|ES,2335.0,Number,Eurostat,https://ec.europa.eu/eurostat/api/dissemination/statistics/1.0/data/migr_imm1ctz?geo=ES&age=TOTAL&sex=T&agedef=REACH,A,EFTA_FOR,REACH,TOTAL,NR,T,ES
2021-01-01,2021,A|EFTA_FOR|REACH|TOTAL|NR|T|ES,5552.0,Number,Eurostat,https://ec.europa.eu/eurostat/api/dissemination/statistics/1.0/data/migr_imm1ctz?geo=ES&age=TOTAL&sex=T&agedef=REACH,A,EFTA_FOR,REACH,TOTAL,NR,T,ES
2022-01-01,2022,A|EFTA_FOR|REACH|TOTAL|NR|T|ES,4193.0,Number,Eurostat,https://ec.europa.eu/eurostat/api/dissemination/statistics/1.0/data/migr_imm1ctz?geo=ES&age=TOTAL&sex=T&agedef=REACH,A,EFTA_FOR,REACH,TOTAL,NR,T,ES
2023-01-01,2023,A|EFTA_FOR|REACH|TOTAL|NR|T|ES,4259.0,Number,Eurostat,https://ec.europa.eu/eurostat/api/dissemination/statistics/1.0/data/migr_imm1ctz?geo=ES&age=TOTAL&sex=T&agedef=REACH,A,EFTA_FOR,REACH,TOTAL,NR,T,ES
2024-01-01,2024,A|EFTA_FOR|REACH|TOTAL|NR|T|ES,4431.0,Number,Eurostat,https://ec.europa.eu/eurostat/api/dissemination/statistics/1.0/data/migr_imm1ctz?geo=ES&age=TOTAL&sex=T&agedef=REACH,A,EFTA_FOR,REACH,TOTAL,NR,T,ES
1998-01-01,1998,A|EG|REACH|TOTAL|NR|T|ES,48.0,Number,Eurostat,https://ec.europa.eu/eurostat/api/dissemination/statistics/1.0/data/migr_imm1ctz?geo=ES&age=TOTAL&sex=T&agedef=REACH,A,EG,REACH,TOTAL,NR,T,ES
1999-01-01,1999,A|EG|REACH|TOTAL|NR|T|ES,67.0,Number,Eurostat,https://ec.europa.eu/eurostat/api/dissemination/statistics/1.0/data/migr_imm1ctz?geo=ES&age=TOTAL&sex=T&agedef=REACH,A,EG,REACH,TOTAL,NR,T,ES
2000-01-01,2000,A|EG|REACH|TOTAL|NR|T|ES,172.0,Number,Eurostat,https://ec.europa.eu/eurostat/api/dissemination/statistics/1.0/data/migr_imm1ctz?geo=ES&age=TOTAL&sex=T&agedef=REACH,A,EG,REACH,TOTAL,NR,T,ES
2001-01-01,2001,A|EG|REACH|TOTAL|NR|T|ES,257.0,Number,Eurostat,https://ec.europa.eu/eurostat/api/dissemination/statistics/1.0/data/migr_imm1ctz?geo=ES&age=TOTAL&sex=T&agedef=REACH,A,EG,REACH,TOTAL,NR,T,ES
2002-01-01,2002,A|EG|REACH|TOTAL|NR|T|ES,232.0,Number,Eurostat,https://ec.europa.eu/eurostat/api/dissemination/statistics/1.0/data/migr_imm1ctz?geo=ES&age=TOTAL&sex=T&agedef=REACH,A,EG,REACH,TOTAL,NR,T,ES
2003-01-01,2003,A|EG|REACH|TOTAL|NR|T|ES,,Number,Eurostat,https://ec.europa.eu/eurostat/api/dissemination/statistics/1.0/data/migr_imm1ctz?geo=ES&age=TOTAL&sex=T&agedef=REACH,A,EG,REACH,TOTAL,NR,T,ES
2004-01-01,2004,A|EG|REACH|TOTAL|NR|T|ES,404.0,Number,Eurostat,https://ec.europa.eu/eurostat/api/dissemination/statistics/1.0/data/migr_imm1ctz?geo=ES&age=TOTAL&sex=T&agedef=REACH,A,EG,REACH,TOTAL,NR,T,ES
2005-01-01,2005,A|EG|REACH|TOTAL|NR|T|ES,560.0,Number,Eurostat,https://ec.europa.eu/eurostat/api/dissemination/statistics/1.0/data/migr_imm1ctz?geo=ES&age=TOTAL&sex=T&agedef=REACH,A,EG,REACH,TOTAL,NR,T,ES
2006-01-01,2006,A|EG|REACH|TOTAL|NR|T|ES,494.0,Number,Eurostat,https://ec.europa.eu/eurostat/api/dissemination/statistics/1.0/data/migr_imm1ctz?geo=ES&age=TOTAL&sex=T&agedef=REACH,A,EG,REACH,TOTAL,NR,T,ES
2007-01-01,2007,A|EG|REACH|TOTAL|NR|T|ES,477.0,Number,Eurostat,https://ec.europa.eu/eurostat/api/dissemination/statistics/1.0/data/migr_imm1ctz?geo=ES&age=TOTAL&sex=T&agedef=REACH,A,EG,REACH,TOTAL,NR,T,ES
1998-01-01,1998,A|EH|REACH|TOTAL|NR|T|ES,0.0,Number,Eurostat,https://ec.europa.eu/eurostat/api/dissemination/statistics/1.0/data/migr_imm1ctz?geo=ES&age=TOTAL&sex=T&agedef=REACH,A,EH,REACH,TOTAL,NR,T,ES
1999-01-01,1999,A|EH|REACH|TOTAL|NR|T|ES,0.0,Number,Eurostat,https://ec.europa.eu/eurostat/api/dissemination/statistics/1.0/data/migr_imm1ctz?geo=ES&age=TOTAL&sex=T&agedef=REACH,A,EH,REACH,TOTAL,NR,T,ES
2000-01-01,2000,A|EH|REACH|TOTAL|NR|T|ES,0.0,Number,Eurostat,https://ec.europa.eu/eurostat/api/dissemination/statistics/1.0/data/migr_imm1ctz?geo=ES&age=TOTAL&sex=T&agedef=REACH,A,EH,REACH,TOTAL,NR,T,ES
2001-01-01,2001,A|EH|REACH|TOTAL|NR|T|ES,0.0,Number,Eurostat,https://ec.europa.eu/eurostat/api/dissemination/statistics/1.0/data/migr_imm1ctz?geo=ES&age=TOTAL&sex=T&agedef=REACH,A,EH,REACH,TOTAL,NR,T,ES
2002-01-01,2002,A|EH|REACH|TOTAL|NR|T|ES,0.0,Number,Eurostat,https://ec.europa.eu/eurostat/api/dissemination/statistics/1.0/data/migr_imm1ctz?geo=ES&age=TOTAL&sex=T&agedef=REACH,A,EH,REACH,TOTAL,NR,T,ES
2003-01-01,2003,A|EH|REACH|TOTAL|NR|T|ES,,Number,Eurostat,https://ec.europa.eu/eurostat/api/dissemination/statistics/1.0/data/migr_imm1ctz?geo=ES&age=TOTAL&sex=T&agedef=REACH,A,EH,REACH,TOTAL,NR,T,ES
2004-01-01,2004,A|EH|REACH|TOTAL|NR|T|ES,0.0,Number,Eurostat,https://ec.europa.eu/eurostat/api/dissemination/statistics/1.0/data/migr_imm1ctz?geo=ES&age=TOTAL&sex=T&agedef=REACH,A,EH,REACH,TOTAL,NR,T,ES
2005-01-01,2005,A|EH|REACH|TOTAL|NR|T|ES,0.0,Number,Eurostat,https://ec.europa.eu/eurostat/api/dissemination/statistics/1.0/data/migr_imm1ctz?geo=ES&age=TOTAL&sex=T&agedef=REACH,A,EH,REACH,TOTAL,NR,T,ES
2006-01-01,2006,A|EH|REACH|TOTAL|NR|T|ES,0.0,Number,Eurostat,https://ec.europa.eu/eurostat/api/dissemination/statistics/1.0/data/migr_imm1ctz?geo=ES&age=TOTAL&sex=T&agedef=REACH,A,EH,REACH,TOTAL,NR,T,ES
2007-01-01,2007,A|EH|REACH|TOTAL|NR|T|ES,,Number,Eurostat,https://ec.europa.eu/eurostat/api/dissemination/statistics/1.0/data/migr_imm1ctz?geo=ES&age=TOTAL&sex=T&agedef=REACH,A,EH,REACH,TOTAL,NR,T,ES
2008-01-01,2008,A|EH|REACH|TOTAL|NR|T|ES,0.0,Number,Eurostat,https://ec.europa.eu/eurostat/api/dissemination/statistics/1.0/data/migr_imm1ctz?geo=ES&age=TOTAL&sex=T&agedef=REACH,A,EH,REACH,TOTAL,NR,T,ES
2009-01-01,2009,A|EH|REACH|TOTAL|NR|T|ES,0.0,Number,Eurostat,https://ec.europa.eu/eurostat/api/dissemination/statistics/1.0/data/migr_imm1ctz?geo=ES&age=TOTAL&sex=T&agedef=REACH,A,EH,REACH,TOTAL,NR,T,ES
2010-01-01,2010,A|EH|REACH|TOTAL|NR|T|ES,0.0,Number,Eurostat,https://ec.europa.eu/eurostat/api/dissemination/statistics/1.0/data/migr_imm1ctz?geo=ES&age=TOTAL&sex=T&agedef=REACH,A,EH,REACH,TOTAL,NR,T,ES
2011-01-01,2011,A|EH|REACH|TOTAL|NR|T|ES,0.0,Number,Eurostat,https://ec.europa.eu/eurostat/api/dissemination/statistics/1.0/data/migr_imm1ctz?geo=ES&age=TOTAL&sex=T&agedef=REACH,A,EH,REACH,TOTAL,NR,T,ES
2012-01-01,2012,A|EH|REACH|TOTAL|NR|T|ES,0.0,Number,Eurostat,https://ec.europa.eu/eurostat/api/dissemination/statistics/1.0/data/migr_imm1ctz?geo=ES&age=TOTAL&sex=T&agedef=REACH,A,EH,REACH,TOTAL,NR,T,ES
2013-01-01,2013,A|EH|REACH|TOTAL|NR|T|ES,0.0,Number,Eurostat,https://ec.europa.eu/eurostat/api/dissemination/statistics/1.0/data/migr_imm1ctz?geo=ES&age=TOTAL&sex=T&agedef=REACH,A,EH,REACH,TOTAL,NR,T,ES
2014-01-01,2014,A|EH|REACH|TOTAL|NR|T|ES,0.0,Number,Eurostat,https://ec.europa.eu/eurostat/api/dissemination/statistics/1.0/data/migr_imm1ctz?geo=ES&age=TOTAL&sex=T&agedef=REACH,A,EH,REACH,TOTAL,NR,T,ES
1998-01-01,1998,A|EL|REACH|TOTAL|NR|T|ES,53.0,Number,Eurostat,https://ec.europa.eu/eurostat/api/dissemination/statistics/1.0/data/migr_imm1ctz?geo=ES&age=TOTAL&sex=T&agedef=REACH,A,EL,REACH,TOTAL,NR,T,ES
1999-01-01,1999,A|EL|REACH|TOTAL|NR|T|ES,70.0,Number,Eurostat,https://ec.europa.eu/eurostat/api/dissemination/statistics/1.0/data/migr_imm1ctz?geo=ES&age=TOTAL&sex=T&agedef=REACH,A,EL,REACH,TOTAL,NR,T,ES
2000-01-01,2000,A|EL|REACH|TOTAL|NR|T|ES,91.0,Number,Eurostat,https://ec.europa.eu/eurostat/api/dissemination/statistics/1.0/data/migr_imm1ctz?geo=ES&age=TOTAL&sex=T&agedef=REACH,A,EL,REACH,TOTAL,NR,T,ES
2001-01-01,2001,A|EL|REACH|TOTAL|NR|T|ES,133.0,Number,Eurostat,https://ec.europa.eu/eurostat/api/dissemination/statistics/1.0/data/migr_imm1ctz?geo=ES&age=TOTAL&sex=T&agedef=REACH,A,EL,REACH,TOTAL,NR,T,ES
2002-01-01,2002,A|EL|REACH|TOTAL|NR|T|ES,198.0,Number,Eurostat,https://ec.europa.eu/eurostat/api/dissemination/statistics/1.0/data/migr_imm1ctz?geo=ES&age=TOTAL&sex=T&agedef=REACH,A,EL,REACH,TOTAL,NR,T,ES
2003-01-01,2003,A|EL|REACH|TOTAL|NR|T|ES,,Number,Eurostat,https://ec.europa.eu/eurostat/api/dissemination/statistics/1.0/data/migr_imm1ctz?geo=ES&age=TOTAL&sex=T&agedef=REACH,A,EL,REACH,TOTAL,NR,T,ES
2004-01-01,2004,A|EL|REACH|TOTAL|NR|T|ES,524.0,Number,Eurostat,https://ec.europa.eu/eurostat/api/dissemination/statistics/1.0/data/migr_imm1ctz?geo=ES&age=TOTAL&sex=T&agedef=REACH,A,EL,REACH,TOTAL,NR,T,ES
2005-01-01,2005,A|EL|REACH|TOTAL|NR|T|ES,687.0,Number,Eurostat,https://ec.europa.eu/eurostat/api/dissemination/statistics/1.0/data/migr_imm1ctz?geo=ES&age=TOTAL&sex=T&agedef=REACH,A,EL,REACH,TOTAL,NR,T,ES
2006-01-01,2006,A|EL|REACH|TOTAL|NR|T|ES,633.0,Number,Eurostat,https://ec.europa.eu/eurostat/api/dissemination/statistics/1.0/data/migr_imm1ctz?geo=ES&age=TOTAL&sex=T&agedef=REACH,A,EL,REACH,TOTAL,NR,T,ES
2007-01-01,2007,A|EL|REACH|TOTAL|NR|T|ES,639.0,Number,Eurostat,https://ec.europa.eu/eurostat/api/dissemination/statistics/1.0/data/migr_imm1ctz?geo=ES&age=TOTAL&sex=T&agedef=REACH,A,EL,REACH,TOTAL,NR,T,ES
1998-01-01,1998,A|ER|REACH|TOTAL|NR|T|ES,0.0,Number,Eurostat,https://ec.europa.eu/eurostat/api/dissemination/statistics/1.0/data/migr_imm1ctz?geo=ES&age=TOTAL&sex=T&agedef=REACH,A,ER,REACH,TOTAL,NR,T,ES
1999-01-01,1999,A|ER|REACH|TOTAL|NR|T|ES,1.0,Number,Eurostat,https://ec.europa.eu/eurostat/api/dissemination/statistics/1.0/data/migr_imm1ctz?geo=ES&age=TOTAL&sex=T&agedef=REACH,A,ER,REACH,TOTAL,NR,T,ES
2000-01-01,2000,A|ER|REACH|TOTAL|NR|T|ES,6.0,Number,Eurostat,https://ec.europa.eu/eurostat/api/dissemination/statistics/1.0/data/migr_imm1ctz?geo=ES&age=TOTAL&sex=T&agedef=REACH,A,ER,REACH,TOTAL,NR,T,ES
2001-01-01,2001,A|ER|REACH|TOTAL|NR|T|ES,5.0,Number,Eurostat,https://ec.europa.eu/eurostat/api/dissemination/statistics/1.0/data/migr_imm1ctz?geo=ES&age=TOTAL&sex=T&agedef=REACH,A,ER,REACH,TOTAL,NR,T,ES
2002-01-01,2002,A|ER|REACH|TOTAL|NR|T|ES,7.0,Number,Eurostat,https://ec.europa.eu/eurostat/api/dissemination/statistics/1.0/data/migr_imm1ctz?geo=ES&age=TOTAL&sex=T&agedef=REACH,A,ER,REACH,TOTAL,NR,T,ES
2003-01-01,2003,A|ER|REACH|TOTAL|NR|T|ES,,Number,Eurostat,https://ec.europa.eu/eurostat/api/dissemination/statistics/1.0/data/migr_imm1ctz?geo=ES&age=TOTAL&sex=T&agedef=REACH,A,ER,REACH,TOTAL,NR,T,ES
2004-01-01,2004,A|ER|REACH|TOTAL|NR|T|ES,12.0,Number,Eurostat,https://ec.europa.eu/eurostat/api/dissemination/statistics/1.0/data/migr_imm1ctz?geo=ES&age=TOTAL&sex=T&agedef=REACH,A,ER,REACH,TOTAL,NR,T,ES
2005-01-01,2005,A|ER|REACH|TOTAL|NR|T|ES,13.0,Number,Eurostat,https://ec.europa.eu/eurostat/api/dissemination/statistics/1.0/data/migr_imm1ctz?geo=ES&age=TOTAL&sex=T&agedef=REACH,A,ER,REACH,TOTAL,NR,T,ES
2006-01-01,2006,A|ER|REACH|TOTAL|NR|T|ES,27.0,Number,Eurostat,https://ec.europa.eu/eurostat/api/dissemination/statistics/1.0/data/migr_imm1ctz?geo=ES&age=TOTAL&sex=T&agedef=REACH,A,ER,REACH,TOTAL,NR,T,ES
2007-01-01,2007,A|ER|REACH|TOTAL|NR|T|ES,23.0,Number,Eurostat,https://ec.europa.eu/eurostat/api/dissemination/statistics/1.0/data/migr_imm1ctz?geo=ES&age=TOTAL&sex=T&agedef=REACH,A,ER,REACH,TOTAL,NR,T,ES
1998-01-01,1998,A|ES|REACH|TOTAL|NR|T|ES,24032.0,Number,Eurostat,https://ec.europa.eu/eurostat/api/dissemination/statistics/1.0/data/migr_imm1ctz?geo=ES&age=TOTAL&sex=T&agedef=REACH,A,ES,REACH,TOTAL,NR,T,ES
1999-01-01,1999,A|ES|REACH|TOTAL|NR|T|ES,28243.0,Number,Eurostat,https://ec.europa.eu/eurostat/api/dissemination/statistics/1.0/data/migr_imm1ctz?geo=ES&age=TOTAL&sex=T&agedef=REACH,A,ES,REACH,TOTAL,NR,T,ES
2000-01-01,2000,A|ES|REACH|TOTAL|NR|T|ES,31587.0,Number,Eurostat,https://ec.europa.eu/eurostat/api/dissemination/statistics/1.0/data/migr_imm1ctz?geo=ES&age=TOTAL&sex=T&agedef=REACH,A,ES,REACH,TOTAL,NR,T,ES
2001-01-01,2001,A|ES|REACH|TOTAL|NR|T|ES,20724.0,Number,Eurostat,https://ec.europa.eu/eurostat/api/dissemination/statistics/1.0/data/migr_imm1ctz?geo=ES&age=TOTAL&sex=T&agedef=REACH,A,ES,REACH,TOTAL,NR,T,ES
2002-01-01,2002,A|ES|REACH|TOTAL|NR|T|ES,40175.0,Number,Eurostat,https://ec.europa.eu/eurostat/api/dissemination/statistics/1.0/data/migr_imm1ctz?geo=ES&age=TOTAL&sex=T&agedef=REACH,A,ES,REACH,TOTAL,NR,T,ES
2003-01-01,2003,A|ES|REACH|TOTAL|NR|T|ES,,Number,Eurostat,https://ec.europa.eu/eurostat/api/dissemination/statistics/1.0/data/migr_imm1ctz?geo=ES&age=TOTAL&sex=T&agedef=REACH,A,ES,REACH,TOTAL,NR,T,ES
2004-01-01,2004,A|ES|REACH|TOTAL|NR|T|ES,38717.0,Number,Eurostat,https://ec.europa.eu/eurostat/api/dissemination/statistics/1.0/data/migr_imm1ctz?geo=ES&age=TOTAL&sex=T&agedef=REACH,A,ES,REACH,TOTAL,NR,T,ES
2005-01-01,2005,A|ES|REACH|TOTAL|NR|T|ES,36573.0,Number,Eurostat,https://ec.europa.eu/eurostat/api/dissemination/statistics/1.0/data/migr_imm1ctz?geo=ES&age=TOTAL&sex=T&agedef=REACH,A,ES,REACH,TOTAL,NR,T,ES
2006-01-01,2006,A|ES|REACH|TOTAL|NR|T|ES,37873.0,Number,Eurostat,https://ec.europa.eu/eurostat/api/dissemination/statistics/1.0/data/migr_imm1ctz?geo=ES&age=TOTAL&sex=T&agedef=REACH,A,ES,REACH,TOTAL,NR,T,ES
2007-01-01,2007,A|ES|REACH|TOTAL|NR|T|ES,37732.0,Number,Eurostat,https://ec.europa.eu/eurostat/api/dissemination/statistics/1.0/data/migr_imm1ctz?geo=ES&age=TOTAL&sex=T&agedef=REACH,A,ES,REACH,TOTAL,NR,T,ES
2008-01-01,2008,A|ES|REACH|TOTAL|NR|T|ES,31710.0,Number,Eurostat,https://ec.europa.eu/eurostat/api/dissemination/statistics/1.0/data/migr_imm1ctz?geo=ES&age=TOTAL&sex=T&agedef=REACH,A,ES,REACH,TOTAL,NR,T,ES
2009-01-01,2009,A|ES|REACH|TOTAL|NR|T|ES,27602.0,Number,Eurostat,https://ec.europa.eu/eurostat/api/dissemination/statistics/1.0/data/migr_imm1ctz?geo=ES&age=TOTAL&sex=T&agedef=REACH,A,ES,REACH,TOTAL,NR,T,ES
2010-01-01,2010,A|ES|REACH|TOTAL|NR|T|ES,30425.0,Number,Eurostat,https://ec.europa.eu/eurostat/api/dissemination/statistics/1.0/data/migr_imm1ctz?geo=ES&age=TOTAL&sex=T&agedef=REACH,A,ES,REACH,TOTAL,NR,T,ES
2011-01-01,2011,A|ES|REACH|TOTAL|NR|T|ES,35450.0,Number,Eurostat,https://ec.europa.eu/eurostat/api/dissemination/statistics/1.0/data/migr_imm1ctz?geo=ES&age=TOTAL&sex=T&agedef=REACH,A,ES,REACH,TOTAL,NR,T,ES
2012-01-01,2012,A|ES|REACH|TOTAL|NR|T|ES,31571.0,Number,Eurostat,https://ec.europa.eu/eurostat/api/dissemination/statistics/1.0/data/migr_imm1ctz?geo=ES&age=TOTAL&sex=T&agedef=REACH,A,ES,REACH,TOTAL,NR,T,ES
2013-01-01,2013,A|ES|REACH|TOTAL|NR|T|ES,32422.0,Number,Eurostat,https://ec.europa.eu/eurostat/api/dissemination/statistics/1.0/data/migr_imm1ctz?geo=ES&age=TOTAL&sex=T&agedef=REACH,A,ES,REACH,TOTAL,NR,T,ES
2014-01-01,2014,A|ES|REACH|TOTAL|NR|T|ES,40968.0,Number,Eurostat,https://ec.europa.eu/eurostat/api/dissemination/statistics/1.0/data/migr_imm1ctz?geo=ES&age=TOTAL&sex=T&agedef=REACH,A,ES,REACH,TOTAL,NR,T,ES
2015-01-01,2015,A|ES|REACH|TOTAL|NR|T|ES,52109.0,Number,Eurostat,https://ec.europa.eu/eurostat/api/dissemination/statistics/1.0/data/migr_imm1ctz?geo=ES&age=TOTAL&sex=T&agedef=REACH,A,ES,REACH,TOTAL,NR,T,ES
2016-01-01,2016,A|ES|REACH|TOTAL|NR|T|ES,62573.0,Number,Eurostat,https://ec.europa.eu/eurostat/api/dissemination/statistics/1.0/data/migr_imm1ctz?geo=ES&age=TOTAL&sex=T&agedef=REACH,A,ES,REACH,TOTAL,NR,T,ES
2017-01-01,2017,A|ES|REACH|TOTAL|NR|T|ES,78182.0,Number,Eurostat,https://ec.europa.eu/eurostat/api/dissemination/statistics/1.0/data/migr_imm1ctz?geo=ES&age=TOTAL&sex=T&agedef=REACH,A,ES,REACH,TOTAL,NR,T,ES
2018-01-01,2018,A|ES|REACH|TOTAL|NR|T|ES,83686.0,Number,Eurostat,https://ec.europa.eu/eurostat/api/dissemination/statistics/1.0/data/migr_imm1ctz?geo=ES&age=TOTAL&sex=T&agedef=REACH,A,ES,REACH,TOTAL,NR,T,ES
2019-01-01,2019,A|ES|REACH|TOTAL|NR|T|ES,84458.0,Number,Eurostat,https://ec.europa.eu/eurostat/api/dissemination/statistics/1.0/data/migr_imm1ctz?geo=ES&age=TOTAL&sex=T&agedef=REACH,A,ES,REACH,TOTAL,NR,T,ES
2020-01-01,2020,A|ES|REACH|TOTAL|NR|T|ES,52768.0,Number,Eurostat,https://ec.europa.eu/eurostat/api/dissemination/statistics/1.0/data/migr_imm1ctz?geo=ES&age=TOTAL&sex=T&agedef=REACH,A,ES,REACH,TOTAL,NR,T,ES
2021-01-01,2021,A|ES|REACH|TOTAL|NR|T|ES,135651.0,Number,Eurostat,https://ec.europa.eu/eurostat/api/dissemination/statistics/1.0/data/migr_imm1ctz?geo=ES&age=TOTAL&sex=T&agedef=REACH,A,ES,REACH,TOTAL,NR,T,ES
2022-01-01,2022,A|ES|REACH|TOTAL|NR|T|ES,138420.0,Number,Eurostat,https://ec.europa.eu/eurostat/api/dissemination/statistics/1.0/data/migr_imm1ctz?geo=ES&age=TOTAL&sex=T&agedef=REACH,A,ES,REACH,TOTAL,NR,T,ES
2023-01-01,2023,A|ES|REACH|TOTAL|NR|T|ES,152963.0,Number,Eurostat,https://ec.europa.eu/eurostat/api/dissemination/statistics/1.0/data/migr_imm1ctz?geo=ES&age=TOTAL&sex=T&agedef=REACH,A,ES,REACH,TOTAL,NR,T,ES
2024-01-01,2024,A|ES|REACH|TOTAL|NR|T|ES,144335.0,Number,Eurostat,https://ec.europa.eu/eurostat/api/dissemination/statistics/1.0/data/migr_imm1ctz?geo=ES&age=TOTAL&sex=T&agedef=REACH,A,ES,REACH,TOTAL,NR,T,ES
1998-01-01,1998,A|ET|REACH|TOTAL|NR|T|ES,5.0,Number,Eurostat,https://ec.europa.eu/eurostat/api/dissemination/statistics/1.0/data/migr_imm1ctz?geo=ES&age=TOTAL&sex=T&agedef=REACH,A,ET,REACH,TOTAL,NR,T,ES
1999-01-01,1999,A|ET|REACH|TOTAL|NR|T|ES,31.0,Number,Eurostat,https://ec.europa.eu/eurostat/api/dissemination/statistics/1.0/data/migr_imm1ctz?geo=ES&age=TOTAL&sex=T&agedef=REACH,A,ET,REACH,TOTAL,NR,T,ES
2000-01-01,2000,A|ET|REACH|TOTAL|NR|T|ES,79.0,Number,Eurostat,https://ec.europa.eu/eurostat/api/dissemination/statistics/1.0/data/migr_imm1ctz?geo=ES&age=TOTAL&sex=T&agedef=REACH,A,ET,REACH,TOTAL,NR,T,ES
2001-01-01,2001,A|ET|REACH|TOTAL|NR|T|ES,70.0,Number,Eurostat,https://ec.europa.eu/eurostat/api/dissemination/statistics/1.0/data/migr_imm1ctz?geo=ES&age=TOTAL&sex=T&agedef=REACH,A,ET,REACH,TOTAL,NR,T,ES
2002-01-01,2002,A|ET|REACH|TOTAL|NR|T|ES,48.0,Number,Eurostat,https://ec.europa.eu/eurostat/api/dissemination/statistics/1.0/data/migr_imm1ctz?geo=ES&age=TOTAL&sex=T&agedef=REACH,A,ET,REACH,TOTAL,NR,T,ES
2003-01-01,2003,A|ET|REACH|TOTAL|NR|T|ES,,Number,Eurostat,https://ec.europa.eu/eurostat/api/dissemination/statistics/1.0/data/migr_imm1ctz?geo=ES&age=TOTAL&sex=T&agedef=REACH,A,ET,REACH,TOTAL,NR,T,ES
2004-01-01,2004,A|ET|REACH|TOTAL|NR|T|ES,75.0,Number,Eurostat,https://ec.europa.eu/eurostat/api/dissemination/statistics/1.0/data/migr_imm1ctz?geo=ES&age=TOTAL&sex=T&agedef=REACH,A,ET,REACH,TOTAL,NR,T,ES
2005-01-01,2005,A|ET|REACH|TOTAL|NR|T|ES,95.0,Number,Eurostat,https://ec.europa.eu/eurostat/api/dissemination/statistics/1.0/data/migr_imm1ctz?geo=ES&age=TOTAL&sex=T&agedef=REACH,A,ET,REACH,TOTAL,NR,T,ES
2006-01-01,2006,A|ET|REACH|TOTAL|NR|T|ES,187.0,Number,Eurostat,https://ec.europa.eu/eurostat/api/dissemination/statistics/1.0/data/migr_imm1ctz?geo=ES&age=TOTAL&sex=T&agedef=REACH,A,ET,REACH,TOTAL,NR,T,ES
2007-01-01,2007,A|ET|REACH|TOTAL|NR|T|ES,232.0,Number,Eurostat,https://ec.europa.eu/eurostat/api/dissemination/statistics/1.0/data/migr_imm1ctz?geo=ES&age=TOTAL&sex=T&agedef=REACH,A,ET,REACH,TOTAL,NR,T,ES
1998-01-01,1998,A|EU15_FOR|REACH|TOTAL|NR|T|ES,22180.0,Number,Eurostat,https://ec.europa.eu/eurostat/api/dissemination/statistics/1.0/data/migr_imm1ctz?geo=ES&age=TOTAL&sex=T&agedef=REACH,A,EU15_FOR,REACH,TOTAL,NR,T,ES
1999-01-01,1999,A|EU15_FOR|REACH|TOTAL|NR|T|ES,32104.0,Number,Eurostat,https://ec.europa.eu/eurostat/api/dissemination/statistics/1.0/data/migr_imm1ctz?geo=ES&age=TOTAL&sex=T&agedef=REACH,A,EU15_FOR,REACH,TOTAL,NR,T,ES
2000-01-01,2000,A|EU15_FOR|REACH|TOTAL|NR|T|ES,40459.0,Number,Eurostat,https://ec.europa.eu/eurostat/api/dissemination/statistics/1.0/data/migr_imm1ctz?geo=ES&age=TOTAL&sex=T&agedef=REACH,A,EU15_FOR,REACH,TOTAL,NR,T,ES
2001-01-01,2001,A|EU15_FOR|REACH|TOTAL|NR|T|ES,50079.0,Number,Eurostat,https://ec.europa.eu/eurostat/api/dissemination/statistics/1.0/data/migr_imm1ctz?geo=ES&age=TOTAL&sex=T&agedef=REACH,A,EU15_FOR,REACH,TOTAL,NR,T,ES
2002-01-01,2002,A|EU15_FOR|REACH|TOTAL|NR|T|ES,,Number,Eurostat,https://ec.europa.eu/eurostat/api/dissemination/statistics/1.0/data/migr_imm1ctz?geo=ES&age=TOTAL&sex=T&agedef=REACH,A,EU15_FOR,REACH,TOTAL,NR,T,ES
2003-01-01,2003,A|EU15_FOR|REACH|TOTAL|NR|T|ES,,Number,Eurostat,https://ec.europa.eu/eurostat/api/dissemination/statistics/1.0/data/migr_imm1ctz?geo=ES&age=TOTAL&sex=T&agedef=REACH,A,EU15_FOR,REACH,TOTAL,NR,T,ES
2004-01-01,2004,A|EU15_FOR|REACH|TOTAL|NR|T|ES,,Number,Eurostat,https://ec.europa.eu/eurostat/api/dissemination/statistics/1.0/data/migr_imm1ctz?geo=ES&age=TOTAL&sex=T&agedef=REACH,A,EU15_FOR,REACH,TOTAL,NR,T,ES
2005-01-01,2005,A|EU15_FOR|REACH|TOTAL|NR|T|ES,,Number,Eurostat,https://ec.europa.eu/eurostat/api/dissemination/statistics/1.0/data/migr_imm1ctz?geo=ES&age=TOTAL&sex=T&agedef=REACH,A,EU15_FOR,REACH,TOTAL,NR,T,ES
2006-01-01,2006,A|EU15_FOR|REACH|TOTAL|NR|T|ES,,Number,Eurostat,https://ec.europa.eu/eurostat/api/dissemination/statistics/1.0/data/migr_imm1ctz?geo=ES&age=TOTAL&sex=T&agedef=REACH,A,EU15_FOR,REACH,TOTAL,NR,T,ES
2007-01-01,2007,A|EU15_FOR|REACH|TOTAL|NR|T|ES,,Number,Eurostat,https://ec.europa.eu/eurostat/api/dissemination/statistics/1.0/data/migr_imm1ctz?geo=ES&age=TOTAL&sex=T&agedef=REACH,A,EU15_FOR,REACH,TOTAL,NR,T,ES
2008-01-01,2008,A|EU15_FOR|REACH|TOTAL|NR|T|ES,85122.0,Number,Eurostat,https://ec.europa.eu/eurostat/api/dissemination/statistics/1.0/data/migr_imm1ctz?geo=ES&age=TOTAL&sex=T&agedef=REACH,A,EU15_FOR,REACH,TOTAL,NR,T,ES
2009-01-01,2009,A|EU15_FOR|REACH|TOTAL|NR|T|ES,64434.0,Number,Eurostat,https://ec.europa.eu/eurostat/api/dissemination/statistics/1.0/data/migr_imm1ctz?geo=ES&age=TOTAL&sex=T&agedef=REACH,A,EU15_FOR,REACH,TOTAL,NR,T,ES
2010-01-01,2010,A|EU15_FOR|REACH|TOTAL|NR|T|ES,60052.0,Number,Eurostat,https://ec.europa.eu/eurostat/api/dissemination/statistics/1.0/data/migr_imm1ctz?geo=ES&age=TOTAL&sex=T&agedef=REACH,A,EU15_FOR,REACH,TOTAL,NR,T,ES
2011-01-01,2011,A|EU15_FOR|REACH|TOTAL|NR|T|ES,60507.0,Number,Eurostat,https://ec.europa.eu/eurostat/api/dissemination/statistics/1.0/data/migr_imm1ctz?geo=ES&age=TOTAL&sex=T&agedef=REACH,A,EU15_FOR,REACH,TOTAL,NR,T,ES
2012-01-01,2012,A|EU15_FOR|REACH|TOTAL|NR|T|ES,60090.0,Number,Eurostat,https://ec.europa.eu/eurostat/api/dissemination/statistics/1.0/data/migr_imm1ctz?geo=ES&age=TOTAL&sex=T&agedef=REACH,A,EU15_FOR,REACH,TOTAL,NR,T,ES
1998-01-01,1998,A|EU15|REACH|TOTAL|NR|T|ES,46212.0,Number,Eurostat,https://ec.europa.eu/eurostat/api/dissemination/statistics/1.0/data/migr_imm1ctz?geo=ES&age=TOTAL&sex=T&agedef=REACH,A,EU15,REACH,TOTAL,NR,T,ES
1999-01-01,1999,A|EU15|REACH|TOTAL|NR|T|ES,60347.0,Number,Eurostat,https://ec.europa.eu/eurostat/api/dissemination/statistics/1.0/data/migr_imm1ctz?geo=ES&age=TOTAL&sex=T&agedef=REACH,A,EU15,REACH,TOTAL,NR,T,ES
2000-01-01,2000,A|EU15|REACH|TOTAL|NR|T|ES,72046.0,Number,Eurostat,https://ec.europa.eu/eurostat/api/dissemination/statistics/1.0/data/migr_imm1ctz?geo=ES&age=TOTAL&sex=T&agedef=REACH,A,EU15,REACH,TOTAL,NR,T,ES
2001-01-01,2001,A|EU15|REACH|TOTAL|NR|T|ES,70803.0,Number,Eurostat,https://ec.europa.eu/eurostat/api/dissemination/statistics/1.0/data/migr_imm1ctz?geo=ES&age=TOTAL&sex=T&agedef=REACH,A,EU15,REACH,TOTAL,NR,T,ES
2002-01-01,2002,A|EU15|REACH|TOTAL|NR|T|ES,106197.0,Number,Eurostat,https://ec.europa.eu/eurostat/api/dissemination/statistics/1.0/data/migr_imm1ctz?geo=ES&age=TOTAL&sex=T&agedef=REACH,A,EU15,REACH,TOTAL,NR,T,ES
2003-01-01,2003,A|EU15|REACH|TOTAL|NR|T|ES,,Number,Eurostat,https://ec.europa.eu/eurostat/api/dissemination/statistics/1.0/data/migr_imm1ctz?geo=ES&age=TOTAL&sex=T&agedef=REACH,A,EU15,REACH,TOTAL,NR,T,ES
2004-01-01,2004,A|EU15|REACH|TOTAL|NR|T|ES,149836.0,Number,Eurostat,https://ec.europa.eu/eurostat/api/dissemination/statistics/1.0/data/migr_imm1ctz?geo=ES&age=TOTAL&sex=T&agedef=REACH,A,EU15,REACH,TOTAL,NR,T,ES
2005-01-01,2005,A|EU15|REACH|TOTAL|NR|T|ES,153057.0,Number,Eurostat,https://ec.europa.eu/eurostat/api/dissemination/statistics/1.0/data/migr_imm1ctz?geo=ES&age=TOTAL&sex=T&agedef=REACH,A,EU15,REACH,TOTAL,NR,T,ES
2006-01-01,2006,A|EU15|REACH|TOTAL|NR|T|ES,,Number,Eurostat,https://ec.europa.eu/eurostat/api/dissemination/statistics/1.0/data/migr_imm1ctz?geo=ES&age=TOTAL&sex=T&agedef=REACH,A,EU15,REACH,TOTAL,NR,T,ES
2007-01-01,2007,A|EU15|REACH|TOTAL|NR|T|ES,,Number,Eurostat,https://ec.europa.eu/eurostat/api/dissemination/statistics/1.0/data/migr_imm1ctz?geo=ES&age=TOTAL&sex=T&agedef=REACH,A,EU15,REACH,TOTAL,NR,T,ES
2008-01-01,2008,A|EU15|REACH|TOTAL|NR|T|ES,116832.0,Number,Eurostat,https://ec.europa.eu/eurostat/api/dissemination/statistics/1.0/data/migr_imm1ctz?geo=ES&age=TOTAL&sex=T&agedef=REACH,A,EU15,REACH,TOTAL,NR,T,ES
2009-01-01,2009,A|EU15|REACH|TOTAL|NR|T|ES,92036.0,Number,Eurostat,https://ec.europa.eu/eurostat/api/dissemination/statistics/1.0/data/migr_imm1ctz?geo=ES&age=TOTAL&sex=T&agedef=REACH,A,EU15,REACH,TOTAL,NR,T,ES
2010-01-01,2010,A|EU15|REACH|TOTAL|NR|T|ES,90477.0,Number,Eurostat,https://ec.europa.eu/eurostat/api/dissemination/statistics/1.0/data/migr_imm1ctz?geo=ES&age=TOTAL&sex=T&agedef=REACH,A,EU15,REACH,TOTAL,NR,T,ES
2011-01-01,2011,A|EU15|REACH|TOTAL|NR|T|ES,95957.0,Number,Eurostat,https://ec.europa.eu/eurostat/api/dissemination/statistics/1.0/data/migr_imm1ctz?geo=ES&age=TOTAL&sex=T&agedef=REACH,A,EU15,REACH,TOTAL,NR,T,ES
2012-01-01,2012,A|EU15|REACH|TOTAL|NR|T|ES,91661.0,Number,Eurostat,https://ec.europa.eu/eurostat/api/dissemination/statistics/1.0/data/migr_imm1ctz?geo=ES&age=TOTAL&sex=T&agedef=REACH,A,EU15,REACH,TOTAL,NR,T,ES
2002-01-01,2002,A|EU25_FOR|REACH|TOTAL|NR|T|ES,73402.0,Number,Eurostat,https://ec.europa.eu/eurostat/api/dissemination/statistics/1.0/data/migr_imm1ctz?geo=ES&age=TOTAL&sex=T&agedef=REACH,A,EU25_FOR,REACH,TOTAL,NR,T,ES
2003-01-01,2003,A|EU25_FOR|REACH|TOTAL|NR|T|ES,,Number,Eurostat,https://ec.europa.eu/eurostat/api/dissemination/statistics/1.0/data/migr_imm1ctz?geo=ES&age=TOTAL&sex=T&agedef=REACH,A,EU25_FOR,REACH,TOTAL,NR,T,ES
2004-01-01,2004,A|EU25_FOR|REACH|TOTAL|NR|T|ES,124709.0,Number,Eurostat,https://ec.europa.eu/eurostat/api/dissemination/statistics/1.0/data/migr_imm1ctz?geo=ES&age=TOTAL&sex=T&agedef=REACH,A,EU25_FOR,REACH,TOTAL,NR,T,ES
2005-01-01,2005,A|EU25_FOR|REACH|TOTAL|NR|T|ES,131096.0,Number,Eurostat,https://ec.europa.eu/eurostat/api/dissemination/statistics/1.0/data/migr_imm1ctz?geo=ES&age=TOTAL&sex=T&agedef=REACH,A,EU25_FOR,REACH,TOTAL,NR,T,ES
2006-01-01,2006,A|EU25_FOR|REACH|TOTAL|NR|T|ES,151144.0,Number,Eurostat,https://ec.europa.eu/eurostat/api/dissemination/statistics/1.0/data/migr_imm1ctz?geo=ES&age=TOTAL&sex=T&agedef=REACH,A,EU25_FOR,REACH,TOTAL,NR,T,ES
2007-01-01,2007,A|EU25_FOR|REACH|TOTAL|NR|T|ES,160230.0,Number,Eurostat,https://ec.europa.eu/eurostat/api/dissemination/statistics/1.0/data/migr_imm1ctz?geo=ES&age=TOTAL&sex=T&agedef=REACH,A,EU25_FOR,REACH,TOTAL,NR,T,ES
2008-01-01,2008,A|EU25_FOR|REACH|TOTAL|NR|T|ES,96337.0,Number,Eurostat,https://ec.europa.eu/eurostat/api/dissemination/statistics/1.0/data/migr_imm1ctz?geo=ES&age=TOTAL&sex=T&agedef=REACH,A,EU25_FOR,REACH,TOTAL,NR,T,ES
2009-01-01,2009,A|EU25_FOR|REACH|TOTAL|NR|T|ES,72240.0,Number,Eurostat,https://ec.europa.eu/eurostat/api/dissemination/statistics/1.0/data/migr_imm1ctz?geo=ES&age=TOTAL&sex=T&agedef=REACH,A,EU25_FOR,REACH,TOTAL,NR,T,ES
2010-01-01,2010,A|EU25_FOR|REACH|TOTAL|NR|T|ES,67664.0,Number,Eurostat,https://ec.europa.eu/eurostat/api/dissemination/statistics/1.0/data/migr_imm1ctz?geo=ES&age=TOTAL&sex=T&agedef=REACH,A,EU25_FOR,REACH,TOTAL,NR,T,ES
2011-01-01,2011,A|EU25_FOR|REACH|TOTAL|NR|T|ES,68130.0,Number,Eurostat,https://ec.europa.eu/eurostat/api/dissemination/statistics/1.0/data/migr_imm1ctz?geo=ES&age=TOTAL&sex=T&agedef=REACH,A,EU25_FOR,REACH,TOTAL,NR,T,ES
2012-01-01,2012,A|EU25_FOR|REACH|TOTAL|NR|T|ES,66821.0,Number,Eurostat,https://ec.europa.eu/eurostat/api/dissemination/statistics/1.0/data/migr_imm1ctz?geo=ES&age=TOTAL&sex=T&agedef=REACH,A,EU25_FOR,REACH,TOTAL,NR,T,ES
2002-01-01,2002,A|EU25|REACH|TOTAL|NR|T|ES,113577.0,Number,Eurostat,https://ec.europa.eu/eurostat/api/dissemination/statistics/1.0/data/migr_imm1ctz?geo=ES&age=TOTAL&sex=T&agedef=REACH,A,EU25,REACH,TOTAL,NR,T,ES
2003-01-01,2003,A|EU25|REACH|TOTAL|NR|T|ES,,Number,Eurostat,https://ec.europa.eu/eurostat/api/dissemination/statistics/1.0/data/migr_imm1ctz?geo=ES&age=TOTAL&sex=T&agedef=REACH,A,EU25,REACH,TOTAL,NR,T,ES
2004-01-01,2004,A|EU25|REACH|TOTAL|NR|T|ES,163426.0,Number,Eurostat,https://ec.europa.eu/eurostat/api/dissemination/statistics/1.0/data/migr_imm1ctz?geo=ES&age=TOTAL&sex=T&agedef=REACH,A,EU25,REACH,TOTAL,NR,T,ES
2005-01-01,2005,A|EU25|REACH|TOTAL|NR|T|ES,167669.0,Number,Eurostat,https://ec.europa.eu/eurostat/api/dissemination/statistics/1.0/data/migr_imm1ctz?geo=ES&age=TOTAL&sex=T&agedef=REACH,A,EU25,REACH,TOTAL,NR,T,ES
2006-01-01,2006,A|EU25|REACH|TOTAL|NR|T|ES,189017.0,Number,Eurostat,https://ec.europa.eu/eurostat/api/dissemination/statistics/1.0/data/migr_imm1ctz?geo=ES&age=TOTAL&sex=T&agedef=REACH,A,EU25,REACH,TOTAL,NR,T,ES
2007-01-01,2007,A|EU25|REACH|TOTAL|NR|T|ES,197962.0,Number,Eurostat,https://ec.europa.eu/eurostat/api/dissemination/statistics/1.0/data/migr_imm1ctz?geo=ES&age=TOTAL&sex=T&agedef=REACH,A,EU25,REACH,TOTAL,NR,T,ES
2008-01-01,2008,A|EU25|REACH|TOTAL|NR|T|ES,128047.0,Number,Eurostat,https://ec.europa.eu/eurostat/api/dissemination/statistics/1.0/data/migr_imm1ctz?geo=ES&age=TOTAL&sex=T&agedef=REACH,A,EU25,REACH,TOTAL,NR,T,ES
2009-01-01,2009,A|EU25|REACH|TOTAL|NR|T|ES,99842.0,Number,Eurostat,https://ec.europa.eu/eurostat/api/dissemination/statistics/1.0/data/migr_imm1ctz?geo=ES&age=TOTAL&sex=T&agedef=REACH,A,EU25,REACH,TOTAL,NR,T,ES
2010-01-01,2010,A|EU25|REACH|TOTAL|NR|T|ES,98089.0,Number,Eurostat,https://ec.europa.eu/eurostat/api/dissemination/statistics/1.0/data/migr_imm1ctz?geo=ES&age=TOTAL&sex=T&agedef=REACH,A,EU25,REACH,TOTAL,NR,T,ES
2011-01-01,2011,A|EU25|REACH|TOTAL|NR|T|ES,103580.0,Number,Eurostat,https://ec.europa.eu/eurostat/api/dissemination/statistics/1.0/data/migr_imm1ctz?geo=ES&age=TOTAL&sex=T&agedef=REACH,A,EU25,REACH,TOTAL,NR,T,ES
2012-01-01,2012,A|EU25|REACH|TOTAL|NR|T|ES,98392.0,Number,Eurostat,https://ec.europa.eu/eurostat/api/dissemination/statistics/1.0/data/migr_imm1ctz?geo=ES&age=TOTAL&sex=T&agedef=REACH,A,EU25,REACH,TOTAL,NR,T,ES
1998-01-01,1998,A|EU27_2007_FOR|REACH|TOTAL|NR|T|ES,23542.0,Number,Eurostat,https://ec.europa.eu/eurostat/api/dissemination/statistics/1.0/data/migr_imm1ctz?geo=ES&age=TOTAL&sex=T&agedef=REACH,A,EU27_2007_FOR,REACH,TOTAL,NR,T,ES
1999-01-01,1999,A|EU27_2007_FOR|REACH|TOTAL|NR|T|ES,35733.0,Number,Eurostat,https://ec.europa.eu/eurostat/api/dissemination/statistics/1.0/data/migr_imm1ctz?geo=ES&age=TOTAL&sex=T&agedef=REACH,A,EU27_2007_FOR,REACH,TOTAL,NR,T,ES
2000-01-01,2000,A|EU27_2007_FOR|REACH|TOTAL|NR|T|ES,70854.0,Number,Eurostat,https://ec.europa.eu/eurostat/api/dissemination/statistics/1.0/data/migr_imm1ctz?geo=ES&age=TOTAL&sex=T&agedef=REACH,A,EU27_2007_FOR,REACH,TOTAL,NR,T,ES
2001-01-01,2001,A|EU27_2007_FOR|REACH|TOTAL|NR|T|ES,92631.0,Number,Eurostat,https://ec.europa.eu/eurostat/api/dissemination/statistics/1.0/data/migr_imm1ctz?geo=ES&age=TOTAL&sex=T&agedef=REACH,A,EU27_2007_FOR,REACH,TOTAL,NR,T,ES
2002-01-01,2002,A|EU27_2007_FOR|REACH|TOTAL|NR|T|ES,137604.0,Number,Eurostat,https://ec.europa.eu/eurostat/api/dissemination/statistics/1.0/data/migr_imm1ctz?geo=ES&age=TOTAL&sex=T&agedef=REACH,A,EU27_2007_FOR,REACH,TOTAL,NR,T,ES
2003-01-01,2003,A|EU27_2007_FOR|REACH|TOTAL|NR|T|ES,,Number,Eurostat,https://ec.europa.eu/eurostat/api/dissemination/statistics/1.0/data/migr_imm1ctz?geo=ES&age=TOTAL&sex=T&agedef=REACH,A,EU27_2007_FOR,REACH,TOTAL,NR,T,ES
2004-01-01,2004,A|EU27_2007_FOR|REACH|TOTAL|NR|T|ES,249278.0,Number,Eurostat,https://ec.europa.eu/eurostat/api/dissemination/statistics/1.0/data/migr_imm1ctz?geo=ES&age=TOTAL&sex=T&agedef=REACH,A,EU27_2007_FOR,REACH,TOTAL,NR,T,ES
2005-01-01,2005,A|EU27_2007_FOR|REACH|TOTAL|NR|T|ES,257767.0,Number,Eurostat,https://ec.europa.eu/eurostat/api/dissemination/statistics/1.0/data/migr_imm1ctz?geo=ES&age=TOTAL&sex=T&agedef=REACH,A,EU27_2007_FOR,REACH,TOTAL,NR,T,ES
2006-01-01,2006,A|EU27_2007_FOR|REACH|TOTAL|NR|T|ES,304349.0,Number,Eurostat,https://ec.europa.eu/eurostat/api/dissemination/statistics/1.0/data/migr_imm1ctz?geo=ES&age=TOTAL&sex=T&agedef=REACH,A,EU27_2007_FOR,REACH,TOTAL,NR,T,ES
2007-01-01,2007,A|EU27_2007_FOR|REACH|TOTAL|NR|T|ES,389203.0,Number,Eurostat,https://ec.europa.eu/eurostat/api/dissemination/statistics/1.0/data/migr_imm1ctz?geo=ES&age=TOTAL&sex=T&agedef=REACH,A,EU27_2007_FOR,REACH,TOTAL,NR,T,ES
2008-01-01,2008,A|EU27_2007_FOR|REACH|TOTAL|NR|T|ES,168374.0,Number,Eurostat,https://ec.europa.eu/eurostat/api/dissemination/statistics/1.0/data/migr_imm1ctz?geo=ES&age=TOTAL&sex=T&agedef=REACH,A,EU27_2007_FOR,REACH,TOTAL,NR,T,ES
2009-01-01,2009,A|EU27_2007_FOR|REACH|TOTAL|NR|T|ES,124008.0,Number,Eurostat,https://ec.europa.eu/eurostat/api/dissemination/statistics/1.0/data/migr_imm1ctz?geo=ES&age=TOTAL&sex=T&agedef=REACH,A,EU27_2007_FOR,REACH,TOTAL,NR,T,ES
2010-01-01,2010,A|EU27_2007_FOR|REACH|TOTAL|NR|T|ES,127974.0,Number,Eurostat,https://ec.europa.eu/eurostat/api/dissemination/statistics/1.0/data/migr_imm1ctz?geo=ES&age=TOTAL&sex=T&agedef=REACH,A,EU27_2007_FOR,REACH,TOTAL,NR,T,ES
2011-01-01,2011,A|EU27_2007_FOR|REACH|TOTAL|NR|T|ES,128856.0,Number,Eurostat,https://ec.europa.eu/eurostat/api/dissemination/statistics/1.0/data/migr_imm1ctz?geo=ES&age=TOTAL&sex=T&agedef=REACH,A,EU27_2007_FOR,REACH,TOTAL,NR,T,ES
2012-01-01,2012,A|EU27_2007_FOR|REACH|TOTAL|NR|T|ES,100321.0,Number,Eurostat,https://ec.europa.eu/eurostat/api/dissemination/statistics/1.0/data/migr_imm1ctz?geo=ES&age=TOTAL&sex=T&agedef=REACH,A,EU27_2007_FOR,REACH,TOTAL,NR,T,ES
1998-01-01,1998,A|EU27_2007|REACH|TOTAL|NR|T|ES,47574.0,Number,Eurostat,https://ec.europa.eu/eurostat/api/dissemination/statistics/1.0/data/migr_imm1ctz?geo=ES&age=TOTAL&sex=T&agedef=REACH,A,EU27_2007,REACH,TOTAL,NR,T,ES
1999-01-01,1999,A|EU27_2007|REACH|TOTAL|NR|T|ES,63976.0,Number,Eurostat,https://ec.europa.eu/eurostat/api/dissemination/statistics/1.0/data/migr_imm1ctz?geo=ES&age=TOTAL&sex=T&agedef=REACH,A,EU27_2007,REACH,TOTAL,NR,T,ES
2000-01-01,2000,A|EU27_2007|REACH|TOTAL|NR|T|ES,102441.0,Number,Eurostat,https://ec.europa.eu/eurostat/api/dissemination/statistics/1.0/data/migr_imm1ctz?geo=ES&age=TOTAL&sex=T&agedef=REACH,A,EU27_2007,REACH,TOTAL,NR,T,ES
2001-01-01,2001,A|EU27_2007|REACH|TOTAL|NR|T|ES,113355.0,Number,Eurostat,https://ec.europa.eu/eurostat/api/dissemination/statistics/1.0/data/migr_imm1ctz?geo=ES&age=TOTAL&sex=T&agedef=REACH,A,EU27_2007,REACH,TOTAL,NR,T,ES
2002-01-01,2002,A|EU27_2007|REACH|TOTAL|NR|T|ES,177779.0,Number,Eurostat,https://ec.europa.eu/eurostat/api/dissemination/statistics/1.0/data/migr_imm1ctz?geo=ES&age=TOTAL&sex=T&agedef=REACH,A,EU27_2007,REACH,TOTAL,NR,T,ES
2003-01-01,2003,A|EU27_2007|REACH|TOTAL|NR|T|ES,,Number,Eurostat,https://ec.europa.eu/eurostat/api/dissemination/statistics/1.0/data/migr_imm1ctz?geo=ES&age=TOTAL&sex=T&agedef=REACH,A,EU27_2007,REACH,TOTAL,NR,T,ES
2004-01-01,2004,A|EU27_2007|REACH|TOTAL|NR|T|ES,287995.0,Number,Eurostat,https://ec.europa.eu/eurostat/api/dissemination/statistics/1.0/data/migr_imm1ctz?geo=ES&age=TOTAL&sex=T&agedef=REACH,A,EU27_2007,REACH,TOTAL,NR,T,ES
2005-01-01,2005,A|EU27_2007|REACH|TOTAL|NR|T|ES,294340.0,Number,Eurostat,https://ec.europa.eu/eurostat/api/dissemination/statistics/1.0/data/migr_imm1ctz?geo=ES&age=TOTAL&sex=T&agedef=REACH,A,EU27_2007,REACH,TOTAL,NR,T,ES
2006-01-01,2006,A|EU27_2007|REACH|TOTAL|NR|T|ES,342222.0,Number,Eurostat,https://ec.europa.eu/eurostat/api/dissemination/statistics/1.0/data/migr_imm1ctz?geo=ES&age=TOTAL&sex=T&agedef=REACH,A,EU27_2007,REACH,TOTAL,NR,T,ES
2007-01-01,2007,A|EU27_2007|REACH|TOTAL|NR|T|ES,426935.0,Number,Eurostat,https://ec.europa.eu/eurostat/api/dissemination/statistics/1.0/data/migr_imm1ctz?geo=ES&age=TOTAL&sex=T&agedef=REACH,A,EU27_2007,REACH,TOTAL,NR,T,ES
2008-01-01,2008,A|EU27_2007|REACH|TOTAL|NR|T|ES,200084.0,Number,Eurostat,https://ec.europa.eu/eurostat/api/dissemination/statistics/1.0/data/migr_imm1ctz?geo=ES&age=TOTAL&sex=T&agedef=REACH,A,EU27_2007,REACH,TOTAL,NR,T,ES
2009-01-01,2009,A|EU27_2007|REACH|TOTAL|NR|T|ES,151610.0,Number,Eurostat,https://ec.europa.eu/eurostat/api/dissemination/statistics/1.0/data/migr_imm1ctz?geo=ES&age=TOTAL&sex=T&agedef=REACH,A,EU27_2007,REACH,TOTAL,NR,T,ES
2010-01-01,2010,A|EU27_2007|REACH|TOTAL|NR|T|ES,158399.0,Number,Eurostat,https://ec.europa.eu/eurostat/api/dissemination/statistics/1.0/data/migr_imm1ctz?geo=ES&age=TOTAL&sex=T&agedef=REACH,A,EU27_2007,REACH,TOTAL,NR,T,ES
2011-01-01,2011,A|EU27_2007|REACH|TOTAL|NR|T|ES,164306.0,Number,Eurostat,https://ec.europa.eu/eurostat/api/dissemination/statistics/1.0/data/migr_imm1ctz?geo=ES&age=TOTAL&sex=T&agedef=REACH,A,EU27_2007,REACH,TOTAL,NR,T,ES
2012-01-01,2012,A|EU27_2007|REACH|TOTAL|NR|T|ES,131892.0,Number,Eurostat,https://ec.europa.eu/eurostat/api/dissemination/statistics/1.0/data/migr_imm1ctz?geo=ES&age=TOTAL&sex=T&agedef=REACH,A,EU27_2007,REACH,TOTAL,NR,T,ES
2020-01-01,2020,A|EU27_2020_FOR|REACH|TOTAL|NR|T|ES,83613.0,Number,Eurostat,https://ec.europa.eu/eurostat/api/dissemination/statistics/1.0/data/migr_imm1ctz?geo=ES&age=TOTAL&sex=T&agedef=REACH,A,EU27_2020_FOR,REACH,TOTAL,NR,T,ES
2021-01-01,2021,A|EU27_2020_FOR|REACH|TOTAL|NR|T|ES,191558.0,Number,Eurostat,https://ec.europa.eu/eurostat/api/dissemination/statistics/1.0/data/migr_imm1ctz?geo=ES&age=TOTAL&sex=T&agedef=REACH,A,EU27_2020_FOR,REACH,TOTAL,NR,T,ES
2022-01-01,2022,A|EU27_2020_FOR|REACH|TOTAL|NR|T|ES,194484.0,Number,Eurostat,https://ec.europa.eu/eurostat/api/dissemination/statistics/1.0/data/migr_imm1ctz?geo=ES&age=TOTAL&sex=T&agedef=REACH,A,EU27_2020_FOR,REACH,TOTAL,NR,T,ES
2023-01-01,2023,A|EU27_2020_FOR|REACH|TOTAL|NR|T|ES,193631.0,Number,Eurostat,https://ec.europa.eu/eurostat/api/dissemination/statistics/1.0/data/migr_imm1ctz?geo=ES&age=TOTAL&sex=T&agedef=REACH,A,EU27_2020_FOR,REACH,TOTAL,NR,T,ES
2024-01-01,2024,A|EU27_2020_FOR|REACH|TOTAL|NR|T|ES,182743.0,Number,Eurostat,https://ec.europa.eu/eurostat/api/dissemination/statistics/1.0/data/migr_imm1ctz?geo=ES&age=TOTAL&sex=T&agedef=REACH,A,EU27_2020_FOR,REACH,TOTAL,NR,T,ES
2013-01-01,2013,A|EU28_FOR|REACH|TOTAL|NR|T|ES,90421.0,Number,Eurostat,https://ec.europa.eu/eurostat/api/dissemination/statistics/1.0/data/migr_imm1ctz?geo=ES&age=TOTAL&sex=T&agedef=REACH,A,EU28_FOR,REACH,TOTAL,NR,T,ES
2014-01-01,2014,A|EU28_FOR|REACH|TOTAL|NR|T|ES,99968.0,Number,Eurostat,https://ec.europa.eu/eurostat/api/dissemination/statistics/1.0/data/migr_imm1ctz?geo=ES&age=TOTAL&sex=T&agedef=REACH,A,EU28_FOR,REACH,TOTAL,NR,T,ES
2015-01-01,2015,A|EU28_FOR|REACH|TOTAL|NR|T|ES,106174.0,Number,Eurostat,https://ec.europa.eu/eurostat/api/dissemination/statistics/1.0/data/migr_imm1ctz?geo=ES&age=TOTAL&sex=T&agedef=REACH,A,EU28_FOR,REACH,TOTAL,NR,T,ES
2016-01-01,2016,A|EU28_FOR|REACH|TOTAL|NR|T|ES,116314.0,Number,Eurostat,https://ec.europa.eu/eurostat/api/dissemination/statistics/1.0/data/migr_imm1ctz?geo=ES&age=TOTAL&sex=T&agedef=REACH,A,EU28_FOR,REACH,TOTAL,NR,T,ES
2017-01-01,2017,A|EU28_FOR|REACH|TOTAL|NR|T|ES,139415.0,Number,Eurostat,https://ec.europa.eu/eurostat/api/dissemination/statistics/1.0/data/migr_imm1ctz?geo=ES&age=TOTAL&sex=T&agedef=REACH,A,EU28_FOR,REACH,TOTAL,NR,T,ES
2018-01-01,2018,A|EU28_FOR|REACH|TOTAL|NR|T|ES,145298.0,Number,Eurostat,https://ec.europa.eu/eurostat/api/dissemination/statistics/1.0/data/migr_imm1ctz?geo=ES&age=TOTAL&sex=T&agedef=REACH,A,EU28_FOR,REACH,TOTAL,NR,T,ES
2019-01-01,2019,A|EU28_FOR|REACH|TOTAL|NR|T|ES,151762.0,Number,Eurostat,https://ec.europa.eu/eurostat/api/dissemination/statistics/1.0/data/migr_imm1ctz?geo=ES&age=TOTAL&sex=T&agedef=REACH,A,EU28_FOR,REACH,TOTAL,NR,T,ES
1998-01-01,1998,A|EUR_OTH|REACH|TOTAL|NR|T|ES,89.0,Number,Eurostat,https://ec.europa.eu/eurostat/api/dissemination/statistics/1.0/data/migr_imm1ctz?geo=ES&age=TOTAL&sex=T&agedef=REACH,A,EUR_OTH,REACH,TOTAL,NR,T,ES
1999-01-01,1999,A|EUR_OTH|REACH|TOTAL|NR|T|ES,94.0,Number,Eurostat,https://ec.europa.eu/eurostat/api/dissemination/statistics/1.0/data/migr_imm1ctz?geo=ES&age=TOTAL&sex=T&agedef=REACH,A,EUR_OTH,REACH,TOTAL,NR,T,ES
2000-01-01,2000,A|EUR_OTH|REACH|TOTAL|NR|T|ES,202.0,Number,Eurostat,https://ec.europa.eu/eurostat/api/dissemination/statistics/1.0/data/migr_imm1ctz?geo=ES&age=TOTAL&sex=T&agedef=REACH,A,EUR_OTH,REACH,TOTAL,NR,T,ES
2001-01-01,2001,A|EUR_OTH|REACH|TOTAL|NR|T|ES,186.0,Number,Eurostat,https://ec.europa.eu/eurostat/api/dissemination/statistics/1.0/data/migr_imm1ctz?geo=ES&age=TOTAL&sex=T&agedef=REACH,A,EUR_OTH,REACH,TOTAL,NR,T,ES
2002-01-01,2002,A|EUR_OTH|REACH|TOTAL|NR|T|ES,191.0,Number,Eurostat,https://ec.europa.eu/eurostat/api/dissemination/statistics/1.0/data/migr_imm1ctz?geo=ES&age=TOTAL&sex=T&agedef=REACH,A,EUR_OTH,REACH,TOTAL,NR,T,ES
2003-01-01,2003,A|EUR_OTH|REACH|TOTAL|NR|T|ES,,Number,Eurostat,https://ec.europa.eu/eurostat/api/dissemination/statistics/1.0/data/migr_imm1ctz?geo=ES&age=TOTAL&sex=T&agedef=REACH,A,EUR_OTH,REACH,TOTAL,NR,T,ES
2004-01-01,2004,A|EUR_OTH|REACH|TOTAL|NR|T|ES,12.0,Number,Eurostat,https://ec.europa.eu/eurostat/api/dissemination/statistics/1.0/data/migr_imm1ctz?geo=ES&age=TOTAL&sex=T&agedef=REACH,A,EUR_OTH,REACH,TOTAL,NR,T,ES
2005-01-01,2005,A|EUR_OTH|REACH|TOTAL|NR|T|ES,3.0,Number,Eurostat,https://ec.europa.eu/eurostat/api/dissemination/statistics/1.0/data/migr_imm1ctz?geo=ES&age=TOTAL&sex=T&agedef=REACH,A,EUR_OTH,REACH,TOTAL,NR,T,ES
2006-01-01,2006,A|EUR_OTH|REACH|TOTAL|NR|T|ES,12.0,Number,Eurostat,https://ec.europa.eu/eurostat/api/dissemination/statistics/1.0/data/migr_imm1ctz?geo=ES&age=TOTAL&sex=T&agedef=REACH,A,EUR_OTH,REACH,TOTAL,NR,T,ES
2007-01-01,2007,A|EUR_OTH|REACH|TOTAL|NR|T|ES,7.0,Number,Eurostat,https://ec.europa.eu/eurostat/api/dissemination/statistics/1.0/data/migr_imm1ctz?geo=ES&age=TOTAL&sex=T&agedef=REACH,A,EUR_OTH,REACH,TOTAL,NR,T,ES
1998-01-01,1998,A|EUR|REACH|TOTAL|NR|T|ES,49752.0,Number,Eurostat,https://ec.europa.eu/eurostat/api/dissemination/statistics/1.0/data/migr_imm1ctz?geo=ES&age=TOTAL&sex=T&agedef=REACH,A,EUR,REACH,TOTAL,NR,T,ES
1999-01-01,1999,A|EUR|REACH|TOTAL|NR|T|ES,68183.0,Number,Eurostat,https://ec.europa.eu/eurostat/api/dissemination/statistics/1.0/data/migr_imm1ctz?geo=ES&age=TOTAL&sex=T&agedef=REACH,A,EUR,REACH,TOTAL,NR,T,ES
2000-01-01,2000,A|EUR|REACH|TOTAL|NR|T|ES,116511.0,Number,Eurostat,https://ec.europa.eu/eurostat/api/dissemination/statistics/1.0/data/migr_imm1ctz?geo=ES&age=TOTAL&sex=T&agedef=REACH,A,EUR,REACH,TOTAL,NR,T,ES
2001-01-01,2001,A|EUR|REACH|TOTAL|NR|T|ES,133827.0,Number,Eurostat,https://ec.europa.eu/eurostat/api/dissemination/statistics/1.0/data/migr_imm1ctz?geo=ES&age=TOTAL&sex=T&agedef=REACH,A,EUR,REACH,TOTAL,NR,T,ES
2002-01-01,2002,A|EUR|REACH|TOTAL|NR|T|ES,198647.0,Number,Eurostat,https://ec.europa.eu/eurostat/api/dissemination/statistics/1.0/data/migr_imm1ctz?geo=ES&age=TOTAL&sex=T&agedef=REACH,A,EUR,REACH,TOTAL,NR,T,ES
2003-01-01,2003,A|EUR|REACH|TOTAL|NR|T|ES,,Number,Eurostat,https://ec.europa.eu/eurostat/api/dissemination/statistics/1.0/data/migr_imm1ctz?geo=ES&age=TOTAL&sex=T&agedef=REACH,A,EUR,REACH,TOTAL,NR,T,ES
2004-01-01,2004,A|EUR|REACH|TOTAL|NR|T|ES,315337.0,Number,Eurostat,https://ec.europa.eu/eurostat/api/dissemination/statistics/1.0/data/migr_imm1ctz?geo=ES&age=TOTAL&sex=T&agedef=REACH,A,EUR,REACH,TOTAL,NR,T,ES
2005-01-01,2005,A|EUR|REACH|TOTAL|NR|T|ES,320054.0,Number,Eurostat,https://ec.europa.eu/eurostat/api/dissemination/statistics/1.0/data/migr_imm1ctz?geo=ES&age=TOTAL&sex=T&agedef=REACH,A,EUR,REACH,TOTAL,NR,T,ES
2006-01-01,2006,A|EUR|REACH|TOTAL|NR|T|ES,369754.0,Number,Eurostat,https://ec.europa.eu/eurostat/api/dissemination/statistics/1.0/data/migr_imm1ctz?geo=ES&age=TOTAL&sex=T&agedef=REACH,A,EUR,REACH,TOTAL,NR,T,ES
2007-01-01,2007,A|EUR|REACH|TOTAL|NR|T|ES,454620.0,Number,Eurostat,https://ec.europa.eu/eurostat/api/dissemination/statistics/1.0/data/migr_imm1ctz?geo=ES&age=TOTAL&sex=T&agedef=REACH,A,EUR,REACH,TOTAL,NR,T,ES
2008-01-01,2008,A|EUR|REACH|TOTAL|NR|T|ES,219094.0,Number,Eurostat,https://ec.europa.eu/eurostat/api/dissemination/statistics/1.0/data/migr_imm1ctz?geo=ES&age=TOTAL&sex=T&agedef=REACH,A,EUR,REACH,TOTAL,NR,T,ES
2009-01-01,2009,A|EUR|REACH|TOTAL|NR|T|ES,166606.0,Number,Eurostat,https://ec.europa.eu/eurostat/api/dissemination/statistics/1.0/data/migr_imm1ctz?geo=ES&age=TOTAL&sex=T&agedef=REACH,A,EUR,REACH,TOTAL,NR,T,ES
2010-01-01,2010,A|EUR|REACH|TOTAL|NR|T|ES,174294.0,Number,Eurostat,https://ec.europa.eu/eurostat/api/dissemination/statistics/1.0/data/migr_imm1ctz?geo=ES&age=TOTAL&sex=T&agedef=REACH,A,EUR,REACH,TOTAL,NR,T,ES
2011-01-01,2011,A|EUR|REACH|TOTAL|NR|T|ES,182288.0,Number,Eurostat,https://ec.europa.eu/eurostat/api/dissemination/statistics/1.0/data/migr_imm1ctz?geo=ES&age=TOTAL&sex=T&agedef=REACH,A,EUR,REACH,TOTAL,NR,T,ES
2012-01-01,2012,A|EUR|REACH|TOTAL|NR|T|ES,148038.0,Number,Eurostat,https://ec.europa.eu/eurostat/api/dissemination/statistics/1.0/data/migr_imm1ctz?geo=ES&age=TOTAL&sex=T&agedef=REACH,A,EUR,REACH,TOTAL,NR,T,ES
2013-01-01,2013,A|EUR|REACH|TOTAL|NR|T|ES,139012.0,Number,Eurostat,https://ec.europa.eu/eurostat/api/dissemination/statistics/1.0/data/migr_imm1ctz?geo=ES&age=TOTAL&sex=T&agedef=REACH,A,EUR,REACH,TOTAL,NR,T,ES
2014-01-01,2014,A|EUR|REACH|TOTAL|NR|T|ES,159582.0,Number,Eurostat,https://ec.europa.eu/eurostat/api/dissemination/statistics/1.0/data/migr_imm1ctz?geo=ES&age=TOTAL&sex=T&agedef=REACH,A,EUR,REACH,TOTAL,NR,T,ES
2015-01-01,2015,A|EUR|REACH|TOTAL|NR|T|ES,,Number,Eurostat,https://ec.europa.eu/eurostat/api/dissemination/statistics/1.0/data/migr_imm1ctz?geo=ES&age=TOTAL&sex=T&agedef=REACH,A,EUR,REACH,TOTAL,NR,T,ES
2016-01-01,2016,A|EUR|REACH|TOTAL|NR|T|ES,192344.0,Number,Eurostat,https://ec.europa.eu/eurostat/api/dissemination/statistics/1.0/data/migr_imm1ctz?geo=ES&age=TOTAL&sex=T&agedef=REACH,A,EUR,REACH,TOTAL,NR,T,ES
2008-01-01,2008,A|EXT|REACH|TOTAL|NR|T|ES,396080.0,Number,Eurostat,https://ec.europa.eu/eurostat/api/dissemination/statistics/1.0/data/migr_imm1ctz?geo=ES&age=TOTAL&sex=T&agedef=REACH,A,EXT,REACH,TOTAL,NR,T,ES
2009-01-01,2009,A|EXT|REACH|TOTAL|NR|T|ES,238556.0,Number,Eurostat,https://ec.europa.eu/eurostat/api/dissemination/statistics/1.0/data/migr_imm1ctz?geo=ES&age=TOTAL&sex=T&agedef=REACH,A,EXT,REACH,TOTAL,NR,T,ES
2010-01-01,2010,A|EXT|REACH|TOTAL|NR|T|ES,199299.0,Number,Eurostat,https://ec.europa.eu/eurostat/api/dissemination/statistics/1.0/data/migr_imm1ctz?geo=ES&age=TOTAL&sex=T&agedef=REACH,A,EXT,REACH,TOTAL,NR,T,ES
2011-01-01,2011,A|EXT|REACH|TOTAL|NR|T|ES,203733.0,Number,Eurostat,https://ec.europa.eu/eurostat/api/dissemination/statistics/1.0/data/migr_imm1ctz?geo=ES&age=TOTAL&sex=T&agedef=REACH,A,EXT,REACH,TOTAL,NR,T,ES
2012-01-01,2012,A|EXT|REACH|TOTAL|NR|T|ES,168950.0,Number,Eurostat,https://ec.europa.eu/eurostat/api/dissemination/statistics/1.0/data/migr_imm1ctz?geo=ES&age=TOTAL&sex=T&agedef=REACH,A,EXT,REACH,TOTAL,NR,T,ES
1998-01-01,1998,A|EX_SU|REACH|TOTAL|NR|T|ES,1006.0,Number,Eurostat,https://ec.europa.eu/eurostat/api/dissemination/statistics/1.0/data/migr_imm1ctz?geo=ES&age=TOTAL&sex=T&agedef=REACH,A,EX_SU,REACH,TOTAL,NR,T,ES
1999-01-01,1999,A|EX_SU|REACH|TOTAL|NR|T|ES,2395.0,Number,Eurostat,https://ec.europa.eu/eurostat/api/dissemination/statistics/1.0/data/migr_imm1ctz?geo=ES&age=TOTAL&sex=T&agedef=REACH,A,EX_SU,REACH,TOTAL,NR,T,ES
2000-01-01,2000,A|EX_SU|REACH|TOTAL|NR|T|ES,13675.0,Number,Eurostat,https://ec.europa.eu/eurostat/api/dissemination/statistics/1.0/data/migr_imm1ctz?geo=ES&age=TOTAL&sex=T&agedef=REACH,A,EX_SU,REACH,TOTAL,NR,T,ES
2001-01-01,2001,A|EX_SU|REACH|TOTAL|NR|T|ES,20758.0,Number,Eurostat,https://ec.europa.eu/eurostat/api/dissemination/statistics/1.0/data/migr_imm1ctz?geo=ES&age=TOTAL&sex=T&agedef=REACH,A,EX_SU,REACH,TOTAL,NR,T,ES
2002-01-01,2002,A|EX_SU|REACH|TOTAL|NR|T|ES,,Number,Eurostat,https://ec.europa.eu/eurostat/api/dissemination/statistics/1.0/data/migr_imm1ctz?geo=ES&age=TOTAL&sex=T&agedef=REACH,A,EX_SU,REACH,TOTAL,NR,T,ES
2003-01-01,2003,A|EX_SU|REACH|TOTAL|NR|T|ES,,Number,Eurostat,https://ec.europa.eu/eurostat/api/dissemination/statistics/1.0/data/migr_imm1ctz?geo=ES&age=TOTAL&sex=T&agedef=REACH,A,EX_SU,REACH,TOTAL,NR,T,ES
2004-01-01,2004,A|EX_SU|REACH|TOTAL|NR|T|ES,,Number,Eurostat,https://ec.europa.eu/eurostat/api/dissemination/statistics/1.0/data/migr_imm1ctz?geo=ES&age=TOTAL&sex=T&agedef=REACH,A,EX_SU,REACH,TOTAL,NR,T,ES
2005-01-01,2005,A|EX_SU|REACH|TOTAL|NR|T|ES,,Number,Eurostat,https://ec.europa.eu/eurostat/api/dissemination/statistics/1.0/data/migr_imm1ctz?geo=ES&age=TOTAL&sex=T&agedef=REACH,A,EX_SU,REACH,TOTAL,NR,T,ES
2006-01-01,2006,A|EX_SU|REACH|TOTAL|NR|T|ES,,Number,Eurostat,https://ec.europa.eu/eurostat/api/dissemination/statistics/1.0/data/migr_imm1ctz?geo=ES&age=TOTAL&sex=T&agedef=REACH,A,EX_SU,REACH,TOTAL,NR,T,ES
2007-01-01,2007,A|EX_SU|REACH|TOTAL|NR|T|ES,,Number,Eurostat,https://ec.europa.eu/eurostat/api/dissemination/statistics/1.0/data/migr_imm1ctz?geo=ES&age=TOTAL&sex=T&agedef=REACH,A,EX_SU,REACH,TOTAL,NR,T,ES
2008-01-01,2008,A|EX_SU|REACH|TOTAL|NR|T|ES,0.0,Number,Eurostat,https://ec.europa.eu/eurostat/api/dissemination/statistics/1.0/data/migr_imm1ctz?geo=ES&age=TOTAL&sex=T&agedef=REACH,A,EX_SU,REACH,TOTAL,NR,T,ES
2009-01-01,2009,A|EX_SU|REACH|TOTAL|NR|T|ES,0.0,Number,Eurostat,https://ec.europa.eu/eurostat/api/dissemination/statistics/1.0/data/migr_imm1ctz?geo=ES&age=TOTAL&sex=T&agedef=REACH,A,EX_SU,REACH,TOTAL,NR,T,ES
2010-01-01,2010,A|EX_SU|REACH|TOTAL|NR|T|ES,0.0,Number,Eurostat,https://ec.europa.eu/eurostat/api/dissemination/statistics/1.0/data/migr_imm1ctz?geo=ES&age=TOTAL&sex=T&agedef=REACH,A,EX_SU,REACH,TOTAL,NR,T,ES
2011-01-01,2011,A|EX_SU|REACH|TOTAL|NR|T|ES,0.0,Number,Eurostat,https://ec.europa.eu/eurostat/api/dissemination/statistics/1.0/data/migr_imm1ctz?geo=ES&age=TOTAL&sex=T&agedef=REACH,A,EX_SU,REACH,TOTAL,NR,T,ES
2012-01-01,2012,A|EX_SU|REACH|TOTAL|NR|T|ES,0.0,Number,Eurostat,https://ec.europa.eu/eurostat/api/dissemination/statistics/1.0/data/migr_imm1ctz?geo=ES&age=TOTAL&sex=T&agedef=REACH,A,EX_SU,REACH,TOTAL,NR,T,ES
2013-01-01,2013,A|EX_SU|REACH|TOTAL|NR|T|ES,0.0,Number,Eurostat,https://ec.europa.eu/eurostat/api/dissemination/statistics/1.0/data/migr_imm1ctz?geo=ES&age=TOTAL&sex=T&agedef=REACH,A,EX_SU,REACH,TOTAL,NR,T,ES
2014-01-01,2014,A|EX_SU|REACH|TOTAL|NR|T|ES,0.0,Number,Eurostat,https://ec.europa.eu/eurostat/api/dissemination/statistics/1.0/data/migr_imm1ctz?geo=ES&age=TOTAL&sex=T&agedef=REACH,A,EX_SU,REACH,TOTAL,NR,T,ES
1998-01-01,1998,A|EX_YU|REACH|TOTAL|NR|T|ES,310.0,Number,Eurostat,https://ec.europa.eu/eurostat/api/dissemination/statistics/1.0/data/migr_imm1ctz?geo=ES&age=TOTAL&sex=T&agedef=REACH,A,EX_YU,REACH,TOTAL,NR,T,ES
1999-01-01,1999,A|EX_YU|REACH|TOTAL|NR|T|ES,680.0,Number,Eurostat,https://ec.europa.eu/eurostat/api/dissemination/statistics/1.0/data/migr_imm1ctz?geo=ES&age=TOTAL&sex=T&agedef=REACH,A,EX_YU,REACH,TOTAL,NR,T,ES
2000-01-01,2000,A|EX_YU|REACH|TOTAL|NR|T|ES,720.0,Number,Eurostat,https://ec.europa.eu/eurostat/api/dissemination/statistics/1.0/data/migr_imm1ctz?geo=ES&age=TOTAL&sex=T&agedef=REACH,A,EX_YU,REACH,TOTAL,NR,T,ES
2001-01-01,2001,A|EX_YU|REACH|TOTAL|NR|T|ES,702.0,Number,Eurostat,https://ec.europa.eu/eurostat/api/dissemination/statistics/1.0/data/migr_imm1ctz?geo=ES&age=TOTAL&sex=T&agedef=REACH,A,EX_YU,REACH,TOTAL,NR,T,ES
2002-01-01,2002,A|EX_YU|REACH|TOTAL|NR|T|ES,,Number,Eurostat,https://ec.europa.eu/eurostat/api/dissemination/statistics/1.0/data/migr_imm1ctz?geo=ES&age=TOTAL&sex=T&agedef=REACH,A,EX_YU,REACH,TOTAL,NR,T,ES
2003-01-01,2003,A|EX_YU|REACH|TOTAL|NR|T|ES,,Number,Eurostat,https://ec.europa.eu/eurostat/api/dissemination/statistics/1.0/data/migr_imm1ctz?geo=ES&age=TOTAL&sex=T&agedef=REACH,A,EX_YU,REACH,TOTAL,NR,T,ES
2004-01-01,2004,A|EX_YU|REACH|TOTAL|NR|T|ES,,Number,Eurostat,https://ec.europa.eu/eurostat/api/dissemination/statistics/1.0/data/migr_imm1ctz?geo=ES&age=TOTAL&sex=T&agedef=REACH,A,EX_YU,REACH,TOTAL,NR,T,ES
2005-01-01,2005,A|EX_YU|REACH|TOTAL|NR|T|ES,,Number,Eurostat,https://ec.europa.eu/eurostat/api/dissemination/statistics/1.0/data/migr_imm1ctz?geo=ES&age=TOTAL&sex=T&agedef=REACH,A,EX_YU,REACH,TOTAL,NR,T,ES
2006-01-01,2006,A|EX_YU|REACH|TOTAL|NR|T|ES,,Number,Eurostat,https://ec.europa.eu/eurostat/api/dissemination/statistics/1.0/data/migr_imm1ctz?geo=ES&age=TOTAL&sex=T&agedef=REACH,A,EX_YU,REACH,TOTAL,NR,T,ES
2007-01-01,2007,A|EX_YU|REACH|TOTAL|NR|T|ES,,Number,Eurostat,https://ec.europa.eu/eurostat/api/dissemination/statistics/1.0/data/migr_imm1ctz?geo=ES&age=TOTAL&sex=T&agedef=REACH,A,EX_YU,REACH,TOTAL,NR,T,ES
2008-01-01,2008,A|EX_YU|REACH|TOTAL|NR|T|ES,0.0,Number,Eurostat,https://ec.europa.eu/eurostat/api/dissemination/statistics/1.0/data/migr_imm1ctz?geo=ES&age=TOTAL&sex=T&agedef=REACH,A,EX_YU,REACH,TOTAL,NR,T,ES
2009-01-01,2009,A|EX_YU|REACH|TOTAL|NR|T|ES,0.0,Number,Eurostat,https://ec.europa.eu/eurostat/api/dissemination/statistics/1.0/data/migr_imm1ctz?geo=ES&age=TOTAL&sex=T&agedef=REACH,A,EX_YU,REACH,TOTAL,NR,T,ES
2010-01-01,2010,A|EX_YU|REACH|TOTAL|NR|T|ES,0.0,Number,Eurostat,https://ec.europa.eu/eurostat/api/dissemination/statistics/1.0/data/migr_imm1ctz?geo=ES&age=TOTAL&sex=T&agedef=REACH,A,EX_YU,REACH,TOTAL,NR,T,ES
2011-01-01,2011,A|EX_YU|REACH|TOTAL|NR|T|ES,0.0,Number,Eurostat,https://ec.europa.eu/eurostat/api/dissemination/statistics/1.0/data/migr_imm1ctz?geo=ES&age=TOTAL&sex=T&agedef=REACH,A,EX_YU,REACH,TOTAL,NR,T,ES
2012-01-01,2012,A|EX_YU|REACH|TOTAL|NR|T|ES,0.0,Number,Eurostat,https://ec.europa.eu/eurostat/api/dissemination/statistics/1.0/data/migr_imm1ctz?geo=ES&age=TOTAL&sex=T&agedef=REACH,A,EX_YU,REACH,TOTAL,NR,T,ES
2013-01-01,2013,A|EX_YU|REACH|TOTAL|NR|T|ES,0.0,Number,Eurostat,https://ec.europa.eu/eurostat/api/dissemination/statistics/1.0/data/migr_imm1ctz?geo=ES&age=TOTAL&sex=T&agedef=REACH,A,EX_YU,REACH,TOTAL,NR,T,ES
2014-01-01,2014,A|EX_YU|REACH|TOTAL|NR|T|ES,0.0,Number,Eurostat,https://ec.europa.eu/eurostat/api/dissemination/statistics/1.0/data/migr_imm1ctz?geo=ES&age=TOTAL&sex=T&agedef=REACH,A,EX_YU,REACH,TOTAL,NR,T,ES
1998-01-01,1998,A|FI|REACH|TOTAL|NR|T|ES,724.0,Number,Eurostat,https://ec.europa.eu/eurostat/api/dissemination/statistics/1.0/data/migr_imm1ctz?geo=ES&age=TOTAL&sex=T&agedef=REACH,A,FI,REACH,TOTAL,NR,T,ES
1999-01-01,1999,A|FI|REACH|TOTAL|NR|T|ES,899.0,Number,Eurostat,https://ec.europa.eu/eurostat/api/dissemination/statistics/1.0/data/migr_imm1ctz?geo=ES&age=TOTAL&sex=T&agedef=REACH,A,FI,REACH,TOTAL,NR,T,ES
2000-01-01,2000,A|FI|REACH|TOTAL|NR|T|ES,896.0,Number,Eurostat,https://ec.europa.eu/eurostat/api/dissemination/statistics/1.0/data/migr_imm1ctz?geo=ES&age=TOTAL&sex=T&agedef=REACH,A,FI,REACH,TOTAL,NR,T,ES
2001-01-01,2001,A|FI|REACH|TOTAL|NR|T|ES,812.0,Number,Eurostat,https://ec.europa.eu/eurostat/api/dissemination/statistics/1.0/data/migr_imm1ctz?geo=ES&age=TOTAL&sex=T&agedef=REACH,A,FI,REACH,TOTAL,NR,T,ES
2002-01-01,2002,A|FI|REACH|TOTAL|NR|T|ES,890.0,Number,Eurostat,https://ec.europa.eu/eurostat/api/dissemination/statistics/1.0/data/migr_imm1ctz?geo=ES&age=TOTAL&sex=T&agedef=REACH,A,FI,REACH,TOTAL,NR,T,ES
2003-01-01,2003,A|FI|REACH|TOTAL|NR|T|ES,,Number,Eurostat,https://ec.europa.eu/eurostat/api/dissemination/statistics/1.0/data/migr_imm1ctz?geo=ES&age=TOTAL&sex=T&agedef=REACH,A,FI,REACH,TOTAL,NR,T,ES
2004-01-01,2004,A|FI|REACH|TOTAL|NR|T|ES,811.0,Number,Eurostat,https://ec.europa.eu/eurostat/api/dissemination/statistics/1.0/data/migr_imm1ctz?geo=ES&age=TOTAL&sex=T&agedef=REACH,A,FI,REACH,TOTAL,NR,T,ES
2005-01-01,2005,A|FI|REACH|TOTAL|NR|T|ES,886.0,Number,Eurostat,https://ec.europa.eu/eurostat/api/dissemination/statistics/1.0/data/migr_imm1ctz?geo=ES&age=TOTAL&sex=T&agedef=REACH,A,FI,REACH,TOTAL,NR,T,ES
2006-01-01,2006,A|FI|REACH|TOTAL|NR|T|ES,833.0,Number,Eurostat,https://ec.europa.eu/eurostat/api/dissemination/statistics/1.0/data/migr_imm1ctz?geo=ES&age=TOTAL&sex=T&agedef=REACH,A,FI,REACH,TOTAL,NR,T,ES
2007-01-01,2007,A|FI|REACH|TOTAL|NR|T|ES,1092.0,Number,Eurostat,https://ec.europa.eu/eurostat/api/dissemination/statistics/1.0/data/migr_imm1ctz?geo=ES&age=TOTAL&sex=T&agedef=REACH,A,FI,REACH,TOTAL,NR,T,ES
2008-01-01,2008,A|FI|REACH|TOTAL|NR|T|ES,706.0,Number,Eurostat,https://ec.europa.eu/eurostat/api/dissemination/statistics/1.0/data/migr_imm1ctz?geo=ES&age=TOTAL&sex=T&agedef=REACH,A,FI,REACH,TOTAL,NR,T,ES
2009-01-01,2009,A|FI|REACH|TOTAL|NR|T|ES,669.0,Number,Eurostat,https://ec.europa.eu/eurostat/api/dissemination/statistics/1.0/data/migr_imm1ctz?geo=ES&age=TOTAL&sex=T&agedef=REACH,A,FI,REACH,TOTAL,NR,T,ES
2010-01-01,2010,A|FI|REACH|TOTAL|NR|T|ES,928.0,Number,Eurostat,https://ec.europa.eu/eurostat/api/dissemination/statistics/1.0/data/migr_imm1ctz?geo=ES&age=TOTAL&sex=T&agedef=REACH,A,FI,REACH,TOTAL,NR,T,ES
2011-01-01,2011,A|FI|REACH|TOTAL|NR|T|ES,962.0,Number,Eurostat,https://ec.europa.eu/eurostat/api/dissemination/statistics/1.0/data/migr_imm1ctz?geo=ES&age=TOTAL&sex=T&agedef=REACH,A,FI,REACH,TOTAL,NR,T,ES
2012-01-01,2012,A|FI|REACH|TOTAL|NR|T|ES,908.0,Number,Eurostat,https://ec.europa.eu/eurostat/api/dissemination/statistics/1.0/data/migr_imm1ctz?geo=ES&age=TOTAL&sex=T&agedef=REACH,A,FI,REACH,TOTAL,NR,T,ES
2013-01-01,2013,A|FI|REACH|TOTAL|NR|T|ES,868.0,Number,Eurostat,https://ec.europa.eu/eurostat/api/dissemination/statistics/1.0/data/migr_imm1ctz?geo=ES&age=TOTAL&sex=T&agedef=REACH,A,FI,REACH,TOTAL,NR,T,ES
2014-01-01,2014,A|FI|REACH|TOTAL|NR|T|ES,881.0,Number,Eurostat,https://ec.europa.eu/eurostat/api/dissemination/statistics/1.0/data/migr_imm1ctz?geo=ES&age=TOTAL&sex=T&agedef=REACH,A,FI,REACH,TOTAL,NR,T,ES
2015-01-01,2015,A|FI|REACH|TOTAL|NR|T|ES,855.0,Number,Eurostat,https://ec.europa.eu/eurostat/api/dissemination/statistics/1.0/data/migr_imm1ctz?geo=ES&age=TOTAL&sex=T&agedef=REACH,A,FI,REACH,TOTAL,NR,T,ES
2016-01-01,2016,A|FI|REACH|TOTAL|NR|T|ES,910.0,Number,Eurostat,https://ec.europa.eu/eurostat/api/dissemination/statistics/1.0/data/migr_imm1ctz?geo=ES&age=TOTAL&sex=T&agedef=REACH,A,FI,REACH,TOTAL,NR,T,ES
2017-01-01,2017,A|FI|REACH|TOTAL|NR|T|ES,1071.0,Number,Eurostat,https://ec.europa.eu/eurostat/api/dissemination/statistics/1.0/data/migr_imm1ctz?geo=ES&age=TOTAL&sex=T&agedef=REACH,A,FI,REACH,TOTAL,NR,T,ES
2018-01-01,2018,A|FI|REACH|TOTAL|NR|T|ES,1062.0,Number,Eurostat,https://ec.europa.eu/eurostat/api/dissemination/statistics/1.0/data/migr_imm1ctz?geo=ES&age=TOTAL&sex=T&agedef=REACH,A,FI,REACH,TOTAL,NR,T,ES
2019-01-01,2019,A|FI|REACH|TOTAL|NR|T|ES,958.0,Number,Eurostat,https://ec.europa.eu/eurostat/api/dissemination/statistics/1.0/data/migr_imm1ctz?geo=ES&age=TOTAL&sex=T&agedef=REACH,A,FI,REACH,TOTAL,NR,T,ES
2020-01-01,2020,A|FI|REACH|TOTAL|NR|T|ES,651.0,Number,Eurostat,https://ec.europa.eu/eurostat/api/dissemination/statistics/1.0/data/migr_imm1ctz?geo=ES&age=TOTAL&sex=T&agedef=REACH,A,FI,REACH,TOTAL,NR,T,ES
2021-01-01,2021,A|FI|REACH|TOTAL|NR|T|ES,1540.0,Number,Eurostat,https://ec.europa.eu/eurostat/api/dissemination/statistics/1.0/data/migr_imm1ctz?geo=ES&age=TOTAL&sex=T&agedef=REACH,A,FI,REACH,TOTAL,NR,T,ES
2022-01-01,2022,A|FI|REACH|TOTAL|NR|T|ES,1460.0,Number,Eurostat,https://ec.europa.eu/eurostat/api/dissemination/statistics/1.0/data/migr_imm1ctz?geo=ES&age=TOTAL&sex=T&agedef=REACH,A,FI,REACH,TOTAL,NR,T,ES
2023-01-01,2023,A|FI|REACH|TOTAL|NR|T|ES,1403.0,Number,Eurostat,https://ec.europa.eu/eurostat/api/dissemination/statistics/1.0/data/migr_imm1ctz?geo=ES&age=TOTAL&sex=T&agedef=REACH,A,FI,REACH,TOTAL,NR,T,ES
2024-01-01,2024,A|FI|REACH|TOTAL|NR|T|ES,1214.0,Number,Eurostat,https://ec.europa.eu/eurostat/api/dissemination/statistics/1.0/data/migr_imm1ctz?geo=ES&age=TOTAL&sex=T&agedef=REACH,A,FI,REACH,TOTAL,NR,T,ES
1998-01-01,1998,A|FJ|REACH|TOTAL|NR|T|ES,0.0,Number,Eurostat,https://ec.europa.eu/eurostat/api/dissemination/statistics/1.0/data/migr_imm1ctz?geo=ES&age=TOTAL&sex=T&agedef=REACH,A,FJ,REACH,TOTAL,NR,T,ES
1999-01-01,1999,A|FJ|REACH|TOTAL|NR|T|ES,0.0,Number,Eurostat,https://ec.europa.eu/eurostat/api/dissemination/statistics/1.0/data/migr_imm1ctz?geo=ES&age=TOTAL&sex=T&agedef=REACH,A,FJ,REACH,TOTAL,NR,T,ES
2000-01-01,2000,A|FJ|REACH|TOTAL|NR|T|ES,0.0,Number,Eurostat,https://ec.europa.eu/eurostat/api/dissemination/statistics/1.0/data/migr_imm1ctz?geo=ES&age=TOTAL&sex=T&agedef=REACH,A,FJ,REACH,TOTAL,NR,T,ES
2001-01-01,2001,A|FJ|REACH|TOTAL|NR|T|ES,1.0,Number,Eurostat,https://ec.europa.eu/eurostat/api/dissemination/statistics/1.0/data/migr_imm1ctz?geo=ES&age=TOTAL&sex=T&agedef=REACH,A,FJ,REACH,TOTAL,NR,T,ES
2002-01-01,2002,A|FJ|REACH|TOTAL|NR|T|ES,0.0,Number,Eurostat,https://ec.europa.eu/eurostat/api/dissemination/statistics/1.0/data/migr_imm1ctz?geo=ES&age=TOTAL&sex=T&agedef=REACH,A,FJ,REACH,TOTAL,NR,T,ES
2003-01-01,2003,A|FJ|REACH|TOTAL|NR|T|ES,,Number,Eurostat,https://ec.europa.eu/eurostat/api/dissemination/statistics/1.0/data/migr_imm1ctz?geo=ES&age=TOTAL&sex=T&agedef=REACH,A,FJ,REACH,TOTAL,NR,T,ES
2004-01-01,2004,A|FJ|REACH|TOTAL|NR|T|ES,1.0,Number,Eurostat,https://ec.europa.eu/eurostat/api/dissemination/statistics/1.0/data/migr_imm1ctz?geo=ES&age=TOTAL&sex=T&agedef=REACH,A,FJ,REACH,TOTAL,NR,T,ES
2005-01-01,2005,A|FJ|REACH|TOTAL|NR|T|ES,1.0,Number,Eurostat,https://ec.europa.eu/eurostat/api/dissemination/statistics/1.0/data/migr_imm1ctz?geo=ES&age=TOTAL&sex=T&agedef=REACH,A,FJ,REACH,TOTAL,NR,T,ES
2006-01-01,2006,A|FJ|REACH|TOTAL|NR|T|ES,3.0,Number,Eurostat,https://ec.europa.eu/eurostat/api/dissemination/statistics/1.0/data/migr_imm1ctz?geo=ES&age=TOTAL&sex=T&agedef=REACH,A,FJ,REACH,TOTAL,NR,T,ES
2007-01-01,2007,A|FJ|REACH|TOTAL|NR|T|ES,2.0,Number,Eurostat,https://ec.europa.eu/eurostat/api/dissemination/statistics/1.0/data/migr_imm1ctz?geo=ES&age=TOTAL&sex=T&agedef=REACH,A,FJ,REACH,TOTAL,NR,T,ES
2008-01-01,2008,A|FJ|REACH|TOTAL|NR|T|ES,6.0,Number,Eurostat,https://ec.europa.eu/eurostat/api/dissemination/statistics/1.0/data/migr_imm1ctz?geo=ES&age=TOTAL&sex=T&agedef=REACH,A,FJ,REACH,TOTAL,NR,T,ES
2009-01-01,2009,A|FJ|REACH|TOTAL|NR|T|ES,0.0,Number,Eurostat,https://ec.europa.eu/eurostat/api/dissemination/statistics/1.0/data/migr_imm1ctz?geo=ES&age=TOTAL&sex=T&agedef=REACH,A,FJ,REACH,TOTAL,NR,T,ES
2010-01-01,2010,A|FJ|REACH|TOTAL|NR|T|ES,0.0,Number,Eurostat,https://ec.europa.eu/eurostat/api/dissemination/statistics/1.0/data/migr_imm1ctz?geo=ES&age=TOTAL&sex=T&agedef=REACH,A,FJ,REACH,TOTAL,NR,T,ES
2011-01-01,2011,A|FJ|REACH|TOTAL|NR|T|ES,0.0,Number,Eurostat,https://ec.europa.eu/eurostat/api/dissemination/statistics/1.0/data/migr_imm1ctz?geo=ES&age=TOTAL&sex=T&agedef=REACH,A,FJ,REACH,TOTAL,NR,T,ES
2012-01-01,2012,A|FJ|REACH|TOTAL|NR|T|ES,1.0,Number,Eurostat,https://ec.europa.eu/eurostat/api/dissemination/statistics/1.0/data/migr_imm1ctz?geo=ES&age=TOTAL&sex=T&agedef=REACH,A,FJ,REACH,TOTAL,NR,T,ES
2013-01-01,2013,A|FJ|REACH|TOTAL|NR|T|ES,0.0,Number,Eurostat,https://ec.europa.eu/eurostat/api/dissemination/statistics/1.0/data/migr_imm1ctz?geo=ES&age=TOTAL&sex=T&agedef=REACH,A,FJ,REACH,TOTAL,NR,T,ES
2014-01-01,2014,A|FJ|REACH|TOTAL|NR|T|ES,0.0,Number,Eurostat,https://ec.europa.eu/eurostat/api/dissemination/statistics/1.0/data/migr_imm1ctz?geo=ES&age=TOTAL&sex=T&agedef=REACH,A,FJ,REACH,TOTAL,NR,T,ES
2008-01-01,2008,A|FK|REACH|TOTAL|NR|T|ES,0.0,Number,Eurostat,https://ec.europa.eu/eurostat/api/dissemination/statistics/1.0/data/migr_imm1ctz?geo=ES&age=TOTAL&sex=T&agedef=REACH,A,FK,REACH,TOTAL,NR,T,ES
2009-01-01,2009,A|FK|REACH|TOTAL|NR|T|ES,0.0,Number,Eurostat,https://ec.europa.eu/eurostat/api/dissemination/statistics/1.0/data/migr_imm1ctz?geo=ES&age=TOTAL&sex=T&agedef=REACH,A,FK,REACH,TOTAL,NR,T,ES
2010-01-01,2010,A|FK|REACH|TOTAL|NR|T|ES,0.0,Number,Eurostat,https://ec.europa.eu/eurostat/api/dissemination/statistics/1.0/data/migr_imm1ctz?geo=ES&age=TOTAL&sex=T&agedef=REACH,A,FK,REACH,TOTAL,NR,T,ES
2011-01-01,2011,A|FK|REACH|TOTAL|NR|T|ES,0.0,Number,Eurostat,https://ec.europa.eu/eurostat/api/dissemination/statistics/1.0/data/migr_imm1ctz?geo=ES&age=TOTAL&sex=T&agedef=REACH,A,FK,REACH,TOTAL,NR,T,ES
2012-01-01,2012,A|FK|REACH|TOTAL|NR|T|ES,0.0,Number,Eurostat,https://ec.europa.eu/eurostat/api/dissemination/statistics/1.0/data/migr_imm1ctz?geo=ES&age=TOTAL&sex=T&agedef=REACH,A,FK,REACH,TOTAL,NR,T,ES
2013-01-01,2013,A|FK|REACH|TOTAL|NR|T|ES,0.0,Number,Eurostat,https://ec.europa.eu/eurostat/api/dissemination/statistics/1.0/data/migr_imm1ctz?geo=ES&age=TOTAL&sex=T&agedef=REACH,A,FK,REACH,TOTAL,NR,T,ES
2014-01-01,2014,A|FK|REACH|TOTAL|NR|T|ES,0.0,Number,Eurostat,https://ec.europa.eu/eurostat/api/dissemination/statistics/1.0/data/migr_imm1ctz?geo=ES&age=TOTAL&sex=T&agedef=REACH,A,FK,REACH,TOTAL,NR,T,ES
1998-01-01,1998,A|FM|REACH|TOTAL|NR|T|ES,0.0,Number,Eurostat,https://ec.europa.eu/eurostat/api/dissemination/statistics/1.0/data/migr_imm1ctz?geo=ES&age=TOTAL&sex=T&agedef=REACH,A,FM,REACH,TOTAL,NR,T,ES
1999-01-01,1999,A|FM|REACH|TOTAL|NR|T|ES,3.0,Number,Eurostat,https://ec.europa.eu/eurostat/api/dissemination/statistics/1.0/data/migr_imm1ctz?geo=ES&age=TOTAL&sex=T&agedef=REACH,A,FM,REACH,TOTAL,NR,T,ES
2000-01-01,2000,A|FM|REACH|TOTAL|NR|T|ES,35.0,Number,Eurostat,https://ec.europa.eu/eurostat/api/dissemination/statistics/1.0/data/migr_imm1ctz?geo=ES&age=TOTAL&sex=T&agedef=REACH,A,FM,REACH,TOTAL,NR,T,ES
2001-01-01,2001,A|FM|REACH|TOTAL|NR|T|ES,38.0,Number,Eurostat,https://ec.europa.eu/eurostat/api/dissemination/statistics/1.0/data/migr_imm1ctz?geo=ES&age=TOTAL&sex=T&agedef=REACH,A,FM,REACH,TOTAL,NR,T,ES
2002-01-01,2002,A|FM|REACH|TOTAL|NR|T|ES,8.0,Number,Eurostat,https://ec.europa.eu/eurostat/api/dissemination/statistics/1.0/data/migr_imm1ctz?geo=ES&age=TOTAL&sex=T&agedef=REACH,A,FM,REACH,TOTAL,NR,T,ES
2003-01-01,2003,A|FM|REACH|TOTAL|NR|T|ES,,Number,Eurostat,https://ec.europa.eu/eurostat/api/dissemination/statistics/1.0/data/migr_imm1ctz?geo=ES&age=TOTAL&sex=T&agedef=REACH,A,FM,REACH,TOTAL,NR,T,ES
2004-01-01,2004,A|FM|REACH|TOTAL|NR|T|ES,6.0,Number,Eurostat,https://ec.europa.eu/eurostat/api/dissemination/statistics/1.0/data/migr_imm1ctz?geo=ES&age=TOTAL&sex=T&agedef=REACH,A,FM,REACH,TOTAL,NR,T,ES
2005-01-01,2005,A|FM|REACH|TOTAL|NR|T|ES,7.0,Number,Eurostat,https://ec.europa.eu/eurostat/api/dissemination/statistics/1.0/data/migr_imm1ctz?geo=ES&age=TOTAL&sex=T&agedef=REACH,A,FM,REACH,TOTAL,NR,T,ES
2006-01-01,2006,A|FM|REACH|TOTAL|NR|T|ES,4.0,Number,Eurostat,https://ec.europa.eu/eurostat/api/dissemination/statistics/1.0/data/migr_imm1ctz?geo=ES&age=TOTAL&sex=T&agedef=REACH,A,FM,REACH,TOTAL,NR,T,ES
2007-01-01,2007,A|FM|REACH|TOTAL|NR|T|ES,7.0,Number,Eurostat,https://ec.europa.eu/eurostat/api/dissemination/statistics/1.0/data/migr_imm1ctz?geo=ES&age=TOTAL&sex=T&agedef=REACH,A,FM,REACH,TOTAL,NR,T,ES
2008-01-01,2008,A|FM|REACH|TOTAL|NR|T|ES,2.0,Number,Eurostat,https://ec.europa.eu/eurostat/api/dissemination/statistics/1.0/data/migr_imm1ctz?geo=ES&age=TOTAL&sex=T&agedef=REACH,A,FM,REACH,TOTAL,NR,T,ES
2009-01-01,2009,A|FM|REACH|TOTAL|NR|T|ES,5.0,Number,Eurostat,https://ec.europa.eu/eurostat/api/dissemination/statistics/1.0/data/migr_imm1ctz?geo=ES&age=TOTAL&sex=T&agedef=REACH,A,FM,REACH,TOTAL,NR,T,ES
2010-01-01,2010,A|FM|REACH|TOTAL|NR|T|ES,3.0,Number,Eurostat,https://ec.europa.eu/eurostat/api/dissemination/statistics/1.0/data/migr_imm1ctz?geo=ES&age=TOTAL&sex=T&agedef=REACH,A,FM,REACH,TOTAL,NR,T,ES
2011-01-01,2011,A|FM|REACH|TOTAL|NR|T|ES,4.0,Number,Eurostat,https://ec.europa.eu/eurostat/api/dissemination/statistics/1.0/data/migr_imm1ctz?geo=ES&age=TOTAL&sex=T&agedef=REACH,A,FM,REACH,TOTAL,NR,T,ES
2012-01-01,2012,A|FM|REACH|TOTAL|NR|T|ES,7.0,Number,Eurostat,https://ec.europa.eu/eurostat/api/dissemination/statistics/1.0/data/migr_imm1ctz?geo=ES&age=TOTAL&sex=T&agedef=REACH,A,FM,REACH,TOTAL,NR,T,ES
2013-01-01,2013,A|FM|REACH|TOTAL|NR|T|ES,0.0,Number,Eurostat,https://ec.europa.eu/eurostat/api/dissemination/statistics/1.0/data/migr_imm1ctz?geo=ES&age=TOTAL&sex=T&agedef=REACH,A,FM,REACH,TOTAL,NR,T,ES
2014-01-01,2014,A|FM|REACH|TOTAL|NR|T|ES,8.0,Number,Eurostat,https://ec.europa.eu/eurostat/api/dissemination/statistics/1.0/data/migr_imm1ctz?geo=ES&age=TOTAL&sex=T&agedef=REACH,A,FM,REACH,TOTAL,NR,T,ES
1998-01-01,1998,A|FOR_STLS|REACH|TOTAL|NR|T|ES,57195.0,Number,Eurostat,https://ec.europa.eu/eurostat/api/dissemination/statistics/1.0/data/migr_imm1ctz?geo=ES&age=TOTAL&sex=T&agedef=REACH,A,FOR_STLS,REACH,TOTAL,NR,T,ES
1999-01-01,1999,A|FOR_STLS|REACH|TOTAL|NR|T|ES,99122.0,Number,Eurostat,https://ec.europa.eu/eurostat/api/dissemination/statistics/1.0/data/migr_imm1ctz?geo=ES&age=TOTAL&sex=T&agedef=REACH,A,FOR_STLS,REACH,TOTAL,NR,T,ES
2000-01-01,2000,A|FOR_STLS|REACH|TOTAL|NR|T|ES,330851.0,Number,Eurostat,https://ec.europa.eu/eurostat/api/dissemination/statistics/1.0/data/migr_imm1ctz?geo=ES&age=TOTAL&sex=T&agedef=REACH,A,FOR_STLS,REACH,TOTAL,NR,T,ES
2001-01-01,2001,A|FOR_STLS|REACH|TOTAL|NR|T|ES,394028.0,Number,Eurostat,https://ec.europa.eu/eurostat/api/dissemination/statistics/1.0/data/migr_imm1ctz?geo=ES&age=TOTAL&sex=T&agedef=REACH,A,FOR_STLS,REACH,TOTAL,NR,T,ES
2002-01-01,2002,A|FOR_STLS|REACH|TOTAL|NR|T|ES,443048.0,Number,Eurostat,https://ec.europa.eu/eurostat/api/dissemination/statistics/1.0/data/migr_imm1ctz?geo=ES&age=TOTAL&sex=T&agedef=REACH,A,FOR_STLS,REACH,TOTAL,NR,T,ES
2003-01-01,2003,A|FOR_STLS|REACH|TOTAL|NR|T|ES,,Number,Eurostat,https://ec.europa.eu/eurostat/api/dissemination/statistics/1.0/data/migr_imm1ctz?geo=ES&age=TOTAL&sex=T&agedef=REACH,A,FOR_STLS,REACH,TOTAL,NR,T,ES
2004-01-01,2004,A|FOR_STLS|REACH|TOTAL|NR|T|ES,645844.0,Number,Eurostat,https://ec.europa.eu/eurostat/api/dissemination/statistics/1.0/data/migr_imm1ctz?geo=ES&age=TOTAL&sex=T&agedef=REACH,A,FOR_STLS,REACH,TOTAL,NR,T,ES
2005-01-01,2005,A|FOR_STLS|REACH|TOTAL|NR|T|ES,682711.0,Number,Eurostat,https://ec.europa.eu/eurostat/api/dissemination/statistics/1.0/data/migr_imm1ctz?geo=ES&age=TOTAL&sex=T&agedef=REACH,A,FOR_STLS,REACH,TOTAL,NR,T,ES
2006-01-01,2006,A|FOR_STLS|REACH|TOTAL|NR|T|ES,802971.0,Number,Eurostat,https://ec.europa.eu/eurostat/api/dissemination/statistics/1.0/data/migr_imm1ctz?geo=ES&age=TOTAL&sex=T&agedef=REACH,A,FOR_STLS,REACH,TOTAL,NR,T,ES
2007-01-01,2007,A|FOR_STLS|REACH|TOTAL|NR|T|ES,920534.0,Number,Eurostat,https://ec.europa.eu/eurostat/api/dissemination/statistics/1.0/data/migr_imm1ctz?geo=ES&age=TOTAL&sex=T&agedef=REACH,A,FOR_STLS,REACH,TOTAL,NR,T,ES
2008-01-01,2008,A|FOR_STLS|REACH|TOTAL|NR|T|ES,567365.0,Number,Eurostat,https://ec.europa.eu/eurostat/api/dissemination/statistics/1.0/data/migr_imm1ctz?geo=ES&age=TOTAL&sex=T&agedef=REACH,A,FOR_STLS,REACH,TOTAL,NR,T,ES
2009-01-01,2009,A|FOR_STLS|REACH|TOTAL|NR|T|ES,365360.0,Number,Eurostat,https://ec.europa.eu/eurostat/api/dissemination/statistics/1.0/data/migr_imm1ctz?geo=ES&age=TOTAL&sex=T&agedef=REACH,A,FOR_STLS,REACH,TOTAL,NR,T,ES
2010-01-01,2010,A|FOR_STLS|REACH|TOTAL|NR|T|ES,330280.0,Number,Eurostat,https://ec.europa.eu/eurostat/api/dissemination/statistics/1.0/data/migr_imm1ctz?geo=ES&age=TOTAL&sex=T&agedef=REACH,A,FOR_STLS,REACH,TOTAL,NR,T,ES
2011-01-01,2011,A|FOR_STLS|REACH|TOTAL|NR|T|ES,335881.0,Number,Eurostat,https://ec.europa.eu/eurostat/api/dissemination/statistics/1.0/data/migr_imm1ctz?geo=ES&age=TOTAL&sex=T&agedef=REACH,A,FOR_STLS,REACH,TOTAL,NR,T,ES
2012-01-01,2012,A|FOR_STLS|REACH|TOTAL|NR|T|ES,272482.0,Number,Eurostat,https://ec.europa.eu/eurostat/api/dissemination/statistics/1.0/data/migr_imm1ctz?geo=ES&age=TOTAL&sex=T&agedef=REACH,A,FOR_STLS,REACH,TOTAL,NR,T,ES
2013-01-01,2013,A|FOR_STLS|REACH|TOTAL|NR|T|ES,248350.0,Number,Eurostat,https://ec.europa.eu/eurostat/api/dissemination/statistics/1.0/data/migr_imm1ctz?geo=ES&age=TOTAL&sex=T&agedef=REACH,A,FOR_STLS,REACH,TOTAL,NR,T,ES
2014-01-01,2014,A|FOR_STLS|REACH|TOTAL|NR|T|ES,264486.0,Number,Eurostat,https://ec.europa.eu/eurostat/api/dissemination/statistics/1.0/data/migr_imm1ctz?geo=ES&age=TOTAL&sex=T&agedef=REACH,A,FOR_STLS,REACH,TOTAL,NR,T,ES
2015-01-01,2015,A|FOR_STLS|REACH|TOTAL|NR|T|ES,290005.0,Number,Eurostat,https://ec.europa.eu/eurostat/api/dissemination/statistics/1.0/data/migr_imm1ctz?geo=ES&age=TOTAL&sex=T&agedef=REACH,A,FOR_STLS,REACH,TOTAL,NR,T,ES
2016-01-01,2016,A|FOR_STLS|REACH|TOTAL|NR|T|ES,352173.0,Number,Eurostat,https://ec.europa.eu/eurostat/api/dissemination/statistics/1.0/data/migr_imm1ctz?geo=ES&age=TOTAL&sex=T&agedef=REACH,A,FOR_STLS,REACH,TOTAL,NR,T,ES
2017-01-01,2017,A|FOR_STLS|REACH|TOTAL|NR|T|ES,453950.0,Number,Eurostat,https://ec.europa.eu/eurostat/api/dissemination/statistics/1.0/data/migr_imm1ctz?geo=ES&age=TOTAL&sex=T&agedef=REACH,A,FOR_STLS,REACH,TOTAL,NR,T,ES
2018-01-01,2018,A|FOR_STLS|REACH|TOTAL|NR|T|ES,559998.0,Number,Eurostat,https://ec.europa.eu/eurostat/api/dissemination/statistics/1.0/data/migr_imm1ctz?geo=ES&age=TOTAL&sex=T&agedef=REACH,A,FOR_STLS,REACH,TOTAL,NR,T,ES
2019-01-01,2019,A|FOR_STLS|REACH|TOTAL|NR|T|ES,666022.0,Number,Eurostat,https://ec.europa.eu/eurostat/api/dissemination/statistics/1.0/data/migr_imm1ctz?geo=ES&age=TOTAL&sex=T&agedef=REACH,A,FOR_STLS,REACH,TOTAL,NR,T,ES
2020-01-01,2020,A|FOR_STLS|REACH|TOTAL|NR|T|ES,415150.0,Number,Eurostat,https://ec.europa.eu/eurostat/api/dissemination/statistics/1.0/data/migr_imm1ctz?geo=ES&age=TOTAL&sex=T&agedef=REACH,A,FOR_STLS,REACH,TOTAL,NR,T,ES
2021-01-01,2021,A|FOR_STLS|REACH|TOTAL|NR|T|ES,752309.0,Number,Eurostat,https://ec.europa.eu/eurostat/api/dissemination/statistics/1.0/data/migr_imm1ctz?geo=ES&age=TOTAL&sex=T&agedef=REACH,A,FOR_STLS,REACH,TOTAL,NR,T,ES
2022-01-01,2022,A|FOR_STLS|REACH|TOTAL|NR|T|ES,1120474.0,Number,Eurostat,https://ec.europa.eu/eurostat/api/dissemination/statistics/1.0/data/migr_imm1ctz?geo=ES&age=TOTAL&sex=T&agedef=REACH,A,FOR_STLS,REACH,TOTAL,NR,T,ES
2023-01-01,2023,A|FOR_STLS|REACH|TOTAL|NR|T|ES,1098028.0,Number,Eurostat,https://ec.europa.eu/eurostat/api/dissemination/statistics/1.0/data/migr_imm1ctz?geo=ES&age=TOTAL&sex=T&agedef=REACH,A,FOR_STLS,REACH,TOTAL,NR,T,ES
2024-01-01,2024,A|FOR_STLS|REACH|TOTAL|NR|T|ES,1144227.0,Number,Eurostat,https://ec.europa.eu/eurostat/api/dissemination/statistics/1.0/data/migr_imm1ctz?geo=ES&age=TOTAL&sex=T&agedef=REACH,A,FOR_STLS,REACH,TOTAL,NR,T,ES
2008-01-01,2008,A|FO|REACH|TOTAL|NR|T|ES,0.0,Number,Eurostat,https://ec.europa.eu/eurostat/api/dissemination/statistics/1.0/data/migr_imm1ctz?geo=ES&age=TOTAL&sex=T&agedef=REACH,A,FO,REACH,TOTAL,NR,T,ES
2009-01-01,2009,A|FO|REACH|TOTAL|NR|T|ES,0.0,Number,Eurostat,https://ec.europa.eu/eurostat/api/dissemination/statistics/1.0/data/migr_imm1ctz?geo=ES&age=TOTAL&sex=T&agedef=REACH,A,FO,REACH,TOTAL,NR,T,ES
2010-01-01,2010,A|FO|REACH|TOTAL|NR|T|ES,0.0,Number,Eurostat,https://ec.europa.eu/eurostat/api/dissemination/statistics/1.0/data/migr_imm1ctz?geo=ES&age=TOTAL&sex=T&agedef=REACH,A,FO,REACH,TOTAL,NR,T,ES
2011-01-01,2011,A|FO|REACH|TOTAL|NR|T|ES,0.0,Number,Eurostat,https://ec.europa.eu/eurostat/api/dissemination/statistics/1.0/data/migr_imm1ctz?geo=ES&age=TOTAL&sex=T&agedef=REACH,A,FO,REACH,TOTAL,NR,T,ES
2012-01-01,2012,A|FO|REACH|TOTAL|NR|T|ES,0.0,Number,Eurostat,https://ec.europa.eu/eurostat/api/dissemination/statistics/1.0/data/migr_imm1ctz?geo=ES&age=TOTAL&sex=T&agedef=REACH,A,FO,REACH,TOTAL,NR,T,ES
2013-01-01,2013,A|FO|REACH|TOTAL|NR|T|ES,0.0,Number,Eurostat,https://ec.europa.eu/eurostat/api/dissemination/statistics/1.0/data/migr_imm1ctz?geo=ES&age=TOTAL&sex=T&agedef=REACH,A,FO,REACH,TOTAL,NR,T,ES
2014-01-01,2014,A|FO|REACH|TOTAL|NR|T|ES,0.0,Number,Eurostat,https://ec.europa.eu/eurostat/api/dissemination/statistics/1.0/data/migr_imm1ctz?geo=ES&age=TOTAL&sex=T&agedef=REACH,A,FO,REACH,TOTAL,NR,T,ES
1998-01-01,1998,A|FR|REACH|TOTAL|NR|T|ES,2690.0,Number,Eurostat,https://ec.europa.eu/eurostat/api/dissemination/statistics/1.0/data/migr_imm1ctz?geo=ES&age=TOTAL&sex=T&agedef=REACH,A,FR,REACH,TOTAL,NR,T,ES
1999-01-01,1999,A|FR|REACH|TOTAL|NR|T|ES,3346.0,Number,Eurostat,https://ec.europa.eu/eurostat/api/dissemination/statistics/1.0/data/migr_imm1ctz?geo=ES&age=TOTAL&sex=T&agedef=REACH,A,FR,REACH,TOTAL,NR,T,ES
2000-01-01,2000,A|FR|REACH|TOTAL|NR|T|ES,4231.0,Number,Eurostat,https://ec.europa.eu/eurostat/api/dissemination/statistics/1.0/data/migr_imm1ctz?geo=ES&age=TOTAL&sex=T&agedef=REACH,A,FR,REACH,TOTAL,NR,T,ES
2001-01-01,2001,A|FR|REACH|TOTAL|NR|T|ES,4948.0,Number,Eurostat,https://ec.europa.eu/eurostat/api/dissemination/statistics/1.0/data/migr_imm1ctz?geo=ES&age=TOTAL&sex=T&agedef=REACH,A,FR,REACH,TOTAL,NR,T,ES
2002-01-01,2002,A|FR|REACH|TOTAL|NR|T|ES,5459.0,Number,Eurostat,https://ec.europa.eu/eurostat/api/dissemination/statistics/1.0/data/migr_imm1ctz?geo=ES&age=TOTAL&sex=T&agedef=REACH,A,FR,REACH,TOTAL,NR,T,ES
2003-01-01,2003,A|FR|REACH|TOTAL|NR|T|ES,,Number,Eurostat,https://ec.europa.eu/eurostat/api/dissemination/statistics/1.0/data/migr_imm1ctz?geo=ES&age=TOTAL&sex=T&agedef=REACH,A,FR,REACH,TOTAL,NR,T,ES
2004-01-01,2004,A|FR|REACH|TOTAL|NR|T|ES,9912.0,Number,Eurostat,https://ec.europa.eu/eurostat/api/dissemination/statistics/1.0/data/migr_imm1ctz?geo=ES&age=TOTAL&sex=T&agedef=REACH,A,FR,REACH,TOTAL,NR,T,ES
2005-01-01,2005,A|FR|REACH|TOTAL|NR|T|ES,11127.0,Number,Eurostat,https://ec.europa.eu/eurostat/api/dissemination/statistics/1.0/data/migr_imm1ctz?geo=ES&age=TOTAL&sex=T&agedef=REACH,A,FR,REACH,TOTAL,NR,T,ES
2006-01-01,2006,A|FR|REACH|TOTAL|NR|T|ES,12717.0,Number,Eurostat,https://ec.europa.eu/eurostat/api/dissemination/statistics/1.0/data/migr_imm1ctz?geo=ES&age=TOTAL&sex=T&agedef=REACH,A,FR,REACH,TOTAL,NR,T,ES
2007-01-01,2007,A|FR|REACH|TOTAL|NR|T|ES,12986.0,Number,Eurostat,https://ec.europa.eu/eurostat/api/dissemination/statistics/1.0/data/migr_imm1ctz?geo=ES&age=TOTAL&sex=T&agedef=REACH,A,FR,REACH,TOTAL,NR,T,ES
2008-01-01,2008,A|FR|REACH|TOTAL|NR|T|ES,8899.0,Number,Eurostat,https://ec.europa.eu/eurostat/api/dissemination/statistics/1.0/data/migr_imm1ctz?geo=ES&age=TOTAL&sex=T&agedef=REACH,A,FR,REACH,TOTAL,NR,T,ES
2009-01-01,2009,A|FR|REACH|TOTAL|NR|T|ES,7745.0,Number,Eurostat,https://ec.europa.eu/eurostat/api/dissemination/statistics/1.0/data/migr_imm1ctz?geo=ES&age=TOTAL&sex=T&agedef=REACH,A,FR,REACH,TOTAL,NR,T,ES
2010-01-01,2010,A|FR|REACH|TOTAL|NR|T|ES,7796.0,Number,Eurostat,https://ec.europa.eu/eurostat/api/dissemination/statistics/1.0/data/migr_imm1ctz?geo=ES&age=TOTAL&sex=T&agedef=REACH,A,FR,REACH,TOTAL,NR,T,ES
2011-01-01,2011,A|FR|REACH|TOTAL|NR|T|ES,7813.0,Number,Eurostat,https://ec.europa.eu/eurostat/api/dissemination/statistics/1.0/data/migr_imm1ctz?geo=ES&age=TOTAL&sex=T&agedef=REACH,A,FR,REACH,TOTAL,NR,T,ES
2012-01-01,2012,A|FR|REACH|TOTAL|NR|T|ES,7435.0,Number,Eurostat,https://ec.europa.eu/eurostat/api/dissemination/statistics/1.0/data/migr_imm1ctz?geo=ES&age=TOTAL&sex=T&agedef=REACH,A,FR,REACH,TOTAL,NR,T,ES
2013-01-01,2013,A|FR|REACH|TOTAL|NR|T|ES,7287.0,Number,Eurostat,https://ec.europa.eu/eurostat/api/dissemination/statistics/1.0/data/migr_imm1ctz?geo=ES&age=TOTAL&sex=T&agedef=REACH,A,FR,REACH,TOTAL,NR,T,ES
2014-01-01,2014,A|FR|REACH|TOTAL|NR|T|ES,8095.0,Number,Eurostat,https://ec.europa.eu/eurostat/api/dissemination/statistics/1.0/data/migr_imm1ctz?geo=ES&age=TOTAL&sex=T&agedef=REACH,A,FR,REACH,TOTAL,NR,T,ES
2015-01-01,2015,A|FR|REACH|TOTAL|NR|T|ES,9019.0,Number,Eurostat,https://ec.europa.eu/eurostat/api/dissemination/statistics/1.0/data/migr_imm1ctz?geo=ES&age=TOTAL&sex=T&agedef=REACH,A,FR,REACH,TOTAL,NR,T,ES
2016-01-01,2016,A|FR|REACH|TOTAL|NR|T|ES,9338.0,Number,Eurostat,https://ec.europa.eu/eurostat/api/dissemination/statistics/1.0/data/migr_imm1ctz?geo=ES&age=TOTAL&sex=T&agedef=REACH,A,FR,REACH,TOTAL,NR,T,ES
2017-01-01,2017,A|FR|REACH|TOTAL|NR|T|ES,11435.0,Number,Eurostat,https://ec.europa.eu/eurostat/api/dissemination/statistics/1.0/data/migr_imm1ctz?geo=ES&age=TOTAL&sex=T&agedef=REACH,A,FR,REACH,TOTAL,NR,T,ES
2018-01-01,2018,A|FR|REACH|TOTAL|NR|T|ES,11735.0,Number,Eurostat,https://ec.europa.eu/eurostat/api/dissemination/statistics/1.0/data/migr_imm1ctz?geo=ES&age=TOTAL&sex=T&agedef=REACH,A,FR,REACH,TOTAL,NR,T,ES
2019-01-01,2019,A|FR|REACH|TOTAL|NR|T|ES,12125.0,Number,Eurostat,https://ec.europa.eu/eurostat/api/dissemination/statistics/1.0/data/migr_imm1ctz?geo=ES&age=TOTAL&sex=T&agedef=REACH,A,FR,REACH,TOTAL,NR,T,ES
2020-01-01,2020,A|FR|REACH|TOTAL|NR|T|ES,10207.0,Number,Eurostat,https://ec.europa.eu/eurostat/api/dissemination/statistics/1.0/data/migr_imm1ctz?geo=ES&age=TOTAL&sex=T&agedef=REACH,A,FR,REACH,TOTAL,NR,T,ES
2021-01-01,2021,A|FR|REACH|TOTAL|NR|T|ES,18434.0,Number,Eurostat,https://ec.europa.eu/eurostat/api/dissemination/statistics/1.0/data/migr_imm1ctz?geo=ES&age=TOTAL&sex=T&agedef=REACH,A,FR,REACH,TOTAL,NR,T,ES
2022-01-01,2022,A|FR|REACH|TOTAL|NR|T|ES,16518.0,Number,Eurostat,https://ec.europa.eu/eurostat/api/dissemination/statistics/1.0/data/migr_imm1ctz?geo=ES&age=TOTAL&sex=T&agedef=REACH,A,FR,REACH,TOTAL,NR,T,ES
2023-01-01,2023,A|FR|REACH|TOTAL|NR|T|ES,16356.0,Number,Eurostat,https://ec.europa.eu/eurostat/api/dissemination/statistics/1.0/data/migr_imm1ctz?geo=ES&age=TOTAL&sex=T&agedef=REACH,A,FR,REACH,TOTAL,NR,T,ES
2024-01-01,2024,A|FR|REACH|TOTAL|NR|T|ES,16661.0,Number,Eurostat,https://ec.europa.eu/eurostat/api/dissemination/statistics/1.0/data/migr_imm1ctz?geo=ES&age=TOTAL&sex=T&agedef=REACH,A,FR,REACH,TOTAL,NR,T,ES
1998-01-01,1998,A|GA|REACH|TOTAL|NR|T|ES,4.0,Number,Eurostat,https://ec.europa.eu/eurostat/api/dissemination/statistics/1.0/data/migr_imm1ctz?geo=ES&age=TOTAL&sex=T&agedef=REACH,A,GA,REACH,TOTAL,NR,T,ES
1999-01-01,1999,A|GA|REACH|TOTAL|NR|T|ES,4.0,Number,Eurostat,https://ec.europa.eu/eurostat/api/dissemination/statistics/1.0/data/migr_imm1ctz?geo=ES&age=TOTAL&sex=T&agedef=REACH,A,GA,REACH,TOTAL,NR,T,ES
2000-01-01,2000,A|GA|REACH|TOTAL|NR|T|ES,20.0,Number,Eurostat,https://ec.europa.eu/eurostat/api/dissemination/statistics/1.0/data/migr_imm1ctz?geo=ES&age=TOTAL&sex=T&agedef=REACH,A,GA,REACH,TOTAL,NR,T,ES
2001-01-01,2001,A|GA|REACH|TOTAL|NR|T|ES,9.0,Number,Eurostat,https://ec.europa.eu/eurostat/api/dissemination/statistics/1.0/data/migr_imm1ctz?geo=ES&age=TOTAL&sex=T&agedef=REACH,A,GA,REACH,TOTAL,NR,T,ES
2002-01-01,2002,A|GA|REACH|TOTAL|NR|T|ES,15.0,Number,Eurostat,https://ec.europa.eu/eurostat/api/dissemination/statistics/1.0/data/migr_imm1ctz?geo=ES&age=TOTAL&sex=T&agedef=REACH,A,GA,REACH,TOTAL,NR,T,ES
2003-01-01,2003,A|GA|REACH|TOTAL|NR|T|ES,,Number,Eurostat,https://ec.europa.eu/eurostat/api/dissemination/statistics/1.0/data/migr_imm1ctz?geo=ES&age=TOTAL&sex=T&agedef=REACH,A,GA,REACH,TOTAL,NR,T,ES
2004-01-01,2004,A|GA|REACH|TOTAL|NR|T|ES,21.0,Number,Eurostat,https://ec.europa.eu/eurostat/api/dissemination/statistics/1.0/data/migr_imm1ctz?geo=ES&age=TOTAL&sex=T&agedef=REACH,A,GA,REACH,TOTAL,NR,T,ES
2005-01-01,2005,A|GA|REACH|TOTAL|NR|T|ES,28.0,Number,Eurostat,https://ec.europa.eu/eurostat/api/dissemination/statistics/1.0/data/migr_imm1ctz?geo=ES&age=TOTAL&sex=T&agedef=REACH,A,GA,REACH,TOTAL,NR,T,ES
2006-01-01,2006,A|GA|REACH|TOTAL|NR|T|ES,34.0,Number,Eurostat,https://ec.europa.eu/eurostat/api/dissemination/statistics/1.0/data/migr_imm1ctz?geo=ES&age=TOTAL&sex=T&agedef=REACH,A,GA,REACH,TOTAL,NR,T,ES
2007-01-01,2007,A|GA|REACH|TOTAL|NR|T|ES,25.0,Number,Eurostat,https://ec.europa.eu/eurostat/api/dissemination/statistics/1.0/data/migr_imm1ctz?geo=ES&age=TOTAL&sex=T&agedef=REACH,A,GA,REACH,TOTAL,NR,T,ES
1998-01-01,1998,A|GD|REACH|TOTAL|NR|T|ES,1.0,Number,Eurostat,https://ec.europa.eu/eurostat/api/dissemination/statistics/1.0/data/migr_imm1ctz?geo=ES&age=TOTAL&sex=T&agedef=REACH,A,GD,REACH,TOTAL,NR,T,ES
1999-01-01,1999,A|GD|REACH|TOTAL|NR|T|ES,0.0,Number,Eurostat,https://ec.europa.eu/eurostat/api/dissemination/statistics/1.0/data/migr_imm1ctz?geo=ES&age=TOTAL&sex=T&agedef=REACH,A,GD,REACH,TOTAL,NR,T,ES
2000-01-01,2000,A|GD|REACH|TOTAL|NR|T|ES,1.0,Number,Eurostat,https://ec.europa.eu/eurostat/api/dissemination/statistics/1.0/data/migr_imm1ctz?geo=ES&age=TOTAL&sex=T&agedef=REACH,A,GD,REACH,TOTAL,NR,T,ES
2001-01-01,2001,A|GD|REACH|TOTAL|NR|T|ES,1.0,Number,Eurostat,https://ec.europa.eu/eurostat/api/dissemination/statistics/1.0/data/migr_imm1ctz?geo=ES&age=TOTAL&sex=T&agedef=REACH,A,GD,REACH,TOTAL,NR,T,ES
2002-01-01,2002,A|GD|REACH|TOTAL|NR|T|ES,5.0,Number,Eurostat,https://ec.europa.eu/eurostat/api/dissemination/statistics/1.0/data/migr_imm1ctz?geo=ES&age=TOTAL&sex=T&agedef=REACH,A,GD,REACH,TOTAL,NR,T,ES
2003-01-01,2003,A|GD|REACH|TOTAL|NR|T|ES,,Number,Eurostat,https://ec.europa.eu/eurostat/api/dissemination/statistics/1.0/data/migr_imm1ctz?geo=ES&age=TOTAL&sex=T&agedef=REACH,A,GD,REACH,TOTAL,NR,T,ES
2004-01-01,2004,A|GD|REACH|TOTAL|NR|T|ES,2.0,Number,Eurostat,https://ec.europa.eu/eurostat/api/dissemination/statistics/1.0/data/migr_imm1ctz?geo=ES&age=TOTAL&sex=T&agedef=REACH,A,GD,REACH,TOTAL,NR,T,ES
2005-01-01,2005,A|GD|REACH|TOTAL|NR|T|ES,5.0,Number,Eurostat,https://ec.europa.eu/eurostat/api/dissemination/statistics/1.0/data/migr_imm1ctz?geo=ES&age=TOTAL&sex=T&agedef=REACH,A,GD,REACH,TOTAL,NR,T,ES
2006-01-01,2006,A|GD|REACH|TOTAL|NR|T|ES,1.0,Number,Eurostat,https://ec.europa.eu/eurostat/api/dissemination/statistics/1.0/data/migr_imm1ctz?geo=ES&age=TOTAL&sex=T&agedef=REACH,A,GD,REACH,TOTAL,NR,T,ES
2007-01-01,2007,A|GD|REACH|TOTAL|NR|T|ES,3.0,Number,Eurostat,https://ec.europa.eu/eurostat/api/dissemination/statistics/1.0/data/migr_imm1ctz?geo=ES&age=TOTAL&sex=T&agedef=REACH,A,GD,REACH,TOTAL,NR,T,ES
1998-01-01,1998,A|GE|REACH|TOTAL|NR|T|ES,60.0,Number,Eurostat,https://ec.europa.eu/eurostat/api/dissemination/statistics/1.0/data/migr_imm1ctz?geo=ES&age=TOTAL&sex=T&agedef=REACH,A,GE,REACH,TOTAL,NR,T,ES
1999-01-01,1999,A|GE|REACH|TOTAL|NR|T|ES,113.0,Number,Eurostat,https://ec.europa.eu/eurostat/api/dissemination/statistics/1.0/data/migr_imm1ctz?geo=ES&age=TOTAL&sex=T&agedef=REACH,A,GE,REACH,TOTAL,NR,T,ES
2000-01-01,2000,A|GE|REACH|TOTAL|NR|T|ES,385.0,Number,Eurostat,https://ec.europa.eu/eurostat/api/dissemination/statistics/1.0/data/migr_imm1ctz?geo=ES&age=TOTAL&sex=T&agedef=REACH,A,GE,REACH,TOTAL,NR,T,ES
2001-01-01,2001,A|GE|REACH|TOTAL|NR|T|ES,513.0,Number,Eurostat,https://ec.europa.eu/eurostat/api/dissemination/statistics/1.0/data/migr_imm1ctz?geo=ES&age=TOTAL&sex=T&agedef=REACH,A,GE,REACH,TOTAL,NR,T,ES
2002-01-01,2002,A|GE|REACH|TOTAL|NR|T|ES,623.0,Number,Eurostat,https://ec.europa.eu/eurostat/api/dissemination/statistics/1.0/data/migr_imm1ctz?geo=ES&age=TOTAL&sex=T&agedef=REACH,A,GE,REACH,TOTAL,NR,T,ES
2003-01-01,2003,A|GE|REACH|TOTAL|NR|T|ES,,Number,Eurostat,https://ec.europa.eu/eurostat/api/dissemination/statistics/1.0/data/migr_imm1ctz?geo=ES&age=TOTAL&sex=T&agedef=REACH,A,GE,REACH,TOTAL,NR,T,ES
2004-01-01,2004,A|GE|REACH|TOTAL|NR|T|ES,1172.0,Number,Eurostat,https://ec.europa.eu/eurostat/api/dissemination/statistics/1.0/data/migr_imm1ctz?geo=ES&age=TOTAL&sex=T&agedef=REACH,A,GE,REACH,TOTAL,NR,T,ES
2005-01-01,2005,A|GE|REACH|TOTAL|NR|T|ES,1384.0,Number,Eurostat,https://ec.europa.eu/eurostat/api/dissemination/statistics/1.0/data/migr_imm1ctz?geo=ES&age=TOTAL&sex=T&agedef=REACH,A,GE,REACH,TOTAL,NR,T,ES
2006-01-01,2006,A|GE|REACH|TOTAL|NR|T|ES,2050.0,Number,Eurostat,https://ec.europa.eu/eurostat/api/dissemination/statistics/1.0/data/migr_imm1ctz?geo=ES&age=TOTAL&sex=T&agedef=REACH,A,GE,REACH,TOTAL,NR,T,ES
2007-01-01,2007,A|GE|REACH|TOTAL|NR|T|ES,2635.0,Number,Eurostat,https://ec.europa.eu/eurostat/api/dissemination/statistics/1.0/data/migr_imm1ctz?geo=ES&age=TOTAL&sex=T&agedef=REACH,A,GE,REACH,TOTAL,NR,T,ES
2008-01-01,2008,A|GG|REACH|TOTAL|NR|T|ES,0.0,Number,Eurostat,https://ec.europa.eu/eurostat/api/dissemination/statistics/1.0/data/migr_imm1ctz?geo=ES&age=TOTAL&sex=T&agedef=REACH,A,GG,REACH,TOTAL,NR,T,ES
2009-01-01,2009,A|GG|REACH|TOTAL|NR|T|ES,0.0,Number,Eurostat,https://ec.europa.eu/eurostat/api/dissemination/statistics/1.0/data/migr_imm1ctz?geo=ES&age=TOTAL&sex=T&agedef=REACH,A,GG,REACH,TOTAL,NR,T,ES
2010-01-01,2010,A|GG|REACH|TOTAL|NR|T|ES,0.0,Number,Eurostat,https://ec.europa.eu/eurostat/api/dissemination/statistics/1.0/data/migr_imm1ctz?geo=ES&age=TOTAL&sex=T&agedef=REACH,A,GG,REACH,TOTAL,NR,T,ES
2011-01-01,2011,A|GG|REACH|TOTAL|NR|T|ES,0.0,Number,Eurostat,https://ec.europa.eu/eurostat/api/dissemination/statistics/1.0/data/migr_imm1ctz?geo=ES&age=TOTAL&sex=T&agedef=REACH,A,GG,REACH,TOTAL,NR,T,ES
2012-01-01,2012,A|GG|REACH|TOTAL|NR|T|ES,0.0,Number,Eurostat,https://ec.europa.eu/eurostat/api/dissemination/statistics/1.0/data/migr_imm1ctz?geo=ES&age=TOTAL&sex=T&agedef=REACH,A,GG,REACH,TOTAL,NR,T,ES
2013-01-01,2013,A|GG|REACH|TOTAL|NR|T|ES,0.0,Number,Eurostat,https://ec.europa.eu/eurostat/api/dissemination/statistics/1.0/data/migr_imm1ctz?geo=ES&age=TOTAL&sex=T&agedef=REACH,A,GG,REACH,TOTAL,NR,T,ES
2014-01-01,2014,A|GG|REACH|TOTAL|NR|T|ES,0.0,Number,Eurostat,https://ec.europa.eu/eurostat/api/dissemination/statistics/1.0/data/migr_imm1ctz?geo=ES&age=TOTAL&sex=T&agedef=REACH,A,GG,REACH,TOTAL,NR,T,ES
1998-01-01,1998,A|GH|REACH|TOTAL|NR|T|ES,28.0,Number,Eurostat,https://ec.europa.eu/eurostat/api/dissemination/statistics/1.0/data/migr_imm1ctz?geo=ES&age=TOTAL&sex=T&agedef=REACH,A,GH,REACH,TOTAL,NR,T,ES
1999-01-01,1999,A|GH|REACH|TOTAL|NR|T|ES,114.0,Number,Eurostat,https://ec.europa.eu/eurostat/api/dissemination/statistics/1.0/data/migr_imm1ctz?geo=ES&age=TOTAL&sex=T&agedef=REACH,A,GH,REACH,TOTAL,NR,T,ES
2000-01-01,2000,A|GH|REACH|TOTAL|NR|T|ES,404.0,Number,Eurostat,https://ec.europa.eu/eurostat/api/dissemination/statistics/1.0/data/migr_imm1ctz?geo=ES&age=TOTAL&sex=T&agedef=REACH,A,GH,REACH,TOTAL,NR,T,ES
2001-01-01,2001,A|GH|REACH|TOTAL|NR|T|ES,454.0,Number,Eurostat,https://ec.europa.eu/eurostat/api/dissemination/statistics/1.0/data/migr_imm1ctz?geo=ES&age=TOTAL&sex=T&agedef=REACH,A,GH,REACH,TOTAL,NR,T,ES
2002-01-01,2002,A|GH|REACH|TOTAL|NR|T|ES,582.0,Number,Eurostat,https://ec.europa.eu/eurostat/api/dissemination/statistics/1.0/data/migr_imm1ctz?geo=ES&age=TOTAL&sex=T&agedef=REACH,A,GH,REACH,TOTAL,NR,T,ES
2003-01-01,2003,A|GH|REACH|TOTAL|NR|T|ES,,Number,Eurostat,https://ec.europa.eu/eurostat/api/dissemination/statistics/1.0/data/migr_imm1ctz?geo=ES&age=TOTAL&sex=T&agedef=REACH,A,GH,REACH,TOTAL,NR,T,ES
2004-01-01,2004,A|GH|REACH|TOTAL|NR|T|ES,2934.0,Number,Eurostat,https://ec.europa.eu/eurostat/api/dissemination/statistics/1.0/data/migr_imm1ctz?geo=ES&age=TOTAL&sex=T&agedef=REACH,A,GH,REACH,TOTAL,NR,T,ES
2005-01-01,2005,A|GH|REACH|TOTAL|NR|T|ES,3274.0,Number,Eurostat,https://ec.europa.eu/eurostat/api/dissemination/statistics/1.0/data/migr_imm1ctz?geo=ES&age=TOTAL&sex=T&agedef=REACH,A,GH,REACH,TOTAL,NR,T,ES
2006-01-01,2006,A|GH|REACH|TOTAL|NR|T|ES,1558.0,Number,Eurostat,https://ec.europa.eu/eurostat/api/dissemination/statistics/1.0/data/migr_imm1ctz?geo=ES&age=TOTAL&sex=T&agedef=REACH,A,GH,REACH,TOTAL,NR,T,ES
2007-01-01,2007,A|GH|REACH|TOTAL|NR|T|ES,1655.0,Number,Eurostat,https://ec.europa.eu/eurostat/api/dissemination/statistics/1.0/data/migr_imm1ctz?geo=ES&age=TOTAL&sex=T&agedef=REACH,A,GH,REACH,TOTAL,NR,T,ES
2008-01-01,2008,A|GH|REACH|TOTAL|NR|T|ES,1912.0,Number,Eurostat,https://ec.europa.eu/eurostat/api/dissemination/statistics/1.0/data/migr_imm1ctz?geo=ES&age=TOTAL&sex=T&agedef=REACH,A,GH,REACH,TOTAL,NR,T,ES
2009-01-01,2009,A|GH|REACH|TOTAL|NR|T|ES,1357.0,Number,Eurostat,https://ec.europa.eu/eurostat/api/dissemination/statistics/1.0/data/migr_imm1ctz?geo=ES&age=TOTAL&sex=T&agedef=REACH,A,GH,REACH,TOTAL,NR,T,ES
2010-01-01,2010,A|GH|REACH|TOTAL|NR|T|ES,1239.0,Number,Eurostat,https://ec.europa.eu/eurostat/api/dissemination/statistics/1.0/data/migr_imm1ctz?geo=ES&age=TOTAL&sex=T&agedef=REACH,A,GH,REACH,TOTAL,NR,T,ES
2011-01-01,2011,A|GH|REACH|TOTAL|NR|T|ES,1303.0,Number,Eurostat,https://ec.europa.eu/eurostat/api/dissemination/statistics/1.0/data/migr_imm1ctz?geo=ES&age=TOTAL&sex=T&agedef=REACH,A,GH,REACH,TOTAL,NR,T,ES
2012-01-01,2012,A|GH|REACH|TOTAL|NR|T|ES,1108.0,Number,Eurostat,https://ec.europa.eu/eurostat/api/dissemination/statistics/1.0/data/migr_imm1ctz?geo=ES&age=TOTAL&sex=T&agedef=REACH,A,GH,REACH,TOTAL,NR,T,ES
2013-01-01,2013,A|GH|REACH|TOTAL|NR|T|ES,1059.0,Number,Eurostat,https://ec.europa.eu/eurostat/api/dissemination/statistics/1.0/data/migr_imm1ctz?geo=ES&age=TOTAL&sex=T&agedef=REACH,A,GH,REACH,TOTAL,NR,T,ES
2014-01-01,2014,A|GH|REACH|TOTAL|NR|T|ES,878.0,Number,Eurostat,https://ec.europa.eu/eurostat/api/dissemination/statistics/1.0/data/migr_imm1ctz?geo=ES&age=TOTAL&sex=T&agedef=REACH,A,GH,REACH,TOTAL,NR,T,ES
2015-01-01,2015,A|GH|REACH|TOTAL|NR|T|ES,877.0,Number,Eurostat,https://ec.europa.eu/eurostat/api/dissemination/statistics/1.0/data/migr_imm1ctz?geo=ES&age=TOTAL&sex=T&agedef=REACH,A,GH,REACH,TOTAL,NR,T,ES
2016-01-01,2016,A|GH|REACH|TOTAL|NR|T|ES,955.0,Number,Eurostat,https://ec.europa.eu/eurostat/api/dissemination/statistics/1.0/data/migr_imm1ctz?geo=ES&age=TOTAL&sex=T&agedef=REACH,A,GH,REACH,TOTAL,NR,T,ES
2017-01-01,2017,A|GH|REACH|TOTAL|NR|T|ES,1237.0,Number,Eurostat,https://ec.europa.eu/eurostat/api/dissemination/statistics/1.0/data/migr_imm1ctz?geo=ES&age=TOTAL&sex=T&agedef=REACH,A,GH,REACH,TOTAL,NR,T,ES
2018-01-01,2018,A|GH|REACH|TOTAL|NR|T|ES,1760.0,Number,Eurostat,https://ec.europa.eu/eurostat/api/dissemination/statistics/1.0/data/migr_imm1ctz?geo=ES&age=TOTAL&sex=T&agedef=REACH,A,GH,REACH,TOTAL,NR,T,ES
2019-01-01,2019,A|GH|REACH|TOTAL|NR|T|ES,2460.0,Number,Eurostat,https://ec.europa.eu/eurostat/api/dissemination/statistics/1.0/data/migr_imm1ctz?geo=ES&age=TOTAL&sex=T&agedef=REACH,A,GH,REACH,TOTAL,NR,T,ES
2020-01-01,2020,A|GH|REACH|TOTAL|NR|T|ES,1339.0,Number,Eurostat,https://ec.europa.eu/eurostat/api/dissemination/statistics/1.0/data/migr_imm1ctz?geo=ES&age=TOTAL&sex=T&agedef=REACH,A,GH,REACH,TOTAL,NR,T,ES
2021-01-01,2021,A|GH|REACH|TOTAL|NR|T|ES,2833.0,Number,Eurostat,https://ec.europa.eu/eurostat/api/dissemination/statistics/1.0/data/migr_imm1ctz?geo=ES&age=TOTAL&sex=T&agedef=REACH,A,GH,REACH,TOTAL,NR,T,ES
2022-01-01,2022,A|GH|REACH|TOTAL|NR|T|ES,2797.0,Number,Eurostat,https://ec.europa.eu/eurostat/api/dissemination/statistics/1.0/data/migr_imm1ctz?geo=ES&age=TOTAL&sex=T&agedef=REACH,A,GH,REACH,TOTAL,NR,T,ES
2023-01-01,2023,A|GH|REACH|TOTAL|NR|T|ES,2506.0,Number,Eurostat,https://ec.europa.eu/eurostat/api/dissemination/statistics/1.0/data/migr_imm1ctz?geo=ES&age=TOTAL&sex=T&agedef=REACH,A,GH,REACH,TOTAL,NR,T,ES
2024-01-01,2024,A|GH|REACH|TOTAL|NR|T|ES,2801.0,Number,Eurostat,https://ec.europa.eu/eurostat/api/dissemination/statistics/1.0/data/migr_imm1ctz?geo=ES&age=TOTAL&sex=T&agedef=REACH,A,GH,REACH,TOTAL,NR,T,ES
1998-01-01,1998,A|GI|REACH|TOTAL|NR|T|ES,0.0,Number,Eurostat,https://ec.europa.eu/eurostat/api/dissemination/statistics/1.0/data/migr_imm1ctz?geo=ES&age=TOTAL&sex=T&agedef=REACH,A,GI,REACH,TOTAL,NR,T,ES
1999-01-01,1999,A|GI|REACH|TOTAL|NR|T|ES,0.0,Number,Eurostat,https://ec.europa.eu/eurostat/api/dissemination/statistics/1.0/data/migr_imm1ctz?geo=ES&age=TOTAL&sex=T&agedef=REACH,A,GI,REACH,TOTAL,NR,T,ES
2000-01-01,2000,A|GI|REACH|TOTAL|NR|T|ES,0.0,Number,Eurostat,https://ec.europa.eu/eurostat/api/dissemination/statistics/1.0/data/migr_imm1ctz?geo=ES&age=TOTAL&sex=T&agedef=REACH,A,GI,REACH,TOTAL,NR,T,ES
2001-01-01,2001,A|GI|REACH|TOTAL|NR|T|ES,0.0,Number,Eurostat,https://ec.europa.eu/eurostat/api/dissemination/statistics/1.0/data/migr_imm1ctz?geo=ES&age=TOTAL&sex=T&agedef=REACH,A,GI,REACH,TOTAL,NR,T,ES
2002-01-01,2002,A|GI|REACH|TOTAL|NR|T|ES,,Number,Eurostat,https://ec.europa.eu/eurostat/api/dissemination/statistics/1.0/data/migr_imm1ctz?geo=ES&age=TOTAL&sex=T&agedef=REACH,A,GI,REACH,TOTAL,NR,T,ES
2003-01-01,2003,A|GI|REACH|TOTAL|NR|T|ES,,Number,Eurostat,https://ec.europa.eu/eurostat/api/dissemination/statistics/1.0/data/migr_imm1ctz?geo=ES&age=TOTAL&sex=T&agedef=REACH,A,GI,REACH,TOTAL,NR,T,ES
2004-01-01,2004,A|GI|REACH|TOTAL|NR|T|ES,,Number,Eurostat,https://ec.europa.eu/eurostat/api/dissemination/statistics/1.0/data/migr_imm1ctz?geo=ES&age=TOTAL&sex=T&agedef=REACH,A,GI,REACH,TOTAL,NR,T,ES
2005-01-01,2005,A|GI|REACH|TOTAL|NR|T|ES,,Number,Eurostat,https://ec.europa.eu/eurostat/api/dissemination/statistics/1.0/data/migr_imm1ctz?geo=ES&age=TOTAL&sex=T&agedef=REACH,A,GI,REACH,TOTAL,NR,T,ES
2006-01-01,2006,A|GI|REACH|TOTAL|NR|T|ES,,Number,Eurostat,https://ec.europa.eu/eurostat/api/dissemination/statistics/1.0/data/migr_imm1ctz?geo=ES&age=TOTAL&sex=T&agedef=REACH,A,GI,REACH,TOTAL,NR,T,ES
2007-01-01,2007,A|GI|REACH|TOTAL|NR|T|ES,,Number,Eurostat,https://ec.europa.eu/eurostat/api/dissemination/statistics/1.0/data/migr_imm1ctz?geo=ES&age=TOTAL&sex=T&agedef=REACH,A,GI,REACH,TOTAL,NR,T,ES
2008-01-01,2008,A|GI|REACH|TOTAL|NR|T|ES,0.0,Number,Eurostat,https://ec.europa.eu/eurostat/api/dissemination/statistics/1.0/data/migr_imm1ctz?geo=ES&age=TOTAL&sex=T&agedef=REACH,A,GI,REACH,TOTAL,NR,T,ES
2009-01-01,2009,A|GI|REACH|TOTAL|NR|T|ES,0.0,Number,Eurostat,https://ec.europa.eu/eurostat/api/dissemination/statistics/1.0/data/migr_imm1ctz?geo=ES&age=TOTAL&sex=T&agedef=REACH,A,GI,REACH,TOTAL,NR,T,ES
2010-01-01,2010,A|GI|REACH|TOTAL|NR|T|ES,0.0,Number,Eurostat,https://ec.europa.eu/eurostat/api/dissemination/statistics/1.0/data/migr_imm1ctz?geo=ES&age=TOTAL&sex=T&agedef=REACH,A,GI,REACH,TOTAL,NR,T,ES
2011-01-01,2011,A|GI|REACH|TOTAL|NR|T|ES,0.0,Number,Eurostat,https://ec.europa.eu/eurostat/api/dissemination/statistics/1.0/data/migr_imm1ctz?geo=ES&age=TOTAL&sex=T&agedef=REACH,A,GI,REACH,TOTAL,NR,T,ES
2012-01-01,2012,A|GI|REACH|TOTAL|NR|T|ES,0.0,Number,Eurostat,https://ec.europa.eu/eurostat/api/dissemination/statistics/1.0/data/migr_imm1ctz?geo=ES&age=TOTAL&sex=T&agedef=REACH,A,GI,REACH,TOTAL,NR,T,ES
2013-01-01,2013,A|GI|REACH|TOTAL|NR|T|ES,0.0,Number,Eurostat,https://ec.europa.eu/eurostat/api/dissemination/statistics/1.0/data/migr_imm1ctz?geo=ES&age=TOTAL&sex=T&agedef=REACH,A,GI,REACH,TOTAL,NR,T,ES
2014-01-01,2014,A|GI|REACH|TOTAL|NR|T|ES,0.0,Number,Eurostat,https://ec.europa.eu/eurostat/api/dissemination/statistics/1.0/data/migr_imm1ctz?geo=ES&age=TOTAL&sex=T&agedef=REACH,A,GI,REACH,TOTAL,NR,T,ES
2008-01-01,2008,A|GL|REACH|TOTAL|NR|T|ES,0.0,Number,Eurostat,https://ec.europa.eu/eurostat/api/dissemination/statistics/1.0/data/migr_imm1ctz?geo=ES&age=TOTAL&sex=T&agedef=REACH,A,GL,REACH,TOTAL,NR,T,ES
2009-01-01,2009,A|GL|REACH|TOTAL|NR|T|ES,0.0,Number,Eurostat,https://ec.europa.eu/eurostat/api/dissemination/statistics/1.0/data/migr_imm1ctz?geo=ES&age=TOTAL&sex=T&agedef=REACH,A,GL,REACH,TOTAL,NR,T,ES
2010-01-01,2010,A|GL|REACH|TOTAL|NR|T|ES,0.0,Number,Eurostat,https://ec.europa.eu/eurostat/api/dissemination/statistics/1.0/data/migr_imm1ctz?geo=ES&age=TOTAL&sex=T&agedef=REACH,A,GL,REACH,TOTAL,NR,T,ES
2011-01-01,2011,A|GL|REACH|TOTAL|NR|T|ES,0.0,Number,Eurostat,https://ec.europa.eu/eurostat/api/dissemination/statistics/1.0/data/migr_imm1ctz?geo=ES&age=TOTAL&sex=T&agedef=REACH,A,GL,REACH,TOTAL,NR,T,ES
2012-01-01,2012,A|GL|REACH|TOTAL|NR|T|ES,0.0,Number,Eurostat,https://ec.europa.eu/eurostat/api/dissemination/statistics/1.0/data/migr_imm1ctz?geo=ES&age=TOTAL&sex=T&agedef=REACH,A,GL,REACH,TOTAL,NR,T,ES
2013-01-01,2013,A|GL|REACH|TOTAL|NR|T|ES,0.0,Number,Eurostat,https://ec.europa.eu/eurostat/api/dissemination/statistics/1.0/data/migr_imm1ctz?geo=ES&age=TOTAL&sex=T&agedef=REACH,A,GL,REACH,TOTAL,NR,T,ES
2014-01-01,2014,A|GL|REACH|TOTAL|NR|T|ES,0.0,Number,Eurostat,https://ec.europa.eu/eurostat/api/dissemination/statistics/1.0/data/migr_imm1ctz?geo=ES&age=TOTAL&sex=T&agedef=REACH,A,GL,REACH,TOTAL,NR,T,ES
1998-01-01,1998,A|GM|REACH|TOTAL|NR|T|ES,176.0,Number,Eurostat,https://ec.europa.eu/eurostat/api/dissemination/statistics/1.0/data/migr_imm1ctz?geo=ES&age=TOTAL&sex=T&agedef=REACH,A,GM,REACH,TOTAL,NR,T,ES
1999-01-01,1999,A|GM|REACH|TOTAL|NR|T|ES,201.0,Number,Eurostat,https://ec.europa.eu/eurostat/api/dissemination/statistics/1.0/data/migr_imm1ctz?geo=ES&age=TOTAL&sex=T&agedef=REACH,A,GM,REACH,TOTAL,NR,T,ES
2000-01-01,2000,A|GM|REACH|TOTAL|NR|T|ES,700.0,Number,Eurostat,https://ec.europa.eu/eurostat/api/dissemination/statistics/1.0/data/migr_imm1ctz?geo=ES&age=TOTAL&sex=T&agedef=REACH,A,GM,REACH,TOTAL,NR,T,ES
2001-01-01,2001,A|GM|REACH|TOTAL|NR|T|ES,730.0,Number,Eurostat,https://ec.europa.eu/eurostat/api/dissemination/statistics/1.0/data/migr_imm1ctz?geo=ES&age=TOTAL&sex=T&agedef=REACH,A,GM,REACH,TOTAL,NR,T,ES
2002-01-01,2002,A|GM|REACH|TOTAL|NR|T|ES,887.0,Number,Eurostat,https://ec.europa.eu/eurostat/api/dissemination/statistics/1.0/data/migr_imm1ctz?geo=ES&age=TOTAL&sex=T&agedef=REACH,A,GM,REACH,TOTAL,NR,T,ES
2003-01-01,2003,A|GM|REACH|TOTAL|NR|T|ES,,Number,Eurostat,https://ec.europa.eu/eurostat/api/dissemination/statistics/1.0/data/migr_imm1ctz?geo=ES&age=TOTAL&sex=T&agedef=REACH,A,GM,REACH,TOTAL,NR,T,ES
2004-01-01,2004,A|GM|REACH|TOTAL|NR|T|ES,1945.0,Number,Eurostat,https://ec.europa.eu/eurostat/api/dissemination/statistics/1.0/data/migr_imm1ctz?geo=ES&age=TOTAL&sex=T&agedef=REACH,A,GM,REACH,TOTAL,NR,T,ES
2005-01-01,2005,A|GM|REACH|TOTAL|NR|T|ES,2082.0,Number,Eurostat,https://ec.europa.eu/eurostat/api/dissemination/statistics/1.0/data/migr_imm1ctz?geo=ES&age=TOTAL&sex=T&agedef=REACH,A,GM,REACH,TOTAL,NR,T,ES
2006-01-01,2006,A|GM|REACH|TOTAL|NR|T|ES,2066.0,Number,Eurostat,https://ec.europa.eu/eurostat/api/dissemination/statistics/1.0/data/migr_imm1ctz?geo=ES&age=TOTAL&sex=T&agedef=REACH,A,GM,REACH,TOTAL,NR,T,ES
2007-01-01,2007,A|GM|REACH|TOTAL|NR|T|ES,2949.0,Number,Eurostat,https://ec.europa.eu/eurostat/api/dissemination/statistics/1.0/data/migr_imm1ctz?geo=ES&age=TOTAL&sex=T&agedef=REACH,A,GM,REACH,TOTAL,NR,T,ES
2008-01-01,2008,A|GM|REACH|TOTAL|NR|T|ES,2551.0,Number,Eurostat,https://ec.europa.eu/eurostat/api/dissemination/statistics/1.0/data/migr_imm1ctz?geo=ES&age=TOTAL&sex=T&agedef=REACH,A,GM,REACH,TOTAL,NR,T,ES
2009-01-01,2009,A|GM|REACH|TOTAL|NR|T|ES,1731.0,Number,Eurostat,https://ec.europa.eu/eurostat/api/dissemination/statistics/1.0/data/migr_imm1ctz?geo=ES&age=TOTAL&sex=T&agedef=REACH,A,GM,REACH,TOTAL,NR,T,ES
2010-01-01,2010,A|GM|REACH|TOTAL|NR|T|ES,1481.0,Number,Eurostat,https://ec.europa.eu/eurostat/api/dissemination/statistics/1.0/data/migr_imm1ctz?geo=ES&age=TOTAL&sex=T&agedef=REACH,A,GM,REACH,TOTAL,NR,T,ES
2011-01-01,2011,A|GM|REACH|TOTAL|NR|T|ES,1380.0,Number,Eurostat,https://ec.europa.eu/eurostat/api/dissemination/statistics/1.0/data/migr_imm1ctz?geo=ES&age=TOTAL&sex=T&agedef=REACH,A,GM,REACH,TOTAL,NR,T,ES
2012-01-01,2012,A|GM|REACH|TOTAL|NR|T|ES,1156.0,Number,Eurostat,https://ec.europa.eu/eurostat/api/dissemination/statistics/1.0/data/migr_imm1ctz?geo=ES&age=TOTAL&sex=T&agedef=REACH,A,GM,REACH,TOTAL,NR,T,ES
2013-01-01,2013,A|GM|REACH|TOTAL|NR|T|ES,1169.0,Number,Eurostat,https://ec.europa.eu/eurostat/api/dissemination/statistics/1.0/data/migr_imm1ctz?geo=ES&age=TOTAL&sex=T&agedef=REACH,A,GM,REACH,TOTAL,NR,T,ES
2014-01-01,2014,A|GM|REACH|TOTAL|NR|T|ES,1190.0,Number,Eurostat,https://ec.europa.eu/eurostat/api/dissemination/statistics/1.0/data/migr_imm1ctz?geo=ES&age=TOTAL&sex=T&agedef=REACH,A,GM,REACH,TOTAL,NR,T,ES
2015-01-01,2015,A|GM|REACH|TOTAL|NR|T|ES,1160.0,Number,Eurostat,https://ec.europa.eu/eurostat/api/dissemination/statistics/1.0/data/migr_imm1ctz?geo=ES&age=TOTAL&sex=T&agedef=REACH,A,GM,REACH,TOTAL,NR,T,ES
2016-01-01,2016,A|GM|REACH|TOTAL|NR|T|ES,1271.0,Number,Eurostat,https://ec.europa.eu/eurostat/api/dissemination/statistics/1.0/data/migr_imm1ctz?geo=ES&age=TOTAL&sex=T&agedef=REACH,A,GM,REACH,TOTAL,NR,T,ES
2017-01-01,2017,A|GM|REACH|TOTAL|NR|T|ES,1308.0,Number,Eurostat,https://ec.europa.eu/eurostat/api/dissemination/statistics/1.0/data/migr_imm1ctz?geo=ES&age=TOTAL&sex=T&agedef=REACH,A,GM,REACH,TOTAL,NR,T,ES
2018-01-01,2018,A|GM|REACH|TOTAL|NR|T|ES,1622.0,Number,Eurostat,https://ec.europa.eu/eurostat/api/dissemination/statistics/1.0/data/migr_imm1ctz?geo=ES&age=TOTAL&sex=T&agedef=REACH,A,GM,REACH,TOTAL,NR,T,ES
2019-01-01,2019,A|GM|REACH|TOTAL|NR|T|ES,2003.0,Number,Eurostat,https://ec.europa.eu/eurostat/api/dissemination/statistics/1.0/data/migr_imm1ctz?geo=ES&age=TOTAL&sex=T&agedef=REACH,A,GM,REACH,TOTAL,NR,T,ES
2020-01-01,2020,A|GM|REACH|TOTAL|NR|T|ES,1541.0,Number,Eurostat,https://ec.europa.eu/eurostat/api/dissemination/statistics/1.0/data/migr_imm1ctz?geo=ES&age=TOTAL&sex=T&agedef=REACH,A,GM,REACH,TOTAL,NR,T,ES
2021-01-01,2021,A|GM|REACH|TOTAL|NR|T|ES,3668.0,Number,Eurostat,https://ec.europa.eu/eurostat/api/dissemination/statistics/1.0/data/migr_imm1ctz?geo=ES&age=TOTAL&sex=T&agedef=REACH,A,GM,REACH,TOTAL,NR,T,ES
2022-01-01,2022,A|GM|REACH|TOTAL|NR|T|ES,3542.0,Number,Eurostat,https://ec.europa.eu/eurostat/api/dissemination/statistics/1.0/data/migr_imm1ctz?geo=ES&age=TOTAL&sex=T&agedef=REACH,A,GM,REACH,TOTAL,NR,T,ES
2023-01-01,2023,A|GM|REACH|TOTAL|NR|T|ES,3387.0,Number,Eurostat,https://ec.europa.eu/eurostat/api/dissemination/statistics/1.0/data/migr_imm1ctz?geo=ES&age=TOTAL&sex=T&agedef=REACH,A,GM,REACH,TOTAL,NR,T,ES
2024-01-01,2024,A|GM|REACH|TOTAL|NR|T|ES,5192.0,Number,Eurostat,https://ec.europa.eu/eurostat/api/dissemination/statistics/1.0/data/migr_imm1ctz?geo=ES&age=TOTAL&sex=T&agedef=REACH,A,GM,REACH,TOTAL,NR,T,ES
1998-01-01,1998,A|GN|REACH|TOTAL|NR|T|ES,122.0,Number,Eurostat,https://ec.europa.eu/eurostat/api/dissemination/statistics/1.0/data/migr_imm1ctz?geo=ES&age=TOTAL&sex=T&agedef=REACH,A,GN,REACH,TOTAL,NR,T,ES
1999-01-01,1999,A|GN|REACH|TOTAL|NR|T|ES,222.0,Number,Eurostat,https://ec.europa.eu/eurostat/api/dissemination/statistics/1.0/data/migr_imm1ctz?geo=ES&age=TOTAL&sex=T&agedef=REACH,A,GN,REACH,TOTAL,NR,T,ES
2000-01-01,2000,A|GN|REACH|TOTAL|NR|T|ES,515.0,Number,Eurostat,https://ec.europa.eu/eurostat/api/dissemination/statistics/1.0/data/migr_imm1ctz?geo=ES&age=TOTAL&sex=T&agedef=REACH,A,GN,REACH,TOTAL,NR,T,ES
2001-01-01,2001,A|GN|REACH|TOTAL|NR|T|ES,516.0,Number,Eurostat,https://ec.europa.eu/eurostat/api/dissemination/statistics/1.0/data/migr_imm1ctz?geo=ES&age=TOTAL&sex=T&agedef=REACH,A,GN,REACH,TOTAL,NR,T,ES
2002-01-01,2002,A|GN|REACH|TOTAL|NR|T|ES,462.0,Number,Eurostat,https://ec.europa.eu/eurostat/api/dissemination/statistics/1.0/data/migr_imm1ctz?geo=ES&age=TOTAL&sex=T&agedef=REACH,A,GN,REACH,TOTAL,NR,T,ES
2003-01-01,2003,A|GN|REACH|TOTAL|NR|T|ES,,Number,Eurostat,https://ec.europa.eu/eurostat/api/dissemination/statistics/1.0/data/migr_imm1ctz?geo=ES&age=TOTAL&sex=T&agedef=REACH,A,GN,REACH,TOTAL,NR,T,ES
2004-01-01,2004,A|GN|REACH|TOTAL|NR|T|ES,1774.0,Number,Eurostat,https://ec.europa.eu/eurostat/api/dissemination/statistics/1.0/data/migr_imm1ctz?geo=ES&age=TOTAL&sex=T&agedef=REACH,A,GN,REACH,TOTAL,NR,T,ES
2005-01-01,2005,A|GN|REACH|TOTAL|NR|T|ES,1768.0,Number,Eurostat,https://ec.europa.eu/eurostat/api/dissemination/statistics/1.0/data/migr_imm1ctz?geo=ES&age=TOTAL&sex=T&agedef=REACH,A,GN,REACH,TOTAL,NR,T,ES
2006-01-01,2006,A|GN|REACH|TOTAL|NR|T|ES,1500.0,Number,Eurostat,https://ec.europa.eu/eurostat/api/dissemination/statistics/1.0/data/migr_imm1ctz?geo=ES&age=TOTAL&sex=T&agedef=REACH,A,GN,REACH,TOTAL,NR,T,ES
2007-01-01,2007,A|GN|REACH|TOTAL|NR|T|ES,1944.0,Number,Eurostat,https://ec.europa.eu/eurostat/api/dissemination/statistics/1.0/data/migr_imm1ctz?geo=ES&age=TOTAL&sex=T&agedef=REACH,A,GN,REACH,TOTAL,NR,T,ES
2008-01-01,2008,A|GN|REACH|TOTAL|NR|T|ES,1757.0,Number,Eurostat,https://ec.europa.eu/eurostat/api/dissemination/statistics/1.0/data/migr_imm1ctz?geo=ES&age=TOTAL&sex=T&agedef=REACH,A,GN,REACH,TOTAL,NR,T,ES
2009-01-01,2009,A|GN|REACH|TOTAL|NR|T|ES,1265.0,Number,Eurostat,https://ec.europa.eu/eurostat/api/dissemination/statistics/1.0/data/migr_imm1ctz?geo=ES&age=TOTAL&sex=T&agedef=REACH,A,GN,REACH,TOTAL,NR,T,ES
2010-01-01,2010,A|GN|REACH|TOTAL|NR|T|ES,891.0,Number,Eurostat,https://ec.europa.eu/eurostat/api/dissemination/statistics/1.0/data/migr_imm1ctz?geo=ES&age=TOTAL&sex=T&agedef=REACH,A,GN,REACH,TOTAL,NR,T,ES
2011-01-01,2011,A|GN|REACH|TOTAL|NR|T|ES,731.0,Number,Eurostat,https://ec.europa.eu/eurostat/api/dissemination/statistics/1.0/data/migr_imm1ctz?geo=ES&age=TOTAL&sex=T&agedef=REACH,A,GN,REACH,TOTAL,NR,T,ES
2012-01-01,2012,A|GN|REACH|TOTAL|NR|T|ES,671.0,Number,Eurostat,https://ec.europa.eu/eurostat/api/dissemination/statistics/1.0/data/migr_imm1ctz?geo=ES&age=TOTAL&sex=T&agedef=REACH,A,GN,REACH,TOTAL,NR,T,ES
2013-01-01,2013,A|GN|REACH|TOTAL|NR|T|ES,620.0,Number,Eurostat,https://ec.europa.eu/eurostat/api/dissemination/statistics/1.0/data/migr_imm1ctz?geo=ES&age=TOTAL&sex=T&agedef=REACH,A,GN,REACH,TOTAL,NR,T,ES
2014-01-01,2014,A|GN|REACH|TOTAL|NR|T|ES,631.0,Number,Eurostat,https://ec.europa.eu/eurostat/api/dissemination/statistics/1.0/data/migr_imm1ctz?geo=ES&age=TOTAL&sex=T&agedef=REACH,A,GN,REACH,TOTAL,NR,T,ES
2015-01-01,2015,A|GN|REACH|TOTAL|NR|T|ES,709.0,Number,Eurostat,https://ec.europa.eu/eurostat/api/dissemination/statistics/1.0/data/migr_imm1ctz?geo=ES&age=TOTAL&sex=T&agedef=REACH,A,GN,REACH,TOTAL,NR,T,ES
2016-01-01,2016,A|GN|REACH|TOTAL|NR|T|ES,797.0,Number,Eurostat,https://ec.europa.eu/eurostat/api/dissemination/statistics/1.0/data/migr_imm1ctz?geo=ES&age=TOTAL&sex=T&agedef=REACH,A,GN,REACH,TOTAL,NR,T,ES
2017-01-01,2017,A|GN|REACH|TOTAL|NR|T|ES,744.0,Number,Eurostat,https://ec.europa.eu/eurostat/api/dissemination/statistics/1.0/data/migr_imm1ctz?geo=ES&age=TOTAL&sex=T&agedef=REACH,A,GN,REACH,TOTAL,NR,T,ES
2018-01-01,2018,A|GN|REACH|TOTAL|NR|T|ES,1149.0,Number,Eurostat,https://ec.europa.eu/eurostat/api/dissemination/statistics/1.0/data/migr_imm1ctz?geo=ES&age=TOTAL&sex=T&agedef=REACH,A,GN,REACH,TOTAL,NR,T,ES
2019-01-01,2019,A|GN|REACH|TOTAL|NR|T|ES,1502.0,Number,Eurostat,https://ec.europa.eu/eurostat/api/dissemination/statistics/1.0/data/migr_imm1ctz?geo=ES&age=TOTAL&sex=T&agedef=REACH,A,GN,REACH,TOTAL,NR,T,ES
2020-01-01,2020,A|GN|REACH|TOTAL|NR|T|ES,775.0,Number,Eurostat,https://ec.europa.eu/eurostat/api/dissemination/statistics/1.0/data/migr_imm1ctz?geo=ES&age=TOTAL&sex=T&agedef=REACH,A,GN,REACH,TOTAL,NR,T,ES
2021-01-01,2021,A|GN|REACH|TOTAL|NR|T|ES,1679.0,Number,Eurostat,https://ec.europa.eu/eurostat/api/dissemination/statistics/1.0/data/migr_imm1ctz?geo=ES&age=TOTAL&sex=T&agedef=REACH,A,GN,REACH,TOTAL,NR,T,ES
2022-01-01,2022,A|GN|REACH|TOTAL|NR|T|ES,1634.0,Number,Eurostat,https://ec.europa.eu/eurostat/api/dissemination/statistics/1.0/data/migr_imm1ctz?geo=ES&age=TOTAL&sex=T&agedef=REACH,A,GN,REACH,TOTAL,NR,T,ES
2023-01-01,2023,A|GN|REACH|TOTAL|NR|T|ES,1674.0,Number,Eurostat,https://ec.europa.eu/eurostat/api/dissemination/statistics/1.0/data/migr_imm1ctz?geo=ES&age=TOTAL&sex=T&agedef=REACH,A,GN,REACH,TOTAL,NR,T,ES
2024-01-01,2024,A|GN|REACH|TOTAL|NR|T|ES,1912.0,Number,Eurostat,https://ec.europa.eu/eurostat/api/dissemination/statistics/1.0/data/migr_imm1ctz?geo=ES&age=TOTAL&sex=T&agedef=REACH,A,GN,REACH,TOTAL,NR,T,ES
1998-01-01,1998,A|GQ|REACH|TOTAL|NR|T|ES,324.0,Number,Eurostat,https://ec.europa.eu/eurostat/api/dissemination/statistics/1.0/data/migr_imm1ctz?geo=ES&age=TOTAL&sex=T&agedef=REACH,A,GQ,REACH,TOTAL,NR,T,ES
1999-01-01,1999,A|GQ|REACH|TOTAL|NR|T|ES,671.0,Number,Eurostat,https://ec.europa.eu/eurostat/api/dissemination/statistics/1.0/data/migr_imm1ctz?geo=ES&age=TOTAL&sex=T&agedef=REACH,A,GQ,REACH,TOTAL,NR,T,ES
2000-01-01,2000,A|GQ|REACH|TOTAL|NR|T|ES,1673.0,Number,Eurostat,https://ec.europa.eu/eurostat/api/dissemination/statistics/1.0/data/migr_imm1ctz?geo=ES&age=TOTAL&sex=T&agedef=REACH,A,GQ,REACH,TOTAL,NR,T,ES
2001-01-01,2001,A|GQ|REACH|TOTAL|NR|T|ES,1104.0,Number,Eurostat,https://ec.europa.eu/eurostat/api/dissemination/statistics/1.0/data/migr_imm1ctz?geo=ES&age=TOTAL&sex=T&agedef=REACH,A,GQ,REACH,TOTAL,NR,T,ES
2002-01-01,2002,A|GQ|REACH|TOTAL|NR|T|ES,916.0,Number,Eurostat,https://ec.europa.eu/eurostat/api/dissemination/statistics/1.0/data/migr_imm1ctz?geo=ES&age=TOTAL&sex=T&agedef=REACH,A,GQ,REACH,TOTAL,NR,T,ES
2003-01-01,2003,A|GQ|REACH|TOTAL|NR|T|ES,,Number,Eurostat,https://ec.europa.eu/eurostat/api/dissemination/statistics/1.0/data/migr_imm1ctz?geo=ES&age=TOTAL&sex=T&agedef=REACH,A,GQ,REACH,TOTAL,NR,T,ES
2004-01-01,2004,A|GQ|REACH|TOTAL|NR|T|ES,1461.0,Number,Eurostat,https://ec.europa.eu/eurostat/api/dissemination/statistics/1.0/data/migr_imm1ctz?geo=ES&age=TOTAL&sex=T&agedef=REACH,A,GQ,REACH,TOTAL,NR,T,ES
2005-01-01,2005,A|GQ|REACH|TOTAL|NR|T|ES,2027.0,Number,Eurostat,https://ec.europa.eu/eurostat/api/dissemination/statistics/1.0/data/migr_imm1ctz?geo=ES&age=TOTAL&sex=T&agedef=REACH,A,GQ,REACH,TOTAL,NR,T,ES
2006-01-01,2006,A|GQ|REACH|TOTAL|NR|T|ES,2803.0,Number,Eurostat,https://ec.europa.eu/eurostat/api/dissemination/statistics/1.0/data/migr_imm1ctz?geo=ES&age=TOTAL&sex=T&agedef=REACH,A,GQ,REACH,TOTAL,NR,T,ES
2007-01-01,2007,A|GQ|REACH|TOTAL|NR|T|ES,2813.0,Number,Eurostat,https://ec.europa.eu/eurostat/api/dissemination/statistics/1.0/data/migr_imm1ctz?geo=ES&age=TOTAL&sex=T&agedef=REACH,A,GQ,REACH,TOTAL,NR,T,ES
2008-01-01,2008,A|GQ|REACH|TOTAL|NR|T|ES,2177.0,Number,Eurostat,https://ec.europa.eu/eurostat/api/dissemination/statistics/1.0/data/migr_imm1ctz?geo=ES&age=TOTAL&sex=T&agedef=REACH,A,GQ,REACH,TOTAL,NR,T,ES
2009-01-01,2009,A|GQ|REACH|TOTAL|NR|T|ES,1461.0,Number,Eurostat,https://ec.europa.eu/eurostat/api/dissemination/statistics/1.0/data/migr_imm1ctz?geo=ES&age=TOTAL&sex=T&agedef=REACH,A,GQ,REACH,TOTAL,NR,T,ES
2010-01-01,2010,A|GQ|REACH|TOTAL|NR|T|ES,1319.0,Number,Eurostat,https://ec.europa.eu/eurostat/api/dissemination/statistics/1.0/data/migr_imm1ctz?geo=ES&age=TOTAL&sex=T&agedef=REACH,A,GQ,REACH,TOTAL,NR,T,ES
2011-01-01,2011,A|GQ|REACH|TOTAL|NR|T|ES,1184.0,Number,Eurostat,https://ec.europa.eu/eurostat/api/dissemination/statistics/1.0/data/migr_imm1ctz?geo=ES&age=TOTAL&sex=T&agedef=REACH,A,GQ,REACH,TOTAL,NR,T,ES
2012-01-01,2012,A|GQ|REACH|TOTAL|NR|T|ES,1071.0,Number,Eurostat,https://ec.europa.eu/eurostat/api/dissemination/statistics/1.0/data/migr_imm1ctz?geo=ES&age=TOTAL&sex=T&agedef=REACH,A,GQ,REACH,TOTAL,NR,T,ES
2013-01-01,2013,A|GQ|REACH|TOTAL|NR|T|ES,1053.0,Number,Eurostat,https://ec.europa.eu/eurostat/api/dissemination/statistics/1.0/data/migr_imm1ctz?geo=ES&age=TOTAL&sex=T&agedef=REACH,A,GQ,REACH,TOTAL,NR,T,ES
2014-01-01,2014,A|GQ|REACH|TOTAL|NR|T|ES,1220.0,Number,Eurostat,https://ec.europa.eu/eurostat/api/dissemination/statistics/1.0/data/migr_imm1ctz?geo=ES&age=TOTAL&sex=T&agedef=REACH,A,GQ,REACH,TOTAL,NR,T,ES
2015-01-01,2015,A|GQ|REACH|TOTAL|NR|T|ES,1506.0,Number,Eurostat,https://ec.europa.eu/eurostat/api/dissemination/statistics/1.0/data/migr_imm1ctz?geo=ES&age=TOTAL&sex=T&agedef=REACH,A,GQ,REACH,TOTAL,NR,T,ES
2016-01-01,2016,A|GQ|REACH|TOTAL|NR|T|ES,1691.0,Number,Eurostat,https://ec.europa.eu/eurostat/api/dissemination/statistics/1.0/data/migr_imm1ctz?geo=ES&age=TOTAL&sex=T&agedef=REACH,A,GQ,REACH,TOTAL,NR,T,ES
2017-01-01,2017,A|GQ|REACH|TOTAL|NR|T|ES,1679.0,Number,Eurostat,https://ec.europa.eu/eurostat/api/dissemination/statistics/1.0/data/migr_imm1ctz?geo=ES&age=TOTAL&sex=T&agedef=REACH,A,GQ,REACH,TOTAL,NR,T,ES
2018-01-01,2018,A|GQ|REACH|TOTAL|NR|T|ES,1598.0,Number,Eurostat,https://ec.europa.eu/eurostat/api/dissemination/statistics/1.0/data/migr_imm1ctz?geo=ES&age=TOTAL&sex=T&agedef=REACH,A,GQ,REACH,TOTAL,NR,T,ES
2019-01-01,2019,A|GQ|REACH|TOTAL|NR|T|ES,1353.0,Number,Eurostat,https://ec.europa.eu/eurostat/api/dissemination/statistics/1.0/data/migr_imm1ctz?geo=ES&age=TOTAL&sex=T&agedef=REACH,A,GQ,REACH,TOTAL,NR,T,ES
2020-01-01,2020,A|GQ|REACH|TOTAL|NR|T|ES,671.0,Number,Eurostat,https://ec.europa.eu/eurostat/api/dissemination/statistics/1.0/data/migr_imm1ctz?geo=ES&age=TOTAL&sex=T&agedef=REACH,A,GQ,REACH,TOTAL,NR,T,ES
2021-01-01,2021,A|GQ|REACH|TOTAL|NR|T|ES,2046.0,Number,Eurostat,https://ec.europa.eu/eurostat/api/dissemination/statistics/1.0/data/migr_imm1ctz?geo=ES&age=TOTAL&sex=T&agedef=REACH,A,GQ,REACH,TOTAL,NR,T,ES
2022-01-01,2022,A|GQ|REACH|TOTAL|NR|T|ES,2590.0,Number,Eurostat,https://ec.europa.eu/eurostat/api/dissemination/statistics/1.0/data/migr_imm1ctz?geo=ES&age=TOTAL&sex=T&agedef=REACH,A,GQ,REACH,TOTAL,NR,T,ES
2023-01-01,2023,A|GQ|REACH|TOTAL|NR|T|ES,2584.0,Number,Eurostat,https://ec.europa.eu/eurostat/api/dissemination/statistics/1.0/data/migr_imm1ctz?geo=ES&age=TOTAL&sex=T&agedef=REACH,A,GQ,REACH,TOTAL,NR,T,ES
2024-01-01,2024,A|GQ|REACH|TOTAL|NR|T|ES,2519.0,Number,Eurostat,https://ec.europa.eu/eurostat/api/dissemination/statistics/1.0/data/migr_imm1ctz?geo=ES&age=TOTAL&sex=T&agedef=REACH,A,GQ,REACH,TOTAL,NR,T,ES
1998-01-01,1998,A|GT|REACH|TOTAL|NR|T|ES,55.0,Number,Eurostat,https://ec.europa.eu/eurostat/api/dissemination/statistics/1.0/data/migr_imm1ctz?geo=ES&age=TOTAL&sex=T&agedef=REACH,A,GT,REACH,TOTAL,NR,T,ES
1999-01-01,1999,A|GT|REACH|TOTAL|NR|T|ES,86.0,Number,Eurostat,https://ec.europa.eu/eurostat/api/dissemination/statistics/1.0/data/migr_imm1ctz?geo=ES&age=TOTAL&sex=T&agedef=REACH,A,GT,REACH,TOTAL,NR,T,ES
2000-01-01,2000,A|GT|REACH|TOTAL|NR|T|ES,178.0,Number,Eurostat,https://ec.europa.eu/eurostat/api/dissemination/statistics/1.0/data/migr_imm1ctz?geo=ES&age=TOTAL&sex=T&agedef=REACH,A,GT,REACH,TOTAL,NR,T,ES
2001-01-01,2001,A|GT|REACH|TOTAL|NR|T|ES,204.0,Number,Eurostat,https://ec.europa.eu/eurostat/api/dissemination/statistics/1.0/data/migr_imm1ctz?geo=ES&age=TOTAL&sex=T&agedef=REACH,A,GT,REACH,TOTAL,NR,T,ES
2002-01-01,2002,A|GT|REACH|TOTAL|NR|T|ES,257.0,Number,Eurostat,https://ec.europa.eu/eurostat/api/dissemination/statistics/1.0/data/migr_imm1ctz?geo=ES&age=TOTAL&sex=T&agedef=REACH,A,GT,REACH,TOTAL,NR,T,ES
2003-01-01,2003,A|GT|REACH|TOTAL|NR|T|ES,,Number,Eurostat,https://ec.europa.eu/eurostat/api/dissemination/statistics/1.0/data/migr_imm1ctz?geo=ES&age=TOTAL&sex=T&agedef=REACH,A,GT,REACH,TOTAL,NR,T,ES
2004-01-01,2004,A|GT|REACH|TOTAL|NR|T|ES,409.0,Number,Eurostat,https://ec.europa.eu/eurostat/api/dissemination/statistics/1.0/data/migr_imm1ctz?geo=ES&age=TOTAL&sex=T&agedef=REACH,A,GT,REACH,TOTAL,NR,T,ES
2005-01-01,2005,A|GT|REACH|TOTAL|NR|T|ES,616.0,Number,Eurostat,https://ec.europa.eu/eurostat/api/dissemination/statistics/1.0/data/migr_imm1ctz?geo=ES&age=TOTAL&sex=T&agedef=REACH,A,GT,REACH,TOTAL,NR,T,ES
2006-01-01,2006,A|GT|REACH|TOTAL|NR|T|ES,939.0,Number,Eurostat,https://ec.europa.eu/eurostat/api/dissemination/statistics/1.0/data/migr_imm1ctz?geo=ES&age=TOTAL&sex=T&agedef=REACH,A,GT,REACH,TOTAL,NR,T,ES
2007-01-01,2007,A|GT|REACH|TOTAL|NR|T|ES,1205.0,Number,Eurostat,https://ec.europa.eu/eurostat/api/dissemination/statistics/1.0/data/migr_imm1ctz?geo=ES&age=TOTAL&sex=T&agedef=REACH,A,GT,REACH,TOTAL,NR,T,ES
1998-01-01,1998,A|GW|REACH|TOTAL|NR|T|ES,57.0,Number,Eurostat,https://ec.europa.eu/eurostat/api/dissemination/statistics/1.0/data/migr_imm1ctz?geo=ES&age=TOTAL&sex=T&agedef=REACH,A,GW,REACH,TOTAL,NR,T,ES
1999-01-01,1999,A|GW|REACH|TOTAL|NR|T|ES,153.0,Number,Eurostat,https://ec.europa.eu/eurostat/api/dissemination/statistics/1.0/data/migr_imm1ctz?geo=ES&age=TOTAL&sex=T&agedef=REACH,A,GW,REACH,TOTAL,NR,T,ES
2000-01-01,2000,A|GW|REACH|TOTAL|NR|T|ES,502.0,Number,Eurostat,https://ec.europa.eu/eurostat/api/dissemination/statistics/1.0/data/migr_imm1ctz?geo=ES&age=TOTAL&sex=T&agedef=REACH,A,GW,REACH,TOTAL,NR,T,ES
2001-01-01,2001,A|GW|REACH|TOTAL|NR|T|ES,388.0,Number,Eurostat,https://ec.europa.eu/eurostat/api/dissemination/statistics/1.0/data/migr_imm1ctz?geo=ES&age=TOTAL&sex=T&agedef=REACH,A,GW,REACH,TOTAL,NR,T,ES
2002-01-01,2002,A|GW|REACH|TOTAL|NR|T|ES,321.0,Number,Eurostat,https://ec.europa.eu/eurostat/api/dissemination/statistics/1.0/data/migr_imm1ctz?geo=ES&age=TOTAL&sex=T&agedef=REACH,A,GW,REACH,TOTAL,NR,T,ES
2003-01-01,2003,A|GW|REACH|TOTAL|NR|T|ES,,Number,Eurostat,https://ec.europa.eu/eurostat/api/dissemination/statistics/1.0/data/migr_imm1ctz?geo=ES&age=TOTAL&sex=T&agedef=REACH,A,GW,REACH,TOTAL,NR,T,ES
2004-01-01,2004,A|GW|REACH|TOTAL|NR|T|ES,1016.0,Number,Eurostat,https://ec.europa.eu/eurostat/api/dissemination/statistics/1.0/data/migr_imm1ctz?geo=ES&age=TOTAL&sex=T&agedef=REACH,A,GW,REACH,TOTAL,NR,T,ES
2005-01-01,2005,A|GW|REACH|TOTAL|NR|T|ES,905.0,Number,Eurostat,https://ec.europa.eu/eurostat/api/dissemination/statistics/1.0/data/migr_imm1ctz?geo=ES&age=TOTAL&sex=T&agedef=REACH,A,GW,REACH,TOTAL,NR,T,ES
2006-01-01,2006,A|GW|REACH|TOTAL|NR|T|ES,903.0,Number,Eurostat,https://ec.europa.eu/eurostat/api/dissemination/statistics/1.0/data/migr_imm1ctz?geo=ES&age=TOTAL&sex=T&agedef=REACH,A,GW,REACH,TOTAL,NR,T,ES
2007-01-01,2007,A|GW|REACH|TOTAL|NR|T|ES,1060.0,Number,Eurostat,https://ec.europa.eu/eurostat/api/dissemination/statistics/1.0/data/migr_imm1ctz?geo=ES&age=TOTAL&sex=T&agedef=REACH,A,GW,REACH,TOTAL,NR,T,ES
1998-01-01,1998,A|GY|REACH|TOTAL|NR|T|ES,0.0,Number,Eurostat,https://ec.europa.eu/eurostat/api/dissemination/statistics/1.0/data/migr_imm1ctz?geo=ES&age=TOTAL&sex=T&agedef=REACH,A,GY,REACH,TOTAL,NR,T,ES
1999-01-01,1999,A|GY|REACH|TOTAL|NR|T|ES,0.0,Number,Eurostat,https://ec.europa.eu/eurostat/api/dissemination/statistics/1.0/data/migr_imm1ctz?geo=ES&age=TOTAL&sex=T&agedef=REACH,A,GY,REACH,TOTAL,NR,T,ES
2000-01-01,2000,A|GY|REACH|TOTAL|NR|T|ES,4.0,Number,Eurostat,https://ec.europa.eu/eurostat/api/dissemination/statistics/1.0/data/migr_imm1ctz?geo=ES&age=TOTAL&sex=T&agedef=REACH,A,GY,REACH,TOTAL,NR,T,ES
2001-01-01,2001,A|GY|REACH|TOTAL|NR|T|ES,3.0,Number,Eurostat,https://ec.europa.eu/eurostat/api/dissemination/statistics/1.0/data/migr_imm1ctz?geo=ES&age=TOTAL&sex=T&agedef=REACH,A,GY,REACH,TOTAL,NR,T,ES
2002-01-01,2002,A|GY|REACH|TOTAL|NR|T|ES,6.0,Number,Eurostat,https://ec.europa.eu/eurostat/api/dissemination/statistics/1.0/data/migr_imm1ctz?geo=ES&age=TOTAL&sex=T&agedef=REACH,A,GY,REACH,TOTAL,NR,T,ES
2003-01-01,2003,A|GY|REACH|TOTAL|NR|T|ES,,Number,Eurostat,https://ec.europa.eu/eurostat/api/dissemination/statistics/1.0/data/migr_imm1ctz?geo=ES&age=TOTAL&sex=T&agedef=REACH,A,GY,REACH,TOTAL,NR,T,ES
2004-01-01,2004,A|GY|REACH|TOTAL|NR|T|ES,5.0,Number,Eurostat,https://ec.europa.eu/eurostat/api/dissemination/statistics/1.0/data/migr_imm1ctz?geo=ES&age=TOTAL&sex=T&agedef=REACH,A,GY,REACH,TOTAL,NR,T,ES
2005-01-01,2005,A|GY|REACH|TOTAL|NR|T|ES,6.0,Number,Eurostat,https://ec.europa.eu/eurostat/api/dissemination/statistics/1.0/data/migr_imm1ctz?geo=ES&age=TOTAL&sex=T&agedef=REACH,A,GY,REACH,TOTAL,NR,T,ES
2006-01-01,2006,A|GY|REACH|TOTAL|NR|T|ES,3.0,Number,Eurostat,https://ec.europa.eu/eurostat/api/dissemination/statistics/1.0/data/migr_imm1ctz?geo=ES&age=TOTAL&sex=T&agedef=REACH,A,GY,REACH,TOTAL,NR,T,ES
2007-01-01,2007,A|GY|REACH|TOTAL|NR|T|ES,3.0,Number,Eurostat,https://ec.europa.eu/eurostat/api/dissemination/statistics/1.0/data/migr_imm1ctz?geo=ES&age=TOTAL&sex=T&agedef=REACH,A,GY,REACH,TOTAL,NR,T,ES
2008-01-01,2008,A|GY|REACH|TOTAL|NR|T|ES,2.0,Number,Eurostat,https://ec.europa.eu/eurostat/api/dissemination/statistics/1.0/data/migr_imm1ctz?geo=ES&age=TOTAL&sex=T&agedef=REACH,A,GY,REACH,TOTAL,NR,T,ES
2009-01-01,2009,A|GY|REACH|TOTAL|NR|T|ES,3.0,Number,Eurostat,https://ec.europa.eu/eurostat/api/dissemination/statistics/1.0/data/migr_imm1ctz?geo=ES&age=TOTAL&sex=T&agedef=REACH,A,GY,REACH,TOTAL,NR,T,ES
2010-01-01,2010,A|GY|REACH|TOTAL|NR|T|ES,3.0,Number,Eurostat,https://ec.europa.eu/eurostat/api/dissemination/statistics/1.0/data/migr_imm1ctz?geo=ES&age=TOTAL&sex=T&agedef=REACH,A,GY,REACH,TOTAL,NR,T,ES
2011-01-01,2011,A|GY|REACH|TOTAL|NR|T|ES,3.0,Number,Eurostat,https://ec.europa.eu/eurostat/api/dissemination/statistics/1.0/data/migr_imm1ctz?geo=ES&age=TOTAL&sex=T&agedef=REACH,A,GY,REACH,TOTAL,NR,T,ES
2012-01-01,2012,A|GY|REACH|TOTAL|NR|T|ES,6.0,Number,Eurostat,https://ec.europa.eu/eurostat/api/dissemination/statistics/1.0/data/migr_imm1ctz?geo=ES&age=TOTAL&sex=T&agedef=REACH,A,GY,REACH,TOTAL,NR,T,ES
2013-01-01,2013,A|GY|REACH|TOTAL|NR|T|ES,5.0,Number,Eurostat,https://ec.europa.eu/eurostat/api/dissemination/statistics/1.0/data/migr_imm1ctz?geo=ES&age=TOTAL&sex=T&agedef=REACH,A,GY,REACH,TOTAL,NR,T,ES
2014-01-01,2014,A|GY|REACH|TOTAL|NR|T|ES,3.0,Number,Eurostat,https://ec.europa.eu/eurostat/api/dissemination/statistics/1.0/data/migr_imm1ctz?geo=ES&age=TOTAL&sex=T&agedef=REACH,A,GY,REACH,TOTAL,NR,T,ES
2008-01-01,2008,A|HDC_EXT|REACH|TOTAL|NR|T|ES,112210.0,Number,Eurostat,https://ec.europa.eu/eurostat/api/dissemination/statistics/1.0/data/migr_imm1ctz?geo=ES&age=TOTAL&sex=T&agedef=REACH,A,HDC_EXT,REACH,TOTAL,NR,T,ES
2009-01-01,2009,A|HDC_EXT|REACH|TOTAL|NR|T|ES,63240.0,Number,Eurostat,https://ec.europa.eu/eurostat/api/dissemination/statistics/1.0/data/migr_imm1ctz?geo=ES&age=TOTAL&sex=T&agedef=REACH,A,HDC_EXT,REACH,TOTAL,NR,T,ES
2010-01-01,2010,A|HDC_EXT|REACH|TOTAL|NR|T|ES,55657.0,Number,Eurostat,https://ec.europa.eu/eurostat/api/dissemination/statistics/1.0/data/migr_imm1ctz?geo=ES&age=TOTAL&sex=T&agedef=REACH,A,HDC_EXT,REACH,TOTAL,NR,T,ES
2011-01-01,2011,A|HDC_EXT|REACH|TOTAL|NR|T|ES,60305.0,Number,Eurostat,https://ec.europa.eu/eurostat/api/dissemination/statistics/1.0/data/migr_imm1ctz?geo=ES&age=TOTAL&sex=T&agedef=REACH,A,HDC_EXT,REACH,TOTAL,NR,T,ES
2012-01-01,2012,A|HDC_EXT|REACH|TOTAL|NR|T|ES,51251.0,Number,Eurostat,https://ec.europa.eu/eurostat/api/dissemination/statistics/1.0/data/migr_imm1ctz?geo=ES&age=TOTAL&sex=T&agedef=REACH,A,HDC_EXT,REACH,TOTAL,NR,T,ES
1998-01-01,1998,A|HN|REACH|TOTAL|NR|T|ES,107.0,Number,Eurostat,https://ec.europa.eu/eurostat/api/dissemination/statistics/1.0/data/migr_imm1ctz?geo=ES&age=TOTAL&sex=T&agedef=REACH,A,HN,REACH,TOTAL,NR,T,ES
1999-01-01,1999,A|HN|REACH|TOTAL|NR|T|ES,203.0,Number,Eurostat,https://ec.europa.eu/eurostat/api/dissemination/statistics/1.0/data/migr_imm1ctz?geo=ES&age=TOTAL&sex=T&agedef=REACH,A,HN,REACH,TOTAL,NR,T,ES
2000-01-01,2000,A|HN|REACH|TOTAL|NR|T|ES,498.0,Number,Eurostat,https://ec.europa.eu/eurostat/api/dissemination/statistics/1.0/data/migr_imm1ctz?geo=ES&age=TOTAL&sex=T&agedef=REACH,A,HN,REACH,TOTAL,NR,T,ES
2001-01-01,2001,A|HN|REACH|TOTAL|NR|T|ES,567.0,Number,Eurostat,https://ec.europa.eu/eurostat/api/dissemination/statistics/1.0/data/migr_imm1ctz?geo=ES&age=TOTAL&sex=T&agedef=REACH,A,HN,REACH,TOTAL,NR,T,ES
2002-01-01,2002,A|HN|REACH|TOTAL|NR|T|ES,741.0,Number,Eurostat,https://ec.europa.eu/eurostat/api/dissemination/statistics/1.0/data/migr_imm1ctz?geo=ES&age=TOTAL&sex=T&agedef=REACH,A,HN,REACH,TOTAL,NR,T,ES
2003-01-01,2003,A|HN|REACH|TOTAL|NR|T|ES,,Number,Eurostat,https://ec.europa.eu/eurostat/api/dissemination/statistics/1.0/data/migr_imm1ctz?geo=ES&age=TOTAL&sex=T&agedef=REACH,A,HN,REACH,TOTAL,NR,T,ES
2004-01-01,2004,A|HN|REACH|TOTAL|NR|T|ES,1931.0,Number,Eurostat,https://ec.europa.eu/eurostat/api/dissemination/statistics/1.0/data/migr_imm1ctz?geo=ES&age=TOTAL&sex=T&agedef=REACH,A,HN,REACH,TOTAL,NR,T,ES
2005-01-01,2005,A|HN|REACH|TOTAL|NR|T|ES,2786.0,Number,Eurostat,https://ec.europa.eu/eurostat/api/dissemination/statistics/1.0/data/migr_imm1ctz?geo=ES&age=TOTAL&sex=T&agedef=REACH,A,HN,REACH,TOTAL,NR,T,ES
2006-01-01,2006,A|HN|REACH|TOTAL|NR|T|ES,6454.0,Number,Eurostat,https://ec.europa.eu/eurostat/api/dissemination/statistics/1.0/data/migr_imm1ctz?geo=ES&age=TOTAL&sex=T&agedef=REACH,A,HN,REACH,TOTAL,NR,T,ES
2007-01-01,2007,A|HN|REACH|TOTAL|NR|T|ES,8756.0,Number,Eurostat,https://ec.europa.eu/eurostat/api/dissemination/statistics/1.0/data/migr_imm1ctz?geo=ES&age=TOTAL&sex=T&agedef=REACH,A,HN,REACH,TOTAL,NR,T,ES
2008-01-01,2008,A|HN|REACH|TOTAL|NR|T|ES,4551.0,Number,Eurostat,https://ec.europa.eu/eurostat/api/dissemination/statistics/1.0/data/migr_imm1ctz?geo=ES&age=TOTAL&sex=T&agedef=REACH,A,HN,REACH,TOTAL,NR,T,ES
2009-01-01,2009,A|HN|REACH|TOTAL|NR|T|ES,3695.0,Number,Eurostat,https://ec.europa.eu/eurostat/api/dissemination/statistics/1.0/data/migr_imm1ctz?geo=ES&age=TOTAL&sex=T&agedef=REACH,A,HN,REACH,TOTAL,NR,T,ES
2010-01-01,2010,A|HN|REACH|TOTAL|NR|T|ES,4705.0,Number,Eurostat,https://ec.europa.eu/eurostat/api/dissemination/statistics/1.0/data/migr_imm1ctz?geo=ES&age=TOTAL&sex=T&agedef=REACH,A,HN,REACH,TOTAL,NR,T,ES
2011-01-01,2011,A|HN|REACH|TOTAL|NR|T|ES,6265.0,Number,Eurostat,https://ec.europa.eu/eurostat/api/dissemination/statistics/1.0/data/migr_imm1ctz?geo=ES&age=TOTAL&sex=T&agedef=REACH,A,HN,REACH,TOTAL,NR,T,ES
2012-01-01,2012,A|HN|REACH|TOTAL|NR|T|ES,5287.0,Number,Eurostat,https://ec.europa.eu/eurostat/api/dissemination/statistics/1.0/data/migr_imm1ctz?geo=ES&age=TOTAL&sex=T&agedef=REACH,A,HN,REACH,TOTAL,NR,T,ES
2013-01-01,2013,A|HN|REACH|TOTAL|NR|T|ES,4342.0,Number,Eurostat,https://ec.europa.eu/eurostat/api/dissemination/statistics/1.0/data/migr_imm1ctz?geo=ES&age=TOTAL&sex=T&agedef=REACH,A,HN,REACH,TOTAL,NR,T,ES
2014-01-01,2014,A|HN|REACH|TOTAL|NR|T|ES,5681.0,Number,Eurostat,https://ec.europa.eu/eurostat/api/dissemination/statistics/1.0/data/migr_imm1ctz?geo=ES&age=TOTAL&sex=T&agedef=REACH,A,HN,REACH,TOTAL,NR,T,ES
2015-01-01,2015,A|HN|REACH|TOTAL|NR|T|ES,7632.0,Number,Eurostat,https://ec.europa.eu/eurostat/api/dissemination/statistics/1.0/data/migr_imm1ctz?geo=ES&age=TOTAL&sex=T&agedef=REACH,A,HN,REACH,TOTAL,NR,T,ES
2016-01-01,2016,A|HN|REACH|TOTAL|NR|T|ES,10895.0,Number,Eurostat,https://ec.europa.eu/eurostat/api/dissemination/statistics/1.0/data/migr_imm1ctz?geo=ES&age=TOTAL&sex=T&agedef=REACH,A,HN,REACH,TOTAL,NR,T,ES
2017-01-01,2017,A|HN|REACH|TOTAL|NR|T|ES,18282.0,Number,Eurostat,https://ec.europa.eu/eurostat/api/dissemination/statistics/1.0/data/migr_imm1ctz?geo=ES&age=TOTAL&sex=T&agedef=REACH,A,HN,REACH,TOTAL,NR,T,ES
2018-01-01,2018,A|HN|REACH|TOTAL|NR|T|ES,23439.0,Number,Eurostat,https://ec.europa.eu/eurostat/api/dissemination/statistics/1.0/data/migr_imm1ctz?geo=ES&age=TOTAL&sex=T&agedef=REACH,A,HN,REACH,TOTAL,NR,T,ES
2019-01-01,2019,A|HN|REACH|TOTAL|NR|T|ES,29080.0,Number,Eurostat,https://ec.europa.eu/eurostat/api/dissemination/statistics/1.0/data/migr_imm1ctz?geo=ES&age=TOTAL&sex=T&agedef=REACH,A,HN,REACH,TOTAL,NR,T,ES
2020-01-01,2020,A|HN|REACH|TOTAL|NR|T|ES,18663.0,Number,Eurostat,https://ec.europa.eu/eurostat/api/dissemination/statistics/1.0/data/migr_imm1ctz?geo=ES&age=TOTAL&sex=T&agedef=REACH,A,HN,REACH,TOTAL,NR,T,ES
2021-01-01,2021,A|HN|REACH|TOTAL|NR|T|ES,19928.0,Number,Eurostat,https://ec.europa.eu/eurostat/api/dissemination/statistics/1.0/data/migr_imm1ctz?geo=ES&age=TOTAL&sex=T&agedef=REACH,A,HN,REACH,TOTAL,NR,T,ES
2022-01-01,2022,A|HN|REACH|TOTAL|NR|T|ES,34594.0,Number,Eurostat,https://ec.europa.eu/eurostat/api/dissemination/statistics/1.0/data/migr_imm1ctz?geo=ES&age=TOTAL&sex=T&agedef=REACH,A,HN,REACH,TOTAL,NR,T,ES
2023-01-01,2023,A|HN|REACH|TOTAL|NR|T|ES,32357.0,Number,Eurostat,https://ec.europa.eu/eurostat/api/dissemination/statistics/1.0/data/migr_imm1ctz?geo=ES&age=TOTAL&sex=T&agedef=REACH,A,HN,REACH,TOTAL,NR,T,ES
2024-01-01,2024,A|HN|REACH|TOTAL|NR|T|ES,29077.0,Number,Eurostat,https://ec.europa.eu/eurostat/api/dissemination/statistics/1.0/data/migr_imm1ctz?geo=ES&age=TOTAL&sex=T&agedef=REACH,A,HN,REACH,TOTAL,NR,T,ES
1998-01-01,1998,A|HR|REACH|TOTAL|NR|T|ES,63.0,Number,Eurostat,https://ec.europa.eu/eurostat/api/dissemination/statistics/1.0/data/migr_imm1ctz?geo=ES&age=TOTAL&sex=T&agedef=REACH,A,HR,REACH,TOTAL,NR,T,ES
1999-01-01,1999,A|HR|REACH|TOTAL|NR|T|ES,50.0,Number,Eurostat,https://ec.europa.eu/eurostat/api/dissemination/statistics/1.0/data/migr_imm1ctz?geo=ES&age=TOTAL&sex=T&agedef=REACH,A,HR,REACH,TOTAL,NR,T,ES
2000-01-01,2000,A|HR|REACH|TOTAL|NR|T|ES,160.0,Number,Eurostat,https://ec.europa.eu/eurostat/api/dissemination/statistics/1.0/data/migr_imm1ctz?geo=ES&age=TOTAL&sex=T&agedef=REACH,A,HR,REACH,TOTAL,NR,T,ES
2001-01-01,2001,A|HR|REACH|TOTAL|NR|T|ES,165.0,Number,Eurostat,https://ec.europa.eu/eurostat/api/dissemination/statistics/1.0/data/migr_imm1ctz?geo=ES&age=TOTAL&sex=T&agedef=REACH,A,HR,REACH,TOTAL,NR,T,ES
2002-01-01,2002,A|HR|REACH|TOTAL|NR|T|ES,161.0,Number,Eurostat,https://ec.europa.eu/eurostat/api/dissemination/statistics/1.0/data/migr_imm1ctz?geo=ES&age=TOTAL&sex=T&agedef=REACH,A,HR,REACH,TOTAL,NR,T,ES
2003-01-01,2003,A|HR|REACH|TOTAL|NR|T|ES,,Number,Eurostat,https://ec.europa.eu/eurostat/api/dissemination/statistics/1.0/data/migr_imm1ctz?geo=ES&age=TOTAL&sex=T&agedef=REACH,A,HR,REACH,TOTAL,NR,T,ES
2004-01-01,2004,A|HR|REACH|TOTAL|NR|T|ES,250.0,Number,Eurostat,https://ec.europa.eu/eurostat/api/dissemination/statistics/1.0/data/migr_imm1ctz?geo=ES&age=TOTAL&sex=T&agedef=REACH,A,HR,REACH,TOTAL,NR,T,ES
2005-01-01,2005,A|HR|REACH|TOTAL|NR|T|ES,290.0,Number,Eurostat,https://ec.europa.eu/eurostat/api/dissemination/statistics/1.0/data/migr_imm1ctz?geo=ES&age=TOTAL&sex=T&agedef=REACH,A,HR,REACH,TOTAL,NR,T,ES
2006-01-01,2006,A|HR|REACH|TOTAL|NR|T|ES,294.0,Number,Eurostat,https://ec.europa.eu/eurostat/api/dissemination/statistics/1.0/data/migr_imm1ctz?geo=ES&age=TOTAL&sex=T&agedef=REACH,A,HR,REACH,TOTAL,NR,T,ES
2007-01-01,2007,A|HR|REACH|TOTAL|NR|T|ES,270.0,Number,Eurostat,https://ec.europa.eu/eurostat/api/dissemination/statistics/1.0/data/migr_imm1ctz?geo=ES&age=TOTAL&sex=T&agedef=REACH,A,HR,REACH,TOTAL,NR,T,ES
1998-01-01,1998,A|HT|REACH|TOTAL|NR|T|ES,7.0,Number,Eurostat,https://ec.europa.eu/eurostat/api/dissemination/statistics/1.0/data/migr_imm1ctz?geo=ES&age=TOTAL&sex=T&agedef=REACH,A,HT,REACH,TOTAL,NR,T,ES
1999-01-01,1999,A|HT|REACH|TOTAL|NR|T|ES,2.0,Number,Eurostat,https://ec.europa.eu/eurostat/api/dissemination/statistics/1.0/data/migr_imm1ctz?geo=ES&age=TOTAL&sex=T&agedef=REACH,A,HT,REACH,TOTAL,NR,T,ES
2000-01-01,2000,A|HT|REACH|TOTAL|NR|T|ES,9.0,Number,Eurostat,https://ec.europa.eu/eurostat/api/dissemination/statistics/1.0/data/migr_imm1ctz?geo=ES&age=TOTAL&sex=T&agedef=REACH,A,HT,REACH,TOTAL,NR,T,ES
2001-01-01,2001,A|HT|REACH|TOTAL|NR|T|ES,17.0,Number,Eurostat,https://ec.europa.eu/eurostat/api/dissemination/statistics/1.0/data/migr_imm1ctz?geo=ES&age=TOTAL&sex=T&agedef=REACH,A,HT,REACH,TOTAL,NR,T,ES
2002-01-01,2002,A|HT|REACH|TOTAL|NR|T|ES,13.0,Number,Eurostat,https://ec.europa.eu/eurostat/api/dissemination/statistics/1.0/data/migr_imm1ctz?geo=ES&age=TOTAL&sex=T&agedef=REACH,A,HT,REACH,TOTAL,NR,T,ES
2003-01-01,2003,A|HT|REACH|TOTAL|NR|T|ES,,Number,Eurostat,https://ec.europa.eu/eurostat/api/dissemination/statistics/1.0/data/migr_imm1ctz?geo=ES&age=TOTAL&sex=T&agedef=REACH,A,HT,REACH,TOTAL,NR,T,ES
2004-01-01,2004,A|HT|REACH|TOTAL|NR|T|ES,35.0,Number,Eurostat,https://ec.europa.eu/eurostat/api/dissemination/statistics/1.0/data/migr_imm1ctz?geo=ES&age=TOTAL&sex=T&agedef=REACH,A,HT,REACH,TOTAL,NR,T,ES
2005-01-01,2005,A|HT|REACH|TOTAL|NR|T|ES,38.0,Number,Eurostat,https://ec.europa.eu/eurostat/api/dissemination/statistics/1.0/data/migr_imm1ctz?geo=ES&age=TOTAL&sex=T&agedef=REACH,A,HT,REACH,TOTAL,NR,T,ES
2006-01-01,2006,A|HT|REACH|TOTAL|NR|T|ES,43.0,Number,Eurostat,https://ec.europa.eu/eurostat/api/dissemination/statistics/1.0/data/migr_imm1ctz?geo=ES&age=TOTAL&sex=T&agedef=REACH,A,HT,REACH,TOTAL,NR,T,ES
2007-01-01,2007,A|HT|REACH|TOTAL|NR|T|ES,66.0,Number,Eurostat,https://ec.europa.eu/eurostat/api/dissemination/statistics/1.0/data/migr_imm1ctz?geo=ES&age=TOTAL&sex=T&agedef=REACH,A,HT,REACH,TOTAL,NR,T,ES
1998-01-01,1998,A|HU|REACH|TOTAL|NR|T|ES,31.0,Number,Eurostat,https://ec.europa.eu/eurostat/api/dissemination/statistics/1.0/data/migr_imm1ctz?geo=ES&age=TOTAL&sex=T&agedef=REACH,A,HU,REACH,TOTAL,NR,T,ES
1999-01-01,1999,A|HU|REACH|TOTAL|NR|T|ES,80.0,Number,Eurostat,https://ec.europa.eu/eurostat/api/dissemination/statistics/1.0/data/migr_imm1ctz?geo=ES&age=TOTAL&sex=T&agedef=REACH,A,HU,REACH,TOTAL,NR,T,ES
2000-01-01,2000,A|HU|REACH|TOTAL|NR|T|ES,205.0,Number,Eurostat,https://ec.europa.eu/eurostat/api/dissemination/statistics/1.0/data/migr_imm1ctz?geo=ES&age=TOTAL&sex=T&agedef=REACH,A,HU,REACH,TOTAL,NR,T,ES
2001-01-01,2001,A|HU|REACH|TOTAL|NR|T|ES,280.0,Number,Eurostat,https://ec.europa.eu/eurostat/api/dissemination/statistics/1.0/data/migr_imm1ctz?geo=ES&age=TOTAL&sex=T&agedef=REACH,A,HU,REACH,TOTAL,NR,T,ES
2002-01-01,2002,A|HU|REACH|TOTAL|NR|T|ES,298.0,Number,Eurostat,https://ec.europa.eu/eurostat/api/dissemination/statistics/1.0/data/migr_imm1ctz?geo=ES&age=TOTAL&sex=T&agedef=REACH,A,HU,REACH,TOTAL,NR,T,ES
2003-01-01,2003,A|HU|REACH|TOTAL|NR|T|ES,,Number,Eurostat,https://ec.europa.eu/eurostat/api/dissemination/statistics/1.0/data/migr_imm1ctz?geo=ES&age=TOTAL&sex=T&agedef=REACH,A,HU,REACH,TOTAL,NR,T,ES
2004-01-01,2004,A|HU|REACH|TOTAL|NR|T|ES,597.0,Number,Eurostat,https://ec.europa.eu/eurostat/api/dissemination/statistics/1.0/data/migr_imm1ctz?geo=ES&age=TOTAL&sex=T&agedef=REACH,A,HU,REACH,TOTAL,NR,T,ES
2005-01-01,2005,A|HU|REACH|TOTAL|NR|T|ES,759.0,Number,Eurostat,https://ec.europa.eu/eurostat/api/dissemination/statistics/1.0/data/migr_imm1ctz?geo=ES&age=TOTAL&sex=T&agedef=REACH,A,HU,REACH,TOTAL,NR,T,ES
2006-01-01,2006,A|HU|REACH|TOTAL|NR|T|ES,1270.0,Number,Eurostat,https://ec.europa.eu/eurostat/api/dissemination/statistics/1.0/data/migr_imm1ctz?geo=ES&age=TOTAL&sex=T&agedef=REACH,A,HU,REACH,TOTAL,NR,T,ES
2007-01-01,2007,A|HU|REACH|TOTAL|NR|T|ES,2051.0,Number,Eurostat,https://ec.europa.eu/eurostat/api/dissemination/statistics/1.0/data/migr_imm1ctz?geo=ES&age=TOTAL&sex=T&agedef=REACH,A,HU,REACH,TOTAL,NR,T,ES
1998-01-01,1998,A|ID|REACH|TOTAL|NR|T|ES,7.0,Number,Eurostat,https://ec.europa.eu/eurostat/api/dissemination/statistics/1.0/data/migr_imm1ctz?geo=ES&age=TOTAL&sex=T&agedef=REACH,A,ID,REACH,TOTAL,NR,T,ES
1999-01-01,1999,A|ID|REACH|TOTAL|NR|T|ES,16.0,Number,Eurostat,https://ec.europa.eu/eurostat/api/dissemination/statistics/1.0/data/migr_imm1ctz?geo=ES&age=TOTAL&sex=T&agedef=REACH,A,ID,REACH,TOTAL,NR,T,ES
2000-01-01,2000,A|ID|REACH|TOTAL|NR|T|ES,29.0,Number,Eurostat,https://ec.europa.eu/eurostat/api/dissemination/statistics/1.0/data/migr_imm1ctz?geo=ES&age=TOTAL&sex=T&agedef=REACH,A,ID,REACH,TOTAL,NR,T,ES
2001-01-01,2001,A|ID|REACH|TOTAL|NR|T|ES,40.0,Number,Eurostat,https://ec.europa.eu/eurostat/api/dissemination/statistics/1.0/data/migr_imm1ctz?geo=ES&age=TOTAL&sex=T&agedef=REACH,A,ID,REACH,TOTAL,NR,T,ES
2002-01-01,2002,A|ID|REACH|TOTAL|NR|T|ES,19.0,Number,Eurostat,https://ec.europa.eu/eurostat/api/dissemination/statistics/1.0/data/migr_imm1ctz?geo=ES&age=TOTAL&sex=T&agedef=REACH,A,ID,REACH,TOTAL,NR,T,ES
2003-01-01,2003,A|ID|REACH|TOTAL|NR|T|ES,,Number,Eurostat,https://ec.europa.eu/eurostat/api/dissemination/statistics/1.0/data/migr_imm1ctz?geo=ES&age=TOTAL&sex=T&agedef=REACH,A,ID,REACH,TOTAL,NR,T,ES
2004-01-01,2004,A|ID|REACH|TOTAL|NR|T|ES,68.0,Number,Eurostat,https://ec.europa.eu/eurostat/api/dissemination/statistics/1.0/data/migr_imm1ctz?geo=ES&age=TOTAL&sex=T&agedef=REACH,A,ID,REACH,TOTAL,NR,T,ES
2005-01-01,2005,A|ID|REACH|TOTAL|NR|T|ES,126.0,Number,Eurostat,https://ec.europa.eu/eurostat/api/dissemination/statistics/1.0/data/migr_imm1ctz?geo=ES&age=TOTAL&sex=T&agedef=REACH,A,ID,REACH,TOTAL,NR,T,ES
2006-01-01,2006,A|ID|REACH|TOTAL|NR|T|ES,171.0,Number,Eurostat,https://ec.europa.eu/eurostat/api/dissemination/statistics/1.0/data/migr_imm1ctz?geo=ES&age=TOTAL&sex=T&agedef=REACH,A,ID,REACH,TOTAL,NR,T,ES
2007-01-01,2007,A|ID|REACH|TOTAL|NR|T|ES,449.0,Number,Eurostat,https://ec.europa.eu/eurostat/api/dissemination/statistics/1.0/data/migr_imm1ctz?geo=ES&age=TOTAL&sex=T&agedef=REACH,A,ID,REACH,TOTAL,NR,T,ES
1998-01-01,1998,A|IE|REACH|TOTAL|NR|T|ES,195.0,Number,Eurostat,https://ec.europa.eu/eurostat/api/dissemination/statistics/1.0/data/migr_imm1ctz?geo=ES&age=TOTAL&sex=T&agedef=REACH,A,IE,REACH,TOTAL,NR,T,ES
1999-01-01,1999,A|IE|REACH|TOTAL|NR|T|ES,285.0,Number,Eurostat,https://ec.europa.eu/eurostat/api/dissemination/statistics/1.0/data/migr_imm1ctz?geo=ES&age=TOTAL&sex=T&agedef=REACH,A,IE,REACH,TOTAL,NR,T,ES
2000-01-01,2000,A|IE|REACH|TOTAL|NR|T|ES,581.0,Number,Eurostat,https://ec.europa.eu/eurostat/api/dissemination/statistics/1.0/data/migr_imm1ctz?geo=ES&age=TOTAL&sex=T&agedef=REACH,A,IE,REACH,TOTAL,NR,T,ES
2001-01-01,2001,A|IE|REACH|TOTAL|NR|T|ES,837.0,Number,Eurostat,https://ec.europa.eu/eurostat/api/dissemination/statistics/1.0/data/migr_imm1ctz?geo=ES&age=TOTAL&sex=T&agedef=REACH,A,IE,REACH,TOTAL,NR,T,ES
2002-01-01,2002,A|IE|REACH|TOTAL|NR|T|ES,1124.0,Number,Eurostat,https://ec.europa.eu/eurostat/api/dissemination/statistics/1.0/data/migr_imm1ctz?geo=ES&age=TOTAL&sex=T&agedef=REACH,A,IE,REACH,TOTAL,NR,T,ES
2003-01-01,2003,A|IE|REACH|TOTAL|NR|T|ES,,Number,Eurostat,https://ec.europa.eu/eurostat/api/dissemination/statistics/1.0/data/migr_imm1ctz?geo=ES&age=TOTAL&sex=T&agedef=REACH,A,IE,REACH,TOTAL,NR,T,ES
2004-01-01,2004,A|IE|REACH|TOTAL|NR|T|ES,1824.0,Number,Eurostat,https://ec.europa.eu/eurostat/api/dissemination/statistics/1.0/data/migr_imm1ctz?geo=ES&age=TOTAL&sex=T&agedef=REACH,A,IE,REACH,TOTAL,NR,T,ES
2005-01-01,2005,A|IE|REACH|TOTAL|NR|T|ES,1773.0,Number,Eurostat,https://ec.europa.eu/eurostat/api/dissemination/statistics/1.0/data/migr_imm1ctz?geo=ES&age=TOTAL&sex=T&agedef=REACH,A,IE,REACH,TOTAL,NR,T,ES
2006-01-01,2006,A|IE|REACH|TOTAL|NR|T|ES,1864.0,Number,Eurostat,https://ec.europa.eu/eurostat/api/dissemination/statistics/1.0/data/migr_imm1ctz?geo=ES&age=TOTAL&sex=T&agedef=REACH,A,IE,REACH,TOTAL,NR,T,ES
2007-01-01,2007,A|IE|REACH|TOTAL|NR|T|ES,1933.0,Number,Eurostat,https://ec.europa.eu/eurostat/api/dissemination/statistics/1.0/data/migr_imm1ctz?geo=ES&age=TOTAL&sex=T&agedef=REACH,A,IE,REACH,TOTAL,NR,T,ES
2008-01-01,2008,A|IE|REACH|TOTAL|NR|T|ES,1233.0,Number,Eurostat,https://ec.europa.eu/eurostat/api/dissemination/statistics/1.0/data/migr_imm1ctz?geo=ES&age=TOTAL&sex=T&agedef=REACH,A,IE,REACH,TOTAL,NR,T,ES
2009-01-01,2009,A|IE|REACH|TOTAL|NR|T|ES,1317.0,Number,Eurostat,https://ec.europa.eu/eurostat/api/dissemination/statistics/1.0/data/migr_imm1ctz?geo=ES&age=TOTAL&sex=T&agedef=REACH,A,IE,REACH,TOTAL,NR,T,ES
2010-01-01,2010,A|IE|REACH|TOTAL|NR|T|ES,1261.0,Number,Eurostat,https://ec.europa.eu/eurostat/api/dissemination/statistics/1.0/data/migr_imm1ctz?geo=ES&age=TOTAL&sex=T&agedef=REACH,A,IE,REACH,TOTAL,NR,T,ES
2011-01-01,2011,A|IE|REACH|TOTAL|NR|T|ES,1342.0,Number,Eurostat,https://ec.europa.eu/eurostat/api/dissemination/statistics/1.0/data/migr_imm1ctz?geo=ES&age=TOTAL&sex=T&agedef=REACH,A,IE,REACH,TOTAL,NR,T,ES
2012-01-01,2012,A|IE|REACH|TOTAL|NR|T|ES,1395.0,Number,Eurostat,https://ec.europa.eu/eurostat/api/dissemination/statistics/1.0/data/migr_imm1ctz?geo=ES&age=TOTAL&sex=T&agedef=REACH,A,IE,REACH,TOTAL,NR,T,ES
2013-01-01,2013,A|IE|REACH|TOTAL|NR|T|ES,1318.0,Number,Eurostat,https://ec.europa.eu/eurostat/api/dissemination/statistics/1.0/data/migr_imm1ctz?geo=ES&age=TOTAL&sex=T&agedef=REACH,A,IE,REACH,TOTAL,NR,T,ES
2014-01-01,2014,A|IE|REACH|TOTAL|NR|T|ES,1187.0,Number,Eurostat,https://ec.europa.eu/eurostat/api/dissemination/statistics/1.0/data/migr_imm1ctz?geo=ES&age=TOTAL&sex=T&agedef=REACH,A,IE,REACH,TOTAL,NR,T,ES
2015-01-01,2015,A|IE|REACH|TOTAL|NR|T|ES,1238.0,Number,Eurostat,https://ec.europa.eu/eurostat/api/dissemination/statistics/1.0/data/migr_imm1ctz?geo=ES&age=TOTAL&sex=T&agedef=REACH,A,IE,REACH,TOTAL,NR,T,ES
2016-01-01,2016,A|IE|REACH|TOTAL|NR|T|ES,1402.0,Number,Eurostat,https://ec.europa.eu/eurostat/api/dissemination/statistics/1.0/data/migr_imm1ctz?geo=ES&age=TOTAL&sex=T&agedef=REACH,A,IE,REACH,TOTAL,NR,T,ES
2017-01-01,2017,A|IE|REACH|TOTAL|NR|T|ES,1732.0,Number,Eurostat,https://ec.europa.eu/eurostat/api/dissemination/statistics/1.0/data/migr_imm1ctz?geo=ES&age=TOTAL&sex=T&agedef=REACH,A,IE,REACH,TOTAL,NR,T,ES
2018-01-01,2018,A|IE|REACH|TOTAL|NR|T|ES,1959.0,Number,Eurostat,https://ec.europa.eu/eurostat/api/dissemination/statistics/1.0/data/migr_imm1ctz?geo=ES&age=TOTAL&sex=T&agedef=REACH,A,IE,REACH,TOTAL,NR,T,ES
2019-01-01,2019,A|IE|REACH|TOTAL|NR|T|ES,2099.0,Number,Eurostat,https://ec.europa.eu/eurostat/api/dissemination/statistics/1.0/data/migr_imm1ctz?geo=ES&age=TOTAL&sex=T&agedef=REACH,A,IE,REACH,TOTAL,NR,T,ES
2020-01-01,2020,A|IE|REACH|TOTAL|NR|T|ES,1785.0,Number,Eurostat,https://ec.europa.eu/eurostat/api/dissemination/statistics/1.0/data/migr_imm1ctz?geo=ES&age=TOTAL&sex=T&agedef=REACH,A,IE,REACH,TOTAL,NR,T,ES
2021-01-01,2021,A|IE|REACH|TOTAL|NR|T|ES,4451.0,Number,Eurostat,https://ec.europa.eu/eurostat/api/dissemination/statistics/1.0/data/migr_imm1ctz?geo=ES&age=TOTAL&sex=T&agedef=REACH,A,IE,REACH,TOTAL,NR,T,ES
2022-01-01,2022,A|IE|REACH|TOTAL|NR|T|ES,3517.0,Number,Eurostat,https://ec.europa.eu/eurostat/api/dissemination/statistics/1.0/data/migr_imm1ctz?geo=ES&age=TOTAL&sex=T&agedef=REACH,A,IE,REACH,TOTAL,NR,T,ES
2023-01-01,2023,A|IE|REACH|TOTAL|NR|T|ES,3897.0,Number,Eurostat,https://ec.europa.eu/eurostat/api/dissemination/statistics/1.0/data/migr_imm1ctz?geo=ES&age=TOTAL&sex=T&agedef=REACH,A,IE,REACH,TOTAL,NR,T,ES
2024-01-01,2024,A|IE|REACH|TOTAL|NR|T|ES,4340.0,Number,Eurostat,https://ec.europa.eu/eurostat/api/dissemination/statistics/1.0/data/migr_imm1ctz?geo=ES&age=TOTAL&sex=T&agedef=REACH,A,IE,REACH,TOTAL,NR,T,ES
1998-01-01,1998,A|IL|REACH|TOTAL|NR|T|ES,47.0,Number,Eurostat,https://ec.europa.eu/eurostat/api/dissemination/statistics/1.0/data/migr_imm1ctz?geo=ES&age=TOTAL&sex=T&agedef=REACH,A,IL,REACH,TOTAL,NR,T,ES
1999-01-01,1999,A|IL|REACH|TOTAL|NR|T|ES,56.0,Number,Eurostat,https://ec.europa.eu/eurostat/api/dissemination/statistics/1.0/data/migr_imm1ctz?geo=ES&age=TOTAL&sex=T&agedef=REACH,A,IL,REACH,TOTAL,NR,T,ES
2000-01-01,2000,A|IL|REACH|TOTAL|NR|T|ES,102.0,Number,Eurostat,https://ec.europa.eu/eurostat/api/dissemination/statistics/1.0/data/migr_imm1ctz?geo=ES&age=TOTAL&sex=T&agedef=REACH,A,IL,REACH,TOTAL,NR,T,ES
2001-01-01,2001,A|IL|REACH|TOTAL|NR|T|ES,152.0,Number,Eurostat,https://ec.europa.eu/eurostat/api/dissemination/statistics/1.0/data/migr_imm1ctz?geo=ES&age=TOTAL&sex=T&agedef=REACH,A,IL,REACH,TOTAL,NR,T,ES
2002-01-01,2002,A|IL|REACH|TOTAL|NR|T|ES,220.0,Number,Eurostat,https://ec.europa.eu/eurostat/api/dissemination/statistics/1.0/data/migr_imm1ctz?geo=ES&age=TOTAL&sex=T&agedef=REACH,A,IL,REACH,TOTAL,NR,T,ES
2003-01-01,2003,A|IL|REACH|TOTAL|NR|T|ES,,Number,Eurostat,https://ec.europa.eu/eurostat/api/dissemination/statistics/1.0/data/migr_imm1ctz?geo=ES&age=TOTAL&sex=T&agedef=REACH,A,IL,REACH,TOTAL,NR,T,ES
2004-01-01,2004,A|IL|REACH|TOTAL|NR|T|ES,366.0,Number,Eurostat,https://ec.europa.eu/eurostat/api/dissemination/statistics/1.0/data/migr_imm1ctz?geo=ES&age=TOTAL&sex=T&agedef=REACH,A,IL,REACH,TOTAL,NR,T,ES
2005-01-01,2005,A|IL|REACH|TOTAL|NR|T|ES,350.0,Number,Eurostat,https://ec.europa.eu/eurostat/api/dissemination/statistics/1.0/data/migr_imm1ctz?geo=ES&age=TOTAL&sex=T&agedef=REACH,A,IL,REACH,TOTAL,NR,T,ES
2006-01-01,2006,A|IL|REACH|TOTAL|NR|T|ES,405.0,Number,Eurostat,https://ec.europa.eu/eurostat/api/dissemination/statistics/1.0/data/migr_imm1ctz?geo=ES&age=TOTAL&sex=T&agedef=REACH,A,IL,REACH,TOTAL,NR,T,ES
2007-01-01,2007,A|IL|REACH|TOTAL|NR|T|ES,400.0,Number,Eurostat,https://ec.europa.eu/eurostat/api/dissemination/statistics/1.0/data/migr_imm1ctz?geo=ES&age=TOTAL&sex=T&agedef=REACH,A,IL,REACH,TOTAL,NR,T,ES
2008-01-01,2008,A|IM|REACH|TOTAL|NR|T|ES,0.0,Number,Eurostat,https://ec.europa.eu/eurostat/api/dissemination/statistics/1.0/data/migr_imm1ctz?geo=ES&age=TOTAL&sex=T&agedef=REACH,A,IM,REACH,TOTAL,NR,T,ES
2009-01-01,2009,A|IM|REACH|TOTAL|NR|T|ES,0.0,Number,Eurostat,https://ec.europa.eu/eurostat/api/dissemination/statistics/1.0/data/migr_imm1ctz?geo=ES&age=TOTAL&sex=T&agedef=REACH,A,IM,REACH,TOTAL,NR,T,ES
2010-01-01,2010,A|IM|REACH|TOTAL|NR|T|ES,0.0,Number,Eurostat,https://ec.europa.eu/eurostat/api/dissemination/statistics/1.0/data/migr_imm1ctz?geo=ES&age=TOTAL&sex=T&agedef=REACH,A,IM,REACH,TOTAL,NR,T,ES
2011-01-01,2011,A|IM|REACH|TOTAL|NR|T|ES,0.0,Number,Eurostat,https://ec.europa.eu/eurostat/api/dissemination/statistics/1.0/data/migr_imm1ctz?geo=ES&age=TOTAL&sex=T&agedef=REACH,A,IM,REACH,TOTAL,NR,T,ES
2012-01-01,2012,A|IM|REACH|TOTAL|NR|T|ES,0.0,Number,Eurostat,https://ec.europa.eu/eurostat/api/dissemination/statistics/1.0/data/migr_imm1ctz?geo=ES&age=TOTAL&sex=T&agedef=REACH,A,IM,REACH,TOTAL,NR,T,ES
2013-01-01,2013,A|IM|REACH|TOTAL|NR|T|ES,0.0,Number,Eurostat,https://ec.europa.eu/eurostat/api/dissemination/statistics/1.0/data/migr_imm1ctz?geo=ES&age=TOTAL&sex=T&agedef=REACH,A,IM,REACH,TOTAL,NR,T,ES
2014-01-01,2014,A|IM|REACH|TOTAL|NR|T|ES,0.0,Number,Eurostat,https://ec.europa.eu/eurostat/api/dissemination/statistics/1.0/data/migr_imm1ctz?geo=ES&age=TOTAL&sex=T&agedef=REACH,A,IM,REACH,TOTAL,NR,T,ES
1998-01-01,1998,A|IN|REACH|TOTAL|NR|T|ES,240.0,Number,Eurostat,https://ec.europa.eu/eurostat/api/dissemination/statistics/1.0/data/migr_imm1ctz?geo=ES&age=TOTAL&sex=T&agedef=REACH,A,IN,REACH,TOTAL,NR,T,ES
1999-01-01,1999,A|IN|REACH|TOTAL|NR|T|ES,289.0,Number,Eurostat,https://ec.europa.eu/eurostat/api/dissemination/statistics/1.0/data/migr_imm1ctz?geo=ES&age=TOTAL&sex=T&agedef=REACH,A,IN,REACH,TOTAL,NR,T,ES
2000-01-01,2000,A|IN|REACH|TOTAL|NR|T|ES,648.0,Number,Eurostat,https://ec.europa.eu/eurostat/api/dissemination/statistics/1.0/data/migr_imm1ctz?geo=ES&age=TOTAL&sex=T&agedef=REACH,A,IN,REACH,TOTAL,NR,T,ES
2001-01-01,2001,A|IN|REACH|TOTAL|NR|T|ES,835.0,Number,Eurostat,https://ec.europa.eu/eurostat/api/dissemination/statistics/1.0/data/migr_imm1ctz?geo=ES&age=TOTAL&sex=T&agedef=REACH,A,IN,REACH,TOTAL,NR,T,ES
2002-01-01,2002,A|IN|REACH|TOTAL|NR|T|ES,887.0,Number,Eurostat,https://ec.europa.eu/eurostat/api/dissemination/statistics/1.0/data/migr_imm1ctz?geo=ES&age=TOTAL&sex=T&agedef=REACH,A,IN,REACH,TOTAL,NR,T,ES
2003-01-01,2003,A|IN|REACH|TOTAL|NR|T|ES,,Number,Eurostat,https://ec.europa.eu/eurostat/api/dissemination/statistics/1.0/data/migr_imm1ctz?geo=ES&age=TOTAL&sex=T&agedef=REACH,A,IN,REACH,TOTAL,NR,T,ES
2004-01-01,2004,A|IN|REACH|TOTAL|NR|T|ES,3709.0,Number,Eurostat,https://ec.europa.eu/eurostat/api/dissemination/statistics/1.0/data/migr_imm1ctz?geo=ES&age=TOTAL&sex=T&agedef=REACH,A,IN,REACH,TOTAL,NR,T,ES
2005-01-01,2005,A|IN|REACH|TOTAL|NR|T|ES,4929.0,Number,Eurostat,https://ec.europa.eu/eurostat/api/dissemination/statistics/1.0/data/migr_imm1ctz?geo=ES&age=TOTAL&sex=T&agedef=REACH,A,IN,REACH,TOTAL,NR,T,ES
2006-01-01,2006,A|IN|REACH|TOTAL|NR|T|ES,4212.0,Number,Eurostat,https://ec.europa.eu/eurostat/api/dissemination/statistics/1.0/data/migr_imm1ctz?geo=ES&age=TOTAL&sex=T&agedef=REACH,A,IN,REACH,TOTAL,NR,T,ES
2007-01-01,2007,A|IN|REACH|TOTAL|NR|T|ES,5569.0,Number,Eurostat,https://ec.europa.eu/eurostat/api/dissemination/statistics/1.0/data/migr_imm1ctz?geo=ES&age=TOTAL&sex=T&agedef=REACH,A,IN,REACH,TOTAL,NR,T,ES
2008-01-01,2008,A|IN|REACH|TOTAL|NR|T|ES,5023.0,Number,Eurostat,https://ec.europa.eu/eurostat/api/dissemination/statistics/1.0/data/migr_imm1ctz?geo=ES&age=TOTAL&sex=T&agedef=REACH,A,IN,REACH,TOTAL,NR,T,ES
2009-01-01,2009,A|IN|REACH|TOTAL|NR|T|ES,4279.0,Number,Eurostat,https://ec.europa.eu/eurostat/api/dissemination/statistics/1.0/data/migr_imm1ctz?geo=ES&age=TOTAL&sex=T&agedef=REACH,A,IN,REACH,TOTAL,NR,T,ES
2010-01-01,2010,A|IN|REACH|TOTAL|NR|T|ES,3382.0,Number,Eurostat,https://ec.europa.eu/eurostat/api/dissemination/statistics/1.0/data/migr_imm1ctz?geo=ES&age=TOTAL&sex=T&agedef=REACH,A,IN,REACH,TOTAL,NR,T,ES
2011-01-01,2011,A|IN|REACH|TOTAL|NR|T|ES,3652.0,Number,Eurostat,https://ec.europa.eu/eurostat/api/dissemination/statistics/1.0/data/migr_imm1ctz?geo=ES&age=TOTAL&sex=T&agedef=REACH,A,IN,REACH,TOTAL,NR,T,ES
2012-01-01,2012,A|IN|REACH|TOTAL|NR|T|ES,2935.0,Number,Eurostat,https://ec.europa.eu/eurostat/api/dissemination/statistics/1.0/data/migr_imm1ctz?geo=ES&age=TOTAL&sex=T&agedef=REACH,A,IN,REACH,TOTAL,NR,T,ES
2013-01-01,2013,A|IN|REACH|TOTAL|NR|T|ES,2827.0,Number,Eurostat,https://ec.europa.eu/eurostat/api/dissemination/statistics/1.0/data/migr_imm1ctz?geo=ES&age=TOTAL&sex=T&agedef=REACH,A,IN,REACH,TOTAL,NR,T,ES
2014-01-01,2014,A|IN|REACH|TOTAL|NR|T|ES,2893.0,Number,Eurostat,https://ec.europa.eu/eurostat/api/dissemination/statistics/1.0/data/migr_imm1ctz?geo=ES&age=TOTAL&sex=T&agedef=REACH,A,IN,REACH,TOTAL,NR,T,ES
2015-01-01,2015,A|IN|REACH|TOTAL|NR|T|ES,2990.0,Number,Eurostat,https://ec.europa.eu/eurostat/api/dissemination/statistics/1.0/data/migr_imm1ctz?geo=ES&age=TOTAL&sex=T&agedef=REACH,A,IN,REACH,TOTAL,NR,T,ES
2016-01-01,2016,A|IN|REACH|TOTAL|NR|T|ES,3792.0,Number,Eurostat,https://ec.europa.eu/eurostat/api/dissemination/statistics/1.0/data/migr_imm1ctz?geo=ES&age=TOTAL&sex=T&agedef=REACH,A,IN,REACH,TOTAL,NR,T,ES
2017-01-01,2017,A|IN|REACH|TOTAL|NR|T|ES,4754.0,Number,Eurostat,https://ec.europa.eu/eurostat/api/dissemination/statistics/1.0/data/migr_imm1ctz?geo=ES&age=TOTAL&sex=T&agedef=REACH,A,IN,REACH,TOTAL,NR,T,ES
2018-01-01,2018,A|IN|REACH|TOTAL|NR|T|ES,6993.0,Number,Eurostat,https://ec.europa.eu/eurostat/api/dissemination/statistics/1.0/data/migr_imm1ctz?geo=ES&age=TOTAL&sex=T&agedef=REACH,A,IN,REACH,TOTAL,NR,T,ES
2019-01-01,2019,A|IN|REACH|TOTAL|NR|T|ES,7171.0,Number,Eurostat,https://ec.europa.eu/eurostat/api/dissemination/statistics/1.0/data/migr_imm1ctz?geo=ES&age=TOTAL&sex=T&agedef=REACH,A,IN,REACH,TOTAL,NR,T,ES
2020-01-01,2020,A|IN|REACH|TOTAL|NR|T|ES,3026.0,Number,Eurostat,https://ec.europa.eu/eurostat/api/dissemination/statistics/1.0/data/migr_imm1ctz?geo=ES&age=TOTAL&sex=T&agedef=REACH,A,IN,REACH,TOTAL,NR,T,ES
2021-01-01,2021,A|IN|REACH|TOTAL|NR|T|ES,5797.0,Number,Eurostat,https://ec.europa.eu/eurostat/api/dissemination/statistics/1.0/data/migr_imm1ctz?geo=ES&age=TOTAL&sex=T&agedef=REACH,A,IN,REACH,TOTAL,NR,T,ES
2022-01-01,2022,A|IN|REACH|TOTAL|NR|T|ES,8120.0,Number,Eurostat,https://ec.europa.eu/eurostat/api/dissemination/statistics/1.0/data/migr_imm1ctz?geo=ES&age=TOTAL&sex=T&agedef=REACH,A,IN,REACH,TOTAL,NR,T,ES
2023-01-01,2023,A|IN|REACH|TOTAL|NR|T|ES,10063.0,Number,Eurostat,https://ec.europa.eu/eurostat/api/dissemination/statistics/1.0/data/migr_imm1ctz?geo=ES&age=TOTAL&sex=T&agedef=REACH,A,IN,REACH,TOTAL,NR,T,ES
2024-01-01,2024,A|IN|REACH|TOTAL|NR|T|ES,13293.0,Number,Eurostat,https://ec.europa.eu/eurostat/api/dissemination/statistics/1.0/data/migr_imm1ctz?geo=ES&age=TOTAL&sex=T&agedef=REACH,A,IN,REACH,TOTAL,NR,T,ES
1998-01-01,1998,A|IQ|REACH|TOTAL|NR|T|ES,34.0,Number,Eurostat,https://ec.europa.eu/eurostat/api/dissemination/statistics/1.0/data/migr_imm1ctz?geo=ES&age=TOTAL&sex=T&agedef=REACH,A,IQ,REACH,TOTAL,NR,T,ES
1999-01-01,1999,A|IQ|REACH|TOTAL|NR|T|ES,57.0,Number,Eurostat,https://ec.europa.eu/eurostat/api/dissemination/statistics/1.0/data/migr_imm1ctz?geo=ES&age=TOTAL&sex=T&agedef=REACH,A,IQ,REACH,TOTAL,NR,T,ES
2000-01-01,2000,A|IQ|REACH|TOTAL|NR|T|ES,166.0,Number,Eurostat,https://ec.europa.eu/eurostat/api/dissemination/statistics/1.0/data/migr_imm1ctz?geo=ES&age=TOTAL&sex=T&agedef=REACH,A,IQ,REACH,TOTAL,NR,T,ES
2001-01-01,2001,A|IQ|REACH|TOTAL|NR|T|ES,105.0,Number,Eurostat,https://ec.europa.eu/eurostat/api/dissemination/statistics/1.0/data/migr_imm1ctz?geo=ES&age=TOTAL&sex=T&agedef=REACH,A,IQ,REACH,TOTAL,NR,T,ES
2002-01-01,2002,A|IQ|REACH|TOTAL|NR|T|ES,105.0,Number,Eurostat,https://ec.europa.eu/eurostat/api/dissemination/statistics/1.0/data/migr_imm1ctz?geo=ES&age=TOTAL&sex=T&agedef=REACH,A,IQ,REACH,TOTAL,NR,T,ES
2003-01-01,2003,A|IQ|REACH|TOTAL|NR|T|ES,,Number,Eurostat,https://ec.europa.eu/eurostat/api/dissemination/statistics/1.0/data/migr_imm1ctz?geo=ES&age=TOTAL&sex=T&agedef=REACH,A,IQ,REACH,TOTAL,NR,T,ES
2004-01-01,2004,A|IQ|REACH|TOTAL|NR|T|ES,123.0,Number,Eurostat,https://ec.europa.eu/eurostat/api/dissemination/statistics/1.0/data/migr_imm1ctz?geo=ES&age=TOTAL&sex=T&agedef=REACH,A,IQ,REACH,TOTAL,NR,T,ES
2005-01-01,2005,A|IQ|REACH|TOTAL|NR|T|ES,134.0,Number,Eurostat,https://ec.europa.eu/eurostat/api/dissemination/statistics/1.0/data/migr_imm1ctz?geo=ES&age=TOTAL&sex=T&agedef=REACH,A,IQ,REACH,TOTAL,NR,T,ES
2006-01-01,2006,A|IQ|REACH|TOTAL|NR|T|ES,127.0,Number,Eurostat,https://ec.europa.eu/eurostat/api/dissemination/statistics/1.0/data/migr_imm1ctz?geo=ES&age=TOTAL&sex=T&agedef=REACH,A,IQ,REACH,TOTAL,NR,T,ES
2007-01-01,2007,A|IQ|REACH|TOTAL|NR|T|ES,146.0,Number,Eurostat,https://ec.europa.eu/eurostat/api/dissemination/statistics/1.0/data/migr_imm1ctz?geo=ES&age=TOTAL&sex=T&agedef=REACH,A,IQ,REACH,TOTAL,NR,T,ES
1998-01-01,1998,A|IR|REACH|TOTAL|NR|T|ES,84.0,Number,Eurostat,https://ec.europa.eu/eurostat/api/dissemination/statistics/1.0/data/migr_imm1ctz?geo=ES&age=TOTAL&sex=T&agedef=REACH,A,IR,REACH,TOTAL,NR,T,ES
1999-01-01,1999,A|IR|REACH|TOTAL|NR|T|ES,109.0,Number,Eurostat,https://ec.europa.eu/eurostat/api/dissemination/statistics/1.0/data/migr_imm1ctz?geo=ES&age=TOTAL&sex=T&agedef=REACH,A,IR,REACH,TOTAL,NR,T,ES
2000-01-01,2000,A|IR|REACH|TOTAL|NR|T|ES,236.0,Number,Eurostat,https://ec.europa.eu/eurostat/api/dissemination/statistics/1.0/data/migr_imm1ctz?geo=ES&age=TOTAL&sex=T&agedef=REACH,A,IR,REACH,TOTAL,NR,T,ES
2001-01-01,2001,A|IR|REACH|TOTAL|NR|T|ES,223.0,Number,Eurostat,https://ec.europa.eu/eurostat/api/dissemination/statistics/1.0/data/migr_imm1ctz?geo=ES&age=TOTAL&sex=T&agedef=REACH,A,IR,REACH,TOTAL,NR,T,ES
2002-01-01,2002,A|IR|REACH|TOTAL|NR|T|ES,177.0,Number,Eurostat,https://ec.europa.eu/eurostat/api/dissemination/statistics/1.0/data/migr_imm1ctz?geo=ES&age=TOTAL&sex=T&agedef=REACH,A,IR,REACH,TOTAL,NR,T,ES
2003-01-01,2003,A|IR|REACH|TOTAL|NR|T|ES,,Number,Eurostat,https://ec.europa.eu/eurostat/api/dissemination/statistics/1.0/data/migr_imm1ctz?geo=ES&age=TOTAL&sex=T&agedef=REACH,A,IR,REACH,TOTAL,NR,T,ES
2004-01-01,2004,A|IR|REACH|TOTAL|NR|T|ES,313.0,Number,Eurostat,https://ec.europa.eu/eurostat/api/dissemination/statistics/1.0/data/migr_imm1ctz?geo=ES&age=TOTAL&sex=T&agedef=REACH,A,IR,REACH,TOTAL,NR,T,ES
2005-01-01,2005,A|IR|REACH|TOTAL|NR|T|ES,266.0,Number,Eurostat,https://ec.europa.eu/eurostat/api/dissemination/statistics/1.0/data/migr_imm1ctz?geo=ES&age=TOTAL&sex=T&agedef=REACH,A,IR,REACH,TOTAL,NR,T,ES
2006-01-01,2006,A|IR|REACH|TOTAL|NR|T|ES,304.0,Number,Eurostat,https://ec.europa.eu/eurostat/api/dissemination/statistics/1.0/data/migr_imm1ctz?geo=ES&age=TOTAL&sex=T&agedef=REACH,A,IR,REACH,TOTAL,NR,T,ES
2007-01-01,2007,A|IR|REACH|TOTAL|NR|T|ES,297.0,Number,Eurostat,https://ec.europa.eu/eurostat/api/dissemination/statistics/1.0/data/migr_imm1ctz?geo=ES&age=TOTAL&sex=T&agedef=REACH,A,IR,REACH,TOTAL,NR,T,ES
1998-01-01,1998,A|IS|REACH|TOTAL|NR|T|ES,23.0,Number,Eurostat,https://ec.europa.eu/eurostat/api/dissemination/statistics/1.0/data/migr_imm1ctz?geo=ES&age=TOTAL&sex=T&agedef=REACH,A,IS,REACH,TOTAL,NR,T,ES
1999-01-01,1999,A|IS|REACH|TOTAL|NR|T|ES,33.0,Number,Eurostat,https://ec.europa.eu/eurostat/api/dissemination/statistics/1.0/data/migr_imm1ctz?geo=ES&age=TOTAL&sex=T&agedef=REACH,A,IS,REACH,TOTAL,NR,T,ES
2000-01-01,2000,A|IS|REACH|TOTAL|NR|T|ES,68.0,Number,Eurostat,https://ec.europa.eu/eurostat/api/dissemination/statistics/1.0/data/migr_imm1ctz?geo=ES&age=TOTAL&sex=T&agedef=REACH,A,IS,REACH,TOTAL,NR,T,ES
2001-01-01,2001,A|IS|REACH|TOTAL|NR|T|ES,108.0,Number,Eurostat,https://ec.europa.eu/eurostat/api/dissemination/statistics/1.0/data/migr_imm1ctz?geo=ES&age=TOTAL&sex=T&agedef=REACH,A,IS,REACH,TOTAL,NR,T,ES
2002-01-01,2002,A|IS|REACH|TOTAL|NR|T|ES,96.0,Number,Eurostat,https://ec.europa.eu/eurostat/api/dissemination/statistics/1.0/data/migr_imm1ctz?geo=ES&age=TOTAL&sex=T&agedef=REACH,A,IS,REACH,TOTAL,NR,T,ES
2003-01-01,2003,A|IS|REACH|TOTAL|NR|T|ES,,Number,Eurostat,https://ec.europa.eu/eurostat/api/dissemination/statistics/1.0/data/migr_imm1ctz?geo=ES&age=TOTAL&sex=T&agedef=REACH,A,IS,REACH,TOTAL,NR,T,ES
2004-01-01,2004,A|IS|REACH|TOTAL|NR|T|ES,129.0,Number,Eurostat,https://ec.europa.eu/eurostat/api/dissemination/statistics/1.0/data/migr_imm1ctz?geo=ES&age=TOTAL&sex=T&agedef=REACH,A,IS,REACH,TOTAL,NR,T,ES
2005-01-01,2005,A|IS|REACH|TOTAL|NR|T|ES,193.0,Number,Eurostat,https://ec.europa.eu/eurostat/api/dissemination/statistics/1.0/data/migr_imm1ctz?geo=ES&age=TOTAL&sex=T&agedef=REACH,A,IS,REACH,TOTAL,NR,T,ES
2006-01-01,2006,A|IS|REACH|TOTAL|NR|T|ES,206.0,Number,Eurostat,https://ec.europa.eu/eurostat/api/dissemination/statistics/1.0/data/migr_imm1ctz?geo=ES&age=TOTAL&sex=T&agedef=REACH,A,IS,REACH,TOTAL,NR,T,ES
2007-01-01,2007,A|IS|REACH|TOTAL|NR|T|ES,176.0,Number,Eurostat,https://ec.europa.eu/eurostat/api/dissemination/statistics/1.0/data/migr_imm1ctz?geo=ES&age=TOTAL&sex=T&agedef=REACH,A,IS,REACH,TOTAL,NR,T,ES
1998-01-01,1998,A|IT|REACH|TOTAL|NR|T|ES,1967.0,Number,Eurostat,https://ec.europa.eu/eurostat/api/dissemination/statistics/1.0/data/migr_imm1ctz?geo=ES&age=TOTAL&sex=T&agedef=REACH,A,IT,REACH,TOTAL,NR,T,ES
1999-01-01,1999,A|IT|REACH|TOTAL|NR|T|ES,2593.0,Number,Eurostat,https://ec.europa.eu/eurostat/api/dissemination/statistics/1.0/data/migr_imm1ctz?geo=ES&age=TOTAL&sex=T&agedef=REACH,A,IT,REACH,TOTAL,NR,T,ES
2000-01-01,2000,A|IT|REACH|TOTAL|NR|T|ES,3883.0,Number,Eurostat,https://ec.europa.eu/eurostat/api/dissemination/statistics/1.0/data/migr_imm1ctz?geo=ES&age=TOTAL&sex=T&agedef=REACH,A,IT,REACH,TOTAL,NR,T,ES
2001-01-01,2001,A|IT|REACH|TOTAL|NR|T|ES,6194.0,Number,Eurostat,https://ec.europa.eu/eurostat/api/dissemination/statistics/1.0/data/migr_imm1ctz?geo=ES&age=TOTAL&sex=T&agedef=REACH,A,IT,REACH,TOTAL,NR,T,ES
2002-01-01,2002,A|IT|REACH|TOTAL|NR|T|ES,10385.0,Number,Eurostat,https://ec.europa.eu/eurostat/api/dissemination/statistics/1.0/data/migr_imm1ctz?geo=ES&age=TOTAL&sex=T&agedef=REACH,A,IT,REACH,TOTAL,NR,T,ES
2003-01-01,2003,A|IT|REACH|TOTAL|NR|T|ES,,Number,Eurostat,https://ec.europa.eu/eurostat/api/dissemination/statistics/1.0/data/migr_imm1ctz?geo=ES&age=TOTAL&sex=T&agedef=REACH,A,IT,REACH,TOTAL,NR,T,ES
2004-01-01,2004,A|IT|REACH|TOTAL|NR|T|ES,15004.0,Number,Eurostat,https://ec.europa.eu/eurostat/api/dissemination/statistics/1.0/data/migr_imm1ctz?geo=ES&age=TOTAL&sex=T&agedef=REACH,A,IT,REACH,TOTAL,NR,T,ES
2005-01-01,2005,A|IT|REACH|TOTAL|NR|T|ES,16505.0,Number,Eurostat,https://ec.europa.eu/eurostat/api/dissemination/statistics/1.0/data/migr_imm1ctz?geo=ES&age=TOTAL&sex=T&agedef=REACH,A,IT,REACH,TOTAL,NR,T,ES
2006-01-01,2006,A|IT|REACH|TOTAL|NR|T|ES,18644.0,Number,Eurostat,https://ec.europa.eu/eurostat/api/dissemination/statistics/1.0/data/migr_imm1ctz?geo=ES&age=TOTAL&sex=T&agedef=REACH,A,IT,REACH,TOTAL,NR,T,ES
2007-01-01,2007,A|IT|REACH|TOTAL|NR|T|ES,21200.0,Number,Eurostat,https://ec.europa.eu/eurostat/api/dissemination/statistics/1.0/data/migr_imm1ctz?geo=ES&age=TOTAL&sex=T&agedef=REACH,A,IT,REACH,TOTAL,NR,T,ES
2008-01-01,2008,A|IT|REACH|TOTAL|NR|T|ES,15888.0,Number,Eurostat,https://ec.europa.eu/eurostat/api/dissemination/statistics/1.0/data/migr_imm1ctz?geo=ES&age=TOTAL&sex=T&agedef=REACH,A,IT,REACH,TOTAL,NR,T,ES
2009-01-01,2009,A|IT|REACH|TOTAL|NR|T|ES,11771.0,Number,Eurostat,https://ec.europa.eu/eurostat/api/dissemination/statistics/1.0/data/migr_imm1ctz?geo=ES&age=TOTAL&sex=T&agedef=REACH,A,IT,REACH,TOTAL,NR,T,ES
2010-01-01,2010,A|IT|REACH|TOTAL|NR|T|ES,11203.0,Number,Eurostat,https://ec.europa.eu/eurostat/api/dissemination/statistics/1.0/data/migr_imm1ctz?geo=ES&age=TOTAL&sex=T&agedef=REACH,A,IT,REACH,TOTAL,NR,T,ES
2011-01-01,2011,A|IT|REACH|TOTAL|NR|T|ES,11647.0,Number,Eurostat,https://ec.europa.eu/eurostat/api/dissemination/statistics/1.0/data/migr_imm1ctz?geo=ES&age=TOTAL&sex=T&agedef=REACH,A,IT,REACH,TOTAL,NR,T,ES
2012-01-01,2012,A|IT|REACH|TOTAL|NR|T|ES,12018.0,Number,Eurostat,https://ec.europa.eu/eurostat/api/dissemination/statistics/1.0/data/migr_imm1ctz?geo=ES&age=TOTAL&sex=T&agedef=REACH,A,IT,REACH,TOTAL,NR,T,ES
2013-01-01,2013,A|IT|REACH|TOTAL|NR|T|ES,12184.0,Number,Eurostat,https://ec.europa.eu/eurostat/api/dissemination/statistics/1.0/data/migr_imm1ctz?geo=ES&age=TOTAL&sex=T&agedef=REACH,A,IT,REACH,TOTAL,NR,T,ES
2014-01-01,2014,A|IT|REACH|TOTAL|NR|T|ES,14890.0,Number,Eurostat,https://ec.europa.eu/eurostat/api/dissemination/statistics/1.0/data/migr_imm1ctz?geo=ES&age=TOTAL&sex=T&agedef=REACH,A,IT,REACH,TOTAL,NR,T,ES
2015-01-01,2015,A|IT|REACH|TOTAL|NR|T|ES,18644.0,Number,Eurostat,https://ec.europa.eu/eurostat/api/dissemination/statistics/1.0/data/migr_imm1ctz?geo=ES&age=TOTAL&sex=T&agedef=REACH,A,IT,REACH,TOTAL,NR,T,ES
2016-01-01,2016,A|IT|REACH|TOTAL|NR|T|ES,21667.0,Number,Eurostat,https://ec.europa.eu/eurostat/api/dissemination/statistics/1.0/data/migr_imm1ctz?geo=ES&age=TOTAL&sex=T&agedef=REACH,A,IT,REACH,TOTAL,NR,T,ES
2017-01-01,2017,A|IT|REACH|TOTAL|NR|T|ES,28793.0,Number,Eurostat,https://ec.europa.eu/eurostat/api/dissemination/statistics/1.0/data/migr_imm1ctz?geo=ES&age=TOTAL&sex=T&agedef=REACH,A,IT,REACH,TOTAL,NR,T,ES
2018-01-01,2018,A|IT|REACH|TOTAL|NR|T|ES,31280.0,Number,Eurostat,https://ec.europa.eu/eurostat/api/dissemination/statistics/1.0/data/migr_imm1ctz?geo=ES&age=TOTAL&sex=T&agedef=REACH,A,IT,REACH,TOTAL,NR,T,ES
2019-01-01,2019,A|IT|REACH|TOTAL|NR|T|ES,33362.0,Number,Eurostat,https://ec.europa.eu/eurostat/api/dissemination/statistics/1.0/data/migr_imm1ctz?geo=ES&age=TOTAL&sex=T&agedef=REACH,A,IT,REACH,TOTAL,NR,T,ES
2020-01-01,2020,A|IT|REACH|TOTAL|NR|T|ES,21330.0,Number,Eurostat,https://ec.europa.eu/eurostat/api/dissemination/statistics/1.0/data/migr_imm1ctz?geo=ES&age=TOTAL&sex=T&agedef=REACH,A,IT,REACH,TOTAL,NR,T,ES
2021-01-01,2021,A|IT|REACH|TOTAL|NR|T|ES,42101.0,Number,Eurostat,https://ec.europa.eu/eurostat/api/dissemination/statistics/1.0/data/migr_imm1ctz?geo=ES&age=TOTAL&sex=T&agedef=REACH,A,IT,REACH,TOTAL,NR,T,ES
2022-01-01,2022,A|IT|REACH|TOTAL|NR|T|ES,48797.0,Number,Eurostat,https://ec.europa.eu/eurostat/api/dissemination/statistics/1.0/data/migr_imm1ctz?geo=ES&age=TOTAL&sex=T&agedef=REACH,A,IT,REACH,TOTAL,NR,T,ES
2023-01-01,2023,A|IT|REACH|TOTAL|NR|T|ES,48089.0,Number,Eurostat,https://ec.europa.eu/eurostat/api/dissemination/statistics/1.0/data/migr_imm1ctz?geo=ES&age=TOTAL&sex=T&agedef=REACH,A,IT,REACH,TOTAL,NR,T,ES
2024-01-01,2024,A|IT|REACH|TOTAL|NR|T|ES,45812.0,Number,Eurostat,https://ec.europa.eu/eurostat/api/dissemination/statistics/1.0/data/migr_imm1ctz?geo=ES&age=TOTAL&sex=T&agedef=REACH,A,IT,REACH,TOTAL,NR,T,ES
2008-01-01,2008,A|JE|REACH|TOTAL|NR|T|ES,0.0,Number,Eurostat,https://ec.europa.eu/eurostat/api/dissemination/statistics/1.0/data/migr_imm1ctz?geo=ES&age=TOTAL&sex=T&agedef=REACH,A,JE,REACH,TOTAL,NR,T,ES
2009-01-01,2009,A|JE|REACH|TOTAL|NR|T|ES,0.0,Number,Eurostat,https://ec.europa.eu/eurostat/api/dissemination/statistics/1.0/data/migr_imm1ctz?geo=ES&age=TOTAL&sex=T&agedef=REACH,A,JE,REACH,TOTAL,NR,T,ES
2010-01-01,2010,A|JE|REACH|TOTAL|NR|T|ES,0.0,Number,Eurostat,https://ec.europa.eu/eurostat/api/dissemination/statistics/1.0/data/migr_imm1ctz?geo=ES&age=TOTAL&sex=T&agedef=REACH,A,JE,REACH,TOTAL,NR,T,ES
2011-01-01,2011,A|JE|REACH|TOTAL|NR|T|ES,0.0,Number,Eurostat,https://ec.europa.eu/eurostat/api/dissemination/statistics/1.0/data/migr_imm1ctz?geo=ES&age=TOTAL&sex=T&agedef=REACH,A,JE,REACH,TOTAL,NR,T,ES
2012-01-01,2012,A|JE|REACH|TOTAL|NR|T|ES,0.0,Number,Eurostat,https://ec.europa.eu/eurostat/api/dissemination/statistics/1.0/data/migr_imm1ctz?geo=ES&age=TOTAL&sex=T&agedef=REACH,A,JE,REACH,TOTAL,NR,T,ES
2013-01-01,2013,A|JE|REACH|TOTAL|NR|T|ES,0.0,Number,Eurostat,https://ec.europa.eu/eurostat/api/dissemination/statistics/1.0/data/migr_imm1ctz?geo=ES&age=TOTAL&sex=T&agedef=REACH,A,JE,REACH,TOTAL,NR,T,ES
2014-01-01,2014,A|JE|REACH|TOTAL|NR|T|ES,0.0,Number,Eurostat,https://ec.europa.eu/eurostat/api/dissemination/statistics/1.0/data/migr_imm1ctz?geo=ES&age=TOTAL&sex=T&agedef=REACH,A,JE,REACH,TOTAL,NR,T,ES
1998-01-01,1998,A|JM|REACH|TOTAL|NR|T|ES,3.0,Number,Eurostat,https://ec.europa.eu/eurostat/api/dissemination/statistics/1.0/data/migr_imm1ctz?geo=ES&age=TOTAL&sex=T&agedef=REACH,A,JM,REACH,TOTAL,NR,T,ES
1999-01-01,1999,A|JM|REACH|TOTAL|NR|T|ES,7.0,Number,Eurostat,https://ec.europa.eu/eurostat/api/dissemination/statistics/1.0/data/migr_imm1ctz?geo=ES&age=TOTAL&sex=T&agedef=REACH,A,JM,REACH,TOTAL,NR,T,ES
2000-01-01,2000,A|JM|REACH|TOTAL|NR|T|ES,4.0,Number,Eurostat,https://ec.europa.eu/eurostat/api/dissemination/statistics/1.0/data/migr_imm1ctz?geo=ES&age=TOTAL&sex=T&agedef=REACH,A,JM,REACH,TOTAL,NR,T,ES
2001-01-01,2001,A|JM|REACH|TOTAL|NR|T|ES,2.0,Number,Eurostat,https://ec.europa.eu/eurostat/api/dissemination/statistics/1.0/data/migr_imm1ctz?geo=ES&age=TOTAL&sex=T&agedef=REACH,A,JM,REACH,TOTAL,NR,T,ES
2002-01-01,2002,A|JM|REACH|TOTAL|NR|T|ES,8.0,Number,Eurostat,https://ec.europa.eu/eurostat/api/dissemination/statistics/1.0/data/migr_imm1ctz?geo=ES&age=TOTAL&sex=T&agedef=REACH,A,JM,REACH,TOTAL,NR,T,ES
2003-01-01,2003,A|JM|REACH|TOTAL|NR|T|ES,,Number,Eurostat,https://ec.europa.eu/eurostat/api/dissemination/statistics/1.0/data/migr_imm1ctz?geo=ES&age=TOTAL&sex=T&agedef=REACH,A,JM,REACH,TOTAL,NR,T,ES
2004-01-01,2004,A|JM|REACH|TOTAL|NR|T|ES,10.0,Number,Eurostat,https://ec.europa.eu/eurostat/api/dissemination/statistics/1.0/data/migr_imm1ctz?geo=ES&age=TOTAL&sex=T&agedef=REACH,A,JM,REACH,TOTAL,NR,T,ES
2005-01-01,2005,A|JM|REACH|TOTAL|NR|T|ES,12.0,Number,Eurostat,https://ec.europa.eu/eurostat/api/dissemination/statistics/1.0/data/migr_imm1ctz?geo=ES&age=TOTAL&sex=T&agedef=REACH,A,JM,REACH,TOTAL,NR,T,ES
2006-01-01,2006,A|JM|REACH|TOTAL|NR|T|ES,7.0,Number,Eurostat,https://ec.europa.eu/eurostat/api/dissemination/statistics/1.0/data/migr_imm1ctz?geo=ES&age=TOTAL&sex=T&agedef=REACH,A,JM,REACH,TOTAL,NR,T,ES
2007-01-01,2007,A|JM|REACH|TOTAL|NR|T|ES,14.0,Number,Eurostat,https://ec.europa.eu/eurostat/api/dissemination/statistics/1.0/data/migr_imm1ctz?geo=ES&age=TOTAL&sex=T&agedef=REACH,A,JM,REACH,TOTAL,NR,T,ES
1998-01-01,1998,A|JO|REACH|TOTAL|NR|T|ES,32.0,Number,Eurostat,https://ec.europa.eu/eurostat/api/dissemination/statistics/1.0/data/migr_imm1ctz?geo=ES&age=TOTAL&sex=T&agedef=REACH,A,JO,REACH,TOTAL,NR,T,ES
1999-01-01,1999,A|JO|REACH|TOTAL|NR|T|ES,45.0,Number,Eurostat,https://ec.europa.eu/eurostat/api/dissemination/statistics/1.0/data/migr_imm1ctz?geo=ES&age=TOTAL&sex=T&agedef=REACH,A,JO,REACH,TOTAL,NR,T,ES
2000-01-01,2000,A|JO|REACH|TOTAL|NR|T|ES,96.0,Number,Eurostat,https://ec.europa.eu/eurostat/api/dissemination/statistics/1.0/data/migr_imm1ctz?geo=ES&age=TOTAL&sex=T&agedef=REACH,A,JO,REACH,TOTAL,NR,T,ES
2001-01-01,2001,A|JO|REACH|TOTAL|NR|T|ES,92.0,Number,Eurostat,https://ec.europa.eu/eurostat/api/dissemination/statistics/1.0/data/migr_imm1ctz?geo=ES&age=TOTAL&sex=T&agedef=REACH,A,JO,REACH,TOTAL,NR,T,ES
2002-01-01,2002,A|JO|REACH|TOTAL|NR|T|ES,96.0,Number,Eurostat,https://ec.europa.eu/eurostat/api/dissemination/statistics/1.0/data/migr_imm1ctz?geo=ES&age=TOTAL&sex=T&agedef=REACH,A,JO,REACH,TOTAL,NR,T,ES
2003-01-01,2003,A|JO|REACH|TOTAL|NR|T|ES,,Number,Eurostat,https://ec.europa.eu/eurostat/api/dissemination/statistics/1.0/data/migr_imm1ctz?geo=ES&age=TOTAL&sex=T&agedef=REACH,A,JO,REACH,TOTAL,NR,T,ES
2004-01-01,2004,A|JO|REACH|TOTAL|NR|T|ES,184.0,Number,Eurostat,https://ec.europa.eu/eurostat/api/dissemination/statistics/1.0/data/migr_imm1ctz?geo=ES&age=TOTAL&sex=T&agedef=REACH,A,JO,REACH,TOTAL,NR,T,ES
2005-01-01,2005,A|JO|REACH|TOTAL|NR|T|ES,171.0,Number,Eurostat,https://ec.europa.eu/eurostat/api/dissemination/statistics/1.0/data/migr_imm1ctz?geo=ES&age=TOTAL&sex=T&agedef=REACH,A,JO,REACH,TOTAL,NR,T,ES
2006-01-01,2006,A|JO|REACH|TOTAL|NR|T|ES,156.0,Number,Eurostat,https://ec.europa.eu/eurostat/api/dissemination/statistics/1.0/data/migr_imm1ctz?geo=ES&age=TOTAL&sex=T&agedef=REACH,A,JO,REACH,TOTAL,NR,T,ES
2007-01-01,2007,A|JO|REACH|TOTAL|NR|T|ES,124.0,Number,Eurostat,https://ec.europa.eu/eurostat/api/dissemination/statistics/1.0/data/migr_imm1ctz?geo=ES&age=TOTAL&sex=T&agedef=REACH,A,JO,REACH,TOTAL,NR,T,ES
1998-01-01,1998,A|JP|REACH|TOTAL|NR|T|ES,133.0,Number,Eurostat,https://ec.europa.eu/eurostat/api/dissemination/statistics/1.0/data/migr_imm1ctz?geo=ES&age=TOTAL&sex=T&agedef=REACH,A,JP,REACH,TOTAL,NR,T,ES
1999-01-01,1999,A|JP|REACH|TOTAL|NR|T|ES,177.0,Number,Eurostat,https://ec.europa.eu/eurostat/api/dissemination/statistics/1.0/data/migr_imm1ctz?geo=ES&age=TOTAL&sex=T&agedef=REACH,A,JP,REACH,TOTAL,NR,T,ES
2000-01-01,2000,A|JP|REACH|TOTAL|NR|T|ES,227.0,Number,Eurostat,https://ec.europa.eu/eurostat/api/dissemination/statistics/1.0/data/migr_imm1ctz?geo=ES&age=TOTAL&sex=T&agedef=REACH,A,JP,REACH,TOTAL,NR,T,ES
2001-01-01,2001,A|JP|REACH|TOTAL|NR|T|ES,250.0,Number,Eurostat,https://ec.europa.eu/eurostat/api/dissemination/statistics/1.0/data/migr_imm1ctz?geo=ES&age=TOTAL&sex=T&agedef=REACH,A,JP,REACH,TOTAL,NR,T,ES
2002-01-01,2002,A|JP|REACH|TOTAL|NR|T|ES,273.0,Number,Eurostat,https://ec.europa.eu/eurostat/api/dissemination/statistics/1.0/data/migr_imm1ctz?geo=ES&age=TOTAL&sex=T&agedef=REACH,A,JP,REACH,TOTAL,NR,T,ES
2003-01-01,2003,A|JP|REACH|TOTAL|NR|T|ES,,Number,Eurostat,https://ec.europa.eu/eurostat/api/dissemination/statistics/1.0/data/migr_imm1ctz?geo=ES&age=TOTAL&sex=T&agedef=REACH,A,JP,REACH,TOTAL,NR,T,ES
2004-01-01,2004,A|JP|REACH|TOTAL|NR|T|ES,754.0,Number,Eurostat,https://ec.europa.eu/eurostat/api/dissemination/statistics/1.0/data/migr_imm1ctz?geo=ES&age=TOTAL&sex=T&agedef=REACH,A,JP,REACH,TOTAL,NR,T,ES
2005-01-01,2005,A|JP|REACH|TOTAL|NR|T|ES,726.0,Number,Eurostat,https://ec.europa.eu/eurostat/api/dissemination/statistics/1.0/data/migr_imm1ctz?geo=ES&age=TOTAL&sex=T&agedef=REACH,A,JP,REACH,TOTAL,NR,T,ES
2006-01-01,2006,A|JP|REACH|TOTAL|NR|T|ES,802.0,Number,Eurostat,https://ec.europa.eu/eurostat/api/dissemination/statistics/1.0/data/migr_imm1ctz?geo=ES&age=TOTAL&sex=T&agedef=REACH,A,JP,REACH,TOTAL,NR,T,ES
2007-01-01,2007,A|JP|REACH|TOTAL|NR|T|ES,698.0,Number,Eurostat,https://ec.europa.eu/eurostat/api/dissemination/statistics/1.0/data/migr_imm1ctz?geo=ES&age=TOTAL&sex=T&agedef=REACH,A,JP,REACH,TOTAL,NR,T,ES
1998-01-01,1998,A|KE|REACH|TOTAL|NR|T|ES,19.0,Number,Eurostat,https://ec.europa.eu/eurostat/api/dissemination/statistics/1.0/data/migr_imm1ctz?geo=ES&age=TOTAL&sex=T&agedef=REACH,A,KE,REACH,TOTAL,NR,T,ES
1999-01-01,1999,A|KE|REACH|TOTAL|NR|T|ES,27.0,Number,Eurostat,https://ec.europa.eu/eurostat/api/dissemination/statistics/1.0/data/migr_imm1ctz?geo=ES&age=TOTAL&sex=T&agedef=REACH,A,KE,REACH,TOTAL,NR,T,ES
2000-01-01,2000,A|KE|REACH|TOTAL|NR|T|ES,54.0,Number,Eurostat,https://ec.europa.eu/eurostat/api/dissemination/statistics/1.0/data/migr_imm1ctz?geo=ES&age=TOTAL&sex=T&agedef=REACH,A,KE,REACH,TOTAL,NR,T,ES
2001-01-01,2001,A|KE|REACH|TOTAL|NR|T|ES,39.0,Number,Eurostat,https://ec.europa.eu/eurostat/api/dissemination/statistics/1.0/data/migr_imm1ctz?geo=ES&age=TOTAL&sex=T&agedef=REACH,A,KE,REACH,TOTAL,NR,T,ES
2002-01-01,2002,A|KE|REACH|TOTAL|NR|T|ES,31.0,Number,Eurostat,https://ec.europa.eu/eurostat/api/dissemination/statistics/1.0/data/migr_imm1ctz?geo=ES&age=TOTAL&sex=T&agedef=REACH,A,KE,REACH,TOTAL,NR,T,ES
2003-01-01,2003,A|KE|REACH|TOTAL|NR|T|ES,,Number,Eurostat,https://ec.europa.eu/eurostat/api/dissemination/statistics/1.0/data/migr_imm1ctz?geo=ES&age=TOTAL&sex=T&agedef=REACH,A,KE,REACH,TOTAL,NR,T,ES
2004-01-01,2004,A|KE|REACH|TOTAL|NR|T|ES,70.0,Number,Eurostat,https://ec.europa.eu/eurostat/api/dissemination/statistics/1.0/data/migr_imm1ctz?geo=ES&age=TOTAL&sex=T&agedef=REACH,A,KE,REACH,TOTAL,NR,T,ES
2005-01-01,2005,A|KE|REACH|TOTAL|NR|T|ES,56.0,Number,Eurostat,https://ec.europa.eu/eurostat/api/dissemination/statistics/1.0/data/migr_imm1ctz?geo=ES&age=TOTAL&sex=T&agedef=REACH,A,KE,REACH,TOTAL,NR,T,ES
2006-01-01,2006,A|KE|REACH|TOTAL|NR|T|ES,84.0,Number,Eurostat,https://ec.europa.eu/eurostat/api/dissemination/statistics/1.0/data/migr_imm1ctz?geo=ES&age=TOTAL&sex=T&agedef=REACH,A,KE,REACH,TOTAL,NR,T,ES
2007-01-01,2007,A|KE|REACH|TOTAL|NR|T|ES,95.0,Number,Eurostat,https://ec.europa.eu/eurostat/api/dissemination/statistics/1.0/data/migr_imm1ctz?geo=ES&age=TOTAL&sex=T&agedef=REACH,A,KE,REACH,TOTAL,NR,T,ES
1998-01-01,1998,A|KG|REACH|TOTAL|NR|T|ES,7.0,Number,Eurostat,https://ec.europa.eu/eurostat/api/dissemination/statistics/1.0/data/migr_imm1ctz?geo=ES&age=TOTAL&sex=T&agedef=REACH,A,KG,REACH,TOTAL,NR,T,ES
1999-01-01,1999,A|KG|REACH|TOTAL|NR|T|ES,3.0,Number,Eurostat,https://ec.europa.eu/eurostat/api/dissemination/statistics/1.0/data/migr_imm1ctz?geo=ES&age=TOTAL&sex=T&agedef=REACH,A,KG,REACH,TOTAL,NR,T,ES
2000-01-01,2000,A|KG|REACH|TOTAL|NR|T|ES,12.0,Number,Eurostat,https://ec.europa.eu/eurostat/api/dissemination/statistics/1.0/data/migr_imm1ctz?geo=ES&age=TOTAL&sex=T&agedef=REACH,A,KG,REACH,TOTAL,NR,T,ES
2001-01-01,2001,A|KG|REACH|TOTAL|NR|T|ES,37.0,Number,Eurostat,https://ec.europa.eu/eurostat/api/dissemination/statistics/1.0/data/migr_imm1ctz?geo=ES&age=TOTAL&sex=T&agedef=REACH,A,KG,REACH,TOTAL,NR,T,ES
2002-01-01,2002,A|KG|REACH|TOTAL|NR|T|ES,30.0,Number,Eurostat,https://ec.europa.eu/eurostat/api/dissemination/statistics/1.0/data/migr_imm1ctz?geo=ES&age=TOTAL&sex=T&agedef=REACH,A,KG,REACH,TOTAL,NR,T,ES
2003-01-01,2003,A|KG|REACH|TOTAL|NR|T|ES,,Number,Eurostat,https://ec.europa.eu/eurostat/api/dissemination/statistics/1.0/data/migr_imm1ctz?geo=ES&age=TOTAL&sex=T&agedef=REACH,A,KG,REACH,TOTAL,NR,T,ES
2004-01-01,2004,A|KG|REACH|TOTAL|NR|T|ES,18.0,Number,Eurostat,https://ec.europa.eu/eurostat/api/dissemination/statistics/1.0/data/migr_imm1ctz?geo=ES&age=TOTAL&sex=T&agedef=REACH,A,KG,REACH,TOTAL,NR,T,ES
2005-01-01,2005,A|KG|REACH|TOTAL|NR|T|ES,28.0,Number,Eurostat,https://ec.europa.eu/eurostat/api/dissemination/statistics/1.0/data/migr_imm1ctz?geo=ES&age=TOTAL&sex=T&agedef=REACH,A,KG,REACH,TOTAL,NR,T,ES
2006-01-01,2006,A|KG|REACH|TOTAL|NR|T|ES,43.0,Number,Eurostat,https://ec.europa.eu/eurostat/api/dissemination/statistics/1.0/data/migr_imm1ctz?geo=ES&age=TOTAL&sex=T&agedef=REACH,A,KG,REACH,TOTAL,NR,T,ES
2007-01-01,2007,A|KG|REACH|TOTAL|NR|T|ES,31.0,Number,Eurostat,https://ec.europa.eu/eurostat/api/dissemination/statistics/1.0/data/migr_imm1ctz?geo=ES&age=TOTAL&sex=T&agedef=REACH,A,KG,REACH,TOTAL,NR,T,ES
1998-01-01,1998,A|KH|REACH|TOTAL|NR|T|ES,0.0,Number,Eurostat,https://ec.europa.eu/eurostat/api/dissemination/statistics/1.0/data/migr_imm1ctz?geo=ES&age=TOTAL&sex=T&agedef=REACH,A,KH,REACH,TOTAL,NR,T,ES
1999-01-01,1999,A|KH|REACH|TOTAL|NR|T|ES,1.0,Number,Eurostat,https://ec.europa.eu/eurostat/api/dissemination/statistics/1.0/data/migr_imm1ctz?geo=ES&age=TOTAL&sex=T&agedef=REACH,A,KH,REACH,TOTAL,NR,T,ES
2000-01-01,2000,A|KH|REACH|TOTAL|NR|T|ES,0.0,Number,Eurostat,https://ec.europa.eu/eurostat/api/dissemination/statistics/1.0/data/migr_imm1ctz?geo=ES&age=TOTAL&sex=T&agedef=REACH,A,KH,REACH,TOTAL,NR,T,ES
2001-01-01,2001,A|KH|REACH|TOTAL|NR|T|ES,3.0,Number,Eurostat,https://ec.europa.eu/eurostat/api/dissemination/statistics/1.0/data/migr_imm1ctz?geo=ES&age=TOTAL&sex=T&agedef=REACH,A,KH,REACH,TOTAL,NR,T,ES
2002-01-01,2002,A|KH|REACH|TOTAL|NR|T|ES,0.0,Number,Eurostat,https://ec.europa.eu/eurostat/api/dissemination/statistics/1.0/data/migr_imm1ctz?geo=ES&age=TOTAL&sex=T&agedef=REACH,A,KH,REACH,TOTAL,NR,T,ES
2003-01-01,2003,A|KH|REACH|TOTAL|NR|T|ES,,Number,Eurostat,https://ec.europa.eu/eurostat/api/dissemination/statistics/1.0/data/migr_imm1ctz?geo=ES&age=TOTAL&sex=T&agedef=REACH,A,KH,REACH,TOTAL,NR,T,ES
2004-01-01,2004,A|KH|REACH|TOTAL|NR|T|ES,4.0,Number,Eurostat,https://ec.europa.eu/eurostat/api/dissemination/statistics/1.0/data/migr_imm1ctz?geo=ES&age=TOTAL&sex=T&agedef=REACH,A,KH,REACH,TOTAL,NR,T,ES
2005-01-01,2005,A|KH|REACH|TOTAL|NR|T|ES,1.0,Number,Eurostat,https://ec.europa.eu/eurostat/api/dissemination/statistics/1.0/data/migr_imm1ctz?geo=ES&age=TOTAL&sex=T&agedef=REACH,A,KH,REACH,TOTAL,NR,T,ES
2006-01-01,2006,A|KH|REACH|TOTAL|NR|T|ES,0.0,Number,Eurostat,https://ec.europa.eu/eurostat/api/dissemination/statistics/1.0/data/migr_imm1ctz?geo=ES&age=TOTAL&sex=T&agedef=REACH,A,KH,REACH,TOTAL,NR,T,ES
2007-01-01,2007,A|KH|REACH|TOTAL|NR|T|ES,6.0,Number,Eurostat,https://ec.europa.eu/eurostat/api/dissemination/statistics/1.0/data/migr_imm1ctz?geo=ES&age=TOTAL&sex=T&agedef=REACH,A,KH,REACH,TOTAL,NR,T,ES
1998-01-01,1998,A|KI|REACH|TOTAL|NR|T|ES,0.0,Number,Eurostat,https://ec.europa.eu/eurostat/api/dissemination/statistics/1.0/data/migr_imm1ctz?geo=ES&age=TOTAL&sex=T&agedef=REACH,A,KI,REACH,TOTAL,NR,T,ES
1999-01-01,1999,A|KI|REACH|TOTAL|NR|T|ES,0.0,Number,Eurostat,https://ec.europa.eu/eurostat/api/dissemination/statistics/1.0/data/migr_imm1ctz?geo=ES&age=TOTAL&sex=T&agedef=REACH,A,KI,REACH,TOTAL,NR,T,ES
2000-01-01,2000,A|KI|REACH|TOTAL|NR|T|ES,0.0,Number,Eurostat,https://ec.europa.eu/eurostat/api/dissemination/statistics/1.0/data/migr_imm1ctz?geo=ES&age=TOTAL&sex=T&agedef=REACH,A,KI,REACH,TOTAL,NR,T,ES
2001-01-01,2001,A|KI|REACH|TOTAL|NR|T|ES,3.0,Number,Eurostat,https://ec.europa.eu/eurostat/api/dissemination/statistics/1.0/data/migr_imm1ctz?geo=ES&age=TOTAL&sex=T&agedef=REACH,A,KI,REACH,TOTAL,NR,T,ES
2002-01-01,2002,A|KI|REACH|TOTAL|NR|T|ES,2.0,Number,Eurostat,https://ec.europa.eu/eurostat/api/dissemination/statistics/1.0/data/migr_imm1ctz?geo=ES&age=TOTAL&sex=T&agedef=REACH,A,KI,REACH,TOTAL,NR,T,ES
2003-01-01,2003,A|KI|REACH|TOTAL|NR|T|ES,,Number,Eurostat,https://ec.europa.eu/eurostat/api/dissemination/statistics/1.0/data/migr_imm1ctz?geo=ES&age=TOTAL&sex=T&agedef=REACH,A,KI,REACH,TOTAL,NR,T,ES
2004-01-01,2004,A|KI|REACH|TOTAL|NR|T|ES,13.0,Number,Eurostat,https://ec.europa.eu/eurostat/api/dissemination/statistics/1.0/data/migr_imm1ctz?geo=ES&age=TOTAL&sex=T&agedef=REACH,A,KI,REACH,TOTAL,NR,T,ES
2005-01-01,2005,A|KI|REACH|TOTAL|NR|T|ES,0.0,Number,Eurostat,https://ec.europa.eu/eurostat/api/dissemination/statistics/1.0/data/migr_imm1ctz?geo=ES&age=TOTAL&sex=T&agedef=REACH,A,KI,REACH,TOTAL,NR,T,ES
2006-01-01,2006,A|KI|REACH|TOTAL|NR|T|ES,0.0,Number,Eurostat,https://ec.europa.eu/eurostat/api/dissemination/statistics/1.0/data/migr_imm1ctz?geo=ES&age=TOTAL&sex=T&agedef=REACH,A,KI,REACH,TOTAL,NR,T,ES
2007-01-01,2007,A|KI|REACH|TOTAL|NR|T|ES,,Number,Eurostat,https://ec.europa.eu/eurostat/api/dissemination/statistics/1.0/data/migr_imm1ctz?geo=ES&age=TOTAL&sex=T&agedef=REACH,A,KI,REACH,TOTAL,NR,T,ES
2008-01-01,2008,A|KI|REACH|TOTAL|NR|T|ES,0.0,Number,Eurostat,https://ec.europa.eu/eurostat/api/dissemination/statistics/1.0/data/migr_imm1ctz?geo=ES&age=TOTAL&sex=T&agedef=REACH,A,KI,REACH,TOTAL,NR,T,ES
2009-01-01,2009,A|KI|REACH|TOTAL|NR|T|ES,0.0,Number,Eurostat,https://ec.europa.eu/eurostat/api/dissemination/statistics/1.0/data/migr_imm1ctz?geo=ES&age=TOTAL&sex=T&agedef=REACH,A,KI,REACH,TOTAL,NR,T,ES
2010-01-01,2010,A|KI|REACH|TOTAL|NR|T|ES,0.0,Number,Eurostat,https://ec.europa.eu/eurostat/api/dissemination/statistics/1.0/data/migr_imm1ctz?geo=ES&age=TOTAL&sex=T&agedef=REACH,A,KI,REACH,TOTAL,NR,T,ES
2011-01-01,2011,A|KI|REACH|TOTAL|NR|T|ES,0.0,Number,Eurostat,https://ec.europa.eu/eurostat/api/dissemination/statistics/1.0/data/migr_imm1ctz?geo=ES&age=TOTAL&sex=T&agedef=REACH,A,KI,REACH,TOTAL,NR,T,ES
2012-01-01,2012,A|KI|REACH|TOTAL|NR|T|ES,0.0,Number,Eurostat,https://ec.europa.eu/eurostat/api/dissemination/statistics/1.0/data/migr_imm1ctz?geo=ES&age=TOTAL&sex=T&agedef=REACH,A,KI,REACH,TOTAL,NR,T,ES
2013-01-01,2013,A|KI|REACH|TOTAL|NR|T|ES,1.0,Number,Eurostat,https://ec.europa.eu/eurostat/api/dissemination/statistics/1.0/data/migr_imm1ctz?geo=ES&age=TOTAL&sex=T&agedef=REACH,A,KI,REACH,TOTAL,NR,T,ES
2014-01-01,2014,A|KI|REACH|TOTAL|NR|T|ES,0.0,Number,Eurostat,https://ec.europa.eu/eurostat/api/dissemination/statistics/1.0/data/migr_imm1ctz?geo=ES&age=TOTAL&sex=T&agedef=REACH,A,KI,REACH,TOTAL,NR,T,ES
1998-01-01,1998,A|KM|REACH|TOTAL|NR|T|ES,1.0,Number,Eurostat,https://ec.europa.eu/eurostat/api/dissemination/statistics/1.0/data/migr_imm1ctz?geo=ES&age=TOTAL&sex=T&agedef=REACH,A,KM,REACH,TOTAL,NR,T,ES
1999-01-01,1999,A|KM|REACH|TOTAL|NR|T|ES,1.0,Number,Eurostat,https://ec.europa.eu/eurostat/api/dissemination/statistics/1.0/data/migr_imm1ctz?geo=ES&age=TOTAL&sex=T&agedef=REACH,A,KM,REACH,TOTAL,NR,T,ES
2000-01-01,2000,A|KM|REACH|TOTAL|NR|T|ES,0.0,Number,Eurostat,https://ec.europa.eu/eurostat/api/dissemination/statistics/1.0/data/migr_imm1ctz?geo=ES&age=TOTAL&sex=T&agedef=REACH,A,KM,REACH,TOTAL,NR,T,ES
2001-01-01,2001,A|KM|REACH|TOTAL|NR|T|ES,0.0,Number,Eurostat,https://ec.europa.eu/eurostat/api/dissemination/statistics/1.0/data/migr_imm1ctz?geo=ES&age=TOTAL&sex=T&agedef=REACH,A,KM,REACH,TOTAL,NR,T,ES
2002-01-01,2002,A|KM|REACH|TOTAL|NR|T|ES,0.0,Number,Eurostat,https://ec.europa.eu/eurostat/api/dissemination/statistics/1.0/data/migr_imm1ctz?geo=ES&age=TOTAL&sex=T&agedef=REACH,A,KM,REACH,TOTAL,NR,T,ES
2003-01-01,2003,A|KM|REACH|TOTAL|NR|T|ES,,Number,Eurostat,https://ec.europa.eu/eurostat/api/dissemination/statistics/1.0/data/migr_imm1ctz?geo=ES&age=TOTAL&sex=T&agedef=REACH,A,KM,REACH,TOTAL,NR,T,ES
2004-01-01,2004,A|KM|REACH|TOTAL|NR|T|ES,1.0,Number,Eurostat,https://ec.europa.eu/eurostat/api/dissemination/statistics/1.0/data/migr_imm1ctz?geo=ES&age=TOTAL&sex=T&agedef=REACH,A,KM,REACH,TOTAL,NR,T,ES
2005-01-01,2005,A|KM|REACH|TOTAL|NR|T|ES,3.0,Number,Eurostat,https://ec.europa.eu/eurostat/api/dissemination/statistics/1.0/data/migr_imm1ctz?geo=ES&age=TOTAL&sex=T&agedef=REACH,A,KM,REACH,TOTAL,NR,T,ES
2006-01-01,2006,A|KM|REACH|TOTAL|NR|T|ES,2.0,Number,Eurostat,https://ec.europa.eu/eurostat/api/dissemination/statistics/1.0/data/migr_imm1ctz?geo=ES&age=TOTAL&sex=T&agedef=REACH,A,KM,REACH,TOTAL,NR,T,ES
2007-01-01,2007,A|KM|REACH|TOTAL|NR|T|ES,0.0,Number,Eurostat,https://ec.europa.eu/eurostat/api/dissemination/statistics/1.0/data/migr_imm1ctz?geo=ES&age=TOTAL&sex=T&agedef=REACH,A,KM,REACH,TOTAL,NR,T,ES
1998-01-01,1998,A|KN|REACH|TOTAL|NR|T|ES,1.0,Number,Eurostat,https://ec.europa.eu/eurostat/api/dissemination/statistics/1.0/data/migr_imm1ctz?geo=ES&age=TOTAL&sex=T&agedef=REACH,A,KN,REACH,TOTAL,NR,T,ES
1999-01-01,1999,A|KN|REACH|TOTAL|NR|T|ES,0.0,Number,Eurostat,https://ec.europa.eu/eurostat/api/dissemination/statistics/1.0/data/migr_imm1ctz?geo=ES&age=TOTAL&sex=T&agedef=REACH,A,KN,REACH,TOTAL,NR,T,ES
2000-01-01,2000,A|KN|REACH|TOTAL|NR|T|ES,0.0,Number,Eurostat,https://ec.europa.eu/eurostat/api/dissemination/statistics/1.0/data/migr_imm1ctz?geo=ES&age=TOTAL&sex=T&agedef=REACH,A,KN,REACH,TOTAL,NR,T,ES
2001-01-01,2001,A|KN|REACH|TOTAL|NR|T|ES,8.0,Number,Eurostat,https://ec.europa.eu/eurostat/api/dissemination/statistics/1.0/data/migr_imm1ctz?geo=ES&age=TOTAL&sex=T&agedef=REACH,A,KN,REACH,TOTAL,NR,T,ES
2002-01-01,2002,A|KN|REACH|TOTAL|NR|T|ES,0.0,Number,Eurostat,https://ec.europa.eu/eurostat/api/dissemination/statistics/1.0/data/migr_imm1ctz?geo=ES&age=TOTAL&sex=T&agedef=REACH,A,KN,REACH,TOTAL,NR,T,ES
2003-01-01,2003,A|KN|REACH|TOTAL|NR|T|ES,,Number,Eurostat,https://ec.europa.eu/eurostat/api/dissemination/statistics/1.0/data/migr_imm1ctz?geo=ES&age=TOTAL&sex=T&agedef=REACH,A,KN,REACH,TOTAL,NR,T,ES
2004-01-01,2004,A|KN|REACH|TOTAL|NR|T|ES,1.0,Number,Eurostat,https://ec.europa.eu/eurostat/api/dissemination/statistics/1.0/data/migr_imm1ctz?geo=ES&age=TOTAL&sex=T&agedef=REACH,A,KN,REACH,TOTAL,NR,T,ES
2005-01-01,2005,A|KN|REACH|TOTAL|NR|T|ES,0.0,Number,Eurostat,https://ec.europa.eu/eurostat/api/dissemination/statistics/1.0/data/migr_imm1ctz?geo=ES&age=TOTAL&sex=T&agedef=REACH,A,KN,REACH,TOTAL,NR,T,ES
2006-01-01,2006,A|KN|REACH|TOTAL|NR|T|ES,2.0,Number,Eurostat,https://ec.europa.eu/eurostat/api/dissemination/statistics/1.0/data/migr_imm1ctz?geo=ES&age=TOTAL&sex=T&agedef=REACH,A,KN,REACH,TOTAL,NR,T,ES
2007-01-01,2007,A|KN|REACH|TOTAL|NR|T|ES,0.0,Number,Eurostat,https://ec.europa.eu/eurostat/api/dissemination/statistics/1.0/data/migr_imm1ctz?geo=ES&age=TOTAL&sex=T&agedef=REACH,A,KN,REACH,TOTAL,NR,T,ES
1998-01-01,1998,A|KP|REACH|TOTAL|NR|T|ES,2.0,Number,Eurostat,https://ec.europa.eu/eurostat/api/dissemination/statistics/1.0/data/migr_imm1ctz?geo=ES&age=TOTAL&sex=T&agedef=REACH,A,KP,REACH,TOTAL,NR,T,ES
1999-01-01,1999,A|KP|REACH|TOTAL|NR|T|ES,3.0,Number,Eurostat,https://ec.europa.eu/eurostat/api/dissemination/statistics/1.0/data/migr_imm1ctz?geo=ES&age=TOTAL&sex=T&agedef=REACH,A,KP,REACH,TOTAL,NR,T,ES
2000-01-01,2000,A|KP|REACH|TOTAL|NR|T|ES,5.0,Number,Eurostat,https://ec.europa.eu/eurostat/api/dissemination/statistics/1.0/data/migr_imm1ctz?geo=ES&age=TOTAL&sex=T&agedef=REACH,A,KP,REACH,TOTAL,NR,T,ES
2001-01-01,2001,A|KP|REACH|TOTAL|NR|T|ES,12.0,Number,Eurostat,https://ec.europa.eu/eurostat/api/dissemination/statistics/1.0/data/migr_imm1ctz?geo=ES&age=TOTAL&sex=T&agedef=REACH,A,KP,REACH,TOTAL,NR,T,ES
2002-01-01,2002,A|KP|REACH|TOTAL|NR|T|ES,6.0,Number,Eurostat,https://ec.europa.eu/eurostat/api/dissemination/statistics/1.0/data/migr_imm1ctz?geo=ES&age=TOTAL&sex=T&agedef=REACH,A,KP,REACH,TOTAL,NR,T,ES
2003-01-01,2003,A|KP|REACH|TOTAL|NR|T|ES,,Number,Eurostat,https://ec.europa.eu/eurostat/api/dissemination/statistics/1.0/data/migr_imm1ctz?geo=ES&age=TOTAL&sex=T&agedef=REACH,A,KP,REACH,TOTAL,NR,T,ES
2004-01-01,2004,A|KP|REACH|TOTAL|NR|T|ES,3.0,Number,Eurostat,https://ec.europa.eu/eurostat/api/dissemination/statistics/1.0/data/migr_imm1ctz?geo=ES&age=TOTAL&sex=T&agedef=REACH,A,KP,REACH,TOTAL,NR,T,ES
2005-01-01,2005,A|KP|REACH|TOTAL|NR|T|ES,13.0,Number,Eurostat,https://ec.europa.eu/eurostat/api/dissemination/statistics/1.0/data/migr_imm1ctz?geo=ES&age=TOTAL&sex=T&agedef=REACH,A,KP,REACH,TOTAL,NR,T,ES
2006-01-01,2006,A|KP|REACH|TOTAL|NR|T|ES,15.0,Number,Eurostat,https://ec.europa.eu/eurostat/api/dissemination/statistics/1.0/data/migr_imm1ctz?geo=ES&age=TOTAL&sex=T&agedef=REACH,A,KP,REACH,TOTAL,NR,T,ES
2007-01-01,2007,A|KP|REACH|TOTAL|NR|T|ES,13.0,Number,Eurostat,https://ec.europa.eu/eurostat/api/dissemination/statistics/1.0/data/migr_imm1ctz?geo=ES&age=TOTAL&sex=T&agedef=REACH,A,KP,REACH,TOTAL,NR,T,ES
1998-01-01,1998,A|KR|REACH|TOTAL|NR|T|ES,49.0,Number,Eurostat,https://ec.europa.eu/eurostat/api/dissemination/statistics/1.0/data/migr_imm1ctz?geo=ES&age=TOTAL&sex=T&agedef=REACH,A,KR,REACH,TOTAL,NR,T,ES
1999-01-01,1999,A|KR|REACH|TOTAL|NR|T|ES,77.0,Number,Eurostat,https://ec.europa.eu/eurostat/api/dissemination/statistics/1.0/data/migr_imm1ctz?geo=ES&age=TOTAL&sex=T&agedef=REACH,A,KR,REACH,TOTAL,NR,T,ES
2000-01-01,2000,A|KR|REACH|TOTAL|NR|T|ES,164.0,Number,Eurostat,https://ec.europa.eu/eurostat/api/dissemination/statistics/1.0/data/migr_imm1ctz?geo=ES&age=TOTAL&sex=T&agedef=REACH,A,KR,REACH,TOTAL,NR,T,ES
2001-01-01,2001,A|KR|REACH|TOTAL|NR|T|ES,166.0,Number,Eurostat,https://ec.europa.eu/eurostat/api/dissemination/statistics/1.0/data/migr_imm1ctz?geo=ES&age=TOTAL&sex=T&agedef=REACH,A,KR,REACH,TOTAL,NR,T,ES
2002-01-01,2002,A|KR|REACH|TOTAL|NR|T|ES,199.0,Number,Eurostat,https://ec.europa.eu/eurostat/api/dissemination/statistics/1.0/data/migr_imm1ctz?geo=ES&age=TOTAL&sex=T&agedef=REACH,A,KR,REACH,TOTAL,NR,T,ES
2003-01-01,2003,A|KR|REACH|TOTAL|NR|T|ES,,Number,Eurostat,https://ec.europa.eu/eurostat/api/dissemination/statistics/1.0/data/migr_imm1ctz?geo=ES&age=TOTAL&sex=T&agedef=REACH,A,KR,REACH,TOTAL,NR,T,ES
2004-01-01,2004,A|KR|REACH|TOTAL|NR|T|ES,322.0,Number,Eurostat,https://ec.europa.eu/eurostat/api/dissemination/statistics/1.0/data/migr_imm1ctz?geo=ES&age=TOTAL&sex=T&agedef=REACH,A,KR,REACH,TOTAL,NR,T,ES
2005-01-01,2005,A|KR|REACH|TOTAL|NR|T|ES,297.0,Number,Eurostat,https://ec.europa.eu/eurostat/api/dissemination/statistics/1.0/data/migr_imm1ctz?geo=ES&age=TOTAL&sex=T&agedef=REACH,A,KR,REACH,TOTAL,NR,T,ES
2006-01-01,2006,A|KR|REACH|TOTAL|NR|T|ES,333.0,Number,Eurostat,https://ec.europa.eu/eurostat/api/dissemination/statistics/1.0/data/migr_imm1ctz?geo=ES&age=TOTAL&sex=T&agedef=REACH,A,KR,REACH,TOTAL,NR,T,ES
2007-01-01,2007,A|KR|REACH|TOTAL|NR|T|ES,426.0,Number,Eurostat,https://ec.europa.eu/eurostat/api/dissemination/statistics/1.0/data/migr_imm1ctz?geo=ES&age=TOTAL&sex=T&agedef=REACH,A,KR,REACH,TOTAL,NR,T,ES
1998-01-01,1998,A|KW|REACH|TOTAL|NR|T|ES,1.0,Number,Eurostat,https://ec.europa.eu/eurostat/api/dissemination/statistics/1.0/data/migr_imm1ctz?geo=ES&age=TOTAL&sex=T&agedef=REACH,A,KW,REACH,TOTAL,NR,T,ES
1999-01-01,1999,A|KW|REACH|TOTAL|NR|T|ES,4.0,Number,Eurostat,https://ec.europa.eu/eurostat/api/dissemination/statistics/1.0/data/migr_imm1ctz?geo=ES&age=TOTAL&sex=T&agedef=REACH,A,KW,REACH,TOTAL,NR,T,ES
2000-01-01,2000,A|KW|REACH|TOTAL|NR|T|ES,4.0,Number,Eurostat,https://ec.europa.eu/eurostat/api/dissemination/statistics/1.0/data/migr_imm1ctz?geo=ES&age=TOTAL&sex=T&agedef=REACH,A,KW,REACH,TOTAL,NR,T,ES
2001-01-01,2001,A|KW|REACH|TOTAL|NR|T|ES,3.0,Number,Eurostat,https://ec.europa.eu/eurostat/api/dissemination/statistics/1.0/data/migr_imm1ctz?geo=ES&age=TOTAL&sex=T&agedef=REACH,A,KW,REACH,TOTAL,NR,T,ES
2002-01-01,2002,A|KW|REACH|TOTAL|NR|T|ES,1.0,Number,Eurostat,https://ec.europa.eu/eurostat/api/dissemination/statistics/1.0/data/migr_imm1ctz?geo=ES&age=TOTAL&sex=T&agedef=REACH,A,KW,REACH,TOTAL,NR,T,ES
2003-01-01,2003,A|KW|REACH|TOTAL|NR|T|ES,,Number,Eurostat,https://ec.europa.eu/eurostat/api/dissemination/statistics/1.0/data/migr_imm1ctz?geo=ES&age=TOTAL&sex=T&agedef=REACH,A,KW,REACH,TOTAL,NR,T,ES
2004-01-01,2004,A|KW|REACH|TOTAL|NR|T|ES,7.0,Number,Eurostat,https://ec.europa.eu/eurostat/api/dissemination/statistics/1.0/data/migr_imm1ctz?geo=ES&age=TOTAL&sex=T&agedef=REACH,A,KW,REACH,TOTAL,NR,T,ES
2005-01-01,2005,A|KW|REACH|TOTAL|NR|T|ES,11.0,Number,Eurostat,https://ec.europa.eu/eurostat/api/dissemination/statistics/1.0/data/migr_imm1ctz?geo=ES&age=TOTAL&sex=T&agedef=REACH,A,KW,REACH,TOTAL,NR,T,ES
2006-01-01,2006,A|KW|REACH|TOTAL|NR|T|ES,17.0,Number,Eurostat,https://ec.europa.eu/eurostat/api/dissemination/statistics/1.0/data/migr_imm1ctz?geo=ES&age=TOTAL&sex=T&agedef=REACH,A,KW,REACH,TOTAL,NR,T,ES
2007-01-01,2007,A|KW|REACH|TOTAL|NR|T|ES,8.0,Number,Eurostat,https://ec.europa.eu/eurostat/api/dissemination/statistics/1.0/data/migr_imm1ctz?geo=ES&age=TOTAL&sex=T&agedef=REACH,A,KW,REACH,TOTAL,NR,T,ES
2008-01-01,2008,A|KY|REACH|TOTAL|NR|T|ES,0.0,Number,Eurostat,https://ec.europa.eu/eurostat/api/dissemination/statistics/1.0/data/migr_imm1ctz?geo=ES&age=TOTAL&sex=T&agedef=REACH,A,KY,REACH,TOTAL,NR,T,ES
2009-01-01,2009,A|KY|REACH|TOTAL|NR|T|ES,0.0,Number,Eurostat,https://ec.europa.eu/eurostat/api/dissemination/statistics/1.0/data/migr_imm1ctz?geo=ES&age=TOTAL&sex=T&agedef=REACH,A,KY,REACH,TOTAL,NR,T,ES
2010-01-01,2010,A|KY|REACH|TOTAL|NR|T|ES,0.0,Number,Eurostat,https://ec.europa.eu/eurostat/api/dissemination/statistics/1.0/data/migr_imm1ctz?geo=ES&age=TOTAL&sex=T&agedef=REACH,A,KY,REACH,TOTAL,NR,T,ES
2011-01-01,2011,A|KY|REACH|TOTAL|NR|T|ES,0.0,Number,Eurostat,https://ec.europa.eu/eurostat/api/dissemination/statistics/1.0/data/migr_imm1ctz?geo=ES&age=TOTAL&sex=T&agedef=REACH,A,KY,REACH,TOTAL,NR,T,ES
2012-01-01,2012,A|KY|REACH|TOTAL|NR|T|ES,0.0,Number,Eurostat,https://ec.europa.eu/eurostat/api/dissemination/statistics/1.0/data/migr_imm1ctz?geo=ES&age=TOTAL&sex=T&agedef=REACH,A,KY,REACH,TOTAL,NR,T,ES
2013-01-01,2013,A|KY|REACH|TOTAL|NR|T|ES,0.0,Number,Eurostat,https://ec.europa.eu/eurostat/api/dissemination/statistics/1.0/data/migr_imm1ctz?geo=ES&age=TOTAL&sex=T&agedef=REACH,A,KY,REACH,TOTAL,NR,T,ES
2014-01-01,2014,A|KY|REACH|TOTAL|NR|T|ES,0.0,Number,Eurostat,https://ec.europa.eu/eurostat/api/dissemination/statistics/1.0/data/migr_imm1ctz?geo=ES&age=TOTAL&sex=T&agedef=REACH,A,KY,REACH,TOTAL,NR,T,ES
1998-01-01,1998,A|KZ|REACH|TOTAL|NR|T|ES,7.0,Number,Eurostat,https://ec.europa.eu/eurostat/api/dissemination/statistics/1.0/data/migr_imm1ctz?geo=ES&age=TOTAL&sex=T&agedef=REACH,A,KZ,REACH,TOTAL,NR,T,ES
1999-01-01,1999,A|KZ|REACH|TOTAL|NR|T|ES,8.0,Number,Eurostat,https://ec.europa.eu/eurostat/api/dissemination/statistics/1.0/data/migr_imm1ctz?geo=ES&age=TOTAL&sex=T&agedef=REACH,A,KZ,REACH,TOTAL,NR,T,ES
2000-01-01,2000,A|KZ|REACH|TOTAL|NR|T|ES,44.0,Number,Eurostat,https://ec.europa.eu/eurostat/api/dissemination/statistics/1.0/data/migr_imm1ctz?geo=ES&age=TOTAL&sex=T&agedef=REACH,A,KZ,REACH,TOTAL,NR,T,ES
2001-01-01,2001,A|KZ|REACH|TOTAL|NR|T|ES,82.0,Number,Eurostat,https://ec.europa.eu/eurostat/api/dissemination/statistics/1.0/data/migr_imm1ctz?geo=ES&age=TOTAL&sex=T&agedef=REACH,A,KZ,REACH,TOTAL,NR,T,ES
2002-01-01,2002,A|KZ|REACH|TOTAL|NR|T|ES,74.0,Number,Eurostat,https://ec.europa.eu/eurostat/api/dissemination/statistics/1.0/data/migr_imm1ctz?geo=ES&age=TOTAL&sex=T&agedef=REACH,A,KZ,REACH,TOTAL,NR,T,ES
2003-01-01,2003,A|KZ|REACH|TOTAL|NR|T|ES,,Number,Eurostat,https://ec.europa.eu/eurostat/api/dissemination/statistics/1.0/data/migr_imm1ctz?geo=ES&age=TOTAL&sex=T&agedef=REACH,A,KZ,REACH,TOTAL,NR,T,ES
2004-01-01,2004,A|KZ|REACH|TOTAL|NR|T|ES,84.0,Number,Eurostat,https://ec.europa.eu/eurostat/api/dissemination/statistics/1.0/data/migr_imm1ctz?geo=ES&age=TOTAL&sex=T&agedef=REACH,A,KZ,REACH,TOTAL,NR,T,ES
2005-01-01,2005,A|KZ|REACH|TOTAL|NR|T|ES,66.0,Number,Eurostat,https://ec.europa.eu/eurostat/api/dissemination/statistics/1.0/data/migr_imm1ctz?geo=ES&age=TOTAL&sex=T&agedef=REACH,A,KZ,REACH,TOTAL,NR,T,ES
2006-01-01,2006,A|KZ|REACH|TOTAL|NR|T|ES,147.0,Number,Eurostat,https://ec.europa.eu/eurostat/api/dissemination/statistics/1.0/data/migr_imm1ctz?geo=ES&age=TOTAL&sex=T&agedef=REACH,A,KZ,REACH,TOTAL,NR,T,ES
2007-01-01,2007,A|KZ|REACH|TOTAL|NR|T|ES,180.0,Number,Eurostat,https://ec.europa.eu/eurostat/api/dissemination/statistics/1.0/data/migr_imm1ctz?geo=ES&age=TOTAL&sex=T&agedef=REACH,A,KZ,REACH,TOTAL,NR,T,ES
1998-01-01,1998,A|LA|REACH|TOTAL|NR|T|ES,0.0,Number,Eurostat,https://ec.europa.eu/eurostat/api/dissemination/statistics/1.0/data/migr_imm1ctz?geo=ES&age=TOTAL&sex=T&agedef=REACH,A,LA,REACH,TOTAL,NR,T,ES
1999-01-01,1999,A|LA|REACH|TOTAL|NR|T|ES,0.0,Number,Eurostat,https://ec.europa.eu/eurostat/api/dissemination/statistics/1.0/data/migr_imm1ctz?geo=ES&age=TOTAL&sex=T&agedef=REACH,A,LA,REACH,TOTAL,NR,T,ES
2000-01-01,2000,A|LA|REACH|TOTAL|NR|T|ES,1.0,Number,Eurostat,https://ec.europa.eu/eurostat/api/dissemination/statistics/1.0/data/migr_imm1ctz?geo=ES&age=TOTAL&sex=T&agedef=REACH,A,LA,REACH,TOTAL,NR,T,ES
2001-01-01,2001,A|LA|REACH|TOTAL|NR|T|ES,4.0,Number,Eurostat,https://ec.europa.eu/eurostat/api/dissemination/statistics/1.0/data/migr_imm1ctz?geo=ES&age=TOTAL&sex=T&agedef=REACH,A,LA,REACH,TOTAL,NR,T,ES
2002-01-01,2002,A|LA|REACH|TOTAL|NR|T|ES,2.0,Number,Eurostat,https://ec.europa.eu/eurostat/api/dissemination/statistics/1.0/data/migr_imm1ctz?geo=ES&age=TOTAL&sex=T&agedef=REACH,A,LA,REACH,TOTAL,NR,T,ES
2003-01-01,2003,A|LA|REACH|TOTAL|NR|T|ES,,Number,Eurostat,https://ec.europa.eu/eurostat/api/dissemination/statistics/1.0/data/migr_imm1ctz?geo=ES&age=TOTAL&sex=T&agedef=REACH,A,LA,REACH,TOTAL,NR,T,ES
2004-01-01,2004,A|LA|REACH|TOTAL|NR|T|ES,3.0,Number,Eurostat,https://ec.europa.eu/eurostat/api/dissemination/statistics/1.0/data/migr_imm1ctz?geo=ES&age=TOTAL&sex=T&agedef=REACH,A,LA,REACH,TOTAL,NR,T,ES
2005-01-01,2005,A|LA|REACH|TOTAL|NR|T|ES,6.0,Number,Eurostat,https://ec.europa.eu/eurostat/api/dissemination/statistics/1.0/data/migr_imm1ctz?geo=ES&age=TOTAL&sex=T&agedef=REACH,A,LA,REACH,TOTAL,NR,T,ES
2006-01-01,2006,A|LA|REACH|TOTAL|NR|T|ES,1.0,Number,Eurostat,https://ec.europa.eu/eurostat/api/dissemination/statistics/1.0/data/migr_imm1ctz?geo=ES&age=TOTAL&sex=T&agedef=REACH,A,LA,REACH,TOTAL,NR,T,ES
2007-01-01,2007,A|LA|REACH|TOTAL|NR|T|ES,6.0,Number,Eurostat,https://ec.europa.eu/eurostat/api/dissemination/statistics/1.0/data/migr_imm1ctz?geo=ES&age=TOTAL&sex=T&agedef=REACH,A,LA,REACH,TOTAL,NR,T,ES
1998-01-01,1998,A|LB|REACH|TOTAL|NR|T|ES,34.0,Number,Eurostat,https://ec.europa.eu/eurostat/api/dissemination/statistics/1.0/data/migr_imm1ctz?geo=ES&age=TOTAL&sex=T&agedef=REACH,A,LB,REACH,TOTAL,NR,T,ES
1999-01-01,1999,A|LB|REACH|TOTAL|NR|T|ES,44.0,Number,Eurostat,https://ec.europa.eu/eurostat/api/dissemination/statistics/1.0/data/migr_imm1ctz?geo=ES&age=TOTAL&sex=T&agedef=REACH,A,LB,REACH,TOTAL,NR,T,ES
2000-01-01,2000,A|LB|REACH|TOTAL|NR|T|ES,95.0,Number,Eurostat,https://ec.europa.eu/eurostat/api/dissemination/statistics/1.0/data/migr_imm1ctz?geo=ES&age=TOTAL&sex=T&agedef=REACH,A,LB,REACH,TOTAL,NR,T,ES
2001-01-01,2001,A|LB|REACH|TOTAL|NR|T|ES,118.0,Number,Eurostat,https://ec.europa.eu/eurostat/api/dissemination/statistics/1.0/data/migr_imm1ctz?geo=ES&age=TOTAL&sex=T&agedef=REACH,A,LB,REACH,TOTAL,NR,T,ES
2002-01-01,2002,A|LB|REACH|TOTAL|NR|T|ES,75.0,Number,Eurostat,https://ec.europa.eu/eurostat/api/dissemination/statistics/1.0/data/migr_imm1ctz?geo=ES&age=TOTAL&sex=T&agedef=REACH,A,LB,REACH,TOTAL,NR,T,ES
2003-01-01,2003,A|LB|REACH|TOTAL|NR|T|ES,,Number,Eurostat,https://ec.europa.eu/eurostat/api/dissemination/statistics/1.0/data/migr_imm1ctz?geo=ES&age=TOTAL&sex=T&agedef=REACH,A,LB,REACH,TOTAL,NR,T,ES
2004-01-01,2004,A|LB|REACH|TOTAL|NR|T|ES,123.0,Number,Eurostat,https://ec.europa.eu/eurostat/api/dissemination/statistics/1.0/data/migr_imm1ctz?geo=ES&age=TOTAL&sex=T&agedef=REACH,A,LB,REACH,TOTAL,NR,T,ES
2005-01-01,2005,A|LB|REACH|TOTAL|NR|T|ES,164.0,Number,Eurostat,https://ec.europa.eu/eurostat/api/dissemination/statistics/1.0/data/migr_imm1ctz?geo=ES&age=TOTAL&sex=T&agedef=REACH,A,LB,REACH,TOTAL,NR,T,ES
2006-01-01,2006,A|LB|REACH|TOTAL|NR|T|ES,259.0,Number,Eurostat,https://ec.europa.eu/eurostat/api/dissemination/statistics/1.0/data/migr_imm1ctz?geo=ES&age=TOTAL&sex=T&agedef=REACH,A,LB,REACH,TOTAL,NR,T,ES
2007-01-01,2007,A|LB|REACH|TOTAL|NR|T|ES,261.0,Number,Eurostat,https://ec.europa.eu/eurostat/api/dissemination/statistics/1.0/data/migr_imm1ctz?geo=ES&age=TOTAL&sex=T&agedef=REACH,A,LB,REACH,TOTAL,NR,T,ES
1998-01-01,1998,A|LC|REACH|TOTAL|NR|T|ES,0.0,Number,Eurostat,https://ec.europa.eu/eurostat/api/dissemination/statistics/1.0/data/migr_imm1ctz?geo=ES&age=TOTAL&sex=T&agedef=REACH,A,LC,REACH,TOTAL,NR,T,ES
1999-01-01,1999,A|LC|REACH|TOTAL|NR|T|ES,1.0,Number,Eurostat,https://ec.europa.eu/eurostat/api/dissemination/statistics/1.0/data/migr_imm1ctz?geo=ES&age=TOTAL&sex=T&agedef=REACH,A,LC,REACH,TOTAL,NR,T,ES
2000-01-01,2000,A|LC|REACH|TOTAL|NR|T|ES,1.0,Number,Eurostat,https://ec.europa.eu/eurostat/api/dissemination/statistics/1.0/data/migr_imm1ctz?geo=ES&age=TOTAL&sex=T&agedef=REACH,A,LC,REACH,TOTAL,NR,T,ES
2001-01-01,2001,A|LC|REACH|TOTAL|NR|T|ES,2.0,Number,Eurostat,https://ec.europa.eu/eurostat/api/dissemination/statistics/1.0/data/migr_imm1ctz?geo=ES&age=TOTAL&sex=T&agedef=REACH,A,LC,REACH,TOTAL,NR,T,ES
2002-01-01,2002,A|LC|REACH|TOTAL|NR|T|ES,0.0,Number,Eurostat,https://ec.europa.eu/eurostat/api/dissemination/statistics/1.0/data/migr_imm1ctz?geo=ES&age=TOTAL&sex=T&agedef=REACH,A,LC,REACH,TOTAL,NR,T,ES
2003-01-01,2003,A|LC|REACH|TOTAL|NR|T|ES,,Number,Eurostat,https://ec.europa.eu/eurostat/api/dissemination/statistics/1.0/data/migr_imm1ctz?geo=ES&age=TOTAL&sex=T&agedef=REACH,A,LC,REACH,TOTAL,NR,T,ES
2004-01-01,2004,A|LC|REACH|TOTAL|NR|T|ES,1.0,Number,Eurostat,https://ec.europa.eu/eurostat/api/dissemination/statistics/1.0/data/migr_imm1ctz?geo=ES&age=TOTAL&sex=T&agedef=REACH,A,LC,REACH,TOTAL,NR,T,ES
2005-01-01,2005,A|LC|REACH|TOTAL|NR|T|ES,2.0,Number,Eurostat,https://ec.europa.eu/eurostat/api/dissemination/statistics/1.0/data/migr_imm1ctz?geo=ES&age=TOTAL&sex=T&agedef=REACH,A,LC,REACH,TOTAL,NR,T,ES
2006-01-01,2006,A|LC|REACH|TOTAL|NR|T|ES,4.0,Number,Eurostat,https://ec.europa.eu/eurostat/api/dissemination/statistics/1.0/data/migr_imm1ctz?geo=ES&age=TOTAL&sex=T&agedef=REACH,A,LC,REACH,TOTAL,NR,T,ES
2007-01-01,2007,A|LC|REACH|TOTAL|NR|T|ES,5.0,Number,Eurostat,https://ec.europa.eu/eurostat/api/dissemination/statistics/1.0/data/migr_imm1ctz?geo=ES&age=TOTAL&sex=T&agedef=REACH,A,LC,REACH,TOTAL,NR,T,ES
2008-01-01,2008,A|LDC_EXT|REACH|TOTAL|NR|T|ES,15512.0,Number,Eurostat,https://ec.europa.eu/eurostat/api/dissemination/statistics/1.0/data/migr_imm1ctz?geo=ES&age=TOTAL&sex=T&agedef=REACH,A,LDC_EXT,REACH,TOTAL,NR,T,ES
2009-01-01,2009,A|LDC_EXT|REACH|TOTAL|NR|T|ES,10292.0,Number,Eurostat,https://ec.europa.eu/eurostat/api/dissemination/statistics/1.0/data/migr_imm1ctz?geo=ES&age=TOTAL&sex=T&agedef=REACH,A,LDC_EXT,REACH,TOTAL,NR,T,ES
2010-01-01,2010,A|LDC_EXT|REACH|TOTAL|NR|T|ES,7731.0,Number,Eurostat,https://ec.europa.eu/eurostat/api/dissemination/statistics/1.0/data/migr_imm1ctz?geo=ES&age=TOTAL&sex=T&agedef=REACH,A,LDC_EXT,REACH,TOTAL,NR,T,ES
2011-01-01,2011,A|LDC_EXT|REACH|TOTAL|NR|T|ES,7154.0,Number,Eurostat,https://ec.europa.eu/eurostat/api/dissemination/statistics/1.0/data/migr_imm1ctz?geo=ES&age=TOTAL&sex=T&agedef=REACH,A,LDC_EXT,REACH,TOTAL,NR,T,ES
2012-01-01,2012,A|LDC_EXT|REACH|TOTAL|NR|T|ES,6519.0,Number,Eurostat,https://ec.europa.eu/eurostat/api/dissemination/statistics/1.0/data/migr_imm1ctz?geo=ES&age=TOTAL&sex=T&agedef=REACH,A,LDC_EXT,REACH,TOTAL,NR,T,ES
1998-01-01,1998,A|LI|REACH|TOTAL|NR|T|ES,0.0,Number,Eurostat,https://ec.europa.eu/eurostat/api/dissemination/statistics/1.0/data/migr_imm1ctz?geo=ES&age=TOTAL&sex=T&agedef=REACH,A,LI,REACH,TOTAL,NR,T,ES
1999-01-01,1999,A|LI|REACH|TOTAL|NR|T|ES,2.0,Number,Eurostat,https://ec.europa.eu/eurostat/api/dissemination/statistics/1.0/data/migr_imm1ctz?geo=ES&age=TOTAL&sex=T&agedef=REACH,A,LI,REACH,TOTAL,NR,T,ES
2000-01-01,2000,A|LI|REACH|TOTAL|NR|T|ES,7.0,Number,Eurostat,https://ec.europa.eu/eurostat/api/dissemination/statistics/1.0/data/migr_imm1ctz?geo=ES&age=TOTAL&sex=T&agedef=REACH,A,LI,REACH,TOTAL,NR,T,ES
2001-01-01,2001,A|LI|REACH|TOTAL|NR|T|ES,3.0,Number,Eurostat,https://ec.europa.eu/eurostat/api/dissemination/statistics/1.0/data/migr_imm1ctz?geo=ES&age=TOTAL&sex=T&agedef=REACH,A,LI,REACH,TOTAL,NR,T,ES
2002-01-01,2002,A|LI|REACH|TOTAL|NR|T|ES,6.0,Number,Eurostat,https://ec.europa.eu/eurostat/api/dissemination/statistics/1.0/data/migr_imm1ctz?geo=ES&age=TOTAL&sex=T&agedef=REACH,A,LI,REACH,TOTAL,NR,T,ES
2003-01-01,2003,A|LI|REACH|TOTAL|NR|T|ES,,Number,Eurostat,https://ec.europa.eu/eurostat/api/dissemination/statistics/1.0/data/migr_imm1ctz?geo=ES&age=TOTAL&sex=T&agedef=REACH,A,LI,REACH,TOTAL,NR,T,ES
2004-01-01,2004,A|LI|REACH|TOTAL|NR|T|ES,5.0,Number,Eurostat,https://ec.europa.eu/eurostat/api/dissemination/statistics/1.0/data/migr_imm1ctz?geo=ES&age=TOTAL&sex=T&agedef=REACH,A,LI,REACH,TOTAL,NR,T,ES
2005-01-01,2005,A|LI|REACH|TOTAL|NR|T|ES,5.0,Number,Eurostat,https://ec.europa.eu/eurostat/api/dissemination/statistics/1.0/data/migr_imm1ctz?geo=ES&age=TOTAL&sex=T&agedef=REACH,A,LI,REACH,TOTAL,NR,T,ES
2006-01-01,2006,A|LI|REACH|TOTAL|NR|T|ES,8.0,Number,Eurostat,https://ec.europa.eu/eurostat/api/dissemination/statistics/1.0/data/migr_imm1ctz?geo=ES&age=TOTAL&sex=T&agedef=REACH,A,LI,REACH,TOTAL,NR,T,ES
2007-01-01,2007,A|LI|REACH|TOTAL|NR|T|ES,3.0,Number,Eurostat,https://ec.europa.eu/eurostat/api/dissemination/statistics/1.0/data/migr_imm1ctz?geo=ES&age=TOTAL&sex=T&agedef=REACH,A,LI,REACH,TOTAL,NR,T,ES
1998-01-01,1998,A|LK|REACH|TOTAL|NR|T|ES,2.0,Number,Eurostat,https://ec.europa.eu/eurostat/api/dissemination/statistics/1.0/data/migr_imm1ctz?geo=ES&age=TOTAL&sex=T&agedef=REACH,A,LK,REACH,TOTAL,NR,T,ES
1999-01-01,1999,A|LK|REACH|TOTAL|NR|T|ES,9.0,Number,Eurostat,https://ec.europa.eu/eurostat/api/dissemination/statistics/1.0/data/migr_imm1ctz?geo=ES&age=TOTAL&sex=T&agedef=REACH,A,LK,REACH,TOTAL,NR,T,ES
2000-01-01,2000,A|LK|REACH|TOTAL|NR|T|ES,25.0,Number,Eurostat,https://ec.europa.eu/eurostat/api/dissemination/statistics/1.0/data/migr_imm1ctz?geo=ES&age=TOTAL&sex=T&agedef=REACH,A,LK,REACH,TOTAL,NR,T,ES
2001-01-01,2001,A|LK|REACH|TOTAL|NR|T|ES,28.0,Number,Eurostat,https://ec.europa.eu/eurostat/api/dissemination/statistics/1.0/data/migr_imm1ctz?geo=ES&age=TOTAL&sex=T&agedef=REACH,A,LK,REACH,TOTAL,NR,T,ES
2002-01-01,2002,A|LK|REACH|TOTAL|NR|T|ES,25.0,Number,Eurostat,https://ec.europa.eu/eurostat/api/dissemination/statistics/1.0/data/migr_imm1ctz?geo=ES&age=TOTAL&sex=T&agedef=REACH,A,LK,REACH,TOTAL,NR,T,ES
2003-01-01,2003,A|LK|REACH|TOTAL|NR|T|ES,,Number,Eurostat,https://ec.europa.eu/eurostat/api/dissemination/statistics/1.0/data/migr_imm1ctz?geo=ES&age=TOTAL&sex=T&agedef=REACH,A,LK,REACH,TOTAL,NR,T,ES
2004-01-01,2004,A|LK|REACH|TOTAL|NR|T|ES,41.0,Number,Eurostat,https://ec.europa.eu/eurostat/api/dissemination/statistics/1.0/data/migr_imm1ctz?geo=ES&age=TOTAL&sex=T&agedef=REACH,A,LK,REACH,TOTAL,NR,T,ES
2005-01-01,2005,A|LK|REACH|TOTAL|NR|T|ES,32.0,Number,Eurostat,https://ec.europa.eu/eurostat/api/dissemination/statistics/1.0/data/migr_imm1ctz?geo=ES&age=TOTAL&sex=T&agedef=REACH,A,LK,REACH,TOTAL,NR,T,ES
2006-01-01,2006,A|LK|REACH|TOTAL|NR|T|ES,36.0,Number,Eurostat,https://ec.europa.eu/eurostat/api/dissemination/statistics/1.0/data/migr_imm1ctz?geo=ES&age=TOTAL&sex=T&agedef=REACH,A,LK,REACH,TOTAL,NR,T,ES
2007-01-01,2007,A|LK|REACH|TOTAL|NR|T|ES,47.0,Number,Eurostat,https://ec.europa.eu/eurostat/api/dissemination/statistics/1.0/data/migr_imm1ctz?geo=ES&age=TOTAL&sex=T&agedef=REACH,A,LK,REACH,TOTAL,NR,T,ES
1998-01-01,1998,A|LR|REACH|TOTAL|NR|T|ES,71.0,Number,Eurostat,https://ec.europa.eu/eurostat/api/dissemination/statistics/1.0/data/migr_imm1ctz?geo=ES&age=TOTAL&sex=T&agedef=REACH,A,LR,REACH,TOTAL,NR,T,ES
1999-01-01,1999,A|LR|REACH|TOTAL|NR|T|ES,91.0,Number,Eurostat,https://ec.europa.eu/eurostat/api/dissemination/statistics/1.0/data/migr_imm1ctz?geo=ES&age=TOTAL&sex=T&agedef=REACH,A,LR,REACH,TOTAL,NR,T,ES
2000-01-01,2000,A|LR|REACH|TOTAL|NR|T|ES,220.0,Number,Eurostat,https://ec.europa.eu/eurostat/api/dissemination/statistics/1.0/data/migr_imm1ctz?geo=ES&age=TOTAL&sex=T&agedef=REACH,A,LR,REACH,TOTAL,NR,T,ES
2001-01-01,2001,A|LR|REACH|TOTAL|NR|T|ES,73.0,Number,Eurostat,https://ec.europa.eu/eurostat/api/dissemination/statistics/1.0/data/migr_imm1ctz?geo=ES&age=TOTAL&sex=T&agedef=REACH,A,LR,REACH,TOTAL,NR,T,ES
2002-01-01,2002,A|LR|REACH|TOTAL|NR|T|ES,47.0,Number,Eurostat,https://ec.europa.eu/eurostat/api/dissemination/statistics/1.0/data/migr_imm1ctz?geo=ES&age=TOTAL&sex=T&agedef=REACH,A,LR,REACH,TOTAL,NR,T,ES
2003-01-01,2003,A|LR|REACH|TOTAL|NR|T|ES,,Number,Eurostat,https://ec.europa.eu/eurostat/api/dissemination/statistics/1.0/data/migr_imm1ctz?geo=ES&age=TOTAL&sex=T&agedef=REACH,A,LR,REACH,TOTAL,NR,T,ES
2004-01-01,2004,A|LR|REACH|TOTAL|NR|T|ES,92.0,Number,Eurostat,https://ec.europa.eu/eurostat/api/dissemination/statistics/1.0/data/migr_imm1ctz?geo=ES&age=TOTAL&sex=T&agedef=REACH,A,LR,REACH,TOTAL,NR,T,ES
2005-01-01,2005,A|LR|REACH|TOTAL|NR|T|ES,55.0,Number,Eurostat,https://ec.europa.eu/eurostat/api/dissemination/statistics/1.0/data/migr_imm1ctz?geo=ES&age=TOTAL&sex=T&agedef=REACH,A,LR,REACH,TOTAL,NR,T,ES
2006-01-01,2006,A|LR|REACH|TOTAL|NR|T|ES,57.0,Number,Eurostat,https://ec.europa.eu/eurostat/api/dissemination/statistics/1.0/data/migr_imm1ctz?geo=ES&age=TOTAL&sex=T&agedef=REACH,A,LR,REACH,TOTAL,NR,T,ES
2007-01-01,2007,A|LR|REACH|TOTAL|NR|T|ES,37.0,Number,Eurostat,https://ec.europa.eu/eurostat/api/dissemination/statistics/1.0/data/migr_imm1ctz?geo=ES&age=TOTAL&sex=T&agedef=REACH,A,LR,REACH,TOTAL,NR,T,ES
1998-01-01,1998,A|LS|REACH|TOTAL|NR|T|ES,0.0,Number,Eurostat,https://ec.europa.eu/eurostat/api/dissemination/statistics/1.0/data/migr_imm1ctz?geo=ES&age=TOTAL&sex=T&agedef=REACH,A,LS,REACH,TOTAL,NR,T,ES
1999-01-01,1999,A|LS|REACH|TOTAL|NR|T|ES,0.0,Number,Eurostat,https://ec.europa.eu/eurostat/api/dissemination/statistics/1.0/data/migr_imm1ctz?geo=ES&age=TOTAL&sex=T&agedef=REACH,A,LS,REACH,TOTAL,NR,T,ES
2000-01-01,2000,A|LS|REACH|TOTAL|NR|T|ES,0.0,Number,Eurostat,https://ec.europa.eu/eurostat/api/dissemination/statistics/1.0/data/migr_imm1ctz?geo=ES&age=TOTAL&sex=T&agedef=REACH,A,LS,REACH,TOTAL,NR,T,ES
2001-01-01,2001,A|LS|REACH|TOTAL|NR|T|ES,0.0,Number,Eurostat,https://ec.europa.eu/eurostat/api/dissemination/statistics/1.0/data/migr_imm1ctz?geo=ES&age=TOTAL&sex=T&agedef=REACH,A,LS,REACH,TOTAL,NR,T,ES
2002-01-01,2002,A|LS|REACH|TOTAL|NR|T|ES,1.0,Number,Eurostat,https://ec.europa.eu/eurostat/api/dissemination/statistics/1.0/data/migr_imm1ctz?geo=ES&age=TOTAL&sex=T&agedef=REACH,A,LS,REACH,TOTAL,NR,T,ES
2003-01-01,2003,A|LS|REACH|TOTAL|NR|T|ES,,Number,Eurostat,https://ec.europa.eu/eurostat/api/dissemination/statistics/1.0/data/migr_imm1ctz?geo=ES&age=TOTAL&sex=T&agedef=REACH,A,LS,REACH,TOTAL,NR,T,ES
2004-01-01,2004,A|LS|REACH|TOTAL|NR|T|ES,1.0,Number,Eurostat,https://ec.europa.eu/eurostat/api/dissemination/statistics/1.0/data/migr_imm1ctz?geo=ES&age=TOTAL&sex=T&agedef=REACH,A,LS,REACH,TOTAL,NR,T,ES
2005-01-01,2005,A|LS|REACH|TOTAL|NR|T|ES,2.0,Number,Eurostat,https://ec.europa.eu/eurostat/api/dissemination/statistics/1.0/data/migr_imm1ctz?geo=ES&age=TOTAL&sex=T&agedef=REACH,A,LS,REACH,TOTAL,NR,T,ES
2006-01-01,2006,A|LS|REACH|TOTAL|NR|T|ES,2.0,Number,Eurostat,https://ec.europa.eu/eurostat/api/dissemination/statistics/1.0/data/migr_imm1ctz?geo=ES&age=TOTAL&sex=T&agedef=REACH,A,LS,REACH,TOTAL,NR,T,ES
2007-01-01,2007,A|LS|REACH|TOTAL|NR|T|ES,0.0,Number,Eurostat,https://ec.europa.eu/eurostat/api/dissemination/statistics/1.0/data/migr_imm1ctz?geo=ES&age=TOTAL&sex=T&agedef=REACH,A,LS,REACH,TOTAL,NR,T,ES
1998-01-01,1998,A|LT|REACH|TOTAL|NR|T|ES,9.0,Number,Eurostat,https://ec.europa.eu/eurostat/api/dissemination/statistics/1.0/data/migr_imm1ctz?geo=ES&age=TOTAL&sex=T&agedef=REACH,A,LT,REACH,TOTAL,NR,T,ES
1999-01-01,1999,A|LT|REACH|TOTAL|NR|T|ES,46.0,Number,Eurostat,https://ec.europa.eu/eurostat/api/dissemination/statistics/1.0/data/migr_imm1ctz?geo=ES&age=TOTAL&sex=T&agedef=REACH,A,LT,REACH,TOTAL,NR,T,ES
2000-01-01,2000,A|LT|REACH|TOTAL|NR|T|ES,1434.0,Number,Eurostat,https://ec.europa.eu/eurostat/api/dissemination/statistics/1.0/data/migr_imm1ctz?geo=ES&age=TOTAL&sex=T&agedef=REACH,A,LT,REACH,TOTAL,NR,T,ES
2001-01-01,2001,A|LT|REACH|TOTAL|NR|T|ES,2304.0,Number,Eurostat,https://ec.europa.eu/eurostat/api/dissemination/statistics/1.0/data/migr_imm1ctz?geo=ES&age=TOTAL&sex=T&agedef=REACH,A,LT,REACH,TOTAL,NR,T,ES
2002-01-01,2002,A|LT|REACH|TOTAL|NR|T|ES,1991.0,Number,Eurostat,https://ec.europa.eu/eurostat/api/dissemination/statistics/1.0/data/migr_imm1ctz?geo=ES&age=TOTAL&sex=T&agedef=REACH,A,LT,REACH,TOTAL,NR,T,ES
2003-01-01,2003,A|LT|REACH|TOTAL|NR|T|ES,,Number,Eurostat,https://ec.europa.eu/eurostat/api/dissemination/statistics/1.0/data/migr_imm1ctz?geo=ES&age=TOTAL&sex=T&agedef=REACH,A,LT,REACH,TOTAL,NR,T,ES
2004-01-01,2004,A|LT|REACH|TOTAL|NR|T|ES,3042.0,Number,Eurostat,https://ec.europa.eu/eurostat/api/dissemination/statistics/1.0/data/migr_imm1ctz?geo=ES&age=TOTAL&sex=T&agedef=REACH,A,LT,REACH,TOTAL,NR,T,ES
2005-01-01,2005,A|LT|REACH|TOTAL|NR|T|ES,2889.0,Number,Eurostat,https://ec.europa.eu/eurostat/api/dissemination/statistics/1.0/data/migr_imm1ctz?geo=ES&age=TOTAL&sex=T&agedef=REACH,A,LT,REACH,TOTAL,NR,T,ES
2006-01-01,2006,A|LT|REACH|TOTAL|NR|T|ES,2867.0,Number,Eurostat,https://ec.europa.eu/eurostat/api/dissemination/statistics/1.0/data/migr_imm1ctz?geo=ES&age=TOTAL&sex=T&agedef=REACH,A,LT,REACH,TOTAL,NR,T,ES
2007-01-01,2007,A|LT|REACH|TOTAL|NR|T|ES,2769.0,Number,Eurostat,https://ec.europa.eu/eurostat/api/dissemination/statistics/1.0/data/migr_imm1ctz?geo=ES&age=TOTAL&sex=T&agedef=REACH,A,LT,REACH,TOTAL,NR,T,ES
2008-01-01,2008,A|LT|REACH|TOTAL|NR|T|ES,1109.0,Number,Eurostat,https://ec.europa.eu/eurostat/api/dissemination/statistics/1.0/data/migr_imm1ctz?geo=ES&age=TOTAL&sex=T&agedef=REACH,A,LT,REACH,TOTAL,NR,T,ES
2009-01-01,2009,A|LT|REACH|TOTAL|NR|T|ES,1153.0,Number,Eurostat,https://ec.europa.eu/eurostat/api/dissemination/statistics/1.0/data/migr_imm1ctz?geo=ES&age=TOTAL&sex=T&agedef=REACH,A,LT,REACH,TOTAL,NR,T,ES
2010-01-01,2010,A|LT|REACH|TOTAL|NR|T|ES,1306.0,Number,Eurostat,https://ec.europa.eu/eurostat/api/dissemination/statistics/1.0/data/migr_imm1ctz?geo=ES&age=TOTAL&sex=T&agedef=REACH,A,LT,REACH,TOTAL,NR,T,ES
2011-01-01,2011,A|LT|REACH|TOTAL|NR|T|ES,1085.0,Number,Eurostat,https://ec.europa.eu/eurostat/api/dissemination/statistics/1.0/data/migr_imm1ctz?geo=ES&age=TOTAL&sex=T&agedef=REACH,A,LT,REACH,TOTAL,NR,T,ES
2012-01-01,2012,A|LT|REACH|TOTAL|NR|T|ES,859.0,Number,Eurostat,https://ec.europa.eu/eurostat/api/dissemination/statistics/1.0/data/migr_imm1ctz?geo=ES&age=TOTAL&sex=T&agedef=REACH,A,LT,REACH,TOTAL,NR,T,ES
2013-01-01,2013,A|LT|REACH|TOTAL|NR|T|ES,793.0,Number,Eurostat,https://ec.europa.eu/eurostat/api/dissemination/statistics/1.0/data/migr_imm1ctz?geo=ES&age=TOTAL&sex=T&agedef=REACH,A,LT,REACH,TOTAL,NR,T,ES
2014-01-01,2014,A|LT|REACH|TOTAL|NR|T|ES,724.0,Number,Eurostat,https://ec.europa.eu/eurostat/api/dissemination/statistics/1.0/data/migr_imm1ctz?geo=ES&age=TOTAL&sex=T&agedef=REACH,A,LT,REACH,TOTAL,NR,T,ES
2015-01-01,2015,A|LT|REACH|TOTAL|NR|T|ES,828.0,Number,Eurostat,https://ec.europa.eu/eurostat/api/dissemination/statistics/1.0/data/migr_imm1ctz?geo=ES&age=TOTAL&sex=T&agedef=REACH,A,LT,REACH,TOTAL,NR,T,ES
2016-01-01,2016,A|LT|REACH|TOTAL|NR|T|ES,1024.0,Number,Eurostat,https://ec.europa.eu/eurostat/api/dissemination/statistics/1.0/data/migr_imm1ctz?geo=ES&age=TOTAL&sex=T&agedef=REACH,A,LT,REACH,TOTAL,NR,T,ES
2017-01-01,2017,A|LT|REACH|TOTAL|NR|T|ES,1323.0,Number,Eurostat,https://ec.europa.eu/eurostat/api/dissemination/statistics/1.0/data/migr_imm1ctz?geo=ES&age=TOTAL&sex=T&agedef=REACH,A,LT,REACH,TOTAL,NR,T,ES
2018-01-01,2018,A|LT|REACH|TOTAL|NR|T|ES,1310.0,Number,Eurostat,https://ec.europa.eu/eurostat/api/dissemination/statistics/1.0/data/migr_imm1ctz?geo=ES&age=TOTAL&sex=T&agedef=REACH,A,LT,REACH,TOTAL,NR,T,ES
2019-01-01,2019,A|LT|REACH|TOTAL|NR|T|ES,1246.0,Number,Eurostat,https://ec.europa.eu/eurostat/api/dissemination/statistics/1.0/data/migr_imm1ctz?geo=ES&age=TOTAL&sex=T&agedef=REACH,A,LT,REACH,TOTAL,NR,T,ES
2020-01-01,2020,A|LT|REACH|TOTAL|NR|T|ES,783.0,Number,Eurostat,https://ec.europa.eu/eurostat/api/dissemination/statistics/1.0/data/migr_imm1ctz?geo=ES&age=TOTAL&sex=T&agedef=REACH,A,LT,REACH,TOTAL,NR,T,ES
2021-01-01,2021,A|LT|REACH|TOTAL|NR|T|ES,1722.0,Number,Eurostat,https://ec.europa.eu/eurostat/api/dissemination/statistics/1.0/data/migr_imm1ctz?geo=ES&age=TOTAL&sex=T&agedef=REACH,A,LT,REACH,TOTAL,NR,T,ES
2022-01-01,2022,A|LT|REACH|TOTAL|NR|T|ES,2169.0,Number,Eurostat,https://ec.europa.eu/eurostat/api/dissemination/statistics/1.0/data/migr_imm1ctz?geo=ES&age=TOTAL&sex=T&agedef=REACH,A,LT,REACH,TOTAL,NR,T,ES
2023-01-01,2023,A|LT|REACH|TOTAL|NR|T|ES,2098.0,Number,Eurostat,https://ec.europa.eu/eurostat/api/dissemination/statistics/1.0/data/migr_imm1ctz?geo=ES&age=TOTAL&sex=T&agedef=REACH,A,LT,REACH,TOTAL,NR,T,ES
2024-01-01,2024,A|LT|REACH|TOTAL|NR|T|ES,2003.0,Number,Eurostat,https://ec.europa.eu/eurostat/api/dissemination/statistics/1.0/data/migr_imm1ctz?geo=ES&age=TOTAL&sex=T&agedef=REACH,A,LT,REACH,TOTAL,NR,T,ES
1998-01-01,1998,A|LU|REACH|TOTAL|NR|T|ES,20.0,Number,Eurostat,https://ec.europa.eu/eurostat/api/dissemination/statistics/1.0/data/migr_imm1ctz?geo=ES&age=TOTAL&sex=T&agedef=REACH,A,LU,REACH,TOTAL,NR,T,ES
1999-01-01,1999,A|LU|REACH|TOTAL|NR|T|ES,30.0,Number,Eurostat,https://ec.europa.eu/eurostat/api/dissemination/statistics/1.0/data/migr_imm1ctz?geo=ES&age=TOTAL&sex=T&agedef=REACH,A,LU,REACH,TOTAL,NR,T,ES
2000-01-01,2000,A|LU|REACH|TOTAL|NR|T|ES,13.0,Number,Eurostat,https://ec.europa.eu/eurostat/api/dissemination/statistics/1.0/data/migr_imm1ctz?geo=ES&age=TOTAL&sex=T&agedef=REACH,A,LU,REACH,TOTAL,NR,T,ES
2001-01-01,2001,A|LU|REACH|TOTAL|NR|T|ES,31.0,Number,Eurostat,https://ec.europa.eu/eurostat/api/dissemination/statistics/1.0/data/migr_imm1ctz?geo=ES&age=TOTAL&sex=T&agedef=REACH,A,LU,REACH,TOTAL,NR,T,ES
2002-01-01,2002,A|LU|REACH|TOTAL|NR|T|ES,30.0,Number,Eurostat,https://ec.europa.eu/eurostat/api/dissemination/statistics/1.0/data/migr_imm1ctz?geo=ES&age=TOTAL&sex=T&agedef=REACH,A,LU,REACH,TOTAL,NR,T,ES
2003-01-01,2003,A|LU|REACH|TOTAL|NR|T|ES,,Number,Eurostat,https://ec.europa.eu/eurostat/api/dissemination/statistics/1.0/data/migr_imm1ctz?geo=ES&age=TOTAL&sex=T&agedef=REACH,A,LU,REACH,TOTAL,NR,T,ES
2004-01-01,2004,A|LU|REACH|TOTAL|NR|T|ES,74.0,Number,Eurostat,https://ec.europa.eu/eurostat/api/dissemination/statistics/1.0/data/migr_imm1ctz?geo=ES&age=TOTAL&sex=T&agedef=REACH,A,LU,REACH,TOTAL,NR,T,ES
2005-01-01,2005,A|LU|REACH|TOTAL|NR|T|ES,48.0,Number,Eurostat,https://ec.europa.eu/eurostat/api/dissemination/statistics/1.0/data/migr_imm1ctz?geo=ES&age=TOTAL&sex=T&agedef=REACH,A,LU,REACH,TOTAL,NR,T,ES
2006-01-01,2006,A|LU|REACH|TOTAL|NR|T|ES,60.0,Number,Eurostat,https://ec.europa.eu/eurostat/api/dissemination/statistics/1.0/data/migr_imm1ctz?geo=ES&age=TOTAL&sex=T&agedef=REACH,A,LU,REACH,TOTAL,NR,T,ES
2007-01-01,2007,A|LU|REACH|TOTAL|NR|T|ES,44.0,Number,Eurostat,https://ec.europa.eu/eurostat/api/dissemination/statistics/1.0/data/migr_imm1ctz?geo=ES&age=TOTAL&sex=T&agedef=REACH,A,LU,REACH,TOTAL,NR,T,ES
1998-01-01,1998,A|LV|REACH|TOTAL|NR|T|ES,12.0,Number,Eurostat,https://ec.europa.eu/eurostat/api/dissemination/statistics/1.0/data/migr_imm1ctz?geo=ES&age=TOTAL&sex=T&agedef=REACH,A,LV,REACH,TOTAL,NR,T,ES
1999-01-01,1999,A|LV|REACH|TOTAL|NR|T|ES,12.0,Number,Eurostat,https://ec.europa.eu/eurostat/api/dissemination/statistics/1.0/data/migr_imm1ctz?geo=ES&age=TOTAL&sex=T&agedef=REACH,A,LV,REACH,TOTAL,NR,T,ES
2000-01-01,2000,A|LV|REACH|TOTAL|NR|T|ES,79.0,Number,Eurostat,https://ec.europa.eu/eurostat/api/dissemination/statistics/1.0/data/migr_imm1ctz?geo=ES&age=TOTAL&sex=T&agedef=REACH,A,LV,REACH,TOTAL,NR,T,ES
2001-01-01,2001,A|LV|REACH|TOTAL|NR|T|ES,205.0,Number,Eurostat,https://ec.europa.eu/eurostat/api/dissemination/statistics/1.0/data/migr_imm1ctz?geo=ES&age=TOTAL&sex=T&agedef=REACH,A,LV,REACH,TOTAL,NR,T,ES
2002-01-01,2002,A|LV|REACH|TOTAL|NR|T|ES,207.0,Number,Eurostat,https://ec.europa.eu/eurostat/api/dissemination/statistics/1.0/data/migr_imm1ctz?geo=ES&age=TOTAL&sex=T&agedef=REACH,A,LV,REACH,TOTAL,NR,T,ES
2003-01-01,2003,A|LV|REACH|TOTAL|NR|T|ES,,Number,Eurostat,https://ec.europa.eu/eurostat/api/dissemination/statistics/1.0/data/migr_imm1ctz?geo=ES&age=TOTAL&sex=T&agedef=REACH,A,LV,REACH,TOTAL,NR,T,ES
2004-01-01,2004,A|LV|REACH|TOTAL|NR|T|ES,287.0,Number,Eurostat,https://ec.europa.eu/eurostat/api/dissemination/statistics/1.0/data/migr_imm1ctz?geo=ES&age=TOTAL&sex=T&agedef=REACH,A,LV,REACH,TOTAL,NR,T,ES
2005-01-01,2005,A|LV|REACH|TOTAL|NR|T|ES,333.0,Number,Eurostat,https://ec.europa.eu/eurostat/api/dissemination/statistics/1.0/data/migr_imm1ctz?geo=ES&age=TOTAL&sex=T&agedef=REACH,A,LV,REACH,TOTAL,NR,T,ES
2006-01-01,2006,A|LV|REACH|TOTAL|NR|T|ES,416.0,Number,Eurostat,https://ec.europa.eu/eurostat/api/dissemination/statistics/1.0/data/migr_imm1ctz?geo=ES&age=TOTAL&sex=T&agedef=REACH,A,LV,REACH,TOTAL,NR,T,ES
2007-01-01,2007,A|LV|REACH|TOTAL|NR|T|ES,483.0,Number,Eurostat,https://ec.europa.eu/eurostat/api/dissemination/statistics/1.0/data/migr_imm1ctz?geo=ES&age=TOTAL&sex=T&agedef=REACH,A,LV,REACH,TOTAL,NR,T,ES
1998-01-01,1998,A|LY|REACH|TOTAL|NR|T|ES,5.0,Number,Eurostat,https://ec.europa.eu/eurostat/api/dissemination/statistics/1.0/data/migr_imm1ctz?geo=ES&age=TOTAL&sex=T&agedef=REACH,A,LY,REACH,TOTAL,NR,T,ES
1999-01-01,1999,A|LY|REACH|TOTAL|NR|T|ES,3.0,Number,Eurostat,https://ec.europa.eu/eurostat/api/dissemination/statistics/1.0/data/migr_imm1ctz?geo=ES&age=TOTAL&sex=T&agedef=REACH,A,LY,REACH,TOTAL,NR,T,ES
2000-01-01,2000,A|LY|REACH|TOTAL|NR|T|ES,53.0,Number,Eurostat,https://ec.europa.eu/eurostat/api/dissemination/statistics/1.0/data/migr_imm1ctz?geo=ES&age=TOTAL&sex=T&agedef=REACH,A,LY,REACH,TOTAL,NR,T,ES
2001-01-01,2001,A|LY|REACH|TOTAL|NR|T|ES,49.0,Number,Eurostat,https://ec.europa.eu/eurostat/api/dissemination/statistics/1.0/data/migr_imm1ctz?geo=ES&age=TOTAL&sex=T&agedef=REACH,A,LY,REACH,TOTAL,NR,T,ES
2002-01-01,2002,A|LY|REACH|TOTAL|NR|T|ES,49.0,Number,Eurostat,https://ec.europa.eu/eurostat/api/dissemination/statistics/1.0/data/migr_imm1ctz?geo=ES&age=TOTAL&sex=T&agedef=REACH,A,LY,REACH,TOTAL,NR,T,ES
2003-01-01,2003,A|LY|REACH|TOTAL|NR|T|ES,,Number,Eurostat,https://ec.europa.eu/eurostat/api/dissemination/statistics/1.0/data/migr_imm1ctz?geo=ES&age=TOTAL&sex=T&agedef=REACH,A,LY,REACH,TOTAL,NR,T,ES
2004-01-01,2004,A|LY|REACH|TOTAL|NR|T|ES,50.0,Number,Eurostat,https://ec.europa.eu/eurostat/api/dissemination/statistics/1.0/data/migr_imm1ctz?geo=ES&age=TOTAL&sex=T&agedef=REACH,A,LY,REACH,TOTAL,NR,T,ES
2005-01-01,2005,A|LY|REACH|TOTAL|NR|T|ES,44.0,Number,Eurostat,https://ec.europa.eu/eurostat/api/dissemination/statistics/1.0/data/migr_imm1ctz?geo=ES&age=TOTAL&sex=T&agedef=REACH,A,LY,REACH,TOTAL,NR,T,ES
2006-01-01,2006,A|LY|REACH|TOTAL|NR|T|ES,66.0,Number,Eurostat,https://ec.europa.eu/eurostat/api/dissemination/statistics/1.0/data/migr_imm1ctz?geo=ES&age=TOTAL&sex=T&agedef=REACH,A,LY,REACH,TOTAL,NR,T,ES
2007-01-01,2007,A|LY|REACH|TOTAL|NR|T|ES,90.0,Number,Eurostat,https://ec.europa.eu/eurostat/api/dissemination/statistics/1.0/data/migr_imm1ctz?geo=ES&age=TOTAL&sex=T&agedef=REACH,A,LY,REACH,TOTAL,NR,T,ES
1998-01-01,1998,A|MA|REACH|TOTAL|NR|T|ES,10557.0,Number,Eurostat,https://ec.europa.eu/eurostat/api/dissemination/statistics/1.0/data/migr_imm1ctz?geo=ES&age=TOTAL&sex=T&agedef=REACH,A,MA,REACH,TOTAL,NR,T,ES
1999-01-01,1999,A|MA|REACH|TOTAL|NR|T|ES,14904.0,Number,Eurostat,https://ec.europa.eu/eurostat/api/dissemination/statistics/1.0/data/migr_imm1ctz?geo=ES&age=TOTAL&sex=T&agedef=REACH,A,MA,REACH,TOTAL,NR,T,ES
2000-01-01,2000,A|MA|REACH|TOTAL|NR|T|ES,38344.0,Number,Eurostat,https://ec.europa.eu/eurostat/api/dissemination/statistics/1.0/data/migr_imm1ctz?geo=ES&age=TOTAL&sex=T&agedef=REACH,A,MA,REACH,TOTAL,NR,T,ES
2001-01-01,2001,A|MA|REACH|TOTAL|NR|T|ES,39517.0,Number,Eurostat,https://ec.europa.eu/eurostat/api/dissemination/statistics/1.0/data/migr_imm1ctz?geo=ES&age=TOTAL&sex=T&agedef=REACH,A,MA,REACH,TOTAL,NR,T,ES
2002-01-01,2002,A|MA|REACH|TOTAL|NR|T|ES,40172.0,Number,Eurostat,https://ec.europa.eu/eurostat/api/dissemination/statistics/1.0/data/migr_imm1ctz?geo=ES&age=TOTAL&sex=T&agedef=REACH,A,MA,REACH,TOTAL,NR,T,ES
2003-01-01,2003,A|MA|REACH|TOTAL|NR|T|ES,,Number,Eurostat,https://ec.europa.eu/eurostat/api/dissemination/statistics/1.0/data/migr_imm1ctz?geo=ES&age=TOTAL&sex=T&agedef=REACH,A,MA,REACH,TOTAL,NR,T,ES
2004-01-01,2004,A|MA|REACH|TOTAL|NR|T|ES,73380.0,Number,Eurostat,https://ec.europa.eu/eurostat/api/dissemination/statistics/1.0/data/migr_imm1ctz?geo=ES&age=TOTAL&sex=T&agedef=REACH,A,MA,REACH,TOTAL,NR,T,ES
2005-01-01,2005,A|MA|REACH|TOTAL|NR|T|ES,82519.0,Number,Eurostat,https://ec.europa.eu/eurostat/api/dissemination/statistics/1.0/data/migr_imm1ctz?geo=ES&age=TOTAL&sex=T&agedef=REACH,A,MA,REACH,TOTAL,NR,T,ES
2006-01-01,2006,A|MA|REACH|TOTAL|NR|T|ES,78512.0,Number,Eurostat,https://ec.europa.eu/eurostat/api/dissemination/statistics/1.0/data/migr_imm1ctz?geo=ES&age=TOTAL&sex=T&agedef=REACH,A,MA,REACH,TOTAL,NR,T,ES
2007-01-01,2007,A|MA|REACH|TOTAL|NR|T|ES,84978.0,Number,Eurostat,https://ec.europa.eu/eurostat/api/dissemination/statistics/1.0/data/migr_imm1ctz?geo=ES&age=TOTAL&sex=T&agedef=REACH,A,MA,REACH,TOTAL,NR,T,ES
2008-01-01,2008,A|MA|REACH|TOTAL|NR|T|ES,71768.0,Number,Eurostat,https://ec.europa.eu/eurostat/api/dissemination/statistics/1.0/data/migr_imm1ctz?geo=ES&age=TOTAL&sex=T&agedef=REACH,A,MA,REACH,TOTAL,NR,T,ES
2009-01-01,2009,A|MA|REACH|TOTAL|NR|T|ES,43183.0,Number,Eurostat,https://ec.europa.eu/eurostat/api/dissemination/statistics/1.0/data/migr_imm1ctz?geo=ES&age=TOTAL&sex=T&agedef=REACH,A,MA,REACH,TOTAL,NR,T,ES
2010-01-01,2010,A|MA|REACH|TOTAL|NR|T|ES,30175.0,Number,Eurostat,https://ec.europa.eu/eurostat/api/dissemination/statistics/1.0/data/migr_imm1ctz?geo=ES&age=TOTAL&sex=T&agedef=REACH,A,MA,REACH,TOTAL,NR,T,ES
2011-01-01,2011,A|MA|REACH|TOTAL|NR|T|ES,27981.0,Number,Eurostat,https://ec.europa.eu/eurostat/api/dissemination/statistics/1.0/data/migr_imm1ctz?geo=ES&age=TOTAL&sex=T&agedef=REACH,A,MA,REACH,TOTAL,NR,T,ES
2012-01-01,2012,A|MA|REACH|TOTAL|NR|T|ES,22446.0,Number,Eurostat,https://ec.europa.eu/eurostat/api/dissemination/statistics/1.0/data/migr_imm1ctz?geo=ES&age=TOTAL&sex=T&agedef=REACH,A,MA,REACH,TOTAL,NR,T,ES
2013-01-01,2013,A|MA|REACH|TOTAL|NR|T|ES,20517.0,Number,Eurostat,https://ec.europa.eu/eurostat/api/dissemination/statistics/1.0/data/migr_imm1ctz?geo=ES&age=TOTAL&sex=T&agedef=REACH,A,MA,REACH,TOTAL,NR,T,ES
2014-01-01,2014,A|MA|REACH|TOTAL|NR|T|ES,19995.0,Number,Eurostat,https://ec.europa.eu/eurostat/api/dissemination/statistics/1.0/data/migr_imm1ctz?geo=ES&age=TOTAL&sex=T&agedef=REACH,A,MA,REACH,TOTAL,NR,T,ES
2015-01-01,2015,A|MA|REACH|TOTAL|NR|T|ES,23830.0,Number,Eurostat,https://ec.europa.eu/eurostat/api/dissemination/statistics/1.0/data/migr_imm1ctz?geo=ES&age=TOTAL&sex=T&agedef=REACH,A,MA,REACH,TOTAL,NR,T,ES
2016-01-01,2016,A|MA|REACH|TOTAL|NR|T|ES,29713.0,Number,Eurostat,https://ec.europa.eu/eurostat/api/dissemination/statistics/1.0/data/migr_imm1ctz?geo=ES&age=TOTAL&sex=T&agedef=REACH,A,MA,REACH,TOTAL,NR,T,ES
2017-01-01,2017,A|MA|REACH|TOTAL|NR|T|ES,39841.0,Number,Eurostat,https://ec.europa.eu/eurostat/api/dissemination/statistics/1.0/data/migr_imm1ctz?geo=ES&age=TOTAL&sex=T&agedef=REACH,A,MA,REACH,TOTAL,NR,T,ES
2018-01-01,2018,A|MA|REACH|TOTAL|NR|T|ES,60935.0,Number,Eurostat,https://ec.europa.eu/eurostat/api/dissemination/statistics/1.0/data/migr_imm1ctz?geo=ES&age=TOTAL&sex=T&agedef=REACH,A,MA,REACH,TOTAL,NR,T,ES
2019-01-01,2019,A|MA|REACH|TOTAL|NR|T|ES,72866.0,Number,Eurostat,https://ec.europa.eu/eurostat/api/dissemination/statistics/1.0/data/migr_imm1ctz?geo=ES&age=TOTAL&sex=T&agedef=REACH,A,MA,REACH,TOTAL,NR,T,ES
2020-01-01,2020,A|MA|REACH|TOTAL|NR|T|ES,44940.0,Number,Eurostat,https://ec.europa.eu/eurostat/api/dissemination/statistics/1.0/data/migr_imm1ctz?geo=ES&age=TOTAL&sex=T&agedef=REACH,A,MA,REACH,TOTAL,NR,T,ES
2021-01-01,2021,A|MA|REACH|TOTAL|NR|T|ES,99460.0,Number,Eurostat,https://ec.europa.eu/eurostat/api/dissemination/statistics/1.0/data/migr_imm1ctz?geo=ES&age=TOTAL&sex=T&agedef=REACH,A,MA,REACH,TOTAL,NR,T,ES
2022-01-01,2022,A|MA|REACH|TOTAL|NR|T|ES,113725.0,Number,Eurostat,https://ec.europa.eu/eurostat/api/dissemination/statistics/1.0/data/migr_imm1ctz?geo=ES&age=TOTAL&sex=T&agedef=REACH,A,MA,REACH,TOTAL,NR,T,ES
2023-01-01,2023,A|MA|REACH|TOTAL|NR|T|ES,123468.0,Number,Eurostat,https://ec.europa.eu/eurostat/api/dissemination/statistics/1.0/data/migr_imm1ctz?geo=ES&age=TOTAL&sex=T&agedef=REACH,A,MA,REACH,TOTAL,NR,T,ES
2024-01-01,2024,A|MA|REACH|TOTAL|NR|T|ES,133130.0,Number,Eurostat,https://ec.europa.eu/eurostat/api/dissemination/statistics/1.0/data/migr_imm1ctz?geo=ES&age=TOTAL&sex=T&agedef=REACH,A,MA,REACH,TOTAL,NR,T,ES
1998-01-01,1998,A|MC|REACH|TOTAL|NR|T|ES,0.0,Number,Eurostat,https://ec.europa.eu/eurostat/api/dissemination/statistics/1.0/data/migr_imm1ctz?geo=ES&age=TOTAL&sex=T&agedef=REACH,A,MC,REACH,TOTAL,NR,T,ES
1999-01-01,1999,A|MC|REACH|TOTAL|NR|T|ES,0.0,Number,Eurostat,https://ec.europa.eu/eurostat/api/dissemination/statistics/1.0/data/migr_imm1ctz?geo=ES&age=TOTAL&sex=T&agedef=REACH,A,MC,REACH,TOTAL,NR,T,ES
2000-01-01,2000,A|MC|REACH|TOTAL|NR|T|ES,1.0,Number,Eurostat,https://ec.europa.eu/eurostat/api/dissemination/statistics/1.0/data/migr_imm1ctz?geo=ES&age=TOTAL&sex=T&agedef=REACH,A,MC,REACH,TOTAL,NR,T,ES
2001-01-01,2001,A|MC|REACH|TOTAL|NR|T|ES,1.0,Number,Eurostat,https://ec.europa.eu/eurostat/api/dissemination/statistics/1.0/data/migr_imm1ctz?geo=ES&age=TOTAL&sex=T&agedef=REACH,A,MC,REACH,TOTAL,NR,T,ES
2002-01-01,2002,A|MC|REACH|TOTAL|NR|T|ES,1.0,Number,Eurostat,https://ec.europa.eu/eurostat/api/dissemination/statistics/1.0/data/migr_imm1ctz?geo=ES&age=TOTAL&sex=T&agedef=REACH,A,MC,REACH,TOTAL,NR,T,ES
2003-01-01,2003,A|MC|REACH|TOTAL|NR|T|ES,,Number,Eurostat,https://ec.europa.eu/eurostat/api/dissemination/statistics/1.0/data/migr_imm1ctz?geo=ES&age=TOTAL&sex=T&agedef=REACH,A,MC,REACH,TOTAL,NR,T,ES
2004-01-01,2004,A|MC|REACH|TOTAL|NR|T|ES,1.0,Number,Eurostat,https://ec.europa.eu/eurostat/api/dissemination/statistics/1.0/data/migr_imm1ctz?geo=ES&age=TOTAL&sex=T&agedef=REACH,A,MC,REACH,TOTAL,NR,T,ES
2005-01-01,2005,A|MC|REACH|TOTAL|NR|T|ES,2.0,Number,Eurostat,https://ec.europa.eu/eurostat/api/dissemination/statistics/1.0/data/migr_imm1ctz?geo=ES&age=TOTAL&sex=T&agedef=REACH,A,MC,REACH,TOTAL,NR,T,ES
2006-01-01,2006,A|MC|REACH|TOTAL|NR|T|ES,3.0,Number,Eurostat,https://ec.europa.eu/eurostat/api/dissemination/statistics/1.0/data/migr_imm1ctz?geo=ES&age=TOTAL&sex=T&agedef=REACH,A,MC,REACH,TOTAL,NR,T,ES
2007-01-01,2007,A|MC|REACH|TOTAL|NR|T|ES,3.0,Number,Eurostat,https://ec.europa.eu/eurostat/api/dissemination/statistics/1.0/data/migr_imm1ctz?geo=ES&age=TOTAL&sex=T&agedef=REACH,A,MC,REACH,TOTAL,NR,T,ES
2008-01-01,2008,A|MDC_EXT|REACH|TOTAL|NR|T|ES,268358.0,Number,Eurostat,https://ec.europa.eu/eurostat/api/dissemination/statistics/1.0/data/migr_imm1ctz?geo=ES&age=TOTAL&sex=T&agedef=REACH,A,MDC_EXT,REACH,TOTAL,NR,T,ES
2009-01-01,2009,A|MDC_EXT|REACH|TOTAL|NR|T|ES,165024.0,Number,Eurostat,https://ec.europa.eu/eurostat/api/dissemination/statistics/1.0/data/migr_imm1ctz?geo=ES&age=TOTAL&sex=T&agedef=REACH,A,MDC_EXT,REACH,TOTAL,NR,T,ES
2010-01-01,2010,A|MDC_EXT|REACH|TOTAL|NR|T|ES,135911.0,Number,Eurostat,https://ec.europa.eu/eurostat/api/dissemination/statistics/1.0/data/migr_imm1ctz?geo=ES&age=TOTAL&sex=T&agedef=REACH,A,MDC_EXT,REACH,TOTAL,NR,T,ES
2011-01-01,2011,A|MDC_EXT|REACH|TOTAL|NR|T|ES,136274.0,Number,Eurostat,https://ec.europa.eu/eurostat/api/dissemination/statistics/1.0/data/migr_imm1ctz?geo=ES&age=TOTAL&sex=T&agedef=REACH,A,MDC_EXT,REACH,TOTAL,NR,T,ES
2012-01-01,2012,A|MDC_EXT|REACH|TOTAL|NR|T|ES,111180.0,Number,Eurostat,https://ec.europa.eu/eurostat/api/dissemination/statistics/1.0/data/migr_imm1ctz?geo=ES&age=TOTAL&sex=T&agedef=REACH,A,MDC_EXT,REACH,TOTAL,NR,T,ES
1998-01-01,1998,A|MD|REACH|TOTAL|NR|T|ES,20.0,Number,Eurostat,https://ec.europa.eu/eurostat/api/dissemination/statistics/1.0/data/migr_imm1ctz?geo=ES&age=TOTAL&sex=T&agedef=REACH,A,MD,REACH,TOTAL,NR,T,ES
1999-01-01,1999,A|MD|REACH|TOTAL|NR|T|ES,65.0,Number,Eurostat,https://ec.europa.eu/eurostat/api/dissemination/statistics/1.0/data/migr_imm1ctz?geo=ES&age=TOTAL&sex=T&agedef=REACH,A,MD,REACH,TOTAL,NR,T,ES
2000-01-01,2000,A|MD|REACH|TOTAL|NR|T|ES,716.0,Number,Eurostat,https://ec.europa.eu/eurostat/api/dissemination/statistics/1.0/data/migr_imm1ctz?geo=ES&age=TOTAL&sex=T&agedef=REACH,A,MD,REACH,TOTAL,NR,T,ES
2001-01-01,2001,A|MD|REACH|TOTAL|NR|T|ES,801.0,Number,Eurostat,https://ec.europa.eu/eurostat/api/dissemination/statistics/1.0/data/migr_imm1ctz?geo=ES&age=TOTAL&sex=T&agedef=REACH,A,MD,REACH,TOTAL,NR,T,ES
2002-01-01,2002,A|MD|REACH|TOTAL|NR|T|ES,1124.0,Number,Eurostat,https://ec.europa.eu/eurostat/api/dissemination/statistics/1.0/data/migr_imm1ctz?geo=ES&age=TOTAL&sex=T&agedef=REACH,A,MD,REACH,TOTAL,NR,T,ES
2003-01-01,2003,A|MD|REACH|TOTAL|NR|T|ES,,Number,Eurostat,https://ec.europa.eu/eurostat/api/dissemination/statistics/1.0/data/migr_imm1ctz?geo=ES&age=TOTAL&sex=T&agedef=REACH,A,MD,REACH,TOTAL,NR,T,ES
2004-01-01,2004,A|MD|REACH|TOTAL|NR|T|ES,2637.0,Number,Eurostat,https://ec.europa.eu/eurostat/api/dissemination/statistics/1.0/data/migr_imm1ctz?geo=ES&age=TOTAL&sex=T&agedef=REACH,A,MD,REACH,TOTAL,NR,T,ES
2005-01-01,2005,A|MD|REACH|TOTAL|NR|T|ES,2283.0,Number,Eurostat,https://ec.europa.eu/eurostat/api/dissemination/statistics/1.0/data/migr_imm1ctz?geo=ES&age=TOTAL&sex=T&agedef=REACH,A,MD,REACH,TOTAL,NR,T,ES
2006-01-01,2006,A|MD|REACH|TOTAL|NR|T|ES,2771.0,Number,Eurostat,https://ec.europa.eu/eurostat/api/dissemination/statistics/1.0/data/migr_imm1ctz?geo=ES&age=TOTAL&sex=T&agedef=REACH,A,MD,REACH,TOTAL,NR,T,ES
2007-01-01,2007,A|MD|REACH|TOTAL|NR|T|ES,3449.0,Number,Eurostat,https://ec.europa.eu/eurostat/api/dissemination/statistics/1.0/data/migr_imm1ctz?geo=ES&age=TOTAL&sex=T&agedef=REACH,A,MD,REACH,TOTAL,NR,T,ES
2008-01-01,2008,A|MD|REACH|TOTAL|NR|T|ES,2297.0,Number,Eurostat,https://ec.europa.eu/eurostat/api/dissemination/statistics/1.0/data/migr_imm1ctz?geo=ES&age=TOTAL&sex=T&agedef=REACH,A,MD,REACH,TOTAL,NR,T,ES
2009-01-01,2009,A|MD|REACH|TOTAL|NR|T|ES,1280.0,Number,Eurostat,https://ec.europa.eu/eurostat/api/dissemination/statistics/1.0/data/migr_imm1ctz?geo=ES&age=TOTAL&sex=T&agedef=REACH,A,MD,REACH,TOTAL,NR,T,ES
2010-01-01,2010,A|MD|REACH|TOTAL|NR|T|ES,876.0,Number,Eurostat,https://ec.europa.eu/eurostat/api/dissemination/statistics/1.0/data/migr_imm1ctz?geo=ES&age=TOTAL&sex=T&agedef=REACH,A,MD,REACH,TOTAL,NR,T,ES
2011-01-01,2011,A|MD|REACH|TOTAL|NR|T|ES,799.0,Number,Eurostat,https://ec.europa.eu/eurostat/api/dissemination/statistics/1.0/data/migr_imm1ctz?geo=ES&age=TOTAL&sex=T&agedef=REACH,A,MD,REACH,TOTAL,NR,T,ES
2012-01-01,2012,A|MD|REACH|TOTAL|NR|T|ES,572.0,Number,Eurostat,https://ec.europa.eu/eurostat/api/dissemination/statistics/1.0/data/migr_imm1ctz?geo=ES&age=TOTAL&sex=T&agedef=REACH,A,MD,REACH,TOTAL,NR,T,ES
2013-01-01,2013,A|MD|REACH|TOTAL|NR|T|ES,486.0,Number,Eurostat,https://ec.europa.eu/eurostat/api/dissemination/statistics/1.0/data/migr_imm1ctz?geo=ES&age=TOTAL&sex=T&agedef=REACH,A,MD,REACH,TOTAL,NR,T,ES
2014-01-01,2014,A|MD|REACH|TOTAL|NR|T|ES,698.0,Number,Eurostat,https://ec.europa.eu/eurostat/api/dissemination/statistics/1.0/data/migr_imm1ctz?geo=ES&age=TOTAL&sex=T&agedef=REACH,A,MD,REACH,TOTAL,NR,T,ES
2015-01-01,2015,A|MD|REACH|TOTAL|NR|T|ES,888.0,Number,Eurostat,https://ec.europa.eu/eurostat/api/dissemination/statistics/1.0/data/migr_imm1ctz?geo=ES&age=TOTAL&sex=T&agedef=REACH,A,MD,REACH,TOTAL,NR,T,ES
2016-01-01,2016,A|MD|REACH|TOTAL|NR|T|ES,933.0,Number,Eurostat,https://ec.europa.eu/eurostat/api/dissemination/statistics/1.0/data/migr_imm1ctz?geo=ES&age=TOTAL&sex=T&agedef=REACH,A,MD,REACH,TOTAL,NR,T,ES
2017-01-01,2017,A|MD|REACH|TOTAL|NR|T|ES,1026.0,Number,Eurostat,https://ec.europa.eu/eurostat/api/dissemination/statistics/1.0/data/migr_imm1ctz?geo=ES&age=TOTAL&sex=T&agedef=REACH,A,MD,REACH,TOTAL,NR,T,ES
2018-01-01,2018,A|MD|REACH|TOTAL|NR|T|ES,1235.0,Number,Eurostat,https://ec.europa.eu/eurostat/api/dissemination/statistics/1.0/data/migr_imm1ctz?geo=ES&age=TOTAL&sex=T&agedef=REACH,A,MD,REACH,TOTAL,NR,T,ES
2019-01-01,2019,A|MD|REACH|TOTAL|NR|T|ES,1239.0,Number,Eurostat,https://ec.europa.eu/eurostat/api/dissemination/statistics/1.0/data/migr_imm1ctz?geo=ES&age=TOTAL&sex=T&agedef=REACH,A,MD,REACH,TOTAL,NR,T,ES
2020-01-01,2020,A|MD|REACH|TOTAL|NR|T|ES,775.0,Number,Eurostat,https://ec.europa.eu/eurostat/api/dissemination/statistics/1.0/data/migr_imm1ctz?geo=ES&age=TOTAL&sex=T&agedef=REACH,A,MD,REACH,TOTAL,NR,T,ES
2021-01-01,2021,A|MD|REACH|TOTAL|NR|T|ES,1537.0,Number,Eurostat,https://ec.europa.eu/eurostat/api/dissemination/statistics/1.0/data/migr_imm1ctz?geo=ES&age=TOTAL&sex=T&agedef=REACH,A,MD,REACH,TOTAL,NR,T,ES
2022-01-01,2022,A|MD|REACH|TOTAL|NR|T|ES,2106.0,Number,Eurostat,https://ec.europa.eu/eurostat/api/dissemination/statistics/1.0/data/migr_imm1ctz?geo=ES&age=TOTAL&sex=T&agedef=REACH,A,MD,REACH,TOTAL,NR,T,ES
2023-01-01,2023,A|MD|REACH|TOTAL|NR|T|ES,1634.0,Number,Eurostat,https://ec.europa.eu/eurostat/api/dissemination/statistics/1.0/data/migr_imm1ctz?geo=ES&age=TOTAL&sex=T&agedef=REACH,A,MD,REACH,TOTAL,NR,T,ES
2024-01-01,2024,A|MD|REACH|TOTAL|NR|T|ES,1212.0,Number,Eurostat,https://ec.europa.eu/eurostat/api/dissemination/statistics/1.0/data/migr_imm1ctz?geo=ES&age=TOTAL&sex=T&agedef=REACH,A,MD,REACH,TOTAL,NR,T,ES
2008-01-01,2008,A|MEL|REACH|TOTAL|NR|T|ES,6.0,Number,Eurostat,https://ec.europa.eu/eurostat/api/dissemination/statistics/1.0/data/migr_imm1ctz?geo=ES&age=TOTAL&sex=T&agedef=REACH,A,MEL,REACH,TOTAL,NR,T,ES
2009-01-01,2009,A|MEL|REACH|TOTAL|NR|T|ES,4.0,Number,Eurostat,https://ec.europa.eu/eurostat/api/dissemination/statistics/1.0/data/migr_imm1ctz?geo=ES&age=TOTAL&sex=T&agedef=REACH,A,MEL,REACH,TOTAL,NR,T,ES
2010-01-01,2010,A|MEL|REACH|TOTAL|NR|T|ES,0.0,Number,Eurostat,https://ec.europa.eu/eurostat/api/dissemination/statistics/1.0/data/migr_imm1ctz?geo=ES&age=TOTAL&sex=T&agedef=REACH,A,MEL,REACH,TOTAL,NR,T,ES
2011-01-01,2011,A|MEL|REACH|TOTAL|NR|T|ES,1.0,Number,Eurostat,https://ec.europa.eu/eurostat/api/dissemination/statistics/1.0/data/migr_imm1ctz?geo=ES&age=TOTAL&sex=T&agedef=REACH,A,MEL,REACH,TOTAL,NR,T,ES
2012-01-01,2012,A|MEL|REACH|TOTAL|NR|T|ES,3.0,Number,Eurostat,https://ec.europa.eu/eurostat/api/dissemination/statistics/1.0/data/migr_imm1ctz?geo=ES&age=TOTAL&sex=T&agedef=REACH,A,MEL,REACH,TOTAL,NR,T,ES
2013-01-01,2013,A|MEL|REACH|TOTAL|NR|T|ES,3.0,Number,Eurostat,https://ec.europa.eu/eurostat/api/dissemination/statistics/1.0/data/migr_imm1ctz?geo=ES&age=TOTAL&sex=T&agedef=REACH,A,MEL,REACH,TOTAL,NR,T,ES
2014-01-01,2014,A|MEL|REACH|TOTAL|NR|T|ES,0.0,Number,Eurostat,https://ec.europa.eu/eurostat/api/dissemination/statistics/1.0/data/migr_imm1ctz?geo=ES&age=TOTAL&sex=T&agedef=REACH,A,MEL,REACH,TOTAL,NR,T,ES
2007-01-01,2007,A|ME|REACH|TOTAL|NR|T|ES,26.0,Number,Eurostat,https://ec.europa.eu/eurostat/api/dissemination/statistics/1.0/data/migr_imm1ctz?geo=ES&age=TOTAL&sex=T&agedef=REACH,A,ME,REACH,TOTAL,NR,T,ES
2008-01-01,2008,A|MF|REACH|TOTAL|NR|T|ES,0.0,Number,Eurostat,https://ec.europa.eu/eurostat/api/dissemination/statistics/1.0/data/migr_imm1ctz?geo=ES&age=TOTAL&sex=T&agedef=REACH,A,MF,REACH,TOTAL,NR,T,ES
2009-01-01,2009,A|MF|REACH|TOTAL|NR|T|ES,0.0,Number,Eurostat,https://ec.europa.eu/eurostat/api/dissemination/statistics/1.0/data/migr_imm1ctz?geo=ES&age=TOTAL&sex=T&agedef=REACH,A,MF,REACH,TOTAL,NR,T,ES
2010-01-01,2010,A|MF|REACH|TOTAL|NR|T|ES,0.0,Number,Eurostat,https://ec.europa.eu/eurostat/api/dissemination/statistics/1.0/data/migr_imm1ctz?geo=ES&age=TOTAL&sex=T&agedef=REACH,A,MF,REACH,TOTAL,NR,T,ES
2011-01-01,2011,A|MF|REACH|TOTAL|NR|T|ES,0.0,Number,Eurostat,https://ec.europa.eu/eurostat/api/dissemination/statistics/1.0/data/migr_imm1ctz?geo=ES&age=TOTAL&sex=T&agedef=REACH,A,MF,REACH,TOTAL,NR,T,ES
2012-01-01,2012,A|MF|REACH|TOTAL|NR|T|ES,0.0,Number,Eurostat,https://ec.europa.eu/eurostat/api/dissemination/statistics/1.0/data/migr_imm1ctz?geo=ES&age=TOTAL&sex=T&agedef=REACH,A,MF,REACH,TOTAL,NR,T,ES
1998-01-01,1998,A|MG|REACH|TOTAL|NR|T|ES,5.0,Number,Eurostat,https://ec.europa.eu/eurostat/api/dissemination/statistics/1.0/data/migr_imm1ctz?geo=ES&age=TOTAL&sex=T&agedef=REACH,A,MG,REACH,TOTAL,NR,T,ES
1999-01-01,1999,A|MG|REACH|TOTAL|NR|T|ES,4.0,Number,Eurostat,https://ec.europa.eu/eurostat/api/dissemination/statistics/1.0/data/migr_imm1ctz?geo=ES&age=TOTAL&sex=T&agedef=REACH,A,MG,REACH,TOTAL,NR,T,ES
2000-01-01,2000,A|MG|REACH|TOTAL|NR|T|ES,10.0,Number,Eurostat,https://ec.europa.eu/eurostat/api/dissemination/statistics/1.0/data/migr_imm1ctz?geo=ES&age=TOTAL&sex=T&agedef=REACH,A,MG,REACH,TOTAL,NR,T,ES
2001-01-01,2001,A|MG|REACH|TOTAL|NR|T|ES,6.0,Number,Eurostat,https://ec.europa.eu/eurostat/api/dissemination/statistics/1.0/data/migr_imm1ctz?geo=ES&age=TOTAL&sex=T&agedef=REACH,A,MG,REACH,TOTAL,NR,T,ES
2002-01-01,2002,A|MG|REACH|TOTAL|NR|T|ES,6.0,Number,Eurostat,https://ec.europa.eu/eurostat/api/dissemination/statistics/1.0/data/migr_imm1ctz?geo=ES&age=TOTAL&sex=T&agedef=REACH,A,MG,REACH,TOTAL,NR,T,ES
2003-01-01,2003,A|MG|REACH|TOTAL|NR|T|ES,,Number,Eurostat,https://ec.europa.eu/eurostat/api/dissemination/statistics/1.0/data/migr_imm1ctz?geo=ES&age=TOTAL&sex=T&agedef=REACH,A,MG,REACH,TOTAL,NR,T,ES
2004-01-01,2004,A|MG|REACH|TOTAL|NR|T|ES,24.0,Number,Eurostat,https://ec.europa.eu/eurostat/api/dissemination/statistics/1.0/data/migr_imm1ctz?geo=ES&age=TOTAL&sex=T&agedef=REACH,A,MG,REACH,TOTAL,NR,T,ES
2005-01-01,2005,A|MG|REACH|TOTAL|NR|T|ES,26.0,Number,Eurostat,https://ec.europa.eu/eurostat/api/dissemination/statistics/1.0/data/migr_imm1ctz?geo=ES&age=TOTAL&sex=T&agedef=REACH,A,MG,REACH,TOTAL,NR,T,ES
2006-01-01,2006,A|MG|REACH|TOTAL|NR|T|ES,25.0,Number,Eurostat,https://ec.europa.eu/eurostat/api/dissemination/statistics/1.0/data/migr_imm1ctz?geo=ES&age=TOTAL&sex=T&agedef=REACH,A,MG,REACH,TOTAL,NR,T,ES
2007-01-01,2007,A|MG|REACH|TOTAL|NR|T|ES,20.0,Number,Eurostat,https://ec.europa.eu/eurostat/api/dissemination/statistics/1.0/data/migr_imm1ctz?geo=ES&age=TOTAL&sex=T&agedef=REACH,A,MG,REACH,TOTAL,NR,T,ES
1998-01-01,1998,A|MH|REACH|TOTAL|NR|T|ES,1.0,Number,Eurostat,https://ec.europa.eu/eurostat/api/dissemination/statistics/1.0/data/migr_imm1ctz?geo=ES&age=TOTAL&sex=T&agedef=REACH,A,MH,REACH,TOTAL,NR,T,ES
1999-01-01,1999,A|MH|REACH|TOTAL|NR|T|ES,0.0,Number,Eurostat,https://ec.europa.eu/eurostat/api/dissemination/statistics/1.0/data/migr_imm1ctz?geo=ES&age=TOTAL&sex=T&agedef=REACH,A,MH,REACH,TOTAL,NR,T,ES
2000-01-01,2000,A|MH|REACH|TOTAL|NR|T|ES,1.0,Number,Eurostat,https://ec.europa.eu/eurostat/api/dissemination/statistics/1.0/data/migr_imm1ctz?geo=ES&age=TOTAL&sex=T&agedef=REACH,A,MH,REACH,TOTAL,NR,T,ES
2001-01-01,2001,A|MH|REACH|TOTAL|NR|T|ES,0.0,Number,Eurostat,https://ec.europa.eu/eurostat/api/dissemination/statistics/1.0/data/migr_imm1ctz?geo=ES&age=TOTAL&sex=T&agedef=REACH,A,MH,REACH,TOTAL,NR,T,ES
2002-01-01,2002,A|MH|REACH|TOTAL|NR|T|ES,3.0,Number,Eurostat,https://ec.europa.eu/eurostat/api/dissemination/statistics/1.0/data/migr_imm1ctz?geo=ES&age=TOTAL&sex=T&agedef=REACH,A,MH,REACH,TOTAL,NR,T,ES
2003-01-01,2003,A|MH|REACH|TOTAL|NR|T|ES,,Number,Eurostat,https://ec.europa.eu/eurostat/api/dissemination/statistics/1.0/data/migr_imm1ctz?geo=ES&age=TOTAL&sex=T&agedef=REACH,A,MH,REACH,TOTAL,NR,T,ES
2004-01-01,2004,A|MH|REACH|TOTAL|NR|T|ES,5.0,Number,Eurostat,https://ec.europa.eu/eurostat/api/dissemination/statistics/1.0/data/migr_imm1ctz?geo=ES&age=TOTAL&sex=T&agedef=REACH,A,MH,REACH,TOTAL,NR,T,ES
2005-01-01,2005,A|MH|REACH|TOTAL|NR|T|ES,0.0,Number,Eurostat,https://ec.europa.eu/eurostat/api/dissemination/statistics/1.0/data/migr_imm1ctz?geo=ES&age=TOTAL&sex=T&agedef=REACH,A,MH,REACH,TOTAL,NR,T,ES
2006-01-01,2006,A|MH|REACH|TOTAL|NR|T|ES,4.0,Number,Eurostat,https://ec.europa.eu/eurostat/api/dissemination/statistics/1.0/data/migr_imm1ctz?geo=ES&age=TOTAL&sex=T&agedef=REACH,A,MH,REACH,TOTAL,NR,T,ES
2007-01-01,2007,A|MH|REACH|TOTAL|NR|T|ES,1.0,Number,Eurostat,https://ec.europa.eu/eurostat/api/dissemination/statistics/1.0/data/migr_imm1ctz?geo=ES&age=TOTAL&sex=T&agedef=REACH,A,MH,REACH,TOTAL,NR,T,ES
2008-01-01,2008,A|MIC|REACH|TOTAL|NR|T|ES,4.0,Number,Eurostat,https://ec.europa.eu/eurostat/api/dissemination/statistics/1.0/data/migr_imm1ctz?geo=ES&age=TOTAL&sex=T&agedef=REACH,A,MIC,REACH,TOTAL,NR,T,ES
2009-01-01,2009,A|MIC|REACH|TOTAL|NR|T|ES,9.0,Number,Eurostat,https://ec.europa.eu/eurostat/api/dissemination/statistics/1.0/data/migr_imm1ctz?geo=ES&age=TOTAL&sex=T&agedef=REACH,A,MIC,REACH,TOTAL,NR,T,ES
2010-01-01,2010,A|MIC|REACH|TOTAL|NR|T|ES,4.0,Number,Eurostat,https://ec.europa.eu/eurostat/api/dissemination/statistics/1.0/data/migr_imm1ctz?geo=ES&age=TOTAL&sex=T&agedef=REACH,A,MIC,REACH,TOTAL,NR,T,ES
2011-01-01,2011,A|MIC|REACH|TOTAL|NR|T|ES,4.0,Number,Eurostat,https://ec.europa.eu/eurostat/api/dissemination/statistics/1.0/data/migr_imm1ctz?geo=ES&age=TOTAL&sex=T&agedef=REACH,A,MIC,REACH,TOTAL,NR,T,ES
2012-01-01,2012,A|MIC|REACH|TOTAL|NR|T|ES,10.0,Number,Eurostat,https://ec.europa.eu/eurostat/api/dissemination/statistics/1.0/data/migr_imm1ctz?geo=ES&age=TOTAL&sex=T&agedef=REACH,A,MIC,REACH,TOTAL,NR,T,ES
2013-01-01,2013,A|MIC|REACH|TOTAL|NR|T|ES,3.0,Number,Eurostat,https://ec.europa.eu/eurostat/api/dissemination/statistics/1.0/data/migr_imm1ctz?geo=ES&age=TOTAL&sex=T&agedef=REACH,A,MIC,REACH,TOTAL,NR,T,ES
2014-01-01,2014,A|MIC|REACH|TOTAL|NR|T|ES,11.0,Number,Eurostat,https://ec.europa.eu/eurostat/api/dissemination/statistics/1.0/data/migr_imm1ctz?geo=ES&age=TOTAL&sex=T&agedef=REACH,A,MIC,REACH,TOTAL,NR,T,ES
1998-01-01,1998,A|MK|REACH|TOTAL|NR|T|ES,16.0,Number,Eurostat,https://ec.europa.eu/eurostat/api/dissemination/statistics/1.0/data/migr_imm1ctz?geo=ES&age=TOTAL&sex=T&agedef=REACH,A,MK,REACH,TOTAL,NR,T,ES
1999-01-01,1999,A|MK|REACH|TOTAL|NR|T|ES,10.0,Number,Eurostat,https://ec.europa.eu/eurostat/api/dissemination/statistics/1.0/data/migr_imm1ctz?geo=ES&age=TOTAL&sex=T&agedef=REACH,A,MK,REACH,TOTAL,NR,T,ES
2000-01-01,2000,A|MK|REACH|TOTAL|NR|T|ES,18.0,Number,Eurostat,https://ec.europa.eu/eurostat/api/dissemination/statistics/1.0/data/migr_imm1ctz?geo=ES&age=TOTAL&sex=T&agedef=REACH,A,MK,REACH,TOTAL,NR,T,ES
2001-01-01,2001,A|MK|REACH|TOTAL|NR|T|ES,30.0,Number,Eurostat,https://ec.europa.eu/eurostat/api/dissemination/statistics/1.0/data/migr_imm1ctz?geo=ES&age=TOTAL&sex=T&agedef=REACH,A,MK,REACH,TOTAL,NR,T,ES
2002-01-01,2002,A|MK|REACH|TOTAL|NR|T|ES,29.0,Number,Eurostat,https://ec.europa.eu/eurostat/api/dissemination/statistics/1.0/data/migr_imm1ctz?geo=ES&age=TOTAL&sex=T&agedef=REACH,A,MK,REACH,TOTAL,NR,T,ES
2003-01-01,2003,A|MK|REACH|TOTAL|NR|T|ES,,Number,Eurostat,https://ec.europa.eu/eurostat/api/dissemination/statistics/1.0/data/migr_imm1ctz?geo=ES&age=TOTAL&sex=T&agedef=REACH,A,MK,REACH,TOTAL,NR,T,ES
2004-01-01,2004,A|MK|REACH|TOTAL|NR|T|ES,70.0,Number,Eurostat,https://ec.europa.eu/eurostat/api/dissemination/statistics/1.0/data/migr_imm1ctz?geo=ES&age=TOTAL&sex=T&agedef=REACH,A,MK,REACH,TOTAL,NR,T,ES
2005-01-01,2005,A|MK|REACH|TOTAL|NR|T|ES,48.0,Number,Eurostat,https://ec.europa.eu/eurostat/api/dissemination/statistics/1.0/data/migr_imm1ctz?geo=ES&age=TOTAL&sex=T&agedef=REACH,A,MK,REACH,TOTAL,NR,T,ES
2006-01-01,2006,A|MK|REACH|TOTAL|NR|T|ES,83.0,Number,Eurostat,https://ec.europa.eu/eurostat/api/dissemination/statistics/1.0/data/migr_imm1ctz?geo=ES&age=TOTAL&sex=T&agedef=REACH,A,MK,REACH,TOTAL,NR,T,ES
2007-01-01,2007,A|MK|REACH|TOTAL|NR|T|ES,101.0,Number,Eurostat,https://ec.europa.eu/eurostat/api/dissemination/statistics/1.0/data/migr_imm1ctz?geo=ES&age=TOTAL&sex=T&agedef=REACH,A,MK,REACH,TOTAL,NR,T,ES
1998-01-01,1998,A|ML|REACH|TOTAL|NR|T|ES,66.0,Number,Eurostat,https://ec.europa.eu/eurostat/api/dissemination/statistics/1.0/data/migr_imm1ctz?geo=ES&age=TOTAL&sex=T&agedef=REACH,A,ML,REACH,TOTAL,NR,T,ES
1999-01-01,1999,A|ML|REACH|TOTAL|NR|T|ES,124.0,Number,Eurostat,https://ec.europa.eu/eurostat/api/dissemination/statistics/1.0/data/migr_imm1ctz?geo=ES&age=TOTAL&sex=T&agedef=REACH,A,ML,REACH,TOTAL,NR,T,ES
2000-01-01,2000,A|ML|REACH|TOTAL|NR|T|ES,600.0,Number,Eurostat,https://ec.europa.eu/eurostat/api/dissemination/statistics/1.0/data/migr_imm1ctz?geo=ES&age=TOTAL&sex=T&agedef=REACH,A,ML,REACH,TOTAL,NR,T,ES
2001-01-01,2001,A|ML|REACH|TOTAL|NR|T|ES,725.0,Number,Eurostat,https://ec.europa.eu/eurostat/api/dissemination/statistics/1.0/data/migr_imm1ctz?geo=ES&age=TOTAL&sex=T&agedef=REACH,A,ML,REACH,TOTAL,NR,T,ES
2002-01-01,2002,A|ML|REACH|TOTAL|NR|T|ES,844.0,Number,Eurostat,https://ec.europa.eu/eurostat/api/dissemination/statistics/1.0/data/migr_imm1ctz?geo=ES&age=TOTAL&sex=T&agedef=REACH,A,ML,REACH,TOTAL,NR,T,ES
2003-01-01,2003,A|ML|REACH|TOTAL|NR|T|ES,,Number,Eurostat,https://ec.europa.eu/eurostat/api/dissemination/statistics/1.0/data/migr_imm1ctz?geo=ES&age=TOTAL&sex=T&agedef=REACH,A,ML,REACH,TOTAL,NR,T,ES
2004-01-01,2004,A|ML|REACH|TOTAL|NR|T|ES,4803.0,Number,Eurostat,https://ec.europa.eu/eurostat/api/dissemination/statistics/1.0/data/migr_imm1ctz?geo=ES&age=TOTAL&sex=T&agedef=REACH,A,ML,REACH,TOTAL,NR,T,ES
2005-01-01,2005,A|ML|REACH|TOTAL|NR|T|ES,3278.0,Number,Eurostat,https://ec.europa.eu/eurostat/api/dissemination/statistics/1.0/data/migr_imm1ctz?geo=ES&age=TOTAL&sex=T&agedef=REACH,A,ML,REACH,TOTAL,NR,T,ES
2006-01-01,2006,A|ML|REACH|TOTAL|NR|T|ES,4300.0,Number,Eurostat,https://ec.europa.eu/eurostat/api/dissemination/statistics/1.0/data/migr_imm1ctz?geo=ES&age=TOTAL&sex=T&agedef=REACH,A,ML,REACH,TOTAL,NR,T,ES
2007-01-01,2007,A|ML|REACH|TOTAL|NR|T|ES,3378.0,Number,Eurostat,https://ec.europa.eu/eurostat/api/dissemination/statistics/1.0/data/migr_imm1ctz?geo=ES&age=TOTAL&sex=T&agedef=REACH,A,ML,REACH,TOTAL,NR,T,ES
2008-01-01,2008,A|ML|REACH|TOTAL|NR|T|ES,3504.0,Number,Eurostat,https://ec.europa.eu/eurostat/api/dissemination/statistics/1.0/data/migr_imm1ctz?geo=ES&age=TOTAL&sex=T&agedef=REACH,A,ML,REACH,TOTAL,NR,T,ES
2009-01-01,2009,A|ML|REACH|TOTAL|NR|T|ES,2099.0,Number,Eurostat,https://ec.europa.eu/eurostat/api/dissemination/statistics/1.0/data/migr_imm1ctz?geo=ES&age=TOTAL&sex=T&agedef=REACH,A,ML,REACH,TOTAL,NR,T,ES
2010-01-01,2010,A|ML|REACH|TOTAL|NR|T|ES,1311.0,Number,Eurostat,https://ec.europa.eu/eurostat/api/dissemination/statistics/1.0/data/migr_imm1ctz?geo=ES&age=TOTAL&sex=T&agedef=REACH,A,ML,REACH,TOTAL,NR,T,ES
2011-01-01,2011,A|ML|REACH|TOTAL|NR|T|ES,1086.0,Number,Eurostat,https://ec.europa.eu/eurostat/api/dissemination/statistics/1.0/data/migr_imm1ctz?geo=ES&age=TOTAL&sex=T&agedef=REACH,A,ML,REACH,TOTAL,NR,T,ES
2012-01-01,2012,A|ML|REACH|TOTAL|NR|T|ES,1071.0,Number,Eurostat,https://ec.europa.eu/eurostat/api/dissemination/statistics/1.0/data/migr_imm1ctz?geo=ES&age=TOTAL&sex=T&agedef=REACH,A,ML,REACH,TOTAL,NR,T,ES
2013-01-01,2013,A|ML|REACH|TOTAL|NR|T|ES,1162.0,Number,Eurostat,https://ec.europa.eu/eurostat/api/dissemination/statistics/1.0/data/migr_imm1ctz?geo=ES&age=TOTAL&sex=T&agedef=REACH,A,ML,REACH,TOTAL,NR,T,ES
2014-01-01,2014,A|ML|REACH|TOTAL|NR|T|ES,1245.0,Number,Eurostat,https://ec.europa.eu/eurostat/api/dissemination/statistics/1.0/data/migr_imm1ctz?geo=ES&age=TOTAL&sex=T&agedef=REACH,A,ML,REACH,TOTAL,NR,T,ES
2015-01-01,2015,A|ML|REACH|TOTAL|NR|T|ES,1150.0,Number,Eurostat,https://ec.europa.eu/eurostat/api/dissemination/statistics/1.0/data/migr_imm1ctz?geo=ES&age=TOTAL&sex=T&agedef=REACH,A,ML,REACH,TOTAL,NR,T,ES
2016-01-01,2016,A|ML|REACH|TOTAL|NR|T|ES,1166.0,Number,Eurostat,https://ec.europa.eu/eurostat/api/dissemination/statistics/1.0/data/migr_imm1ctz?geo=ES&age=TOTAL&sex=T&agedef=REACH,A,ML,REACH,TOTAL,NR,T,ES
2017-01-01,2017,A|ML|REACH|TOTAL|NR|T|ES,1115.0,Number,Eurostat,https://ec.europa.eu/eurostat/api/dissemination/statistics/1.0/data/migr_imm1ctz?geo=ES&age=TOTAL&sex=T&agedef=REACH,A,ML,REACH,TOTAL,NR,T,ES
2018-01-01,2018,A|ML|REACH|TOTAL|NR|T|ES,1799.0,Number,Eurostat,https://ec.europa.eu/eurostat/api/dissemination/statistics/1.0/data/migr_imm1ctz?geo=ES&age=TOTAL&sex=T&agedef=REACH,A,ML,REACH,TOTAL,NR,T,ES
2019-01-01,2019,A|ML|REACH|TOTAL|NR|T|ES,2662.0,Number,Eurostat,https://ec.europa.eu/eurostat/api/dissemination/statistics/1.0/data/migr_imm1ctz?geo=ES&age=TOTAL&sex=T&agedef=REACH,A,ML,REACH,TOTAL,NR,T,ES
2020-01-01,2020,A|ML|REACH|TOTAL|NR|T|ES,2216.0,Number,Eurostat,https://ec.europa.eu/eurostat/api/dissemination/statistics/1.0/data/migr_imm1ctz?geo=ES&age=TOTAL&sex=T&agedef=REACH,A,ML,REACH,TOTAL,NR,T,ES
2021-01-01,2021,A|ML|REACH|TOTAL|NR|T|ES,6268.0,Number,Eurostat,https://ec.europa.eu/eurostat/api/dissemination/statistics/1.0/data/migr_imm1ctz?geo=ES&age=TOTAL&sex=T&agedef=REACH,A,ML,REACH,TOTAL,NR,T,ES
2022-01-01,2022,A|ML|REACH|TOTAL|NR|T|ES,4597.0,Number,Eurostat,https://ec.europa.eu/eurostat/api/dissemination/statistics/1.0/data/migr_imm1ctz?geo=ES&age=TOTAL&sex=T&agedef=REACH,A,ML,REACH,TOTAL,NR,T,ES
2023-01-01,2023,A|ML|REACH|TOTAL|NR|T|ES,3667.0,Number,Eurostat,https://ec.europa.eu/eurostat/api/dissemination/statistics/1.0/data/migr_imm1ctz?geo=ES&age=TOTAL&sex=T&agedef=REACH,A,ML,REACH,TOTAL,NR,T,ES
2024-01-01,2024,A|ML|REACH|TOTAL|NR|T|ES,8789.0,Number,Eurostat,https://ec.europa.eu/eurostat/api/dissemination/statistics/1.0/data/migr_imm1ctz?geo=ES&age=TOTAL&sex=T&agedef=REACH,A,ML,REACH,TOTAL,NR,T,ES
1998-01-01,1998,A|MM|REACH|TOTAL|NR|T|ES,0.0,Number,Eurostat,https://ec.europa.eu/eurostat/api/dissemination/statistics/1.0/data/migr_imm1ctz?geo=ES&age=TOTAL&sex=T&agedef=REACH,A,MM,REACH,TOTAL,NR,T,ES
1999-01-01,1999,A|MM|REACH|TOTAL|NR|T|ES,0.0,Number,Eurostat,https://ec.europa.eu/eurostat/api/dissemination/statistics/1.0/data/migr_imm1ctz?geo=ES&age=TOTAL&sex=T&agedef=REACH,A,MM,REACH,TOTAL,NR,T,ES
2000-01-01,2000,A|MM|REACH|TOTAL|NR|T|ES,2.0,Number,Eurostat,https://ec.europa.eu/eurostat/api/dissemination/statistics/1.0/data/migr_imm1ctz?geo=ES&age=TOTAL&sex=T&agedef=REACH,A,MM,REACH,TOTAL,NR,T,ES
2001-01-01,2001,A|MM|REACH|TOTAL|NR|T|ES,12.0,Number,Eurostat,https://ec.europa.eu/eurostat/api/dissemination/statistics/1.0/data/migr_imm1ctz?geo=ES&age=TOTAL&sex=T&agedef=REACH,A,MM,REACH,TOTAL,NR,T,ES
2002-01-01,2002,A|MM|REACH|TOTAL|NR|T|ES,2.0,Number,Eurostat,https://ec.europa.eu/eurostat/api/dissemination/statistics/1.0/data/migr_imm1ctz?geo=ES&age=TOTAL&sex=T&agedef=REACH,A,MM,REACH,TOTAL,NR,T,ES
2003-01-01,2003,A|MM|REACH|TOTAL|NR|T|ES,,Number,Eurostat,https://ec.europa.eu/eurostat/api/dissemination/statistics/1.0/data/migr_imm1ctz?geo=ES&age=TOTAL&sex=T&agedef=REACH,A,MM,REACH,TOTAL,NR,T,ES
2004-01-01,2004,A|MM|REACH|TOTAL|NR|T|ES,2.0,Number,Eurostat,https://ec.europa.eu/eurostat/api/dissemination/statistics/1.0/data/migr_imm1ctz?geo=ES&age=TOTAL&sex=T&agedef=REACH,A,MM,REACH,TOTAL,NR,T,ES
2005-01-01,2005,A|MM|REACH|TOTAL|NR|T|ES,2.0,Number,Eurostat,https://ec.europa.eu/eurostat/api/dissemination/statistics/1.0/data/migr_imm1ctz?geo=ES&age=TOTAL&sex=T&agedef=REACH,A,MM,REACH,TOTAL,NR,T,ES
2006-01-01,2006,A|MM|REACH|TOTAL|NR|T|ES,2.0,Number,Eurostat,https://ec.europa.eu/eurostat/api/dissemination/statistics/1.0/data/migr_imm1ctz?geo=ES&age=TOTAL&sex=T&agedef=REACH,A,MM,REACH,TOTAL,NR,T,ES
2007-01-01,2007,A|MM|REACH|TOTAL|NR|T|ES,6.0,Number,Eurostat,https://ec.europa.eu/eurostat/api/dissemination/statistics/1.0/data/migr_imm1ctz?geo=ES&age=TOTAL&sex=T&agedef=REACH,A,MM,REACH,TOTAL,NR,T,ES
1998-01-01,1998,A|MN|REACH|TOTAL|NR|T|ES,0.0,Number,Eurostat,https://ec.europa.eu/eurostat/api/dissemination/statistics/1.0/data/migr_imm1ctz?geo=ES&age=TOTAL&sex=T&agedef=REACH,A,MN,REACH,TOTAL,NR,T,ES
1999-01-01,1999,A|MN|REACH|TOTAL|NR|T|ES,0.0,Number,Eurostat,https://ec.europa.eu/eurostat/api/dissemination/statistics/1.0/data/migr_imm1ctz?geo=ES&age=TOTAL&sex=T&agedef=REACH,A,MN,REACH,TOTAL,NR,T,ES
2000-01-01,2000,A|MN|REACH|TOTAL|NR|T|ES,9.0,Number,Eurostat,https://ec.europa.eu/eurostat/api/dissemination/statistics/1.0/data/migr_imm1ctz?geo=ES&age=TOTAL&sex=T&agedef=REACH,A,MN,REACH,TOTAL,NR,T,ES
2001-01-01,2001,A|MN|REACH|TOTAL|NR|T|ES,11.0,Number,Eurostat,https://ec.europa.eu/eurostat/api/dissemination/statistics/1.0/data/migr_imm1ctz?geo=ES&age=TOTAL&sex=T&agedef=REACH,A,MN,REACH,TOTAL,NR,T,ES
2002-01-01,2002,A|MN|REACH|TOTAL|NR|T|ES,7.0,Number,Eurostat,https://ec.europa.eu/eurostat/api/dissemination/statistics/1.0/data/migr_imm1ctz?geo=ES&age=TOTAL&sex=T&agedef=REACH,A,MN,REACH,TOTAL,NR,T,ES
2003-01-01,2003,A|MN|REACH|TOTAL|NR|T|ES,,Number,Eurostat,https://ec.europa.eu/eurostat/api/dissemination/statistics/1.0/data/migr_imm1ctz?geo=ES&age=TOTAL&sex=T&agedef=REACH,A,MN,REACH,TOTAL,NR,T,ES
2004-01-01,2004,A|MN|REACH|TOTAL|NR|T|ES,22.0,Number,Eurostat,https://ec.europa.eu/eurostat/api/dissemination/statistics/1.0/data/migr_imm1ctz?geo=ES&age=TOTAL&sex=T&agedef=REACH,A,MN,REACH,TOTAL,NR,T,ES
2005-01-01,2005,A|MN|REACH|TOTAL|NR|T|ES,44.0,Number,Eurostat,https://ec.europa.eu/eurostat/api/dissemination/statistics/1.0/data/migr_imm1ctz?geo=ES&age=TOTAL&sex=T&agedef=REACH,A,MN,REACH,TOTAL,NR,T,ES
2006-01-01,2006,A|MN|REACH|TOTAL|NR|T|ES,60.0,Number,Eurostat,https://ec.europa.eu/eurostat/api/dissemination/statistics/1.0/data/migr_imm1ctz?geo=ES&age=TOTAL&sex=T&agedef=REACH,A,MN,REACH,TOTAL,NR,T,ES
2007-01-01,2007,A|MN|REACH|TOTAL|NR|T|ES,86.0,Number,Eurostat,https://ec.europa.eu/eurostat/api/dissemination/statistics/1.0/data/migr_imm1ctz?geo=ES&age=TOTAL&sex=T&agedef=REACH,A,MN,REACH,TOTAL,NR,T,ES
1998-01-01,1998,A|MR|REACH|TOTAL|NR|T|ES,63.0,Number,Eurostat,https://ec.europa.eu/eurostat/api/dissemination/statistics/1.0/data/migr_imm1ctz?geo=ES&age=TOTAL&sex=T&agedef=REACH,A,MR,REACH,TOTAL,NR,T,ES
1999-01-01,1999,A|MR|REACH|TOTAL|NR|T|ES,311.0,Number,Eurostat,https://ec.europa.eu/eurostat/api/dissemination/statistics/1.0/data/migr_imm1ctz?geo=ES&age=TOTAL&sex=T&agedef=REACH,A,MR,REACH,TOTAL,NR,T,ES
2000-01-01,2000,A|MR|REACH|TOTAL|NR|T|ES,1032.0,Number,Eurostat,https://ec.europa.eu/eurostat/api/dissemination/statistics/1.0/data/migr_imm1ctz?geo=ES&age=TOTAL&sex=T&agedef=REACH,A,MR,REACH,TOTAL,NR,T,ES
2001-01-01,2001,A|MR|REACH|TOTAL|NR|T|ES,716.0,Number,Eurostat,https://ec.europa.eu/eurostat/api/dissemination/statistics/1.0/data/migr_imm1ctz?geo=ES&age=TOTAL&sex=T&agedef=REACH,A,MR,REACH,TOTAL,NR,T,ES
2002-01-01,2002,A|MR|REACH|TOTAL|NR|T|ES,863.0,Number,Eurostat,https://ec.europa.eu/eurostat/api/dissemination/statistics/1.0/data/migr_imm1ctz?geo=ES&age=TOTAL&sex=T&agedef=REACH,A,MR,REACH,TOTAL,NR,T,ES
2003-01-01,2003,A|MR|REACH|TOTAL|NR|T|ES,,Number,Eurostat,https://ec.europa.eu/eurostat/api/dissemination/statistics/1.0/data/migr_imm1ctz?geo=ES&age=TOTAL&sex=T&agedef=REACH,A,MR,REACH,TOTAL,NR,T,ES
2004-01-01,2004,A|MR|REACH|TOTAL|NR|T|ES,1657.0,Number,Eurostat,https://ec.europa.eu/eurostat/api/dissemination/statistics/1.0/data/migr_imm1ctz?geo=ES&age=TOTAL&sex=T&agedef=REACH,A,MR,REACH,TOTAL,NR,T,ES
2005-01-01,2005,A|MR|REACH|TOTAL|NR|T|ES,1480.0,Number,Eurostat,https://ec.europa.eu/eurostat/api/dissemination/statistics/1.0/data/migr_imm1ctz?geo=ES&age=TOTAL&sex=T&agedef=REACH,A,MR,REACH,TOTAL,NR,T,ES
2006-01-01,2006,A|MR|REACH|TOTAL|NR|T|ES,1330.0,Number,Eurostat,https://ec.europa.eu/eurostat/api/dissemination/statistics/1.0/data/migr_imm1ctz?geo=ES&age=TOTAL&sex=T&agedef=REACH,A,MR,REACH,TOTAL,NR,T,ES
2007-01-01,2007,A|MR|REACH|TOTAL|NR|T|ES,1269.0,Number,Eurostat,https://ec.europa.eu/eurostat/api/dissemination/statistics/1.0/data/migr_imm1ctz?geo=ES&age=TOTAL&sex=T&agedef=REACH,A,MR,REACH,TOTAL,NR,T,ES
2008-01-01,2008,A|MR|REACH|TOTAL|NR|T|ES,1611.0,Number,Eurostat,https://ec.europa.eu/eurostat/api/dissemination/statistics/1.0/data/migr_imm1ctz?geo=ES&age=TOTAL&sex=T&agedef=REACH,A,MR,REACH,TOTAL,NR,T,ES
2009-01-01,2009,A|MR|REACH|TOTAL|NR|T|ES,867.0,Number,Eurostat,https://ec.europa.eu/eurostat/api/dissemination/statistics/1.0/data/migr_imm1ctz?geo=ES&age=TOTAL&sex=T&agedef=REACH,A,MR,REACH,TOTAL,NR,T,ES
2010-01-01,2010,A|MR|REACH|TOTAL|NR|T|ES,671.0,Number,Eurostat,https://ec.europa.eu/eurostat/api/dissemination/statistics/1.0/data/migr_imm1ctz?geo=ES&age=TOTAL&sex=T&agedef=REACH,A,MR,REACH,TOTAL,NR,T,ES
2011-01-01,2011,A|MR|REACH|TOTAL|NR|T|ES,621.0,Number,Eurostat,https://ec.europa.eu/eurostat/api/dissemination/statistics/1.0/data/migr_imm1ctz?geo=ES&age=TOTAL&sex=T&agedef=REACH,A,MR,REACH,TOTAL,NR,T,ES
2012-01-01,2012,A|MR|REACH|TOTAL|NR|T|ES,489.0,Number,Eurostat,https://ec.europa.eu/eurostat/api/dissemination/statistics/1.0/data/migr_imm1ctz?geo=ES&age=TOTAL&sex=T&agedef=REACH,A,MR,REACH,TOTAL,NR,T,ES
2013-01-01,2013,A|MR|REACH|TOTAL|NR|T|ES,489.0,Number,Eurostat,https://ec.europa.eu/eurostat/api/dissemination/statistics/1.0/data/migr_imm1ctz?geo=ES&age=TOTAL&sex=T&agedef=REACH,A,MR,REACH,TOTAL,NR,T,ES
2014-01-01,2014,A|MR|REACH|TOTAL|NR|T|ES,549.0,Number,Eurostat,https://ec.europa.eu/eurostat/api/dissemination/statistics/1.0/data/migr_imm1ctz?geo=ES&age=TOTAL&sex=T&agedef=REACH,A,MR,REACH,TOTAL,NR,T,ES
2015-01-01,2015,A|MR|REACH|TOTAL|NR|T|ES,690.0,Number,Eurostat,https://ec.europa.eu/eurostat/api/dissemination/statistics/1.0/data/migr_imm1ctz?geo=ES&age=TOTAL&sex=T&agedef=REACH,A,MR,REACH,TOTAL,NR,T,ES
2016-01-01,2016,A|MR|REACH|TOTAL|NR|T|ES,720.0,Number,Eurostat,https://ec.europa.eu/eurostat/api/dissemination/statistics/1.0/data/migr_imm1ctz?geo=ES&age=TOTAL&sex=T&agedef=REACH,A,MR,REACH,TOTAL,NR,T,ES
2017-01-01,2017,A|MR|REACH|TOTAL|NR|T|ES,455.0,Number,Eurostat,https://ec.europa.eu/eurostat/api/dissemination/statistics/1.0/data/migr_imm1ctz?geo=ES&age=TOTAL&sex=T&agedef=REACH,A,MR,REACH,TOTAL,NR,T,ES
2018-01-01,2018,A|MR|REACH|TOTAL|NR|T|ES,684.0,Number,Eurostat,https://ec.europa.eu/eurostat/api/dissemination/statistics/1.0/data/migr_imm1ctz?geo=ES&age=TOTAL&sex=T&agedef=REACH,A,MR,REACH,TOTAL,NR,T,ES
2019-01-01,2019,A|MR|REACH|TOTAL|NR|T|ES,815.0,Number,Eurostat,https://ec.europa.eu/eurostat/api/dissemination/statistics/1.0/data/migr_imm1ctz?geo=ES&age=TOTAL&sex=T&agedef=REACH,A,MR,REACH,TOTAL,NR,T,ES
2020-01-01,2020,A|MR|REACH|TOTAL|NR|T|ES,529.0,Number,Eurostat,https://ec.europa.eu/eurostat/api/dissemination/statistics/1.0/data/migr_imm1ctz?geo=ES&age=TOTAL&sex=T&agedef=REACH,A,MR,REACH,TOTAL,NR,T,ES
2021-01-01,2021,A|MR|REACH|TOTAL|NR|T|ES,1807.0,Number,Eurostat,https://ec.europa.eu/eurostat/api/dissemination/statistics/1.0/data/migr_imm1ctz?geo=ES&age=TOTAL&sex=T&agedef=REACH,A,MR,REACH,TOTAL,NR,T,ES
2022-01-01,2022,A|MR|REACH|TOTAL|NR|T|ES,1491.0,Number,Eurostat,https://ec.europa.eu/eurostat/api/dissemination/statistics/1.0/data/migr_imm1ctz?geo=ES&age=TOTAL&sex=T&agedef=REACH,A,MR,REACH,TOTAL,NR,T,ES
2023-01-01,2023,A|MR|REACH|TOTAL|NR|T|ES,1538.0,Number,Eurostat,https://ec.europa.eu/eurostat/api/dissemination/statistics/1.0/data/migr_imm1ctz?geo=ES&age=TOTAL&sex=T&agedef=REACH,A,MR,REACH,TOTAL,NR,T,ES
2024-01-01,2024,A|MR|REACH|TOTAL|NR|T|ES,2604.0,Number,Eurostat,https://ec.europa.eu/eurostat/api/dissemination/statistics/1.0/data/migr_imm1ctz?geo=ES&age=TOTAL&sex=T&agedef=REACH,A,MR,REACH,TOTAL,NR,T,ES
2008-01-01,2008,A|MS|REACH|TOTAL|NR|T|ES,0.0,Number,Eurostat,https://ec.europa.eu/eurostat/api/dissemination/statistics/1.0/data/migr_imm1ctz?geo=ES&age=TOTAL&sex=T&agedef=REACH,A,MS,REACH,TOTAL,NR,T,ES
2009-01-01,2009,A|MS|REACH|TOTAL|NR|T|ES,0.0,Number,Eurostat,https://ec.europa.eu/eurostat/api/dissemination/statistics/1.0/data/migr_imm1ctz?geo=ES&age=TOTAL&sex=T&agedef=REACH,A,MS,REACH,TOTAL,NR,T,ES
2010-01-01,2010,A|MS|REACH|TOTAL|NR|T|ES,0.0,Number,Eurostat,https://ec.europa.eu/eurostat/api/dissemination/statistics/1.0/data/migr_imm1ctz?geo=ES&age=TOTAL&sex=T&agedef=REACH,A,MS,REACH,TOTAL,NR,T,ES
2011-01-01,2011,A|MS|REACH|TOTAL|NR|T|ES,0.0,Number,Eurostat,https://ec.europa.eu/eurostat/api/dissemination/statistics/1.0/data/migr_imm1ctz?geo=ES&age=TOTAL&sex=T&agedef=REACH,A,MS,REACH,TOTAL,NR,T,ES
2012-01-01,2012,A|MS|REACH|TOTAL|NR|T|ES,0.0,Number,Eurostat,https://ec.europa.eu/eurostat/api/dissemination/statistics/1.0/data/migr_imm1ctz?geo=ES&age=TOTAL&sex=T&agedef=REACH,A,MS,REACH,TOTAL,NR,T,ES
2013-01-01,2013,A|MS|REACH|TOTAL|NR|T|ES,0.0,Number,Eurostat,https://ec.europa.eu/eurostat/api/dissemination/statistics/1.0/data/migr_imm1ctz?geo=ES&age=TOTAL&sex=T&agedef=REACH,A,MS,REACH,TOTAL,NR,T,ES
2014-01-01,2014,A|MS|REACH|TOTAL|NR|T|ES,0.0,Number,Eurostat,https://ec.europa.eu/eurostat/api/dissemination/statistics/1.0/data/migr_imm1ctz?geo=ES&age=TOTAL&sex=T&agedef=REACH,A,MS,REACH,TOTAL,NR,T,ES
1998-01-01,1998,A|MT|REACH|TOTAL|NR|T|ES,1.0,Number,Eurostat,https://ec.europa.eu/eurostat/api/dissemination/statistics/1.0/data/migr_imm1ctz?geo=ES&age=TOTAL&sex=T&agedef=REACH,A,MT,REACH,TOTAL,NR,T,ES
1999-01-01,1999,A|MT|REACH|TOTAL|NR|T|ES,3.0,Number,Eurostat,https://ec.europa.eu/eurostat/api/dissemination/statistics/1.0/data/migr_imm1ctz?geo=ES&age=TOTAL&sex=T&agedef=REACH,A,MT,REACH,TOTAL,NR,T,ES
2000-01-01,2000,A|MT|REACH|TOTAL|NR|T|ES,5.0,Number,Eurostat,https://ec.europa.eu/eurostat/api/dissemination/statistics/1.0/data/migr_imm1ctz?geo=ES&age=TOTAL&sex=T&agedef=REACH,A,MT,REACH,TOTAL,NR,T,ES
2001-01-01,2001,A|MT|REACH|TOTAL|NR|T|ES,6.0,Number,Eurostat,https://ec.europa.eu/eurostat/api/dissemination/statistics/1.0/data/migr_imm1ctz?geo=ES&age=TOTAL&sex=T&agedef=REACH,A,MT,REACH,TOTAL,NR,T,ES
2002-01-01,2002,A|MT|REACH|TOTAL|NR|T|ES,4.0,Number,Eurostat,https://ec.europa.eu/eurostat/api/dissemination/statistics/1.0/data/migr_imm1ctz?geo=ES&age=TOTAL&sex=T&agedef=REACH,A,MT,REACH,TOTAL,NR,T,ES
2003-01-01,2003,A|MT|REACH|TOTAL|NR|T|ES,,Number,Eurostat,https://ec.europa.eu/eurostat/api/dissemination/statistics/1.0/data/migr_imm1ctz?geo=ES&age=TOTAL&sex=T&agedef=REACH,A,MT,REACH,TOTAL,NR,T,ES
2004-01-01,2004,A|MT|REACH|TOTAL|NR|T|ES,28.0,Number,Eurostat,https://ec.europa.eu/eurostat/api/dissemination/statistics/1.0/data/migr_imm1ctz?geo=ES&age=TOTAL&sex=T&agedef=REACH,A,MT,REACH,TOTAL,NR,T,ES
2005-01-01,2005,A|MT|REACH|TOTAL|NR|T|ES,17.0,Number,Eurostat,https://ec.europa.eu/eurostat/api/dissemination/statistics/1.0/data/migr_imm1ctz?geo=ES&age=TOTAL&sex=T&agedef=REACH,A,MT,REACH,TOTAL,NR,T,ES
2006-01-01,2006,A|MT|REACH|TOTAL|NR|T|ES,34.0,Number,Eurostat,https://ec.europa.eu/eurostat/api/dissemination/statistics/1.0/data/migr_imm1ctz?geo=ES&age=TOTAL&sex=T&agedef=REACH,A,MT,REACH,TOTAL,NR,T,ES
2007-01-01,2007,A|MT|REACH|TOTAL|NR|T|ES,31.0,Number,Eurostat,https://ec.europa.eu/eurostat/api/dissemination/statistics/1.0/data/migr_imm1ctz?geo=ES&age=TOTAL&sex=T&agedef=REACH,A,MT,REACH,TOTAL,NR,T,ES
1998-01-01,1998,A|MU|REACH|TOTAL|NR|T|ES,2.0,Number,Eurostat,https://ec.europa.eu/eurostat/api/dissemination/statistics/1.0/data/migr_imm1ctz?geo=ES&age=TOTAL&sex=T&agedef=REACH,A,MU,REACH,TOTAL,NR,T,ES
1999-01-01,1999,A|MU|REACH|TOTAL|NR|T|ES,4.0,Number,Eurostat,https://ec.europa.eu/eurostat/api/dissemination/statistics/1.0/data/migr_imm1ctz?geo=ES&age=TOTAL&sex=T&agedef=REACH,A,MU,REACH,TOTAL,NR,T,ES
2000-01-01,2000,A|MU|REACH|TOTAL|NR|T|ES,9.0,Number,Eurostat,https://ec.europa.eu/eurostat/api/dissemination/statistics/1.0/data/migr_imm1ctz?geo=ES&age=TOTAL&sex=T&agedef=REACH,A,MU,REACH,TOTAL,NR,T,ES
2001-01-01,2001,A|MU|REACH|TOTAL|NR|T|ES,6.0,Number,Eurostat,https://ec.europa.eu/eurostat/api/dissemination/statistics/1.0/data/migr_imm1ctz?geo=ES&age=TOTAL&sex=T&agedef=REACH,A,MU,REACH,TOTAL,NR,T,ES
2002-01-01,2002,A|MU|REACH|TOTAL|NR|T|ES,3.0,Number,Eurostat,https://ec.europa.eu/eurostat/api/dissemination/statistics/1.0/data/migr_imm1ctz?geo=ES&age=TOTAL&sex=T&agedef=REACH,A,MU,REACH,TOTAL,NR,T,ES
2003-01-01,2003,A|MU|REACH|TOTAL|NR|T|ES,,Number,Eurostat,https://ec.europa.eu/eurostat/api/dissemination/statistics/1.0/data/migr_imm1ctz?geo=ES&age=TOTAL&sex=T&agedef=REACH,A,MU,REACH,TOTAL,NR,T,ES
2004-01-01,2004,A|MU|REACH|TOTAL|NR|T|ES,5.0,Number,Eurostat,https://ec.europa.eu/eurostat/api/dissemination/statistics/1.0/data/migr_imm1ctz?geo=ES&age=TOTAL&sex=T&agedef=REACH,A,MU,REACH,TOTAL,NR,T,ES
2005-01-01,2005,A|MU|REACH|TOTAL|NR|T|ES,17.0,Number,Eurostat,https://ec.europa.eu/eurostat/api/dissemination/statistics/1.0/data/migr_imm1ctz?geo=ES&age=TOTAL&sex=T&agedef=REACH,A,MU,REACH,TOTAL,NR,T,ES
2006-01-01,2006,A|MU|REACH|TOTAL|NR|T|ES,9.0,Number,Eurostat,https://ec.europa.eu/eurostat/api/dissemination/statistics/1.0/data/migr_imm1ctz?geo=ES&age=TOTAL&sex=T&agedef=REACH,A,MU,REACH,TOTAL,NR,T,ES
2007-01-01,2007,A|MU|REACH|TOTAL|NR|T|ES,13.0,Number,Eurostat,https://ec.europa.eu/eurostat/api/dissemination/statistics/1.0/data/migr_imm1ctz?geo=ES&age=TOTAL&sex=T&agedef=REACH,A,MU,REACH,TOTAL,NR,T,ES
1998-01-01,1998,A|MV|REACH|TOTAL|NR|T|ES,0.0,Number,Eurostat,https://ec.europa.eu/eurostat/api/dissemination/statistics/1.0/data/migr_imm1ctz?geo=ES&age=TOTAL&sex=T&agedef=REACH,A,MV,REACH,TOTAL,NR,T,ES
1999-01-01,1999,A|MV|REACH|TOTAL|NR|T|ES,0.0,Number,Eurostat,https://ec.europa.eu/eurostat/api/dissemination/statistics/1.0/data/migr_imm1ctz?geo=ES&age=TOTAL&sex=T&agedef=REACH,A,MV,REACH,TOTAL,NR,T,ES
2000-01-01,2000,A|MV|REACH|TOTAL|NR|T|ES,0.0,Number,Eurostat,https://ec.europa.eu/eurostat/api/dissemination/statistics/1.0/data/migr_imm1ctz?geo=ES&age=TOTAL&sex=T&agedef=REACH,A,MV,REACH,TOTAL,NR,T,ES
2001-01-01,2001,A|MV|REACH|TOTAL|NR|T|ES,0.0,Number,Eurostat,https://ec.europa.eu/eurostat/api/dissemination/statistics/1.0/data/migr_imm1ctz?geo=ES&age=TOTAL&sex=T&agedef=REACH,A,MV,REACH,TOTAL,NR,T,ES
2002-01-01,2002,A|MV|REACH|TOTAL|NR|T|ES,0.0,Number,Eurostat,https://ec.europa.eu/eurostat/api/dissemination/statistics/1.0/data/migr_imm1ctz?geo=ES&age=TOTAL&sex=T&agedef=REACH,A,MV,REACH,TOTAL,NR,T,ES
2003-01-01,2003,A|MV|REACH|TOTAL|NR|T|ES,,Number,Eurostat,https://ec.europa.eu/eurostat/api/dissemination/statistics/1.0/data/migr_imm1ctz?geo=ES&age=TOTAL&sex=T&agedef=REACH,A,MV,REACH,TOTAL,NR,T,ES
2004-01-01,2004,A|MV|REACH|TOTAL|NR|T|ES,1.0,Number,Eurostat,https://ec.europa.eu/eurostat/api/dissemination/statistics/1.0/data/migr_imm1ctz?geo=ES&age=TOTAL&sex=T&agedef=REACH,A,MV,REACH,TOTAL,NR,T,ES
2005-01-01,2005,A|MV|REACH|TOTAL|NR|T|ES,1.0,Number,Eurostat,https://ec.europa.eu/eurostat/api/dissemination/statistics/1.0/data/migr_imm1ctz?geo=ES&age=TOTAL&sex=T&agedef=REACH,A,MV,REACH,TOTAL,NR,T,ES
2006-01-01,2006,A|MV|REACH|TOTAL|NR|T|ES,0.0,Number,Eurostat,https://ec.europa.eu/eurostat/api/dissemination/statistics/1.0/data/migr_imm1ctz?geo=ES&age=TOTAL&sex=T&agedef=REACH,A,MV,REACH,TOTAL,NR,T,ES
2007-01-01,2007,A|MV|REACH|TOTAL|NR|T|ES,1.0,Number,Eurostat,https://ec.europa.eu/eurostat/api/dissemination/statistics/1.0/data/migr_imm1ctz?geo=ES&age=TOTAL&sex=T&agedef=REACH,A,MV,REACH,TOTAL,NR,T,ES
1998-01-01,1998,A|MW|REACH|TOTAL|NR|T|ES,1.0,Number,Eurostat,https://ec.europa.eu/eurostat/api/dissemination/statistics/1.0/data/migr_imm1ctz?geo=ES&age=TOTAL&sex=T&agedef=REACH,A,MW,REACH,TOTAL,NR,T,ES
1999-01-01,1999,A|MW|REACH|TOTAL|NR|T|ES,1.0,Number,Eurostat,https://ec.europa.eu/eurostat/api/dissemination/statistics/1.0/data/migr_imm1ctz?geo=ES&age=TOTAL&sex=T&agedef=REACH,A,MW,REACH,TOTAL,NR,T,ES
2000-01-01,2000,A|MW|REACH|TOTAL|NR|T|ES,3.0,Number,Eurostat,https://ec.europa.eu/eurostat/api/dissemination/statistics/1.0/data/migr_imm1ctz?geo=ES&age=TOTAL&sex=T&agedef=REACH,A,MW,REACH,TOTAL,NR,T,ES
2001-01-01,2001,A|MW|REACH|TOTAL|NR|T|ES,3.0,Number,Eurostat,https://ec.europa.eu/eurostat/api/dissemination/statistics/1.0/data/migr_imm1ctz?geo=ES&age=TOTAL&sex=T&agedef=REACH,A,MW,REACH,TOTAL,NR,T,ES
2002-01-01,2002,A|MW|REACH|TOTAL|NR|T|ES,4.0,Number,Eurostat,https://ec.europa.eu/eurostat/api/dissemination/statistics/1.0/data/migr_imm1ctz?geo=ES&age=TOTAL&sex=T&agedef=REACH,A,MW,REACH,TOTAL,NR,T,ES
2003-01-01,2003,A|MW|REACH|TOTAL|NR|T|ES,,Number,Eurostat,https://ec.europa.eu/eurostat/api/dissemination/statistics/1.0/data/migr_imm1ctz?geo=ES&age=TOTAL&sex=T&agedef=REACH,A,MW,REACH,TOTAL,NR,T,ES
2004-01-01,2004,A|MW|REACH|TOTAL|NR|T|ES,4.0,Number,Eurostat,https://ec.europa.eu/eurostat/api/dissemination/statistics/1.0/data/migr_imm1ctz?geo=ES&age=TOTAL&sex=T&agedef=REACH,A,MW,REACH,TOTAL,NR,T,ES
2005-01-01,2005,A|MW|REACH|TOTAL|NR|T|ES,5.0,Number,Eurostat,https://ec.europa.eu/eurostat/api/dissemination/statistics/1.0/data/migr_imm1ctz?geo=ES&age=TOTAL&sex=T&agedef=REACH,A,MW,REACH,TOTAL,NR,T,ES
2006-01-01,2006,A|MW|REACH|TOTAL|NR|T|ES,3.0,Number,Eurostat,https://ec.europa.eu/eurostat/api/dissemination/statistics/1.0/data/migr_imm1ctz?geo=ES&age=TOTAL&sex=T&agedef=REACH,A,MW,REACH,TOTAL,NR,T,ES
2007-01-01,2007,A|MW|REACH|TOTAL|NR|T|ES,2.0,Number,Eurostat,https://ec.europa.eu/eurostat/api/dissemination/statistics/1.0/data/migr_imm1ctz?geo=ES&age=TOTAL&sex=T&agedef=REACH,A,MW,REACH,TOTAL,NR,T,ES
1998-01-01,1998,A|MX|REACH|TOTAL|NR|T|ES,339.0,Number,Eurostat,https://ec.europa.eu/eurostat/api/dissemination/statistics/1.0/data/migr_imm1ctz?geo=ES&age=TOTAL&sex=T&agedef=REACH,A,MX,REACH,TOTAL,NR,T,ES
1999-01-01,1999,A|MX|REACH|TOTAL|NR|T|ES,653.0,Number,Eurostat,https://ec.europa.eu/eurostat/api/dissemination/statistics/1.0/data/migr_imm1ctz?geo=ES&age=TOTAL&sex=T&agedef=REACH,A,MX,REACH,TOTAL,NR,T,ES
2000-01-01,2000,A|MX|REACH|TOTAL|NR|T|ES,1395.0,Number,Eurostat,https://ec.europa.eu/eurostat/api/dissemination/statistics/1.0/data/migr_imm1ctz?geo=ES&age=TOTAL&sex=T&agedef=REACH,A,MX,REACH,TOTAL,NR,T,ES
2001-01-01,2001,A|MX|REACH|TOTAL|NR|T|ES,1788.0,Number,Eurostat,https://ec.europa.eu/eurostat/api/dissemination/statistics/1.0/data/migr_imm1ctz?geo=ES&age=TOTAL&sex=T&agedef=REACH,A,MX,REACH,TOTAL,NR,T,ES
2002-01-01,2002,A|MX|REACH|TOTAL|NR|T|ES,2746.0,Number,Eurostat,https://ec.europa.eu/eurostat/api/dissemination/statistics/1.0/data/migr_imm1ctz?geo=ES&age=TOTAL&sex=T&agedef=REACH,A,MX,REACH,TOTAL,NR,T,ES
2003-01-01,2003,A|MX|REACH|TOTAL|NR|T|ES,,Number,Eurostat,https://ec.europa.eu/eurostat/api/dissemination/statistics/1.0/data/migr_imm1ctz?geo=ES&age=TOTAL&sex=T&agedef=REACH,A,MX,REACH,TOTAL,NR,T,ES
2004-01-01,2004,A|MX|REACH|TOTAL|NR|T|ES,5254.0,Number,Eurostat,https://ec.europa.eu/eurostat/api/dissemination/statistics/1.0/data/migr_imm1ctz?geo=ES&age=TOTAL&sex=T&agedef=REACH,A,MX,REACH,TOTAL,NR,T,ES
2005-01-01,2005,A|MX|REACH|TOTAL|NR|T|ES,5434.0,Number,Eurostat,https://ec.europa.eu/eurostat/api/dissemination/statistics/1.0/data/migr_imm1ctz?geo=ES&age=TOTAL&sex=T&agedef=REACH,A,MX,REACH,TOTAL,NR,T,ES
2006-01-01,2006,A|MX|REACH|TOTAL|NR|T|ES,5533.0,Number,Eurostat,https://ec.europa.eu/eurostat/api/dissemination/statistics/1.0/data/migr_imm1ctz?geo=ES&age=TOTAL&sex=T&agedef=REACH,A,MX,REACH,TOTAL,NR,T,ES
2007-01-01,2007,A|MX|REACH|TOTAL|NR|T|ES,5874.0,Number,Eurostat,https://ec.europa.eu/eurostat/api/dissemination/statistics/1.0/data/migr_imm1ctz?geo=ES&age=TOTAL&sex=T&agedef=REACH,A,MX,REACH,TOTAL,NR,T,ES
2008-01-01,2008,A|MX|REACH|TOTAL|NR|T|ES,4831.0,Number,Eurostat,https://ec.europa.eu/eurostat/api/dissemination/statistics/1.0/data/migr_imm1ctz?geo=ES&age=TOTAL&sex=T&agedef=REACH,A,MX,REACH,TOTAL,NR,T,ES
2009-01-01,2009,A|MX|REACH|TOTAL|NR|T|ES,3814.0,Number,Eurostat,https://ec.europa.eu/eurostat/api/dissemination/statistics/1.0/data/migr_imm1ctz?geo=ES&age=TOTAL&sex=T&agedef=REACH,A,MX,REACH,TOTAL,NR,T,ES
2010-01-01,2010,A|MX|REACH|TOTAL|NR|T|ES,3919.0,Number,Eurostat,https://ec.europa.eu/eurostat/api/dissemination/statistics/1.0/data/migr_imm1ctz?geo=ES&age=TOTAL&sex=T&agedef=REACH,A,MX,REACH,TOTAL,NR,T,ES
2011-01-01,2011,A|MX|REACH|TOTAL|NR|T|ES,4594.0,Number,Eurostat,https://ec.europa.eu/eurostat/api/dissemination/statistics/1.0/data/migr_imm1ctz?geo=ES&age=TOTAL&sex=T&agedef=REACH,A,MX,REACH,TOTAL,NR,T,ES
2012-01-01,2012,A|MX|REACH|TOTAL|NR|T|ES,4298.0,Number,Eurostat,https://ec.europa.eu/eurostat/api/dissemination/statistics/1.0/data/migr_imm1ctz?geo=ES&age=TOTAL&sex=T&agedef=REACH,A,MX,REACH,TOTAL,NR,T,ES
2013-01-01,2013,A|MX|REACH|TOTAL|NR|T|ES,3332.0,Number,Eurostat,https://ec.europa.eu/eurostat/api/dissemination/statistics/1.0/data/migr_imm1ctz?geo=ES&age=TOTAL&sex=T&agedef=REACH,A,MX,REACH,TOTAL,NR,T,ES
2014-01-01,2014,A|MX|REACH|TOTAL|NR|T|ES,3555.0,Number,Eurostat,https://ec.europa.eu/eurostat/api/dissemination/statistics/1.0/data/migr_imm1ctz?geo=ES&age=TOTAL&sex=T&agedef=REACH,A,MX,REACH,TOTAL,NR,T,ES
2015-01-01,2015,A|MX|REACH|TOTAL|NR|T|ES,3914.0,Number,Eurostat,https://ec.europa.eu/eurostat/api/dissemination/statistics/1.0/data/migr_imm1ctz?geo=ES&age=TOTAL&sex=T&agedef=REACH,A,MX,REACH,TOTAL,NR,T,ES
2016-01-01,2016,A|MX|REACH|TOTAL|NR|T|ES,3849.0,Number,Eurostat,https://ec.europa.eu/eurostat/api/dissemination/statistics/1.0/data/migr_imm1ctz?geo=ES&age=TOTAL&sex=T&agedef=REACH,A,MX,REACH,TOTAL,NR,T,ES
2017-01-01,2017,A|MX|REACH|TOTAL|NR|T|ES,5036.0,Number,Eurostat,https://ec.europa.eu/eurostat/api/dissemination/statistics/1.0/data/migr_imm1ctz?geo=ES&age=TOTAL&sex=T&agedef=REACH,A,MX,REACH,TOTAL,NR,T,ES
2018-01-01,2018,A|MX|REACH|TOTAL|NR|T|ES,5339.0,Number,Eurostat,https://ec.europa.eu/eurostat/api/dissemination/statistics/1.0/data/migr_imm1ctz?geo=ES&age=TOTAL&sex=T&agedef=REACH,A,MX,REACH,TOTAL,NR,T,ES
2019-01-01,2019,A|MX|REACH|TOTAL|NR|T|ES,6169.0,Number,Eurostat,https://ec.europa.eu/eurostat/api/dissemination/statistics/1.0/data/migr_imm1ctz?geo=ES&age=TOTAL&sex=T&agedef=REACH,A,MX,REACH,TOTAL,NR,T,ES
2020-01-01,2020,A|MX|REACH|TOTAL|NR|T|ES,3653.0,Number,Eurostat,https://ec.europa.eu/eurostat/api/dissemination/statistics/1.0/data/migr_imm1ctz?geo=ES&age=TOTAL&sex=T&agedef=REACH,A,MX,REACH,TOTAL,NR,T,ES
2021-01-01,2021,A|MX|REACH|TOTAL|NR|T|ES,7161.0,Number,Eurostat,https://ec.europa.eu/eurostat/api/dissemination/statistics/1.0/data/migr_imm1ctz?geo=ES&age=TOTAL&sex=T&agedef=REACH,A,MX,REACH,TOTAL,NR,T,ES
2022-01-01,2022,A|MX|REACH|TOTAL|NR|T|ES,8735.0,Number,Eurostat,https://ec.europa.eu/eurostat/api/dissemination/statistics/1.0/data/migr_imm1ctz?geo=ES&age=TOTAL&sex=T&agedef=REACH,A,MX,REACH,TOTAL,NR,T,ES
2023-01-01,2023,A|MX|REACH|TOTAL|NR|T|ES,9597.0,Number,Eurostat,https://ec.europa.eu/eurostat/api/dissemination/statistics/1.0/data/migr_imm1ctz?geo=ES&age=TOTAL&sex=T&agedef=REACH,A,MX,REACH,TOTAL,NR,T,ES
2024-01-01,2024,A|MX|REACH|TOTAL|NR|T|ES,10884.0,Number,Eurostat,https://ec.europa.eu/eurostat/api/dissemination/statistics/1.0/data/migr_imm1ctz?geo=ES&age=TOTAL&sex=T&agedef=REACH,A,MX,REACH,TOTAL,NR,T,ES
1998-01-01,1998,A|MY|REACH|TOTAL|NR|T|ES,13.0,Number,Eurostat,https://ec.europa.eu/eurostat/api/dissemination/statistics/1.0/data/migr_imm1ctz?geo=ES&age=TOTAL&sex=T&agedef=REACH,A,MY,REACH,TOTAL,NR,T,ES
1999-01-01,1999,A|MY|REACH|TOTAL|NR|T|ES,10.0,Number,Eurostat,https://ec.europa.eu/eurostat/api/dissemination/statistics/1.0/data/migr_imm1ctz?geo=ES&age=TOTAL&sex=T&agedef=REACH,A,MY,REACH,TOTAL,NR,T,ES
2000-01-01,2000,A|MY|REACH|TOTAL|NR|T|ES,15.0,Number,Eurostat,https://ec.europa.eu/eurostat/api/dissemination/statistics/1.0/data/migr_imm1ctz?geo=ES&age=TOTAL&sex=T&agedef=REACH,A,MY,REACH,TOTAL,NR,T,ES
2001-01-01,2001,A|MY|REACH|TOTAL|NR|T|ES,14.0,Number,Eurostat,https://ec.europa.eu/eurostat/api/dissemination/statistics/1.0/data/migr_imm1ctz?geo=ES&age=TOTAL&sex=T&agedef=REACH,A,MY,REACH,TOTAL,NR,T,ES
2002-01-01,2002,A|MY|REACH|TOTAL|NR|T|ES,13.0,Number,Eurostat,https://ec.europa.eu/eurostat/api/dissemination/statistics/1.0/data/migr_imm1ctz?geo=ES&age=TOTAL&sex=T&agedef=REACH,A,MY,REACH,TOTAL,NR,T,ES
2003-01-01,2003,A|MY|REACH|TOTAL|NR|T|ES,,Number,Eurostat,https://ec.europa.eu/eurostat/api/dissemination/statistics/1.0/data/migr_imm1ctz?geo=ES&age=TOTAL&sex=T&agedef=REACH,A,MY,REACH,TOTAL,NR,T,ES
2004-01-01,2004,A|MY|REACH|TOTAL|NR|T|ES,39.0,Number,Eurostat,https://ec.europa.eu/eurostat/api/dissemination/statistics/1.0/data/migr_imm1ctz?geo=ES&age=TOTAL&sex=T&agedef=REACH,A,MY,REACH,TOTAL,NR,T,ES
2005-01-01,2005,A|MY|REACH|TOTAL|NR|T|ES,39.0,Number,Eurostat,https://ec.europa.eu/eurostat/api/dissemination/statistics/1.0/data/migr_imm1ctz?geo=ES&age=TOTAL&sex=T&agedef=REACH,A,MY,REACH,TOTAL,NR,T,ES
2006-01-01,2006,A|MY|REACH|TOTAL|NR|T|ES,52.0,Number,Eurostat,https://ec.europa.eu/eurostat/api/dissemination/statistics/1.0/data/migr_imm1ctz?geo=ES&age=TOTAL&sex=T&agedef=REACH,A,MY,REACH,TOTAL,NR,T,ES
2007-01-01,2007,A|MY|REACH|TOTAL|NR|T|ES,51.0,Number,Eurostat,https://ec.europa.eu/eurostat/api/dissemination/statistics/1.0/data/migr_imm1ctz?geo=ES&age=TOTAL&sex=T&agedef=REACH,A,MY,REACH,TOTAL,NR,T,ES
1998-01-01,1998,A|MZ|REACH|TOTAL|NR|T|ES,5.0,Number,Eurostat,https://ec.europa.eu/eurostat/api/dissemination/statistics/1.0/data/migr_imm1ctz?geo=ES&age=TOTAL&sex=T&agedef=REACH,A,MZ,REACH,TOTAL,NR,T,ES
1999-01-01,1999,A|MZ|REACH|TOTAL|NR|T|ES,16.0,Number,Eurostat,https://ec.europa.eu/eurostat/api/dissemination/statistics/1.0/data/migr_imm1ctz?geo=ES&age=TOTAL&sex=T&agedef=REACH,A,MZ,REACH,TOTAL,NR,T,ES
2000-01-01,2000,A|MZ|REACH|TOTAL|NR|T|ES,28.0,Number,Eurostat,https://ec.europa.eu/eurostat/api/dissemination/statistics/1.0/data/migr_imm1ctz?geo=ES&age=TOTAL&sex=T&agedef=REACH,A,MZ,REACH,TOTAL,NR,T,ES
2001-01-01,2001,A|MZ|REACH|TOTAL|NR|T|ES,30.0,Number,Eurostat,https://ec.europa.eu/eurostat/api/dissemination/statistics/1.0/data/migr_imm1ctz?geo=ES&age=TOTAL&sex=T&agedef=REACH,A,MZ,REACH,TOTAL,NR,T,ES
2002-01-01,2002,A|MZ|REACH|TOTAL|NR|T|ES,30.0,Number,Eurostat,https://ec.europa.eu/eurostat/api/dissemination/statistics/1.0/data/migr_imm1ctz?geo=ES&age=TOTAL&sex=T&agedef=REACH,A,MZ,REACH,TOTAL,NR,T,ES
2003-01-01,2003,A|MZ|REACH|TOTAL|NR|T|ES,,Number,Eurostat,https://ec.europa.eu/eurostat/api/dissemination/statistics/1.0/data/migr_imm1ctz?geo=ES&age=TOTAL&sex=T&agedef=REACH,A,MZ,REACH,TOTAL,NR,T,ES
2004-01-01,2004,A|MZ|REACH|TOTAL|NR|T|ES,51.0,Number,Eurostat,https://ec.europa.eu/eurostat/api/dissemination/statistics/1.0/data/migr_imm1ctz?geo=ES&age=TOTAL&sex=T&agedef=REACH,A,MZ,REACH,TOTAL,NR,T,ES
2005-01-01,2005,A|MZ|REACH|TOTAL|NR|T|ES,56.0,Number,Eurostat,https://ec.europa.eu/eurostat/api/dissemination/statistics/1.0/data/migr_imm1ctz?geo=ES&age=TOTAL&sex=T&agedef=REACH,A,MZ,REACH,TOTAL,NR,T,ES
2006-01-01,2006,A|MZ|REACH|TOTAL|NR|T|ES,43.0,Number,Eurostat,https://ec.europa.eu/eurostat/api/dissemination/statistics/1.0/data/migr_imm1ctz?geo=ES&age=TOTAL&sex=T&agedef=REACH,A,MZ,REACH,TOTAL,NR,T,ES
2007-01-01,2007,A|MZ|REACH|TOTAL|NR|T|ES,80.0,Number,Eurostat,https://ec.europa.eu/eurostat/api/dissemination/statistics/1.0/data/migr_imm1ctz?geo=ES&age=TOTAL&sex=T&agedef=REACH,A,MZ,REACH,TOTAL,NR,T,ES
1998-01-01,1998,A|NAT|REACH|TOTAL|NR|T|ES,24032.0,Number,Eurostat,https://ec.europa.eu/eurostat/api/dissemination/statistics/1.0/data/migr_imm1ctz?geo=ES&age=TOTAL&sex=T&agedef=REACH,A,NAT,REACH,TOTAL,NR,T,ES
1999-01-01,1999,A|NAT|REACH|TOTAL|NR|T|ES,28243.0,Number,Eurostat,https://ec.europa.eu/eurostat/api/dissemination/statistics/1.0/data/migr_imm1ctz?geo=ES&age=TOTAL&sex=T&agedef=REACH,A,NAT,REACH,TOTAL,NR,T,ES
2000-01-01,2000,A|NAT|REACH|TOTAL|NR|T|ES,31587.0,Number,Eurostat,https://ec.europa.eu/eurostat/api/dissemination/statistics/1.0/data/migr_imm1ctz?geo=ES&age=TOTAL&sex=T&agedef=REACH,A,NAT,REACH,TOTAL,NR,T,ES
2001-01-01,2001,A|NAT|REACH|TOTAL|NR|T|ES,20724.0,Number,Eurostat,https://ec.europa.eu/eurostat/api/dissemination/statistics/1.0/data/migr_imm1ctz?geo=ES&age=TOTAL&sex=T&agedef=REACH,A,NAT,REACH,TOTAL,NR,T,ES
2002-01-01,2002,A|NAT|REACH|TOTAL|NR|T|ES,40175.0,Number,Eurostat,https://ec.europa.eu/eurostat/api/dissemination/statistics/1.0/data/migr_imm1ctz?geo=ES&age=TOTAL&sex=T&agedef=REACH,A,NAT,REACH,TOTAL,NR,T,ES
2003-01-01,2003,A|NAT|REACH|TOTAL|NR|T|ES,,Number,Eurostat,https://ec.europa.eu/eurostat/api/dissemination/statistics/1.0/data/migr_imm1ctz?geo=ES&age=TOTAL&sex=T&agedef=REACH,A,NAT,REACH,TOTAL,NR,T,ES
2004-01-01,2004,A|NAT|REACH|TOTAL|NR|T|ES,38717.0,Number,Eurostat,https://ec.europa.eu/eurostat/api/dissemination/statistics/1.0/data/migr_imm1ctz?geo=ES&age=TOTAL&sex=T&agedef=REACH,A,NAT,REACH,TOTAL,NR,T,ES
2005-01-01,2005,A|NAT|REACH|TOTAL|NR|T|ES,36573.0,Number,Eurostat,https://ec.europa.eu/eurostat/api/dissemination/statistics/1.0/data/migr_imm1ctz?geo=ES&age=TOTAL&sex=T&agedef=REACH,A,NAT,REACH,TOTAL,NR,T,ES
2006-01-01,2006,A|NAT|REACH|TOTAL|NR|T|ES,37873.0,Number,Eurostat,https://ec.europa.eu/eurostat/api/dissemination/statistics/1.0/data/migr_imm1ctz?geo=ES&age=TOTAL&sex=T&agedef=REACH,A,NAT,REACH,TOTAL,NR,T,ES
2007-01-01,2007,A|NAT|REACH|TOTAL|NR|T|ES,37732.0,Number,Eurostat,https://ec.europa.eu/eurostat/api/dissemination/statistics/1.0/data/migr_imm1ctz?geo=ES&age=TOTAL&sex=T&agedef=REACH,A,NAT,REACH,TOTAL,NR,T,ES
2008-01-01,2008,A|NAT|REACH|TOTAL|NR|T|ES,31710.0,Number,Eurostat,https://ec.europa.eu/eurostat/api/dissemination/statistics/1.0/data/migr_imm1ctz?geo=ES&age=TOTAL&sex=T&agedef=REACH,A,NAT,REACH,TOTAL,NR,T,ES
2009-01-01,2009,A|NAT|REACH|TOTAL|NR|T|ES,27602.0,Number,Eurostat,https://ec.europa.eu/eurostat/api/dissemination/statistics/1.0/data/migr_imm1ctz?geo=ES&age=TOTAL&sex=T&agedef=REACH,A,NAT,REACH,TOTAL,NR,T,ES
2010-01-01,2010,A|NAT|REACH|TOTAL|NR|T|ES,30425.0,Number,Eurostat,https://ec.europa.eu/eurostat/api/dissemination/statistics/1.0/data/migr_imm1ctz?geo=ES&age=TOTAL&sex=T&agedef=REACH,A,NAT,REACH,TOTAL,NR,T,ES
2011-01-01,2011,A|NAT|REACH|TOTAL|NR|T|ES,35450.0,Number,Eurostat,https://ec.europa.eu/eurostat/api/dissemination/statistics/1.0/data/migr_imm1ctz?geo=ES&age=TOTAL&sex=T&agedef=REACH,A,NAT,REACH,TOTAL,NR,T,ES
2012-01-01,2012,A|NAT|REACH|TOTAL|NR|T|ES,31571.0,Number,Eurostat,https://ec.europa.eu/eurostat/api/dissemination/statistics/1.0/data/migr_imm1ctz?geo=ES&age=TOTAL&sex=T&agedef=REACH,A,NAT,REACH,TOTAL,NR,T,ES
2013-01-01,2013,A|NAT|REACH|TOTAL|NR|T|ES,32422.0,Number,Eurostat,https://ec.europa.eu/eurostat/api/dissemination/statistics/1.0/data/migr_imm1ctz?geo=ES&age=TOTAL&sex=T&agedef=REACH,A,NAT,REACH,TOTAL,NR,T,ES
2014-01-01,2014,A|NAT|REACH|TOTAL|NR|T|ES,40968.0,Number,Eurostat,https://ec.europa.eu/eurostat/api/dissemination/statistics/1.0/data/migr_imm1ctz?geo=ES&age=TOTAL&sex=T&agedef=REACH,A,NAT,REACH,TOTAL,NR,T,ES
2015-01-01,2015,A|NAT|REACH|TOTAL|NR|T|ES,52109.0,Number,Eurostat,https://ec.europa.eu/eurostat/api/dissemination/statistics/1.0/data/migr_imm1ctz?geo=ES&age=TOTAL&sex=T&agedef=REACH,A,NAT,REACH,TOTAL,NR,T,ES
2016-01-01,2016,A|NAT|REACH|TOTAL|NR|T|ES,62573.0,Number,Eurostat,https://ec.europa.eu/eurostat/api/dissemination/statistics/1.0/data/migr_imm1ctz?geo=ES&age=TOTAL&sex=T&agedef=REACH,A,NAT,REACH,TOTAL,NR,T,ES
2017-01-01,2017,A|NAT|REACH|TOTAL|NR|T|ES,78182.0,Number,Eurostat,https://ec.europa.eu/eurostat/api/dissemination/statistics/1.0/data/migr_imm1ctz?geo=ES&age=TOTAL&sex=T&agedef=REACH,A,NAT,REACH,TOTAL,NR,T,ES
2018-01-01,2018,A|NAT|REACH|TOTAL|NR|T|ES,83686.0,Number,Eurostat,https://ec.europa.eu/eurostat/api/dissemination/statistics/1.0/data/migr_imm1ctz?geo=ES&age=TOTAL&sex=T&agedef=REACH,A,NAT,REACH,TOTAL,NR,T,ES
2019-01-01,2019,A|NAT|REACH|TOTAL|NR|T|ES,84458.0,Number,Eurostat,https://ec.europa.eu/eurostat/api/dissemination/statistics/1.0/data/migr_imm1ctz?geo=ES&age=TOTAL&sex=T&agedef=REACH,A,NAT,REACH,TOTAL,NR,T,ES
2020-01-01,2020,A|NAT|REACH|TOTAL|NR|T|ES,52768.0,Number,Eurostat,https://ec.europa.eu/eurostat/api/dissemination/statistics/1.0/data/migr_imm1ctz?geo=ES&age=TOTAL&sex=T&agedef=REACH,A,NAT,REACH,TOTAL,NR,T,ES
2021-01-01,2021,A|NAT|REACH|TOTAL|NR|T|ES,135651.0,Number,Eurostat,https://ec.europa.eu/eurostat/api/dissemination/statistics/1.0/data/migr_imm1ctz?geo=ES&age=TOTAL&sex=T&agedef=REACH,A,NAT,REACH,TOTAL,NR,T,ES
2022-01-01,2022,A|NAT|REACH|TOTAL|NR|T|ES,138420.0,Number,Eurostat,https://ec.europa.eu/eurostat/api/dissemination/statistics/1.0/data/migr_imm1ctz?geo=ES&age=TOTAL&sex=T&agedef=REACH,A,NAT,REACH,TOTAL,NR,T,ES
2023-01-01,2023,A|NAT|REACH|TOTAL|NR|T|ES,152963.0,Number,Eurostat,https://ec.europa.eu/eurostat/api/dissemination/statistics/1.0/data/migr_imm1ctz?geo=ES&age=TOTAL&sex=T&agedef=REACH,A,NAT,REACH,TOTAL,NR,T,ES
2024-01-01,2024,A|NAT|REACH|TOTAL|NR|T|ES,144335.0,Number,Eurostat,https://ec.europa.eu/eurostat/api/dissemination/statistics/1.0/data/migr_imm1ctz?geo=ES&age=TOTAL&sex=T&agedef=REACH,A,NAT,REACH,TOTAL,NR,T,ES
1998-01-01,1998,A|NA|REACH|TOTAL|NR|T|ES,2.0,Number,Eurostat,https://ec.europa.eu/eurostat/api/dissemination/statistics/1.0/data/migr_imm1ctz?geo=ES&age=TOTAL&sex=T&agedef=REACH,A,NA,REACH,TOTAL,NR,T,ES
1999-01-01,1999,A|NA|REACH|TOTAL|NR|T|ES,2.0,Number,Eurostat,https://ec.europa.eu/eurostat/api/dissemination/statistics/1.0/data/migr_imm1ctz?geo=ES&age=TOTAL&sex=T&agedef=REACH,A,NA,REACH,TOTAL,NR,T,ES
2000-01-01,2000,A|NA|REACH|TOTAL|NR|T|ES,2.0,Number,Eurostat,https://ec.europa.eu/eurostat/api/dissemination/statistics/1.0/data/migr_imm1ctz?geo=ES&age=TOTAL&sex=T&agedef=REACH,A,NA,REACH,TOTAL,NR,T,ES
2001-01-01,2001,A|NA|REACH|TOTAL|NR|T|ES,4.0,Number,Eurostat,https://ec.europa.eu/eurostat/api/dissemination/statistics/1.0/data/migr_imm1ctz?geo=ES&age=TOTAL&sex=T&agedef=REACH,A,NA,REACH,TOTAL,NR,T,ES
2002-01-01,2002,A|NA|REACH|TOTAL|NR|T|ES,8.0,Number,Eurostat,https://ec.europa.eu/eurostat/api/dissemination/statistics/1.0/data/migr_imm1ctz?geo=ES&age=TOTAL&sex=T&agedef=REACH,A,NA,REACH,TOTAL,NR,T,ES
2003-01-01,2003,A|NA|REACH|TOTAL|NR|T|ES,,Number,Eurostat,https://ec.europa.eu/eurostat/api/dissemination/statistics/1.0/data/migr_imm1ctz?geo=ES&age=TOTAL&sex=T&agedef=REACH,A,NA,REACH,TOTAL,NR,T,ES
2004-01-01,2004,A|NA|REACH|TOTAL|NR|T|ES,11.0,Number,Eurostat,https://ec.europa.eu/eurostat/api/dissemination/statistics/1.0/data/migr_imm1ctz?geo=ES&age=TOTAL&sex=T&agedef=REACH,A,NA,REACH,TOTAL,NR,T,ES
2005-01-01,2005,A|NA|REACH|TOTAL|NR|T|ES,9.0,Number,Eurostat,https://ec.europa.eu/eurostat/api/dissemination/statistics/1.0/data/migr_imm1ctz?geo=ES&age=TOTAL&sex=T&agedef=REACH,A,NA,REACH,TOTAL,NR,T,ES
2006-01-01,2006,A|NA|REACH|TOTAL|NR|T|ES,9.0,Number,Eurostat,https://ec.europa.eu/eurostat/api/dissemination/statistics/1.0/data/migr_imm1ctz?geo=ES&age=TOTAL&sex=T&agedef=REACH,A,NA,REACH,TOTAL,NR,T,ES
2007-01-01,2007,A|NA|REACH|TOTAL|NR|T|ES,6.0,Number,Eurostat,https://ec.europa.eu/eurostat/api/dissemination/statistics/1.0/data/migr_imm1ctz?geo=ES&age=TOTAL&sex=T&agedef=REACH,A,NA,REACH,TOTAL,NR,T,ES
1998-01-01,1998,A|NC|REACH|TOTAL|NR|T|ES,0.0,Number,Eurostat,https://ec.europa.eu/eurostat/api/dissemination/statistics/1.0/data/migr_imm1ctz?geo=ES&age=TOTAL&sex=T&agedef=REACH,A,NC,REACH,TOTAL,NR,T,ES
1999-01-01,1999,A|NC|REACH|TOTAL|NR|T|ES,0.0,Number,Eurostat,https://ec.europa.eu/eurostat/api/dissemination/statistics/1.0/data/migr_imm1ctz?geo=ES&age=TOTAL&sex=T&agedef=REACH,A,NC,REACH,TOTAL,NR,T,ES
2000-01-01,2000,A|NC|REACH|TOTAL|NR|T|ES,0.0,Number,Eurostat,https://ec.europa.eu/eurostat/api/dissemination/statistics/1.0/data/migr_imm1ctz?geo=ES&age=TOTAL&sex=T&agedef=REACH,A,NC,REACH,TOTAL,NR,T,ES
2001-01-01,2001,A|NC|REACH|TOTAL|NR|T|ES,0.0,Number,Eurostat,https://ec.europa.eu/eurostat/api/dissemination/statistics/1.0/data/migr_imm1ctz?geo=ES&age=TOTAL&sex=T&agedef=REACH,A,NC,REACH,TOTAL,NR,T,ES
2002-01-01,2002,A|NC|REACH|TOTAL|NR|T|ES,,Number,Eurostat,https://ec.europa.eu/eurostat/api/dissemination/statistics/1.0/data/migr_imm1ctz?geo=ES&age=TOTAL&sex=T&agedef=REACH,A,NC,REACH,TOTAL,NR,T,ES
2003-01-01,2003,A|NC|REACH|TOTAL|NR|T|ES,,Number,Eurostat,https://ec.europa.eu/eurostat/api/dissemination/statistics/1.0/data/migr_imm1ctz?geo=ES&age=TOTAL&sex=T&agedef=REACH,A,NC,REACH,TOTAL,NR,T,ES
2004-01-01,2004,A|NC|REACH|TOTAL|NR|T|ES,,Number,Eurostat,https://ec.europa.eu/eurostat/api/dissemination/statistics/1.0/data/migr_imm1ctz?geo=ES&age=TOTAL&sex=T&agedef=REACH,A,NC,REACH,TOTAL,NR,T,ES
2005-01-01,2005,A|NC|REACH|TOTAL|NR|T|ES,,Number,Eurostat,https://ec.europa.eu/eurostat/api/dissemination/statistics/1.0/data/migr_imm1ctz?geo=ES&age=TOTAL&sex=T&agedef=REACH,A,NC,REACH,TOTAL,NR,T,ES
2006-01-01,2006,A|NC|REACH|TOTAL|NR|T|ES,,Number,Eurostat,https://ec.europa.eu/eurostat/api/dissemination/statistics/1.0/data/migr_imm1ctz?geo=ES&age=TOTAL&sex=T&agedef=REACH,A,NC,REACH,TOTAL,NR,T,ES
2007-01-01,2007,A|NC|REACH|TOTAL|NR|T|ES,,Number,Eurostat,https://ec.europa.eu/eurostat/api/dissemination/statistics/1.0/data/migr_imm1ctz?geo=ES&age=TOTAL&sex=T&agedef=REACH,A,NC,REACH,TOTAL,NR,T,ES
2008-01-01,2008,A|NC|REACH|TOTAL|NR|T|ES,0.0,Number,Eurostat,https://ec.europa.eu/eurostat/api/dissemination/statistics/1.0/data/migr_imm1ctz?geo=ES&age=TOTAL&sex=T&agedef=REACH,A,NC,REACH,TOTAL,NR,T,ES
2009-01-01,2009,A|NC|REACH|TOTAL|NR|T|ES,0.0,Number,Eurostat,https://ec.europa.eu/eurostat/api/dissemination/statistics/1.0/data/migr_imm1ctz?geo=ES&age=TOTAL&sex=T&agedef=REACH,A,NC,REACH,TOTAL,NR,T,ES
2010-01-01,2010,A|NC|REACH|TOTAL|NR|T|ES,0.0,Number,Eurostat,https://ec.europa.eu/eurostat/api/dissemination/statistics/1.0/data/migr_imm1ctz?geo=ES&age=TOTAL&sex=T&agedef=REACH,A,NC,REACH,TOTAL,NR,T,ES
2011-01-01,2011,A|NC|REACH|TOTAL|NR|T|ES,0.0,Number,Eurostat,https://ec.europa.eu/eurostat/api/dissemination/statistics/1.0/data/migr_imm1ctz?geo=ES&age=TOTAL&sex=T&agedef=REACH,A,NC,REACH,TOTAL,NR,T,ES
2012-01-01,2012,A|NC|REACH|TOTAL|NR|T|ES,0.0,Number,Eurostat,https://ec.europa.eu/eurostat/api/dissemination/statistics/1.0/data/migr_imm1ctz?geo=ES&age=TOTAL&sex=T&agedef=REACH,A,NC,REACH,TOTAL,NR,T,ES
2013-01-01,2013,A|NC|REACH|TOTAL|NR|T|ES,0.0,Number,Eurostat,https://ec.europa.eu/eurostat/api/dissemination/statistics/1.0/data/migr_imm1ctz?geo=ES&age=TOTAL&sex=T&agedef=REACH,A,NC,REACH,TOTAL,NR,T,ES
2014-01-01,2014,A|NC|REACH|TOTAL|NR|T|ES,0.0,Number,Eurostat,https://ec.europa.eu/eurostat/api/dissemination/statistics/1.0/data/migr_imm1ctz?geo=ES&age=TOTAL&sex=T&agedef=REACH,A,NC,REACH,TOTAL,NR,T,ES
2008-01-01,2008,A|NEU27_2007_FOR_STLS|REACH|TOTAL|NR|T|ES,398991.0,Number,Eurostat,https://ec.europa.eu/eurostat/api/dissemination/statistics/1.0/data/migr_imm1ctz?geo=ES&age=TOTAL&sex=T&agedef=REACH,A,NEU27_2007_FOR_STLS,REACH,TOTAL,NR,T,ES
2009-01-01,2009,A|NEU27_2007_FOR_STLS|REACH|TOTAL|NR|T|ES,241352.0,Number,Eurostat,https://ec.europa.eu/eurostat/api/dissemination/statistics/1.0/data/migr_imm1ctz?geo=ES&age=TOTAL&sex=T&agedef=REACH,A,NEU27_2007_FOR_STLS,REACH,TOTAL,NR,T,ES
2010-01-01,2010,A|NEU27_2007_FOR_STLS|REACH|TOTAL|NR|T|ES,202306.0,Number,Eurostat,https://ec.europa.eu/eurostat/api/dissemination/statistics/1.0/data/migr_imm1ctz?geo=ES&age=TOTAL&sex=T&agedef=REACH,A,NEU27_2007_FOR_STLS,REACH,TOTAL,NR,T,ES
2011-01-01,2011,A|NEU27_2007_FOR_STLS|REACH|TOTAL|NR|T|ES,207025.0,Number,Eurostat,https://ec.europa.eu/eurostat/api/dissemination/statistics/1.0/data/migr_imm1ctz?geo=ES&age=TOTAL&sex=T&agedef=REACH,A,NEU27_2007_FOR_STLS,REACH,TOTAL,NR,T,ES
2012-01-01,2012,A|NEU27_2007_FOR_STLS|REACH|TOTAL|NR|T|ES,172161.0,Number,Eurostat,https://ec.europa.eu/eurostat/api/dissemination/statistics/1.0/data/migr_imm1ctz?geo=ES&age=TOTAL&sex=T&agedef=REACH,A,NEU27_2007_FOR_STLS,REACH,TOTAL,NR,T,ES
2020-01-01,2020,A|NEU27_2020_FOR|REACH|TOTAL|NR|T|ES,331235.0,Number,Eurostat,https://ec.europa.eu/eurostat/api/dissemination/statistics/1.0/data/migr_imm1ctz?geo=ES&age=TOTAL&sex=T&agedef=REACH,A,NEU27_2020_FOR,REACH,TOTAL,NR,T,ES
2021-01-01,2021,A|NEU27_2020_FOR|REACH|TOTAL|NR|T|ES,560344.0,Number,Eurostat,https://ec.europa.eu/eurostat/api/dissemination/statistics/1.0/data/migr_imm1ctz?geo=ES&age=TOTAL&sex=T&agedef=REACH,A,NEU27_2020_FOR,REACH,TOTAL,NR,T,ES
2022-01-01,2022,A|NEU27_2020_FOR|REACH|TOTAL|NR|T|ES,925587.0,Number,Eurostat,https://ec.europa.eu/eurostat/api/dissemination/statistics/1.0/data/migr_imm1ctz?geo=ES&age=TOTAL&sex=T&agedef=REACH,A,NEU27_2020_FOR,REACH,TOTAL,NR,T,ES
2023-01-01,2023,A|NEU27_2020_FOR|REACH|TOTAL|NR|T|ES,903967.0,Number,Eurostat,https://ec.europa.eu/eurostat/api/dissemination/statistics/1.0/data/migr_imm1ctz?geo=ES&age=TOTAL&sex=T&agedef=REACH,A,NEU27_2020_FOR,REACH,TOTAL,NR,T,ES
2024-01-01,2024,A|NEU27_2020_FOR|REACH|TOTAL|NR|T|ES,960949.0,Number,Eurostat,https://ec.europa.eu/eurostat/api/dissemination/statistics/1.0/data/migr_imm1ctz?geo=ES&age=TOTAL&sex=T&agedef=REACH,A,NEU27_2020_FOR,REACH,TOTAL,NR,T,ES
2013-01-01,2013,A|NEU28_FOR|REACH|TOTAL|NR|T|ES,157823.0,Number,Eurostat,https://ec.europa.eu/eurostat/api/dissemination/statistics/1.0/data/migr_imm1ctz?geo=ES&age=TOTAL&sex=T&agedef=REACH,A,NEU28_FOR,REACH,TOTAL,NR,T,ES
2014-01-01,2014,A|NEU28_FOR|REACH|TOTAL|NR|T|ES,164369.0,Number,Eurostat,https://ec.europa.eu/eurostat/api/dissemination/statistics/1.0/data/migr_imm1ctz?geo=ES&age=TOTAL&sex=T&agedef=REACH,A,NEU28_FOR,REACH,TOTAL,NR,T,ES
2015-01-01,2015,A|NEU28_FOR|REACH|TOTAL|NR|T|ES,183675.0,Number,Eurostat,https://ec.europa.eu/eurostat/api/dissemination/statistics/1.0/data/migr_imm1ctz?geo=ES&age=TOTAL&sex=T&agedef=REACH,A,NEU28_FOR,REACH,TOTAL,NR,T,ES
2016-01-01,2016,A|NEU28_FOR|REACH|TOTAL|NR|T|ES,235632.0,Number,Eurostat,https://ec.europa.eu/eurostat/api/dissemination/statistics/1.0/data/migr_imm1ctz?geo=ES&age=TOTAL&sex=T&agedef=REACH,A,NEU28_FOR,REACH,TOTAL,NR,T,ES
2017-01-01,2017,A|NEU28_FOR|REACH|TOTAL|NR|T|ES,314238.0,Number,Eurostat,https://ec.europa.eu/eurostat/api/dissemination/statistics/1.0/data/migr_imm1ctz?geo=ES&age=TOTAL&sex=T&agedef=REACH,A,NEU28_FOR,REACH,TOTAL,NR,T,ES
2018-01-01,2018,A|NEU28_FOR|REACH|TOTAL|NR|T|ES,414292.0,Number,Eurostat,https://ec.europa.eu/eurostat/api/dissemination/statistics/1.0/data/migr_imm1ctz?geo=ES&age=TOTAL&sex=T&agedef=REACH,A,NEU28_FOR,REACH,TOTAL,NR,T,ES
2019-01-01,2019,A|NEU28_FOR|REACH|TOTAL|NR|T|ES,513850.0,Number,Eurostat,https://ec.europa.eu/eurostat/api/dissemination/statistics/1.0/data/migr_imm1ctz?geo=ES&age=TOTAL&sex=T&agedef=REACH,A,NEU28_FOR,REACH,TOTAL,NR,T,ES
1998-01-01,1998,A|NE|REACH|TOTAL|NR|T|ES,3.0,Number,Eurostat,https://ec.europa.eu/eurostat/api/dissemination/statistics/1.0/data/migr_imm1ctz?geo=ES&age=TOTAL&sex=T&agedef=REACH,A,NE,REACH,TOTAL,NR,T,ES
1999-01-01,1999,A|NE|REACH|TOTAL|NR|T|ES,4.0,Number,Eurostat,https://ec.europa.eu/eurostat/api/dissemination/statistics/1.0/data/migr_imm1ctz?geo=ES&age=TOTAL&sex=T&agedef=REACH,A,NE,REACH,TOTAL,NR,T,ES
2000-01-01,2000,A|NE|REACH|TOTAL|NR|T|ES,14.0,Number,Eurostat,https://ec.europa.eu/eurostat/api/dissemination/statistics/1.0/data/migr_imm1ctz?geo=ES&age=TOTAL&sex=T&agedef=REACH,A,NE,REACH,TOTAL,NR,T,ES
2001-01-01,2001,A|NE|REACH|TOTAL|NR|T|ES,10.0,Number,Eurostat,https://ec.europa.eu/eurostat/api/dissemination/statistics/1.0/data/migr_imm1ctz?geo=ES&age=TOTAL&sex=T&agedef=REACH,A,NE,REACH,TOTAL,NR,T,ES
2002-01-01,2002,A|NE|REACH|TOTAL|NR|T|ES,17.0,Number,Eurostat,https://ec.europa.eu/eurostat/api/dissemination/statistics/1.0/data/migr_imm1ctz?geo=ES&age=TOTAL&sex=T&agedef=REACH,A,NE,REACH,TOTAL,NR,T,ES
2003-01-01,2003,A|NE|REACH|TOTAL|NR|T|ES,,Number,Eurostat,https://ec.europa.eu/eurostat/api/dissemination/statistics/1.0/data/migr_imm1ctz?geo=ES&age=TOTAL&sex=T&agedef=REACH,A,NE,REACH,TOTAL,NR,T,ES
2004-01-01,2004,A|NE|REACH|TOTAL|NR|T|ES,41.0,Number,Eurostat,https://ec.europa.eu/eurostat/api/dissemination/statistics/1.0/data/migr_imm1ctz?geo=ES&age=TOTAL&sex=T&agedef=REACH,A,NE,REACH,TOTAL,NR,T,ES
2005-01-01,2005,A|NE|REACH|TOTAL|NR|T|ES,49.0,Number,Eurostat,https://ec.europa.eu/eurostat/api/dissemination/statistics/1.0/data/migr_imm1ctz?geo=ES&age=TOTAL&sex=T&agedef=REACH,A,NE,REACH,TOTAL,NR,T,ES
2006-01-01,2006,A|NE|REACH|TOTAL|NR|T|ES,35.0,Number,Eurostat,https://ec.europa.eu/eurostat/api/dissemination/statistics/1.0/data/migr_imm1ctz?geo=ES&age=TOTAL&sex=T&agedef=REACH,A,NE,REACH,TOTAL,NR,T,ES
2007-01-01,2007,A|NE|REACH|TOTAL|NR|T|ES,31.0,Number,Eurostat,https://ec.europa.eu/eurostat/api/dissemination/statistics/1.0/data/migr_imm1ctz?geo=ES&age=TOTAL&sex=T&agedef=REACH,A,NE,REACH,TOTAL,NR,T,ES
1998-01-01,1998,A|NG|REACH|TOTAL|NR|T|ES,169.0,Number,Eurostat,https://ec.europa.eu/eurostat/api/dissemination/statistics/1.0/data/migr_imm1ctz?geo=ES&age=TOTAL&sex=T&agedef=REACH,A,NG,REACH,TOTAL,NR,T,ES
1999-01-01,1999,A|NG|REACH|TOTAL|NR|T|ES,898.0,Number,Eurostat,https://ec.europa.eu/eurostat/api/dissemination/statistics/1.0/data/migr_imm1ctz?geo=ES&age=TOTAL&sex=T&agedef=REACH,A,NG,REACH,TOTAL,NR,T,ES
2000-01-01,2000,A|NG|REACH|TOTAL|NR|T|ES,2590.0,Number,Eurostat,https://ec.europa.eu/eurostat/api/dissemination/statistics/1.0/data/migr_imm1ctz?geo=ES&age=TOTAL&sex=T&agedef=REACH,A,NG,REACH,TOTAL,NR,T,ES
2001-01-01,2001,A|NG|REACH|TOTAL|NR|T|ES,2653.0,Number,Eurostat,https://ec.europa.eu/eurostat/api/dissemination/statistics/1.0/data/migr_imm1ctz?geo=ES&age=TOTAL&sex=T&agedef=REACH,A,NG,REACH,TOTAL,NR,T,ES
2002-01-01,2002,A|NG|REACH|TOTAL|NR|T|ES,2477.0,Number,Eurostat,https://ec.europa.eu/eurostat/api/dissemination/statistics/1.0/data/migr_imm1ctz?geo=ES&age=TOTAL&sex=T&agedef=REACH,A,NG,REACH,TOTAL,NR,T,ES
2003-01-01,2003,A|NG|REACH|TOTAL|NR|T|ES,,Number,Eurostat,https://ec.europa.eu/eurostat/api/dissemination/statistics/1.0/data/migr_imm1ctz?geo=ES&age=TOTAL&sex=T&agedef=REACH,A,NG,REACH,TOTAL,NR,T,ES
2004-01-01,2004,A|NG|REACH|TOTAL|NR|T|ES,5539.0,Number,Eurostat,https://ec.europa.eu/eurostat/api/dissemination/statistics/1.0/data/migr_imm1ctz?geo=ES&age=TOTAL&sex=T&agedef=REACH,A,NG,REACH,TOTAL,NR,T,ES
2005-01-01,2005,A|NG|REACH|TOTAL|NR|T|ES,6346.0,Number,Eurostat,https://ec.europa.eu/eurostat/api/dissemination/statistics/1.0/data/migr_imm1ctz?geo=ES&age=TOTAL&sex=T&agedef=REACH,A,NG,REACH,TOTAL,NR,T,ES
2006-01-01,2006,A|NG|REACH|TOTAL|NR|T|ES,5436.0,Number,Eurostat,https://ec.europa.eu/eurostat/api/dissemination/statistics/1.0/data/migr_imm1ctz?geo=ES&age=TOTAL&sex=T&agedef=REACH,A,NG,REACH,TOTAL,NR,T,ES
2007-01-01,2007,A|NG|REACH|TOTAL|NR|T|ES,6308.0,Number,Eurostat,https://ec.europa.eu/eurostat/api/dissemination/statistics/1.0/data/migr_imm1ctz?geo=ES&age=TOTAL&sex=T&agedef=REACH,A,NG,REACH,TOTAL,NR,T,ES
2008-01-01,2008,A|NG|REACH|TOTAL|NR|T|ES,4907.0,Number,Eurostat,https://ec.europa.eu/eurostat/api/dissemination/statistics/1.0/data/migr_imm1ctz?geo=ES&age=TOTAL&sex=T&agedef=REACH,A,NG,REACH,TOTAL,NR,T,ES
2009-01-01,2009,A|NG|REACH|TOTAL|NR|T|ES,3032.0,Number,Eurostat,https://ec.europa.eu/eurostat/api/dissemination/statistics/1.0/data/migr_imm1ctz?geo=ES&age=TOTAL&sex=T&agedef=REACH,A,NG,REACH,TOTAL,NR,T,ES
2010-01-01,2010,A|NG|REACH|TOTAL|NR|T|ES,2511.0,Number,Eurostat,https://ec.europa.eu/eurostat/api/dissemination/statistics/1.0/data/migr_imm1ctz?geo=ES&age=TOTAL&sex=T&agedef=REACH,A,NG,REACH,TOTAL,NR,T,ES
2011-01-01,2011,A|NG|REACH|TOTAL|NR|T|ES,2284.0,Number,Eurostat,https://ec.europa.eu/eurostat/api/dissemination/statistics/1.0/data/migr_imm1ctz?geo=ES&age=TOTAL&sex=T&agedef=REACH,A,NG,REACH,TOTAL,NR,T,ES
2012-01-01,2012,A|NG|REACH|TOTAL|NR|T|ES,1895.0,Number,Eurostat,https://ec.europa.eu/eurostat/api/dissemination/statistics/1.0/data/migr_imm1ctz?geo=ES&age=TOTAL&sex=T&agedef=REACH,A,NG,REACH,TOTAL,NR,T,ES
2013-01-01,2013,A|NG|REACH|TOTAL|NR|T|ES,1557.0,Number,Eurostat,https://ec.europa.eu/eurostat/api/dissemination/statistics/1.0/data/migr_imm1ctz?geo=ES&age=TOTAL&sex=T&agedef=REACH,A,NG,REACH,TOTAL,NR,T,ES
2014-01-01,2014,A|NG|REACH|TOTAL|NR|T|ES,1361.0,Number,Eurostat,https://ec.europa.eu/eurostat/api/dissemination/statistics/1.0/data/migr_imm1ctz?geo=ES&age=TOTAL&sex=T&agedef=REACH,A,NG,REACH,TOTAL,NR,T,ES
2015-01-01,2015,A|NG|REACH|TOTAL|NR|T|ES,1360.0,Number,Eurostat,https://ec.europa.eu/eurostat/api/dissemination/statistics/1.0/data/migr_imm1ctz?geo=ES&age=TOTAL&sex=T&agedef=REACH,A,NG,REACH,TOTAL,NR,T,ES
2016-01-01,2016,A|NG|REACH|TOTAL|NR|T|ES,1319.0,Number,Eurostat,https://ec.europa.eu/eurostat/api/dissemination/statistics/1.0/data/migr_imm1ctz?geo=ES&age=TOTAL&sex=T&agedef=REACH,A,NG,REACH,TOTAL,NR,T,ES
2017-01-01,2017,A|NG|REACH|TOTAL|NR|T|ES,1469.0,Number,Eurostat,https://ec.europa.eu/eurostat/api/dissemination/statistics/1.0/data/migr_imm1ctz?geo=ES&age=TOTAL&sex=T&agedef=REACH,A,NG,REACH,TOTAL,NR,T,ES
2018-01-01,2018,A|NG|REACH|TOTAL|NR|T|ES,1656.0,Number,Eurostat,https://ec.europa.eu/eurostat/api/dissemination/statistics/1.0/data/migr_imm1ctz?geo=ES&age=TOTAL&sex=T&agedef=REACH,A,NG,REACH,TOTAL,NR,T,ES
2019-01-01,2019,A|NG|REACH|TOTAL|NR|T|ES,1640.0,Number,Eurostat,https://ec.europa.eu/eurostat/api/dissemination/statistics/1.0/data/migr_imm1ctz?geo=ES&age=TOTAL&sex=T&agedef=REACH,A,NG,REACH,TOTAL,NR,T,ES
2020-01-01,2020,A|NG|REACH|TOTAL|NR|T|ES,1184.0,Number,Eurostat,https://ec.europa.eu/eurostat/api/dissemination/statistics/1.0/data/migr_imm1ctz?geo=ES&age=TOTAL&sex=T&agedef=REACH,A,NG,REACH,TOTAL,NR,T,ES
2021-01-01,2021,A|NG|REACH|TOTAL|NR|T|ES,3251.0,Number,Eurostat,https://ec.europa.eu/eurostat/api/dissemination/statistics/1.0/data/migr_imm1ctz?geo=ES&age=TOTAL&sex=T&agedef=REACH,A,NG,REACH,TOTAL,NR,T,ES
2022-01-01,2022,A|NG|REACH|TOTAL|NR|T|ES,3196.0,Number,Eurostat,https://ec.europa.eu/eurostat/api/dissemination/statistics/1.0/data/migr_imm1ctz?geo=ES&age=TOTAL&sex=T&agedef=REACH,A,NG,REACH,TOTAL,NR,T,ES
2023-01-01,2023,A|NG|REACH|TOTAL|NR|T|ES,3326.0,Number,Eurostat,https://ec.europa.eu/eurostat/api/dissemination/statistics/1.0/data/migr_imm1ctz?geo=ES&age=TOTAL&sex=T&agedef=REACH,A,NG,REACH,TOTAL,NR,T,ES
2024-01-01,2024,A|NG|REACH|TOTAL|NR|T|ES,3249.0,Number,Eurostat,https://ec.europa.eu/eurostat/api/dissemination/statistics/1.0/data/migr_imm1ctz?geo=ES&age=TOTAL&sex=T&agedef=REACH,A,NG,REACH,TOTAL,NR,T,ES
1998-01-01,1998,A|NI|REACH|TOTAL|NR|T|ES,39.0,Number,Eurostat,https://ec.europa.eu/eurostat/api/dissemination/statistics/1.0/data/migr_imm1ctz?geo=ES&age=TOTAL&sex=T&agedef=REACH,A,NI,REACH,TOTAL,NR,T,ES
1999-01-01,1999,A|NI|REACH|TOTAL|NR|T|ES,108.0,Number,Eurostat,https://ec.europa.eu/eurostat/api/dissemination/statistics/1.0/data/migr_imm1ctz?geo=ES&age=TOTAL&sex=T&agedef=REACH,A,NI,REACH,TOTAL,NR,T,ES
2000-01-01,2000,A|NI|REACH|TOTAL|NR|T|ES,131.0,Number,Eurostat,https://ec.europa.eu/eurostat/api/dissemination/statistics/1.0/data/migr_imm1ctz?geo=ES&age=TOTAL&sex=T&agedef=REACH,A,NI,REACH,TOTAL,NR,T,ES
2001-01-01,2001,A|NI|REACH|TOTAL|NR|T|ES,159.0,Number,Eurostat,https://ec.europa.eu/eurostat/api/dissemination/statistics/1.0/data/migr_imm1ctz?geo=ES&age=TOTAL&sex=T&agedef=REACH,A,NI,REACH,TOTAL,NR,T,ES
2002-01-01,2002,A|NI|REACH|TOTAL|NR|T|ES,174.0,Number,Eurostat,https://ec.europa.eu/eurostat/api/dissemination/statistics/1.0/data/migr_imm1ctz?geo=ES&age=TOTAL&sex=T&agedef=REACH,A,NI,REACH,TOTAL,NR,T,ES
2003-01-01,2003,A|NI|REACH|TOTAL|NR|T|ES,,Number,Eurostat,https://ec.europa.eu/eurostat/api/dissemination/statistics/1.0/data/migr_imm1ctz?geo=ES&age=TOTAL&sex=T&agedef=REACH,A,NI,REACH,TOTAL,NR,T,ES
2004-01-01,2004,A|NI|REACH|TOTAL|NR|T|ES,481.0,Number,Eurostat,https://ec.europa.eu/eurostat/api/dissemination/statistics/1.0/data/migr_imm1ctz?geo=ES&age=TOTAL&sex=T&agedef=REACH,A,NI,REACH,TOTAL,NR,T,ES
2005-01-01,2005,A|NI|REACH|TOTAL|NR|T|ES,997.0,Number,Eurostat,https://ec.europa.eu/eurostat/api/dissemination/statistics/1.0/data/migr_imm1ctz?geo=ES&age=TOTAL&sex=T&agedef=REACH,A,NI,REACH,TOTAL,NR,T,ES
2006-01-01,2006,A|NI|REACH|TOTAL|NR|T|ES,2297.0,Number,Eurostat,https://ec.europa.eu/eurostat/api/dissemination/statistics/1.0/data/migr_imm1ctz?geo=ES&age=TOTAL&sex=T&agedef=REACH,A,NI,REACH,TOTAL,NR,T,ES
2007-01-01,2007,A|NI|REACH|TOTAL|NR|T|ES,4279.0,Number,Eurostat,https://ec.europa.eu/eurostat/api/dissemination/statistics/1.0/data/migr_imm1ctz?geo=ES&age=TOTAL&sex=T&agedef=REACH,A,NI,REACH,TOTAL,NR,T,ES
2008-01-01,2008,A|NI|REACH|TOTAL|NR|T|ES,2892.0,Number,Eurostat,https://ec.europa.eu/eurostat/api/dissemination/statistics/1.0/data/migr_imm1ctz?geo=ES&age=TOTAL&sex=T&agedef=REACH,A,NI,REACH,TOTAL,NR,T,ES
2009-01-01,2009,A|NI|REACH|TOTAL|NR|T|ES,2352.0,Number,Eurostat,https://ec.europa.eu/eurostat/api/dissemination/statistics/1.0/data/migr_imm1ctz?geo=ES&age=TOTAL&sex=T&agedef=REACH,A,NI,REACH,TOTAL,NR,T,ES
2010-01-01,2010,A|NI|REACH|TOTAL|NR|T|ES,2967.0,Number,Eurostat,https://ec.europa.eu/eurostat/api/dissemination/statistics/1.0/data/migr_imm1ctz?geo=ES&age=TOTAL&sex=T&agedef=REACH,A,NI,REACH,TOTAL,NR,T,ES
2011-01-01,2011,A|NI|REACH|TOTAL|NR|T|ES,3594.0,Number,Eurostat,https://ec.europa.eu/eurostat/api/dissemination/statistics/1.0/data/migr_imm1ctz?geo=ES&age=TOTAL&sex=T&agedef=REACH,A,NI,REACH,TOTAL,NR,T,ES
2012-01-01,2012,A|NI|REACH|TOTAL|NR|T|ES,2771.0,Number,Eurostat,https://ec.europa.eu/eurostat/api/dissemination/statistics/1.0/data/migr_imm1ctz?geo=ES&age=TOTAL&sex=T&agedef=REACH,A,NI,REACH,TOTAL,NR,T,ES
2013-01-01,2013,A|NI|REACH|TOTAL|NR|T|ES,2134.0,Number,Eurostat,https://ec.europa.eu/eurostat/api/dissemination/statistics/1.0/data/migr_imm1ctz?geo=ES&age=TOTAL&sex=T&agedef=REACH,A,NI,REACH,TOTAL,NR,T,ES
2014-01-01,2014,A|NI|REACH|TOTAL|NR|T|ES,2693.0,Number,Eurostat,https://ec.europa.eu/eurostat/api/dissemination/statistics/1.0/data/migr_imm1ctz?geo=ES&age=TOTAL&sex=T&agedef=REACH,A,NI,REACH,TOTAL,NR,T,ES
2015-01-01,2015,A|NI|REACH|TOTAL|NR|T|ES,3098.0,Number,Eurostat,https://ec.europa.eu/eurostat/api/dissemination/statistics/1.0/data/migr_imm1ctz?geo=ES&age=TOTAL&sex=T&agedef=REACH,A,NI,REACH,TOTAL,NR,T,ES
2016-01-01,2016,A|NI|REACH|TOTAL|NR|T|ES,4110.0,Number,Eurostat,https://ec.europa.eu/eurostat/api/dissemination/statistics/1.0/data/migr_imm1ctz?geo=ES&age=TOTAL&sex=T&agedef=REACH,A,NI,REACH,TOTAL,NR,T,ES
2017-01-01,2017,A|NI|REACH|TOTAL|NR|T|ES,6170.0,Number,Eurostat,https://ec.europa.eu/eurostat/api/dissemination/statistics/1.0/data/migr_imm1ctz?geo=ES&age=TOTAL&sex=T&agedef=REACH,A,NI,REACH,TOTAL,NR,T,ES
2018-01-01,2018,A|NI|REACH|TOTAL|NR|T|ES,11394.0,Number,Eurostat,https://ec.europa.eu/eurostat/api/dissemination/statistics/1.0/data/migr_imm1ctz?geo=ES&age=TOTAL&sex=T&agedef=REACH,A,NI,REACH,TOTAL,NR,T,ES
2019-01-01,2019,A|NI|REACH|TOTAL|NR|T|ES,17112.0,Number,Eurostat,https://ec.europa.eu/eurostat/api/dissemination/statistics/1.0/data/migr_imm1ctz?geo=ES&age=TOTAL&sex=T&agedef=REACH,A,NI,REACH,TOTAL,NR,T,ES
2020-01-01,2020,A|NI|REACH|TOTAL|NR|T|ES,9238.0,Number,Eurostat,https://ec.europa.eu/eurostat/api/dissemination/statistics/1.0/data/migr_imm1ctz?geo=ES&age=TOTAL&sex=T&agedef=REACH,A,NI,REACH,TOTAL,NR,T,ES
2021-01-01,2021,A|NI|REACH|TOTAL|NR|T|ES,7072.0,Number,Eurostat,https://ec.europa.eu/eurostat/api/dissemination/statistics/1.0/data/migr_imm1ctz?geo=ES&age=TOTAL&sex=T&agedef=REACH,A,NI,REACH,TOTAL,NR,T,ES
2022-01-01,2022,A|NI|REACH|TOTAL|NR|T|ES,16369.0,Number,Eurostat,https://ec.europa.eu/eurostat/api/dissemination/statistics/1.0/data/migr_imm1ctz?geo=ES&age=TOTAL&sex=T&agedef=REACH,A,NI,REACH,TOTAL,NR,T,ES
2023-01-01,2023,A|NI|REACH|TOTAL|NR|T|ES,13891.0,Number,Eurostat,https://ec.europa.eu/eurostat/api/dissemination/statistics/1.0/data/migr_imm1ctz?geo=ES&age=TOTAL&sex=T&agedef=REACH,A,NI,REACH,TOTAL,NR,T,ES
2024-01-01,2024,A|NI|REACH|TOTAL|NR|T|ES,12438.0,Number,Eurostat,https://ec.europa.eu/eurostat/api/dissemination/statistics/1.0/data/migr_imm1ctz?geo=ES&age=TOTAL&sex=T&agedef=REACH,A,NI,REACH,TOTAL,NR,T,ES
1998-01-01,1998,A|NL|REACH|TOTAL|NR|T|ES,1086.0,Number,Eurostat,https://ec.europa.eu/eurostat/api/dissemination/statistics/1.0/data/migr_imm1ctz?geo=ES&age=TOTAL&sex=T&agedef=REACH,A,NL,REACH,TOTAL,NR,T,ES
1999-01-01,1999,A|NL|REACH|TOTAL|NR|T|ES,1748.0,Number,Eurostat,https://ec.europa.eu/eurostat/api/dissemination/statistics/1.0/data/migr_imm1ctz?geo=ES&age=TOTAL&sex=T&agedef=REACH,A,NL,REACH,TOTAL,NR,T,ES
2000-01-01,2000,A|NL|REACH|TOTAL|NR|T|ES,2151.0,Number,Eurostat,https://ec.europa.eu/eurostat/api/dissemination/statistics/1.0/data/migr_imm1ctz?geo=ES&age=TOTAL&sex=T&agedef=REACH,A,NL,REACH,TOTAL,NR,T,ES
2001-01-01,2001,A|NL|REACH|TOTAL|NR|T|ES,2376.0,Number,Eurostat,https://ec.europa.eu/eurostat/api/dissemination/statistics/1.0/data/migr_imm1ctz?geo=ES&age=TOTAL&sex=T&agedef=REACH,A,NL,REACH,TOTAL,NR,T,ES
2002-01-01,2002,A|NL|REACH|TOTAL|NR|T|ES,2785.0,Number,Eurostat,https://ec.europa.eu/eurostat/api/dissemination/statistics/1.0/data/migr_imm1ctz?geo=ES&age=TOTAL&sex=T&agedef=REACH,A,NL,REACH,TOTAL,NR,T,ES
2003-01-01,2003,A|NL|REACH|TOTAL|NR|T|ES,,Number,Eurostat,https://ec.europa.eu/eurostat/api/dissemination/statistics/1.0/data/migr_imm1ctz?geo=ES&age=TOTAL&sex=T&agedef=REACH,A,NL,REACH,TOTAL,NR,T,ES
2004-01-01,2004,A|NL|REACH|TOTAL|NR|T|ES,4519.0,Number,Eurostat,https://ec.europa.eu/eurostat/api/dissemination/statistics/1.0/data/migr_imm1ctz?geo=ES&age=TOTAL&sex=T&agedef=REACH,A,NL,REACH,TOTAL,NR,T,ES
2005-01-01,2005,A|NL|REACH|TOTAL|NR|T|ES,5373.0,Number,Eurostat,https://ec.europa.eu/eurostat/api/dissemination/statistics/1.0/data/migr_imm1ctz?geo=ES&age=TOTAL&sex=T&agedef=REACH,A,NL,REACH,TOTAL,NR,T,ES
2006-01-01,2006,A|NL|REACH|TOTAL|NR|T|ES,5755.0,Number,Eurostat,https://ec.europa.eu/eurostat/api/dissemination/statistics/1.0/data/migr_imm1ctz?geo=ES&age=TOTAL&sex=T&agedef=REACH,A,NL,REACH,TOTAL,NR,T,ES
2007-01-01,2007,A|NL|REACH|TOTAL|NR|T|ES,5521.0,Number,Eurostat,https://ec.europa.eu/eurostat/api/dissemination/statistics/1.0/data/migr_imm1ctz?geo=ES&age=TOTAL&sex=T&agedef=REACH,A,NL,REACH,TOTAL,NR,T,ES
2008-01-01,2008,A|NL|REACH|TOTAL|NR|T|ES,3791.0,Number,Eurostat,https://ec.europa.eu/eurostat/api/dissemination/statistics/1.0/data/migr_imm1ctz?geo=ES&age=TOTAL&sex=T&agedef=REACH,A,NL,REACH,TOTAL,NR,T,ES
2009-01-01,2009,A|NL|REACH|TOTAL|NR|T|ES,2994.0,Number,Eurostat,https://ec.europa.eu/eurostat/api/dissemination/statistics/1.0/data/migr_imm1ctz?geo=ES&age=TOTAL&sex=T&agedef=REACH,A,NL,REACH,TOTAL,NR,T,ES
2010-01-01,2010,A|NL|REACH|TOTAL|NR|T|ES,2994.0,Number,Eurostat,https://ec.europa.eu/eurostat/api/dissemination/statistics/1.0/data/migr_imm1ctz?geo=ES&age=TOTAL&sex=T&agedef=REACH,A,NL,REACH,TOTAL,NR,T,ES
2011-01-01,2011,A|NL|REACH|TOTAL|NR|T|ES,3157.0,Number,Eurostat,https://ec.europa.eu/eurostat/api/dissemination/statistics/1.0/data/migr_imm1ctz?geo=ES&age=TOTAL&sex=T&agedef=REACH,A,NL,REACH,TOTAL,NR,T,ES
2012-01-01,2012,A|NL|REACH|TOTAL|NR|T|ES,2893.0,Number,Eurostat,https://ec.europa.eu/eurostat/api/dissemination/statistics/1.0/data/migr_imm1ctz?geo=ES&age=TOTAL&sex=T&agedef=REACH,A,NL,REACH,TOTAL,NR,T,ES
2013-01-01,2013,A|NL|REACH|TOTAL|NR|T|ES,2915.0,Number,Eurostat,https://ec.europa.eu/eurostat/api/dissemination/statistics/1.0/data/migr_imm1ctz?geo=ES&age=TOTAL&sex=T&agedef=REACH,A,NL,REACH,TOTAL,NR,T,ES
2014-01-01,2014,A|NL|REACH|TOTAL|NR|T|ES,2973.0,Number,Eurostat,https://ec.europa.eu/eurostat/api/dissemination/statistics/1.0/data/migr_imm1ctz?geo=ES&age=TOTAL&sex=T&agedef=REACH,A,NL,REACH,TOTAL,NR,T,ES
2015-01-01,2015,A|NL|REACH|TOTAL|NR|T|ES,3251.0,Number,Eurostat,https://ec.europa.eu/eurostat/api/dissemination/statistics/1.0/data/migr_imm1ctz?geo=ES&age=TOTAL&sex=T&agedef=REACH,A,NL,REACH,TOTAL,NR,T,ES
2016-01-01,2016,A|NL|REACH|TOTAL|NR|T|ES,3703.0,Number,Eurostat,https://ec.europa.eu/eurostat/api/dissemination/statistics/1.0/data/migr_imm1ctz?geo=ES&age=TOTAL&sex=T&agedef=REACH,A,NL,REACH,TOTAL,NR,T,ES
2017-01-01,2017,A|NL|REACH|TOTAL|NR|T|ES,4367.0,Number,Eurostat,https://ec.europa.eu/eurostat/api/dissemination/statistics/1.0/data/migr_imm1ctz?geo=ES&age=TOTAL&sex=T&agedef=REACH,A,NL,REACH,TOTAL,NR,T,ES
2018-01-01,2018,A|NL|REACH|TOTAL|NR|T|ES,4584.0,Number,Eurostat,https://ec.europa.eu/eurostat/api/dissemination/statistics/1.0/data/migr_imm1ctz?geo=ES&age=TOTAL&sex=T&agedef=REACH,A,NL,REACH,TOTAL,NR,T,ES
2019-01-01,2019,A|NL|REACH|TOTAL|NR|T|ES,4609.0,Number,Eurostat,https://ec.europa.eu/eurostat/api/dissemination/statistics/1.0/data/migr_imm1ctz?geo=ES&age=TOTAL&sex=T&agedef=REACH,A,NL,REACH,TOTAL,NR,T,ES
2020-01-01,2020,A|NL|REACH|TOTAL|NR|T|ES,3830.0,Number,Eurostat,https://ec.europa.eu/eurostat/api/dissemination/statistics/1.0/data/migr_imm1ctz?geo=ES&age=TOTAL&sex=T&agedef=REACH,A,NL,REACH,TOTAL,NR,T,ES
2021-01-01,2021,A|NL|REACH|TOTAL|NR|T|ES,8935.0,Number,Eurostat,https://ec.europa.eu/eurostat/api/dissemination/statistics/1.0/data/migr_imm1ctz?geo=ES&age=TOTAL&sex=T&agedef=REACH,A,NL,REACH,TOTAL,NR,T,ES
2022-01-01,2022,A|NL|REACH|TOTAL|NR|T|ES,8662.0,Number,Eurostat,https://ec.europa.eu/eurostat/api/dissemination/statistics/1.0/data/migr_imm1ctz?geo=ES&age=TOTAL&sex=T&agedef=REACH,A,NL,REACH,TOTAL,NR,T,ES
2023-01-01,2023,A|NL|REACH|TOTAL|NR|T|ES,8956.0,Number,Eurostat,https://ec.europa.eu/eurostat/api/dissemination/statistics/1.0/data/migr_imm1ctz?geo=ES&age=TOTAL&sex=T&agedef=REACH,A,NL,REACH,TOTAL,NR,T,ES
2024-01-01,2024,A|NL|REACH|TOTAL|NR|T|ES,10237.0,Number,Eurostat,https://ec.europa.eu/eurostat/api/dissemination/statistics/1.0/data/migr_imm1ctz?geo=ES&age=TOTAL&sex=T&agedef=REACH,A,NL,REACH,TOTAL,NR,T,ES
1998-01-01,1998,A|NO|REACH|TOTAL|NR|T|ES,340.0,Number,Eurostat,https://ec.europa.eu/eurostat/api/dissemination/statistics/1.0/data/migr_imm1ctz?geo=ES&age=TOTAL&sex=T&agedef=REACH,A,NO,REACH,TOTAL,NR,T,ES
1999-01-01,1999,A|NO|REACH|TOTAL|NR|T|ES,757.0,Number,Eurostat,https://ec.europa.eu/eurostat/api/dissemination/statistics/1.0/data/migr_imm1ctz?geo=ES&age=TOTAL&sex=T&agedef=REACH,A,NO,REACH,TOTAL,NR,T,ES
2000-01-01,2000,A|NO|REACH|TOTAL|NR|T|ES,1357.0,Number,Eurostat,https://ec.europa.eu/eurostat/api/dissemination/statistics/1.0/data/migr_imm1ctz?geo=ES&age=TOTAL&sex=T&agedef=REACH,A,NO,REACH,TOTAL,NR,T,ES
2001-01-01,2001,A|NO|REACH|TOTAL|NR|T|ES,1765.0,Number,Eurostat,https://ec.europa.eu/eurostat/api/dissemination/statistics/1.0/data/migr_imm1ctz?geo=ES&age=TOTAL&sex=T&agedef=REACH,A,NO,REACH,TOTAL,NR,T,ES
2002-01-01,2002,A|NO|REACH|TOTAL|NR|T|ES,1916.0,Number,Eurostat,https://ec.europa.eu/eurostat/api/dissemination/statistics/1.0/data/migr_imm1ctz?geo=ES&age=TOTAL&sex=T&agedef=REACH,A,NO,REACH,TOTAL,NR,T,ES
2003-01-01,2003,A|NO|REACH|TOTAL|NR|T|ES,,Number,Eurostat,https://ec.europa.eu/eurostat/api/dissemination/statistics/1.0/data/migr_imm1ctz?geo=ES&age=TOTAL&sex=T&agedef=REACH,A,NO,REACH,TOTAL,NR,T,ES
2004-01-01,2004,A|NO|REACH|TOTAL|NR|T|ES,1755.0,Number,Eurostat,https://ec.europa.eu/eurostat/api/dissemination/statistics/1.0/data/migr_imm1ctz?geo=ES&age=TOTAL&sex=T&agedef=REACH,A,NO,REACH,TOTAL,NR,T,ES
2005-01-01,2005,A|NO|REACH|TOTAL|NR|T|ES,1635.0,Number,Eurostat,https://ec.europa.eu/eurostat/api/dissemination/statistics/1.0/data/migr_imm1ctz?geo=ES&age=TOTAL&sex=T&agedef=REACH,A,NO,REACH,TOTAL,NR,T,ES
2006-01-01,2006,A|NO|REACH|TOTAL|NR|T|ES,1679.0,Number,Eurostat,https://ec.europa.eu/eurostat/api/dissemination/statistics/1.0/data/migr_imm1ctz?geo=ES&age=TOTAL&sex=T&agedef=REACH,A,NO,REACH,TOTAL,NR,T,ES
2007-01-01,2007,A|NO|REACH|TOTAL|NR|T|ES,1614.0,Number,Eurostat,https://ec.europa.eu/eurostat/api/dissemination/statistics/1.0/data/migr_imm1ctz?geo=ES&age=TOTAL&sex=T&agedef=REACH,A,NO,REACH,TOTAL,NR,T,ES
2008-01-01,2008,A|NO|REACH|TOTAL|NR|T|ES,1082.0,Number,Eurostat,https://ec.europa.eu/eurostat/api/dissemination/statistics/1.0/data/migr_imm1ctz?geo=ES&age=TOTAL&sex=T&agedef=REACH,A,NO,REACH,TOTAL,NR,T,ES
2009-01-01,2009,A|NO|REACH|TOTAL|NR|T|ES,1161.0,Number,Eurostat,https://ec.europa.eu/eurostat/api/dissemination/statistics/1.0/data/migr_imm1ctz?geo=ES&age=TOTAL&sex=T&agedef=REACH,A,NO,REACH,TOTAL,NR,T,ES
2010-01-01,2010,A|NO|REACH|TOTAL|NR|T|ES,1327.0,Number,Eurostat,https://ec.europa.eu/eurostat/api/dissemination/statistics/1.0/data/migr_imm1ctz?geo=ES&age=TOTAL&sex=T&agedef=REACH,A,NO,REACH,TOTAL,NR,T,ES
2011-01-01,2011,A|NO|REACH|TOTAL|NR|T|ES,1381.0,Number,Eurostat,https://ec.europa.eu/eurostat/api/dissemination/statistics/1.0/data/migr_imm1ctz?geo=ES&age=TOTAL&sex=T&agedef=REACH,A,NO,REACH,TOTAL,NR,T,ES
2012-01-01,2012,A|NO|REACH|TOTAL|NR|T|ES,1310.0,Number,Eurostat,https://ec.europa.eu/eurostat/api/dissemination/statistics/1.0/data/migr_imm1ctz?geo=ES&age=TOTAL&sex=T&agedef=REACH,A,NO,REACH,TOTAL,NR,T,ES
2013-01-01,2013,A|NO|REACH|TOTAL|NR|T|ES,1218.0,Number,Eurostat,https://ec.europa.eu/eurostat/api/dissemination/statistics/1.0/data/migr_imm1ctz?geo=ES&age=TOTAL&sex=T&agedef=REACH,A,NO,REACH,TOTAL,NR,T,ES
2014-01-01,2014,A|NO|REACH|TOTAL|NR|T|ES,1229.0,Number,Eurostat,https://ec.europa.eu/eurostat/api/dissemination/statistics/1.0/data/migr_imm1ctz?geo=ES&age=TOTAL&sex=T&agedef=REACH,A,NO,REACH,TOTAL,NR,T,ES
2015-01-01,2015,A|NO|REACH|TOTAL|NR|T|ES,1027.0,Number,Eurostat,https://ec.europa.eu/eurostat/api/dissemination/statistics/1.0/data/migr_imm1ctz?geo=ES&age=TOTAL&sex=T&agedef=REACH,A,NO,REACH,TOTAL,NR,T,ES
2016-01-01,2016,A|NO|REACH|TOTAL|NR|T|ES,1056.0,Number,Eurostat,https://ec.europa.eu/eurostat/api/dissemination/statistics/1.0/data/migr_imm1ctz?geo=ES&age=TOTAL&sex=T&agedef=REACH,A,NO,REACH,TOTAL,NR,T,ES
2017-01-01,2017,A|NO|REACH|TOTAL|NR|T|ES,1188.0,Number,Eurostat,https://ec.europa.eu/eurostat/api/dissemination/statistics/1.0/data/migr_imm1ctz?geo=ES&age=TOTAL&sex=T&agedef=REACH,A,NO,REACH,TOTAL,NR,T,ES
2018-01-01,2018,A|NO|REACH|TOTAL|NR|T|ES,1304.0,Number,Eurostat,https://ec.europa.eu/eurostat/api/dissemination/statistics/1.0/data/migr_imm1ctz?geo=ES&age=TOTAL&sex=T&agedef=REACH,A,NO,REACH,TOTAL,NR,T,ES
2019-01-01,2019,A|NO|REACH|TOTAL|NR|T|ES,1338.0,Number,Eurostat,https://ec.europa.eu/eurostat/api/dissemination/statistics/1.0/data/migr_imm1ctz?geo=ES&age=TOTAL&sex=T&agedef=REACH,A,NO,REACH,TOTAL,NR,T,ES
2020-01-01,2020,A|NO|REACH|TOTAL|NR|T|ES,894.0,Number,Eurostat,https://ec.europa.eu/eurostat/api/dissemination/statistics/1.0/data/migr_imm1ctz?geo=ES&age=TOTAL&sex=T&agedef=REACH,A,NO,REACH,TOTAL,NR,T,ES
2021-01-01,2021,A|NO|REACH|TOTAL|NR|T|ES,2569.0,Number,Eurostat,https://ec.europa.eu/eurostat/api/dissemination/statistics/1.0/data/migr_imm1ctz?geo=ES&age=TOTAL&sex=T&agedef=REACH,A,NO,REACH,TOTAL,NR,T,ES
2022-01-01,2022,A|NO|REACH|TOTAL|NR|T|ES,1704.0,Number,Eurostat,https://ec.europa.eu/eurostat/api/dissemination/statistics/1.0/data/migr_imm1ctz?geo=ES&age=TOTAL&sex=T&agedef=REACH,A,NO,REACH,TOTAL,NR,T,ES
2023-01-01,2023,A|NO|REACH|TOTAL|NR|T|ES,1794.0,Number,Eurostat,https://ec.europa.eu/eurostat/api/dissemination/statistics/1.0/data/migr_imm1ctz?geo=ES&age=TOTAL&sex=T&agedef=REACH,A,NO,REACH,TOTAL,NR,T,ES
2024-01-01,2024,A|NO|REACH|TOTAL|NR|T|ES,1906.0,Number,Eurostat,https://ec.europa.eu/eurostat/api/dissemination/statistics/1.0/data/migr_imm1ctz?geo=ES&age=TOTAL&sex=T&agedef=REACH,A,NO,REACH,TOTAL,NR,T,ES
1998-01-01,1998,A|NP|REACH|TOTAL|NR|T|ES,7.0,Number,Eurostat,https://ec.europa.eu/eurostat/api/dissemination/statistics/1.0/data/migr_imm1ctz?geo=ES&age=TOTAL&sex=T&agedef=REACH,A,NP,REACH,TOTAL,NR,T,ES
1999-01-01,1999,A|NP|REACH|TOTAL|NR|T|ES,3.0,Number,Eurostat,https://ec.europa.eu/eurostat/api/dissemination/statistics/1.0/data/migr_imm1ctz?geo=ES&age=TOTAL&sex=T&agedef=REACH,A,NP,REACH,TOTAL,NR,T,ES
2000-01-01,2000,A|NP|REACH|TOTAL|NR|T|ES,15.0,Number,Eurostat,https://ec.europa.eu/eurostat/api/dissemination/statistics/1.0/data/migr_imm1ctz?geo=ES&age=TOTAL&sex=T&agedef=REACH,A,NP,REACH,TOTAL,NR,T,ES
2001-01-01,2001,A|NP|REACH|TOTAL|NR|T|ES,35.0,Number,Eurostat,https://ec.europa.eu/eurostat/api/dissemination/statistics/1.0/data/migr_imm1ctz?geo=ES&age=TOTAL&sex=T&agedef=REACH,A,NP,REACH,TOTAL,NR,T,ES
2002-01-01,2002,A|NP|REACH|TOTAL|NR|T|ES,38.0,Number,Eurostat,https://ec.europa.eu/eurostat/api/dissemination/statistics/1.0/data/migr_imm1ctz?geo=ES&age=TOTAL&sex=T&agedef=REACH,A,NP,REACH,TOTAL,NR,T,ES
2003-01-01,2003,A|NP|REACH|TOTAL|NR|T|ES,,Number,Eurostat,https://ec.europa.eu/eurostat/api/dissemination/statistics/1.0/data/migr_imm1ctz?geo=ES&age=TOTAL&sex=T&agedef=REACH,A,NP,REACH,TOTAL,NR,T,ES
2004-01-01,2004,A|NP|REACH|TOTAL|NR|T|ES,193.0,Number,Eurostat,https://ec.europa.eu/eurostat/api/dissemination/statistics/1.0/data/migr_imm1ctz?geo=ES&age=TOTAL&sex=T&agedef=REACH,A,NP,REACH,TOTAL,NR,T,ES
2005-01-01,2005,A|NP|REACH|TOTAL|NR|T|ES,224.0,Number,Eurostat,https://ec.europa.eu/eurostat/api/dissemination/statistics/1.0/data/migr_imm1ctz?geo=ES&age=TOTAL&sex=T&agedef=REACH,A,NP,REACH,TOTAL,NR,T,ES
2006-01-01,2006,A|NP|REACH|TOTAL|NR|T|ES,403.0,Number,Eurostat,https://ec.europa.eu/eurostat/api/dissemination/statistics/1.0/data/migr_imm1ctz?geo=ES&age=TOTAL&sex=T&agedef=REACH,A,NP,REACH,TOTAL,NR,T,ES
2007-01-01,2007,A|NP|REACH|TOTAL|NR|T|ES,876.0,Number,Eurostat,https://ec.europa.eu/eurostat/api/dissemination/statistics/1.0/data/migr_imm1ctz?geo=ES&age=TOTAL&sex=T&agedef=REACH,A,NP,REACH,TOTAL,NR,T,ES
1998-01-01,1998,A|NR|REACH|TOTAL|NR|T|ES,0.0,Number,Eurostat,https://ec.europa.eu/eurostat/api/dissemination/statistics/1.0/data/migr_imm1ctz?geo=ES&age=TOTAL&sex=T&agedef=REACH,A,NR,REACH,TOTAL,NR,T,ES
1999-01-01,1999,A|NR|REACH|TOTAL|NR|T|ES,0.0,Number,Eurostat,https://ec.europa.eu/eurostat/api/dissemination/statistics/1.0/data/migr_imm1ctz?geo=ES&age=TOTAL&sex=T&agedef=REACH,A,NR,REACH,TOTAL,NR,T,ES
2000-01-01,2000,A|NR|REACH|TOTAL|NR|T|ES,0.0,Number,Eurostat,https://ec.europa.eu/eurostat/api/dissemination/statistics/1.0/data/migr_imm1ctz?geo=ES&age=TOTAL&sex=T&agedef=REACH,A,NR,REACH,TOTAL,NR,T,ES
2001-01-01,2001,A|NR|REACH|TOTAL|NR|T|ES,0.0,Number,Eurostat,https://ec.europa.eu/eurostat/api/dissemination/statistics/1.0/data/migr_imm1ctz?geo=ES&age=TOTAL&sex=T&agedef=REACH,A,NR,REACH,TOTAL,NR,T,ES
2002-01-01,2002,A|NR|REACH|TOTAL|NR|T|ES,0.0,Number,Eurostat,https://ec.europa.eu/eurostat/api/dissemination/statistics/1.0/data/migr_imm1ctz?geo=ES&age=TOTAL&sex=T&agedef=REACH,A,NR,REACH,TOTAL,NR,T,ES
2003-01-01,2003,A|NR|REACH|TOTAL|NR|T|ES,,Number,Eurostat,https://ec.europa.eu/eurostat/api/dissemination/statistics/1.0/data/migr_imm1ctz?geo=ES&age=TOTAL&sex=T&agedef=REACH,A,NR,REACH,TOTAL,NR,T,ES
2004-01-01,2004,A|NR|REACH|TOTAL|NR|T|ES,1.0,Number,Eurostat,https://ec.europa.eu/eurostat/api/dissemination/statistics/1.0/data/migr_imm1ctz?geo=ES&age=TOTAL&sex=T&agedef=REACH,A,NR,REACH,TOTAL,NR,T,ES
2005-01-01,2005,A|NR|REACH|TOTAL|NR|T|ES,2.0,Number,Eurostat,https://ec.europa.eu/eurostat/api/dissemination/statistics/1.0/data/migr_imm1ctz?geo=ES&age=TOTAL&sex=T&agedef=REACH,A,NR,REACH,TOTAL,NR,T,ES
2006-01-01,2006,A|NR|REACH|TOTAL|NR|T|ES,0.0,Number,Eurostat,https://ec.europa.eu/eurostat/api/dissemination/statistics/1.0/data/migr_imm1ctz?geo=ES&age=TOTAL&sex=T&agedef=REACH,A,NR,REACH,TOTAL,NR,T,ES
2007-01-01,2007,A|NR|REACH|TOTAL|NR|T|ES,0.0,Number,Eurostat,https://ec.europa.eu/eurostat/api/dissemination/statistics/1.0/data/migr_imm1ctz?geo=ES&age=TOTAL&sex=T&agedef=REACH,A,NR,REACH,TOTAL,NR,T,ES
2008-01-01,2008,A|NR|REACH|TOTAL|NR|T|ES,0.0,Number,Eurostat,https://ec.europa.eu/eurostat/api/dissemination/statistics/1.0/data/migr_imm1ctz?geo=ES&age=TOTAL&sex=T&agedef=REACH,A,NR,REACH,TOTAL,NR,T,ES
2009-01-01,2009,A|NR|REACH|TOTAL|NR|T|ES,1.0,Number,Eurostat,https://ec.europa.eu/eurostat/api/dissemination/statistics/1.0/data/migr_imm1ctz?geo=ES&age=TOTAL&sex=T&agedef=REACH,A,NR,REACH,TOTAL,NR,T,ES
2010-01-01,2010,A|NR|REACH|TOTAL|NR|T|ES,0.0,Number,Eurostat,https://ec.europa.eu/eurostat/api/dissemination/statistics/1.0/data/migr_imm1ctz?geo=ES&age=TOTAL&sex=T&agedef=REACH,A,NR,REACH,TOTAL,NR,T,ES
2011-01-01,2011,A|NR|REACH|TOTAL|NR|T|ES,0.0,Number,Eurostat,https://ec.europa.eu/eurostat/api/dissemination/statistics/1.0/data/migr_imm1ctz?geo=ES&age=TOTAL&sex=T&agedef=REACH,A,NR,REACH,TOTAL,NR,T,ES
2012-01-01,2012,A|NR|REACH|TOTAL|NR|T|ES,1.0,Number,Eurostat,https://ec.europa.eu/eurostat/api/dissemination/statistics/1.0/data/migr_imm1ctz?geo=ES&age=TOTAL&sex=T&agedef=REACH,A,NR,REACH,TOTAL,NR,T,ES
2013-01-01,2013,A|NR|REACH|TOTAL|NR|T|ES,0.0,Number,Eurostat,https://ec.europa.eu/eurostat/api/dissemination/statistics/1.0/data/migr_imm1ctz?geo=ES&age=TOTAL&sex=T&agedef=REACH,A,NR,REACH,TOTAL,NR,T,ES
2014-01-01,2014,A|NR|REACH|TOTAL|NR|T|ES,0.0,Number,Eurostat,https://ec.europa.eu/eurostat/api/dissemination/statistics/1.0/data/migr_imm1ctz?geo=ES&age=TOTAL&sex=T&agedef=REACH,A,NR,REACH,TOTAL,NR,T,ES
1998-01-01,1998,A|NZ|REACH|TOTAL|NR|T|ES,9.0,Number,Eurostat,https://ec.europa.eu/eurostat/api/dissemination/statistics/1.0/data/migr_imm1ctz?geo=ES&age=TOTAL&sex=T&agedef=REACH,A,NZ,REACH,TOTAL,NR,T,ES
1999-01-01,1999,A|NZ|REACH|TOTAL|NR|T|ES,23.0,Number,Eurostat,https://ec.europa.eu/eurostat/api/dissemination/statistics/1.0/data/migr_imm1ctz?geo=ES&age=TOTAL&sex=T&agedef=REACH,A,NZ,REACH,TOTAL,NR,T,ES
2000-01-01,2000,A|NZ|REACH|TOTAL|NR|T|ES,31.0,Number,Eurostat,https://ec.europa.eu/eurostat/api/dissemination/statistics/1.0/data/migr_imm1ctz?geo=ES&age=TOTAL&sex=T&agedef=REACH,A,NZ,REACH,TOTAL,NR,T,ES
2001-01-01,2001,A|NZ|REACH|TOTAL|NR|T|ES,33.0,Number,Eurostat,https://ec.europa.eu/eurostat/api/dissemination/statistics/1.0/data/migr_imm1ctz?geo=ES&age=TOTAL&sex=T&agedef=REACH,A,NZ,REACH,TOTAL,NR,T,ES
2002-01-01,2002,A|NZ|REACH|TOTAL|NR|T|ES,35.0,Number,Eurostat,https://ec.europa.eu/eurostat/api/dissemination/statistics/1.0/data/migr_imm1ctz?geo=ES&age=TOTAL&sex=T&agedef=REACH,A,NZ,REACH,TOTAL,NR,T,ES
2003-01-01,2003,A|NZ|REACH|TOTAL|NR|T|ES,,Number,Eurostat,https://ec.europa.eu/eurostat/api/dissemination/statistics/1.0/data/migr_imm1ctz?geo=ES&age=TOTAL&sex=T&agedef=REACH,A,NZ,REACH,TOTAL,NR,T,ES
2004-01-01,2004,A|NZ|REACH|TOTAL|NR|T|ES,88.0,Number,Eurostat,https://ec.europa.eu/eurostat/api/dissemination/statistics/1.0/data/migr_imm1ctz?geo=ES&age=TOTAL&sex=T&agedef=REACH,A,NZ,REACH,TOTAL,NR,T,ES
2005-01-01,2005,A|NZ|REACH|TOTAL|NR|T|ES,174.0,Number,Eurostat,https://ec.europa.eu/eurostat/api/dissemination/statistics/1.0/data/migr_imm1ctz?geo=ES&age=TOTAL&sex=T&agedef=REACH,A,NZ,REACH,TOTAL,NR,T,ES
2006-01-01,2006,A|NZ|REACH|TOTAL|NR|T|ES,297.0,Number,Eurostat,https://ec.europa.eu/eurostat/api/dissemination/statistics/1.0/data/migr_imm1ctz?geo=ES&age=TOTAL&sex=T&agedef=REACH,A,NZ,REACH,TOTAL,NR,T,ES
2007-01-01,2007,A|NZ|REACH|TOTAL|NR|T|ES,113.0,Number,Eurostat,https://ec.europa.eu/eurostat/api/dissemination/statistics/1.0/data/migr_imm1ctz?geo=ES&age=TOTAL&sex=T&agedef=REACH,A,NZ,REACH,TOTAL,NR,T,ES
2008-01-01,2008,A|NZ|REACH|TOTAL|NR|T|ES,98.0,Number,Eurostat,https://ec.europa.eu/eurostat/api/dissemination/statistics/1.0/data/migr_imm1ctz?geo=ES&age=TOTAL&sex=T&agedef=REACH,A,NZ,REACH,TOTAL,NR,T,ES
2009-01-01,2009,A|NZ|REACH|TOTAL|NR|T|ES,53.0,Number,Eurostat,https://ec.europa.eu/eurostat/api/dissemination/statistics/1.0/data/migr_imm1ctz?geo=ES&age=TOTAL&sex=T&agedef=REACH,A,NZ,REACH,TOTAL,NR,T,ES
2010-01-01,2010,A|NZ|REACH|TOTAL|NR|T|ES,84.0,Number,Eurostat,https://ec.europa.eu/eurostat/api/dissemination/statistics/1.0/data/migr_imm1ctz?geo=ES&age=TOTAL&sex=T&agedef=REACH,A,NZ,REACH,TOTAL,NR,T,ES
2011-01-01,2011,A|NZ|REACH|TOTAL|NR|T|ES,102.0,Number,Eurostat,https://ec.europa.eu/eurostat/api/dissemination/statistics/1.0/data/migr_imm1ctz?geo=ES&age=TOTAL&sex=T&agedef=REACH,A,NZ,REACH,TOTAL,NR,T,ES
2012-01-01,2012,A|NZ|REACH|TOTAL|NR|T|ES,110.0,Number,Eurostat,https://ec.europa.eu/eurostat/api/dissemination/statistics/1.0/data/migr_imm1ctz?geo=ES&age=TOTAL&sex=T&agedef=REACH,A,NZ,REACH,TOTAL,NR,T,ES
2013-01-01,2013,A|NZ|REACH|TOTAL|NR|T|ES,109.0,Number,Eurostat,https://ec.europa.eu/eurostat/api/dissemination/statistics/1.0/data/migr_imm1ctz?geo=ES&age=TOTAL&sex=T&agedef=REACH,A,NZ,REACH,TOTAL,NR,T,ES
2014-01-01,2014,A|NZ|REACH|TOTAL|NR|T|ES,81.0,Number,Eurostat,https://ec.europa.eu/eurostat/api/dissemination/statistics/1.0/data/migr_imm1ctz?geo=ES&age=TOTAL&sex=T&agedef=REACH,A,NZ,REACH,TOTAL,NR,T,ES
1998-01-01,1998,A|OCE_OTH|REACH|TOTAL|NR|T|ES,0.0,Number,Eurostat,https://ec.europa.eu/eurostat/api/dissemination/statistics/1.0/data/migr_imm1ctz?geo=ES&age=TOTAL&sex=T&agedef=REACH,A,OCE_OTH,REACH,TOTAL,NR,T,ES
1999-01-01,1999,A|OCE_OTH|REACH|TOTAL|NR|T|ES,0.0,Number,Eurostat,https://ec.europa.eu/eurostat/api/dissemination/statistics/1.0/data/migr_imm1ctz?geo=ES&age=TOTAL&sex=T&agedef=REACH,A,OCE_OTH,REACH,TOTAL,NR,T,ES
2000-01-01,2000,A|OCE_OTH|REACH|TOTAL|NR|T|ES,0.0,Number,Eurostat,https://ec.europa.eu/eurostat/api/dissemination/statistics/1.0/data/migr_imm1ctz?geo=ES&age=TOTAL&sex=T&agedef=REACH,A,OCE_OTH,REACH,TOTAL,NR,T,ES
2001-01-01,2001,A|OCE_OTH|REACH|TOTAL|NR|T|ES,0.0,Number,Eurostat,https://ec.europa.eu/eurostat/api/dissemination/statistics/1.0/data/migr_imm1ctz?geo=ES&age=TOTAL&sex=T&agedef=REACH,A,OCE_OTH,REACH,TOTAL,NR,T,ES
2002-01-01,2002,A|OCE_OTH|REACH|TOTAL|NR|T|ES,,Number,Eurostat,https://ec.europa.eu/eurostat/api/dissemination/statistics/1.0/data/migr_imm1ctz?geo=ES&age=TOTAL&sex=T&agedef=REACH,A,OCE_OTH,REACH,TOTAL,NR,T,ES
2003-01-01,2003,A|OCE_OTH|REACH|TOTAL|NR|T|ES,,Number,Eurostat,https://ec.europa.eu/eurostat/api/dissemination/statistics/1.0/data/migr_imm1ctz?geo=ES&age=TOTAL&sex=T&agedef=REACH,A,OCE_OTH,REACH,TOTAL,NR,T,ES
2004-01-01,2004,A|OCE_OTH|REACH|TOTAL|NR|T|ES,7.0,Number,Eurostat,https://ec.europa.eu/eurostat/api/dissemination/statistics/1.0/data/migr_imm1ctz?geo=ES&age=TOTAL&sex=T&agedef=REACH,A,OCE_OTH,REACH,TOTAL,NR,T,ES
2005-01-01,2005,A|OCE_OTH|REACH|TOTAL|NR|T|ES,2.0,Number,Eurostat,https://ec.europa.eu/eurostat/api/dissemination/statistics/1.0/data/migr_imm1ctz?geo=ES&age=TOTAL&sex=T&agedef=REACH,A,OCE_OTH,REACH,TOTAL,NR,T,ES
2006-01-01,2006,A|OCE_OTH|REACH|TOTAL|NR|T|ES,6.0,Number,Eurostat,https://ec.europa.eu/eurostat/api/dissemination/statistics/1.0/data/migr_imm1ctz?geo=ES&age=TOTAL&sex=T&agedef=REACH,A,OCE_OTH,REACH,TOTAL,NR,T,ES
2007-01-01,2007,A|OCE_OTH|REACH|TOTAL|NR|T|ES,5.0,Number,Eurostat,https://ec.europa.eu/eurostat/api/dissemination/statistics/1.0/data/migr_imm1ctz?geo=ES&age=TOTAL&sex=T&agedef=REACH,A,OCE_OTH,REACH,TOTAL,NR,T,ES
1998-01-01,1998,A|OCE|REACH|TOTAL|NR|T|ES,61.0,Number,Eurostat,https://ec.europa.eu/eurostat/api/dissemination/statistics/1.0/data/migr_imm1ctz?geo=ES&age=TOTAL&sex=T&agedef=REACH,A,OCE,REACH,TOTAL,NR,T,ES
1999-01-01,1999,A|OCE|REACH|TOTAL|NR|T|ES,89.0,Number,Eurostat,https://ec.europa.eu/eurostat/api/dissemination/statistics/1.0/data/migr_imm1ctz?geo=ES&age=TOTAL&sex=T&agedef=REACH,A,OCE,REACH,TOTAL,NR,T,ES
2000-01-01,2000,A|OCE|REACH|TOTAL|NR|T|ES,195.0,Number,Eurostat,https://ec.europa.eu/eurostat/api/dissemination/statistics/1.0/data/migr_imm1ctz?geo=ES&age=TOTAL&sex=T&agedef=REACH,A,OCE,REACH,TOTAL,NR,T,ES
2001-01-01,2001,A|OCE|REACH|TOTAL|NR|T|ES,209.0,Number,Eurostat,https://ec.europa.eu/eurostat/api/dissemination/statistics/1.0/data/migr_imm1ctz?geo=ES&age=TOTAL&sex=T&agedef=REACH,A,OCE,REACH,TOTAL,NR,T,ES
2002-01-01,2002,A|OCE|REACH|TOTAL|NR|T|ES,184.0,Number,Eurostat,https://ec.europa.eu/eurostat/api/dissemination/statistics/1.0/data/migr_imm1ctz?geo=ES&age=TOTAL&sex=T&agedef=REACH,A,OCE,REACH,TOTAL,NR,T,ES
2003-01-01,2003,A|OCE|REACH|TOTAL|NR|T|ES,,Number,Eurostat,https://ec.europa.eu/eurostat/api/dissemination/statistics/1.0/data/migr_imm1ctz?geo=ES&age=TOTAL&sex=T&agedef=REACH,A,OCE,REACH,TOTAL,NR,T,ES
2004-01-01,2004,A|OCE|REACH|TOTAL|NR|T|ES,403.0,Number,Eurostat,https://ec.europa.eu/eurostat/api/dissemination/statistics/1.0/data/migr_imm1ctz?geo=ES&age=TOTAL&sex=T&agedef=REACH,A,OCE,REACH,TOTAL,NR,T,ES
2005-01-01,2005,A|OCE|REACH|TOTAL|NR|T|ES,582.0,Number,Eurostat,https://ec.europa.eu/eurostat/api/dissemination/statistics/1.0/data/migr_imm1ctz?geo=ES&age=TOTAL&sex=T&agedef=REACH,A,OCE,REACH,TOTAL,NR,T,ES
2006-01-01,2006,A|OCE|REACH|TOTAL|NR|T|ES,651.0,Number,Eurostat,https://ec.europa.eu/eurostat/api/dissemination/statistics/1.0/data/migr_imm1ctz?geo=ES&age=TOTAL&sex=T&agedef=REACH,A,OCE,REACH,TOTAL,NR,T,ES
2007-01-01,2007,A|OCE|REACH|TOTAL|NR|T|ES,467.0,Number,Eurostat,https://ec.europa.eu/eurostat/api/dissemination/statistics/1.0/data/migr_imm1ctz?geo=ES&age=TOTAL&sex=T&agedef=REACH,A,OCE,REACH,TOTAL,NR,T,ES
2008-01-01,2008,A|OCE|REACH|TOTAL|NR|T|ES,415.0,Number,Eurostat,https://ec.europa.eu/eurostat/api/dissemination/statistics/1.0/data/migr_imm1ctz?geo=ES&age=TOTAL&sex=T&agedef=REACH,A,OCE,REACH,TOTAL,NR,T,ES
2009-01-01,2009,A|OCE|REACH|TOTAL|NR|T|ES,340.0,Number,Eurostat,https://ec.europa.eu/eurostat/api/dissemination/statistics/1.0/data/migr_imm1ctz?geo=ES&age=TOTAL&sex=T&agedef=REACH,A,OCE,REACH,TOTAL,NR,T,ES
2010-01-01,2010,A|OCE|REACH|TOTAL|NR|T|ES,331.0,Number,Eurostat,https://ec.europa.eu/eurostat/api/dissemination/statistics/1.0/data/migr_imm1ctz?geo=ES&age=TOTAL&sex=T&agedef=REACH,A,OCE,REACH,TOTAL,NR,T,ES
2011-01-01,2011,A|OCE|REACH|TOTAL|NR|T|ES,457.0,Number,Eurostat,https://ec.europa.eu/eurostat/api/dissemination/statistics/1.0/data/migr_imm1ctz?geo=ES&age=TOTAL&sex=T&agedef=REACH,A,OCE,REACH,TOTAL,NR,T,ES
2012-01-01,2012,A|OCE|REACH|TOTAL|NR|T|ES,466.0,Number,Eurostat,https://ec.europa.eu/eurostat/api/dissemination/statistics/1.0/data/migr_imm1ctz?geo=ES&age=TOTAL&sex=T&agedef=REACH,A,OCE,REACH,TOTAL,NR,T,ES
2013-01-01,2013,A|OCE|REACH|TOTAL|NR|T|ES,467.0,Number,Eurostat,https://ec.europa.eu/eurostat/api/dissemination/statistics/1.0/data/migr_imm1ctz?geo=ES&age=TOTAL&sex=T&agedef=REACH,A,OCE,REACH,TOTAL,NR,T,ES
2014-01-01,2014,A|OCE|REACH|TOTAL|NR|T|ES,464.0,Number,Eurostat,https://ec.europa.eu/eurostat/api/dissemination/statistics/1.0/data/migr_imm1ctz?geo=ES&age=TOTAL&sex=T&agedef=REACH,A,OCE,REACH,TOTAL,NR,T,ES
1998-01-01,1998,A|OM|REACH|TOTAL|NR|T|ES,0.0,Number,Eurostat,https://ec.europa.eu/eurostat/api/dissemination/statistics/1.0/data/migr_imm1ctz?geo=ES&age=TOTAL&sex=T&agedef=REACH,A,OM,REACH,TOTAL,NR,T,ES
1999-01-01,1999,A|OM|REACH|TOTAL|NR|T|ES,1.0,Number,Eurostat,https://ec.europa.eu/eurostat/api/dissemination/statistics/1.0/data/migr_imm1ctz?geo=ES&age=TOTAL&sex=T&agedef=REACH,A,OM,REACH,TOTAL,NR,T,ES
2000-01-01,2000,A|OM|REACH|TOTAL|NR|T|ES,0.0,Number,Eurostat,https://ec.europa.eu/eurostat/api/dissemination/statistics/1.0/data/migr_imm1ctz?geo=ES&age=TOTAL&sex=T&agedef=REACH,A,OM,REACH,TOTAL,NR,T,ES
2001-01-01,2001,A|OM|REACH|TOTAL|NR|T|ES,2.0,Number,Eurostat,https://ec.europa.eu/eurostat/api/dissemination/statistics/1.0/data/migr_imm1ctz?geo=ES&age=TOTAL&sex=T&agedef=REACH,A,OM,REACH,TOTAL,NR,T,ES
2002-01-01,2002,A|OM|REACH|TOTAL|NR|T|ES,0.0,Number,Eurostat,https://ec.europa.eu/eurostat/api/dissemination/statistics/1.0/data/migr_imm1ctz?geo=ES&age=TOTAL&sex=T&agedef=REACH,A,OM,REACH,TOTAL,NR,T,ES
2003-01-01,2003,A|OM|REACH|TOTAL|NR|T|ES,,Number,Eurostat,https://ec.europa.eu/eurostat/api/dissemination/statistics/1.0/data/migr_imm1ctz?geo=ES&age=TOTAL&sex=T&agedef=REACH,A,OM,REACH,TOTAL,NR,T,ES
2004-01-01,2004,A|OM|REACH|TOTAL|NR|T|ES,6.0,Number,Eurostat,https://ec.europa.eu/eurostat/api/dissemination/statistics/1.0/data/migr_imm1ctz?geo=ES&age=TOTAL&sex=T&agedef=REACH,A,OM,REACH,TOTAL,NR,T,ES
2005-01-01,2005,A|OM|REACH|TOTAL|NR|T|ES,2.0,Number,Eurostat,https://ec.europa.eu/eurostat/api/dissemination/statistics/1.0/data/migr_imm1ctz?geo=ES&age=TOTAL&sex=T&agedef=REACH,A,OM,REACH,TOTAL,NR,T,ES
2006-01-01,2006,A|OM|REACH|TOTAL|NR|T|ES,2.0,Number,Eurostat,https://ec.europa.eu/eurostat/api/dissemination/statistics/1.0/data/migr_imm1ctz?geo=ES&age=TOTAL&sex=T&agedef=REACH,A,OM,REACH,TOTAL,NR,T,ES
2007-01-01,2007,A|OM|REACH|TOTAL|NR|T|ES,14.0,Number,Eurostat,https://ec.europa.eu/eurostat/api/dissemination/statistics/1.0/data/migr_imm1ctz?geo=ES&age=TOTAL&sex=T&agedef=REACH,A,OM,REACH,TOTAL,NR,T,ES
1998-01-01,1998,A|OTH|REACH|TOTAL|NR|T|ES,0.0,Number,Eurostat,https://ec.europa.eu/eurostat/api/dissemination/statistics/1.0/data/migr_imm1ctz?geo=ES&age=TOTAL&sex=T&agedef=REACH,A,OTH,REACH,TOTAL,NR,T,ES
1999-01-01,1999,A|OTH|REACH|TOTAL|NR|T|ES,0.0,Number,Eurostat,https://ec.europa.eu/eurostat/api/dissemination/statistics/1.0/data/migr_imm1ctz?geo=ES&age=TOTAL&sex=T&agedef=REACH,A,OTH,REACH,TOTAL,NR,T,ES
2000-01-01,2000,A|OTH|REACH|TOTAL|NR|T|ES,0.0,Number,Eurostat,https://ec.europa.eu/eurostat/api/dissemination/statistics/1.0/data/migr_imm1ctz?geo=ES&age=TOTAL&sex=T&agedef=REACH,A,OTH,REACH,TOTAL,NR,T,ES
2001-01-01,2001,A|OTH|REACH|TOTAL|NR|T|ES,0.0,Number,Eurostat,https://ec.europa.eu/eurostat/api/dissemination/statistics/1.0/data/migr_imm1ctz?geo=ES&age=TOTAL&sex=T&agedef=REACH,A,OTH,REACH,TOTAL,NR,T,ES
2002-01-01,2002,A|OTH|REACH|TOTAL|NR|T|ES,,Number,Eurostat,https://ec.europa.eu/eurostat/api/dissemination/statistics/1.0/data/migr_imm1ctz?geo=ES&age=TOTAL&sex=T&agedef=REACH,A,OTH,REACH,TOTAL,NR,T,ES
2003-01-01,2003,A|OTH|REACH|TOTAL|NR|T|ES,,Number,Eurostat,https://ec.europa.eu/eurostat/api/dissemination/statistics/1.0/data/migr_imm1ctz?geo=ES&age=TOTAL&sex=T&agedef=REACH,A,OTH,REACH,TOTAL,NR,T,ES
2004-01-01,2004,A|OTH|REACH|TOTAL|NR|T|ES,0.0,Number,Eurostat,https://ec.europa.eu/eurostat/api/dissemination/statistics/1.0/data/migr_imm1ctz?geo=ES&age=TOTAL&sex=T&agedef=REACH,A,OTH,REACH,TOTAL,NR,T,ES
2005-01-01,2005,A|OTH|REACH|TOTAL|NR|T|ES,0.0,Number,Eurostat,https://ec.europa.eu/eurostat/api/dissemination/statistics/1.0/data/migr_imm1ctz?geo=ES&age=TOTAL&sex=T&agedef=REACH,A,OTH,REACH,TOTAL,NR,T,ES
2006-01-01,2006,A|OTH|REACH|TOTAL|NR|T|ES,0.0,Number,Eurostat,https://ec.europa.eu/eurostat/api/dissemination/statistics/1.0/data/migr_imm1ctz?geo=ES&age=TOTAL&sex=T&agedef=REACH,A,OTH,REACH,TOTAL,NR,T,ES
2007-01-01,2007,A|OTH|REACH|TOTAL|NR|T|ES,0.0,Number,Eurostat,https://ec.europa.eu/eurostat/api/dissemination/statistics/1.0/data/migr_imm1ctz?geo=ES&age=TOTAL&sex=T&agedef=REACH,A,OTH,REACH,TOTAL,NR,T,ES
2008-01-01,2008,A|OTH|REACH|TOTAL|NR|T|ES,117.0,Number,Eurostat,https://ec.europa.eu/eurostat/api/dissemination/statistics/1.0/data/migr_imm1ctz?geo=ES&age=TOTAL&sex=T&agedef=REACH,A,OTH,REACH,TOTAL,NR,T,ES
2009-01-01,2009,A|OTH|REACH|TOTAL|NR|T|ES,124.0,Number,Eurostat,https://ec.europa.eu/eurostat/api/dissemination/statistics/1.0/data/migr_imm1ctz?geo=ES&age=TOTAL&sex=T&agedef=REACH,A,OTH,REACH,TOTAL,NR,T,ES
2010-01-01,2010,A|OTH|REACH|TOTAL|NR|T|ES,140.0,Number,Eurostat,https://ec.europa.eu/eurostat/api/dissemination/statistics/1.0/data/migr_imm1ctz?geo=ES&age=TOTAL&sex=T&agedef=REACH,A,OTH,REACH,TOTAL,NR,T,ES
2011-01-01,2011,A|OTH|REACH|TOTAL|NR|T|ES,194.0,Number,Eurostat,https://ec.europa.eu/eurostat/api/dissemination/statistics/1.0/data/migr_imm1ctz?geo=ES&age=TOTAL&sex=T&agedef=REACH,A,OTH,REACH,TOTAL,NR,T,ES
2012-01-01,2012,A|OTH|REACH|TOTAL|NR|T|ES,235.0,Number,Eurostat,https://ec.europa.eu/eurostat/api/dissemination/statistics/1.0/data/migr_imm1ctz?geo=ES&age=TOTAL&sex=T&agedef=REACH,A,OTH,REACH,TOTAL,NR,T,ES
2013-01-01,2013,A|OTH|REACH|TOTAL|NR|T|ES,231.0,Number,Eurostat,https://ec.europa.eu/eurostat/api/dissemination/statistics/1.0/data/migr_imm1ctz?geo=ES&age=TOTAL&sex=T&agedef=REACH,A,OTH,REACH,TOTAL,NR,T,ES
2014-01-01,2014,A|OTH|REACH|TOTAL|NR|T|ES,277.0,Number,Eurostat,https://ec.europa.eu/eurostat/api/dissemination/statistics/1.0/data/migr_imm1ctz?geo=ES&age=TOTAL&sex=T&agedef=REACH,A,OTH,REACH,TOTAL,NR,T,ES
2015-01-01,2015,A|OTH|REACH|TOTAL|NR|T|ES,458.0,Number,Eurostat,https://ec.europa.eu/eurostat/api/dissemination/statistics/1.0/data/migr_imm1ctz?geo=ES&age=TOTAL&sex=T&agedef=REACH,A,OTH,REACH,TOTAL,NR,T,ES
2016-01-01,2016,A|OTH|REACH|TOTAL|NR|T|ES,559.0,Number,Eurostat,https://ec.europa.eu/eurostat/api/dissemination/statistics/1.0/data/migr_imm1ctz?geo=ES&age=TOTAL&sex=T&agedef=REACH,A,OTH,REACH,TOTAL,NR,T,ES
2017-01-01,2017,A|OTH|REACH|TOTAL|NR|T|ES,416.0,Number,Eurostat,https://ec.europa.eu/eurostat/api/dissemination/statistics/1.0/data/migr_imm1ctz?geo=ES&age=TOTAL&sex=T&agedef=REACH,A,OTH,REACH,TOTAL,NR,T,ES
2018-01-01,2018,A|OTH|REACH|TOTAL|NR|T|ES,645.0,Number,Eurostat,https://ec.europa.eu/eurostat/api/dissemination/statistics/1.0/data/migr_imm1ctz?geo=ES&age=TOTAL&sex=T&agedef=REACH,A,OTH,REACH,TOTAL,NR,T,ES
2019-01-01,2019,A|OTH|REACH|TOTAL|NR|T|ES,563.0,Number,Eurostat,https://ec.europa.eu/eurostat/api/dissemination/statistics/1.0/data/migr_imm1ctz?geo=ES&age=TOTAL&sex=T&agedef=REACH,A,OTH,REACH,TOTAL,NR,T,ES
2020-01-01,2020,A|OTH|REACH|TOTAL|NR|T|ES,,Number,Eurostat,https://ec.europa.eu/eurostat/api/dissemination/statistics/1.0/data/migr_imm1ctz?geo=ES&age=TOTAL&sex=T&agedef=REACH,A,OTH,REACH,TOTAL,NR,T,ES
2021-01-01,2021,A|OTH|REACH|TOTAL|NR|T|ES,244.0,Number,Eurostat,https://ec.europa.eu/eurostat/api/dissemination/statistics/1.0/data/migr_imm1ctz?geo=ES&age=TOTAL&sex=T&agedef=REACH,A,OTH,REACH,TOTAL,NR,T,ES
2022-01-01,2022,A|OTH|REACH|TOTAL|NR|T|ES,334.0,Number,Eurostat,https://ec.europa.eu/eurostat/api/dissemination/statistics/1.0/data/migr_imm1ctz?geo=ES&age=TOTAL&sex=T&agedef=REACH,A,OTH,REACH,TOTAL,NR,T,ES
2023-01-01,2023,A|OTH|REACH|TOTAL|NR|T|ES,266.0,Number,Eurostat,https://ec.europa.eu/eurostat/api/dissemination/statistics/1.0/data/migr_imm1ctz?geo=ES&age=TOTAL&sex=T&agedef=REACH,A,OTH,REACH,TOTAL,NR,T,ES
2024-01-01,2024,A|OTH|REACH|TOTAL|NR|T|ES,292.0,Number,Eurostat,https://ec.europa.eu/eurostat/api/dissemination/statistics/1.0/data/migr_imm1ctz?geo=ES&age=TOTAL&sex=T&agedef=REACH,A,OTH,REACH,TOTAL,NR,T,ES
1998-01-01,1998,A|PA|REACH|TOTAL|NR|T|ES,10.0,Number,Eurostat,https://ec.europa.eu/eurostat/api/dissemination/statistics/1.0/data/migr_imm1ctz?geo=ES&age=TOTAL&sex=T&agedef=REACH,A,PA,REACH,TOTAL,NR,T,ES
1999-01-01,1999,A|PA|REACH|TOTAL|NR|T|ES,39.0,Number,Eurostat,https://ec.europa.eu/eurostat/api/dissemination/statistics/1.0/data/migr_imm1ctz?geo=ES&age=TOTAL&sex=T&agedef=REACH,A,PA,REACH,TOTAL,NR,T,ES
2000-01-01,2000,A|PA|REACH|TOTAL|NR|T|ES,108.0,Number,Eurostat,https://ec.europa.eu/eurostat/api/dissemination/statistics/1.0/data/migr_imm1ctz?geo=ES&age=TOTAL&sex=T&agedef=REACH,A,PA,REACH,TOTAL,NR,T,ES
2001-01-01,2001,A|PA|REACH|TOTAL|NR|T|ES,115.0,Number,Eurostat,https://ec.europa.eu/eurostat/api/dissemination/statistics/1.0/data/migr_imm1ctz?geo=ES&age=TOTAL&sex=T&agedef=REACH,A,PA,REACH,TOTAL,NR,T,ES
2002-01-01,2002,A|PA|REACH|TOTAL|NR|T|ES,204.0,Number,Eurostat,https://ec.europa.eu/eurostat/api/dissemination/statistics/1.0/data/migr_imm1ctz?geo=ES&age=TOTAL&sex=T&agedef=REACH,A,PA,REACH,TOTAL,NR,T,ES
2003-01-01,2003,A|PA|REACH|TOTAL|NR|T|ES,,Number,Eurostat,https://ec.europa.eu/eurostat/api/dissemination/statistics/1.0/data/migr_imm1ctz?geo=ES&age=TOTAL&sex=T&agedef=REACH,A,PA,REACH,TOTAL,NR,T,ES
2004-01-01,2004,A|PA|REACH|TOTAL|NR|T|ES,293.0,Number,Eurostat,https://ec.europa.eu/eurostat/api/dissemination/statistics/1.0/data/migr_imm1ctz?geo=ES&age=TOTAL&sex=T&agedef=REACH,A,PA,REACH,TOTAL,NR,T,ES
2005-01-01,2005,A|PA|REACH|TOTAL|NR|T|ES,417.0,Number,Eurostat,https://ec.europa.eu/eurostat/api/dissemination/statistics/1.0/data/migr_imm1ctz?geo=ES&age=TOTAL&sex=T&agedef=REACH,A,PA,REACH,TOTAL,NR,T,ES
2006-01-01,2006,A|PA|REACH|TOTAL|NR|T|ES,591.0,Number,Eurostat,https://ec.europa.eu/eurostat/api/dissemination/statistics/1.0/data/migr_imm1ctz?geo=ES&age=TOTAL&sex=T&agedef=REACH,A,PA,REACH,TOTAL,NR,T,ES
2007-01-01,2007,A|PA|REACH|TOTAL|NR|T|ES,561.0,Number,Eurostat,https://ec.europa.eu/eurostat/api/dissemination/statistics/1.0/data/migr_imm1ctz?geo=ES&age=TOTAL&sex=T&agedef=REACH,A,PA,REACH,TOTAL,NR,T,ES
1998-01-01,1998,A|PE|REACH|TOTAL|NR|T|ES,2086.0,Number,Eurostat,https://ec.europa.eu/eurostat/api/dissemination/statistics/1.0/data/migr_imm1ctz?geo=ES&age=TOTAL&sex=T&agedef=REACH,A,PE,REACH,TOTAL,NR,T,ES
1999-01-01,1999,A|PE|REACH|TOTAL|NR|T|ES,2949.0,Number,Eurostat,https://ec.europa.eu/eurostat/api/dissemination/statistics/1.0/data/migr_imm1ctz?geo=ES&age=TOTAL&sex=T&agedef=REACH,A,PE,REACH,TOTAL,NR,T,ES
2000-01-01,2000,A|PE|REACH|TOTAL|NR|T|ES,5966.0,Number,Eurostat,https://ec.europa.eu/eurostat/api/dissemination/statistics/1.0/data/migr_imm1ctz?geo=ES&age=TOTAL&sex=T&agedef=REACH,A,PE,REACH,TOTAL,NR,T,ES
2001-01-01,2001,A|PE|REACH|TOTAL|NR|T|ES,7121.0,Number,Eurostat,https://ec.europa.eu/eurostat/api/dissemination/statistics/1.0/data/migr_imm1ctz?geo=ES&age=TOTAL&sex=T&agedef=REACH,A,PE,REACH,TOTAL,NR,T,ES
2002-01-01,2002,A|PE|REACH|TOTAL|NR|T|ES,7955.0,Number,Eurostat,https://ec.europa.eu/eurostat/api/dissemination/statistics/1.0/data/migr_imm1ctz?geo=ES&age=TOTAL&sex=T&agedef=REACH,A,PE,REACH,TOTAL,NR,T,ES
2003-01-01,2003,A|PE|REACH|TOTAL|NR|T|ES,,Number,Eurostat,https://ec.europa.eu/eurostat/api/dissemination/statistics/1.0/data/migr_imm1ctz?geo=ES&age=TOTAL&sex=T&agedef=REACH,A,PE,REACH,TOTAL,NR,T,ES
2004-01-01,2004,A|PE|REACH|TOTAL|NR|T|ES,17735.0,Number,Eurostat,https://ec.europa.eu/eurostat/api/dissemination/statistics/1.0/data/migr_imm1ctz?geo=ES&age=TOTAL&sex=T&agedef=REACH,A,PE,REACH,TOTAL,NR,T,ES
2005-01-01,2005,A|PE|REACH|TOTAL|NR|T|ES,19946.0,Number,Eurostat,https://ec.europa.eu/eurostat/api/dissemination/statistics/1.0/data/migr_imm1ctz?geo=ES&age=TOTAL&sex=T&agedef=REACH,A,PE,REACH,TOTAL,NR,T,ES
2006-01-01,2006,A|PE|REACH|TOTAL|NR|T|ES,21691.0,Number,Eurostat,https://ec.europa.eu/eurostat/api/dissemination/statistics/1.0/data/migr_imm1ctz?geo=ES&age=TOTAL&sex=T&agedef=REACH,A,PE,REACH,TOTAL,NR,T,ES
2007-01-01,2007,A|PE|REACH|TOTAL|NR|T|ES,27372.0,Number,Eurostat,https://ec.europa.eu/eurostat/api/dissemination/statistics/1.0/data/migr_imm1ctz?geo=ES&age=TOTAL&sex=T&agedef=REACH,A,PE,REACH,TOTAL,NR,T,ES
2008-01-01,2008,A|PE|REACH|TOTAL|NR|T|ES,27524.0,Number,Eurostat,https://ec.europa.eu/eurostat/api/dissemination/statistics/1.0/data/migr_imm1ctz?geo=ES&age=TOTAL&sex=T&agedef=REACH,A,PE,REACH,TOTAL,NR,T,ES
2009-01-01,2009,A|PE|REACH|TOTAL|NR|T|ES,13668.0,Number,Eurostat,https://ec.europa.eu/eurostat/api/dissemination/statistics/1.0/data/migr_imm1ctz?geo=ES&age=TOTAL&sex=T&agedef=REACH,A,PE,REACH,TOTAL,NR,T,ES
2010-01-01,2010,A|PE|REACH|TOTAL|NR|T|ES,8022.0,Number,Eurostat,https://ec.europa.eu/eurostat/api/dissemination/statistics/1.0/data/migr_imm1ctz?geo=ES&age=TOTAL&sex=T&agedef=REACH,A,PE,REACH,TOTAL,NR,T,ES
2011-01-01,2011,A|PE|REACH|TOTAL|NR|T|ES,7662.0,Number,Eurostat,https://ec.europa.eu/eurostat/api/dissemination/statistics/1.0/data/migr_imm1ctz?geo=ES&age=TOTAL&sex=T&agedef=REACH,A,PE,REACH,TOTAL,NR,T,ES
2012-01-01,2012,A|PE|REACH|TOTAL|NR|T|ES,5596.0,Number,Eurostat,https://ec.europa.eu/eurostat/api/dissemination/statistics/1.0/data/migr_imm1ctz?geo=ES&age=TOTAL&sex=T&agedef=REACH,A,PE,REACH,TOTAL,NR,T,ES
2013-01-01,2013,A|PE|REACH|TOTAL|NR|T|ES,4844.0,Number,Eurostat,https://ec.europa.eu/eurostat/api/dissemination/statistics/1.0/data/migr_imm1ctz?geo=ES&age=TOTAL&sex=T&agedef=REACH,A,PE,REACH,TOTAL,NR,T,ES
2014-01-01,2014,A|PE|REACH|TOTAL|NR|T|ES,4674.0,Number,Eurostat,https://ec.europa.eu/eurostat/api/dissemination/statistics/1.0/data/migr_imm1ctz?geo=ES&age=TOTAL&sex=T&agedef=REACH,A,PE,REACH,TOTAL,NR,T,ES
2015-01-01,2015,A|PE|REACH|TOTAL|NR|T|ES,5255.0,Number,Eurostat,https://ec.europa.eu/eurostat/api/dissemination/statistics/1.0/data/migr_imm1ctz?geo=ES&age=TOTAL&sex=T&agedef=REACH,A,PE,REACH,TOTAL,NR,T,ES
2016-01-01,2016,A|PE|REACH|TOTAL|NR|T|ES,7954.0,Number,Eurostat,https://ec.europa.eu/eurostat/api/dissemination/statistics/1.0/data/migr_imm1ctz?geo=ES&age=TOTAL&sex=T&agedef=REACH,A,PE,REACH,TOTAL,NR,T,ES
2017-01-01,2017,A|PE|REACH|TOTAL|NR|T|ES,13875.0,Number,Eurostat,https://ec.europa.eu/eurostat/api/dissemination/statistics/1.0/data/migr_imm1ctz?geo=ES&age=TOTAL&sex=T&agedef=REACH,A,PE,REACH,TOTAL,NR,T,ES
2018-01-01,2018,A|PE|REACH|TOTAL|NR|T|ES,19339.0,Number,Eurostat,https://ec.europa.eu/eurostat/api/dissemination/statistics/1.0/data/migr_imm1ctz?geo=ES&age=TOTAL&sex=T&agedef=REACH,A,PE,REACH,TOTAL,NR,T,ES
2019-01-01,2019,A|PE|REACH|TOTAL|NR|T|ES,28579.0,Number,Eurostat,https://ec.europa.eu/eurostat/api/dissemination/statistics/1.0/data/migr_imm1ctz?geo=ES&age=TOTAL&sex=T&agedef=REACH,A,PE,REACH,TOTAL,NR,T,ES
2020-01-01,2020,A|PE|REACH|TOTAL|NR|T|ES,18117.0,Number,Eurostat,https://ec.europa.eu/eurostat/api/dissemination/statistics/1.0/data/migr_imm1ctz?geo=ES&age=TOTAL&sex=T&agedef=REACH,A,PE,REACH,TOTAL,NR,T,ES
2021-01-01,2021,A|PE|REACH|TOTAL|NR|T|ES,26055.0,Number,Eurostat,https://ec.europa.eu/eurostat/api/dissemination/statistics/1.0/data/migr_imm1ctz?geo=ES&age=TOTAL&sex=T&agedef=REACH,A,PE,REACH,TOTAL,NR,T,ES
2022-01-01,2022,A|PE|REACH|TOTAL|NR|T|ES,65230.0,Number,Eurostat,https://ec.europa.eu/eurostat/api/dissemination/statistics/1.0/data/migr_imm1ctz?geo=ES&age=TOTAL&sex=T&agedef=REACH,A,PE,REACH,TOTAL,NR,T,ES
2023-01-01,2023,A|PE|REACH|TOTAL|NR|T|ES,66933.0,Number,Eurostat,https://ec.europa.eu/eurostat/api/dissemination/statistics/1.0/data/migr_imm1ctz?geo=ES&age=TOTAL&sex=T&agedef=REACH,A,PE,REACH,TOTAL,NR,T,ES
2024-01-01,2024,A|PE|REACH|TOTAL|NR|T|ES,69567.0,Number,Eurostat,https://ec.europa.eu/eurostat/api/dissemination/statistics/1.0/data/migr_imm1ctz?geo=ES&age=TOTAL&sex=T&agedef=REACH,A,PE,REACH,TOTAL,NR,T,ES
1998-01-01,1998,A|PF|REACH|TOTAL|NR|T|ES,0.0,Number,Eurostat,https://ec.europa.eu/eurostat/api/dissemination/statistics/1.0/data/migr_imm1ctz?geo=ES&age=TOTAL&sex=T&agedef=REACH,A,PF,REACH,TOTAL,NR,T,ES
1999-01-01,1999,A|PF|REACH|TOTAL|NR|T|ES,0.0,Number,Eurostat,https://ec.europa.eu/eurostat/api/dissemination/statistics/1.0/data/migr_imm1ctz?geo=ES&age=TOTAL&sex=T&agedef=REACH,A,PF,REACH,TOTAL,NR,T,ES
2000-01-01,2000,A|PF|REACH|TOTAL|NR|T|ES,0.0,Number,Eurostat,https://ec.europa.eu/eurostat/api/dissemination/statistics/1.0/data/migr_imm1ctz?geo=ES&age=TOTAL&sex=T&agedef=REACH,A,PF,REACH,TOTAL,NR,T,ES
2001-01-01,2001,A|PF|REACH|TOTAL|NR|T|ES,0.0,Number,Eurostat,https://ec.europa.eu/eurostat/api/dissemination/statistics/1.0/data/migr_imm1ctz?geo=ES&age=TOTAL&sex=T&agedef=REACH,A,PF,REACH,TOTAL,NR,T,ES
2002-01-01,2002,A|PF|REACH|TOTAL|NR|T|ES,,Number,Eurostat,https://ec.europa.eu/eurostat/api/dissemination/statistics/1.0/data/migr_imm1ctz?geo=ES&age=TOTAL&sex=T&agedef=REACH,A,PF,REACH,TOTAL,NR,T,ES
2003-01-01,2003,A|PF|REACH|TOTAL|NR|T|ES,,Number,Eurostat,https://ec.europa.eu/eurostat/api/dissemination/statistics/1.0/data/migr_imm1ctz?geo=ES&age=TOTAL&sex=T&agedef=REACH,A,PF,REACH,TOTAL,NR,T,ES
2004-01-01,2004,A|PF|REACH|TOTAL|NR|T|ES,,Number,Eurostat,https://ec.europa.eu/eurostat/api/dissemination/statistics/1.0/data/migr_imm1ctz?geo=ES&age=TOTAL&sex=T&agedef=REACH,A,PF,REACH,TOTAL,NR,T,ES
2005-01-01,2005,A|PF|REACH|TOTAL|NR|T|ES,,Number,Eurostat,https://ec.europa.eu/eurostat/api/dissemination/statistics/1.0/data/migr_imm1ctz?geo=ES&age=TOTAL&sex=T&agedef=REACH,A,PF,REACH,TOTAL,NR,T,ES
2006-01-01,2006,A|PF|REACH|TOTAL|NR|T|ES,,Number,Eurostat,https://ec.europa.eu/eurostat/api/dissemination/statistics/1.0/data/migr_imm1ctz?geo=ES&age=TOTAL&sex=T&agedef=REACH,A,PF,REACH,TOTAL,NR,T,ES
2007-01-01,2007,A|PF|REACH|TOTAL|NR|T|ES,,Number,Eurostat,https://ec.europa.eu/eurostat/api/dissemination/statistics/1.0/data/migr_imm1ctz?geo=ES&age=TOTAL&sex=T&agedef=REACH,A,PF,REACH,TOTAL,NR,T,ES
2008-01-01,2008,A|PF|REACH|TOTAL|NR|T|ES,0.0,Number,Eurostat,https://ec.europa.eu/eurostat/api/dissemination/statistics/1.0/data/migr_imm1ctz?geo=ES&age=TOTAL&sex=T&agedef=REACH,A,PF,REACH,TOTAL,NR,T,ES
2009-01-01,2009,A|PF|REACH|TOTAL|NR|T|ES,0.0,Number,Eurostat,https://ec.europa.eu/eurostat/api/dissemination/statistics/1.0/data/migr_imm1ctz?geo=ES&age=TOTAL&sex=T&agedef=REACH,A,PF,REACH,TOTAL,NR,T,ES
2010-01-01,2010,A|PF|REACH|TOTAL|NR|T|ES,0.0,Number,Eurostat,https://ec.europa.eu/eurostat/api/dissemination/statistics/1.0/data/migr_imm1ctz?geo=ES&age=TOTAL&sex=T&agedef=REACH,A,PF,REACH,TOTAL,NR,T,ES
2011-01-01,2011,A|PF|REACH|TOTAL|NR|T|ES,0.0,Number,Eurostat,https://ec.europa.eu/eurostat/api/dissemination/statistics/1.0/data/migr_imm1ctz?geo=ES&age=TOTAL&sex=T&agedef=REACH,A,PF,REACH,TOTAL,NR,T,ES
2012-01-01,2012,A|PF|REACH|TOTAL|NR|T|ES,0.0,Number,Eurostat,https://ec.europa.eu/eurostat/api/dissemination/statistics/1.0/data/migr_imm1ctz?geo=ES&age=TOTAL&sex=T&agedef=REACH,A,PF,REACH,TOTAL,NR,T,ES
2013-01-01,2013,A|PF|REACH|TOTAL|NR|T|ES,0.0,Number,Eurostat,https://ec.europa.eu/eurostat/api/dissemination/statistics/1.0/data/migr_imm1ctz?geo=ES&age=TOTAL&sex=T&agedef=REACH,A,PF,REACH,TOTAL,NR,T,ES
2014-01-01,2014,A|PF|REACH|TOTAL|NR|T|ES,0.0,Number,Eurostat,https://ec.europa.eu/eurostat/api/dissemination/statistics/1.0/data/migr_imm1ctz?geo=ES&age=TOTAL&sex=T&agedef=REACH,A,PF,REACH,TOTAL,NR,T,ES
1998-01-01,1998,A|PG|REACH|TOTAL|NR|T|ES,1.0,Number,Eurostat,https://ec.europa.eu/eurostat/api/dissemination/statistics/1.0/data/migr_imm1ctz?geo=ES&age=TOTAL&sex=T&agedef=REACH,A,PG,REACH,TOTAL,NR,T,ES
1999-01-01,1999,A|PG|REACH|TOTAL|NR|T|ES,1.0,Number,Eurostat,https://ec.europa.eu/eurostat/api/dissemination/statistics/1.0/data/migr_imm1ctz?geo=ES&age=TOTAL&sex=T&agedef=REACH,A,PG,REACH,TOTAL,NR,T,ES
2000-01-01,2000,A|PG|REACH|TOTAL|NR|T|ES,4.0,Number,Eurostat,https://ec.europa.eu/eurostat/api/dissemination/statistics/1.0/data/migr_imm1ctz?geo=ES&age=TOTAL&sex=T&agedef=REACH,A,PG,REACH,TOTAL,NR,T,ES
2001-01-01,2001,A|PG|REACH|TOTAL|NR|T|ES,0.0,Number,Eurostat,https://ec.europa.eu/eurostat/api/dissemination/statistics/1.0/data/migr_imm1ctz?geo=ES&age=TOTAL&sex=T&agedef=REACH,A,PG,REACH,TOTAL,NR,T,ES
2002-01-01,2002,A|PG|REACH|TOTAL|NR|T|ES,0.0,Number,Eurostat,https://ec.europa.eu/eurostat/api/dissemination/statistics/1.0/data/migr_imm1ctz?geo=ES&age=TOTAL&sex=T&agedef=REACH,A,PG,REACH,TOTAL,NR,T,ES
2003-01-01,2003,A|PG|REACH|TOTAL|NR|T|ES,,Number,Eurostat,https://ec.europa.eu/eurostat/api/dissemination/statistics/1.0/data/migr_imm1ctz?geo=ES&age=TOTAL&sex=T&agedef=REACH,A,PG,REACH,TOTAL,NR,T,ES
2004-01-01,2004,A|PG|REACH|TOTAL|NR|T|ES,0.0,Number,Eurostat,https://ec.europa.eu/eurostat/api/dissemination/statistics/1.0/data/migr_imm1ctz?geo=ES&age=TOTAL&sex=T&agedef=REACH,A,PG,REACH,TOTAL,NR,T,ES
2005-01-01,2005,A|PG|REACH|TOTAL|NR|T|ES,1.0,Number,Eurostat,https://ec.europa.eu/eurostat/api/dissemination/statistics/1.0/data/migr_imm1ctz?geo=ES&age=TOTAL&sex=T&agedef=REACH,A,PG,REACH,TOTAL,NR,T,ES
2006-01-01,2006,A|PG|REACH|TOTAL|NR|T|ES,1.0,Number,Eurostat,https://ec.europa.eu/eurostat/api/dissemination/statistics/1.0/data/migr_imm1ctz?geo=ES&age=TOTAL&sex=T&agedef=REACH,A,PG,REACH,TOTAL,NR,T,ES
2007-01-01,2007,A|PG|REACH|TOTAL|NR|T|ES,2.0,Number,Eurostat,https://ec.europa.eu/eurostat/api/dissemination/statistics/1.0/data/migr_imm1ctz?geo=ES&age=TOTAL&sex=T&agedef=REACH,A,PG,REACH,TOTAL,NR,T,ES
2008-01-01,2008,A|PG|REACH|TOTAL|NR|T|ES,0.0,Number,Eurostat,https://ec.europa.eu/eurostat/api/dissemination/statistics/1.0/data/migr_imm1ctz?geo=ES&age=TOTAL&sex=T&agedef=REACH,A,PG,REACH,TOTAL,NR,T,ES
2009-01-01,2009,A|PG|REACH|TOTAL|NR|T|ES,3.0,Number,Eurostat,https://ec.europa.eu/eurostat/api/dissemination/statistics/1.0/data/migr_imm1ctz?geo=ES&age=TOTAL&sex=T&agedef=REACH,A,PG,REACH,TOTAL,NR,T,ES
2010-01-01,2010,A|PG|REACH|TOTAL|NR|T|ES,0.0,Number,Eurostat,https://ec.europa.eu/eurostat/api/dissemination/statistics/1.0/data/migr_imm1ctz?geo=ES&age=TOTAL&sex=T&agedef=REACH,A,PG,REACH,TOTAL,NR,T,ES
2011-01-01,2011,A|PG|REACH|TOTAL|NR|T|ES,0.0,Number,Eurostat,https://ec.europa.eu/eurostat/api/dissemination/statistics/1.0/data/migr_imm1ctz?geo=ES&age=TOTAL&sex=T&agedef=REACH,A,PG,REACH,TOTAL,NR,T,ES
2012-01-01,2012,A|PG|REACH|TOTAL|NR|T|ES,2.0,Number,Eurostat,https://ec.europa.eu/eurostat/api/dissemination/statistics/1.0/data/migr_imm1ctz?geo=ES&age=TOTAL&sex=T&agedef=REACH,A,PG,REACH,TOTAL,NR,T,ES
2013-01-01,2013,A|PG|REACH|TOTAL|NR|T|ES,1.0,Number,Eurostat,https://ec.europa.eu/eurostat/api/dissemination/statistics/1.0/data/migr_imm1ctz?geo=ES&age=TOTAL&sex=T&agedef=REACH,A,PG,REACH,TOTAL,NR,T,ES
2014-01-01,2014,A|PG|REACH|TOTAL|NR|T|ES,0.0,Number,Eurostat,https://ec.europa.eu/eurostat/api/dissemination/statistics/1.0/data/migr_imm1ctz?geo=ES&age=TOTAL&sex=T&agedef=REACH,A,PG,REACH,TOTAL,NR,T,ES
1998-01-01,1998,A|PH|REACH|TOTAL|NR|T|ES,394.0,Number,Eurostat,https://ec.europa.eu/eurostat/api/dissemination/statistics/1.0/data/migr_imm1ctz?geo=ES&age=TOTAL&sex=T&agedef=REACH,A,PH,REACH,TOTAL,NR,T,ES
1999-01-01,1999,A|PH|REACH|TOTAL|NR|T|ES,492.0,Number,Eurostat,https://ec.europa.eu/eurostat/api/dissemination/statistics/1.0/data/migr_imm1ctz?geo=ES&age=TOTAL&sex=T&agedef=REACH,A,PH,REACH,TOTAL,NR,T,ES
2000-01-01,2000,A|PH|REACH|TOTAL|NR|T|ES,1118.0,Number,Eurostat,https://ec.europa.eu/eurostat/api/dissemination/statistics/1.0/data/migr_imm1ctz?geo=ES&age=TOTAL&sex=T&agedef=REACH,A,PH,REACH,TOTAL,NR,T,ES
2001-01-01,2001,A|PH|REACH|TOTAL|NR|T|ES,1191.0,Number,Eurostat,https://ec.europa.eu/eurostat/api/dissemination/statistics/1.0/data/migr_imm1ctz?geo=ES&age=TOTAL&sex=T&agedef=REACH,A,PH,REACH,TOTAL,NR,T,ES
2002-01-01,2002,A|PH|REACH|TOTAL|NR|T|ES,1213.0,Number,Eurostat,https://ec.europa.eu/eurostat/api/dissemination/statistics/1.0/data/migr_imm1ctz?geo=ES&age=TOTAL&sex=T&agedef=REACH,A,PH,REACH,TOTAL,NR,T,ES
2003-01-01,2003,A|PH|REACH|TOTAL|NR|T|ES,,Number,Eurostat,https://ec.europa.eu/eurostat/api/dissemination/statistics/1.0/data/migr_imm1ctz?geo=ES&age=TOTAL&sex=T&agedef=REACH,A,PH,REACH,TOTAL,NR,T,ES
2004-01-01,2004,A|PH|REACH|TOTAL|NR|T|ES,2400.0,Number,Eurostat,https://ec.europa.eu/eurostat/api/dissemination/statistics/1.0/data/migr_imm1ctz?geo=ES&age=TOTAL&sex=T&agedef=REACH,A,PH,REACH,TOTAL,NR,T,ES
2005-01-01,2005,A|PH|REACH|TOTAL|NR|T|ES,2332.0,Number,Eurostat,https://ec.europa.eu/eurostat/api/dissemination/statistics/1.0/data/migr_imm1ctz?geo=ES&age=TOTAL&sex=T&agedef=REACH,A,PH,REACH,TOTAL,NR,T,ES
2006-01-01,2006,A|PH|REACH|TOTAL|NR|T|ES,3556.0,Number,Eurostat,https://ec.europa.eu/eurostat/api/dissemination/statistics/1.0/data/migr_imm1ctz?geo=ES&age=TOTAL&sex=T&agedef=REACH,A,PH,REACH,TOTAL,NR,T,ES
2007-01-01,2007,A|PH|REACH|TOTAL|NR|T|ES,4660.0,Number,Eurostat,https://ec.europa.eu/eurostat/api/dissemination/statistics/1.0/data/migr_imm1ctz?geo=ES&age=TOTAL&sex=T&agedef=REACH,A,PH,REACH,TOTAL,NR,T,ES
2008-01-01,2008,A|PH|REACH|TOTAL|NR|T|ES,4848.0,Number,Eurostat,https://ec.europa.eu/eurostat/api/dissemination/statistics/1.0/data/migr_imm1ctz?geo=ES&age=TOTAL&sex=T&agedef=REACH,A,PH,REACH,TOTAL,NR,T,ES
2009-01-01,2009,A|PH|REACH|TOTAL|NR|T|ES,3123.0,Number,Eurostat,https://ec.europa.eu/eurostat/api/dissemination/statistics/1.0/data/migr_imm1ctz?geo=ES&age=TOTAL&sex=T&agedef=REACH,A,PH,REACH,TOTAL,NR,T,ES
2010-01-01,2010,A|PH|REACH|TOTAL|NR|T|ES,2134.0,Number,Eurostat,https://ec.europa.eu/eurostat/api/dissemination/statistics/1.0/data/migr_imm1ctz?geo=ES&age=TOTAL&sex=T&agedef=REACH,A,PH,REACH,TOTAL,NR,T,ES
2011-01-01,2011,A|PH|REACH|TOTAL|NR|T|ES,2488.0,Number,Eurostat,https://ec.europa.eu/eurostat/api/dissemination/statistics/1.0/data/migr_imm1ctz?geo=ES&age=TOTAL&sex=T&agedef=REACH,A,PH,REACH,TOTAL,NR,T,ES
2012-01-01,2012,A|PH|REACH|TOTAL|NR|T|ES,2142.0,Number,Eurostat,https://ec.europa.eu/eurostat/api/dissemination/statistics/1.0/data/migr_imm1ctz?geo=ES&age=TOTAL&sex=T&agedef=REACH,A,PH,REACH,TOTAL,NR,T,ES
2013-01-01,2013,A|PH|REACH|TOTAL|NR|T|ES,2095.0,Number,Eurostat,https://ec.europa.eu/eurostat/api/dissemination/statistics/1.0/data/migr_imm1ctz?geo=ES&age=TOTAL&sex=T&agedef=REACH,A,PH,REACH,TOTAL,NR,T,ES
2014-01-01,2014,A|PH|REACH|TOTAL|NR|T|ES,2001.0,Number,Eurostat,https://ec.europa.eu/eurostat/api/dissemination/statistics/1.0/data/migr_imm1ctz?geo=ES&age=TOTAL&sex=T&agedef=REACH,A,PH,REACH,TOTAL,NR,T,ES
2015-01-01,2015,A|PH|REACH|TOTAL|NR|T|ES,2465.0,Number,Eurostat,https://ec.europa.eu/eurostat/api/dissemination/statistics/1.0/data/migr_imm1ctz?geo=ES&age=TOTAL&sex=T&agedef=REACH,A,PH,REACH,TOTAL,NR,T,ES
2016-01-01,2016,A|PH|REACH|TOTAL|NR|T|ES,2525.0,Number,Eurostat,https://ec.europa.eu/eurostat/api/dissemination/statistics/1.0/data/migr_imm1ctz?geo=ES&age=TOTAL&sex=T&agedef=REACH,A,PH,REACH,TOTAL,NR,T,ES
2017-01-01,2017,A|PH|REACH|TOTAL|NR|T|ES,2818.0,Number,Eurostat,https://ec.europa.eu/eurostat/api/dissemination/statistics/1.0/data/migr_imm1ctz?geo=ES&age=TOTAL&sex=T&agedef=REACH,A,PH,REACH,TOTAL,NR,T,ES
2018-01-01,2018,A|PH|REACH|TOTAL|NR|T|ES,2745.0,Number,Eurostat,https://ec.europa.eu/eurostat/api/dissemination/statistics/1.0/data/migr_imm1ctz?geo=ES&age=TOTAL&sex=T&agedef=REACH,A,PH,REACH,TOTAL,NR,T,ES
2019-01-01,2019,A|PH|REACH|TOTAL|NR|T|ES,3248.0,Number,Eurostat,https://ec.europa.eu/eurostat/api/dissemination/statistics/1.0/data/migr_imm1ctz?geo=ES&age=TOTAL&sex=T&agedef=REACH,A,PH,REACH,TOTAL,NR,T,ES
2020-01-01,2020,A|PH|REACH|TOTAL|NR|T|ES,1825.0,Number,Eurostat,https://ec.europa.eu/eurostat/api/dissemination/statistics/1.0/data/migr_imm1ctz?geo=ES&age=TOTAL&sex=T&agedef=REACH,A,PH,REACH,TOTAL,NR,T,ES
2021-01-01,2021,A|PH|REACH|TOTAL|NR|T|ES,3580.0,Number,Eurostat,https://ec.europa.eu/eurostat/api/dissemination/statistics/1.0/data/migr_imm1ctz?geo=ES&age=TOTAL&sex=T&agedef=REACH,A,PH,REACH,TOTAL,NR,T,ES
2022-01-01,2022,A|PH|REACH|TOTAL|NR|T|ES,4105.0,Number,Eurostat,https://ec.europa.eu/eurostat/api/dissemination/statistics/1.0/data/migr_imm1ctz?geo=ES&age=TOTAL&sex=T&agedef=REACH,A,PH,REACH,TOTAL,NR,T,ES
2023-01-01,2023,A|PH|REACH|TOTAL|NR|T|ES,4979.0,Number,Eurostat,https://ec.europa.eu/eurostat/api/dissemination/statistics/1.0/data/migr_imm1ctz?geo=ES&age=TOTAL&sex=T&agedef=REACH,A,PH,REACH,TOTAL,NR,T,ES
2024-01-01,2024,A|PH|REACH|TOTAL|NR|T|ES,5464.0,Number,Eurostat,https://ec.europa.eu/eurostat/api/dissemination/statistics/1.0/data/migr_imm1ctz?geo=ES&age=TOTAL&sex=T&agedef=REACH,A,PH,REACH,TOTAL,NR,T,ES
1998-01-01,1998,A|PK|REACH|TOTAL|NR|T|ES,272.0,Number,Eurostat,https://ec.europa.eu/eurostat/api/dissemination/statistics/1.0/data/migr_imm1ctz?geo=ES&age=TOTAL&sex=T&agedef=REACH,A,PK,REACH,TOTAL,NR,T,ES
1999-01-01,1999,A|PK|REACH|TOTAL|NR|T|ES,354.0,Number,Eurostat,https://ec.europa.eu/eurostat/api/dissemination/statistics/1.0/data/migr_imm1ctz?geo=ES&age=TOTAL&sex=T&agedef=REACH,A,PK,REACH,TOTAL,NR,T,ES
2000-01-01,2000,A|PK|REACH|TOTAL|NR|T|ES,1655.0,Number,Eurostat,https://ec.europa.eu/eurostat/api/dissemination/statistics/1.0/data/migr_imm1ctz?geo=ES&age=TOTAL&sex=T&agedef=REACH,A,PK,REACH,TOTAL,NR,T,ES
2001-01-01,2001,A|PK|REACH|TOTAL|NR|T|ES,1789.0,Number,Eurostat,https://ec.europa.eu/eurostat/api/dissemination/statistics/1.0/data/migr_imm1ctz?geo=ES&age=TOTAL&sex=T&agedef=REACH,A,PK,REACH,TOTAL,NR,T,ES
2002-01-01,2002,A|PK|REACH|TOTAL|NR|T|ES,1782.0,Number,Eurostat,https://ec.europa.eu/eurostat/api/dissemination/statistics/1.0/data/migr_imm1ctz?geo=ES&age=TOTAL&sex=T&agedef=REACH,A,PK,REACH,TOTAL,NR,T,ES
2003-01-01,2003,A|PK|REACH|TOTAL|NR|T|ES,,Number,Eurostat,https://ec.europa.eu/eurostat/api/dissemination/statistics/1.0/data/migr_imm1ctz?geo=ES&age=TOTAL&sex=T&agedef=REACH,A,PK,REACH,TOTAL,NR,T,ES
2004-01-01,2004,A|PK|REACH|TOTAL|NR|T|ES,9351.0,Number,Eurostat,https://ec.europa.eu/eurostat/api/dissemination/statistics/1.0/data/migr_imm1ctz?geo=ES&age=TOTAL&sex=T&agedef=REACH,A,PK,REACH,TOTAL,NR,T,ES
2005-01-01,2005,A|PK|REACH|TOTAL|NR|T|ES,12439.0,Number,Eurostat,https://ec.europa.eu/eurostat/api/dissemination/statistics/1.0/data/migr_imm1ctz?geo=ES&age=TOTAL&sex=T&agedef=REACH,A,PK,REACH,TOTAL,NR,T,ES
2006-01-01,2006,A|PK|REACH|TOTAL|NR|T|ES,8222.0,Number,Eurostat,https://ec.europa.eu/eurostat/api/dissemination/statistics/1.0/data/migr_imm1ctz?geo=ES&age=TOTAL&sex=T&agedef=REACH,A,PK,REACH,TOTAL,NR,T,ES
2007-01-01,2007,A|PK|REACH|TOTAL|NR|T|ES,10645.0,Number,Eurostat,https://ec.europa.eu/eurostat/api/dissemination/statistics/1.0/data/migr_imm1ctz?geo=ES&age=TOTAL&sex=T&agedef=REACH,A,PK,REACH,TOTAL,NR,T,ES
2008-01-01,2008,A|PK|REACH|TOTAL|NR|T|ES,8873.0,Number,Eurostat,https://ec.europa.eu/eurostat/api/dissemination/statistics/1.0/data/migr_imm1ctz?geo=ES&age=TOTAL&sex=T&agedef=REACH,A,PK,REACH,TOTAL,NR,T,ES
2009-01-01,2009,A|PK|REACH|TOTAL|NR|T|ES,6428.0,Number,Eurostat,https://ec.europa.eu/eurostat/api/dissemination/statistics/1.0/data/migr_imm1ctz?geo=ES&age=TOTAL&sex=T&agedef=REACH,A,PK,REACH,TOTAL,NR,T,ES
2010-01-01,2010,A|PK|REACH|TOTAL|NR|T|ES,15325.0,Number,Eurostat,https://ec.europa.eu/eurostat/api/dissemination/statistics/1.0/data/migr_imm1ctz?geo=ES&age=TOTAL&sex=T&agedef=REACH,A,PK,REACH,TOTAL,NR,T,ES
2011-01-01,2011,A|PK|REACH|TOTAL|NR|T|ES,11514.0,Number,Eurostat,https://ec.europa.eu/eurostat/api/dissemination/statistics/1.0/data/migr_imm1ctz?geo=ES&age=TOTAL&sex=T&agedef=REACH,A,PK,REACH,TOTAL,NR,T,ES
2012-01-01,2012,A|PK|REACH|TOTAL|NR|T|ES,8346.0,Number,Eurostat,https://ec.europa.eu/eurostat/api/dissemination/statistics/1.0/data/migr_imm1ctz?geo=ES&age=TOTAL&sex=T&agedef=REACH,A,PK,REACH,TOTAL,NR,T,ES
2013-01-01,2013,A|PK|REACH|TOTAL|NR|T|ES,6484.0,Number,Eurostat,https://ec.europa.eu/eurostat/api/dissemination/statistics/1.0/data/migr_imm1ctz?geo=ES&age=TOTAL&sex=T&agedef=REACH,A,PK,REACH,TOTAL,NR,T,ES
2014-01-01,2014,A|PK|REACH|TOTAL|NR|T|ES,5311.0,Number,Eurostat,https://ec.europa.eu/eurostat/api/dissemination/statistics/1.0/data/migr_imm1ctz?geo=ES&age=TOTAL&sex=T&agedef=REACH,A,PK,REACH,TOTAL,NR,T,ES
2015-01-01,2015,A|PK|REACH|TOTAL|NR|T|ES,4811.0,Number,Eurostat,https://ec.europa.eu/eurostat/api/dissemination/statistics/1.0/data/migr_imm1ctz?geo=ES&age=TOTAL&sex=T&agedef=REACH,A,PK,REACH,TOTAL,NR,T,ES
2016-01-01,2016,A|PK|REACH|TOTAL|NR|T|ES,6371.0,Number,Eurostat,https://ec.europa.eu/eurostat/api/dissemination/statistics/1.0/data/migr_imm1ctz?geo=ES&age=TOTAL&sex=T&agedef=REACH,A,PK,REACH,TOTAL,NR,T,ES
2017-01-01,2017,A|PK|REACH|TOTAL|NR|T|ES,6580.0,Number,Eurostat,https://ec.europa.eu/eurostat/api/dissemination/statistics/1.0/data/migr_imm1ctz?geo=ES&age=TOTAL&sex=T&agedef=REACH,A,PK,REACH,TOTAL,NR,T,ES
2018-01-01,2018,A|PK|REACH|TOTAL|NR|T|ES,8728.0,Number,Eurostat,https://ec.europa.eu/eurostat/api/dissemination/statistics/1.0/data/migr_imm1ctz?geo=ES&age=TOTAL&sex=T&agedef=REACH,A,PK,REACH,TOTAL,NR,T,ES
2019-01-01,2019,A|PK|REACH|TOTAL|NR|T|ES,11704.0,Number,Eurostat,https://ec.europa.eu/eurostat/api/dissemination/statistics/1.0/data/migr_imm1ctz?geo=ES&age=TOTAL&sex=T&agedef=REACH,A,PK,REACH,TOTAL,NR,T,ES
2020-01-01,2020,A|PK|REACH|TOTAL|NR|T|ES,7386.0,Number,Eurostat,https://ec.europa.eu/eurostat/api/dissemination/statistics/1.0/data/migr_imm1ctz?geo=ES&age=TOTAL&sex=T&agedef=REACH,A,PK,REACH,TOTAL,NR,T,ES
2021-01-01,2021,A|PK|REACH|TOTAL|NR|T|ES,15890.0,Number,Eurostat,https://ec.europa.eu/eurostat/api/dissemination/statistics/1.0/data/migr_imm1ctz?geo=ES&age=TOTAL&sex=T&agedef=REACH,A,PK,REACH,TOTAL,NR,T,ES
2022-01-01,2022,A|PK|REACH|TOTAL|NR|T|ES,16599.0,Number,Eurostat,https://ec.europa.eu/eurostat/api/dissemination/statistics/1.0/data/migr_imm1ctz?geo=ES&age=TOTAL&sex=T&agedef=REACH,A,PK,REACH,TOTAL,NR,T,ES
2023-01-01,2023,A|PK|REACH|TOTAL|NR|T|ES,18175.0,Number,Eurostat,https://ec.europa.eu/eurostat/api/dissemination/statistics/1.0/data/migr_imm1ctz?geo=ES&age=TOTAL&sex=T&agedef=REACH,A,PK,REACH,TOTAL,NR,T,ES
2024-01-01,2024,A|PK|REACH|TOTAL|NR|T|ES,20107.0,Number,Eurostat,https://ec.europa.eu/eurostat/api/dissemination/statistics/1.0/data/migr_imm1ctz?geo=ES&age=TOTAL&sex=T&agedef=REACH,A,PK,REACH,TOTAL,NR,T,ES
1998-01-01,1998,A|PL|REACH|TOTAL|NR|T|ES,436.0,Number,Eurostat,https://ec.europa.eu/eurostat/api/dissemination/statistics/1.0/data/migr_imm1ctz?geo=ES&age=TOTAL&sex=T&agedef=REACH,A,PL,REACH,TOTAL,NR,T,ES
1999-01-01,1999,A|PL|REACH|TOTAL|NR|T|ES,820.0,Number,Eurostat,https://ec.europa.eu/eurostat/api/dissemination/statistics/1.0/data/migr_imm1ctz?geo=ES&age=TOTAL&sex=T&agedef=REACH,A,PL,REACH,TOTAL,NR,T,ES
2000-01-01,2000,A|PL|REACH|TOTAL|NR|T|ES,3834.0,Number,Eurostat,https://ec.europa.eu/eurostat/api/dissemination/statistics/1.0/data/migr_imm1ctz?geo=ES&age=TOTAL&sex=T&agedef=REACH,A,PL,REACH,TOTAL,NR,T,ES
2001-01-01,2001,A|PL|REACH|TOTAL|NR|T|ES,3672.0,Number,Eurostat,https://ec.europa.eu/eurostat/api/dissemination/statistics/1.0/data/migr_imm1ctz?geo=ES&age=TOTAL&sex=T&agedef=REACH,A,PL,REACH,TOTAL,NR,T,ES
2002-01-01,2002,A|PL|REACH|TOTAL|NR|T|ES,3875.0,Number,Eurostat,https://ec.europa.eu/eurostat/api/dissemination/statistics/1.0/data/migr_imm1ctz?geo=ES&age=TOTAL&sex=T&agedef=REACH,A,PL,REACH,TOTAL,NR,T,ES
2003-01-01,2003,A|PL|REACH|TOTAL|NR|T|ES,,Number,Eurostat,https://ec.europa.eu/eurostat/api/dissemination/statistics/1.0/data/migr_imm1ctz?geo=ES&age=TOTAL&sex=T&agedef=REACH,A,PL,REACH,TOTAL,NR,T,ES
2004-01-01,2004,A|PL|REACH|TOTAL|NR|T|ES,7520.0,Number,Eurostat,https://ec.europa.eu/eurostat/api/dissemination/statistics/1.0/data/migr_imm1ctz?geo=ES&age=TOTAL&sex=T&agedef=REACH,A,PL,REACH,TOTAL,NR,T,ES
2005-01-01,2005,A|PL|REACH|TOTAL|NR|T|ES,8479.0,Number,Eurostat,https://ec.europa.eu/eurostat/api/dissemination/statistics/1.0/data/migr_imm1ctz?geo=ES&age=TOTAL&sex=T&agedef=REACH,A,PL,REACH,TOTAL,NR,T,ES
2006-01-01,2006,A|PL|REACH|TOTAL|NR|T|ES,15796.0,Number,Eurostat,https://ec.europa.eu/eurostat/api/dissemination/statistics/1.0/data/migr_imm1ctz?geo=ES&age=TOTAL&sex=T&agedef=REACH,A,PL,REACH,TOTAL,NR,T,ES
2007-01-01,2007,A|PL|REACH|TOTAL|NR|T|ES,17269.0,Number,Eurostat,https://ec.europa.eu/eurostat/api/dissemination/statistics/1.0/data/migr_imm1ctz?geo=ES&age=TOTAL&sex=T&agedef=REACH,A,PL,REACH,TOTAL,NR,T,ES
2008-01-01,2008,A|PL|REACH|TOTAL|NR|T|ES,6697.0,Number,Eurostat,https://ec.europa.eu/eurostat/api/dissemination/statistics/1.0/data/migr_imm1ctz?geo=ES&age=TOTAL&sex=T&agedef=REACH,A,PL,REACH,TOTAL,NR,T,ES
2009-01-01,2009,A|PL|REACH|TOTAL|NR|T|ES,3713.0,Number,Eurostat,https://ec.europa.eu/eurostat/api/dissemination/statistics/1.0/data/migr_imm1ctz?geo=ES&age=TOTAL&sex=T&agedef=REACH,A,PL,REACH,TOTAL,NR,T,ES
2010-01-01,2010,A|PL|REACH|TOTAL|NR|T|ES,3433.0,Number,Eurostat,https://ec.europa.eu/eurostat/api/dissemination/statistics/1.0/data/migr_imm1ctz?geo=ES&age=TOTAL&sex=T&agedef=REACH,A,PL,REACH,TOTAL,NR,T,ES
2011-01-01,2011,A|PL|REACH|TOTAL|NR|T|ES,3330.0,Number,Eurostat,https://ec.europa.eu/eurostat/api/dissemination/statistics/1.0/data/migr_imm1ctz?geo=ES&age=TOTAL&sex=T&agedef=REACH,A,PL,REACH,TOTAL,NR,T,ES
2012-01-01,2012,A|PL|REACH|TOTAL|NR|T|ES,2801.0,Number,Eurostat,https://ec.europa.eu/eurostat/api/dissemination/statistics/1.0/data/migr_imm1ctz?geo=ES&age=TOTAL&sex=T&agedef=REACH,A,PL,REACH,TOTAL,NR,T,ES
2013-01-01,2013,A|PL|REACH|TOTAL|NR|T|ES,2645.0,Number,Eurostat,https://ec.europa.eu/eurostat/api/dissemination/statistics/1.0/data/migr_imm1ctz?geo=ES&age=TOTAL&sex=T&agedef=REACH,A,PL,REACH,TOTAL,NR,T,ES
2014-01-01,2014,A|PL|REACH|TOTAL|NR|T|ES,2440.0,Number,Eurostat,https://ec.europa.eu/eurostat/api/dissemination/statistics/1.0/data/migr_imm1ctz?geo=ES&age=TOTAL&sex=T&agedef=REACH,A,PL,REACH,TOTAL,NR,T,ES
2015-01-01,2015,A|PL|REACH|TOTAL|NR|T|ES,2460.0,Number,Eurostat,https://ec.europa.eu/eurostat/api/dissemination/statistics/1.0/data/migr_imm1ctz?geo=ES&age=TOTAL&sex=T&agedef=REACH,A,PL,REACH,TOTAL,NR,T,ES
2016-01-01,2016,A|PL|REACH|TOTAL|NR|T|ES,2613.0,Number,Eurostat,https://ec.europa.eu/eurostat/api/dissemination/statistics/1.0/data/migr_imm1ctz?geo=ES&age=TOTAL&sex=T&agedef=REACH,A,PL,REACH,TOTAL,NR,T,ES
2017-01-01,2017,A|PL|REACH|TOTAL|NR|T|ES,3242.0,Number,Eurostat,https://ec.europa.eu/eurostat/api/dissemination/statistics/1.0/data/migr_imm1ctz?geo=ES&age=TOTAL&sex=T&agedef=REACH,A,PL,REACH,TOTAL,NR,T,ES
2018-01-01,2018,A|PL|REACH|TOTAL|NR|T|ES,3517.0,Number,Eurostat,https://ec.europa.eu/eurostat/api/dissemination/statistics/1.0/data/migr_imm1ctz?geo=ES&age=TOTAL&sex=T&agedef=REACH,A,PL,REACH,TOTAL,NR,T,ES
2019-01-01,2019,A|PL|REACH|TOTAL|NR|T|ES,3505.0,Number,Eurostat,https://ec.europa.eu/eurostat/api/dissemination/statistics/1.0/data/migr_imm1ctz?geo=ES&age=TOTAL&sex=T&agedef=REACH,A,PL,REACH,TOTAL,NR,T,ES
2020-01-01,2020,A|PL|REACH|TOTAL|NR|T|ES,2516.0,Number,Eurostat,https://ec.europa.eu/eurostat/api/dissemination/statistics/1.0/data/migr_imm1ctz?geo=ES&age=TOTAL&sex=T&agedef=REACH,A,PL,REACH,TOTAL,NR,T,ES
2021-01-01,2021,A|PL|REACH|TOTAL|NR|T|ES,5901.0,Number,Eurostat,https://ec.europa.eu/eurostat/api/dissemination/statistics/1.0/data/migr_imm1ctz?geo=ES&age=TOTAL&sex=T&agedef=REACH,A,PL,REACH,TOTAL,NR,T,ES
2022-01-01,2022,A|PL|REACH|TOTAL|NR|T|ES,7027.0,Number,Eurostat,https://ec.europa.eu/eurostat/api/dissemination/statistics/1.0/data/migr_imm1ctz?geo=ES&age=TOTAL&sex=T&agedef=REACH,A,PL,REACH,TOTAL,NR,T,ES
2023-01-01,2023,A|PL|REACH|TOTAL|NR|T|ES,7401.0,Number,Eurostat,https://ec.europa.eu/eurostat/api/dissemination/statistics/1.0/data/migr_imm1ctz?geo=ES&age=TOTAL&sex=T&agedef=REACH,A,PL,REACH,TOTAL,NR,T,ES
2024-01-01,2024,A|PL|REACH|TOTAL|NR|T|ES,7200.0,Number,Eurostat,https://ec.europa.eu/eurostat/api/dissemination/statistics/1.0/data/migr_imm1ctz?geo=ES&age=TOTAL&sex=T&agedef=REACH,A,PL,REACH,TOTAL,NR,T,ES
2008-01-01,2008,A|PM|REACH|TOTAL|NR|T|ES,0.0,Number,Eurostat,https://ec.europa.eu/eurostat/api/dissemination/statistics/1.0/data/migr_imm1ctz?geo=ES&age=TOTAL&sex=T&agedef=REACH,A,PM,REACH,TOTAL,NR,T,ES
2009-01-01,2009,A|PM|REACH|TOTAL|NR|T|ES,0.0,Number,Eurostat,https://ec.europa.eu/eurostat/api/dissemination/statistics/1.0/data/migr_imm1ctz?geo=ES&age=TOTAL&sex=T&agedef=REACH,A,PM,REACH,TOTAL,NR,T,ES
2010-01-01,2010,A|PM|REACH|TOTAL|NR|T|ES,0.0,Number,Eurostat,https://ec.europa.eu/eurostat/api/dissemination/statistics/1.0/data/migr_imm1ctz?geo=ES&age=TOTAL&sex=T&agedef=REACH,A,PM,REACH,TOTAL,NR,T,ES
2011-01-01,2011,A|PM|REACH|TOTAL|NR|T|ES,0.0,Number,Eurostat,https://ec.europa.eu/eurostat/api/dissemination/statistics/1.0/data/migr_imm1ctz?geo=ES&age=TOTAL&sex=T&agedef=REACH,A,PM,REACH,TOTAL,NR,T,ES
2012-01-01,2012,A|PM|REACH|TOTAL|NR|T|ES,0.0,Number,Eurostat,https://ec.europa.eu/eurostat/api/dissemination/statistics/1.0/data/migr_imm1ctz?geo=ES&age=TOTAL&sex=T&agedef=REACH,A,PM,REACH,TOTAL,NR,T,ES
2013-01-01,2013,A|PM|REACH|TOTAL|NR|T|ES,0.0,Number,Eurostat,https://ec.europa.eu/eurostat/api/dissemination/statistics/1.0/data/migr_imm1ctz?geo=ES&age=TOTAL&sex=T&agedef=REACH,A,PM,REACH,TOTAL,NR,T,ES
2014-01-01,2014,A|PM|REACH|TOTAL|NR|T|ES,0.0,Number,Eurostat,https://ec.europa.eu/eurostat/api/dissemination/statistics/1.0/data/migr_imm1ctz?geo=ES&age=TOTAL&sex=T&agedef=REACH,A,PM,REACH,TOTAL,NR,T,ES
1998-01-01,1998,A|PN|REACH|TOTAL|NR|T|ES,0.0,Number,Eurostat,https://ec.europa.eu/eurostat/api/dissemination/statistics/1.0/data/migr_imm1ctz?geo=ES&age=TOTAL&sex=T&agedef=REACH,A,PN,REACH,TOTAL,NR,T,ES
1999-01-01,1999,A|PN|REACH|TOTAL|NR|T|ES,0.0,Number,Eurostat,https://ec.europa.eu/eurostat/api/dissemination/statistics/1.0/data/migr_imm1ctz?geo=ES&age=TOTAL&sex=T&agedef=REACH,A,PN,REACH,TOTAL,NR,T,ES
2000-01-01,2000,A|PN|REACH|TOTAL|NR|T|ES,0.0,Number,Eurostat,https://ec.europa.eu/eurostat/api/dissemination/statistics/1.0/data/migr_imm1ctz?geo=ES&age=TOTAL&sex=T&agedef=REACH,A,PN,REACH,TOTAL,NR,T,ES
2001-01-01,2001,A|PN|REACH|TOTAL|NR|T|ES,0.0,Number,Eurostat,https://ec.europa.eu/eurostat/api/dissemination/statistics/1.0/data/migr_imm1ctz?geo=ES&age=TOTAL&sex=T&agedef=REACH,A,PN,REACH,TOTAL,NR,T,ES
2002-01-01,2002,A|PN|REACH|TOTAL|NR|T|ES,,Number,Eurostat,https://ec.europa.eu/eurostat/api/dissemination/statistics/1.0/data/migr_imm1ctz?geo=ES&age=TOTAL&sex=T&agedef=REACH,A,PN,REACH,TOTAL,NR,T,ES
2003-01-01,2003,A|PN|REACH|TOTAL|NR|T|ES,,Number,Eurostat,https://ec.europa.eu/eurostat/api/dissemination/statistics/1.0/data/migr_imm1ctz?geo=ES&age=TOTAL&sex=T&agedef=REACH,A,PN,REACH,TOTAL,NR,T,ES
2004-01-01,2004,A|PN|REACH|TOTAL|NR|T|ES,,Number,Eurostat,https://ec.europa.eu/eurostat/api/dissemination/statistics/1.0/data/migr_imm1ctz?geo=ES&age=TOTAL&sex=T&agedef=REACH,A,PN,REACH,TOTAL,NR,T,ES
2005-01-01,2005,A|PN|REACH|TOTAL|NR|T|ES,,Number,Eurostat,https://ec.europa.eu/eurostat/api/dissemination/statistics/1.0/data/migr_imm1ctz?geo=ES&age=TOTAL&sex=T&agedef=REACH,A,PN,REACH,TOTAL,NR,T,ES
2006-01-01,2006,A|PN|REACH|TOTAL|NR|T|ES,,Number,Eurostat,https://ec.europa.eu/eurostat/api/dissemination/statistics/1.0/data/migr_imm1ctz?geo=ES&age=TOTAL&sex=T&agedef=REACH,A,PN,REACH,TOTAL,NR,T,ES
2007-01-01,2007,A|PN|REACH|TOTAL|NR|T|ES,,Number,Eurostat,https://ec.europa.eu/eurostat/api/dissemination/statistics/1.0/data/migr_imm1ctz?geo=ES&age=TOTAL&sex=T&agedef=REACH,A,PN,REACH,TOTAL,NR,T,ES
2008-01-01,2008,A|PN|REACH|TOTAL|NR|T|ES,0.0,Number,Eurostat,https://ec.europa.eu/eurostat/api/dissemination/statistics/1.0/data/migr_imm1ctz?geo=ES&age=TOTAL&sex=T&agedef=REACH,A,PN,REACH,TOTAL,NR,T,ES
2009-01-01,2009,A|PN|REACH|TOTAL|NR|T|ES,0.0,Number,Eurostat,https://ec.europa.eu/eurostat/api/dissemination/statistics/1.0/data/migr_imm1ctz?geo=ES&age=TOTAL&sex=T&agedef=REACH,A,PN,REACH,TOTAL,NR,T,ES
2010-01-01,2010,A|PN|REACH|TOTAL|NR|T|ES,0.0,Number,Eurostat,https://ec.europa.eu/eurostat/api/dissemination/statistics/1.0/data/migr_imm1ctz?geo=ES&age=TOTAL&sex=T&agedef=REACH,A,PN,REACH,TOTAL,NR,T,ES
2011-01-01,2011,A|PN|REACH|TOTAL|NR|T|ES,0.0,Number,Eurostat,https://ec.europa.eu/eurostat/api/dissemination/statistics/1.0/data/migr_imm1ctz?geo=ES&age=TOTAL&sex=T&agedef=REACH,A,PN,REACH,TOTAL,NR,T,ES
2012-01-01,2012,A|PN|REACH|TOTAL|NR|T|ES,0.0,Number,Eurostat,https://ec.europa.eu/eurostat/api/dissemination/statistics/1.0/data/migr_imm1ctz?geo=ES&age=TOTAL&sex=T&agedef=REACH,A,PN,REACH,TOTAL,NR,T,ES
2013-01-01,2013,A|PN|REACH|TOTAL|NR|T|ES,0.0,Number,Eurostat,https://ec.europa.eu/eurostat/api/dissemination/statistics/1.0/data/migr_imm1ctz?geo=ES&age=TOTAL&sex=T&agedef=REACH,A,PN,REACH,TOTAL,NR,T,ES
2014-01-01,2014,A|PN|REACH|TOTAL|NR|T|ES,0.0,Number,Eurostat,https://ec.europa.eu/eurostat/api/dissemination/statistics/1.0/data/migr_imm1ctz?geo=ES&age=TOTAL&sex=T&agedef=REACH,A,PN,REACH,TOTAL,NR,T,ES
2008-01-01,2008,A|POL|REACH|TOTAL|NR|T|ES,1.0,Number,Eurostat,https://ec.europa.eu/eurostat/api/dissemination/statistics/1.0/data/migr_imm1ctz?geo=ES&age=TOTAL&sex=T&agedef=REACH,A,POL,REACH,TOTAL,NR,T,ES
2009-01-01,2009,A|POL|REACH|TOTAL|NR|T|ES,1.0,Number,Eurostat,https://ec.europa.eu/eurostat/api/dissemination/statistics/1.0/data/migr_imm1ctz?geo=ES&age=TOTAL&sex=T&agedef=REACH,A,POL,REACH,TOTAL,NR,T,ES
2010-01-01,2010,A|POL|REACH|TOTAL|NR|T|ES,1.0,Number,Eurostat,https://ec.europa.eu/eurostat/api/dissemination/statistics/1.0/data/migr_imm1ctz?geo=ES&age=TOTAL&sex=T&agedef=REACH,A,POL,REACH,TOTAL,NR,T,ES
2011-01-01,2011,A|POL|REACH|TOTAL|NR|T|ES,0.0,Number,Eurostat,https://ec.europa.eu/eurostat/api/dissemination/statistics/1.0/data/migr_imm1ctz?geo=ES&age=TOTAL&sex=T&agedef=REACH,A,POL,REACH,TOTAL,NR,T,ES
2012-01-01,2012,A|POL|REACH|TOTAL|NR|T|ES,1.0,Number,Eurostat,https://ec.europa.eu/eurostat/api/dissemination/statistics/1.0/data/migr_imm1ctz?geo=ES&age=TOTAL&sex=T&agedef=REACH,A,POL,REACH,TOTAL,NR,T,ES
2013-01-01,2013,A|POL|REACH|TOTAL|NR|T|ES,1.0,Number,Eurostat,https://ec.europa.eu/eurostat/api/dissemination/statistics/1.0/data/migr_imm1ctz?geo=ES&age=TOTAL&sex=T&agedef=REACH,A,POL,REACH,TOTAL,NR,T,ES
2014-01-01,2014,A|POL|REACH|TOTAL|NR|T|ES,5.0,Number,Eurostat,https://ec.europa.eu/eurostat/api/dissemination/statistics/1.0/data/migr_imm1ctz?geo=ES&age=TOTAL&sex=T&agedef=REACH,A,POL,REACH,TOTAL,NR,T,ES
1998-01-01,1998,A|PS|REACH|TOTAL|NR|T|ES,0.0,Number,Eurostat,https://ec.europa.eu/eurostat/api/dissemination/statistics/1.0/data/migr_imm1ctz?geo=ES&age=TOTAL&sex=T&agedef=REACH,A,PS,REACH,TOTAL,NR,T,ES
1999-01-01,1999,A|PS|REACH|TOTAL|NR|T|ES,0.0,Number,Eurostat,https://ec.europa.eu/eurostat/api/dissemination/statistics/1.0/data/migr_imm1ctz?geo=ES&age=TOTAL&sex=T&agedef=REACH,A,PS,REACH,TOTAL,NR,T,ES
2000-01-01,2000,A|PS|REACH|TOTAL|NR|T|ES,0.0,Number,Eurostat,https://ec.europa.eu/eurostat/api/dissemination/statistics/1.0/data/migr_imm1ctz?geo=ES&age=TOTAL&sex=T&agedef=REACH,A,PS,REACH,TOTAL,NR,T,ES
2001-01-01,2001,A|PS|REACH|TOTAL|NR|T|ES,0.0,Number,Eurostat,https://ec.europa.eu/eurostat/api/dissemination/statistics/1.0/data/migr_imm1ctz?geo=ES&age=TOTAL&sex=T&agedef=REACH,A,PS,REACH,TOTAL,NR,T,ES
2002-01-01,2002,A|PS|REACH|TOTAL|NR|T|ES,0.0,Number,Eurostat,https://ec.europa.eu/eurostat/api/dissemination/statistics/1.0/data/migr_imm1ctz?geo=ES&age=TOTAL&sex=T&agedef=REACH,A,PS,REACH,TOTAL,NR,T,ES
2003-01-01,2003,A|PS|REACH|TOTAL|NR|T|ES,,Number,Eurostat,https://ec.europa.eu/eurostat/api/dissemination/statistics/1.0/data/migr_imm1ctz?geo=ES&age=TOTAL&sex=T&agedef=REACH,A,PS,REACH,TOTAL,NR,T,ES
2004-01-01,2004,A|PS|REACH|TOTAL|NR|T|ES,0.0,Number,Eurostat,https://ec.europa.eu/eurostat/api/dissemination/statistics/1.0/data/migr_imm1ctz?geo=ES&age=TOTAL&sex=T&agedef=REACH,A,PS,REACH,TOTAL,NR,T,ES
2005-01-01,2005,A|PS|REACH|TOTAL|NR|T|ES,0.0,Number,Eurostat,https://ec.europa.eu/eurostat/api/dissemination/statistics/1.0/data/migr_imm1ctz?geo=ES&age=TOTAL&sex=T&agedef=REACH,A,PS,REACH,TOTAL,NR,T,ES
2006-01-01,2006,A|PS|REACH|TOTAL|NR|T|ES,0.0,Number,Eurostat,https://ec.europa.eu/eurostat/api/dissemination/statistics/1.0/data/migr_imm1ctz?geo=ES&age=TOTAL&sex=T&agedef=REACH,A,PS,REACH,TOTAL,NR,T,ES
2007-01-01,2007,A|PS|REACH|TOTAL|NR|T|ES,,Number,Eurostat,https://ec.europa.eu/eurostat/api/dissemination/statistics/1.0/data/migr_imm1ctz?geo=ES&age=TOTAL&sex=T&agedef=REACH,A,PS,REACH,TOTAL,NR,T,ES
2008-01-01,2008,A|PS|REACH|TOTAL|NR|T|ES,0.0,Number,Eurostat,https://ec.europa.eu/eurostat/api/dissemination/statistics/1.0/data/migr_imm1ctz?geo=ES&age=TOTAL&sex=T&agedef=REACH,A,PS,REACH,TOTAL,NR,T,ES
2009-01-01,2009,A|PS|REACH|TOTAL|NR|T|ES,0.0,Number,Eurostat,https://ec.europa.eu/eurostat/api/dissemination/statistics/1.0/data/migr_imm1ctz?geo=ES&age=TOTAL&sex=T&agedef=REACH,A,PS,REACH,TOTAL,NR,T,ES
2010-01-01,2010,A|PS|REACH|TOTAL|NR|T|ES,0.0,Number,Eurostat,https://ec.europa.eu/eurostat/api/dissemination/statistics/1.0/data/migr_imm1ctz?geo=ES&age=TOTAL&sex=T&agedef=REACH,A,PS,REACH,TOTAL,NR,T,ES
2011-01-01,2011,A|PS|REACH|TOTAL|NR|T|ES,0.0,Number,Eurostat,https://ec.europa.eu/eurostat/api/dissemination/statistics/1.0/data/migr_imm1ctz?geo=ES&age=TOTAL&sex=T&agedef=REACH,A,PS,REACH,TOTAL,NR,T,ES
2012-01-01,2012,A|PS|REACH|TOTAL|NR|T|ES,0.0,Number,Eurostat,https://ec.europa.eu/eurostat/api/dissemination/statistics/1.0/data/migr_imm1ctz?geo=ES&age=TOTAL&sex=T&agedef=REACH,A,PS,REACH,TOTAL,NR,T,ES
2013-01-01,2013,A|PS|REACH|TOTAL|NR|T|ES,0.0,Number,Eurostat,https://ec.europa.eu/eurostat/api/dissemination/statistics/1.0/data/migr_imm1ctz?geo=ES&age=TOTAL&sex=T&agedef=REACH,A,PS,REACH,TOTAL,NR,T,ES
2014-01-01,2014,A|PS|REACH|TOTAL|NR|T|ES,0.0,Number,Eurostat,https://ec.europa.eu/eurostat/api/dissemination/statistics/1.0/data/migr_imm1ctz?geo=ES&age=TOTAL&sex=T&agedef=REACH,A,PS,REACH,TOTAL,NR,T,ES
1998-01-01,1998,A|PT|REACH|TOTAL|NR|T|ES,1409.0,Number,Eurostat,https://ec.europa.eu/eurostat/api/dissemination/statistics/1.0/data/migr_imm1ctz?geo=ES&age=TOTAL&sex=T&agedef=REACH,A,PT,REACH,TOTAL,NR,T,ES
1999-01-01,1999,A|PT|REACH|TOTAL|NR|T|ES,2063.0,Number,Eurostat,https://ec.europa.eu/eurostat/api/dissemination/statistics/1.0/data/migr_imm1ctz?geo=ES&age=TOTAL&sex=T&agedef=REACH,A,PT,REACH,TOTAL,NR,T,ES
2000-01-01,2000,A|PT|REACH|TOTAL|NR|T|ES,2955.0,Number,Eurostat,https://ec.europa.eu/eurostat/api/dissemination/statistics/1.0/data/migr_imm1ctz?geo=ES&age=TOTAL&sex=T&agedef=REACH,A,PT,REACH,TOTAL,NR,T,ES
2001-01-01,2001,A|PT|REACH|TOTAL|NR|T|ES,3057.0,Number,Eurostat,https://ec.europa.eu/eurostat/api/dissemination/statistics/1.0/data/migr_imm1ctz?geo=ES&age=TOTAL&sex=T&agedef=REACH,A,PT,REACH,TOTAL,NR,T,ES
2002-01-01,2002,A|PT|REACH|TOTAL|NR|T|ES,3538.0,Number,Eurostat,https://ec.europa.eu/eurostat/api/dissemination/statistics/1.0/data/migr_imm1ctz?geo=ES&age=TOTAL&sex=T&agedef=REACH,A,PT,REACH,TOTAL,NR,T,ES
2003-01-01,2003,A|PT|REACH|TOTAL|NR|T|ES,,Number,Eurostat,https://ec.europa.eu/eurostat/api/dissemination/statistics/1.0/data/migr_imm1ctz?geo=ES&age=TOTAL&sex=T&agedef=REACH,A,PT,REACH,TOTAL,NR,T,ES
2004-01-01,2004,A|PT|REACH|TOTAL|NR|T|ES,9851.0,Number,Eurostat,https://ec.europa.eu/eurostat/api/dissemination/statistics/1.0/data/migr_imm1ctz?geo=ES&age=TOTAL&sex=T&agedef=REACH,A,PT,REACH,TOTAL,NR,T,ES
2005-01-01,2005,A|PT|REACH|TOTAL|NR|T|ES,13327.0,Number,Eurostat,https://ec.europa.eu/eurostat/api/dissemination/statistics/1.0/data/migr_imm1ctz?geo=ES&age=TOTAL&sex=T&agedef=REACH,A,PT,REACH,TOTAL,NR,T,ES
2006-01-01,2006,A|PT|REACH|TOTAL|NR|T|ES,20658.0,Number,Eurostat,https://ec.europa.eu/eurostat/api/dissemination/statistics/1.0/data/migr_imm1ctz?geo=ES&age=TOTAL&sex=T&agedef=REACH,A,PT,REACH,TOTAL,NR,T,ES
2007-01-01,2007,A|PT|REACH|TOTAL|NR|T|ES,27178.0,Number,Eurostat,https://ec.europa.eu/eurostat/api/dissemination/statistics/1.0/data/migr_imm1ctz?geo=ES&age=TOTAL&sex=T&agedef=REACH,A,PT,REACH,TOTAL,NR,T,ES
2008-01-01,2008,A|PT|REACH|TOTAL|NR|T|ES,13959.0,Number,Eurostat,https://ec.europa.eu/eurostat/api/dissemination/statistics/1.0/data/migr_imm1ctz?geo=ES&age=TOTAL&sex=T&agedef=REACH,A,PT,REACH,TOTAL,NR,T,ES
2009-01-01,2009,A|PT|REACH|TOTAL|NR|T|ES,7887.0,Number,Eurostat,https://ec.europa.eu/eurostat/api/dissemination/statistics/1.0/data/migr_imm1ctz?geo=ES&age=TOTAL&sex=T&agedef=REACH,A,PT,REACH,TOTAL,NR,T,ES
2010-01-01,2010,A|PT|REACH|TOTAL|NR|T|ES,6156.0,Number,Eurostat,https://ec.europa.eu/eurostat/api/dissemination/statistics/1.0/data/migr_imm1ctz?geo=ES&age=TOTAL&sex=T&agedef=REACH,A,PT,REACH,TOTAL,NR,T,ES
2011-01-01,2011,A|PT|REACH|TOTAL|NR|T|ES,6132.0,Number,Eurostat,https://ec.europa.eu/eurostat/api/dissemination/statistics/1.0/data/migr_imm1ctz?geo=ES&age=TOTAL&sex=T&agedef=REACH,A,PT,REACH,TOTAL,NR,T,ES
2012-01-01,2012,A|PT|REACH|TOTAL|NR|T|ES,5205.0,Number,Eurostat,https://ec.europa.eu/eurostat/api/dissemination/statistics/1.0/data/migr_imm1ctz?geo=ES&age=TOTAL&sex=T&agedef=REACH,A,PT,REACH,TOTAL,NR,T,ES
2013-01-01,2013,A|PT|REACH|TOTAL|NR|T|ES,4499.0,Number,Eurostat,https://ec.europa.eu/eurostat/api/dissemination/statistics/1.0/data/migr_imm1ctz?geo=ES&age=TOTAL&sex=T&agedef=REACH,A,PT,REACH,TOTAL,NR,T,ES
2014-01-01,2014,A|PT|REACH|TOTAL|NR|T|ES,4554.0,Number,Eurostat,https://ec.europa.eu/eurostat/api/dissemination/statistics/1.0/data/migr_imm1ctz?geo=ES&age=TOTAL&sex=T&agedef=REACH,A,PT,REACH,TOTAL,NR,T,ES
2015-01-01,2015,A|PT|REACH|TOTAL|NR|T|ES,5026.0,Number,Eurostat,https://ec.europa.eu/eurostat/api/dissemination/statistics/1.0/data/migr_imm1ctz?geo=ES&age=TOTAL&sex=T&agedef=REACH,A,PT,REACH,TOTAL,NR,T,ES
2016-01-01,2016,A|PT|REACH|TOTAL|NR|T|ES,5949.0,Number,Eurostat,https://ec.europa.eu/eurostat/api/dissemination/statistics/1.0/data/migr_imm1ctz?geo=ES&age=TOTAL&sex=T&agedef=REACH,A,PT,REACH,TOTAL,NR,T,ES
2017-01-01,2017,A|PT|REACH|TOTAL|NR|T|ES,7549.0,Number,Eurostat,https://ec.europa.eu/eurostat/api/dissemination/statistics/1.0/data/migr_imm1ctz?geo=ES&age=TOTAL&sex=T&agedef=REACH,A,PT,REACH,TOTAL,NR,T,ES
2018-01-01,2018,A|PT|REACH|TOTAL|NR|T|ES,8901.0,Number,Eurostat,https://ec.europa.eu/eurostat/api/dissemination/statistics/1.0/data/migr_imm1ctz?geo=ES&age=TOTAL&sex=T&agedef=REACH,A,PT,REACH,TOTAL,NR,T,ES
2019-01-01,2019,A|PT|REACH|TOTAL|NR|T|ES,8707.0,Number,Eurostat,https://ec.europa.eu/eurostat/api/dissemination/statistics/1.0/data/migr_imm1ctz?geo=ES&age=TOTAL&sex=T&agedef=REACH,A,PT,REACH,TOTAL,NR,T,ES
2020-01-01,2020,A|PT|REACH|TOTAL|NR|T|ES,5613.0,Number,Eurostat,https://ec.europa.eu/eurostat/api/dissemination/statistics/1.0/data/migr_imm1ctz?geo=ES&age=TOTAL&sex=T&agedef=REACH,A,PT,REACH,TOTAL,NR,T,ES
2021-01-01,2021,A|PT|REACH|TOTAL|NR|T|ES,11009.0,Number,Eurostat,https://ec.europa.eu/eurostat/api/dissemination/statistics/1.0/data/migr_imm1ctz?geo=ES&age=TOTAL&sex=T&agedef=REACH,A,PT,REACH,TOTAL,NR,T,ES
2022-01-01,2022,A|PT|REACH|TOTAL|NR|T|ES,11001.0,Number,Eurostat,https://ec.europa.eu/eurostat/api/dissemination/statistics/1.0/data/migr_imm1ctz?geo=ES&age=TOTAL&sex=T&agedef=REACH,A,PT,REACH,TOTAL,NR,T,ES
2023-01-01,2023,A|PT|REACH|TOTAL|NR|T|ES,11554.0,Number,Eurostat,https://ec.europa.eu/eurostat/api/dissemination/statistics/1.0/data/migr_imm1ctz?geo=ES&age=TOTAL&sex=T&agedef=REACH,A,PT,REACH,TOTAL,NR,T,ES
2024-01-01,2024,A|PT|REACH|TOTAL|NR|T|ES,11332.0,Number,Eurostat,https://ec.europa.eu/eurostat/api/dissemination/statistics/1.0/data/migr_imm1ctz?geo=ES&age=TOTAL&sex=T&agedef=REACH,A,PT,REACH,TOTAL,NR,T,ES
1998-01-01,1998,A|PW|REACH|TOTAL|NR|T|ES,0.0,Number,Eurostat,https://ec.europa.eu/eurostat/api/dissemination/statistics/1.0/data/migr_imm1ctz?geo=ES&age=TOTAL&sex=T&agedef=REACH,A,PW,REACH,TOTAL,NR,T,ES
1999-01-01,1999,A|PW|REACH|TOTAL|NR|T|ES,0.0,Number,Eurostat,https://ec.europa.eu/eurostat/api/dissemination/statistics/1.0/data/migr_imm1ctz?geo=ES&age=TOTAL&sex=T&agedef=REACH,A,PW,REACH,TOTAL,NR,T,ES
2000-01-01,2000,A|PW|REACH|TOTAL|NR|T|ES,0.0,Number,Eurostat,https://ec.europa.eu/eurostat/api/dissemination/statistics/1.0/data/migr_imm1ctz?geo=ES&age=TOTAL&sex=T&agedef=REACH,A,PW,REACH,TOTAL,NR,T,ES
2001-01-01,2001,A|PW|REACH|TOTAL|NR|T|ES,0.0,Number,Eurostat,https://ec.europa.eu/eurostat/api/dissemination/statistics/1.0/data/migr_imm1ctz?geo=ES&age=TOTAL&sex=T&agedef=REACH,A,PW,REACH,TOTAL,NR,T,ES
2002-01-01,2002,A|PW|REACH|TOTAL|NR|T|ES,0.0,Number,Eurostat,https://ec.europa.eu/eurostat/api/dissemination/statistics/1.0/data/migr_imm1ctz?geo=ES&age=TOTAL&sex=T&agedef=REACH,A,PW,REACH,TOTAL,NR,T,ES
2003-01-01,2003,A|PW|REACH|TOTAL|NR|T|ES,,Number,Eurostat,https://ec.europa.eu/eurostat/api/dissemination/statistics/1.0/data/migr_imm1ctz?geo=ES&age=TOTAL&sex=T&agedef=REACH,A,PW,REACH,TOTAL,NR,T,ES
2004-01-01,2004,A|PW|REACH|TOTAL|NR|T|ES,7.0,Number,Eurostat,https://ec.europa.eu/eurostat/api/dissemination/statistics/1.0/data/migr_imm1ctz?geo=ES&age=TOTAL&sex=T&agedef=REACH,A,PW,REACH,TOTAL,NR,T,ES
2005-01-01,2005,A|PW|REACH|TOTAL|NR|T|ES,7.0,Number,Eurostat,https://ec.europa.eu/eurostat/api/dissemination/statistics/1.0/data/migr_imm1ctz?geo=ES&age=TOTAL&sex=T&agedef=REACH,A,PW,REACH,TOTAL,NR,T,ES
2006-01-01,2006,A|PW|REACH|TOTAL|NR|T|ES,5.0,Number,Eurostat,https://ec.europa.eu/eurostat/api/dissemination/statistics/1.0/data/migr_imm1ctz?geo=ES&age=TOTAL&sex=T&agedef=REACH,A,PW,REACH,TOTAL,NR,T,ES
2007-01-01,2007,A|PW|REACH|TOTAL|NR|T|ES,0.0,Number,Eurostat,https://ec.europa.eu/eurostat/api/dissemination/statistics/1.0/data/migr_imm1ctz?geo=ES&age=TOTAL&sex=T&agedef=REACH,A,PW,REACH,TOTAL,NR,T,ES
2008-01-01,2008,A|PW|REACH|TOTAL|NR|T|ES,2.0,Number,Eurostat,https://ec.europa.eu/eurostat/api/dissemination/statistics/1.0/data/migr_imm1ctz?geo=ES&age=TOTAL&sex=T&agedef=REACH,A,PW,REACH,TOTAL,NR,T,ES
2009-01-01,2009,A|PW|REACH|TOTAL|NR|T|ES,3.0,Number,Eurostat,https://ec.europa.eu/eurostat/api/dissemination/statistics/1.0/data/migr_imm1ctz?geo=ES&age=TOTAL&sex=T&agedef=REACH,A,PW,REACH,TOTAL,NR,T,ES
2010-01-01,2010,A|PW|REACH|TOTAL|NR|T|ES,1.0,Number,Eurostat,https://ec.europa.eu/eurostat/api/dissemination/statistics/1.0/data/migr_imm1ctz?geo=ES&age=TOTAL&sex=T&agedef=REACH,A,PW,REACH,TOTAL,NR,T,ES
2011-01-01,2011,A|PW|REACH|TOTAL|NR|T|ES,0.0,Number,Eurostat,https://ec.europa.eu/eurostat/api/dissemination/statistics/1.0/data/migr_imm1ctz?geo=ES&age=TOTAL&sex=T&agedef=REACH,A,PW,REACH,TOTAL,NR,T,ES
2012-01-01,2012,A|PW|REACH|TOTAL|NR|T|ES,2.0,Number,Eurostat,https://ec.europa.eu/eurostat/api/dissemination/statistics/1.0/data/migr_imm1ctz?geo=ES&age=TOTAL&sex=T&agedef=REACH,A,PW,REACH,TOTAL,NR,T,ES
2013-01-01,2013,A|PW|REACH|TOTAL|NR|T|ES,1.0,Number,Eurostat,https://ec.europa.eu/eurostat/api/dissemination/statistics/1.0/data/migr_imm1ctz?geo=ES&age=TOTAL&sex=T&agedef=REACH,A,PW,REACH,TOTAL,NR,T,ES
2014-01-01,2014,A|PW|REACH|TOTAL|NR|T|ES,3.0,Number,Eurostat,https://ec.europa.eu/eurostat/api/dissemination/statistics/1.0/data/migr_imm1ctz?geo=ES&age=TOTAL&sex=T&agedef=REACH,A,PW,REACH,TOTAL,NR,T,ES
1998-01-01,1998,A|PY|REACH|TOTAL|NR|T|ES,43.0,Number,Eurostat,https://ec.europa.eu/eurostat/api/dissemination/statistics/1.0/data/migr_imm1ctz?geo=ES&age=TOTAL&sex=T&agedef=REACH,A,PY,REACH,TOTAL,NR,T,ES
1999-01-01,1999,A|PY|REACH|TOTAL|NR|T|ES,51.0,Number,Eurostat,https://ec.europa.eu/eurostat/api/dissemination/statistics/1.0/data/migr_imm1ctz?geo=ES&age=TOTAL&sex=T&agedef=REACH,A,PY,REACH,TOTAL,NR,T,ES
2000-01-01,2000,A|PY|REACH|TOTAL|NR|T|ES,162.0,Number,Eurostat,https://ec.europa.eu/eurostat/api/dissemination/statistics/1.0/data/migr_imm1ctz?geo=ES&age=TOTAL&sex=T&agedef=REACH,A,PY,REACH,TOTAL,NR,T,ES
2001-01-01,2001,A|PY|REACH|TOTAL|NR|T|ES,305.0,Number,Eurostat,https://ec.europa.eu/eurostat/api/dissemination/statistics/1.0/data/migr_imm1ctz?geo=ES&age=TOTAL&sex=T&agedef=REACH,A,PY,REACH,TOTAL,NR,T,ES
2002-01-01,2002,A|PY|REACH|TOTAL|NR|T|ES,745.0,Number,Eurostat,https://ec.europa.eu/eurostat/api/dissemination/statistics/1.0/data/migr_imm1ctz?geo=ES&age=TOTAL&sex=T&agedef=REACH,A,PY,REACH,TOTAL,NR,T,ES
2003-01-01,2003,A|PY|REACH|TOTAL|NR|T|ES,,Number,Eurostat,https://ec.europa.eu/eurostat/api/dissemination/statistics/1.0/data/migr_imm1ctz?geo=ES&age=TOTAL&sex=T&agedef=REACH,A,PY,REACH,TOTAL,NR,T,ES
2004-01-01,2004,A|PY|REACH|TOTAL|NR|T|ES,10386.0,Number,Eurostat,https://ec.europa.eu/eurostat/api/dissemination/statistics/1.0/data/migr_imm1ctz?geo=ES&age=TOTAL&sex=T&agedef=REACH,A,PY,REACH,TOTAL,NR,T,ES
2005-01-01,2005,A|PY|REACH|TOTAL|NR|T|ES,12573.0,Number,Eurostat,https://ec.europa.eu/eurostat/api/dissemination/statistics/1.0/data/migr_imm1ctz?geo=ES&age=TOTAL&sex=T&agedef=REACH,A,PY,REACH,TOTAL,NR,T,ES
2006-01-01,2006,A|PY|REACH|TOTAL|NR|T|ES,21617.0,Number,Eurostat,https://ec.europa.eu/eurostat/api/dissemination/statistics/1.0/data/migr_imm1ctz?geo=ES&age=TOTAL&sex=T&agedef=REACH,A,PY,REACH,TOTAL,NR,T,ES
2007-01-01,2007,A|PY|REACH|TOTAL|NR|T|ES,23989.0,Number,Eurostat,https://ec.europa.eu/eurostat/api/dissemination/statistics/1.0/data/migr_imm1ctz?geo=ES&age=TOTAL&sex=T&agedef=REACH,A,PY,REACH,TOTAL,NR,T,ES
2008-01-01,2008,A|PY|REACH|TOTAL|NR|T|ES,17410.0,Number,Eurostat,https://ec.europa.eu/eurostat/api/dissemination/statistics/1.0/data/migr_imm1ctz?geo=ES&age=TOTAL&sex=T&agedef=REACH,A,PY,REACH,TOTAL,NR,T,ES
2009-01-01,2009,A|PY|REACH|TOTAL|NR|T|ES,10768.0,Number,Eurostat,https://ec.europa.eu/eurostat/api/dissemination/statistics/1.0/data/migr_imm1ctz?geo=ES&age=TOTAL&sex=T&agedef=REACH,A,PY,REACH,TOTAL,NR,T,ES
2010-01-01,2010,A|PY|REACH|TOTAL|NR|T|ES,9373.0,Number,Eurostat,https://ec.europa.eu/eurostat/api/dissemination/statistics/1.0/data/migr_imm1ctz?geo=ES&age=TOTAL&sex=T&agedef=REACH,A,PY,REACH,TOTAL,NR,T,ES
2011-01-01,2011,A|PY|REACH|TOTAL|NR|T|ES,8229.0,Number,Eurostat,https://ec.europa.eu/eurostat/api/dissemination/statistics/1.0/data/migr_imm1ctz?geo=ES&age=TOTAL&sex=T&agedef=REACH,A,PY,REACH,TOTAL,NR,T,ES
2012-01-01,2012,A|PY|REACH|TOTAL|NR|T|ES,4801.0,Number,Eurostat,https://ec.europa.eu/eurostat/api/dissemination/statistics/1.0/data/migr_imm1ctz?geo=ES&age=TOTAL&sex=T&agedef=REACH,A,PY,REACH,TOTAL,NR,T,ES
2013-01-01,2013,A|PY|REACH|TOTAL|NR|T|ES,3762.0,Number,Eurostat,https://ec.europa.eu/eurostat/api/dissemination/statistics/1.0/data/migr_imm1ctz?geo=ES&age=TOTAL&sex=T&agedef=REACH,A,PY,REACH,TOTAL,NR,T,ES
2014-01-01,2014,A|PY|REACH|TOTAL|NR|T|ES,4239.0,Number,Eurostat,https://ec.europa.eu/eurostat/api/dissemination/statistics/1.0/data/migr_imm1ctz?geo=ES&age=TOTAL&sex=T&agedef=REACH,A,PY,REACH,TOTAL,NR,T,ES
2015-01-01,2015,A|PY|REACH|TOTAL|NR|T|ES,4668.0,Number,Eurostat,https://ec.europa.eu/eurostat/api/dissemination/statistics/1.0/data/migr_imm1ctz?geo=ES&age=TOTAL&sex=T&agedef=REACH,A,PY,REACH,TOTAL,NR,T,ES
2016-01-01,2016,A|PY|REACH|TOTAL|NR|T|ES,7169.0,Number,Eurostat,https://ec.europa.eu/eurostat/api/dissemination/statistics/1.0/data/migr_imm1ctz?geo=ES&age=TOTAL&sex=T&agedef=REACH,A,PY,REACH,TOTAL,NR,T,ES
2017-01-01,2017,A|PY|REACH|TOTAL|NR|T|ES,8364.0,Number,Eurostat,https://ec.europa.eu/eurostat/api/dissemination/statistics/1.0/data/migr_imm1ctz?geo=ES&age=TOTAL&sex=T&agedef=REACH,A,PY,REACH,TOTAL,NR,T,ES
2018-01-01,2018,A|PY|REACH|TOTAL|NR|T|ES,9303.0,Number,Eurostat,https://ec.europa.eu/eurostat/api/dissemination/statistics/1.0/data/migr_imm1ctz?geo=ES&age=TOTAL&sex=T&agedef=REACH,A,PY,REACH,TOTAL,NR,T,ES
2019-01-01,2019,A|PY|REACH|TOTAL|NR|T|ES,11981.0,Number,Eurostat,https://ec.europa.eu/eurostat/api/dissemination/statistics/1.0/data/migr_imm1ctz?geo=ES&age=TOTAL&sex=T&agedef=REACH,A,PY,REACH,TOTAL,NR,T,ES
2020-01-01,2020,A|PY|REACH|TOTAL|NR|T|ES,6475.0,Number,Eurostat,https://ec.europa.eu/eurostat/api/dissemination/statistics/1.0/data/migr_imm1ctz?geo=ES&age=TOTAL&sex=T&agedef=REACH,A,PY,REACH,TOTAL,NR,T,ES
2021-01-01,2021,A|PY|REACH|TOTAL|NR|T|ES,10375.0,Number,Eurostat,https://ec.europa.eu/eurostat/api/dissemination/statistics/1.0/data/migr_imm1ctz?geo=ES&age=TOTAL&sex=T&agedef=REACH,A,PY,REACH,TOTAL,NR,T,ES
2022-01-01,2022,A|PY|REACH|TOTAL|NR|T|ES,23453.0,Number,Eurostat,https://ec.europa.eu/eurostat/api/dissemination/statistics/1.0/data/migr_imm1ctz?geo=ES&age=TOTAL&sex=T&agedef=REACH,A,PY,REACH,TOTAL,NR,T,ES
2023-01-01,2023,A|PY|REACH|TOTAL|NR|T|ES,24324.0,Number,Eurostat,https://ec.europa.eu/eurostat/api/dissemination/statistics/1.0/data/migr_imm1ctz?geo=ES&age=TOTAL&sex=T&agedef=REACH,A,PY,REACH,TOTAL,NR,T,ES
2024-01-01,2024,A|PY|REACH|TOTAL|NR|T|ES,24704.0,Number,Eurostat,https://ec.europa.eu/eurostat/api/dissemination/statistics/1.0/data/migr_imm1ctz?geo=ES&age=TOTAL&sex=T&agedef=REACH,A,PY,REACH,TOTAL,NR,T,ES
1998-01-01,1998,A|QA|REACH|TOTAL|NR|T|ES,1.0,Number,Eurostat,https://ec.europa.eu/eurostat/api/dissemination/statistics/1.0/data/migr_imm1ctz?geo=ES&age=TOTAL&sex=T&agedef=REACH,A,QA,REACH,TOTAL,NR,T,ES
1999-01-01,1999,A|QA|REACH|TOTAL|NR|T|ES,0.0,Number,Eurostat,https://ec.europa.eu/eurostat/api/dissemination/statistics/1.0/data/migr_imm1ctz?geo=ES&age=TOTAL&sex=T&agedef=REACH,A,QA,REACH,TOTAL,NR,T,ES
2000-01-01,2000,A|QA|REACH|TOTAL|NR|T|ES,1.0,Number,Eurostat,https://ec.europa.eu/eurostat/api/dissemination/statistics/1.0/data/migr_imm1ctz?geo=ES&age=TOTAL&sex=T&agedef=REACH,A,QA,REACH,TOTAL,NR,T,ES
2001-01-01,2001,A|QA|REACH|TOTAL|NR|T|ES,2.0,Number,Eurostat,https://ec.europa.eu/eurostat/api/dissemination/statistics/1.0/data/migr_imm1ctz?geo=ES&age=TOTAL&sex=T&agedef=REACH,A,QA,REACH,TOTAL,NR,T,ES
2002-01-01,2002,A|QA|REACH|TOTAL|NR|T|ES,2.0,Number,Eurostat,https://ec.europa.eu/eurostat/api/dissemination/statistics/1.0/data/migr_imm1ctz?geo=ES&age=TOTAL&sex=T&agedef=REACH,A,QA,REACH,TOTAL,NR,T,ES
2003-01-01,2003,A|QA|REACH|TOTAL|NR|T|ES,,Number,Eurostat,https://ec.europa.eu/eurostat/api/dissemination/statistics/1.0/data/migr_imm1ctz?geo=ES&age=TOTAL&sex=T&agedef=REACH,A,QA,REACH,TOTAL,NR,T,ES
2004-01-01,2004,A|QA|REACH|TOTAL|NR|T|ES,4.0,Number,Eurostat,https://ec.europa.eu/eurostat/api/dissemination/statistics/1.0/data/migr_imm1ctz?geo=ES&age=TOTAL&sex=T&agedef=REACH,A,QA,REACH,TOTAL,NR,T,ES
2005-01-01,2005,A|QA|REACH|TOTAL|NR|T|ES,0.0,Number,Eurostat,https://ec.europa.eu/eurostat/api/dissemination/statistics/1.0/data/migr_imm1ctz?geo=ES&age=TOTAL&sex=T&agedef=REACH,A,QA,REACH,TOTAL,NR,T,ES
2006-01-01,2006,A|QA|REACH|TOTAL|NR|T|ES,3.0,Number,Eurostat,https://ec.europa.eu/eurostat/api/dissemination/statistics/1.0/data/migr_imm1ctz?geo=ES&age=TOTAL&sex=T&agedef=REACH,A,QA,REACH,TOTAL,NR,T,ES
2007-01-01,2007,A|QA|REACH|TOTAL|NR|T|ES,1.0,Number,Eurostat,https://ec.europa.eu/eurostat/api/dissemination/statistics/1.0/data/migr_imm1ctz?geo=ES&age=TOTAL&sex=T&agedef=REACH,A,QA,REACH,TOTAL,NR,T,ES
2008-01-01,2008,A|RNC|REACH|TOTAL|NR|T|ES,0.0,Number,Eurostat,https://ec.europa.eu/eurostat/api/dissemination/statistics/1.0/data/migr_imm1ctz?geo=ES&age=TOTAL&sex=T&agedef=REACH,A,RNC,REACH,TOTAL,NR,T,ES
2009-01-01,2009,A|RNC|REACH|TOTAL|NR|T|ES,0.0,Number,Eurostat,https://ec.europa.eu/eurostat/api/dissemination/statistics/1.0/data/migr_imm1ctz?geo=ES&age=TOTAL&sex=T&agedef=REACH,A,RNC,REACH,TOTAL,NR,T,ES
2010-01-01,2010,A|RNC|REACH|TOTAL|NR|T|ES,0.0,Number,Eurostat,https://ec.europa.eu/eurostat/api/dissemination/statistics/1.0/data/migr_imm1ctz?geo=ES&age=TOTAL&sex=T&agedef=REACH,A,RNC,REACH,TOTAL,NR,T,ES
2011-01-01,2011,A|RNC|REACH|TOTAL|NR|T|ES,0.0,Number,Eurostat,https://ec.europa.eu/eurostat/api/dissemination/statistics/1.0/data/migr_imm1ctz?geo=ES&age=TOTAL&sex=T&agedef=REACH,A,RNC,REACH,TOTAL,NR,T,ES
2012-01-01,2012,A|RNC|REACH|TOTAL|NR|T|ES,0.0,Number,Eurostat,https://ec.europa.eu/eurostat/api/dissemination/statistics/1.0/data/migr_imm1ctz?geo=ES&age=TOTAL&sex=T&agedef=REACH,A,RNC,REACH,TOTAL,NR,T,ES
2013-01-01,2013,A|RNC|REACH|TOTAL|NR|T|ES,0.0,Number,Eurostat,https://ec.europa.eu/eurostat/api/dissemination/statistics/1.0/data/migr_imm1ctz?geo=ES&age=TOTAL&sex=T&agedef=REACH,A,RNC,REACH,TOTAL,NR,T,ES
2014-01-01,2014,A|RNC|REACH|TOTAL|NR|T|ES,0.0,Number,Eurostat,https://ec.europa.eu/eurostat/api/dissemination/statistics/1.0/data/migr_imm1ctz?geo=ES&age=TOTAL&sex=T&agedef=REACH,A,RNC,REACH,TOTAL,NR,T,ES
1998-01-01,1998,A|RO|REACH|TOTAL|NR|T|ES,502.0,Number,Eurostat,https://ec.europa.eu/eurostat/api/dissemination/statistics/1.0/data/migr_imm1ctz?geo=ES&age=TOTAL&sex=T&agedef=REACH,A,RO,REACH,TOTAL,NR,T,ES
1999-01-01,1999,A|RO|REACH|TOTAL|NR|T|ES,1782.0,Number,Eurostat,https://ec.europa.eu/eurostat/api/dissemination/statistics/1.0/data/migr_imm1ctz?geo=ES&age=TOTAL&sex=T&agedef=REACH,A,RO,REACH,TOTAL,NR,T,ES
2000-01-01,2000,A|RO|REACH|TOTAL|NR|T|ES,17456.0,Number,Eurostat,https://ec.europa.eu/eurostat/api/dissemination/statistics/1.0/data/migr_imm1ctz?geo=ES&age=TOTAL&sex=T&agedef=REACH,A,RO,REACH,TOTAL,NR,T,ES
2001-01-01,2001,A|RO|REACH|TOTAL|NR|T|ES,23295.0,Number,Eurostat,https://ec.europa.eu/eurostat/api/dissemination/statistics/1.0/data/migr_imm1ctz?geo=ES&age=TOTAL&sex=T&agedef=REACH,A,RO,REACH,TOTAL,NR,T,ES
2002-01-01,2002,A|RO|REACH|TOTAL|NR|T|ES,48330.0,Number,Eurostat,https://ec.europa.eu/eurostat/api/dissemination/statistics/1.0/data/migr_imm1ctz?geo=ES&age=TOTAL&sex=T&agedef=REACH,A,RO,REACH,TOTAL,NR,T,ES
2003-01-01,2003,A|RO|REACH|TOTAL|NR|T|ES,,Number,Eurostat,https://ec.europa.eu/eurostat/api/dissemination/statistics/1.0/data/migr_imm1ctz?geo=ES&age=TOTAL&sex=T&agedef=REACH,A,RO,REACH,TOTAL,NR,T,ES
2004-01-01,2004,A|RO|REACH|TOTAL|NR|T|ES,103572.0,Number,Eurostat,https://ec.europa.eu/eurostat/api/dissemination/statistics/1.0/data/migr_imm1ctz?geo=ES&age=TOTAL&sex=T&agedef=REACH,A,RO,REACH,TOTAL,NR,T,ES
2005-01-01,2005,A|RO|REACH|TOTAL|NR|T|ES,108294.0,Number,Eurostat,https://ec.europa.eu/eurostat/api/dissemination/statistics/1.0/data/migr_imm1ctz?geo=ES&age=TOTAL&sex=T&agedef=REACH,A,RO,REACH,TOTAL,NR,T,ES
2006-01-01,2006,A|RO|REACH|TOTAL|NR|T|ES,131457.0,Number,Eurostat,https://ec.europa.eu/eurostat/api/dissemination/statistics/1.0/data/migr_imm1ctz?geo=ES&age=TOTAL&sex=T&agedef=REACH,A,RO,REACH,TOTAL,NR,T,ES
2007-01-01,2007,A|RO|REACH|TOTAL|NR|T|ES,197642.0,Number,Eurostat,https://ec.europa.eu/eurostat/api/dissemination/statistics/1.0/data/migr_imm1ctz?geo=ES&age=TOTAL&sex=T&agedef=REACH,A,RO,REACH,TOTAL,NR,T,ES
2008-01-01,2008,A|RO|REACH|TOTAL|NR|T|ES,61266.0,Number,Eurostat,https://ec.europa.eu/eurostat/api/dissemination/statistics/1.0/data/migr_imm1ctz?geo=ES&age=TOTAL&sex=T&agedef=REACH,A,RO,REACH,TOTAL,NR,T,ES
2009-01-01,2009,A|RO|REACH|TOTAL|NR|T|ES,44082.0,Number,Eurostat,https://ec.europa.eu/eurostat/api/dissemination/statistics/1.0/data/migr_imm1ctz?geo=ES&age=TOTAL&sex=T&agedef=REACH,A,RO,REACH,TOTAL,NR,T,ES
2010-01-01,2010,A|RO|REACH|TOTAL|NR|T|ES,51921.0,Number,Eurostat,https://ec.europa.eu/eurostat/api/dissemination/statistics/1.0/data/migr_imm1ctz?geo=ES&age=TOTAL&sex=T&agedef=REACH,A,RO,REACH,TOTAL,NR,T,ES
2011-01-01,2011,A|RO|REACH|TOTAL|NR|T|ES,50833.0,Number,Eurostat,https://ec.europa.eu/eurostat/api/dissemination/statistics/1.0/data/migr_imm1ctz?geo=ES&age=TOTAL&sex=T&agedef=REACH,A,RO,REACH,TOTAL,NR,T,ES
2012-01-01,2012,A|RO|REACH|TOTAL|NR|T|ES,27276.0,Number,Eurostat,https://ec.europa.eu/eurostat/api/dissemination/statistics/1.0/data/migr_imm1ctz?geo=ES&age=TOTAL&sex=T&agedef=REACH,A,RO,REACH,TOTAL,NR,T,ES
2013-01-01,2013,A|RO|REACH|TOTAL|NR|T|ES,22775.0,Number,Eurostat,https://ec.europa.eu/eurostat/api/dissemination/statistics/1.0/data/migr_imm1ctz?geo=ES&age=TOTAL&sex=T&agedef=REACH,A,RO,REACH,TOTAL,NR,T,ES
2014-01-01,2014,A|RO|REACH|TOTAL|NR|T|ES,29722.0,Number,Eurostat,https://ec.europa.eu/eurostat/api/dissemination/statistics/1.0/data/migr_imm1ctz?geo=ES&age=TOTAL&sex=T&agedef=REACH,A,RO,REACH,TOTAL,NR,T,ES
2015-01-01,2015,A|RO|REACH|TOTAL|NR|T|ES,28784.0,Number,Eurostat,https://ec.europa.eu/eurostat/api/dissemination/statistics/1.0/data/migr_imm1ctz?geo=ES&age=TOTAL&sex=T&agedef=REACH,A,RO,REACH,TOTAL,NR,T,ES
2016-01-01,2016,A|RO|REACH|TOTAL|NR|T|ES,28629.0,Number,Eurostat,https://ec.europa.eu/eurostat/api/dissemination/statistics/1.0/data/migr_imm1ctz?geo=ES&age=TOTAL&sex=T&agedef=REACH,A,RO,REACH,TOTAL,NR,T,ES
2017-01-01,2017,A|RO|REACH|TOTAL|NR|T|ES,31031.0,Number,Eurostat,https://ec.europa.eu/eurostat/api/dissemination/statistics/1.0/data/migr_imm1ctz?geo=ES&age=TOTAL&sex=T&agedef=REACH,A,RO,REACH,TOTAL,NR,T,ES
2018-01-01,2018,A|RO|REACH|TOTAL|NR|T|ES,29102.0,Number,Eurostat,https://ec.europa.eu/eurostat/api/dissemination/statistics/1.0/data/migr_imm1ctz?geo=ES&age=TOTAL&sex=T&agedef=REACH,A,RO,REACH,TOTAL,NR,T,ES
2019-01-01,2019,A|RO|REACH|TOTAL|NR|T|ES,27011.0,Number,Eurostat,https://ec.europa.eu/eurostat/api/dissemination/statistics/1.0/data/migr_imm1ctz?geo=ES&age=TOTAL&sex=T&agedef=REACH,A,RO,REACH,TOTAL,NR,T,ES
2020-01-01,2020,A|RO|REACH|TOTAL|NR|T|ES,15737.0,Number,Eurostat,https://ec.europa.eu/eurostat/api/dissemination/statistics/1.0/data/migr_imm1ctz?geo=ES&age=TOTAL&sex=T&agedef=REACH,A,RO,REACH,TOTAL,NR,T,ES
2021-01-01,2021,A|RO|REACH|TOTAL|NR|T|ES,47480.0,Number,Eurostat,https://ec.europa.eu/eurostat/api/dissemination/statistics/1.0/data/migr_imm1ctz?geo=ES&age=TOTAL&sex=T&agedef=REACH,A,RO,REACH,TOTAL,NR,T,ES
2022-01-01,2022,A|RO|REACH|TOTAL|NR|T|ES,48011.0,Number,Eurostat,https://ec.europa.eu/eurostat/api/dissemination/statistics/1.0/data/migr_imm1ctz?geo=ES&age=TOTAL&sex=T&agedef=REACH,A,RO,REACH,TOTAL,NR,T,ES
2023-01-01,2023,A|RO|REACH|TOTAL|NR|T|ES,45663.0,Number,Eurostat,https://ec.europa.eu/eurostat/api/dissemination/statistics/1.0/data/migr_imm1ctz?geo=ES&age=TOTAL&sex=T&agedef=REACH,A,RO,REACH,TOTAL,NR,T,ES
2024-01-01,2024,A|RO|REACH|TOTAL|NR|T|ES,38104.0,Number,Eurostat,https://ec.europa.eu/eurostat/api/dissemination/statistics/1.0/data/migr_imm1ctz?geo=ES&age=TOTAL&sex=T&agedef=REACH,A,RO,REACH,TOTAL,NR,T,ES
2002-01-01,2002,A|RS_ME|REACH|TOTAL|NR|T|ES,307.0,Number,Eurostat,https://ec.europa.eu/eurostat/api/dissemination/statistics/1.0/data/migr_imm1ctz?geo=ES&age=TOTAL&sex=T&agedef=REACH,A,RS_ME,REACH,TOTAL,NR,T,ES
2003-01-01,2003,A|RS_ME|REACH|TOTAL|NR|T|ES,,Number,Eurostat,https://ec.europa.eu/eurostat/api/dissemination/statistics/1.0/data/migr_imm1ctz?geo=ES&age=TOTAL&sex=T&agedef=REACH,A,RS_ME,REACH,TOTAL,NR,T,ES
2004-01-01,2004,A|RS_ME|REACH|TOTAL|NR|T|ES,404.0,Number,Eurostat,https://ec.europa.eu/eurostat/api/dissemination/statistics/1.0/data/migr_imm1ctz?geo=ES&age=TOTAL&sex=T&agedef=REACH,A,RS_ME,REACH,TOTAL,NR,T,ES
2005-01-01,2005,A|RS_ME|REACH|TOTAL|NR|T|ES,427.0,Number,Eurostat,https://ec.europa.eu/eurostat/api/dissemination/statistics/1.0/data/migr_imm1ctz?geo=ES&age=TOTAL&sex=T&agedef=REACH,A,RS_ME,REACH,TOTAL,NR,T,ES
2006-01-01,2006,A|RS_ME|REACH|TOTAL|NR|T|ES,,Number,Eurostat,https://ec.europa.eu/eurostat/api/dissemination/statistics/1.0/data/migr_imm1ctz?geo=ES&age=TOTAL&sex=T&agedef=REACH,A,RS_ME,REACH,TOTAL,NR,T,ES
2007-01-01,2007,A|RS_ME|REACH|TOTAL|NR|T|ES,,Number,Eurostat,https://ec.europa.eu/eurostat/api/dissemination/statistics/1.0/data/migr_imm1ctz?geo=ES&age=TOTAL&sex=T&agedef=REACH,A,RS_ME,REACH,TOTAL,NR,T,ES
2008-01-01,2008,A|RS_ME|REACH|TOTAL|NR|T|ES,0.0,Number,Eurostat,https://ec.europa.eu/eurostat/api/dissemination/statistics/1.0/data/migr_imm1ctz?geo=ES&age=TOTAL&sex=T&agedef=REACH,A,RS_ME,REACH,TOTAL,NR,T,ES
2009-01-01,2009,A|RS_ME|REACH|TOTAL|NR|T|ES,0.0,Number,Eurostat,https://ec.europa.eu/eurostat/api/dissemination/statistics/1.0/data/migr_imm1ctz?geo=ES&age=TOTAL&sex=T&agedef=REACH,A,RS_ME,REACH,TOTAL,NR,T,ES
2010-01-01,2010,A|RS_ME|REACH|TOTAL|NR|T|ES,0.0,Number,Eurostat,https://ec.europa.eu/eurostat/api/dissemination/statistics/1.0/data/migr_imm1ctz?geo=ES&age=TOTAL&sex=T&agedef=REACH,A,RS_ME,REACH,TOTAL,NR,T,ES
2011-01-01,2011,A|RS_ME|REACH|TOTAL|NR|T|ES,0.0,Number,Eurostat,https://ec.europa.eu/eurostat/api/dissemination/statistics/1.0/data/migr_imm1ctz?geo=ES&age=TOTAL&sex=T&agedef=REACH,A,RS_ME,REACH,TOTAL,NR,T,ES
2012-01-01,2012,A|RS_ME|REACH|TOTAL|NR|T|ES,0.0,Number,Eurostat,https://ec.europa.eu/eurostat/api/dissemination/statistics/1.0/data/migr_imm1ctz?geo=ES&age=TOTAL&sex=T&agedef=REACH,A,RS_ME,REACH,TOTAL,NR,T,ES
2013-01-01,2013,A|RS_ME|REACH|TOTAL|NR|T|ES,0.0,Number,Eurostat,https://ec.europa.eu/eurostat/api/dissemination/statistics/1.0/data/migr_imm1ctz?geo=ES&age=TOTAL&sex=T&agedef=REACH,A,RS_ME,REACH,TOTAL,NR,T,ES
2014-01-01,2014,A|RS_ME|REACH|TOTAL|NR|T|ES,0.0,Number,Eurostat,https://ec.europa.eu/eurostat/api/dissemination/statistics/1.0/data/migr_imm1ctz?geo=ES&age=TOTAL&sex=T&agedef=REACH,A,RS_ME,REACH,TOTAL,NR,T,ES
2006-01-01,2006,A|RS|REACH|TOTAL|NR|T|ES,385.0,Number,Eurostat,https://ec.europa.eu/eurostat/api/dissemination/statistics/1.0/data/migr_imm1ctz?geo=ES&age=TOTAL&sex=T&agedef=REACH,A,RS,REACH,TOTAL,NR,T,ES
2007-01-01,2007,A|RS|REACH|TOTAL|NR|T|ES,364.0,Number,Eurostat,https://ec.europa.eu/eurostat/api/dissemination/statistics/1.0/data/migr_imm1ctz?geo=ES&age=TOTAL&sex=T&agedef=REACH,A,RS,REACH,TOTAL,NR,T,ES
1998-01-01,1998,A|RU|REACH|TOTAL|NR|T|ES,425.0,Number,Eurostat,https://ec.europa.eu/eurostat/api/dissemination/statistics/1.0/data/migr_imm1ctz?geo=ES&age=TOTAL&sex=T&agedef=REACH,A,RU,REACH,TOTAL,NR,T,ES
1999-01-01,1999,A|RU|REACH|TOTAL|NR|T|ES,858.0,Number,Eurostat,https://ec.europa.eu/eurostat/api/dissemination/statistics/1.0/data/migr_imm1ctz?geo=ES&age=TOTAL&sex=T&agedef=REACH,A,RU,REACH,TOTAL,NR,T,ES
2000-01-01,2000,A|RU|REACH|TOTAL|NR|T|ES,3521.0,Number,Eurostat,https://ec.europa.eu/eurostat/api/dissemination/statistics/1.0/data/migr_imm1ctz?geo=ES&age=TOTAL&sex=T&agedef=REACH,A,RU,REACH,TOTAL,NR,T,ES
2001-01-01,2001,A|RU|REACH|TOTAL|NR|T|ES,4644.0,Number,Eurostat,https://ec.europa.eu/eurostat/api/dissemination/statistics/1.0/data/migr_imm1ctz?geo=ES&age=TOTAL&sex=T&agedef=REACH,A,RU,REACH,TOTAL,NR,T,ES
2002-01-01,2002,A|RU|REACH|TOTAL|NR|T|ES,4609.0,Number,Eurostat,https://ec.europa.eu/eurostat/api/dissemination/statistics/1.0/data/migr_imm1ctz?geo=ES&age=TOTAL&sex=T&agedef=REACH,A,RU,REACH,TOTAL,NR,T,ES
2003-01-01,2003,A|RU|REACH|TOTAL|NR|T|ES,,Number,Eurostat,https://ec.europa.eu/eurostat/api/dissemination/statistics/1.0/data/migr_imm1ctz?geo=ES&age=TOTAL&sex=T&agedef=REACH,A,RU,REACH,TOTAL,NR,T,ES
2004-01-01,2004,A|RU|REACH|TOTAL|NR|T|ES,7354.0,Number,Eurostat,https://ec.europa.eu/eurostat/api/dissemination/statistics/1.0/data/migr_imm1ctz?geo=ES&age=TOTAL&sex=T&agedef=REACH,A,RU,REACH,TOTAL,NR,T,ES
2005-01-01,2005,A|RU|REACH|TOTAL|NR|T|ES,7752.0,Number,Eurostat,https://ec.europa.eu/eurostat/api/dissemination/statistics/1.0/data/migr_imm1ctz?geo=ES&age=TOTAL&sex=T&agedef=REACH,A,RU,REACH,TOTAL,NR,T,ES
2006-01-01,2006,A|RU|REACH|TOTAL|NR|T|ES,8041.0,Number,Eurostat,https://ec.europa.eu/eurostat/api/dissemination/statistics/1.0/data/migr_imm1ctz?geo=ES&age=TOTAL&sex=T&agedef=REACH,A,RU,REACH,TOTAL,NR,T,ES
2007-01-01,2007,A|RU|REACH|TOTAL|NR|T|ES,7276.0,Number,Eurostat,https://ec.europa.eu/eurostat/api/dissemination/statistics/1.0/data/migr_imm1ctz?geo=ES&age=TOTAL&sex=T&agedef=REACH,A,RU,REACH,TOTAL,NR,T,ES
2008-01-01,2008,A|RU|REACH|TOTAL|NR|T|ES,5750.0,Number,Eurostat,https://ec.europa.eu/eurostat/api/dissemination/statistics/1.0/data/migr_imm1ctz?geo=ES&age=TOTAL&sex=T&agedef=REACH,A,RU,REACH,TOTAL,NR,T,ES
2009-01-01,2009,A|RU|REACH|TOTAL|NR|T|ES,5290.0,Number,Eurostat,https://ec.europa.eu/eurostat/api/dissemination/statistics/1.0/data/migr_imm1ctz?geo=ES&age=TOTAL&sex=T&agedef=REACH,A,RU,REACH,TOTAL,NR,T,ES
2010-01-01,2010,A|RU|REACH|TOTAL|NR|T|ES,6174.0,Number,Eurostat,https://ec.europa.eu/eurostat/api/dissemination/statistics/1.0/data/migr_imm1ctz?geo=ES&age=TOTAL&sex=T&agedef=REACH,A,RU,REACH,TOTAL,NR,T,ES
2011-01-01,2011,A|RU|REACH|TOTAL|NR|T|ES,7640.0,Number,Eurostat,https://ec.europa.eu/eurostat/api/dissemination/statistics/1.0/data/migr_imm1ctz?geo=ES&age=TOTAL&sex=T&agedef=REACH,A,RU,REACH,TOTAL,NR,T,ES
2012-01-01,2012,A|RU|REACH|TOTAL|NR|T|ES,7645.0,Number,Eurostat,https://ec.europa.eu/eurostat/api/dissemination/statistics/1.0/data/migr_imm1ctz?geo=ES&age=TOTAL&sex=T&agedef=REACH,A,RU,REACH,TOTAL,NR,T,ES
2013-01-01,2013,A|RU|REACH|TOTAL|NR|T|ES,8441.0,Number,Eurostat,https://ec.europa.eu/eurostat/api/dissemination/statistics/1.0/data/migr_imm1ctz?geo=ES&age=TOTAL&sex=T&agedef=REACH,A,RU,REACH,TOTAL,NR,T,ES
2014-01-01,2014,A|RU|REACH|TOTAL|NR|T|ES,8208.0,Number,Eurostat,https://ec.europa.eu/eurostat/api/dissemination/statistics/1.0/data/migr_imm1ctz?geo=ES&age=TOTAL&sex=T&agedef=REACH,A,RU,REACH,TOTAL,NR,T,ES
2015-01-01,2015,A|RU|REACH|TOTAL|NR|T|ES,7042.0,Number,Eurostat,https://ec.europa.eu/eurostat/api/dissemination/statistics/1.0/data/migr_imm1ctz?geo=ES&age=TOTAL&sex=T&agedef=REACH,A,RU,REACH,TOTAL,NR,T,ES
2016-01-01,2016,A|RU|REACH|TOTAL|NR|T|ES,6236.0,Number,Eurostat,https://ec.europa.eu/eurostat/api/dissemination/statistics/1.0/data/migr_imm1ctz?geo=ES&age=TOTAL&sex=T&agedef=REACH,A,RU,REACH,TOTAL,NR,T,ES
2017-01-01,2017,A|RU|REACH|TOTAL|NR|T|ES,7004.0,Number,Eurostat,https://ec.europa.eu/eurostat/api/dissemination/statistics/1.0/data/migr_imm1ctz?geo=ES&age=TOTAL&sex=T&agedef=REACH,A,RU,REACH,TOTAL,NR,T,ES
2018-01-01,2018,A|RU|REACH|TOTAL|NR|T|ES,8058.0,Number,Eurostat,https://ec.europa.eu/eurostat/api/dissemination/statistics/1.0/data/migr_imm1ctz?geo=ES&age=TOTAL&sex=T&agedef=REACH,A,RU,REACH,TOTAL,NR,T,ES
2019-01-01,2019,A|RU|REACH|TOTAL|NR|T|ES,9036.0,Number,Eurostat,https://ec.europa.eu/eurostat/api/dissemination/statistics/1.0/data/migr_imm1ctz?geo=ES&age=TOTAL&sex=T&agedef=REACH,A,RU,REACH,TOTAL,NR,T,ES
2020-01-01,2020,A|RU|REACH|TOTAL|NR|T|ES,4690.0,Number,Eurostat,https://ec.europa.eu/eurostat/api/dissemination/statistics/1.0/data/migr_imm1ctz?geo=ES&age=TOTAL&sex=T&agedef=REACH,A,RU,REACH,TOTAL,NR,T,ES
2021-01-01,2021,A|RU|REACH|TOTAL|NR|T|ES,12976.0,Number,Eurostat,https://ec.europa.eu/eurostat/api/dissemination/statistics/1.0/data/migr_imm1ctz?geo=ES&age=TOTAL&sex=T&agedef=REACH,A,RU,REACH,TOTAL,NR,T,ES
2022-01-01,2022,A|RU|REACH|TOTAL|NR|T|ES,20268.0,Number,Eurostat,https://ec.europa.eu/eurostat/api/dissemination/statistics/1.0/data/migr_imm1ctz?geo=ES&age=TOTAL&sex=T&agedef=REACH,A,RU,REACH,TOTAL,NR,T,ES
2023-01-01,2023,A|RU|REACH|TOTAL|NR|T|ES,21617.0,Number,Eurostat,https://ec.europa.eu/eurostat/api/dissemination/statistics/1.0/data/migr_imm1ctz?geo=ES&age=TOTAL&sex=T&agedef=REACH,A,RU,REACH,TOTAL,NR,T,ES
2024-01-01,2024,A|RU|REACH|TOTAL|NR|T|ES,15614.0,Number,Eurostat,https://ec.europa.eu/eurostat/api/dissemination/statistics/1.0/data/migr_imm1ctz?geo=ES&age=TOTAL&sex=T&agedef=REACH,A,RU,REACH,TOTAL,NR,T,ES
1998-01-01,1998,A|RW|REACH|TOTAL|NR|T|ES,16.0,Number,Eurostat,https://ec.europa.eu/eurostat/api/dissemination/statistics/1.0/data/migr_imm1ctz?geo=ES&age=TOTAL&sex=T&agedef=REACH,A,RW,REACH,TOTAL,NR,T,ES
1999-01-01,1999,A|RW|REACH|TOTAL|NR|T|ES,20.0,Number,Eurostat,https://ec.europa.eu/eurostat/api/dissemination/statistics/1.0/data/migr_imm1ctz?geo=ES&age=TOTAL&sex=T&agedef=REACH,A,RW,REACH,TOTAL,NR,T,ES
2000-01-01,2000,A|RW|REACH|TOTAL|NR|T|ES,28.0,Number,Eurostat,https://ec.europa.eu/eurostat/api/dissemination/statistics/1.0/data/migr_imm1ctz?geo=ES&age=TOTAL&sex=T&agedef=REACH,A,RW,REACH,TOTAL,NR,T,ES
2001-01-01,2001,A|RW|REACH|TOTAL|NR|T|ES,18.0,Number,Eurostat,https://ec.europa.eu/eurostat/api/dissemination/statistics/1.0/data/migr_imm1ctz?geo=ES&age=TOTAL&sex=T&agedef=REACH,A,RW,REACH,TOTAL,NR,T,ES
2002-01-01,2002,A|RW|REACH|TOTAL|NR|T|ES,5.0,Number,Eurostat,https://ec.europa.eu/eurostat/api/dissemination/statistics/1.0/data/migr_imm1ctz?geo=ES&age=TOTAL&sex=T&agedef=REACH,A,RW,REACH,TOTAL,NR,T,ES
2003-01-01,2003,A|RW|REACH|TOTAL|NR|T|ES,,Number,Eurostat,https://ec.europa.eu/eurostat/api/dissemination/statistics/1.0/data/migr_imm1ctz?geo=ES&age=TOTAL&sex=T&agedef=REACH,A,RW,REACH,TOTAL,NR,T,ES
2004-01-01,2004,A|RW|REACH|TOTAL|NR|T|ES,26.0,Number,Eurostat,https://ec.europa.eu/eurostat/api/dissemination/statistics/1.0/data/migr_imm1ctz?geo=ES&age=TOTAL&sex=T&agedef=REACH,A,RW,REACH,TOTAL,NR,T,ES
2005-01-01,2005,A|RW|REACH|TOTAL|NR|T|ES,14.0,Number,Eurostat,https://ec.europa.eu/eurostat/api/dissemination/statistics/1.0/data/migr_imm1ctz?geo=ES&age=TOTAL&sex=T&agedef=REACH,A,RW,REACH,TOTAL,NR,T,ES
2006-01-01,2006,A|RW|REACH|TOTAL|NR|T|ES,27.0,Number,Eurostat,https://ec.europa.eu/eurostat/api/dissemination/statistics/1.0/data/migr_imm1ctz?geo=ES&age=TOTAL&sex=T&agedef=REACH,A,RW,REACH,TOTAL,NR,T,ES
2007-01-01,2007,A|RW|REACH|TOTAL|NR|T|ES,37.0,Number,Eurostat,https://ec.europa.eu/eurostat/api/dissemination/statistics/1.0/data/migr_imm1ctz?geo=ES&age=TOTAL&sex=T&agedef=REACH,A,RW,REACH,TOTAL,NR,T,ES
1998-01-01,1998,A|SA|REACH|TOTAL|NR|T|ES,7.0,Number,Eurostat,https://ec.europa.eu/eurostat/api/dissemination/statistics/1.0/data/migr_imm1ctz?geo=ES&age=TOTAL&sex=T&agedef=REACH,A,SA,REACH,TOTAL,NR,T,ES
1999-01-01,1999,A|SA|REACH|TOTAL|NR|T|ES,8.0,Number,Eurostat,https://ec.europa.eu/eurostat/api/dissemination/statistics/1.0/data/migr_imm1ctz?geo=ES&age=TOTAL&sex=T&agedef=REACH,A,SA,REACH,TOTAL,NR,T,ES
2000-01-01,2000,A|SA|REACH|TOTAL|NR|T|ES,15.0,Number,Eurostat,https://ec.europa.eu/eurostat/api/dissemination/statistics/1.0/data/migr_imm1ctz?geo=ES&age=TOTAL&sex=T&agedef=REACH,A,SA,REACH,TOTAL,NR,T,ES
2001-01-01,2001,A|SA|REACH|TOTAL|NR|T|ES,8.0,Number,Eurostat,https://ec.europa.eu/eurostat/api/dissemination/statistics/1.0/data/migr_imm1ctz?geo=ES&age=TOTAL&sex=T&agedef=REACH,A,SA,REACH,TOTAL,NR,T,ES
2002-01-01,2002,A|SA|REACH|TOTAL|NR|T|ES,35.0,Number,Eurostat,https://ec.europa.eu/eurostat/api/dissemination/statistics/1.0/data/migr_imm1ctz?geo=ES&age=TOTAL&sex=T&agedef=REACH,A,SA,REACH,TOTAL,NR,T,ES
2003-01-01,2003,A|SA|REACH|TOTAL|NR|T|ES,,Number,Eurostat,https://ec.europa.eu/eurostat/api/dissemination/statistics/1.0/data/migr_imm1ctz?geo=ES&age=TOTAL&sex=T&agedef=REACH,A,SA,REACH,TOTAL,NR,T,ES
2004-01-01,2004,A|SA|REACH|TOTAL|NR|T|ES,57.0,Number,Eurostat,https://ec.europa.eu/eurostat/api/dissemination/statistics/1.0/data/migr_imm1ctz?geo=ES&age=TOTAL&sex=T&agedef=REACH,A,SA,REACH,TOTAL,NR,T,ES
2005-01-01,2005,A|SA|REACH|TOTAL|NR|T|ES,130.0,Number,Eurostat,https://ec.europa.eu/eurostat/api/dissemination/statistics/1.0/data/migr_imm1ctz?geo=ES&age=TOTAL&sex=T&agedef=REACH,A,SA,REACH,TOTAL,NR,T,ES
2006-01-01,2006,A|SA|REACH|TOTAL|NR|T|ES,109.0,Number,Eurostat,https://ec.europa.eu/eurostat/api/dissemination/statistics/1.0/data/migr_imm1ctz?geo=ES&age=TOTAL&sex=T&agedef=REACH,A,SA,REACH,TOTAL,NR,T,ES
2007-01-01,2007,A|SA|REACH|TOTAL|NR|T|ES,85.0,Number,Eurostat,https://ec.europa.eu/eurostat/api/dissemination/statistics/1.0/data/migr_imm1ctz?geo=ES&age=TOTAL&sex=T&agedef=REACH,A,SA,REACH,TOTAL,NR,T,ES
1998-01-01,1998,A|SB|REACH|TOTAL|NR|T|ES,0.0,Number,Eurostat,https://ec.europa.eu/eurostat/api/dissemination/statistics/1.0/data/migr_imm1ctz?geo=ES&age=TOTAL&sex=T&agedef=REACH,A,SB,REACH,TOTAL,NR,T,ES
1999-01-01,1999,A|SB|REACH|TOTAL|NR|T|ES,0.0,Number,Eurostat,https://ec.europa.eu/eurostat/api/dissemination/statistics/1.0/data/migr_imm1ctz?geo=ES&age=TOTAL&sex=T&agedef=REACH,A,SB,REACH,TOTAL,NR,T,ES
2000-01-01,2000,A|SB|REACH|TOTAL|NR|T|ES,0.0,Number,Eurostat,https://ec.europa.eu/eurostat/api/dissemination/statistics/1.0/data/migr_imm1ctz?geo=ES&age=TOTAL&sex=T&agedef=REACH,A,SB,REACH,TOTAL,NR,T,ES
2001-01-01,2001,A|SB|REACH|TOTAL|NR|T|ES,0.0,Number,Eurostat,https://ec.europa.eu/eurostat/api/dissemination/statistics/1.0/data/migr_imm1ctz?geo=ES&age=TOTAL&sex=T&agedef=REACH,A,SB,REACH,TOTAL,NR,T,ES
2002-01-01,2002,A|SB|REACH|TOTAL|NR|T|ES,0.0,Number,Eurostat,https://ec.europa.eu/eurostat/api/dissemination/statistics/1.0/data/migr_imm1ctz?geo=ES&age=TOTAL&sex=T&agedef=REACH,A,SB,REACH,TOTAL,NR,T,ES
2003-01-01,2003,A|SB|REACH|TOTAL|NR|T|ES,,Number,Eurostat,https://ec.europa.eu/eurostat/api/dissemination/statistics/1.0/data/migr_imm1ctz?geo=ES&age=TOTAL&sex=T&agedef=REACH,A,SB,REACH,TOTAL,NR,T,ES
2004-01-01,2004,A|SB|REACH|TOTAL|NR|T|ES,0.0,Number,Eurostat,https://ec.europa.eu/eurostat/api/dissemination/statistics/1.0/data/migr_imm1ctz?geo=ES&age=TOTAL&sex=T&agedef=REACH,A,SB,REACH,TOTAL,NR,T,ES
2005-01-01,2005,A|SB|REACH|TOTAL|NR|T|ES,0.0,Number,Eurostat,https://ec.europa.eu/eurostat/api/dissemination/statistics/1.0/data/migr_imm1ctz?geo=ES&age=TOTAL&sex=T&agedef=REACH,A,SB,REACH,TOTAL,NR,T,ES
2006-01-01,2006,A|SB|REACH|TOTAL|NR|T|ES,1.0,Number,Eurostat,https://ec.europa.eu/eurostat/api/dissemination/statistics/1.0/data/migr_imm1ctz?geo=ES&age=TOTAL&sex=T&agedef=REACH,A,SB,REACH,TOTAL,NR,T,ES
2007-01-01,2007,A|SB|REACH|TOTAL|NR|T|ES,0.0,Number,Eurostat,https://ec.europa.eu/eurostat/api/dissemination/statistics/1.0/data/migr_imm1ctz?geo=ES&age=TOTAL&sex=T&agedef=REACH,A,SB,REACH,TOTAL,NR,T,ES
2008-01-01,2008,A|SB|REACH|TOTAL|NR|T|ES,0.0,Number,Eurostat,https://ec.europa.eu/eurostat/api/dissemination/statistics/1.0/data/migr_imm1ctz?geo=ES&age=TOTAL&sex=T&agedef=REACH,A,SB,REACH,TOTAL,NR,T,ES
2009-01-01,2009,A|SB|REACH|TOTAL|NR|T|ES,0.0,Number,Eurostat,https://ec.europa.eu/eurostat/api/dissemination/statistics/1.0/data/migr_imm1ctz?geo=ES&age=TOTAL&sex=T&agedef=REACH,A,SB,REACH,TOTAL,NR,T,ES
2010-01-01,2010,A|SB|REACH|TOTAL|NR|T|ES,0.0,Number,Eurostat,https://ec.europa.eu/eurostat/api/dissemination/statistics/1.0/data/migr_imm1ctz?geo=ES&age=TOTAL&sex=T&agedef=REACH,A,SB,REACH,TOTAL,NR,T,ES
2011-01-01,2011,A|SB|REACH|TOTAL|NR|T|ES,0.0,Number,Eurostat,https://ec.europa.eu/eurostat/api/dissemination/statistics/1.0/data/migr_imm1ctz?geo=ES&age=TOTAL&sex=T&agedef=REACH,A,SB,REACH,TOTAL,NR,T,ES
2012-01-01,2012,A|SB|REACH|TOTAL|NR|T|ES,0.0,Number,Eurostat,https://ec.europa.eu/eurostat/api/dissemination/statistics/1.0/data/migr_imm1ctz?geo=ES&age=TOTAL&sex=T&agedef=REACH,A,SB,REACH,TOTAL,NR,T,ES
2013-01-01,2013,A|SB|REACH|TOTAL|NR|T|ES,2.0,Number,Eurostat,https://ec.europa.eu/eurostat/api/dissemination/statistics/1.0/data/migr_imm1ctz?geo=ES&age=TOTAL&sex=T&agedef=REACH,A,SB,REACH,TOTAL,NR,T,ES
2014-01-01,2014,A|SB|REACH|TOTAL|NR|T|ES,0.0,Number,Eurostat,https://ec.europa.eu/eurostat/api/dissemination/statistics/1.0/data/migr_imm1ctz?geo=ES&age=TOTAL&sex=T&agedef=REACH,A,SB,REACH,TOTAL,NR,T,ES
1998-01-01,1998,A|SC|REACH|TOTAL|NR|T|ES,1.0,Number,Eurostat,https://ec.europa.eu/eurostat/api/dissemination/statistics/1.0/data/migr_imm1ctz?geo=ES&age=TOTAL&sex=T&agedef=REACH,A,SC,REACH,TOTAL,NR,T,ES
1999-01-01,1999,A|SC|REACH|TOTAL|NR|T|ES,0.0,Number,Eurostat,https://ec.europa.eu/eurostat/api/dissemination/statistics/1.0/data/migr_imm1ctz?geo=ES&age=TOTAL&sex=T&agedef=REACH,A,SC,REACH,TOTAL,NR,T,ES
2000-01-01,2000,A|SC|REACH|TOTAL|NR|T|ES,2.0,Number,Eurostat,https://ec.europa.eu/eurostat/api/dissemination/statistics/1.0/data/migr_imm1ctz?geo=ES&age=TOTAL&sex=T&agedef=REACH,A,SC,REACH,TOTAL,NR,T,ES
2001-01-01,2001,A|SC|REACH|TOTAL|NR|T|ES,5.0,Number,Eurostat,https://ec.europa.eu/eurostat/api/dissemination/statistics/1.0/data/migr_imm1ctz?geo=ES&age=TOTAL&sex=T&agedef=REACH,A,SC,REACH,TOTAL,NR,T,ES
2002-01-01,2002,A|SC|REACH|TOTAL|NR|T|ES,0.0,Number,Eurostat,https://ec.europa.eu/eurostat/api/dissemination/statistics/1.0/data/migr_imm1ctz?geo=ES&age=TOTAL&sex=T&agedef=REACH,A,SC,REACH,TOTAL,NR,T,ES
2003-01-01,2003,A|SC|REACH|TOTAL|NR|T|ES,,Number,Eurostat,https://ec.europa.eu/eurostat/api/dissemination/statistics/1.0/data/migr_imm1ctz?geo=ES&age=TOTAL&sex=T&agedef=REACH,A,SC,REACH,TOTAL,NR,T,ES
2004-01-01,2004,A|SC|REACH|TOTAL|NR|T|ES,5.0,Number,Eurostat,https://ec.europa.eu/eurostat/api/dissemination/statistics/1.0/data/migr_imm1ctz?geo=ES&age=TOTAL&sex=T&agedef=REACH,A,SC,REACH,TOTAL,NR,T,ES
2005-01-01,2005,A|SC|REACH|TOTAL|NR|T|ES,4.0,Number,Eurostat,https://ec.europa.eu/eurostat/api/dissemination/statistics/1.0/data/migr_imm1ctz?geo=ES&age=TOTAL&sex=T&agedef=REACH,A,SC,REACH,TOTAL,NR,T,ES
2006-01-01,2006,A|SC|REACH|TOTAL|NR|T|ES,2.0,Number,Eurostat,https://ec.europa.eu/eurostat/api/dissemination/statistics/1.0/data/migr_imm1ctz?geo=ES&age=TOTAL&sex=T&agedef=REACH,A,SC,REACH,TOTAL,NR,T,ES
2007-01-01,2007,A|SC|REACH|TOTAL|NR|T|ES,3.0,Number,Eurostat,https://ec.europa.eu/eurostat/api/dissemination/statistics/1.0/data/migr_imm1ctz?geo=ES&age=TOTAL&sex=T&agedef=REACH,A,SC,REACH,TOTAL,NR,T,ES
1998-01-01,1998,A|SD|REACH|TOTAL|NR|T|ES,9.0,Number,Eurostat,https://ec.europa.eu/eurostat/api/dissemination/statistics/1.0/data/migr_imm1ctz?geo=ES&age=TOTAL&sex=T&agedef=REACH,A,SD,REACH,TOTAL,NR,T,ES
1999-01-01,1999,A|SD|REACH|TOTAL|NR|T|ES,7.0,Number,Eurostat,https://ec.europa.eu/eurostat/api/dissemination/statistics/1.0/data/migr_imm1ctz?geo=ES&age=TOTAL&sex=T&agedef=REACH,A,SD,REACH,TOTAL,NR,T,ES
2000-01-01,2000,A|SD|REACH|TOTAL|NR|T|ES,24.0,Number,Eurostat,https://ec.europa.eu/eurostat/api/dissemination/statistics/1.0/data/migr_imm1ctz?geo=ES&age=TOTAL&sex=T&agedef=REACH,A,SD,REACH,TOTAL,NR,T,ES
2001-01-01,2001,A|SD|REACH|TOTAL|NR|T|ES,32.0,Number,Eurostat,https://ec.europa.eu/eurostat/api/dissemination/statistics/1.0/data/migr_imm1ctz?geo=ES&age=TOTAL&sex=T&agedef=REACH,A,SD,REACH,TOTAL,NR,T,ES
2002-01-01,2002,A|SD|REACH|TOTAL|NR|T|ES,32.0,Number,Eurostat,https://ec.europa.eu/eurostat/api/dissemination/statistics/1.0/data/migr_imm1ctz?geo=ES&age=TOTAL&sex=T&agedef=REACH,A,SD,REACH,TOTAL,NR,T,ES
2003-01-01,2003,A|SD|REACH|TOTAL|NR|T|ES,,Number,Eurostat,https://ec.europa.eu/eurostat/api/dissemination/statistics/1.0/data/migr_imm1ctz?geo=ES&age=TOTAL&sex=T&agedef=REACH,A,SD,REACH,TOTAL,NR,T,ES
2004-01-01,2004,A|SD|REACH|TOTAL|NR|T|ES,22.0,Number,Eurostat,https://ec.europa.eu/eurostat/api/dissemination/statistics/1.0/data/migr_imm1ctz?geo=ES&age=TOTAL&sex=T&agedef=REACH,A,SD,REACH,TOTAL,NR,T,ES
2005-01-01,2005,A|SD|REACH|TOTAL|NR|T|ES,41.0,Number,Eurostat,https://ec.europa.eu/eurostat/api/dissemination/statistics/1.0/data/migr_imm1ctz?geo=ES&age=TOTAL&sex=T&agedef=REACH,A,SD,REACH,TOTAL,NR,T,ES
2006-01-01,2006,A|SD|REACH|TOTAL|NR|T|ES,101.0,Number,Eurostat,https://ec.europa.eu/eurostat/api/dissemination/statistics/1.0/data/migr_imm1ctz?geo=ES&age=TOTAL&sex=T&agedef=REACH,A,SD,REACH,TOTAL,NR,T,ES
2007-01-01,2007,A|SD|REACH|TOTAL|NR|T|ES,48.0,Number,Eurostat,https://ec.europa.eu/eurostat/api/dissemination/statistics/1.0/data/migr_imm1ctz?geo=ES&age=TOTAL&sex=T&agedef=REACH,A,SD,REACH,TOTAL,NR,T,ES
1998-01-01,1998,A|SE|REACH|TOTAL|NR|T|ES,525.0,Number,Eurostat,https://ec.europa.eu/eurostat/api/dissemination/statistics/1.0/data/migr_imm1ctz?geo=ES&age=TOTAL&sex=T&agedef=REACH,A,SE,REACH,TOTAL,NR,T,ES
1999-01-01,1999,A|SE|REACH|TOTAL|NR|T|ES,1238.0,Number,Eurostat,https://ec.europa.eu/eurostat/api/dissemination/statistics/1.0/data/migr_imm1ctz?geo=ES&age=TOTAL&sex=T&agedef=REACH,A,SE,REACH,TOTAL,NR,T,ES
2000-01-01,2000,A|SE|REACH|TOTAL|NR|T|ES,1378.0,Number,Eurostat,https://ec.europa.eu/eurostat/api/dissemination/statistics/1.0/data/migr_imm1ctz?geo=ES&age=TOTAL&sex=T&agedef=REACH,A,SE,REACH,TOTAL,NR,T,ES
2001-01-01,2001,A|SE|REACH|TOTAL|NR|T|ES,1616.0,Number,Eurostat,https://ec.europa.eu/eurostat/api/dissemination/statistics/1.0/data/migr_imm1ctz?geo=ES&age=TOTAL&sex=T&agedef=REACH,A,SE,REACH,TOTAL,NR,T,ES
2002-01-01,2002,A|SE|REACH|TOTAL|NR|T|ES,1609.0,Number,Eurostat,https://ec.europa.eu/eurostat/api/dissemination/statistics/1.0/data/migr_imm1ctz?geo=ES&age=TOTAL&sex=T&agedef=REACH,A,SE,REACH,TOTAL,NR,T,ES
2003-01-01,2003,A|SE|REACH|TOTAL|NR|T|ES,,Number,Eurostat,https://ec.europa.eu/eurostat/api/dissemination/statistics/1.0/data/migr_imm1ctz?geo=ES&age=TOTAL&sex=T&agedef=REACH,A,SE,REACH,TOTAL,NR,T,ES
2004-01-01,2004,A|SE|REACH|TOTAL|NR|T|ES,1771.0,Number,Eurostat,https://ec.europa.eu/eurostat/api/dissemination/statistics/1.0/data/migr_imm1ctz?geo=ES&age=TOTAL&sex=T&agedef=REACH,A,SE,REACH,TOTAL,NR,T,ES
2005-01-01,2005,A|SE|REACH|TOTAL|NR|T|ES,2096.0,Number,Eurostat,https://ec.europa.eu/eurostat/api/dissemination/statistics/1.0/data/migr_imm1ctz?geo=ES&age=TOTAL&sex=T&agedef=REACH,A,SE,REACH,TOTAL,NR,T,ES
2006-01-01,2006,A|SE|REACH|TOTAL|NR|T|ES,2152.0,Number,Eurostat,https://ec.europa.eu/eurostat/api/dissemination/statistics/1.0/data/migr_imm1ctz?geo=ES&age=TOTAL&sex=T&agedef=REACH,A,SE,REACH,TOTAL,NR,T,ES
2007-01-01,2007,A|SE|REACH|TOTAL|NR|T|ES,2170.0,Number,Eurostat,https://ec.europa.eu/eurostat/api/dissemination/statistics/1.0/data/migr_imm1ctz?geo=ES&age=TOTAL&sex=T&agedef=REACH,A,SE,REACH,TOTAL,NR,T,ES
2008-01-01,2008,A|SE|REACH|TOTAL|NR|T|ES,1553.0,Number,Eurostat,https://ec.europa.eu/eurostat/api/dissemination/statistics/1.0/data/migr_imm1ctz?geo=ES&age=TOTAL&sex=T&agedef=REACH,A,SE,REACH,TOTAL,NR,T,ES
2009-01-01,2009,A|SE|REACH|TOTAL|NR|T|ES,1430.0,Number,Eurostat,https://ec.europa.eu/eurostat/api/dissemination/statistics/1.0/data/migr_imm1ctz?geo=ES&age=TOTAL&sex=T&agedef=REACH,A,SE,REACH,TOTAL,NR,T,ES
2010-01-01,2010,A|SE|REACH|TOTAL|NR|T|ES,1661.0,Number,Eurostat,https://ec.europa.eu/eurostat/api/dissemination/statistics/1.0/data/migr_imm1ctz?geo=ES&age=TOTAL&sex=T&agedef=REACH,A,SE,REACH,TOTAL,NR,T,ES
2011-01-01,2011,A|SE|REACH|TOTAL|NR|T|ES,1633.0,Number,Eurostat,https://ec.europa.eu/eurostat/api/dissemination/statistics/1.0/data/migr_imm1ctz?geo=ES&age=TOTAL&sex=T&agedef=REACH,A,SE,REACH,TOTAL,NR,T,ES
2012-01-01,2012,A|SE|REACH|TOTAL|NR|T|ES,1714.0,Number,Eurostat,https://ec.europa.eu/eurostat/api/dissemination/statistics/1.0/data/migr_imm1ctz?geo=ES&age=TOTAL&sex=T&agedef=REACH,A,SE,REACH,TOTAL,NR,T,ES
2013-01-01,2013,A|SE|REACH|TOTAL|NR|T|ES,1593.0,Number,Eurostat,https://ec.europa.eu/eurostat/api/dissemination/statistics/1.0/data/migr_imm1ctz?geo=ES&age=TOTAL&sex=T&agedef=REACH,A,SE,REACH,TOTAL,NR,T,ES
2014-01-01,2014,A|SE|REACH|TOTAL|NR|T|ES,1700.0,Number,Eurostat,https://ec.europa.eu/eurostat/api/dissemination/statistics/1.0/data/migr_imm1ctz?geo=ES&age=TOTAL&sex=T&agedef=REACH,A,SE,REACH,TOTAL,NR,T,ES
2015-01-01,2015,A|SE|REACH|TOTAL|NR|T|ES,1673.0,Number,Eurostat,https://ec.europa.eu/eurostat/api/dissemination/statistics/1.0/data/migr_imm1ctz?geo=ES&age=TOTAL&sex=T&agedef=REACH,A,SE,REACH,TOTAL,NR,T,ES
2016-01-01,2016,A|SE|REACH|TOTAL|NR|T|ES,1876.0,Number,Eurostat,https://ec.europa.eu/eurostat/api/dissemination/statistics/1.0/data/migr_imm1ctz?geo=ES&age=TOTAL&sex=T&agedef=REACH,A,SE,REACH,TOTAL,NR,T,ES
2017-01-01,2017,A|SE|REACH|TOTAL|NR|T|ES,2303.0,Number,Eurostat,https://ec.europa.eu/eurostat/api/dissemination/statistics/1.0/data/migr_imm1ctz?geo=ES&age=TOTAL&sex=T&agedef=REACH,A,SE,REACH,TOTAL,NR,T,ES
2018-01-01,2018,A|SE|REACH|TOTAL|NR|T|ES,2640.0,Number,Eurostat,https://ec.europa.eu/eurostat/api/dissemination/statistics/1.0/data/migr_imm1ctz?geo=ES&age=TOTAL&sex=T&agedef=REACH,A,SE,REACH,TOTAL,NR,T,ES
2019-01-01,2019,A|SE|REACH|TOTAL|NR|T|ES,2919.0,Number,Eurostat,https://ec.europa.eu/eurostat/api/dissemination/statistics/1.0/data/migr_imm1ctz?geo=ES&age=TOTAL&sex=T&agedef=REACH,A,SE,REACH,TOTAL,NR,T,ES
2020-01-01,2020,A|SE|REACH|TOTAL|NR|T|ES,1886.0,Number,Eurostat,https://ec.europa.eu/eurostat/api/dissemination/statistics/1.0/data/migr_imm1ctz?geo=ES&age=TOTAL&sex=T&agedef=REACH,A,SE,REACH,TOTAL,NR,T,ES
2021-01-01,2021,A|SE|REACH|TOTAL|NR|T|ES,4539.0,Number,Eurostat,https://ec.europa.eu/eurostat/api/dissemination/statistics/1.0/data/migr_imm1ctz?geo=ES&age=TOTAL&sex=T&agedef=REACH,A,SE,REACH,TOTAL,NR,T,ES
2022-01-01,2022,A|SE|REACH|TOTAL|NR|T|ES,4106.0,Number,Eurostat,https://ec.europa.eu/eurostat/api/dissemination/statistics/1.0/data/migr_imm1ctz?geo=ES&age=TOTAL&sex=T&agedef=REACH,A,SE,REACH,TOTAL,NR,T,ES
2023-01-01,2023,A|SE|REACH|TOTAL|NR|T|ES,3975.0,Number,Eurostat,https://ec.europa.eu/eurostat/api/dissemination/statistics/1.0/data/migr_imm1ctz?geo=ES&age=TOTAL&sex=T&agedef=REACH,A,SE,REACH,TOTAL,NR,T,ES
2024-01-01,2024,A|SE|REACH|TOTAL|NR|T|ES,4004.0,Number,Eurostat,https://ec.europa.eu/eurostat/api/dissemination/statistics/1.0/data/migr_imm1ctz?geo=ES&age=TOTAL&sex=T&agedef=REACH,A,SE,REACH,TOTAL,NR,T,ES
1998-01-01,1998,A|SG|REACH|TOTAL|NR|T|ES,9.0,Number,Eurostat,https://ec.europa.eu/eurostat/api/dissemination/statistics/1.0/data/migr_imm1ctz?geo=ES&age=TOTAL&sex=T&agedef=REACH,A,SG,REACH,TOTAL,NR,T,ES
1999-01-01,1999,A|SG|REACH|TOTAL|NR|T|ES,10.0,Number,Eurostat,https://ec.europa.eu/eurostat/api/dissemination/statistics/1.0/data/migr_imm1ctz?geo=ES&age=TOTAL&sex=T&agedef=REACH,A,SG,REACH,TOTAL,NR,T,ES
2000-01-01,2000,A|SG|REACH|TOTAL|NR|T|ES,6.0,Number,Eurostat,https://ec.europa.eu/eurostat/api/dissemination/statistics/1.0/data/migr_imm1ctz?geo=ES&age=TOTAL&sex=T&agedef=REACH,A,SG,REACH,TOTAL,NR,T,ES
2001-01-01,2001,A|SG|REACH|TOTAL|NR|T|ES,9.0,Number,Eurostat,https://ec.europa.eu/eurostat/api/dissemination/statistics/1.0/data/migr_imm1ctz?geo=ES&age=TOTAL&sex=T&agedef=REACH,A,SG,REACH,TOTAL,NR,T,ES
2002-01-01,2002,A|SG|REACH|TOTAL|NR|T|ES,9.0,Number,Eurostat,https://ec.europa.eu/eurostat/api/dissemination/statistics/1.0/data/migr_imm1ctz?geo=ES&age=TOTAL&sex=T&agedef=REACH,A,SG,REACH,TOTAL,NR,T,ES
2003-01-01,2003,A|SG|REACH|TOTAL|NR|T|ES,,Number,Eurostat,https://ec.europa.eu/eurostat/api/dissemination/statistics/1.0/data/migr_imm1ctz?geo=ES&age=TOTAL&sex=T&agedef=REACH,A,SG,REACH,TOTAL,NR,T,ES
2004-01-01,2004,A|SG|REACH|TOTAL|NR|T|ES,26.0,Number,Eurostat,https://ec.europa.eu/eurostat/api/dissemination/statistics/1.0/data/migr_imm1ctz?geo=ES&age=TOTAL&sex=T&agedef=REACH,A,SG,REACH,TOTAL,NR,T,ES
2005-01-01,2005,A|SG|REACH|TOTAL|NR|T|ES,13.0,Number,Eurostat,https://ec.europa.eu/eurostat/api/dissemination/statistics/1.0/data/migr_imm1ctz?geo=ES&age=TOTAL&sex=T&agedef=REACH,A,SG,REACH,TOTAL,NR,T,ES
2006-01-01,2006,A|SG|REACH|TOTAL|NR|T|ES,29.0,Number,Eurostat,https://ec.europa.eu/eurostat/api/dissemination/statistics/1.0/data/migr_imm1ctz?geo=ES&age=TOTAL&sex=T&agedef=REACH,A,SG,REACH,TOTAL,NR,T,ES
2007-01-01,2007,A|SG|REACH|TOTAL|NR|T|ES,26.0,Number,Eurostat,https://ec.europa.eu/eurostat/api/dissemination/statistics/1.0/data/migr_imm1ctz?geo=ES&age=TOTAL&sex=T&agedef=REACH,A,SG,REACH,TOTAL,NR,T,ES
2008-01-01,2008,A|SH|REACH|TOTAL|NR|T|ES,0.0,Number,Eurostat,https://ec.europa.eu/eurostat/api/dissemination/statistics/1.0/data/migr_imm1ctz?geo=ES&age=TOTAL&sex=T&agedef=REACH,A,SH,REACH,TOTAL,NR,T,ES
2009-01-01,2009,A|SH|REACH|TOTAL|NR|T|ES,0.0,Number,Eurostat,https://ec.europa.eu/eurostat/api/dissemination/statistics/1.0/data/migr_imm1ctz?geo=ES&age=TOTAL&sex=T&agedef=REACH,A,SH,REACH,TOTAL,NR,T,ES
2010-01-01,2010,A|SH|REACH|TOTAL|NR|T|ES,0.0,Number,Eurostat,https://ec.europa.eu/eurostat/api/dissemination/statistics/1.0/data/migr_imm1ctz?geo=ES&age=TOTAL&sex=T&agedef=REACH,A,SH,REACH,TOTAL,NR,T,ES
2011-01-01,2011,A|SH|REACH|TOTAL|NR|T|ES,0.0,Number,Eurostat,https://ec.europa.eu/eurostat/api/dissemination/statistics/1.0/data/migr_imm1ctz?geo=ES&age=TOTAL&sex=T&agedef=REACH,A,SH,REACH,TOTAL,NR,T,ES
2012-01-01,2012,A|SH|REACH|TOTAL|NR|T|ES,0.0,Number,Eurostat,https://ec.europa.eu/eurostat/api/dissemination/statistics/1.0/data/migr_imm1ctz?geo=ES&age=TOTAL&sex=T&agedef=REACH,A,SH,REACH,TOTAL,NR,T,ES
2013-01-01,2013,A|SH|REACH|TOTAL|NR|T|ES,0.0,Number,Eurostat,https://ec.europa.eu/eurostat/api/dissemination/statistics/1.0/data/migr_imm1ctz?geo=ES&age=TOTAL&sex=T&agedef=REACH,A,SH,REACH,TOTAL,NR,T,ES
2014-01-01,2014,A|SH|REACH|TOTAL|NR|T|ES,0.0,Number,Eurostat,https://ec.europa.eu/eurostat/api/dissemination/statistics/1.0/data/migr_imm1ctz?geo=ES&age=TOTAL&sex=T&agedef=REACH,A,SH,REACH,TOTAL,NR,T,ES
1998-01-01,1998,A|SI|REACH|TOTAL|NR|T|ES,13.0,Number,Eurostat,https://ec.europa.eu/eurostat/api/dissemination/statistics/1.0/data/migr_imm1ctz?geo=ES&age=TOTAL&sex=T&agedef=REACH,A,SI,REACH,TOTAL,NR,T,ES
1999-01-01,1999,A|SI|REACH|TOTAL|NR|T|ES,17.0,Number,Eurostat,https://ec.europa.eu/eurostat/api/dissemination/statistics/1.0/data/migr_imm1ctz?geo=ES&age=TOTAL&sex=T&agedef=REACH,A,SI,REACH,TOTAL,NR,T,ES
2000-01-01,2000,A|SI|REACH|TOTAL|NR|T|ES,55.0,Number,Eurostat,https://ec.europa.eu/eurostat/api/dissemination/statistics/1.0/data/migr_imm1ctz?geo=ES&age=TOTAL&sex=T&agedef=REACH,A,SI,REACH,TOTAL,NR,T,ES
2001-01-01,2001,A|SI|REACH|TOTAL|NR|T|ES,46.0,Number,Eurostat,https://ec.europa.eu/eurostat/api/dissemination/statistics/1.0/data/migr_imm1ctz?geo=ES&age=TOTAL&sex=T&agedef=REACH,A,SI,REACH,TOTAL,NR,T,ES
2002-01-01,2002,A|SI|REACH|TOTAL|NR|T|ES,59.0,Number,Eurostat,https://ec.europa.eu/eurostat/api/dissemination/statistics/1.0/data/migr_imm1ctz?geo=ES&age=TOTAL&sex=T&agedef=REACH,A,SI,REACH,TOTAL,NR,T,ES
2003-01-01,2003,A|SI|REACH|TOTAL|NR|T|ES,,Number,Eurostat,https://ec.europa.eu/eurostat/api/dissemination/statistics/1.0/data/migr_imm1ctz?geo=ES&age=TOTAL&sex=T&agedef=REACH,A,SI,REACH,TOTAL,NR,T,ES
2004-01-01,2004,A|SI|REACH|TOTAL|NR|T|ES,152.0,Number,Eurostat,https://ec.europa.eu/eurostat/api/dissemination/statistics/1.0/data/migr_imm1ctz?geo=ES&age=TOTAL&sex=T&agedef=REACH,A,SI,REACH,TOTAL,NR,T,ES
2005-01-01,2005,A|SI|REACH|TOTAL|NR|T|ES,159.0,Number,Eurostat,https://ec.europa.eu/eurostat/api/dissemination/statistics/1.0/data/migr_imm1ctz?geo=ES&age=TOTAL&sex=T&agedef=REACH,A,SI,REACH,TOTAL,NR,T,ES
2006-01-01,2006,A|SI|REACH|TOTAL|NR|T|ES,199.0,Number,Eurostat,https://ec.europa.eu/eurostat/api/dissemination/statistics/1.0/data/migr_imm1ctz?geo=ES&age=TOTAL&sex=T&agedef=REACH,A,SI,REACH,TOTAL,NR,T,ES
2007-01-01,2007,A|SI|REACH|TOTAL|NR|T|ES,260.0,Number,Eurostat,https://ec.europa.eu/eurostat/api/dissemination/statistics/1.0/data/migr_imm1ctz?geo=ES&age=TOTAL&sex=T&agedef=REACH,A,SI,REACH,TOTAL,NR,T,ES
1998-01-01,1998,A|SK|REACH|TOTAL|NR|T|ES,36.0,Number,Eurostat,https://ec.europa.eu/eurostat/api/dissemination/statistics/1.0/data/migr_imm1ctz?geo=ES&age=TOTAL&sex=T&agedef=REACH,A,SK,REACH,TOTAL,NR,T,ES
1999-01-01,1999,A|SK|REACH|TOTAL|NR|T|ES,78.0,Number,Eurostat,https://ec.europa.eu/eurostat/api/dissemination/statistics/1.0/data/migr_imm1ctz?geo=ES&age=TOTAL&sex=T&agedef=REACH,A,SK,REACH,TOTAL,NR,T,ES
2000-01-01,2000,A|SK|REACH|TOTAL|NR|T|ES,360.0,Number,Eurostat,https://ec.europa.eu/eurostat/api/dissemination/statistics/1.0/data/migr_imm1ctz?geo=ES&age=TOTAL&sex=T&agedef=REACH,A,SK,REACH,TOTAL,NR,T,ES
2001-01-01,2001,A|SK|REACH|TOTAL|NR|T|ES,390.0,Number,Eurostat,https://ec.europa.eu/eurostat/api/dissemination/statistics/1.0/data/migr_imm1ctz?geo=ES&age=TOTAL&sex=T&agedef=REACH,A,SK,REACH,TOTAL,NR,T,ES
2002-01-01,2002,A|SK|REACH|TOTAL|NR|T|ES,415.0,Number,Eurostat,https://ec.europa.eu/eurostat/api/dissemination/statistics/1.0/data/migr_imm1ctz?geo=ES&age=TOTAL&sex=T&agedef=REACH,A,SK,REACH,TOTAL,NR,T,ES
2003-01-01,2003,A|SK|REACH|TOTAL|NR|T|ES,,Number,Eurostat,https://ec.europa.eu/eurostat/api/dissemination/statistics/1.0/data/migr_imm1ctz?geo=ES&age=TOTAL&sex=T&agedef=REACH,A,SK,REACH,TOTAL,NR,T,ES
2004-01-01,2004,A|SK|REACH|TOTAL|NR|T|ES,933.0,Number,Eurostat,https://ec.europa.eu/eurostat/api/dissemination/statistics/1.0/data/migr_imm1ctz?geo=ES&age=TOTAL&sex=T&agedef=REACH,A,SK,REACH,TOTAL,NR,T,ES
2005-01-01,2005,A|SK|REACH|TOTAL|NR|T|ES,857.0,Number,Eurostat,https://ec.europa.eu/eurostat/api/dissemination/statistics/1.0/data/migr_imm1ctz?geo=ES&age=TOTAL&sex=T&agedef=REACH,A,SK,REACH,TOTAL,NR,T,ES
2006-01-01,2006,A|SK|REACH|TOTAL|NR|T|ES,1400.0,Number,Eurostat,https://ec.europa.eu/eurostat/api/dissemination/statistics/1.0/data/migr_imm1ctz?geo=ES&age=TOTAL&sex=T&agedef=REACH,A,SK,REACH,TOTAL,NR,T,ES
2007-01-01,2007,A|SK|REACH|TOTAL|NR|T|ES,1502.0,Number,Eurostat,https://ec.europa.eu/eurostat/api/dissemination/statistics/1.0/data/migr_imm1ctz?geo=ES&age=TOTAL&sex=T&agedef=REACH,A,SK,REACH,TOTAL,NR,T,ES
1998-01-01,1998,A|SL|REACH|TOTAL|NR|T|ES,25.0,Number,Eurostat,https://ec.europa.eu/eurostat/api/dissemination/statistics/1.0/data/migr_imm1ctz?geo=ES&age=TOTAL&sex=T&agedef=REACH,A,SL,REACH,TOTAL,NR,T,ES
1999-01-01,1999,A|SL|REACH|TOTAL|NR|T|ES,121.0,Number,Eurostat,https://ec.europa.eu/eurostat/api/dissemination/statistics/1.0/data/migr_imm1ctz?geo=ES&age=TOTAL&sex=T&agedef=REACH,A,SL,REACH,TOTAL,NR,T,ES
2000-01-01,2000,A|SL|REACH|TOTAL|NR|T|ES,303.0,Number,Eurostat,https://ec.europa.eu/eurostat/api/dissemination/statistics/1.0/data/migr_imm1ctz?geo=ES&age=TOTAL&sex=T&agedef=REACH,A,SL,REACH,TOTAL,NR,T,ES
2001-01-01,2001,A|SL|REACH|TOTAL|NR|T|ES,264.0,Number,Eurostat,https://ec.europa.eu/eurostat/api/dissemination/statistics/1.0/data/migr_imm1ctz?geo=ES&age=TOTAL&sex=T&agedef=REACH,A,SL,REACH,TOTAL,NR,T,ES
2002-01-01,2002,A|SL|REACH|TOTAL|NR|T|ES,192.0,Number,Eurostat,https://ec.europa.eu/eurostat/api/dissemination/statistics/1.0/data/migr_imm1ctz?geo=ES&age=TOTAL&sex=T&agedef=REACH,A,SL,REACH,TOTAL,NR,T,ES
2003-01-01,2003,A|SL|REACH|TOTAL|NR|T|ES,,Number,Eurostat,https://ec.europa.eu/eurostat/api/dissemination/statistics/1.0/data/migr_imm1ctz?geo=ES&age=TOTAL&sex=T&agedef=REACH,A,SL,REACH,TOTAL,NR,T,ES
2004-01-01,2004,A|SL|REACH|TOTAL|NR|T|ES,127.0,Number,Eurostat,https://ec.europa.eu/eurostat/api/dissemination/statistics/1.0/data/migr_imm1ctz?geo=ES&age=TOTAL&sex=T&agedef=REACH,A,SL,REACH,TOTAL,NR,T,ES
2005-01-01,2005,A|SL|REACH|TOTAL|NR|T|ES,115.0,Number,Eurostat,https://ec.europa.eu/eurostat/api/dissemination/statistics/1.0/data/migr_imm1ctz?geo=ES&age=TOTAL&sex=T&agedef=REACH,A,SL,REACH,TOTAL,NR,T,ES
2006-01-01,2006,A|SL|REACH|TOTAL|NR|T|ES,88.0,Number,Eurostat,https://ec.europa.eu/eurostat/api/dissemination/statistics/1.0/data/migr_imm1ctz?geo=ES&age=TOTAL&sex=T&agedef=REACH,A,SL,REACH,TOTAL,NR,T,ES
2007-01-01,2007,A|SL|REACH|TOTAL|NR|T|ES,109.0,Number,Eurostat,https://ec.europa.eu/eurostat/api/dissemination/statistics/1.0/data/migr_imm1ctz?geo=ES&age=TOTAL&sex=T&agedef=REACH,A,SL,REACH,TOTAL,NR,T,ES
1998-01-01,1998,A|SM|REACH|TOTAL|NR|T|ES,0.0,Number,Eurostat,https://ec.europa.eu/eurostat/api/dissemination/statistics/1.0/data/migr_imm1ctz?geo=ES&age=TOTAL&sex=T&agedef=REACH,A,SM,REACH,TOTAL,NR,T,ES
1999-01-01,1999,A|SM|REACH|TOTAL|NR|T|ES,3.0,Number,Eurostat,https://ec.europa.eu/eurostat/api/dissemination/statistics/1.0/data/migr_imm1ctz?geo=ES&age=TOTAL&sex=T&agedef=REACH,A,SM,REACH,TOTAL,NR,T,ES
2000-01-01,2000,A|SM|REACH|TOTAL|NR|T|ES,0.0,Number,Eurostat,https://ec.europa.eu/eurostat/api/dissemination/statistics/1.0/data/migr_imm1ctz?geo=ES&age=TOTAL&sex=T&agedef=REACH,A,SM,REACH,TOTAL,NR,T,ES
2001-01-01,2001,A|SM|REACH|TOTAL|NR|T|ES,1.0,Number,Eurostat,https://ec.europa.eu/eurostat/api/dissemination/statistics/1.0/data/migr_imm1ctz?geo=ES&age=TOTAL&sex=T&agedef=REACH,A,SM,REACH,TOTAL,NR,T,ES
2002-01-01,2002,A|SM|REACH|TOTAL|NR|T|ES,1.0,Number,Eurostat,https://ec.europa.eu/eurostat/api/dissemination/statistics/1.0/data/migr_imm1ctz?geo=ES&age=TOTAL&sex=T&agedef=REACH,A,SM,REACH,TOTAL,NR,T,ES
2003-01-01,2003,A|SM|REACH|TOTAL|NR|T|ES,,Number,Eurostat,https://ec.europa.eu/eurostat/api/dissemination/statistics/1.0/data/migr_imm1ctz?geo=ES&age=TOTAL&sex=T&agedef=REACH,A,SM,REACH,TOTAL,NR,T,ES
2004-01-01,2004,A|SM|REACH|TOTAL|NR|T|ES,3.0,Number,Eurostat,https://ec.europa.eu/eurostat/api/dissemination/statistics/1.0/data/migr_imm1ctz?geo=ES&age=TOTAL&sex=T&agedef=REACH,A,SM,REACH,TOTAL,NR,T,ES
2005-01-01,2005,A|SM|REACH|TOTAL|NR|T|ES,5.0,Number,Eurostat,https://ec.europa.eu/eurostat/api/dissemination/statistics/1.0/data/migr_imm1ctz?geo=ES&age=TOTAL&sex=T&agedef=REACH,A,SM,REACH,TOTAL,NR,T,ES
2006-01-01,2006,A|SM|REACH|TOTAL|NR|T|ES,2.0,Number,Eurostat,https://ec.europa.eu/eurostat/api/dissemination/statistics/1.0/data/migr_imm1ctz?geo=ES&age=TOTAL&sex=T&agedef=REACH,A,SM,REACH,TOTAL,NR,T,ES
2007-01-01,2007,A|SM|REACH|TOTAL|NR|T|ES,17.0,Number,Eurostat,https://ec.europa.eu/eurostat/api/dissemination/statistics/1.0/data/migr_imm1ctz?geo=ES&age=TOTAL&sex=T&agedef=REACH,A,SM,REACH,TOTAL,NR,T,ES
1998-01-01,1998,A|SN|REACH|TOTAL|NR|T|ES,291.0,Number,Eurostat,https://ec.europa.eu/eurostat/api/dissemination/statistics/1.0/data/migr_imm1ctz?geo=ES&age=TOTAL&sex=T&agedef=REACH,A,SN,REACH,TOTAL,NR,T,ES
1999-01-01,1999,A|SN|REACH|TOTAL|NR|T|ES,492.0,Number,Eurostat,https://ec.europa.eu/eurostat/api/dissemination/statistics/1.0/data/migr_imm1ctz?geo=ES&age=TOTAL&sex=T&agedef=REACH,A,SN,REACH,TOTAL,NR,T,ES
2000-01-01,2000,A|SN|REACH|TOTAL|NR|T|ES,1824.0,Number,Eurostat,https://ec.europa.eu/eurostat/api/dissemination/statistics/1.0/data/migr_imm1ctz?geo=ES&age=TOTAL&sex=T&agedef=REACH,A,SN,REACH,TOTAL,NR,T,ES
2001-01-01,2001,A|SN|REACH|TOTAL|NR|T|ES,1912.0,Number,Eurostat,https://ec.europa.eu/eurostat/api/dissemination/statistics/1.0/data/migr_imm1ctz?geo=ES&age=TOTAL&sex=T&agedef=REACH,A,SN,REACH,TOTAL,NR,T,ES
2002-01-01,2002,A|SN|REACH|TOTAL|NR|T|ES,2048.0,Number,Eurostat,https://ec.europa.eu/eurostat/api/dissemination/statistics/1.0/data/migr_imm1ctz?geo=ES&age=TOTAL&sex=T&agedef=REACH,A,SN,REACH,TOTAL,NR,T,ES
2003-01-01,2003,A|SN|REACH|TOTAL|NR|T|ES,,Number,Eurostat,https://ec.europa.eu/eurostat/api/dissemination/statistics/1.0/data/migr_imm1ctz?geo=ES&age=TOTAL&sex=T&agedef=REACH,A,SN,REACH,TOTAL,NR,T,ES
2004-01-01,2004,A|SN|REACH|TOTAL|NR|T|ES,6878.0,Number,Eurostat,https://ec.europa.eu/eurostat/api/dissemination/statistics/1.0/data/migr_imm1ctz?geo=ES&age=TOTAL&sex=T&agedef=REACH,A,SN,REACH,TOTAL,NR,T,ES
2005-01-01,2005,A|SN|REACH|TOTAL|NR|T|ES,6908.0,Number,Eurostat,https://ec.europa.eu/eurostat/api/dissemination/statistics/1.0/data/migr_imm1ctz?geo=ES&age=TOTAL&sex=T&agedef=REACH,A,SN,REACH,TOTAL,NR,T,ES
2006-01-01,2006,A|SN|REACH|TOTAL|NR|T|ES,6795.0,Number,Eurostat,https://ec.europa.eu/eurostat/api/dissemination/statistics/1.0/data/migr_imm1ctz?geo=ES&age=TOTAL&sex=T&agedef=REACH,A,SN,REACH,TOTAL,NR,T,ES
2007-01-01,2007,A|SN|REACH|TOTAL|NR|T|ES,11602.0,Number,Eurostat,https://ec.europa.eu/eurostat/api/dissemination/statistics/1.0/data/migr_imm1ctz?geo=ES&age=TOTAL&sex=T&agedef=REACH,A,SN,REACH,TOTAL,NR,T,ES
2008-01-01,2008,A|SN|REACH|TOTAL|NR|T|ES,10567.0,Number,Eurostat,https://ec.europa.eu/eurostat/api/dissemination/statistics/1.0/data/migr_imm1ctz?geo=ES&age=TOTAL&sex=T&agedef=REACH,A,SN,REACH,TOTAL,NR,T,ES
2009-01-01,2009,A|SN|REACH|TOTAL|NR|T|ES,7179.0,Number,Eurostat,https://ec.europa.eu/eurostat/api/dissemination/statistics/1.0/data/migr_imm1ctz?geo=ES&age=TOTAL&sex=T&agedef=REACH,A,SN,REACH,TOTAL,NR,T,ES
2010-01-01,2010,A|SN|REACH|TOTAL|NR|T|ES,3828.0,Number,Eurostat,https://ec.europa.eu/eurostat/api/dissemination/statistics/1.0/data/migr_imm1ctz?geo=ES&age=TOTAL&sex=T&agedef=REACH,A,SN,REACH,TOTAL,NR,T,ES
2011-01-01,2011,A|SN|REACH|TOTAL|NR|T|ES,3605.0,Number,Eurostat,https://ec.europa.eu/eurostat/api/dissemination/statistics/1.0/data/migr_imm1ctz?geo=ES&age=TOTAL&sex=T&agedef=REACH,A,SN,REACH,TOTAL,NR,T,ES
2012-01-01,2012,A|SN|REACH|TOTAL|NR|T|ES,2926.0,Number,Eurostat,https://ec.europa.eu/eurostat/api/dissemination/statistics/1.0/data/migr_imm1ctz?geo=ES&age=TOTAL&sex=T&agedef=REACH,A,SN,REACH,TOTAL,NR,T,ES
2013-01-01,2013,A|SN|REACH|TOTAL|NR|T|ES,3091.0,Number,Eurostat,https://ec.europa.eu/eurostat/api/dissemination/statistics/1.0/data/migr_imm1ctz?geo=ES&age=TOTAL&sex=T&agedef=REACH,A,SN,REACH,TOTAL,NR,T,ES
2014-01-01,2014,A|SN|REACH|TOTAL|NR|T|ES,2982.0,Number,Eurostat,https://ec.europa.eu/eurostat/api/dissemination/statistics/1.0/data/migr_imm1ctz?geo=ES&age=TOTAL&sex=T&agedef=REACH,A,SN,REACH,TOTAL,NR,T,ES
2015-01-01,2015,A|SN|REACH|TOTAL|NR|T|ES,3386.0,Number,Eurostat,https://ec.europa.eu/eurostat/api/dissemination/statistics/1.0/data/migr_imm1ctz?geo=ES&age=TOTAL&sex=T&agedef=REACH,A,SN,REACH,TOTAL,NR,T,ES
2016-01-01,2016,A|SN|REACH|TOTAL|NR|T|ES,3830.0,Number,Eurostat,https://ec.europa.eu/eurostat/api/dissemination/statistics/1.0/data/migr_imm1ctz?geo=ES&age=TOTAL&sex=T&agedef=REACH,A,SN,REACH,TOTAL,NR,T,ES
2017-01-01,2017,A|SN|REACH|TOTAL|NR|T|ES,4299.0,Number,Eurostat,https://ec.europa.eu/eurostat/api/dissemination/statistics/1.0/data/migr_imm1ctz?geo=ES&age=TOTAL&sex=T&agedef=REACH,A,SN,REACH,TOTAL,NR,T,ES
2018-01-01,2018,A|SN|REACH|TOTAL|NR|T|ES,6677.0,Number,Eurostat,https://ec.europa.eu/eurostat/api/dissemination/statistics/1.0/data/migr_imm1ctz?geo=ES&age=TOTAL&sex=T&agedef=REACH,A,SN,REACH,TOTAL,NR,T,ES
2019-01-01,2019,A|SN|REACH|TOTAL|NR|T|ES,7846.0,Number,Eurostat,https://ec.europa.eu/eurostat/api/dissemination/statistics/1.0/data/migr_imm1ctz?geo=ES&age=TOTAL&sex=T&agedef=REACH,A,SN,REACH,TOTAL,NR,T,ES
2020-01-01,2020,A|SN|REACH|TOTAL|NR|T|ES,5078.0,Number,Eurostat,https://ec.europa.eu/eurostat/api/dissemination/statistics/1.0/data/migr_imm1ctz?geo=ES&age=TOTAL&sex=T&agedef=REACH,A,SN,REACH,TOTAL,NR,T,ES
2021-01-01,2021,A|SN|REACH|TOTAL|NR|T|ES,12218.0,Number,Eurostat,https://ec.europa.eu/eurostat/api/dissemination/statistics/1.0/data/migr_imm1ctz?geo=ES&age=TOTAL&sex=T&agedef=REACH,A,SN,REACH,TOTAL,NR,T,ES
2022-01-01,2022,A|SN|REACH|TOTAL|NR|T|ES,11464.0,Number,Eurostat,https://ec.europa.eu/eurostat/api/dissemination/statistics/1.0/data/migr_imm1ctz?geo=ES&age=TOTAL&sex=T&agedef=REACH,A,SN,REACH,TOTAL,NR,T,ES
2023-01-01,2023,A|SN|REACH|TOTAL|NR|T|ES,11239.0,Number,Eurostat,https://ec.europa.eu/eurostat/api/dissemination/statistics/1.0/data/migr_imm1ctz?geo=ES&age=TOTAL&sex=T&agedef=REACH,A,SN,REACH,TOTAL,NR,T,ES
2024-01-01,2024,A|SN|REACH|TOTAL|NR|T|ES,20418.0,Number,Eurostat,https://ec.europa.eu/eurostat/api/dissemination/statistics/1.0/data/migr_imm1ctz?geo=ES&age=TOTAL&sex=T&agedef=REACH,A,SN,REACH,TOTAL,NR,T,ES
1998-01-01,1998,A|SO|REACH|TOTAL|NR|T|ES,20.0,Number,Eurostat,https://ec.europa.eu/eurostat/api/dissemination/statistics/1.0/data/migr_imm1ctz?geo=ES&age=TOTAL&sex=T&agedef=REACH,A,SO,REACH,TOTAL,NR,T,ES
1999-01-01,1999,A|SO|REACH|TOTAL|NR|T|ES,22.0,Number,Eurostat,https://ec.europa.eu/eurostat/api/dissemination/statistics/1.0/data/migr_imm1ctz?geo=ES&age=TOTAL&sex=T&agedef=REACH,A,SO,REACH,TOTAL,NR,T,ES
2000-01-01,2000,A|SO|REACH|TOTAL|NR|T|ES,52.0,Number,Eurostat,https://ec.europa.eu/eurostat/api/dissemination/statistics/1.0/data/migr_imm1ctz?geo=ES&age=TOTAL&sex=T&agedef=REACH,A,SO,REACH,TOTAL,NR,T,ES
2001-01-01,2001,A|SO|REACH|TOTAL|NR|T|ES,17.0,Number,Eurostat,https://ec.europa.eu/eurostat/api/dissemination/statistics/1.0/data/migr_imm1ctz?geo=ES&age=TOTAL&sex=T&agedef=REACH,A,SO,REACH,TOTAL,NR,T,ES
2002-01-01,2002,A|SO|REACH|TOTAL|NR|T|ES,11.0,Number,Eurostat,https://ec.europa.eu/eurostat/api/dissemination/statistics/1.0/data/migr_imm1ctz?geo=ES&age=TOTAL&sex=T&agedef=REACH,A,SO,REACH,TOTAL,NR,T,ES
2003-01-01,2003,A|SO|REACH|TOTAL|NR|T|ES,,Number,Eurostat,https://ec.europa.eu/eurostat/api/dissemination/statistics/1.0/data/migr_imm1ctz?geo=ES&age=TOTAL&sex=T&agedef=REACH,A,SO,REACH,TOTAL,NR,T,ES
2004-01-01,2004,A|SO|REACH|TOTAL|NR|T|ES,7.0,Number,Eurostat,https://ec.europa.eu/eurostat/api/dissemination/statistics/1.0/data/migr_imm1ctz?geo=ES&age=TOTAL&sex=T&agedef=REACH,A,SO,REACH,TOTAL,NR,T,ES
2005-01-01,2005,A|SO|REACH|TOTAL|NR|T|ES,14.0,Number,Eurostat,https://ec.europa.eu/eurostat/api/dissemination/statistics/1.0/data/migr_imm1ctz?geo=ES&age=TOTAL&sex=T&agedef=REACH,A,SO,REACH,TOTAL,NR,T,ES
2006-01-01,2006,A|SO|REACH|TOTAL|NR|T|ES,19.0,Number,Eurostat,https://ec.europa.eu/eurostat/api/dissemination/statistics/1.0/data/migr_imm1ctz?geo=ES&age=TOTAL&sex=T&agedef=REACH,A,SO,REACH,TOTAL,NR,T,ES
2007-01-01,2007,A|SO|REACH|TOTAL|NR|T|ES,41.0,Number,Eurostat,https://ec.europa.eu/eurostat/api/dissemination/statistics/1.0/data/migr_imm1ctz?geo=ES&age=TOTAL&sex=T&agedef=REACH,A,SO,REACH,TOTAL,NR,T,ES
1998-01-01,1998,A|SR|REACH|TOTAL|NR|T|ES,1.0,Number,Eurostat,https://ec.europa.eu/eurostat/api/dissemination/statistics/1.0/data/migr_imm1ctz?geo=ES&age=TOTAL&sex=T&agedef=REACH,A,SR,REACH,TOTAL,NR,T,ES
1999-01-01,1999,A|SR|REACH|TOTAL|NR|T|ES,1.0,Number,Eurostat,https://ec.europa.eu/eurostat/api/dissemination/statistics/1.0/data/migr_imm1ctz?geo=ES&age=TOTAL&sex=T&agedef=REACH,A,SR,REACH,TOTAL,NR,T,ES
2000-01-01,2000,A|SR|REACH|TOTAL|NR|T|ES,7.0,Number,Eurostat,https://ec.europa.eu/eurostat/api/dissemination/statistics/1.0/data/migr_imm1ctz?geo=ES&age=TOTAL&sex=T&agedef=REACH,A,SR,REACH,TOTAL,NR,T,ES
2001-01-01,2001,A|SR|REACH|TOTAL|NR|T|ES,0.0,Number,Eurostat,https://ec.europa.eu/eurostat/api/dissemination/statistics/1.0/data/migr_imm1ctz?geo=ES&age=TOTAL&sex=T&agedef=REACH,A,SR,REACH,TOTAL,NR,T,ES
2002-01-01,2002,A|SR|REACH|TOTAL|NR|T|ES,0.0,Number,Eurostat,https://ec.europa.eu/eurostat/api/dissemination/statistics/1.0/data/migr_imm1ctz?geo=ES&age=TOTAL&sex=T&agedef=REACH,A,SR,REACH,TOTAL,NR,T,ES
2003-01-01,2003,A|SR|REACH|TOTAL|NR|T|ES,,Number,Eurostat,https://ec.europa.eu/eurostat/api/dissemination/statistics/1.0/data/migr_imm1ctz?geo=ES&age=TOTAL&sex=T&agedef=REACH,A,SR,REACH,TOTAL,NR,T,ES
2004-01-01,2004,A|SR|REACH|TOTAL|NR|T|ES,3.0,Number,Eurostat,https://ec.europa.eu/eurostat/api/dissemination/statistics/1.0/data/migr_imm1ctz?geo=ES&age=TOTAL&sex=T&agedef=REACH,A,SR,REACH,TOTAL,NR,T,ES
2005-01-01,2005,A|SR|REACH|TOTAL|NR|T|ES,8.0,Number,Eurostat,https://ec.europa.eu/eurostat/api/dissemination/statistics/1.0/data/migr_imm1ctz?geo=ES&age=TOTAL&sex=T&agedef=REACH,A,SR,REACH,TOTAL,NR,T,ES
2006-01-01,2006,A|SR|REACH|TOTAL|NR|T|ES,6.0,Number,Eurostat,https://ec.europa.eu/eurostat/api/dissemination/statistics/1.0/data/migr_imm1ctz?geo=ES&age=TOTAL&sex=T&agedef=REACH,A,SR,REACH,TOTAL,NR,T,ES
2007-01-01,2007,A|SR|REACH|TOTAL|NR|T|ES,12.0,Number,Eurostat,https://ec.europa.eu/eurostat/api/dissemination/statistics/1.0/data/migr_imm1ctz?geo=ES&age=TOTAL&sex=T&agedef=REACH,A,SR,REACH,TOTAL,NR,T,ES
2008-01-01,2008,A|SR|REACH|TOTAL|NR|T|ES,10.0,Number,Eurostat,https://ec.europa.eu/eurostat/api/dissemination/statistics/1.0/data/migr_imm1ctz?geo=ES&age=TOTAL&sex=T&agedef=REACH,A,SR,REACH,TOTAL,NR,T,ES
2009-01-01,2009,A|SR|REACH|TOTAL|NR|T|ES,4.0,Number,Eurostat,https://ec.europa.eu/eurostat/api/dissemination/statistics/1.0/data/migr_imm1ctz?geo=ES&age=TOTAL&sex=T&agedef=REACH,A,SR,REACH,TOTAL,NR,T,ES
2010-01-01,2010,A|SR|REACH|TOTAL|NR|T|ES,1.0,Number,Eurostat,https://ec.europa.eu/eurostat/api/dissemination/statistics/1.0/data/migr_imm1ctz?geo=ES&age=TOTAL&sex=T&agedef=REACH,A,SR,REACH,TOTAL,NR,T,ES
2011-01-01,2011,A|SR|REACH|TOTAL|NR|T|ES,3.0,Number,Eurostat,https://ec.europa.eu/eurostat/api/dissemination/statistics/1.0/data/migr_imm1ctz?geo=ES&age=TOTAL&sex=T&agedef=REACH,A,SR,REACH,TOTAL,NR,T,ES
2012-01-01,2012,A|SR|REACH|TOTAL|NR|T|ES,3.0,Number,Eurostat,https://ec.europa.eu/eurostat/api/dissemination/statistics/1.0/data/migr_imm1ctz?geo=ES&age=TOTAL&sex=T&agedef=REACH,A,SR,REACH,TOTAL,NR,T,ES
2013-01-01,2013,A|SR|REACH|TOTAL|NR|T|ES,3.0,Number,Eurostat,https://ec.europa.eu/eurostat/api/dissemination/statistics/1.0/data/migr_imm1ctz?geo=ES&age=TOTAL&sex=T&agedef=REACH,A,SR,REACH,TOTAL,NR,T,ES
2014-01-01,2014,A|SR|REACH|TOTAL|NR|T|ES,2.0,Number,Eurostat,https://ec.europa.eu/eurostat/api/dissemination/statistics/1.0/data/migr_imm1ctz?geo=ES&age=TOTAL&sex=T&agedef=REACH,A,SR,REACH,TOTAL,NR,T,ES
1998-01-01,1998,A|STLS|REACH|TOTAL|NR|T|ES,27.0,Number,Eurostat,https://ec.europa.eu/eurostat/api/dissemination/statistics/1.0/data/migr_imm1ctz?geo=ES&age=TOTAL&sex=T&agedef=REACH,A,STLS,REACH,TOTAL,NR,T,ES
1999-01-01,1999,A|STLS|REACH|TOTAL|NR|T|ES,52.0,Number,Eurostat,https://ec.europa.eu/eurostat/api/dissemination/statistics/1.0/data/migr_imm1ctz?geo=ES&age=TOTAL&sex=T&agedef=REACH,A,STLS,REACH,TOTAL,NR,T,ES
2000-01-01,2000,A|STLS|REACH|TOTAL|NR|T|ES,66.0,Number,Eurostat,https://ec.europa.eu/eurostat/api/dissemination/statistics/1.0/data/migr_imm1ctz?geo=ES&age=TOTAL&sex=T&agedef=REACH,A,STLS,REACH,TOTAL,NR,T,ES
2001-01-01,2001,A|STLS|REACH|TOTAL|NR|T|ES,54.0,Number,Eurostat,https://ec.europa.eu/eurostat/api/dissemination/statistics/1.0/data/migr_imm1ctz?geo=ES&age=TOTAL&sex=T&agedef=REACH,A,STLS,REACH,TOTAL,NR,T,ES
2002-01-01,2002,A|STLS|REACH|TOTAL|NR|T|ES,45.0,Number,Eurostat,https://ec.europa.eu/eurostat/api/dissemination/statistics/1.0/data/migr_imm1ctz?geo=ES&age=TOTAL&sex=T&agedef=REACH,A,STLS,REACH,TOTAL,NR,T,ES
2003-01-01,2003,A|STLS|REACH|TOTAL|NR|T|ES,,Number,Eurostat,https://ec.europa.eu/eurostat/api/dissemination/statistics/1.0/data/migr_imm1ctz?geo=ES&age=TOTAL&sex=T&agedef=REACH,A,STLS,REACH,TOTAL,NR,T,ES
2004-01-01,2004,A|STLS|REACH|TOTAL|NR|T|ES,50.0,Number,Eurostat,https://ec.europa.eu/eurostat/api/dissemination/statistics/1.0/data/migr_imm1ctz?geo=ES&age=TOTAL&sex=T&agedef=REACH,A,STLS,REACH,TOTAL,NR,T,ES
2005-01-01,2005,A|STLS|REACH|TOTAL|NR|T|ES,42.0,Number,Eurostat,https://ec.europa.eu/eurostat/api/dissemination/statistics/1.0/data/migr_imm1ctz?geo=ES&age=TOTAL&sex=T&agedef=REACH,A,STLS,REACH,TOTAL,NR,T,ES
2006-01-01,2006,A|STLS|REACH|TOTAL|NR|T|ES,42.0,Number,Eurostat,https://ec.europa.eu/eurostat/api/dissemination/statistics/1.0/data/migr_imm1ctz?geo=ES&age=TOTAL&sex=T&agedef=REACH,A,STLS,REACH,TOTAL,NR,T,ES
2007-01-01,2007,A|STLS|REACH|TOTAL|NR|T|ES,20.0,Number,Eurostat,https://ec.europa.eu/eurostat/api/dissemination/statistics/1.0/data/migr_imm1ctz?geo=ES&age=TOTAL&sex=T&agedef=REACH,A,STLS,REACH,TOTAL,NR,T,ES
2008-01-01,2008,A|STLS|REACH|TOTAL|NR|T|ES,57.0,Number,Eurostat,https://ec.europa.eu/eurostat/api/dissemination/statistics/1.0/data/migr_imm1ctz?geo=ES&age=TOTAL&sex=T&agedef=REACH,A,STLS,REACH,TOTAL,NR,T,ES
2009-01-01,2009,A|STLS|REACH|TOTAL|NR|T|ES,34.0,Number,Eurostat,https://ec.europa.eu/eurostat/api/dissemination/statistics/1.0/data/migr_imm1ctz?geo=ES&age=TOTAL&sex=T&agedef=REACH,A,STLS,REACH,TOTAL,NR,T,ES
2010-01-01,2010,A|STLS|REACH|TOTAL|NR|T|ES,58.0,Number,Eurostat,https://ec.europa.eu/eurostat/api/dissemination/statistics/1.0/data/migr_imm1ctz?geo=ES&age=TOTAL&sex=T&agedef=REACH,A,STLS,REACH,TOTAL,NR,T,ES
2011-01-01,2011,A|STLS|REACH|TOTAL|NR|T|ES,67.0,Number,Eurostat,https://ec.europa.eu/eurostat/api/dissemination/statistics/1.0/data/migr_imm1ctz?geo=ES&age=TOTAL&sex=T&agedef=REACH,A,STLS,REACH,TOTAL,NR,T,ES
2012-01-01,2012,A|STLS|REACH|TOTAL|NR|T|ES,61.0,Number,Eurostat,https://ec.europa.eu/eurostat/api/dissemination/statistics/1.0/data/migr_imm1ctz?geo=ES&age=TOTAL&sex=T&agedef=REACH,A,STLS,REACH,TOTAL,NR,T,ES
2013-01-01,2013,A|STLS|REACH|TOTAL|NR|T|ES,106.0,Number,Eurostat,https://ec.europa.eu/eurostat/api/dissemination/statistics/1.0/data/migr_imm1ctz?geo=ES&age=TOTAL&sex=T&agedef=REACH,A,STLS,REACH,TOTAL,NR,T,ES
2014-01-01,2014,A|STLS|REACH|TOTAL|NR|T|ES,149.0,Number,Eurostat,https://ec.europa.eu/eurostat/api/dissemination/statistics/1.0/data/migr_imm1ctz?geo=ES&age=TOTAL&sex=T&agedef=REACH,A,STLS,REACH,TOTAL,NR,T,ES
2015-01-01,2015,A|STLS|REACH|TOTAL|NR|T|ES,156.0,Number,Eurostat,https://ec.europa.eu/eurostat/api/dissemination/statistics/1.0/data/migr_imm1ctz?geo=ES&age=TOTAL&sex=T&agedef=REACH,A,STLS,REACH,TOTAL,NR,T,ES
2016-01-01,2016,A|STLS|REACH|TOTAL|NR|T|ES,227.0,Number,Eurostat,https://ec.europa.eu/eurostat/api/dissemination/statistics/1.0/data/migr_imm1ctz?geo=ES&age=TOTAL&sex=T&agedef=REACH,A,STLS,REACH,TOTAL,NR,T,ES
2017-01-01,2017,A|STLS|REACH|TOTAL|NR|T|ES,297.0,Number,Eurostat,https://ec.europa.eu/eurostat/api/dissemination/statistics/1.0/data/migr_imm1ctz?geo=ES&age=TOTAL&sex=T&agedef=REACH,A,STLS,REACH,TOTAL,NR,T,ES
2018-01-01,2018,A|STLS|REACH|TOTAL|NR|T|ES,408.0,Number,Eurostat,https://ec.europa.eu/eurostat/api/dissemination/statistics/1.0/data/migr_imm1ctz?geo=ES&age=TOTAL&sex=T&agedef=REACH,A,STLS,REACH,TOTAL,NR,T,ES
2019-01-01,2019,A|STLS|REACH|TOTAL|NR|T|ES,410.0,Number,Eurostat,https://ec.europa.eu/eurostat/api/dissemination/statistics/1.0/data/migr_imm1ctz?geo=ES&age=TOTAL&sex=T&agedef=REACH,A,STLS,REACH,TOTAL,NR,T,ES
2020-01-01,2020,A|STLS|REACH|TOTAL|NR|T|ES,302.0,Number,Eurostat,https://ec.europa.eu/eurostat/api/dissemination/statistics/1.0/data/migr_imm1ctz?geo=ES&age=TOTAL&sex=T&agedef=REACH,A,STLS,REACH,TOTAL,NR,T,ES
2021-01-01,2021,A|STLS|REACH|TOTAL|NR|T|ES,407.0,Number,Eurostat,https://ec.europa.eu/eurostat/api/dissemination/statistics/1.0/data/migr_imm1ctz?geo=ES&age=TOTAL&sex=T&agedef=REACH,A,STLS,REACH,TOTAL,NR,T,ES
2022-01-01,2022,A|STLS|REACH|TOTAL|NR|T|ES,403.0,Number,Eurostat,https://ec.europa.eu/eurostat/api/dissemination/statistics/1.0/data/migr_imm1ctz?geo=ES&age=TOTAL&sex=T&agedef=REACH,A,STLS,REACH,TOTAL,NR,T,ES
2023-01-01,2023,A|STLS|REACH|TOTAL|NR|T|ES,430.0,Number,Eurostat,https://ec.europa.eu/eurostat/api/dissemination/statistics/1.0/data/migr_imm1ctz?geo=ES&age=TOTAL&sex=T&agedef=REACH,A,STLS,REACH,TOTAL,NR,T,ES
2024-01-01,2024,A|STLS|REACH|TOTAL|NR|T|ES,535.0,Number,Eurostat,https://ec.europa.eu/eurostat/api/dissemination/statistics/1.0/data/migr_imm1ctz?geo=ES&age=TOTAL&sex=T&agedef=REACH,A,STLS,REACH,TOTAL,NR,T,ES
1998-01-01,1998,A|ST|REACH|TOTAL|NR|T|ES,1.0,Number,Eurostat,https://ec.europa.eu/eurostat/api/dissemination/statistics/1.0/data/migr_imm1ctz?geo=ES&age=TOTAL&sex=T&agedef=REACH,A,ST,REACH,TOTAL,NR,T,ES
1999-01-01,1999,A|ST|REACH|TOTAL|NR|T|ES,3.0,Number,Eurostat,https://ec.europa.eu/eurostat/api/dissemination/statistics/1.0/data/migr_imm1ctz?geo=ES&age=TOTAL&sex=T&agedef=REACH,A,ST,REACH,TOTAL,NR,T,ES
2000-01-01,2000,A|ST|REACH|TOTAL|NR|T|ES,15.0,Number,Eurostat,https://ec.europa.eu/eurostat/api/dissemination/statistics/1.0/data/migr_imm1ctz?geo=ES&age=TOTAL&sex=T&agedef=REACH,A,ST,REACH,TOTAL,NR,T,ES
2001-01-01,2001,A|ST|REACH|TOTAL|NR|T|ES,12.0,Number,Eurostat,https://ec.europa.eu/eurostat/api/dissemination/statistics/1.0/data/migr_imm1ctz?geo=ES&age=TOTAL&sex=T&agedef=REACH,A,ST,REACH,TOTAL,NR,T,ES
2002-01-01,2002,A|ST|REACH|TOTAL|NR|T|ES,10.0,Number,Eurostat,https://ec.europa.eu/eurostat/api/dissemination/statistics/1.0/data/migr_imm1ctz?geo=ES&age=TOTAL&sex=T&agedef=REACH,A,ST,REACH,TOTAL,NR,T,ES
2003-01-01,2003,A|ST|REACH|TOTAL|NR|T|ES,,Number,Eurostat,https://ec.europa.eu/eurostat/api/dissemination/statistics/1.0/data/migr_imm1ctz?geo=ES&age=TOTAL&sex=T&agedef=REACH,A,ST,REACH,TOTAL,NR,T,ES
2004-01-01,2004,A|ST|REACH|TOTAL|NR|T|ES,21.0,Number,Eurostat,https://ec.europa.eu/eurostat/api/dissemination/statistics/1.0/data/migr_imm1ctz?geo=ES&age=TOTAL&sex=T&agedef=REACH,A,ST,REACH,TOTAL,NR,T,ES
2005-01-01,2005,A|ST|REACH|TOTAL|NR|T|ES,16.0,Number,Eurostat,https://ec.europa.eu/eurostat/api/dissemination/statistics/1.0/data/migr_imm1ctz?geo=ES&age=TOTAL&sex=T&agedef=REACH,A,ST,REACH,TOTAL,NR,T,ES
2006-01-01,2006,A|ST|REACH|TOTAL|NR|T|ES,38.0,Number,Eurostat,https://ec.europa.eu/eurostat/api/dissemination/statistics/1.0/data/migr_imm1ctz?geo=ES&age=TOTAL&sex=T&agedef=REACH,A,ST,REACH,TOTAL,NR,T,ES
2007-01-01,2007,A|ST|REACH|TOTAL|NR|T|ES,34.0,Number,Eurostat,https://ec.europa.eu/eurostat/api/dissemination/statistics/1.0/data/migr_imm1ctz?geo=ES&age=TOTAL&sex=T&agedef=REACH,A,ST,REACH,TOTAL,NR,T,ES
1998-01-01,1998,A|SV|REACH|TOTAL|NR|T|ES,55.0,Number,Eurostat,https://ec.europa.eu/eurostat/api/dissemination/statistics/1.0/data/migr_imm1ctz?geo=ES&age=TOTAL&sex=T&agedef=REACH,A,SV,REACH,TOTAL,NR,T,ES
1999-01-01,1999,A|SV|REACH|TOTAL|NR|T|ES,89.0,Number,Eurostat,https://ec.europa.eu/eurostat/api/dissemination/statistics/1.0/data/migr_imm1ctz?geo=ES&age=TOTAL&sex=T&agedef=REACH,A,SV,REACH,TOTAL,NR,T,ES
2000-01-01,2000,A|SV|REACH|TOTAL|NR|T|ES,209.0,Number,Eurostat,https://ec.europa.eu/eurostat/api/dissemination/statistics/1.0/data/migr_imm1ctz?geo=ES&age=TOTAL&sex=T&agedef=REACH,A,SV,REACH,TOTAL,NR,T,ES
2001-01-01,2001,A|SV|REACH|TOTAL|NR|T|ES,294.0,Number,Eurostat,https://ec.europa.eu/eurostat/api/dissemination/statistics/1.0/data/migr_imm1ctz?geo=ES&age=TOTAL&sex=T&agedef=REACH,A,SV,REACH,TOTAL,NR,T,ES
2002-01-01,2002,A|SV|REACH|TOTAL|NR|T|ES,302.0,Number,Eurostat,https://ec.europa.eu/eurostat/api/dissemination/statistics/1.0/data/migr_imm1ctz?geo=ES&age=TOTAL&sex=T&agedef=REACH,A,SV,REACH,TOTAL,NR,T,ES
2003-01-01,2003,A|SV|REACH|TOTAL|NR|T|ES,,Number,Eurostat,https://ec.europa.eu/eurostat/api/dissemination/statistics/1.0/data/migr_imm1ctz?geo=ES&age=TOTAL&sex=T&agedef=REACH,A,SV,REACH,TOTAL,NR,T,ES
2004-01-01,2004,A|SV|REACH|TOTAL|NR|T|ES,559.0,Number,Eurostat,https://ec.europa.eu/eurostat/api/dissemination/statistics/1.0/data/migr_imm1ctz?geo=ES&age=TOTAL&sex=T&agedef=REACH,A,SV,REACH,TOTAL,NR,T,ES
2005-01-01,2005,A|SV|REACH|TOTAL|NR|T|ES,712.0,Number,Eurostat,https://ec.europa.eu/eurostat/api/dissemination/statistics/1.0/data/migr_imm1ctz?geo=ES&age=TOTAL&sex=T&agedef=REACH,A,SV,REACH,TOTAL,NR,T,ES
2006-01-01,2006,A|SV|REACH|TOTAL|NR|T|ES,1127.0,Number,Eurostat,https://ec.europa.eu/eurostat/api/dissemination/statistics/1.0/data/migr_imm1ctz?geo=ES&age=TOTAL&sex=T&agedef=REACH,A,SV,REACH,TOTAL,NR,T,ES
2007-01-01,2007,A|SV|REACH|TOTAL|NR|T|ES,1617.0,Number,Eurostat,https://ec.europa.eu/eurostat/api/dissemination/statistics/1.0/data/migr_imm1ctz?geo=ES&age=TOTAL&sex=T&agedef=REACH,A,SV,REACH,TOTAL,NR,T,ES
2013-01-01,2013,A|SX|REACH|TOTAL|NR|T|ES,0.0,Number,Eurostat,https://ec.europa.eu/eurostat/api/dissemination/statistics/1.0/data/migr_imm1ctz?geo=ES&age=TOTAL&sex=T&agedef=REACH,A,SX,REACH,TOTAL,NR,T,ES
2014-01-01,2014,A|SX|REACH|TOTAL|NR|T|ES,0.0,Number,Eurostat,https://ec.europa.eu/eurostat/api/dissemination/statistics/1.0/data/migr_imm1ctz?geo=ES&age=TOTAL&sex=T&agedef=REACH,A,SX,REACH,TOTAL,NR,T,ES
1998-01-01,1998,A|SY|REACH|TOTAL|NR|T|ES,53.0,Number,Eurostat,https://ec.europa.eu/eurostat/api/dissemination/statistics/1.0/data/migr_imm1ctz?geo=ES&age=TOTAL&sex=T&agedef=REACH,A,SY,REACH,TOTAL,NR,T,ES
1999-01-01,1999,A|SY|REACH|TOTAL|NR|T|ES,65.0,Number,Eurostat,https://ec.europa.eu/eurostat/api/dissemination/statistics/1.0/data/migr_imm1ctz?geo=ES&age=TOTAL&sex=T&agedef=REACH,A,SY,REACH,TOTAL,NR,T,ES
2000-01-01,2000,A|SY|REACH|TOTAL|NR|T|ES,225.0,Number,Eurostat,https://ec.europa.eu/eurostat/api/dissemination/statistics/1.0/data/migr_imm1ctz?geo=ES&age=TOTAL&sex=T&agedef=REACH,A,SY,REACH,TOTAL,NR,T,ES
2001-01-01,2001,A|SY|REACH|TOTAL|NR|T|ES,280.0,Number,Eurostat,https://ec.europa.eu/eurostat/api/dissemination/statistics/1.0/data/migr_imm1ctz?geo=ES&age=TOTAL&sex=T&agedef=REACH,A,SY,REACH,TOTAL,NR,T,ES
2002-01-01,2002,A|SY|REACH|TOTAL|NR|T|ES,225.0,Number,Eurostat,https://ec.europa.eu/eurostat/api/dissemination/statistics/1.0/data/migr_imm1ctz?geo=ES&age=TOTAL&sex=T&agedef=REACH,A,SY,REACH,TOTAL,NR,T,ES
2003-01-01,2003,A|SY|REACH|TOTAL|NR|T|ES,,Number,Eurostat,https://ec.europa.eu/eurostat/api/dissemination/statistics/1.0/data/migr_imm1ctz?geo=ES&age=TOTAL&sex=T&agedef=REACH,A,SY,REACH,TOTAL,NR,T,ES
2004-01-01,2004,A|SY|REACH|TOTAL|NR|T|ES,348.0,Number,Eurostat,https://ec.europa.eu/eurostat/api/dissemination/statistics/1.0/data/migr_imm1ctz?geo=ES&age=TOTAL&sex=T&agedef=REACH,A,SY,REACH,TOTAL,NR,T,ES
2005-01-01,2005,A|SY|REACH|TOTAL|NR|T|ES,351.0,Number,Eurostat,https://ec.europa.eu/eurostat/api/dissemination/statistics/1.0/data/migr_imm1ctz?geo=ES&age=TOTAL&sex=T&agedef=REACH,A,SY,REACH,TOTAL,NR,T,ES
2006-01-01,2006,A|SY|REACH|TOTAL|NR|T|ES,368.0,Number,Eurostat,https://ec.europa.eu/eurostat/api/dissemination/statistics/1.0/data/migr_imm1ctz?geo=ES&age=TOTAL&sex=T&agedef=REACH,A,SY,REACH,TOTAL,NR,T,ES
2007-01-01,2007,A|SY|REACH|TOTAL|NR|T|ES,370.0,Number,Eurostat,https://ec.europa.eu/eurostat/api/dissemination/statistics/1.0/data/migr_imm1ctz?geo=ES&age=TOTAL&sex=T&agedef=REACH,A,SY,REACH,TOTAL,NR,T,ES
1998-01-01,1998,A|SZ|REACH|TOTAL|NR|T|ES,0.0,Number,Eurostat,https://ec.europa.eu/eurostat/api/dissemination/statistics/1.0/data/migr_imm1ctz?geo=ES&age=TOTAL&sex=T&agedef=REACH,A,SZ,REACH,TOTAL,NR,T,ES
1999-01-01,1999,A|SZ|REACH|TOTAL|NR|T|ES,0.0,Number,Eurostat,https://ec.europa.eu/eurostat/api/dissemination/statistics/1.0/data/migr_imm1ctz?geo=ES&age=TOTAL&sex=T&agedef=REACH,A,SZ,REACH,TOTAL,NR,T,ES
2000-01-01,2000,A|SZ|REACH|TOTAL|NR|T|ES,0.0,Number,Eurostat,https://ec.europa.eu/eurostat/api/dissemination/statistics/1.0/data/migr_imm1ctz?geo=ES&age=TOTAL&sex=T&agedef=REACH,A,SZ,REACH,TOTAL,NR,T,ES
2001-01-01,2001,A|SZ|REACH|TOTAL|NR|T|ES,0.0,Number,Eurostat,https://ec.europa.eu/eurostat/api/dissemination/statistics/1.0/data/migr_imm1ctz?geo=ES&age=TOTAL&sex=T&agedef=REACH,A,SZ,REACH,TOTAL,NR,T,ES
2002-01-01,2002,A|SZ|REACH|TOTAL|NR|T|ES,1.0,Number,Eurostat,https://ec.europa.eu/eurostat/api/dissemination/statistics/1.0/data/migr_imm1ctz?geo=ES&age=TOTAL&sex=T&agedef=REACH,A,SZ,REACH,TOTAL,NR,T,ES
2003-01-01,2003,A|SZ|REACH|TOTAL|NR|T|ES,,Number,Eurostat,https://ec.europa.eu/eurostat/api/dissemination/statistics/1.0/data/migr_imm1ctz?geo=ES&age=TOTAL&sex=T&agedef=REACH,A,SZ,REACH,TOTAL,NR,T,ES
2004-01-01,2004,A|SZ|REACH|TOTAL|NR|T|ES,0.0,Number,Eurostat,https://ec.europa.eu/eurostat/api/dissemination/statistics/1.0/data/migr_imm1ctz?geo=ES&age=TOTAL&sex=T&agedef=REACH,A,SZ,REACH,TOTAL,NR,T,ES
2005-01-01,2005,A|SZ|REACH|TOTAL|NR|T|ES,1.0,Number,Eurostat,https://ec.europa.eu/eurostat/api/dissemination/statistics/1.0/data/migr_imm1ctz?geo=ES&age=TOTAL&sex=T&agedef=REACH,A,SZ,REACH,TOTAL,NR,T,ES
2006-01-01,2006,A|SZ|REACH|TOTAL|NR|T|ES,1.0,Number,Eurostat,https://ec.europa.eu/eurostat/api/dissemination/statistics/1.0/data/migr_imm1ctz?geo=ES&age=TOTAL&sex=T&agedef=REACH,A,SZ,REACH,TOTAL,NR,T,ES
2007-01-01,2007,A|SZ|REACH|TOTAL|NR|T|ES,1.0,Number,Eurostat,https://ec.europa.eu/eurostat/api/dissemination/statistics/1.0/data/migr_imm1ctz?geo=ES&age=TOTAL&sex=T&agedef=REACH,A,SZ,REACH,TOTAL,NR,T,ES
1998-01-01,1998,A|TC|REACH|TOTAL|NR|T|ES,0.0,Number,Eurostat,https://ec.europa.eu/eurostat/api/dissemination/statistics/1.0/data/migr_imm1ctz?geo=ES&age=TOTAL&sex=T&agedef=REACH,A,TC,REACH,TOTAL,NR,T,ES
1999-01-01,1999,A|TC|REACH|TOTAL|NR|T|ES,0.0,Number,Eurostat,https://ec.europa.eu/eurostat/api/dissemination/statistics/1.0/data/migr_imm1ctz?geo=ES&age=TOTAL&sex=T&agedef=REACH,A,TC,REACH,TOTAL,NR,T,ES
2000-01-01,2000,A|TC|REACH|TOTAL|NR|T|ES,0.0,Number,Eurostat,https://ec.europa.eu/eurostat/api/dissemination/statistics/1.0/data/migr_imm1ctz?geo=ES&age=TOTAL&sex=T&agedef=REACH,A,TC,REACH,TOTAL,NR,T,ES
2001-01-01,2001,A|TC|REACH|TOTAL|NR|T|ES,0.0,Number,Eurostat,https://ec.europa.eu/eurostat/api/dissemination/statistics/1.0/data/migr_imm1ctz?geo=ES&age=TOTAL&sex=T&agedef=REACH,A,TC,REACH,TOTAL,NR,T,ES
2002-01-01,2002,A|TC|REACH|TOTAL|NR|T|ES,,Number,Eurostat,https://ec.europa.eu/eurostat/api/dissemination/statistics/1.0/data/migr_imm1ctz?geo=ES&age=TOTAL&sex=T&agedef=REACH,A,TC,REACH,TOTAL,NR,T,ES
2003-01-01,2003,A|TC|REACH|TOTAL|NR|T|ES,,Number,Eurostat,https://ec.europa.eu/eurostat/api/dissemination/statistics/1.0/data/migr_imm1ctz?geo=ES&age=TOTAL&sex=T&agedef=REACH,A,TC,REACH,TOTAL,NR,T,ES
2004-01-01,2004,A|TC|REACH|TOTAL|NR|T|ES,,Number,Eurostat,https://ec.europa.eu/eurostat/api/dissemination/statistics/1.0/data/migr_imm1ctz?geo=ES&age=TOTAL&sex=T&agedef=REACH,A,TC,REACH,TOTAL,NR,T,ES
2005-01-01,2005,A|TC|REACH|TOTAL|NR|T|ES,,Number,Eurostat,https://ec.europa.eu/eurostat/api/dissemination/statistics/1.0/data/migr_imm1ctz?geo=ES&age=TOTAL&sex=T&agedef=REACH,A,TC,REACH,TOTAL,NR,T,ES
2006-01-01,2006,A|TC|REACH|TOTAL|NR|T|ES,,Number,Eurostat,https://ec.europa.eu/eurostat/api/dissemination/statistics/1.0/data/migr_imm1ctz?geo=ES&age=TOTAL&sex=T&agedef=REACH,A,TC,REACH,TOTAL,NR,T,ES
2007-01-01,2007,A|TC|REACH|TOTAL|NR|T|ES,,Number,Eurostat,https://ec.europa.eu/eurostat/api/dissemination/statistics/1.0/data/migr_imm1ctz?geo=ES&age=TOTAL&sex=T&agedef=REACH,A,TC,REACH,TOTAL,NR,T,ES
2008-01-01,2008,A|TC|REACH|TOTAL|NR|T|ES,0.0,Number,Eurostat,https://ec.europa.eu/eurostat/api/dissemination/statistics/1.0/data/migr_imm1ctz?geo=ES&age=TOTAL&sex=T&agedef=REACH,A,TC,REACH,TOTAL,NR,T,ES
2009-01-01,2009,A|TC|REACH|TOTAL|NR|T|ES,0.0,Number,Eurostat,https://ec.europa.eu/eurostat/api/dissemination/statistics/1.0/data/migr_imm1ctz?geo=ES&age=TOTAL&sex=T&agedef=REACH,A,TC,REACH,TOTAL,NR,T,ES
2010-01-01,2010,A|TC|REACH|TOTAL|NR|T|ES,0.0,Number,Eurostat,https://ec.europa.eu/eurostat/api/dissemination/statistics/1.0/data/migr_imm1ctz?geo=ES&age=TOTAL&sex=T&agedef=REACH,A,TC,REACH,TOTAL,NR,T,ES
2011-01-01,2011,A|TC|REACH|TOTAL|NR|T|ES,0.0,Number,Eurostat,https://ec.europa.eu/eurostat/api/dissemination/statistics/1.0/data/migr_imm1ctz?geo=ES&age=TOTAL&sex=T&agedef=REACH,A,TC,REACH,TOTAL,NR,T,ES
2012-01-01,2012,A|TC|REACH|TOTAL|NR|T|ES,0.0,Number,Eurostat,https://ec.europa.eu/eurostat/api/dissemination/statistics/1.0/data/migr_imm1ctz?geo=ES&age=TOTAL&sex=T&agedef=REACH,A,TC,REACH,TOTAL,NR,T,ES
2013-01-01,2013,A|TC|REACH|TOTAL|NR|T|ES,0.0,Number,Eurostat,https://ec.europa.eu/eurostat/api/dissemination/statistics/1.0/data/migr_imm1ctz?geo=ES&age=TOTAL&sex=T&agedef=REACH,A,TC,REACH,TOTAL,NR,T,ES
2014-01-01,2014,A|TC|REACH|TOTAL|NR|T|ES,0.0,Number,Eurostat,https://ec.europa.eu/eurostat/api/dissemination/statistics/1.0/data/migr_imm1ctz?geo=ES&age=TOTAL&sex=T&agedef=REACH,A,TC,REACH,TOTAL,NR,T,ES
1998-01-01,1998,A|TD|REACH|TOTAL|NR|T|ES,0.0,Number,Eurostat,https://ec.europa.eu/eurostat/api/dissemination/statistics/1.0/data/migr_imm1ctz?geo=ES&age=TOTAL&sex=T&agedef=REACH,A,TD,REACH,TOTAL,NR,T,ES
1999-01-01,1999,A|TD|REACH|TOTAL|NR|T|ES,2.0,Number,Eurostat,https://ec.europa.eu/eurostat/api/dissemination/statistics/1.0/data/migr_imm1ctz?geo=ES&age=TOTAL&sex=T&agedef=REACH,A,TD,REACH,TOTAL,NR,T,ES
2000-01-01,2000,A|TD|REACH|TOTAL|NR|T|ES,9.0,Number,Eurostat,https://ec.europa.eu/eurostat/api/dissemination/statistics/1.0/data/migr_imm1ctz?geo=ES&age=TOTAL&sex=T&agedef=REACH,A,TD,REACH,TOTAL,NR,T,ES
2001-01-01,2001,A|TD|REACH|TOTAL|NR|T|ES,2.0,Number,Eurostat,https://ec.europa.eu/eurostat/api/dissemination/statistics/1.0/data/migr_imm1ctz?geo=ES&age=TOTAL&sex=T&agedef=REACH,A,TD,REACH,TOTAL,NR,T,ES
2002-01-01,2002,A|TD|REACH|TOTAL|NR|T|ES,6.0,Number,Eurostat,https://ec.europa.eu/eurostat/api/dissemination/statistics/1.0/data/migr_imm1ctz?geo=ES&age=TOTAL&sex=T&agedef=REACH,A,TD,REACH,TOTAL,NR,T,ES
2003-01-01,2003,A|TD|REACH|TOTAL|NR|T|ES,,Number,Eurostat,https://ec.europa.eu/eurostat/api/dissemination/statistics/1.0/data/migr_imm1ctz?geo=ES&age=TOTAL&sex=T&agedef=REACH,A,TD,REACH,TOTAL,NR,T,ES
2004-01-01,2004,A|TD|REACH|TOTAL|NR|T|ES,7.0,Number,Eurostat,https://ec.europa.eu/eurostat/api/dissemination/statistics/1.0/data/migr_imm1ctz?geo=ES&age=TOTAL&sex=T&agedef=REACH,A,TD,REACH,TOTAL,NR,T,ES
2005-01-01,2005,A|TD|REACH|TOTAL|NR|T|ES,7.0,Number,Eurostat,https://ec.europa.eu/eurostat/api/dissemination/statistics/1.0/data/migr_imm1ctz?geo=ES&age=TOTAL&sex=T&agedef=REACH,A,TD,REACH,TOTAL,NR,T,ES
2006-01-01,2006,A|TD|REACH|TOTAL|NR|T|ES,7.0,Number,Eurostat,https://ec.europa.eu/eurostat/api/dissemination/statistics/1.0/data/migr_imm1ctz?geo=ES&age=TOTAL&sex=T&agedef=REACH,A,TD,REACH,TOTAL,NR,T,ES
2007-01-01,2007,A|TD|REACH|TOTAL|NR|T|ES,9.0,Number,Eurostat,https://ec.europa.eu/eurostat/api/dissemination/statistics/1.0/data/migr_imm1ctz?geo=ES&age=TOTAL&sex=T&agedef=REACH,A,TD,REACH,TOTAL,NR,T,ES
2008-01-01,2008,A|TF|REACH|TOTAL|NR|T|ES,0.0,Number,Eurostat,https://ec.europa.eu/eurostat/api/dissemination/statistics/1.0/data/migr_imm1ctz?geo=ES&age=TOTAL&sex=T&agedef=REACH,A,TF,REACH,TOTAL,NR,T,ES
2009-01-01,2009,A|TF|REACH|TOTAL|NR|T|ES,0.0,Number,Eurostat,https://ec.europa.eu/eurostat/api/dissemination/statistics/1.0/data/migr_imm1ctz?geo=ES&age=TOTAL&sex=T&agedef=REACH,A,TF,REACH,TOTAL,NR,T,ES
2010-01-01,2010,A|TF|REACH|TOTAL|NR|T|ES,0.0,Number,Eurostat,https://ec.europa.eu/eurostat/api/dissemination/statistics/1.0/data/migr_imm1ctz?geo=ES&age=TOTAL&sex=T&agedef=REACH,A,TF,REACH,TOTAL,NR,T,ES
2011-01-01,2011,A|TF|REACH|TOTAL|NR|T|ES,0.0,Number,Eurostat,https://ec.europa.eu/eurostat/api/dissemination/statistics/1.0/data/migr_imm1ctz?geo=ES&age=TOTAL&sex=T&agedef=REACH,A,TF,REACH,TOTAL,NR,T,ES
2012-01-01,2012,A|TF|REACH|TOTAL|NR|T|ES,0.0,Number,Eurostat,https://ec.europa.eu/eurostat/api/dissemination/statistics/1.0/data/migr_imm1ctz?geo=ES&age=TOTAL&sex=T&agedef=REACH,A,TF,REACH,TOTAL,NR,T,ES
1998-01-01,1998,A|TG|REACH|TOTAL|NR|T|ES,12.0,Number,Eurostat,https://ec.europa.eu/eurostat/api/dissemination/statistics/1.0/data/migr_imm1ctz?geo=ES&age=TOTAL&sex=T&agedef=REACH,A,TG,REACH,TOTAL,NR,T,ES
1999-01-01,1999,A|TG|REACH|TOTAL|NR|T|ES,10.0,Number,Eurostat,https://ec.europa.eu/eurostat/api/dissemination/statistics/1.0/data/migr_imm1ctz?geo=ES&age=TOTAL&sex=T&agedef=REACH,A,TG,REACH,TOTAL,NR,T,ES
2000-01-01,2000,A|TG|REACH|TOTAL|NR|T|ES,20.0,Number,Eurostat,https://ec.europa.eu/eurostat/api/dissemination/statistics/1.0/data/migr_imm1ctz?geo=ES&age=TOTAL&sex=T&agedef=REACH,A,TG,REACH,TOTAL,NR,T,ES
2001-01-01,2001,A|TG|REACH|TOTAL|NR|T|ES,22.0,Number,Eurostat,https://ec.europa.eu/eurostat/api/dissemination/statistics/1.0/data/migr_imm1ctz?geo=ES&age=TOTAL&sex=T&agedef=REACH,A,TG,REACH,TOTAL,NR,T,ES
2002-01-01,2002,A|TG|REACH|TOTAL|NR|T|ES,31.0,Number,Eurostat,https://ec.europa.eu/eurostat/api/dissemination/statistics/1.0/data/migr_imm1ctz?geo=ES&age=TOTAL&sex=T&agedef=REACH,A,TG,REACH,TOTAL,NR,T,ES
2003-01-01,2003,A|TG|REACH|TOTAL|NR|T|ES,,Number,Eurostat,https://ec.europa.eu/eurostat/api/dissemination/statistics/1.0/data/migr_imm1ctz?geo=ES&age=TOTAL&sex=T&agedef=REACH,A,TG,REACH,TOTAL,NR,T,ES
2004-01-01,2004,A|TG|REACH|TOTAL|NR|T|ES,88.0,Number,Eurostat,https://ec.europa.eu/eurostat/api/dissemination/statistics/1.0/data/migr_imm1ctz?geo=ES&age=TOTAL&sex=T&agedef=REACH,A,TG,REACH,TOTAL,NR,T,ES
2005-01-01,2005,A|TG|REACH|TOTAL|NR|T|ES,76.0,Number,Eurostat,https://ec.europa.eu/eurostat/api/dissemination/statistics/1.0/data/migr_imm1ctz?geo=ES&age=TOTAL&sex=T&agedef=REACH,A,TG,REACH,TOTAL,NR,T,ES
2006-01-01,2006,A|TG|REACH|TOTAL|NR|T|ES,61.0,Number,Eurostat,https://ec.europa.eu/eurostat/api/dissemination/statistics/1.0/data/migr_imm1ctz?geo=ES&age=TOTAL&sex=T&agedef=REACH,A,TG,REACH,TOTAL,NR,T,ES
2007-01-01,2007,A|TG|REACH|TOTAL|NR|T|ES,66.0,Number,Eurostat,https://ec.europa.eu/eurostat/api/dissemination/statistics/1.0/data/migr_imm1ctz?geo=ES&age=TOTAL&sex=T&agedef=REACH,A,TG,REACH,TOTAL,NR,T,ES
1998-01-01,1998,A|TH|REACH|TOTAL|NR|T|ES,14.0,Number,Eurostat,https://ec.europa.eu/eurostat/api/dissemination/statistics/1.0/data/migr_imm1ctz?geo=ES&age=TOTAL&sex=T&agedef=REACH,A,TH,REACH,TOTAL,NR,T,ES
1999-01-01,1999,A|TH|REACH|TOTAL|NR|T|ES,35.0,Number,Eurostat,https://ec.europa.eu/eurostat/api/dissemination/statistics/1.0/data/migr_imm1ctz?geo=ES&age=TOTAL&sex=T&agedef=REACH,A,TH,REACH,TOTAL,NR,T,ES
2000-01-01,2000,A|TH|REACH|TOTAL|NR|T|ES,45.0,Number,Eurostat,https://ec.europa.eu/eurostat/api/dissemination/statistics/1.0/data/migr_imm1ctz?geo=ES&age=TOTAL&sex=T&agedef=REACH,A,TH,REACH,TOTAL,NR,T,ES
2001-01-01,2001,A|TH|REACH|TOTAL|NR|T|ES,52.0,Number,Eurostat,https://ec.europa.eu/eurostat/api/dissemination/statistics/1.0/data/migr_imm1ctz?geo=ES&age=TOTAL&sex=T&agedef=REACH,A,TH,REACH,TOTAL,NR,T,ES
2002-01-01,2002,A|TH|REACH|TOTAL|NR|T|ES,59.0,Number,Eurostat,https://ec.europa.eu/eurostat/api/dissemination/statistics/1.0/data/migr_imm1ctz?geo=ES&age=TOTAL&sex=T&agedef=REACH,A,TH,REACH,TOTAL,NR,T,ES
2003-01-01,2003,A|TH|REACH|TOTAL|NR|T|ES,,Number,Eurostat,https://ec.europa.eu/eurostat/api/dissemination/statistics/1.0/data/migr_imm1ctz?geo=ES&age=TOTAL&sex=T&agedef=REACH,A,TH,REACH,TOTAL,NR,T,ES
2004-01-01,2004,A|TH|REACH|TOTAL|NR|T|ES,122.0,Number,Eurostat,https://ec.europa.eu/eurostat/api/dissemination/statistics/1.0/data/migr_imm1ctz?geo=ES&age=TOTAL&sex=T&agedef=REACH,A,TH,REACH,TOTAL,NR,T,ES
2005-01-01,2005,A|TH|REACH|TOTAL|NR|T|ES,157.0,Number,Eurostat,https://ec.europa.eu/eurostat/api/dissemination/statistics/1.0/data/migr_imm1ctz?geo=ES&age=TOTAL&sex=T&agedef=REACH,A,TH,REACH,TOTAL,NR,T,ES
2006-01-01,2006,A|TH|REACH|TOTAL|NR|T|ES,229.0,Number,Eurostat,https://ec.europa.eu/eurostat/api/dissemination/statistics/1.0/data/migr_imm1ctz?geo=ES&age=TOTAL&sex=T&agedef=REACH,A,TH,REACH,TOTAL,NR,T,ES
2007-01-01,2007,A|TH|REACH|TOTAL|NR|T|ES,428.0,Number,Eurostat,https://ec.europa.eu/eurostat/api/dissemination/statistics/1.0/data/migr_imm1ctz?geo=ES&age=TOTAL&sex=T&agedef=REACH,A,TH,REACH,TOTAL,NR,T,ES
1998-01-01,1998,A|TJ|REACH|TOTAL|NR|T|ES,3.0,Number,Eurostat,https://ec.europa.eu/eurostat/api/dissemination/statistics/1.0/data/migr_imm1ctz?geo=ES&age=TOTAL&sex=T&agedef=REACH,A,TJ,REACH,TOTAL,NR,T,ES
1999-01-01,1999,A|TJ|REACH|TOTAL|NR|T|ES,0.0,Number,Eurostat,https://ec.europa.eu/eurostat/api/dissemination/statistics/1.0/data/migr_imm1ctz?geo=ES&age=TOTAL&sex=T&agedef=REACH,A,TJ,REACH,TOTAL,NR,T,ES
2000-01-01,2000,A|TJ|REACH|TOTAL|NR|T|ES,0.0,Number,Eurostat,https://ec.europa.eu/eurostat/api/dissemination/statistics/1.0/data/migr_imm1ctz?geo=ES&age=TOTAL&sex=T&agedef=REACH,A,TJ,REACH,TOTAL,NR,T,ES
2001-01-01,2001,A|TJ|REACH|TOTAL|NR|T|ES,6.0,Number,Eurostat,https://ec.europa.eu/eurostat/api/dissemination/statistics/1.0/data/migr_imm1ctz?geo=ES&age=TOTAL&sex=T&agedef=REACH,A,TJ,REACH,TOTAL,NR,T,ES
2002-01-01,2002,A|TJ|REACH|TOTAL|NR|T|ES,7.0,Number,Eurostat,https://ec.europa.eu/eurostat/api/dissemination/statistics/1.0/data/migr_imm1ctz?geo=ES&age=TOTAL&sex=T&agedef=REACH,A,TJ,REACH,TOTAL,NR,T,ES
2003-01-01,2003,A|TJ|REACH|TOTAL|NR|T|ES,,Number,Eurostat,https://ec.europa.eu/eurostat/api/dissemination/statistics/1.0/data/migr_imm1ctz?geo=ES&age=TOTAL&sex=T&agedef=REACH,A,TJ,REACH,TOTAL,NR,T,ES
2004-01-01,2004,A|TJ|REACH|TOTAL|NR|T|ES,1.0,Number,Eurostat,https://ec.europa.eu/eurostat/api/dissemination/statistics/1.0/data/migr_imm1ctz?geo=ES&age=TOTAL&sex=T&agedef=REACH,A,TJ,REACH,TOTAL,NR,T,ES
2005-01-01,2005,A|TJ|REACH|TOTAL|NR|T|ES,2.0,Number,Eurostat,https://ec.europa.eu/eurostat/api/dissemination/statistics/1.0/data/migr_imm1ctz?geo=ES&age=TOTAL&sex=T&agedef=REACH,A,TJ,REACH,TOTAL,NR,T,ES
2006-01-01,2006,A|TJ|REACH|TOTAL|NR|T|ES,3.0,Number,Eurostat,https://ec.europa.eu/eurostat/api/dissemination/statistics/1.0/data/migr_imm1ctz?geo=ES&age=TOTAL&sex=T&agedef=REACH,A,TJ,REACH,TOTAL,NR,T,ES
2007-01-01,2007,A|TJ|REACH|TOTAL|NR|T|ES,5.0,Number,Eurostat,https://ec.europa.eu/eurostat/api/dissemination/statistics/1.0/data/migr_imm1ctz?geo=ES&age=TOTAL&sex=T&agedef=REACH,A,TJ,REACH,TOTAL,NR,T,ES
2005-01-01,2005,A|TL|REACH|TOTAL|NR|T|ES,3.0,Number,Eurostat,https://ec.europa.eu/eurostat/api/dissemination/statistics/1.0/data/migr_imm1ctz?geo=ES&age=TOTAL&sex=T&agedef=REACH,A,TL,REACH,TOTAL,NR,T,ES
2006-01-01,2006,A|TL|REACH|TOTAL|NR|T|ES,1.0,Number,Eurostat,https://ec.europa.eu/eurostat/api/dissemination/statistics/1.0/data/migr_imm1ctz?geo=ES&age=TOTAL&sex=T&agedef=REACH,A,TL,REACH,TOTAL,NR,T,ES
2007-01-01,2007,A|TL|REACH|TOTAL|NR|T|ES,,Number,Eurostat,https://ec.europa.eu/eurostat/api/dissemination/statistics/1.0/data/migr_imm1ctz?geo=ES&age=TOTAL&sex=T&agedef=REACH,A,TL,REACH,TOTAL,NR,T,ES
2008-01-01,2008,A|TL|REACH|TOTAL|NR|T|ES,1.0,Number,Eurostat,https://ec.europa.eu/eurostat/api/dissemination/statistics/1.0/data/migr_imm1ctz?geo=ES&age=TOTAL&sex=T&agedef=REACH,A,TL,REACH,TOTAL,NR,T,ES
2009-01-01,2009,A|TL|REACH|TOTAL|NR|T|ES,0.0,Number,Eurostat,https://ec.europa.eu/eurostat/api/dissemination/statistics/1.0/data/migr_imm1ctz?geo=ES&age=TOTAL&sex=T&agedef=REACH,A,TL,REACH,TOTAL,NR,T,ES
2010-01-01,2010,A|TL|REACH|TOTAL|NR|T|ES,0.0,Number,Eurostat,https://ec.europa.eu/eurostat/api/dissemination/statistics/1.0/data/migr_imm1ctz?geo=ES&age=TOTAL&sex=T&agedef=REACH,A,TL,REACH,TOTAL,NR,T,ES
2011-01-01,2011,A|TL|REACH|TOTAL|NR|T|ES,1.0,Number,Eurostat,https://ec.europa.eu/eurostat/api/dissemination/statistics/1.0/data/migr_imm1ctz?geo=ES&age=TOTAL&sex=T&agedef=REACH,A,TL,REACH,TOTAL,NR,T,ES
2012-01-01,2012,A|TL|REACH|TOTAL|NR|T|ES,1.0,Number,Eurostat,https://ec.europa.eu/eurostat/api/dissemination/statistics/1.0/data/migr_imm1ctz?geo=ES&age=TOTAL&sex=T&agedef=REACH,A,TL,REACH,TOTAL,NR,T,ES
2013-01-01,2013,A|TL|REACH|TOTAL|NR|T|ES,0.0,Number,Eurostat,https://ec.europa.eu/eurostat/api/dissemination/statistics/1.0/data/migr_imm1ctz?geo=ES&age=TOTAL&sex=T&agedef=REACH,A,TL,REACH,TOTAL,NR,T,ES
2014-01-01,2014,A|TL|REACH|TOTAL|NR|T|ES,2.0,Number,Eurostat,https://ec.europa.eu/eurostat/api/dissemination/statistics/1.0/data/migr_imm1ctz?geo=ES&age=TOTAL&sex=T&agedef=REACH,A,TL,REACH,TOTAL,NR,T,ES
1998-01-01,1998,A|TM|REACH|TOTAL|NR|T|ES,0.0,Number,Eurostat,https://ec.europa.eu/eurostat/api/dissemination/statistics/1.0/data/migr_imm1ctz?geo=ES&age=TOTAL&sex=T&agedef=REACH,A,TM,REACH,TOTAL,NR,T,ES
1999-01-01,1999,A|TM|REACH|TOTAL|NR|T|ES,1.0,Number,Eurostat,https://ec.europa.eu/eurostat/api/dissemination/statistics/1.0/data/migr_imm1ctz?geo=ES&age=TOTAL&sex=T&agedef=REACH,A,TM,REACH,TOTAL,NR,T,ES
2000-01-01,2000,A|TM|REACH|TOTAL|NR|T|ES,2.0,Number,Eurostat,https://ec.europa.eu/eurostat/api/dissemination/statistics/1.0/data/migr_imm1ctz?geo=ES&age=TOTAL&sex=T&agedef=REACH,A,TM,REACH,TOTAL,NR,T,ES
2001-01-01,2001,A|TM|REACH|TOTAL|NR|T|ES,2.0,Number,Eurostat,https://ec.europa.eu/eurostat/api/dissemination/statistics/1.0/data/migr_imm1ctz?geo=ES&age=TOTAL&sex=T&agedef=REACH,A,TM,REACH,TOTAL,NR,T,ES
2002-01-01,2002,A|TM|REACH|TOTAL|NR|T|ES,4.0,Number,Eurostat,https://ec.europa.eu/eurostat/api/dissemination/statistics/1.0/data/migr_imm1ctz?geo=ES&age=TOTAL&sex=T&agedef=REACH,A,TM,REACH,TOTAL,NR,T,ES
2003-01-01,2003,A|TM|REACH|TOTAL|NR|T|ES,,Number,Eurostat,https://ec.europa.eu/eurostat/api/dissemination/statistics/1.0/data/migr_imm1ctz?geo=ES&age=TOTAL&sex=T&agedef=REACH,A,TM,REACH,TOTAL,NR,T,ES
2004-01-01,2004,A|TM|REACH|TOTAL|NR|T|ES,1.0,Number,Eurostat,https://ec.europa.eu/eurostat/api/dissemination/statistics/1.0/data/migr_imm1ctz?geo=ES&age=TOTAL&sex=T&agedef=REACH,A,TM,REACH,TOTAL,NR,T,ES
2005-01-01,2005,A|TM|REACH|TOTAL|NR|T|ES,5.0,Number,Eurostat,https://ec.europa.eu/eurostat/api/dissemination/statistics/1.0/data/migr_imm1ctz?geo=ES&age=TOTAL&sex=T&agedef=REACH,A,TM,REACH,TOTAL,NR,T,ES
2006-01-01,2006,A|TM|REACH|TOTAL|NR|T|ES,1.0,Number,Eurostat,https://ec.europa.eu/eurostat/api/dissemination/statistics/1.0/data/migr_imm1ctz?geo=ES&age=TOTAL&sex=T&agedef=REACH,A,TM,REACH,TOTAL,NR,T,ES
2007-01-01,2007,A|TM|REACH|TOTAL|NR|T|ES,2.0,Number,Eurostat,https://ec.europa.eu/eurostat/api/dissemination/statistics/1.0/data/migr_imm1ctz?geo=ES&age=TOTAL&sex=T&agedef=REACH,A,TM,REACH,TOTAL,NR,T,ES
1998-01-01,1998,A|TN|REACH|TOTAL|NR|T|ES,34.0,Number,Eurostat,https://ec.europa.eu/eurostat/api/dissemination/statistics/1.0/data/migr_imm1ctz?geo=ES&age=TOTAL&sex=T&agedef=REACH,A,TN,REACH,TOTAL,NR,T,ES
1999-01-01,1999,A|TN|REACH|TOTAL|NR|T|ES,47.0,Number,Eurostat,https://ec.europa.eu/eurostat/api/dissemination/statistics/1.0/data/migr_imm1ctz?geo=ES&age=TOTAL&sex=T&agedef=REACH,A,TN,REACH,TOTAL,NR,T,ES
2000-01-01,2000,A|TN|REACH|TOTAL|NR|T|ES,75.0,Number,Eurostat,https://ec.europa.eu/eurostat/api/dissemination/statistics/1.0/data/migr_imm1ctz?geo=ES&age=TOTAL&sex=T&agedef=REACH,A,TN,REACH,TOTAL,NR,T,ES
2001-01-01,2001,A|TN|REACH|TOTAL|NR|T|ES,151.0,Number,Eurostat,https://ec.europa.eu/eurostat/api/dissemination/statistics/1.0/data/migr_imm1ctz?geo=ES&age=TOTAL&sex=T&agedef=REACH,A,TN,REACH,TOTAL,NR,T,ES
2002-01-01,2002,A|TN|REACH|TOTAL|NR|T|ES,111.0,Number,Eurostat,https://ec.europa.eu/eurostat/api/dissemination/statistics/1.0/data/migr_imm1ctz?geo=ES&age=TOTAL&sex=T&agedef=REACH,A,TN,REACH,TOTAL,NR,T,ES
2003-01-01,2003,A|TN|REACH|TOTAL|NR|T|ES,,Number,Eurostat,https://ec.europa.eu/eurostat/api/dissemination/statistics/1.0/data/migr_imm1ctz?geo=ES&age=TOTAL&sex=T&agedef=REACH,A,TN,REACH,TOTAL,NR,T,ES
2004-01-01,2004,A|TN|REACH|TOTAL|NR|T|ES,227.0,Number,Eurostat,https://ec.europa.eu/eurostat/api/dissemination/statistics/1.0/data/migr_imm1ctz?geo=ES&age=TOTAL&sex=T&agedef=REACH,A,TN,REACH,TOTAL,NR,T,ES
2005-01-01,2005,A|TN|REACH|TOTAL|NR|T|ES,299.0,Number,Eurostat,https://ec.europa.eu/eurostat/api/dissemination/statistics/1.0/data/migr_imm1ctz?geo=ES&age=TOTAL&sex=T&agedef=REACH,A,TN,REACH,TOTAL,NR,T,ES
2006-01-01,2006,A|TN|REACH|TOTAL|NR|T|ES,247.0,Number,Eurostat,https://ec.europa.eu/eurostat/api/dissemination/statistics/1.0/data/migr_imm1ctz?geo=ES&age=TOTAL&sex=T&agedef=REACH,A,TN,REACH,TOTAL,NR,T,ES
2007-01-01,2007,A|TN|REACH|TOTAL|NR|T|ES,314.0,Number,Eurostat,https://ec.europa.eu/eurostat/api/dissemination/statistics/1.0/data/migr_imm1ctz?geo=ES&age=TOTAL&sex=T&agedef=REACH,A,TN,REACH,TOTAL,NR,T,ES
1998-01-01,1998,A|TOTAL|REACH|TOTAL|NR|T|ES,81227.0,Number,Eurostat,https://ec.europa.eu/eurostat/api/dissemination/statistics/1.0/data/migr_imm1ctz?geo=ES&age=TOTAL&sex=T&agedef=REACH,A,TOTAL,REACH,TOTAL,NR,T,ES
1999-01-01,1999,A|TOTAL|REACH|TOTAL|NR|T|ES,127365.0,Number,Eurostat,https://ec.europa.eu/eurostat/api/dissemination/statistics/1.0/data/migr_imm1ctz?geo=ES&age=TOTAL&sex=T&agedef=REACH,A,TOTAL,REACH,TOTAL,NR,T,ES
2000-01-01,2000,A|TOTAL|REACH|TOTAL|NR|T|ES,362468.0,Number,Eurostat,https://ec.europa.eu/eurostat/api/dissemination/statistics/1.0/data/migr_imm1ctz?geo=ES&age=TOTAL&sex=T&agedef=REACH,A,TOTAL,REACH,TOTAL,NR,T,ES
2001-01-01,2001,A|TOTAL|REACH|TOTAL|NR|T|ES,414772.0,Number,Eurostat,https://ec.europa.eu/eurostat/api/dissemination/statistics/1.0/data/migr_imm1ctz?geo=ES&age=TOTAL&sex=T&agedef=REACH,A,TOTAL,REACH,TOTAL,NR,T,ES
2002-01-01,2002,A|TOTAL|REACH|TOTAL|NR|T|ES,483260.0,Number,Eurostat,https://ec.europa.eu/eurostat/api/dissemination/statistics/1.0/data/migr_imm1ctz?geo=ES&age=TOTAL&sex=T&agedef=REACH,A,TOTAL,REACH,TOTAL,NR,T,ES
2003-01-01,2003,A|TOTAL|REACH|TOTAL|NR|T|ES,470010.0,Number,Eurostat,https://ec.europa.eu/eurostat/api/dissemination/statistics/1.0/data/migr_imm1ctz?geo=ES&age=TOTAL&sex=T&agedef=REACH,A,TOTAL,REACH,TOTAL,NR,T,ES
2004-01-01,2004,A|TOTAL|REACH|TOTAL|NR|T|ES,684561.0,Number,Eurostat,https://ec.europa.eu/eurostat/api/dissemination/statistics/1.0/data/migr_imm1ctz?geo=ES&age=TOTAL&sex=T&agedef=REACH,A,TOTAL,REACH,TOTAL,NR,T,ES
2005-01-01,2005,A|TOTAL|REACH|TOTAL|NR|T|ES,719284.0,Number,Eurostat,https://ec.europa.eu/eurostat/api/dissemination/statistics/1.0/data/migr_imm1ctz?geo=ES&age=TOTAL&sex=T&agedef=REACH,A,TOTAL,REACH,TOTAL,NR,T,ES
2006-01-01,2006,A|TOTAL|REACH|TOTAL|NR|T|ES,840844.0,Number,Eurostat,https://ec.europa.eu/eurostat/api/dissemination/statistics/1.0/data/migr_imm1ctz?geo=ES&age=TOTAL&sex=T&agedef=REACH,A,TOTAL,REACH,TOTAL,NR,T,ES
2007-01-01,2007,A|TOTAL|REACH|TOTAL|NR|T|ES,958266.0,Number,Eurostat,https://ec.europa.eu/eurostat/api/dissemination/statistics/1.0/data/migr_imm1ctz?geo=ES&age=TOTAL&sex=T&agedef=REACH,A,TOTAL,REACH,TOTAL,NR,T,ES
2008-01-01,2008,A|TOTAL|REACH|TOTAL|NR|T|ES,599075.0,Number,Eurostat,https://ec.europa.eu/eurostat/api/dissemination/statistics/1.0/data/migr_imm1ctz?geo=ES&age=TOTAL&sex=T&agedef=REACH,A,TOTAL,REACH,TOTAL,NR,T,ES
2009-01-01,2009,A|TOTAL|REACH|TOTAL|NR|T|ES,392962.0,Number,Eurostat,https://ec.europa.eu/eurostat/api/dissemination/statistics/1.0/data/migr_imm1ctz?geo=ES&age=TOTAL&sex=T&agedef=REACH,A,TOTAL,REACH,TOTAL,NR,T,ES
2010-01-01,2010,A|TOTAL|REACH|TOTAL|NR|T|ES,360705.0,Number,Eurostat,https://ec.europa.eu/eurostat/api/dissemination/statistics/1.0/data/migr_imm1ctz?geo=ES&age=TOTAL&sex=T&agedef=REACH,A,TOTAL,REACH,TOTAL,NR,T,ES
2011-01-01,2011,A|TOTAL|REACH|TOTAL|NR|T|ES,371331.0,Number,Eurostat,https://ec.europa.eu/eurostat/api/dissemination/statistics/1.0/data/migr_imm1ctz?geo=ES&age=TOTAL&sex=T&agedef=REACH,A,TOTAL,REACH,TOTAL,NR,T,ES
2012-01-01,2012,A|TOTAL|REACH|TOTAL|NR|T|ES,304053.0,Number,Eurostat,https://ec.europa.eu/eurostat/api/dissemination/statistics/1.0/data/migr_imm1ctz?geo=ES&age=TOTAL&sex=T&agedef=REACH,A,TOTAL,REACH,TOTAL,NR,T,ES
2013-01-01,2013,A|TOTAL|REACH|TOTAL|NR|T|ES,280772.0,Number,Eurostat,https://ec.europa.eu/eurostat/api/dissemination/statistics/1.0/data/migr_imm1ctz?geo=ES&age=TOTAL&sex=T&agedef=REACH,A,TOTAL,REACH,TOTAL,NR,T,ES
2014-01-01,2014,A|TOTAL|REACH|TOTAL|NR|T|ES,305454.0,Number,Eurostat,https://ec.europa.eu/eurostat/api/dissemination/statistics/1.0/data/migr_imm1ctz?geo=ES&age=TOTAL&sex=T&agedef=REACH,A,TOTAL,REACH,TOTAL,NR,T,ES
2015-01-01,2015,A|TOTAL|REACH|TOTAL|NR|T|ES,342114.0,Number,Eurostat,https://ec.europa.eu/eurostat/api/dissemination/statistics/1.0/data/migr_imm1ctz?geo=ES&age=TOTAL&sex=T&agedef=REACH,A,TOTAL,REACH,TOTAL,NR,T,ES
2016-01-01,2016,A|TOTAL|REACH|TOTAL|NR|T|ES,414746.0,Number,Eurostat,https://ec.europa.eu/eurostat/api/dissemination/statistics/1.0/data/migr_imm1ctz?geo=ES&age=TOTAL&sex=T&agedef=REACH,A,TOTAL,REACH,TOTAL,NR,T,ES
2017-01-01,2017,A|TOTAL|REACH|TOTAL|NR|T|ES,532132.0,Number,Eurostat,https://ec.europa.eu/eurostat/api/dissemination/statistics/1.0/data/migr_imm1ctz?geo=ES&age=TOTAL&sex=T&agedef=REACH,A,TOTAL,REACH,TOTAL,NR,T,ES
2018-01-01,2018,A|TOTAL|REACH|TOTAL|NR|T|ES,643684.0,Number,Eurostat,https://ec.europa.eu/eurostat/api/dissemination/statistics/1.0/data/migr_imm1ctz?geo=ES&age=TOTAL&sex=T&agedef=REACH,A,TOTAL,REACH,TOTAL,NR,T,ES
2019-01-01,2019,A|TOTAL|REACH|TOTAL|NR|T|ES,750480.0,Number,Eurostat,https://ec.europa.eu/eurostat/api/dissemination/statistics/1.0/data/migr_imm1ctz?geo=ES&age=TOTAL&sex=T&agedef=REACH,A,TOTAL,REACH,TOTAL,NR,T,ES
2020-01-01,2020,A|TOTAL|REACH|TOTAL|NR|T|ES,467918.0,Number,Eurostat,https://ec.europa.eu/eurostat/api/dissemination/statistics/1.0/data/migr_imm1ctz?geo=ES&age=TOTAL&sex=T&agedef=REACH,A,TOTAL,REACH,TOTAL,NR,T,ES
2021-01-01,2021,A|TOTAL|REACH|TOTAL|NR|T|ES,887960.0,Number,Eurostat,https://ec.europa.eu/eurostat/api/dissemination/statistics/1.0/data/migr_imm1ctz?geo=ES&age=TOTAL&sex=T&agedef=REACH,A,TOTAL,REACH,TOTAL,NR,T,ES
2022-01-01,2022,A|TOTAL|REACH|TOTAL|NR|T|ES,1258894.0,Number,Eurostat,https://ec.europa.eu/eurostat/api/dissemination/statistics/1.0/data/migr_imm1ctz?geo=ES&age=TOTAL&sex=T&agedef=REACH,A,TOTAL,REACH,TOTAL,NR,T,ES
2023-01-01,2023,A|TOTAL|REACH|TOTAL|NR|T|ES,1250991.0,Number,Eurostat,https://ec.europa.eu/eurostat/api/dissemination/statistics/1.0/data/migr_imm1ctz?geo=ES&age=TOTAL&sex=T&agedef=REACH,A,TOTAL,REACH,TOTAL,NR,T,ES
2024-01-01,2024,A|TOTAL|REACH|TOTAL|NR|T|ES,1288562.0,Number,Eurostat,https://ec.europa.eu/eurostat/api/dissemination/statistics/1.0/data/migr_imm1ctz?geo=ES&age=TOTAL&sex=T&agedef=REACH,A,TOTAL,REACH,TOTAL,NR,T,ES
1998-01-01,1998,A|TO|REACH|TOTAL|NR|T|ES,1.0,Number,Eurostat,https://ec.europa.eu/eurostat/api/dissemination/statistics/1.0/data/migr_imm1ctz?geo=ES&age=TOTAL&sex=T&agedef=REACH,A,TO,REACH,TOTAL,NR,T,ES
1999-01-01,1999,A|TO|REACH|TOTAL|NR|T|ES,0.0,Number,Eurostat,https://ec.europa.eu/eurostat/api/dissemination/statistics/1.0/data/migr_imm1ctz?geo=ES&age=TOTAL&sex=T&agedef=REACH,A,TO,REACH,TOTAL,NR,T,ES
2000-01-01,2000,A|TO|REACH|TOTAL|NR|T|ES,0.0,Number,Eurostat,https://ec.europa.eu/eurostat/api/dissemination/statistics/1.0/data/migr_imm1ctz?geo=ES&age=TOTAL&sex=T&agedef=REACH,A,TO,REACH,TOTAL,NR,T,ES
2001-01-01,2001,A|TO|REACH|TOTAL|NR|T|ES,1.0,Number,Eurostat,https://ec.europa.eu/eurostat/api/dissemination/statistics/1.0/data/migr_imm1ctz?geo=ES&age=TOTAL&sex=T&agedef=REACH,A,TO,REACH,TOTAL,NR,T,ES
2002-01-01,2002,A|TO|REACH|TOTAL|NR|T|ES,2.0,Number,Eurostat,https://ec.europa.eu/eurostat/api/dissemination/statistics/1.0/data/migr_imm1ctz?geo=ES&age=TOTAL&sex=T&agedef=REACH,A,TO,REACH,TOTAL,NR,T,ES
2003-01-01,2003,A|TO|REACH|TOTAL|NR|T|ES,,Number,Eurostat,https://ec.europa.eu/eurostat/api/dissemination/statistics/1.0/data/migr_imm1ctz?geo=ES&age=TOTAL&sex=T&agedef=REACH,A,TO,REACH,TOTAL,NR,T,ES
2004-01-01,2004,A|TO|REACH|TOTAL|NR|T|ES,1.0,Number,Eurostat,https://ec.europa.eu/eurostat/api/dissemination/statistics/1.0/data/migr_imm1ctz?geo=ES&age=TOTAL&sex=T&agedef=REACH,A,TO,REACH,TOTAL,NR,T,ES
2005-01-01,2005,A|TO|REACH|TOTAL|NR|T|ES,1.0,Number,Eurostat,https://ec.europa.eu/eurostat/api/dissemination/statistics/1.0/data/migr_imm1ctz?geo=ES&age=TOTAL&sex=T&agedef=REACH,A,TO,REACH,TOTAL,NR,T,ES
2006-01-01,2006,A|TO|REACH|TOTAL|NR|T|ES,0.0,Number,Eurostat,https://ec.europa.eu/eurostat/api/dissemination/statistics/1.0/data/migr_imm1ctz?geo=ES&age=TOTAL&sex=T&agedef=REACH,A,TO,REACH,TOTAL,NR,T,ES
2007-01-01,2007,A|TO|REACH|TOTAL|NR|T|ES,0.0,Number,Eurostat,https://ec.europa.eu/eurostat/api/dissemination/statistics/1.0/data/migr_imm1ctz?geo=ES&age=TOTAL&sex=T&agedef=REACH,A,TO,REACH,TOTAL,NR,T,ES
2008-01-01,2008,A|TO|REACH|TOTAL|NR|T|ES,1.0,Number,Eurostat,https://ec.europa.eu/eurostat/api/dissemination/statistics/1.0/data/migr_imm1ctz?geo=ES&age=TOTAL&sex=T&agedef=REACH,A,TO,REACH,TOTAL,NR,T,ES
2009-01-01,2009,A|TO|REACH|TOTAL|NR|T|ES,0.0,Number,Eurostat,https://ec.europa.eu/eurostat/api/dissemination/statistics/1.0/data/migr_imm1ctz?geo=ES&age=TOTAL&sex=T&agedef=REACH,A,TO,REACH,TOTAL,NR,T,ES
2010-01-01,2010,A|TO|REACH|TOTAL|NR|T|ES,0.0,Number,Eurostat,https://ec.europa.eu/eurostat/api/dissemination/statistics/1.0/data/migr_imm1ctz?geo=ES&age=TOTAL&sex=T&agedef=REACH,A,TO,REACH,TOTAL,NR,T,ES
2011-01-01,2011,A|TO|REACH|TOTAL|NR|T|ES,0.0,Number,Eurostat,https://ec.europa.eu/eurostat/api/dissemination/statistics/1.0/data/migr_imm1ctz?geo=ES&age=TOTAL&sex=T&agedef=REACH,A,TO,REACH,TOTAL,NR,T,ES
2012-01-01,2012,A|TO|REACH|TOTAL|NR|T|ES,1.0,Number,Eurostat,https://ec.europa.eu/eurostat/api/dissemination/statistics/1.0/data/migr_imm1ctz?geo=ES&age=TOTAL&sex=T&agedef=REACH,A,TO,REACH,TOTAL,NR,T,ES
2013-01-01,2013,A|TO|REACH|TOTAL|NR|T|ES,0.0,Number,Eurostat,https://ec.europa.eu/eurostat/api/dissemination/statistics/1.0/data/migr_imm1ctz?geo=ES&age=TOTAL&sex=T&agedef=REACH,A,TO,REACH,TOTAL,NR,T,ES
2014-01-01,2014,A|TO|REACH|TOTAL|NR|T|ES,1.0,Number,Eurostat,https://ec.europa.eu/eurostat/api/dissemination/statistics/1.0/data/migr_imm1ctz?geo=ES&age=TOTAL&sex=T&agedef=REACH,A,TO,REACH,TOTAL,NR,T,ES
1998-01-01,1998,A|TR|REACH|TOTAL|NR|T|ES,48.0,Number,Eurostat,https://ec.europa.eu/eurostat/api/dissemination/statistics/1.0/data/migr_imm1ctz?geo=ES&age=TOTAL&sex=T&agedef=REACH,A,TR,REACH,TOTAL,NR,T,ES
1999-01-01,1999,A|TR|REACH|TOTAL|NR|T|ES,45.0,Number,Eurostat,https://ec.europa.eu/eurostat/api/dissemination/statistics/1.0/data/migr_imm1ctz?geo=ES&age=TOTAL&sex=T&agedef=REACH,A,TR,REACH,TOTAL,NR,T,ES
2000-01-01,2000,A|TR|REACH|TOTAL|NR|T|ES,125.0,Number,Eurostat,https://ec.europa.eu/eurostat/api/dissemination/statistics/1.0/data/migr_imm1ctz?geo=ES&age=TOTAL&sex=T&agedef=REACH,A,TR,REACH,TOTAL,NR,T,ES
2001-01-01,2001,A|TR|REACH|TOTAL|NR|T|ES,105.0,Number,Eurostat,https://ec.europa.eu/eurostat/api/dissemination/statistics/1.0/data/migr_imm1ctz?geo=ES&age=TOTAL&sex=T&agedef=REACH,A,TR,REACH,TOTAL,NR,T,ES
2002-01-01,2002,A|TR|REACH|TOTAL|NR|T|ES,116.0,Number,Eurostat,https://ec.europa.eu/eurostat/api/dissemination/statistics/1.0/data/migr_imm1ctz?geo=ES&age=TOTAL&sex=T&agedef=REACH,A,TR,REACH,TOTAL,NR,T,ES
2003-01-01,2003,A|TR|REACH|TOTAL|NR|T|ES,,Number,Eurostat,https://ec.europa.eu/eurostat/api/dissemination/statistics/1.0/data/migr_imm1ctz?geo=ES&age=TOTAL&sex=T&agedef=REACH,A,TR,REACH,TOTAL,NR,T,ES
2004-01-01,2004,A|TR|REACH|TOTAL|NR|T|ES,318.0,Number,Eurostat,https://ec.europa.eu/eurostat/api/dissemination/statistics/1.0/data/migr_imm1ctz?geo=ES&age=TOTAL&sex=T&agedef=REACH,A,TR,REACH,TOTAL,NR,T,ES
2005-01-01,2005,A|TR|REACH|TOTAL|NR|T|ES,384.0,Number,Eurostat,https://ec.europa.eu/eurostat/api/dissemination/statistics/1.0/data/migr_imm1ctz?geo=ES&age=TOTAL&sex=T&agedef=REACH,A,TR,REACH,TOTAL,NR,T,ES
2006-01-01,2006,A|TR|REACH|TOTAL|NR|T|ES,477.0,Number,Eurostat,https://ec.europa.eu/eurostat/api/dissemination/statistics/1.0/data/migr_imm1ctz?geo=ES&age=TOTAL&sex=T&agedef=REACH,A,TR,REACH,TOTAL,NR,T,ES
2007-01-01,2007,A|TR|REACH|TOTAL|NR|T|ES,557.0,Number,Eurostat,https://ec.europa.eu/eurostat/api/dissemination/statistics/1.0/data/migr_imm1ctz?geo=ES&age=TOTAL&sex=T&agedef=REACH,A,TR,REACH,TOTAL,NR,T,ES
1998-01-01,1998,A|TT|REACH|TOTAL|NR|T|ES,0.0,Number,Eurostat,https://ec.europa.eu/eurostat/api/dissemination/statistics/1.0/data/migr_imm1ctz?geo=ES&age=TOTAL&sex=T&agedef=REACH,A,TT,REACH,TOTAL,NR,T,ES
1999-01-01,1999,A|TT|REACH|TOTAL|NR|T|ES,1.0,Number,Eurostat,https://ec.europa.eu/eurostat/api/dissemination/statistics/1.0/data/migr_imm1ctz?geo=ES&age=TOTAL&sex=T&agedef=REACH,A,TT,REACH,TOTAL,NR,T,ES
2000-01-01,2000,A|TT|REACH|TOTAL|NR|T|ES,1.0,Number,Eurostat,https://ec.europa.eu/eurostat/api/dissemination/statistics/1.0/data/migr_imm1ctz?geo=ES&age=TOTAL&sex=T&agedef=REACH,A,TT,REACH,TOTAL,NR,T,ES
2001-01-01,2001,A|TT|REACH|TOTAL|NR|T|ES,6.0,Number,Eurostat,https://ec.europa.eu/eurostat/api/dissemination/statistics/1.0/data/migr_imm1ctz?geo=ES&age=TOTAL&sex=T&agedef=REACH,A,TT,REACH,TOTAL,NR,T,ES
2002-01-01,2002,A|TT|REACH|TOTAL|NR|T|ES,5.0,Number,Eurostat,https://ec.europa.eu/eurostat/api/dissemination/statistics/1.0/data/migr_imm1ctz?geo=ES&age=TOTAL&sex=T&agedef=REACH,A,TT,REACH,TOTAL,NR,T,ES
2003-01-01,2003,A|TT|REACH|TOTAL|NR|T|ES,,Number,Eurostat,https://ec.europa.eu/eurostat/api/dissemination/statistics/1.0/data/migr_imm1ctz?geo=ES&age=TOTAL&sex=T&agedef=REACH,A,TT,REACH,TOTAL,NR,T,ES
2004-01-01,2004,A|TT|REACH|TOTAL|NR|T|ES,8.0,Number,Eurostat,https://ec.europa.eu/eurostat/api/dissemination/statistics/1.0/data/migr_imm1ctz?geo=ES&age=TOTAL&sex=T&agedef=REACH,A,TT,REACH,TOTAL,NR,T,ES
2005-01-01,2005,A|TT|REACH|TOTAL|NR|T|ES,9.0,Number,Eurostat,https://ec.europa.eu/eurostat/api/dissemination/statistics/1.0/data/migr_imm1ctz?geo=ES&age=TOTAL&sex=T&agedef=REACH,A,TT,REACH,TOTAL,NR,T,ES
2006-01-01,2006,A|TT|REACH|TOTAL|NR|T|ES,5.0,Number,Eurostat,https://ec.europa.eu/eurostat/api/dissemination/statistics/1.0/data/migr_imm1ctz?geo=ES&age=TOTAL&sex=T&agedef=REACH,A,TT,REACH,TOTAL,NR,T,ES
2007-01-01,2007,A|TT|REACH|TOTAL|NR|T|ES,10.0,Number,Eurostat,https://ec.europa.eu/eurostat/api/dissemination/statistics/1.0/data/migr_imm1ctz?geo=ES&age=TOTAL&sex=T&agedef=REACH,A,TT,REACH,TOTAL,NR,T,ES
1998-01-01,1998,A|TV|REACH|TOTAL|NR|T|ES,1.0,Number,Eurostat,https://ec.europa.eu/eurostat/api/dissemination/statistics/1.0/data/migr_imm1ctz?geo=ES&age=TOTAL&sex=T&agedef=REACH,A,TV,REACH,TOTAL,NR,T,ES
1999-01-01,1999,A|TV|REACH|TOTAL|NR|T|ES,0.0,Number,Eurostat,https://ec.europa.eu/eurostat/api/dissemination/statistics/1.0/data/migr_imm1ctz?geo=ES&age=TOTAL&sex=T&agedef=REACH,A,TV,REACH,TOTAL,NR,T,ES
2000-01-01,2000,A|TV|REACH|TOTAL|NR|T|ES,27.0,Number,Eurostat,https://ec.europa.eu/eurostat/api/dissemination/statistics/1.0/data/migr_imm1ctz?geo=ES&age=TOTAL&sex=T&agedef=REACH,A,TV,REACH,TOTAL,NR,T,ES
2001-01-01,2001,A|TV|REACH|TOTAL|NR|T|ES,24.0,Number,Eurostat,https://ec.europa.eu/eurostat/api/dissemination/statistics/1.0/data/migr_imm1ctz?geo=ES&age=TOTAL&sex=T&agedef=REACH,A,TV,REACH,TOTAL,NR,T,ES
2002-01-01,2002,A|TV|REACH|TOTAL|NR|T|ES,8.0,Number,Eurostat,https://ec.europa.eu/eurostat/api/dissemination/statistics/1.0/data/migr_imm1ctz?geo=ES&age=TOTAL&sex=T&agedef=REACH,A,TV,REACH,TOTAL,NR,T,ES
2003-01-01,2003,A|TV|REACH|TOTAL|NR|T|ES,,Number,Eurostat,https://ec.europa.eu/eurostat/api/dissemination/statistics/1.0/data/migr_imm1ctz?geo=ES&age=TOTAL&sex=T&agedef=REACH,A,TV,REACH,TOTAL,NR,T,ES
2004-01-01,2004,A|TV|REACH|TOTAL|NR|T|ES,3.0,Number,Eurostat,https://ec.europa.eu/eurostat/api/dissemination/statistics/1.0/data/migr_imm1ctz?geo=ES&age=TOTAL&sex=T&agedef=REACH,A,TV,REACH,TOTAL,NR,T,ES
2005-01-01,2005,A|TV|REACH|TOTAL|NR|T|ES,2.0,Number,Eurostat,https://ec.europa.eu/eurostat/api/dissemination/statistics/1.0/data/migr_imm1ctz?geo=ES&age=TOTAL&sex=T&agedef=REACH,A,TV,REACH,TOTAL,NR,T,ES
2006-01-01,2006,A|TV|REACH|TOTAL|NR|T|ES,3.0,Number,Eurostat,https://ec.europa.eu/eurostat/api/dissemination/statistics/1.0/data/migr_imm1ctz?geo=ES&age=TOTAL&sex=T&agedef=REACH,A,TV,REACH,TOTAL,NR,T,ES
2007-01-01,2007,A|TV|REACH|TOTAL|NR|T|ES,1.0,Number,Eurostat,https://ec.europa.eu/eurostat/api/dissemination/statistics/1.0/data/migr_imm1ctz?geo=ES&age=TOTAL&sex=T&agedef=REACH,A,TV,REACH,TOTAL,NR,T,ES
2008-01-01,2008,A|TV|REACH|TOTAL|NR|T|ES,0.0,Number,Eurostat,https://ec.europa.eu/eurostat/api/dissemination/statistics/1.0/data/migr_imm1ctz?geo=ES&age=TOTAL&sex=T&agedef=REACH,A,TV,REACH,TOTAL,NR,T,ES
2009-01-01,2009,A|TV|REACH|TOTAL|NR|T|ES,1.0,Number,Eurostat,https://ec.europa.eu/eurostat/api/dissemination/statistics/1.0/data/migr_imm1ctz?geo=ES&age=TOTAL&sex=T&agedef=REACH,A,TV,REACH,TOTAL,NR,T,ES
2010-01-01,2010,A|TV|REACH|TOTAL|NR|T|ES,0.0,Number,Eurostat,https://ec.europa.eu/eurostat/api/dissemination/statistics/1.0/data/migr_imm1ctz?geo=ES&age=TOTAL&sex=T&agedef=REACH,A,TV,REACH,TOTAL,NR,T,ES
2011-01-01,2011,A|TV|REACH|TOTAL|NR|T|ES,0.0,Number,Eurostat,https://ec.europa.eu/eurostat/api/dissemination/statistics/1.0/data/migr_imm1ctz?geo=ES&age=TOTAL&sex=T&agedef=REACH,A,TV,REACH,TOTAL,NR,T,ES
2012-01-01,2012,A|TV|REACH|TOTAL|NR|T|ES,0.0,Number,Eurostat,https://ec.europa.eu/eurostat/api/dissemination/statistics/1.0/data/migr_imm1ctz?geo=ES&age=TOTAL&sex=T&agedef=REACH,A,TV,REACH,TOTAL,NR,T,ES
2013-01-01,2013,A|TV|REACH|TOTAL|NR|T|ES,0.0,Number,Eurostat,https://ec.europa.eu/eurostat/api/dissemination/statistics/1.0/data/migr_imm1ctz?geo=ES&age=TOTAL&sex=T&agedef=REACH,A,TV,REACH,TOTAL,NR,T,ES
2014-01-01,2014,A|TV|REACH|TOTAL|NR|T|ES,4.0,Number,Eurostat,https://ec.europa.eu/eurostat/api/dissemination/statistics/1.0/data/migr_imm1ctz?geo=ES&age=TOTAL&sex=T&agedef=REACH,A,TV,REACH,TOTAL,NR,T,ES
1998-01-01,1998,A|TW|REACH|TOTAL|NR|T|ES,4.0,Number,Eurostat,https://ec.europa.eu/eurostat/api/dissemination/statistics/1.0/data/migr_imm1ctz?geo=ES&age=TOTAL&sex=T&agedef=REACH,A,TW,REACH,TOTAL,NR,T,ES
1999-01-01,1999,A|TW|REACH|TOTAL|NR|T|ES,5.0,Number,Eurostat,https://ec.europa.eu/eurostat/api/dissemination/statistics/1.0/data/migr_imm1ctz?geo=ES&age=TOTAL&sex=T&agedef=REACH,A,TW,REACH,TOTAL,NR,T,ES
2000-01-01,2000,A|TW|REACH|TOTAL|NR|T|ES,0.0,Number,Eurostat,https://ec.europa.eu/eurostat/api/dissemination/statistics/1.0/data/migr_imm1ctz?geo=ES&age=TOTAL&sex=T&agedef=REACH,A,TW,REACH,TOTAL,NR,T,ES
2001-01-01,2001,A|TW|REACH|TOTAL|NR|T|ES,0.0,Number,Eurostat,https://ec.europa.eu/eurostat/api/dissemination/statistics/1.0/data/migr_imm1ctz?geo=ES&age=TOTAL&sex=T&agedef=REACH,A,TW,REACH,TOTAL,NR,T,ES
2002-01-01,2002,A|TW|REACH|TOTAL|NR|T|ES,,Number,Eurostat,https://ec.europa.eu/eurostat/api/dissemination/statistics/1.0/data/migr_imm1ctz?geo=ES&age=TOTAL&sex=T&agedef=REACH,A,TW,REACH,TOTAL,NR,T,ES
2003-01-01,2003,A|TW|REACH|TOTAL|NR|T|ES,,Number,Eurostat,https://ec.europa.eu/eurostat/api/dissemination/statistics/1.0/data/migr_imm1ctz?geo=ES&age=TOTAL&sex=T&agedef=REACH,A,TW,REACH,TOTAL,NR,T,ES
2004-01-01,2004,A|TW|REACH|TOTAL|NR|T|ES,60.0,Number,Eurostat,https://ec.europa.eu/eurostat/api/dissemination/statistics/1.0/data/migr_imm1ctz?geo=ES&age=TOTAL&sex=T&agedef=REACH,A,TW,REACH,TOTAL,NR,T,ES
2005-01-01,2005,A|TW|REACH|TOTAL|NR|T|ES,59.0,Number,Eurostat,https://ec.europa.eu/eurostat/api/dissemination/statistics/1.0/data/migr_imm1ctz?geo=ES&age=TOTAL&sex=T&agedef=REACH,A,TW,REACH,TOTAL,NR,T,ES
2006-01-01,2006,A|TW|REACH|TOTAL|NR|T|ES,64.0,Number,Eurostat,https://ec.europa.eu/eurostat/api/dissemination/statistics/1.0/data/migr_imm1ctz?geo=ES&age=TOTAL&sex=T&agedef=REACH,A,TW,REACH,TOTAL,NR,T,ES
2007-01-01,2007,A|TW|REACH|TOTAL|NR|T|ES,72.0,Number,Eurostat,https://ec.europa.eu/eurostat/api/dissemination/statistics/1.0/data/migr_imm1ctz?geo=ES&age=TOTAL&sex=T&agedef=REACH,A,TW,REACH,TOTAL,NR,T,ES
2008-01-01,2008,A|TW|REACH|TOTAL|NR|T|ES,0.0,Number,Eurostat,https://ec.europa.eu/eurostat/api/dissemination/statistics/1.0/data/migr_imm1ctz?geo=ES&age=TOTAL&sex=T&agedef=REACH,A,TW,REACH,TOTAL,NR,T,ES
2009-01-01,2009,A|TW|REACH|TOTAL|NR|T|ES,0.0,Number,Eurostat,https://ec.europa.eu/eurostat/api/dissemination/statistics/1.0/data/migr_imm1ctz?geo=ES&age=TOTAL&sex=T&agedef=REACH,A,TW,REACH,TOTAL,NR,T,ES
2010-01-01,2010,A|TW|REACH|TOTAL|NR|T|ES,0.0,Number,Eurostat,https://ec.europa.eu/eurostat/api/dissemination/statistics/1.0/data/migr_imm1ctz?geo=ES&age=TOTAL&sex=T&agedef=REACH,A,TW,REACH,TOTAL,NR,T,ES
2011-01-01,2011,A|TW|REACH|TOTAL|NR|T|ES,0.0,Number,Eurostat,https://ec.europa.eu/eurostat/api/dissemination/statistics/1.0/data/migr_imm1ctz?geo=ES&age=TOTAL&sex=T&agedef=REACH,A,TW,REACH,TOTAL,NR,T,ES
2012-01-01,2012,A|TW|REACH|TOTAL|NR|T|ES,0.0,Number,Eurostat,https://ec.europa.eu/eurostat/api/dissemination/statistics/1.0/data/migr_imm1ctz?geo=ES&age=TOTAL&sex=T&agedef=REACH,A,TW,REACH,TOTAL,NR,T,ES
2013-01-01,2013,A|TW|REACH|TOTAL|NR|T|ES,0.0,Number,Eurostat,https://ec.europa.eu/eurostat/api/dissemination/statistics/1.0/data/migr_imm1ctz?geo=ES&age=TOTAL&sex=T&agedef=REACH,A,TW,REACH,TOTAL,NR,T,ES
2014-01-01,2014,A|TW|REACH|TOTAL|NR|T|ES,0.0,Number,Eurostat,https://ec.europa.eu/eurostat/api/dissemination/statistics/1.0/data/migr_imm1ctz?geo=ES&age=TOTAL&sex=T&agedef=REACH,A,TW,REACH,TOTAL,NR,T,ES
2015-01-01,2015,A|TW|REACH|TOTAL|NR|T|ES,,Number,Eurostat,https://ec.europa.eu/eurostat/api/dissemination/statistics/1.0/data/migr_imm1ctz?geo=ES&age=TOTAL&sex=T&agedef=REACH,A,TW,REACH,TOTAL,NR,T,ES
2016-01-01,2016,A|TW|REACH|TOTAL|NR|T|ES,0.0,Number,Eurostat,https://ec.europa.eu/eurostat/api/dissemination/statistics/1.0/data/migr_imm1ctz?geo=ES&age=TOTAL&sex=T&agedef=REACH,A,TW,REACH,TOTAL,NR,T,ES
2017-01-01,2017,A|TW|REACH|TOTAL|NR|T|ES,0.0,Number,Eurostat,https://ec.europa.eu/eurostat/api/dissemination/statistics/1.0/data/migr_imm1ctz?geo=ES&age=TOTAL&sex=T&agedef=REACH,A,TW,REACH,TOTAL,NR,T,ES
2018-01-01,2018,A|TW|REACH|TOTAL|NR|T|ES,0.0,Number,Eurostat,https://ec.europa.eu/eurostat/api/dissemination/statistics/1.0/data/migr_imm1ctz?geo=ES&age=TOTAL&sex=T&agedef=REACH,A,TW,REACH,TOTAL,NR,T,ES
2019-01-01,2019,A|TW|REACH|TOTAL|NR|T|ES,0.0,Number,Eurostat,https://ec.europa.eu/eurostat/api/dissemination/statistics/1.0/data/migr_imm1ctz?geo=ES&age=TOTAL&sex=T&agedef=REACH,A,TW,REACH,TOTAL,NR,T,ES
2020-01-01,2020,A|TW|REACH|TOTAL|NR|T|ES,0.0,Number,Eurostat,https://ec.europa.eu/eurostat/api/dissemination/statistics/1.0/data/migr_imm1ctz?geo=ES&age=TOTAL&sex=T&agedef=REACH,A,TW,REACH,TOTAL,NR,T,ES
1998-01-01,1998,A|TZ|REACH|TOTAL|NR|T|ES,4.0,Number,Eurostat,https://ec.europa.eu/eurostat/api/dissemination/statistics/1.0/data/migr_imm1ctz?geo=ES&age=TOTAL&sex=T&agedef=REACH,A,TZ,REACH,TOTAL,NR,T,ES
1999-01-01,1999,A|TZ|REACH|TOTAL|NR|T|ES,1.0,Number,Eurostat,https://ec.europa.eu/eurostat/api/dissemination/statistics/1.0/data/migr_imm1ctz?geo=ES&age=TOTAL&sex=T&agedef=REACH,A,TZ,REACH,TOTAL,NR,T,ES
2000-01-01,2000,A|TZ|REACH|TOTAL|NR|T|ES,33.0,Number,Eurostat,https://ec.europa.eu/eurostat/api/dissemination/statistics/1.0/data/migr_imm1ctz?geo=ES&age=TOTAL&sex=T&agedef=REACH,A,TZ,REACH,TOTAL,NR,T,ES
2001-01-01,2001,A|TZ|REACH|TOTAL|NR|T|ES,30.0,Number,Eurostat,https://ec.europa.eu/eurostat/api/dissemination/statistics/1.0/data/migr_imm1ctz?geo=ES&age=TOTAL&sex=T&agedef=REACH,A,TZ,REACH,TOTAL,NR,T,ES
2002-01-01,2002,A|TZ|REACH|TOTAL|NR|T|ES,10.0,Number,Eurostat,https://ec.europa.eu/eurostat/api/dissemination/statistics/1.0/data/migr_imm1ctz?geo=ES&age=TOTAL&sex=T&agedef=REACH,A,TZ,REACH,TOTAL,NR,T,ES
2003-01-01,2003,A|TZ|REACH|TOTAL|NR|T|ES,,Number,Eurostat,https://ec.europa.eu/eurostat/api/dissemination/statistics/1.0/data/migr_imm1ctz?geo=ES&age=TOTAL&sex=T&agedef=REACH,A,TZ,REACH,TOTAL,NR,T,ES
2004-01-01,2004,A|TZ|REACH|TOTAL|NR|T|ES,19.0,Number,Eurostat,https://ec.europa.eu/eurostat/api/dissemination/statistics/1.0/data/migr_imm1ctz?geo=ES&age=TOTAL&sex=T&agedef=REACH,A,TZ,REACH,TOTAL,NR,T,ES
2005-01-01,2005,A|TZ|REACH|TOTAL|NR|T|ES,15.0,Number,Eurostat,https://ec.europa.eu/eurostat/api/dissemination/statistics/1.0/data/migr_imm1ctz?geo=ES&age=TOTAL&sex=T&agedef=REACH,A,TZ,REACH,TOTAL,NR,T,ES
2006-01-01,2006,A|TZ|REACH|TOTAL|NR|T|ES,24.0,Number,Eurostat,https://ec.europa.eu/eurostat/api/dissemination/statistics/1.0/data/migr_imm1ctz?geo=ES&age=TOTAL&sex=T&agedef=REACH,A,TZ,REACH,TOTAL,NR,T,ES
2007-01-01,2007,A|TZ|REACH|TOTAL|NR|T|ES,26.0,Number,Eurostat,https://ec.europa.eu/eurostat/api/dissemination/statistics/1.0/data/migr_imm1ctz?geo=ES&age=TOTAL&sex=T&agedef=REACH,A,TZ,REACH,TOTAL,NR,T,ES
1998-01-01,1998,A|UA|REACH|TOTAL|NR|T|ES,173.0,Number,Eurostat,https://ec.europa.eu/eurostat/api/dissemination/statistics/1.0/data/migr_imm1ctz?geo=ES&age=TOTAL&sex=T&agedef=REACH,A,UA,REACH,TOTAL,NR,T,ES
1999-01-01,1999,A|UA|REACH|TOTAL|NR|T|ES,579.0,Number,Eurostat,https://ec.europa.eu/eurostat/api/dissemination/statistics/1.0/data/migr_imm1ctz?geo=ES&age=TOTAL&sex=T&agedef=REACH,A,UA,REACH,TOTAL,NR,T,ES
2000-01-01,2000,A|UA|REACH|TOTAL|NR|T|ES,6325.0,Number,Eurostat,https://ec.europa.eu/eurostat/api/dissemination/statistics/1.0/data/migr_imm1ctz?geo=ES&age=TOTAL&sex=T&agedef=REACH,A,UA,REACH,TOTAL,NR,T,ES
2001-01-01,2001,A|UA|REACH|TOTAL|NR|T|ES,10987.0,Number,Eurostat,https://ec.europa.eu/eurostat/api/dissemination/statistics/1.0/data/migr_imm1ctz?geo=ES&age=TOTAL&sex=T&agedef=REACH,A,UA,REACH,TOTAL,NR,T,ES
2002-01-01,2002,A|UA|REACH|TOTAL|NR|T|ES,10847.0,Number,Eurostat,https://ec.europa.eu/eurostat/api/dissemination/statistics/1.0/data/migr_imm1ctz?geo=ES&age=TOTAL&sex=T&agedef=REACH,A,UA,REACH,TOTAL,NR,T,ES
2003-01-01,2003,A|UA|REACH|TOTAL|NR|T|ES,,Number,Eurostat,https://ec.europa.eu/eurostat/api/dissemination/statistics/1.0/data/migr_imm1ctz?geo=ES&age=TOTAL&sex=T&agedef=REACH,A,UA,REACH,TOTAL,NR,T,ES
2004-01-01,2004,A|UA|REACH|TOTAL|NR|T|ES,11851.0,Number,Eurostat,https://ec.europa.eu/eurostat/api/dissemination/statistics/1.0/data/migr_imm1ctz?geo=ES&age=TOTAL&sex=T&agedef=REACH,A,UA,REACH,TOTAL,NR,T,ES
2005-01-01,2005,A|UA|REACH|TOTAL|NR|T|ES,10015.0,Number,Eurostat,https://ec.europa.eu/eurostat/api/dissemination/statistics/1.0/data/migr_imm1ctz?geo=ES&age=TOTAL&sex=T&agedef=REACH,A,UA,REACH,TOTAL,NR,T,ES
2006-01-01,2006,A|UA|REACH|TOTAL|NR|T|ES,10736.0,Number,Eurostat,https://ec.europa.eu/eurostat/api/dissemination/statistics/1.0/data/migr_imm1ctz?geo=ES&age=TOTAL&sex=T&agedef=REACH,A,UA,REACH,TOTAL,NR,T,ES
2007-01-01,2007,A|UA|REACH|TOTAL|NR|T|ES,11144.0,Number,Eurostat,https://ec.europa.eu/eurostat/api/dissemination/statistics/1.0/data/migr_imm1ctz?geo=ES&age=TOTAL&sex=T&agedef=REACH,A,UA,REACH,TOTAL,NR,T,ES
2008-01-01,2008,A|UA|REACH|TOTAL|NR|T|ES,6868.0,Number,Eurostat,https://ec.europa.eu/eurostat/api/dissemination/statistics/1.0/data/migr_imm1ctz?geo=ES&age=TOTAL&sex=T&agedef=REACH,A,UA,REACH,TOTAL,NR,T,ES
2009-01-01,2009,A|UA|REACH|TOTAL|NR|T|ES,4756.0,Number,Eurostat,https://ec.europa.eu/eurostat/api/dissemination/statistics/1.0/data/migr_imm1ctz?geo=ES&age=TOTAL&sex=T&agedef=REACH,A,UA,REACH,TOTAL,NR,T,ES
2010-01-01,2010,A|UA|REACH|TOTAL|NR|T|ES,4928.0,Number,Eurostat,https://ec.europa.eu/eurostat/api/dissemination/statistics/1.0/data/migr_imm1ctz?geo=ES&age=TOTAL&sex=T&agedef=REACH,A,UA,REACH,TOTAL,NR,T,ES
2011-01-01,2011,A|UA|REACH|TOTAL|NR|T|ES,5094.0,Number,Eurostat,https://ec.europa.eu/eurostat/api/dissemination/statistics/1.0/data/migr_imm1ctz?geo=ES&age=TOTAL&sex=T&agedef=REACH,A,UA,REACH,TOTAL,NR,T,ES
2012-01-01,2012,A|UA|REACH|TOTAL|NR|T|ES,3681.0,Number,Eurostat,https://ec.europa.eu/eurostat/api/dissemination/statistics/1.0/data/migr_imm1ctz?geo=ES&age=TOTAL&sex=T&agedef=REACH,A,UA,REACH,TOTAL,NR,T,ES
2013-01-01,2013,A|UA|REACH|TOTAL|NR|T|ES,3348.0,Number,Eurostat,https://ec.europa.eu/eurostat/api/dissemination/statistics/1.0/data/migr_imm1ctz?geo=ES&age=TOTAL&sex=T&agedef=REACH,A,UA,REACH,TOTAL,NR,T,ES
2014-01-01,2014,A|UA|REACH|TOTAL|NR|T|ES,5680.0,Number,Eurostat,https://ec.europa.eu/eurostat/api/dissemination/statistics/1.0/data/migr_imm1ctz?geo=ES&age=TOTAL&sex=T&agedef=REACH,A,UA,REACH,TOTAL,NR,T,ES
2015-01-01,2015,A|UA|REACH|TOTAL|NR|T|ES,8848.0,Number,Eurostat,https://ec.europa.eu/eurostat/api/dissemination/statistics/1.0/data/migr_imm1ctz?geo=ES&age=TOTAL&sex=T&agedef=REACH,A,UA,REACH,TOTAL,NR,T,ES
2016-01-01,2016,A|UA|REACH|TOTAL|NR|T|ES,6876.0,Number,Eurostat,https://ec.europa.eu/eurostat/api/dissemination/statistics/1.0/data/migr_imm1ctz?geo=ES&age=TOTAL&sex=T&agedef=REACH,A,UA,REACH,TOTAL,NR,T,ES
2017-01-01,2017,A|UA|REACH|TOTAL|NR|T|ES,7788.0,Number,Eurostat,https://ec.europa.eu/eurostat/api/dissemination/statistics/1.0/data/migr_imm1ctz?geo=ES&age=TOTAL&sex=T&agedef=REACH,A,UA,REACH,TOTAL,NR,T,ES
2018-01-01,2018,A|UA|REACH|TOTAL|NR|T|ES,8156.0,Number,Eurostat,https://ec.europa.eu/eurostat/api/dissemination/statistics/1.0/data/migr_imm1ctz?geo=ES&age=TOTAL&sex=T&agedef=REACH,A,UA,REACH,TOTAL,NR,T,ES
2019-01-01,2019,A|UA|REACH|TOTAL|NR|T|ES,8063.0,Number,Eurostat,https://ec.europa.eu/eurostat/api/dissemination/statistics/1.0/data/migr_imm1ctz?geo=ES&age=TOTAL&sex=T&agedef=REACH,A,UA,REACH,TOTAL,NR,T,ES
2020-01-01,2020,A|UA|REACH|TOTAL|NR|T|ES,4231.0,Number,Eurostat,https://ec.europa.eu/eurostat/api/dissemination/statistics/1.0/data/migr_imm1ctz?geo=ES&age=TOTAL&sex=T&agedef=REACH,A,UA,REACH,TOTAL,NR,T,ES
2021-01-01,2021,A|UA|REACH|TOTAL|NR|T|ES,9923.0,Number,Eurostat,https://ec.europa.eu/eurostat/api/dissemination/statistics/1.0/data/migr_imm1ctz?geo=ES&age=TOTAL&sex=T&agedef=REACH,A,UA,REACH,TOTAL,NR,T,ES
2022-01-01,2022,A|UA|REACH|TOTAL|NR|T|ES,91621.0,Number,Eurostat,https://ec.europa.eu/eurostat/api/dissemination/statistics/1.0/data/migr_imm1ctz?geo=ES&age=TOTAL&sex=T&agedef=REACH,A,UA,REACH,TOTAL,NR,T,ES
2023-01-01,2023,A|UA|REACH|TOTAL|NR|T|ES,34385.0,Number,Eurostat,https://ec.europa.eu/eurostat/api/dissemination/statistics/1.0/data/migr_imm1ctz?geo=ES&age=TOTAL&sex=T&agedef=REACH,A,UA,REACH,TOTAL,NR,T,ES
2024-01-01,2024,A|UA|REACH|TOTAL|NR|T|ES,31482.0,Number,Eurostat,https://ec.europa.eu/eurostat/api/dissemination/statistics/1.0/data/migr_imm1ctz?geo=ES&age=TOTAL&sex=T&agedef=REACH,A,UA,REACH,TOTAL,NR,T,ES
1998-01-01,1998,A|UG|REACH|TOTAL|NR|T|ES,1.0,Number,Eurostat,https://ec.europa.eu/eurostat/api/dissemination/statistics/1.0/data/migr_imm1ctz?geo=ES&age=TOTAL&sex=T&agedef=REACH,A,UG,REACH,TOTAL,NR,T,ES
1999-01-01,1999,A|UG|REACH|TOTAL|NR|T|ES,0.0,Number,Eurostat,https://ec.europa.eu/eurostat/api/dissemination/statistics/1.0/data/migr_imm1ctz?geo=ES&age=TOTAL&sex=T&agedef=REACH,A,UG,REACH,TOTAL,NR,T,ES
2000-01-01,2000,A|UG|REACH|TOTAL|NR|T|ES,2.0,Number,Eurostat,https://ec.europa.eu/eurostat/api/dissemination/statistics/1.0/data/migr_imm1ctz?geo=ES&age=TOTAL&sex=T&agedef=REACH,A,UG,REACH,TOTAL,NR,T,ES
2001-01-01,2001,A|UG|REACH|TOTAL|NR|T|ES,1.0,Number,Eurostat,https://ec.europa.eu/eurostat/api/dissemination/statistics/1.0/data/migr_imm1ctz?geo=ES&age=TOTAL&sex=T&agedef=REACH,A,UG,REACH,TOTAL,NR,T,ES
2002-01-01,2002,A|UG|REACH|TOTAL|NR|T|ES,3.0,Number,Eurostat,https://ec.europa.eu/eurostat/api/dissemination/statistics/1.0/data/migr_imm1ctz?geo=ES&age=TOTAL&sex=T&agedef=REACH,A,UG,REACH,TOTAL,NR,T,ES
2003-01-01,2003,A|UG|REACH|TOTAL|NR|T|ES,,Number,Eurostat,https://ec.europa.eu/eurostat/api/dissemination/statistics/1.0/data/migr_imm1ctz?geo=ES&age=TOTAL&sex=T&agedef=REACH,A,UG,REACH,TOTAL,NR,T,ES
2004-01-01,2004,A|UG|REACH|TOTAL|NR|T|ES,12.0,Number,Eurostat,https://ec.europa.eu/eurostat/api/dissemination/statistics/1.0/data/migr_imm1ctz?geo=ES&age=TOTAL&sex=T&agedef=REACH,A,UG,REACH,TOTAL,NR,T,ES
2005-01-01,2005,A|UG|REACH|TOTAL|NR|T|ES,9.0,Number,Eurostat,https://ec.europa.eu/eurostat/api/dissemination/statistics/1.0/data/migr_imm1ctz?geo=ES&age=TOTAL&sex=T&agedef=REACH,A,UG,REACH,TOTAL,NR,T,ES
2006-01-01,2006,A|UG|REACH|TOTAL|NR|T|ES,12.0,Number,Eurostat,https://ec.europa.eu/eurostat/api/dissemination/statistics/1.0/data/migr_imm1ctz?geo=ES&age=TOTAL&sex=T&agedef=REACH,A,UG,REACH,TOTAL,NR,T,ES
2007-01-01,2007,A|UG|REACH|TOTAL|NR|T|ES,14.0,Number,Eurostat,https://ec.europa.eu/eurostat/api/dissemination/statistics/1.0/data/migr_imm1ctz?geo=ES&age=TOTAL&sex=T&agedef=REACH,A,UG,REACH,TOTAL,NR,T,ES
1998-01-01,1998,A|UK|REACH|TOTAL|NR|T|ES,4519.0,Number,Eurostat,https://ec.europa.eu/eurostat/api/dissemination/statistics/1.0/data/migr_imm1ctz?geo=ES&age=TOTAL&sex=T&agedef=REACH,A,UK,REACH,TOTAL,NR,T,ES
1999-01-01,1999,A|UK|REACH|TOTAL|NR|T|ES,7908.0,Number,Eurostat,https://ec.europa.eu/eurostat/api/dissemination/statistics/1.0/data/migr_imm1ctz?geo=ES&age=TOTAL&sex=T&agedef=REACH,A,UK,REACH,TOTAL,NR,T,ES
2000-01-01,2000,A|UK|REACH|TOTAL|NR|T|ES,10891.0,Number,Eurostat,https://ec.europa.eu/eurostat/api/dissemination/statistics/1.0/data/migr_imm1ctz?geo=ES&age=TOTAL&sex=T&agedef=REACH,A,UK,REACH,TOTAL,NR,T,ES
2001-01-01,2001,A|UK|REACH|TOTAL|NR|T|ES,16019.0,Number,Eurostat,https://ec.europa.eu/eurostat/api/dissemination/statistics/1.0/data/migr_imm1ctz?geo=ES&age=TOTAL&sex=T&agedef=REACH,A,UK,REACH,TOTAL,NR,T,ES
2002-01-01,2002,A|UK|REACH|TOTAL|NR|T|ES,25298.0,Number,Eurostat,https://ec.europa.eu/eurostat/api/dissemination/statistics/1.0/data/migr_imm1ctz?geo=ES&age=TOTAL&sex=T&agedef=REACH,A,UK,REACH,TOTAL,NR,T,ES
2003-01-01,2003,A|UK|REACH|TOTAL|NR|T|ES,,Number,Eurostat,https://ec.europa.eu/eurostat/api/dissemination/statistics/1.0/data/migr_imm1ctz?geo=ES&age=TOTAL&sex=T&agedef=REACH,A,UK,REACH,TOTAL,NR,T,ES
2004-01-01,2004,A|UK|REACH|TOTAL|NR|T|ES,48446.0,Number,Eurostat,https://ec.europa.eu/eurostat/api/dissemination/statistics/1.0/data/migr_imm1ctz?geo=ES&age=TOTAL&sex=T&agedef=REACH,A,UK,REACH,TOTAL,NR,T,ES
2005-01-01,2005,A|UK|REACH|TOTAL|NR|T|ES,44700.0,Number,Eurostat,https://ec.europa.eu/eurostat/api/dissemination/statistics/1.0/data/migr_imm1ctz?geo=ES&age=TOTAL&sex=T&agedef=REACH,A,UK,REACH,TOTAL,NR,T,ES
2006-01-01,2006,A|UK|REACH|TOTAL|NR|T|ES,42535.0,Number,Eurostat,https://ec.europa.eu/eurostat/api/dissemination/statistics/1.0/data/migr_imm1ctz?geo=ES&age=TOTAL&sex=T&agedef=REACH,A,UK,REACH,TOTAL,NR,T,ES
2007-01-01,2007,A|UK|REACH|TOTAL|NR|T|ES,38242.0,Number,Eurostat,https://ec.europa.eu/eurostat/api/dissemination/statistics/1.0/data/migr_imm1ctz?geo=ES&age=TOTAL&sex=T&agedef=REACH,A,UK,REACH,TOTAL,NR,T,ES
2008-01-01,2008,A|UK|REACH|TOTAL|NR|T|ES,23763.0,Number,Eurostat,https://ec.europa.eu/eurostat/api/dissemination/statistics/1.0/data/migr_imm1ctz?geo=ES&age=TOTAL&sex=T&agedef=REACH,A,UK,REACH,TOTAL,NR,T,ES
2009-01-01,2009,A|UK|REACH|TOTAL|NR|T|ES,17950.0,Number,Eurostat,https://ec.europa.eu/eurostat/api/dissemination/statistics/1.0/data/migr_imm1ctz?geo=ES&age=TOTAL&sex=T&agedef=REACH,A,UK,REACH,TOTAL,NR,T,ES
2010-01-01,2010,A|UK|REACH|TOTAL|NR|T|ES,16179.0,Number,Eurostat,https://ec.europa.eu/eurostat/api/dissemination/statistics/1.0/data/migr_imm1ctz?geo=ES&age=TOTAL&sex=T&agedef=REACH,A,UK,REACH,TOTAL,NR,T,ES
2011-01-01,2011,A|UK|REACH|TOTAL|NR|T|ES,15735.0,Number,Eurostat,https://ec.europa.eu/eurostat/api/dissemination/statistics/1.0/data/migr_imm1ctz?geo=ES&age=TOTAL&sex=T&agedef=REACH,A,UK,REACH,TOTAL,NR,T,ES
2012-01-01,2012,A|UK|REACH|TOTAL|NR|T|ES,16381.0,Number,Eurostat,https://ec.europa.eu/eurostat/api/dissemination/statistics/1.0/data/migr_imm1ctz?geo=ES&age=TOTAL&sex=T&agedef=REACH,A,UK,REACH,TOTAL,NR,T,ES
2013-01-01,2013,A|UK|REACH|TOTAL|NR|T|ES,14146.0,Number,Eurostat,https://ec.europa.eu/eurostat/api/dissemination/statistics/1.0/data/migr_imm1ctz?geo=ES&age=TOTAL&sex=T&agedef=REACH,A,UK,REACH,TOTAL,NR,T,ES
2014-01-01,2014,A|UK|REACH|TOTAL|NR|T|ES,14230.0,Number,Eurostat,https://ec.europa.eu/eurostat/api/dissemination/statistics/1.0/data/migr_imm1ctz?geo=ES&age=TOTAL&sex=T&agedef=REACH,A,UK,REACH,TOTAL,NR,T,ES
2015-01-01,2015,A|UK|REACH|TOTAL|NR|T|ES,14990.0,Number,Eurostat,https://ec.europa.eu/eurostat/api/dissemination/statistics/1.0/data/migr_imm1ctz?geo=ES&age=TOTAL&sex=T&agedef=REACH,A,UK,REACH,TOTAL,NR,T,ES
2016-01-01,2016,A|UK|REACH|TOTAL|NR|T|ES,18549.0,Number,Eurostat,https://ec.europa.eu/eurostat/api/dissemination/statistics/1.0/data/migr_imm1ctz?geo=ES&age=TOTAL&sex=T&agedef=REACH,A,UK,REACH,TOTAL,NR,T,ES
2017-01-01,2017,A|UK|REACH|TOTAL|NR|T|ES,21247.0,Number,Eurostat,https://ec.europa.eu/eurostat/api/dissemination/statistics/1.0/data/migr_imm1ctz?geo=ES&age=TOTAL&sex=T&agedef=REACH,A,UK,REACH,TOTAL,NR,T,ES
2018-01-01,2018,A|UK|REACH|TOTAL|NR|T|ES,23962.0,Number,Eurostat,https://ec.europa.eu/eurostat/api/dissemination/statistics/1.0/data/migr_imm1ctz?geo=ES&age=TOTAL&sex=T&agedef=REACH,A,UK,REACH,TOTAL,NR,T,ES
2019-01-01,2019,A|UK|REACH|TOTAL|NR|T|ES,29363.0,Number,Eurostat,https://ec.europa.eu/eurostat/api/dissemination/statistics/1.0/data/migr_imm1ctz?geo=ES&age=TOTAL&sex=T&agedef=REACH,A,UK,REACH,TOTAL,NR,T,ES
2020-01-01,2020,A|UK|REACH|TOTAL|NR|T|ES,29518.0,Number,Eurostat,https://ec.europa.eu/eurostat/api/dissemination/statistics/1.0/data/migr_imm1ctz?geo=ES&age=TOTAL&sex=T&agedef=REACH,A,UK,REACH,TOTAL,NR,T,ES
2021-01-01,2021,A|UK|REACH|TOTAL|NR|T|ES,33941.0,Number,Eurostat,https://ec.europa.eu/eurostat/api/dissemination/statistics/1.0/data/migr_imm1ctz?geo=ES&age=TOTAL&sex=T&agedef=REACH,A,UK,REACH,TOTAL,NR,T,ES
2022-01-01,2022,A|UK|REACH|TOTAL|NR|T|ES,18986.0,Number,Eurostat,https://ec.europa.eu/eurostat/api/dissemination/statistics/1.0/data/migr_imm1ctz?geo=ES&age=TOTAL&sex=T&agedef=REACH,A,UK,REACH,TOTAL,NR,T,ES
2023-01-01,2023,A|UK|REACH|TOTAL|NR|T|ES,18269.0,Number,Eurostat,https://ec.europa.eu/eurostat/api/dissemination/statistics/1.0/data/migr_imm1ctz?geo=ES&age=TOTAL&sex=T&agedef=REACH,A,UK,REACH,TOTAL,NR,T,ES
2024-01-01,2024,A|UK|REACH|TOTAL|NR|T|ES,18434.0,Number,Eurostat,https://ec.europa.eu/eurostat/api/dissemination/statistics/1.0/data/migr_imm1ctz?geo=ES&age=TOTAL&sex=T&agedef=REACH,A,UK,REACH,TOTAL,NR,T,ES
1998-01-01,1998,A|UNK|REACH|TOTAL|NR|T|ES,0.0,Number,Eurostat,https://ec.europa.eu/eurostat/api/dissemination/statistics/1.0/data/migr_imm1ctz?geo=ES&age=TOTAL&sex=T&agedef=REACH,A,UNK,REACH,TOTAL,NR,T,ES
1999-01-01,1999,A|UNK|REACH|TOTAL|NR|T|ES,0.0,Number,Eurostat,https://ec.europa.eu/eurostat/api/dissemination/statistics/1.0/data/migr_imm1ctz?geo=ES&age=TOTAL&sex=T&agedef=REACH,A,UNK,REACH,TOTAL,NR,T,ES
2000-01-01,2000,A|UNK|REACH|TOTAL|NR|T|ES,30.0,Number,Eurostat,https://ec.europa.eu/eurostat/api/dissemination/statistics/1.0/data/migr_imm1ctz?geo=ES&age=TOTAL&sex=T&agedef=REACH,A,UNK,REACH,TOTAL,NR,T,ES
2001-01-01,2001,A|UNK|REACH|TOTAL|NR|T|ES,20.0,Number,Eurostat,https://ec.europa.eu/eurostat/api/dissemination/statistics/1.0/data/migr_imm1ctz?geo=ES&age=TOTAL&sex=T&agedef=REACH,A,UNK,REACH,TOTAL,NR,T,ES
2002-01-01,2002,A|UNK|REACH|TOTAL|NR|T|ES,37.0,Number,Eurostat,https://ec.europa.eu/eurostat/api/dissemination/statistics/1.0/data/migr_imm1ctz?geo=ES&age=TOTAL&sex=T&agedef=REACH,A,UNK,REACH,TOTAL,NR,T,ES
2003-01-01,2003,A|UNK|REACH|TOTAL|NR|T|ES,,Number,Eurostat,https://ec.europa.eu/eurostat/api/dissemination/statistics/1.0/data/migr_imm1ctz?geo=ES&age=TOTAL&sex=T&agedef=REACH,A,UNK,REACH,TOTAL,NR,T,ES
2004-01-01,2004,A|UNK|REACH|TOTAL|NR|T|ES,0.0,Number,Eurostat,https://ec.europa.eu/eurostat/api/dissemination/statistics/1.0/data/migr_imm1ctz?geo=ES&age=TOTAL&sex=T&agedef=REACH,A,UNK,REACH,TOTAL,NR,T,ES
2005-01-01,2005,A|UNK|REACH|TOTAL|NR|T|ES,0.0,Number,Eurostat,https://ec.europa.eu/eurostat/api/dissemination/statistics/1.0/data/migr_imm1ctz?geo=ES&age=TOTAL&sex=T&agedef=REACH,A,UNK,REACH,TOTAL,NR,T,ES
2006-01-01,2006,A|UNK|REACH|TOTAL|NR|T|ES,0.0,Number,Eurostat,https://ec.europa.eu/eurostat/api/dissemination/statistics/1.0/data/migr_imm1ctz?geo=ES&age=TOTAL&sex=T&agedef=REACH,A,UNK,REACH,TOTAL,NR,T,ES
2007-01-01,2007,A|UNK|REACH|TOTAL|NR|T|ES,0.0,Number,Eurostat,https://ec.europa.eu/eurostat/api/dissemination/statistics/1.0/data/migr_imm1ctz?geo=ES&age=TOTAL&sex=T&agedef=REACH,A,UNK,REACH,TOTAL,NR,T,ES
2008-01-01,2008,A|UNK|REACH|TOTAL|NR|T|ES,0.0,Number,Eurostat,https://ec.europa.eu/eurostat/api/dissemination/statistics/1.0/data/migr_imm1ctz?geo=ES&age=TOTAL&sex=T&agedef=REACH,A,UNK,REACH,TOTAL,NR,T,ES
2009-01-01,2009,A|UNK|REACH|TOTAL|NR|T|ES,0.0,Number,Eurostat,https://ec.europa.eu/eurostat/api/dissemination/statistics/1.0/data/migr_imm1ctz?geo=ES&age=TOTAL&sex=T&agedef=REACH,A,UNK,REACH,TOTAL,NR,T,ES
2010-01-01,2010,A|UNK|REACH|TOTAL|NR|T|ES,0.0,Number,Eurostat,https://ec.europa.eu/eurostat/api/dissemination/statistics/1.0/data/migr_imm1ctz?geo=ES&age=TOTAL&sex=T&agedef=REACH,A,UNK,REACH,TOTAL,NR,T,ES
2011-01-01,2011,A|UNK|REACH|TOTAL|NR|T|ES,0.0,Number,Eurostat,https://ec.europa.eu/eurostat/api/dissemination/statistics/1.0/data/migr_imm1ctz?geo=ES&age=TOTAL&sex=T&agedef=REACH,A,UNK,REACH,TOTAL,NR,T,ES
2012-01-01,2012,A|UNK|REACH|TOTAL|NR|T|ES,0.0,Number,Eurostat,https://ec.europa.eu/eurostat/api/dissemination/statistics/1.0/data/migr_imm1ctz?geo=ES&age=TOTAL&sex=T&agedef=REACH,A,UNK,REACH,TOTAL,NR,T,ES
2013-01-01,2013,A|UNK|REACH|TOTAL|NR|T|ES,0.0,Number,Eurostat,https://ec.europa.eu/eurostat/api/dissemination/statistics/1.0/data/migr_imm1ctz?geo=ES&age=TOTAL&sex=T&agedef=REACH,A,UNK,REACH,TOTAL,NR,T,ES
2014-01-01,2014,A|UNK|REACH|TOTAL|NR|T|ES,0.0,Number,Eurostat,https://ec.europa.eu/eurostat/api/dissemination/statistics/1.0/data/migr_imm1ctz?geo=ES&age=TOTAL&sex=T&agedef=REACH,A,UNK,REACH,TOTAL,NR,T,ES
2015-01-01,2015,A|UNK|REACH|TOTAL|NR|T|ES,0.0,Number,Eurostat,https://ec.europa.eu/eurostat/api/dissemination/statistics/1.0/data/migr_imm1ctz?geo=ES&age=TOTAL&sex=T&agedef=REACH,A,UNK,REACH,TOTAL,NR,T,ES
2016-01-01,2016,A|UNK|REACH|TOTAL|NR|T|ES,0.0,Number,Eurostat,https://ec.europa.eu/eurostat/api/dissemination/statistics/1.0/data/migr_imm1ctz?geo=ES&age=TOTAL&sex=T&agedef=REACH,A,UNK,REACH,TOTAL,NR,T,ES
2017-01-01,2017,A|UNK|REACH|TOTAL|NR|T|ES,0.0,Number,Eurostat,https://ec.europa.eu/eurostat/api/dissemination/statistics/1.0/data/migr_imm1ctz?geo=ES&age=TOTAL&sex=T&agedef=REACH,A,UNK,REACH,TOTAL,NR,T,ES
2018-01-01,2018,A|UNK|REACH|TOTAL|NR|T|ES,0.0,Number,Eurostat,https://ec.europa.eu/eurostat/api/dissemination/statistics/1.0/data/migr_imm1ctz?geo=ES&age=TOTAL&sex=T&agedef=REACH,A,UNK,REACH,TOTAL,NR,T,ES
2019-01-01,2019,A|UNK|REACH|TOTAL|NR|T|ES,0.0,Number,Eurostat,https://ec.europa.eu/eurostat/api/dissemination/statistics/1.0/data/migr_imm1ctz?geo=ES&age=TOTAL&sex=T&agedef=REACH,A,UNK,REACH,TOTAL,NR,T,ES
2020-01-01,2020,A|UNK|REACH|TOTAL|NR|T|ES,0.0,Number,Eurostat,https://ec.europa.eu/eurostat/api/dissemination/statistics/1.0/data/migr_imm1ctz?geo=ES&age=TOTAL&sex=T&agedef=REACH,A,UNK,REACH,TOTAL,NR,T,ES
2021-01-01,2021,A|UNK|REACH|TOTAL|NR|T|ES,0.0,Number,Eurostat,https://ec.europa.eu/eurostat/api/dissemination/statistics/1.0/data/migr_imm1ctz?geo=ES&age=TOTAL&sex=T&agedef=REACH,A,UNK,REACH,TOTAL,NR,T,ES
2022-01-01,2022,A|UNK|REACH|TOTAL|NR|T|ES,0.0,Number,Eurostat,https://ec.europa.eu/eurostat/api/dissemination/statistics/1.0/data/migr_imm1ctz?geo=ES&age=TOTAL&sex=T&agedef=REACH,A,UNK,REACH,TOTAL,NR,T,ES
2023-01-01,2023,A|UNK|REACH|TOTAL|NR|T|ES,0.0,Number,Eurostat,https://ec.europa.eu/eurostat/api/dissemination/statistics/1.0/data/migr_imm1ctz?geo=ES&age=TOTAL&sex=T&agedef=REACH,A,UNK,REACH,TOTAL,NR,T,ES
2024-01-01,2024,A|UNK|REACH|TOTAL|NR|T|ES,0.0,Number,Eurostat,https://ec.europa.eu/eurostat/api/dissemination/statistics/1.0/data/migr_imm1ctz?geo=ES&age=TOTAL&sex=T&agedef=REACH,A,UNK,REACH,TOTAL,NR,T,ES
1998-01-01,1998,A|US|REACH|TOTAL|NR|T|ES,581.0,Number,Eurostat,https://ec.europa.eu/eurostat/api/dissemination/statistics/1.0/data/migr_imm1ctz?geo=ES&age=TOTAL&sex=T&agedef=REACH,A,US,REACH,TOTAL,NR,T,ES
1999-01-01,1999,A|US|REACH|TOTAL|NR|T|ES,970.0,Number,Eurostat,https://ec.europa.eu/eurostat/api/dissemination/statistics/1.0/data/migr_imm1ctz?geo=ES&age=TOTAL&sex=T&agedef=REACH,A,US,REACH,TOTAL,NR,T,ES
2000-01-01,2000,A|US|REACH|TOTAL|NR|T|ES,1349.0,Number,Eurostat,https://ec.europa.eu/eurostat/api/dissemination/statistics/1.0/data/migr_imm1ctz?geo=ES&age=TOTAL&sex=T&agedef=REACH,A,US,REACH,TOTAL,NR,T,ES
2001-01-01,2001,A|US|REACH|TOTAL|NR|T|ES,1588.0,Number,Eurostat,https://ec.europa.eu/eurostat/api/dissemination/statistics/1.0/data/migr_imm1ctz?geo=ES&age=TOTAL&sex=T&agedef=REACH,A,US,REACH,TOTAL,NR,T,ES
2002-01-01,2002,A|US|REACH|TOTAL|NR|T|ES,1998.0,Number,Eurostat,https://ec.europa.eu/eurostat/api/dissemination/statistics/1.0/data/migr_imm1ctz?geo=ES&age=TOTAL&sex=T&agedef=REACH,A,US,REACH,TOTAL,NR,T,ES
2003-01-01,2003,A|US|REACH|TOTAL|NR|T|ES,,Number,Eurostat,https://ec.europa.eu/eurostat/api/dissemination/statistics/1.0/data/migr_imm1ctz?geo=ES&age=TOTAL&sex=T&agedef=REACH,A,US,REACH,TOTAL,NR,T,ES
2004-01-01,2004,A|US|REACH|TOTAL|NR|T|ES,3670.0,Number,Eurostat,https://ec.europa.eu/eurostat/api/dissemination/statistics/1.0/data/migr_imm1ctz?geo=ES&age=TOTAL&sex=T&agedef=REACH,A,US,REACH,TOTAL,NR,T,ES
2005-01-01,2005,A|US|REACH|TOTAL|NR|T|ES,3980.0,Number,Eurostat,https://ec.europa.eu/eurostat/api/dissemination/statistics/1.0/data/migr_imm1ctz?geo=ES&age=TOTAL&sex=T&agedef=REACH,A,US,REACH,TOTAL,NR,T,ES
2006-01-01,2006,A|US|REACH|TOTAL|NR|T|ES,4347.0,Number,Eurostat,https://ec.europa.eu/eurostat/api/dissemination/statistics/1.0/data/migr_imm1ctz?geo=ES&age=TOTAL&sex=T&agedef=REACH,A,US,REACH,TOTAL,NR,T,ES
2007-01-01,2007,A|US|REACH|TOTAL|NR|T|ES,4607.0,Number,Eurostat,https://ec.europa.eu/eurostat/api/dissemination/statistics/1.0/data/migr_imm1ctz?geo=ES&age=TOTAL&sex=T&agedef=REACH,A,US,REACH,TOTAL,NR,T,ES
2008-01-01,2008,A|US|REACH|TOTAL|NR|T|ES,3685.0,Number,Eurostat,https://ec.europa.eu/eurostat/api/dissemination/statistics/1.0/data/migr_imm1ctz?geo=ES&age=TOTAL&sex=T&agedef=REACH,A,US,REACH,TOTAL,NR,T,ES
2009-01-01,2009,A|US|REACH|TOTAL|NR|T|ES,3491.0,Number,Eurostat,https://ec.europa.eu/eurostat/api/dissemination/statistics/1.0/data/migr_imm1ctz?geo=ES&age=TOTAL&sex=T&agedef=REACH,A,US,REACH,TOTAL,NR,T,ES
2010-01-01,2010,A|US|REACH|TOTAL|NR|T|ES,3699.0,Number,Eurostat,https://ec.europa.eu/eurostat/api/dissemination/statistics/1.0/data/migr_imm1ctz?geo=ES&age=TOTAL&sex=T&agedef=REACH,A,US,REACH,TOTAL,NR,T,ES
2011-01-01,2011,A|US|REACH|TOTAL|NR|T|ES,5021.0,Number,Eurostat,https://ec.europa.eu/eurostat/api/dissemination/statistics/1.0/data/migr_imm1ctz?geo=ES&age=TOTAL&sex=T&agedef=REACH,A,US,REACH,TOTAL,NR,T,ES
2012-01-01,2012,A|US|REACH|TOTAL|NR|T|ES,4949.0,Number,Eurostat,https://ec.europa.eu/eurostat/api/dissemination/statistics/1.0/data/migr_imm1ctz?geo=ES&age=TOTAL&sex=T&agedef=REACH,A,US,REACH,TOTAL,NR,T,ES
2013-01-01,2013,A|US|REACH|TOTAL|NR|T|ES,5527.0,Number,Eurostat,https://ec.europa.eu/eurostat/api/dissemination/statistics/1.0/data/migr_imm1ctz?geo=ES&age=TOTAL&sex=T&agedef=REACH,A,US,REACH,TOTAL,NR,T,ES
2014-01-01,2014,A|US|REACH|TOTAL|NR|T|ES,5290.0,Number,Eurostat,https://ec.europa.eu/eurostat/api/dissemination/statistics/1.0/data/migr_imm1ctz?geo=ES&age=TOTAL&sex=T&agedef=REACH,A,US,REACH,TOTAL,NR,T,ES
2015-01-01,2015,A|US|REACH|TOTAL|NR|T|ES,5626.0,Number,Eurostat,https://ec.europa.eu/eurostat/api/dissemination/statistics/1.0/data/migr_imm1ctz?geo=ES&age=TOTAL&sex=T&agedef=REACH,A,US,REACH,TOTAL,NR,T,ES
2016-01-01,2016,A|US|REACH|TOTAL|NR|T|ES,5918.0,Number,Eurostat,https://ec.europa.eu/eurostat/api/dissemination/statistics/1.0/data/migr_imm1ctz?geo=ES&age=TOTAL&sex=T&agedef=REACH,A,US,REACH,TOTAL,NR,T,ES
2017-01-01,2017,A|US|REACH|TOTAL|NR|T|ES,7471.0,Number,Eurostat,https://ec.europa.eu/eurostat/api/dissemination/statistics/1.0/data/migr_imm1ctz?geo=ES&age=TOTAL&sex=T&agedef=REACH,A,US,REACH,TOTAL,NR,T,ES
2018-01-01,2018,A|US|REACH|TOTAL|NR|T|ES,8199.0,Number,Eurostat,https://ec.europa.eu/eurostat/api/dissemination/statistics/1.0/data/migr_imm1ctz?geo=ES&age=TOTAL&sex=T&agedef=REACH,A,US,REACH,TOTAL,NR,T,ES
2019-01-01,2019,A|US|REACH|TOTAL|NR|T|ES,9114.0,Number,Eurostat,https://ec.europa.eu/eurostat/api/dissemination/statistics/1.0/data/migr_imm1ctz?geo=ES&age=TOTAL&sex=T&agedef=REACH,A,US,REACH,TOTAL,NR,T,ES
2020-01-01,2020,A|US|REACH|TOTAL|NR|T|ES,5542.0,Number,Eurostat,https://ec.europa.eu/eurostat/api/dissemination/statistics/1.0/data/migr_imm1ctz?geo=ES&age=TOTAL&sex=T&agedef=REACH,A,US,REACH,TOTAL,NR,T,ES
2021-01-01,2021,A|US|REACH|TOTAL|NR|T|ES,11186.0,Number,Eurostat,https://ec.europa.eu/eurostat/api/dissemination/statistics/1.0/data/migr_imm1ctz?geo=ES&age=TOTAL&sex=T&agedef=REACH,A,US,REACH,TOTAL,NR,T,ES
2022-01-01,2022,A|US|REACH|TOTAL|NR|T|ES,11573.0,Number,Eurostat,https://ec.europa.eu/eurostat/api/dissemination/statistics/1.0/data/migr_imm1ctz?geo=ES&age=TOTAL&sex=T&agedef=REACH,A,US,REACH,TOTAL,NR,T,ES
2023-01-01,2023,A|US|REACH|TOTAL|NR|T|ES,13218.0,Number,Eurostat,https://ec.europa.eu/eurostat/api/dissemination/statistics/1.0/data/migr_imm1ctz?geo=ES&age=TOTAL&sex=T&agedef=REACH,A,US,REACH,TOTAL,NR,T,ES
2024-01-01,2024,A|US|REACH|TOTAL|NR|T|ES,15632.0,Number,Eurostat,https://ec.europa.eu/eurostat/api/dissemination/statistics/1.0/data/migr_imm1ctz?geo=ES&age=TOTAL&sex=T&agedef=REACH,A,US,REACH,TOTAL,NR,T,ES
1998-01-01,1998,A|UY|REACH|TOTAL|NR|T|ES,202.0,Number,Eurostat,https://ec.europa.eu/eurostat/api/dissemination/statistics/1.0/data/migr_imm1ctz?geo=ES&age=TOTAL&sex=T&agedef=REACH,A,UY,REACH,TOTAL,NR,T,ES
1999-01-01,1999,A|UY|REACH|TOTAL|NR|T|ES,391.0,Number,Eurostat,https://ec.europa.eu/eurostat/api/dissemination/statistics/1.0/data/migr_imm1ctz?geo=ES&age=TOTAL&sex=T&agedef=REACH,A,UY,REACH,TOTAL,NR,T,ES
2000-01-01,2000,A|UY|REACH|TOTAL|NR|T|ES,1279.0,Number,Eurostat,https://ec.europa.eu/eurostat/api/dissemination/statistics/1.0/data/migr_imm1ctz?geo=ES&age=TOTAL&sex=T&agedef=REACH,A,UY,REACH,TOTAL,NR,T,ES
2001-01-01,2001,A|UY|REACH|TOTAL|NR|T|ES,2783.0,Number,Eurostat,https://ec.europa.eu/eurostat/api/dissemination/statistics/1.0/data/migr_imm1ctz?geo=ES&age=TOTAL&sex=T&agedef=REACH,A,UY,REACH,TOTAL,NR,T,ES
2002-01-01,2002,A|UY|REACH|TOTAL|NR|T|ES,6171.0,Number,Eurostat,https://ec.europa.eu/eurostat/api/dissemination/statistics/1.0/data/migr_imm1ctz?geo=ES&age=TOTAL&sex=T&agedef=REACH,A,UY,REACH,TOTAL,NR,T,ES
2003-01-01,2003,A|UY|REACH|TOTAL|NR|T|ES,,Number,Eurostat,https://ec.europa.eu/eurostat/api/dissemination/statistics/1.0/data/migr_imm1ctz?geo=ES&age=TOTAL&sex=T&agedef=REACH,A,UY,REACH,TOTAL,NR,T,ES
2004-01-01,2004,A|UY|REACH|TOTAL|NR|T|ES,11311.0,Number,Eurostat,https://ec.europa.eu/eurostat/api/dissemination/statistics/1.0/data/migr_imm1ctz?geo=ES&age=TOTAL&sex=T&agedef=REACH,A,UY,REACH,TOTAL,NR,T,ES
2005-01-01,2005,A|UY|REACH|TOTAL|NR|T|ES,7662.0,Number,Eurostat,https://ec.europa.eu/eurostat/api/dissemination/statistics/1.0/data/migr_imm1ctz?geo=ES&age=TOTAL&sex=T&agedef=REACH,A,UY,REACH,TOTAL,NR,T,ES
2006-01-01,2006,A|UY|REACH|TOTAL|NR|T|ES,8581.0,Number,Eurostat,https://ec.europa.eu/eurostat/api/dissemination/statistics/1.0/data/migr_imm1ctz?geo=ES&age=TOTAL&sex=T&agedef=REACH,A,UY,REACH,TOTAL,NR,T,ES
2007-01-01,2007,A|UY|REACH|TOTAL|NR|T|ES,7902.0,Number,Eurostat,https://ec.europa.eu/eurostat/api/dissemination/statistics/1.0/data/migr_imm1ctz?geo=ES&age=TOTAL&sex=T&agedef=REACH,A,UY,REACH,TOTAL,NR,T,ES
2008-01-01,2008,A|UY|REACH|TOTAL|NR|T|ES,4330.0,Number,Eurostat,https://ec.europa.eu/eurostat/api/dissemination/statistics/1.0/data/migr_imm1ctz?geo=ES&age=TOTAL&sex=T&agedef=REACH,A,UY,REACH,TOTAL,NR,T,ES
2009-01-01,2009,A|UY|REACH|TOTAL|NR|T|ES,1668.0,Number,Eurostat,https://ec.europa.eu/eurostat/api/dissemination/statistics/1.0/data/migr_imm1ctz?geo=ES&age=TOTAL&sex=T&agedef=REACH,A,UY,REACH,TOTAL,NR,T,ES
2010-01-01,2010,A|UY|REACH|TOTAL|NR|T|ES,1464.0,Number,Eurostat,https://ec.europa.eu/eurostat/api/dissemination/statistics/1.0/data/migr_imm1ctz?geo=ES&age=TOTAL&sex=T&agedef=REACH,A,UY,REACH,TOTAL,NR,T,ES
2011-01-01,2011,A|UY|REACH|TOTAL|NR|T|ES,1327.0,Number,Eurostat,https://ec.europa.eu/eurostat/api/dissemination/statistics/1.0/data/migr_imm1ctz?geo=ES&age=TOTAL&sex=T&agedef=REACH,A,UY,REACH,TOTAL,NR,T,ES
2012-01-01,2012,A|UY|REACH|TOTAL|NR|T|ES,992.0,Number,Eurostat,https://ec.europa.eu/eurostat/api/dissemination/statistics/1.0/data/migr_imm1ctz?geo=ES&age=TOTAL&sex=T&agedef=REACH,A,UY,REACH,TOTAL,NR,T,ES
2013-01-01,2013,A|UY|REACH|TOTAL|NR|T|ES,918.0,Number,Eurostat,https://ec.europa.eu/eurostat/api/dissemination/statistics/1.0/data/migr_imm1ctz?geo=ES&age=TOTAL&sex=T&agedef=REACH,A,UY,REACH,TOTAL,NR,T,ES
2014-01-01,2014,A|UY|REACH|TOTAL|NR|T|ES,1027.0,Number,Eurostat,https://ec.europa.eu/eurostat/api/dissemination/statistics/1.0/data/migr_imm1ctz?geo=ES&age=TOTAL&sex=T&agedef=REACH,A,UY,REACH,TOTAL,NR,T,ES
2015-01-01,2015,A|UY|REACH|TOTAL|NR|T|ES,1245.0,Number,Eurostat,https://ec.europa.eu/eurostat/api/dissemination/statistics/1.0/data/migr_imm1ctz?geo=ES&age=TOTAL&sex=T&agedef=REACH,A,UY,REACH,TOTAL,NR,T,ES
2016-01-01,2016,A|UY|REACH|TOTAL|NR|T|ES,1851.0,Number,Eurostat,https://ec.europa.eu/eurostat/api/dissemination/statistics/1.0/data/migr_imm1ctz?geo=ES&age=TOTAL&sex=T&agedef=REACH,A,UY,REACH,TOTAL,NR,T,ES
2017-01-01,2017,A|UY|REACH|TOTAL|NR|T|ES,2442.0,Number,Eurostat,https://ec.europa.eu/eurostat/api/dissemination/statistics/1.0/data/migr_imm1ctz?geo=ES&age=TOTAL&sex=T&agedef=REACH,A,UY,REACH,TOTAL,NR,T,ES
2018-01-01,2018,A|UY|REACH|TOTAL|NR|T|ES,2876.0,Number,Eurostat,https://ec.europa.eu/eurostat/api/dissemination/statistics/1.0/data/migr_imm1ctz?geo=ES&age=TOTAL&sex=T&agedef=REACH,A,UY,REACH,TOTAL,NR,T,ES
2019-01-01,2019,A|UY|REACH|TOTAL|NR|T|ES,3827.0,Number,Eurostat,https://ec.europa.eu/eurostat/api/dissemination/statistics/1.0/data/migr_imm1ctz?geo=ES&age=TOTAL&sex=T&agedef=REACH,A,UY,REACH,TOTAL,NR,T,ES
2020-01-01,2020,A|UY|REACH|TOTAL|NR|T|ES,2236.0,Number,Eurostat,https://ec.europa.eu/eurostat/api/dissemination/statistics/1.0/data/migr_imm1ctz?geo=ES&age=TOTAL&sex=T&agedef=REACH,A,UY,REACH,TOTAL,NR,T,ES
2021-01-01,2021,A|UY|REACH|TOTAL|NR|T|ES,3194.0,Number,Eurostat,https://ec.europa.eu/eurostat/api/dissemination/statistics/1.0/data/migr_imm1ctz?geo=ES&age=TOTAL&sex=T&agedef=REACH,A,UY,REACH,TOTAL,NR,T,ES
2022-01-01,2022,A|UY|REACH|TOTAL|NR|T|ES,4269.0,Number,Eurostat,https://ec.europa.eu/eurostat/api/dissemination/statistics/1.0/data/migr_imm1ctz?geo=ES&age=TOTAL&sex=T&agedef=REACH,A,UY,REACH,TOTAL,NR,T,ES
2023-01-01,2023,A|UY|REACH|TOTAL|NR|T|ES,4311.0,Number,Eurostat,https://ec.europa.eu/eurostat/api/dissemination/statistics/1.0/data/migr_imm1ctz?geo=ES&age=TOTAL&sex=T&agedef=REACH,A,UY,REACH,TOTAL,NR,T,ES
2024-01-01,2024,A|UY|REACH|TOTAL|NR|T|ES,3692.0,Number,Eurostat,https://ec.europa.eu/eurostat/api/dissemination/statistics/1.0/data/migr_imm1ctz?geo=ES&age=TOTAL&sex=T&agedef=REACH,A,UY,REACH,TOTAL,NR,T,ES
1998-01-01,1998,A|UZ|REACH|TOTAL|NR|T|ES,6.0,Number,Eurostat,https://ec.europa.eu/eurostat/api/dissemination/statistics/1.0/data/migr_imm1ctz?geo=ES&age=TOTAL&sex=T&agedef=REACH,A,UZ,REACH,TOTAL,NR,T,ES
1999-01-01,1999,A|UZ|REACH|TOTAL|NR|T|ES,4.0,Number,Eurostat,https://ec.europa.eu/eurostat/api/dissemination/statistics/1.0/data/migr_imm1ctz?geo=ES&age=TOTAL&sex=T&agedef=REACH,A,UZ,REACH,TOTAL,NR,T,ES
2000-01-01,2000,A|UZ|REACH|TOTAL|NR|T|ES,5.0,Number,Eurostat,https://ec.europa.eu/eurostat/api/dissemination/statistics/1.0/data/migr_imm1ctz?geo=ES&age=TOTAL&sex=T&agedef=REACH,A,UZ,REACH,TOTAL,NR,T,ES
2001-01-01,2001,A|UZ|REACH|TOTAL|NR|T|ES,18.0,Number,Eurostat,https://ec.europa.eu/eurostat/api/dissemination/statistics/1.0/data/migr_imm1ctz?geo=ES&age=TOTAL&sex=T&agedef=REACH,A,UZ,REACH,TOTAL,NR,T,ES
2002-01-01,2002,A|UZ|REACH|TOTAL|NR|T|ES,38.0,Number,Eurostat,https://ec.europa.eu/eurostat/api/dissemination/statistics/1.0/data/migr_imm1ctz?geo=ES&age=TOTAL&sex=T&agedef=REACH,A,UZ,REACH,TOTAL,NR,T,ES
2003-01-01,2003,A|UZ|REACH|TOTAL|NR|T|ES,,Number,Eurostat,https://ec.europa.eu/eurostat/api/dissemination/statistics/1.0/data/migr_imm1ctz?geo=ES&age=TOTAL&sex=T&agedef=REACH,A,UZ,REACH,TOTAL,NR,T,ES
2004-01-01,2004,A|UZ|REACH|TOTAL|NR|T|ES,60.0,Number,Eurostat,https://ec.europa.eu/eurostat/api/dissemination/statistics/1.0/data/migr_imm1ctz?geo=ES&age=TOTAL&sex=T&agedef=REACH,A,UZ,REACH,TOTAL,NR,T,ES
2005-01-01,2005,A|UZ|REACH|TOTAL|NR|T|ES,60.0,Number,Eurostat,https://ec.europa.eu/eurostat/api/dissemination/statistics/1.0/data/migr_imm1ctz?geo=ES&age=TOTAL&sex=T&agedef=REACH,A,UZ,REACH,TOTAL,NR,T,ES
2006-01-01,2006,A|UZ|REACH|TOTAL|NR|T|ES,101.0,Number,Eurostat,https://ec.europa.eu/eurostat/api/dissemination/statistics/1.0/data/migr_imm1ctz?geo=ES&age=TOTAL&sex=T&agedef=REACH,A,UZ,REACH,TOTAL,NR,T,ES
2007-01-01,2007,A|UZ|REACH|TOTAL|NR|T|ES,109.0,Number,Eurostat,https://ec.europa.eu/eurostat/api/dissemination/statistics/1.0/data/migr_imm1ctz?geo=ES&age=TOTAL&sex=T&agedef=REACH,A,UZ,REACH,TOTAL,NR,T,ES
1998-01-01,1998,A|VA|REACH|TOTAL|NR|T|ES,0.0,Number,Eurostat,https://ec.europa.eu/eurostat/api/dissemination/statistics/1.0/data/migr_imm1ctz?geo=ES&age=TOTAL&sex=T&agedef=REACH,A,VA,REACH,TOTAL,NR,T,ES
1999-01-01,1999,A|VA|REACH|TOTAL|NR|T|ES,0.0,Number,Eurostat,https://ec.europa.eu/eurostat/api/dissemination/statistics/1.0/data/migr_imm1ctz?geo=ES&age=TOTAL&sex=T&agedef=REACH,A,VA,REACH,TOTAL,NR,T,ES
2000-01-01,2000,A|VA|REACH|TOTAL|NR|T|ES,0.0,Number,Eurostat,https://ec.europa.eu/eurostat/api/dissemination/statistics/1.0/data/migr_imm1ctz?geo=ES&age=TOTAL&sex=T&agedef=REACH,A,VA,REACH,TOTAL,NR,T,ES
2001-01-01,2001,A|VA|REACH|TOTAL|NR|T|ES,0.0,Number,Eurostat,https://ec.europa.eu/eurostat/api/dissemination/statistics/1.0/data/migr_imm1ctz?geo=ES&age=TOTAL&sex=T&agedef=REACH,A,VA,REACH,TOTAL,NR,T,ES
2002-01-01,2002,A|VA|REACH|TOTAL|NR|T|ES,0.0,Number,Eurostat,https://ec.europa.eu/eurostat/api/dissemination/statistics/1.0/data/migr_imm1ctz?geo=ES&age=TOTAL&sex=T&agedef=REACH,A,VA,REACH,TOTAL,NR,T,ES
2003-01-01,2003,A|VA|REACH|TOTAL|NR|T|ES,,Number,Eurostat,https://ec.europa.eu/eurostat/api/dissemination/statistics/1.0/data/migr_imm1ctz?geo=ES&age=TOTAL&sex=T&agedef=REACH,A,VA,REACH,TOTAL,NR,T,ES
2004-01-01,2004,A|VA|REACH|TOTAL|NR|T|ES,0.0,Number,Eurostat,https://ec.europa.eu/eurostat/api/dissemination/statistics/1.0/data/migr_imm1ctz?geo=ES&age=TOTAL&sex=T&agedef=REACH,A,VA,REACH,TOTAL,NR,T,ES
2005-01-01,2005,A|VA|REACH|TOTAL|NR|T|ES,0.0,Number,Eurostat,https://ec.europa.eu/eurostat/api/dissemination/statistics/1.0/data/migr_imm1ctz?geo=ES&age=TOTAL&sex=T&agedef=REACH,A,VA,REACH,TOTAL,NR,T,ES
2006-01-01,2006,A|VA|REACH|TOTAL|NR|T|ES,1.0,Number,Eurostat,https://ec.europa.eu/eurostat/api/dissemination/statistics/1.0/data/migr_imm1ctz?geo=ES&age=TOTAL&sex=T&agedef=REACH,A,VA,REACH,TOTAL,NR,T,ES
2007-01-01,2007,A|VA|REACH|TOTAL|NR|T|ES,0.0,Number,Eurostat,https://ec.europa.eu/eurostat/api/dissemination/statistics/1.0/data/migr_imm1ctz?geo=ES&age=TOTAL&sex=T&agedef=REACH,A,VA,REACH,TOTAL,NR,T,ES
1998-01-01,1998,A|VC|REACH|TOTAL|NR|T|ES,0.0,Number,Eurostat,https://ec.europa.eu/eurostat/api/dissemination/statistics/1.0/data/migr_imm1ctz?geo=ES&age=TOTAL&sex=T&agedef=REACH,A,VC,REACH,TOTAL,NR,T,ES
1999-01-01,1999,A|VC|REACH|TOTAL|NR|T|ES,0.0,Number,Eurostat,https://ec.europa.eu/eurostat/api/dissemination/statistics/1.0/data/migr_imm1ctz?geo=ES&age=TOTAL&sex=T&agedef=REACH,A,VC,REACH,TOTAL,NR,T,ES
2000-01-01,2000,A|VC|REACH|TOTAL|NR|T|ES,2.0,Number,Eurostat,https://ec.europa.eu/eurostat/api/dissemination/statistics/1.0/data/migr_imm1ctz?geo=ES&age=TOTAL&sex=T&agedef=REACH,A,VC,REACH,TOTAL,NR,T,ES
2001-01-01,2001,A|VC|REACH|TOTAL|NR|T|ES,0.0,Number,Eurostat,https://ec.europa.eu/eurostat/api/dissemination/statistics/1.0/data/migr_imm1ctz?geo=ES&age=TOTAL&sex=T&agedef=REACH,A,VC,REACH,TOTAL,NR,T,ES
2002-01-01,2002,A|VC|REACH|TOTAL|NR|T|ES,0.0,Number,Eurostat,https://ec.europa.eu/eurostat/api/dissemination/statistics/1.0/data/migr_imm1ctz?geo=ES&age=TOTAL&sex=T&agedef=REACH,A,VC,REACH,TOTAL,NR,T,ES
2003-01-01,2003,A|VC|REACH|TOTAL|NR|T|ES,,Number,Eurostat,https://ec.europa.eu/eurostat/api/dissemination/statistics/1.0/data/migr_imm1ctz?geo=ES&age=TOTAL&sex=T&agedef=REACH,A,VC,REACH,TOTAL,NR,T,ES
2004-01-01,2004,A|VC|REACH|TOTAL|NR|T|ES,3.0,Number,Eurostat,https://ec.europa.eu/eurostat/api/dissemination/statistics/1.0/data/migr_imm1ctz?geo=ES&age=TOTAL&sex=T&agedef=REACH,A,VC,REACH,TOTAL,NR,T,ES
2005-01-01,2005,A|VC|REACH|TOTAL|NR|T|ES,2.0,Number,Eurostat,https://ec.europa.eu/eurostat/api/dissemination/statistics/1.0/data/migr_imm1ctz?geo=ES&age=TOTAL&sex=T&agedef=REACH,A,VC,REACH,TOTAL,NR,T,ES
2006-01-01,2006,A|VC|REACH|TOTAL|NR|T|ES,0.0,Number,Eurostat,https://ec.europa.eu/eurostat/api/dissemination/statistics/1.0/data/migr_imm1ctz?geo=ES&age=TOTAL&sex=T&agedef=REACH,A,VC,REACH,TOTAL,NR,T,ES
2007-01-01,2007,A|VC|REACH|TOTAL|NR|T|ES,3.0,Number,Eurostat,https://ec.europa.eu/eurostat/api/dissemination/statistics/1.0/data/migr_imm1ctz?geo=ES&age=TOTAL&sex=T&agedef=REACH,A,VC,REACH,TOTAL,NR,T,ES
1998-01-01,1998,A|VE|REACH|TOTAL|NR|T|ES,896.0,Number,Eurostat,https://ec.europa.eu/eurostat/api/dissemination/statistics/1.0/data/migr_imm1ctz?geo=ES&age=TOTAL&sex=T&agedef=REACH,A,VE,REACH,TOTAL,NR,T,ES
1999-01-01,1999,A|VE|REACH|TOTAL|NR|T|ES,1556.0,Number,Eurostat,https://ec.europa.eu/eurostat/api/dissemination/statistics/1.0/data/migr_imm1ctz?geo=ES&age=TOTAL&sex=T&agedef=REACH,A,VE,REACH,TOTAL,NR,T,ES
2000-01-01,2000,A|VE|REACH|TOTAL|NR|T|ES,3442.0,Number,Eurostat,https://ec.europa.eu/eurostat/api/dissemination/statistics/1.0/data/migr_imm1ctz?geo=ES&age=TOTAL&sex=T&agedef=REACH,A,VE,REACH,TOTAL,NR,T,ES
2001-01-01,2001,A|VE|REACH|TOTAL|NR|T|ES,4071.0,Number,Eurostat,https://ec.europa.eu/eurostat/api/dissemination/statistics/1.0/data/migr_imm1ctz?geo=ES&age=TOTAL&sex=T&agedef=REACH,A,VE,REACH,TOTAL,NR,T,ES
2002-01-01,2002,A|VE|REACH|TOTAL|NR|T|ES,5435.0,Number,Eurostat,https://ec.europa.eu/eurostat/api/dissemination/statistics/1.0/data/migr_imm1ctz?geo=ES&age=TOTAL&sex=T&agedef=REACH,A,VE,REACH,TOTAL,NR,T,ES
2003-01-01,2003,A|VE|REACH|TOTAL|NR|T|ES,,Number,Eurostat,https://ec.europa.eu/eurostat/api/dissemination/statistics/1.0/data/migr_imm1ctz?geo=ES&age=TOTAL&sex=T&agedef=REACH,A,VE,REACH,TOTAL,NR,T,ES
2004-01-01,2004,A|VE|REACH|TOTAL|NR|T|ES,12050.0,Number,Eurostat,https://ec.europa.eu/eurostat/api/dissemination/statistics/1.0/data/migr_imm1ctz?geo=ES&age=TOTAL&sex=T&agedef=REACH,A,VE,REACH,TOTAL,NR,T,ES
2005-01-01,2005,A|VE|REACH|TOTAL|NR|T|ES,12505.0,Number,Eurostat,https://ec.europa.eu/eurostat/api/dissemination/statistics/1.0/data/migr_imm1ctz?geo=ES&age=TOTAL&sex=T&agedef=REACH,A,VE,REACH,TOTAL,NR,T,ES
2006-01-01,2006,A|VE|REACH|TOTAL|NR|T|ES,11699.0,Number,Eurostat,https://ec.europa.eu/eurostat/api/dissemination/statistics/1.0/data/migr_imm1ctz?geo=ES&age=TOTAL&sex=T&agedef=REACH,A,VE,REACH,TOTAL,NR,T,ES
2007-01-01,2007,A|VE|REACH|TOTAL|NR|T|ES,12891.0,Number,Eurostat,https://ec.europa.eu/eurostat/api/dissemination/statistics/1.0/data/migr_imm1ctz?geo=ES&age=TOTAL&sex=T&agedef=REACH,A,VE,REACH,TOTAL,NR,T,ES
2008-01-01,2008,A|VE|REACH|TOTAL|NR|T|ES,8695.0,Number,Eurostat,https://ec.europa.eu/eurostat/api/dissemination/statistics/1.0/data/migr_imm1ctz?geo=ES&age=TOTAL&sex=T&agedef=REACH,A,VE,REACH,TOTAL,NR,T,ES
2009-01-01,2009,A|VE|REACH|TOTAL|NR|T|ES,5739.0,Number,Eurostat,https://ec.europa.eu/eurostat/api/dissemination/statistics/1.0/data/migr_imm1ctz?geo=ES&age=TOTAL&sex=T&agedef=REACH,A,VE,REACH,TOTAL,NR,T,ES
2010-01-01,2010,A|VE|REACH|TOTAL|NR|T|ES,6462.0,Number,Eurostat,https://ec.europa.eu/eurostat/api/dissemination/statistics/1.0/data/migr_imm1ctz?geo=ES&age=TOTAL&sex=T&agedef=REACH,A,VE,REACH,TOTAL,NR,T,ES
2011-01-01,2011,A|VE|REACH|TOTAL|NR|T|ES,6769.0,Number,Eurostat,https://ec.europa.eu/eurostat/api/dissemination/statistics/1.0/data/migr_imm1ctz?geo=ES&age=TOTAL&sex=T&agedef=REACH,A,VE,REACH,TOTAL,NR,T,ES
2012-01-01,2012,A|VE|REACH|TOTAL|NR|T|ES,4611.0,Number,Eurostat,https://ec.europa.eu/eurostat/api/dissemination/statistics/1.0/data/migr_imm1ctz?geo=ES&age=TOTAL&sex=T&agedef=REACH,A,VE,REACH,TOTAL,NR,T,ES
2013-01-01,2013,A|VE|REACH|TOTAL|NR|T|ES,4691.0,Number,Eurostat,https://ec.europa.eu/eurostat/api/dissemination/statistics/1.0/data/migr_imm1ctz?geo=ES&age=TOTAL&sex=T&agedef=REACH,A,VE,REACH,TOTAL,NR,T,ES
2014-01-01,2014,A|VE|REACH|TOTAL|NR|T|ES,7199.0,Number,Eurostat,https://ec.europa.eu/eurostat/api/dissemination/statistics/1.0/data/migr_imm1ctz?geo=ES&age=TOTAL&sex=T&agedef=REACH,A,VE,REACH,TOTAL,NR,T,ES
2015-01-01,2015,A|VE|REACH|TOTAL|NR|T|ES,10528.0,Number,Eurostat,https://ec.europa.eu/eurostat/api/dissemination/statistics/1.0/data/migr_imm1ctz?geo=ES&age=TOTAL&sex=T&agedef=REACH,A,VE,REACH,TOTAL,NR,T,ES
2016-01-01,2016,A|VE|REACH|TOTAL|NR|T|ES,18507.0,Number,Eurostat,https://ec.europa.eu/eurostat/api/dissemination/statistics/1.0/data/migr_imm1ctz?geo=ES&age=TOTAL&sex=T&agedef=REACH,A,VE,REACH,TOTAL,NR,T,ES
2017-01-01,2017,A|VE|REACH|TOTAL|NR|T|ES,31598.0,Number,Eurostat,https://ec.europa.eu/eurostat/api/dissemination/statistics/1.0/data/migr_imm1ctz?geo=ES&age=TOTAL&sex=T&agedef=REACH,A,VE,REACH,TOTAL,NR,T,ES
2018-01-01,2018,A|VE|REACH|TOTAL|NR|T|ES,47147.0,Number,Eurostat,https://ec.europa.eu/eurostat/api/dissemination/statistics/1.0/data/migr_imm1ctz?geo=ES&age=TOTAL&sex=T&agedef=REACH,A,VE,REACH,TOTAL,NR,T,ES
2019-01-01,2019,A|VE|REACH|TOTAL|NR|T|ES,58054.0,Number,Eurostat,https://ec.europa.eu/eurostat/api/dissemination/statistics/1.0/data/migr_imm1ctz?geo=ES&age=TOTAL&sex=T&agedef=REACH,A,VE,REACH,TOTAL,NR,T,ES
2020-01-01,2020,A|VE|REACH|TOTAL|NR|T|ES,29667.0,Number,Eurostat,https://ec.europa.eu/eurostat/api/dissemination/statistics/1.0/data/migr_imm1ctz?geo=ES&age=TOTAL&sex=T&agedef=REACH,A,VE,REACH,TOTAL,NR,T,ES
2021-01-01,2021,A|VE|REACH|TOTAL|NR|T|ES,37428.0,Number,Eurostat,https://ec.europa.eu/eurostat/api/dissemination/statistics/1.0/data/migr_imm1ctz?geo=ES&age=TOTAL&sex=T&agedef=REACH,A,VE,REACH,TOTAL,NR,T,ES
2022-01-01,2022,A|VE|REACH|TOTAL|NR|T|ES,82474.0,Number,Eurostat,https://ec.europa.eu/eurostat/api/dissemination/statistics/1.0/data/migr_imm1ctz?geo=ES&age=TOTAL&sex=T&agedef=REACH,A,VE,REACH,TOTAL,NR,T,ES
2023-01-01,2023,A|VE|REACH|TOTAL|NR|T|ES,88361.0,Number,Eurostat,https://ec.europa.eu/eurostat/api/dissemination/statistics/1.0/data/migr_imm1ctz?geo=ES&age=TOTAL&sex=T&agedef=REACH,A,VE,REACH,TOTAL,NR,T,ES
2024-01-01,2024,A|VE|REACH|TOTAL|NR|T|ES,103225.0,Number,Eurostat,https://ec.europa.eu/eurostat/api/dissemination/statistics/1.0/data/migr_imm1ctz?geo=ES&age=TOTAL&sex=T&agedef=REACH,A,VE,REACH,TOTAL,NR,T,ES
2008-01-01,2008,A|VG|REACH|TOTAL|NR|T|ES,0.0,Number,Eurostat,https://ec.europa.eu/eurostat/api/dissemination/statistics/1.0/data/migr_imm1ctz?geo=ES&age=TOTAL&sex=T&agedef=REACH,A,VG,REACH,TOTAL,NR,T,ES
2009-01-01,2009,A|VG|REACH|TOTAL|NR|T|ES,0.0,Number,Eurostat,https://ec.europa.eu/eurostat/api/dissemination/statistics/1.0/data/migr_imm1ctz?geo=ES&age=TOTAL&sex=T&agedef=REACH,A,VG,REACH,TOTAL,NR,T,ES
2010-01-01,2010,A|VG|REACH|TOTAL|NR|T|ES,0.0,Number,Eurostat,https://ec.europa.eu/eurostat/api/dissemination/statistics/1.0/data/migr_imm1ctz?geo=ES&age=TOTAL&sex=T&agedef=REACH,A,VG,REACH,TOTAL,NR,T,ES
2011-01-01,2011,A|VG|REACH|TOTAL|NR|T|ES,0.0,Number,Eurostat,https://ec.europa.eu/eurostat/api/dissemination/statistics/1.0/data/migr_imm1ctz?geo=ES&age=TOTAL&sex=T&agedef=REACH,A,VG,REACH,TOTAL,NR,T,ES
2012-01-01,2012,A|VG|REACH|TOTAL|NR|T|ES,0.0,Number,Eurostat,https://ec.europa.eu/eurostat/api/dissemination/statistics/1.0/data/migr_imm1ctz?geo=ES&age=TOTAL&sex=T&agedef=REACH,A,VG,REACH,TOTAL,NR,T,ES
2013-01-01,2013,A|VG|REACH|TOTAL|NR|T|ES,0.0,Number,Eurostat,https://ec.europa.eu/eurostat/api/dissemination/statistics/1.0/data/migr_imm1ctz?geo=ES&age=TOTAL&sex=T&agedef=REACH,A,VG,REACH,TOTAL,NR,T,ES
2014-01-01,2014,A|VG|REACH|TOTAL|NR|T|ES,0.0,Number,Eurostat,https://ec.europa.eu/eurostat/api/dissemination/statistics/1.0/data/migr_imm1ctz?geo=ES&age=TOTAL&sex=T&agedef=REACH,A,VG,REACH,TOTAL,NR,T,ES
1998-01-01,1998,A|VN|REACH|TOTAL|NR|T|ES,7.0,Number,Eurostat,https://ec.europa.eu/eurostat/api/dissemination/statistics/1.0/data/migr_imm1ctz?geo=ES&age=TOTAL&sex=T&agedef=REACH,A,VN,REACH,TOTAL,NR,T,ES
1999-01-01,1999,A|VN|REACH|TOTAL|NR|T|ES,9.0,Number,Eurostat,https://ec.europa.eu/eurostat/api/dissemination/statistics/1.0/data/migr_imm1ctz?geo=ES&age=TOTAL&sex=T&agedef=REACH,A,VN,REACH,TOTAL,NR,T,ES
2000-01-01,2000,A|VN|REACH|TOTAL|NR|T|ES,5.0,Number,Eurostat,https://ec.europa.eu/eurostat/api/dissemination/statistics/1.0/data/migr_imm1ctz?geo=ES&age=TOTAL&sex=T&agedef=REACH,A,VN,REACH,TOTAL,NR,T,ES
2001-01-01,2001,A|VN|REACH|TOTAL|NR|T|ES,16.0,Number,Eurostat,https://ec.europa.eu/eurostat/api/dissemination/statistics/1.0/data/migr_imm1ctz?geo=ES&age=TOTAL&sex=T&agedef=REACH,A,VN,REACH,TOTAL,NR,T,ES
2002-01-01,2002,A|VN|REACH|TOTAL|NR|T|ES,17.0,Number,Eurostat,https://ec.europa.eu/eurostat/api/dissemination/statistics/1.0/data/migr_imm1ctz?geo=ES&age=TOTAL&sex=T&agedef=REACH,A,VN,REACH,TOTAL,NR,T,ES
2003-01-01,2003,A|VN|REACH|TOTAL|NR|T|ES,,Number,Eurostat,https://ec.europa.eu/eurostat/api/dissemination/statistics/1.0/data/migr_imm1ctz?geo=ES&age=TOTAL&sex=T&agedef=REACH,A,VN,REACH,TOTAL,NR,T,ES
2004-01-01,2004,A|VN|REACH|TOTAL|NR|T|ES,44.0,Number,Eurostat,https://ec.europa.eu/eurostat/api/dissemination/statistics/1.0/data/migr_imm1ctz?geo=ES&age=TOTAL&sex=T&agedef=REACH,A,VN,REACH,TOTAL,NR,T,ES
2005-01-01,2005,A|VN|REACH|TOTAL|NR|T|ES,59.0,Number,Eurostat,https://ec.europa.eu/eurostat/api/dissemination/statistics/1.0/data/migr_imm1ctz?geo=ES&age=TOTAL&sex=T&agedef=REACH,A,VN,REACH,TOTAL,NR,T,ES
2006-01-01,2006,A|VN|REACH|TOTAL|NR|T|ES,73.0,Number,Eurostat,https://ec.europa.eu/eurostat/api/dissemination/statistics/1.0/data/migr_imm1ctz?geo=ES&age=TOTAL&sex=T&agedef=REACH,A,VN,REACH,TOTAL,NR,T,ES
2007-01-01,2007,A|VN|REACH|TOTAL|NR|T|ES,96.0,Number,Eurostat,https://ec.europa.eu/eurostat/api/dissemination/statistics/1.0/data/migr_imm1ctz?geo=ES&age=TOTAL&sex=T&agedef=REACH,A,VN,REACH,TOTAL,NR,T,ES
1998-01-01,1998,A|VU|REACH|TOTAL|NR|T|ES,0.0,Number,Eurostat,https://ec.europa.eu/eurostat/api/dissemination/statistics/1.0/data/migr_imm1ctz?geo=ES&age=TOTAL&sex=T&agedef=REACH,A,VU,REACH,TOTAL,NR,T,ES
1999-01-01,1999,A|VU|REACH|TOTAL|NR|T|ES,0.0,Number,Eurostat,https://ec.europa.eu/eurostat/api/dissemination/statistics/1.0/data/migr_imm1ctz?geo=ES&age=TOTAL&sex=T&agedef=REACH,A,VU,REACH,TOTAL,NR,T,ES
2000-01-01,2000,A|VU|REACH|TOTAL|NR|T|ES,5.0,Number,Eurostat,https://ec.europa.eu/eurostat/api/dissemination/statistics/1.0/data/migr_imm1ctz?geo=ES&age=TOTAL&sex=T&agedef=REACH,A,VU,REACH,TOTAL,NR,T,ES
2001-01-01,2001,A|VU|REACH|TOTAL|NR|T|ES,0.0,Number,Eurostat,https://ec.europa.eu/eurostat/api/dissemination/statistics/1.0/data/migr_imm1ctz?geo=ES&age=TOTAL&sex=T&agedef=REACH,A,VU,REACH,TOTAL,NR,T,ES
2002-01-01,2002,A|VU|REACH|TOTAL|NR|T|ES,0.0,Number,Eurostat,https://ec.europa.eu/eurostat/api/dissemination/statistics/1.0/data/migr_imm1ctz?geo=ES&age=TOTAL&sex=T&agedef=REACH,A,VU,REACH,TOTAL,NR,T,ES
2003-01-01,2003,A|VU|REACH|TOTAL|NR|T|ES,,Number,Eurostat,https://ec.europa.eu/eurostat/api/dissemination/statistics/1.0/data/migr_imm1ctz?geo=ES&age=TOTAL&sex=T&agedef=REACH,A,VU,REACH,TOTAL,NR,T,ES
2004-01-01,2004,A|VU|REACH|TOTAL|NR|T|ES,3.0,Number,Eurostat,https://ec.europa.eu/eurostat/api/dissemination/statistics/1.0/data/migr_imm1ctz?geo=ES&age=TOTAL&sex=T&agedef=REACH,A,VU,REACH,TOTAL,NR,T,ES
2005-01-01,2005,A|VU|REACH|TOTAL|NR|T|ES,0.0,Number,Eurostat,https://ec.europa.eu/eurostat/api/dissemination/statistics/1.0/data/migr_imm1ctz?geo=ES&age=TOTAL&sex=T&agedef=REACH,A,VU,REACH,TOTAL,NR,T,ES
2006-01-01,2006,A|VU|REACH|TOTAL|NR|T|ES,0.0,Number,Eurostat,https://ec.europa.eu/eurostat/api/dissemination/statistics/1.0/data/migr_imm1ctz?geo=ES&age=TOTAL&sex=T&agedef=REACH,A,VU,REACH,TOTAL,NR,T,ES
2007-01-01,2007,A|VU|REACH|TOTAL|NR|T|ES,1.0,Number,Eurostat,https://ec.europa.eu/eurostat/api/dissemination/statistics/1.0/data/migr_imm1ctz?geo=ES&age=TOTAL&sex=T&agedef=REACH,A,VU,REACH,TOTAL,NR,T,ES
2008-01-01,2008,A|VU|REACH|TOTAL|NR|T|ES,0.0,Number,Eurostat,https://ec.europa.eu/eurostat/api/dissemination/statistics/1.0/data/migr_imm1ctz?geo=ES&age=TOTAL&sex=T&agedef=REACH,A,VU,REACH,TOTAL,NR,T,ES
2009-01-01,2009,A|VU|REACH|TOTAL|NR|T|ES,1.0,Number,Eurostat,https://ec.europa.eu/eurostat/api/dissemination/statistics/1.0/data/migr_imm1ctz?geo=ES&age=TOTAL&sex=T&agedef=REACH,A,VU,REACH,TOTAL,NR,T,ES
2010-01-01,2010,A|VU|REACH|TOTAL|NR|T|ES,0.0,Number,Eurostat,https://ec.europa.eu/eurostat/api/dissemination/statistics/1.0/data/migr_imm1ctz?geo=ES&age=TOTAL&sex=T&agedef=REACH,A,VU,REACH,TOTAL,NR,T,ES
2011-01-01,2011,A|VU|REACH|TOTAL|NR|T|ES,1.0,Number,Eurostat,https://ec.europa.eu/eurostat/api/dissemination/statistics/1.0/data/migr_imm1ctz?geo=ES&age=TOTAL&sex=T&agedef=REACH,A,VU,REACH,TOTAL,NR,T,ES
2012-01-01,2012,A|VU|REACH|TOTAL|NR|T|ES,0.0,Number,Eurostat,https://ec.europa.eu/eurostat/api/dissemination/statistics/1.0/data/migr_imm1ctz?geo=ES&age=TOTAL&sex=T&agedef=REACH,A,VU,REACH,TOTAL,NR,T,ES
2013-01-01,2013,A|VU|REACH|TOTAL|NR|T|ES,0.0,Number,Eurostat,https://ec.europa.eu/eurostat/api/dissemination/statistics/1.0/data/migr_imm1ctz?geo=ES&age=TOTAL&sex=T&agedef=REACH,A,VU,REACH,TOTAL,NR,T,ES
2014-01-01,2014,A|VU|REACH|TOTAL|NR|T|ES,0.0,Number,Eurostat,https://ec.europa.eu/eurostat/api/dissemination/statistics/1.0/data/migr_imm1ctz?geo=ES&age=TOTAL&sex=T&agedef=REACH,A,VU,REACH,TOTAL,NR,T,ES
1998-01-01,1998,A|WF|REACH|TOTAL|NR|T|ES,0.0,Number,Eurostat,https://ec.europa.eu/eurostat/api/dissemination/statistics/1.0/data/migr_imm1ctz?geo=ES&age=TOTAL&sex=T&agedef=REACH,A,WF,REACH,TOTAL,NR,T,ES
1999-01-01,1999,A|WF|REACH|TOTAL|NR|T|ES,0.0,Number,Eurostat,https://ec.europa.eu/eurostat/api/dissemination/statistics/1.0/data/migr_imm1ctz?geo=ES&age=TOTAL&sex=T&agedef=REACH,A,WF,REACH,TOTAL,NR,T,ES
2000-01-01,2000,A|WF|REACH|TOTAL|NR|T|ES,0.0,Number,Eurostat,https://ec.europa.eu/eurostat/api/dissemination/statistics/1.0/data/migr_imm1ctz?geo=ES&age=TOTAL&sex=T&agedef=REACH,A,WF,REACH,TOTAL,NR,T,ES
2001-01-01,2001,A|WF|REACH|TOTAL|NR|T|ES,0.0,Number,Eurostat,https://ec.europa.eu/eurostat/api/dissemination/statistics/1.0/data/migr_imm1ctz?geo=ES&age=TOTAL&sex=T&agedef=REACH,A,WF,REACH,TOTAL,NR,T,ES
2002-01-01,2002,A|WF|REACH|TOTAL|NR|T|ES,,Number,Eurostat,https://ec.europa.eu/eurostat/api/dissemination/statistics/1.0/data/migr_imm1ctz?geo=ES&age=TOTAL&sex=T&agedef=REACH,A,WF,REACH,TOTAL,NR,T,ES
2003-01-01,2003,A|WF|REACH|TOTAL|NR|T|ES,,Number,Eurostat,https://ec.europa.eu/eurostat/api/dissemination/statistics/1.0/data/migr_imm1ctz?geo=ES&age=TOTAL&sex=T&agedef=REACH,A,WF,REACH,TOTAL,NR,T,ES
2004-01-01,2004,A|WF|REACH|TOTAL|NR|T|ES,,Number,Eurostat,https://ec.europa.eu/eurostat/api/dissemination/statistics/1.0/data/migr_imm1ctz?geo=ES&age=TOTAL&sex=T&agedef=REACH,A,WF,REACH,TOTAL,NR,T,ES
2005-01-01,2005,A|WF|REACH|TOTAL|NR|T|ES,,Number,Eurostat,https://ec.europa.eu/eurostat/api/dissemination/statistics/1.0/data/migr_imm1ctz?geo=ES&age=TOTAL&sex=T&agedef=REACH,A,WF,REACH,TOTAL,NR,T,ES
2006-01-01,2006,A|WF|REACH|TOTAL|NR|T|ES,,Number,Eurostat,https://ec.europa.eu/eurostat/api/dissemination/statistics/1.0/data/migr_imm1ctz?geo=ES&age=TOTAL&sex=T&agedef=REACH,A,WF,REACH,TOTAL,NR,T,ES
2007-01-01,2007,A|WF|REACH|TOTAL|NR|T|ES,,Number,Eurostat,https://ec.europa.eu/eurostat/api/dissemination/statistics/1.0/data/migr_imm1ctz?geo=ES&age=TOTAL&sex=T&agedef=REACH,A,WF,REACH,TOTAL,NR,T,ES
2008-01-01,2008,A|WF|REACH|TOTAL|NR|T|ES,0.0,Number,Eurostat,https://ec.europa.eu/eurostat/api/dissemination/statistics/1.0/data/migr_imm1ctz?geo=ES&age=TOTAL&sex=T&agedef=REACH,A,WF,REACH,TOTAL,NR,T,ES
2009-01-01,2009,A|WF|REACH|TOTAL|NR|T|ES,0.0,Number,Eurostat,https://ec.europa.eu/eurostat/api/dissemination/statistics/1.0/data/migr_imm1ctz?geo=ES&age=TOTAL&sex=T&agedef=REACH,A,WF,REACH,TOTAL,NR,T,ES
2010-01-01,2010,A|WF|REACH|TOTAL|NR|T|ES,0.0,Number,Eurostat,https://ec.europa.eu/eurostat/api/dissemination/statistics/1.0/data/migr_imm1ctz?geo=ES&age=TOTAL&sex=T&agedef=REACH,A,WF,REACH,TOTAL,NR,T,ES
2011-01-01,2011,A|WF|REACH|TOTAL|NR|T|ES,0.0,Number,Eurostat,https://ec.europa.eu/eurostat/api/dissemination/statistics/1.0/data/migr_imm1ctz?geo=ES&age=TOTAL&sex=T&agedef=REACH,A,WF,REACH,TOTAL,NR,T,ES
2012-01-01,2012,A|WF|REACH|TOTAL|NR|T|ES,0.0,Number,Eurostat,https://ec.europa.eu/eurostat/api/dissemination/statistics/1.0/data/migr_imm1ctz?geo=ES&age=TOTAL&sex=T&agedef=REACH,A,WF,REACH,TOTAL,NR,T,ES
2013-01-01,2013,A|WF|REACH|TOTAL|NR|T|ES,0.0,Number,Eurostat,https://ec.europa.eu/eurostat/api/dissemination/statistics/1.0/data/migr_imm1ctz?geo=ES&age=TOTAL&sex=T&agedef=REACH,A,WF,REACH,TOTAL,NR,T,ES
2014-01-01,2014,A|WF|REACH|TOTAL|NR|T|ES,0.0,Number,Eurostat,https://ec.europa.eu/eurostat/api/dissemination/statistics/1.0/data/migr_imm1ctz?geo=ES&age=TOTAL&sex=T&agedef=REACH,A,WF,REACH,TOTAL,NR,T,ES
1998-01-01,1998,A|WS|REACH|TOTAL|NR|T|ES,0.0,Number,Eurostat,https://ec.europa.eu/eurostat/api/dissemination/statistics/1.0/data/migr_imm1ctz?geo=ES&age=TOTAL&sex=T&agedef=REACH,A,WS,REACH,TOTAL,NR,T,ES
1999-01-01,1999,A|WS|REACH|TOTAL|NR|T|ES,0.0,Number,Eurostat,https://ec.europa.eu/eurostat/api/dissemination/statistics/1.0/data/migr_imm1ctz?geo=ES&age=TOTAL&sex=T&agedef=REACH,A,WS,REACH,TOTAL,NR,T,ES
2000-01-01,2000,A|WS|REACH|TOTAL|NR|T|ES,0.0,Number,Eurostat,https://ec.europa.eu/eurostat/api/dissemination/statistics/1.0/data/migr_imm1ctz?geo=ES&age=TOTAL&sex=T&agedef=REACH,A,WS,REACH,TOTAL,NR,T,ES
2001-01-01,2001,A|WS|REACH|TOTAL|NR|T|ES,1.0,Number,Eurostat,https://ec.europa.eu/eurostat/api/dissemination/statistics/1.0/data/migr_imm1ctz?geo=ES&age=TOTAL&sex=T&agedef=REACH,A,WS,REACH,TOTAL,NR,T,ES
2002-01-01,2002,A|WS|REACH|TOTAL|NR|T|ES,0.0,Number,Eurostat,https://ec.europa.eu/eurostat/api/dissemination/statistics/1.0/data/migr_imm1ctz?geo=ES&age=TOTAL&sex=T&agedef=REACH,A,WS,REACH,TOTAL,NR,T,ES
2003-01-01,2003,A|WS|REACH|TOTAL|NR|T|ES,,Number,Eurostat,https://ec.europa.eu/eurostat/api/dissemination/statistics/1.0/data/migr_imm1ctz?geo=ES&age=TOTAL&sex=T&agedef=REACH,A,WS,REACH,TOTAL,NR,T,ES
2004-01-01,2004,A|WS|REACH|TOTAL|NR|T|ES,0.0,Number,Eurostat,https://ec.europa.eu/eurostat/api/dissemination/statistics/1.0/data/migr_imm1ctz?geo=ES&age=TOTAL&sex=T&agedef=REACH,A,WS,REACH,TOTAL,NR,T,ES
2005-01-01,2005,A|WS|REACH|TOTAL|NR|T|ES,0.0,Number,Eurostat,https://ec.europa.eu/eurostat/api/dissemination/statistics/1.0/data/migr_imm1ctz?geo=ES&age=TOTAL&sex=T&agedef=REACH,A,WS,REACH,TOTAL,NR,T,ES
2006-01-01,2006,A|WS|REACH|TOTAL|NR|T|ES,0.0,Number,Eurostat,https://ec.europa.eu/eurostat/api/dissemination/statistics/1.0/data/migr_imm1ctz?geo=ES&age=TOTAL&sex=T&agedef=REACH,A,WS,REACH,TOTAL,NR,T,ES
2007-01-01,2007,A|WS|REACH|TOTAL|NR|T|ES,1.0,Number,Eurostat,https://ec.europa.eu/eurostat/api/dissemination/statistics/1.0/data/migr_imm1ctz?geo=ES&age=TOTAL&sex=T&agedef=REACH,A,WS,REACH,TOTAL,NR,T,ES
2008-01-01,2008,A|WS|REACH|TOTAL|NR|T|ES,0.0,Number,Eurostat,https://ec.europa.eu/eurostat/api/dissemination/statistics/1.0/data/migr_imm1ctz?geo=ES&age=TOTAL&sex=T&agedef=REACH,A,WS,REACH,TOTAL,NR,T,ES
2009-01-01,2009,A|WS|REACH|TOTAL|NR|T|ES,0.0,Number,Eurostat,https://ec.europa.eu/eurostat/api/dissemination/statistics/1.0/data/migr_imm1ctz?geo=ES&age=TOTAL&sex=T&agedef=REACH,A,WS,REACH,TOTAL,NR,T,ES
2010-01-01,2010,A|WS|REACH|TOTAL|NR|T|ES,1.0,Number,Eurostat,https://ec.europa.eu/eurostat/api/dissemination/statistics/1.0/data/migr_imm1ctz?geo=ES&age=TOTAL&sex=T&agedef=REACH,A,WS,REACH,TOTAL,NR,T,ES
2011-01-01,2011,A|WS|REACH|TOTAL|NR|T|ES,0.0,Number,Eurostat,https://ec.europa.eu/eurostat/api/dissemination/statistics/1.0/data/migr_imm1ctz?geo=ES&age=TOTAL&sex=T&agedef=REACH,A,WS,REACH,TOTAL,NR,T,ES
2012-01-01,2012,A|WS|REACH|TOTAL|NR|T|ES,0.0,Number,Eurostat,https://ec.europa.eu/eurostat/api/dissemination/statistics/1.0/data/migr_imm1ctz?geo=ES&age=TOTAL&sex=T&agedef=REACH,A,WS,REACH,TOTAL,NR,T,ES
2013-01-01,2013,A|WS|REACH|TOTAL|NR|T|ES,1.0,Number,Eurostat,https://ec.europa.eu/eurostat/api/dissemination/statistics/1.0/data/migr_imm1ctz?geo=ES&age=TOTAL&sex=T&agedef=REACH,A,WS,REACH,TOTAL,NR,T,ES
2014-01-01,2014,A|WS|REACH|TOTAL|NR|T|ES,0.0,Number,Eurostat,https://ec.europa.eu/eurostat/api/dissemination/statistics/1.0/data/migr_imm1ctz?geo=ES&age=TOTAL&sex=T&agedef=REACH,A,WS,REACH,TOTAL,NR,T,ES
2008-01-01,2008,A|XK|REACH|TOTAL|NR|T|ES,0.0,Number,Eurostat,https://ec.europa.eu/eurostat/api/dissemination/statistics/1.0/data/migr_imm1ctz?geo=ES&age=TOTAL&sex=T&agedef=REACH,A,XK,REACH,TOTAL,NR,T,ES
2009-01-01,2009,A|XK|REACH|TOTAL|NR|T|ES,0.0,Number,Eurostat,https://ec.europa.eu/eurostat/api/dissemination/statistics/1.0/data/migr_imm1ctz?geo=ES&age=TOTAL&sex=T&agedef=REACH,A,XK,REACH,TOTAL,NR,T,ES
2010-01-01,2010,A|XK|REACH|TOTAL|NR|T|ES,0.0,Number,Eurostat,https://ec.europa.eu/eurostat/api/dissemination/statistics/1.0/data/migr_imm1ctz?geo=ES&age=TOTAL&sex=T&agedef=REACH,A,XK,REACH,TOTAL,NR,T,ES
2011-01-01,2011,A|XK|REACH|TOTAL|NR|T|ES,0.0,Number,Eurostat,https://ec.europa.eu/eurostat/api/dissemination/statistics/1.0/data/migr_imm1ctz?geo=ES&age=TOTAL&sex=T&agedef=REACH,A,XK,REACH,TOTAL,NR,T,ES
2012-01-01,2012,A|XK|REACH|TOTAL|NR|T|ES,0.0,Number,Eurostat,https://ec.europa.eu/eurostat/api/dissemination/statistics/1.0/data/migr_imm1ctz?geo=ES&age=TOTAL&sex=T&agedef=REACH,A,XK,REACH,TOTAL,NR,T,ES
2013-01-01,2013,A|XK|REACH|TOTAL|NR|T|ES,0.0,Number,Eurostat,https://ec.europa.eu/eurostat/api/dissemination/statistics/1.0/data/migr_imm1ctz?geo=ES&age=TOTAL&sex=T&agedef=REACH,A,XK,REACH,TOTAL,NR,T,ES
2014-01-01,2014,A|XK|REACH|TOTAL|NR|T|ES,0.0,Number,Eurostat,https://ec.europa.eu/eurostat/api/dissemination/statistics/1.0/data/migr_imm1ctz?geo=ES&age=TOTAL&sex=T&agedef=REACH,A,XK,REACH,TOTAL,NR,T,ES
1998-01-01,1998,A|YE|REACH|TOTAL|NR|T|ES,0.0,Number,Eurostat,https://ec.europa.eu/eurostat/api/dissemination/statistics/1.0/data/migr_imm1ctz?geo=ES&age=TOTAL&sex=T&agedef=REACH,A,YE,REACH,TOTAL,NR,T,ES
1999-01-01,1999,A|YE|REACH|TOTAL|NR|T|ES,1.0,Number,Eurostat,https://ec.europa.eu/eurostat/api/dissemination/statistics/1.0/data/migr_imm1ctz?geo=ES&age=TOTAL&sex=T&agedef=REACH,A,YE,REACH,TOTAL,NR,T,ES
2000-01-01,2000,A|YE|REACH|TOTAL|NR|T|ES,6.0,Number,Eurostat,https://ec.europa.eu/eurostat/api/dissemination/statistics/1.0/data/migr_imm1ctz?geo=ES&age=TOTAL&sex=T&agedef=REACH,A,YE,REACH,TOTAL,NR,T,ES
2001-01-01,2001,A|YE|REACH|TOTAL|NR|T|ES,0.0,Number,Eurostat,https://ec.europa.eu/eurostat/api/dissemination/statistics/1.0/data/migr_imm1ctz?geo=ES&age=TOTAL&sex=T&agedef=REACH,A,YE,REACH,TOTAL,NR,T,ES
2002-01-01,2002,A|YE|REACH|TOTAL|NR|T|ES,2.0,Number,Eurostat,https://ec.europa.eu/eurostat/api/dissemination/statistics/1.0/data/migr_imm1ctz?geo=ES&age=TOTAL&sex=T&agedef=REACH,A,YE,REACH,TOTAL,NR,T,ES
2003-01-01,2003,A|YE|REACH|TOTAL|NR|T|ES,,Number,Eurostat,https://ec.europa.eu/eurostat/api/dissemination/statistics/1.0/data/migr_imm1ctz?geo=ES&age=TOTAL&sex=T&agedef=REACH,A,YE,REACH,TOTAL,NR,T,ES
2004-01-01,2004,A|YE|REACH|TOTAL|NR|T|ES,7.0,Number,Eurostat,https://ec.europa.eu/eurostat/api/dissemination/statistics/1.0/data/migr_imm1ctz?geo=ES&age=TOTAL&sex=T&agedef=REACH,A,YE,REACH,TOTAL,NR,T,ES
2005-01-01,2005,A|YE|REACH|TOTAL|NR|T|ES,14.0,Number,Eurostat,https://ec.europa.eu/eurostat/api/dissemination/statistics/1.0/data/migr_imm1ctz?geo=ES&age=TOTAL&sex=T&agedef=REACH,A,YE,REACH,TOTAL,NR,T,ES
2006-01-01,2006,A|YE|REACH|TOTAL|NR|T|ES,8.0,Number,Eurostat,https://ec.europa.eu/eurostat/api/dissemination/statistics/1.0/data/migr_imm1ctz?geo=ES&age=TOTAL&sex=T&agedef=REACH,A,YE,REACH,TOTAL,NR,T,ES
2007-01-01,2007,A|YE|REACH|TOTAL|NR|T|ES,9.0,Number,Eurostat,https://ec.europa.eu/eurostat/api/dissemination/statistics/1.0/data/migr_imm1ctz?geo=ES&age=TOTAL&sex=T&agedef=REACH,A,YE,REACH,TOTAL,NR,T,ES
2008-01-01,2008,A|YT|REACH|TOTAL|NR|T|ES,0.0,Number,Eurostat,https://ec.europa.eu/eurostat/api/dissemination/statistics/1.0/data/migr_imm1ctz?geo=ES&age=TOTAL&sex=T&agedef=REACH,A,YT,REACH,TOTAL,NR,T,ES
2009-01-01,2009,A|YT|REACH|TOTAL|NR|T|ES,0.0,Number,Eurostat,https://ec.europa.eu/eurostat/api/dissemination/statistics/1.0/data/migr_imm1ctz?geo=ES&age=TOTAL&sex=T&agedef=REACH,A,YT,REACH,TOTAL,NR,T,ES
2010-01-01,2010,A|YT|REACH|TOTAL|NR|T|ES,0.0,Number,Eurostat,https://ec.europa.eu/eurostat/api/dissemination/statistics/1.0/data/migr_imm1ctz?geo=ES&age=TOTAL&sex=T&agedef=REACH,A,YT,REACH,TOTAL,NR,T,ES
2011-01-01,2011,A|YT|REACH|TOTAL|NR|T|ES,0.0,Number,Eurostat,https://ec.europa.eu/eurostat/api/dissemination/statistics/1.0/data/migr_imm1ctz?geo=ES&age=TOTAL&sex=T&agedef=REACH,A,YT,REACH,TOTAL,NR,T,ES
2012-01-01,2012,A|YT|REACH|TOTAL|NR|T|ES,0.0,Number,Eurostat,https://ec.europa.eu/eurostat/api/dissemination/statistics/1.0/data/migr_imm1ctz?geo=ES&age=TOTAL&sex=T&agedef=REACH,A,YT,REACH,TOTAL,NR,T,ES
2013-01-01,2013,A|YT|REACH|TOTAL|NR|T|ES,0.0,Number,Eurostat,https://ec.europa.eu/eurostat/api/dissemination/statistics/1.0/data/migr_imm1ctz?geo=ES&age=TOTAL&sex=T&agedef=REACH,A,YT,REACH,TOTAL,NR,T,ES
1998-01-01,1998,A|ZA|REACH|TOTAL|NR|T|ES,32.0,Number,Eurostat,https://ec.europa.eu/eurostat/api/dissemination/statistics/1.0/data/migr_imm1ctz?geo=ES&age=TOTAL&sex=T&agedef=REACH,A,ZA,REACH,TOTAL,NR,T,ES
1999-01-01,1999,A|ZA|REACH|TOTAL|NR|T|ES,40.0,Number,Eurostat,https://ec.europa.eu/eurostat/api/dissemination/statistics/1.0/data/migr_imm1ctz?geo=ES&age=TOTAL&sex=T&agedef=REACH,A,ZA,REACH,TOTAL,NR,T,ES
2000-01-01,2000,A|ZA|REACH|TOTAL|NR|T|ES,57.0,Number,Eurostat,https://ec.europa.eu/eurostat/api/dissemination/statistics/1.0/data/migr_imm1ctz?geo=ES&age=TOTAL&sex=T&agedef=REACH,A,ZA,REACH,TOTAL,NR,T,ES
2001-01-01,2001,A|ZA|REACH|TOTAL|NR|T|ES,69.0,Number,Eurostat,https://ec.europa.eu/eurostat/api/dissemination/statistics/1.0/data/migr_imm1ctz?geo=ES&age=TOTAL&sex=T&agedef=REACH,A,ZA,REACH,TOTAL,NR,T,ES
2002-01-01,2002,A|ZA|REACH|TOTAL|NR|T|ES,72.0,Number,Eurostat,https://ec.europa.eu/eurostat/api/dissemination/statistics/1.0/data/migr_imm1ctz?geo=ES&age=TOTAL&sex=T&agedef=REACH,A,ZA,REACH,TOTAL,NR,T,ES
2003-01-01,2003,A|ZA|REACH|TOTAL|NR|T|ES,,Number,Eurostat,https://ec.europa.eu/eurostat/api/dissemination/statistics/1.0/data/migr_imm1ctz?geo=ES&age=TOTAL&sex=T&agedef=REACH,A,ZA,REACH,TOTAL,NR,T,ES
2004-01-01,2004,A|ZA|REACH|TOTAL|NR|T|ES,109.0,Number,Eurostat,https://ec.europa.eu/eurostat/api/dissemination/statistics/1.0/data/migr_imm1ctz?geo=ES&age=TOTAL&sex=T&agedef=REACH,A,ZA,REACH,TOTAL,NR,T,ES
2005-01-01,2005,A|ZA|REACH|TOTAL|NR|T|ES,128.0,Number,Eurostat,https://ec.europa.eu/eurostat/api/dissemination/statistics/1.0/data/migr_imm1ctz?geo=ES&age=TOTAL&sex=T&agedef=REACH,A,ZA,REACH,TOTAL,NR,T,ES
2006-01-01,2006,A|ZA|REACH|TOTAL|NR|T|ES,127.0,Number,Eurostat,https://ec.europa.eu/eurostat/api/dissemination/statistics/1.0/data/migr_imm1ctz?geo=ES&age=TOTAL&sex=T&agedef=REACH,A,ZA,REACH,TOTAL,NR,T,ES
2007-01-01,2007,A|ZA|REACH|TOTAL|NR|T|ES,145.0,Number,Eurostat,https://ec.europa.eu/eurostat/api/dissemination/statistics/1.0/data/migr_imm1ctz?geo=ES&age=TOTAL&sex=T&agedef=REACH,A,ZA,REACH,TOTAL,NR,T,ES
1998-01-01,1998,A|ZM|REACH|TOTAL|NR|T|ES,1.0,Number,Eurostat,https://ec.europa.eu/eurostat/api/dissemination/statistics/1.0/data/migr_imm1ctz?geo=ES&age=TOTAL&sex=T&agedef=REACH,A,ZM,REACH,TOTAL,NR,T,ES
1999-01-01,1999,A|ZM|REACH|TOTAL|NR|T|ES,2.0,Number,Eurostat,https://ec.europa.eu/eurostat/api/dissemination/statistics/1.0/data/migr_imm1ctz?geo=ES&age=TOTAL&sex=T&agedef=REACH,A,ZM,REACH,TOTAL,NR,T,ES
2000-01-01,2000,A|ZM|REACH|TOTAL|NR|T|ES,6.0,Number,Eurostat,https://ec.europa.eu/eurostat/api/dissemination/statistics/1.0/data/migr_imm1ctz?geo=ES&age=TOTAL&sex=T&agedef=REACH,A,ZM,REACH,TOTAL,NR,T,ES
2001-01-01,2001,A|ZM|REACH|TOTAL|NR|T|ES,7.0,Number,Eurostat,https://ec.europa.eu/eurostat/api/dissemination/statistics/1.0/data/migr_imm1ctz?geo=ES&age=TOTAL&sex=T&agedef=REACH,A,ZM,REACH,TOTAL,NR,T,ES
2002-01-01,2002,A|ZM|REACH|TOTAL|NR|T|ES,9.0,Number,Eurostat,https://ec.europa.eu/eurostat/api/dissemination/statistics/1.0/data/migr_imm1ctz?geo=ES&age=TOTAL&sex=T&agedef=REACH,A,ZM,REACH,TOTAL,NR,T,ES
2003-01-01,2003,A|ZM|REACH|TOTAL|NR|T|ES,,Number,Eurostat,https://ec.europa.eu/eurostat/api/dissemination/statistics/1.0/data/migr_imm1ctz?geo=ES&age=TOTAL&sex=T&agedef=REACH,A,ZM,REACH,TOTAL,NR,T,ES
2004-01-01,2004,A|ZM|REACH|TOTAL|NR|T|ES,0.0,Number,Eurostat,https://ec.europa.eu/eurostat/api/dissemination/statistics/1.0/data/migr_imm1ctz?geo=ES&age=TOTAL&sex=T&agedef=REACH,A,ZM,REACH,TOTAL,NR,T,ES
2005-01-01,2005,A|ZM|REACH|TOTAL|NR|T|ES,4.0,Number,Eurostat,https://ec.europa.eu/eurostat/api/dissemination/statistics/1.0/data/migr_imm1ctz?geo=ES&age=TOTAL&sex=T&agedef=REACH,A,ZM,REACH,TOTAL,NR,T,ES
2006-01-01,2006,A|ZM|REACH|TOTAL|NR|T|ES,3.0,Number,Eurostat,https://ec.europa.eu/eurostat/api/dissemination/statistics/1.0/data/migr_imm1ctz?geo=ES&age=TOTAL&sex=T&agedef=REACH,A,ZM,REACH,TOTAL,NR,T,ES
2007-01-01,2007,A|ZM|REACH|TOTAL|NR|T|ES,2.0,Number,Eurostat,https://ec.europa.eu/eurostat/api/dissemination/statistics/1.0/data/migr_imm1ctz?geo=ES&age=TOTAL&sex=T&agedef=REACH,A,ZM,REACH,TOTAL,NR,T,ES
1998-01-01,1998,A|ZW|REACH|TOTAL|NR|T|ES,1.0,Number,Eurostat,https://ec.europa.eu/eurostat/api/dissemination/statistics/1.0/data/migr_imm1ctz?geo=ES&age=TOTAL&sex=T&agedef=REACH,A,ZW,REACH,TOTAL,NR,T,ES
1999-01-01,1999,A|ZW|REACH|TOTAL|NR|T|ES,0.0,Number,Eurostat,https://ec.europa.eu/eurostat/api/dissemination/statistics/1.0/data/migr_imm1ctz?geo=ES&age=TOTAL&sex=T&agedef=REACH,A,ZW,REACH,TOTAL,NR,T,ES
2000-01-01,2000,A|ZW|REACH|TOTAL|NR|T|ES,5.0,Number,Eurostat,https://ec.europa.eu/eurostat/api/dissemination/statistics/1.0/data/migr_imm1ctz?geo=ES&age=TOTAL&sex=T&agedef=REACH,A,ZW,REACH,TOTAL,NR,T,ES
2001-01-01,2001,A|ZW|REACH|TOTAL|NR|T|ES,9.0,Number,Eurostat,https://ec.europa.eu/eurostat/api/dissemination/statistics/1.0/data/migr_imm1ctz?geo=ES&age=TOTAL&sex=T&agedef=REACH,A,ZW,REACH,TOTAL,NR,T,ES
2002-01-01,2002,A|ZW|REACH|TOTAL|NR|T|ES,12.0,Number,Eurostat,https://ec.europa.eu/eurostat/api/dissemination/statistics/1.0/data/migr_imm1ctz?geo=ES&age=TOTAL&sex=T&agedef=REACH,A,ZW,REACH,TOTAL,NR,T,ES
2003-01-01,2003,A|ZW|REACH|TOTAL|NR|T|ES,,Number,Eurostat,https://ec.europa.eu/eurostat/api/dissemination/statistics/1.0/data/migr_imm1ctz?geo=ES&age=TOTAL&sex=T&agedef=REACH,A,ZW,REACH,TOTAL,NR,T,ES
2004-01-01,2004,A|ZW|REACH|TOTAL|NR|T|ES,13.0,Number,Eurostat,https://ec.europa.eu/eurostat/api/dissemination/statistics/1.0/data/migr_imm1ctz?geo=ES&age=TOTAL&sex=T&agedef=REACH,A,ZW,REACH,TOTAL,NR,T,ES
2005-01-01,2005,A|ZW|REACH|TOTAL|NR|T|ES,19.0,Number,Eurostat,https://ec.europa.eu/eurostat/api/dissemination/statistics/1.0/data/migr_imm1ctz?geo=ES&age=TOTAL&sex=T&agedef=REACH,A,ZW,REACH,TOTAL,NR,T,ES
2006-01-01,2006,A|ZW|REACH|TOTAL|NR|T|ES,15.0,Number,Eurostat,https://ec.europa.eu/eurostat/api/dissemination/statistics/1.0/data/migr_imm1ctz?geo=ES&age=TOTAL&sex=T&agedef=REACH,A,ZW,REACH,TOTAL,NR,T,ES
2007-01-01,2007,A|ZW|REACH|TOTAL|NR|T|ES,11.0,Number,Eurostat,https://ec.europa.eu/eurostat/api/dissemination/statistics/1.0/data/migr_imm1ctz?geo=ES&age=TOTAL&sex=T&agedef=REACH,A,ZW,REACH,TOTAL,NR,T,ES
