fecha,periodo,serie,valor,unidad,fuente,url,nombre,fk_unidad
1996-01-01,1996,DPOP21796,746683.0,Personas,INE,https://servicios.ine.es/wstempus/js/ES/DATOS_SERIE/DPOP21796,València. Total. Total habitantes. Personas.,3
1998-01-01,1998,DPOP21796,739412.0,Personas,INE,https://servicios.ine.es/wstempus/js/ES/DATOS_SERIE/DPOP21796,València. Total. Total habitantes. Personas.,3
1999-01-01,1999,DPOP21796,739412.0,Personas,INE,https://servicios.ine.es/wstempus/js/ES/DATOS_SERIE/DPOP21796,València. Total. Total habitantes. Personas.,3
2000-01-01,2000,DPOP21796,739014.0,Personas,INE,https://servicios.ine.es/wstempus/js/ES/DATOS_SERIE/DPOP21796,València. Total. Total habitantes. Personas.,3
2001-01-01,2001,DPOP21796,746612.0,Personas,INE,https://servicios.ine.es/wstempus/js/ES/DATOS_SERIE/DPOP21796,València. Total. Total habitantes. Personas.,3
2002-01-01,2002,DPOP21796,761871.0,Personas,INE,https://servicios.ine.es/wstempus/js/ES/DATOS_SERIE/DPOP21796,València. Total. Total habitantes. Personas.,3
2003-01-01,2003,DPOP21796,780653.0,Personas,INE,https://servicios.ine.es/wstempus/js/ES/DATOS_SERIE/DPOP21796,València. Total. Total habitantes. Personas.,3
2004-01-01,2004,DPOP21796,785732.0,Personas,INE,https://servicios.ine.es/wstempus/js/ES/DATOS_SERIE/DPOP21796,València. Total. Total habitantes. Personas.,3
2005-01-01,2005,DPOP21796,796549.0,Personas,INE,https://servicios.ine.es/wstempus/js/ES/DATOS_SERIE/DPOP21796,València. Total. Total habitantes. Personas.,3
2006-01-01,2006,DPOP21796,805304.0,Personas,INE,https://servicios.ine.es/wstempus/js/ES/DATOS_SERIE/DPOP21796,València. Total. Total habitantes. Personas.,3
2007-01-01,2007,DPOP21796,797654.0,Personas,INE,https://servicios.ine.es/wstempus/js/ES/DATOS_SERIE/DPOP21796,València. Total. Total habitantes. Personas.,3
2008-01-01,2008,DPOP21796,807200.0,Personas,INE,https://servicios.ine.es/wstempus/js/ES/DATOS_SERIE/DPOP21796,València. Total. Total habitantes. Personas.,3
2009-01-01,2009,DPOP21796,814208.0,Personas,INE,https://servicios.ine.es/wstempus/js/ES/DATOS_SERIE/DPOP21796,València. Total. Total habitantes. Personas.,3
2010-01-01,2010,DPOP21796,809267.0,Personas,INE,https://servicios.ine.es/wstempus/js/ES/DATOS_SERIE/DPOP21796,València. Total. Total habitantes. Personas.,3
2011-01-01,2011,DPOP21796,798033.0,Personas,INE,https://servicios.ine.es/wstempus/js/ES/DATOS_SERIE/DPOP21796,València. Total. Total habitantes. Personas.,3
2012-01-01,2012,DPOP21796,797028.0,Personas,INE,https://servicios.ine.es/wstempus/js/ES/DATOS_SERIE/DPOP21796,València. Total. Total habitantes. Personas.,3
2013-01-01,2013,DPOP21796,792303.0,Personas,INE,https://servicios.ine.es/wstempus/js/ES/DATOS_SERIE/DPOP21796,València. Total. Total habitantes. Personas.,3
2014-01-01,2014,DPOP21796,786424.0,Personas,INE,https://servicios.ine.es/wstempus/js/ES/DATOS_SERIE/DPOP21796,València. Total. Total habitantes. Personas.,3
2015-01-01,2015,DPOP21796,786189.0,Personas,INE,https://servicios.ine.es/wstempus/js/ES/DATOS_SERIE/DPOP21796,València. Total. Total habitantes. Personas.,3
2016-01-01,2016,DPOP21796,790201.0,Personas,INE,https://servicios.ine.es/wstempus/js/ES/DATOS_SERIE/DPOP21796,València. Total. Total habitantes. Personas.,3
2017-01-01,2017,DPOP21796,787808.0,Personas,INE,https://servicios.ine.es/wstempus/js/ES/DATOS_SERIE/DPOP21796,València. Total. Total habitantes. Personas.,3
2018-01-01,2018,DPOP21796,791413.0,Personas,INE,https://servicios.ine.es/wstempus/js/ES/DATOS_SERIE/DPOP21796,València. Total. Total habitantes. Personas.,3
2019-01-01,2019,DPOP21796,794288.0,Personas,INE,https://servicios.ine.es/wstempus/js/ES/DATOS_SERIE/DPOP21796,València. Total. Total habitantes. Personas.,3
2020-01-01,2020,DPOP21796,800215.0,Personas,INE,https://servicios.ine.es/wstempus/js/ES/DATOS_SERIE/DPOP21796,València. Total. Total habitantes. Personas.,3
2021-01-01,2021,DPOP21796,789744.0,Personas,INE,https://servicios.ine.es/wstempus/js/ES/DATOS_SERIE/DPOP21796,València. Total. Total habitantes. Personas.,3
2022-01-01,2022,DPOP21796,792492.0,Personas,INE,https://servicios.ine.es/wstempus/js/ES/DATOS_SERIE/DPOP21796,València. Total. Total habitantes. Personas.,3
2023-01-01,2023,DPOP21796,807693.0,Personas,INE,https://servicios.ine.es/wstempus/js/ES/DATOS_SERIE/DPOP21796,València. Total. Total habitantes. Personas.,3
2024-01-01,2024,DPOP21796,825948.0,Personas,INE,https://servicios.ine.es/wstempus/js/ES/DATOS_SERIE/DPOP21796,València. Total. Total habitantes. Personas.,3
2025-01-01,2025,DPOP21796,840792.0,Personas,INE,https://servicios.ine.es/wstempus/js/ES/DATOS_SERIE/DPOP21796,València. Total. Total habitantes. Personas.,3
1996-01-01,1996,DPOP21797,354950.0,Personas,INE,https://servicios.ine.es/wstempus/js/ES/DATOS_SERIE/DPOP21797,València. Hombres. Total habitantes. Personas.,3
1998-01-01,1998,DPOP21797,351211.0,Personas,INE,https://servicios.ine.es/wstempus/js/ES/DATOS_SERIE/DPOP21797,València. Hombres. Total habitantes. Personas.,3
1999-01-01,1999,DPOP21797,351211.0,Personas,INE,https://servicios.ine.es/wstempus/js/ES/DATOS_SERIE/DPOP21797,València. Hombres. Total habitantes. Personas.,3
2000-01-01,2000,DPOP21797,350843.0,Personas,INE,https://servicios.ine.es/wstempus/js/ES/DATOS_SERIE/DPOP21797,València. Hombres. Total habitantes. Personas.,3
2001-01-01,2001,DPOP21797,355397.0,Personas,INE,https://servicios.ine.es/wstempus/js/ES/DATOS_SERIE/DPOP21797,València. Hombres. Total habitantes. Personas.,3
2002-01-01,2002,DPOP21797,363837.0,Personas,INE,https://servicios.ine.es/wstempus/js/ES/DATOS_SERIE/DPOP21797,València. Hombres. Total habitantes. Personas.,3
2003-01-01,2003,DPOP21797,373613.0,Personas,INE,https://servicios.ine.es/wstempus/js/ES/DATOS_SERIE/DPOP21797,València. Hombres. Total habitantes. Personas.,3
2004-01-01,2004,DPOP21797,376317.0,Personas,INE,https://servicios.ine.es/wstempus/js/ES/DATOS_SERIE/DPOP21797,València. Hombres. Total habitantes. Personas.,3
2005-01-01,2005,DPOP21797,382489.0,Personas,INE,https://servicios.ine.es/wstempus/js/ES/DATOS_SERIE/DPOP21797,València. Hombres. Total habitantes. Personas.,3
2006-01-01,2006,DPOP21797,388401.0,Personas,INE,https://servicios.ine.es/wstempus/js/ES/DATOS_SERIE/DPOP21797,València. Hombres. Total habitantes. Personas.,3
2007-01-01,2007,DPOP21797,383523.0,Personas,INE,https://servicios.ine.es/wstempus/js/ES/DATOS_SERIE/DPOP21797,València. Hombres. Total habitantes. Personas.,3
2008-01-01,2008,DPOP21797,388589.0,Personas,INE,https://servicios.ine.es/wstempus/js/ES/DATOS_SERIE/DPOP21797,València. Hombres. Total habitantes. Personas.,3
2009-01-01,2009,DPOP21797,392300.0,Personas,INE,https://servicios.ine.es/wstempus/js/ES/DATOS_SERIE/DPOP21797,València. Hombres. Total habitantes. Personas.,3
2010-01-01,2010,DPOP21797,389228.0,Personas,INE,https://servicios.ine.es/wstempus/js/ES/DATOS_SERIE/DPOP21797,València. Hombres. Total habitantes. Personas.,3
2011-01-01,2011,DPOP21797,382412.0,Personas,INE,https://servicios.ine.es/wstempus/js/ES/DATOS_SERIE/DPOP21797,València. Hombres. Total habitantes. Personas.,3
2012-01-01,2012,DPOP21797,381722.0,Personas,INE,https://servicios.ine.es/wstempus/js/ES/DATOS_SERIE/DPOP21797,València. Hombres. Total habitantes. Personas.,3
2013-01-01,2013,DPOP21797,378707.0,Personas,INE,https://servicios.ine.es/wstempus/js/ES/DATOS_SERIE/DPOP21797,València. Hombres. Total habitantes. Personas.,3
2014-01-01,2014,DPOP21797,375223.0,Personas,INE,https://servicios.ine.es/wstempus/js/ES/DATOS_SERIE/DPOP21797,València. Hombres. Total habitantes. Personas.,3
2015-01-01,2015,DPOP21797,375291.0,Personas,INE,https://servicios.ine.es/wstempus/js/ES/DATOS_SERIE/DPOP21797,València. Hombres. Total habitantes. Personas.,3
2016-01-01,2016,DPOP21797,377233.0,Personas,INE,https://servicios.ine.es/wstempus/js/ES/DATOS_SERIE/DPOP21797,València. Hombres. Total habitantes. Personas.,3
2017-01-01,2017,DPOP21797,375210.0,Personas,INE,https://servicios.ine.es/wstempus/js/ES/DATOS_SERIE/DPOP21797,València. Hombres. Total habitantes. Personas.,3
2018-01-01,2018,DPOP21797,376748.0,Personas,INE,https://servicios.ine.es/wstempus/js/ES/DATOS_SERIE/DPOP21797,València. Hombres. Total habitantes. Personas.,3
2019-01-01,2019,DPOP21797,377504.0,Personas,INE,https://servicios.ine.es/wstempus/js/ES/DATOS_SERIE/DPOP21797,València. Hombres. Total habitantes. Personas.,3
2020-01-01,2020,DPOP21797,380293.0,Personas,INE,https://servicios.ine.es/wstempus/js/ES/DATOS_SERIE/DPOP21797,València. Hombres. Total habitantes. Personas.,3
2021-01-01,2021,DPOP21797,374937.0,Personas,INE,https://servicios.ine.es/wstempus/js/ES/DATOS_SERIE/DPOP21797,València. Hombres. Total habitantes. Personas.,3
2022-01-01,2022,DPOP21797,376169.0,Personas,INE,https://servicios.ine.es/wstempus/js/ES/DATOS_SERIE/DPOP21797,València. Hombres. Total habitantes. Personas.,3
2023-01-01,2023,DPOP21797,383065.0,Personas,INE,https://servicios.ine.es/wstempus/js/ES/DATOS_SERIE/DPOP21797,València. Hombres. Total habitantes. Personas.,3
2024-01-01,2024,DPOP21797,391970.0,Personas,INE,https://servicios.ine.es/wstempus/js/ES/DATOS_SERIE/DPOP21797,València. Hombres. Total habitantes. Personas.,3
2025-01-01,2025,DPOP21797,399746.0,Personas,INE,https://servicios.ine.es/wstempus/js/ES/DATOS_SERIE/DPOP21797,València. Hombres. Total habitantes. Personas.,3
1996-01-01,1996,DPOP21798,391733.0,Personas,INE,https://servicios.ine.es/wstempus/js/ES/DATOS_SERIE/DPOP21798,València. Mujeres. Total habitantes. Personas.,3
1998-01-01,1998,DPOP21798,388201.0,Personas,INE,https://servicios.ine.es/wstempus/js/ES/DATOS_SERIE/DPOP21798,València. Mujeres. Total habitantes. Personas.,3
1999-01-01,1999,DPOP21798,388201.0,Personas,INE,https://servicios.ine.es/wstempus/js/ES/DATOS_SERIE/DPOP21798,València. Mujeres. Total habitantes. Personas.,3
2000-01-01,2000,DPOP21798,388171.0,Personas,INE,https://servicios.ine.es/wstempus/js/ES/DATOS_SERIE/DPOP21798,València. Mujeres. Total habitantes. Personas.,3
2001-01-01,2001,DPOP21798,391215.0,Personas,INE,https://servicios.ine.es/wstempus/js/ES/DATOS_SERIE/DPOP21798,València. Mujeres. Total habitantes. Personas.,3
2002-01-01,2002,DPOP21798,398034.0,Personas,INE,https://servicios.ine.es/wstempus/js/ES/DATOS_SERIE/DPOP21798,València. Mujeres. Total habitantes. Personas.,3
2003-01-01,2003,DPOP21798,407040.0,Personas,INE,https://servicios.ine.es/wstempus/js/ES/DATOS_SERIE/DPOP21798,València. Mujeres. Total habitantes. Personas.,3
2004-01-01,2004,DPOP21798,409415.0,Personas,INE,https://servicios.ine.es/wstempus/js/ES/DATOS_SERIE/DPOP21798,València. Mujeres. Total habitantes. Personas.,3
2005-01-01,2005,DPOP21798,414060.0,Personas,INE,https://servicios.ine.es/wstempus/js/ES/DATOS_SERIE/DPOP21798,València. Mujeres. Total habitantes. Personas.,3
2006-01-01,2006,DPOP21798,416903.0,Personas,INE,https://servicios.ine.es/wstempus/js/ES/DATOS_SERIE/DPOP21798,València. Mujeres. Total habitantes. Personas.,3
2007-01-01,2007,DPOP21798,414131.0,Personas,INE,https://servicios.ine.es/wstempus/js/ES/DATOS_SERIE/DPOP21798,València. Mujeres. Total habitantes. Personas.,3
2008-01-01,2008,DPOP21798,418611.0,Personas,INE,https://servicios.ine.es/wstempus/js/ES/DATOS_SERIE/DPOP21798,València. Mujeres. Total habitantes. Personas.,3
2009-01-01,2009,DPOP21798,421908.0,Personas,INE,https://servicios.ine.es/wstempus/js/ES/DATOS_SERIE/DPOP21798,València. Mujeres. Total habitantes. Personas.,3
2010-01-01,2010,DPOP21798,420039.0,Personas,INE,https://servicios.ine.es/wstempus/js/ES/DATOS_SERIE/DPOP21798,València. Mujeres. Total habitantes. Personas.,3
2011-01-01,2011,DPOP21798,415621.0,Personas,INE,https://servicios.ine.es/wstempus/js/ES/DATOS_SERIE/DPOP21798,València. Mujeres. Total habitantes. Personas.,3
2012-01-01,2012,DPOP21798,415306.0,Personas,INE,https://servicios.ine.es/wstempus/js/ES/DATOS_SERIE/DPOP21798,València. Mujeres. Total habitantes. Personas.,3
2013-01-01,2013,DPOP21798,413596.0,Personas,INE,https://servicios.ine.es/wstempus/js/ES/DATOS_SERIE/DPOP21798,València. Mujeres. Total habitantes. Personas.,3
2014-01-01,2014,DPOP21798,411201.0,Personas,INE,https://servicios.ine.es/wstempus/js/ES/DATOS_SERIE/DPOP21798,València. Mujeres. Total habitantes. Personas.,3
2015-01-01,2015,DPOP21798,410898.0,Personas,INE,https://servicios.ine.es/wstempus/js/ES/DATOS_SERIE/DPOP21798,València. Mujeres. Total habitantes. Personas.,3
2016-01-01,2016,DPOP21798,412968.0,Personas,INE,https://servicios.ine.es/wstempus/js/ES/DATOS_SERIE/DPOP21798,València. Mujeres. Total habitantes. Personas.,3
2017-01-01,2017,DPOP21798,412598.0,Personas,INE,https://servicios.ine.es/wstempus/js/ES/DATOS_SERIE/DPOP21798,València. Mujeres. Total habitantes. Personas.,3
2018-01-01,2018,DPOP21798,414665.0,Personas,INE,https://servicios.ine.es/wstempus/js/ES/DATOS_SERIE/DPOP21798,València. Mujeres. Total habitantes. Personas.,3
2019-01-01,2019,DPOP21798,416784.0,Personas,INE,https://servicios.ine.es/wstempus/js/ES/DATOS_SERIE/DPOP21798,València. Mujeres. Total habitantes. Personas.,3
2020-01-01,2020,DPOP21798,419922.0,Personas,INE,https://servicios.ine.es/wstempus/js/ES/DATOS_SERIE/DPOP21798,València. Mujeres. Total habitantes. Personas.,3
2021-01-01,2021,DPOP21798,414807.0,Personas,INE,https://servicios.ine.es/wstempus/js/ES/DATOS_SERIE/DPOP21798,València. Mujeres. Total habitantes. Personas.,3
2022-01-01,2022,DPOP21798,416323.0,Personas,INE,https://servicios.ine.es/wstempus/js/ES/DATOS_SERIE/DPOP21798,València. Mujeres. Total habitantes. Personas.,3
2023-01-01,2023,DPOP21798,424628.0,Personas,INE,https://servicios.ine.es/wstempus/js/ES/DATOS_SERIE/DPOP21798,València. Mujeres. Total habitantes. Personas.,3
2024-01-01,2024,DPOP21798,433978.0,Personas,INE,https://servicios.ine.es/wstempus/js/ES/DATOS_SERIE/DPOP21798,València. Mujeres. Total habitantes. Personas.,3
2025-01-01,2025,DPOP21798,441046.0,Personas,INE,https://servicios.ine.es/wstempus/js/ES/DATOS_SERIE/DPOP21798,València. Mujeres. Total habitantes. Personas.,3
2002-01-01,2002T1,ECP182013,113196.0,Número,INE,https://servicios.ine.es/wstempus/js/ES/DATOS_SERIE/ECP182013,Comunitat Valenciana. Todas las edades. Extranjera. Mujeres. Población. Número.,3
2002-07-01,2002T3,ECP182013,135387.0,Número,INE,https://servicios.ine.es/wstempus/js/ES/DATOS_SERIE/ECP182013,Comunitat Valenciana. Todas las edades. Extranjera. Mujeres. Población. Número.,3
2003-01-01,2003T1,ECP182013,158716.0,Número,INE,https://servicios.ine.es/wstempus/js/ES/DATOS_SERIE/ECP182013,Comunitat Valenciana. Todas las edades. Extranjera. Mujeres. Población. Número.,3
2003-07-01,2003T3,ECP182013,179922.0,Número,INE,https://servicios.ine.es/wstempus/js/ES/DATOS_SERIE/ECP182013,Comunitat Valenciana. Todas las edades. Extranjera. Mujeres. Población. Número.,3
2004-01-01,2004T1,ECP182013,200353.0,Número,INE,https://servicios.ine.es/wstempus/js/ES/DATOS_SERIE/ECP182013,Comunitat Valenciana. Todas las edades. Extranjera. Mujeres. Población. Número.,3
2004-07-01,2004T3,ECP182013,217671.0,Número,INE,https://servicios.ine.es/wstempus/js/ES/DATOS_SERIE/ECP182013,Comunitat Valenciana. Todas las edades. Extranjera. Mujeres. Población. Número.,3
2005-01-01,2005T1,ECP182013,241163.0,Número,INE,https://servicios.ine.es/wstempus/js/ES/DATOS_SERIE/ECP182013,Comunitat Valenciana. Todas las edades. Extranjera. Mujeres. Población. Número.,3
2005-07-01,2005T3,ECP182013,259991.0,Número,INE,https://servicios.ine.es/wstempus/js/ES/DATOS_SERIE/ECP182013,Comunitat Valenciana. Todas las edades. Extranjera. Mujeres. Población. Número.,3
2006-01-01,2006T1,ECP182013,278129.0,Número,INE,https://servicios.ine.es/wstempus/js/ES/DATOS_SERIE/ECP182013,Comunitat Valenciana. Todas las edades. Extranjera. Mujeres. Población. Número.,3
2006-07-01,2006T3,ECP182013,297162.0,Número,INE,https://servicios.ine.es/wstempus/js/ES/DATOS_SERIE/ECP182013,Comunitat Valenciana. Todas las edades. Extranjera. Mujeres. Población. Número.,3
2007-01-01,2007T1,ECP182013,320406.0,Número,INE,https://servicios.ine.es/wstempus/js/ES/DATOS_SERIE/ECP182013,Comunitat Valenciana. Todas las edades. Extranjera. Mujeres. Población. Número.,3
2007-07-01,2007T3,ECP182013,343785.0,Número,INE,https://servicios.ine.es/wstempus/js/ES/DATOS_SERIE/ECP182013,Comunitat Valenciana. Todas las edades. Extranjera. Mujeres. Población. Número.,3
2008-01-01,2008T1,ECP182013,363165.0,Número,INE,https://servicios.ine.es/wstempus/js/ES/DATOS_SERIE/ECP182013,Comunitat Valenciana. Todas las edades. Extranjera. Mujeres. Población. Número.,3
2008-07-01,2008T3,ECP182013,370562.0,Número,INE,https://servicios.ine.es/wstempus/js/ES/DATOS_SERIE/ECP182013,Comunitat Valenciana. Todas las edades. Extranjera. Mujeres. Población. Número.,3
2009-01-01,2009T1,ECP182013,375141.0,Número,INE,https://servicios.ine.es/wstempus/js/ES/DATOS_SERIE/ECP182013,Comunitat Valenciana. Todas las edades. Extranjera. Mujeres. Población. Número.,3
2009-07-01,2009T3,ECP182013,374933.0,Número,INE,https://servicios.ine.es/wstempus/js/ES/DATOS_SERIE/ECP182013,Comunitat Valenciana. Todas las edades. Extranjera. Mujeres. Población. Número.,3
2010-01-01,2010T1,ECP182013,371090.0,Número,INE,https://servicios.ine.es/wstempus/js/ES/DATOS_SERIE/ECP182013,Comunitat Valenciana. Todas las edades. Extranjera. Mujeres. Población. Número.,3
2010-07-01,2010T3,ECP182013,365105.0,Número,INE,https://servicios.ine.es/wstempus/js/ES/DATOS_SERIE/ECP182013,Comunitat Valenciana. Todas las edades. Extranjera. Mujeres. Población. Número.,3
2011-01-01,2011T1,ECP182013,363039.0,Número,INE,https://servicios.ine.es/wstempus/js/ES/DATOS_SERIE/ECP182013,Comunitat Valenciana. Todas las edades. Extranjera. Mujeres. Población. Número.,3
2011-07-01,2011T3,ECP182013,360086.0,Número,INE,https://servicios.ine.es/wstempus/js/ES/DATOS_SERIE/ECP182013,Comunitat Valenciana. Todas las edades. Extranjera. Mujeres. Población. Número.,3
2012-01-01,2012T1,ECP182013,359881.0,Número,INE,https://servicios.ine.es/wstempus/js/ES/DATOS_SERIE/ECP182013,Comunitat Valenciana. Todas las edades. Extranjera. Mujeres. Población. Número.,3
2012-07-01,2012T3,ECP182013,354263.0,Número,INE,https://servicios.ine.es/wstempus/js/ES/DATOS_SERIE/ECP182013,Comunitat Valenciana. Todas las edades. Extranjera. Mujeres. Población. Número.,3
2013-01-01,2013T1,ECP182013,349835.0,Número,INE,https://servicios.ine.es/wstempus/js/ES/DATOS_SERIE/ECP182013,Comunitat Valenciana. Todas las edades. Extranjera. Mujeres. Población. Número.,3
2013-07-01,2013T3,ECP182013,339936.0,Número,INE,https://servicios.ine.es/wstempus/js/ES/DATOS_SERIE/ECP182013,Comunitat Valenciana. Todas las edades. Extranjera. Mujeres. Población. Número.,3
2014-01-01,2014T1,ECP182013,331286.0,Número,INE,https://servicios.ine.es/wstempus/js/ES/DATOS_SERIE/ECP182013,Comunitat Valenciana. Todas las edades. Extranjera. Mujeres. Población. Número.,3
2014-07-01,2014T3,ECP182013,323664.0,Número,INE,https://servicios.ine.es/wstempus/js/ES/DATOS_SERIE/ECP182013,Comunitat Valenciana. Todas las edades. Extranjera. Mujeres. Población. Número.,3
2015-01-01,2015T1,ECP182013,318032.0,Número,INE,https://servicios.ine.es/wstempus/js/ES/DATOS_SERIE/ECP182013,Comunitat Valenciana. Todas las edades. Extranjera. Mujeres. Población. Número.,3
2015-07-01,2015T3,ECP182013,314916.0,Número,INE,https://servicios.ine.es/wstempus/js/ES/DATOS_SERIE/ECP182013,Comunitat Valenciana. Todas las edades. Extranjera. Mujeres. Población. Número.,3
2016-01-01,2016T1,ECP182013,315506.0,Número,INE,https://servicios.ine.es/wstempus/js/ES/DATOS_SERIE/ECP182013,Comunitat Valenciana. Todas las edades. Extranjera. Mujeres. Población. Número.,3
2016-07-01,2016T3,ECP182013,311495.0,Número,INE,https://servicios.ine.es/wstempus/js/ES/DATOS_SERIE/ECP182013,Comunitat Valenciana. Todas las edades. Extranjera. Mujeres. Población. Número.,3
2017-01-01,2017T1,ECP182013,313683.0,Número,INE,https://servicios.ine.es/wstempus/js/ES/DATOS_SERIE/ECP182013,Comunitat Valenciana. Todas las edades. Extranjera. Mujeres. Población. Número.,3
2017-07-01,2017T3,ECP182013,313668.0,Número,INE,https://servicios.ine.es/wstempus/js/ES/DATOS_SERIE/ECP182013,Comunitat Valenciana. Todas las edades. Extranjera. Mujeres. Población. Número.,3
2018-01-01,2018T1,ECP182013,322973.0,Número,INE,https://servicios.ine.es/wstempus/js/ES/DATOS_SERIE/ECP182013,Comunitat Valenciana. Todas las edades. Extranjera. Mujeres. Población. Número.,3
2018-07-01,2018T3,ECP182013,325860.0,Número,INE,https://servicios.ine.es/wstempus/js/ES/DATOS_SERIE/ECP182013,Comunitat Valenciana. Todas las edades. Extranjera. Mujeres. Población. Número.,3
2019-01-01,2019T1,ECP182013,337997.0,Número,INE,https://servicios.ine.es/wstempus/js/ES/DATOS_SERIE/ECP182013,Comunitat Valenciana. Todas las edades. Extranjera. Mujeres. Población. Número.,3
2019-07-01,2019T3,ECP182013,350823.0,Número,INE,https://servicios.ine.es/wstempus/js/ES/DATOS_SERIE/ECP182013,Comunitat Valenciana. Todas las edades. Extranjera. Mujeres. Población. Número.,3
2020-01-01,2020T1,ECP182013,364649.0,Número,INE,https://servicios.ine.es/wstempus/js/ES/DATOS_SERIE/ECP182013,Comunitat Valenciana. Todas las edades. Extranjera. Mujeres. Población. Número.,3
2020-07-01,2020T3,ECP182013,370402.0,Número,INE,https://servicios.ine.es/wstempus/js/ES/DATOS_SERIE/ECP182013,Comunitat Valenciana. Todas las edades. Extranjera. Mujeres. Población. Número.,3
2021-01-01,2021T1,ECP182013,375040.0,Número,INE,https://servicios.ine.es/wstempus/js/ES/DATOS_SERIE/ECP182013,Comunitat Valenciana. Todas las edades. Extranjera. Mujeres. Población. Número.,3
2021-04-01,2021T2,ECP182013,375468.0,Número,INE,https://servicios.ine.es/wstempus/js/ES/DATOS_SERIE/ECP182013,Comunitat Valenciana. Todas las edades. Extranjera. Mujeres. Población. Número.,3
2021-07-01,2021T3,ECP182013,377183.0,Número,INE,https://servicios.ine.es/wstempus/js/ES/DATOS_SERIE/ECP182013,Comunitat Valenciana. Todas las edades. Extranjera. Mujeres. Población. Número.,3
2021-10-01,2021T4,ECP182013,384674.0,Número,INE,https://servicios.ine.es/wstempus/js/ES/DATOS_SERIE/ECP182013,Comunitat Valenciana. Todas las edades. Extranjera. Mujeres. Población. Número.,3
2022-01-01,2022T1,ECP182013,393059.0,Número,INE,https://servicios.ine.es/wstempus/js/ES/DATOS_SERIE/ECP182013,Comunitat Valenciana. Todas las edades. Extranjera. Mujeres. Población. Número.,3
2022-04-01,2022T2,ECP182013,403009.0,Número,INE,https://servicios.ine.es/wstempus/js/ES/DATOS_SERIE/ECP182013,Comunitat Valenciana. Todas las edades. Extranjera. Mujeres. Población. Número.,3
2022-07-01,2022T3,ECP182013,417921.0,Número,INE,https://servicios.ine.es/wstempus/js/ES/DATOS_SERIE/ECP182013,Comunitat Valenciana. Todas las edades. Extranjera. Mujeres. Población. Número.,3
2022-10-01,2022T4,ECP182013,431878.0,Número,INE,https://servicios.ine.es/wstempus/js/ES/DATOS_SERIE/ECP182013,Comunitat Valenciana. Todas las edades. Extranjera. Mujeres. Población. Número.,3
2023-01-01,2023T1,ECP182013,446777.0,Número,INE,https://servicios.ine.es/wstempus/js/ES/DATOS_SERIE/ECP182013,Comunitat Valenciana. Todas las edades. Extranjera. Mujeres. Población. Número.,3
2023-04-01,2023T2,ECP182013,457545.0,Número,INE,https://servicios.ine.es/wstempus/js/ES/DATOS_SERIE/ECP182013,Comunitat Valenciana. Todas las edades. Extranjera. Mujeres. Población. Número.,3
2023-07-01,2023T3,ECP182013,465560.0,Número,INE,https://servicios.ine.es/wstempus/js/ES/DATOS_SERIE/ECP182013,Comunitat Valenciana. Todas las edades. Extranjera. Mujeres. Población. Número.,3
2023-10-01,2023T4,ECP182013,477930.0,Número,INE,https://servicios.ine.es/wstempus/js/ES/DATOS_SERIE/ECP182013,Comunitat Valenciana. Todas las edades. Extranjera. Mujeres. Población. Número.,3
2024-01-01,2024T1,ECP182013,488201.0,Número,INE,https://servicios.ine.es/wstempus/js/ES/DATOS_SERIE/ECP182013,Comunitat Valenciana. Todas las edades. Extranjera. Mujeres. Población. Número.,3
2024-04-01,2024T2,ECP182013,496543.0,Número,INE,https://servicios.ine.es/wstempus/js/ES/DATOS_SERIE/ECP182013,Comunitat Valenciana. Todas las edades. Extranjera. Mujeres. Población. Número.,3
2024-07-01,2024T3,ECP182013,504428.0,Número,INE,https://servicios.ine.es/wstempus/js/ES/DATOS_SERIE/ECP182013,Comunitat Valenciana. Todas las edades. Extranjera. Mujeres. Población. Número.,3
2024-10-01,2024T4,ECP182013,516286.0,Número,INE,https://servicios.ine.es/wstempus/js/ES/DATOS_SERIE/ECP182013,Comunitat Valenciana. Todas las edades. Extranjera. Mujeres. Población. Número.,3
2025-01-01,2025T1,ECP182013,527629.0,Número,INE,https://servicios.ine.es/wstempus/js/ES/DATOS_SERIE/ECP182013,Comunitat Valenciana. Todas las edades. Extranjera. Mujeres. Población. Número.,3
2025-04-01,2025T2,ECP182013,536654.0,Número,INE,https://servicios.ine.es/wstempus/js/ES/DATOS_SERIE/ECP182013,Comunitat Valenciana. Todas las edades. Extranjera. Mujeres. Población. Número.,3
2025-07-01,2025T3,ECP182013,546258.0,Número,INE,https://servicios.ine.es/wstempus/js/ES/DATOS_SERIE/ECP182013,Comunitat Valenciana. Todas las edades. Extranjera. Mujeres. Población. Número.,3
2025-10-01,2025T4,ECP182013,555799.0,Número,INE,https://servicios.ine.es/wstempus/js/ES/DATOS_SERIE/ECP182013,Comunitat Valenciana. Todas las edades. Extranjera. Mujeres. Población. Número.,3
2026-01-01,2026T1,ECP182013,562834.0,Número,INE,https://servicios.ine.es/wstempus/js/ES/DATOS_SERIE/ECP182013,Comunitat Valenciana. Todas las edades. Extranjera. Mujeres. Población. Número.,3
2026-04-01,2026T2,ECP182013,571046.0,Número,INE,https://servicios.ine.es/wstempus/js/ES/DATOS_SERIE/ECP182013,Comunitat Valenciana. Todas las edades. Extranjera. Mujeres. Población. Número.,3
2026-07-01,2026T3,ECP182013,579275.0,Número,INE,https://servicios.ine.es/wstempus/js/ES/DATOS_SERIE/ECP182013,Comunitat Valenciana. Todas las edades. Extranjera. Mujeres. Población. Número.,3
2002-01-01,2002T1,ECP182015,130143.0,Número,INE,https://servicios.ine.es/wstempus/js/ES/DATOS_SERIE/ECP182015,Comunitat Valenciana. Todas las edades. Extranjera. Hombres. Población. Número.,3
2002-07-01,2002T3,ECP182015,157335.0,Número,INE,https://servicios.ine.es/wstempus/js/ES/DATOS_SERIE/ECP182015,Comunitat Valenciana. Todas las edades. Extranjera. Hombres. Población. Número.,3
2003-01-01,2003T1,ECP182015,184055.0,Número,INE,https://servicios.ine.es/wstempus/js/ES/DATOS_SERIE/ECP182015,Comunitat Valenciana. Todas las edades. Extranjera. Hombres. Población. Número.,3
2003-07-01,2003T3,ECP182015,208260.0,Número,INE,https://servicios.ine.es/wstempus/js/ES/DATOS_SERIE/ECP182015,Comunitat Valenciana. Todas las edades. Extranjera. Hombres. Población. Número.,3
2004-01-01,2004T1,ECP182015,231730.0,Número,INE,https://servicios.ine.es/wstempus/js/ES/DATOS_SERIE/ECP182015,Comunitat Valenciana. Todas las edades. Extranjera. Hombres. Población. Número.,3
2004-07-01,2004T3,ECP182015,251930.0,Número,INE,https://servicios.ine.es/wstempus/js/ES/DATOS_SERIE/ECP182015,Comunitat Valenciana. Todas las edades. Extranjera. Hombres. Población. Número.,3
2005-01-01,2005T1,ECP182015,281125.0,Número,INE,https://servicios.ine.es/wstempus/js/ES/DATOS_SERIE/ECP182015,Comunitat Valenciana. Todas las edades. Extranjera. Hombres. Población. Número.,3
2005-07-01,2005T3,ECP182015,307422.0,Número,INE,https://servicios.ine.es/wstempus/js/ES/DATOS_SERIE/ECP182015,Comunitat Valenciana. Todas las edades. Extranjera. Hombres. Población. Número.,3
2006-01-01,2006T1,ECP182015,326669.0,Número,INE,https://servicios.ine.es/wstempus/js/ES/DATOS_SERIE/ECP182015,Comunitat Valenciana. Todas las edades. Extranjera. Hombres. Población. Número.,3
2006-07-01,2006T3,ECP182015,346877.0,Número,INE,https://servicios.ine.es/wstempus/js/ES/DATOS_SERIE/ECP182015,Comunitat Valenciana. Todas las edades. Extranjera. Hombres. Población. Número.,3
2007-01-01,2007T1,ECP182015,370942.0,Número,INE,https://servicios.ine.es/wstempus/js/ES/DATOS_SERIE/ECP182015,Comunitat Valenciana. Todas las edades. Extranjera. Hombres. Población. Número.,3
2007-07-01,2007T3,ECP182015,398365.0,Número,INE,https://servicios.ine.es/wstempus/js/ES/DATOS_SERIE/ECP182015,Comunitat Valenciana. Todas las edades. Extranjera. Hombres. Población. Número.,3
2008-01-01,2008T1,ECP182015,419944.0,Número,INE,https://servicios.ine.es/wstempus/js/ES/DATOS_SERIE/ECP182015,Comunitat Valenciana. Todas las edades. Extranjera. Hombres. Población. Número.,3
2008-07-01,2008T3,ECP182015,427360.0,Número,INE,https://servicios.ine.es/wstempus/js/ES/DATOS_SERIE/ECP182015,Comunitat Valenciana. Todas las edades. Extranjera. Hombres. Población. Número.,3
2009-01-01,2009T1,ECP182015,429041.0,Número,INE,https://servicios.ine.es/wstempus/js/ES/DATOS_SERIE/ECP182015,Comunitat Valenciana. Todas las edades. Extranjera. Hombres. Población. Número.,3
2009-07-01,2009T3,ECP182015,424206.0,Número,INE,https://servicios.ine.es/wstempus/js/ES/DATOS_SERIE/ECP182015,Comunitat Valenciana. Todas las edades. Extranjera. Hombres. Población. Número.,3
2010-01-01,2010T1,ECP182015,417099.0,Número,INE,https://servicios.ine.es/wstempus/js/ES/DATOS_SERIE/ECP182015,Comunitat Valenciana. Todas las edades. Extranjera. Hombres. Población. Número.,3
2010-07-01,2010T3,ECP182015,407887.0,Número,INE,https://servicios.ine.es/wstempus/js/ES/DATOS_SERIE/ECP182015,Comunitat Valenciana. Todas las edades. Extranjera. Hombres. Población. Número.,3
2011-01-01,2011T1,ECP182015,403747.0,Número,INE,https://servicios.ine.es/wstempus/js/ES/DATOS_SERIE/ECP182015,Comunitat Valenciana. Todas las edades. Extranjera. Hombres. Población. Número.,3
2011-07-01,2011T3,ECP182015,398207.0,Número,INE,https://servicios.ine.es/wstempus/js/ES/DATOS_SERIE/ECP182015,Comunitat Valenciana. Todas las edades. Extranjera. Hombres. Población. Número.,3
2012-01-01,2012T1,ECP182015,395097.0,Número,INE,https://servicios.ine.es/wstempus/js/ES/DATOS_SERIE/ECP182015,Comunitat Valenciana. Todas las edades. Extranjera. Hombres. Población. Número.,3
2012-07-01,2012T3,ECP182015,386610.0,Número,INE,https://servicios.ine.es/wstempus/js/ES/DATOS_SERIE/ECP182015,Comunitat Valenciana. Todas las edades. Extranjera. Hombres. Población. Número.,3
2013-01-01,2013T1,ECP182015,378568.0,Número,INE,https://servicios.ine.es/wstempus/js/ES/DATOS_SERIE/ECP182015,Comunitat Valenciana. Todas las edades. Extranjera. Hombres. Población. Número.,3
2013-07-01,2013T3,ECP182015,365248.0,Número,INE,https://servicios.ine.es/wstempus/js/ES/DATOS_SERIE/ECP182015,Comunitat Valenciana. Todas las edades. Extranjera. Hombres. Población. Número.,3
2014-01-01,2014T1,ECP182015,354105.0,Número,INE,https://servicios.ine.es/wstempus/js/ES/DATOS_SERIE/ECP182015,Comunitat Valenciana. Todas las edades. Extranjera. Hombres. Población. Número.,3
2014-07-01,2014T3,ECP182015,345209.0,Número,INE,https://servicios.ine.es/wstempus/js/ES/DATOS_SERIE/ECP182015,Comunitat Valenciana. Todas las edades. Extranjera. Hombres. Población. Número.,3
2015-01-01,2015T1,ECP182015,337587.0,Número,INE,https://servicios.ine.es/wstempus/js/ES/DATOS_SERIE/ECP182015,Comunitat Valenciana. Todas las edades. Extranjera. Hombres. Población. Número.,3
2015-07-01,2015T3,ECP182015,332662.0,Número,INE,https://servicios.ine.es/wstempus/js/ES/DATOS_SERIE/ECP182015,Comunitat Valenciana. Todas las edades. Extranjera. Hombres. Población. Número.,3
2016-01-01,2016T1,ECP182015,331304.0,Número,INE,https://servicios.ine.es/wstempus/js/ES/DATOS_SERIE/ECP182015,Comunitat Valenciana. Todas las edades. Extranjera. Hombres. Población. Número.,3
2016-07-01,2016T3,ECP182015,325995.0,Número,INE,https://servicios.ine.es/wstempus/js/ES/DATOS_SERIE/ECP182015,Comunitat Valenciana. Todas las edades. Extranjera. Hombres. Población. Número.,3
2017-01-01,2017T1,ECP182015,325790.0,Número,INE,https://servicios.ine.es/wstempus/js/ES/DATOS_SERIE/ECP182015,Comunitat Valenciana. Todas las edades. Extranjera. Hombres. Población. Número.,3
2017-07-01,2017T3,ECP182015,323837.0,Número,INE,https://servicios.ine.es/wstempus/js/ES/DATOS_SERIE/ECP182015,Comunitat Valenciana. Todas las edades. Extranjera. Hombres. Población. Número.,3
2018-01-01,2018T1,ECP182015,331105.0,Número,INE,https://servicios.ine.es/wstempus/js/ES/DATOS_SERIE/ECP182015,Comunitat Valenciana. Todas las edades. Extranjera. Hombres. Población. Número.,3
2018-07-01,2018T3,ECP182015,332557.0,Número,INE,https://servicios.ine.es/wstempus/js/ES/DATOS_SERIE/ECP182015,Comunitat Valenciana. Todas las edades. Extranjera. Hombres. Población. Número.,3
2019-01-01,2019T1,ECP182015,343855.0,Número,INE,https://servicios.ine.es/wstempus/js/ES/DATOS_SERIE/ECP182015,Comunitat Valenciana. Todas las edades. Extranjera. Hombres. Población. Número.,3
2019-07-01,2019T3,ECP182015,356713.0,Número,INE,https://servicios.ine.es/wstempus/js/ES/DATOS_SERIE/ECP182015,Comunitat Valenciana. Todas las edades. Extranjera. Hombres. Población. Número.,3
2020-01-01,2020T1,ECP182015,369993.0,Número,INE,https://servicios.ine.es/wstempus/js/ES/DATOS_SERIE/ECP182015,Comunitat Valenciana. Todas las edades. Extranjera. Hombres. Población. Número.,3
2020-07-01,2020T3,ECP182015,375935.0,Número,INE,https://servicios.ine.es/wstempus/js/ES/DATOS_SERIE/ECP182015,Comunitat Valenciana. Todas las edades. Extranjera. Hombres. Población. Número.,3
2021-01-01,2021T1,ECP182015,379561.0,Número,INE,https://servicios.ine.es/wstempus/js/ES/DATOS_SERIE/ECP182015,Comunitat Valenciana. Todas las edades. Extranjera. Hombres. Población. Número.,3
2021-04-01,2021T2,ECP182015,379655.0,Número,INE,https://servicios.ine.es/wstempus/js/ES/DATOS_SERIE/ECP182015,Comunitat Valenciana. Todas las edades. Extranjera. Hombres. Población. Número.,3
2021-07-01,2021T3,ECP182015,381647.0,Número,INE,https://servicios.ine.es/wstempus/js/ES/DATOS_SERIE/ECP182015,Comunitat Valenciana. Todas las edades. Extranjera. Hombres. Población. Número.,3
2021-10-01,2021T4,ECP182015,388945.0,Número,INE,https://servicios.ine.es/wstempus/js/ES/DATOS_SERIE/ECP182015,Comunitat Valenciana. Todas las edades. Extranjera. Hombres. Población. Número.,3
2022-01-01,2022T1,ECP182015,396033.0,Número,INE,https://servicios.ine.es/wstempus/js/ES/DATOS_SERIE/ECP182015,Comunitat Valenciana. Todas las edades. Extranjera. Hombres. Población. Número.,3
2022-04-01,2022T2,ECP182015,403972.0,Número,INE,https://servicios.ine.es/wstempus/js/ES/DATOS_SERIE/ECP182015,Comunitat Valenciana. Todas las edades. Extranjera. Hombres. Población. Número.,3
2022-07-01,2022T3,ECP182015,415701.0,Número,INE,https://servicios.ine.es/wstempus/js/ES/DATOS_SERIE/ECP182015,Comunitat Valenciana. Todas las edades. Extranjera. Hombres. Población. Número.,3
2022-10-01,2022T4,ECP182015,428072.0,Número,INE,https://servicios.ine.es/wstempus/js/ES/DATOS_SERIE/ECP182015,Comunitat Valenciana. Todas las edades. Extranjera. Hombres. Población. Número.,3
2023-01-01,2023T1,ECP182015,441379.0,Número,INE,https://servicios.ine.es/wstempus/js/ES/DATOS_SERIE/ECP182015,Comunitat Valenciana. Todas las edades. Extranjera. Hombres. Población. Número.,3
2023-04-01,2023T2,ECP182015,451107.0,Número,INE,https://servicios.ine.es/wstempus/js/ES/DATOS_SERIE/ECP182015,Comunitat Valenciana. Todas las edades. Extranjera. Hombres. Población. Número.,3
2023-07-01,2023T3,ECP182015,458537.0,Número,INE,https://servicios.ine.es/wstempus/js/ES/DATOS_SERIE/ECP182015,Comunitat Valenciana. Todas las edades. Extranjera. Hombres. Población. Número.,3
2023-10-01,2023T4,ECP182015,470567.0,Número,INE,https://servicios.ine.es/wstempus/js/ES/DATOS_SERIE/ECP182015,Comunitat Valenciana. Todas las edades. Extranjera. Hombres. Población. Número.,3
2024-01-01,2024T1,ECP182015,481401.0,Número,INE,https://servicios.ine.es/wstempus/js/ES/DATOS_SERIE/ECP182015,Comunitat Valenciana. Todas las edades. Extranjera. Hombres. Población. Número.,3
2024-04-01,2024T2,ECP182015,491990.0,Número,INE,https://servicios.ine.es/wstempus/js/ES/DATOS_SERIE/ECP182015,Comunitat Valenciana. Todas las edades. Extranjera. Hombres. Población. Número.,3
2024-07-01,2024T3,ECP182015,501939.0,Número,INE,https://servicios.ine.es/wstempus/js/ES/DATOS_SERIE/ECP182015,Comunitat Valenciana. Todas las edades. Extranjera. Hombres. Población. Número.,3
2024-10-01,2024T4,ECP182015,516541.0,Número,INE,https://servicios.ine.es/wstempus/js/ES/DATOS_SERIE/ECP182015,Comunitat Valenciana. Todas las edades. Extranjera. Hombres. Población. Número.,3
2025-01-01,2025T1,ECP182015,528296.0,Número,INE,https://servicios.ine.es/wstempus/js/ES/DATOS_SERIE/ECP182015,Comunitat Valenciana. Todas las edades. Extranjera. Hombres. Población. Número.,3
2025-04-01,2025T2,ECP182015,539797.0,Número,INE,https://servicios.ine.es/wstempus/js/ES/DATOS_SERIE/ECP182015,Comunitat Valenciana. Todas las edades. Extranjera. Hombres. Población. Número.,3
2025-07-01,2025T3,ECP182015,552463.0,Número,INE,https://servicios.ine.es/wstempus/js/ES/DATOS_SERIE/ECP182015,Comunitat Valenciana. Todas las edades. Extranjera. Hombres. Población. Número.,3
2025-10-01,2025T4,ECP182015,563508.0,Número,INE,https://servicios.ine.es/wstempus/js/ES/DATOS_SERIE/ECP182015,Comunitat Valenciana. Todas las edades. Extranjera. Hombres. Población. Número.,3
2026-01-01,2026T1,ECP182015,572541.0,Número,INE,https://servicios.ine.es/wstempus/js/ES/DATOS_SERIE/ECP182015,Comunitat Valenciana. Todas las edades. Extranjera. Hombres. Población. Número.,3
2026-04-01,2026T2,ECP182015,583681.0,Número,INE,https://servicios.ine.es/wstempus/js/ES/DATOS_SERIE/ECP182015,Comunitat Valenciana. Todas las edades. Extranjera. Hombres. Población. Número.,3
2026-07-01,2026T3,ECP182015,594540.0,Número,INE,https://servicios.ine.es/wstempus/js/ES/DATOS_SERIE/ECP182015,Comunitat Valenciana. Todas las edades. Extranjera. Hombres. Población. Número.,3
2002-01-01,2002T1,ECP182016,243338.0,Número,INE,https://servicios.ine.es/wstempus/js/ES/DATOS_SERIE/ECP182016,Comunitat Valenciana. Todas las edades. Extranjera. Total. Población. Número.,3
2002-07-01,2002T3,ECP182016,292721.0,Número,INE,https://servicios.ine.es/wstempus/js/ES/DATOS_SERIE/ECP182016,Comunitat Valenciana. Todas las edades. Extranjera. Total. Población. Número.,3
2003-01-01,2003T1,ECP182016,342771.0,Número,INE,https://servicios.ine.es/wstempus/js/ES/DATOS_SERIE/ECP182016,Comunitat Valenciana. Todas las edades. Extranjera. Total. Población. Número.,3
2003-07-01,2003T3,ECP182016,388182.0,Número,INE,https://servicios.ine.es/wstempus/js/ES/DATOS_SERIE/ECP182016,Comunitat Valenciana. Todas las edades. Extranjera. Total. Población. Número.,3
2004-01-01,2004T1,ECP182016,432083.0,Número,INE,https://servicios.ine.es/wstempus/js/ES/DATOS_SERIE/ECP182016,Comunitat Valenciana. Todas las edades. Extranjera. Total. Población. Número.,3
2004-07-01,2004T3,ECP182016,469601.0,Número,INE,https://servicios.ine.es/wstempus/js/ES/DATOS_SERIE/ECP182016,Comunitat Valenciana. Todas las edades. Extranjera. Total. Población. Número.,3
2005-01-01,2005T1,ECP182016,522288.0,Número,INE,https://servicios.ine.es/wstempus/js/ES/DATOS_SERIE/ECP182016,Comunitat Valenciana. Todas las edades. Extranjera. Total. Población. Número.,3
2005-07-01,2005T3,ECP182016,567413.0,Número,INE,https://servicios.ine.es/wstempus/js/ES/DATOS_SERIE/ECP182016,Comunitat Valenciana. Todas las edades. Extranjera. Total. Población. Número.,3
2006-01-01,2006T1,ECP182016,604798.0,Número,INE,https://servicios.ine.es/wstempus/js/ES/DATOS_SERIE/ECP182016,Comunitat Valenciana. Todas las edades. Extranjera. Total. Población. Número.,3
2006-07-01,2006T3,ECP182016,644038.0,Número,INE,https://servicios.ine.es/wstempus/js/ES/DATOS_SERIE/ECP182016,Comunitat Valenciana. Todas las edades. Extranjera. Total. Población. Número.,3
2007-01-01,2007T1,ECP182016,691349.0,Número,INE,https://servicios.ine.es/wstempus/js/ES/DATOS_SERIE/ECP182016,Comunitat Valenciana. Todas las edades. Extranjera. Total. Población. Número.,3
2007-07-01,2007T3,ECP182016,742150.0,Número,INE,https://servicios.ine.es/wstempus/js/ES/DATOS_SERIE/ECP182016,Comunitat Valenciana. Todas las edades. Extranjera. Total. Población. Número.,3
2008-01-01,2008T1,ECP182016,783109.0,Número,INE,https://servicios.ine.es/wstempus/js/ES/DATOS_SERIE/ECP182016,Comunitat Valenciana. Todas las edades. Extranjera. Total. Población. Número.,3
2008-07-01,2008T3,ECP182016,797922.0,Número,INE,https://servicios.ine.es/wstempus/js/ES/DATOS_SERIE/ECP182016,Comunitat Valenciana. Todas las edades. Extranjera. Total. Población. Número.,3
2009-01-01,2009T1,ECP182016,804182.0,Número,INE,https://servicios.ine.es/wstempus/js/ES/DATOS_SERIE/ECP182016,Comunitat Valenciana. Todas las edades. Extranjera. Total. Población. Número.,3
2009-07-01,2009T3,ECP182016,799139.0,Número,INE,https://servicios.ine.es/wstempus/js/ES/DATOS_SERIE/ECP182016,Comunitat Valenciana. Todas las edades. Extranjera. Total. Población. Número.,3
2010-01-01,2010T1,ECP182016,788189.0,Número,INE,https://servicios.ine.es/wstempus/js/ES/DATOS_SERIE/ECP182016,Comunitat Valenciana. Todas las edades. Extranjera. Total. Población. Número.,3
2010-07-01,2010T3,ECP182016,772991.0,Número,INE,https://servicios.ine.es/wstempus/js/ES/DATOS_SERIE/ECP182016,Comunitat Valenciana. Todas las edades. Extranjera. Total. Población. Número.,3
2011-01-01,2011T1,ECP182016,766786.0,Número,INE,https://servicios.ine.es/wstempus/js/ES/DATOS_SERIE/ECP182016,Comunitat Valenciana. Todas las edades. Extranjera. Total. Población. Número.,3
2011-07-01,2011T3,ECP182016,758293.0,Número,INE,https://servicios.ine.es/wstempus/js/ES/DATOS_SERIE/ECP182016,Comunitat Valenciana. Todas las edades. Extranjera. Total. Población. Número.,3
2012-01-01,2012T1,ECP182016,754979.0,Número,INE,https://servicios.ine.es/wstempus/js/ES/DATOS_SERIE/ECP182016,Comunitat Valenciana. Todas las edades. Extranjera. Total. Población. Número.,3
2012-07-01,2012T3,ECP182016,740873.0,Número,INE,https://servicios.ine.es/wstempus/js/ES/DATOS_SERIE/ECP182016,Comunitat Valenciana. Todas las edades. Extranjera. Total. Población. Número.,3
2013-01-01,2013T1,ECP182016,728403.0,Número,INE,https://servicios.ine.es/wstempus/js/ES/DATOS_SERIE/ECP182016,Comunitat Valenciana. Todas las edades. Extranjera. Total. Población. Número.,3
2013-07-01,2013T3,ECP182016,705184.0,Número,INE,https://servicios.ine.es/wstempus/js/ES/DATOS_SERIE/ECP182016,Comunitat Valenciana. Todas las edades. Extranjera. Total. Población. Número.,3
2014-01-01,2014T1,ECP182016,685391.0,Número,INE,https://servicios.ine.es/wstempus/js/ES/DATOS_SERIE/ECP182016,Comunitat Valenciana. Todas las edades. Extranjera. Total. Población. Número.,3
2014-07-01,2014T3,ECP182016,668873.0,Número,INE,https://servicios.ine.es/wstempus/js/ES/DATOS_SERIE/ECP182016,Comunitat Valenciana. Todas las edades. Extranjera. Total. Población. Número.,3
2015-01-01,2015T1,ECP182016,655619.0,Número,INE,https://servicios.ine.es/wstempus/js/ES/DATOS_SERIE/ECP182016,Comunitat Valenciana. Todas las edades. Extranjera. Total. Población. Número.,3
2015-07-01,2015T3,ECP182016,647578.0,Número,INE,https://servicios.ine.es/wstempus/js/ES/DATOS_SERIE/ECP182016,Comunitat Valenciana. Todas las edades. Extranjera. Total. Población. Número.,3
2016-01-01,2016T1,ECP182016,646810.0,Número,INE,https://servicios.ine.es/wstempus/js/ES/DATOS_SERIE/ECP182016,Comunitat Valenciana. Todas las edades. Extranjera. Total. Población. Número.,3
2016-07-01,2016T3,ECP182016,637490.0,Número,INE,https://servicios.ine.es/wstempus/js/ES/DATOS_SERIE/ECP182016,Comunitat Valenciana. Todas las edades. Extranjera. Total. Población. Número.,3
2017-01-01,2017T1,ECP182016,639473.0,Número,INE,https://servicios.ine.es/wstempus/js/ES/DATOS_SERIE/ECP182016,Comunitat Valenciana. Todas las edades. Extranjera. Total. Población. Número.,3
2017-07-01,2017T3,ECP182016,637505.0,Número,INE,https://servicios.ine.es/wstempus/js/ES/DATOS_SERIE/ECP182016,Comunitat Valenciana. Todas las edades. Extranjera. Total. Población. Número.,3
2018-01-01,2018T1,ECP182016,654078.0,Número,INE,https://servicios.ine.es/wstempus/js/ES/DATOS_SERIE/ECP182016,Comunitat Valenciana. Todas las edades. Extranjera. Total. Población. Número.,3
2018-07-01,2018T3,ECP182016,658417.0,Número,INE,https://servicios.ine.es/wstempus/js/ES/DATOS_SERIE/ECP182016,Comunitat Valenciana. Todas las edades. Extranjera. Total. Población. Número.,3
2019-01-01,2019T1,ECP182016,681852.0,Número,INE,https://servicios.ine.es/wstempus/js/ES/DATOS_SERIE/ECP182016,Comunitat Valenciana. Todas las edades. Extranjera. Total. Población. Número.,3
2019-07-01,2019T3,ECP182016,707536.0,Número,INE,https://servicios.ine.es/wstempus/js/ES/DATOS_SERIE/ECP182016,Comunitat Valenciana. Todas las edades. Extranjera. Total. Población. Número.,3
2020-01-01,2020T1,ECP182016,734642.0,Número,INE,https://servicios.ine.es/wstempus/js/ES/DATOS_SERIE/ECP182016,Comunitat Valenciana. Todas las edades. Extranjera. Total. Población. Número.,3
2020-07-01,2020T3,ECP182016,746337.0,Número,INE,https://servicios.ine.es/wstempus/js/ES/DATOS_SERIE/ECP182016,Comunitat Valenciana. Todas las edades. Extranjera. Total. Población. Número.,3
2021-01-01,2021T1,ECP182016,754601.0,Número,INE,https://servicios.ine.es/wstempus/js/ES/DATOS_SERIE/ECP182016,Comunitat Valenciana. Todas las edades. Extranjera. Total. Población. Número.,3
2021-04-01,2021T2,ECP182016,755123.0,Número,INE,https://servicios.ine.es/wstempus/js/ES/DATOS_SERIE/ECP182016,Comunitat Valenciana. Todas las edades. Extranjera. Total. Población. Número.,3
2021-07-01,2021T3,ECP182016,758830.0,Número,INE,https://servicios.ine.es/wstempus/js/ES/DATOS_SERIE/ECP182016,Comunitat Valenciana. Todas las edades. Extranjera. Total. Población. Número.,3
2021-10-01,2021T4,ECP182016,773619.0,Número,INE,https://servicios.ine.es/wstempus/js/ES/DATOS_SERIE/ECP182016,Comunitat Valenciana. Todas las edades. Extranjera. Total. Población. Número.,3
2022-01-01,2022T1,ECP182016,789092.0,Número,INE,https://servicios.ine.es/wstempus/js/ES/DATOS_SERIE/ECP182016,Comunitat Valenciana. Todas las edades. Extranjera. Total. Población. Número.,3
2022-04-01,2022T2,ECP182016,806981.0,Número,INE,https://servicios.ine.es/wstempus/js/ES/DATOS_SERIE/ECP182016,Comunitat Valenciana. Todas las edades. Extranjera. Total. Población. Número.,3
2022-07-01,2022T3,ECP182016,833622.0,Número,INE,https://servicios.ine.es/wstempus/js/ES/DATOS_SERIE/ECP182016,Comunitat Valenciana. Todas las edades. Extranjera. Total. Población. Número.,3
2022-10-01,2022T4,ECP182016,859950.0,Número,INE,https://servicios.ine.es/wstempus/js/ES/DATOS_SERIE/ECP182016,Comunitat Valenciana. Todas las edades. Extranjera. Total. Población. Número.,3
2023-01-01,2023T1,ECP182016,888156.0,Número,INE,https://servicios.ine.es/wstempus/js/ES/DATOS_SERIE/ECP182016,Comunitat Valenciana. Todas las edades. Extranjera. Total. Población. Número.,3
2023-04-01,2023T2,ECP182016,908652.0,Número,INE,https://servicios.ine.es/wstempus/js/ES/DATOS_SERIE/ECP182016,Comunitat Valenciana. Todas las edades. Extranjera. Total. Población. Número.,3
2023-07-01,2023T3,ECP182016,924097.0,Número,INE,https://servicios.ine.es/wstempus/js/ES/DATOS_SERIE/ECP182016,Comunitat Valenciana. Todas las edades. Extranjera. Total. Población. Número.,3
2023-10-01,2023T4,ECP182016,948497.0,Número,INE,https://servicios.ine.es/wstempus/js/ES/DATOS_SERIE/ECP182016,Comunitat Valenciana. Todas las edades. Extranjera. Total. Población. Número.,3
2024-01-01,2024T1,ECP182016,969602.0,Número,INE,https://servicios.ine.es/wstempus/js/ES/DATOS_SERIE/ECP182016,Comunitat Valenciana. Todas las edades. Extranjera. Total. Población. Número.,3
2024-04-01,2024T2,ECP182016,988533.0,Número,INE,https://servicios.ine.es/wstempus/js/ES/DATOS_SERIE/ECP182016,Comunitat Valenciana. Todas las edades. Extranjera. Total. Población. Número.,3
2024-07-01,2024T3,ECP182016,1006367.0,Número,INE,https://servicios.ine.es/wstempus/js/ES/DATOS_SERIE/ECP182016,Comunitat Valenciana. Todas las edades. Extranjera. Total. Población. Número.,3
2024-10-01,2024T4,ECP182016,1032827.0,Número,INE,https://servicios.ine.es/wstempus/js/ES/DATOS_SERIE/ECP182016,Comunitat Valenciana. Todas las edades. Extranjera. Total. Población. Número.,3
2025-01-01,2025T1,ECP182016,1055925.0,Número,INE,https://servicios.ine.es/wstempus/js/ES/DATOS_SERIE/ECP182016,Comunitat Valenciana. Todas las edades. Extranjera. Total. Población. Número.,3
2025-04-01,2025T2,ECP182016,1076451.0,Número,INE,https://servicios.ine.es/wstempus/js/ES/DATOS_SERIE/ECP182016,Comunitat Valenciana. Todas las edades. Extranjera. Total. Población. Número.,3
2025-07-01,2025T3,ECP182016,1098721.0,Número,INE,https://servicios.ine.es/wstempus/js/ES/DATOS_SERIE/ECP182016,Comunitat Valenciana. Todas las edades. Extranjera. Total. Población. Número.,3
2025-10-01,2025T4,ECP182016,1119307.0,Número,INE,https://servicios.ine.es/wstempus/js/ES/DATOS_SERIE/ECP182016,Comunitat Valenciana. Todas las edades. Extranjera. Total. Población. Número.,3
2026-01-01,2026T1,ECP182016,1135375.0,Número,INE,https://servicios.ine.es/wstempus/js/ES/DATOS_SERIE/ECP182016,Comunitat Valenciana. Todas las edades. Extranjera. Total. Población. Número.,3
2026-04-01,2026T2,ECP182016,1154727.0,Número,INE,https://servicios.ine.es/wstempus/js/ES/DATOS_SERIE/ECP182016,Comunitat Valenciana. Todas las edades. Extranjera. Total. Población. Número.,3
2026-07-01,2026T3,ECP182016,1173815.0,Número,INE,https://servicios.ine.es/wstempus/js/ES/DATOS_SERIE/ECP182016,Comunitat Valenciana. Todas las edades. Extranjera. Total. Población. Número.,3
2002-01-01,2002T1,ECP182021,34.0,Número,INE,https://servicios.ine.es/wstempus/js/ES/DATOS_SERIE/ECP182021,Comunitat Valenciana. Todas las edades. Apátridas. Total. Población. Número.,3
2002-07-01,2002T3,ECP182021,45.0,Número,INE,https://servicios.ine.es/wstempus/js/ES/DATOS_SERIE/ECP182021,Comunitat Valenciana. Todas las edades. Apátridas. Total. Población. Número.,3
2003-01-01,2003T1,ECP182021,50.0,Número,INE,https://servicios.ine.es/wstempus/js/ES/DATOS_SERIE/ECP182021,Comunitat Valenciana. Todas las edades. Apátridas. Total. Población. Número.,3
2003-07-01,2003T3,ECP182021,56.0,Número,INE,https://servicios.ine.es/wstempus/js/ES/DATOS_SERIE/ECP182021,Comunitat Valenciana. Todas las edades. Apátridas. Total. Población. Número.,3
2004-01-01,2004T1,ECP182021,57.0,Número,INE,https://servicios.ine.es/wstempus/js/ES/DATOS_SERIE/ECP182021,Comunitat Valenciana. Todas las edades. Apátridas. Total. Población. Número.,3
2004-07-01,2004T3,ECP182021,61.0,Número,INE,https://servicios.ine.es/wstempus/js/ES/DATOS_SERIE/ECP182021,Comunitat Valenciana. Todas las edades. Apátridas. Total. Población. Número.,3
2005-01-01,2005T1,ECP182021,61.0,Número,INE,https://servicios.ine.es/wstempus/js/ES/DATOS_SERIE/ECP182021,Comunitat Valenciana. Todas las edades. Apátridas. Total. Población. Número.,3
2005-07-01,2005T3,ECP182021,64.0,Número,INE,https://servicios.ine.es/wstempus/js/ES/DATOS_SERIE/ECP182021,Comunitat Valenciana. Todas las edades. Apátridas. Total. Población. Número.,3
2006-01-01,2006T1,ECP182021,68.0,Número,INE,https://servicios.ine.es/wstempus/js/ES/DATOS_SERIE/ECP182021,Comunitat Valenciana. Todas las edades. Apátridas. Total. Población. Número.,3
2006-07-01,2006T3,ECP182021,67.0,Número,INE,https://servicios.ine.es/wstempus/js/ES/DATOS_SERIE/ECP182021,Comunitat Valenciana. Todas las edades. Apátridas. Total. Población. Número.,3
2007-01-01,2007T1,ECP182021,73.0,Número,INE,https://servicios.ine.es/wstempus/js/ES/DATOS_SERIE/ECP182021,Comunitat Valenciana. Todas las edades. Apátridas. Total. Población. Número.,3
2007-07-01,2007T3,ECP182021,74.0,Número,INE,https://servicios.ine.es/wstempus/js/ES/DATOS_SERIE/ECP182021,Comunitat Valenciana. Todas las edades. Apátridas. Total. Población. Número.,3
2008-01-01,2008T1,ECP182021,73.0,Número,INE,https://servicios.ine.es/wstempus/js/ES/DATOS_SERIE/ECP182021,Comunitat Valenciana. Todas las edades. Apátridas. Total. Población. Número.,3
2008-07-01,2008T3,ECP182021,78.0,Número,INE,https://servicios.ine.es/wstempus/js/ES/DATOS_SERIE/ECP182021,Comunitat Valenciana. Todas las edades. Apátridas. Total. Población. Número.,3
2009-01-01,2009T1,ECP182021,80.0,Número,INE,https://servicios.ine.es/wstempus/js/ES/DATOS_SERIE/ECP182021,Comunitat Valenciana. Todas las edades. Apátridas. Total. Población. Número.,3
2009-07-01,2009T3,ECP182021,81.0,Número,INE,https://servicios.ine.es/wstempus/js/ES/DATOS_SERIE/ECP182021,Comunitat Valenciana. Todas las edades. Apátridas. Total. Población. Número.,3
2010-01-01,2010T1,ECP182021,76.0,Número,INE,https://servicios.ine.es/wstempus/js/ES/DATOS_SERIE/ECP182021,Comunitat Valenciana. Todas las edades. Apátridas. Total. Población. Número.,3
2010-07-01,2010T3,ECP182021,73.0,Número,INE,https://servicios.ine.es/wstempus/js/ES/DATOS_SERIE/ECP182021,Comunitat Valenciana. Todas las edades. Apátridas. Total. Población. Número.,3
2011-01-01,2011T1,ECP182021,74.0,Número,INE,https://servicios.ine.es/wstempus/js/ES/DATOS_SERIE/ECP182021,Comunitat Valenciana. Todas las edades. Apátridas. Total. Población. Número.,3
2011-07-01,2011T3,ECP182021,74.0,Número,INE,https://servicios.ine.es/wstempus/js/ES/DATOS_SERIE/ECP182021,Comunitat Valenciana. Todas las edades. Apátridas. Total. Población. Número.,3
2012-01-01,2012T1,ECP182021,76.0,Número,INE,https://servicios.ine.es/wstempus/js/ES/DATOS_SERIE/ECP182021,Comunitat Valenciana. Todas las edades. Apátridas. Total. Población. Número.,3
2012-07-01,2012T3,ECP182021,73.0,Número,INE,https://servicios.ine.es/wstempus/js/ES/DATOS_SERIE/ECP182021,Comunitat Valenciana. Todas las edades. Apátridas. Total. Población. Número.,3
2013-01-01,2013T1,ECP182021,83.0,Número,INE,https://servicios.ine.es/wstempus/js/ES/DATOS_SERIE/ECP182021,Comunitat Valenciana. Todas las edades. Apátridas. Total. Población. Número.,3
2013-07-01,2013T3,ECP182021,87.0,Número,INE,https://servicios.ine.es/wstempus/js/ES/DATOS_SERIE/ECP182021,Comunitat Valenciana. Todas las edades. Apátridas. Total. Población. Número.,3
2014-01-01,2014T1,ECP182021,101.0,Número,INE,https://servicios.ine.es/wstempus/js/ES/DATOS_SERIE/ECP182021,Comunitat Valenciana. Todas las edades. Apátridas. Total. Población. Número.,3
2014-07-01,2014T3,ECP182021,119.0,Número,INE,https://servicios.ine.es/wstempus/js/ES/DATOS_SERIE/ECP182021,Comunitat Valenciana. Todas las edades. Apátridas. Total. Población. Número.,3
2015-01-01,2015T1,ECP182021,134.0,Número,INE,https://servicios.ine.es/wstempus/js/ES/DATOS_SERIE/ECP182021,Comunitat Valenciana. Todas las edades. Apátridas. Total. Población. Número.,3
2015-07-01,2015T3,ECP182021,135.0,Número,INE,https://servicios.ine.es/wstempus/js/ES/DATOS_SERIE/ECP182021,Comunitat Valenciana. Todas las edades. Apátridas. Total. Población. Número.,3
2016-01-01,2016T1,ECP182021,149.0,Número,INE,https://servicios.ine.es/wstempus/js/ES/DATOS_SERIE/ECP182021,Comunitat Valenciana. Todas las edades. Apátridas. Total. Población. Número.,3
2016-07-01,2016T3,ECP182021,157.0,Número,INE,https://servicios.ine.es/wstempus/js/ES/DATOS_SERIE/ECP182021,Comunitat Valenciana. Todas las edades. Apátridas. Total. Población. Número.,3
2017-01-01,2017T1,ECP182021,178.0,Número,INE,https://servicios.ine.es/wstempus/js/ES/DATOS_SERIE/ECP182021,Comunitat Valenciana. Todas las edades. Apátridas. Total. Población. Número.,3
2017-07-01,2017T3,ECP182021,182.0,Número,INE,https://servicios.ine.es/wstempus/js/ES/DATOS_SERIE/ECP182021,Comunitat Valenciana. Todas las edades. Apátridas. Total. Población. Número.,3
2018-01-01,2018T1,ECP182021,195.0,Número,INE,https://servicios.ine.es/wstempus/js/ES/DATOS_SERIE/ECP182021,Comunitat Valenciana. Todas las edades. Apátridas. Total. Población. Número.,3
2018-07-01,2018T3,ECP182021,204.0,Número,INE,https://servicios.ine.es/wstempus/js/ES/DATOS_SERIE/ECP182021,Comunitat Valenciana. Todas las edades. Apátridas. Total. Población. Número.,3
2019-01-01,2019T1,ECP182021,227.0,Número,INE,https://servicios.ine.es/wstempus/js/ES/DATOS_SERIE/ECP182021,Comunitat Valenciana. Todas las edades. Apátridas. Total. Población. Número.,3
2019-07-01,2019T3,ECP182021,236.0,Número,INE,https://servicios.ine.es/wstempus/js/ES/DATOS_SERIE/ECP182021,Comunitat Valenciana. Todas las edades. Apátridas. Total. Población. Número.,3
2020-01-01,2020T1,ECP182021,241.0,Número,INE,https://servicios.ine.es/wstempus/js/ES/DATOS_SERIE/ECP182021,Comunitat Valenciana. Todas las edades. Apátridas. Total. Población. Número.,3
2020-07-01,2020T3,ECP182021,236.0,Número,INE,https://servicios.ine.es/wstempus/js/ES/DATOS_SERIE/ECP182021,Comunitat Valenciana. Todas las edades. Apátridas. Total. Población. Número.,3
2021-01-01,2021T1,ECP182021,263.0,Número,INE,https://servicios.ine.es/wstempus/js/ES/DATOS_SERIE/ECP182021,Comunitat Valenciana. Todas las edades. Apátridas. Total. Población. Número.,3
2021-04-01,2021T2,ECP182021,285.0,Número,INE,https://servicios.ine.es/wstempus/js/ES/DATOS_SERIE/ECP182021,Comunitat Valenciana. Todas las edades. Apátridas. Total. Población. Número.,3
2021-07-01,2021T3,ECP182021,311.0,Número,INE,https://servicios.ine.es/wstempus/js/ES/DATOS_SERIE/ECP182021,Comunitat Valenciana. Todas las edades. Apátridas. Total. Población. Número.,3
2021-10-01,2021T4,ECP182021,322.0,Número,INE,https://servicios.ine.es/wstempus/js/ES/DATOS_SERIE/ECP182021,Comunitat Valenciana. Todas las edades. Apátridas. Total. Población. Número.,3
2022-01-01,2022T1,ECP182021,362.0,Número,INE,https://servicios.ine.es/wstempus/js/ES/DATOS_SERIE/ECP182021,Comunitat Valenciana. Todas las edades. Apátridas. Total. Población. Número.,3
2022-04-01,2022T2,ECP182021,395.0,Número,INE,https://servicios.ine.es/wstempus/js/ES/DATOS_SERIE/ECP182021,Comunitat Valenciana. Todas las edades. Apátridas. Total. Población. Número.,3
2022-07-01,2022T3,ECP182021,405.0,Número,INE,https://servicios.ine.es/wstempus/js/ES/DATOS_SERIE/ECP182021,Comunitat Valenciana. Todas las edades. Apátridas. Total. Población. Número.,3
2022-10-01,2022T4,ECP182021,442.0,Número,INE,https://servicios.ine.es/wstempus/js/ES/DATOS_SERIE/ECP182021,Comunitat Valenciana. Todas las edades. Apátridas. Total. Población. Número.,3
2023-01-01,2023T1,ECP182021,473.0,Número,INE,https://servicios.ine.es/wstempus/js/ES/DATOS_SERIE/ECP182021,Comunitat Valenciana. Todas las edades. Apátridas. Total. Población. Número.,3
2023-04-01,2023T2,ECP182021,503.0,Número,INE,https://servicios.ine.es/wstempus/js/ES/DATOS_SERIE/ECP182021,Comunitat Valenciana. Todas las edades. Apátridas. Total. Población. Número.,3
2023-07-01,2023T3,ECP182021,529.0,Número,INE,https://servicios.ine.es/wstempus/js/ES/DATOS_SERIE/ECP182021,Comunitat Valenciana. Todas las edades. Apátridas. Total. Población. Número.,3
2023-10-01,2023T4,ECP182021,562.0,Número,INE,https://servicios.ine.es/wstempus/js/ES/DATOS_SERIE/ECP182021,Comunitat Valenciana. Todas las edades. Apátridas. Total. Población. Número.,3
2024-01-01,2024T1,ECP182021,595.0,Número,INE,https://servicios.ine.es/wstempus/js/ES/DATOS_SERIE/ECP182021,Comunitat Valenciana. Todas las edades. Apátridas. Total. Población. Número.,3
2024-04-01,2024T2,ECP182021,622.0,Número,INE,https://servicios.ine.es/wstempus/js/ES/DATOS_SERIE/ECP182021,Comunitat Valenciana. Todas las edades. Apátridas. Total. Población. Número.,3
2024-07-01,2024T3,ECP182021,657.0,Número,INE,https://servicios.ine.es/wstempus/js/ES/DATOS_SERIE/ECP182021,Comunitat Valenciana. Todas las edades. Apátridas. Total. Población. Número.,3
2024-10-01,2024T4,ECP182021,702.0,Número,INE,https://servicios.ine.es/wstempus/js/ES/DATOS_SERIE/ECP182021,Comunitat Valenciana. Todas las edades. Apátridas. Total. Población. Número.,3
2025-01-01,2025T1,ECP182021,743.0,Número,INE,https://servicios.ine.es/wstempus/js/ES/DATOS_SERIE/ECP182021,Comunitat Valenciana. Todas las edades. Apátridas. Total. Población. Número.,3
2002-01-01,2002T1,ECP182027,186.0,Número,INE,https://servicios.ine.es/wstempus/js/ES/DATOS_SERIE/ECP182027,Comunitat Valenciana. Todas las edades. De Oceanía. Total. Población. Número.,3
2002-07-01,2002T3,ECP182027,193.0,Número,INE,https://servicios.ine.es/wstempus/js/ES/DATOS_SERIE/ECP182027,Comunitat Valenciana. Todas las edades. De Oceanía. Total. Población. Número.,3
2003-01-01,2003T1,ECP182027,214.0,Número,INE,https://servicios.ine.es/wstempus/js/ES/DATOS_SERIE/ECP182027,Comunitat Valenciana. Todas las edades. De Oceanía. Total. Población. Número.,3
2003-07-01,2003T3,ECP182027,224.0,Número,INE,https://servicios.ine.es/wstempus/js/ES/DATOS_SERIE/ECP182027,Comunitat Valenciana. Todas las edades. De Oceanía. Total. Población. Número.,3
2004-01-01,2004T1,ECP182027,238.0,Número,INE,https://servicios.ine.es/wstempus/js/ES/DATOS_SERIE/ECP182027,Comunitat Valenciana. Todas las edades. De Oceanía. Total. Población. Número.,3
2004-07-01,2004T3,ECP182027,253.0,Número,INE,https://servicios.ine.es/wstempus/js/ES/DATOS_SERIE/ECP182027,Comunitat Valenciana. Todas las edades. De Oceanía. Total. Población. Número.,3
2005-01-01,2005T1,ECP182027,273.0,Número,INE,https://servicios.ine.es/wstempus/js/ES/DATOS_SERIE/ECP182027,Comunitat Valenciana. Todas las edades. De Oceanía. Total. Población. Número.,3
2005-07-01,2005T3,ECP182027,316.0,Número,INE,https://servicios.ine.es/wstempus/js/ES/DATOS_SERIE/ECP182027,Comunitat Valenciana. Todas las edades. De Oceanía. Total. Población. Número.,3
2006-01-01,2006T1,ECP182027,361.0,Número,INE,https://servicios.ine.es/wstempus/js/ES/DATOS_SERIE/ECP182027,Comunitat Valenciana. Todas las edades. De Oceanía. Total. Población. Número.,3
2006-07-01,2006T3,ECP182027,482.0,Número,INE,https://servicios.ine.es/wstempus/js/ES/DATOS_SERIE/ECP182027,Comunitat Valenciana. Todas las edades. De Oceanía. Total. Población. Número.,3
2007-01-01,2007T1,ECP182027,511.0,Número,INE,https://servicios.ine.es/wstempus/js/ES/DATOS_SERIE/ECP182027,Comunitat Valenciana. Todas las edades. De Oceanía. Total. Población. Número.,3
2007-07-01,2007T3,ECP182027,504.0,Número,INE,https://servicios.ine.es/wstempus/js/ES/DATOS_SERIE/ECP182027,Comunitat Valenciana. Todas las edades. De Oceanía. Total. Población. Número.,3
2008-01-01,2008T1,ECP182027,479.0,Número,INE,https://servicios.ine.es/wstempus/js/ES/DATOS_SERIE/ECP182027,Comunitat Valenciana. Todas las edades. De Oceanía. Total. Población. Número.,3
2008-07-01,2008T3,ECP182027,443.0,Número,INE,https://servicios.ine.es/wstempus/js/ES/DATOS_SERIE/ECP182027,Comunitat Valenciana. Todas las edades. De Oceanía. Total. Población. Número.,3
2009-01-01,2009T1,ECP182027,416.0,Número,INE,https://servicios.ine.es/wstempus/js/ES/DATOS_SERIE/ECP182027,Comunitat Valenciana. Todas las edades. De Oceanía. Total. Población. Número.,3
2009-07-01,2009T3,ECP182027,392.0,Número,INE,https://servicios.ine.es/wstempus/js/ES/DATOS_SERIE/ECP182027,Comunitat Valenciana. Todas las edades. De Oceanía. Total. Población. Número.,3
2010-01-01,2010T1,ECP182027,355.0,Número,INE,https://servicios.ine.es/wstempus/js/ES/DATOS_SERIE/ECP182027,Comunitat Valenciana. Todas las edades. De Oceanía. Total. Población. Número.,3
2010-07-01,2010T3,ECP182027,332.0,Número,INE,https://servicios.ine.es/wstempus/js/ES/DATOS_SERIE/ECP182027,Comunitat Valenciana. Todas las edades. De Oceanía. Total. Población. Número.,3
2011-01-01,2011T1,ECP182027,315.0,Número,INE,https://servicios.ine.es/wstempus/js/ES/DATOS_SERIE/ECP182027,Comunitat Valenciana. Todas las edades. De Oceanía. Total. Población. Número.,3
2011-07-01,2011T3,ECP182027,326.0,Número,INE,https://servicios.ine.es/wstempus/js/ES/DATOS_SERIE/ECP182027,Comunitat Valenciana. Todas las edades. De Oceanía. Total. Población. Número.,3
2012-01-01,2012T1,ECP182027,339.0,Número,INE,https://servicios.ine.es/wstempus/js/ES/DATOS_SERIE/ECP182027,Comunitat Valenciana. Todas las edades. De Oceanía. Total. Población. Número.,3
2012-07-01,2012T3,ECP182027,335.0,Número,INE,https://servicios.ine.es/wstempus/js/ES/DATOS_SERIE/ECP182027,Comunitat Valenciana. Todas las edades. De Oceanía. Total. Población. Número.,3
2013-01-01,2013T1,ECP182027,335.0,Número,INE,https://servicios.ine.es/wstempus/js/ES/DATOS_SERIE/ECP182027,Comunitat Valenciana. Todas las edades. De Oceanía. Total. Población. Número.,3
2013-07-01,2013T3,ECP182027,318.0,Número,INE,https://servicios.ine.es/wstempus/js/ES/DATOS_SERIE/ECP182027,Comunitat Valenciana. Todas las edades. De Oceanía. Total. Población. Número.,3
2014-01-01,2014T1,ECP182027,321.0,Número,INE,https://servicios.ine.es/wstempus/js/ES/DATOS_SERIE/ECP182027,Comunitat Valenciana. Todas las edades. De Oceanía. Total. Población. Número.,3
2014-07-01,2014T3,ECP182027,305.0,Número,INE,https://servicios.ine.es/wstempus/js/ES/DATOS_SERIE/ECP182027,Comunitat Valenciana. Todas las edades. De Oceanía. Total. Población. Número.,3
2015-01-01,2015T1,ECP182027,311.0,Número,INE,https://servicios.ine.es/wstempus/js/ES/DATOS_SERIE/ECP182027,Comunitat Valenciana. Todas las edades. De Oceanía. Total. Población. Número.,3
2015-07-01,2015T3,ECP182027,308.0,Número,INE,https://servicios.ine.es/wstempus/js/ES/DATOS_SERIE/ECP182027,Comunitat Valenciana. Todas las edades. De Oceanía. Total. Población. Número.,3
2016-01-01,2016T1,ECP182027,312.0,Número,INE,https://servicios.ine.es/wstempus/js/ES/DATOS_SERIE/ECP182027,Comunitat Valenciana. Todas las edades. De Oceanía. Total. Población. Número.,3
2016-07-01,2016T3,ECP182027,307.0,Número,INE,https://servicios.ine.es/wstempus/js/ES/DATOS_SERIE/ECP182027,Comunitat Valenciana. Todas las edades. De Oceanía. Total. Población. Número.,3
2017-01-01,2017T1,ECP182027,312.0,Número,INE,https://servicios.ine.es/wstempus/js/ES/DATOS_SERIE/ECP182027,Comunitat Valenciana. Todas las edades. De Oceanía. Total. Población. Número.,3
2017-07-01,2017T3,ECP182027,324.0,Número,INE,https://servicios.ine.es/wstempus/js/ES/DATOS_SERIE/ECP182027,Comunitat Valenciana. Todas las edades. De Oceanía. Total. Población. Número.,3
2018-01-01,2018T1,ECP182027,343.0,Número,INE,https://servicios.ine.es/wstempus/js/ES/DATOS_SERIE/ECP182027,Comunitat Valenciana. Todas las edades. De Oceanía. Total. Población. Número.,3
2018-07-01,2018T3,ECP182027,342.0,Número,INE,https://servicios.ine.es/wstempus/js/ES/DATOS_SERIE/ECP182027,Comunitat Valenciana. Todas las edades. De Oceanía. Total. Población. Número.,3
2019-01-01,2019T1,ECP182027,347.0,Número,INE,https://servicios.ine.es/wstempus/js/ES/DATOS_SERIE/ECP182027,Comunitat Valenciana. Todas las edades. De Oceanía. Total. Población. Número.,3
2019-07-01,2019T3,ECP182027,373.0,Número,INE,https://servicios.ine.es/wstempus/js/ES/DATOS_SERIE/ECP182027,Comunitat Valenciana. Todas las edades. De Oceanía. Total. Población. Número.,3
2020-01-01,2020T1,ECP182027,408.0,Número,INE,https://servicios.ine.es/wstempus/js/ES/DATOS_SERIE/ECP182027,Comunitat Valenciana. Todas las edades. De Oceanía. Total. Población. Número.,3
2020-07-01,2020T3,ECP182027,426.0,Número,INE,https://servicios.ine.es/wstempus/js/ES/DATOS_SERIE/ECP182027,Comunitat Valenciana. Todas las edades. De Oceanía. Total. Población. Número.,3
2021-01-01,2021T1,ECP182027,439.0,Número,INE,https://servicios.ine.es/wstempus/js/ES/DATOS_SERIE/ECP182027,Comunitat Valenciana. Todas las edades. De Oceanía. Total. Población. Número.,3
2021-04-01,2021T2,ECP182027,432.0,Número,INE,https://servicios.ine.es/wstempus/js/ES/DATOS_SERIE/ECP182027,Comunitat Valenciana. Todas las edades. De Oceanía. Total. Población. Número.,3
2021-07-01,2021T3,ECP182027,424.0,Número,INE,https://servicios.ine.es/wstempus/js/ES/DATOS_SERIE/ECP182027,Comunitat Valenciana. Todas las edades. De Oceanía. Total. Población. Número.,3
2021-10-01,2021T4,ECP182027,417.0,Número,INE,https://servicios.ine.es/wstempus/js/ES/DATOS_SERIE/ECP182027,Comunitat Valenciana. Todas las edades. De Oceanía. Total. Población. Número.,3
2022-01-01,2022T1,ECP182027,422.0,Número,INE,https://servicios.ine.es/wstempus/js/ES/DATOS_SERIE/ECP182027,Comunitat Valenciana. Todas las edades. De Oceanía. Total. Población. Número.,3
2022-04-01,2022T2,ECP182027,434.0,Número,INE,https://servicios.ine.es/wstempus/js/ES/DATOS_SERIE/ECP182027,Comunitat Valenciana. Todas las edades. De Oceanía. Total. Población. Número.,3
2022-07-01,2022T3,ECP182027,462.0,Número,INE,https://servicios.ine.es/wstempus/js/ES/DATOS_SERIE/ECP182027,Comunitat Valenciana. Todas las edades. De Oceanía. Total. Población. Número.,3
2022-10-01,2022T4,ECP182027,481.0,Número,INE,https://servicios.ine.es/wstempus/js/ES/DATOS_SERIE/ECP182027,Comunitat Valenciana. Todas las edades. De Oceanía. Total. Población. Número.,3
2023-01-01,2023T1,ECP182027,514.0,Número,INE,https://servicios.ine.es/wstempus/js/ES/DATOS_SERIE/ECP182027,Comunitat Valenciana. Todas las edades. De Oceanía. Total. Población. Número.,3
2023-04-01,2023T2,ECP182027,546.0,Número,INE,https://servicios.ine.es/wstempus/js/ES/DATOS_SERIE/ECP182027,Comunitat Valenciana. Todas las edades. De Oceanía. Total. Población. Número.,3
2023-07-01,2023T3,ECP182027,567.0,Número,INE,https://servicios.ine.es/wstempus/js/ES/DATOS_SERIE/ECP182027,Comunitat Valenciana. Todas las edades. De Oceanía. Total. Población. Número.,3
2023-10-01,2023T4,ECP182027,595.0,Número,INE,https://servicios.ine.es/wstempus/js/ES/DATOS_SERIE/ECP182027,Comunitat Valenciana. Todas las edades. De Oceanía. Total. Población. Número.,3
2024-01-01,2024T1,ECP182027,625.0,Número,INE,https://servicios.ine.es/wstempus/js/ES/DATOS_SERIE/ECP182027,Comunitat Valenciana. Todas las edades. De Oceanía. Total. Población. Número.,3
2024-04-01,2024T2,ECP182027,645.0,Número,INE,https://servicios.ine.es/wstempus/js/ES/DATOS_SERIE/ECP182027,Comunitat Valenciana. Todas las edades. De Oceanía. Total. Población. Número.,3
2024-07-01,2024T3,ECP182027,674.0,Número,INE,https://servicios.ine.es/wstempus/js/ES/DATOS_SERIE/ECP182027,Comunitat Valenciana. Todas las edades. De Oceanía. Total. Población. Número.,3
2024-10-01,2024T4,ECP182027,708.0,Número,INE,https://servicios.ine.es/wstempus/js/ES/DATOS_SERIE/ECP182027,Comunitat Valenciana. Todas las edades. De Oceanía. Total. Población. Número.,3
2025-01-01,2025T1,ECP182027,704.0,Número,INE,https://servicios.ine.es/wstempus/js/ES/DATOS_SERIE/ECP182027,Comunitat Valenciana. Todas las edades. De Oceanía. Total. Población. Número.,3
2002-01-01,2002T1,ECP182030,7648.0,Número,INE,https://servicios.ine.es/wstempus/js/ES/DATOS_SERIE/ECP182030,Comunitat Valenciana. Todas las edades. De Asia. Total. Población. Número.,3
2002-07-01,2002T3,ECP182030,8866.0,Número,INE,https://servicios.ine.es/wstempus/js/ES/DATOS_SERIE/ECP182030,Comunitat Valenciana. Todas las edades. De Asia. Total. Población. Número.,3
2003-01-01,2003T1,ECP182030,10064.0,Número,INE,https://servicios.ine.es/wstempus/js/ES/DATOS_SERIE/ECP182030,Comunitat Valenciana. Todas las edades. De Asia. Total. Población. Número.,3
2003-07-01,2003T3,ECP182030,11289.0,Número,INE,https://servicios.ine.es/wstempus/js/ES/DATOS_SERIE/ECP182030,Comunitat Valenciana. Todas las edades. De Asia. Total. Población. Número.,3
2004-01-01,2004T1,ECP182030,12539.0,Número,INE,https://servicios.ine.es/wstempus/js/ES/DATOS_SERIE/ECP182030,Comunitat Valenciana. Todas las edades. De Asia. Total. Población. Número.,3
2004-07-01,2004T3,ECP182030,14203.0,Número,INE,https://servicios.ine.es/wstempus/js/ES/DATOS_SERIE/ECP182030,Comunitat Valenciana. Todas las edades. De Asia. Total. Población. Número.,3
2005-01-01,2005T1,ECP182030,16638.0,Número,INE,https://servicios.ine.es/wstempus/js/ES/DATOS_SERIE/ECP182030,Comunitat Valenciana. Todas las edades. De Asia. Total. Población. Número.,3
2005-07-01,2005T3,ECP182030,20187.0,Número,INE,https://servicios.ine.es/wstempus/js/ES/DATOS_SERIE/ECP182030,Comunitat Valenciana. Todas las edades. De Asia. Total. Población. Número.,3
2006-01-01,2006T1,ECP182030,21568.0,Número,INE,https://servicios.ine.es/wstempus/js/ES/DATOS_SERIE/ECP182030,Comunitat Valenciana. Todas las edades. De Asia. Total. Población. Número.,3
2006-07-01,2006T3,ECP182030,22548.0,Número,INE,https://servicios.ine.es/wstempus/js/ES/DATOS_SERIE/ECP182030,Comunitat Valenciana. Todas las edades. De Asia. Total. Población. Número.,3
2007-01-01,2007T1,ECP182030,23489.0,Número,INE,https://servicios.ine.es/wstempus/js/ES/DATOS_SERIE/ECP182030,Comunitat Valenciana. Todas las edades. De Asia. Total. Población. Número.,3
2007-07-01,2007T3,ECP182030,24831.0,Número,INE,https://servicios.ine.es/wstempus/js/ES/DATOS_SERIE/ECP182030,Comunitat Valenciana. Todas las edades. De Asia. Total. Población. Número.,3
2008-01-01,2008T1,ECP182030,26335.0,Número,INE,https://servicios.ine.es/wstempus/js/ES/DATOS_SERIE/ECP182030,Comunitat Valenciana. Todas las edades. De Asia. Total. Población. Número.,3
2008-07-01,2008T3,ECP182030,27738.0,Número,INE,https://servicios.ine.es/wstempus/js/ES/DATOS_SERIE/ECP182030,Comunitat Valenciana. Todas las edades. De Asia. Total. Población. Número.,3
2009-01-01,2009T1,ECP182030,28872.0,Número,INE,https://servicios.ine.es/wstempus/js/ES/DATOS_SERIE/ECP182030,Comunitat Valenciana. Todas las edades. De Asia. Total. Población. Número.,3
2009-07-01,2009T3,ECP182030,29720.0,Número,INE,https://servicios.ine.es/wstempus/js/ES/DATOS_SERIE/ECP182030,Comunitat Valenciana. Todas las edades. De Asia. Total. Población. Número.,3
2010-01-01,2010T1,ECP182030,30532.0,Número,INE,https://servicios.ine.es/wstempus/js/ES/DATOS_SERIE/ECP182030,Comunitat Valenciana. Todas las edades. De Asia. Total. Población. Número.,3
2010-07-01,2010T3,ECP182030,31934.0,Número,INE,https://servicios.ine.es/wstempus/js/ES/DATOS_SERIE/ECP182030,Comunitat Valenciana. Todas las edades. De Asia. Total. Población. Número.,3
2011-01-01,2011T1,ECP182030,33782.0,Número,INE,https://servicios.ine.es/wstempus/js/ES/DATOS_SERIE/ECP182030,Comunitat Valenciana. Todas las edades. De Asia. Total. Población. Número.,3
2011-07-01,2011T3,ECP182030,34943.0,Número,INE,https://servicios.ine.es/wstempus/js/ES/DATOS_SERIE/ECP182030,Comunitat Valenciana. Todas las edades. De Asia. Total. Población. Número.,3
2012-01-01,2012T1,ECP182030,36385.0,Número,INE,https://servicios.ine.es/wstempus/js/ES/DATOS_SERIE/ECP182030,Comunitat Valenciana. Todas las edades. De Asia. Total. Población. Número.,3
2012-07-01,2012T3,ECP182030,37380.0,Número,INE,https://servicios.ine.es/wstempus/js/ES/DATOS_SERIE/ECP182030,Comunitat Valenciana. Todas las edades. De Asia. Total. Población. Número.,3
2013-01-01,2013T1,ECP182030,37810.0,Número,INE,https://servicios.ine.es/wstempus/js/ES/DATOS_SERIE/ECP182030,Comunitat Valenciana. Todas las edades. De Asia. Total. Población. Número.,3
2013-07-01,2013T3,ECP182030,37996.0,Número,INE,https://servicios.ine.es/wstempus/js/ES/DATOS_SERIE/ECP182030,Comunitat Valenciana. Todas las edades. De Asia. Total. Población. Número.,3
2014-01-01,2014T1,ECP182030,38066.0,Número,INE,https://servicios.ine.es/wstempus/js/ES/DATOS_SERIE/ECP182030,Comunitat Valenciana. Todas las edades. De Asia. Total. Población. Número.,3
2014-07-01,2014T3,ECP182030,38753.0,Número,INE,https://servicios.ine.es/wstempus/js/ES/DATOS_SERIE/ECP182030,Comunitat Valenciana. Todas las edades. De Asia. Total. Población. Número.,3
2015-01-01,2015T1,ECP182030,39529.0,Número,INE,https://servicios.ine.es/wstempus/js/ES/DATOS_SERIE/ECP182030,Comunitat Valenciana. Todas las edades. De Asia. Total. Población. Número.,3
2015-07-01,2015T3,ECP182030,40188.0,Número,INE,https://servicios.ine.es/wstempus/js/ES/DATOS_SERIE/ECP182030,Comunitat Valenciana. Todas las edades. De Asia. Total. Población. Número.,3
2016-01-01,2016T1,ECP182030,40728.0,Número,INE,https://servicios.ine.es/wstempus/js/ES/DATOS_SERIE/ECP182030,Comunitat Valenciana. Todas las edades. De Asia. Total. Población. Número.,3
2016-07-01,2016T3,ECP182030,41517.0,Número,INE,https://servicios.ine.es/wstempus/js/ES/DATOS_SERIE/ECP182030,Comunitat Valenciana. Todas las edades. De Asia. Total. Población. Número.,3
2017-01-01,2017T1,ECP182030,42820.0,Número,INE,https://servicios.ine.es/wstempus/js/ES/DATOS_SERIE/ECP182030,Comunitat Valenciana. Todas las edades. De Asia. Total. Población. Número.,3
2017-07-01,2017T3,ECP182030,44118.0,Número,INE,https://servicios.ine.es/wstempus/js/ES/DATOS_SERIE/ECP182030,Comunitat Valenciana. Todas las edades. De Asia. Total. Población. Número.,3
2018-01-01,2018T1,ECP182030,46234.0,Número,INE,https://servicios.ine.es/wstempus/js/ES/DATOS_SERIE/ECP182030,Comunitat Valenciana. Todas las edades. De Asia. Total. Población. Número.,3
2018-07-01,2018T3,ECP182030,47769.0,Número,INE,https://servicios.ine.es/wstempus/js/ES/DATOS_SERIE/ECP182030,Comunitat Valenciana. Todas las edades. De Asia. Total. Población. Número.,3
2019-01-01,2019T1,ECP182030,49780.0,Número,INE,https://servicios.ine.es/wstempus/js/ES/DATOS_SERIE/ECP182030,Comunitat Valenciana. Todas las edades. De Asia. Total. Población. Número.,3
2019-07-01,2019T3,ECP182030,52040.0,Número,INE,https://servicios.ine.es/wstempus/js/ES/DATOS_SERIE/ECP182030,Comunitat Valenciana. Todas las edades. De Asia. Total. Población. Número.,3
2020-01-01,2020T1,ECP182030,54438.0,Número,INE,https://servicios.ine.es/wstempus/js/ES/DATOS_SERIE/ECP182030,Comunitat Valenciana. Todas las edades. De Asia. Total. Población. Número.,3
2020-07-01,2020T3,ECP182030,55388.0,Número,INE,https://servicios.ine.es/wstempus/js/ES/DATOS_SERIE/ECP182030,Comunitat Valenciana. Todas las edades. De Asia. Total. Población. Número.,3
2021-01-01,2021T1,ECP182030,55366.0,Número,INE,https://servicios.ine.es/wstempus/js/ES/DATOS_SERIE/ECP182030,Comunitat Valenciana. Todas las edades. De Asia. Total. Población. Número.,3
2021-04-01,2021T2,ECP182030,55162.0,Número,INE,https://servicios.ine.es/wstempus/js/ES/DATOS_SERIE/ECP182030,Comunitat Valenciana. Todas las edades. De Asia. Total. Población. Número.,3
2021-07-01,2021T3,ECP182030,55132.0,Número,INE,https://servicios.ine.es/wstempus/js/ES/DATOS_SERIE/ECP182030,Comunitat Valenciana. Todas las edades. De Asia. Total. Población. Número.,3
2021-10-01,2021T4,ECP182030,55814.0,Número,INE,https://servicios.ine.es/wstempus/js/ES/DATOS_SERIE/ECP182030,Comunitat Valenciana. Todas las edades. De Asia. Total. Población. Número.,3
2022-01-01,2022T1,ECP182030,56320.0,Número,INE,https://servicios.ine.es/wstempus/js/ES/DATOS_SERIE/ECP182030,Comunitat Valenciana. Todas las edades. De Asia. Total. Población. Número.,3
2022-04-01,2022T2,ECP182030,56198.0,Número,INE,https://servicios.ine.es/wstempus/js/ES/DATOS_SERIE/ECP182030,Comunitat Valenciana. Todas las edades. De Asia. Total. Población. Número.,3
2022-07-01,2022T3,ECP182030,56465.0,Número,INE,https://servicios.ine.es/wstempus/js/ES/DATOS_SERIE/ECP182030,Comunitat Valenciana. Todas las edades. De Asia. Total. Población. Número.,3
2022-10-01,2022T4,ECP182030,57304.0,Número,INE,https://servicios.ine.es/wstempus/js/ES/DATOS_SERIE/ECP182030,Comunitat Valenciana. Todas las edades. De Asia. Total. Población. Número.,3
2023-01-01,2023T1,ECP182030,58552.0,Número,INE,https://servicios.ine.es/wstempus/js/ES/DATOS_SERIE/ECP182030,Comunitat Valenciana. Todas las edades. De Asia. Total. Población. Número.,3
2023-04-01,2023T2,ECP182030,59312.0,Número,INE,https://servicios.ine.es/wstempus/js/ES/DATOS_SERIE/ECP182030,Comunitat Valenciana. Todas las edades. De Asia. Total. Población. Número.,3
2023-07-01,2023T3,ECP182030,60198.0,Número,INE,https://servicios.ine.es/wstempus/js/ES/DATOS_SERIE/ECP182030,Comunitat Valenciana. Todas las edades. De Asia. Total. Población. Número.,3
2023-10-01,2023T4,ECP182030,61361.0,Número,INE,https://servicios.ine.es/wstempus/js/ES/DATOS_SERIE/ECP182030,Comunitat Valenciana. Todas las edades. De Asia. Total. Población. Número.,3
2024-01-01,2024T1,ECP182030,62495.0,Número,INE,https://servicios.ine.es/wstempus/js/ES/DATOS_SERIE/ECP182030,Comunitat Valenciana. Todas las edades. De Asia. Total. Población. Número.,3
2024-04-01,2024T2,ECP182030,63680.0,Número,INE,https://servicios.ine.es/wstempus/js/ES/DATOS_SERIE/ECP182030,Comunitat Valenciana. Todas las edades. De Asia. Total. Población. Número.,3
2024-07-01,2024T3,ECP182030,64762.0,Número,INE,https://servicios.ine.es/wstempus/js/ES/DATOS_SERIE/ECP182030,Comunitat Valenciana. Todas las edades. De Asia. Total. Población. Número.,3
2024-10-01,2024T4,ECP182030,66800.0,Número,INE,https://servicios.ine.es/wstempus/js/ES/DATOS_SERIE/ECP182030,Comunitat Valenciana. Todas las edades. De Asia. Total. Población. Número.,3
2025-01-01,2025T1,ECP182030,68696.0,Número,INE,https://servicios.ine.es/wstempus/js/ES/DATOS_SERIE/ECP182030,Comunitat Valenciana. Todas las edades. De Asia. Total. Población. Número.,3
2002-01-01,2002T1,ECP182034,65888.0,Número,INE,https://servicios.ine.es/wstempus/js/ES/DATOS_SERIE/ECP182034,Comunitat Valenciana. Todas las edades. De Sudamérica. Total. Población. Número.,3
2002-07-01,2002T3,ECP182034,84896.0,Número,INE,https://servicios.ine.es/wstempus/js/ES/DATOS_SERIE/ECP182034,Comunitat Valenciana. Todas las edades. De Sudamérica. Total. Población. Número.,3
2003-01-01,2003T1,ECP182034,99754.0,Número,INE,https://servicios.ine.es/wstempus/js/ES/DATOS_SERIE/ECP182034,Comunitat Valenciana. Todas las edades. De Sudamérica. Total. Población. Número.,3
2003-07-01,2003T3,ECP182034,114361.0,Número,INE,https://servicios.ine.es/wstempus/js/ES/DATOS_SERIE/ECP182034,Comunitat Valenciana. Todas las edades. De Sudamérica. Total. Población. Número.,3
2004-01-01,2004T1,ECP182034,124112.0,Número,INE,https://servicios.ine.es/wstempus/js/ES/DATOS_SERIE/ECP182034,Comunitat Valenciana. Todas las edades. De Sudamérica. Total. Población. Número.,3
2004-07-01,2004T3,ECP182034,130517.0,Número,INE,https://servicios.ine.es/wstempus/js/ES/DATOS_SERIE/ECP182034,Comunitat Valenciana. Todas las edades. De Sudamérica. Total. Población. Número.,3
2005-01-01,2005T1,ECP182034,139722.0,Número,INE,https://servicios.ine.es/wstempus/js/ES/DATOS_SERIE/ECP182034,Comunitat Valenciana. Todas las edades. De Sudamérica. Total. Población. Número.,3
2005-07-01,2005T3,ECP182034,146775.0,Número,INE,https://servicios.ine.es/wstempus/js/ES/DATOS_SERIE/ECP182034,Comunitat Valenciana. Todas las edades. De Sudamérica. Total. Población. Número.,3
2006-01-01,2006T1,ECP182034,152428.0,Número,INE,https://servicios.ine.es/wstempus/js/ES/DATOS_SERIE/ECP182034,Comunitat Valenciana. Todas las edades. De Sudamérica. Total. Población. Número.,3
2006-07-01,2006T3,ECP182034,159942.0,Número,INE,https://servicios.ine.es/wstempus/js/ES/DATOS_SERIE/ECP182034,Comunitat Valenciana. Todas las edades. De Sudamérica. Total. Población. Número.,3
2007-01-01,2007T1,ECP182034,169294.0,Número,INE,https://servicios.ine.es/wstempus/js/ES/DATOS_SERIE/ECP182034,Comunitat Valenciana. Todas las edades. De Sudamérica. Total. Población. Número.,3
2007-07-01,2007T3,ECP182034,179649.0,Número,INE,https://servicios.ine.es/wstempus/js/ES/DATOS_SERIE/ECP182034,Comunitat Valenciana. Todas las edades. De Sudamérica. Total. Población. Número.,3
2008-01-01,2008T1,ECP182034,184279.0,Número,INE,https://servicios.ine.es/wstempus/js/ES/DATOS_SERIE/ECP182034,Comunitat Valenciana. Todas las edades. De Sudamérica. Total. Población. Número.,3
2008-07-01,2008T3,ECP182034,183899.0,Número,INE,https://servicios.ine.es/wstempus/js/ES/DATOS_SERIE/ECP182034,Comunitat Valenciana. Todas las edades. De Sudamérica. Total. Población. Número.,3
2009-01-01,2009T1,ECP182034,181377.0,Número,INE,https://servicios.ine.es/wstempus/js/ES/DATOS_SERIE/ECP182034,Comunitat Valenciana. Todas las edades. De Sudamérica. Total. Población. Número.,3
2009-07-01,2009T3,ECP182034,176942.0,Número,INE,https://servicios.ine.es/wstempus/js/ES/DATOS_SERIE/ECP182034,Comunitat Valenciana. Todas las edades. De Sudamérica. Total. Población. Número.,3
2010-01-01,2010T1,ECP182034,167594.0,Número,INE,https://servicios.ine.es/wstempus/js/ES/DATOS_SERIE/ECP182034,Comunitat Valenciana. Todas las edades. De Sudamérica. Total. Población. Número.,3
2010-07-01,2010T3,ECP182034,156820.0,Número,INE,https://servicios.ine.es/wstempus/js/ES/DATOS_SERIE/ECP182034,Comunitat Valenciana. Todas las edades. De Sudamérica. Total. Población. Número.,3
2011-01-01,2011T1,ECP182034,148981.0,Número,INE,https://servicios.ine.es/wstempus/js/ES/DATOS_SERIE/ECP182034,Comunitat Valenciana. Todas las edades. De Sudamérica. Total. Población. Número.,3
2011-07-01,2011T3,ECP182034,142038.0,Número,INE,https://servicios.ine.es/wstempus/js/ES/DATOS_SERIE/ECP182034,Comunitat Valenciana. Todas las edades. De Sudamérica. Total. Población. Número.,3
2012-01-01,2012T1,ECP182034,135539.0,Número,INE,https://servicios.ine.es/wstempus/js/ES/DATOS_SERIE/ECP182034,Comunitat Valenciana. Todas las edades. De Sudamérica. Total. Población. Número.,3
2012-07-01,2012T3,ECP182034,127733.0,Número,INE,https://servicios.ine.es/wstempus/js/ES/DATOS_SERIE/ECP182034,Comunitat Valenciana. Todas las edades. De Sudamérica. Total. Población. Número.,3
2013-01-01,2013T1,ECP182034,122109.0,Número,INE,https://servicios.ine.es/wstempus/js/ES/DATOS_SERIE/ECP182034,Comunitat Valenciana. Todas las edades. De Sudamérica. Total. Población. Número.,3
2013-07-01,2013T3,ECP182034,111409.0,Número,INE,https://servicios.ine.es/wstempus/js/ES/DATOS_SERIE/ECP182034,Comunitat Valenciana. Todas las edades. De Sudamérica. Total. Población. Número.,3
2014-01-01,2014T1,ECP182034,100588.0,Número,INE,https://servicios.ine.es/wstempus/js/ES/DATOS_SERIE/ECP182034,Comunitat Valenciana. Todas las edades. De Sudamérica. Total. Población. Número.,3
2014-07-01,2014T3,ECP182034,92076.0,Número,INE,https://servicios.ine.es/wstempus/js/ES/DATOS_SERIE/ECP182034,Comunitat Valenciana. Todas las edades. De Sudamérica. Total. Población. Número.,3
2015-01-01,2015T1,ECP182034,87087.0,Número,INE,https://servicios.ine.es/wstempus/js/ES/DATOS_SERIE/ECP182034,Comunitat Valenciana. Todas las edades. De Sudamérica. Total. Población. Número.,3
2015-07-01,2015T3,ECP182034,83801.0,Número,INE,https://servicios.ine.es/wstempus/js/ES/DATOS_SERIE/ECP182034,Comunitat Valenciana. Todas las edades. De Sudamérica. Total. Población. Número.,3
2016-01-01,2016T1,ECP182034,82311.0,Número,INE,https://servicios.ine.es/wstempus/js/ES/DATOS_SERIE/ECP182034,Comunitat Valenciana. Todas las edades. De Sudamérica. Total. Población. Número.,3
2016-07-01,2016T3,ECP182034,79157.0,Número,INE,https://servicios.ine.es/wstempus/js/ES/DATOS_SERIE/ECP182034,Comunitat Valenciana. Todas las edades. De Sudamérica. Total. Población. Número.,3
2017-01-01,2017T1,ECP182034,79361.0,Número,INE,https://servicios.ine.es/wstempus/js/ES/DATOS_SERIE/ECP182034,Comunitat Valenciana. Todas las edades. De Sudamérica. Total. Población. Número.,3
2017-07-01,2017T3,ECP182034,81200.0,Número,INE,https://servicios.ine.es/wstempus/js/ES/DATOS_SERIE/ECP182034,Comunitat Valenciana. Todas las edades. De Sudamérica. Total. Población. Número.,3
2018-01-01,2018T1,ECP182034,86189.0,Número,INE,https://servicios.ine.es/wstempus/js/ES/DATOS_SERIE/ECP182034,Comunitat Valenciana. Todas las edades. De Sudamérica. Total. Población. Número.,3
2018-07-01,2018T3,ECP182034,90351.0,Número,INE,https://servicios.ine.es/wstempus/js/ES/DATOS_SERIE/ECP182034,Comunitat Valenciana. Todas las edades. De Sudamérica. Total. Población. Número.,3
2019-01-01,2019T1,ECP182034,97552.0,Número,INE,https://servicios.ine.es/wstempus/js/ES/DATOS_SERIE/ECP182034,Comunitat Valenciana. Todas las edades. De Sudamérica. Total. Población. Número.,3
2019-07-01,2019T3,ECP182034,107169.0,Número,INE,https://servicios.ine.es/wstempus/js/ES/DATOS_SERIE/ECP182034,Comunitat Valenciana. Todas las edades. De Sudamérica. Total. Población. Número.,3
2020-01-01,2020T1,ECP182034,117437.0,Número,INE,https://servicios.ine.es/wstempus/js/ES/DATOS_SERIE/ECP182034,Comunitat Valenciana. Todas las edades. De Sudamérica. Total. Población. Número.,3
2020-07-01,2020T3,ECP182034,124040.0,Número,INE,https://servicios.ine.es/wstempus/js/ES/DATOS_SERIE/ECP182034,Comunitat Valenciana. Todas las edades. De Sudamérica. Total. Población. Número.,3
2021-01-01,2021T1,ECP182034,125839.0,Número,INE,https://servicios.ine.es/wstempus/js/ES/DATOS_SERIE/ECP182034,Comunitat Valenciana. Todas las edades. De Sudamérica. Total. Población. Número.,3
2021-04-01,2021T2,ECP182034,124954.0,Número,INE,https://servicios.ine.es/wstempus/js/ES/DATOS_SERIE/ECP182034,Comunitat Valenciana. Todas las edades. De Sudamérica. Total. Población. Número.,3
2021-07-01,2021T3,ECP182034,124925.0,Número,INE,https://servicios.ine.es/wstempus/js/ES/DATOS_SERIE/ECP182034,Comunitat Valenciana. Todas las edades. De Sudamérica. Total. Población. Número.,3
2021-10-01,2021T4,ECP182034,128321.0,Número,INE,https://servicios.ine.es/wstempus/js/ES/DATOS_SERIE/ECP182034,Comunitat Valenciana. Todas las edades. De Sudamérica. Total. Población. Número.,3
2022-01-01,2022T1,ECP182034,137119.0,Número,INE,https://servicios.ine.es/wstempus/js/ES/DATOS_SERIE/ECP182034,Comunitat Valenciana. Todas las edades. De Sudamérica. Total. Población. Número.,3
2022-04-01,2022T2,ECP182034,145941.0,Número,INE,https://servicios.ine.es/wstempus/js/ES/DATOS_SERIE/ECP182034,Comunitat Valenciana. Todas las edades. De Sudamérica. Total. Población. Número.,3
2022-07-01,2022T3,ECP182034,156851.0,Número,INE,https://servicios.ine.es/wstempus/js/ES/DATOS_SERIE/ECP182034,Comunitat Valenciana. Todas las edades. De Sudamérica. Total. Población. Número.,3
2022-10-01,2022T4,ECP182034,167124.0,Número,INE,https://servicios.ine.es/wstempus/js/ES/DATOS_SERIE/ECP182034,Comunitat Valenciana. Todas las edades. De Sudamérica. Total. Población. Número.,3
2023-01-01,2023T1,ECP182034,181252.0,Número,INE,https://servicios.ine.es/wstempus/js/ES/DATOS_SERIE/ECP182034,Comunitat Valenciana. Todas las edades. De Sudamérica. Total. Población. Número.,3
2023-04-01,2023T2,ECP182034,192534.0,Número,INE,https://servicios.ine.es/wstempus/js/ES/DATOS_SERIE/ECP182034,Comunitat Valenciana. Todas las edades. De Sudamérica. Total. Población. Número.,3
2023-07-01,2023T3,ECP182034,201190.0,Número,INE,https://servicios.ine.es/wstempus/js/ES/DATOS_SERIE/ECP182034,Comunitat Valenciana. Todas las edades. De Sudamérica. Total. Población. Número.,3
2023-10-01,2023T4,ECP182034,211206.0,Número,INE,https://servicios.ine.es/wstempus/js/ES/DATOS_SERIE/ECP182034,Comunitat Valenciana. Todas las edades. De Sudamérica. Total. Población. Número.,3
2024-01-01,2024T1,ECP182034,222898.0,Número,INE,https://servicios.ine.es/wstempus/js/ES/DATOS_SERIE/ECP182034,Comunitat Valenciana. Todas las edades. De Sudamérica. Total. Población. Número.,3
2024-04-01,2024T2,ECP182034,231744.0,Número,INE,https://servicios.ine.es/wstempus/js/ES/DATOS_SERIE/ECP182034,Comunitat Valenciana. Todas las edades. De Sudamérica. Total. Población. Número.,3
2024-07-01,2024T3,ECP182034,240355.0,Número,INE,https://servicios.ine.es/wstempus/js/ES/DATOS_SERIE/ECP182034,Comunitat Valenciana. Todas las edades. De Sudamérica. Total. Población. Número.,3
2024-10-01,2024T4,ECP182034,249572.0,Número,INE,https://servicios.ine.es/wstempus/js/ES/DATOS_SERIE/ECP182034,Comunitat Valenciana. Todas las edades. De Sudamérica. Total. Población. Número.,3
2025-01-01,2025T1,ECP182034,260938.0,Número,INE,https://servicios.ine.es/wstempus/js/ES/DATOS_SERIE/ECP182034,Comunitat Valenciana. Todas las edades. De Sudamérica. Total. Población. Número.,3
2002-01-01,2002T1,ECP182038,3964.0,Número,INE,https://servicios.ine.es/wstempus/js/ES/DATOS_SERIE/ECP182038,Comunitat Valenciana. Todas las edades. De Centro América y Caribe. Total. Población. Número.,3
2002-07-01,2002T3,ECP182038,4387.0,Número,INE,https://servicios.ine.es/wstempus/js/ES/DATOS_SERIE/ECP182038,Comunitat Valenciana. Todas las edades. De Centro América y Caribe. Total. Población. Número.,3
2003-01-01,2003T1,ECP182038,4731.0,Número,INE,https://servicios.ine.es/wstempus/js/ES/DATOS_SERIE/ECP182038,Comunitat Valenciana. Todas las edades. De Centro América y Caribe. Total. Población. Número.,3
2003-07-01,2003T3,ECP182038,5114.0,Número,INE,https://servicios.ine.es/wstempus/js/ES/DATOS_SERIE/ECP182038,Comunitat Valenciana. Todas las edades. De Centro América y Caribe. Total. Población. Número.,3
2004-01-01,2004T1,ECP182038,5527.0,Número,INE,https://servicios.ine.es/wstempus/js/ES/DATOS_SERIE/ECP182038,Comunitat Valenciana. Todas las edades. De Centro América y Caribe. Total. Población. Número.,3
2004-07-01,2004T3,ECP182038,5876.0,Número,INE,https://servicios.ine.es/wstempus/js/ES/DATOS_SERIE/ECP182038,Comunitat Valenciana. Todas las edades. De Centro América y Caribe. Total. Población. Número.,3
2005-01-01,2005T1,ECP182038,6311.0,Número,INE,https://servicios.ine.es/wstempus/js/ES/DATOS_SERIE/ECP182038,Comunitat Valenciana. Todas las edades. De Centro América y Caribe. Total. Población. Número.,3
2005-07-01,2005T3,ECP182038,6563.0,Número,INE,https://servicios.ine.es/wstempus/js/ES/DATOS_SERIE/ECP182038,Comunitat Valenciana. Todas las edades. De Centro América y Caribe. Total. Población. Número.,3
2006-01-01,2006T1,ECP182038,6975.0,Número,INE,https://servicios.ine.es/wstempus/js/ES/DATOS_SERIE/ECP182038,Comunitat Valenciana. Todas las edades. De Centro América y Caribe. Total. Población. Número.,3
2006-07-01,2006T3,ECP182038,7532.0,Número,INE,https://servicios.ine.es/wstempus/js/ES/DATOS_SERIE/ECP182038,Comunitat Valenciana. Todas las edades. De Centro América y Caribe. Total. Población. Número.,3
2007-01-01,2007T1,ECP182038,8309.0,Número,INE,https://servicios.ine.es/wstempus/js/ES/DATOS_SERIE/ECP182038,Comunitat Valenciana. Todas las edades. De Centro América y Caribe. Total. Población. Número.,3
2007-07-01,2007T3,ECP182038,9381.0,Número,INE,https://servicios.ine.es/wstempus/js/ES/DATOS_SERIE/ECP182038,Comunitat Valenciana. Todas las edades. De Centro América y Caribe. Total. Población. Número.,3
2008-01-01,2008T1,ECP182038,10191.0,Número,INE,https://servicios.ine.es/wstempus/js/ES/DATOS_SERIE/ECP182038,Comunitat Valenciana. Todas las edades. De Centro América y Caribe. Total. Población. Número.,3
2008-07-01,2008T3,ECP182038,10709.0,Número,INE,https://servicios.ine.es/wstempus/js/ES/DATOS_SERIE/ECP182038,Comunitat Valenciana. Todas las edades. De Centro América y Caribe. Total. Población. Número.,3
2009-01-01,2009T1,ECP182038,11110.0,Número,INE,https://servicios.ine.es/wstempus/js/ES/DATOS_SERIE/ECP182038,Comunitat Valenciana. Todas las edades. De Centro América y Caribe. Total. Población. Número.,3
2009-07-01,2009T3,ECP182038,11282.0,Número,INE,https://servicios.ine.es/wstempus/js/ES/DATOS_SERIE/ECP182038,Comunitat Valenciana. Todas las edades. De Centro América y Caribe. Total. Población. Número.,3
2010-01-01,2010T1,ECP182038,11173.0,Número,INE,https://servicios.ine.es/wstempus/js/ES/DATOS_SERIE/ECP182038,Comunitat Valenciana. Todas las edades. De Centro América y Caribe. Total. Población. Número.,3
2010-07-01,2010T3,ECP182038,11132.0,Número,INE,https://servicios.ine.es/wstempus/js/ES/DATOS_SERIE/ECP182038,Comunitat Valenciana. Todas las edades. De Centro América y Caribe. Total. Población. Número.,3
2011-01-01,2011T1,ECP182038,11270.0,Número,INE,https://servicios.ine.es/wstempus/js/ES/DATOS_SERIE/ECP182038,Comunitat Valenciana. Todas las edades. De Centro América y Caribe. Total. Población. Número.,3
2011-07-01,2011T3,ECP182038,11448.0,Número,INE,https://servicios.ine.es/wstempus/js/ES/DATOS_SERIE/ECP182038,Comunitat Valenciana. Todas las edades. De Centro América y Caribe. Total. Población. Número.,3
2012-01-01,2012T1,ECP182038,11877.0,Número,INE,https://servicios.ine.es/wstempus/js/ES/DATOS_SERIE/ECP182038,Comunitat Valenciana. Todas las edades. De Centro América y Caribe. Total. Población. Número.,3
2012-07-01,2012T3,ECP182038,12042.0,Número,INE,https://servicios.ine.es/wstempus/js/ES/DATOS_SERIE/ECP182038,Comunitat Valenciana. Todas las edades. De Centro América y Caribe. Total. Población. Número.,3
2013-01-01,2013T1,ECP182038,12129.0,Número,INE,https://servicios.ine.es/wstempus/js/ES/DATOS_SERIE/ECP182038,Comunitat Valenciana. Todas las edades. De Centro América y Caribe. Total. Población. Número.,3
2013-07-01,2013T3,ECP182038,11730.0,Número,INE,https://servicios.ine.es/wstempus/js/ES/DATOS_SERIE/ECP182038,Comunitat Valenciana. Todas las edades. De Centro América y Caribe. Total. Población. Número.,3
2014-01-01,2014T1,ECP182038,11388.0,Número,INE,https://servicios.ine.es/wstempus/js/ES/DATOS_SERIE/ECP182038,Comunitat Valenciana. Todas las edades. De Centro América y Caribe. Total. Población. Número.,3
2014-07-01,2014T3,ECP182038,11030.0,Número,INE,https://servicios.ine.es/wstempus/js/ES/DATOS_SERIE/ECP182038,Comunitat Valenciana. Todas las edades. De Centro América y Caribe. Total. Población. Número.,3
2015-01-01,2015T1,ECP182038,10912.0,Número,INE,https://servicios.ine.es/wstempus/js/ES/DATOS_SERIE/ECP182038,Comunitat Valenciana. Todas las edades. De Centro América y Caribe. Total. Población. Número.,3
2015-07-01,2015T3,ECP182038,10998.0,Número,INE,https://servicios.ine.es/wstempus/js/ES/DATOS_SERIE/ECP182038,Comunitat Valenciana. Todas las edades. De Centro América y Caribe. Total. Población. Número.,3
2016-01-01,2016T1,ECP182038,11269.0,Número,INE,https://servicios.ine.es/wstempus/js/ES/DATOS_SERIE/ECP182038,Comunitat Valenciana. Todas las edades. De Centro América y Caribe. Total. Población. Número.,3
2016-07-01,2016T3,ECP182038,11295.0,Número,INE,https://servicios.ine.es/wstempus/js/ES/DATOS_SERIE/ECP182038,Comunitat Valenciana. Todas las edades. De Centro América y Caribe. Total. Población. Número.,3
2017-01-01,2017T1,ECP182038,12011.0,Número,INE,https://servicios.ine.es/wstempus/js/ES/DATOS_SERIE/ECP182038,Comunitat Valenciana. Todas las edades. De Centro América y Caribe. Total. Población. Número.,3
2017-07-01,2017T3,ECP182038,13051.0,Número,INE,https://servicios.ine.es/wstempus/js/ES/DATOS_SERIE/ECP182038,Comunitat Valenciana. Todas las edades. De Centro América y Caribe. Total. Población. Número.,3
2018-01-01,2018T1,ECP182038,14533.0,Número,INE,https://servicios.ine.es/wstempus/js/ES/DATOS_SERIE/ECP182038,Comunitat Valenciana. Todas las edades. De Centro América y Caribe. Total. Población. Número.,3
2018-07-01,2018T3,ECP182038,15801.0,Número,INE,https://servicios.ine.es/wstempus/js/ES/DATOS_SERIE/ECP182038,Comunitat Valenciana. Todas las edades. De Centro América y Caribe. Total. Población. Número.,3
2019-01-01,2019T1,ECP182038,17533.0,Número,INE,https://servicios.ine.es/wstempus/js/ES/DATOS_SERIE/ECP182038,Comunitat Valenciana. Todas las edades. De Centro América y Caribe. Total. Población. Número.,3
2019-07-01,2019T3,ECP182038,19832.0,Número,INE,https://servicios.ine.es/wstempus/js/ES/DATOS_SERIE/ECP182038,Comunitat Valenciana. Todas las edades. De Centro América y Caribe. Total. Población. Número.,3
2020-01-01,2020T1,ECP182038,22115.0,Número,INE,https://servicios.ine.es/wstempus/js/ES/DATOS_SERIE/ECP182038,Comunitat Valenciana. Todas las edades. De Centro América y Caribe. Total. Población. Número.,3
2020-07-01,2020T3,ECP182038,23490.0,Número,INE,https://servicios.ine.es/wstempus/js/ES/DATOS_SERIE/ECP182038,Comunitat Valenciana. Todas las edades. De Centro América y Caribe. Total. Población. Número.,3
2021-01-01,2021T1,ECP182038,23968.0,Número,INE,https://servicios.ine.es/wstempus/js/ES/DATOS_SERIE/ECP182038,Comunitat Valenciana. Todas las edades. De Centro América y Caribe. Total. Población. Número.,3
2021-04-01,2021T2,ECP182038,24022.0,Número,INE,https://servicios.ine.es/wstempus/js/ES/DATOS_SERIE/ECP182038,Comunitat Valenciana. Todas las edades. De Centro América y Caribe. Total. Población. Número.,3
2021-07-01,2021T3,ECP182038,24281.0,Número,INE,https://servicios.ine.es/wstempus/js/ES/DATOS_SERIE/ECP182038,Comunitat Valenciana. Todas las edades. De Centro América y Caribe. Total. Población. Número.,3
2021-10-01,2021T4,ECP182038,24854.0,Número,INE,https://servicios.ine.es/wstempus/js/ES/DATOS_SERIE/ECP182038,Comunitat Valenciana. Todas las edades. De Centro América y Caribe. Total. Población. Número.,3
2022-01-01,2022T1,ECP182038,26203.0,Número,INE,https://servicios.ine.es/wstempus/js/ES/DATOS_SERIE/ECP182038,Comunitat Valenciana. Todas las edades. De Centro América y Caribe. Total. Población. Número.,3
2022-04-01,2022T2,ECP182038,26952.0,Número,INE,https://servicios.ine.es/wstempus/js/ES/DATOS_SERIE/ECP182038,Comunitat Valenciana. Todas las edades. De Centro América y Caribe. Total. Población. Número.,3
2022-07-01,2022T3,ECP182038,28043.0,Número,INE,https://servicios.ine.es/wstempus/js/ES/DATOS_SERIE/ECP182038,Comunitat Valenciana. Todas las edades. De Centro América y Caribe. Total. Población. Número.,3
2022-10-01,2022T4,ECP182038,29275.0,Número,INE,https://servicios.ine.es/wstempus/js/ES/DATOS_SERIE/ECP182038,Comunitat Valenciana. Todas las edades. De Centro América y Caribe. Total. Población. Número.,3
2023-01-01,2023T1,ECP182038,31054.0,Número,INE,https://servicios.ine.es/wstempus/js/ES/DATOS_SERIE/ECP182038,Comunitat Valenciana. Todas las edades. De Centro América y Caribe. Total. Población. Número.,3
2023-04-01,2023T2,ECP182038,32399.0,Número,INE,https://servicios.ine.es/wstempus/js/ES/DATOS_SERIE/ECP182038,Comunitat Valenciana. Todas las edades. De Centro América y Caribe. Total. Población. Número.,3
2023-07-01,2023T3,ECP182038,33283.0,Número,INE,https://servicios.ine.es/wstempus/js/ES/DATOS_SERIE/ECP182038,Comunitat Valenciana. Todas las edades. De Centro América y Caribe. Total. Población. Número.,3
2023-10-01,2023T4,ECP182038,34200.0,Número,INE,https://servicios.ine.es/wstempus/js/ES/DATOS_SERIE/ECP182038,Comunitat Valenciana. Todas las edades. De Centro América y Caribe. Total. Población. Número.,3
2024-01-01,2024T1,ECP182038,35153.0,Número,INE,https://servicios.ine.es/wstempus/js/ES/DATOS_SERIE/ECP182038,Comunitat Valenciana. Todas las edades. De Centro América y Caribe. Total. Población. Número.,3
2024-04-01,2024T2,ECP182038,35649.0,Número,INE,https://servicios.ine.es/wstempus/js/ES/DATOS_SERIE/ECP182038,Comunitat Valenciana. Todas las edades. De Centro América y Caribe. Total. Población. Número.,3
2024-07-01,2024T3,ECP182038,36198.0,Número,INE,https://servicios.ine.es/wstempus/js/ES/DATOS_SERIE/ECP182038,Comunitat Valenciana. Todas las edades. De Centro América y Caribe. Total. Población. Número.,3
2024-10-01,2024T4,ECP182038,36908.0,Número,INE,https://servicios.ine.es/wstempus/js/ES/DATOS_SERIE/ECP182038,Comunitat Valenciana. Todas las edades. De Centro América y Caribe. Total. Población. Número.,3
2025-01-01,2025T1,ECP182038,37831.0,Número,INE,https://servicios.ine.es/wstempus/js/ES/DATOS_SERIE/ECP182038,Comunitat Valenciana. Todas las edades. De Centro América y Caribe. Total. Población. Número.,3
2002-01-01,2002T1,ECP182041,2105.0,Número,INE,https://servicios.ine.es/wstempus/js/ES/DATOS_SERIE/ECP182041,Comunitat Valenciana. Todas las edades. De América del Norte. Total. Población. Número.,3
2002-07-01,2002T3,ECP182041,2291.0,Número,INE,https://servicios.ine.es/wstempus/js/ES/DATOS_SERIE/ECP182041,Comunitat Valenciana. Todas las edades. De América del Norte. Total. Población. Número.,3
2003-01-01,2003T1,ECP182041,2518.0,Número,INE,https://servicios.ine.es/wstempus/js/ES/DATOS_SERIE/ECP182041,Comunitat Valenciana. Todas las edades. De América del Norte. Total. Población. Número.,3
2003-07-01,2003T3,ECP182041,2703.0,Número,INE,https://servicios.ine.es/wstempus/js/ES/DATOS_SERIE/ECP182041,Comunitat Valenciana. Todas las edades. De América del Norte. Total. Población. Número.,3
2004-01-01,2004T1,ECP182041,2826.0,Número,INE,https://servicios.ine.es/wstempus/js/ES/DATOS_SERIE/ECP182041,Comunitat Valenciana. Todas las edades. De América del Norte. Total. Población. Número.,3
2004-07-01,2004T3,ECP182041,2947.0,Número,INE,https://servicios.ine.es/wstempus/js/ES/DATOS_SERIE/ECP182041,Comunitat Valenciana. Todas las edades. De América del Norte. Total. Población. Número.,3
2005-01-01,2005T1,ECP182041,3104.0,Número,INE,https://servicios.ine.es/wstempus/js/ES/DATOS_SERIE/ECP182041,Comunitat Valenciana. Todas las edades. De América del Norte. Total. Población. Número.,3
2005-07-01,2005T3,ECP182041,3282.0,Número,INE,https://servicios.ine.es/wstempus/js/ES/DATOS_SERIE/ECP182041,Comunitat Valenciana. Todas las edades. De América del Norte. Total. Población. Número.,3
2006-01-01,2006T1,ECP182041,3417.0,Número,INE,https://servicios.ine.es/wstempus/js/ES/DATOS_SERIE/ECP182041,Comunitat Valenciana. Todas las edades. De América del Norte. Total. Población. Número.,3
2006-07-01,2006T3,ECP182041,3459.0,Número,INE,https://servicios.ine.es/wstempus/js/ES/DATOS_SERIE/ECP182041,Comunitat Valenciana. Todas las edades. De América del Norte. Total. Población. Número.,3
2007-01-01,2007T1,ECP182041,3658.0,Número,INE,https://servicios.ine.es/wstempus/js/ES/DATOS_SERIE/ECP182041,Comunitat Valenciana. Todas las edades. De América del Norte. Total. Población. Número.,3
2007-07-01,2007T3,ECP182041,3769.0,Número,INE,https://servicios.ine.es/wstempus/js/ES/DATOS_SERIE/ECP182041,Comunitat Valenciana. Todas las edades. De América del Norte. Total. Población. Número.,3
2008-01-01,2008T1,ECP182041,3846.0,Número,INE,https://servicios.ine.es/wstempus/js/ES/DATOS_SERIE/ECP182041,Comunitat Valenciana. Todas las edades. De América del Norte. Total. Población. Número.,3
2008-07-01,2008T3,ECP182041,3814.0,Número,INE,https://servicios.ine.es/wstempus/js/ES/DATOS_SERIE/ECP182041,Comunitat Valenciana. Todas las edades. De América del Norte. Total. Población. Número.,3
2009-01-01,2009T1,ECP182041,3889.0,Número,INE,https://servicios.ine.es/wstempus/js/ES/DATOS_SERIE/ECP182041,Comunitat Valenciana. Todas las edades. De América del Norte. Total. Población. Número.,3
2009-07-01,2009T3,ECP182041,3832.0,Número,INE,https://servicios.ine.es/wstempus/js/ES/DATOS_SERIE/ECP182041,Comunitat Valenciana. Todas las edades. De América del Norte. Total. Población. Número.,3
2010-01-01,2010T1,ECP182041,3859.0,Número,INE,https://servicios.ine.es/wstempus/js/ES/DATOS_SERIE/ECP182041,Comunitat Valenciana. Todas las edades. De América del Norte. Total. Población. Número.,3
2010-07-01,2010T3,ECP182041,3732.0,Número,INE,https://servicios.ine.es/wstempus/js/ES/DATOS_SERIE/ECP182041,Comunitat Valenciana. Todas las edades. De América del Norte. Total. Población. Número.,3
2011-01-01,2011T1,ECP182041,3746.0,Número,INE,https://servicios.ine.es/wstempus/js/ES/DATOS_SERIE/ECP182041,Comunitat Valenciana. Todas las edades. De América del Norte. Total. Población. Número.,3
2011-07-01,2011T3,ECP182041,3697.0,Número,INE,https://servicios.ine.es/wstempus/js/ES/DATOS_SERIE/ECP182041,Comunitat Valenciana. Todas las edades. De América del Norte. Total. Población. Número.,3
2012-01-01,2012T1,ECP182041,3824.0,Número,INE,https://servicios.ine.es/wstempus/js/ES/DATOS_SERIE/ECP182041,Comunitat Valenciana. Todas las edades. De América del Norte. Total. Población. Número.,3
2012-07-01,2012T3,ECP182041,3683.0,Número,INE,https://servicios.ine.es/wstempus/js/ES/DATOS_SERIE/ECP182041,Comunitat Valenciana. Todas las edades. De América del Norte. Total. Población. Número.,3
2013-01-01,2013T1,ECP182041,3730.0,Número,INE,https://servicios.ine.es/wstempus/js/ES/DATOS_SERIE/ECP182041,Comunitat Valenciana. Todas las edades. De América del Norte. Total. Población. Número.,3
2013-07-01,2013T3,ECP182041,3591.0,Número,INE,https://servicios.ine.es/wstempus/js/ES/DATOS_SERIE/ECP182041,Comunitat Valenciana. Todas las edades. De América del Norte. Total. Población. Número.,3
2014-01-01,2014T1,ECP182041,3527.0,Número,INE,https://servicios.ine.es/wstempus/js/ES/DATOS_SERIE/ECP182041,Comunitat Valenciana. Todas las edades. De América del Norte. Total. Población. Número.,3
2014-07-01,2014T3,ECP182041,3431.0,Número,INE,https://servicios.ine.es/wstempus/js/ES/DATOS_SERIE/ECP182041,Comunitat Valenciana. Todas las edades. De América del Norte. Total. Población. Número.,3
2015-01-01,2015T1,ECP182041,3588.0,Número,INE,https://servicios.ine.es/wstempus/js/ES/DATOS_SERIE/ECP182041,Comunitat Valenciana. Todas las edades. De América del Norte. Total. Población. Número.,3
2015-07-01,2015T3,ECP182041,3599.0,Número,INE,https://servicios.ine.es/wstempus/js/ES/DATOS_SERIE/ECP182041,Comunitat Valenciana. Todas las edades. De América del Norte. Total. Población. Número.,3
2016-01-01,2016T1,ECP182041,3816.0,Número,INE,https://servicios.ine.es/wstempus/js/ES/DATOS_SERIE/ECP182041,Comunitat Valenciana. Todas las edades. De América del Norte. Total. Población. Número.,3
2016-07-01,2016T3,ECP182041,3857.0,Número,INE,https://servicios.ine.es/wstempus/js/ES/DATOS_SERIE/ECP182041,Comunitat Valenciana. Todas las edades. De América del Norte. Total. Población. Número.,3
2017-01-01,2017T1,ECP182041,4096.0,Número,INE,https://servicios.ine.es/wstempus/js/ES/DATOS_SERIE/ECP182041,Comunitat Valenciana. Todas las edades. De América del Norte. Total. Población. Número.,3
2017-07-01,2017T3,ECP182041,4193.0,Número,INE,https://servicios.ine.es/wstempus/js/ES/DATOS_SERIE/ECP182041,Comunitat Valenciana. Todas las edades. De América del Norte. Total. Población. Número.,3
2018-01-01,2018T1,ECP182041,4649.0,Número,INE,https://servicios.ine.es/wstempus/js/ES/DATOS_SERIE/ECP182041,Comunitat Valenciana. Todas las edades. De América del Norte. Total. Población. Número.,3
2018-07-01,2018T3,ECP182041,4727.0,Número,INE,https://servicios.ine.es/wstempus/js/ES/DATOS_SERIE/ECP182041,Comunitat Valenciana. Todas las edades. De América del Norte. Total. Población. Número.,3
2019-01-01,2019T1,ECP182041,5169.0,Número,INE,https://servicios.ine.es/wstempus/js/ES/DATOS_SERIE/ECP182041,Comunitat Valenciana. Todas las edades. De América del Norte. Total. Población. Número.,3
2019-07-01,2019T3,ECP182041,5510.0,Número,INE,https://servicios.ine.es/wstempus/js/ES/DATOS_SERIE/ECP182041,Comunitat Valenciana. Todas las edades. De América del Norte. Total. Población. Número.,3
2020-01-01,2020T1,ECP182041,6204.0,Número,INE,https://servicios.ine.es/wstempus/js/ES/DATOS_SERIE/ECP182041,Comunitat Valenciana. Todas las edades. De América del Norte. Total. Población. Número.,3
2020-07-01,2020T3,ECP182041,6152.0,Número,INE,https://servicios.ine.es/wstempus/js/ES/DATOS_SERIE/ECP182041,Comunitat Valenciana. Todas las edades. De América del Norte. Total. Población. Número.,3
2021-01-01,2021T1,ECP182041,6488.0,Número,INE,https://servicios.ine.es/wstempus/js/ES/DATOS_SERIE/ECP182041,Comunitat Valenciana. Todas las edades. De América del Norte. Total. Población. Número.,3
2021-04-01,2021T2,ECP182041,6473.0,Número,INE,https://servicios.ine.es/wstempus/js/ES/DATOS_SERIE/ECP182041,Comunitat Valenciana. Todas las edades. De América del Norte. Total. Población. Número.,3
2021-07-01,2021T3,ECP182041,6586.0,Número,INE,https://servicios.ine.es/wstempus/js/ES/DATOS_SERIE/ECP182041,Comunitat Valenciana. Todas las edades. De América del Norte. Total. Población. Número.,3
2021-10-01,2021T4,ECP182041,7007.0,Número,INE,https://servicios.ine.es/wstempus/js/ES/DATOS_SERIE/ECP182041,Comunitat Valenciana. Todas las edades. De América del Norte. Total. Población. Número.,3
2022-01-01,2022T1,ECP182041,7574.0,Número,INE,https://servicios.ine.es/wstempus/js/ES/DATOS_SERIE/ECP182041,Comunitat Valenciana. Todas las edades. De América del Norte. Total. Población. Número.,3
2022-04-01,2022T2,ECP182041,7688.0,Número,INE,https://servicios.ine.es/wstempus/js/ES/DATOS_SERIE/ECP182041,Comunitat Valenciana. Todas las edades. De América del Norte. Total. Población. Número.,3
2022-07-01,2022T3,ECP182041,7914.0,Número,INE,https://servicios.ine.es/wstempus/js/ES/DATOS_SERIE/ECP182041,Comunitat Valenciana. Todas las edades. De América del Norte. Total. Población. Número.,3
2022-10-01,2022T4,ECP182041,8482.0,Número,INE,https://servicios.ine.es/wstempus/js/ES/DATOS_SERIE/ECP182041,Comunitat Valenciana. Todas las edades. De América del Norte. Total. Población. Número.,3
2023-01-01,2023T1,ECP182041,9252.0,Número,INE,https://servicios.ine.es/wstempus/js/ES/DATOS_SERIE/ECP182041,Comunitat Valenciana. Todas las edades. De América del Norte. Total. Población. Número.,3
2023-04-01,2023T2,ECP182041,9522.0,Número,INE,https://servicios.ine.es/wstempus/js/ES/DATOS_SERIE/ECP182041,Comunitat Valenciana. Todas las edades. De América del Norte. Total. Población. Número.,3
2023-07-01,2023T3,ECP182041,9687.0,Número,INE,https://servicios.ine.es/wstempus/js/ES/DATOS_SERIE/ECP182041,Comunitat Valenciana. Todas las edades. De América del Norte. Total. Población. Número.,3
2023-10-01,2023T4,ECP182041,10458.0,Número,INE,https://servicios.ine.es/wstempus/js/ES/DATOS_SERIE/ECP182041,Comunitat Valenciana. Todas las edades. De América del Norte. Total. Población. Número.,3
2024-01-01,2024T1,ECP182041,11009.0,Número,INE,https://servicios.ine.es/wstempus/js/ES/DATOS_SERIE/ECP182041,Comunitat Valenciana. Todas las edades. De América del Norte. Total. Población. Número.,3
2024-04-01,2024T2,ECP182041,11310.0,Número,INE,https://servicios.ine.es/wstempus/js/ES/DATOS_SERIE/ECP182041,Comunitat Valenciana. Todas las edades. De América del Norte. Total. Población. Número.,3
2024-07-01,2024T3,ECP182041,11609.0,Número,INE,https://servicios.ine.es/wstempus/js/ES/DATOS_SERIE/ECP182041,Comunitat Valenciana. Todas las edades. De América del Norte. Total. Población. Número.,3
2024-10-01,2024T4,ECP182041,12335.0,Número,INE,https://servicios.ine.es/wstempus/js/ES/DATOS_SERIE/ECP182041,Comunitat Valenciana. Todas las edades. De América del Norte. Total. Población. Número.,3
2025-01-01,2025T1,ECP182041,13296.0,Número,INE,https://servicios.ine.es/wstempus/js/ES/DATOS_SERIE/ECP182041,Comunitat Valenciana. Todas las edades. De América del Norte. Total. Población. Número.,3
2002-01-01,2002T1,ECP182045,33348.0,Número,INE,https://servicios.ine.es/wstempus/js/ES/DATOS_SERIE/ECP182045,Comunitat Valenciana. Todas las edades. De Africa. Total. Población. Número.,3
2002-07-01,2002T3,ECP182045,38609.0,Número,INE,https://servicios.ine.es/wstempus/js/ES/DATOS_SERIE/ECP182045,Comunitat Valenciana. Todas las edades. De Africa. Total. Población. Número.,3
2003-01-01,2003T1,ECP182045,43955.0,Número,INE,https://servicios.ine.es/wstempus/js/ES/DATOS_SERIE/ECP182045,Comunitat Valenciana. Todas las edades. De Africa. Total. Población. Número.,3
2003-07-01,2003T3,ECP182045,48701.0,Número,INE,https://servicios.ine.es/wstempus/js/ES/DATOS_SERIE/ECP182045,Comunitat Valenciana. Todas las edades. De Africa. Total. Población. Número.,3
2004-01-01,2004T1,ECP182045,54105.0,Número,INE,https://servicios.ine.es/wstempus/js/ES/DATOS_SERIE/ECP182045,Comunitat Valenciana. Todas las edades. De Africa. Total. Población. Número.,3
2004-07-01,2004T3,ECP182045,58887.0,Número,INE,https://servicios.ine.es/wstempus/js/ES/DATOS_SERIE/ECP182045,Comunitat Valenciana. Todas las edades. De Africa. Total. Población. Número.,3
2005-01-01,2005T1,ECP182045,66169.0,Número,INE,https://servicios.ine.es/wstempus/js/ES/DATOS_SERIE/ECP182045,Comunitat Valenciana. Todas las edades. De Africa. Total. Población. Número.,3
2005-07-01,2005T3,ECP182045,73630.0,Número,INE,https://servicios.ine.es/wstempus/js/ES/DATOS_SERIE/ECP182045,Comunitat Valenciana. Todas las edades. De Africa. Total. Población. Número.,3
2006-01-01,2006T1,ECP182045,78672.0,Número,INE,https://servicios.ine.es/wstempus/js/ES/DATOS_SERIE/ECP182045,Comunitat Valenciana. Todas las edades. De Africa. Total. Población. Número.,3
2006-07-01,2006T3,ECP182045,84229.0,Número,INE,https://servicios.ine.es/wstempus/js/ES/DATOS_SERIE/ECP182045,Comunitat Valenciana. Todas las edades. De Africa. Total. Población. Número.,3
2007-01-01,2007T1,ECP182045,90760.0,Número,INE,https://servicios.ine.es/wstempus/js/ES/DATOS_SERIE/ECP182045,Comunitat Valenciana. Todas las edades. De Africa. Total. Población. Número.,3
2007-07-01,2007T3,ECP182045,97894.0,Número,INE,https://servicios.ine.es/wstempus/js/ES/DATOS_SERIE/ECP182045,Comunitat Valenciana. Todas las edades. De Africa. Total. Población. Número.,3
2008-01-01,2008T1,ECP182045,105005.0,Número,INE,https://servicios.ine.es/wstempus/js/ES/DATOS_SERIE/ECP182045,Comunitat Valenciana. Todas las edades. De Africa. Total. Población. Número.,3
2008-07-01,2008T3,ECP182045,111205.0,Número,INE,https://servicios.ine.es/wstempus/js/ES/DATOS_SERIE/ECP182045,Comunitat Valenciana. Todas las edades. De Africa. Total. Población. Número.,3
2009-01-01,2009T1,ECP182045,115095.0,Número,INE,https://servicios.ine.es/wstempus/js/ES/DATOS_SERIE/ECP182045,Comunitat Valenciana. Todas las edades. De Africa. Total. Población. Número.,3
2009-07-01,2009T3,ECP182045,117347.0,Número,INE,https://servicios.ine.es/wstempus/js/ES/DATOS_SERIE/ECP182045,Comunitat Valenciana. Todas las edades. De Africa. Total. Población. Número.,3
2010-01-01,2010T1,ECP182045,118197.0,Número,INE,https://servicios.ine.es/wstempus/js/ES/DATOS_SERIE/ECP182045,Comunitat Valenciana. Todas las edades. De Africa. Total. Población. Número.,3
2010-07-01,2010T3,ECP182045,118012.0,Número,INE,https://servicios.ine.es/wstempus/js/ES/DATOS_SERIE/ECP182045,Comunitat Valenciana. Todas las edades. De Africa. Total. Población. Número.,3
2011-01-01,2011T1,ECP182045,117715.0,Número,INE,https://servicios.ine.es/wstempus/js/ES/DATOS_SERIE/ECP182045,Comunitat Valenciana. Todas las edades. De Africa. Total. Población. Número.,3
2011-07-01,2011T3,ECP182045,116762.0,Número,INE,https://servicios.ine.es/wstempus/js/ES/DATOS_SERIE/ECP182045,Comunitat Valenciana. Todas las edades. De Africa. Total. Población. Número.,3
2012-01-01,2012T1,ECP182045,116365.0,Número,INE,https://servicios.ine.es/wstempus/js/ES/DATOS_SERIE/ECP182045,Comunitat Valenciana. Todas las edades. De Africa. Total. Población. Número.,3
2012-07-01,2012T3,ECP182045,115769.0,Número,INE,https://servicios.ine.es/wstempus/js/ES/DATOS_SERIE/ECP182045,Comunitat Valenciana. Todas las edades. De Africa. Total. Población. Número.,3
2013-01-01,2013T1,ECP182045,115166.0,Número,INE,https://servicios.ine.es/wstempus/js/ES/DATOS_SERIE/ECP182045,Comunitat Valenciana. Todas las edades. De Africa. Total. Población. Número.,3
2013-07-01,2013T3,ECP182045,113356.0,Número,INE,https://servicios.ine.es/wstempus/js/ES/DATOS_SERIE/ECP182045,Comunitat Valenciana. Todas las edades. De Africa. Total. Población. Número.,3
2014-01-01,2014T1,ECP182045,111472.0,Número,INE,https://servicios.ine.es/wstempus/js/ES/DATOS_SERIE/ECP182045,Comunitat Valenciana. Todas las edades. De Africa. Total. Población. Número.,3
2014-07-01,2014T3,ECP182045,110272.0,Número,INE,https://servicios.ine.es/wstempus/js/ES/DATOS_SERIE/ECP182045,Comunitat Valenciana. Todas las edades. De Africa. Total. Población. Número.,3
2015-01-01,2015T1,ECP182045,109720.0,Número,INE,https://servicios.ine.es/wstempus/js/ES/DATOS_SERIE/ECP182045,Comunitat Valenciana. Todas las edades. De Africa. Total. Población. Número.,3
2015-07-01,2015T3,ECP182045,109667.0,Número,INE,https://servicios.ine.es/wstempus/js/ES/DATOS_SERIE/ECP182045,Comunitat Valenciana. Todas las edades. De Africa. Total. Población. Número.,3
2016-01-01,2016T1,ECP182045,110399.0,Número,INE,https://servicios.ine.es/wstempus/js/ES/DATOS_SERIE/ECP182045,Comunitat Valenciana. Todas las edades. De Africa. Total. Población. Número.,3
2016-07-01,2016T3,ECP182045,109110.0,Número,INE,https://servicios.ine.es/wstempus/js/ES/DATOS_SERIE/ECP182045,Comunitat Valenciana. Todas las edades. De Africa. Total. Población. Número.,3
2017-01-01,2017T1,ECP182045,109741.0,Número,INE,https://servicios.ine.es/wstempus/js/ES/DATOS_SERIE/ECP182045,Comunitat Valenciana. Todas las edades. De Africa. Total. Población. Número.,3
2017-07-01,2017T3,ECP182045,110703.0,Número,INE,https://servicios.ine.es/wstempus/js/ES/DATOS_SERIE/ECP182045,Comunitat Valenciana. Todas las edades. De Africa. Total. Población. Número.,3
2018-01-01,2018T1,ECP182045,113794.0,Número,INE,https://servicios.ine.es/wstempus/js/ES/DATOS_SERIE/ECP182045,Comunitat Valenciana. Todas las edades. De Africa. Total. Población. Número.,3
2018-07-01,2018T3,ECP182045,115616.0,Número,INE,https://servicios.ine.es/wstempus/js/ES/DATOS_SERIE/ECP182045,Comunitat Valenciana. Todas las edades. De Africa. Total. Población. Número.,3
2019-01-01,2019T1,ECP182045,119592.0,Número,INE,https://servicios.ine.es/wstempus/js/ES/DATOS_SERIE/ECP182045,Comunitat Valenciana. Todas las edades. De Africa. Total. Población. Número.,3
2019-07-01,2019T3,ECP182045,124116.0,Número,INE,https://servicios.ine.es/wstempus/js/ES/DATOS_SERIE/ECP182045,Comunitat Valenciana. Todas las edades. De Africa. Total. Población. Número.,3
2020-01-01,2020T1,ECP182045,129290.0,Número,INE,https://servicios.ine.es/wstempus/js/ES/DATOS_SERIE/ECP182045,Comunitat Valenciana. Todas las edades. De Africa. Total. Población. Número.,3
2020-07-01,2020T3,ECP182045,131595.0,Número,INE,https://servicios.ine.es/wstempus/js/ES/DATOS_SERIE/ECP182045,Comunitat Valenciana. Todas las edades. De Africa. Total. Población. Número.,3
2021-01-01,2021T1,ECP182045,131921.0,Número,INE,https://servicios.ine.es/wstempus/js/ES/DATOS_SERIE/ECP182045,Comunitat Valenciana. Todas las edades. De Africa. Total. Población. Número.,3
2021-04-01,2021T2,ECP182045,131512.0,Número,INE,https://servicios.ine.es/wstempus/js/ES/DATOS_SERIE/ECP182045,Comunitat Valenciana. Todas las edades. De Africa. Total. Población. Número.,3
2021-07-01,2021T3,ECP182045,131369.0,Número,INE,https://servicios.ine.es/wstempus/js/ES/DATOS_SERIE/ECP182045,Comunitat Valenciana. Todas las edades. De Africa. Total. Población. Número.,3
2021-10-01,2021T4,ECP182045,133205.0,Número,INE,https://servicios.ine.es/wstempus/js/ES/DATOS_SERIE/ECP182045,Comunitat Valenciana. Todas las edades. De Africa. Total. Población. Número.,3
2022-01-01,2022T1,ECP182045,134695.0,Número,INE,https://servicios.ine.es/wstempus/js/ES/DATOS_SERIE/ECP182045,Comunitat Valenciana. Todas las edades. De Africa. Total. Población. Número.,3
2022-04-01,2022T2,ECP182045,135928.0,Número,INE,https://servicios.ine.es/wstempus/js/ES/DATOS_SERIE/ECP182045,Comunitat Valenciana. Todas las edades. De Africa. Total. Población. Número.,3
2022-07-01,2022T3,ECP182045,136968.0,Número,INE,https://servicios.ine.es/wstempus/js/ES/DATOS_SERIE/ECP182045,Comunitat Valenciana. Todas las edades. De Africa. Total. Población. Número.,3
2022-10-01,2022T4,ECP182045,140132.0,Número,INE,https://servicios.ine.es/wstempus/js/ES/DATOS_SERIE/ECP182045,Comunitat Valenciana. Todas las edades. De Africa. Total. Población. Número.,3
2023-01-01,2023T1,ECP182045,141530.0,Número,INE,https://servicios.ine.es/wstempus/js/ES/DATOS_SERIE/ECP182045,Comunitat Valenciana. Todas las edades. De Africa. Total. Población. Número.,3
2023-04-01,2023T2,ECP182045,142082.0,Número,INE,https://servicios.ine.es/wstempus/js/ES/DATOS_SERIE/ECP182045,Comunitat Valenciana. Todas las edades. De Africa. Total. Población. Número.,3
2023-07-01,2023T3,ECP182045,142848.0,Número,INE,https://servicios.ine.es/wstempus/js/ES/DATOS_SERIE/ECP182045,Comunitat Valenciana. Todas las edades. De Africa. Total. Población. Número.,3
2023-10-01,2023T4,ECP182045,146220.0,Número,INE,https://servicios.ine.es/wstempus/js/ES/DATOS_SERIE/ECP182045,Comunitat Valenciana. Todas las edades. De Africa. Total. Población. Número.,3
2024-01-01,2024T1,ECP182045,149323.0,Número,INE,https://servicios.ine.es/wstempus/js/ES/DATOS_SERIE/ECP182045,Comunitat Valenciana. Todas las edades. De Africa. Total. Población. Número.,3
2024-04-01,2024T2,ECP182045,152045.0,Número,INE,https://servicios.ine.es/wstempus/js/ES/DATOS_SERIE/ECP182045,Comunitat Valenciana. Todas las edades. De Africa. Total. Población. Número.,3
2024-07-01,2024T3,ECP182045,154554.0,Número,INE,https://servicios.ine.es/wstempus/js/ES/DATOS_SERIE/ECP182045,Comunitat Valenciana. Todas las edades. De Africa. Total. Población. Número.,3
2024-10-01,2024T4,ECP182045,159306.0,Número,INE,https://servicios.ine.es/wstempus/js/ES/DATOS_SERIE/ECP182045,Comunitat Valenciana. Todas las edades. De Africa. Total. Población. Número.,3
2025-01-01,2025T1,ECP182045,163816.0,Número,INE,https://servicios.ine.es/wstempus/js/ES/DATOS_SERIE/ECP182045,Comunitat Valenciana. Todas las edades. De Africa. Total. Población. Número.,3
2002-01-01,2002T1,ECP182049,19623.0,Número,INE,https://servicios.ine.es/wstempus/js/ES/DATOS_SERIE/ECP182049,Comunitat Valenciana. Todas las edades. País de Europa menos UE28. Total. Población. Número.,3
2002-07-01,2002T3,ECP182049,22909.0,Número,INE,https://servicios.ine.es/wstempus/js/ES/DATOS_SERIE/ECP182049,Comunitat Valenciana. Todas las edades. País de Europa menos UE28. Total. Población. Número.,3
2003-01-01,2003T1,ECP182049,26523.0,Número,INE,https://servicios.ine.es/wstempus/js/ES/DATOS_SERIE/ECP182049,Comunitat Valenciana. Todas las edades. País de Europa menos UE28. Total. Población. Número.,3
2003-07-01,2003T3,ECP182049,29325.0,Número,INE,https://servicios.ine.es/wstempus/js/ES/DATOS_SERIE/ECP182049,Comunitat Valenciana. Todas las edades. País de Europa menos UE28. Total. Población. Número.,3
2004-01-01,2004T1,ECP182049,32293.0,Número,INE,https://servicios.ine.es/wstempus/js/ES/DATOS_SERIE/ECP182049,Comunitat Valenciana. Todas las edades. País de Europa menos UE28. Total. Población. Número.,3
2004-07-01,2004T3,ECP182049,34174.0,Número,INE,https://servicios.ine.es/wstempus/js/ES/DATOS_SERIE/ECP182049,Comunitat Valenciana. Todas las edades. País de Europa menos UE28. Total. Población. Número.,3
2005-01-01,2005T1,ECP182049,36977.0,Número,INE,https://servicios.ine.es/wstempus/js/ES/DATOS_SERIE/ECP182049,Comunitat Valenciana. Todas las edades. País de Europa menos UE28. Total. Población. Número.,3
2005-07-01,2005T3,ECP182049,38971.0,Número,INE,https://servicios.ine.es/wstempus/js/ES/DATOS_SERIE/ECP182049,Comunitat Valenciana. Todas las edades. País de Europa menos UE28. Total. Población. Número.,3
2006-01-01,2006T1,ECP182049,41001.0,Número,INE,https://servicios.ine.es/wstempus/js/ES/DATOS_SERIE/ECP182049,Comunitat Valenciana. Todas las edades. País de Europa menos UE28. Total. Población. Número.,3
2006-07-01,2006T3,ECP182049,42644.0,Número,INE,https://servicios.ine.es/wstempus/js/ES/DATOS_SERIE/ECP182049,Comunitat Valenciana. Todas las edades. País de Europa menos UE28. Total. Población. Número.,3
2007-01-01,2007T1,ECP182049,44922.0,Número,INE,https://servicios.ine.es/wstempus/js/ES/DATOS_SERIE/ECP182049,Comunitat Valenciana. Todas las edades. País de Europa menos UE28. Total. Población. Número.,3
2007-07-01,2007T3,ECP182049,46632.0,Número,INE,https://servicios.ine.es/wstempus/js/ES/DATOS_SERIE/ECP182049,Comunitat Valenciana. Todas las edades. País de Europa menos UE28. Total. Población. Número.,3
2008-01-01,2008T1,ECP182049,48421.0,Número,INE,https://servicios.ine.es/wstempus/js/ES/DATOS_SERIE/ECP182049,Comunitat Valenciana. Todas las edades. País de Europa menos UE28. Total. Población. Número.,3
2008-07-01,2008T3,ECP182049,49080.0,Número,INE,https://servicios.ine.es/wstempus/js/ES/DATOS_SERIE/ECP182049,Comunitat Valenciana. Todas las edades. País de Europa menos UE28. Total. Población. Número.,3
2009-01-01,2009T1,ECP182049,49439.0,Número,INE,https://servicios.ine.es/wstempus/js/ES/DATOS_SERIE/ECP182049,Comunitat Valenciana. Todas las edades. País de Europa menos UE28. Total. Población. Número.,3
2009-07-01,2009T3,ECP182049,49292.0,Número,INE,https://servicios.ine.es/wstempus/js/ES/DATOS_SERIE/ECP182049,Comunitat Valenciana. Todas las edades. País de Europa menos UE28. Total. Población. Número.,3
2010-01-01,2010T1,ECP182049,49259.0,Número,INE,https://servicios.ine.es/wstempus/js/ES/DATOS_SERIE/ECP182049,Comunitat Valenciana. Todas las edades. País de Europa menos UE28. Total. Población. Número.,3
2010-07-01,2010T3,ECP182049,49097.0,Número,INE,https://servicios.ine.es/wstempus/js/ES/DATOS_SERIE/ECP182049,Comunitat Valenciana. Todas las edades. País de Europa menos UE28. Total. Población. Número.,3
2011-01-01,2011T1,ECP182049,49623.0,Número,INE,https://servicios.ine.es/wstempus/js/ES/DATOS_SERIE/ECP182049,Comunitat Valenciana. Todas las edades. País de Europa menos UE28. Total. Población. Número.,3
2011-07-01,2011T3,ECP182049,50129.0,Número,INE,https://servicios.ine.es/wstempus/js/ES/DATOS_SERIE/ECP182049,Comunitat Valenciana. Todas las edades. País de Europa menos UE28. Total. Población. Número.,3
2012-01-01,2012T1,ECP182049,51356.0,Número,INE,https://servicios.ine.es/wstempus/js/ES/DATOS_SERIE/ECP182049,Comunitat Valenciana. Todas las edades. País de Europa menos UE28. Total. Población. Número.,3
2012-07-01,2012T3,ECP182049,51651.0,Número,INE,https://servicios.ine.es/wstempus/js/ES/DATOS_SERIE/ECP182049,Comunitat Valenciana. Todas las edades. País de Europa menos UE28. Total. Población. Número.,3
2013-01-01,2013T1,ECP182049,52553.0,Número,INE,https://servicios.ine.es/wstempus/js/ES/DATOS_SERIE/ECP182049,Comunitat Valenciana. Todas las edades. País de Europa menos UE28. Total. Población. Número.,3
2013-07-01,2013T3,ECP182049,52358.0,Número,INE,https://servicios.ine.es/wstempus/js/ES/DATOS_SERIE/ECP182049,Comunitat Valenciana. Todas las edades. País de Europa menos UE28. Total. Población. Número.,3
2014-01-01,2014T1,ECP182049,52841.0,Número,INE,https://servicios.ine.es/wstempus/js/ES/DATOS_SERIE/ECP182049,Comunitat Valenciana. Todas las edades. País de Europa menos UE28. Total. Población. Número.,3
2014-07-01,2014T3,ECP182049,53179.0,Número,INE,https://servicios.ine.es/wstempus/js/ES/DATOS_SERIE/ECP182049,Comunitat Valenciana. Todas las edades. País de Europa menos UE28. Total. Población. Número.,3
2015-01-01,2015T1,ECP182049,54510.0,Número,INE,https://servicios.ine.es/wstempus/js/ES/DATOS_SERIE/ECP182049,Comunitat Valenciana. Todas las edades. País de Europa menos UE28. Total. Población. Número.,3
2015-07-01,2015T3,ECP182049,55399.0,Número,INE,https://servicios.ine.es/wstempus/js/ES/DATOS_SERIE/ECP182049,Comunitat Valenciana. Todas las edades. País de Europa menos UE28. Total. Población. Número.,3
2016-01-01,2016T1,ECP182049,56807.0,Número,INE,https://servicios.ine.es/wstempus/js/ES/DATOS_SERIE/ECP182049,Comunitat Valenciana. Todas las edades. País de Europa menos UE28. Total. Población. Número.,3
2016-07-01,2016T3,ECP182049,56626.0,Número,INE,https://servicios.ine.es/wstempus/js/ES/DATOS_SERIE/ECP182049,Comunitat Valenciana. Todas las edades. País de Europa menos UE28. Total. Población. Número.,3
2017-01-01,2017T1,ECP182049,57299.0,Número,INE,https://servicios.ine.es/wstempus/js/ES/DATOS_SERIE/ECP182049,Comunitat Valenciana. Todas las edades. País de Europa menos UE28. Total. Población. Número.,3
2017-07-01,2017T3,ECP182049,56876.0,Número,INE,https://servicios.ine.es/wstempus/js/ES/DATOS_SERIE/ECP182049,Comunitat Valenciana. Todas las edades. País de Europa menos UE28. Total. Población. Número.,3
2018-01-01,2018T1,ECP182049,58146.0,Número,INE,https://servicios.ine.es/wstempus/js/ES/DATOS_SERIE/ECP182049,Comunitat Valenciana. Todas las edades. País de Europa menos UE28. Total. Población. Número.,3
2018-07-01,2018T3,ECP182049,58701.0,Número,INE,https://servicios.ine.es/wstempus/js/ES/DATOS_SERIE/ECP182049,Comunitat Valenciana. Todas las edades. País de Europa menos UE28. Total. Población. Número.,3
2019-01-01,2019T1,ECP182049,60617.0,Número,INE,https://servicios.ine.es/wstempus/js/ES/DATOS_SERIE/ECP182049,Comunitat Valenciana. Todas las edades. País de Europa menos UE28. Total. Población. Número.,3
2019-07-01,2019T3,ECP182049,62103.0,Número,INE,https://servicios.ine.es/wstempus/js/ES/DATOS_SERIE/ECP182049,Comunitat Valenciana. Todas las edades. País de Europa menos UE28. Total. Población. Número.,3
2020-01-01,2020T1,ECP182049,64329.0,Número,INE,https://servicios.ine.es/wstempus/js/ES/DATOS_SERIE/ECP182049,Comunitat Valenciana. Todas las edades. País de Europa menos UE28. Total. Población. Número.,3
2012-07-01,2012T3,ECP182053,,Número,INE,https://servicios.ine.es/wstempus/js/ES/DATOS_SERIE/ECP182053,Comunitat Valenciana. Todas las edades. País de Europa menos UE27_2020. Total. Población. Número.,3
2013-01-01,2013T1,ECP182053,,Número,INE,https://servicios.ine.es/wstempus/js/ES/DATOS_SERIE/ECP182053,Comunitat Valenciana. Todas las edades. País de Europa menos UE27_2020. Total. Población. Número.,3
2013-07-01,2013T3,ECP182053,,Número,INE,https://servicios.ine.es/wstempus/js/ES/DATOS_SERIE/ECP182053,Comunitat Valenciana. Todas las edades. País de Europa menos UE27_2020. Total. Población. Número.,3
2014-01-01,2014T1,ECP182053,,Número,INE,https://servicios.ine.es/wstempus/js/ES/DATOS_SERIE/ECP182053,Comunitat Valenciana. Todas las edades. País de Europa menos UE27_2020. Total. Población. Número.,3
2014-07-01,2014T3,ECP182053,,Número,INE,https://servicios.ine.es/wstempus/js/ES/DATOS_SERIE/ECP182053,Comunitat Valenciana. Todas las edades. País de Europa menos UE27_2020. Total. Población. Número.,3
2015-01-01,2015T1,ECP182053,,Número,INE,https://servicios.ine.es/wstempus/js/ES/DATOS_SERIE/ECP182053,Comunitat Valenciana. Todas las edades. País de Europa menos UE27_2020. Total. Población. Número.,3
2015-07-01,2015T3,ECP182053,,Número,INE,https://servicios.ine.es/wstempus/js/ES/DATOS_SERIE/ECP182053,Comunitat Valenciana. Todas las edades. País de Europa menos UE27_2020. Total. Población. Número.,3
2016-01-01,2016T1,ECP182053,,Número,INE,https://servicios.ine.es/wstempus/js/ES/DATOS_SERIE/ECP182053,Comunitat Valenciana. Todas las edades. País de Europa menos UE27_2020. Total. Población. Número.,3
2016-07-01,2016T3,ECP182053,,Número,INE,https://servicios.ine.es/wstempus/js/ES/DATOS_SERIE/ECP182053,Comunitat Valenciana. Todas las edades. País de Europa menos UE27_2020. Total. Población. Número.,3
2017-01-01,2017T1,ECP182053,,Número,INE,https://servicios.ine.es/wstempus/js/ES/DATOS_SERIE/ECP182053,Comunitat Valenciana. Todas las edades. País de Europa menos UE27_2020. Total. Población. Número.,3
2017-07-01,2017T3,ECP182053,,Número,INE,https://servicios.ine.es/wstempus/js/ES/DATOS_SERIE/ECP182053,Comunitat Valenciana. Todas las edades. País de Europa menos UE27_2020. Total. Población. Número.,3
2018-01-01,2018T1,ECP182053,,Número,INE,https://servicios.ine.es/wstempus/js/ES/DATOS_SERIE/ECP182053,Comunitat Valenciana. Todas las edades. País de Europa menos UE27_2020. Total. Población. Número.,3
2018-07-01,2018T3,ECP182053,,Número,INE,https://servicios.ine.es/wstempus/js/ES/DATOS_SERIE/ECP182053,Comunitat Valenciana. Todas las edades. País de Europa menos UE27_2020. Total. Población. Número.,3
2019-01-01,2019T1,ECP182053,,Número,INE,https://servicios.ine.es/wstempus/js/ES/DATOS_SERIE/ECP182053,Comunitat Valenciana. Todas las edades. País de Europa menos UE27_2020. Total. Población. Número.,3
2019-07-01,2019T3,ECP182053,,Número,INE,https://servicios.ine.es/wstempus/js/ES/DATOS_SERIE/ECP182053,Comunitat Valenciana. Todas las edades. País de Europa menos UE27_2020. Total. Población. Número.,3
2020-01-01,2020T1,ECP182053,,Número,INE,https://servicios.ine.es/wstempus/js/ES/DATOS_SERIE/ECP182053,Comunitat Valenciana. Todas las edades. País de Europa menos UE27_2020. Total. Población. Número.,3
2020-07-01,2020T3,ECP182053,148401.0,Número,INE,https://servicios.ine.es/wstempus/js/ES/DATOS_SERIE/ECP182053,Comunitat Valenciana. Todas las edades. País de Europa menos UE27_2020. Total. Población. Número.,3
2021-01-01,2021T1,ECP182053,151484.0,Número,INE,https://servicios.ine.es/wstempus/js/ES/DATOS_SERIE/ECP182053,Comunitat Valenciana. Todas las edades. País de Europa menos UE27_2020. Total. Población. Número.,3
2021-04-01,2021T2,ECP182053,152432.0,Número,INE,https://servicios.ine.es/wstempus/js/ES/DATOS_SERIE/ECP182053,Comunitat Valenciana. Todas las edades. País de Europa menos UE27_2020. Total. Población. Número.,3
2021-07-01,2021T3,ECP182053,153052.0,Número,INE,https://servicios.ine.es/wstempus/js/ES/DATOS_SERIE/ECP182053,Comunitat Valenciana. Todas las edades. País de Europa menos UE27_2020. Total. Población. Número.,3
2021-10-01,2021T4,ECP182053,155422.0,Número,INE,https://servicios.ine.es/wstempus/js/ES/DATOS_SERIE/ECP182053,Comunitat Valenciana. Todas las edades. País de Europa menos UE27_2020. Total. Población. Número.,3
2022-01-01,2022T1,ECP182053,156239.0,Número,INE,https://servicios.ine.es/wstempus/js/ES/DATOS_SERIE/ECP182053,Comunitat Valenciana. Todas las edades. País de Europa menos UE27_2020. Total. Población. Número.,3
2022-04-01,2022T2,ECP182053,161719.0,Número,INE,https://servicios.ine.es/wstempus/js/ES/DATOS_SERIE/ECP182053,Comunitat Valenciana. Todas las edades. País de Europa menos UE27_2020. Total. Población. Número.,3
2022-07-01,2022T3,ECP182053,171150.0,Número,INE,https://servicios.ine.es/wstempus/js/ES/DATOS_SERIE/ECP182053,Comunitat Valenciana. Todas las edades. País de Europa menos UE27_2020. Total. Población. Número.,3
2022-10-01,2022T4,ECP182053,177468.0,Número,INE,https://servicios.ine.es/wstempus/js/ES/DATOS_SERIE/ECP182053,Comunitat Valenciana. Todas las edades. País de Europa menos UE27_2020. Total. Población. Número.,3
2023-01-01,2023T1,ECP182053,183956.0,Número,INE,https://servicios.ine.es/wstempus/js/ES/DATOS_SERIE/ECP182053,Comunitat Valenciana. Todas las edades. País de Europa menos UE27_2020. Total. Población. Número.,3
2023-04-01,2023T2,ECP182053,188568.0,Número,INE,https://servicios.ine.es/wstempus/js/ES/DATOS_SERIE/ECP182053,Comunitat Valenciana. Todas las edades. País de Europa menos UE27_2020. Total. Población. Número.,3
2023-07-01,2023T3,ECP182053,190351.0,Número,INE,https://servicios.ine.es/wstempus/js/ES/DATOS_SERIE/ECP182053,Comunitat Valenciana. Todas las edades. País de Europa menos UE27_2020. Total. Población. Número.,3
2023-10-01,2023T4,ECP182053,193916.0,Número,INE,https://servicios.ine.es/wstempus/js/ES/DATOS_SERIE/ECP182053,Comunitat Valenciana. Todas las edades. País de Europa menos UE27_2020. Total. Población. Número.,3
2024-01-01,2024T1,ECP182053,195839.0,Número,INE,https://servicios.ine.es/wstempus/js/ES/DATOS_SERIE/ECP182053,Comunitat Valenciana. Todas las edades. País de Europa menos UE27_2020. Total. Población. Número.,3
2024-04-01,2024T2,ECP182053,197530.0,Número,INE,https://servicios.ine.es/wstempus/js/ES/DATOS_SERIE/ECP182053,Comunitat Valenciana. Todas las edades. País de Europa menos UE27_2020. Total. Población. Número.,3
2024-07-01,2024T3,ECP182053,199001.0,Número,INE,https://servicios.ine.es/wstempus/js/ES/DATOS_SERIE/ECP182053,Comunitat Valenciana. Todas las edades. País de Europa menos UE27_2020. Total. Población. Número.,3
2024-10-01,2024T4,ECP182053,201846.0,Número,INE,https://servicios.ine.es/wstempus/js/ES/DATOS_SERIE/ECP182053,Comunitat Valenciana. Todas las edades. País de Europa menos UE27_2020. Total. Población. Número.,3
2025-01-01,2025T1,ECP182053,203125.0,Número,INE,https://servicios.ine.es/wstempus/js/ES/DATOS_SERIE/ECP182053,Comunitat Valenciana. Todas las edades. País de Europa menos UE27_2020. Total. Población. Número.,3
2002-01-01,2002T1,ECP182057,110541.0,Número,INE,https://servicios.ine.es/wstempus/js/ES/DATOS_SERIE/ECP182057,Comunitat Valenciana. Todas las edades. País de la UE28 sin España. Total. Población. Número.,3
2002-07-01,2002T3,ECP182057,130525.0,Número,INE,https://servicios.ine.es/wstempus/js/ES/DATOS_SERIE/ECP182057,Comunitat Valenciana. Todas las edades. País de la UE28 sin España. Total. Población. Número.,3
2003-01-01,2003T1,ECP182057,154963.0,Número,INE,https://servicios.ine.es/wstempus/js/ES/DATOS_SERIE/ECP182057,Comunitat Valenciana. Todas las edades. País de la UE28 sin España. Total. Población. Número.,3
2003-07-01,2003T3,ECP182057,176409.0,Número,INE,https://servicios.ine.es/wstempus/js/ES/DATOS_SERIE/ECP182057,Comunitat Valenciana. Todas las edades. País de la UE28 sin España. Total. Población. Número.,3
2004-01-01,2004T1,ECP182057,200385.0,Número,INE,https://servicios.ine.es/wstempus/js/ES/DATOS_SERIE/ECP182057,Comunitat Valenciana. Todas las edades. País de la UE28 sin España. Total. Población. Número.,3
2004-07-01,2004T3,ECP182057,222682.0,Número,INE,https://servicios.ine.es/wstempus/js/ES/DATOS_SERIE/ECP182057,Comunitat Valenciana. Todas las edades. País de la UE28 sin España. Total. Población. Número.,3
2005-01-01,2005T1,ECP182057,253033.0,Número,INE,https://servicios.ine.es/wstempus/js/ES/DATOS_SERIE/ECP182057,Comunitat Valenciana. Todas las edades. País de la UE28 sin España. Total. Población. Número.,3
2005-07-01,2005T3,ECP182057,277625.0,Número,INE,https://servicios.ine.es/wstempus/js/ES/DATOS_SERIE/ECP182057,Comunitat Valenciana. Todas las edades. País de la UE28 sin España. Total. Población. Número.,3
2006-01-01,2006T1,ECP182057,300309.0,Número,INE,https://servicios.ine.es/wstempus/js/ES/DATOS_SERIE/ECP182057,Comunitat Valenciana. Todas las edades. País de la UE28 sin España. Total. Población. Número.,3
2006-07-01,2006T3,ECP182057,323136.0,Número,INE,https://servicios.ine.es/wstempus/js/ES/DATOS_SERIE/ECP182057,Comunitat Valenciana. Todas las edades. País de la UE28 sin España. Total. Población. Número.,3
2007-01-01,2007T1,ECP182057,350333.0,Número,INE,https://servicios.ine.es/wstempus/js/ES/DATOS_SERIE/ECP182057,Comunitat Valenciana. Todas las edades. País de la UE28 sin España. Total. Población. Número.,3
2007-07-01,2007T3,ECP182057,379416.0,Número,INE,https://servicios.ine.es/wstempus/js/ES/DATOS_SERIE/ECP182057,Comunitat Valenciana. Todas las edades. País de la UE28 sin España. Total. Población. Número.,3
2008-01-01,2008T1,ECP182057,404481.0,Número,INE,https://servicios.ine.es/wstempus/js/ES/DATOS_SERIE/ECP182057,Comunitat Valenciana. Todas las edades. País de la UE28 sin España. Total. Población. Número.,3
2008-07-01,2008T3,ECP182057,410955.0,Número,INE,https://servicios.ine.es/wstempus/js/ES/DATOS_SERIE/ECP182057,Comunitat Valenciana. Todas las edades. País de la UE28 sin España. Total. Población. Número.,3
2009-01-01,2009T1,ECP182057,413904.0,Número,INE,https://servicios.ine.es/wstempus/js/ES/DATOS_SERIE/ECP182057,Comunitat Valenciana. Todas las edades. País de la UE28 sin España. Total. Población. Número.,3
2009-07-01,2009T3,ECP182057,410252.0,Número,INE,https://servicios.ine.es/wstempus/js/ES/DATOS_SERIE/ECP182057,Comunitat Valenciana. Todas las edades. País de la UE28 sin España. Total. Población. Número.,3
2010-01-01,2010T1,ECP182057,407142.0,Número,INE,https://servicios.ine.es/wstempus/js/ES/DATOS_SERIE/ECP182057,Comunitat Valenciana. Todas las edades. País de la UE28 sin España. Total. Población. Número.,3
2010-07-01,2010T3,ECP182057,401859.0,Número,INE,https://servicios.ine.es/wstempus/js/ES/DATOS_SERIE/ECP182057,Comunitat Valenciana. Todas las edades. País de la UE28 sin España. Total. Población. Número.,3
2011-01-01,2011T1,ECP182057,401281.0,Número,INE,https://servicios.ine.es/wstempus/js/ES/DATOS_SERIE/ECP182057,Comunitat Valenciana. Todas las edades. País de la UE28 sin España. Total. Población. Número.,3
2011-07-01,2011T3,ECP182057,398877.0,Número,INE,https://servicios.ine.es/wstempus/js/ES/DATOS_SERIE/ECP182057,Comunitat Valenciana. Todas las edades. País de la UE28 sin España. Total. Población. Número.,3
2012-01-01,2012T1,ECP182057,399218.0,Número,INE,https://servicios.ine.es/wstempus/js/ES/DATOS_SERIE/ECP182057,Comunitat Valenciana. Todas las edades. País de la UE28 sin España. Total. Población. Número.,3
2012-07-01,2012T3,ECP182057,392207.0,Número,INE,https://servicios.ine.es/wstempus/js/ES/DATOS_SERIE/ECP182057,Comunitat Valenciana. Todas las edades. País de la UE28 sin España. Total. Población. Número.,3
2013-01-01,2013T1,ECP182057,384488.0,Número,INE,https://servicios.ine.es/wstempus/js/ES/DATOS_SERIE/ECP182057,Comunitat Valenciana. Todas las edades. País de la UE28 sin España. Total. Población. Número.,3
2013-07-01,2013T3,ECP182057,374339.0,Número,INE,https://servicios.ine.es/wstempus/js/ES/DATOS_SERIE/ECP182057,Comunitat Valenciana. Todas las edades. País de la UE28 sin España. Total. Población. Número.,3
2014-01-01,2014T1,ECP182057,367087.0,Número,INE,https://servicios.ine.es/wstempus/js/ES/DATOS_SERIE/ECP182057,Comunitat Valenciana. Todas las edades. País de la UE28 sin España. Total. Población. Número.,3
2014-07-01,2014T3,ECP182057,359708.0,Número,INE,https://servicios.ine.es/wstempus/js/ES/DATOS_SERIE/ECP182057,Comunitat Valenciana. Todas las edades. País de la UE28 sin España. Total. Población. Número.,3
2015-01-01,2015T1,ECP182057,349828.0,Número,INE,https://servicios.ine.es/wstempus/js/ES/DATOS_SERIE/ECP182057,Comunitat Valenciana. Todas las edades. País de la UE28 sin España. Total. Población. Número.,3
2015-07-01,2015T3,ECP182057,343483.0,Número,INE,https://servicios.ine.es/wstempus/js/ES/DATOS_SERIE/ECP182057,Comunitat Valenciana. Todas las edades. País de la UE28 sin España. Total. Población. Número.,3
2016-01-01,2016T1,ECP182057,341019.0,Número,INE,https://servicios.ine.es/wstempus/js/ES/DATOS_SERIE/ECP182057,Comunitat Valenciana. Todas las edades. País de la UE28 sin España. Total. Población. Número.,3
2016-07-01,2016T3,ECP182057,335464.0,Número,INE,https://servicios.ine.es/wstempus/js/ES/DATOS_SERIE/ECP182057,Comunitat Valenciana. Todas las edades. País de la UE28 sin España. Total. Población. Número.,3
2017-01-01,2017T1,ECP182057,333655.0,Número,INE,https://servicios.ine.es/wstempus/js/ES/DATOS_SERIE/ECP182057,Comunitat Valenciana. Todas las edades. País de la UE28 sin España. Total. Población. Número.,3
2017-07-01,2017T3,ECP182057,326858.0,Número,INE,https://servicios.ine.es/wstempus/js/ES/DATOS_SERIE/ECP182057,Comunitat Valenciana. Todas las edades. País de la UE28 sin España. Total. Población. Número.,3
2018-01-01,2018T1,ECP182057,329995.0,Número,INE,https://servicios.ine.es/wstempus/js/ES/DATOS_SERIE/ECP182057,Comunitat Valenciana. Todas las edades. País de la UE28 sin España. Total. Población. Número.,3
2018-07-01,2018T3,ECP182057,324906.0,Número,INE,https://servicios.ine.es/wstempus/js/ES/DATOS_SERIE/ECP182057,Comunitat Valenciana. Todas las edades. País de la UE28 sin España. Total. Población. Número.,3
2019-01-01,2019T1,ECP182057,331035.0,Número,INE,https://servicios.ine.es/wstempus/js/ES/DATOS_SERIE/ECP182057,Comunitat Valenciana. Todas las edades. País de la UE28 sin España. Total. Población. Número.,3
2019-07-01,2019T3,ECP182057,336157.0,Número,INE,https://servicios.ine.es/wstempus/js/ES/DATOS_SERIE/ECP182057,Comunitat Valenciana. Todas las edades. País de la UE28 sin España. Total. Población. Número.,3
2020-01-01,2020T1,ECP182057,340180.0,Número,INE,https://servicios.ine.es/wstempus/js/ES/DATOS_SERIE/ECP182057,Comunitat Valenciana. Todas las edades. País de la UE28 sin España. Total. Población. Número.,3
2012-07-01,2012T3,ECP182062,,Número,INE,https://servicios.ine.es/wstempus/js/ES/DATOS_SERIE/ECP182062,Comunitat Valenciana. Todas las edades. País de la UE27_2020 sin España. Total. Población. Número.,3
2013-01-01,2013T1,ECP182062,,Número,INE,https://servicios.ine.es/wstempus/js/ES/DATOS_SERIE/ECP182062,Comunitat Valenciana. Todas las edades. País de la UE27_2020 sin España. Total. Población. Número.,3
2013-07-01,2013T3,ECP182062,,Número,INE,https://servicios.ine.es/wstempus/js/ES/DATOS_SERIE/ECP182062,Comunitat Valenciana. Todas las edades. País de la UE27_2020 sin España. Total. Población. Número.,3
2014-01-01,2014T1,ECP182062,,Número,INE,https://servicios.ine.es/wstempus/js/ES/DATOS_SERIE/ECP182062,Comunitat Valenciana. Todas las edades. País de la UE27_2020 sin España. Total. Población. Número.,3
2014-07-01,2014T3,ECP182062,,Número,INE,https://servicios.ine.es/wstempus/js/ES/DATOS_SERIE/ECP182062,Comunitat Valenciana. Todas las edades. País de la UE27_2020 sin España. Total. Población. Número.,3
2015-01-01,2015T1,ECP182062,,Número,INE,https://servicios.ine.es/wstempus/js/ES/DATOS_SERIE/ECP182062,Comunitat Valenciana. Todas las edades. País de la UE27_2020 sin España. Total. Población. Número.,3
2015-07-01,2015T3,ECP182062,,Número,INE,https://servicios.ine.es/wstempus/js/ES/DATOS_SERIE/ECP182062,Comunitat Valenciana. Todas las edades. País de la UE27_2020 sin España. Total. Población. Número.,3
2016-01-01,2016T1,ECP182062,,Número,INE,https://servicios.ine.es/wstempus/js/ES/DATOS_SERIE/ECP182062,Comunitat Valenciana. Todas las edades. País de la UE27_2020 sin España. Total. Población. Número.,3
2016-07-01,2016T3,ECP182062,,Número,INE,https://servicios.ine.es/wstempus/js/ES/DATOS_SERIE/ECP182062,Comunitat Valenciana. Todas las edades. País de la UE27_2020 sin España. Total. Población. Número.,3
2017-01-01,2017T1,ECP182062,,Número,INE,https://servicios.ine.es/wstempus/js/ES/DATOS_SERIE/ECP182062,Comunitat Valenciana. Todas las edades. País de la UE27_2020 sin España. Total. Población. Número.,3
2017-07-01,2017T3,ECP182062,,Número,INE,https://servicios.ine.es/wstempus/js/ES/DATOS_SERIE/ECP182062,Comunitat Valenciana. Todas las edades. País de la UE27_2020 sin España. Total. Población. Número.,3
2018-01-01,2018T1,ECP182062,,Número,INE,https://servicios.ine.es/wstempus/js/ES/DATOS_SERIE/ECP182062,Comunitat Valenciana. Todas las edades. País de la UE27_2020 sin España. Total. Población. Número.,3
2018-07-01,2018T3,ECP182062,,Número,INE,https://servicios.ine.es/wstempus/js/ES/DATOS_SERIE/ECP182062,Comunitat Valenciana. Todas las edades. País de la UE27_2020 sin España. Total. Población. Número.,3
2019-01-01,2019T1,ECP182062,,Número,INE,https://servicios.ine.es/wstempus/js/ES/DATOS_SERIE/ECP182062,Comunitat Valenciana. Todas las edades. País de la UE27_2020 sin España. Total. Población. Número.,3
2019-07-01,2019T3,ECP182062,,Número,INE,https://servicios.ine.es/wstempus/js/ES/DATOS_SERIE/ECP182062,Comunitat Valenciana. Todas las edades. País de la UE27_2020 sin España. Total. Población. Número.,3
2020-01-01,2020T1,ECP182062,,Número,INE,https://servicios.ine.es/wstempus/js/ES/DATOS_SERIE/ECP182062,Comunitat Valenciana. Todas las edades. País de la UE27_2020 sin España. Total. Población. Número.,3
2020-07-01,2020T3,ECP182062,256609.0,Número,INE,https://servicios.ine.es/wstempus/js/ES/DATOS_SERIE/ECP182062,Comunitat Valenciana. Todas las edades. País de la UE27_2020 sin España. Total. Población. Número.,3
2021-01-01,2021T1,ECP182062,258833.0,Número,INE,https://servicios.ine.es/wstempus/js/ES/DATOS_SERIE/ECP182062,Comunitat Valenciana. Todas las edades. País de la UE27_2020 sin España. Total. Población. Número.,3
2021-04-01,2021T2,ECP182062,259851.0,Número,INE,https://servicios.ine.es/wstempus/js/ES/DATOS_SERIE/ECP182062,Comunitat Valenciana. Todas las edades. País de la UE27_2020 sin España. Total. Población. Número.,3
2021-07-01,2021T3,ECP182062,262750.0,Número,INE,https://servicios.ine.es/wstempus/js/ES/DATOS_SERIE/ECP182062,Comunitat Valenciana. Todas las edades. País de la UE27_2020 sin España. Total. Población. Número.,3
2021-10-01,2021T4,ECP182062,268257.0,Número,INE,https://servicios.ine.es/wstempus/js/ES/DATOS_SERIE/ECP182062,Comunitat Valenciana. Todas las edades. País de la UE27_2020 sin España. Total. Población. Número.,3
2022-01-01,2022T1,ECP182062,270158.0,Número,INE,https://servicios.ine.es/wstempus/js/ES/DATOS_SERIE/ECP182062,Comunitat Valenciana. Todas las edades. País de la UE27_2020 sin España. Total. Población. Número.,3
2022-04-01,2022T2,ECP182062,271726.0,Número,INE,https://servicios.ine.es/wstempus/js/ES/DATOS_SERIE/ECP182062,Comunitat Valenciana. Todas las edades. País de la UE27_2020 sin España. Total. Población. Número.,3
2022-07-01,2022T3,ECP182062,275364.0,Número,INE,https://servicios.ine.es/wstempus/js/ES/DATOS_SERIE/ECP182062,Comunitat Valenciana. Todas las edades. País de la UE27_2020 sin España. Total. Población. Número.,3
2022-10-01,2022T4,ECP182062,279242.0,Número,INE,https://servicios.ine.es/wstempus/js/ES/DATOS_SERIE/ECP182062,Comunitat Valenciana. Todas las edades. País de la UE27_2020 sin España. Total. Población. Número.,3
2023-01-01,2023T1,ECP182062,281573.0,Número,INE,https://servicios.ine.es/wstempus/js/ES/DATOS_SERIE/ECP182062,Comunitat Valenciana. Todas las edades. País de la UE27_2020 sin España. Total. Población. Número.,3
2023-04-01,2023T2,ECP182062,283186.0,Número,INE,https://servicios.ine.es/wstempus/js/ES/DATOS_SERIE/ECP182062,Comunitat Valenciana. Todas las edades. País de la UE27_2020 sin España. Total. Población. Número.,3
2023-07-01,2023T3,ECP182062,285444.0,Número,INE,https://servicios.ine.es/wstempus/js/ES/DATOS_SERIE/ECP182062,Comunitat Valenciana. Todas las edades. País de la UE27_2020 sin España. Total. Población. Número.,3
2023-10-01,2023T4,ECP182062,289979.0,Número,INE,https://servicios.ine.es/wstempus/js/ES/DATOS_SERIE/ECP182062,Comunitat Valenciana. Todas las edades. País de la UE27_2020 sin España. Total. Población. Número.,3
2024-01-01,2024T1,ECP182062,291665.0,Número,INE,https://servicios.ine.es/wstempus/js/ES/DATOS_SERIE/ECP182062,Comunitat Valenciana. Todas las edades. País de la UE27_2020 sin España. Total. Población. Número.,3
2024-04-01,2024T2,ECP182062,295308.0,Número,INE,https://servicios.ine.es/wstempus/js/ES/DATOS_SERIE/ECP182062,Comunitat Valenciana. Todas las edades. País de la UE27_2020 sin España. Total. Población. Número.,3
2024-07-01,2024T3,ECP182062,298557.0,Número,INE,https://servicios.ine.es/wstempus/js/ES/DATOS_SERIE/ECP182062,Comunitat Valenciana. Todas las edades. País de la UE27_2020 sin España. Total. Población. Número.,3
2024-10-01,2024T4,ECP182062,304650.0,Número,INE,https://servicios.ine.es/wstempus/js/ES/DATOS_SERIE/ECP182062,Comunitat Valenciana. Todas las edades. País de la UE27_2020 sin España. Total. Población. Número.,3
2025-01-01,2025T1,ECP182062,306776.0,Número,INE,https://servicios.ine.es/wstempus/js/ES/DATOS_SERIE/ECP182062,Comunitat Valenciana. Todas las edades. País de la UE27_2020 sin España. Total. Población. Número.,3
2002-01-01,2002T1,ECP182063,2016225.0,Número,INE,https://servicios.ine.es/wstempus/js/ES/DATOS_SERIE/ECP182063,Comunitat Valenciana. Todas las edades. Española. Mujeres. Población. Número.,3
2002-07-01,2002T3,ECP182063,2021923.0,Número,INE,https://servicios.ine.es/wstempus/js/ES/DATOS_SERIE/ECP182063,Comunitat Valenciana. Todas las edades. Española. Mujeres. Población. Número.,3
2003-01-01,2003T1,ECP182063,2030543.0,Número,INE,https://servicios.ine.es/wstempus/js/ES/DATOS_SERIE/ECP182063,Comunitat Valenciana. Todas las edades. Española. Mujeres. Población. Número.,3
2003-07-01,2003T3,ECP182063,2036973.0,Número,INE,https://servicios.ine.es/wstempus/js/ES/DATOS_SERIE/ECP182063,Comunitat Valenciana. Todas las edades. Española. Mujeres. Población. Número.,3
2004-01-01,2004T1,ECP182063,2044845.0,Número,INE,https://servicios.ine.es/wstempus/js/ES/DATOS_SERIE/ECP182063,Comunitat Valenciana. Todas las edades. Española. Mujeres. Población. Número.,3
2004-07-01,2004T3,ECP182063,2052438.0,Número,INE,https://servicios.ine.es/wstempus/js/ES/DATOS_SERIE/ECP182063,Comunitat Valenciana. Todas las edades. Española. Mujeres. Población. Número.,3
2005-01-01,2005T1,ECP182063,2061173.0,Número,INE,https://servicios.ine.es/wstempus/js/ES/DATOS_SERIE/ECP182063,Comunitat Valenciana. Todas las edades. Española. Mujeres. Población. Número.,3
2005-07-01,2005T3,ECP182063,2067237.0,Número,INE,https://servicios.ine.es/wstempus/js/ES/DATOS_SERIE/ECP182063,Comunitat Valenciana. Todas las edades. Española. Mujeres. Población. Número.,3
2006-01-01,2006T1,ECP182063,2075929.0,Número,INE,https://servicios.ine.es/wstempus/js/ES/DATOS_SERIE/ECP182063,Comunitat Valenciana. Todas las edades. Española. Mujeres. Población. Número.,3
2006-07-01,2006T3,ECP182063,2083581.0,Número,INE,https://servicios.ine.es/wstempus/js/ES/DATOS_SERIE/ECP182063,Comunitat Valenciana. Todas las edades. Española. Mujeres. Población. Número.,3
2007-01-01,2007T1,ECP182063,2092074.0,Número,INE,https://servicios.ine.es/wstempus/js/ES/DATOS_SERIE/ECP182063,Comunitat Valenciana. Todas las edades. Española. Mujeres. Población. Número.,3
2007-07-01,2007T3,ECP182063,2099216.0,Número,INE,https://servicios.ine.es/wstempus/js/ES/DATOS_SERIE/ECP182063,Comunitat Valenciana. Todas las edades. Española. Mujeres. Población. Número.,3
2008-01-01,2008T1,ECP182063,2108695.0,Número,INE,https://servicios.ine.es/wstempus/js/ES/DATOS_SERIE/ECP182063,Comunitat Valenciana. Todas las edades. Española. Mujeres. Población. Número.,3
2008-07-01,2008T3,ECP182063,2116576.0,Número,INE,https://servicios.ine.es/wstempus/js/ES/DATOS_SERIE/ECP182063,Comunitat Valenciana. Todas las edades. Española. Mujeres. Población. Número.,3
2009-01-01,2009T1,ECP182063,2123873.0,Número,INE,https://servicios.ine.es/wstempus/js/ES/DATOS_SERIE/ECP182063,Comunitat Valenciana. Todas las edades. Española. Mujeres. Población. Número.,3
2009-07-01,2009T3,ECP182063,2127466.0,Número,INE,https://servicios.ine.es/wstempus/js/ES/DATOS_SERIE/ECP182063,Comunitat Valenciana. Todas las edades. Española. Mujeres. Población. Número.,3
2010-01-01,2010T1,ECP182063,2135656.0,Número,INE,https://servicios.ine.es/wstempus/js/ES/DATOS_SERIE/ECP182063,Comunitat Valenciana. Todas las edades. Española. Mujeres. Población. Número.,3
2010-07-01,2010T3,ECP182063,2142989.0,Número,INE,https://servicios.ine.es/wstempus/js/ES/DATOS_SERIE/ECP182063,Comunitat Valenciana. Todas las edades. Española. Mujeres. Población. Número.,3
2011-01-01,2011T1,ECP182063,2151358.0,Número,INE,https://servicios.ine.es/wstempus/js/ES/DATOS_SERIE/ECP182063,Comunitat Valenciana. Todas las edades. Española. Mujeres. Población. Número.,3
2011-07-01,2011T3,ECP182063,2156742.0,Número,INE,https://servicios.ine.es/wstempus/js/ES/DATOS_SERIE/ECP182063,Comunitat Valenciana. Todas las edades. Española. Mujeres. Población. Número.,3
2012-01-01,2012T1,ECP182063,2162105.0,Número,INE,https://servicios.ine.es/wstempus/js/ES/DATOS_SERIE/ECP182063,Comunitat Valenciana. Todas las edades. Española. Mujeres. Población. Número.,3
2012-07-01,2012T3,ECP182063,2164146.0,Número,INE,https://servicios.ine.es/wstempus/js/ES/DATOS_SERIE/ECP182063,Comunitat Valenciana. Todas las edades. Española. Mujeres. Población. Número.,3
2013-01-01,2013T1,ECP182063,2165435.0,Número,INE,https://servicios.ine.es/wstempus/js/ES/DATOS_SERIE/ECP182063,Comunitat Valenciana. Todas las edades. Española. Mujeres. Población. Número.,3
2013-07-01,2013T3,ECP182063,2168050.0,Número,INE,https://servicios.ine.es/wstempus/js/ES/DATOS_SERIE/ECP182063,Comunitat Valenciana. Todas las edades. Española. Mujeres. Población. Número.,3
2014-01-01,2014T1,ECP182063,2173594.0,Número,INE,https://servicios.ine.es/wstempus/js/ES/DATOS_SERIE/ECP182063,Comunitat Valenciana. Todas las edades. Española. Mujeres. Población. Número.,3
2014-07-01,2014T3,ECP182063,2178024.0,Número,INE,https://servicios.ine.es/wstempus/js/ES/DATOS_SERIE/ECP182063,Comunitat Valenciana. Todas las edades. Española. Mujeres. Población. Número.,3
2015-01-01,2015T1,ECP182063,2181520.0,Número,INE,https://servicios.ine.es/wstempus/js/ES/DATOS_SERIE/ECP182063,Comunitat Valenciana. Todas las edades. Española. Mujeres. Población. Número.,3
2015-07-01,2015T3,ECP182063,2181469.0,Número,INE,https://servicios.ine.es/wstempus/js/ES/DATOS_SERIE/ECP182063,Comunitat Valenciana. Todas las edades. Española. Mujeres. Población. Número.,3
2016-01-01,2016T1,ECP182063,2183335.0,Número,INE,https://servicios.ine.es/wstempus/js/ES/DATOS_SERIE/ECP182063,Comunitat Valenciana. Todas las edades. Española. Mujeres. Población. Número.,3
2016-07-01,2016T3,ECP182063,2186734.0,Número,INE,https://servicios.ine.es/wstempus/js/ES/DATOS_SERIE/ECP182063,Comunitat Valenciana. Todas las edades. Española. Mujeres. Población. Número.,3
2017-01-01,2017T1,ECP182063,2189518.0,Número,INE,https://servicios.ine.es/wstempus/js/ES/DATOS_SERIE/ECP182063,Comunitat Valenciana. Todas las edades. Española. Mujeres. Población. Número.,3
2017-07-01,2017T3,ECP182063,2188385.0,Número,INE,https://servicios.ine.es/wstempus/js/ES/DATOS_SERIE/ECP182063,Comunitat Valenciana. Todas las edades. Española. Mujeres. Población. Número.,3
2018-01-01,2018T1,ECP182063,2189345.0,Número,INE,https://servicios.ine.es/wstempus/js/ES/DATOS_SERIE/ECP182063,Comunitat Valenciana. Todas las edades. Española. Mujeres. Población. Número.,3
2018-07-01,2018T3,ECP182063,2188675.0,Número,INE,https://servicios.ine.es/wstempus/js/ES/DATOS_SERIE/ECP182063,Comunitat Valenciana. Todas las edades. Española. Mujeres. Población. Número.,3
2019-01-01,2019T1,ECP182063,2190994.0,Número,INE,https://servicios.ine.es/wstempus/js/ES/DATOS_SERIE/ECP182063,Comunitat Valenciana. Todas las edades. Española. Mujeres. Población. Número.,3
2019-07-01,2019T3,ECP182063,2191211.0,Número,INE,https://servicios.ine.es/wstempus/js/ES/DATOS_SERIE/ECP182063,Comunitat Valenciana. Todas las edades. Española. Mujeres. Población. Número.,3
2020-01-01,2020T1,ECP182063,2193763.0,Número,INE,https://servicios.ine.es/wstempus/js/ES/DATOS_SERIE/ECP182063,Comunitat Valenciana. Todas las edades. Española. Mujeres. Población. Número.,3
2020-07-01,2020T3,ECP182063,2193135.0,Número,INE,https://servicios.ine.es/wstempus/js/ES/DATOS_SERIE/ECP182063,Comunitat Valenciana. Todas las edades. Española. Mujeres. Población. Número.,3
2021-01-01,2021T1,ECP182063,2195119.0,Número,INE,https://servicios.ine.es/wstempus/js/ES/DATOS_SERIE/ECP182063,Comunitat Valenciana. Todas las edades. Española. Mujeres. Población. Número.,3
2021-04-01,2021T2,ECP182063,2193977.0,Número,INE,https://servicios.ine.es/wstempus/js/ES/DATOS_SERIE/ECP182063,Comunitat Valenciana. Todas las edades. Española. Mujeres. Población. Número.,3
2021-07-01,2021T3,ECP182063,2195554.0,Número,INE,https://servicios.ine.es/wstempus/js/ES/DATOS_SERIE/ECP182063,Comunitat Valenciana. Todas las edades. Española. Mujeres. Población. Número.,3
2021-10-01,2021T4,ECP182063,2197318.0,Número,INE,https://servicios.ine.es/wstempus/js/ES/DATOS_SERIE/ECP182063,Comunitat Valenciana. Todas las edades. Española. Mujeres. Población. Número.,3
2022-01-01,2022T1,ECP182063,2198333.0,Número,INE,https://servicios.ine.es/wstempus/js/ES/DATOS_SERIE/ECP182063,Comunitat Valenciana. Todas las edades. Española. Mujeres. Población. Número.,3
2022-04-01,2022T2,ECP182063,2199598.0,Número,INE,https://servicios.ine.es/wstempus/js/ES/DATOS_SERIE/ECP182063,Comunitat Valenciana. Todas las edades. Española. Mujeres. Población. Número.,3
2022-07-01,2022T3,ECP182063,2201446.0,Número,INE,https://servicios.ine.es/wstempus/js/ES/DATOS_SERIE/ECP182063,Comunitat Valenciana. Todas las edades. Española. Mujeres. Población. Número.,3
2022-10-01,2022T4,ECP182063,2202591.0,Número,INE,https://servicios.ine.es/wstempus/js/ES/DATOS_SERIE/ECP182063,Comunitat Valenciana. Todas las edades. Española. Mujeres. Población. Número.,3
2023-01-01,2023T1,ECP182063,2203492.0,Número,INE,https://servicios.ine.es/wstempus/js/ES/DATOS_SERIE/ECP182063,Comunitat Valenciana. Todas las edades. Española. Mujeres. Población. Número.,3
2023-04-01,2023T2,ECP182063,2204095.0,Número,INE,https://servicios.ine.es/wstempus/js/ES/DATOS_SERIE/ECP182063,Comunitat Valenciana. Todas las edades. Española. Mujeres. Población. Número.,3
2023-07-01,2023T3,ECP182063,2208094.0,Número,INE,https://servicios.ine.es/wstempus/js/ES/DATOS_SERIE/ECP182063,Comunitat Valenciana. Todas las edades. Española. Mujeres. Población. Número.,3
2023-10-01,2023T4,ECP182063,2211939.0,Número,INE,https://servicios.ine.es/wstempus/js/ES/DATOS_SERIE/ECP182063,Comunitat Valenciana. Todas las edades. Española. Mujeres. Población. Número.,3
2024-01-01,2024T1,ECP182063,2215232.0,Número,INE,https://servicios.ine.es/wstempus/js/ES/DATOS_SERIE/ECP182063,Comunitat Valenciana. Todas las edades. Española. Mujeres. Población. Número.,3
2024-04-01,2024T2,ECP182063,2218000.0,Número,INE,https://servicios.ine.es/wstempus/js/ES/DATOS_SERIE/ECP182063,Comunitat Valenciana. Todas las edades. Española. Mujeres. Población. Número.,3
2024-07-01,2024T3,ECP182063,2221129.0,Número,INE,https://servicios.ine.es/wstempus/js/ES/DATOS_SERIE/ECP182063,Comunitat Valenciana. Todas las edades. Española. Mujeres. Población. Número.,3
2024-10-01,2024T4,ECP182063,2224374.0,Número,INE,https://servicios.ine.es/wstempus/js/ES/DATOS_SERIE/ECP182063,Comunitat Valenciana. Todas las edades. Española. Mujeres. Población. Número.,3
2025-01-01,2025T1,ECP182063,2226996.0,Número,INE,https://servicios.ine.es/wstempus/js/ES/DATOS_SERIE/ECP182063,Comunitat Valenciana. Todas las edades. Española. Mujeres. Población. Número.,3
2025-04-01,2025T2,ECP182063,2228849.0,Número,INE,https://servicios.ine.es/wstempus/js/ES/DATOS_SERIE/ECP182063,Comunitat Valenciana. Todas las edades. Española. Mujeres. Población. Número.,3
2025-07-01,2025T3,ECP182063,2232483.0,Número,INE,https://servicios.ine.es/wstempus/js/ES/DATOS_SERIE/ECP182063,Comunitat Valenciana. Todas las edades. Española. Mujeres. Población. Número.,3
2025-10-01,2025T4,ECP182063,2235978.0,Número,INE,https://servicios.ine.es/wstempus/js/ES/DATOS_SERIE/ECP182063,Comunitat Valenciana. Todas las edades. Española. Mujeres. Población. Número.,3
2026-01-01,2026T1,ECP182063,2240295.0,Número,INE,https://servicios.ine.es/wstempus/js/ES/DATOS_SERIE/ECP182063,Comunitat Valenciana. Todas las edades. Española. Mujeres. Población. Número.,3
2026-04-01,2026T2,ECP182063,2241965.0,Número,INE,https://servicios.ine.es/wstempus/js/ES/DATOS_SERIE/ECP182063,Comunitat Valenciana. Todas las edades. Española. Mujeres. Población. Número.,3
2026-07-01,2026T3,ECP182063,2244507.0,Número,INE,https://servicios.ine.es/wstempus/js/ES/DATOS_SERIE/ECP182063,Comunitat Valenciana. Todas las edades. Española. Mujeres. Población. Número.,3
2002-01-01,2002T1,ECP182064,1932724.0,Número,INE,https://servicios.ine.es/wstempus/js/ES/DATOS_SERIE/ECP182064,Comunitat Valenciana. Todas las edades. Española. Hombres. Población. Número.,3
2002-07-01,2002T3,ECP182064,1939677.0,Número,INE,https://servicios.ine.es/wstempus/js/ES/DATOS_SERIE/ECP182064,Comunitat Valenciana. Todas las edades. Española. Hombres. Población. Número.,3
2003-01-01,2003T1,ECP182064,1948748.0,Número,INE,https://servicios.ine.es/wstempus/js/ES/DATOS_SERIE/ECP182064,Comunitat Valenciana. Todas las edades. Española. Hombres. Población. Número.,3
2003-07-01,2003T3,ECP182064,1956487.0,Número,INE,https://servicios.ine.es/wstempus/js/ES/DATOS_SERIE/ECP182064,Comunitat Valenciana. Todas las edades. Española. Hombres. Población. Número.,3
2004-01-01,2004T1,ECP182064,1965020.0,Número,INE,https://servicios.ine.es/wstempus/js/ES/DATOS_SERIE/ECP182064,Comunitat Valenciana. Todas las edades. Española. Hombres. Población. Número.,3
2004-07-01,2004T3,ECP182064,1974065.0,Número,INE,https://servicios.ine.es/wstempus/js/ES/DATOS_SERIE/ECP182064,Comunitat Valenciana. Todas las edades. Española. Hombres. Población. Número.,3
2005-01-01,2005T1,ECP182064,1983706.0,Número,INE,https://servicios.ine.es/wstempus/js/ES/DATOS_SERIE/ECP182064,Comunitat Valenciana. Todas las edades. Española. Hombres. Población. Número.,3
2005-07-01,2005T3,ECP182064,1990691.0,Número,INE,https://servicios.ine.es/wstempus/js/ES/DATOS_SERIE/ECP182064,Comunitat Valenciana. Todas las edades. Española. Hombres. Población. Número.,3
2006-01-01,2006T1,ECP182064,2000312.0,Número,INE,https://servicios.ine.es/wstempus/js/ES/DATOS_SERIE/ECP182064,Comunitat Valenciana. Todas las edades. Española. Hombres. Población. Número.,3
2006-07-01,2006T3,ECP182064,2009059.0,Número,INE,https://servicios.ine.es/wstempus/js/ES/DATOS_SERIE/ECP182064,Comunitat Valenciana. Todas las edades. Española. Hombres. Población. Número.,3
2007-01-01,2007T1,ECP182064,2018206.0,Número,INE,https://servicios.ine.es/wstempus/js/ES/DATOS_SERIE/ECP182064,Comunitat Valenciana. Todas las edades. Española. Hombres. Población. Número.,3
2007-07-01,2007T3,ECP182064,2026311.0,Número,INE,https://servicios.ine.es/wstempus/js/ES/DATOS_SERIE/ECP182064,Comunitat Valenciana. Todas las edades. Española. Hombres. Población. Número.,3
2008-01-01,2008T1,ECP182064,2036288.0,Número,INE,https://servicios.ine.es/wstempus/js/ES/DATOS_SERIE/ECP182064,Comunitat Valenciana. Todas las edades. Española. Hombres. Población. Número.,3
2008-07-01,2008T3,ECP182064,2045067.0,Número,INE,https://servicios.ine.es/wstempus/js/ES/DATOS_SERIE/ECP182064,Comunitat Valenciana. Todas las edades. Española. Hombres. Población. Número.,3
2009-01-01,2009T1,ECP182064,2053221.0,Número,INE,https://servicios.ine.es/wstempus/js/ES/DATOS_SERIE/ECP182064,Comunitat Valenciana. Todas las edades. Española. Hombres. Población. Número.,3
2009-07-01,2009T3,ECP182064,2057793.0,Número,INE,https://servicios.ine.es/wstempus/js/ES/DATOS_SERIE/ECP182064,Comunitat Valenciana. Todas las edades. Española. Hombres. Población. Número.,3
2010-01-01,2010T1,ECP182064,2065786.0,Número,INE,https://servicios.ine.es/wstempus/js/ES/DATOS_SERIE/ECP182064,Comunitat Valenciana. Todas las edades. Española. Hombres. Población. Número.,3
2010-07-01,2010T3,ECP182064,2072942.0,Número,INE,https://servicios.ine.es/wstempus/js/ES/DATOS_SERIE/ECP182064,Comunitat Valenciana. Todas las edades. Española. Hombres. Población. Número.,3
2011-01-01,2011T1,ECP182064,2081067.0,Número,INE,https://servicios.ine.es/wstempus/js/ES/DATOS_SERIE/ECP182064,Comunitat Valenciana. Todas las edades. Española. Hombres. Población. Número.,3
2011-07-01,2011T3,ECP182064,2087086.0,Número,INE,https://servicios.ine.es/wstempus/js/ES/DATOS_SERIE/ECP182064,Comunitat Valenciana. Todas las edades. Española. Hombres. Población. Número.,3
2012-01-01,2012T1,ECP182064,2092563.0,Número,INE,https://servicios.ine.es/wstempus/js/ES/DATOS_SERIE/ECP182064,Comunitat Valenciana. Todas las edades. Española. Hombres. Población. Número.,3
2012-07-01,2012T3,ECP182064,2094049.0,Número,INE,https://servicios.ine.es/wstempus/js/ES/DATOS_SERIE/ECP182064,Comunitat Valenciana. Todas las edades. Española. Hombres. Población. Número.,3
2013-01-01,2013T1,ECP182064,2094527.0,Número,INE,https://servicios.ine.es/wstempus/js/ES/DATOS_SERIE/ECP182064,Comunitat Valenciana. Todas las edades. Española. Hombres. Población. Número.,3
2013-07-01,2013T3,ECP182064,2096737.0,Número,INE,https://servicios.ine.es/wstempus/js/ES/DATOS_SERIE/ECP182064,Comunitat Valenciana. Todas las edades. Española. Hombres. Población. Número.,3
2014-01-01,2014T1,ECP182064,2101228.0,Número,INE,https://servicios.ine.es/wstempus/js/ES/DATOS_SERIE/ECP182064,Comunitat Valenciana. Todas las edades. Española. Hombres. Población. Número.,3
2014-07-01,2014T3,ECP182064,2104783.0,Número,INE,https://servicios.ine.es/wstempus/js/ES/DATOS_SERIE/ECP182064,Comunitat Valenciana. Todas las edades. Española. Hombres. Población. Número.,3
2015-01-01,2015T1,ECP182064,2107953.0,Número,INE,https://servicios.ine.es/wstempus/js/ES/DATOS_SERIE/ECP182064,Comunitat Valenciana. Todas las edades. Española. Hombres. Población. Número.,3
2015-07-01,2015T3,ECP182064,2108176.0,Número,INE,https://servicios.ine.es/wstempus/js/ES/DATOS_SERIE/ECP182064,Comunitat Valenciana. Todas las edades. Española. Hombres. Población. Número.,3
2016-01-01,2016T1,ECP182064,2109743.0,Número,INE,https://servicios.ine.es/wstempus/js/ES/DATOS_SERIE/ECP182064,Comunitat Valenciana. Todas las edades. Española. Hombres. Población. Número.,3
2016-07-01,2016T3,ECP182064,2112048.0,Número,INE,https://servicios.ine.es/wstempus/js/ES/DATOS_SERIE/ECP182064,Comunitat Valenciana. Todas las edades. Española. Hombres. Población. Número.,3
2017-01-01,2017T1,ECP182064,2114830.0,Número,INE,https://servicios.ine.es/wstempus/js/ES/DATOS_SERIE/ECP182064,Comunitat Valenciana. Todas las edades. Española. Hombres. Población. Número.,3
2017-07-01,2017T3,ECP182064,2114430.0,Número,INE,https://servicios.ine.es/wstempus/js/ES/DATOS_SERIE/ECP182064,Comunitat Valenciana. Todas las edades. Española. Hombres. Población. Número.,3
2018-01-01,2018T1,ECP182064,2115161.0,Número,INE,https://servicios.ine.es/wstempus/js/ES/DATOS_SERIE/ECP182064,Comunitat Valenciana. Todas las edades. Española. Hombres. Población. Número.,3
2018-07-01,2018T3,ECP182064,2114874.0,Número,INE,https://servicios.ine.es/wstempus/js/ES/DATOS_SERIE/ECP182064,Comunitat Valenciana. Todas las edades. Española. Hombres. Población. Número.,3
2019-01-01,2019T1,ECP182064,2116462.0,Número,INE,https://servicios.ine.es/wstempus/js/ES/DATOS_SERIE/ECP182064,Comunitat Valenciana. Todas las edades. Española. Hombres. Población. Número.,3
2019-07-01,2019T3,ECP182064,2116304.0,Número,INE,https://servicios.ine.es/wstempus/js/ES/DATOS_SERIE/ECP182064,Comunitat Valenciana. Todas las edades. Española. Hombres. Población. Número.,3
2020-01-01,2020T1,ECP182064,2118077.0,Número,INE,https://servicios.ine.es/wstempus/js/ES/DATOS_SERIE/ECP182064,Comunitat Valenciana. Todas las edades. Española. Hombres. Población. Número.,3
2020-07-01,2020T3,ECP182064,2116257.0,Número,INE,https://servicios.ine.es/wstempus/js/ES/DATOS_SERIE/ECP182064,Comunitat Valenciana. Todas las edades. Española. Hombres. Población. Número.,3
2021-01-01,2021T1,ECP182064,2118191.0,Número,INE,https://servicios.ine.es/wstempus/js/ES/DATOS_SERIE/ECP182064,Comunitat Valenciana. Todas las edades. Española. Hombres. Población. Número.,3
2021-04-01,2021T2,ECP182064,2116839.0,Número,INE,https://servicios.ine.es/wstempus/js/ES/DATOS_SERIE/ECP182064,Comunitat Valenciana. Todas las edades. Española. Hombres. Población. Número.,3
2021-07-01,2021T3,ECP182064,2118310.0,Número,INE,https://servicios.ine.es/wstempus/js/ES/DATOS_SERIE/ECP182064,Comunitat Valenciana. Todas las edades. Española. Hombres. Población. Número.,3
2021-10-01,2021T4,ECP182064,2120229.0,Número,INE,https://servicios.ine.es/wstempus/js/ES/DATOS_SERIE/ECP182064,Comunitat Valenciana. Todas las edades. Española. Hombres. Población. Número.,3
2022-01-01,2022T1,ECP182064,2120691.0,Número,INE,https://servicios.ine.es/wstempus/js/ES/DATOS_SERIE/ECP182064,Comunitat Valenciana. Todas las edades. Española. Hombres. Población. Número.,3
2022-04-01,2022T2,ECP182064,2121599.0,Número,INE,https://servicios.ine.es/wstempus/js/ES/DATOS_SERIE/ECP182064,Comunitat Valenciana. Todas las edades. Española. Hombres. Población. Número.,3
2022-07-01,2022T3,ECP182064,2122978.0,Número,INE,https://servicios.ine.es/wstempus/js/ES/DATOS_SERIE/ECP182064,Comunitat Valenciana. Todas las edades. Española. Hombres. Población. Número.,3
2022-10-01,2022T4,ECP182064,2124041.0,Número,INE,https://servicios.ine.es/wstempus/js/ES/DATOS_SERIE/ECP182064,Comunitat Valenciana. Todas las edades. Española. Hombres. Población. Número.,3
2023-01-01,2023T1,ECP182064,2124547.0,Número,INE,https://servicios.ine.es/wstempus/js/ES/DATOS_SERIE/ECP182064,Comunitat Valenciana. Todas las edades. Española. Hombres. Población. Número.,3
2023-04-01,2023T2,ECP182064,2125607.0,Número,INE,https://servicios.ine.es/wstempus/js/ES/DATOS_SERIE/ECP182064,Comunitat Valenciana. Todas las edades. Española. Hombres. Población. Número.,3
2023-07-01,2023T3,ECP182064,2129298.0,Número,INE,https://servicios.ine.es/wstempus/js/ES/DATOS_SERIE/ECP182064,Comunitat Valenciana. Todas las edades. Española. Hombres. Población. Número.,3
2023-10-01,2023T4,ECP182064,2132571.0,Número,INE,https://servicios.ine.es/wstempus/js/ES/DATOS_SERIE/ECP182064,Comunitat Valenciana. Todas las edades. Española. Hombres. Población. Número.,3
2024-01-01,2024T1,ECP182064,2134451.0,Número,INE,https://servicios.ine.es/wstempus/js/ES/DATOS_SERIE/ECP182064,Comunitat Valenciana. Todas las edades. Española. Hombres. Población. Número.,3
2024-04-01,2024T2,ECP182064,2136492.0,Número,INE,https://servicios.ine.es/wstempus/js/ES/DATOS_SERIE/ECP182064,Comunitat Valenciana. Todas las edades. Española. Hombres. Población. Número.,3
2024-07-01,2024T3,ECP182064,2139125.0,Número,INE,https://servicios.ine.es/wstempus/js/ES/DATOS_SERIE/ECP182064,Comunitat Valenciana. Todas las edades. Española. Hombres. Población. Número.,3
2024-10-01,2024T4,ECP182064,2141470.0,Número,INE,https://servicios.ine.es/wstempus/js/ES/DATOS_SERIE/ECP182064,Comunitat Valenciana. Todas las edades. Española. Hombres. Población. Número.,3
2025-01-01,2025T1,ECP182064,2142261.0,Número,INE,https://servicios.ine.es/wstempus/js/ES/DATOS_SERIE/ECP182064,Comunitat Valenciana. Todas las edades. Española. Hombres. Población. Número.,3
2025-04-01,2025T2,ECP182064,2143914.0,Número,INE,https://servicios.ine.es/wstempus/js/ES/DATOS_SERIE/ECP182064,Comunitat Valenciana. Todas las edades. Española. Hombres. Población. Número.,3
2025-07-01,2025T3,ECP182064,2146870.0,Número,INE,https://servicios.ine.es/wstempus/js/ES/DATOS_SERIE/ECP182064,Comunitat Valenciana. Todas las edades. Española. Hombres. Población. Número.,3
2025-10-01,2025T4,ECP182064,2149752.0,Número,INE,https://servicios.ine.es/wstempus/js/ES/DATOS_SERIE/ECP182064,Comunitat Valenciana. Todas las edades. Española. Hombres. Población. Número.,3
2026-01-01,2026T1,ECP182064,2153411.0,Número,INE,https://servicios.ine.es/wstempus/js/ES/DATOS_SERIE/ECP182064,Comunitat Valenciana. Todas las edades. Española. Hombres. Población. Número.,3
2026-04-01,2026T2,ECP182064,2154474.0,Número,INE,https://servicios.ine.es/wstempus/js/ES/DATOS_SERIE/ECP182064,Comunitat Valenciana. Todas las edades. Española. Hombres. Población. Número.,3
2026-07-01,2026T3,ECP182064,2156626.0,Número,INE,https://servicios.ine.es/wstempus/js/ES/DATOS_SERIE/ECP182064,Comunitat Valenciana. Todas las edades. Española. Hombres. Población. Número.,3
2002-01-01,2002T1,ECP182065,3948949.0,Número,INE,https://servicios.ine.es/wstempus/js/ES/DATOS_SERIE/ECP182065,Comunitat Valenciana. Todas las edades. Española. Total. Población. Número.,3
2002-07-01,2002T3,ECP182065,3961600.0,Número,INE,https://servicios.ine.es/wstempus/js/ES/DATOS_SERIE/ECP182065,Comunitat Valenciana. Todas las edades. Española. Total. Población. Número.,3
2003-01-01,2003T1,ECP182065,3979291.0,Número,INE,https://servicios.ine.es/wstempus/js/ES/DATOS_SERIE/ECP182065,Comunitat Valenciana. Todas las edades. Española. Total. Población. Número.,3
2003-07-01,2003T3,ECP182065,3993460.0,Número,INE,https://servicios.ine.es/wstempus/js/ES/DATOS_SERIE/ECP182065,Comunitat Valenciana. Todas las edades. Española. Total. Población. Número.,3
2004-01-01,2004T1,ECP182065,4009864.0,Número,INE,https://servicios.ine.es/wstempus/js/ES/DATOS_SERIE/ECP182065,Comunitat Valenciana. Todas las edades. Española. Total. Población. Número.,3
2004-07-01,2004T3,ECP182065,4026502.0,Número,INE,https://servicios.ine.es/wstempus/js/ES/DATOS_SERIE/ECP182065,Comunitat Valenciana. Todas las edades. Española. Total. Población. Número.,3
2005-01-01,2005T1,ECP182065,4044879.0,Número,INE,https://servicios.ine.es/wstempus/js/ES/DATOS_SERIE/ECP182065,Comunitat Valenciana. Todas las edades. Española. Total. Población. Número.,3
2005-07-01,2005T3,ECP182065,4057928.0,Número,INE,https://servicios.ine.es/wstempus/js/ES/DATOS_SERIE/ECP182065,Comunitat Valenciana. Todas las edades. Española. Total. Población. Número.,3
2006-01-01,2006T1,ECP182065,4076241.0,Número,INE,https://servicios.ine.es/wstempus/js/ES/DATOS_SERIE/ECP182065,Comunitat Valenciana. Todas las edades. Española. Total. Población. Número.,3
2006-07-01,2006T3,ECP182065,4092640.0,Número,INE,https://servicios.ine.es/wstempus/js/ES/DATOS_SERIE/ECP182065,Comunitat Valenciana. Todas las edades. Española. Total. Población. Número.,3
2007-01-01,2007T1,ECP182065,4110280.0,Número,INE,https://servicios.ine.es/wstempus/js/ES/DATOS_SERIE/ECP182065,Comunitat Valenciana. Todas las edades. Española. Total. Población. Número.,3
2007-07-01,2007T3,ECP182065,4125527.0,Número,INE,https://servicios.ine.es/wstempus/js/ES/DATOS_SERIE/ECP182065,Comunitat Valenciana. Todas las edades. Española. Total. Población. Número.,3
2008-01-01,2008T1,ECP182065,4144983.0,Número,INE,https://servicios.ine.es/wstempus/js/ES/DATOS_SERIE/ECP182065,Comunitat Valenciana. Todas las edades. Española. Total. Población. Número.,3
2008-07-01,2008T3,ECP182065,4161644.0,Número,INE,https://servicios.ine.es/wstempus/js/ES/DATOS_SERIE/ECP182065,Comunitat Valenciana. Todas las edades. Española. Total. Población. Número.,3
2009-01-01,2009T1,ECP182065,4177094.0,Número,INE,https://servicios.ine.es/wstempus/js/ES/DATOS_SERIE/ECP182065,Comunitat Valenciana. Todas las edades. Española. Total. Población. Número.,3
2009-07-01,2009T3,ECP182065,4185259.0,Número,INE,https://servicios.ine.es/wstempus/js/ES/DATOS_SERIE/ECP182065,Comunitat Valenciana. Todas las edades. Española. Total. Población. Número.,3
2010-01-01,2010T1,ECP182065,4201442.0,Número,INE,https://servicios.ine.es/wstempus/js/ES/DATOS_SERIE/ECP182065,Comunitat Valenciana. Todas las edades. Española. Total. Población. Número.,3
2010-07-01,2010T3,ECP182065,4215931.0,Número,INE,https://servicios.ine.es/wstempus/js/ES/DATOS_SERIE/ECP182065,Comunitat Valenciana. Todas las edades. Española. Total. Población. Número.,3
2011-01-01,2011T1,ECP182065,4232425.0,Número,INE,https://servicios.ine.es/wstempus/js/ES/DATOS_SERIE/ECP182065,Comunitat Valenciana. Todas las edades. Española. Total. Población. Número.,3
2011-07-01,2011T3,ECP182065,4243828.0,Número,INE,https://servicios.ine.es/wstempus/js/ES/DATOS_SERIE/ECP182065,Comunitat Valenciana. Todas las edades. Española. Total. Población. Número.,3
2012-01-01,2012T1,ECP182065,4254668.0,Número,INE,https://servicios.ine.es/wstempus/js/ES/DATOS_SERIE/ECP182065,Comunitat Valenciana. Todas las edades. Española. Total. Población. Número.,3
2012-07-01,2012T3,ECP182065,4258195.0,Número,INE,https://servicios.ine.es/wstempus/js/ES/DATOS_SERIE/ECP182065,Comunitat Valenciana. Todas las edades. Española. Total. Población. Número.,3
2013-01-01,2013T1,ECP182065,4259962.0,Número,INE,https://servicios.ine.es/wstempus/js/ES/DATOS_SERIE/ECP182065,Comunitat Valenciana. Todas las edades. Española. Total. Población. Número.,3
2013-07-01,2013T3,ECP182065,4264787.0,Número,INE,https://servicios.ine.es/wstempus/js/ES/DATOS_SERIE/ECP182065,Comunitat Valenciana. Todas las edades. Española. Total. Población. Número.,3
2014-01-01,2014T1,ECP182065,4274822.0,Número,INE,https://servicios.ine.es/wstempus/js/ES/DATOS_SERIE/ECP182065,Comunitat Valenciana. Todas las edades. Española. Total. Población. Número.,3
2014-07-01,2014T3,ECP182065,4282807.0,Número,INE,https://servicios.ine.es/wstempus/js/ES/DATOS_SERIE/ECP182065,Comunitat Valenciana. Todas las edades. Española. Total. Población. Número.,3
2015-01-01,2015T1,ECP182065,4289473.0,Número,INE,https://servicios.ine.es/wstempus/js/ES/DATOS_SERIE/ECP182065,Comunitat Valenciana. Todas las edades. Española. Total. Población. Número.,3
2015-07-01,2015T3,ECP182065,4289645.0,Número,INE,https://servicios.ine.es/wstempus/js/ES/DATOS_SERIE/ECP182065,Comunitat Valenciana. Todas las edades. Española. Total. Población. Número.,3
2016-01-01,2016T1,ECP182065,4293078.0,Número,INE,https://servicios.ine.es/wstempus/js/ES/DATOS_SERIE/ECP182065,Comunitat Valenciana. Todas las edades. Española. Total. Población. Número.,3
2016-07-01,2016T3,ECP182065,4298782.0,Número,INE,https://servicios.ine.es/wstempus/js/ES/DATOS_SERIE/ECP182065,Comunitat Valenciana. Todas las edades. Española. Total. Población. Número.,3
2017-01-01,2017T1,ECP182065,4304348.0,Número,INE,https://servicios.ine.es/wstempus/js/ES/DATOS_SERIE/ECP182065,Comunitat Valenciana. Todas las edades. Española. Total. Población. Número.,3
2017-07-01,2017T3,ECP182065,4302815.0,Número,INE,https://servicios.ine.es/wstempus/js/ES/DATOS_SERIE/ECP182065,Comunitat Valenciana. Todas las edades. Española. Total. Población. Número.,3
2018-01-01,2018T1,ECP182065,4304506.0,Número,INE,https://servicios.ine.es/wstempus/js/ES/DATOS_SERIE/ECP182065,Comunitat Valenciana. Todas las edades. Española. Total. Población. Número.,3
2018-07-01,2018T3,ECP182065,4303549.0,Número,INE,https://servicios.ine.es/wstempus/js/ES/DATOS_SERIE/ECP182065,Comunitat Valenciana. Todas las edades. Española. Total. Población. Número.,3
2019-01-01,2019T1,ECP182065,4307456.0,Número,INE,https://servicios.ine.es/wstempus/js/ES/DATOS_SERIE/ECP182065,Comunitat Valenciana. Todas las edades. Española. Total. Población. Número.,3
2019-07-01,2019T3,ECP182065,4307515.0,Número,INE,https://servicios.ine.es/wstempus/js/ES/DATOS_SERIE/ECP182065,Comunitat Valenciana. Todas las edades. Española. Total. Población. Número.,3
2020-01-01,2020T1,ECP182065,4311840.0,Número,INE,https://servicios.ine.es/wstempus/js/ES/DATOS_SERIE/ECP182065,Comunitat Valenciana. Todas las edades. Española. Total. Población. Número.,3
2020-07-01,2020T3,ECP182065,4309392.0,Número,INE,https://servicios.ine.es/wstempus/js/ES/DATOS_SERIE/ECP182065,Comunitat Valenciana. Todas las edades. Española. Total. Población. Número.,3
2021-01-01,2021T1,ECP182065,4313310.0,Número,INE,https://servicios.ine.es/wstempus/js/ES/DATOS_SERIE/ECP182065,Comunitat Valenciana. Todas las edades. Española. Total. Población. Número.,3
2021-04-01,2021T2,ECP182065,4310816.0,Número,INE,https://servicios.ine.es/wstempus/js/ES/DATOS_SERIE/ECP182065,Comunitat Valenciana. Todas las edades. Española. Total. Población. Número.,3
2021-07-01,2021T3,ECP182065,4313864.0,Número,INE,https://servicios.ine.es/wstempus/js/ES/DATOS_SERIE/ECP182065,Comunitat Valenciana. Todas las edades. Española. Total. Población. Número.,3
2021-10-01,2021T4,ECP182065,4317547.0,Número,INE,https://servicios.ine.es/wstempus/js/ES/DATOS_SERIE/ECP182065,Comunitat Valenciana. Todas las edades. Española. Total. Población. Número.,3
2022-01-01,2022T1,ECP182065,4319024.0,Número,INE,https://servicios.ine.es/wstempus/js/ES/DATOS_SERIE/ECP182065,Comunitat Valenciana. Todas las edades. Española. Total. Población. Número.,3
2022-04-01,2022T2,ECP182065,4321197.0,Número,INE,https://servicios.ine.es/wstempus/js/ES/DATOS_SERIE/ECP182065,Comunitat Valenciana. Todas las edades. Española. Total. Población. Número.,3
2022-07-01,2022T3,ECP182065,4324424.0,Número,INE,https://servicios.ine.es/wstempus/js/ES/DATOS_SERIE/ECP182065,Comunitat Valenciana. Todas las edades. Española. Total. Población. Número.,3
2022-10-01,2022T4,ECP182065,4326632.0,Número,INE,https://servicios.ine.es/wstempus/js/ES/DATOS_SERIE/ECP182065,Comunitat Valenciana. Todas las edades. Española. Total. Población. Número.,3
2023-01-01,2023T1,ECP182065,4328039.0,Número,INE,https://servicios.ine.es/wstempus/js/ES/DATOS_SERIE/ECP182065,Comunitat Valenciana. Todas las edades. Española. Total. Población. Número.,3
2023-04-01,2023T2,ECP182065,4329702.0,Número,INE,https://servicios.ine.es/wstempus/js/ES/DATOS_SERIE/ECP182065,Comunitat Valenciana. Todas las edades. Española. Total. Población. Número.,3
2023-07-01,2023T3,ECP182065,4337392.0,Número,INE,https://servicios.ine.es/wstempus/js/ES/DATOS_SERIE/ECP182065,Comunitat Valenciana. Todas las edades. Española. Total. Población. Número.,3
2023-10-01,2023T4,ECP182065,4344510.0,Número,INE,https://servicios.ine.es/wstempus/js/ES/DATOS_SERIE/ECP182065,Comunitat Valenciana. Todas las edades. Española. Total. Población. Número.,3
2024-01-01,2024T1,ECP182065,4349683.0,Número,INE,https://servicios.ine.es/wstempus/js/ES/DATOS_SERIE/ECP182065,Comunitat Valenciana. Todas las edades. Española. Total. Población. Número.,3
2024-04-01,2024T2,ECP182065,4354492.0,Número,INE,https://servicios.ine.es/wstempus/js/ES/DATOS_SERIE/ECP182065,Comunitat Valenciana. Todas las edades. Española. Total. Población. Número.,3
2024-07-01,2024T3,ECP182065,4360254.0,Número,INE,https://servicios.ine.es/wstempus/js/ES/DATOS_SERIE/ECP182065,Comunitat Valenciana. Todas las edades. Española. Total. Población. Número.,3
2024-10-01,2024T4,ECP182065,4365844.0,Número,INE,https://servicios.ine.es/wstempus/js/ES/DATOS_SERIE/ECP182065,Comunitat Valenciana. Todas las edades. Española. Total. Población. Número.,3
2025-01-01,2025T1,ECP182065,4369257.0,Número,INE,https://servicios.ine.es/wstempus/js/ES/DATOS_SERIE/ECP182065,Comunitat Valenciana. Todas las edades. Española. Total. Población. Número.,3
2025-04-01,2025T2,ECP182065,4372763.0,Número,INE,https://servicios.ine.es/wstempus/js/ES/DATOS_SERIE/ECP182065,Comunitat Valenciana. Todas las edades. Española. Total. Población. Número.,3
2025-07-01,2025T3,ECP182065,4379353.0,Número,INE,https://servicios.ine.es/wstempus/js/ES/DATOS_SERIE/ECP182065,Comunitat Valenciana. Todas las edades. Española. Total. Población. Número.,3
2025-10-01,2025T4,ECP182065,4385730.0,Número,INE,https://servicios.ine.es/wstempus/js/ES/DATOS_SERIE/ECP182065,Comunitat Valenciana. Todas las edades. Española. Total. Población. Número.,3
2026-01-01,2026T1,ECP182065,4393706.0,Número,INE,https://servicios.ine.es/wstempus/js/ES/DATOS_SERIE/ECP182065,Comunitat Valenciana. Todas las edades. Española. Total. Población. Número.,3
2026-04-01,2026T2,ECP182065,4396439.0,Número,INE,https://servicios.ine.es/wstempus/js/ES/DATOS_SERIE/ECP182065,Comunitat Valenciana. Todas las edades. Española. Total. Población. Número.,3
2026-07-01,2026T3,ECP182065,4401133.0,Número,INE,https://servicios.ine.es/wstempus/js/ES/DATOS_SERIE/ECP182065,Comunitat Valenciana. Todas las edades. Española. Total. Población. Número.,3
2002-01-01,2002T1,ECP182067,2129420.0,Número,INE,https://servicios.ine.es/wstempus/js/ES/DATOS_SERIE/ECP182067,Comunitat Valenciana. Todas las edades. Total. Mujeres. Población. Número.,3
2002-07-01,2002T3,ECP182067,2157310.0,Número,INE,https://servicios.ine.es/wstempus/js/ES/DATOS_SERIE/ECP182067,Comunitat Valenciana. Todas las edades. Total. Mujeres. Población. Número.,3
2003-01-01,2003T1,ECP182067,2189260.0,Número,INE,https://servicios.ine.es/wstempus/js/ES/DATOS_SERIE/ECP182067,Comunitat Valenciana. Todas las edades. Total. Mujeres. Población. Número.,3
2003-07-01,2003T3,ECP182067,2216896.0,Número,INE,https://servicios.ine.es/wstempus/js/ES/DATOS_SERIE/ECP182067,Comunitat Valenciana. Todas las edades. Total. Mujeres. Población. Número.,3
2004-01-01,2004T1,ECP182067,2245198.0,Número,INE,https://servicios.ine.es/wstempus/js/ES/DATOS_SERIE/ECP182067,Comunitat Valenciana. Todas las edades. Total. Mujeres. Población. Número.,3
2004-07-01,2004T3,ECP182067,2270109.0,Número,INE,https://servicios.ine.es/wstempus/js/ES/DATOS_SERIE/ECP182067,Comunitat Valenciana. Todas las edades. Total. Mujeres. Población. Número.,3
2005-01-01,2005T1,ECP182067,2302335.0,Número,INE,https://servicios.ine.es/wstempus/js/ES/DATOS_SERIE/ECP182067,Comunitat Valenciana. Todas las edades. Total. Mujeres. Población. Número.,3
2005-07-01,2005T3,ECP182067,2327228.0,Número,INE,https://servicios.ine.es/wstempus/js/ES/DATOS_SERIE/ECP182067,Comunitat Valenciana. Todas las edades. Total. Mujeres. Población. Número.,3
2006-01-01,2006T1,ECP182067,2354058.0,Número,INE,https://servicios.ine.es/wstempus/js/ES/DATOS_SERIE/ECP182067,Comunitat Valenciana. Todas las edades. Total. Mujeres. Población. Número.,3
2006-07-01,2006T3,ECP182067,2380743.0,Número,INE,https://servicios.ine.es/wstempus/js/ES/DATOS_SERIE/ECP182067,Comunitat Valenciana. Todas las edades. Total. Mujeres. Población. Número.,3
2007-01-01,2007T1,ECP182067,2412480.0,Número,INE,https://servicios.ine.es/wstempus/js/ES/DATOS_SERIE/ECP182067,Comunitat Valenciana. Todas las edades. Total. Mujeres. Población. Número.,3
2007-07-01,2007T3,ECP182067,2443001.0,Número,INE,https://servicios.ine.es/wstempus/js/ES/DATOS_SERIE/ECP182067,Comunitat Valenciana. Todas las edades. Total. Mujeres. Población. Número.,3
2008-01-01,2008T1,ECP182067,2471860.0,Número,INE,https://servicios.ine.es/wstempus/js/ES/DATOS_SERIE/ECP182067,Comunitat Valenciana. Todas las edades. Total. Mujeres. Población. Número.,3
2008-07-01,2008T3,ECP182067,2487138.0,Número,INE,https://servicios.ine.es/wstempus/js/ES/DATOS_SERIE/ECP182067,Comunitat Valenciana. Todas las edades. Total. Mujeres. Población. Número.,3
2009-01-01,2009T1,ECP182067,2499014.0,Número,INE,https://servicios.ine.es/wstempus/js/ES/DATOS_SERIE/ECP182067,Comunitat Valenciana. Todas las edades. Total. Mujeres. Población. Número.,3
2009-07-01,2009T3,ECP182067,2502400.0,Número,INE,https://servicios.ine.es/wstempus/js/ES/DATOS_SERIE/ECP182067,Comunitat Valenciana. Todas las edades. Total. Mujeres. Población. Número.,3
2010-01-01,2010T1,ECP182067,2506746.0,Número,INE,https://servicios.ine.es/wstempus/js/ES/DATOS_SERIE/ECP182067,Comunitat Valenciana. Todas las edades. Total. Mujeres. Población. Número.,3
2010-07-01,2010T3,ECP182067,2508093.0,Número,INE,https://servicios.ine.es/wstempus/js/ES/DATOS_SERIE/ECP182067,Comunitat Valenciana. Todas las edades. Total. Mujeres. Población. Número.,3
2011-01-01,2011T1,ECP182067,2514396.0,Número,INE,https://servicios.ine.es/wstempus/js/ES/DATOS_SERIE/ECP182067,Comunitat Valenciana. Todas las edades. Total. Mujeres. Población. Número.,3
2011-07-01,2011T3,ECP182067,2516828.0,Número,INE,https://servicios.ine.es/wstempus/js/ES/DATOS_SERIE/ECP182067,Comunitat Valenciana. Todas las edades. Total. Mujeres. Población. Número.,3
2012-01-01,2012T1,ECP182067,2521987.0,Número,INE,https://servicios.ine.es/wstempus/js/ES/DATOS_SERIE/ECP182067,Comunitat Valenciana. Todas las edades. Total. Mujeres. Población. Número.,3
2012-07-01,2012T3,ECP182067,2518409.0,Número,INE,https://servicios.ine.es/wstempus/js/ES/DATOS_SERIE/ECP182067,Comunitat Valenciana. Todas las edades. Total. Mujeres. Población. Número.,3
2013-01-01,2013T1,ECP182067,2515270.0,Número,INE,https://servicios.ine.es/wstempus/js/ES/DATOS_SERIE/ECP182067,Comunitat Valenciana. Todas las edades. Total. Mujeres. Población. Número.,3
2013-07-01,2013T3,ECP182067,2507986.0,Número,INE,https://servicios.ine.es/wstempus/js/ES/DATOS_SERIE/ECP182067,Comunitat Valenciana. Todas las edades. Total. Mujeres. Población. Número.,3
2014-01-01,2014T1,ECP182067,2504880.0,Número,INE,https://servicios.ine.es/wstempus/js/ES/DATOS_SERIE/ECP182067,Comunitat Valenciana. Todas las edades. Total. Mujeres. Población. Número.,3
2014-07-01,2014T3,ECP182067,2501688.0,Número,INE,https://servicios.ine.es/wstempus/js/ES/DATOS_SERIE/ECP182067,Comunitat Valenciana. Todas las edades. Total. Mujeres. Población. Número.,3
2015-01-01,2015T1,ECP182067,2499552.0,Número,INE,https://servicios.ine.es/wstempus/js/ES/DATOS_SERIE/ECP182067,Comunitat Valenciana. Todas las edades. Total. Mujeres. Población. Número.,3
2015-07-01,2015T3,ECP182067,2496385.0,Número,INE,https://servicios.ine.es/wstempus/js/ES/DATOS_SERIE/ECP182067,Comunitat Valenciana. Todas las edades. Total. Mujeres. Población. Número.,3
2016-01-01,2016T1,ECP182067,2498841.0,Número,INE,https://servicios.ine.es/wstempus/js/ES/DATOS_SERIE/ECP182067,Comunitat Valenciana. Todas las edades. Total. Mujeres. Población. Número.,3
2016-07-01,2016T3,ECP182067,2498229.0,Número,INE,https://servicios.ine.es/wstempus/js/ES/DATOS_SERIE/ECP182067,Comunitat Valenciana. Todas las edades. Total. Mujeres. Población. Número.,3
2017-01-01,2017T1,ECP182067,2503201.0,Número,INE,https://servicios.ine.es/wstempus/js/ES/DATOS_SERIE/ECP182067,Comunitat Valenciana. Todas las edades. Total. Mujeres. Población. Número.,3
2017-07-01,2017T3,ECP182067,2502053.0,Número,INE,https://servicios.ine.es/wstempus/js/ES/DATOS_SERIE/ECP182067,Comunitat Valenciana. Todas las edades. Total. Mujeres. Población. Número.,3
2018-01-01,2018T1,ECP182067,2512318.0,Número,INE,https://servicios.ine.es/wstempus/js/ES/DATOS_SERIE/ECP182067,Comunitat Valenciana. Todas las edades. Total. Mujeres. Población. Número.,3
2018-07-01,2018T3,ECP182067,2514535.0,Número,INE,https://servicios.ine.es/wstempus/js/ES/DATOS_SERIE/ECP182067,Comunitat Valenciana. Todas las edades. Total. Mujeres. Población. Número.,3
2019-01-01,2019T1,ECP182067,2528991.0,Número,INE,https://servicios.ine.es/wstempus/js/ES/DATOS_SERIE/ECP182067,Comunitat Valenciana. Todas las edades. Total. Mujeres. Población. Número.,3
2019-07-01,2019T3,ECP182067,2542034.0,Número,INE,https://servicios.ine.es/wstempus/js/ES/DATOS_SERIE/ECP182067,Comunitat Valenciana. Todas las edades. Total. Mujeres. Población. Número.,3
2020-01-01,2020T1,ECP182067,2558412.0,Número,INE,https://servicios.ine.es/wstempus/js/ES/DATOS_SERIE/ECP182067,Comunitat Valenciana. Todas las edades. Total. Mujeres. Población. Número.,3
2020-07-01,2020T3,ECP182067,2563537.0,Número,INE,https://servicios.ine.es/wstempus/js/ES/DATOS_SERIE/ECP182067,Comunitat Valenciana. Todas las edades. Total. Mujeres. Población. Número.,3
2021-01-01,2021T1,ECP182067,2570159.0,Número,INE,https://servicios.ine.es/wstempus/js/ES/DATOS_SERIE/ECP182067,Comunitat Valenciana. Todas las edades. Total. Mujeres. Población. Número.,3
2021-04-01,2021T2,ECP182067,2569445.0,Número,INE,https://servicios.ine.es/wstempus/js/ES/DATOS_SERIE/ECP182067,Comunitat Valenciana. Todas las edades. Total. Mujeres. Población. Número.,3
2021-07-01,2021T3,ECP182067,2572737.0,Número,INE,https://servicios.ine.es/wstempus/js/ES/DATOS_SERIE/ECP182067,Comunitat Valenciana. Todas las edades. Total. Mujeres. Población. Número.,3
2021-10-01,2021T4,ECP182067,2581992.0,Número,INE,https://servicios.ine.es/wstempus/js/ES/DATOS_SERIE/ECP182067,Comunitat Valenciana. Todas las edades. Total. Mujeres. Población. Número.,3
2022-01-01,2022T1,ECP182067,2591392.0,Número,INE,https://servicios.ine.es/wstempus/js/ES/DATOS_SERIE/ECP182067,Comunitat Valenciana. Todas las edades. Total. Mujeres. Población. Número.,3
2022-04-01,2022T2,ECP182067,2602607.0,Número,INE,https://servicios.ine.es/wstempus/js/ES/DATOS_SERIE/ECP182067,Comunitat Valenciana. Todas las edades. Total. Mujeres. Población. Número.,3
2022-07-01,2022T3,ECP182067,2619367.0,Número,INE,https://servicios.ine.es/wstempus/js/ES/DATOS_SERIE/ECP182067,Comunitat Valenciana. Todas las edades. Total. Mujeres. Población. Número.,3
2022-10-01,2022T4,ECP182067,2634469.0,Número,INE,https://servicios.ine.es/wstempus/js/ES/DATOS_SERIE/ECP182067,Comunitat Valenciana. Todas las edades. Total. Mujeres. Población. Número.,3
2023-01-01,2023T1,ECP182067,2650269.0,Número,INE,https://servicios.ine.es/wstempus/js/ES/DATOS_SERIE/ECP182067,Comunitat Valenciana. Todas las edades. Total. Mujeres. Población. Número.,3
2023-04-01,2023T2,ECP182067,2661640.0,Número,INE,https://servicios.ine.es/wstempus/js/ES/DATOS_SERIE/ECP182067,Comunitat Valenciana. Todas las edades. Total. Mujeres. Población. Número.,3
2023-07-01,2023T3,ECP182067,2673654.0,Número,INE,https://servicios.ine.es/wstempus/js/ES/DATOS_SERIE/ECP182067,Comunitat Valenciana. Todas las edades. Total. Mujeres. Población. Número.,3
2023-10-01,2023T4,ECP182067,2689869.0,Número,INE,https://servicios.ine.es/wstempus/js/ES/DATOS_SERIE/ECP182067,Comunitat Valenciana. Todas las edades. Total. Mujeres. Población. Número.,3
2024-01-01,2024T1,ECP182067,2703433.0,Número,INE,https://servicios.ine.es/wstempus/js/ES/DATOS_SERIE/ECP182067,Comunitat Valenciana. Todas las edades. Total. Mujeres. Población. Número.,3
2024-04-01,2024T2,ECP182067,2714543.0,Número,INE,https://servicios.ine.es/wstempus/js/ES/DATOS_SERIE/ECP182067,Comunitat Valenciana. Todas las edades. Total. Mujeres. Población. Número.,3
2024-07-01,2024T3,ECP182067,2725557.0,Número,INE,https://servicios.ine.es/wstempus/js/ES/DATOS_SERIE/ECP182067,Comunitat Valenciana. Todas las edades. Total. Mujeres. Población. Número.,3
2024-10-01,2024T4,ECP182067,2740660.0,Número,INE,https://servicios.ine.es/wstempus/js/ES/DATOS_SERIE/ECP182067,Comunitat Valenciana. Todas las edades. Total. Mujeres. Población. Número.,3
2025-01-01,2025T1,ECP182067,2754625.0,Número,INE,https://servicios.ine.es/wstempus/js/ES/DATOS_SERIE/ECP182067,Comunitat Valenciana. Todas las edades. Total. Mujeres. Población. Número.,3
2025-04-01,2025T2,ECP182067,2765503.0,Número,INE,https://servicios.ine.es/wstempus/js/ES/DATOS_SERIE/ECP182067,Comunitat Valenciana. Todas las edades. Total. Mujeres. Población. Número.,3
2025-07-01,2025T3,ECP182067,2778741.0,Número,INE,https://servicios.ine.es/wstempus/js/ES/DATOS_SERIE/ECP182067,Comunitat Valenciana. Todas las edades. Total. Mujeres. Población. Número.,3
2025-10-01,2025T4,ECP182067,2791777.0,Número,INE,https://servicios.ine.es/wstempus/js/ES/DATOS_SERIE/ECP182067,Comunitat Valenciana. Todas las edades. Total. Mujeres. Población. Número.,3
2026-01-01,2026T1,ECP182067,2803129.0,Número,INE,https://servicios.ine.es/wstempus/js/ES/DATOS_SERIE/ECP182067,Comunitat Valenciana. Todas las edades. Total. Mujeres. Población. Número.,3
2026-04-01,2026T2,ECP182067,2813011.0,Número,INE,https://servicios.ine.es/wstempus/js/ES/DATOS_SERIE/ECP182067,Comunitat Valenciana. Todas las edades. Total. Mujeres. Población. Número.,3
2026-07-01,2026T3,ECP182067,2823782.0,Número,INE,https://servicios.ine.es/wstempus/js/ES/DATOS_SERIE/ECP182067,Comunitat Valenciana. Todas las edades. Total. Mujeres. Población. Número.,3
2002-01-01,2002T1,ECP182068,2062867.0,Número,INE,https://servicios.ine.es/wstempus/js/ES/DATOS_SERIE/ECP182068,Comunitat Valenciana. Todas las edades. Total. Hombres. Población. Número.,3
2002-07-01,2002T3,ECP182068,2097011.0,Número,INE,https://servicios.ine.es/wstempus/js/ES/DATOS_SERIE/ECP182068,Comunitat Valenciana. Todas las edades. Total. Hombres. Población. Número.,3
2003-01-01,2003T1,ECP182068,2132803.0,Número,INE,https://servicios.ine.es/wstempus/js/ES/DATOS_SERIE/ECP182068,Comunitat Valenciana. Todas las edades. Total. Hombres. Población. Número.,3
2003-07-01,2003T3,ECP182068,2164747.0,Número,INE,https://servicios.ine.es/wstempus/js/ES/DATOS_SERIE/ECP182068,Comunitat Valenciana. Todas las edades. Total. Hombres. Población. Número.,3
2004-01-01,2004T1,ECP182068,2196749.0,Número,INE,https://servicios.ine.es/wstempus/js/ES/DATOS_SERIE/ECP182068,Comunitat Valenciana. Todas las edades. Total. Hombres. Población. Número.,3
2004-07-01,2004T3,ECP182068,2225994.0,Número,INE,https://servicios.ine.es/wstempus/js/ES/DATOS_SERIE/ECP182068,Comunitat Valenciana. Todas las edades. Total. Hombres. Población. Número.,3
2005-01-01,2005T1,ECP182068,2264831.0,Número,INE,https://servicios.ine.es/wstempus/js/ES/DATOS_SERIE/ECP182068,Comunitat Valenciana. Todas las edades. Total. Hombres. Población. Número.,3
2005-07-01,2005T3,ECP182068,2298114.0,Número,INE,https://servicios.ine.es/wstempus/js/ES/DATOS_SERIE/ECP182068,Comunitat Valenciana. Todas las edades. Total. Hombres. Población. Número.,3
2006-01-01,2006T1,ECP182068,2326981.0,Número,INE,https://servicios.ine.es/wstempus/js/ES/DATOS_SERIE/ECP182068,Comunitat Valenciana. Todas las edades. Total. Hombres. Población. Número.,3
2006-07-01,2006T3,ECP182068,2355935.0,Número,INE,https://servicios.ine.es/wstempus/js/ES/DATOS_SERIE/ECP182068,Comunitat Valenciana. Todas las edades. Total. Hombres. Población. Número.,3
2007-01-01,2007T1,ECP182068,2389148.0,Número,INE,https://servicios.ine.es/wstempus/js/ES/DATOS_SERIE/ECP182068,Comunitat Valenciana. Todas las edades. Total. Hombres. Población. Número.,3
2007-07-01,2007T3,ECP182068,2424676.0,Número,INE,https://servicios.ine.es/wstempus/js/ES/DATOS_SERIE/ECP182068,Comunitat Valenciana. Todas las edades. Total. Hombres. Población. Número.,3
2008-01-01,2008T1,ECP182068,2456232.0,Número,INE,https://servicios.ine.es/wstempus/js/ES/DATOS_SERIE/ECP182068,Comunitat Valenciana. Todas las edades. Total. Hombres. Población. Número.,3
2008-07-01,2008T3,ECP182068,2472427.0,Número,INE,https://servicios.ine.es/wstempus/js/ES/DATOS_SERIE/ECP182068,Comunitat Valenciana. Todas las edades. Total. Hombres. Población. Número.,3
2009-01-01,2009T1,ECP182068,2482262.0,Número,INE,https://servicios.ine.es/wstempus/js/ES/DATOS_SERIE/ECP182068,Comunitat Valenciana. Todas las edades. Total. Hombres. Población. Número.,3
2009-07-01,2009T3,ECP182068,2481999.0,Número,INE,https://servicios.ine.es/wstempus/js/ES/DATOS_SERIE/ECP182068,Comunitat Valenciana. Todas las edades. Total. Hombres. Población. Número.,3
2010-01-01,2010T1,ECP182068,2482885.0,Número,INE,https://servicios.ine.es/wstempus/js/ES/DATOS_SERIE/ECP182068,Comunitat Valenciana. Todas las edades. Total. Hombres. Población. Número.,3
2010-07-01,2010T3,ECP182068,2480829.0,Número,INE,https://servicios.ine.es/wstempus/js/ES/DATOS_SERIE/ECP182068,Comunitat Valenciana. Todas las edades. Total. Hombres. Población. Número.,3
2011-01-01,2011T1,ECP182068,2484814.0,Número,INE,https://servicios.ine.es/wstempus/js/ES/DATOS_SERIE/ECP182068,Comunitat Valenciana. Todas las edades. Total. Hombres. Población. Número.,3
2011-07-01,2011T3,ECP182068,2485294.0,Número,INE,https://servicios.ine.es/wstempus/js/ES/DATOS_SERIE/ECP182068,Comunitat Valenciana. Todas las edades. Total. Hombres. Población. Número.,3
2012-01-01,2012T1,ECP182068,2487660.0,Número,INE,https://servicios.ine.es/wstempus/js/ES/DATOS_SERIE/ECP182068,Comunitat Valenciana. Todas las edades. Total. Hombres. Población. Número.,3
2012-07-01,2012T3,ECP182068,2480659.0,Número,INE,https://servicios.ine.es/wstempus/js/ES/DATOS_SERIE/ECP182068,Comunitat Valenciana. Todas las edades. Total. Hombres. Población. Número.,3
2013-01-01,2013T1,ECP182068,2473095.0,Número,INE,https://servicios.ine.es/wstempus/js/ES/DATOS_SERIE/ECP182068,Comunitat Valenciana. Todas las edades. Total. Hombres. Población. Número.,3
2013-07-01,2013T3,ECP182068,2461985.0,Número,INE,https://servicios.ine.es/wstempus/js/ES/DATOS_SERIE/ECP182068,Comunitat Valenciana. Todas las edades. Total. Hombres. Población. Número.,3
2014-01-01,2014T1,ECP182068,2455333.0,Número,INE,https://servicios.ine.es/wstempus/js/ES/DATOS_SERIE/ECP182068,Comunitat Valenciana. Todas las edades. Total. Hombres. Población. Número.,3
2014-07-01,2014T3,ECP182068,2449992.0,Número,INE,https://servicios.ine.es/wstempus/js/ES/DATOS_SERIE/ECP182068,Comunitat Valenciana. Todas las edades. Total. Hombres. Población. Número.,3
2015-01-01,2015T1,ECP182068,2445540.0,Número,INE,https://servicios.ine.es/wstempus/js/ES/DATOS_SERIE/ECP182068,Comunitat Valenciana. Todas las edades. Total. Hombres. Población. Número.,3
2015-07-01,2015T3,ECP182068,2440838.0,Número,INE,https://servicios.ine.es/wstempus/js/ES/DATOS_SERIE/ECP182068,Comunitat Valenciana. Todas las edades. Total. Hombres. Población. Número.,3
2016-01-01,2016T1,ECP182068,2441047.0,Número,INE,https://servicios.ine.es/wstempus/js/ES/DATOS_SERIE/ECP182068,Comunitat Valenciana. Todas las edades. Total. Hombres. Población. Número.,3
2016-07-01,2016T3,ECP182068,2438043.0,Número,INE,https://servicios.ine.es/wstempus/js/ES/DATOS_SERIE/ECP182068,Comunitat Valenciana. Todas las edades. Total. Hombres. Población. Número.,3
2017-01-01,2017T1,ECP182068,2440620.0,Número,INE,https://servicios.ine.es/wstempus/js/ES/DATOS_SERIE/ECP182068,Comunitat Valenciana. Todas las edades. Total. Hombres. Población. Número.,3
2017-07-01,2017T3,ECP182068,2438267.0,Número,INE,https://servicios.ine.es/wstempus/js/ES/DATOS_SERIE/ECP182068,Comunitat Valenciana. Todas las edades. Total. Hombres. Población. Número.,3
2018-01-01,2018T1,ECP182068,2446266.0,Número,INE,https://servicios.ine.es/wstempus/js/ES/DATOS_SERIE/ECP182068,Comunitat Valenciana. Todas las edades. Total. Hombres. Población. Número.,3
2018-07-01,2018T3,ECP182068,2447431.0,Número,INE,https://servicios.ine.es/wstempus/js/ES/DATOS_SERIE/ECP182068,Comunitat Valenciana. Todas las edades. Total. Hombres. Población. Número.,3
2019-01-01,2019T1,ECP182068,2460317.0,Número,INE,https://servicios.ine.es/wstempus/js/ES/DATOS_SERIE/ECP182068,Comunitat Valenciana. Todas las edades. Total. Hombres. Población. Número.,3
2019-07-01,2019T3,ECP182068,2473017.0,Número,INE,https://servicios.ine.es/wstempus/js/ES/DATOS_SERIE/ECP182068,Comunitat Valenciana. Todas las edades. Total. Hombres. Población. Número.,3
2020-01-01,2020T1,ECP182068,2488070.0,Número,INE,https://servicios.ine.es/wstempus/js/ES/DATOS_SERIE/ECP182068,Comunitat Valenciana. Todas las edades. Total. Hombres. Población. Número.,3
2020-07-01,2020T3,ECP182068,2492192.0,Número,INE,https://servicios.ine.es/wstempus/js/ES/DATOS_SERIE/ECP182068,Comunitat Valenciana. Todas las edades. Total. Hombres. Población. Número.,3
2021-01-01,2021T1,ECP182068,2497752.0,Número,INE,https://servicios.ine.es/wstempus/js/ES/DATOS_SERIE/ECP182068,Comunitat Valenciana. Todas las edades. Total. Hombres. Población. Número.,3
2021-04-01,2021T2,ECP182068,2496494.0,Número,INE,https://servicios.ine.es/wstempus/js/ES/DATOS_SERIE/ECP182068,Comunitat Valenciana. Todas las edades. Total. Hombres. Población. Número.,3
2021-07-01,2021T3,ECP182068,2499957.0,Número,INE,https://servicios.ine.es/wstempus/js/ES/DATOS_SERIE/ECP182068,Comunitat Valenciana. Todas las edades. Total. Hombres. Población. Número.,3
2021-10-01,2021T4,ECP182068,2509174.0,Número,INE,https://servicios.ine.es/wstempus/js/ES/DATOS_SERIE/ECP182068,Comunitat Valenciana. Todas las edades. Total. Hombres. Población. Número.,3
2022-01-01,2022T1,ECP182068,2516724.0,Número,INE,https://servicios.ine.es/wstempus/js/ES/DATOS_SERIE/ECP182068,Comunitat Valenciana. Todas las edades. Total. Hombres. Población. Número.,3
2022-04-01,2022T2,ECP182068,2525571.0,Número,INE,https://servicios.ine.es/wstempus/js/ES/DATOS_SERIE/ECP182068,Comunitat Valenciana. Todas las edades. Total. Hombres. Población. Número.,3
2022-07-01,2022T3,ECP182068,2538679.0,Número,INE,https://servicios.ine.es/wstempus/js/ES/DATOS_SERIE/ECP182068,Comunitat Valenciana. Todas las edades. Total. Hombres. Población. Número.,3
2022-10-01,2022T4,ECP182068,2552113.0,Número,INE,https://servicios.ine.es/wstempus/js/ES/DATOS_SERIE/ECP182068,Comunitat Valenciana. Todas las edades. Total. Hombres. Población. Número.,3
2023-01-01,2023T1,ECP182068,2565926.0,Número,INE,https://servicios.ine.es/wstempus/js/ES/DATOS_SERIE/ECP182068,Comunitat Valenciana. Todas las edades. Total. Hombres. Población. Número.,3
2023-04-01,2023T2,ECP182068,2576714.0,Número,INE,https://servicios.ine.es/wstempus/js/ES/DATOS_SERIE/ECP182068,Comunitat Valenciana. Todas las edades. Total. Hombres. Población. Número.,3
2023-07-01,2023T3,ECP182068,2587835.0,Número,INE,https://servicios.ine.es/wstempus/js/ES/DATOS_SERIE/ECP182068,Comunitat Valenciana. Todas las edades. Total. Hombres. Población. Número.,3
2023-10-01,2023T4,ECP182068,2603138.0,Número,INE,https://servicios.ine.es/wstempus/js/ES/DATOS_SERIE/ECP182068,Comunitat Valenciana. Todas las edades. Total. Hombres. Población. Número.,3
2024-01-01,2024T1,ECP182068,2615852.0,Número,INE,https://servicios.ine.es/wstempus/js/ES/DATOS_SERIE/ECP182068,Comunitat Valenciana. Todas las edades. Total. Hombres. Población. Número.,3
2024-04-01,2024T2,ECP182068,2628482.0,Número,INE,https://servicios.ine.es/wstempus/js/ES/DATOS_SERIE/ECP182068,Comunitat Valenciana. Todas las edades. Total. Hombres. Población. Número.,3
2024-07-01,2024T3,ECP182068,2641064.0,Número,INE,https://servicios.ine.es/wstempus/js/ES/DATOS_SERIE/ECP182068,Comunitat Valenciana. Todas las edades. Total. Hombres. Población. Número.,3
2024-10-01,2024T4,ECP182068,2658011.0,Número,INE,https://servicios.ine.es/wstempus/js/ES/DATOS_SERIE/ECP182068,Comunitat Valenciana. Todas las edades. Total. Hombres. Población. Número.,3
2025-01-01,2025T1,ECP182068,2670557.0,Número,INE,https://servicios.ine.es/wstempus/js/ES/DATOS_SERIE/ECP182068,Comunitat Valenciana. Todas las edades. Total. Hombres. Población. Número.,3
2025-04-01,2025T2,ECP182068,2683711.0,Número,INE,https://servicios.ine.es/wstempus/js/ES/DATOS_SERIE/ECP182068,Comunitat Valenciana. Todas las edades. Total. Hombres. Población. Número.,3
2025-07-01,2025T3,ECP182068,2699333.0,Número,INE,https://servicios.ine.es/wstempus/js/ES/DATOS_SERIE/ECP182068,Comunitat Valenciana. Todas las edades. Total. Hombres. Población. Número.,3
2025-10-01,2025T4,ECP182068,2713260.0,Número,INE,https://servicios.ine.es/wstempus/js/ES/DATOS_SERIE/ECP182068,Comunitat Valenciana. Todas las edades. Total. Hombres. Población. Número.,3
2026-01-01,2026T1,ECP182068,2725952.0,Número,INE,https://servicios.ine.es/wstempus/js/ES/DATOS_SERIE/ECP182068,Comunitat Valenciana. Todas las edades. Total. Hombres. Población. Número.,3
2026-04-01,2026T2,ECP182068,2738155.0,Número,INE,https://servicios.ine.es/wstempus/js/ES/DATOS_SERIE/ECP182068,Comunitat Valenciana. Todas las edades. Total. Hombres. Población. Número.,3
2026-07-01,2026T3,ECP182068,2751166.0,Número,INE,https://servicios.ine.es/wstempus/js/ES/DATOS_SERIE/ECP182068,Comunitat Valenciana. Todas las edades. Total. Hombres. Población. Número.,3
2002-01-01,2002T1,ECP182070,4192287.0,Número,INE,https://servicios.ine.es/wstempus/js/ES/DATOS_SERIE/ECP182070,Comunitat Valenciana. Todas las edades. Total. Total. Población. Número.,3
2002-07-01,2002T3,ECP182070,4254321.0,Número,INE,https://servicios.ine.es/wstempus/js/ES/DATOS_SERIE/ECP182070,Comunitat Valenciana. Todas las edades. Total. Total. Población. Número.,3
2003-01-01,2003T1,ECP182070,4322063.0,Número,INE,https://servicios.ine.es/wstempus/js/ES/DATOS_SERIE/ECP182070,Comunitat Valenciana. Todas las edades. Total. Total. Población. Número.,3
2003-07-01,2003T3,ECP182070,4381643.0,Número,INE,https://servicios.ine.es/wstempus/js/ES/DATOS_SERIE/ECP182070,Comunitat Valenciana. Todas las edades. Total. Total. Población. Número.,3
2004-01-01,2004T1,ECP182070,4441947.0,Número,INE,https://servicios.ine.es/wstempus/js/ES/DATOS_SERIE/ECP182070,Comunitat Valenciana. Todas las edades. Total. Total. Población. Número.,3
2004-07-01,2004T3,ECP182070,4496103.0,Número,INE,https://servicios.ine.es/wstempus/js/ES/DATOS_SERIE/ECP182070,Comunitat Valenciana. Todas las edades. Total. Total. Población. Número.,3
2005-01-01,2005T1,ECP182070,4567166.0,Número,INE,https://servicios.ine.es/wstempus/js/ES/DATOS_SERIE/ECP182070,Comunitat Valenciana. Todas las edades. Total. Total. Población. Número.,3
2005-07-01,2005T3,ECP182070,4625341.0,Número,INE,https://servicios.ine.es/wstempus/js/ES/DATOS_SERIE/ECP182070,Comunitat Valenciana. Todas las edades. Total. Total. Población. Número.,3
2006-01-01,2006T1,ECP182070,4681039.0,Número,INE,https://servicios.ine.es/wstempus/js/ES/DATOS_SERIE/ECP182070,Comunitat Valenciana. Todas las edades. Total. Total. Población. Número.,3
2006-07-01,2006T3,ECP182070,4736678.0,Número,INE,https://servicios.ine.es/wstempus/js/ES/DATOS_SERIE/ECP182070,Comunitat Valenciana. Todas las edades. Total. Total. Población. Número.,3
2007-01-01,2007T1,ECP182070,4801628.0,Número,INE,https://servicios.ine.es/wstempus/js/ES/DATOS_SERIE/ECP182070,Comunitat Valenciana. Todas las edades. Total. Total. Población. Número.,3
2007-07-01,2007T3,ECP182070,4867677.0,Número,INE,https://servicios.ine.es/wstempus/js/ES/DATOS_SERIE/ECP182070,Comunitat Valenciana. Todas las edades. Total. Total. Población. Número.,3
2008-01-01,2008T1,ECP182070,4928093.0,Número,INE,https://servicios.ine.es/wstempus/js/ES/DATOS_SERIE/ECP182070,Comunitat Valenciana. Todas las edades. Total. Total. Población. Número.,3
2008-07-01,2008T3,ECP182070,4959565.0,Número,INE,https://servicios.ine.es/wstempus/js/ES/DATOS_SERIE/ECP182070,Comunitat Valenciana. Todas las edades. Total. Total. Población. Número.,3
2009-01-01,2009T1,ECP182070,4981276.0,Número,INE,https://servicios.ine.es/wstempus/js/ES/DATOS_SERIE/ECP182070,Comunitat Valenciana. Todas las edades. Total. Total. Población. Número.,3
2009-07-01,2009T3,ECP182070,4984398.0,Número,INE,https://servicios.ine.es/wstempus/js/ES/DATOS_SERIE/ECP182070,Comunitat Valenciana. Todas las edades. Total. Total. Población. Número.,3
2010-01-01,2010T1,ECP182070,4989631.0,Número,INE,https://servicios.ine.es/wstempus/js/ES/DATOS_SERIE/ECP182070,Comunitat Valenciana. Todas las edades. Total. Total. Población. Número.,3
2010-07-01,2010T3,ECP182070,4988922.0,Número,INE,https://servicios.ine.es/wstempus/js/ES/DATOS_SERIE/ECP182070,Comunitat Valenciana. Todas las edades. Total. Total. Población. Número.,3
2011-01-01,2011T1,ECP182070,4999211.0,Número,INE,https://servicios.ine.es/wstempus/js/ES/DATOS_SERIE/ECP182070,Comunitat Valenciana. Todas las edades. Total. Total. Población. Número.,3
2011-07-01,2011T3,ECP182070,5002122.0,Número,INE,https://servicios.ine.es/wstempus/js/ES/DATOS_SERIE/ECP182070,Comunitat Valenciana. Todas las edades. Total. Total. Población. Número.,3
2012-01-01,2012T1,ECP182070,5009647.0,Número,INE,https://servicios.ine.es/wstempus/js/ES/DATOS_SERIE/ECP182070,Comunitat Valenciana. Todas las edades. Total. Total. Población. Número.,3
2012-07-01,2012T3,ECP182070,4999068.0,Número,INE,https://servicios.ine.es/wstempus/js/ES/DATOS_SERIE/ECP182070,Comunitat Valenciana. Todas las edades. Total. Total. Población. Número.,3
2013-01-01,2013T1,ECP182070,4988365.0,Número,INE,https://servicios.ine.es/wstempus/js/ES/DATOS_SERIE/ECP182070,Comunitat Valenciana. Todas las edades. Total. Total. Población. Número.,3
2013-07-01,2013T3,ECP182070,4969971.0,Número,INE,https://servicios.ine.es/wstempus/js/ES/DATOS_SERIE/ECP182070,Comunitat Valenciana. Todas las edades. Total. Total. Población. Número.,3
2014-01-01,2014T1,ECP182070,4960213.0,Número,INE,https://servicios.ine.es/wstempus/js/ES/DATOS_SERIE/ECP182070,Comunitat Valenciana. Todas las edades. Total. Total. Población. Número.,3
2014-07-01,2014T3,ECP182070,4951680.0,Número,INE,https://servicios.ine.es/wstempus/js/ES/DATOS_SERIE/ECP182070,Comunitat Valenciana. Todas las edades. Total. Total. Población. Número.,3
2015-01-01,2015T1,ECP182070,4945092.0,Número,INE,https://servicios.ine.es/wstempus/js/ES/DATOS_SERIE/ECP182070,Comunitat Valenciana. Todas las edades. Total. Total. Población. Número.,3
2015-07-01,2015T3,ECP182070,4937223.0,Número,INE,https://servicios.ine.es/wstempus/js/ES/DATOS_SERIE/ECP182070,Comunitat Valenciana. Todas las edades. Total. Total. Población. Número.,3
2016-01-01,2016T1,ECP182070,4939888.0,Número,INE,https://servicios.ine.es/wstempus/js/ES/DATOS_SERIE/ECP182070,Comunitat Valenciana. Todas las edades. Total. Total. Población. Número.,3
2016-07-01,2016T3,ECP182070,4936272.0,Número,INE,https://servicios.ine.es/wstempus/js/ES/DATOS_SERIE/ECP182070,Comunitat Valenciana. Todas las edades. Total. Total. Población. Número.,3
2017-01-01,2017T1,ECP182070,4943821.0,Número,INE,https://servicios.ine.es/wstempus/js/ES/DATOS_SERIE/ECP182070,Comunitat Valenciana. Todas las edades. Total. Total. Población. Número.,3
2017-07-01,2017T3,ECP182070,4940320.0,Número,INE,https://servicios.ine.es/wstempus/js/ES/DATOS_SERIE/ECP182070,Comunitat Valenciana. Todas las edades. Total. Total. Población. Número.,3
2018-01-01,2018T1,ECP182070,4958584.0,Número,INE,https://servicios.ine.es/wstempus/js/ES/DATOS_SERIE/ECP182070,Comunitat Valenciana. Todas las edades. Total. Total. Población. Número.,3
2018-07-01,2018T3,ECP182070,4961966.0,Número,INE,https://servicios.ine.es/wstempus/js/ES/DATOS_SERIE/ECP182070,Comunitat Valenciana. Todas las edades. Total. Total. Población. Número.,3
2019-01-01,2019T1,ECP182070,4989308.0,Número,INE,https://servicios.ine.es/wstempus/js/ES/DATOS_SERIE/ECP182070,Comunitat Valenciana. Todas las edades. Total. Total. Población. Número.,3
2019-07-01,2019T3,ECP182070,5015051.0,Número,INE,https://servicios.ine.es/wstempus/js/ES/DATOS_SERIE/ECP182070,Comunitat Valenciana. Todas las edades. Total. Total. Población. Número.,3
2020-01-01,2020T1,ECP182070,5046482.0,Número,INE,https://servicios.ine.es/wstempus/js/ES/DATOS_SERIE/ECP182070,Comunitat Valenciana. Todas las edades. Total. Total. Población. Número.,3
2020-07-01,2020T3,ECP182070,5055729.0,Número,INE,https://servicios.ine.es/wstempus/js/ES/DATOS_SERIE/ECP182070,Comunitat Valenciana. Todas las edades. Total. Total. Población. Número.,3
2021-01-01,2021T1,ECP182070,5067911.0,Número,INE,https://servicios.ine.es/wstempus/js/ES/DATOS_SERIE/ECP182070,Comunitat Valenciana. Todas las edades. Total. Total. Población. Número.,3
2021-04-01,2021T2,ECP182070,5065939.0,Número,INE,https://servicios.ine.es/wstempus/js/ES/DATOS_SERIE/ECP182070,Comunitat Valenciana. Todas las edades. Total. Total. Población. Número.,3
2021-07-01,2021T3,ECP182070,5072694.0,Número,INE,https://servicios.ine.es/wstempus/js/ES/DATOS_SERIE/ECP182070,Comunitat Valenciana. Todas las edades. Total. Total. Población. Número.,3
2021-10-01,2021T4,ECP182070,5091166.0,Número,INE,https://servicios.ine.es/wstempus/js/ES/DATOS_SERIE/ECP182070,Comunitat Valenciana. Todas las edades. Total. Total. Población. Número.,3
2022-01-01,2022T1,ECP182070,5108116.0,Número,INE,https://servicios.ine.es/wstempus/js/ES/DATOS_SERIE/ECP182070,Comunitat Valenciana. Todas las edades. Total. Total. Población. Número.,3
2022-04-01,2022T2,ECP182070,5128178.0,Número,INE,https://servicios.ine.es/wstempus/js/ES/DATOS_SERIE/ECP182070,Comunitat Valenciana. Todas las edades. Total. Total. Población. Número.,3
2022-07-01,2022T3,ECP182070,5158046.0,Número,INE,https://servicios.ine.es/wstempus/js/ES/DATOS_SERIE/ECP182070,Comunitat Valenciana. Todas las edades. Total. Total. Población. Número.,3
2022-10-01,2022T4,ECP182070,5186582.0,Número,INE,https://servicios.ine.es/wstempus/js/ES/DATOS_SERIE/ECP182070,Comunitat Valenciana. Todas las edades. Total. Total. Población. Número.,3
2023-01-01,2023T1,ECP182070,5216195.0,Número,INE,https://servicios.ine.es/wstempus/js/ES/DATOS_SERIE/ECP182070,Comunitat Valenciana. Todas las edades. Total. Total. Población. Número.,3
2023-04-01,2023T2,ECP182070,5238354.0,Número,INE,https://servicios.ine.es/wstempus/js/ES/DATOS_SERIE/ECP182070,Comunitat Valenciana. Todas las edades. Total. Total. Población. Número.,3
2023-07-01,2023T3,ECP182070,5261489.0,Número,INE,https://servicios.ine.es/wstempus/js/ES/DATOS_SERIE/ECP182070,Comunitat Valenciana. Todas las edades. Total. Total. Población. Número.,3
2023-10-01,2023T4,ECP182070,5293007.0,Número,INE,https://servicios.ine.es/wstempus/js/ES/DATOS_SERIE/ECP182070,Comunitat Valenciana. Todas las edades. Total. Total. Población. Número.,3
2024-01-01,2024T1,ECP182070,5319285.0,Número,INE,https://servicios.ine.es/wstempus/js/ES/DATOS_SERIE/ECP182070,Comunitat Valenciana. Todas las edades. Total. Total. Población. Número.,3
2024-04-01,2024T2,ECP182070,5343025.0,Número,INE,https://servicios.ine.es/wstempus/js/ES/DATOS_SERIE/ECP182070,Comunitat Valenciana. Todas las edades. Total. Total. Población. Número.,3
2024-07-01,2024T3,ECP182070,5366621.0,Número,INE,https://servicios.ine.es/wstempus/js/ES/DATOS_SERIE/ECP182070,Comunitat Valenciana. Todas las edades. Total. Total. Población. Número.,3
2024-10-01,2024T4,ECP182070,5398671.0,Número,INE,https://servicios.ine.es/wstempus/js/ES/DATOS_SERIE/ECP182070,Comunitat Valenciana. Todas las edades. Total. Total. Población. Número.,3
2025-01-01,2025T1,ECP182070,5425182.0,Número,INE,https://servicios.ine.es/wstempus/js/ES/DATOS_SERIE/ECP182070,Comunitat Valenciana. Todas las edades. Total. Total. Población. Número.,3
2025-04-01,2025T2,ECP182070,5449214.0,Número,INE,https://servicios.ine.es/wstempus/js/ES/DATOS_SERIE/ECP182070,Comunitat Valenciana. Todas las edades. Total. Total. Población. Número.,3
2025-07-01,2025T3,ECP182070,5478074.0,Número,INE,https://servicios.ine.es/wstempus/js/ES/DATOS_SERIE/ECP182070,Comunitat Valenciana. Todas las edades. Total. Total. Población. Número.,3
2025-10-01,2025T4,ECP182070,5505037.0,Número,INE,https://servicios.ine.es/wstempus/js/ES/DATOS_SERIE/ECP182070,Comunitat Valenciana. Todas las edades. Total. Total. Población. Número.,3
2026-01-01,2026T1,ECP182070,5529081.0,Número,INE,https://servicios.ine.es/wstempus/js/ES/DATOS_SERIE/ECP182070,Comunitat Valenciana. Todas las edades. Total. Total. Población. Número.,3
2026-04-01,2026T2,ECP182070,5551166.0,Número,INE,https://servicios.ine.es/wstempus/js/ES/DATOS_SERIE/ECP182070,Comunitat Valenciana. Todas las edades. Total. Total. Población. Número.,3
2026-07-01,2026T3,ECP182070,5574948.0,Número,INE,https://servicios.ine.es/wstempus/js/ES/DATOS_SERIE/ECP182070,Comunitat Valenciana. Todas las edades. Total. Total. Población. Número.,3
