tabla,serie,nombre,fecha,periodo,valor,url
66088,EPA644031,Ocupados. Total Nacional. Ambos sexos. Total CNAE. Personas. ,1199142000000,2008-28,20469.7,https://servicios.ine.es/wstempus/js/ES/DATOS_TABLA/66088?nult=400
66088,EPA644031,Ocupados. Total Nacional. Ambos sexos. Total CNAE. Personas. ,1167606000000,2007-28,20579.9,https://servicios.ine.es/wstempus/js/ES/DATOS_TABLA/66088?nult=400
66088,EPA644031,Ocupados. Total Nacional. Ambos sexos. Total CNAE. Personas. ,1136070000000,2006-28,19939.1,https://servicios.ine.es/wstempus/js/ES/DATOS_TABLA/66088?nult=400
66088,EPA680608,Ocupados. Ambos sexos. Total Nacional. Agricultura. Personas. ,1199142000000,2008-28,888.4,https://servicios.ine.es/wstempus/js/ES/DATOS_TABLA/66088?nult=400
66088,EPA680608,Ocupados. Ambos sexos. Total Nacional. Agricultura. Personas. ,1167606000000,2007-28,929.4,https://servicios.ine.es/wstempus/js/ES/DATOS_TABLA/66088?nult=400
66088,EPA680608,Ocupados. Ambos sexos. Total Nacional. Agricultura. Personas. ,1136070000000,2006-28,958.1,https://servicios.ine.es/wstempus/js/ES/DATOS_TABLA/66088?nult=400
66088,EPA680609,Ocupados. Ambos sexos. Total Nacional. Industria. Personas. ,1199142000000,2008-28,3264.0,https://servicios.ine.es/wstempus/js/ES/DATOS_TABLA/66088?nult=400
66088,EPA680609,Ocupados. Ambos sexos. Total Nacional. Industria. Personas. ,1167606000000,2007-28,3287.3,https://servicios.ine.es/wstempus/js/ES/DATOS_TABLA/66088?nult=400
66088,EPA680609,Ocupados. Ambos sexos. Total Nacional. Industria. Personas. ,1136070000000,2006-28,3319.8,https://servicios.ine.es/wstempus/js/ES/DATOS_TABLA/66088?nult=400
66088,EPA680610,Ocupados. Ambos sexos. Total Nacional. Construcción. Personas. ,1199142000000,2008-28,2408.7,https://servicios.ine.es/wstempus/js/ES/DATOS_TABLA/66088?nult=400
66088,EPA680610,Ocupados. Ambos sexos. Total Nacional. Construcción. Personas. ,1167606000000,2007-28,2703.4,https://servicios.ine.es/wstempus/js/ES/DATOS_TABLA/66088?nult=400
66088,EPA680610,Ocupados. Ambos sexos. Total Nacional. Construcción. Personas. ,1136070000000,2006-28,2542.9,https://servicios.ine.es/wstempus/js/ES/DATOS_TABLA/66088?nult=400
66088,EPA680611,Ocupados. Ambos sexos. Total Nacional. Servicios. Personas. ,1199142000000,2008-28,13908.5,https://servicios.ine.es/wstempus/js/ES/DATOS_TABLA/66088?nult=400
66088,EPA680611,Ocupados. Ambos sexos. Total Nacional. Servicios. Personas. ,1167606000000,2007-28,13659.8,https://servicios.ine.es/wstempus/js/ES/DATOS_TABLA/66088?nult=400
66088,EPA680611,Ocupados. Ambos sexos. Total Nacional. Servicios. Personas. ,1136070000000,2006-28,13118.2,https://servicios.ine.es/wstempus/js/ES/DATOS_TABLA/66088?nult=400
66088,EPA662796,Ocupados. Ambos sexos. Andalucía. Total CNAE. Personas. ,1199142000000,2008-28,3160.7,https://servicios.ine.es/wstempus/js/ES/DATOS_TABLA/66088?nult=400
66088,EPA662796,Ocupados. Ambos sexos. Andalucía. Total CNAE. Personas. ,1167606000000,2007-28,3238.6,https://servicios.ine.es/wstempus/js/ES/DATOS_TABLA/66088?nult=400
66088,EPA662796,Ocupados. Ambos sexos. Andalucía. Total CNAE. Personas. ,1136070000000,2006-28,3138.5,https://servicios.ine.es/wstempus/js/ES/DATOS_TABLA/66088?nult=400
66088,EPA680612,Ocupados. Ambos sexos. Andalucía. Agricultura. Personas. ,1199142000000,2008-28,232.5,https://servicios.ine.es/wstempus/js/ES/DATOS_TABLA/66088?nult=400
66088,EPA680612,Ocupados. Ambos sexos. Andalucía. Agricultura. Personas. ,1167606000000,2007-28,246.7,https://servicios.ine.es/wstempus/js/ES/DATOS_TABLA/66088?nult=400
66088,EPA680612,Ocupados. Ambos sexos. Andalucía. Agricultura. Personas. ,1136070000000,2006-28,256.6,https://servicios.ine.es/wstempus/js/ES/DATOS_TABLA/66088?nult=400
66088,EPA680613,Ocupados. Ambos sexos. Andalucía. Industria. Personas. ,1199142000000,2008-28,318.4,https://servicios.ine.es/wstempus/js/ES/DATOS_TABLA/66088?nult=400
66088,EPA680613,Ocupados. Ambos sexos. Andalucía. Industria. Personas. ,1167606000000,2007-28,327.9,https://servicios.ine.es/wstempus/js/ES/DATOS_TABLA/66088?nult=400
66088,EPA680613,Ocupados. Ambos sexos. Andalucía. Industria. Personas. ,1136070000000,2006-28,316.4,https://servicios.ine.es/wstempus/js/ES/DATOS_TABLA/66088?nult=400
66088,EPA680614,Ocupados. Ambos sexos. Andalucía. Construcción. Personas. ,1199142000000,2008-28,408.7,https://servicios.ine.es/wstempus/js/ES/DATOS_TABLA/66088?nult=400
66088,EPA680614,Ocupados. Ambos sexos. Andalucía. Construcción. Personas. ,1167606000000,2007-28,486.3,https://servicios.ine.es/wstempus/js/ES/DATOS_TABLA/66088?nult=400
66088,EPA680614,Ocupados. Ambos sexos. Andalucía. Construcción. Personas. ,1136070000000,2006-28,471.9,https://servicios.ine.es/wstempus/js/ES/DATOS_TABLA/66088?nult=400
66088,EPA680615,Ocupados. Ambos sexos. Andalucía. Servicios. Personas. ,1199142000000,2008-28,2201.0,https://servicios.ine.es/wstempus/js/ES/DATOS_TABLA/66088?nult=400
66088,EPA680615,Ocupados. Ambos sexos. Andalucía. Servicios. Personas. ,1167606000000,2007-28,2177.7,https://servicios.ine.es/wstempus/js/ES/DATOS_TABLA/66088?nult=400
66088,EPA680615,Ocupados. Ambos sexos. Andalucía. Servicios. Personas. ,1136070000000,2006-28,2093.6,https://servicios.ine.es/wstempus/js/ES/DATOS_TABLA/66088?nult=400
66088,EPA662809,Ocupados. Ambos sexos. Aragón. Total CNAE. Personas. ,1199142000000,2008-28,625.6,https://servicios.ine.es/wstempus/js/ES/DATOS_TABLA/66088?nult=400
66088,EPA662809,Ocupados. Ambos sexos. Aragón. Total CNAE. Personas. ,1167606000000,2007-28,623.3,https://servicios.ine.es/wstempus/js/ES/DATOS_TABLA/66088?nult=400
66088,EPA662809,Ocupados. Ambos sexos. Aragón. Total CNAE. Personas. ,1136070000000,2006-28,587.7,https://servicios.ine.es/wstempus/js/ES/DATOS_TABLA/66088?nult=400
66088,EPA680616,Ocupados. Ambos sexos. Aragón. Agricultura. Personas. ,1199142000000,2008-28,30.6,https://servicios.ine.es/wstempus/js/ES/DATOS_TABLA/66088?nult=400
66088,EPA680616,Ocupados. Ambos sexos. Aragón. Agricultura. Personas. ,1167606000000,2007-28,36.5,https://servicios.ine.es/wstempus/js/ES/DATOS_TABLA/66088?nult=400
66088,EPA680616,Ocupados. Ambos sexos. Aragón. Agricultura. Personas. ,1136070000000,2006-28,38.4,https://servicios.ine.es/wstempus/js/ES/DATOS_TABLA/66088?nult=400
66088,EPA680617,Ocupados. Ambos sexos. Aragón. Industria. Personas. ,1199142000000,2008-28,133.6,https://servicios.ine.es/wstempus/js/ES/DATOS_TABLA/66088?nult=400
66088,EPA680617,Ocupados. Ambos sexos. Aragón. Industria. Personas. ,1167606000000,2007-28,128.1,https://servicios.ine.es/wstempus/js/ES/DATOS_TABLA/66088?nult=400
66088,EPA680617,Ocupados. Ambos sexos. Aragón. Industria. Personas. ,1136070000000,2006-28,123.9,https://servicios.ine.es/wstempus/js/ES/DATOS_TABLA/66088?nult=400
66088,EPA680618,Ocupados. Ambos sexos. Aragón. Construcción. Personas. ,1199142000000,2008-28,68.2,https://servicios.ine.es/wstempus/js/ES/DATOS_TABLA/66088?nult=400
66088,EPA680618,Ocupados. Ambos sexos. Aragón. Construcción. Personas. ,1167606000000,2007-28,74.0,https://servicios.ine.es/wstempus/js/ES/DATOS_TABLA/66088?nult=400
66088,EPA680618,Ocupados. Ambos sexos. Aragón. Construcción. Personas. ,1136070000000,2006-28,60.2,https://servicios.ine.es/wstempus/js/ES/DATOS_TABLA/66088?nult=400
66088,EPA680619,Ocupados. Ambos sexos. Aragón. Servicios. Personas. ,1199142000000,2008-28,393.2,https://servicios.ine.es/wstempus/js/ES/DATOS_TABLA/66088?nult=400
66088,EPA680619,Ocupados. Ambos sexos. Aragón. Servicios. Personas. ,1167606000000,2007-28,384.6,https://servicios.ine.es/wstempus/js/ES/DATOS_TABLA/66088?nult=400
66088,EPA680619,Ocupados. Ambos sexos. Aragón. Servicios. Personas. ,1136070000000,2006-28,365.2,https://servicios.ine.es/wstempus/js/ES/DATOS_TABLA/66088?nult=400
66088,EPA662710,"Ocupados. Ambos sexos. Asturias, Principado de. Total CNAE. Personas. ",1199142000000,2008-28,456.3,https://servicios.ine.es/wstempus/js/ES/DATOS_TABLA/66088?nult=400
66088,EPA662710,"Ocupados. Ambos sexos. Asturias, Principado de. Total CNAE. Personas. ",1167606000000,2007-28,436.7,https://servicios.ine.es/wstempus/js/ES/DATOS_TABLA/66088?nult=400
66088,EPA662710,"Ocupados. Ambos sexos. Asturias, Principado de. Total CNAE. Personas. ",1136070000000,2006-28,427.3,https://servicios.ine.es/wstempus/js/ES/DATOS_TABLA/66088?nult=400
66088,EPA680620,"Ocupados. Ambos sexos. Asturias, Principado de. Agricultura. Personas. ",1199142000000,2008-28,20.9,https://servicios.ine.es/wstempus/js/ES/DATOS_TABLA/66088?nult=400
66088,EPA680620,"Ocupados. Ambos sexos. Asturias, Principado de. Agricultura. Personas. ",1167606000000,2007-28,21.0,https://servicios.ine.es/wstempus/js/ES/DATOS_TABLA/66088?nult=400
66088,EPA680620,"Ocupados. Ambos sexos. Asturias, Principado de. Agricultura. Personas. ",1136070000000,2006-28,24.2,https://servicios.ine.es/wstempus/js/ES/DATOS_TABLA/66088?nult=400
66088,EPA680621,"Ocupados. Ambos sexos. Asturias, Principado de. Industria. Personas. ",1199142000000,2008-28,72.1,https://servicios.ine.es/wstempus/js/ES/DATOS_TABLA/66088?nult=400
66088,EPA680621,"Ocupados. Ambos sexos. Asturias, Principado de. Industria. Personas. ",1167606000000,2007-28,74.5,https://servicios.ine.es/wstempus/js/ES/DATOS_TABLA/66088?nult=400
66088,EPA680621,"Ocupados. Ambos sexos. Asturias, Principado de. Industria. Personas. ",1136070000000,2006-28,78.3,https://servicios.ine.es/wstempus/js/ES/DATOS_TABLA/66088?nult=400
66088,EPA680622,"Ocupados. Ambos sexos. Asturias, Principado de. Construcción. Personas. ",1199142000000,2008-28,52.0,https://servicios.ine.es/wstempus/js/ES/DATOS_TABLA/66088?nult=400
66088,EPA680622,"Ocupados. Ambos sexos. Asturias, Principado de. Construcción. Personas. ",1167606000000,2007-28,50.5,https://servicios.ine.es/wstempus/js/ES/DATOS_TABLA/66088?nult=400
66088,EPA680622,"Ocupados. Ambos sexos. Asturias, Principado de. Construcción. Personas. ",1136070000000,2006-28,48.2,https://servicios.ine.es/wstempus/js/ES/DATOS_TABLA/66088?nult=400
66088,EPA680623,"Ocupados. Ambos sexos. Asturias, Principado de. Servicios. Personas. ",1199142000000,2008-28,311.3,https://servicios.ine.es/wstempus/js/ES/DATOS_TABLA/66088?nult=400
66088,EPA680623,"Ocupados. Ambos sexos. Asturias, Principado de. Servicios. Personas. ",1167606000000,2007-28,290.7,https://servicios.ine.es/wstempus/js/ES/DATOS_TABLA/66088?nult=400
66088,EPA680623,"Ocupados. Ambos sexos. Asturias, Principado de. Servicios. Personas. ",1136070000000,2006-28,276.7,https://servicios.ine.es/wstempus/js/ES/DATOS_TABLA/66088?nult=400
66088,EPA662723,"Ocupados. Ambos sexos. Balears, Illes. Total CNAE. Personas. ",1199142000000,2008-28,513.5,https://servicios.ine.es/wstempus/js/ES/DATOS_TABLA/66088?nult=400
66088,EPA662723,"Ocupados. Ambos sexos. Balears, Illes. Total CNAE. Personas. ",1167606000000,2007-28,509.7,https://servicios.ine.es/wstempus/js/ES/DATOS_TABLA/66088?nult=400
66088,EPA662723,"Ocupados. Ambos sexos. Balears, Illes. Total CNAE. Personas. ",1136070000000,2006-28,494.8,https://servicios.ine.es/wstempus/js/ES/DATOS_TABLA/66088?nult=400
66088,EPA680624,"Ocupados. Ambos sexos. Balears, Illes. Agricultura. Personas. ",1199142000000,2008-28,9.1,https://servicios.ine.es/wstempus/js/ES/DATOS_TABLA/66088?nult=400
66088,EPA680624,"Ocupados. Ambos sexos. Balears, Illes. Agricultura. Personas. ",1167606000000,2007-28,10.5,https://servicios.ine.es/wstempus/js/ES/DATOS_TABLA/66088?nult=400
66088,EPA680624,"Ocupados. Ambos sexos. Balears, Illes. Agricultura. Personas. ",1136070000000,2006-28,8.6,https://servicios.ine.es/wstempus/js/ES/DATOS_TABLA/66088?nult=400
66088,EPA680625,"Ocupados. Ambos sexos. Balears, Illes. Industria. Personas. ",1199142000000,2008-28,42.5,https://servicios.ine.es/wstempus/js/ES/DATOS_TABLA/66088?nult=400
66088,EPA680625,"Ocupados. Ambos sexos. Balears, Illes. Industria. Personas. ",1167606000000,2007-28,48.7,https://servicios.ine.es/wstempus/js/ES/DATOS_TABLA/66088?nult=400
66088,EPA680625,"Ocupados. Ambos sexos. Balears, Illes. Industria. Personas. ",1136070000000,2006-28,41.6,https://servicios.ine.es/wstempus/js/ES/DATOS_TABLA/66088?nult=400
66088,EPA680626,"Ocupados. Ambos sexos. Balears, Illes. Construcción. Personas. ",1199142000000,2008-28,79.8,https://servicios.ine.es/wstempus/js/ES/DATOS_TABLA/66088?nult=400
66088,EPA680626,"Ocupados. Ambos sexos. Balears, Illes. Construcción. Personas. ",1167606000000,2007-28,80.8,https://servicios.ine.es/wstempus/js/ES/DATOS_TABLA/66088?nult=400
66088,EPA680626,"Ocupados. Ambos sexos. Balears, Illes. Construcción. Personas. ",1136070000000,2006-28,71.4,https://servicios.ine.es/wstempus/js/ES/DATOS_TABLA/66088?nult=400
66088,EPA680627,"Ocupados. Ambos sexos. Balears, Illes. Servicios. Personas. ",1199142000000,2008-28,382.1,https://servicios.ine.es/wstempus/js/ES/DATOS_TABLA/66088?nult=400
66088,EPA680627,"Ocupados. Ambos sexos. Balears, Illes. Servicios. Personas. ",1167606000000,2007-28,369.7,https://servicios.ine.es/wstempus/js/ES/DATOS_TABLA/66088?nult=400
66088,EPA680627,"Ocupados. Ambos sexos. Balears, Illes. Servicios. Personas. ",1136070000000,2006-28,373.2,https://servicios.ine.es/wstempus/js/ES/DATOS_TABLA/66088?nult=400
66088,EPA662736,Ocupados. Ambos sexos. Canarias. Total CNAE. Personas. ,1199142000000,2008-28,839.9,https://servicios.ine.es/wstempus/js/ES/DATOS_TABLA/66088?nult=400
66088,EPA662736,Ocupados. Ambos sexos. Canarias. Total CNAE. Personas. ,1167606000000,2007-28,891.1,https://servicios.ine.es/wstempus/js/ES/DATOS_TABLA/66088?nult=400
66088,EPA662736,Ocupados. Ambos sexos. Canarias. Total CNAE. Personas. ,1136070000000,2006-28,859.9,https://servicios.ine.es/wstempus/js/ES/DATOS_TABLA/66088?nult=400
66088,EPA680628,Ocupados. Ambos sexos. Canarias. Agricultura. Personas. ,1199142000000,2008-28,27.7,https://servicios.ine.es/wstempus/js/ES/DATOS_TABLA/66088?nult=400
66088,EPA680628,Ocupados. Ambos sexos. Canarias. Agricultura. Personas. ,1167606000000,2007-28,32.8,https://servicios.ine.es/wstempus/js/ES/DATOS_TABLA/66088?nult=400
66088,EPA680628,Ocupados. Ambos sexos. Canarias. Agricultura. Personas. ,1136070000000,2006-28,29.6,https://servicios.ine.es/wstempus/js/ES/DATOS_TABLA/66088?nult=400
66088,EPA680629,Ocupados. Ambos sexos. Canarias. Industria. Personas. ,1199142000000,2008-28,59.0,https://servicios.ine.es/wstempus/js/ES/DATOS_TABLA/66088?nult=400
66088,EPA680629,Ocupados. Ambos sexos. Canarias. Industria. Personas. ,1167606000000,2007-28,52.4,https://servicios.ine.es/wstempus/js/ES/DATOS_TABLA/66088?nult=400
66088,EPA680629,Ocupados. Ambos sexos. Canarias. Industria. Personas. ,1136070000000,2006-28,60.7,https://servicios.ine.es/wstempus/js/ES/DATOS_TABLA/66088?nult=400
66088,EPA680630,Ocupados. Ambos sexos. Canarias. Construcción. Personas. ,1199142000000,2008-28,103.9,https://servicios.ine.es/wstempus/js/ES/DATOS_TABLA/66088?nult=400
66088,EPA680630,Ocupados. Ambos sexos. Canarias. Construcción. Personas. ,1167606000000,2007-28,135.3,https://servicios.ine.es/wstempus/js/ES/DATOS_TABLA/66088?nult=400
66088,EPA680630,Ocupados. Ambos sexos. Canarias. Construcción. Personas. ,1136070000000,2006-28,119.6,https://servicios.ine.es/wstempus/js/ES/DATOS_TABLA/66088?nult=400
66088,EPA680631,Ocupados. Ambos sexos. Canarias. Servicios. Personas. ,1199142000000,2008-28,649.3,https://servicios.ine.es/wstempus/js/ES/DATOS_TABLA/66088?nult=400
66088,EPA680631,Ocupados. Ambos sexos. Canarias. Servicios. Personas. ,1167606000000,2007-28,670.6,https://servicios.ine.es/wstempus/js/ES/DATOS_TABLA/66088?nult=400
66088,EPA680631,Ocupados. Ambos sexos. Canarias. Servicios. Personas. ,1136070000000,2006-28,650.0,https://servicios.ine.es/wstempus/js/ES/DATOS_TABLA/66088?nult=400
66088,EPA662749,Ocupados. Ambos sexos. Cantabria. Total CNAE. Personas. ,1199142000000,2008-28,264.3,https://servicios.ine.es/wstempus/js/ES/DATOS_TABLA/66088?nult=400
66088,EPA662749,Ocupados. Ambos sexos. Cantabria. Total CNAE. Personas. ,1167606000000,2007-28,261.6,https://servicios.ine.es/wstempus/js/ES/DATOS_TABLA/66088?nult=400
66088,EPA662749,Ocupados. Ambos sexos. Cantabria. Total CNAE. Personas. ,1136070000000,2006-28,251.8,https://servicios.ine.es/wstempus/js/ES/DATOS_TABLA/66088?nult=400
66088,EPA680632,Ocupados. Ambos sexos. Cantabria. Agricultura. Personas. ,1199142000000,2008-28,10.7,https://servicios.ine.es/wstempus/js/ES/DATOS_TABLA/66088?nult=400
66088,EPA680632,Ocupados. Ambos sexos. Cantabria. Agricultura. Personas. ,1167606000000,2007-28,9.6,https://servicios.ine.es/wstempus/js/ES/DATOS_TABLA/66088?nult=400
66088,EPA680632,Ocupados. Ambos sexos. Cantabria. Agricultura. Personas. ,1136070000000,2006-28,10.9,https://servicios.ine.es/wstempus/js/ES/DATOS_TABLA/66088?nult=400
66088,EPA680633,Ocupados. Ambos sexos. Cantabria. Industria. Personas. ,1199142000000,2008-28,50.0,https://servicios.ine.es/wstempus/js/ES/DATOS_TABLA/66088?nult=400
66088,EPA680633,Ocupados. Ambos sexos. Cantabria. Industria. Personas. ,1167606000000,2007-28,45.5,https://servicios.ine.es/wstempus/js/ES/DATOS_TABLA/66088?nult=400
66088,EPA680633,Ocupados. Ambos sexos. Cantabria. Industria. Personas. ,1136070000000,2006-28,43.2,https://servicios.ine.es/wstempus/js/ES/DATOS_TABLA/66088?nult=400
66088,EPA680634,Ocupados. Ambos sexos. Cantabria. Construcción. Personas. ,1199142000000,2008-28,33.9,https://servicios.ine.es/wstempus/js/ES/DATOS_TABLA/66088?nult=400
66088,EPA680634,Ocupados. Ambos sexos. Cantabria. Construcción. Personas. ,1167606000000,2007-28,35.4,https://servicios.ine.es/wstempus/js/ES/DATOS_TABLA/66088?nult=400
66088,EPA680634,Ocupados. Ambos sexos. Cantabria. Construcción. Personas. ,1136070000000,2006-28,35.3,https://servicios.ine.es/wstempus/js/ES/DATOS_TABLA/66088?nult=400
66088,EPA680635,Ocupados. Ambos sexos. Cantabria. Servicios. Personas. ,1199142000000,2008-28,169.6,https://servicios.ine.es/wstempus/js/ES/DATOS_TABLA/66088?nult=400
66088,EPA680635,Ocupados. Ambos sexos. Cantabria. Servicios. Personas. ,1167606000000,2007-28,171.1,https://servicios.ine.es/wstempus/js/ES/DATOS_TABLA/66088?nult=400
66088,EPA680635,Ocupados. Ambos sexos. Cantabria. Servicios. Personas. ,1136070000000,2006-28,162.5,https://servicios.ine.es/wstempus/js/ES/DATOS_TABLA/66088?nult=400
66088,EPA662762,Ocupados. Ambos sexos. Castilla y León. Total CNAE. Personas. ,1199142000000,2008-28,1075.2,https://servicios.ine.es/wstempus/js/ES/DATOS_TABLA/66088?nult=400
66088,EPA662762,Ocupados. Ambos sexos. Castilla y León. Total CNAE. Personas. ,1167606000000,2007-28,1082.1,https://servicios.ine.es/wstempus/js/ES/DATOS_TABLA/66088?nult=400
66088,EPA662762,Ocupados. Ambos sexos. Castilla y León. Total CNAE. Personas. ,1136070000000,2006-28,1050.5,https://servicios.ine.es/wstempus/js/ES/DATOS_TABLA/66088?nult=400
66088,EPA680636,Ocupados. Ambos sexos. Castilla y León. Agricultura. Personas. ,1199142000000,2008-28,82.7,https://servicios.ine.es/wstempus/js/ES/DATOS_TABLA/66088?nult=400
66088,EPA680636,Ocupados. Ambos sexos. Castilla y León. Agricultura. Personas. ,1167606000000,2007-28,81.1,https://servicios.ine.es/wstempus/js/ES/DATOS_TABLA/66088?nult=400
66088,EPA680636,Ocupados. Ambos sexos. Castilla y León. Agricultura. Personas. ,1136070000000,2006-28,85.8,https://servicios.ine.es/wstempus/js/ES/DATOS_TABLA/66088?nult=400
66088,EPA680637,Ocupados. Ambos sexos. Castilla y León. Industria. Personas. ,1199142000000,2008-28,185.3,https://servicios.ine.es/wstempus/js/ES/DATOS_TABLA/66088?nult=400
66088,EPA680637,Ocupados. Ambos sexos. Castilla y León. Industria. Personas. ,1167606000000,2007-28,189.3,https://servicios.ine.es/wstempus/js/ES/DATOS_TABLA/66088?nult=400
66088,EPA680637,Ocupados. Ambos sexos. Castilla y León. Industria. Personas. ,1136070000000,2006-28,185.7,https://servicios.ine.es/wstempus/js/ES/DATOS_TABLA/66088?nult=400
66088,EPA680638,Ocupados. Ambos sexos. Castilla y León. Construcción. Personas. ,1199142000000,2008-28,125.1,https://servicios.ine.es/wstempus/js/ES/DATOS_TABLA/66088?nult=400
66088,EPA680638,Ocupados. Ambos sexos. Castilla y León. Construcción. Personas. ,1167606000000,2007-28,138.4,https://servicios.ine.es/wstempus/js/ES/DATOS_TABLA/66088?nult=400
66088,EPA680638,Ocupados. Ambos sexos. Castilla y León. Construcción. Personas. ,1136070000000,2006-28,136.1,https://servicios.ine.es/wstempus/js/ES/DATOS_TABLA/66088?nult=400
66088,EPA680639,Ocupados. Ambos sexos. Castilla y León. Servicios. Personas. ,1199142000000,2008-28,682.0,https://servicios.ine.es/wstempus/js/ES/DATOS_TABLA/66088?nult=400
66088,EPA680639,Ocupados. Ambos sexos. Castilla y León. Servicios. Personas. ,1167606000000,2007-28,673.4,https://servicios.ine.es/wstempus/js/ES/DATOS_TABLA/66088?nult=400
66088,EPA680639,Ocupados. Ambos sexos. Castilla y León. Servicios. Personas. ,1136070000000,2006-28,642.9,https://servicios.ine.es/wstempus/js/ES/DATOS_TABLA/66088?nult=400
66088,EPA662775,Ocupados. Ambos sexos. Castilla - La Mancha. Total CNAE. Personas. ,1199142000000,2008-28,861.1,https://servicios.ine.es/wstempus/js/ES/DATOS_TABLA/66088?nult=400
66088,EPA662775,Ocupados. Ambos sexos. Castilla - La Mancha. Total CNAE. Personas. ,1167606000000,2007-28,865.0,https://servicios.ine.es/wstempus/js/ES/DATOS_TABLA/66088?nult=400
66088,EPA662775,Ocupados. Ambos sexos. Castilla - La Mancha. Total CNAE. Personas. ,1136070000000,2006-28,810.2,https://servicios.ine.es/wstempus/js/ES/DATOS_TABLA/66088?nult=400
66088,EPA680640,Ocupados. Ambos sexos. Castilla - La Mancha. Agricultura. Personas. ,1199142000000,2008-28,56.8,https://servicios.ine.es/wstempus/js/ES/DATOS_TABLA/66088?nult=400
66088,EPA680640,Ocupados. Ambos sexos. Castilla - La Mancha. Agricultura. Personas. ,1167606000000,2007-28,60.6,https://servicios.ine.es/wstempus/js/ES/DATOS_TABLA/66088?nult=400
66088,EPA680640,Ocupados. Ambos sexos. Castilla - La Mancha. Agricultura. Personas. ,1136070000000,2006-28,57.9,https://servicios.ine.es/wstempus/js/ES/DATOS_TABLA/66088?nult=400
66088,EPA680641,Ocupados. Ambos sexos. Castilla - La Mancha. Industria. Personas. ,1199142000000,2008-28,149.4,https://servicios.ine.es/wstempus/js/ES/DATOS_TABLA/66088?nult=400
66088,EPA680641,Ocupados. Ambos sexos. Castilla - La Mancha. Industria. Personas. ,1167606000000,2007-28,146.4,https://servicios.ine.es/wstempus/js/ES/DATOS_TABLA/66088?nult=400
66088,EPA680641,Ocupados. Ambos sexos. Castilla - La Mancha. Industria. Personas. ,1136070000000,2006-28,155.5,https://servicios.ine.es/wstempus/js/ES/DATOS_TABLA/66088?nult=400
66088,EPA680642,Ocupados. Ambos sexos. Castilla - La Mancha. Construcción. Personas. ,1199142000000,2008-28,135.7,https://servicios.ine.es/wstempus/js/ES/DATOS_TABLA/66088?nult=400
66088,EPA680642,Ocupados. Ambos sexos. Castilla - La Mancha. Construcción. Personas. ,1167606000000,2007-28,146.1,https://servicios.ine.es/wstempus/js/ES/DATOS_TABLA/66088?nult=400
66088,EPA680642,Ocupados. Ambos sexos. Castilla - La Mancha. Construcción. Personas. ,1136070000000,2006-28,131.9,https://servicios.ine.es/wstempus/js/ES/DATOS_TABLA/66088?nult=400
66088,EPA680643,Ocupados. Ambos sexos. Castilla - La Mancha. Servicios. Personas. ,1199142000000,2008-28,519.2,https://servicios.ine.es/wstempus/js/ES/DATOS_TABLA/66088?nult=400
66088,EPA680643,Ocupados. Ambos sexos. Castilla - La Mancha. Servicios. Personas. ,1167606000000,2007-28,511.9,https://servicios.ine.es/wstempus/js/ES/DATOS_TABLA/66088?nult=400
66088,EPA680643,Ocupados. Ambos sexos. Castilla - La Mancha. Servicios. Personas. ,1136070000000,2006-28,464.8,https://servicios.ine.es/wstempus/js/ES/DATOS_TABLA/66088?nult=400
66088,EPA662788,Ocupados. Ambos sexos. Cataluña. Total CNAE. Personas. ,1199142000000,2008-28,3581.3,https://servicios.ine.es/wstempus/js/ES/DATOS_TABLA/66088?nult=400
66088,EPA662788,Ocupados. Ambos sexos. Cataluña. Total CNAE. Personas. ,1167606000000,2007-28,3576.6,https://servicios.ine.es/wstempus/js/ES/DATOS_TABLA/66088?nult=400
66088,EPA662788,Ocupados. Ambos sexos. Cataluña. Total CNAE. Personas. ,1136070000000,2006-28,3486.9,https://servicios.ine.es/wstempus/js/ES/DATOS_TABLA/66088?nult=400
66088,EPA680644,Ocupados. Ambos sexos. Cataluña. Agricultura. Personas. ,1199142000000,2008-28,70.5,https://servicios.ine.es/wstempus/js/ES/DATOS_TABLA/66088?nult=400
66088,EPA680644,Ocupados. Ambos sexos. Cataluña. Agricultura. Personas. ,1167606000000,2007-28,78.3,https://servicios.ine.es/wstempus/js/ES/DATOS_TABLA/66088?nult=400
66088,EPA680644,Ocupados. Ambos sexos. Cataluña. Agricultura. Personas. ,1136070000000,2006-28,91.8,https://servicios.ine.es/wstempus/js/ES/DATOS_TABLA/66088?nult=400
66088,EPA680645,Ocupados. Ambos sexos. Cataluña. Industria. Personas. ,1199142000000,2008-28,780.1,https://servicios.ine.es/wstempus/js/ES/DATOS_TABLA/66088?nult=400
66088,EPA680645,Ocupados. Ambos sexos. Cataluña. Industria. Personas. ,1167606000000,2007-28,774.7,https://servicios.ine.es/wstempus/js/ES/DATOS_TABLA/66088?nult=400
66088,EPA680645,Ocupados. Ambos sexos. Cataluña. Industria. Personas. ,1136070000000,2006-28,804.5,https://servicios.ine.es/wstempus/js/ES/DATOS_TABLA/66088?nult=400
66088,EPA680646,Ocupados. Ambos sexos. Cataluña. Construcción. Personas. ,1199142000000,2008-28,401.0,https://servicios.ine.es/wstempus/js/ES/DATOS_TABLA/66088?nult=400
66088,EPA680646,Ocupados. Ambos sexos. Cataluña. Construcción. Personas. ,1167606000000,2007-28,441.9,https://servicios.ine.es/wstempus/js/ES/DATOS_TABLA/66088?nult=400
66088,EPA680646,Ocupados. Ambos sexos. Cataluña. Construcción. Personas. ,1136070000000,2006-28,416.2,https://servicios.ine.es/wstempus/js/ES/DATOS_TABLA/66088?nult=400
66088,EPA680647,Ocupados. Ambos sexos. Cataluña. Servicios. Personas. ,1199142000000,2008-28,2329.7,https://servicios.ine.es/wstempus/js/ES/DATOS_TABLA/66088?nult=400
66088,EPA680647,Ocupados. Ambos sexos. Cataluña. Servicios. Personas. ,1167606000000,2007-28,2281.7,https://servicios.ine.es/wstempus/js/ES/DATOS_TABLA/66088?nult=400
66088,EPA680647,Ocupados. Ambos sexos. Cataluña. Servicios. Personas. ,1136070000000,2006-28,2174.4,https://servicios.ine.es/wstempus/js/ES/DATOS_TABLA/66088?nult=400
66088,EPA662888,Ocupados. Ambos sexos. Comunitat Valenciana. Total CNAE. Personas. ,1199142000000,2008-28,2217.0,https://servicios.ine.es/wstempus/js/ES/DATOS_TABLA/66088?nult=400
66088,EPA662888,Ocupados. Ambos sexos. Comunitat Valenciana. Total CNAE. Personas. ,1167606000000,2007-28,2230.0,https://servicios.ine.es/wstempus/js/ES/DATOS_TABLA/66088?nult=400
66088,EPA662888,Ocupados. Ambos sexos. Comunitat Valenciana. Total CNAE. Personas. ,1136070000000,2006-28,2164.7,https://servicios.ine.es/wstempus/js/ES/DATOS_TABLA/66088?nult=400
66088,EPA680648,Ocupados. Ambos sexos. Comunitat Valenciana. Agricultura. Personas. ,1199142000000,2008-28,74.0,https://servicios.ine.es/wstempus/js/ES/DATOS_TABLA/66088?nult=400
66088,EPA680648,Ocupados. Ambos sexos. Comunitat Valenciana. Agricultura. Personas. ,1167606000000,2007-28,78.8,https://servicios.ine.es/wstempus/js/ES/DATOS_TABLA/66088?nult=400
66088,EPA680648,Ocupados. Ambos sexos. Comunitat Valenciana. Agricultura. Personas. ,1136070000000,2006-28,63.8,https://servicios.ine.es/wstempus/js/ES/DATOS_TABLA/66088?nult=400
66088,EPA680649,Ocupados. Ambos sexos. Comunitat Valenciana. Industria. Personas. ,1199142000000,2008-28,413.9,https://servicios.ine.es/wstempus/js/ES/DATOS_TABLA/66088?nult=400
66088,EPA680649,Ocupados. Ambos sexos. Comunitat Valenciana. Industria. Personas. ,1167606000000,2007-28,438.3,https://servicios.ine.es/wstempus/js/ES/DATOS_TABLA/66088?nult=400
66088,EPA680649,Ocupados. Ambos sexos. Comunitat Valenciana. Industria. Personas. ,1136070000000,2006-28,454.7,https://servicios.ine.es/wstempus/js/ES/DATOS_TABLA/66088?nult=400
66088,EPA680650,Ocupados. Ambos sexos. Comunitat Valenciana. Construcción. Personas. ,1199142000000,2008-28,284.1,https://servicios.ine.es/wstempus/js/ES/DATOS_TABLA/66088?nult=400
66088,EPA680650,Ocupados. Ambos sexos. Comunitat Valenciana. Construcción. Personas. ,1167606000000,2007-28,325.7,https://servicios.ine.es/wstempus/js/ES/DATOS_TABLA/66088?nult=400
66088,EPA680650,Ocupados. Ambos sexos. Comunitat Valenciana. Construcción. Personas. ,1136070000000,2006-28,297.1,https://servicios.ine.es/wstempus/js/ES/DATOS_TABLA/66088?nult=400
66088,EPA680651,Ocupados. Ambos sexos. Comunitat Valenciana. Servicios. Personas. ,1199142000000,2008-28,1445.0,https://servicios.ine.es/wstempus/js/ES/DATOS_TABLA/66088?nult=400
66088,EPA680651,Ocupados. Ambos sexos. Comunitat Valenciana. Servicios. Personas. ,1167606000000,2007-28,1387.2,https://servicios.ine.es/wstempus/js/ES/DATOS_TABLA/66088?nult=400
66088,EPA680651,Ocupados. Ambos sexos. Comunitat Valenciana. Servicios. Personas. ,1136070000000,2006-28,1349.1,https://servicios.ine.es/wstempus/js/ES/DATOS_TABLA/66088?nult=400
66088,EPA662901,Ocupados. Ambos sexos. Extremadura. Total CNAE. Personas. ,1199142000000,2008-28,410.4,https://servicios.ine.es/wstempus/js/ES/DATOS_TABLA/66088?nult=400
66088,EPA662901,Ocupados. Ambos sexos. Extremadura. Total CNAE. Personas. ,1167606000000,2007-28,414.9,https://servicios.ine.es/wstempus/js/ES/DATOS_TABLA/66088?nult=400
66088,EPA662901,Ocupados. Ambos sexos. Extremadura. Total CNAE. Personas. ,1136070000000,2006-28,399.4,https://servicios.ine.es/wstempus/js/ES/DATOS_TABLA/66088?nult=400
66088,EPA680652,Ocupados. Ambos sexos. Extremadura. Agricultura. Personas. ,1199142000000,2008-28,44.9,https://servicios.ine.es/wstempus/js/ES/DATOS_TABLA/66088?nult=400
66088,EPA680652,Ocupados. Ambos sexos. Extremadura. Agricultura. Personas. ,1167606000000,2007-28,44.2,https://servicios.ine.es/wstempus/js/ES/DATOS_TABLA/66088?nult=400
66088,EPA680652,Ocupados. Ambos sexos. Extremadura. Agricultura. Personas. ,1136070000000,2006-28,47.8,https://servicios.ine.es/wstempus/js/ES/DATOS_TABLA/66088?nult=400
66088,EPA680653,Ocupados. Ambos sexos. Extremadura. Industria. Personas. ,1199142000000,2008-28,46.0,https://servicios.ine.es/wstempus/js/ES/DATOS_TABLA/66088?nult=400
66088,EPA680653,Ocupados. Ambos sexos. Extremadura. Industria. Personas. ,1167606000000,2007-28,47.2,https://servicios.ine.es/wstempus/js/ES/DATOS_TABLA/66088?nult=400
66088,EPA680653,Ocupados. Ambos sexos. Extremadura. Industria. Personas. ,1136070000000,2006-28,43.7,https://servicios.ine.es/wstempus/js/ES/DATOS_TABLA/66088?nult=400
66088,EPA680654,Ocupados. Ambos sexos. Extremadura. Construcción. Personas. ,1199142000000,2008-28,55.2,https://servicios.ine.es/wstempus/js/ES/DATOS_TABLA/66088?nult=400
66088,EPA680654,Ocupados. Ambos sexos. Extremadura. Construcción. Personas. ,1167606000000,2007-28,58.4,https://servicios.ine.es/wstempus/js/ES/DATOS_TABLA/66088?nult=400
66088,EPA680654,Ocupados. Ambos sexos. Extremadura. Construcción. Personas. ,1136070000000,2006-28,57.1,https://servicios.ine.es/wstempus/js/ES/DATOS_TABLA/66088?nult=400
66088,EPA680655,Ocupados. Ambos sexos. Extremadura. Servicios. Personas. ,1199142000000,2008-28,264.3,https://servicios.ine.es/wstempus/js/ES/DATOS_TABLA/66088?nult=400
66088,EPA680655,Ocupados. Ambos sexos. Extremadura. Servicios. Personas. ,1167606000000,2007-28,265.1,https://servicios.ine.es/wstempus/js/ES/DATOS_TABLA/66088?nult=400
66088,EPA680655,Ocupados. Ambos sexos. Extremadura. Servicios. Personas. ,1136070000000,2006-28,250.8,https://servicios.ine.es/wstempus/js/ES/DATOS_TABLA/66088?nult=400
66088,EPA662914,Ocupados. Ambos sexos. Galicia. Total CNAE. Personas. ,1199142000000,2008-28,1201.2,https://servicios.ine.es/wstempus/js/ES/DATOS_TABLA/66088?nult=400
66088,EPA662914,Ocupados. Ambos sexos. Galicia. Total CNAE. Personas. ,1167606000000,2007-28,1193.3,https://servicios.ine.es/wstempus/js/ES/DATOS_TABLA/66088?nult=400
66088,EPA662914,Ocupados. Ambos sexos. Galicia. Total CNAE. Personas. ,1136070000000,2006-28,1164.9,https://servicios.ine.es/wstempus/js/ES/DATOS_TABLA/66088?nult=400
66088,EPA680656,Ocupados. Ambos sexos. Galicia. Agricultura. Personas. ,1199142000000,2008-28,99.1,https://servicios.ine.es/wstempus/js/ES/DATOS_TABLA/66088?nult=400
66088,EPA680656,Ocupados. Ambos sexos. Galicia. Agricultura. Personas. ,1167606000000,2007-28,103.5,https://servicios.ine.es/wstempus/js/ES/DATOS_TABLA/66088?nult=400
66088,EPA680656,Ocupados. Ambos sexos. Galicia. Agricultura. Personas. ,1136070000000,2006-28,113.1,https://servicios.ine.es/wstempus/js/ES/DATOS_TABLA/66088?nult=400
66088,EPA680657,Ocupados. Ambos sexos. Galicia. Industria. Personas. ,1199142000000,2008-28,214.6,https://servicios.ine.es/wstempus/js/ES/DATOS_TABLA/66088?nult=400
66088,EPA680657,Ocupados. Ambos sexos. Galicia. Industria. Personas. ,1167606000000,2007-28,215.2,https://servicios.ine.es/wstempus/js/ES/DATOS_TABLA/66088?nult=400
66088,EPA680657,Ocupados. Ambos sexos. Galicia. Industria. Personas. ,1136070000000,2006-28,213.1,https://servicios.ine.es/wstempus/js/ES/DATOS_TABLA/66088?nult=400
66088,EPA680658,Ocupados. Ambos sexos. Galicia. Construcción. Personas. ,1199142000000,2008-28,132.0,https://servicios.ine.es/wstempus/js/ES/DATOS_TABLA/66088?nult=400
66088,EPA680658,Ocupados. Ambos sexos. Galicia. Construcción. Personas. ,1167606000000,2007-28,146.3,https://servicios.ine.es/wstempus/js/ES/DATOS_TABLA/66088?nult=400
66088,EPA680658,Ocupados. Ambos sexos. Galicia. Construcción. Personas. ,1136070000000,2006-28,138.8,https://servicios.ine.es/wstempus/js/ES/DATOS_TABLA/66088?nult=400
66088,EPA680659,Ocupados. Ambos sexos. Galicia. Servicios. Personas. ,1199142000000,2008-28,755.5,https://servicios.ine.es/wstempus/js/ES/DATOS_TABLA/66088?nult=400
66088,EPA680659,Ocupados. Ambos sexos. Galicia. Servicios. Personas. ,1167606000000,2007-28,728.3,https://servicios.ine.es/wstempus/js/ES/DATOS_TABLA/66088?nult=400
66088,EPA680659,Ocupados. Ambos sexos. Galicia. Servicios. Personas. ,1136070000000,2006-28,699.9,https://servicios.ine.es/wstempus/js/ES/DATOS_TABLA/66088?nult=400
66088,EPA662823,"Ocupados. Ambos sexos. Madrid, Comunidad de. Total CNAE. Personas. ",1199142000000,2008-28,3131.7,https://servicios.ine.es/wstempus/js/ES/DATOS_TABLA/66088?nult=400
66088,EPA662823,"Ocupados. Ambos sexos. Madrid, Comunidad de. Total CNAE. Personas. ",1167606000000,2007-28,3126.8,https://servicios.ine.es/wstempus/js/ES/DATOS_TABLA/66088?nult=400
66088,EPA662823,"Ocupados. Ambos sexos. Madrid, Comunidad de. Total CNAE. Personas. ",1136070000000,2006-28,3023.9,https://servicios.ine.es/wstempus/js/ES/DATOS_TABLA/66088?nult=400
66088,EPA680660,"Ocupados. Ambos sexos. Madrid, Comunidad de. Agricultura. Personas. ",1199142000000,2008-28,31.4,https://servicios.ine.es/wstempus/js/ES/DATOS_TABLA/66088?nult=400
66088,EPA680660,"Ocupados. Ambos sexos. Madrid, Comunidad de. Agricultura. Personas. ",1167606000000,2007-28,26.0,https://servicios.ine.es/wstempus/js/ES/DATOS_TABLA/66088?nult=400
66088,EPA680660,"Ocupados. Ambos sexos. Madrid, Comunidad de. Agricultura. Personas. ",1136070000000,2006-28,30.0,https://servicios.ine.es/wstempus/js/ES/DATOS_TABLA/66088?nult=400
66088,EPA680661,"Ocupados. Ambos sexos. Madrid, Comunidad de. Industria. Personas. ",1199142000000,2008-28,342.1,https://servicios.ine.es/wstempus/js/ES/DATOS_TABLA/66088?nult=400
66088,EPA680661,"Ocupados. Ambos sexos. Madrid, Comunidad de. Industria. Personas. ",1167606000000,2007-28,345.2,https://servicios.ine.es/wstempus/js/ES/DATOS_TABLA/66088?nult=400
66088,EPA680661,"Ocupados. Ambos sexos. Madrid, Comunidad de. Industria. Personas. ",1136070000000,2006-28,351.8,https://servicios.ine.es/wstempus/js/ES/DATOS_TABLA/66088?nult=400
66088,EPA680662,"Ocupados. Ambos sexos. Madrid, Comunidad de. Construcción. Personas. ",1199142000000,2008-28,299.8,https://servicios.ine.es/wstempus/js/ES/DATOS_TABLA/66088?nult=400
66088,EPA680662,"Ocupados. Ambos sexos. Madrid, Comunidad de. Construcción. Personas. ",1167606000000,2007-28,322.5,https://servicios.ine.es/wstempus/js/ES/DATOS_TABLA/66088?nult=400
66088,EPA680662,"Ocupados. Ambos sexos. Madrid, Comunidad de. Construcción. Personas. ",1136070000000,2006-28,322.8,https://servicios.ine.es/wstempus/js/ES/DATOS_TABLA/66088?nult=400
66088,EPA680663,"Ocupados. Ambos sexos. Madrid, Comunidad de. Servicios. Personas. ",1199142000000,2008-28,2458.4,https://servicios.ine.es/wstempus/js/ES/DATOS_TABLA/66088?nult=400
66088,EPA680663,"Ocupados. Ambos sexos. Madrid, Comunidad de. Servicios. Personas. ",1167606000000,2007-28,2433.1,https://servicios.ine.es/wstempus/js/ES/DATOS_TABLA/66088?nult=400
66088,EPA680663,"Ocupados. Ambos sexos. Madrid, Comunidad de. Servicios. Personas. ",1136070000000,2006-28,2319.4,https://servicios.ine.es/wstempus/js/ES/DATOS_TABLA/66088?nult=400
66088,EPA662836,"Ocupados. Ambos sexos. Murcia, Región de. Total CNAE. Personas. ",1199142000000,2008-28,625.9,https://servicios.ine.es/wstempus/js/ES/DATOS_TABLA/66088?nult=400
66088,EPA662836,"Ocupados. Ambos sexos. Murcia, Región de. Total CNAE. Personas. ",1167606000000,2007-28,637.7,https://servicios.ine.es/wstempus/js/ES/DATOS_TABLA/66088?nult=400
66088,EPA662836,"Ocupados. Ambos sexos. Murcia, Región de. Total CNAE. Personas. ",1136070000000,2006-28,606.5,https://servicios.ine.es/wstempus/js/ES/DATOS_TABLA/66088?nult=400
66088,EPA680664,"Ocupados. Ambos sexos. Murcia, Región de. Agricultura. Personas. ",1199142000000,2008-28,58.7,https://servicios.ine.es/wstempus/js/ES/DATOS_TABLA/66088?nult=400
66088,EPA680664,"Ocupados. Ambos sexos. Murcia, Región de. Agricultura. Personas. ",1167606000000,2007-28,63.1,https://servicios.ine.es/wstempus/js/ES/DATOS_TABLA/66088?nult=400
66088,EPA680664,"Ocupados. Ambos sexos. Murcia, Región de. Agricultura. Personas. ",1136070000000,2006-28,59.9,https://servicios.ine.es/wstempus/js/ES/DATOS_TABLA/66088?nult=400
66088,EPA680665,"Ocupados. Ambos sexos. Murcia, Región de. Industria. Personas. ",1199142000000,2008-28,92.3,https://servicios.ine.es/wstempus/js/ES/DATOS_TABLA/66088?nult=400
66088,EPA680665,"Ocupados. Ambos sexos. Murcia, Región de. Industria. Personas. ",1167606000000,2007-28,100.2,https://servicios.ine.es/wstempus/js/ES/DATOS_TABLA/66088?nult=400
66088,EPA680665,"Ocupados. Ambos sexos. Murcia, Región de. Industria. Personas. ",1136070000000,2006-28,93.3,https://servicios.ine.es/wstempus/js/ES/DATOS_TABLA/66088?nult=400
66088,EPA680666,"Ocupados. Ambos sexos. Murcia, Región de. Construcción. Personas. ",1199142000000,2008-28,84.8,https://servicios.ine.es/wstempus/js/ES/DATOS_TABLA/66088?nult=400
66088,EPA680666,"Ocupados. Ambos sexos. Murcia, Región de. Construcción. Personas. ",1167606000000,2007-28,107.5,https://servicios.ine.es/wstempus/js/ES/DATOS_TABLA/66088?nult=400
66088,EPA680666,"Ocupados. Ambos sexos. Murcia, Región de. Construcción. Personas. ",1136070000000,2006-28,101.6,https://servicios.ine.es/wstempus/js/ES/DATOS_TABLA/66088?nult=400
66088,EPA680667,"Ocupados. Ambos sexos. Murcia, Región de. Servicios. Personas. ",1199142000000,2008-28,390.1,https://servicios.ine.es/wstempus/js/ES/DATOS_TABLA/66088?nult=400
66088,EPA680667,"Ocupados. Ambos sexos. Murcia, Región de. Servicios. Personas. ",1167606000000,2007-28,366.9,https://servicios.ine.es/wstempus/js/ES/DATOS_TABLA/66088?nult=400
66088,EPA680667,"Ocupados. Ambos sexos. Murcia, Región de. Servicios. Personas. ",1136070000000,2006-28,351.7,https://servicios.ine.es/wstempus/js/ES/DATOS_TABLA/66088?nult=400
66088,EPA662849,"Ocupados. Ambos sexos. Navarra, Comunidad Foral de. Total CNAE. Personas. ",1199142000000,2008-28,295.4,https://servicios.ine.es/wstempus/js/ES/DATOS_TABLA/66088?nult=400
66088,EPA662849,"Ocupados. Ambos sexos. Navarra, Comunidad Foral de. Total CNAE. Personas. ",1167606000000,2007-28,295.5,https://servicios.ine.es/wstempus/js/ES/DATOS_TABLA/66088?nult=400
66088,EPA662849,"Ocupados. Ambos sexos. Navarra, Comunidad Foral de. Total CNAE. Personas. ",1136070000000,2006-28,286.4,https://servicios.ine.es/wstempus/js/ES/DATOS_TABLA/66088?nult=400
66088,EPA680668,"Ocupados. Ambos sexos. Navarra, Comunidad Foral de. Agricultura. Personas. ",1199142000000,2008-28,13.7,https://servicios.ine.es/wstempus/js/ES/DATOS_TABLA/66088?nult=400
66088,EPA680668,"Ocupados. Ambos sexos. Navarra, Comunidad Foral de. Agricultura. Personas. ",1167606000000,2007-28,12.7,https://servicios.ine.es/wstempus/js/ES/DATOS_TABLA/66088?nult=400
66088,EPA680668,"Ocupados. Ambos sexos. Navarra, Comunidad Foral de. Agricultura. Personas. ",1136070000000,2006-28,13.6,https://servicios.ine.es/wstempus/js/ES/DATOS_TABLA/66088?nult=400
66088,EPA680669,"Ocupados. Ambos sexos. Navarra, Comunidad Foral de. Industria. Personas. ",1199142000000,2008-28,82.0,https://servicios.ine.es/wstempus/js/ES/DATOS_TABLA/66088?nult=400
66088,EPA680669,"Ocupados. Ambos sexos. Navarra, Comunidad Foral de. Industria. Personas. ",1167606000000,2007-28,73.6,https://servicios.ine.es/wstempus/js/ES/DATOS_TABLA/66088?nult=400
66088,EPA680669,"Ocupados. Ambos sexos. Navarra, Comunidad Foral de. Industria. Personas. ",1136070000000,2006-28,73.1,https://servicios.ine.es/wstempus/js/ES/DATOS_TABLA/66088?nult=400
66088,EPA680670,"Ocupados. Ambos sexos. Navarra, Comunidad Foral de. Construcción. Personas. ",1199142000000,2008-28,32.3,https://servicios.ine.es/wstempus/js/ES/DATOS_TABLA/66088?nult=400
66088,EPA680670,"Ocupados. Ambos sexos. Navarra, Comunidad Foral de. Construcción. Personas. ",1167606000000,2007-28,37.9,https://servicios.ine.es/wstempus/js/ES/DATOS_TABLA/66088?nult=400
66088,EPA680670,"Ocupados. Ambos sexos. Navarra, Comunidad Foral de. Construcción. Personas. ",1136070000000,2006-28,30.8,https://servicios.ine.es/wstempus/js/ES/DATOS_TABLA/66088?nult=400
66088,EPA680671,"Ocupados. Ambos sexos. Navarra, Comunidad Foral de. Servicios. Personas. ",1199142000000,2008-28,167.3,https://servicios.ine.es/wstempus/js/ES/DATOS_TABLA/66088?nult=400
66088,EPA680671,"Ocupados. Ambos sexos. Navarra, Comunidad Foral de. Servicios. Personas. ",1167606000000,2007-28,171.2,https://servicios.ine.es/wstempus/js/ES/DATOS_TABLA/66088?nult=400
66088,EPA680671,"Ocupados. Ambos sexos. Navarra, Comunidad Foral de. Servicios. Personas. ",1136070000000,2006-28,169.0,https://servicios.ine.es/wstempus/js/ES/DATOS_TABLA/66088?nult=400
66088,EPA662862,Ocupados. Ambos sexos. País Vasco. Total CNAE. Personas. ,1199142000000,2008-28,1010.2,https://servicios.ine.es/wstempus/js/ES/DATOS_TABLA/66088?nult=400
66088,EPA662862,Ocupados. Ambos sexos. País Vasco. Total CNAE. Personas. ,1167606000000,2007-28,1001.1,https://servicios.ine.es/wstempus/js/ES/DATOS_TABLA/66088?nult=400
66088,EPA662862,Ocupados. Ambos sexos. País Vasco. Total CNAE. Personas. ,1136070000000,2006-28,993.5,https://servicios.ine.es/wstempus/js/ES/DATOS_TABLA/66088?nult=400
66088,EPA680672,Ocupados. Ambos sexos. País Vasco. Agricultura. Personas. ,1199142000000,2008-28,17.6,https://servicios.ine.es/wstempus/js/ES/DATOS_TABLA/66088?nult=400
66088,EPA680672,Ocupados. Ambos sexos. País Vasco. Agricultura. Personas. ,1167606000000,2007-28,16.1,https://servicios.ine.es/wstempus/js/ES/DATOS_TABLA/66088?nult=400
66088,EPA680672,Ocupados. Ambos sexos. País Vasco. Agricultura. Personas. ,1136070000000,2006-28,16.1,https://servicios.ine.es/wstempus/js/ES/DATOS_TABLA/66088?nult=400
66088,EPA680673,Ocupados. Ambos sexos. País Vasco. Industria. Personas. ,1199142000000,2008-28,242.6,https://servicios.ine.es/wstempus/js/ES/DATOS_TABLA/66088?nult=400
66088,EPA680673,Ocupados. Ambos sexos. País Vasco. Industria. Personas. ,1167606000000,2007-28,240.7,https://servicios.ine.es/wstempus/js/ES/DATOS_TABLA/66088?nult=400
66088,EPA680673,Ocupados. Ambos sexos. País Vasco. Industria. Personas. ,1136070000000,2006-28,240.3,https://servicios.ine.es/wstempus/js/ES/DATOS_TABLA/66088?nult=400
66088,EPA680674,Ocupados. Ambos sexos. País Vasco. Construcción. Personas. ,1199142000000,2008-28,91.7,https://servicios.ine.es/wstempus/js/ES/DATOS_TABLA/66088?nult=400
66088,EPA680674,Ocupados. Ambos sexos. País Vasco. Construcción. Personas. ,1167606000000,2007-28,96.0,https://servicios.ine.es/wstempus/js/ES/DATOS_TABLA/66088?nult=400
66088,EPA680674,Ocupados. Ambos sexos. País Vasco. Construcción. Personas. ,1136070000000,2006-28,85.4,https://servicios.ine.es/wstempus/js/ES/DATOS_TABLA/66088?nult=400
66088,EPA680675,Ocupados. Ambos sexos. País Vasco. Servicios. Personas. ,1199142000000,2008-28,658.3,https://servicios.ine.es/wstempus/js/ES/DATOS_TABLA/66088?nult=400
66088,EPA680675,Ocupados. Ambos sexos. País Vasco. Servicios. Personas. ,1167606000000,2007-28,648.3,https://servicios.ine.es/wstempus/js/ES/DATOS_TABLA/66088?nult=400
66088,EPA680675,Ocupados. Ambos sexos. País Vasco. Servicios. Personas. ,1136070000000,2006-28,651.7,https://servicios.ine.es/wstempus/js/ES/DATOS_TABLA/66088?nult=400
66088,EPA662875,"Ocupados. Ambos sexos. Rioja, La. Total CNAE. Personas. ",1199142000000,2008-28,148.8,https://servicios.ine.es/wstempus/js/ES/DATOS_TABLA/66088?nult=400
66088,EPA662875,"Ocupados. Ambos sexos. Rioja, La. Total CNAE. Personas. ",1167606000000,2007-28,147.4,https://servicios.ine.es/wstempus/js/ES/DATOS_TABLA/66088?nult=400
66088,EPA662875,"Ocupados. Ambos sexos. Rioja, La. Total CNAE. Personas. ",1136070000000,2006-28,144.4,https://servicios.ine.es/wstempus/js/ES/DATOS_TABLA/66088?nult=400
66088,EPA680676,"Ocupados. Ambos sexos. Rioja, La. Agricultura. Personas. ",1199142000000,2008-28,7.3,https://servicios.ine.es/wstempus/js/ES/DATOS_TABLA/66088?nult=400
66088,EPA680676,"Ocupados. Ambos sexos. Rioja, La. Agricultura. Personas. ",1167606000000,2007-28,7.8,https://servicios.ine.es/wstempus/js/ES/DATOS_TABLA/66088?nult=400
66088,EPA680676,"Ocupados. Ambos sexos. Rioja, La. Agricultura. Personas. ",1136070000000,2006-28,10.0,https://servicios.ine.es/wstempus/js/ES/DATOS_TABLA/66088?nult=400
66088,EPA680677,"Ocupados. Ambos sexos. Rioja, La. Industria. Personas. ",1199142000000,2008-28,38.2,https://servicios.ine.es/wstempus/js/ES/DATOS_TABLA/66088?nult=400
66088,EPA680677,"Ocupados. Ambos sexos. Rioja, La. Industria. Personas. ",1167606000000,2007-28,38.1,https://servicios.ine.es/wstempus/js/ES/DATOS_TABLA/66088?nult=400
66088,EPA680677,"Ocupados. Ambos sexos. Rioja, La. Industria. Personas. ",1136070000000,2006-28,38.8,https://servicios.ine.es/wstempus/js/ES/DATOS_TABLA/66088?nult=400
66088,EPA680678,"Ocupados. Ambos sexos. Rioja, La. Construcción. Personas. ",1199142000000,2008-28,17.2,https://servicios.ine.es/wstempus/js/ES/DATOS_TABLA/66088?nult=400
66088,EPA680678,"Ocupados. Ambos sexos. Rioja, La. Construcción. Personas. ",1167606000000,2007-28,17.3,https://servicios.ine.es/wstempus/js/ES/DATOS_TABLA/66088?nult=400
66088,EPA680678,"Ocupados. Ambos sexos. Rioja, La. Construcción. Personas. ",1136070000000,2006-28,15.3,https://servicios.ine.es/wstempus/js/ES/DATOS_TABLA/66088?nult=400
66088,EPA680679,"Ocupados. Ambos sexos. Rioja, La. Servicios. Personas. ",1199142000000,2008-28,86.1,https://servicios.ine.es/wstempus/js/ES/DATOS_TABLA/66088?nult=400
66088,EPA680679,"Ocupados. Ambos sexos. Rioja, La. Servicios. Personas. ",1167606000000,2007-28,84.2,https://servicios.ine.es/wstempus/js/ES/DATOS_TABLA/66088?nult=400
66088,EPA680679,"Ocupados. Ambos sexos. Rioja, La. Servicios. Personas. ",1136070000000,2006-28,80.3,https://servicios.ine.es/wstempus/js/ES/DATOS_TABLA/66088?nult=400
66088,EPA663006,Ocupados. Ambos sexos. Ceuta. Total CNAE. Personas. ,1199142000000,2008-28,27.4,https://servicios.ine.es/wstempus/js/ES/DATOS_TABLA/66088?nult=400
66088,EPA663006,Ocupados. Ambos sexos. Ceuta. Total CNAE. Personas. ,1167606000000,2007-28,24.5,https://servicios.ine.es/wstempus/js/ES/DATOS_TABLA/66088?nult=400
66088,EPA663006,Ocupados. Ambos sexos. Ceuta. Total CNAE. Personas. ,1136070000000,2006-28,24.0,https://servicios.ine.es/wstempus/js/ES/DATOS_TABLA/66088?nult=400
66088,EPA680680,Ocupados. Ambos sexos. Ceuta. Agricultura. Personas. ,1199142000000,2008-28,,https://servicios.ine.es/wstempus/js/ES/DATOS_TABLA/66088?nult=400
66088,EPA680680,Ocupados. Ambos sexos. Ceuta. Agricultura. Personas. ,1167606000000,2007-28,0.1,https://servicios.ine.es/wstempus/js/ES/DATOS_TABLA/66088?nult=400
66088,EPA680680,Ocupados. Ambos sexos. Ceuta. Agricultura. Personas. ,1136070000000,2006-28,,https://servicios.ine.es/wstempus/js/ES/DATOS_TABLA/66088?nult=400
66088,EPA680681,Ocupados. Ambos sexos. Ceuta. Industria. Personas. ,1199142000000,2008-28,1.0,https://servicios.ine.es/wstempus/js/ES/DATOS_TABLA/66088?nult=400
66088,EPA680681,Ocupados. Ambos sexos. Ceuta. Industria. Personas. ,1167606000000,2007-28,0.9,https://servicios.ine.es/wstempus/js/ES/DATOS_TABLA/66088?nult=400
66088,EPA680681,Ocupados. Ambos sexos. Ceuta. Industria. Personas. ,1136070000000,2006-28,1.0,https://servicios.ine.es/wstempus/js/ES/DATOS_TABLA/66088?nult=400
66088,EPA680682,Ocupados. Ambos sexos. Ceuta. Construcción. Personas. ,1199142000000,2008-28,1.7,https://servicios.ine.es/wstempus/js/ES/DATOS_TABLA/66088?nult=400
66088,EPA680682,Ocupados. Ambos sexos. Ceuta. Construcción. Personas. ,1167606000000,2007-28,1.7,https://servicios.ine.es/wstempus/js/ES/DATOS_TABLA/66088?nult=400
66088,EPA680682,Ocupados. Ambos sexos. Ceuta. Construcción. Personas. ,1136070000000,2006-28,1.8,https://servicios.ine.es/wstempus/js/ES/DATOS_TABLA/66088?nult=400
66088,EPA680683,Ocupados. Ambos sexos. Ceuta. Servicios. Personas. ,1199142000000,2008-28,24.7,https://servicios.ine.es/wstempus/js/ES/DATOS_TABLA/66088?nult=400
66088,EPA680683,Ocupados. Ambos sexos. Ceuta. Servicios. Personas. ,1167606000000,2007-28,21.8,https://servicios.ine.es/wstempus/js/ES/DATOS_TABLA/66088?nult=400
66088,EPA680683,Ocupados. Ambos sexos. Ceuta. Servicios. Personas. ,1136070000000,2006-28,21.2,https://servicios.ine.es/wstempus/js/ES/DATOS_TABLA/66088?nult=400
66088,EPA663019,Ocupados. Ambos sexos. Melilla. Total CNAE. Personas. ,1199142000000,2008-28,23.8,https://servicios.ine.es/wstempus/js/ES/DATOS_TABLA/66088?nult=400
66088,EPA663019,Ocupados. Ambos sexos. Melilla. Total CNAE. Personas. ,1167606000000,2007-28,23.9,https://servicios.ine.es/wstempus/js/ES/DATOS_TABLA/66088?nult=400
66088,EPA663019,Ocupados. Ambos sexos. Melilla. Total CNAE. Personas. ,1136070000000,2006-28,23.7,https://servicios.ine.es/wstempus/js/ES/DATOS_TABLA/66088?nult=400
66088,EPA680684,Ocupados. Ambos sexos. Melilla. Agricultura. Personas. ,1199142000000,2008-28,0.2,https://servicios.ine.es/wstempus/js/ES/DATOS_TABLA/66088?nult=400
66088,EPA680684,Ocupados. Ambos sexos. Melilla. Agricultura. Personas. ,1167606000000,2007-28,,https://servicios.ine.es/wstempus/js/ES/DATOS_TABLA/66088?nult=400
66088,EPA680684,Ocupados. Ambos sexos. Melilla. Agricultura. Personas. ,1136070000000,2006-28,,https://servicios.ine.es/wstempus/js/ES/DATOS_TABLA/66088?nult=400
66088,EPA680685,Ocupados. Ambos sexos. Melilla. Industria. Personas. ,1199142000000,2008-28,0.8,https://servicios.ine.es/wstempus/js/ES/DATOS_TABLA/66088?nult=400
66088,EPA680685,Ocupados. Ambos sexos. Melilla. Industria. Personas. ,1167606000000,2007-28,0.4,https://servicios.ine.es/wstempus/js/ES/DATOS_TABLA/66088?nult=400
66088,EPA680685,Ocupados. Ambos sexos. Melilla. Industria. Personas. ,1136070000000,2006-28,0.4,https://servicios.ine.es/wstempus/js/ES/DATOS_TABLA/66088?nult=400
66088,EPA680686,Ocupados. Ambos sexos. Melilla. Construcción. Personas. ,1199142000000,2008-28,1.3,https://servicios.ine.es/wstempus/js/ES/DATOS_TABLA/66088?nult=400
66088,EPA680686,Ocupados. Ambos sexos. Melilla. Construcción. Personas. ,1167606000000,2007-28,1.3,https://servicios.ine.es/wstempus/js/ES/DATOS_TABLA/66088?nult=400
66088,EPA680686,Ocupados. Ambos sexos. Melilla. Construcción. Personas. ,1136070000000,2006-28,1.5,https://servicios.ine.es/wstempus/js/ES/DATOS_TABLA/66088?nult=400
66088,EPA680687,Ocupados. Ambos sexos. Melilla. Servicios. Personas. ,1199142000000,2008-28,21.5,https://servicios.ine.es/wstempus/js/ES/DATOS_TABLA/66088?nult=400
66088,EPA680687,Ocupados. Ambos sexos. Melilla. Servicios. Personas. ,1167606000000,2007-28,22.2,https://servicios.ine.es/wstempus/js/ES/DATOS_TABLA/66088?nult=400
66088,EPA680687,Ocupados. Ambos sexos. Melilla. Servicios. Personas. ,1136070000000,2006-28,21.7,https://servicios.ine.es/wstempus/js/ES/DATOS_TABLA/66088?nult=400
66088,EPA644251,Ocupados. Total Nacional. Hombres. Total CNAE. Personas. ,1199142000000,2008-28,11805.2,https://servicios.ine.es/wstempus/js/ES/DATOS_TABLA/66088?nult=400
66088,EPA644251,Ocupados. Total Nacional. Hombres. Total CNAE. Personas. ,1167606000000,2007-28,12067.4,https://servicios.ine.es/wstempus/js/ES/DATOS_TABLA/66088?nult=400
66088,EPA644251,Ocupados. Total Nacional. Hombres. Total CNAE. Personas. ,1136070000000,2006-28,11808.5,https://servicios.ine.es/wstempus/js/ES/DATOS_TABLA/66088?nult=400
66088,EPA680688,Ocupados. Hombres. Total Nacional. Agricultura. Personas. ,1199142000000,2008-28,658.5,https://servicios.ine.es/wstempus/js/ES/DATOS_TABLA/66088?nult=400
66088,EPA680688,Ocupados. Hombres. Total Nacional. Agricultura. Personas. ,1167606000000,2007-28,678.3,https://servicios.ine.es/wstempus/js/ES/DATOS_TABLA/66088?nult=400
66088,EPA680688,Ocupados. Hombres. Total Nacional. Agricultura. Personas. ,1136070000000,2006-28,691.7,https://servicios.ine.es/wstempus/js/ES/DATOS_TABLA/66088?nult=400
66088,EPA680689,Ocupados. Hombres. Total Nacional. Industria. Personas. ,1199142000000,2008-28,2435.8,https://servicios.ine.es/wstempus/js/ES/DATOS_TABLA/66088?nult=400
66088,EPA680689,Ocupados. Hombres. Total Nacional. Industria. Personas. ,1167606000000,2007-28,2454.2,https://servicios.ine.es/wstempus/js/ES/DATOS_TABLA/66088?nult=400
66088,EPA680689,Ocupados. Hombres. Total Nacional. Industria. Personas. ,1136070000000,2006-28,2510.1,https://servicios.ine.es/wstempus/js/ES/DATOS_TABLA/66088?nult=400
66088,EPA680690,Ocupados. Hombres. Total Nacional. Construcción. Personas. ,1199142000000,2008-28,2253.5,https://servicios.ine.es/wstempus/js/ES/DATOS_TABLA/66088?nult=400
66088,EPA680690,Ocupados. Hombres. Total Nacional. Construcción. Personas. ,1167606000000,2007-28,2547.3,https://servicios.ine.es/wstempus/js/ES/DATOS_TABLA/66088?nult=400
66088,EPA680690,Ocupados. Hombres. Total Nacional. Construcción. Personas. ,1136070000000,2006-28,2405.8,https://servicios.ine.es/wstempus/js/ES/DATOS_TABLA/66088?nult=400
66088,EPA680691,Ocupados. Hombres. Total Nacional. Servicios. Personas. ,1199142000000,2008-28,6457.3,https://servicios.ine.es/wstempus/js/ES/DATOS_TABLA/66088?nult=400
66088,EPA680691,Ocupados. Hombres. Total Nacional. Servicios. Personas. ,1167606000000,2007-28,6387.5,https://servicios.ine.es/wstempus/js/ES/DATOS_TABLA/66088?nult=400
66088,EPA680691,Ocupados. Hombres. Total Nacional. Servicios. Personas. ,1136070000000,2006-28,6200.8,https://servicios.ine.es/wstempus/js/ES/DATOS_TABLA/66088?nult=400
66088,EPA663038,Ocupados. Hombres. Andalucía. Total CNAE. Personas. ,1199142000000,2008-28,1900.8,https://servicios.ine.es/wstempus/js/ES/DATOS_TABLA/66088?nult=400
66088,EPA663038,Ocupados. Hombres. Andalucía. Total CNAE. Personas. ,1167606000000,2007-28,1989.8,https://servicios.ine.es/wstempus/js/ES/DATOS_TABLA/66088?nult=400
66088,EPA663038,Ocupados. Hombres. Andalucía. Total CNAE. Personas. ,1136070000000,2006-28,1958.6,https://servicios.ine.es/wstempus/js/ES/DATOS_TABLA/66088?nult=400
66088,EPA680692,Ocupados. Hombres. Andalucía. Agricultura. Personas. ,1199142000000,2008-28,165.9,https://servicios.ine.es/wstempus/js/ES/DATOS_TABLA/66088?nult=400
66088,EPA680692,Ocupados. Hombres. Andalucía. Agricultura. Personas. ,1167606000000,2007-28,169.4,https://servicios.ine.es/wstempus/js/ES/DATOS_TABLA/66088?nult=400
66088,EPA680692,Ocupados. Hombres. Andalucía. Agricultura. Personas. ,1136070000000,2006-28,173.0,https://servicios.ine.es/wstempus/js/ES/DATOS_TABLA/66088?nult=400
66088,EPA680693,Ocupados. Hombres. Andalucía. Industria. Personas. ,1199142000000,2008-28,247.6,https://servicios.ine.es/wstempus/js/ES/DATOS_TABLA/66088?nult=400
66088,EPA680693,Ocupados. Hombres. Andalucía. Industria. Personas. ,1167606000000,2007-28,260.6,https://servicios.ine.es/wstempus/js/ES/DATOS_TABLA/66088?nult=400
66088,EPA680693,Ocupados. Hombres. Andalucía. Industria. Personas. ,1136070000000,2006-28,259.6,https://servicios.ine.es/wstempus/js/ES/DATOS_TABLA/66088?nult=400
66088,EPA680694,Ocupados. Hombres. Andalucía. Construcción. Personas. ,1199142000000,2008-28,390.9,https://servicios.ine.es/wstempus/js/ES/DATOS_TABLA/66088?nult=400
66088,EPA680694,Ocupados. Hombres. Andalucía. Construcción. Personas. ,1167606000000,2007-28,467.3,https://servicios.ine.es/wstempus/js/ES/DATOS_TABLA/66088?nult=400
66088,EPA680694,Ocupados. Hombres. Andalucía. Construcción. Personas. ,1136070000000,2006-28,453.4,https://servicios.ine.es/wstempus/js/ES/DATOS_TABLA/66088?nult=400
66088,EPA680695,Ocupados. Hombres. Andalucía. Servicios. Personas. ,1199142000000,2008-28,1096.5,https://servicios.ine.es/wstempus/js/ES/DATOS_TABLA/66088?nult=400
66088,EPA680695,Ocupados. Hombres. Andalucía. Servicios. Personas. ,1167606000000,2007-28,1092.5,https://servicios.ine.es/wstempus/js/ES/DATOS_TABLA/66088?nult=400
66088,EPA680695,Ocupados. Hombres. Andalucía. Servicios. Personas. ,1136070000000,2006-28,1072.6,https://servicios.ine.es/wstempus/js/ES/DATOS_TABLA/66088?nult=400
66088,EPA663051,Ocupados. Hombres. Aragón. Total CNAE. Personas. ,1199142000000,2008-28,361.7,https://servicios.ine.es/wstempus/js/ES/DATOS_TABLA/66088?nult=400
66088,EPA663051,Ocupados. Hombres. Aragón. Total CNAE. Personas. ,1167606000000,2007-28,363.2,https://servicios.ine.es/wstempus/js/ES/DATOS_TABLA/66088?nult=400
66088,EPA663051,Ocupados. Hombres. Aragón. Total CNAE. Personas. ,1136070000000,2006-28,350.3,https://servicios.ine.es/wstempus/js/ES/DATOS_TABLA/66088?nult=400
66088,EPA680696,Ocupados. Hombres. Aragón. Agricultura. Personas. ,1199142000000,2008-28,25.0,https://servicios.ine.es/wstempus/js/ES/DATOS_TABLA/66088?nult=400
66088,EPA680696,Ocupados. Hombres. Aragón. Agricultura. Personas. ,1167606000000,2007-28,30.6,https://servicios.ine.es/wstempus/js/ES/DATOS_TABLA/66088?nult=400
66088,EPA680696,Ocupados. Hombres. Aragón. Agricultura. Personas. ,1136070000000,2006-28,31.5,https://servicios.ine.es/wstempus/js/ES/DATOS_TABLA/66088?nult=400
66088,EPA680697,Ocupados. Hombres. Aragón. Industria. Personas. ,1199142000000,2008-28,100.5,https://servicios.ine.es/wstempus/js/ES/DATOS_TABLA/66088?nult=400
66088,EPA680697,Ocupados. Hombres. Aragón. Industria. Personas. ,1167606000000,2007-28,94.4,https://servicios.ine.es/wstempus/js/ES/DATOS_TABLA/66088?nult=400
66088,EPA680697,Ocupados. Hombres. Aragón. Industria. Personas. ,1136070000000,2006-28,94.6,https://servicios.ine.es/wstempus/js/ES/DATOS_TABLA/66088?nult=400
66088,EPA680698,Ocupados. Hombres. Aragón. Construcción. Personas. ,1199142000000,2008-28,64.9,https://servicios.ine.es/wstempus/js/ES/DATOS_TABLA/66088?nult=400
66088,EPA680698,Ocupados. Hombres. Aragón. Construcción. Personas. ,1167606000000,2007-28,68.6,https://servicios.ine.es/wstempus/js/ES/DATOS_TABLA/66088?nult=400
66088,EPA680698,Ocupados. Hombres. Aragón. Construcción. Personas. ,1136070000000,2006-28,56.3,https://servicios.ine.es/wstempus/js/ES/DATOS_TABLA/66088?nult=400
66088,EPA680699,Ocupados. Hombres. Aragón. Servicios. Personas. ,1199142000000,2008-28,171.2,https://servicios.ine.es/wstempus/js/ES/DATOS_TABLA/66088?nult=400
66088,EPA680699,Ocupados. Hombres. Aragón. Servicios. Personas. ,1167606000000,2007-28,169.6,https://servicios.ine.es/wstempus/js/ES/DATOS_TABLA/66088?nult=400
66088,EPA680699,Ocupados. Hombres. Aragón. Servicios. Personas. ,1136070000000,2006-28,167.9,https://servicios.ine.es/wstempus/js/ES/DATOS_TABLA/66088?nult=400
66088,EPA663064,"Ocupados. Hombres. Asturias, Principado de. Total CNAE. Personas. ",1199142000000,2008-28,255.9,https://servicios.ine.es/wstempus/js/ES/DATOS_TABLA/66088?nult=400
66088,EPA663064,"Ocupados. Hombres. Asturias, Principado de. Total CNAE. Personas. ",1167606000000,2007-28,249.4,https://servicios.ine.es/wstempus/js/ES/DATOS_TABLA/66088?nult=400
66088,EPA663064,"Ocupados. Hombres. Asturias, Principado de. Total CNAE. Personas. ",1136070000000,2006-28,249.9,https://servicios.ine.es/wstempus/js/ES/DATOS_TABLA/66088?nult=400
66088,EPA680700,"Ocupados. Hombres. Asturias, Principado de. Agricultura. Personas. ",1199142000000,2008-28,12.8,https://servicios.ine.es/wstempus/js/ES/DATOS_TABLA/66088?nult=400
66088,EPA680700,"Ocupados. Hombres. Asturias, Principado de. Agricultura. Personas. ",1167606000000,2007-28,12.4,https://servicios.ine.es/wstempus/js/ES/DATOS_TABLA/66088?nult=400
66088,EPA680700,"Ocupados. Hombres. Asturias, Principado de. Agricultura. Personas. ",1136070000000,2006-28,15.0,https://servicios.ine.es/wstempus/js/ES/DATOS_TABLA/66088?nult=400
66088,EPA680701,"Ocupados. Hombres. Asturias, Principado de. Industria. Personas. ",1199142000000,2008-28,58.9,https://servicios.ine.es/wstempus/js/ES/DATOS_TABLA/66088?nult=400
66088,EPA680701,"Ocupados. Hombres. Asturias, Principado de. Industria. Personas. ",1167606000000,2007-28,60.6,https://servicios.ine.es/wstempus/js/ES/DATOS_TABLA/66088?nult=400
66088,EPA680701,"Ocupados. Hombres. Asturias, Principado de. Industria. Personas. ",1136070000000,2006-28,67.6,https://servicios.ine.es/wstempus/js/ES/DATOS_TABLA/66088?nult=400
66088,EPA680702,"Ocupados. Hombres. Asturias, Principado de. Construcción. Personas. ",1199142000000,2008-28,47.7,https://servicios.ine.es/wstempus/js/ES/DATOS_TABLA/66088?nult=400
66088,EPA680702,"Ocupados. Hombres. Asturias, Principado de. Construcción. Personas. ",1167606000000,2007-28,47.1,https://servicios.ine.es/wstempus/js/ES/DATOS_TABLA/66088?nult=400
66088,EPA680702,"Ocupados. Hombres. Asturias, Principado de. Construcción. Personas. ",1136070000000,2006-28,45.4,https://servicios.ine.es/wstempus/js/ES/DATOS_TABLA/66088?nult=400
66088,EPA680703,"Ocupados. Hombres. Asturias, Principado de. Servicios. Personas. ",1199142000000,2008-28,136.4,https://servicios.ine.es/wstempus/js/ES/DATOS_TABLA/66088?nult=400
66088,EPA680703,"Ocupados. Hombres. Asturias, Principado de. Servicios. Personas. ",1167606000000,2007-28,129.3,https://servicios.ine.es/wstempus/js/ES/DATOS_TABLA/66088?nult=400
66088,EPA680703,"Ocupados. Hombres. Asturias, Principado de. Servicios. Personas. ",1136070000000,2006-28,121.8,https://servicios.ine.es/wstempus/js/ES/DATOS_TABLA/66088?nult=400
66088,EPA663077,"Ocupados. Hombres. Balears, Illes. Total CNAE. Personas. ",1199142000000,2008-28,291.9,https://servicios.ine.es/wstempus/js/ES/DATOS_TABLA/66088?nult=400
66088,EPA663077,"Ocupados. Hombres. Balears, Illes. Total CNAE. Personas. ",1167606000000,2007-28,295.8,https://servicios.ine.es/wstempus/js/ES/DATOS_TABLA/66088?nult=400
66088,EPA663077,"Ocupados. Hombres. Balears, Illes. Total CNAE. Personas. ",1136070000000,2006-28,286.3,https://servicios.ine.es/wstempus/js/ES/DATOS_TABLA/66088?nult=400
66088,EPA680704,"Ocupados. Hombres. Balears, Illes. Agricultura. Personas. ",1199142000000,2008-28,7.3,https://servicios.ine.es/wstempus/js/ES/DATOS_TABLA/66088?nult=400
66088,EPA680704,"Ocupados. Hombres. Balears, Illes. Agricultura. Personas. ",1167606000000,2007-28,8.4,https://servicios.ine.es/wstempus/js/ES/DATOS_TABLA/66088?nult=400
66088,EPA680704,"Ocupados. Hombres. Balears, Illes. Agricultura. Personas. ",1136070000000,2006-28,6.6,https://servicios.ine.es/wstempus/js/ES/DATOS_TABLA/66088?nult=400
66088,EPA680705,"Ocupados. Hombres. Balears, Illes. Industria. Personas. ",1199142000000,2008-28,33.7,https://servicios.ine.es/wstempus/js/ES/DATOS_TABLA/66088?nult=400
66088,EPA680705,"Ocupados. Hombres. Balears, Illes. Industria. Personas. ",1167606000000,2007-28,39.8,https://servicios.ine.es/wstempus/js/ES/DATOS_TABLA/66088?nult=400
66088,EPA680705,"Ocupados. Hombres. Balears, Illes. Industria. Personas. ",1136070000000,2006-28,31.4,https://servicios.ine.es/wstempus/js/ES/DATOS_TABLA/66088?nult=400
66088,EPA680706,"Ocupados. Hombres. Balears, Illes. Construcción. Personas. ",1199142000000,2008-28,76.5,https://servicios.ine.es/wstempus/js/ES/DATOS_TABLA/66088?nult=400
66088,EPA680706,"Ocupados. Hombres. Balears, Illes. Construcción. Personas. ",1167606000000,2007-28,77.1,https://servicios.ine.es/wstempus/js/ES/DATOS_TABLA/66088?nult=400
66088,EPA680706,"Ocupados. Hombres. Balears, Illes. Construcción. Personas. ",1136070000000,2006-28,68.7,https://servicios.ine.es/wstempus/js/ES/DATOS_TABLA/66088?nult=400
66088,EPA680707,"Ocupados. Hombres. Balears, Illes. Servicios. Personas. ",1199142000000,2008-28,174.3,https://servicios.ine.es/wstempus/js/ES/DATOS_TABLA/66088?nult=400
66088,EPA680707,"Ocupados. Hombres. Balears, Illes. Servicios. Personas. ",1167606000000,2007-28,170.5,https://servicios.ine.es/wstempus/js/ES/DATOS_TABLA/66088?nult=400
66088,EPA680707,"Ocupados. Hombres. Balears, Illes. Servicios. Personas. ",1136070000000,2006-28,179.6,https://servicios.ine.es/wstempus/js/ES/DATOS_TABLA/66088?nult=400
66088,EPA663090,Ocupados. Hombres. Canarias. Total CNAE. Personas. ,1199142000000,2008-28,488.4,https://servicios.ine.es/wstempus/js/ES/DATOS_TABLA/66088?nult=400
66088,EPA663090,Ocupados. Hombres. Canarias. Total CNAE. Personas. ,1167606000000,2007-28,521.7,https://servicios.ine.es/wstempus/js/ES/DATOS_TABLA/66088?nult=400
66088,EPA663090,Ocupados. Hombres. Canarias. Total CNAE. Personas. ,1136070000000,2006-28,511.2,https://servicios.ine.es/wstempus/js/ES/DATOS_TABLA/66088?nult=400
66088,EPA680708,Ocupados. Hombres. Canarias. Agricultura. Personas. ,1199142000000,2008-28,17.6,https://servicios.ine.es/wstempus/js/ES/DATOS_TABLA/66088?nult=400
66088,EPA680708,Ocupados. Hombres. Canarias. Agricultura. Personas. ,1167606000000,2007-28,21.9,https://servicios.ine.es/wstempus/js/ES/DATOS_TABLA/66088?nult=400
66088,EPA680708,Ocupados. Hombres. Canarias. Agricultura. Personas. ,1136070000000,2006-28,20.3,https://servicios.ine.es/wstempus/js/ES/DATOS_TABLA/66088?nult=400
66088,EPA680709,Ocupados. Hombres. Canarias. Industria. Personas. ,1199142000000,2008-28,47.7,https://servicios.ine.es/wstempus/js/ES/DATOS_TABLA/66088?nult=400
66088,EPA680709,Ocupados. Hombres. Canarias. Industria. Personas. ,1167606000000,2007-28,40.7,https://servicios.ine.es/wstempus/js/ES/DATOS_TABLA/66088?nult=400
66088,EPA680709,Ocupados. Hombres. Canarias. Industria. Personas. ,1136070000000,2006-28,51.0,https://servicios.ine.es/wstempus/js/ES/DATOS_TABLA/66088?nult=400
66088,EPA680710,Ocupados. Hombres. Canarias. Construcción. Personas. ,1199142000000,2008-28,98.2,https://servicios.ine.es/wstempus/js/ES/DATOS_TABLA/66088?nult=400
66088,EPA680710,Ocupados. Hombres. Canarias. Construcción. Personas. ,1167606000000,2007-28,128.0,https://servicios.ine.es/wstempus/js/ES/DATOS_TABLA/66088?nult=400
66088,EPA680710,Ocupados. Hombres. Canarias. Construcción. Personas. ,1136070000000,2006-28,113.5,https://servicios.ine.es/wstempus/js/ES/DATOS_TABLA/66088?nult=400
66088,EPA680711,Ocupados. Hombres. Canarias. Servicios. Personas. ,1199142000000,2008-28,324.9,https://servicios.ine.es/wstempus/js/ES/DATOS_TABLA/66088?nult=400
66088,EPA680711,Ocupados. Hombres. Canarias. Servicios. Personas. ,1167606000000,2007-28,331.0,https://servicios.ine.es/wstempus/js/ES/DATOS_TABLA/66088?nult=400
66088,EPA680711,Ocupados. Hombres. Canarias. Servicios. Personas. ,1136070000000,2006-28,326.5,https://servicios.ine.es/wstempus/js/ES/DATOS_TABLA/66088?nult=400
66088,EPA663103,Ocupados. Hombres. Cantabria. Total CNAE. Personas. ,1199142000000,2008-28,152.0,https://servicios.ine.es/wstempus/js/ES/DATOS_TABLA/66088?nult=400
66088,EPA663103,Ocupados. Hombres. Cantabria. Total CNAE. Personas. ,1167606000000,2007-28,152.1,https://servicios.ine.es/wstempus/js/ES/DATOS_TABLA/66088?nult=400
66088,EPA663103,Ocupados. Hombres. Cantabria. Total CNAE. Personas. ,1136070000000,2006-28,148.2,https://servicios.ine.es/wstempus/js/ES/DATOS_TABLA/66088?nult=400
66088,EPA680712,Ocupados. Hombres. Cantabria. Agricultura. Personas. ,1199142000000,2008-28,7.3,https://servicios.ine.es/wstempus/js/ES/DATOS_TABLA/66088?nult=400
66088,EPA680712,Ocupados. Hombres. Cantabria. Agricultura. Personas. ,1167606000000,2007-28,6.1,https://servicios.ine.es/wstempus/js/ES/DATOS_TABLA/66088?nult=400
66088,EPA680712,Ocupados. Hombres. Cantabria. Agricultura. Personas. ,1136070000000,2006-28,7.8,https://servicios.ine.es/wstempus/js/ES/DATOS_TABLA/66088?nult=400
66088,EPA680713,Ocupados. Hombres. Cantabria. Industria. Personas. ,1199142000000,2008-28,39.8,https://servicios.ine.es/wstempus/js/ES/DATOS_TABLA/66088?nult=400
66088,EPA680713,Ocupados. Hombres. Cantabria. Industria. Personas. ,1167606000000,2007-28,37.0,https://servicios.ine.es/wstempus/js/ES/DATOS_TABLA/66088?nult=400
66088,EPA680713,Ocupados. Hombres. Cantabria. Industria. Personas. ,1136070000000,2006-28,33.4,https://servicios.ine.es/wstempus/js/ES/DATOS_TABLA/66088?nult=400
66088,EPA680714,Ocupados. Hombres. Cantabria. Construcción. Personas. ,1199142000000,2008-28,31.4,https://servicios.ine.es/wstempus/js/ES/DATOS_TABLA/66088?nult=400
66088,EPA680714,Ocupados. Hombres. Cantabria. Construcción. Personas. ,1167606000000,2007-28,33.2,https://servicios.ine.es/wstempus/js/ES/DATOS_TABLA/66088?nult=400
66088,EPA680714,Ocupados. Hombres. Cantabria. Construcción. Personas. ,1136070000000,2006-28,33.7,https://servicios.ine.es/wstempus/js/ES/DATOS_TABLA/66088?nult=400
66088,EPA680715,Ocupados. Hombres. Cantabria. Servicios. Personas. ,1199142000000,2008-28,73.5,https://servicios.ine.es/wstempus/js/ES/DATOS_TABLA/66088?nult=400
66088,EPA680715,Ocupados. Hombres. Cantabria. Servicios. Personas. ,1167606000000,2007-28,75.8,https://servicios.ine.es/wstempus/js/ES/DATOS_TABLA/66088?nult=400
66088,EPA680715,Ocupados. Hombres. Cantabria. Servicios. Personas. ,1136070000000,2006-28,73.3,https://servicios.ine.es/wstempus/js/ES/DATOS_TABLA/66088?nult=400
66088,EPA663116,Ocupados. Hombres. Castilla y León. Total CNAE. Personas. ,1199142000000,2008-28,643.3,https://servicios.ine.es/wstempus/js/ES/DATOS_TABLA/66088?nult=400
66088,EPA663116,Ocupados. Hombres. Castilla y León. Total CNAE. Personas. ,1167606000000,2007-28,652.3,https://servicios.ine.es/wstempus/js/ES/DATOS_TABLA/66088?nult=400
66088,EPA663116,Ocupados. Hombres. Castilla y León. Total CNAE. Personas. ,1136070000000,2006-28,640.6,https://servicios.ine.es/wstempus/js/ES/DATOS_TABLA/66088?nult=400
66088,EPA680716,Ocupados. Hombres. Castilla y León. Agricultura. Personas. ,1199142000000,2008-28,66.8,https://servicios.ine.es/wstempus/js/ES/DATOS_TABLA/66088?nult=400
66088,EPA680716,Ocupados. Hombres. Castilla y León. Agricultura. Personas. ,1167606000000,2007-28,64.8,https://servicios.ine.es/wstempus/js/ES/DATOS_TABLA/66088?nult=400
66088,EPA680716,Ocupados. Hombres. Castilla y León. Agricultura. Personas. ,1136070000000,2006-28,67.6,https://servicios.ine.es/wstempus/js/ES/DATOS_TABLA/66088?nult=400
66088,EPA680717,Ocupados. Hombres. Castilla y León. Industria. Personas. ,1199142000000,2008-28,146.3,https://servicios.ine.es/wstempus/js/ES/DATOS_TABLA/66088?nult=400
66088,EPA680717,Ocupados. Hombres. Castilla y León. Industria. Personas. ,1167606000000,2007-28,148.1,https://servicios.ine.es/wstempus/js/ES/DATOS_TABLA/66088?nult=400
66088,EPA680717,Ocupados. Hombres. Castilla y León. Industria. Personas. ,1136070000000,2006-28,147.7,https://servicios.ine.es/wstempus/js/ES/DATOS_TABLA/66088?nult=400
66088,EPA680718,Ocupados. Hombres. Castilla y León. Construcción. Personas. ,1199142000000,2008-28,116.7,https://servicios.ine.es/wstempus/js/ES/DATOS_TABLA/66088?nult=400
66088,EPA680718,Ocupados. Hombres. Castilla y León. Construcción. Personas. ,1167606000000,2007-28,129.5,https://servicios.ine.es/wstempus/js/ES/DATOS_TABLA/66088?nult=400
66088,EPA680718,Ocupados. Hombres. Castilla y León. Construcción. Personas. ,1136070000000,2006-28,129.0,https://servicios.ine.es/wstempus/js/ES/DATOS_TABLA/66088?nult=400
66088,EPA680719,Ocupados. Hombres. Castilla y León. Servicios. Personas. ,1199142000000,2008-28,313.5,https://servicios.ine.es/wstempus/js/ES/DATOS_TABLA/66088?nult=400
66088,EPA680719,Ocupados. Hombres. Castilla y León. Servicios. Personas. ,1167606000000,2007-28,310.0,https://servicios.ine.es/wstempus/js/ES/DATOS_TABLA/66088?nult=400
66088,EPA680719,Ocupados. Hombres. Castilla y León. Servicios. Personas. ,1136070000000,2006-28,296.3,https://servicios.ine.es/wstempus/js/ES/DATOS_TABLA/66088?nult=400
66088,EPA663129,Ocupados. Hombres. Castilla - La Mancha. Total CNAE. Personas. ,1199142000000,2008-28,532.9,https://servicios.ine.es/wstempus/js/ES/DATOS_TABLA/66088?nult=400
66088,EPA663129,Ocupados. Hombres. Castilla - La Mancha. Total CNAE. Personas. ,1167606000000,2007-28,545.8,https://servicios.ine.es/wstempus/js/ES/DATOS_TABLA/66088?nult=400
66088,EPA663129,Ocupados. Hombres. Castilla - La Mancha. Total CNAE. Personas. ,1136070000000,2006-28,525.4,https://servicios.ine.es/wstempus/js/ES/DATOS_TABLA/66088?nult=400
66088,EPA680720,Ocupados. Hombres. Castilla - La Mancha. Agricultura. Personas. ,1199142000000,2008-28,47.5,https://servicios.ine.es/wstempus/js/ES/DATOS_TABLA/66088?nult=400
66088,EPA680720,Ocupados. Hombres. Castilla - La Mancha. Agricultura. Personas. ,1167606000000,2007-28,50.1,https://servicios.ine.es/wstempus/js/ES/DATOS_TABLA/66088?nult=400
66088,EPA680720,Ocupados. Hombres. Castilla - La Mancha. Agricultura. Personas. ,1136070000000,2006-28,47.9,https://servicios.ine.es/wstempus/js/ES/DATOS_TABLA/66088?nult=400
66088,EPA680721,Ocupados. Hombres. Castilla - La Mancha. Industria. Personas. ,1199142000000,2008-28,114.3,https://servicios.ine.es/wstempus/js/ES/DATOS_TABLA/66088?nult=400
66088,EPA680721,Ocupados. Hombres. Castilla - La Mancha. Industria. Personas. ,1167606000000,2007-28,111.2,https://servicios.ine.es/wstempus/js/ES/DATOS_TABLA/66088?nult=400
66088,EPA680721,Ocupados. Hombres. Castilla - La Mancha. Industria. Personas. ,1136070000000,2006-28,118.9,https://servicios.ine.es/wstempus/js/ES/DATOS_TABLA/66088?nult=400
66088,EPA680722,Ocupados. Hombres. Castilla - La Mancha. Construcción. Personas. ,1199142000000,2008-28,129.2,https://servicios.ine.es/wstempus/js/ES/DATOS_TABLA/66088?nult=400
66088,EPA680722,Ocupados. Hombres. Castilla - La Mancha. Construcción. Personas. ,1167606000000,2007-28,140.3,https://servicios.ine.es/wstempus/js/ES/DATOS_TABLA/66088?nult=400
66088,EPA680722,Ocupados. Hombres. Castilla - La Mancha. Construcción. Personas. ,1136070000000,2006-28,127.4,https://servicios.ine.es/wstempus/js/ES/DATOS_TABLA/66088?nult=400
66088,EPA680723,Ocupados. Hombres. Castilla - La Mancha. Servicios. Personas. ,1199142000000,2008-28,241.9,https://servicios.ine.es/wstempus/js/ES/DATOS_TABLA/66088?nult=400
66088,EPA680723,Ocupados. Hombres. Castilla - La Mancha. Servicios. Personas. ,1167606000000,2007-28,244.2,https://servicios.ine.es/wstempus/js/ES/DATOS_TABLA/66088?nult=400
66088,EPA680723,Ocupados. Hombres. Castilla - La Mancha. Servicios. Personas. ,1136070000000,2006-28,231.2,https://servicios.ine.es/wstempus/js/ES/DATOS_TABLA/66088?nult=400
66088,EPA663142,Ocupados. Hombres. Cataluña. Total CNAE. Personas. ,1199142000000,2008-28,2013.2,https://servicios.ine.es/wstempus/js/ES/DATOS_TABLA/66088?nult=400
66088,EPA663142,Ocupados. Hombres. Cataluña. Total CNAE. Personas. ,1167606000000,2007-28,2049.4,https://servicios.ine.es/wstempus/js/ES/DATOS_TABLA/66088?nult=400
66088,EPA663142,Ocupados. Hombres. Cataluña. Total CNAE. Personas. ,1136070000000,2006-28,2013.7,https://servicios.ine.es/wstempus/js/ES/DATOS_TABLA/66088?nult=400
66088,EPA680724,Ocupados. Hombres. Cataluña. Agricultura. Personas. ,1199142000000,2008-28,55.4,https://servicios.ine.es/wstempus/js/ES/DATOS_TABLA/66088?nult=400
66088,EPA680724,Ocupados. Hombres. Cataluña. Agricultura. Personas. ,1167606000000,2007-28,62.8,https://servicios.ine.es/wstempus/js/ES/DATOS_TABLA/66088?nult=400
66088,EPA680724,Ocupados. Hombres. Cataluña. Agricultura. Personas. ,1136070000000,2006-28,74.3,https://servicios.ine.es/wstempus/js/ES/DATOS_TABLA/66088?nult=400
66088,EPA680725,Ocupados. Hombres. Cataluña. Industria. Personas. ,1199142000000,2008-28,555.4,https://servicios.ine.es/wstempus/js/ES/DATOS_TABLA/66088?nult=400
66088,EPA680725,Ocupados. Hombres. Cataluña. Industria. Personas. ,1167606000000,2007-28,559.4,https://servicios.ine.es/wstempus/js/ES/DATOS_TABLA/66088?nult=400
66088,EPA680725,Ocupados. Hombres. Cataluña. Industria. Personas. ,1136070000000,2006-28,579.8,https://servicios.ine.es/wstempus/js/ES/DATOS_TABLA/66088?nult=400
66088,EPA680726,Ocupados. Hombres. Cataluña. Construcción. Personas. ,1199142000000,2008-28,371.2,https://servicios.ine.es/wstempus/js/ES/DATOS_TABLA/66088?nult=400
66088,EPA680726,Ocupados. Hombres. Cataluña. Construcción. Personas. ,1167606000000,2007-28,413.1,https://servicios.ine.es/wstempus/js/ES/DATOS_TABLA/66088?nult=400
66088,EPA680726,Ocupados. Hombres. Cataluña. Construcción. Personas. ,1136070000000,2006-28,387.4,https://servicios.ine.es/wstempus/js/ES/DATOS_TABLA/66088?nult=400
66088,EPA680727,Ocupados. Hombres. Cataluña. Servicios. Personas. ,1199142000000,2008-28,1031.2,https://servicios.ine.es/wstempus/js/ES/DATOS_TABLA/66088?nult=400
66088,EPA680727,Ocupados. Hombres. Cataluña. Servicios. Personas. ,1167606000000,2007-28,1014.2,https://servicios.ine.es/wstempus/js/ES/DATOS_TABLA/66088?nult=400
66088,EPA680727,Ocupados. Hombres. Cataluña. Servicios. Personas. ,1136070000000,2006-28,972.2,https://servicios.ine.es/wstempus/js/ES/DATOS_TABLA/66088?nult=400
66088,EPA663155,Ocupados. Hombres. Comunitat Valenciana. Total CNAE. Personas. ,1199142000000,2008-28,1286.3,https://servicios.ine.es/wstempus/js/ES/DATOS_TABLA/66088?nult=400
66088,EPA663155,Ocupados. Hombres. Comunitat Valenciana. Total CNAE. Personas. ,1167606000000,2007-28,1317.6,https://servicios.ine.es/wstempus/js/ES/DATOS_TABLA/66088?nult=400
66088,EPA663155,Ocupados. Hombres. Comunitat Valenciana. Total CNAE. Personas. ,1136070000000,2006-28,1291.4,https://servicios.ine.es/wstempus/js/ES/DATOS_TABLA/66088?nult=400
66088,EPA680728,Ocupados. Hombres. Comunitat Valenciana. Agricultura. Personas. ,1199142000000,2008-28,59.1,https://servicios.ine.es/wstempus/js/ES/DATOS_TABLA/66088?nult=400
66088,EPA680728,Ocupados. Hombres. Comunitat Valenciana. Agricultura. Personas. ,1167606000000,2007-28,62.3,https://servicios.ine.es/wstempus/js/ES/DATOS_TABLA/66088?nult=400
66088,EPA680728,Ocupados. Hombres. Comunitat Valenciana. Agricultura. Personas. ,1136070000000,2006-28,50.7,https://servicios.ine.es/wstempus/js/ES/DATOS_TABLA/66088?nult=400
66088,EPA680729,Ocupados. Hombres. Comunitat Valenciana. Industria. Personas. ,1199142000000,2008-28,312.8,https://servicios.ine.es/wstempus/js/ES/DATOS_TABLA/66088?nult=400
66088,EPA680729,Ocupados. Hombres. Comunitat Valenciana. Industria. Personas. ,1167606000000,2007-28,318.7,https://servicios.ine.es/wstempus/js/ES/DATOS_TABLA/66088?nult=400
66088,EPA680729,Ocupados. Hombres. Comunitat Valenciana. Industria. Personas. ,1136070000000,2006-28,330.1,https://servicios.ine.es/wstempus/js/ES/DATOS_TABLA/66088?nult=400
66088,EPA680730,Ocupados. Hombres. Comunitat Valenciana. Construcción. Personas. ,1199142000000,2008-28,265.2,https://servicios.ine.es/wstempus/js/ES/DATOS_TABLA/66088?nult=400
66088,EPA680730,Ocupados. Hombres. Comunitat Valenciana. Construcción. Personas. ,1167606000000,2007-28,305.7,https://servicios.ine.es/wstempus/js/ES/DATOS_TABLA/66088?nult=400
66088,EPA680730,Ocupados. Hombres. Comunitat Valenciana. Construcción. Personas. ,1136070000000,2006-28,280.4,https://servicios.ine.es/wstempus/js/ES/DATOS_TABLA/66088?nult=400
66088,EPA680731,Ocupados. Hombres. Comunitat Valenciana. Servicios. Personas. ,1199142000000,2008-28,649.2,https://servicios.ine.es/wstempus/js/ES/DATOS_TABLA/66088?nult=400
66088,EPA680731,Ocupados. Hombres. Comunitat Valenciana. Servicios. Personas. ,1167606000000,2007-28,630.8,https://servicios.ine.es/wstempus/js/ES/DATOS_TABLA/66088?nult=400
66088,EPA680731,Ocupados. Hombres. Comunitat Valenciana. Servicios. Personas. ,1136070000000,2006-28,630.2,https://servicios.ine.es/wstempus/js/ES/DATOS_TABLA/66088?nult=400
66088,EPA663168,Ocupados. Hombres. Extremadura. Total CNAE. Personas. ,1199142000000,2008-28,257.6,https://servicios.ine.es/wstempus/js/ES/DATOS_TABLA/66088?nult=400
66088,EPA663168,Ocupados. Hombres. Extremadura. Total CNAE. Personas. ,1167606000000,2007-28,258.7,https://servicios.ine.es/wstempus/js/ES/DATOS_TABLA/66088?nult=400
66088,EPA663168,Ocupados. Hombres. Extremadura. Total CNAE. Personas. ,1136070000000,2006-28,252.6,https://servicios.ine.es/wstempus/js/ES/DATOS_TABLA/66088?nult=400
66088,EPA680732,Ocupados. Hombres. Extremadura. Agricultura. Personas. ,1199142000000,2008-28,37.6,https://servicios.ine.es/wstempus/js/ES/DATOS_TABLA/66088?nult=400
66088,EPA680732,Ocupados. Hombres. Extremadura. Agricultura. Personas. ,1167606000000,2007-28,35.5,https://servicios.ine.es/wstempus/js/ES/DATOS_TABLA/66088?nult=400
66088,EPA680732,Ocupados. Hombres. Extremadura. Agricultura. Personas. ,1136070000000,2006-28,38.8,https://servicios.ine.es/wstempus/js/ES/DATOS_TABLA/66088?nult=400
66088,EPA680733,Ocupados. Hombres. Extremadura. Industria. Personas. ,1199142000000,2008-28,37.4,https://servicios.ine.es/wstempus/js/ES/DATOS_TABLA/66088?nult=400
66088,EPA680733,Ocupados. Hombres. Extremadura. Industria. Personas. ,1167606000000,2007-28,37.6,https://servicios.ine.es/wstempus/js/ES/DATOS_TABLA/66088?nult=400
66088,EPA680733,Ocupados. Hombres. Extremadura. Industria. Personas. ,1136070000000,2006-28,34.8,https://servicios.ine.es/wstempus/js/ES/DATOS_TABLA/66088?nult=400
66088,EPA680734,Ocupados. Hombres. Extremadura. Construcción. Personas. ,1199142000000,2008-28,53.0,https://servicios.ine.es/wstempus/js/ES/DATOS_TABLA/66088?nult=400
66088,EPA680734,Ocupados. Hombres. Extremadura. Construcción. Personas. ,1167606000000,2007-28,55.4,https://servicios.ine.es/wstempus/js/ES/DATOS_TABLA/66088?nult=400
66088,EPA680734,Ocupados. Hombres. Extremadura. Construcción. Personas. ,1136070000000,2006-28,54.7,https://servicios.ine.es/wstempus/js/ES/DATOS_TABLA/66088?nult=400
66088,EPA680735,Ocupados. Hombres. Extremadura. Servicios. Personas. ,1199142000000,2008-28,129.7,https://servicios.ine.es/wstempus/js/ES/DATOS_TABLA/66088?nult=400
66088,EPA680735,Ocupados. Hombres. Extremadura. Servicios. Personas. ,1167606000000,2007-28,130.2,https://servicios.ine.es/wstempus/js/ES/DATOS_TABLA/66088?nult=400
66088,EPA680735,Ocupados. Hombres. Extremadura. Servicios. Personas. ,1136070000000,2006-28,124.3,https://servicios.ine.es/wstempus/js/ES/DATOS_TABLA/66088?nult=400
66088,EPA663181,Ocupados. Hombres. Galicia. Total CNAE. Personas. ,1199142000000,2008-28,672.3,https://servicios.ine.es/wstempus/js/ES/DATOS_TABLA/66088?nult=400
66088,EPA663181,Ocupados. Hombres. Galicia. Total CNAE. Personas. ,1167606000000,2007-28,676.1,https://servicios.ine.es/wstempus/js/ES/DATOS_TABLA/66088?nult=400
66088,EPA663181,Ocupados. Hombres. Galicia. Total CNAE. Personas. ,1136070000000,2006-28,660.1,https://servicios.ine.es/wstempus/js/ES/DATOS_TABLA/66088?nult=400
66088,EPA680736,Ocupados. Hombres. Galicia. Agricultura. Personas. ,1199142000000,2008-28,60.6,https://servicios.ine.es/wstempus/js/ES/DATOS_TABLA/66088?nult=400
66088,EPA680736,Ocupados. Hombres. Galicia. Agricultura. Personas. ,1167606000000,2007-28,60.2,https://servicios.ine.es/wstempus/js/ES/DATOS_TABLA/66088?nult=400
66088,EPA680736,Ocupados. Hombres. Galicia. Agricultura. Personas. ,1136070000000,2006-28,61.5,https://servicios.ine.es/wstempus/js/ES/DATOS_TABLA/66088?nult=400
66088,EPA680737,Ocupados. Hombres. Galicia. Industria. Personas. ,1199142000000,2008-28,150.3,https://servicios.ine.es/wstempus/js/ES/DATOS_TABLA/66088?nult=400
66088,EPA680737,Ocupados. Hombres. Galicia. Industria. Personas. ,1167606000000,2007-28,152.6,https://servicios.ine.es/wstempus/js/ES/DATOS_TABLA/66088?nult=400
66088,EPA680737,Ocupados. Hombres. Galicia. Industria. Personas. ,1136070000000,2006-28,151.3,https://servicios.ine.es/wstempus/js/ES/DATOS_TABLA/66088?nult=400
66088,EPA680738,Ocupados. Hombres. Galicia. Construcción. Personas. ,1199142000000,2008-28,121.9,https://servicios.ine.es/wstempus/js/ES/DATOS_TABLA/66088?nult=400
66088,EPA680738,Ocupados. Hombres. Galicia. Construcción. Personas. ,1167606000000,2007-28,134.9,https://servicios.ine.es/wstempus/js/ES/DATOS_TABLA/66088?nult=400
66088,EPA680738,Ocupados. Hombres. Galicia. Construcción. Personas. ,1136070000000,2006-28,129.5,https://servicios.ine.es/wstempus/js/ES/DATOS_TABLA/66088?nult=400
66088,EPA680739,Ocupados. Hombres. Galicia. Servicios. Personas. ,1199142000000,2008-28,339.5,https://servicios.ine.es/wstempus/js/ES/DATOS_TABLA/66088?nult=400
66088,EPA680739,Ocupados. Hombres. Galicia. Servicios. Personas. ,1167606000000,2007-28,328.3,https://servicios.ine.es/wstempus/js/ES/DATOS_TABLA/66088?nult=400
66088,EPA680739,Ocupados. Hombres. Galicia. Servicios. Personas. ,1136070000000,2006-28,317.8,https://servicios.ine.es/wstempus/js/ES/DATOS_TABLA/66088?nult=400
66088,EPA663194,"Ocupados. Hombres. Madrid, Comunidad de. Total CNAE. Personas. ",1199142000000,2008-28,1711.6,https://servicios.ine.es/wstempus/js/ES/DATOS_TABLA/66088?nult=400
66088,EPA663194,"Ocupados. Hombres. Madrid, Comunidad de. Total CNAE. Personas. ",1167606000000,2007-28,1733.9,https://servicios.ine.es/wstempus/js/ES/DATOS_TABLA/66088?nult=400
66088,EPA663194,"Ocupados. Hombres. Madrid, Comunidad de. Total CNAE. Personas. ",1136070000000,2006-28,1687.5,https://servicios.ine.es/wstempus/js/ES/DATOS_TABLA/66088?nult=400
66088,EPA680740,"Ocupados. Hombres. Madrid, Comunidad de. Agricultura. Personas. ",1199142000000,2008-28,24.0,https://servicios.ine.es/wstempus/js/ES/DATOS_TABLA/66088?nult=400
66088,EPA680740,"Ocupados. Hombres. Madrid, Comunidad de. Agricultura. Personas. ",1167606000000,2007-28,19.9,https://servicios.ine.es/wstempus/js/ES/DATOS_TABLA/66088?nult=400
66088,EPA680740,"Ocupados. Hombres. Madrid, Comunidad de. Agricultura. Personas. ",1136070000000,2006-28,24.9,https://servicios.ine.es/wstempus/js/ES/DATOS_TABLA/66088?nult=400
66088,EPA680741,"Ocupados. Hombres. Madrid, Comunidad de. Industria. Personas. ",1199142000000,2008-28,240.7,https://servicios.ine.es/wstempus/js/ES/DATOS_TABLA/66088?nult=400
66088,EPA680741,"Ocupados. Hombres. Madrid, Comunidad de. Industria. Personas. ",1167606000000,2007-28,240.8,https://servicios.ine.es/wstempus/js/ES/DATOS_TABLA/66088?nult=400
66088,EPA680741,"Ocupados. Hombres. Madrid, Comunidad de. Industria. Personas. ",1136070000000,2006-28,259.0,https://servicios.ine.es/wstempus/js/ES/DATOS_TABLA/66088?nult=400
66088,EPA680742,"Ocupados. Hombres. Madrid, Comunidad de. Construcción. Personas. ",1199142000000,2008-28,272.8,https://servicios.ine.es/wstempus/js/ES/DATOS_TABLA/66088?nult=400
66088,EPA680742,"Ocupados. Hombres. Madrid, Comunidad de. Construcción. Personas. ",1167606000000,2007-28,298.7,https://servicios.ine.es/wstempus/js/ES/DATOS_TABLA/66088?nult=400
66088,EPA680742,"Ocupados. Hombres. Madrid, Comunidad de. Construcción. Personas. ",1136070000000,2006-28,303.7,https://servicios.ine.es/wstempus/js/ES/DATOS_TABLA/66088?nult=400
66088,EPA680743,"Ocupados. Hombres. Madrid, Comunidad de. Servicios. Personas. ",1199142000000,2008-28,1174.2,https://servicios.ine.es/wstempus/js/ES/DATOS_TABLA/66088?nult=400
66088,EPA680743,"Ocupados. Hombres. Madrid, Comunidad de. Servicios. Personas. ",1167606000000,2007-28,1174.4,https://servicios.ine.es/wstempus/js/ES/DATOS_TABLA/66088?nult=400
66088,EPA680743,"Ocupados. Hombres. Madrid, Comunidad de. Servicios. Personas. ",1136070000000,2006-28,1100.0,https://servicios.ine.es/wstempus/js/ES/DATOS_TABLA/66088?nult=400
66088,EPA663206,"Ocupados. Hombres. Murcia, Región de. Total CNAE. Personas. ",1199142000000,2008-28,371.1,https://servicios.ine.es/wstempus/js/ES/DATOS_TABLA/66088?nult=400
66088,EPA663206,"Ocupados. Hombres. Murcia, Región de. Total CNAE. Personas. ",1167606000000,2007-28,392.9,https://servicios.ine.es/wstempus/js/ES/DATOS_TABLA/66088?nult=400
66088,EPA663206,"Ocupados. Hombres. Murcia, Región de. Total CNAE. Personas. ",1136070000000,2006-28,375.9,https://servicios.ine.es/wstempus/js/ES/DATOS_TABLA/66088?nult=400
66088,EPA680744,"Ocupados. Hombres. Murcia, Región de. Agricultura. Personas. ",1199142000000,2008-28,41.7,https://servicios.ine.es/wstempus/js/ES/DATOS_TABLA/66088?nult=400
66088,EPA680744,"Ocupados. Hombres. Murcia, Región de. Agricultura. Personas. ",1167606000000,2007-28,45.1,https://servicios.ine.es/wstempus/js/ES/DATOS_TABLA/66088?nult=400
66088,EPA680744,"Ocupados. Hombres. Murcia, Región de. Agricultura. Personas. ",1136070000000,2006-28,41.6,https://servicios.ine.es/wstempus/js/ES/DATOS_TABLA/66088?nult=400
66088,EPA680745,"Ocupados. Hombres. Murcia, Región de. Industria. Personas. ",1199142000000,2008-28,67.7,https://servicios.ine.es/wstempus/js/ES/DATOS_TABLA/66088?nult=400
66088,EPA680745,"Ocupados. Hombres. Murcia, Región de. Industria. Personas. ",1167606000000,2007-28,72.1,https://servicios.ine.es/wstempus/js/ES/DATOS_TABLA/66088?nult=400
66088,EPA680745,"Ocupados. Hombres. Murcia, Región de. Industria. Personas. ",1136070000000,2006-28,69.0,https://servicios.ine.es/wstempus/js/ES/DATOS_TABLA/66088?nult=400
66088,EPA680746,"Ocupados. Hombres. Murcia, Región de. Construcción. Personas. ",1199142000000,2008-28,78.5,https://servicios.ine.es/wstempus/js/ES/DATOS_TABLA/66088?nult=400
66088,EPA680746,"Ocupados. Hombres. Murcia, Región de. Construcción. Personas. ",1167606000000,2007-28,102.0,https://servicios.ine.es/wstempus/js/ES/DATOS_TABLA/66088?nult=400
66088,EPA680746,"Ocupados. Hombres. Murcia, Región de. Construcción. Personas. ",1136070000000,2006-28,96.7,https://servicios.ine.es/wstempus/js/ES/DATOS_TABLA/66088?nult=400
66088,EPA680747,"Ocupados. Hombres. Murcia, Región de. Servicios. Personas. ",1199142000000,2008-28,183.2,https://servicios.ine.es/wstempus/js/ES/DATOS_TABLA/66088?nult=400
66088,EPA680747,"Ocupados. Hombres. Murcia, Región de. Servicios. Personas. ",1167606000000,2007-28,173.7,https://servicios.ine.es/wstempus/js/ES/DATOS_TABLA/66088?nult=400
66088,EPA680747,"Ocupados. Hombres. Murcia, Región de. Servicios. Personas. ",1136070000000,2006-28,168.6,https://servicios.ine.es/wstempus/js/ES/DATOS_TABLA/66088?nult=400
66088,EPA663219,"Ocupados. Hombres. Navarra, Comunidad Foral de. Total CNAE. Personas. ",1199142000000,2008-28,170.7,https://servicios.ine.es/wstempus/js/ES/DATOS_TABLA/66088?nult=400
66088,EPA663219,"Ocupados. Hombres. Navarra, Comunidad Foral de. Total CNAE. Personas. ",1167606000000,2007-28,174.0,https://servicios.ine.es/wstempus/js/ES/DATOS_TABLA/66088?nult=400
66088,EPA663219,"Ocupados. Hombres. Navarra, Comunidad Foral de. Total CNAE. Personas. ",1136070000000,2006-28,167.1,https://servicios.ine.es/wstempus/js/ES/DATOS_TABLA/66088?nult=400
66088,EPA680748,"Ocupados. Hombres. Navarra, Comunidad Foral de. Agricultura. Personas. ",1199142000000,2008-28,11.4,https://servicios.ine.es/wstempus/js/ES/DATOS_TABLA/66088?nult=400
66088,EPA680748,"Ocupados. Hombres. Navarra, Comunidad Foral de. Agricultura. Personas. ",1167606000000,2007-28,10.9,https://servicios.ine.es/wstempus/js/ES/DATOS_TABLA/66088?nult=400
66088,EPA680748,"Ocupados. Hombres. Navarra, Comunidad Foral de. Agricultura. Personas. ",1136070000000,2006-28,10.3,https://servicios.ine.es/wstempus/js/ES/DATOS_TABLA/66088?nult=400
66088,EPA680749,"Ocupados. Hombres. Navarra, Comunidad Foral de. Industria. Personas. ",1199142000000,2008-28,61.6,https://servicios.ine.es/wstempus/js/ES/DATOS_TABLA/66088?nult=400
66088,EPA680749,"Ocupados. Hombres. Navarra, Comunidad Foral de. Industria. Personas. ",1167606000000,2007-28,54.5,https://servicios.ine.es/wstempus/js/ES/DATOS_TABLA/66088?nult=400
66088,EPA680749,"Ocupados. Hombres. Navarra, Comunidad Foral de. Industria. Personas. ",1136070000000,2006-28,54.6,https://servicios.ine.es/wstempus/js/ES/DATOS_TABLA/66088?nult=400
66088,EPA680750,"Ocupados. Hombres. Navarra, Comunidad Foral de. Construcción. Personas. ",1199142000000,2008-28,29.0,https://servicios.ine.es/wstempus/js/ES/DATOS_TABLA/66088?nult=400
66088,EPA680750,"Ocupados. Hombres. Navarra, Comunidad Foral de. Construcción. Personas. ",1167606000000,2007-28,35.2,https://servicios.ine.es/wstempus/js/ES/DATOS_TABLA/66088?nult=400
66088,EPA680750,"Ocupados. Hombres. Navarra, Comunidad Foral de. Construcción. Personas. ",1136070000000,2006-28,29.0,https://servicios.ine.es/wstempus/js/ES/DATOS_TABLA/66088?nult=400
66088,EPA680751,"Ocupados. Hombres. Navarra, Comunidad Foral de. Servicios. Personas. ",1199142000000,2008-28,68.8,https://servicios.ine.es/wstempus/js/ES/DATOS_TABLA/66088?nult=400
66088,EPA680751,"Ocupados. Hombres. Navarra, Comunidad Foral de. Servicios. Personas. ",1167606000000,2007-28,73.4,https://servicios.ine.es/wstempus/js/ES/DATOS_TABLA/66088?nult=400
66088,EPA680751,"Ocupados. Hombres. Navarra, Comunidad Foral de. Servicios. Personas. ",1136070000000,2006-28,73.2,https://servicios.ine.es/wstempus/js/ES/DATOS_TABLA/66088?nult=400
66088,EPA663232,Ocupados. Hombres. País Vasco. Total CNAE. Personas. ,1199142000000,2008-28,572.3,https://servicios.ine.es/wstempus/js/ES/DATOS_TABLA/66088?nult=400
66088,EPA663232,Ocupados. Hombres. País Vasco. Total CNAE. Personas. ,1167606000000,2007-28,572.8,https://servicios.ine.es/wstempus/js/ES/DATOS_TABLA/66088?nult=400
66088,EPA663232,Ocupados. Hombres. País Vasco. Total CNAE. Personas. ,1136070000000,2006-28,572.0,https://servicios.ine.es/wstempus/js/ES/DATOS_TABLA/66088?nult=400
66088,EPA680752,Ocupados. Hombres. País Vasco. Agricultura. Personas. ,1199142000000,2008-28,12.1,https://servicios.ine.es/wstempus/js/ES/DATOS_TABLA/66088?nult=400
66088,EPA680752,Ocupados. Hombres. País Vasco. Agricultura. Personas. ,1167606000000,2007-28,11.0,https://servicios.ine.es/wstempus/js/ES/DATOS_TABLA/66088?nult=400
66088,EPA680752,Ocupados. Hombres. País Vasco. Agricultura. Personas. ,1136070000000,2006-28,12.0,https://servicios.ine.es/wstempus/js/ES/DATOS_TABLA/66088?nult=400
66088,EPA680753,Ocupados. Hombres. País Vasco. Industria. Personas. ,1199142000000,2008-28,192.6,https://servicios.ine.es/wstempus/js/ES/DATOS_TABLA/66088?nult=400
66088,EPA680753,Ocupados. Hombres. País Vasco. Industria. Personas. ,1167606000000,2007-28,196.1,https://servicios.ine.es/wstempus/js/ES/DATOS_TABLA/66088?nult=400
66088,EPA680753,Ocupados. Hombres. País Vasco. Industria. Personas. ,1136070000000,2006-28,197.1,https://servicios.ine.es/wstempus/js/ES/DATOS_TABLA/66088?nult=400
66088,EPA680754,Ocupados. Hombres. País Vasco. Construcción. Personas. ,1199142000000,2008-28,87.2,https://servicios.ine.es/wstempus/js/ES/DATOS_TABLA/66088?nult=400
66088,EPA680754,Ocupados. Hombres. País Vasco. Construcción. Personas. ,1167606000000,2007-28,92.0,https://servicios.ine.es/wstempus/js/ES/DATOS_TABLA/66088?nult=400
66088,EPA680754,Ocupados. Hombres. País Vasco. Construcción. Personas. ,1136070000000,2006-28,79.7,https://servicios.ine.es/wstempus/js/ES/DATOS_TABLA/66088?nult=400
66088,EPA680755,Ocupados. Hombres. País Vasco. Servicios. Personas. ,1199142000000,2008-28,280.4,https://servicios.ine.es/wstempus/js/ES/DATOS_TABLA/66088?nult=400
66088,EPA680755,Ocupados. Hombres. País Vasco. Servicios. Personas. ,1167606000000,2007-28,273.6,https://servicios.ine.es/wstempus/js/ES/DATOS_TABLA/66088?nult=400
66088,EPA680755,Ocupados. Hombres. País Vasco. Servicios. Personas. ,1136070000000,2006-28,283.2,https://servicios.ine.es/wstempus/js/ES/DATOS_TABLA/66088?nult=400
66088,EPA663245,"Ocupados. Hombres. Rioja, La. Total CNAE. Personas. ",1199142000000,2008-28,88.5,https://servicios.ine.es/wstempus/js/ES/DATOS_TABLA/66088?nult=400
66088,EPA663245,"Ocupados. Hombres. Rioja, La. Total CNAE. Personas. ",1167606000000,2007-28,89.6,https://servicios.ine.es/wstempus/js/ES/DATOS_TABLA/66088?nult=400
66088,EPA663245,"Ocupados. Hombres. Rioja, La. Total CNAE. Personas. ",1136070000000,2006-28,86.3,https://servicios.ine.es/wstempus/js/ES/DATOS_TABLA/66088?nult=400
66088,EPA680756,"Ocupados. Hombres. Rioja, La. Agricultura. Personas. ",1199142000000,2008-28,6.4,https://servicios.ine.es/wstempus/js/ES/DATOS_TABLA/66088?nult=400
66088,EPA680756,"Ocupados. Hombres. Rioja, La. Agricultura. Personas. ",1167606000000,2007-28,6.8,https://servicios.ine.es/wstempus/js/ES/DATOS_TABLA/66088?nult=400
66088,EPA680756,"Ocupados. Hombres. Rioja, La. Agricultura. Personas. ",1136070000000,2006-28,7.9,https://servicios.ine.es/wstempus/js/ES/DATOS_TABLA/66088?nult=400
66088,EPA680757,"Ocupados. Hombres. Rioja, La. Industria. Personas. ",1199142000000,2008-28,27.0,https://servicios.ine.es/wstempus/js/ES/DATOS_TABLA/66088?nult=400
66088,EPA680757,"Ocupados. Hombres. Rioja, La. Industria. Personas. ",1167606000000,2007-28,28.8,https://servicios.ine.es/wstempus/js/ES/DATOS_TABLA/66088?nult=400
66088,EPA680757,"Ocupados. Hombres. Rioja, La. Industria. Personas. ",1136070000000,2006-28,28.9,https://servicios.ine.es/wstempus/js/ES/DATOS_TABLA/66088?nult=400
66088,EPA680758,"Ocupados. Hombres. Rioja, La. Construcción. Personas. ",1199142000000,2008-28,16.5,https://servicios.ine.es/wstempus/js/ES/DATOS_TABLA/66088?nult=400
66088,EPA680758,"Ocupados. Hombres. Rioja, La. Construcción. Personas. ",1167606000000,2007-28,16.5,https://servicios.ine.es/wstempus/js/ES/DATOS_TABLA/66088?nult=400
66088,EPA680758,"Ocupados. Hombres. Rioja, La. Construcción. Personas. ",1136070000000,2006-28,14.1,https://servicios.ine.es/wstempus/js/ES/DATOS_TABLA/66088?nult=400
66088,EPA680759,"Ocupados. Hombres. Rioja, La. Servicios. Personas. ",1199142000000,2008-28,38.5,https://servicios.ine.es/wstempus/js/ES/DATOS_TABLA/66088?nult=400
66088,EPA680759,"Ocupados. Hombres. Rioja, La. Servicios. Personas. ",1167606000000,2007-28,37.5,https://servicios.ine.es/wstempus/js/ES/DATOS_TABLA/66088?nult=400
66088,EPA680759,"Ocupados. Hombres. Rioja, La. Servicios. Personas. ",1136070000000,2006-28,35.4,https://servicios.ine.es/wstempus/js/ES/DATOS_TABLA/66088?nult=400
66088,EPA663258,Ocupados. Hombres. Ceuta. Total CNAE. Personas. ,1199142000000,2008-28,18.4,https://servicios.ine.es/wstempus/js/ES/DATOS_TABLA/66088?nult=400
66088,EPA663258,Ocupados. Hombres. Ceuta. Total CNAE. Personas. ,1167606000000,2007-28,16.7,https://servicios.ine.es/wstempus/js/ES/DATOS_TABLA/66088?nult=400
66088,EPA663258,Ocupados. Hombres. Ceuta. Total CNAE. Personas. ,1136070000000,2006-28,15.8,https://servicios.ine.es/wstempus/js/ES/DATOS_TABLA/66088?nult=400
66088,EPA680760,Ocupados. Hombres. Ceuta. Agricultura. Personas. ,1199142000000,2008-28,,https://servicios.ine.es/wstempus/js/ES/DATOS_TABLA/66088?nult=400
66088,EPA680760,Ocupados. Hombres. Ceuta. Agricultura. Personas. ,1167606000000,2007-28,0.0,https://servicios.ine.es/wstempus/js/ES/DATOS_TABLA/66088?nult=400
66088,EPA680760,Ocupados. Hombres. Ceuta. Agricultura. Personas. ,1136070000000,2006-28,,https://servicios.ine.es/wstempus/js/ES/DATOS_TABLA/66088?nult=400
66088,EPA680761,Ocupados. Hombres. Ceuta. Industria. Personas. ,1199142000000,2008-28,0.9,https://servicios.ine.es/wstempus/js/ES/DATOS_TABLA/66088?nult=400
66088,EPA680761,Ocupados. Hombres. Ceuta. Industria. Personas. ,1167606000000,2007-28,0.7,https://servicios.ine.es/wstempus/js/ES/DATOS_TABLA/66088?nult=400
66088,EPA680761,Ocupados. Hombres. Ceuta. Industria. Personas. ,1136070000000,2006-28,0.9,https://servicios.ine.es/wstempus/js/ES/DATOS_TABLA/66088?nult=400
66088,EPA680762,Ocupados. Hombres. Ceuta. Construcción. Personas. ,1199142000000,2008-28,1.6,https://servicios.ine.es/wstempus/js/ES/DATOS_TABLA/66088?nult=400
66088,EPA680762,Ocupados. Hombres. Ceuta. Construcción. Personas. ,1167606000000,2007-28,1.6,https://servicios.ine.es/wstempus/js/ES/DATOS_TABLA/66088?nult=400
66088,EPA680762,Ocupados. Hombres. Ceuta. Construcción. Personas. ,1136070000000,2006-28,1.7,https://servicios.ine.es/wstempus/js/ES/DATOS_TABLA/66088?nult=400
66088,EPA680763,Ocupados. Hombres. Ceuta. Servicios. Personas. ,1199142000000,2008-28,15.9,https://servicios.ine.es/wstempus/js/ES/DATOS_TABLA/66088?nult=400
66088,EPA680763,Ocupados. Hombres. Ceuta. Servicios. Personas. ,1167606000000,2007-28,14.3,https://servicios.ine.es/wstempus/js/ES/DATOS_TABLA/66088?nult=400
66088,EPA680763,Ocupados. Hombres. Ceuta. Servicios. Personas. ,1136070000000,2006-28,13.3,https://servicios.ine.es/wstempus/js/ES/DATOS_TABLA/66088?nult=400
66088,EPA663271,Ocupados. Hombres. Melilla. Total CNAE. Personas. ,1199142000000,2008-28,16.4,https://servicios.ine.es/wstempus/js/ES/DATOS_TABLA/66088?nult=400
66088,EPA663271,Ocupados. Hombres. Melilla. Total CNAE. Personas. ,1167606000000,2007-28,15.8,https://servicios.ine.es/wstempus/js/ES/DATOS_TABLA/66088?nult=400
66088,EPA663271,Ocupados. Hombres. Melilla. Total CNAE. Personas. ,1136070000000,2006-28,15.7,https://servicios.ine.es/wstempus/js/ES/DATOS_TABLA/66088?nult=400
66088,EPA680764,Ocupados. Hombres. Melilla. Agricultura. Personas. ,1199142000000,2008-28,0.1,https://servicios.ine.es/wstempus/js/ES/DATOS_TABLA/66088?nult=400
66088,EPA680764,Ocupados. Hombres. Melilla. Agricultura. Personas. ,1167606000000,2007-28,,https://servicios.ine.es/wstempus/js/ES/DATOS_TABLA/66088?nult=400
66088,EPA680764,Ocupados. Hombres. Melilla. Agricultura. Personas. ,1136070000000,2006-28,,https://servicios.ine.es/wstempus/js/ES/DATOS_TABLA/66088?nult=400
66088,EPA680765,Ocupados. Hombres. Melilla. Industria. Personas. ,1199142000000,2008-28,0.6,https://servicios.ine.es/wstempus/js/ES/DATOS_TABLA/66088?nult=400
66088,EPA680765,Ocupados. Hombres. Melilla. Industria. Personas. ,1167606000000,2007-28,0.3,https://servicios.ine.es/wstempus/js/ES/DATOS_TABLA/66088?nult=400
66088,EPA680765,Ocupados. Hombres. Melilla. Industria. Personas. ,1136070000000,2006-28,0.4,https://servicios.ine.es/wstempus/js/ES/DATOS_TABLA/66088?nult=400
66088,EPA680766,Ocupados. Hombres. Melilla. Construcción. Personas. ,1199142000000,2008-28,1.3,https://servicios.ine.es/wstempus/js/ES/DATOS_TABLA/66088?nult=400
66088,EPA680766,Ocupados. Hombres. Melilla. Construcción. Personas. ,1167606000000,2007-28,1.3,https://servicios.ine.es/wstempus/js/ES/DATOS_TABLA/66088?nult=400
66088,EPA680766,Ocupados. Hombres. Melilla. Construcción. Personas. ,1136070000000,2006-28,1.5,https://servicios.ine.es/wstempus/js/ES/DATOS_TABLA/66088?nult=400
66088,EPA680767,Ocupados. Hombres. Melilla. Servicios. Personas. ,1199142000000,2008-28,14.4,https://servicios.ine.es/wstempus/js/ES/DATOS_TABLA/66088?nult=400
66088,EPA680767,Ocupados. Hombres. Melilla. Servicios. Personas. ,1167606000000,2007-28,14.2,https://servicios.ine.es/wstempus/js/ES/DATOS_TABLA/66088?nult=400
66088,EPA680767,Ocupados. Hombres. Melilla. Servicios. Personas. ,1136070000000,2006-28,13.7,https://servicios.ine.es/wstempus/js/ES/DATOS_TABLA/66088?nult=400
66088,EPA644470,Ocupados. Total Nacional. Mujeres. Total CNAE. Personas. ,1199142000000,2008-28,8664.5,https://servicios.ine.es/wstempus/js/ES/DATOS_TABLA/66088?nult=400
66088,EPA644470,Ocupados. Total Nacional. Mujeres. Total CNAE. Personas. ,1167606000000,2007-28,8512.6,https://servicios.ine.es/wstempus/js/ES/DATOS_TABLA/66088?nult=400
66088,EPA644470,Ocupados. Total Nacional. Mujeres. Total CNAE. Personas. ,1136070000000,2006-28,8130.6,https://servicios.ine.es/wstempus/js/ES/DATOS_TABLA/66088?nult=400
66088,EPA680768,Ocupados. Mujeres. Total Nacional. Agricultura. Personas. ,1199142000000,2008-28,229.8,https://servicios.ine.es/wstempus/js/ES/DATOS_TABLA/66088?nult=400
66088,EPA680768,Ocupados. Mujeres. Total Nacional. Agricultura. Personas. ,1167606000000,2007-28,251.1,https://servicios.ine.es/wstempus/js/ES/DATOS_TABLA/66088?nult=400
66088,EPA680768,Ocupados. Mujeres. Total Nacional. Agricultura. Personas. ,1136070000000,2006-28,266.4,https://servicios.ine.es/wstempus/js/ES/DATOS_TABLA/66088?nult=400
66088,EPA680769,Ocupados. Mujeres. Total Nacional. Industria. Personas. ,1199142000000,2008-28,828.3,https://servicios.ine.es/wstempus/js/ES/DATOS_TABLA/66088?nult=400
66088,EPA680769,Ocupados. Mujeres. Total Nacional. Industria. Personas. ,1167606000000,2007-28,833.2,https://servicios.ine.es/wstempus/js/ES/DATOS_TABLA/66088?nult=400
66088,EPA680769,Ocupados. Mujeres. Total Nacional. Industria. Personas. ,1136070000000,2006-28,809.7,https://servicios.ine.es/wstempus/js/ES/DATOS_TABLA/66088?nult=400
66088,EPA680770,Ocupados. Mujeres. Total Nacional. Construcción. Personas. ,1199142000000,2008-28,155.2,https://servicios.ine.es/wstempus/js/ES/DATOS_TABLA/66088?nult=400
66088,EPA680770,Ocupados. Mujeres. Total Nacional. Construcción. Personas. ,1167606000000,2007-28,156.1,https://servicios.ine.es/wstempus/js/ES/DATOS_TABLA/66088?nult=400
66088,EPA680770,Ocupados. Mujeres. Total Nacional. Construcción. Personas. ,1136070000000,2006-28,137.1,https://servicios.ine.es/wstempus/js/ES/DATOS_TABLA/66088?nult=400
66088,EPA680771,Ocupados. Mujeres. Total Nacional. Servicios. Personas. ,1199142000000,2008-28,7451.2,https://servicios.ine.es/wstempus/js/ES/DATOS_TABLA/66088?nult=400
66088,EPA680771,Ocupados. Mujeres. Total Nacional. Servicios. Personas. ,1167606000000,2007-28,7272.2,https://servicios.ine.es/wstempus/js/ES/DATOS_TABLA/66088?nult=400
66088,EPA680771,Ocupados. Mujeres. Total Nacional. Servicios. Personas. ,1136070000000,2006-28,6917.4,https://servicios.ine.es/wstempus/js/ES/DATOS_TABLA/66088?nult=400
66088,EPA663290,Ocupados. Mujeres. Andalucía. Total CNAE. Personas. ,1199142000000,2008-28,1259.8,https://servicios.ine.es/wstempus/js/ES/DATOS_TABLA/66088?nult=400
66088,EPA663290,Ocupados. Mujeres. Andalucía. Total CNAE. Personas. ,1167606000000,2007-28,1248.9,https://servicios.ine.es/wstempus/js/ES/DATOS_TABLA/66088?nult=400
66088,EPA663290,Ocupados. Mujeres. Andalucía. Total CNAE. Personas. ,1136070000000,2006-28,1179.9,https://servicios.ine.es/wstempus/js/ES/DATOS_TABLA/66088?nult=400
66088,EPA680772,Ocupados. Mujeres. Andalucía. Agricultura. Personas. ,1199142000000,2008-28,66.7,https://servicios.ine.es/wstempus/js/ES/DATOS_TABLA/66088?nult=400
66088,EPA680772,Ocupados. Mujeres. Andalucía. Agricultura. Personas. ,1167606000000,2007-28,77.3,https://servicios.ine.es/wstempus/js/ES/DATOS_TABLA/66088?nult=400
66088,EPA680772,Ocupados. Mujeres. Andalucía. Agricultura. Personas. ,1136070000000,2006-28,83.6,https://servicios.ine.es/wstempus/js/ES/DATOS_TABLA/66088?nult=400
66088,EPA680773,Ocupados. Mujeres. Andalucía. Industria. Personas. ,1199142000000,2008-28,70.9,https://servicios.ine.es/wstempus/js/ES/DATOS_TABLA/66088?nult=400
66088,EPA680773,Ocupados. Mujeres. Andalucía. Industria. Personas. ,1167606000000,2007-28,67.4,https://servicios.ine.es/wstempus/js/ES/DATOS_TABLA/66088?nult=400
66088,EPA680773,Ocupados. Mujeres. Andalucía. Industria. Personas. ,1136070000000,2006-28,56.8,https://servicios.ine.es/wstempus/js/ES/DATOS_TABLA/66088?nult=400
66088,EPA680774,Ocupados. Mujeres. Andalucía. Construcción. Personas. ,1199142000000,2008-28,17.8,https://servicios.ine.es/wstempus/js/ES/DATOS_TABLA/66088?nult=400
66088,EPA680774,Ocupados. Mujeres. Andalucía. Construcción. Personas. ,1167606000000,2007-28,19.0,https://servicios.ine.es/wstempus/js/ES/DATOS_TABLA/66088?nult=400
66088,EPA680774,Ocupados. Mujeres. Andalucía. Construcción. Personas. ,1136070000000,2006-28,18.5,https://servicios.ine.es/wstempus/js/ES/DATOS_TABLA/66088?nult=400
66088,EPA680775,Ocupados. Mujeres. Andalucía. Servicios. Personas. ,1199142000000,2008-28,1104.5,https://servicios.ine.es/wstempus/js/ES/DATOS_TABLA/66088?nult=400
66088,EPA680775,Ocupados. Mujeres. Andalucía. Servicios. Personas. ,1167606000000,2007-28,1085.2,https://servicios.ine.es/wstempus/js/ES/DATOS_TABLA/66088?nult=400
66088,EPA680775,Ocupados. Mujeres. Andalucía. Servicios. Personas. ,1136070000000,2006-28,1021.0,https://servicios.ine.es/wstempus/js/ES/DATOS_TABLA/66088?nult=400
66088,EPA663303,Ocupados. Mujeres. Aragón. Total CNAE. Personas. ,1199142000000,2008-28,264.0,https://servicios.ine.es/wstempus/js/ES/DATOS_TABLA/66088?nult=400
66088,EPA663303,Ocupados. Mujeres. Aragón. Total CNAE. Personas. ,1167606000000,2007-28,260.1,https://servicios.ine.es/wstempus/js/ES/DATOS_TABLA/66088?nult=400
66088,EPA663303,Ocupados. Mujeres. Aragón. Total CNAE. Personas. ,1136070000000,2006-28,237.5,https://servicios.ine.es/wstempus/js/ES/DATOS_TABLA/66088?nult=400
66088,EPA680776,Ocupados. Mujeres. Aragón. Agricultura. Personas. ,1199142000000,2008-28,5.6,https://servicios.ine.es/wstempus/js/ES/DATOS_TABLA/66088?nult=400
66088,EPA680776,Ocupados. Mujeres. Aragón. Agricultura. Personas. ,1167606000000,2007-28,5.9,https://servicios.ine.es/wstempus/js/ES/DATOS_TABLA/66088?nult=400
66088,EPA680776,Ocupados. Mujeres. Aragón. Agricultura. Personas. ,1136070000000,2006-28,7.0,https://servicios.ine.es/wstempus/js/ES/DATOS_TABLA/66088?nult=400
66088,EPA680777,Ocupados. Mujeres. Aragón. Industria. Personas. ,1199142000000,2008-28,33.2,https://servicios.ine.es/wstempus/js/ES/DATOS_TABLA/66088?nult=400
66088,EPA680777,Ocupados. Mujeres. Aragón. Industria. Personas. ,1167606000000,2007-28,33.7,https://servicios.ine.es/wstempus/js/ES/DATOS_TABLA/66088?nult=400
66088,EPA680777,Ocupados. Mujeres. Aragón. Industria. Personas. ,1136070000000,2006-28,29.3,https://servicios.ine.es/wstempus/js/ES/DATOS_TABLA/66088?nult=400
66088,EPA680778,Ocupados. Mujeres. Aragón. Construcción. Personas. ,1199142000000,2008-28,3.2,https://servicios.ine.es/wstempus/js/ES/DATOS_TABLA/66088?nult=400
66088,EPA680778,Ocupados. Mujeres. Aragón. Construcción. Personas. ,1167606000000,2007-28,5.5,https://servicios.ine.es/wstempus/js/ES/DATOS_TABLA/66088?nult=400
66088,EPA680778,Ocupados. Mujeres. Aragón. Construcción. Personas. ,1136070000000,2006-28,3.9,https://servicios.ine.es/wstempus/js/ES/DATOS_TABLA/66088?nult=400
66088,EPA680779,Ocupados. Mujeres. Aragón. Servicios. Personas. ,1199142000000,2008-28,222.0,https://servicios.ine.es/wstempus/js/ES/DATOS_TABLA/66088?nult=400
66088,EPA680779,Ocupados. Mujeres. Aragón. Servicios. Personas. ,1167606000000,2007-28,215.1,https://servicios.ine.es/wstempus/js/ES/DATOS_TABLA/66088?nult=400
66088,EPA680779,Ocupados. Mujeres. Aragón. Servicios. Personas. ,1136070000000,2006-28,197.4,https://servicios.ine.es/wstempus/js/ES/DATOS_TABLA/66088?nult=400
66088,EPA663316,"Ocupados. Mujeres. Asturias, Principado de. Total CNAE. Personas. ",1199142000000,2008-28,200.4,https://servicios.ine.es/wstempus/js/ES/DATOS_TABLA/66088?nult=400
66088,EPA663316,"Ocupados. Mujeres. Asturias, Principado de. Total CNAE. Personas. ",1167606000000,2007-28,187.2,https://servicios.ine.es/wstempus/js/ES/DATOS_TABLA/66088?nult=400
66088,EPA663316,"Ocupados. Mujeres. Asturias, Principado de. Total CNAE. Personas. ",1136070000000,2006-28,177.5,https://servicios.ine.es/wstempus/js/ES/DATOS_TABLA/66088?nult=400
66088,EPA680780,"Ocupados. Mujeres. Asturias, Principado de. Agricultura. Personas. ",1199142000000,2008-28,8.1,https://servicios.ine.es/wstempus/js/ES/DATOS_TABLA/66088?nult=400
66088,EPA680780,"Ocupados. Mujeres. Asturias, Principado de. Agricultura. Personas. ",1167606000000,2007-28,8.5,https://servicios.ine.es/wstempus/js/ES/DATOS_TABLA/66088?nult=400
66088,EPA680780,"Ocupados. Mujeres. Asturias, Principado de. Agricultura. Personas. ",1136070000000,2006-28,9.2,https://servicios.ine.es/wstempus/js/ES/DATOS_TABLA/66088?nult=400
66088,EPA680781,"Ocupados. Mujeres. Asturias, Principado de. Industria. Personas. ",1199142000000,2008-28,13.2,https://servicios.ine.es/wstempus/js/ES/DATOS_TABLA/66088?nult=400
66088,EPA680781,"Ocupados. Mujeres. Asturias, Principado de. Industria. Personas. ",1167606000000,2007-28,13.9,https://servicios.ine.es/wstempus/js/ES/DATOS_TABLA/66088?nult=400
66088,EPA680781,"Ocupados. Mujeres. Asturias, Principado de. Industria. Personas. ",1136070000000,2006-28,10.7,https://servicios.ine.es/wstempus/js/ES/DATOS_TABLA/66088?nult=400
66088,EPA680782,"Ocupados. Mujeres. Asturias, Principado de. Construcción. Personas. ",1199142000000,2008-28,4.3,https://servicios.ine.es/wstempus/js/ES/DATOS_TABLA/66088?nult=400
66088,EPA680782,"Ocupados. Mujeres. Asturias, Principado de. Construcción. Personas. ",1167606000000,2007-28,3.4,https://servicios.ine.es/wstempus/js/ES/DATOS_TABLA/66088?nult=400
66088,EPA680782,"Ocupados. Mujeres. Asturias, Principado de. Construcción. Personas. ",1136070000000,2006-28,2.8,https://servicios.ine.es/wstempus/js/ES/DATOS_TABLA/66088?nult=400
66088,EPA680783,"Ocupados. Mujeres. Asturias, Principado de. Servicios. Personas. ",1199142000000,2008-28,174.9,https://servicios.ine.es/wstempus/js/ES/DATOS_TABLA/66088?nult=400
66088,EPA680783,"Ocupados. Mujeres. Asturias, Principado de. Servicios. Personas. ",1167606000000,2007-28,161.4,https://servicios.ine.es/wstempus/js/ES/DATOS_TABLA/66088?nult=400
66088,EPA680783,"Ocupados. Mujeres. Asturias, Principado de. Servicios. Personas. ",1136070000000,2006-28,154.9,https://servicios.ine.es/wstempus/js/ES/DATOS_TABLA/66088?nult=400
66088,EPA663329,"Ocupados. Mujeres. Balears, Illes. Total CNAE. Personas. ",1199142000000,2008-28,221.6,https://servicios.ine.es/wstempus/js/ES/DATOS_TABLA/66088?nult=400
66088,EPA663329,"Ocupados. Mujeres. Balears, Illes. Total CNAE. Personas. ",1167606000000,2007-28,213.9,https://servicios.ine.es/wstempus/js/ES/DATOS_TABLA/66088?nult=400
66088,EPA663329,"Ocupados. Mujeres. Balears, Illes. Total CNAE. Personas. ",1136070000000,2006-28,208.5,https://servicios.ine.es/wstempus/js/ES/DATOS_TABLA/66088?nult=400
66088,EPA680784,"Ocupados. Mujeres. Balears, Illes. Agricultura. Personas. ",1199142000000,2008-28,1.8,https://servicios.ine.es/wstempus/js/ES/DATOS_TABLA/66088?nult=400
66088,EPA680784,"Ocupados. Mujeres. Balears, Illes. Agricultura. Personas. ",1167606000000,2007-28,2.2,https://servicios.ine.es/wstempus/js/ES/DATOS_TABLA/66088?nult=400
66088,EPA680784,"Ocupados. Mujeres. Balears, Illes. Agricultura. Personas. ",1136070000000,2006-28,2.0,https://servicios.ine.es/wstempus/js/ES/DATOS_TABLA/66088?nult=400
66088,EPA680785,"Ocupados. Mujeres. Balears, Illes. Industria. Personas. ",1199142000000,2008-28,8.8,https://servicios.ine.es/wstempus/js/ES/DATOS_TABLA/66088?nult=400
66088,EPA680785,"Ocupados. Mujeres. Balears, Illes. Industria. Personas. ",1167606000000,2007-28,8.9,https://servicios.ine.es/wstempus/js/ES/DATOS_TABLA/66088?nult=400
66088,EPA680785,"Ocupados. Mujeres. Balears, Illes. Industria. Personas. ",1136070000000,2006-28,10.3,https://servicios.ine.es/wstempus/js/ES/DATOS_TABLA/66088?nult=400
66088,EPA680786,"Ocupados. Mujeres. Balears, Illes. Construcción. Personas. ",1199142000000,2008-28,3.3,https://servicios.ine.es/wstempus/js/ES/DATOS_TABLA/66088?nult=400
66088,EPA680786,"Ocupados. Mujeres. Balears, Illes. Construcción. Personas. ",1167606000000,2007-28,3.6,https://servicios.ine.es/wstempus/js/ES/DATOS_TABLA/66088?nult=400
66088,EPA680786,"Ocupados. Mujeres. Balears, Illes. Construcción. Personas. ",1136070000000,2006-28,2.7,https://servicios.ine.es/wstempus/js/ES/DATOS_TABLA/66088?nult=400
66088,EPA680787,"Ocupados. Mujeres. Balears, Illes. Servicios. Personas. ",1199142000000,2008-28,207.8,https://servicios.ine.es/wstempus/js/ES/DATOS_TABLA/66088?nult=400
66088,EPA680787,"Ocupados. Mujeres. Balears, Illes. Servicios. Personas. ",1167606000000,2007-28,199.3,https://servicios.ine.es/wstempus/js/ES/DATOS_TABLA/66088?nult=400
66088,EPA680787,"Ocupados. Mujeres. Balears, Illes. Servicios. Personas. ",1136070000000,2006-28,193.6,https://servicios.ine.es/wstempus/js/ES/DATOS_TABLA/66088?nult=400
66088,EPA663343,Ocupados. Mujeres. Canarias. Total CNAE. Personas. ,1199142000000,2008-28,351.5,https://servicios.ine.es/wstempus/js/ES/DATOS_TABLA/66088?nult=400
66088,EPA663343,Ocupados. Mujeres. Canarias. Total CNAE. Personas. ,1167606000000,2007-28,369.5,https://servicios.ine.es/wstempus/js/ES/DATOS_TABLA/66088?nult=400
66088,EPA663343,Ocupados. Mujeres. Canarias. Total CNAE. Personas. ,1136070000000,2006-28,348.7,https://servicios.ine.es/wstempus/js/ES/DATOS_TABLA/66088?nult=400
66088,EPA680788,Ocupados. Mujeres. Canarias. Agricultura. Personas. ,1199142000000,2008-28,10.0,https://servicios.ine.es/wstempus/js/ES/DATOS_TABLA/66088?nult=400
66088,EPA680788,Ocupados. Mujeres. Canarias. Agricultura. Personas. ,1167606000000,2007-28,11.0,https://servicios.ine.es/wstempus/js/ES/DATOS_TABLA/66088?nult=400
66088,EPA680788,Ocupados. Mujeres. Canarias. Agricultura. Personas. ,1136070000000,2006-28,9.3,https://servicios.ine.es/wstempus/js/ES/DATOS_TABLA/66088?nult=400
66088,EPA680789,Ocupados. Mujeres. Canarias. Industria. Personas. ,1199142000000,2008-28,11.4,https://servicios.ine.es/wstempus/js/ES/DATOS_TABLA/66088?nult=400
66088,EPA680789,Ocupados. Mujeres. Canarias. Industria. Personas. ,1167606000000,2007-28,11.7,https://servicios.ine.es/wstempus/js/ES/DATOS_TABLA/66088?nult=400
66088,EPA680789,Ocupados. Mujeres. Canarias. Industria. Personas. ,1136070000000,2006-28,9.7,https://servicios.ine.es/wstempus/js/ES/DATOS_TABLA/66088?nult=400
66088,EPA680790,Ocupados. Mujeres. Canarias. Construcción. Personas. ,1199142000000,2008-28,5.7,https://servicios.ine.es/wstempus/js/ES/DATOS_TABLA/66088?nult=400
66088,EPA680790,Ocupados. Mujeres. Canarias. Construcción. Personas. ,1167606000000,2007-28,7.3,https://servicios.ine.es/wstempus/js/ES/DATOS_TABLA/66088?nult=400
66088,EPA680790,Ocupados. Mujeres. Canarias. Construcción. Personas. ,1136070000000,2006-28,6.1,https://servicios.ine.es/wstempus/js/ES/DATOS_TABLA/66088?nult=400
66088,EPA680791,Ocupados. Mujeres. Canarias. Servicios. Personas. ,1199142000000,2008-28,324.4,https://servicios.ine.es/wstempus/js/ES/DATOS_TABLA/66088?nult=400
66088,EPA680791,Ocupados. Mujeres. Canarias. Servicios. Personas. ,1167606000000,2007-28,339.5,https://servicios.ine.es/wstempus/js/ES/DATOS_TABLA/66088?nult=400
66088,EPA680791,Ocupados. Mujeres. Canarias. Servicios. Personas. ,1136070000000,2006-28,323.6,https://servicios.ine.es/wstempus/js/ES/DATOS_TABLA/66088?nult=400
66088,EPA663356,Ocupados. Mujeres. Cantabria. Total CNAE. Personas. ,1199142000000,2008-28,112.2,https://servicios.ine.es/wstempus/js/ES/DATOS_TABLA/66088?nult=400
66088,EPA663356,Ocupados. Mujeres. Cantabria. Total CNAE. Personas. ,1167606000000,2007-28,109.5,https://servicios.ine.es/wstempus/js/ES/DATOS_TABLA/66088?nult=400
66088,EPA663356,Ocupados. Mujeres. Cantabria. Total CNAE. Personas. ,1136070000000,2006-28,103.6,https://servicios.ine.es/wstempus/js/ES/DATOS_TABLA/66088?nult=400
66088,EPA680792,Ocupados. Mujeres. Cantabria. Agricultura. Personas. ,1199142000000,2008-28,3.5,https://servicios.ine.es/wstempus/js/ES/DATOS_TABLA/66088?nult=400
66088,EPA680792,Ocupados. Mujeres. Cantabria. Agricultura. Personas. ,1167606000000,2007-28,3.5,https://servicios.ine.es/wstempus/js/ES/DATOS_TABLA/66088?nult=400
66088,EPA680792,Ocupados. Mujeres. Cantabria. Agricultura. Personas. ,1136070000000,2006-28,3.0,https://servicios.ine.es/wstempus/js/ES/DATOS_TABLA/66088?nult=400
66088,EPA680793,Ocupados. Mujeres. Cantabria. Industria. Personas. ,1199142000000,2008-28,10.2,https://servicios.ine.es/wstempus/js/ES/DATOS_TABLA/66088?nult=400
66088,EPA680793,Ocupados. Mujeres. Cantabria. Industria. Personas. ,1167606000000,2007-28,8.5,https://servicios.ine.es/wstempus/js/ES/DATOS_TABLA/66088?nult=400
66088,EPA680793,Ocupados. Mujeres. Cantabria. Industria. Personas. ,1136070000000,2006-28,9.8,https://servicios.ine.es/wstempus/js/ES/DATOS_TABLA/66088?nult=400
66088,EPA680794,Ocupados. Mujeres. Cantabria. Construcción. Personas. ,1199142000000,2008-28,2.5,https://servicios.ine.es/wstempus/js/ES/DATOS_TABLA/66088?nult=400
66088,EPA680794,Ocupados. Mujeres. Cantabria. Construcción. Personas. ,1167606000000,2007-28,2.2,https://servicios.ine.es/wstempus/js/ES/DATOS_TABLA/66088?nult=400
66088,EPA680794,Ocupados. Mujeres. Cantabria. Construcción. Personas. ,1136070000000,2006-28,1.5,https://servicios.ine.es/wstempus/js/ES/DATOS_TABLA/66088?nult=400
66088,EPA680795,Ocupados. Mujeres. Cantabria. Servicios. Personas. ,1199142000000,2008-28,96.1,https://servicios.ine.es/wstempus/js/ES/DATOS_TABLA/66088?nult=400
66088,EPA680795,Ocupados. Mujeres. Cantabria. Servicios. Personas. ,1167606000000,2007-28,95.3,https://servicios.ine.es/wstempus/js/ES/DATOS_TABLA/66088?nult=400
66088,EPA680795,Ocupados. Mujeres. Cantabria. Servicios. Personas. ,1136070000000,2006-28,89.2,https://servicios.ine.es/wstempus/js/ES/DATOS_TABLA/66088?nult=400
66088,EPA663369,Ocupados. Mujeres. Castilla y León. Total CNAE. Personas. ,1199142000000,2008-28,431.9,https://servicios.ine.es/wstempus/js/ES/DATOS_TABLA/66088?nult=400
66088,EPA663369,Ocupados. Mujeres. Castilla y León. Total CNAE. Personas. ,1167606000000,2007-28,429.9,https://servicios.ine.es/wstempus/js/ES/DATOS_TABLA/66088?nult=400
66088,EPA663369,Ocupados. Mujeres. Castilla y León. Total CNAE. Personas. ,1136070000000,2006-28,409.9,https://servicios.ine.es/wstempus/js/ES/DATOS_TABLA/66088?nult=400
66088,EPA680796,Ocupados. Mujeres. Castilla y León. Agricultura. Personas. ,1199142000000,2008-28,15.9,https://servicios.ine.es/wstempus/js/ES/DATOS_TABLA/66088?nult=400
66088,EPA680796,Ocupados. Mujeres. Castilla y León. Agricultura. Personas. ,1167606000000,2007-28,16.3,https://servicios.ine.es/wstempus/js/ES/DATOS_TABLA/66088?nult=400
66088,EPA680796,Ocupados. Mujeres. Castilla y León. Agricultura. Personas. ,1136070000000,2006-28,18.2,https://servicios.ine.es/wstempus/js/ES/DATOS_TABLA/66088?nult=400
66088,EPA680797,Ocupados. Mujeres. Castilla y León. Industria. Personas. ,1199142000000,2008-28,39.0,https://servicios.ine.es/wstempus/js/ES/DATOS_TABLA/66088?nult=400
66088,EPA680797,Ocupados. Mujeres. Castilla y León. Industria. Personas. ,1167606000000,2007-28,41.2,https://servicios.ine.es/wstempus/js/ES/DATOS_TABLA/66088?nult=400
66088,EPA680797,Ocupados. Mujeres. Castilla y León. Industria. Personas. ,1136070000000,2006-28,38.0,https://servicios.ine.es/wstempus/js/ES/DATOS_TABLA/66088?nult=400
66088,EPA680798,Ocupados. Mujeres. Castilla y León. Construcción. Personas. ,1199142000000,2008-28,8.4,https://servicios.ine.es/wstempus/js/ES/DATOS_TABLA/66088?nult=400
66088,EPA680798,Ocupados. Mujeres. Castilla y León. Construcción. Personas. ,1167606000000,2007-28,8.9,https://servicios.ine.es/wstempus/js/ES/DATOS_TABLA/66088?nult=400
66088,EPA680798,Ocupados. Mujeres. Castilla y León. Construcción. Personas. ,1136070000000,2006-28,7.1,https://servicios.ine.es/wstempus/js/ES/DATOS_TABLA/66088?nult=400
66088,EPA680799,Ocupados. Mujeres. Castilla y León. Servicios. Personas. ,1199142000000,2008-28,368.6,https://servicios.ine.es/wstempus/js/ES/DATOS_TABLA/66088?nult=400
66088,EPA680799,Ocupados. Mujeres. Castilla y León. Servicios. Personas. ,1167606000000,2007-28,363.4,https://servicios.ine.es/wstempus/js/ES/DATOS_TABLA/66088?nult=400
66088,EPA680799,Ocupados. Mujeres. Castilla y León. Servicios. Personas. ,1136070000000,2006-28,346.6,https://servicios.ine.es/wstempus/js/ES/DATOS_TABLA/66088?nult=400
66088,EPA663382,Ocupados. Mujeres. Castilla - La Mancha. Total CNAE. Personas. ,1199142000000,2008-28,328.1,https://servicios.ine.es/wstempus/js/ES/DATOS_TABLA/66088?nult=400
66088,EPA663382,Ocupados. Mujeres. Castilla - La Mancha. Total CNAE. Personas. ,1167606000000,2007-28,319.2,https://servicios.ine.es/wstempus/js/ES/DATOS_TABLA/66088?nult=400
66088,EPA663382,Ocupados. Mujeres. Castilla - La Mancha. Total CNAE. Personas. ,1136070000000,2006-28,284.8,https://servicios.ine.es/wstempus/js/ES/DATOS_TABLA/66088?nult=400
66088,EPA680800,Ocupados. Mujeres. Castilla - La Mancha. Agricultura. Personas. ,1199142000000,2008-28,9.3,https://servicios.ine.es/wstempus/js/ES/DATOS_TABLA/66088?nult=400
66088,EPA680800,Ocupados. Mujeres. Castilla - La Mancha. Agricultura. Personas. ,1167606000000,2007-28,10.5,https://servicios.ine.es/wstempus/js/ES/DATOS_TABLA/66088?nult=400
66088,EPA680800,Ocupados. Mujeres. Castilla - La Mancha. Agricultura. Personas. ,1136070000000,2006-28,10.0,https://servicios.ine.es/wstempus/js/ES/DATOS_TABLA/66088?nult=400
66088,EPA680801,Ocupados. Mujeres. Castilla - La Mancha. Industria. Personas. ,1199142000000,2008-28,35.1,https://servicios.ine.es/wstempus/js/ES/DATOS_TABLA/66088?nult=400
66088,EPA680801,Ocupados. Mujeres. Castilla - La Mancha. Industria. Personas. ,1167606000000,2007-28,35.2,https://servicios.ine.es/wstempus/js/ES/DATOS_TABLA/66088?nult=400
66088,EPA680801,Ocupados. Mujeres. Castilla - La Mancha. Industria. Personas. ,1136070000000,2006-28,36.6,https://servicios.ine.es/wstempus/js/ES/DATOS_TABLA/66088?nult=400
66088,EPA680802,Ocupados. Mujeres. Castilla - La Mancha. Construcción. Personas. ,1199142000000,2008-28,6.5,https://servicios.ine.es/wstempus/js/ES/DATOS_TABLA/66088?nult=400
66088,EPA680802,Ocupados. Mujeres. Castilla - La Mancha. Construcción. Personas. ,1167606000000,2007-28,5.8,https://servicios.ine.es/wstempus/js/ES/DATOS_TABLA/66088?nult=400
66088,EPA680802,Ocupados. Mujeres. Castilla - La Mancha. Construcción. Personas. ,1136070000000,2006-28,4.6,https://servicios.ine.es/wstempus/js/ES/DATOS_TABLA/66088?nult=400
66088,EPA680803,Ocupados. Mujeres. Castilla - La Mancha. Servicios. Personas. ,1199142000000,2008-28,277.3,https://servicios.ine.es/wstempus/js/ES/DATOS_TABLA/66088?nult=400
66088,EPA680803,Ocupados. Mujeres. Castilla - La Mancha. Servicios. Personas. ,1167606000000,2007-28,267.6,https://servicios.ine.es/wstempus/js/ES/DATOS_TABLA/66088?nult=400
66088,EPA680803,Ocupados. Mujeres. Castilla - La Mancha. Servicios. Personas. ,1136070000000,2006-28,233.6,https://servicios.ine.es/wstempus/js/ES/DATOS_TABLA/66088?nult=400
66088,EPA663395,Ocupados. Mujeres. Cataluña. Total CNAE. Personas. ,1199142000000,2008-28,1568.1,https://servicios.ine.es/wstempus/js/ES/DATOS_TABLA/66088?nult=400
66088,EPA663395,Ocupados. Mujeres. Cataluña. Total CNAE. Personas. ,1167606000000,2007-28,1527.2,https://servicios.ine.es/wstempus/js/ES/DATOS_TABLA/66088?nult=400
66088,EPA663395,Ocupados. Mujeres. Cataluña. Total CNAE. Personas. ,1136070000000,2006-28,1473.3,https://servicios.ine.es/wstempus/js/ES/DATOS_TABLA/66088?nult=400
66088,EPA680804,Ocupados. Mujeres. Cataluña. Agricultura. Personas. ,1199142000000,2008-28,15.1,https://servicios.ine.es/wstempus/js/ES/DATOS_TABLA/66088?nult=400
66088,EPA680804,Ocupados. Mujeres. Cataluña. Agricultura. Personas. ,1167606000000,2007-28,15.5,https://servicios.ine.es/wstempus/js/ES/DATOS_TABLA/66088?nult=400
66088,EPA680804,Ocupados. Mujeres. Cataluña. Agricultura. Personas. ,1136070000000,2006-28,17.6,https://servicios.ine.es/wstempus/js/ES/DATOS_TABLA/66088?nult=400
66088,EPA680805,Ocupados. Mujeres. Cataluña. Industria. Personas. ,1199142000000,2008-28,224.7,https://servicios.ine.es/wstempus/js/ES/DATOS_TABLA/66088?nult=400
66088,EPA680805,Ocupados. Mujeres. Cataluña. Industria. Personas. ,1167606000000,2007-28,215.3,https://servicios.ine.es/wstempus/js/ES/DATOS_TABLA/66088?nult=400
66088,EPA680805,Ocupados. Mujeres. Cataluña. Industria. Personas. ,1136070000000,2006-28,224.7,https://servicios.ine.es/wstempus/js/ES/DATOS_TABLA/66088?nult=400
66088,EPA680806,Ocupados. Mujeres. Cataluña. Construcción. Personas. ,1199142000000,2008-28,29.8,https://servicios.ine.es/wstempus/js/ES/DATOS_TABLA/66088?nult=400
66088,EPA680806,Ocupados. Mujeres. Cataluña. Construcción. Personas. ,1167606000000,2007-28,28.8,https://servicios.ine.es/wstempus/js/ES/DATOS_TABLA/66088?nult=400
66088,EPA680806,Ocupados. Mujeres. Cataluña. Construcción. Personas. ,1136070000000,2006-28,28.8,https://servicios.ine.es/wstempus/js/ES/DATOS_TABLA/66088?nult=400
66088,EPA680807,Ocupados. Mujeres. Cataluña. Servicios. Personas. ,1199142000000,2008-28,1298.5,https://servicios.ine.es/wstempus/js/ES/DATOS_TABLA/66088?nult=400
66088,EPA680807,Ocupados. Mujeres. Cataluña. Servicios. Personas. ,1167606000000,2007-28,1267.5,https://servicios.ine.es/wstempus/js/ES/DATOS_TABLA/66088?nult=400
66088,EPA680807,Ocupados. Mujeres. Cataluña. Servicios. Personas. ,1136070000000,2006-28,1202.2,https://servicios.ine.es/wstempus/js/ES/DATOS_TABLA/66088?nult=400
66088,EPA662936,Ocupados. Mujeres. Comunitat Valenciana. Total CNAE. Personas. ,1199142000000,2008-28,930.7,https://servicios.ine.es/wstempus/js/ES/DATOS_TABLA/66088?nult=400
66088,EPA662936,Ocupados. Mujeres. Comunitat Valenciana. Total CNAE. Personas. ,1167606000000,2007-28,912.4,https://servicios.ine.es/wstempus/js/ES/DATOS_TABLA/66088?nult=400
66088,EPA662936,Ocupados. Mujeres. Comunitat Valenciana. Total CNAE. Personas. ,1136070000000,2006-28,873.2,https://servicios.ine.es/wstempus/js/ES/DATOS_TABLA/66088?nult=400
66088,EPA680808,Ocupados. Mujeres. Comunitat Valenciana. Agricultura. Personas. ,1199142000000,2008-28,14.9,https://servicios.ine.es/wstempus/js/ES/DATOS_TABLA/66088?nult=400
66088,EPA680808,Ocupados. Mujeres. Comunitat Valenciana. Agricultura. Personas. ,1167606000000,2007-28,16.5,https://servicios.ine.es/wstempus/js/ES/DATOS_TABLA/66088?nult=400
66088,EPA680808,Ocupados. Mujeres. Comunitat Valenciana. Agricultura. Personas. ,1136070000000,2006-28,13.2,https://servicios.ine.es/wstempus/js/ES/DATOS_TABLA/66088?nult=400
66088,EPA680809,Ocupados. Mujeres. Comunitat Valenciana. Industria. Personas. ,1199142000000,2008-28,101.1,https://servicios.ine.es/wstempus/js/ES/DATOS_TABLA/66088?nult=400
66088,EPA680809,Ocupados. Mujeres. Comunitat Valenciana. Industria. Personas. ,1167606000000,2007-28,119.5,https://servicios.ine.es/wstempus/js/ES/DATOS_TABLA/66088?nult=400
66088,EPA680809,Ocupados. Mujeres. Comunitat Valenciana. Industria. Personas. ,1136070000000,2006-28,124.5,https://servicios.ine.es/wstempus/js/ES/DATOS_TABLA/66088?nult=400
66088,EPA680810,Ocupados. Mujeres. Comunitat Valenciana. Construcción. Personas. ,1199142000000,2008-28,19.0,https://servicios.ine.es/wstempus/js/ES/DATOS_TABLA/66088?nult=400
66088,EPA680810,Ocupados. Mujeres. Comunitat Valenciana. Construcción. Personas. ,1167606000000,2007-28,20.0,https://servicios.ine.es/wstempus/js/ES/DATOS_TABLA/66088?nult=400
66088,EPA680810,Ocupados. Mujeres. Comunitat Valenciana. Construcción. Personas. ,1136070000000,2006-28,16.7,https://servicios.ine.es/wstempus/js/ES/DATOS_TABLA/66088?nult=400
66088,EPA680811,Ocupados. Mujeres. Comunitat Valenciana. Servicios. Personas. ,1199142000000,2008-28,795.8,https://servicios.ine.es/wstempus/js/ES/DATOS_TABLA/66088?nult=400
66088,EPA680811,Ocupados. Mujeres. Comunitat Valenciana. Servicios. Personas. ,1167606000000,2007-28,756.4,https://servicios.ine.es/wstempus/js/ES/DATOS_TABLA/66088?nult=400
66088,EPA680811,Ocupados. Mujeres. Comunitat Valenciana. Servicios. Personas. ,1136070000000,2006-28,718.8,https://servicios.ine.es/wstempus/js/ES/DATOS_TABLA/66088?nult=400
66088,EPA662949,Ocupados. Mujeres. Extremadura. Total CNAE. Personas. ,1199142000000,2008-28,152.8,https://servicios.ine.es/wstempus/js/ES/DATOS_TABLA/66088?nult=400
66088,EPA662949,Ocupados. Mujeres. Extremadura. Total CNAE. Personas. ,1167606000000,2007-28,156.3,https://servicios.ine.es/wstempus/js/ES/DATOS_TABLA/66088?nult=400
66088,EPA662949,Ocupados. Mujeres. Extremadura. Total CNAE. Personas. ,1136070000000,2006-28,146.8,https://servicios.ine.es/wstempus/js/ES/DATOS_TABLA/66088?nult=400
66088,EPA680812,Ocupados. Mujeres. Extremadura. Agricultura. Personas. ,1199142000000,2008-28,7.3,https://servicios.ine.es/wstempus/js/ES/DATOS_TABLA/66088?nult=400
66088,EPA680812,Ocupados. Mujeres. Extremadura. Agricultura. Personas. ,1167606000000,2007-28,8.7,https://servicios.ine.es/wstempus/js/ES/DATOS_TABLA/66088?nult=400
66088,EPA680812,Ocupados. Mujeres. Extremadura. Agricultura. Personas. ,1136070000000,2006-28,8.9,https://servicios.ine.es/wstempus/js/ES/DATOS_TABLA/66088?nult=400
66088,EPA680813,Ocupados. Mujeres. Extremadura. Industria. Personas. ,1199142000000,2008-28,8.7,https://servicios.ine.es/wstempus/js/ES/DATOS_TABLA/66088?nult=400
66088,EPA680813,Ocupados. Mujeres. Extremadura. Industria. Personas. ,1167606000000,2007-28,9.6,https://servicios.ine.es/wstempus/js/ES/DATOS_TABLA/66088?nult=400
66088,EPA680813,Ocupados. Mujeres. Extremadura. Industria. Personas. ,1136070000000,2006-28,8.9,https://servicios.ine.es/wstempus/js/ES/DATOS_TABLA/66088?nult=400
66088,EPA680814,Ocupados. Mujeres. Extremadura. Construcción. Personas. ,1199142000000,2008-28,2.3,https://servicios.ine.es/wstempus/js/ES/DATOS_TABLA/66088?nult=400
66088,EPA680814,Ocupados. Mujeres. Extremadura. Construcción. Personas. ,1167606000000,2007-28,3.1,https://servicios.ine.es/wstempus/js/ES/DATOS_TABLA/66088?nult=400
66088,EPA680814,Ocupados. Mujeres. Extremadura. Construcción. Personas. ,1136070000000,2006-28,2.4,https://servicios.ine.es/wstempus/js/ES/DATOS_TABLA/66088?nult=400
66088,EPA680815,Ocupados. Mujeres. Extremadura. Servicios. Personas. ,1199142000000,2008-28,134.6,https://servicios.ine.es/wstempus/js/ES/DATOS_TABLA/66088?nult=400
66088,EPA680815,Ocupados. Mujeres. Extremadura. Servicios. Personas. ,1167606000000,2007-28,134.9,https://servicios.ine.es/wstempus/js/ES/DATOS_TABLA/66088?nult=400
66088,EPA680815,Ocupados. Mujeres. Extremadura. Servicios. Personas. ,1136070000000,2006-28,126.6,https://servicios.ine.es/wstempus/js/ES/DATOS_TABLA/66088?nult=400
66088,EPA662962,Ocupados. Mujeres. Galicia. Total CNAE. Personas. ,1199142000000,2008-28,528.9,https://servicios.ine.es/wstempus/js/ES/DATOS_TABLA/66088?nult=400
66088,EPA662962,Ocupados. Mujeres. Galicia. Total CNAE. Personas. ,1167606000000,2007-28,517.2,https://servicios.ine.es/wstempus/js/ES/DATOS_TABLA/66088?nult=400
66088,EPA662962,Ocupados. Mujeres. Galicia. Total CNAE. Personas. ,1136070000000,2006-28,504.8,https://servicios.ine.es/wstempus/js/ES/DATOS_TABLA/66088?nult=400
66088,EPA680816,Ocupados. Mujeres. Galicia. Agricultura. Personas. ,1199142000000,2008-28,38.5,https://servicios.ine.es/wstempus/js/ES/DATOS_TABLA/66088?nult=400
66088,EPA680816,Ocupados. Mujeres. Galicia. Agricultura. Personas. ,1167606000000,2007-28,43.2,https://servicios.ine.es/wstempus/js/ES/DATOS_TABLA/66088?nult=400
66088,EPA680816,Ocupados. Mujeres. Galicia. Agricultura. Personas. ,1136070000000,2006-28,51.6,https://servicios.ine.es/wstempus/js/ES/DATOS_TABLA/66088?nult=400
66088,EPA680817,Ocupados. Mujeres. Galicia. Industria. Personas. ,1199142000000,2008-28,64.3,https://servicios.ine.es/wstempus/js/ES/DATOS_TABLA/66088?nult=400
66088,EPA680817,Ocupados. Mujeres. Galicia. Industria. Personas. ,1167606000000,2007-28,62.6,https://servicios.ine.es/wstempus/js/ES/DATOS_TABLA/66088?nult=400
66088,EPA680817,Ocupados. Mujeres. Galicia. Industria. Personas. ,1136070000000,2006-28,61.8,https://servicios.ine.es/wstempus/js/ES/DATOS_TABLA/66088?nult=400
66088,EPA680818,Ocupados. Mujeres. Galicia. Construcción. Personas. ,1199142000000,2008-28,10.1,https://servicios.ine.es/wstempus/js/ES/DATOS_TABLA/66088?nult=400
66088,EPA680818,Ocupados. Mujeres. Galicia. Construcción. Personas. ,1167606000000,2007-28,11.4,https://servicios.ine.es/wstempus/js/ES/DATOS_TABLA/66088?nult=400
66088,EPA680818,Ocupados. Mujeres. Galicia. Construcción. Personas. ,1136070000000,2006-28,9.3,https://servicios.ine.es/wstempus/js/ES/DATOS_TABLA/66088?nult=400
66088,EPA680819,Ocupados. Mujeres. Galicia. Servicios. Personas. ,1199142000000,2008-28,416.0,https://servicios.ine.es/wstempus/js/ES/DATOS_TABLA/66088?nult=400
66088,EPA680819,Ocupados. Mujeres. Galicia. Servicios. Personas. ,1167606000000,2007-28,400.0,https://servicios.ine.es/wstempus/js/ES/DATOS_TABLA/66088?nult=400
66088,EPA680819,Ocupados. Mujeres. Galicia. Servicios. Personas. ,1136070000000,2006-28,382.1,https://servicios.ine.es/wstempus/js/ES/DATOS_TABLA/66088?nult=400
66088,EPA662975,"Ocupados. Mujeres. Madrid, Comunidad de. Total CNAE. Personas. ",1199142000000,2008-28,1420.0,https://servicios.ine.es/wstempus/js/ES/DATOS_TABLA/66088?nult=400
66088,EPA662975,"Ocupados. Mujeres. Madrid, Comunidad de. Total CNAE. Personas. ",1167606000000,2007-28,1392.9,https://servicios.ine.es/wstempus/js/ES/DATOS_TABLA/66088?nult=400
66088,EPA662975,"Ocupados. Mujeres. Madrid, Comunidad de. Total CNAE. Personas. ",1136070000000,2006-28,1336.4,https://servicios.ine.es/wstempus/js/ES/DATOS_TABLA/66088?nult=400
66088,EPA680820,"Ocupados. Mujeres. Madrid, Comunidad de. Agricultura. Personas. ",1199142000000,2008-28,7.4,https://servicios.ine.es/wstempus/js/ES/DATOS_TABLA/66088?nult=400
66088,EPA680820,"Ocupados. Mujeres. Madrid, Comunidad de. Agricultura. Personas. ",1167606000000,2007-28,6.1,https://servicios.ine.es/wstempus/js/ES/DATOS_TABLA/66088?nult=400
66088,EPA680820,"Ocupados. Mujeres. Madrid, Comunidad de. Agricultura. Personas. ",1136070000000,2006-28,5.0,https://servicios.ine.es/wstempus/js/ES/DATOS_TABLA/66088?nult=400
66088,EPA680821,"Ocupados. Mujeres. Madrid, Comunidad de. Industria. Personas. ",1199142000000,2008-28,101.4,https://servicios.ine.es/wstempus/js/ES/DATOS_TABLA/66088?nult=400
66088,EPA680821,"Ocupados. Mujeres. Madrid, Comunidad de. Industria. Personas. ",1167606000000,2007-28,104.4,https://servicios.ine.es/wstempus/js/ES/DATOS_TABLA/66088?nult=400
66088,EPA680821,"Ocupados. Mujeres. Madrid, Comunidad de. Industria. Personas. ",1136070000000,2006-28,92.8,https://servicios.ine.es/wstempus/js/ES/DATOS_TABLA/66088?nult=400
66088,EPA680822,"Ocupados. Mujeres. Madrid, Comunidad de. Construcción. Personas. ",1199142000000,2008-28,27.1,https://servicios.ine.es/wstempus/js/ES/DATOS_TABLA/66088?nult=400
66088,EPA680822,"Ocupados. Mujeres. Madrid, Comunidad de. Construcción. Personas. ",1167606000000,2007-28,23.8,https://servicios.ine.es/wstempus/js/ES/DATOS_TABLA/66088?nult=400
66088,EPA680822,"Ocupados. Mujeres. Madrid, Comunidad de. Construcción. Personas. ",1136070000000,2006-28,19.1,https://servicios.ine.es/wstempus/js/ES/DATOS_TABLA/66088?nult=400
66088,EPA680823,"Ocupados. Mujeres. Madrid, Comunidad de. Servicios. Personas. ",1199142000000,2008-28,1284.2,https://servicios.ine.es/wstempus/js/ES/DATOS_TABLA/66088?nult=400
66088,EPA680823,"Ocupados. Mujeres. Madrid, Comunidad de. Servicios. Personas. ",1167606000000,2007-28,1258.7,https://servicios.ine.es/wstempus/js/ES/DATOS_TABLA/66088?nult=400
66088,EPA680823,"Ocupados. Mujeres. Madrid, Comunidad de. Servicios. Personas. ",1136070000000,2006-28,1219.4,https://servicios.ine.es/wstempus/js/ES/DATOS_TABLA/66088?nult=400
66088,EPA662988,"Ocupados. Mujeres. Murcia, Región de. Total CNAE. Personas. ",1199142000000,2008-28,254.8,https://servicios.ine.es/wstempus/js/ES/DATOS_TABLA/66088?nult=400
66088,EPA662988,"Ocupados. Mujeres. Murcia, Región de. Total CNAE. Personas. ",1167606000000,2007-28,244.9,https://servicios.ine.es/wstempus/js/ES/DATOS_TABLA/66088?nult=400
66088,EPA662988,"Ocupados. Mujeres. Murcia, Región de. Total CNAE. Personas. ",1136070000000,2006-28,230.6,https://servicios.ine.es/wstempus/js/ES/DATOS_TABLA/66088?nult=400
66088,EPA680824,"Ocupados. Mujeres. Murcia, Región de. Agricultura. Personas. ",1199142000000,2008-28,17.1,https://servicios.ine.es/wstempus/js/ES/DATOS_TABLA/66088?nult=400
66088,EPA680824,"Ocupados. Mujeres. Murcia, Región de. Agricultura. Personas. ",1167606000000,2007-28,18.1,https://servicios.ine.es/wstempus/js/ES/DATOS_TABLA/66088?nult=400
66088,EPA680824,"Ocupados. Mujeres. Murcia, Región de. Agricultura. Personas. ",1136070000000,2006-28,18.3,https://servicios.ine.es/wstempus/js/ES/DATOS_TABLA/66088?nult=400
66088,EPA680825,"Ocupados. Mujeres. Murcia, Región de. Industria. Personas. ",1199142000000,2008-28,24.6,https://servicios.ine.es/wstempus/js/ES/DATOS_TABLA/66088?nult=400
66088,EPA680825,"Ocupados. Mujeres. Murcia, Región de. Industria. Personas. ",1167606000000,2007-28,28.0,https://servicios.ine.es/wstempus/js/ES/DATOS_TABLA/66088?nult=400
66088,EPA680825,"Ocupados. Mujeres. Murcia, Región de. Industria. Personas. ",1136070000000,2006-28,24.3,https://servicios.ine.es/wstempus/js/ES/DATOS_TABLA/66088?nult=400
66088,EPA680826,"Ocupados. Mujeres. Murcia, Región de. Construcción. Personas. ",1199142000000,2008-28,6.3,https://servicios.ine.es/wstempus/js/ES/DATOS_TABLA/66088?nult=400
66088,EPA680826,"Ocupados. Mujeres. Murcia, Región de. Construcción. Personas. ",1167606000000,2007-28,5.5,https://servicios.ine.es/wstempus/js/ES/DATOS_TABLA/66088?nult=400
66088,EPA680826,"Ocupados. Mujeres. Murcia, Región de. Construcción. Personas. ",1136070000000,2006-28,4.9,https://servicios.ine.es/wstempus/js/ES/DATOS_TABLA/66088?nult=400
66088,EPA680827,"Ocupados. Mujeres. Murcia, Región de. Servicios. Personas. ",1199142000000,2008-28,206.8,https://servicios.ine.es/wstempus/js/ES/DATOS_TABLA/66088?nult=400
66088,EPA680827,"Ocupados. Mujeres. Murcia, Región de. Servicios. Personas. ",1167606000000,2007-28,193.2,https://servicios.ine.es/wstempus/js/ES/DATOS_TABLA/66088?nult=400
66088,EPA680827,"Ocupados. Mujeres. Murcia, Región de. Servicios. Personas. ",1136070000000,2006-28,183.2,https://servicios.ine.es/wstempus/js/ES/DATOS_TABLA/66088?nult=400
66088,EPA663403,"Ocupados. Mujeres. Navarra, Comunidad Foral de. Total CNAE. Personas. ",1199142000000,2008-28,124.7,https://servicios.ine.es/wstempus/js/ES/DATOS_TABLA/66088?nult=400
66088,EPA663403,"Ocupados. Mujeres. Navarra, Comunidad Foral de. Total CNAE. Personas. ",1167606000000,2007-28,121.4,https://servicios.ine.es/wstempus/js/ES/DATOS_TABLA/66088?nult=400
66088,EPA663403,"Ocupados. Mujeres. Navarra, Comunidad Foral de. Total CNAE. Personas. ",1136070000000,2006-28,119.3,https://servicios.ine.es/wstempus/js/ES/DATOS_TABLA/66088?nult=400
66088,EPA680828,"Ocupados. Mujeres. Navarra, Comunidad Foral de. Agricultura. Personas. ",1199142000000,2008-28,2.4,https://servicios.ine.es/wstempus/js/ES/DATOS_TABLA/66088?nult=400
66088,EPA680828,"Ocupados. Mujeres. Navarra, Comunidad Foral de. Agricultura. Personas. ",1167606000000,2007-28,1.8,https://servicios.ine.es/wstempus/js/ES/DATOS_TABLA/66088?nult=400
66088,EPA680828,"Ocupados. Mujeres. Navarra, Comunidad Foral de. Agricultura. Personas. ",1136070000000,2006-28,3.3,https://servicios.ine.es/wstempus/js/ES/DATOS_TABLA/66088?nult=400
66088,EPA680829,"Ocupados. Mujeres. Navarra, Comunidad Foral de. Industria. Personas. ",1199142000000,2008-28,20.4,https://servicios.ine.es/wstempus/js/ES/DATOS_TABLA/66088?nult=400
66088,EPA680829,"Ocupados. Mujeres. Navarra, Comunidad Foral de. Industria. Personas. ",1167606000000,2007-28,19.1,https://servicios.ine.es/wstempus/js/ES/DATOS_TABLA/66088?nult=400
66088,EPA680829,"Ocupados. Mujeres. Navarra, Comunidad Foral de. Industria. Personas. ",1136070000000,2006-28,18.4,https://servicios.ine.es/wstempus/js/ES/DATOS_TABLA/66088?nult=400
66088,EPA680830,"Ocupados. Mujeres. Navarra, Comunidad Foral de. Construcción. Personas. ",1199142000000,2008-28,3.4,https://servicios.ine.es/wstempus/js/ES/DATOS_TABLA/66088?nult=400
66088,EPA680830,"Ocupados. Mujeres. Navarra, Comunidad Foral de. Construcción. Personas. ",1167606000000,2007-28,2.8,https://servicios.ine.es/wstempus/js/ES/DATOS_TABLA/66088?nult=400
66088,EPA680830,"Ocupados. Mujeres. Navarra, Comunidad Foral de. Construcción. Personas. ",1136070000000,2006-28,1.8,https://servicios.ine.es/wstempus/js/ES/DATOS_TABLA/66088?nult=400
66088,EPA680831,"Ocupados. Mujeres. Navarra, Comunidad Foral de. Servicios. Personas. ",1199142000000,2008-28,98.6,https://servicios.ine.es/wstempus/js/ES/DATOS_TABLA/66088?nult=400
66088,EPA680831,"Ocupados. Mujeres. Navarra, Comunidad Foral de. Servicios. Personas. ",1167606000000,2007-28,97.8,https://servicios.ine.es/wstempus/js/ES/DATOS_TABLA/66088?nult=400
66088,EPA680831,"Ocupados. Mujeres. Navarra, Comunidad Foral de. Servicios. Personas. ",1136070000000,2006-28,95.8,https://servicios.ine.es/wstempus/js/ES/DATOS_TABLA/66088?nult=400
66088,EPA663416,Ocupados. Mujeres. País Vasco. Total CNAE. Personas. ,1199142000000,2008-28,437.9,https://servicios.ine.es/wstempus/js/ES/DATOS_TABLA/66088?nult=400
66088,EPA663416,Ocupados. Mujeres. País Vasco. Total CNAE. Personas. ,1167606000000,2007-28,428.4,https://servicios.ine.es/wstempus/js/ES/DATOS_TABLA/66088?nult=400
66088,EPA663416,Ocupados. Mujeres. País Vasco. Total CNAE. Personas. ,1136070000000,2006-28,421.5,https://servicios.ine.es/wstempus/js/ES/DATOS_TABLA/66088?nult=400
66088,EPA680832,Ocupados. Mujeres. País Vasco. Agricultura. Personas. ,1199142000000,2008-28,5.5,https://servicios.ine.es/wstempus/js/ES/DATOS_TABLA/66088?nult=400
66088,EPA680832,Ocupados. Mujeres. País Vasco. Agricultura. Personas. ,1167606000000,2007-28,5.1,https://servicios.ine.es/wstempus/js/ES/DATOS_TABLA/66088?nult=400
66088,EPA680832,Ocupados. Mujeres. País Vasco. Agricultura. Personas. ,1136070000000,2006-28,4.1,https://servicios.ine.es/wstempus/js/ES/DATOS_TABLA/66088?nult=400
66088,EPA680833,Ocupados. Mujeres. País Vasco. Industria. Personas. ,1199142000000,2008-28,50.0,https://servicios.ine.es/wstempus/js/ES/DATOS_TABLA/66088?nult=400
66088,EPA680833,Ocupados. Mujeres. País Vasco. Industria. Personas. ,1167606000000,2007-28,44.6,https://servicios.ine.es/wstempus/js/ES/DATOS_TABLA/66088?nult=400
66088,EPA680833,Ocupados. Mujeres. País Vasco. Industria. Personas. ,1136070000000,2006-28,43.2,https://servicios.ine.es/wstempus/js/ES/DATOS_TABLA/66088?nult=400
66088,EPA680834,Ocupados. Mujeres. País Vasco. Construcción. Personas. ,1199142000000,2008-28,4.5,https://servicios.ine.es/wstempus/js/ES/DATOS_TABLA/66088?nult=400
66088,EPA680834,Ocupados. Mujeres. País Vasco. Construcción. Personas. ,1167606000000,2007-28,4.0,https://servicios.ine.es/wstempus/js/ES/DATOS_TABLA/66088?nult=400
66088,EPA680834,Ocupados. Mujeres. País Vasco. Construcción. Personas. ,1136070000000,2006-28,5.7,https://servicios.ine.es/wstempus/js/ES/DATOS_TABLA/66088?nult=400
66088,EPA680835,Ocupados. Mujeres. País Vasco. Servicios. Personas. ,1199142000000,2008-28,377.9,https://servicios.ine.es/wstempus/js/ES/DATOS_TABLA/66088?nult=400
66088,EPA680835,Ocupados. Mujeres. País Vasco. Servicios. Personas. ,1167606000000,2007-28,374.7,https://servicios.ine.es/wstempus/js/ES/DATOS_TABLA/66088?nult=400
66088,EPA680835,Ocupados. Mujeres. País Vasco. Servicios. Personas. ,1136070000000,2006-28,368.6,https://servicios.ine.es/wstempus/js/ES/DATOS_TABLA/66088?nult=400
66088,EPA663429,"Ocupados. Mujeres. Rioja, La. Total CNAE. Personas. ",1199142000000,2008-28,60.4,https://servicios.ine.es/wstempus/js/ES/DATOS_TABLA/66088?nult=400
66088,EPA663429,"Ocupados. Mujeres. Rioja, La. Total CNAE. Personas. ",1167606000000,2007-28,57.7,https://servicios.ine.es/wstempus/js/ES/DATOS_TABLA/66088?nult=400
66088,EPA663429,"Ocupados. Mujeres. Rioja, La. Total CNAE. Personas. ",1136070000000,2006-28,58.1,https://servicios.ine.es/wstempus/js/ES/DATOS_TABLA/66088?nult=400
66088,EPA680836,"Ocupados. Mujeres. Rioja, La. Agricultura. Personas. ",1199142000000,2008-28,0.9,https://servicios.ine.es/wstempus/js/ES/DATOS_TABLA/66088?nult=400
66088,EPA680836,"Ocupados. Mujeres. Rioja, La. Agricultura. Personas. ",1167606000000,2007-28,1.0,https://servicios.ine.es/wstempus/js/ES/DATOS_TABLA/66088?nult=400
66088,EPA680836,"Ocupados. Mujeres. Rioja, La. Agricultura. Personas. ",1136070000000,2006-28,2.1,https://servicios.ine.es/wstempus/js/ES/DATOS_TABLA/66088?nult=400
66088,EPA680837,"Ocupados. Mujeres. Rioja, La. Industria. Personas. ",1199142000000,2008-28,11.2,https://servicios.ine.es/wstempus/js/ES/DATOS_TABLA/66088?nult=400
66088,EPA680837,"Ocupados. Mujeres. Rioja, La. Industria. Personas. ",1167606000000,2007-28,9.3,https://servicios.ine.es/wstempus/js/ES/DATOS_TABLA/66088?nult=400
66088,EPA680837,"Ocupados. Mujeres. Rioja, La. Industria. Personas. ",1136070000000,2006-28,9.9,https://servicios.ine.es/wstempus/js/ES/DATOS_TABLA/66088?nult=400
66088,EPA680838,"Ocupados. Mujeres. Rioja, La. Construcción. Personas. ",1199142000000,2008-28,0.7,https://servicios.ine.es/wstempus/js/ES/DATOS_TABLA/66088?nult=400
66088,EPA680838,"Ocupados. Mujeres. Rioja, La. Construcción. Personas. ",1167606000000,2007-28,0.8,https://servicios.ine.es/wstempus/js/ES/DATOS_TABLA/66088?nult=400
66088,EPA680838,"Ocupados. Mujeres. Rioja, La. Construcción. Personas. ",1136070000000,2006-28,1.2,https://servicios.ine.es/wstempus/js/ES/DATOS_TABLA/66088?nult=400
66088,EPA680839,"Ocupados. Mujeres. Rioja, La. Servicios. Personas. ",1199142000000,2008-28,47.6,https://servicios.ine.es/wstempus/js/ES/DATOS_TABLA/66088?nult=400
66088,EPA680839,"Ocupados. Mujeres. Rioja, La. Servicios. Personas. ",1167606000000,2007-28,46.7,https://servicios.ine.es/wstempus/js/ES/DATOS_TABLA/66088?nult=400
66088,EPA680839,"Ocupados. Mujeres. Rioja, La. Servicios. Personas. ",1136070000000,2006-28,44.9,https://servicios.ine.es/wstempus/js/ES/DATOS_TABLA/66088?nult=400
66088,EPA663442,Ocupados. Mujeres. Ceuta. Total CNAE. Personas. ,1199142000000,2008-28,9.0,https://servicios.ine.es/wstempus/js/ES/DATOS_TABLA/66088?nult=400
66088,EPA663442,Ocupados. Mujeres. Ceuta. Total CNAE. Personas. ,1167606000000,2007-28,7.8,https://servicios.ine.es/wstempus/js/ES/DATOS_TABLA/66088?nult=400
66088,EPA663442,Ocupados. Mujeres. Ceuta. Total CNAE. Personas. ,1136070000000,2006-28,8.2,https://servicios.ine.es/wstempus/js/ES/DATOS_TABLA/66088?nult=400
66088,EPA680840,Ocupados. Mujeres. Ceuta. Agricultura. Personas. ,1199142000000,2008-28,,https://servicios.ine.es/wstempus/js/ES/DATOS_TABLA/66088?nult=400
66088,EPA680840,Ocupados. Mujeres. Ceuta. Agricultura. Personas. ,1167606000000,2007-28,0.0,https://servicios.ine.es/wstempus/js/ES/DATOS_TABLA/66088?nult=400
66088,EPA680840,Ocupados. Mujeres. Ceuta. Agricultura. Personas. ,1136070000000,2006-28,,https://servicios.ine.es/wstempus/js/ES/DATOS_TABLA/66088?nult=400
66088,EPA680841,Ocupados. Mujeres. Ceuta. Industria. Personas. ,1199142000000,2008-28,0.1,https://servicios.ine.es/wstempus/js/ES/DATOS_TABLA/66088?nult=400
66088,EPA680841,Ocupados. Mujeres. Ceuta. Industria. Personas. ,1167606000000,2007-28,0.2,https://servicios.ine.es/wstempus/js/ES/DATOS_TABLA/66088?nult=400
66088,EPA680841,Ocupados. Mujeres. Ceuta. Industria. Personas. ,1136070000000,2006-28,0.1,https://servicios.ine.es/wstempus/js/ES/DATOS_TABLA/66088?nult=400
66088,EPA680842,Ocupados. Mujeres. Ceuta. Construcción. Personas. ,1199142000000,2008-28,0.1,https://servicios.ine.es/wstempus/js/ES/DATOS_TABLA/66088?nult=400
66088,EPA680842,Ocupados. Mujeres. Ceuta. Construcción. Personas. ,1167606000000,2007-28,0.1,https://servicios.ine.es/wstempus/js/ES/DATOS_TABLA/66088?nult=400
66088,EPA680842,Ocupados. Mujeres. Ceuta. Construcción. Personas. ,1136070000000,2006-28,0.2,https://servicios.ine.es/wstempus/js/ES/DATOS_TABLA/66088?nult=400
66088,EPA680843,Ocupados. Mujeres. Ceuta. Servicios. Personas. ,1199142000000,2008-28,8.7,https://servicios.ine.es/wstempus/js/ES/DATOS_TABLA/66088?nult=400
66088,EPA680843,Ocupados. Mujeres. Ceuta. Servicios. Personas. ,1167606000000,2007-28,7.5,https://servicios.ine.es/wstempus/js/ES/DATOS_TABLA/66088?nult=400
66088,EPA680843,Ocupados. Mujeres. Ceuta. Servicios. Personas. ,1136070000000,2006-28,7.9,https://servicios.ine.es/wstempus/js/ES/DATOS_TABLA/66088?nult=400
66088,EPA663455,Ocupados. Mujeres. Melilla. Total CNAE. Personas. ,1199142000000,2008-28,7.4,https://servicios.ine.es/wstempus/js/ES/DATOS_TABLA/66088?nult=400
66088,EPA663455,Ocupados. Mujeres. Melilla. Total CNAE. Personas. ,1167606000000,2007-28,8.1,https://servicios.ine.es/wstempus/js/ES/DATOS_TABLA/66088?nult=400
66088,EPA663455,Ocupados. Mujeres. Melilla. Total CNAE. Personas. ,1136070000000,2006-28,8.0,https://servicios.ine.es/wstempus/js/ES/DATOS_TABLA/66088?nult=400
66088,EPA680844,Ocupados. Mujeres. Melilla. Agricultura. Personas. ,1199142000000,2008-28,0.0,https://servicios.ine.es/wstempus/js/ES/DATOS_TABLA/66088?nult=400
66088,EPA680844,Ocupados. Mujeres. Melilla. Agricultura. Personas. ,1167606000000,2007-28,,https://servicios.ine.es/wstempus/js/ES/DATOS_TABLA/66088?nult=400
66088,EPA680844,Ocupados. Mujeres. Melilla. Agricultura. Personas. ,1136070000000,2006-28,,https://servicios.ine.es/wstempus/js/ES/DATOS_TABLA/66088?nult=400
66088,EPA680845,Ocupados. Mujeres. Melilla. Industria. Personas. ,1199142000000,2008-28,0.2,https://servicios.ine.es/wstempus/js/ES/DATOS_TABLA/66088?nult=400
66088,EPA680845,Ocupados. Mujeres. Melilla. Industria. Personas. ,1167606000000,2007-28,0.1,https://servicios.ine.es/wstempus/js/ES/DATOS_TABLA/66088?nult=400
66088,EPA680845,Ocupados. Mujeres. Melilla. Industria. Personas. ,1136070000000,2006-28,,https://servicios.ine.es/wstempus/js/ES/DATOS_TABLA/66088?nult=400
66088,EPA680846,Ocupados. Mujeres. Melilla. Construcción. Personas. ,1199142000000,2008-28,0.1,https://servicios.ine.es/wstempus/js/ES/DATOS_TABLA/66088?nult=400
66088,EPA680846,Ocupados. Mujeres. Melilla. Construcción. Personas. ,1167606000000,2007-28,0.0,https://servicios.ine.es/wstempus/js/ES/DATOS_TABLA/66088?nult=400
66088,EPA680846,Ocupados. Mujeres. Melilla. Construcción. Personas. ,1136070000000,2006-28,,https://servicios.ine.es/wstempus/js/ES/DATOS_TABLA/66088?nult=400
66088,EPA680847,Ocupados. Mujeres. Melilla. Servicios. Personas. ,1199142000000,2008-28,7.1,https://servicios.ine.es/wstempus/js/ES/DATOS_TABLA/66088?nult=400
66088,EPA680847,Ocupados. Mujeres. Melilla. Servicios. Personas. ,1167606000000,2007-28,8.0,https://servicios.ine.es/wstempus/js/ES/DATOS_TABLA/66088?nult=400
66088,EPA680847,Ocupados. Mujeres. Melilla. Servicios. Personas. ,1136070000000,2006-28,8.0,https://servicios.ine.es/wstempus/js/ES/DATOS_TABLA/66088?nult=400
